id_jugador,nombre,anio,camiseta,posicion,jugo,jugo_titular,capitan,no_jugo,goles,prom_goles,tarjeta_amarilla,tarjeta_roja,pg,pe,pp,pos_final
5113,Aaron Clapham,2010,16,Mediocampista,0,0,0,3,0,0.0,0,0,0,0,0,22
7272,Aaron Lawrence,1998,13,Arquero,1,1,0,2,0,0.0,0,0,1,0,0,22
1324,Aaron Lennon,2006,19,Mediocampista,3,0,0,2,0,0.0,0,0,2,1,0,7
1324,Aaron Lennon,2010,7,Mediocampista,2,2,0,2,0,0.0,0,0,0,2,0,13
2836,Aaron Long,2022,15,Defensor,0,0,0,4,0,0.0,0,0,0,0,0,14
8267,Aaron Mokoena,2002,4,Defensor,3,3,0,0,0,0.0,2,0,1,1,1,17
8267,Aaron Mokoena,2010,4,Defensor,3,3,3,0,0,0.0,0,0,1,1,1,20
7347,Aaron Mooy,2018,13,Mediocampista,3,3,0,0,0,0.0,0,0,0,1,2,30
7347,Aaron Mooy,2022,13,Mediocampista,4,4,0,0,0,0.0,1,0,2,0,2,11
7814,Aaron Padilla,1966,8,Delantero,3,3,0,0,0,0.0,0,0,0,2,1,12
7814,Aaron Padilla,1970,11,Delantero,3,3,0,1,0,0.0,0,0,2,0,1,6
1371,Aaron Ramsdale,2022,23,Arquero,0,0,0,5,0,0.0,0,0,0,0,0,6
2560,Aaron Ramsey,2022,10,Mediocampista,3,3,0,0,0,0.0,1,0,0,1,2,30
8379,Abdallah Lamrani,1970,2,Defensor,2,2,0,1,0,0.0,0,0,0,0,2,14
8399,Abdallah Said,2018,19,Mediocampista,3,3,0,0,0,0.0,0,0,0,0,3,31
8358,Abdé Ezzalzouli,2022,16,Delantero,3,0,0,4,0,0.0,0,0,0,2,1,4
8404,Abdel Aziz Soulaymani,1986,21,Mediocampista,3,0,0,1,0,0.0,0,0,1,2,0,11
3840,Abdel Kader Ben Bouali,1938,-,Defensor,0,0,0,2,0,0.0,0,0,0,0,0,8
2114,Abdel Sharli,1934,-,Defensor,1,1,0,0,0,0.0,0,0,0,0,1,13
3841,Abdelaziz Ben-Tifour,1954,15,Mediocampista,1,1,0,1,0,0.0,0,0,1,0,0,9
6344,Abdelaziz Hatem,2022,6,Mediocampista,3,2,0,0,0,0.0,0,0,0,0,3,32
8369,Abdelfettah Houdani,1986,22,Arquero,0,0,0,4,0,0.0,0,0,0,0,0,11
8393,Abdelfettah Rhiati,1986,13,Delantero,0,0,0,4,0,0.0,0,0,0,0,0,11
8397,Abdelhamid Sabiri,2022,11,Delantero,5,2,0,2,0,0.0,1,0,2,2,1,4
6889,Abdelhamid Sadmi,1986,15,Defensor,0,0,0,3,0,0.0,0,0,0,0,0,22
8396,Abdelilah Saber,1998,2,Defensor,3,3,0,0,0,0.0,0,0,1,1,1,18
8363,Abdeljalil Hadda,1998,9,Delantero,3,3,0,0,2,0.67,1,0,1,1,1,18
8343,Abdelkader El Brazi,1998,1,Arquero,0,0,0,3,0,0.0,0,0,0,0,0,18
8355,Abdelkader El Khyati,1970,18,Defensor,1,0,0,2,0,0.0,0,0,0,0,1,14
6859,Abdelkader Ghezzal,2010,9,Delantero,2,0,0,1,0,0.0,0,1,0,0,2,28
6866,Abdelkader Horr,1982,17,Defensor,0,0,0,3,0,0.0,0,0,0,0,0,13
6872,Abdelkader Laifaoui,2010,14,Defensor,0,0,0,3,0,0.0,0,0,0,0,0,28
8349,Abdelkarim El Hadrioui,1994,3,Defensor,3,3,0,0,0,0.0,1,0,0,0,3,23
8349,Abdelkarim El Hadrioui,1998,3,Defensor,2,2,0,1,0,0.0,0,0,0,1,1,18
6343,Abdelkarim Hassan,2022,3,Mediocampista,3,3,0,0,0,0.0,0,0,0,0,3,32
8377,Abdelkarim Krimau,1986,9,Delantero,4,4,0,0,1,0.25,0,0,1,2,1,11
8316,Abdellah Bidar,1986,20,Defensor,0,0,0,4,0,0.0,0,0,0,0,0,11
6882,Abdellah Medjadi,1986,5,Defensor,2,2,0,1,0,0.0,0,0,0,1,1,22
8392,Abdellah Ouriaghli,1970,19,Arquero,0,0,0,3,0,0.0,0,0,0,0,0,14
6844,Abdelmajid Bourebbou,1982,20,Delantero,1,1,0,2,0,0.0,0,0,1,0,0,13
8324,Abdelmajid Bouyboud,1994,19,Mediocampista,1,1,0,2,0,0.0,1,0,0,0,1,23
8338,Abdelmajid Dolmy,1986,6,Mediocampista,4,4,0,0,0,0.0,0,0,1,2,1,11
8380,Abdelmajid Lamriss,1986,3,Defensor,4,4,0,0,0,0.0,1,0,1,2,1,11
6852,Abdelmoumene Djabou,2014,18,Mediocampista,3,2,0,1,2,0.67,0,0,1,1,1,14
8375,Abdelrazzak Khairi,1986,17,Mediocampista,4,3,0,0,2,0.5,1,0,1,2,1,11
8378,Abdelslam Laghrissi,1994,17,Delantero,1,0,0,2,0,0.0,0,0,0,0,1,23
8389,Abderrahim Ouakili,1998,10,Delantero,0,0,0,3,0,0.0,0,0,0,0,0,18
8365,Abderrazak Hamdallah,2022,9,Delantero,4,0,0,3,0,0.0,0,0,2,1,1,4
3979,Abderrhamane Mahjoub,1954,13,Mediocampista,1,1,0,1,0,0.0,0,0,1,0,0,9
8412,Abdiel Arroyo,2018,16,Delantero,2,0,0,1,0,0.0,0,0,0,0,2,32
1022,Abdou Diallo,2022,22,Defensor,4,4,0,0,0,0.0,0,0,2,0,2,10
1023,Abdoulaye Diallo,2018,1,Arquero,0,0,0,3,0,0.0,0,0,0,0,0,17
6792,Abdoulaye Meite,2006,12,Defensor,2,2,0,1,0,0.0,0,0,0,0,2,19
1477,Abdul Fatawu Issahaku,2022,7,Mediocampista,1,0,0,2,0,0.0,0,0,0,0,1,24
1170,Abdul-Rahim,1986,11,Delantero,3,0,0,0,0,0.0,0,0,0,0,3,23
1501,Baba Rahman,2022,17,Defensor,3,2,0,0,0,0.0,0,0,1,0,2,24
7900,Abdulaziz Al Anbari,1982,10,Delantero,3,3,0,0,0,0.0,1,0,0,1,2,21
7901,Abdulaziz Al Balushi,1982,8,Mediocampista,3,3,0,0,1,0.33,0,0,0,1,2,21
4770,Abdulaziz Al Janoubi,1998,19,Defensor,0,0,0,3,0,0.0,0,0,0,0,0,28
4832,Abdulaziz Khathran,2002,14,Mediocampista,3,2,0,0,0,0.0,0,0,0,0,3,32
4832,Abdulaziz Khathran,2006,12,Defensor,2,1,0,1,0,0.0,0,0,0,0,2,28
7944,Abdulaziz Mohamed,1990,9,Delantero,0,0,0,3,0,0.0,0,0,0,0,0,24
7917,Abdulaziz Mohammed,1982,20,Delantero,0,0,0,3,0,0.0,0,0,0,0,0,21
4791,Abdulelah Al-Amri,2022,4,Defensor,3,2,0,0,0,0.0,2,0,1,0,2,25
4805,Abdulelah Al-Malki,2022,8,Mediocampista,2,2,0,1,0,0.0,2,0,1,0,1,25
4757,Abdullah Al Dosari,1994,2,Defensor,2,1,0,2,0,0.0,1,0,1,0,1,12
4803,Abdullah Al-Khaibari,2018,15,Mediocampista,0,0,0,3,0,0.0,0,0,0,0,0,26
4806,Abdullah Al-Mayouf,2018,1,Arquero,1,1,0,2,0,0.0,0,0,0,0,1,26
4780,Abdullah Alwaked Al Shahrani,2002,17,Mediocampista,2,2,0,1,0,0.0,0,0,0,0,2,32
5461,Abdullah Ercan,2002,19,Mediocampista,0,0,0,7,0,0.0,0,0,0,0,0,3
4758,Abdullah Gaman Al Dosari,2002,15,Delantero,3,0,0,0,0,0.0,0,0,0,0,3,32
4835,Abdullah Madu,2022,3,Defensor,1,0,0,2,0,0.0,1,0,0,0,1,25
7916,Abdullah Mayuf,1982,14,Defensor,3,3,0,0,0,0.0,0,0,0,1,2,21
7946,Abdullah Musa,1990,1,Arquero,0,0,0,3,0,0.0,0,0,0,0,0,24
4838,Abdullah Otayf,2018,14,Mediocampista,3,3,0,0,0,0.0,0,0,1,0,2,26
4838,Abdullah Otayf,2022,14,Mediocampista,0,0,0,3,0,0.0,0,0,0,0,0,25
7963,Abdullah Sultan,1990,5,Mediocampista,2,0,0,1,0,0.0,0,0,0,0,2,24
4844,Abdullah Zubromawi,1994,4,Defensor,3,2,0,1,0,0.0,0,0,2,0,1,12
4844,Abdullah Zubromawi,1998,4,Defensor,3,3,0,0,0,0.0,0,0,0,1,2,28
4844,Abdullah Zubromawi,2002,4,Defensor,3,3,0,0,0,0.0,0,0,0,0,3,32
4804,Abdulmalek Al-Khaibri,2018,11,Mediocampista,0,0,0,3,0,0.0,0,0,0,0,0,26
4790,Abdulrahman Al-Aboud,2022,20,Delantero,2,0,0,1,0,0.0,0,0,0,0,2,25
7948,Abdulrahman Al Haddad,1990,21,Defensor,2,1,0,1,0,0.0,0,0,0,0,2,24
2084,Abdulrahman Fawzi,1934,-,Delantero,1,1,0,0,2,2.0,0,0,0,0,1,13
1516,Abel,1978,14,Defensor,0,0,0,7,0,0.0,0,0,0,0,0,3
2633,Abel Aguilar,2014,8,Mediocampista,3,3,0,2,0,0.0,0,0,3,0,0,5
2633,Abel Aguilar,2018,8,Mediocampista,1,1,0,3,0,0.0,0,0,1,0,0,9
5172,Abel Balbo,1990,3,Delantero,1,1,0,6,0,0.0,0,0,0,0,1,2
5172,Abel Balbo,1994,19,Delantero,4,4,0,0,1,0.25,0,0,2,0,2,10
5172,Abel Balbo,1998,18,Delantero,2,0,0,3,0,0.0,0,0,1,0,1,6
5897,Abel Hernández,2014,8,Delantero,2,0,0,2,0,0.0,0,0,0,0,2,12
3190,Abel Xavier,2002,3,Defensor,1,0,0,2,0,0.0,0,0,0,0,1,21
4845,Abelardo,1994,5,Defensor,5,5,0,0,0,0.0,2,0,2,2,1,8
4845,Abelardo,1998,5,Defensor,1,1,0,2,0,0.0,0,0,0,1,0,17
4465,Abiodun Baruwa,1998,22,Arquero,0,0,0,4,0,0.0,0,0,0,0,0,12
4125,Abolfazl Jalali,2022,25,Defensor,1,0,0,2,0,0.0,1,0,0,0,1,26
3898,Abou Diaby,2010,19,Mediocampista,3,3,0,0,0,0.0,1,0,0,1,2,29
1517,Acacio,1990,12,Arquero,0,0,0,4,0,0.0,0,0,0,0,0,9
887,Achille Emana,2010,10,Delantero,2,1,0,1,0,0.0,0,0,0,0,2,31
4676,Achmad Nawir,1938,-,Mediocampista,1,1,0,0,0,0.0,0,0,0,0,1,15
8335,Achraf Dari,2022,20,Defensor,3,2,0,4,1,0.33,1,0,1,0,2,4
8364,Achraf Hakimi,2018,2,Defensor,3,3,0,0,0,0.0,1,0,0,1,2,27
8364,Achraf Hakimi,2022,2,Defensor,7,7,0,0,0,0.0,0,0,3,2,2,4
1875,Adalbert Desu,1930,-,Delantero,2,2,0,0,1,0.5,0,0,1,0,1,8
1931,Adalbert Pullock,1934,-,Arquero,0,0,0,1,0,0.0,0,0,0,0,0,12
6286,Adalbert Steiner,1930,-,Defensor,1,1,0,1,0,0.0,0,0,1,0,0,8
3021,Adalbert Zafirov,1998,15,Defensor,0,0,0,3,0,0.0,0,0,0,0,0,29
7899,Adam Adam,1982,21,Arquero,0,0,0,3,0,0.0,0,0,0,0,0,21
2539,Adam Davies,2022,21,Arquero,0,0,0,3,0,0.0,0,0,0,0,0,30
7308,Adam Federici,2010,12,Arquero,0,0,0,3,0,0.0,0,0,0,0,0,21
1481,Adam Kwarasey,2014,12,Arquero,1,1,0,2,0,0.0,0,0,0,0,1,25
1318,Adam Lallana,2014,20,Mediocampista,3,1,0,0,0,0.0,1,0,0,1,2,26
3123,Adam Matysek,2002,22,Arquero,0,0,0,3,0,0.0,0,0,0,0,0,25
3131,Adam Musial,1974,10,Defensor,6,6,0,1,0,0.0,1,0,5,0,1,3
3132,Adam Nawalka,1978,5,Mediocampista,5,5,0,1,0,0.0,0,0,2,1,2,5
7371,Adam Taggart,2014,9,Delantero,2,1,0,1,0,0.0,0,0,0,0,2,30
2900,Adam Wolanin,1950,-,Delantero,1,1,0,2,0,0.0,0,0,0,0,1,10
1048,Adama Mbengué,2018,2,Defensor,0,0,0,3,0,0.0,0,0,0,0,0,17
683,Adan Godoy,1962,12,Arquero,1,1,0,5,0,0.0,0,0,1,0,0,3
683,Adan Godoy,1966,9,Arquero,0,0,0,3,0,0.0,0,0,0,0,0,13
1518,Adaozinho,1950,-,Delantero,0,0,0,6,0,0.0,0,0,0,0,0,2
6918,Adekanmi Olufade,2006,14,Delantero,1,0,0,2,0,0.0,0,0,0,0,1,30
2067,Adel Abdelrahman,1990,19,Delantero,2,0,0,1,0,0.0,0,0,0,1,1,20
7179,Adel Chedli,2006,14,Mediocampista,3,3,0,0,0,0.0,1,0,0,1,2,24
7190,Adel El Sellimi,1998,11,Delantero,3,3,0,0,0,0.0,0,0,0,1,2,26
7190,Adel El Sellimi,2002,11,Delantero,2,1,1,1,0,0.0,0,0,0,1,1,29
7243,Adel Nefzi,2006,16,Arquero,0,0,0,3,0,0.0,0,0,0,0,0,24
4848,Adelardo,1962,18,Delantero,1,1,0,2,1,1.0,0,0,0,0,1,12
4848,Adelardo,1966,21,Defensor,1,1,0,2,0,0.0,0,0,0,0,1,10
5438,Adelmo Vivas,1962,2,Arquero,0,0,0,3,0,0.0,0,0,0,0,0,14
3638,Adem Ljajić,2018,22,Mediocampista,3,2,0,0,0,0.0,1,0,1,0,2,23
1519,Ademir,1950,-,Delantero,6,6,0,0,9,1.5,0,0,4,1,1,2
1601,Ademir Da Guia,1974,18,Mediocampista,1,1,0,6,0,0.0,0,0,0,0,1,4
4017,Adil Rami,2018,17,Defensor,0,0,0,7,0,0.0,0,0,0,0,0,1
6862,Adlane Guedioura,2010,17,Mediocampista,3,0,0,0,0,0.0,0,0,0,1,2,28
8149,Admir Mehmedi,2014,18,Delantero,4,3,0,0,1,0.25,0,0,2,0,2,11
7949,Adnan Al Talyani,1990,10,Delantero,3,3,0,0,0,0.0,0,0,0,0,3,24
6640,Adnan Januzaj,2014,20,Mediocampista,1,1,0,4,0,0.0,0,0,1,0,0,6
6640,Adnan Januzaj,2018,18,Delantero,1,1,0,6,1,1.0,0,0,1,0,0,3
1521,Ado,1970,12,Arquero,0,0,0,6,0,0.0,0,0,0,0,0,1
568,Adolf Scherer,1958,18,Delantero,0,0,0,4,0,0.0,0,0,0,0,0,9
568,Adolf Scherer,1962,8,Delantero,6,6,0,0,3,0.5,0,0,3,1,2,2
8198,Adolf Stelzer,1938,-,Defensor,1,1,0,2,0,0.0,0,0,0,0,1,6
4338,Adolfino Canete,1986,10,Mediocampista,4,4,0,0,0,0.0,0,0,1,2,1,13
7656,Adolfo Bautista,2010,21,Delantero,1,1,0,3,0,0.0,0,0,0,0,1,14
8424,Adolfo Machado,2018,13,Defensor,1,1,0,2,0,0.0,0,0,0,0,1,32
715,Adolfo Nef,1974,22,Arquero,0,0,0,3,0,0.0,0,0,0,0,0,11
2727,Adolfo Valencia,1994,11,Delantero,3,2,0,0,2,0.67,0,0,1,0,2,19
2727,Adolfo Valencia,1998,9,Delantero,3,1,0,0,0,0.0,0,0,1,0,2,21
6033,Adolfo Zeoli,1990,22,Arquero,0,0,0,4,0,0.0,0,0,0,0,0,16
5445,Adolfo Zumelzu,1930,-,Defensor,1,1,0,4,2,2.0,0,0,1,0,0,2
8120,Adolphe Hug,1950,-,Arquero,1,1,0,2,0,0.0,0,0,1,0,0,6
6513,Adri Van Kraay,1978,4,Defensor,2,0,0,5,0,0.0,0,0,2,0,0,2
6521,Adri Van Tiggelen,1990,5,Defensor,4,4,0,0,0,0.0,0,0,0,3,1,15
6515,Adriaan Van Male,1934,-,Arquero,0,0,0,1,0,0.0,0,0,0,0,0,9
6515,Adriaan Van Male,1938,-,Arquero,1,1,0,0,0,0.0,0,0,0,0,1,14
7284,Adrian Alston,1974,12,Delantero,3,3,0,0,0,0.0,0,0,0,1,2,14
14,Adrian Bone,2014,12,Arquero,0,0,0,3,0,0.0,0,0,0,0,0,17
7687,Adrian Chavez,1994,22,Arquero,0,0,0,4,0,0.0,0,0,0,0,0,13
5118,Adrian Elrick,1982,14,Defensor,3,3,0,0,0,0.0,0,0,0,0,3,23
1892,Adrian Ilie,1998,11,Delantero,4,3,0,0,1,0.25,1,0,2,1,1,11
8130,Adrian Knup,1994,9,Delantero,3,3,0,1,2,0.67,1,0,1,0,2,15
1926,Adrian Popescu,1990,13,Defensor,0,0,0,4,0,0.0,0,0,0,0,0,12
2711,Adrián Ramos,2014,19,Delantero,3,1,0,2,0,0.0,0,0,2,0,1,5
1522,Adriano,2006,7,Delantero,4,3,0,1,2,0.5,1,0,3,0,1,5
4015,Adrien Rabiot,2022,14,Mediocampista,6,5,0,1,1,0.17,1,0,4,1,1,2
3313,Adrien Silva,2018,23,Mediocampista,3,2,0,1,0,0.0,1,0,1,1,1,13
6911,Affo Erassa,2006,20,Mediocampista,0,0,0,3,0,0.0,0,0,0,0,0,30
1523,Afonsinho,1938,-,Mediocampista,4,4,0,1,0,0.0,0,0,2,1,1,3
1441,Afriyie Acquah,2014,6,Mediocampista,1,0,0,2,0,0.0,0,0,0,0,1,25
4162,Afshin Peyravani,1998,5,Defensor,1,0,0,2,0,0.0,0,0,1,0,0,20
3508,Agne Simonsson,1958,9,Delantero,5,5,0,1,4,0.8,0,0,4,0,1,2
7161,Agrebi Ben Rehaiem,1978,8,Mediocampista,3,3,0,0,0,0.0,0,0,1,1,1,9
5802,Aguilera,1998,15,Defensor,2,2,0,1,0,0.0,1,0,1,1,0,17
5832,Agustín Canobbio,2022,24,Mediocampista,1,0,0,2,0,0.0,0,0,1,0,0,20
7924,Agustin Delgado,2002,11,Delantero,3,3,0,0,1,0.33,1,0,1,0,2,24
7924,Agustin Delgado,2006,11,Delantero,3,3,0,1,2,0.67,0,0,2,0,1,12
4392,Agustin Miranda,1958,17,Defensor,1,1,0,2,0,0.0,0,0,0,0,1,12
5335,Agustin Orion,2014,12,Arquero,0,0,0,7,0,0.0,0,0,0,0,0,2
1004,Aharon Shuruk,1970,19,Mediocampista,1,0,0,2,0,0.0,0,0,0,1,0,12
4081,Ahmad Alnameh,2014,17,Defensor,0,0,0,3,0,0.0,0,0,0,0,0,28
4157,Ahmad Nourollahi,2022,21,Mediocampista,3,3,0,0,0,0.0,0,0,1,0,2,26
4077,Ahmed Abedzadeh,1998,1,Arquero,2,2,2,1,0,0.0,0,0,1,0,1,20
4752,Ahmed Al Bahri,2006,15,Defensor,0,0,0,3,0,0.0,0,0,0,0,0,28
4759,Ahmed Al Dosari,1998,17,Defensor,1,0,0,2,0,0.0,0,0,0,0,1,28
4759,Ahmed Al Dosari,2002,12,Defensor,2,1,0,1,0,0.0,0,0,0,0,2,32
4759,Ahmed Al Dosari,2006,2,Defensor,3,3,0,0,0,0.0,1,0,0,1,2,28
7910,Ahmed Al Tarabulsi,1982,1,Arquero,3,3,0,0,0,0.0,0,0,0,1,2,21
6336,Ahmed Alaaeldin,2022,7,Delantero,1,0,0,2,0,0.0,0,0,0,0,1,32
8298,Ahmed Alaoui,1970,17,Delantero,2,1,0,1,0,0.0,0,0,0,1,1,14
8307,Ahmed Bahja,1994,13,Delantero,3,2,0,0,0,0.0,0,0,0,0,3,23
2075,Ahmed El Kass,1990,20,Delantero,3,3,0,0,0,0.0,0,0,0,2,1,20
2080,Ahmed Elmohamady,2018,3,Defensor,0,0,0,3,0,0.0,0,0,0,0,0,31
8361,Ahmed Faras,1970,9,Delantero,2,0,0,1,0,0.0,0,0,0,1,1,14
2083,Ahmed Fathy,2018,7,Defensor,3,3,2,0,0,0.0,1,0,0,0,3,31
2091,Ahmed Hegazi,2018,6,Defensor,3,3,0,0,0,0.0,1,0,0,0,3,31
1476,Ahmed Issah,2006,21,Defensor,0,0,0,4,0,0.0,0,0,0,0,0,13
7206,Ahmed Jaouachi,2002,22,Arquero,0,0,0,3,0,0.0,0,0,0,0,0,29
1179,Ahmed Jassim,1986,21,Arquero,0,0,0,3,0,0.0,0,0,0,0,0,23
7218,Ahmed Khalil,2018,15,Delantero,1,0,0,2,0,0.0,0,0,1,0,0,24
4834,Ahmed Madani,1994,5,Defensor,4,4,0,0,0,0.0,1,0,2,0,2,12
4834,Ahmed Madani,1998,5,Defensor,0,0,0,3,0,0.0,0,0,0,0,0,28
8382,Ahmed Masbahi,1994,14,Defensor,0,0,0,3,0,0.0,0,0,0,0,0,23
4499,Ahmed Musa,2014,7,Delantero,4,4,0,0,2,0.5,0,0,1,1,2,16
4499,Ahmed Musa,2018,7,Delantero,3,2,0,0,2,0.67,0,0,1,0,2,21
1187,Ahmed Radhi,1986,8,Delantero,3,3,0,0,1,0.33,0,0,0,0,3,23
2110,Ahmed Ramzy,1990,13,Delantero,2,2,0,1,0,0.0,1,0,0,1,1,20
8405,Ahmed Reda Tagnaouti,2018,22,Arquero,0,0,0,3,0,0.0,0,0,0,0,0,27
8405,Ahmed Reda Tagnaouti,2022,22,Arquero,0,0,0,7,0,0.0,0,0,0,0,0,4
2117,Ahmed Shoubeir,1990,1,Arquero,3,3,0,0,0,0.0,1,0,0,2,1,20
7224,Aissa Laidouni,2022,14,Mediocampista,3,3,0,0,0,0.0,1,0,1,1,1,21
6877,Aissa Mandi,2014,20,Defensor,3,3,0,1,0,0.0,0,0,1,1,1,14
7318,Ajdin Hrustic,2022,10,Mediocampista,3,0,0,1,0,0.0,0,0,2,0,1,11
3350,Ake Andersson,1938,-,Delantero,1,1,0,2,0,0.0,0,0,0,0,1,4
3420,Ake Johansson,1958,5,Defensor,0,0,0,6,0,0.0,0,0,0,0,0,2
413,Akhrik Tsveiba,1990,13,Defensor,0,0,0,3,0,0.0,0,0,0,0,0,17
148,Akinori Nishizawa,2002,9,Delantero,1,1,0,3,0,0.0,0,0,0,0,1,9
107,Akira Kaji,2006,21,Defensor,2,2,0,1,0,0.0,1,0,0,1,1,29
145,Akira Narahashi,1998,2,Defensor,3,3,0,0,0,0.0,0,0,0,0,3,31
6329,Akram Afif,2022,11,Delantero,3,3,0,0,0,0.0,1,0,0,0,3,32
7921,Akwa,2006,10,Delantero,3,3,3,0,0,0.0,0,0,0,2,1,23
2812,Al Harker,1934,-,Defensor,0,0,0,1,0,0.0,0,0,0,0,0,16
4788,Al Hasan Al Yami,2002,20,Delantero,3,2,0,0,0,0.0,1,0,0,0,3,32
7957,Al Roubai Ghanim,1986,22,Defensor,3,3,0,0,0,0.0,0,0,0,0,3,23
2101,Alaa Mayhoub,1990,14,Mediocampista,0,0,0,3,0,0.0,0,0,0,0,0,20
7258,Alaeddine Yahia,2006,4,Defensor,1,0,0,2,0,0.0,0,0,0,0,1,24
3849,Alain Boghossian,1998,14,Mediocampista,5,1,0,2,0,0.0,0,0,5,0,0,1
3849,Alain Boghossian,2002,14,Mediocampista,0,0,0,3,0,0.0,0,0,0,0,0,28
3881,Alain Couriol,1982,16,Delantero,3,1,0,4,1,0.33,0,0,1,1,1,4
895,Alain Eyobo-Makongo,1982,20,Delantero,0,0,0,3,0,0.0,0,0,0,0,0,17
8103,Alain Geiger,1994,5,Defensor,4,4,4,0,0,0.0,0,0,1,1,2,15
3922,Alain Giresse,1982,12,Mediocampista,6,6,0,1,3,0.5,1,0,3,2,1,4
3922,Alain Giresse,1986,12,Mediocampista,6,6,0,1,0,0.0,0,0,3,2,1,3
8206,Alain Sutter,1994,7,Mediocampista,3,3,0,1,1,0.33,0,0,1,1,1,15
6919,Alaixys Romao,2006,15,Mediocampista,2,2,0,1,0,0.0,2,0,0,0,2,30
1192,Alan A'Court,1958,21,Delantero,3,3,0,1,0,0.0,0,0,0,2,1,11
1206,Alan Ball,1966,7,Mediocampista,4,4,0,2,0,0.0,0,0,3,1,0,1
1206,Alan Ball,1970,8,Mediocampista,4,3,0,0,0,0.0,0,0,2,0,2,8
2293,Alan Brazil,1982,9,Delantero,2,1,0,1,0,0.0,0,0,1,1,0,15
287,Alan Dzagoev,2014,10,Mediocampista,3,0,0,0,0,0.0,0,0,0,2,1,24
287,Alan Dzagoev,2018,9,Mediocampista,2,1,0,3,0,0.0,0,0,1,1,0,8
31,Alan Franco,2022,21,Mediocampista,2,1,0,1,0,0.0,0,0,1,0,1,18
2338,Alan Hansen,1982,5,Defensor,3,3,0,0,0,0.0,0,0,1,1,1,15
1296,Alan Hodgkinson,1958,13,Arquero,0,0,0,4,0,0.0,0,0,0,0,0,11
1296,Alan Hodgkinson,1962,12,Arquero,0,0,0,4,0,0.0,0,0,0,0,0,8
1735,Alan Kelly Jr.,1994,22,Arquero,0,0,0,4,0,0.0,0,0,0,0,0,16
1735,Alan Kelly Jr.,2002,23,Arquero,0,0,0,4,0,0.0,0,0,0,0,0,12
7465,Alan Kernaghan,1994,13,Defensor,0,0,0,4,0,0.0,0,0,0,0,0,16
2256,Alan Mcdonald,1986,5,Defensor,3,3,0,0,0,0.0,0,0,0,1,2,21
2377,Alan Mcinally,1990,14,Delantero,1,1,0,2,0,0.0,0,0,0,0,1,18
7473,Alan Mcloughlin,1990,21,Mediocampista,2,0,0,3,0,0.0,0,0,0,2,0,8
7473,Alan Mcloughlin,1994,19,Mediocampista,0,0,0,4,0,0.0,0,0,0,0,0,16
1351,Alan Mullery,1970,4,Mediocampista,4,4,0,0,1,0.25,0,0,2,0,2,8
2267,Alan Peacock,1962,19,Delantero,2,2,0,2,0,0.0,0,0,1,1,0,8
7829,Alan Pulido,2014,11,Delantero,0,0,0,4,0,0.0,0,0,0,0,0,10
2402,Alan Rough,1978,1,Arquero,3,3,0,0,0,0.0,0,0,1,1,1,11
2402,Alan Rough,1982,1,Arquero,3,3,0,0,0,0.0,0,0,1,1,1,15
2402,Alan Rough,1986,22,Arquero,0,0,0,3,0,0.0,0,0,0,0,0,19
1389,Alan Shearer,1998,9,Delantero,4,4,4,0,2,0.5,1,0,2,1,1,9
1063,Alassane Ndour,2002,5,Defensor,1,1,0,4,0,0.0,0,0,0,1,0,7
5622,Alberigo Evani,1994,17,Mediocampista,2,1,0,5,0,0.0,0,0,0,1,1,2
1448,Albert Adomah,2014,14,Mediocampista,1,0,0,2,0,0.0,0,0,0,0,1,25
6069,Albert Bruells,1962,10,Mediocampista,4,4,0,0,1,0.25,0,0,2,1,1,7
6069,Albert Bruells,1966,7,Mediocampista,2,2,0,4,0,0.0,0,0,1,1,0,2
8060,Albert Buche,1934,-,Delantero,0,0,0,2,0,0.0,0,0,0,0,0,7
8062,Albert Bunjaku,2010,18,Delantero,1,0,0,2,0,0.0,0,0,0,0,1,19
4894,Albert Celades,1998,16,Mediocampista,2,0,0,1,0,0.0,0,0,0,1,1,17
4921,Albert Ferrer,1994,2,Defensor,5,5,0,0,0,0.0,2,0,2,2,1,8
4921,Albert Ferrer,1998,2,Defensor,1,1,0,2,0,0.0,0,0,0,0,1,17
7133,Albert Gudmundsson,2018,4,Mediocampista,1,0,0,2,0,0.0,0,0,0,0,1,28
8110,Albert Guinchard,1934,-,Mediocampista,2,2,0,0,0,0.0,0,0,1,0,1,7
8110,Albert Guinchard,1938,-,Mediocampista,0,0,0,3,0,0.0,0,0,0,0,0,6
6632,Albert Heremans,1934,-,Delantero,1,1,0,0,0,0.0,0,0,0,0,1,15
4977,Albert Luque,2002,12,Delantero,2,0,0,3,0,0.0,0,0,1,1,0,5
3673,Albert Nadj,2006,17,Mediocampista,3,2,0,0,0,0.0,1,1,0,0,3,32
1370,Albert Quixall,1954,16,Delantero,0,0,0,3,0,0.0,0,0,0,0,0,7
4029,Albert Rust,1986,22,Arquero,1,1,0,6,0,0.0,0,0,1,0,0,3
398,Albert Shesternyov,1962,8,Defensor,0,0,0,4,0,0.0,0,0,0,0,0,6
398,Albert Shesternyov,1966,6,Defensor,5,5,5,1,0,0.0,0,0,4,0,1,4
398,Albert Shesternyov,1970,9,Defensor,4,4,4,0,0,0.0,0,0,2,1,1,5
4689,Alberto Acha,1950,-,Defensor,1,1,0,0,0,0.0,0,0,0,0,1,13
5530,Alberto Aquilani,2014,14,Mediocampista,0,0,0,3,0,0.0,0,0,0,0,0,22
7652,Alberto Baeza,1962,21,Delantero,0,0,0,3,0,0.0,0,0,0,0,0,11
5835,Alberto Cardaccio,1974,16,Mediocampista,1,0,0,2,0,0.0,0,0,0,1,0,13
5219,Alberto Chividini,1930,-,Defensor,1,1,0,4,0,0.0,0,0,1,0,0,2
2153,Alberto Denegri,1930,-,Mediocampista,2,2,0,0,0,0.0,0,0,0,0,2,10
675,Alberto Fouilloux,1962,10,Mediocampista,2,2,0,4,0,0.0,0,0,2,0,0,3
675,Alberto Fouilloux,1966,8,Mediocampista,2,2,0,1,0,0.0,0,0,0,1,1,13
5260,Alberto Galateo,1934,-,Delantero,1,1,0,0,1,1.0,0,0,0,0,1,9
2162,Alberto Gallardo,1970,11,Delantero,4,4,0,0,2,0.5,0,0,2,0,2,7
7729,Alberto Garcia Aspe,1994,8,Mediocampista,3,3,0,1,1,0.33,2,0,1,2,0,13
7729,Alberto Garcia Aspe,1998,8,Mediocampista,4,4,4,0,1,0.25,1,0,1,2,1,13
7729,Alberto Garcia Aspe,2002,8,Mediocampista,1,0,0,3,0,0.0,1,0,0,0,1,11
5647,Alberto Gilardino,2006,11,Delantero,5,4,0,2,1,0.2,0,0,4,1,0,1
5647,Alberto Gilardino,2010,11,Delantero,2,2,0,1,0,0.0,0,0,0,2,0,26
8423,Alberto Gomez,1970,18,Delantero,1,0,0,5,0,0.0,0,0,1,0,0,4
5272,Alberto Gonzalez,1950,-,Defensor,2,2,0,0,0,0.0,0,0,0,1,1,11
5272,Alberto Gonzalez,1962,22,Delantero,1,1,0,2,0,0.0,0,0,0,1,0,10
5272,Alberto Gonzalez,1966,16,Delantero,4,4,0,0,0,0.0,0,0,2,1,1,5
4938,Alberto Gorriz,1990,14,Defensor,4,3,0,0,1,0.25,0,0,2,1,1,10
2204,Alberto Rodríguez,2018,2,Defensor,2,2,1,1,0,0.0,0,0,0,0,2,20
5308,Alberto Mariotti,1962,14,Defensor,0,0,0,3,0,0.0,0,0,0,0,0,10
7781,Alberto Medina,2010,22,Delantero,0,0,0,4,0,0.0,0,0,0,0,0,14
733,Alberto Quintano,1974,3,Defensor,3,3,0,0,0,0.0,0,0,0,2,1,11
7842,Alberto Rodriguez,2002,22,Defensor,0,0,0,4,0,0.0,0,0,0,0,0,11
5394,Alberto Sainz,1962,4,Defensor,2,2,0,1,0,0.0,0,0,1,1,0,10
2214,Alberto Soria,1930,-,Defensor,1,1,0,1,0,0.0,0,0,0,0,1,10
5420,Alberto Tarantini,1978,20,Defensor,7,7,0,0,1,0.14,0,0,5,1,1,1
5420,Alberto Tarantini,1982,18,Defensor,5,5,0,0,0,0.0,0,0,2,0,3,11
779,Alberto Valentini,1966,20,Defensor,2,2,0,1,0,0.0,0,0,0,1,1,13
858,Alberto Villalta,1970,22,Mediocampista,0,0,0,3,0,0.0,0,0,0,0,0,16
3377,Albin Ekdal,2018,8,Mediocampista,5,5,0,0,0,0.0,1,0,3,0,2,7
6172,Albin Kitzinger,1938,-,Mediocampista,1,1,0,1,0,0.0,0,0,0,1,0,10
5881,Alcides Ghiggia,1950,-,Delantero,4,4,0,0,4,1.0,0,0,3,1,0,1
1524,Alcindo,1966,18,Delantero,2,2,0,1,0,0.0,0,0,1,0,1,11
1525,Aldair,1990,14,Defensor,0,0,0,4,0,0.0,0,0,0,0,0,9
1525,Aldair,1994,13,Defensor,7,6,0,0,0,0.0,1,0,5,2,0,1
1525,Aldair,1998,3,Defensor,6,6,0,1,0,0.0,2,0,4,1,1,2
4325,Aldo Bobadilla,2006,22,Arquero,3,2,0,0,0,0.0,0,0,1,0,2,18
4325,Aldo Bobadilla,2010,22,Arquero,0,0,0,5,0,0.0,0,0,0,0,0,8
5566,Aldo Campatelli,1950,-,Mediocampista,1,1,0,1,0,0.0,0,0,0,0,1,7
2145,Aldo Corzo,2018,3,Defensor,0,0,0,3,0,0.0,0,0,0,0,0,20
5619,Aldo Donati,1938,-,Mediocampista,0,0,0,4,0,0.0,0,0,0,0,0,1
2788,Aldo Donelli,1934,-,Delantero,1,1,0,0,1,1.0,0,0,0,0,1,16
5672,Aldo Maldera,1978,6,Defensor,1,1,0,6,0,0.0,0,0,0,0,1,4
5710,Aldo Olivieri,1938,-,Arquero,4,4,0,0,0,0.0,0,0,4,0,0,1
5369,Aldo Poy,1974,15,Delantero,0,0,0,6,0,0.0,0,0,0,0,0,8
5764,Aldo Serena,1986,21,Delantero,0,0,0,4,0,0.0,0,0,0,0,0,12
5764,Aldo Serena,1990,20,Delantero,3,0,0,4,1,0.33,0,0,2,1,0,3
4873,Alejandro Balde,2022,14,Defensor,4,1,0,0,0,0.0,0,0,1,2,1,13
2751,Alejandro Bedoya,2014,11,Mediocampista,4,3,0,0,0,0.0,0,0,1,1,2,15
7708,Alejandro Dominguez,1986,8,Mediocampista,1,0,0,4,0,0.0,0,0,1,0,0,6
8423,Alejandro Gomez,2022,17,Mediocampista,2,2,0,5,0,0.0,0,0,1,0,1,1
5905,Alejandro Lembo,2002,3,Defensor,2,2,0,1,0,0.0,0,0,0,2,0,26
5306,Alejandro Mancuso,1994,21,Mediocampista,2,0,0,2,0,0.0,0,0,2,0,0,10
5403,Alejandro Scopelli,1930,-,Delantero,1,1,0,4,1,1.0,0,0,1,0,0,2
2223,Alejandro Villanueva,1930,-,Delantero,2,2,0,0,0,0.0,0,0,0,0,2,10
2574,Alekos Alexandris,1994,21,Delantero,1,1,0,2,0,0.0,0,0,0,0,1,24
3538,Aleksandar Atanackovic,1950,-,Delantero,0,0,0,3,0,0.0,0,0,0,0,0,5
3598,Aleksandar Ivos,1962,22,Mediocampista,0,0,0,6,0,0.0,0,0,0,0,0,4
3619,Aleksandar Kolarov,2010,3,Defensor,2,2,0,1,0,0.0,1,0,1,0,1,23
3619,Aleksandar Kolarov,2018,11,Defensor,3,3,3,0,1,0.33,0,0,1,0,2,23
2963,Aleksandar Kostov,1962,16,Mediocampista,1,1,0,2,0,0.0,0,0,0,1,0,15
2963,Aleksandar Kostov,1966,16,Delantero,1,1,0,2,0,0.0,0,0,0,0,1,15
3641,Aleksandar Lukovic,2010,13,Defensor,2,2,0,1,0,0.0,1,1,0,0,2,23
2971,Aleksandar Markov,1986,13,Defensor,2,2,0,2,0,0.0,1,0,0,1,1,15
3666,Aleksandar Mitrović,2018,9,Delantero,3,3,0,0,1,0.33,2,0,1,0,2,23
3666,Aleksandar Mitrović,2022,9,Delantero,3,3,0,0,2,0.67,1,0,0,1,2,29
3694,Aleksandar Petakovic,1954,22,Delantero,0,0,0,3,0,0.0,0,0,0,0,0,8
3694,Aleksandar Petakovic,1958,12,Delantero,4,4,0,0,2,0.5,0,0,1,2,1,8
3704,Aleksandar Prijović,2018,8,Delantero,1,0,0,2,0,0.0,1,0,1,0,0,23
3808,Aleksandar Radosavljevic,2010,18,Mediocampista,3,3,0,0,0,0.0,1,0,1,1,1,18
2996,Aleksandar Shalamanov,1966,2,Defensor,2,2,0,1,0,0.0,0,0,0,0,2,15
2996,Aleksandar Shalamanov,1970,2,Defensor,3,2,1,0,0,0.0,0,0,0,1,2,13
3749,Aleksandar Tirnanic,1930,-,Delantero,3,3,0,0,1,0.33,0,0,2,0,1,4
3793,Aleksander Knavs,2002,6,Defensor,2,2,0,1,0,0.0,0,0,0,0,2,30
3811,Aleksander Seliga,2010,16,Arquero,0,0,0,3,0,0.0,0,0,0,0,0,18
264,Aleksandr Borodyuk,1990,12,Delantero,1,0,0,2,0,0.0,0,0,0,0,1,17
264,Aleksandr Borodyuk,1994,13,Mediocampista,2,1,0,1,0,0.0,0,0,0,0,2,18
267,Aleksandr Bubnov,1986,6,Defensor,1,1,0,3,0,0.0,0,0,1,0,0,10
276,Aleksandr Chivadze,1982,3,Defensor,5,5,5,0,1,0.2,1,0,2,2,1,7
276,Aleksandr Chivadze,1986,3,Defensor,0,0,0,4,0,0.0,0,0,0,0,0,10
302,Aleksandr Golovin,2018,17,Mediocampista,4,4,0,1,1,0.25,1,0,2,2,0,8
309,Aleksandr Ivanov,1958,17,Delantero,4,4,0,1,1,0.25,0,0,1,1,2,6
362,Aleksandr Mostovoi,1994,19,Mediocampista,1,1,0,2,0,0.0,0,0,0,0,1,18
362,Aleksandr Mostovoi,2002,10,Mediocampista,0,0,0,3,0,0.0,0,0,0,0,0,22
387,Aleksandr Samedov,2014,19,Mediocampista,3,3,0,0,0,0.0,0,0,0,2,1,24
387,Aleksandr Samedov,2018,19,Mediocampista,5,5,0,0,0,0.0,0,0,2,2,1,8
415,Aleksandr Uvarov,1990,22,Arquero,2,2,0,1,0,0.0,0,0,1,0,1,17
422,Aleksandr Yerokhin,2018,21,Mediocampista,2,0,0,3,0,0.0,0,0,0,2,0,8
427,Aleksandr Zavarov,1986,9,Mediocampista,4,3,0,0,1,0.25,0,0,2,1,1,10
427,Aleksandr Zavarov,1990,9,Mediocampista,3,2,0,0,1,0.33,0,0,1,0,2,17
333,Aleksei Kozlov,2014,2,Defensor,2,2,0,1,0,0.0,1,0,0,1,1,24
351,Aleksei Mamykin,1962,16,Delantero,2,2,0,2,1,0.5,0,0,1,0,1,6
359,Aleksei Miranchuk,2018,15,Mediocampista,1,1,0,4,0,0.0,0,0,0,0,1,8
308,Aleksey Ionov,2014,21,Mediocampista,0,0,0,3,0,0.0,0,0,0,0,0,24
1526,Alemao,1986,15,Mediocampista,5,5,0,0,0,0.0,0,0,4,1,0,5
1526,Alemao,1990,5,Mediocampista,4,4,0,0,0,0.0,0,0,3,0,1,9
3548,Alen Boksic,1990,14,Delantero,0,0,0,5,0,0.0,0,0,0,0,0,5
3548,Alen Boksic,2002,11,Delantero,3,3,0,0,0,0.0,0,0,1,0,2,23
3777,Ales Ceh,2002,8,Mediocampista,3,3,3,0,0,0.0,1,0,0,0,3,30
5520,Alessandro Altobelli,1982,18,Delantero,3,0,0,4,1,0.33,0,0,3,0,0,1
5520,Alessandro Altobelli,1986,18,Delantero,4,4,0,0,4,1.0,0,0,1,2,1,12
5597,Alessandro Costacurta,1994,4,Defensor,6,6,0,1,0,0.0,2,0,4,1,1,2
5597,Alessandro Costacurta,1998,5,Defensor,5,5,0,0,0,0.0,2,0,3,2,0,5
5609,Alessandro Del Piero,1998,10,Delantero,4,3,0,1,0,0.0,1,0,3,1,0,5
5609,Alessandro Del Piero,2002,7,Delantero,3,1,0,1,1,0.33,0,0,1,1,1,15
5609,Alessandro Del Piero,2006,7,Delantero,5,1,0,2,1,0.2,0,0,3,2,0,1
8098,Alessandro Frigerio,1938,-,Delantero,0,0,0,3,0,0.0,0,0,0,0,0,6
5706,Alessandro Nesta,1998,6,Defensor,3,3,0,2,0,0.0,0,0,2,1,0,5
5706,Alessandro Nesta,2002,13,Defensor,3,3,0,1,0,0.0,0,0,1,1,1,15
5706,Alessandro Nesta,2006,13,Defensor,3,3,0,4,0,0.0,0,0,2,1,0,1
7247,Alessandro Santos,2002,14,Mediocampista,2,1,0,2,0,0.0,0,0,0,1,1,9
7247,Alessandro Santos,2006,14,Defensor,3,3,0,0,0,0.0,1,0,0,1,2,29
5582,Alessio Cerci,2014,11,Delantero,1,0,0,2,0,0.0,0,0,0,0,1,22
2,Alex Aguinaga,2002,10,Mediocampista,3,1,1,0,0,0.0,0,0,1,0,2,24
6584,Alex Czerniatynski,1982,21,Delantero,5,4,0,0,1,0.2,0,0,2,1,2,10
6584,Alex Czerniatynski,1994,11,Delantero,1,0,0,3,0,0.0,0,0,0,0,1,11
6408,Alex Graafland,1934,-,Delantero,0,0,0,1,0,0.0,0,0,0,0,0,9
4492,Alex Iwobi,2018,18,Delantero,3,1,0,0,0,0.0,0,0,1,0,2,21
2381,Alex Mcleish,1982,13,Defensor,1,0,0,2,0,0.0,0,0,0,0,1,15
2381,Alex Mcleish,1986,5,Defensor,1,1,0,2,0,0.0,0,0,0,0,1,19
2381,Alex Mcleish,1990,2,Defensor,3,3,0,0,0,0.0,0,0,1,0,2,18
1360,Alex Oxlade-Chamberlain,2014,15,Mediocampista,0,0,0,3,0,0.0,0,0,0,0,0,26
2397,Alex Parker,1958,3,Defensor,1,1,0,2,0,0.0,0,0,0,0,1,14
8430,Álex Rodríguez,2018,22,Arquero,0,0,0,3,0,0.0,0,0,0,0,0,32
1800,Alex Sandro,2022,6,Defensor,3,2,0,2,0,0.0,0,0,2,1,0,7
2404,Alex Scott,1958,15,Delantero,0,0,0,3,0,0.0,0,0,0,0,0,14
1400,Alex Stepney,1970,13,Arquero,0,0,0,4,0,0.0,0,0,0,0,0,8
1510,Alex Tachie-Mensah,2006,12,Delantero,3,0,0,1,0,0.0,0,0,1,0,2,13
1809,Alex Telles,2022,16,Defensor,2,1,0,3,0,0.0,0,0,1,0,1,7
4050,Alex Thepot,1930,-,Arquero,3,3,0,0,0,0.0,0,0,1,0,2,7
4050,Alex Thepot,1934,-,Arquero,1,1,1,0,0,0.0,0,0,0,0,1,9
4069,Alex Villaplane,1930,-,Mediocampista,3,3,3,0,0,0.0,0,0,1,0,2,7
7382,Alex Wilkinson,2014,22,Defensor,3,3,0,0,0,0.0,0,0,0,0,3,30
2416,Alex Wilson,1954,18,Defensor,0,0,0,2,0,0.0,0,0,0,0,0,15
4189,Alexander Bah,2022,26,Defensor,2,0,0,1,0,0.0,0,0,0,0,2,28
1471,Alexander Djiku,2022,23,Defensor,2,1,0,1,0,0.0,0,0,1,0,1,24
25,Alexander Domínguez,2014,22,Arquero,3,3,0,0,0,0.0,0,0,1,1,1,17
25,Alexander Domínguez,2022,22,Arquero,0,0,0,3,0,0.0,0,0,0,0,0,18
294,Alexander Filimonov,2002,23,Arquero,0,0,0,3,0,0.0,0,0,0,0,0,22
8093,Alexander Frei,2006,9,Delantero,4,4,0,0,2,0.5,1,0,2,2,0,10
8093,Alexander Frei,2010,9,Delantero,2,1,1,1,0,0.0,0,0,0,1,1,19
477,Alexander Horvath,1970,5,Defensor,2,2,2,1,0,0.0,1,0,0,0,2,15
317,Alexander Kerzhakov,2002,16,Delantero,1,0,0,2,0,0.0,0,0,0,0,1,22
317,Alexander Kerzhakov,2014,11,Delantero,3,1,0,0,1,0.33,0,0,0,2,1,24
327,Alexander Kokorin,2014,9,Delantero,3,3,0,0,1,0.33,0,0,0,2,1,24
2689,Alexander Mejía,2014,15,Mediocampista,4,1,0,1,0,0.0,0,0,4,0,0,5
589,Alexander Vencel,1970,22,Arquero,1,1,0,2,0,0.0,0,0,0,0,1,15
2903,Alexander Wood,1930,-,Defensor,3,3,0,0,0,0.0,0,0,2,0,1,3
3191,Alexandre Baptista,1966,20,Defensor,5,5,0,1,0,0.0,0,0,4,0,1,3
2006,Alexandre Guimaraes,1990,9,Mediocampista,3,0,0,1,0,0.0,0,0,1,0,2,13
971,Alexandre Song,2010,6,Mediocampista,1,1,0,2,0,0.0,0,0,0,0,1,31
971,Alexandre Song,2014,6,Mediocampista,2,2,0,1,0,0.0,0,1,0,0,2,32
2629,Alexandros Tziolis,2010,6,Mediocampista,3,3,0,0,0,0.0,1,0,1,0,2,25
2629,Alexandros Tziolis,2014,6,Mediocampista,0,0,0,4,0,0.0,0,0,0,0,0,13
2630,Alexandros Tzorvas,2010,12,Arquero,3,3,0,0,0,0.0,0,0,1,0,2,25
1869,Alexandru Cuedan,1934,-,Mediocampista,0,0,0,1,0,0.0,0,0,0,0,0,12
1916,Alexandru Neagu,1970,16,Mediocampista,3,2,0,0,1,0.33,0,0,1,0,2,10
402,Alexei Smertin,2002,4,Mediocampista,2,2,0,1,0,0.0,1,0,0,0,2,22
329,Alexey Korneev,1966,13,Defensor,2,2,0,4,0,0.0,0,0,1,0,1,4
2831,Alexi Lalas,1994,22,Defensor,4,4,0,0,0,0.0,1,0,1,1,2,14
2831,Alexi Lalas,1998,22,Defensor,0,0,0,3,0,0.0,0,0,0,0,0,32
2575,Alexis Alexiou,1994,22,Defensor,1,1,0,2,0,0.0,0,0,0,0,1,24
2576,Alexis Alexoudis,1994,16,Delantero,1,1,0,2,0,0.0,1,0,0,0,1,24
6573,Alexis Chantraine,1930,-,Mediocampista,0,0,0,2,0,0.0,0,0,0,0,0,11
5305,Alexis Mac Allister,2022,20,Mediocampista,6,6,0,1,1,0.17,0,0,4,2,0,1
4390,Alexis Mendoza,1990,21,Defensor,0,0,0,4,0,0.0,0,0,0,0,0,14
4390,Alexis Mendoza,1994,3,Defensor,1,1,0,2,0,0.0,0,0,1,0,0,19
7867,Alexis Sanchez,2010,7,Delantero,4,4,0,0,0,0.0,0,0,2,0,2,10
7867,Alexis Sanchez,2014,7,Delantero,4,4,0,0,2,0.5,0,0,2,1,1,9
7889,Alexis Vega,2022,10,Delantero,3,3,0,0,0,0.0,0,0,1,1,1,22
7406,Alf Haland,1994,18,Defensor,2,2,0,1,0,0.0,2,0,1,0,1,17
7426,Alf Martinsen,1938,-,Delantero,0,0,0,1,0,0.0,0,0,0,0,0,12
2560,Alf Ramsey,1950,-,Defensor,3,3,0,0,0,0.0,0,0,1,0,2,8
6708,Alfons Van Brandt,1954,3,Defensor,2,2,0,0,0,0.0,0,0,0,1,1,12
6676,Alfonse Peeters,1970,20,Defensor,0,0,0,3,0,0.0,0,0,0,0,0,10
4854,Alfonso,1998,11,Delantero,2,2,0,1,0,0.0,0,0,1,0,1,17
5860,Alfonso Dominguez,1990,6,Defensor,4,4,0,0,0,0.0,0,0,1,1,2,16
694,Alfonso Lara,1974,14,Mediocampista,1,0,0,2,0,0.0,0,0,0,0,1,11
5302,Alfonso Lorenzo,1934,-,Mediocampista,0,0,0,1,0,0.0,0,0,0,0,0,9
7789,Alfonso Montemayor,1950,-,Defensor,1,1,1,2,0,0.0,0,0,0,0,1,12
53,Alfonso Obregon,2002,5,Mediocampista,3,3,0,0,0,0.0,0,0,1,0,2,24
5953,Alfonso Pereira,1986,14,Defensor,2,2,0,2,0,0.0,0,0,0,1,1,16
7827,Alfonso Portugal,1958,5,Mediocampista,1,1,0,2,0,0.0,0,0,0,0,1,16
5067,Alfonso Silva,1950,-,Defensor,1,1,0,5,0,0.0,0,0,0,0,1,4
3827,Alfred Aston,1934,-,Delantero,1,1,0,0,0,0.0,0,0,0,0,1,9
3827,Alfred Aston,1938,-,Delantero,2,2,0,0,0,0.0,0,0,1,0,1,8
1885,Alfred Eisenbeisser,1930,-,Mediocampista,2,2,0,0,0,0.0,0,0,1,0,1,8
7129,Alfred Finnbogason,2018,11,Delantero,3,3,0,0,1,0.33,1,0,0,1,2,28
1038,Alfred Gomis,2018,23,Arquero,0,0,0,3,0,0.0,0,0,0,0,0,17
1038,Alfred Gomis,2022,23,Arquero,0,0,0,4,0,0.0,0,0,0,0,0,10
4585,Alfred Hortnagl,1990,11,Mediocampista,2,1,0,1,0,0.0,0,0,0,0,2,18
8124,Alfred Jaeck,1934,-,Delantero,1,1,0,1,0,0.0,0,0,0,0,1,7
6167,Alfred Kelbassa,1958,15,Delantero,1,1,0,5,0,0.0,0,0,0,0,1,4
4594,Alfred Koerner,1954,11,Delantero,4,4,0,1,0,0.0,0,0,3,0,1,3
4594,Alfred Koerner,1958,10,Delantero,3,3,0,0,1,0.33,0,0,0,1,2,15
2259,Alfred Mcmichael,1958,3,Defensor,5,5,0,0,0,0.0,0,0,2,1,2,7
1056,Alfred N'Diaye,2018,13,Mediocampista,2,2,0,1,0,0.0,0,0,1,1,0,17
6245,Alfred Pfaff,1954,19,Delantero,1,1,0,5,1,1.0,0,0,0,0,1,1
8281,Alfred Phiri,1998,8,Mediocampista,1,0,0,2,0,0.0,1,1,0,1,0,24
6272,Alfred Schmidt,1958,10,Mediocampista,2,2,0,4,0,0.0,0,0,2,0,0,4
4657,Alfred Teinitzer,1954,17,Mediocampista,0,0,0,5,0,0.0,0,0,0,0,0,3
1527,Alfredo,1974,15,Defensor,1,1,0,6,0,0.0,0,0,0,0,1,4
5231,Alfredo De Vincenzi,1934,-,Delantero,1,1,1,0,0,0.0,0,0,0,0,1,9
7704,Alfredo Del Aguila,1962,7,Delantero,3,3,0,0,1,0.33,0,0,1,0,2,11
4910,Alfredo Di Stefano,1962,6,Delantero,0,0,0,3,0,0.0,0,0,0,0,0,12
5634,Alfredo Foni,1938,-,Defensor,3,3,0,1,0,0.0,0,0,3,0,0,1
7749,Alfredo Hernandez,1958,7,Mediocampista,1,1,0,2,0,0.0,0,0,0,0,1,16
7749,Alfredo Hernandez,1962,18,Mediocampista,1,1,0,2,0,0.0,0,0,1,0,0,11
4969,Alfredo Ii,1950,-,Delantero,1,1,0,5,1,1.0,0,0,0,1,0,2
4390,Alfredo Mendoza,1986,11,Delantero,4,4,0,0,0,0.0,1,0,1,2,1,13
8427,Alfredo Perez,1958,13,Mediocampista,0,0,0,3,0,0.0,0,0,0,0,0,13
2197,Alfredo Quesada,1978,17,Mediocampista,2,2,0,4,0,0.0,1,0,0,0,2,8
1529,Alfredo Ramos,1954,13,Defensor,0,0,0,3,0,0.0,0,0,0,0,0,6
5382,Alfredo Rojas,1958,10,Delantero,1,1,0,2,0,0.0,0,0,0,0,1,13
5382,Alfredo Rojas,1966,18,Delantero,0,0,0,4,0,0.0,0,0,0,0,0,5
7867,Alfredo Sanchez,1930,-,Mediocampista,3,3,0,0,0,0.0,0,0,0,0,3,13
7875,Alfredo Talavera,2014,12,Arquero,0,0,0,4,0,0.0,0,0,0,0,0,10
7875,Alfredo Talavera,2018,12,Arquero,0,0,0,4,0,0.0,0,0,0,0,0,12
7875,Alfredo Talavera,2022,1,Arquero,0,0,0,3,0,0.0,0,0,0,0,0,22
7876,Alfredo Tena,1978,3,Defensor,2,2,0,1,0,0.0,0,0,0,0,2,16
7879,Alfredo Torres,1954,7,Delantero,2,2,0,0,0,0.0,0,0,0,0,2,13
856,Alfredo Vasquez,1970,8,Mediocampista,3,3,0,0,0,0.0,0,0,0,0,3,16
7148,Ali Abdi,2022,24,Defensor,3,2,0,0,0,0.0,1,0,1,1,1,21
4159,Ali Akbar Ostad-Asadi,1998,15,Defensor,0,0,0,3,0,0.0,0,0,0,0,0,20
4794,Ali Al-Bulaihi,2018,4,Defensor,1,1,0,2,0,0.0,0,0,0,0,1,26
4794,Ali Al-Bulaihi,2022,5,Defensor,3,3,0,0,0,0.0,1,0,1,0,2,25
4801,Ali Al-Hassan,2022,15,Mediocampista,1,1,0,2,0,0.0,1,0,0,0,1,25
2077,Ali El-Said,1934,-,Defensor,1,1,0,0,0,0.0,0,0,0,0,1,13
6338,Ali Asad,2022,8,Mediocampista,1,0,0,2,0,0.0,0,0,0,0,1,32
6837,Ali Bencheikh,1982,6,Mediocampista,0,0,0,3,0,0.0,0,0,0,0,0,13
7174,Ali Boumnijel,1998,22,Arquero,0,0,0,3,0,0.0,0,0,0,0,0,26
7174,Ali Boumnijel,2002,1,Arquero,3,3,0,0,0,0.0,0,0,0,1,2,29
7174,Ali Boumnijel,2006,1,Arquero,3,3,0,0,0,0.0,0,0,0,1,2,24
4095,Ali Daei,1998,10,Delantero,3,3,0,0,0,0.0,1,0,1,0,2,20
4095,Ali Daei,2006,10,Delantero,2,2,2,1,0,0.0,0,0,0,1,1,26
8354,Ali El Khattabi,1998,11,Delantero,2,0,0,1,0,0.0,0,0,0,1,1,18
6857,Ali Fergani,1982,8,Mediocampista,3,3,3,0,0,0.0,0,0,2,0,1,13
2086,Ali Gabr,2018,2,Defensor,3,3,0,0,0,0.0,1,0,0,0,3,31
4109,Ali Gholizadeh,2022,17,Mediocampista,3,2,0,0,0,0.0,0,0,1,0,2,26
1172,Ali Jamal,1986,12,Mediocampista,0,0,0,3,0,0.0,0,0,0,0,0,23
7213,Ali Kaabi,1978,3,Defensor,3,3,0,0,1,0.33,0,0,1,1,1,9
4128,Ali Karimi,2006,8,Mediocampista,2,2,0,1,0,0.0,0,0,0,0,2,26
4128,Ali Karimi,2022,18,Mediocampista,3,1,0,0,0,0.0,0,0,1,0,2,26
4138,Ali Latifi,1998,13,Delantero,0,0,0,3,0,0.0,0,0,0,0,0,20
7227,Ali Maâloul,2018,12,Defensor,2,2,0,1,0,0.0,0,0,0,0,2,24
7227,Ali Maâloul,2022,12,Defensor,1,1,0,2,0,0.0,0,0,1,0,0,21
4160,Ali Parwin,1978,7,Mediocampista,3,3,3,0,0,0.0,0,0,0,1,2,14
4107,Ali Reza Gheshghaian,1978,11,Defensor,0,0,0,3,0,0.0,0,0,0,0,0,14
4142,Ali Reza Mansourian,1998,7,Mediocampista,2,0,0,1,0,0.0,0,0,1,0,1,20
4175,Ali Shojaei,1978,19,Defensor,0,0,0,3,0,0.0,0,0,0,0,0,14
7956,Ali Thani Jumaa,1990,3,Mediocampista,3,3,0,0,1,0.33,0,0,0,0,3,24
7259,Ali Zitouni,2002,20,Delantero,3,0,0,0,0,0.0,0,0,0,1,2,29
1504,Alidu Seidu,2022,26,Defensor,2,2,0,1,0,0.0,2,0,0,0,2,24
6836,Alim Ben Mabrouk,1986,18,Mediocampista,2,2,0,1,0,0.0,0,0,0,1,1,22
1016,Aliou Cisse,2002,6,Defensor,4,4,4,1,0,0.0,2,0,2,1,1,7
874,Alioum Boukar,1998,22,Arquero,0,0,0,3,0,0.0,0,0,0,0,0,25
874,Alioum Boukar,2002,1,Arquero,3,3,0,0,0,0.0,0,0,1,1,1,20
4089,Alireza Beiranvand,2018,1,Arquero,3,3,0,0,0,0.0,0,0,1,1,1,18
4089,Alireza Beiranvand,2022,1,Arquero,2,2,0,1,0,0.0,0,0,0,0,2,26
4113,Alireza Haghighi,2014,12,Arquero,3,3,0,0,0,0.0,0,0,0,1,2,28
4123,Alireza Jahanbakhsh,2014,9,Delantero,3,0,0,0,0,0.0,0,0,0,1,2,28
4123,Alireza Jahanbakhsh,2018,18,Delantero,3,2,0,0,0,0.0,1,0,1,1,1,18
4123,Alireza Jahanbakhsh,2022,7,Mediocampista,2,1,0,1,0,0.0,2,0,1,0,1,26
1530,Alisson,2018,1,Arquero,5,5,0,0,0,0.0,0,0,3,1,1,6
1530,Alisson,2022,1,Arquero,4,4,0,1,0,0.0,0,0,3,1,0,7
2474,Alistair Johnston,2022,2,Defensor,3,3,0,0,0,0.0,1,0,0,0,3,31
2374,Alistair Mccoist,1990,9,Delantero,3,1,0,0,0,0.0,0,0,1,0,2,18
1076,Aljosa Asanovic,1998,7,Mediocampista,7,7,0,0,0,0.0,2,0,5,0,2,3
8311,Allal Ben Kassou,1970,1,Arquero,2,2,0,1,0,0.0,0,0,0,0,2,14
5107,Allan Boath,1982,17,Mediocampista,3,3,0,0,0,0.0,0,0,0,0,3,23
7669,Allan Brown,1954,10,Delantero,2,2,0,0,0,0.0,0,0,0,0,2,15
1243,Allan Clarke,1970,21,Delantero,1,1,0,3,1,1.0,0,0,1,0,0,8
202,Allan Costly,1982,5,Defensor,3,3,0,0,0,0.0,0,0,0,2,1,18
2321,Allan Evans,1982,17,Defensor,1,1,0,2,0,0.0,0,0,1,0,0,15
7338,Allan Maher,1974,22,Arquero,0,0,0,3,0,0.0,0,0,0,0,0,14
4263,Allan Nielsen,1998,7,Mediocampista,5,4,0,0,1,0.2,1,0,2,1,2,8
4280,Allan Simonsen,1986,14,Delantero,1,0,0,3,0,0.0,0,0,1,0,0,9
2411,Allan Thomson,1974,12,Arquero,0,0,0,3,0,0.0,0,0,0,0,0,9
1241,Allenby Chilton,1954,18,Defensor,0,0,0,3,0,0.0,0,0,0,0,0,7
4449,Alloy Agu,1994,16,Arquero,0,0,0,4,0,0.0,0,0,0,0,0,9
6337,Almoez Ali,2022,19,Delantero,3,3,0,0,0,0.0,1,0,0,0,3,32
3900,Alou Diarra,2006,18,Mediocampista,2,0,0,5,0,0.0,0,0,1,1,0,2
3900,Alou Diarra,2010,18,Mediocampista,1,1,1,2,0,0.0,0,0,0,0,1,29
5478,Alpay Ozalan,2002,5,Defensor,5,5,0,2,0,0.0,2,1,3,0,2,3
3825,Alphonse Areola,2018,23,Arquero,0,0,0,7,0,0.0,0,0,0,0,0,1
3825,Alphonse Areola,2022,23,Arquero,0,0,0,7,0,0.0,0,0,0,0,0,2
6537,Alphonse De Winter,1938,-,Mediocampista,1,1,0,0,0,0.0,0,0,0,0,1,13
976,Alphonse-Marie Tchami,1994,16,Delantero,1,0,0,2,0,0.0,0,0,0,0,1,22
976,Alphonse-Marie Tchami,1998,9,Delantero,3,0,0,0,0,0.0,0,0,0,2,1,25
986,Alphonse Yombi,1990,12,Defensor,0,0,0,5,0,0.0,0,0,0,0,0,7
2463,Alphonso Davies,2022,19,Delantero,3,3,0,0,1,0.33,1,0,0,0,3,31
1532,Altair,1962,15,Defensor,0,0,0,6,0,0.0,0,0,0,0,0,1
1532,Altair,1966,6,Defensor,2,2,0,1,0,0.0,0,0,1,0,1,11
3194,Alvaro,1986,5,Defensor,3,3,0,0,0,0.0,0,0,1,0,2,17
4864,Alvaro Arbeloa,2010,17,Defensor,1,0,0,6,0,0.0,0,0,1,0,0,1
5866,Alvaro Fernandez,2010,20,Mediocampista,4,1,0,3,0,0.0,0,0,3,1,0,4
5880,Alvaro Gestido,1930,-,Mediocampista,4,4,0,0,0,0.0,0,0,4,0,0,1
5888,Alvaro González,2014,20,Mediocampista,4,3,0,0,0,0.0,0,0,2,0,2,12
2024,Alvaro Mesen,2002,18,Arquero,0,0,0,3,0,0.0,0,0,0,0,0,19
2024,Alvaro Mesen,2006,1,Arquero,0,0,0,3,0,0.0,0,0,0,0,0,31
4996,Álvaro Morata,2022,7,Delantero,4,1,0,0,3,0.75,0,0,1,2,1,13
5007,Álvaro Odriozola,2018,12,Defensor,0,0,0,4,0,0.0,0,0,0,0,0,10
4726,Alvaro Pena,1994,9,Delantero,1,0,0,2,0,0.0,0,0,0,1,0,21
5954,Alvaro Pereira,2010,11,Mediocampista,5,5,0,2,1,0.2,0,0,3,1,1,4
5954,Alvaro Pereira,2014,6,Mediocampista,3,3,0,1,0,0.0,0,0,2,0,1,12
5969,Alvaro Recoba,2002,20,Delantero,3,3,0,0,1,0.33,0,0,0,2,1,26
2043,Alvaro Saborio,2006,19,Delantero,2,0,0,1,0,0.0,0,0,0,0,2,31
2064,Álvaro Zamora,2022,26,Mediocampista,1,0,0,2,0,0.0,0,0,0,0,1,27
1333,Alvin Martin,1986,5,Defensor,1,1,0,4,0,0.0,1,0,1,0,0,8
5212,Amadeo Carrizo,1958,1,Arquero,3,3,0,0,0,0.0,0,0,1,0,2,13
4400,Amadeo Ortega,1930,-,Delantero,0,0,0,2,0,0.0,0,0,0,0,0,9
215,Amado Guevara,2010,20,Mediocampista,2,2,2,1,0,0.0,0,0,0,0,2,30
6670,Amadou Onana,2022,18,Mediocampista,2,1,0,1,0,0.0,2,0,1,0,1,23
4858,Amancio,1966,8,Delantero,2,2,0,1,1,0.5,0,0,1,0,1,10
1074,Amara Traore,2002,8,Delantero,0,0,0,5,0,0.0,0,0,0,0,0,7
1534,Amaral,1978,4,Defensor,7,7,0,0,0,0.0,0,0,4,3,0,3
1535,Amarildo,1962,20,Delantero,4,4,0,2,3,0.75,0,0,4,0,0,1
1036,Amdy Faye,2002,12,Mediocampista,2,1,0,3,0,0.0,0,0,1,1,0,7
5521,Amedeo Amadei,1950,-,Delantero,1,1,0,1,0,0.0,0,0,1,0,0,7
5550,Amedeo Biavati,1938,-,Delantero,3,3,0,1,0,0.0,0,0,3,0,0,1
3196,Americo,1966,1,Arquero,0,0,0,6,0,0.0,0,0,0,0,0,3
5262,Americo Gallego,1978,6,Mediocampista,7,7,0,0,0,0.0,1,0,5,1,1,1
5262,Americo Gallego,1982,9,Mediocampista,4,4,0,1,0,0.0,1,1,2,0,2,11
8366,Amine Harit,2018,18,Mediocampista,1,1,0,2,0,0.0,0,0,0,0,1,27
4078,Amir Abedzadeh,2018,22,Arquero,0,0,0,3,0,0.0,0,0,0,0,0,18
4078,Amir Abedzadeh,2022,22,Arquero,0,0,0,3,0,0.0,0,0,0,0,0,26
4171,Amir Hossein Sadeghi,2006,19,Defensor,0,0,0,3,0,0.0,0,0,0,0,0,26
4171,Amir Hossein Sadeghi,2014,5,Defensor,3,3,0,0,0,0.0,0,0,0,1,2,28
3791,Amir Karic,2002,19,Mediocampista,3,3,0,0,0,0.0,2,0,0,0,3,30
5635,Amleto Frignani,1954,21,Delantero,2,2,0,1,1,0.5,0,0,1,0,1,10
2123,Amr Warda,2018,22,Delantero,3,1,0,0,0,0.0,0,0,0,0,3,31
8409,Anass Zaroury,2022,10,Mediocampista,1,0,0,6,0,0.0,0,0,0,0,1,4
255,Anatoli Banishevski,1966,18,Delantero,5,5,0,1,1,0.2,0,0,3,0,2,4
283,Anatoli Demyanenko,1982,6,Defensor,5,5,0,0,0,0.0,0,0,2,2,1,7
283,Anatoli Demyanenko,1986,5,Defensor,3,3,3,1,0,0.0,0,0,1,1,1,10
283,Anatoli Demyanenko,1990,5,Defensor,1,1,1,2,0,0.0,0,0,1,0,0,17
307,Anatoli Ilyin,1958,11,Delantero,5,5,0,0,2,0.4,0,0,2,1,2,6
355,Anatoli Maslyonkin,1958,15,Defensor,0,0,0,5,0,0.0,0,0,0,0,0,6
355,Anatoli Maslyonkin,1962,7,Defensor,4,4,0,0,0,0.0,0,0,2,1,1,6
2980,Anatoli Nankov,1998,16,Mediocampista,2,2,0,1,0,0.0,0,1,0,1,1,29
378,Anatoli Puzach,1970,20,Delantero,2,1,0,2,0,0.0,0,0,1,1,0,5
7120,Anatoliy Tymoschuk,2006,4,Mediocampista,5,5,0,0,0,0.0,1,0,2,1,2,8
262,Anatoly Bishovets,1970,16,Delantero,4,4,0,0,4,1.0,1,0,2,1,1,5
4616,Andeas Ogris,1990,13,Delantero,3,2,0,0,1,0.33,0,0,1,0,2,18
3446,Anders Limpar,1990,13,Mediocampista,2,2,0,1,0,0.0,0,0,0,0,2,21
3446,Anders Limpar,1994,16,Mediocampista,1,0,0,6,0,0.0,0,0,1,0,0,3
3450,Anders Linderoth,1978,7,Mediocampista,3,2,0,0,0,0.0,0,0,0,1,2,13
3500,Anders Rydberg,1934,-,Arquero,2,2,0,0,0,0.0,0,0,1,0,1,8
3516,Anders Svensson,2002,8,Mediocampista,4,3,0,0,1,0.25,0,0,1,2,1,13
3516,Anders Svensson,2006,8,Mediocampista,1,1,0,3,0,0.0,0,0,0,1,0,14
1536,Anderson Polga,2002,14,Defensor,2,2,0,5,0,0.0,0,0,2,0,0,1
5990,Anderson Santamaría,2018,4,Defensor,2,1,0,1,0,0.0,0,0,1,0,1,20
3566,Andjelko Djuricic,2010,23,Arquero,0,0,0,3,0,0.0,0,0,0,0,0,23
5101,Andoni Zubizarreta,1986,1,Arquero,5,5,0,0,0,0.0,0,0,3,1,1,7
5101,Andoni Zubizarreta,1990,1,Arquero,4,4,0,0,0,0.0,0,0,2,1,1,10
5101,Andoni Zubizarreta,1994,1,Arquero,4,4,4,1,0,0.0,0,0,2,1,1,8
5101,Andoni Zubizarreta,1998,1,Arquero,3,3,3,0,0,0.0,0,0,1,1,1,17
4102,Andranik Eskandarian,1978,15,Defensor,2,2,0,1,0,0.0,2,0,0,1,1,14
4180,Andranik Teymourian,2006,14,Mediocampista,3,3,0,0,0,0.0,1,0,0,1,2,26
4180,Andranik Teymourian,2014,14,Mediocampista,3,3,0,0,0,0.0,1,0,0,1,2,28
7619,Andras Torocsik,1978,9,Delantero,2,2,0,1,0,0.0,1,1,0,0,2,15
7619,Andras Torocsik,1982,9,Delantero,2,2,0,1,0,0.0,0,0,1,1,0,14
7621,Andras Toth,1978,19,Delantero,1,0,0,2,1,1.0,0,0,0,0,1,15
3792,Andraz Kirm,2010,17,Mediocampista,3,3,0,0,0,0.0,1,0,1,1,1,18
7922,Andre,1986,21,Mediocampista,2,2,0,1,0,0.0,0,0,1,0,1,17
7922,Andre,2006,8,Mediocampista,2,2,0,1,0,0.0,1,1,0,1,1,23
8033,Andre Abegglen,1934,-,Delantero,2,2,0,0,1,0.5,0,0,1,0,1,7
8033,Andre Abegglen,1938,-,Delantero,3,3,1,0,3,1.0,0,0,1,1,1,6
3192,André Almeida,2014,19,Defensor,2,1,0,1,0,0.0,0,0,0,1,1,18
8234,Andre Arendse,2002,16,Arquero,3,3,0,0,0,0.0,0,0,1,1,1,17
1462,Andre Ayew,2010,13,Mediocampista,4,4,0,1,0,0.0,2,0,2,1,1,7
1462,Andre Ayew,2014,10,Mediocampista,3,3,0,0,2,0.67,0,0,0,1,2,25
1462,Andre Ayew,2022,10,Delantero,3,3,3,0,1,0.33,1,0,1,0,2,24
2138,André Carrillo,2018,18,Delantero,3,3,0,0,1,0.33,0,0,1,0,2,20
3872,Andre Chorda,1966,7,Defensor,0,0,0,3,0,0.0,0,0,0,0,0,13
7698,Andre Cruz,1998,15,Defensor,0,0,0,7,0,0.0,0,0,0,0,0,2
987,André-Frank Zambo Anguissa,2022,8,Mediocampista,3,3,0,0,0,0.0,0,0,1,1,1,19
8109,Andre Grobety,1962,9,Defensor,3,3,0,0,0,0.0,0,0,0,0,3,16
8109,Andre Grobety,1966,9,Defensor,1,1,0,2,0,0.0,0,0,0,0,1,16
912,Andre Kana-Biyik,1990,2,Mediocampista,3,3,0,2,0,0.0,2,1,2,0,1,7
912,Andre Kana-Biyik,1994,2,Mediocampista,1,1,0,2,0,0.0,1,0,0,0,1,22
3971,Andre Lerond,1958,5,Defensor,6,6,0,0,0,0.0,0,0,4,0,2,3
3988,Andre Maschinot,1930,-,Delantero,2,2,0,1,2,1.0,0,0,1,0,1,7
8156,Andre Neury,1950,-,Defensor,3,3,0,0,0,0.0,0,0,1,1,1,6
8156,Andre Neury,1954,7,Defensor,4,4,0,0,0,0.0,0,0,2,0,2,5
6455,Andre Ooijer,1998,13,Defensor,0,0,0,7,0,0.0,0,0,0,0,0,4
6455,Andre Ooijer,2006,13,Defensor,4,4,0,0,0,0.0,1,0,2,1,1,11
6455,Andre Ooijer,2010,13,Defensor,1,1,0,6,0,0.0,1,0,1,0,0,2
3920,Andre Pierre Gignac,2010,11,Delantero,3,1,0,0,0,0.0,0,0,0,1,2,29
6689,Andre Saeys,1930,-,Delantero,0,0,0,2,0,0.0,0,0,0,0,0,11
6277,André Schürrle,2014,9,Delantero,6,0,0,1,3,0.5,0,0,6,0,0,1
3314,André Silva,2018,9,Delantero,3,1,0,1,0,0.0,0,0,0,2,1,13
3314,André Silva,2022,9,Delantero,1,0,0,4,0,0.0,0,0,0,0,1,8
4046,Andre Strappe,1954,21,Delantero,2,2,0,0,0,0.0,0,0,1,0,1,9
4047,Andre Tassin,1930,-,Arquero,0,0,0,3,0,0.0,0,0,0,0,0,7
7923,Andre Titi Buengo,2006,19,Delantero,0,0,0,3,0,0.0,0,0,0,0,0,23
6736,Andre Vandeweyer,1934,-,Arquero,1,1,0,0,0,0.0,0,0,0,0,1,15
6736,Andre Vandeweyer,1938,-,Arquero,0,0,0,1,0,0.0,0,0,0,0,0,13
5540,Andrea Barzagli,2006,6,Defensor,2,1,0,5,0,0.0,0,0,2,0,0,1
5540,Andrea Barzagli,2014,15,Defensor,3,3,0,0,0,0.0,0,0,1,0,2,22
5573,Andrea Carnevale,1990,16,Delantero,2,2,0,5,0,0.0,0,0,2,0,0,3
5733,Andrea Pirlo,2006,21,Mediocampista,7,7,0,0,1,0.14,0,0,5,2,0,1
5733,Andrea Pirlo,2010,21,Mediocampista,1,0,0,2,0,0.0,0,0,0,0,1,26
5733,Andrea Pirlo,2014,21,Mediocampista,3,3,1,0,0,0.0,0,0,1,0,2,22
3338,Andreas Andersson,2002,22,Delantero,4,0,0,0,0,0.0,0,0,1,2,1,13
6066,Andreas Brehme,1986,3,Defensor,5,5,0,2,1,0.2,0,0,1,2,2,2
6066,Andreas Brehme,1990,3,Defensor,6,6,0,1,3,0.5,3,0,5,1,0,1
6066,Andreas Brehme,1994,3,Defensor,5,3,0,0,0,0.0,1,0,3,1,1,5
4198,Andreas Christensen,2018,6,Defensor,4,4,0,0,0,0.0,0,0,1,3,0,11
4198,Andreas Christensen,2022,6,Defensor,3,3,0,0,1,0.33,1,0,0,1,2,28
4203,Andreas Cornelius,2018,21,Delantero,3,2,0,1,0,0.0,0,0,0,3,0,11
4203,Andreas Cornelius,2022,21,Delantero,3,1,0,0,0,0.0,1,0,0,1,2,28
3393,Andreas Granqvist,2018,4,Defensor,5,5,5,0,2,0.4,0,0,3,0,2,7
4578,Andreas Heraf,1998,20,Mediocampista,0,0,0,3,0,0.0,0,0,0,0,0,23
4579,Andreas Herzog,1990,20,Mediocampista,3,3,0,0,0,0.0,1,0,1,0,2,18
4579,Andreas Herzog,1998,10,Mediocampista,3,1,0,0,1,0.33,0,0,0,2,1,23
3413,Andreas Isaksson,2002,23,Arquero,0,0,0,4,0,0.0,0,0,0,0,0,13
3413,Andreas Isaksson,2006,1,Arquero,3,3,0,1,0,0.0,0,0,1,1,1,14
3415,Andreas Jakobsson,2002,15,Defensor,4,4,0,0,0,0.0,1,0,1,2,1,13
6179,Andreas Koepke,1990,22,Arquero,0,0,0,7,0,0.0,0,0,0,0,0,1
6179,Andreas Koepke,1994,12,Arquero,0,0,0,5,0,0.0,0,0,0,0,0,5
6179,Andreas Koepke,1998,1,Arquero,5,5,0,0,0,0.0,0,0,3,1,1,7
6192,Andreas Kupfer,1938,-,Mediocampista,2,2,0,0,0,0.0,0,0,0,1,1,10
6219,Andreas Moeller,1990,17,Mediocampista,2,0,0,5,0,0.0,0,0,2,0,0,1
6219,Andreas Moeller,1994,7,Mediocampista,4,3,0,1,0,0.0,1,0,2,1,1,5
6219,Andreas Moeller,1998,7,Mediocampista,3,2,0,2,1,0.33,0,0,2,1,0,7
4633,Andreas Reisinger,1990,16,Mediocampista,1,0,0,2,0,0.0,1,0,1,0,0,18
2619,Andreas Samaris,2014,22,Mediocampista,2,1,0,2,1,0.5,1,0,1,1,0,13
4284,Andreas Skov Olsen,2022,11,Mediocampista,2,2,0,1,0,0.0,0,0,0,1,1,28
253,Andrei Bal,1982,12,Mediocampista,4,4,0,1,1,0.25,0,0,2,1,1,7
253,Andrei Bal,1986,12,Mediocampista,2,2,0,2,0,0.0,0,0,1,0,1,10
1854,Andrei Barbulescu,1938,-,Mediocampista,1,1,0,1,0,0.0,0,0,0,0,1,9
371,Andrei Piatnitski,1994,7,Mediocampista,1,1,0,2,0,0.0,0,0,0,0,1,18
391,Andréi Semiónov,2018,5,Defensor,0,0,0,5,0,0.0,0,0,0,0,0,8
405,Andrei Solomatin,2002,5,Mediocampista,3,3,0,0,0,0.0,2,0,1,0,2,22
3026,Andrei Zhelyazkov,1986,6,Mediocampista,3,1,0,1,0,0.0,0,0,0,2,1,15
431,Andrei Zygmantovich,1990,17,Defensor,2,2,0,1,1,0.5,1,0,1,0,1,17
3794,Andrej Komac,2010,20,Mediocampista,2,0,0,1,0,0.0,1,0,1,1,0,18
1111,Andrej Kramarić,2018,9,Delantero,7,3,0,0,1,0.14,0,0,4,2,1,2
1111,Andrej Kramarić,2022,9,Delantero,7,7,0,0,2,0.29,0,0,2,4,1,3
518,Andrej Kvasnak,1962,19,Mediocampista,6,6,0,0,0,0.0,0,0,3,1,2,2
518,Andrej Kvasnak,1970,6,Mediocampista,2,1,0,1,0,0.0,1,0,0,0,2,15
3684,Andrej Panadic,1990,21,Defensor,0,0,0,5,0,0.0,0,0,0,0,0,5
2662,Andres Escobar,1990,2,Defensor,4,4,0,0,0,0.0,0,0,1,1,2,14
2662,Andres Escobar,1994,2,Defensor,3,3,0,0,0,0.0,0,0,1,0,2,19
2664,Andres Estrada,1998,17,Mediocampista,0,0,0,3,0,0.0,0,0,0,0,0,21
7739,Andres Guardado,2006,18,Defensor,1,1,0,3,0,0.0,0,0,0,0,1,15
7739,Andres Guardado,2010,18,Mediocampista,3,2,0,1,0,0.0,0,0,0,1,2,14
7739,Andres Guardado,2014,18,Mediocampista,4,4,0,0,1,0.25,1,0,2,1,1,10
7739,Andres Guardado,2018,18,Mediocampista,4,4,3,0,0,0.0,1,0,2,0,2,12
7739,Andres Guardado,2022,18,Mediocampista,1,1,1,2,0,0.0,0,0,0,0,1,22
4948,Andrés Iniesta,2006,13,Mediocampista,1,1,0,3,0,0.0,0,0,1,0,0,9
4948,Andrés Iniesta,2010,6,Mediocampista,6,6,0,1,2,0.33,1,0,5,0,1,1
4948,Andrés Iniesta,2014,6,Mediocampista,3,3,0,0,0,0.0,0,0,1,0,2,23
4948,Andrés Iniesta,2018,6,Mediocampista,4,3,0,0,0,0.0,0,0,1,3,0,10
731,Andres Prieto,1950,-,Delantero,2,2,0,1,1,0.5,0,0,1,0,1,9
5997,Andres Scotti,2010,19,Defensor,2,0,0,5,0,0.0,0,0,1,1,0,4
2745,Andrew Auld,1930,-,Delantero,3,3,0,0,0,0.0,0,0,2,0,1,3
7348,Andrew Nabbout,2018,11,Delantero,2,2,0,1,0,0.0,0,0,0,1,1,30
7354,Andrew Redmayne,2022,12,Arquero,0,0,0,4,0,0.0,0,0,0,0,0,11
7281,Andrew Williams,1998,9,Delantero,1,0,0,2,0,0.0,0,0,0,0,1,22
349,Andrey Lunyov,2018,12,Arquero,0,0,0,5,0,0.0,0,0,0,0,0,8
390,Andrey Semenov,2014,5,Defensor,0,0,0,3,0,0.0,0,0,0,0,0,24
423,Andrey Yeshchenko,2014,22,Defensor,2,1,0,1,0,0.0,0,0,0,1,1,24
6453,Andries Noppert,2022,23,Arquero,5,5,0,0,0,0.0,0,0,3,2,0,5
3536,Andrija Ankovic,1962,7,Mediocampista,1,1,0,5,0,0.0,0,0,1,0,0,4
3770,Andrija Živković,2018,7,Mediocampista,1,0,0,2,0,0.0,0,0,0,0,1,23
3770,Andrija Živković,2022,14,Mediocampista,3,3,0,0,0,0.0,0,0,0,1,2,29
4860,Andrinua,1990,4,Defensor,4,4,0,0,0,0.0,0,0,2,1,1,10
7105,Andriy Gusin,2006,14,Mediocampista,5,3,0,0,0,0.0,0,0,2,1,2,8
7110,Andriy Nesmachnyi,2006,2,Defensor,5,5,0,0,0,0.0,1,0,2,1,2,8
7111,Andriy Pyatov,2006,12,Arquero,0,0,0,5,0,0.0,0,0,0,0,0,8
7114,Andriy Rusol,2006,6,Defensor,4,4,0,1,1,0.25,2,0,2,0,2,8
7116,Andriy Shevchenko,2006,7,Delantero,5,5,5,0,2,0.4,0,0,2,1,2,8
7122,Andriy Vorobey,2006,16,Delantero,4,1,0,1,0,0.0,0,0,1,1,2,8
7123,Andriy Voronin,2006,10,Delantero,4,4,0,1,0,0.0,0,0,2,1,1,8
3041,Andrzej Buncol,1982,13,Mediocampista,7,7,0,0,1,0.14,2,0,3,3,1,3
3041,Andrzej Buncol,1986,15,Mediocampista,2,1,0,2,0,0.0,0,0,0,1,1,14
3057,Andrzej Fischer,1974,1,Arquero,0,0,0,7,0,0.0,0,0,0,0,0,3
3076,Andrzej Iwan,1978,7,Delantero,2,1,0,4,0,0.0,0,0,2,0,0,5
3076,Andrzej Iwan,1982,19,Delantero,2,2,0,5,0,0.0,0,0,0,2,0,3
3136,Andrzej Palasz,1982,14,Mediocampista,2,1,0,5,0,0.0,1,0,0,1,1,3
3136,Andrzej Palasz,1986,16,Delantero,0,0,0,4,0,0.0,0,0,0,0,0,14
3160,Andrzej Szarmach,1974,17,Delantero,6,6,0,1,5,0.83,1,0,6,0,0,3
3160,Andrzej Szarmach,1978,17,Delantero,5,5,0,1,1,0.2,0,0,2,1,2,5
3160,Andrzej Szarmach,1982,17,Delantero,2,1,0,5,1,0.5,0,0,1,1,0,3
3184,Andrzej Zgutczynski,1986,17,Delantero,1,0,0,3,0,0.0,0,0,1,0,0,14
5105,Andy Barron,2010,13,Mediocampista,1,0,0,2,0,0.0,0,0,0,1,0,22
5108,Andy Boyens,2010,18,Defensor,0,0,0,3,0,0.0,0,0,0,0,0,22
8079,Andy Egli,1994,13,Defensor,0,0,0,4,0,0.0,0,0,0,0,0,15
2331,Andy Goram,1986,12,Arquero,0,0,0,3,0,0.0,0,0,0,0,0,19
2331,Andy Goram,1990,12,Arquero,0,0,0,3,0,0.0,0,0,0,0,0,18
227,Andy Najar,2014,17,Mediocampista,2,1,0,1,0,0.0,0,0,0,0,2,31
7477,Andy O'Brien,2002,20,Defensor,0,0,0,4,0,0.0,0,0,0,0,0,12
4623,Andy Pichler,1982,12,Mediocampista,1,1,0,4,0,0.0,1,0,0,1,0,8
2196,Andy Polo,2018,14,Mediocampista,0,0,0,3,0,0.0,0,0,0,0,0,20
7488,Andy Townsend,1990,13,Mediocampista,5,5,0,0,0,0.0,0,0,0,4,1,8
7488,Andy Townsend,1994,7,Mediocampista,4,4,4,0,0,0.0,0,0,1,1,2,16
8016,Anel Hadzic,2014,21,Mediocampista,1,1,0,2,0,0.0,0,0,1,0,0,20
8276,Anele Ngcongca,2010,5,Defensor,1,1,0,2,0,0.0,0,0,1,0,0,20
5654,Anfilogino Guarisi,1934,-,Delantero,1,1,0,4,0,0.0,0,0,1,0,0,1
5177,Angel Bargas,1974,5,Defensor,3,3,0,3,0,0.0,1,0,0,1,2,8
4324,Angel Berni,1950,-,Delantero,0,0,0,2,0,0.0,0,0,0,0,0,11
5194,Angel Bossio,1930,-,Arquero,3,3,1,2,0,0.0,0,0,3,0,0,2
5826,Angel Cabrera,1962,22,Mediocampista,2,2,0,1,1,0.5,0,0,0,0,2,13
5222,Angel Comizzo,1990,1,Arquero,0,0,0,7,0,0.0,0,0,0,0,0,2
5224,Ángel Correa,2022,15,Delantero,1,0,0,6,0,0.0,0,0,1,0,0,1
1837,Angel Di Maria,2010,7,Mediocampista,5,4,0,0,0,0.0,0,0,4,0,1,5
1837,Angel Di Maria,2014,7,Mediocampista,5,5,0,2,1,0.2,1,0,5,0,0,2
1837,Angel Di Maria,2018,11,Mediocampista,3,3,0,1,1,0.33,0,0,1,1,1,16
1837,Angel Di Maria,2022,11,Delantero,5,4,0,2,1,0.2,0,0,2,2,1,1
30,Angel Fernandez,2002,13,Delantero,0,0,0,3,0,0.0,0,0,0,0,0,24
5276,Angel Grippa,1934,-,Arquero,0,0,0,1,0,0.0,0,0,0,0,0,9
5293,Angel Labruna,1958,11,Delantero,2,2,0,1,0,0.0,0,0,1,0,1,13
5923,Angel Melogno,1930,-,Mediocampista,0,0,0,4,0,0.0,0,0,0,0,0,1
46,Ángel Mena,2022,15,Mediocampista,0,0,0,3,0,0.0,0,0,0,0,0,18
5614,Angelo Di Livio,1998,15,Mediocampista,5,2,0,0,0,0.0,1,0,3,2,0,5
5614,Angelo Di Livio,2002,16,Mediocampista,2,0,0,2,0,0.0,0,0,1,0,1,15
5617,Angelo Domenghini,1970,13,Delantero,6,6,0,0,1,0.17,1,0,3,2,1,2
5716,Angelo Palombo,2010,17,Mediocampista,0,0,0,3,0,0.0,0,0,0,0,0,26
5730,Angelo Peruzzi,2006,12,Arquero,0,0,0,7,0,0.0,0,0,0,0,0,1
61,Angelo Preciado,2022,17,Defensor,3,3,0,0,0,0.0,0,0,1,1,1,18
5757,Angelo Schiavio,1934,-,Delantero,4,4,0,1,4,1.0,0,0,3,1,0,1
5768,Angelo Sormani,1962,15,Delantero,1,1,0,2,0,0.0,0,0,1,0,0,9
2580,Angelos Charisteas,2010,9,Delantero,1,1,0,2,0,0.0,0,0,0,0,1,25
2636,Anibal Alzate,1962,4,Defensor,2,2,0,1,0,0.0,0,0,0,1,1,14
8422,Aníbal Godoy,2018,20,Mediocampista,3,3,0,0,0,0.0,1,0,0,0,3,32
5949,Anibal Paz,1950,-,Arquero,1,1,0,3,0,0.0,0,0,1,0,0,1
5419,Anibal Tarabini,1966,22,Delantero,0,0,0,4,0,0.0,0,0,0,0,0,5
7152,Anice Badri,2018,9,Mediocampista,3,2,0,0,0,0.0,1,0,1,0,2,24
7150,Anis Ayari,2006,19,Defensor,2,2,0,1,0,0.0,1,0,0,0,2,24
7250,Anis Slimane,2022,25,Delantero,2,2,0,1,0,0.0,0,0,1,1,0,21
7422,Anker Kihle,1938,-,Arquero,0,0,0,1,0,0.0,0,0,0,0,0,12
4918,Ansu Fati,2022,25,Delantero,2,0,0,2,0,0.0,0,0,0,1,1,13
7555,Antal Kotasz,1958,15,Mediocampista,2,2,0,2,0,0.0,0,0,1,0,1,10
7578,Antal Nagy,1966,20,Delantero,0,0,0,4,0,0.0,0,0,0,0,0,6
7578,Antal Nagy,1986,8,Defensor,3,2,2,0,0,0.0,0,0,1,0,2,18
7592,Antal Roth,1986,3,Defensor,3,2,0,0,0,0.0,0,0,1,0,2,18
7605,Antal Szabo,1934,-,Arquero,2,2,0,0,0,0.0,0,0,1,0,1,6
7605,Antal Szabo,1938,-,Arquero,3,3,0,1,0,0.0,0,0,2,0,1,2
7606,Antal Szalay,1934,-,Mediocampista,1,1,0,1,0,0.0,0,0,0,0,1,6
7606,Antal Szalay,1938,-,Mediocampista,3,3,0,1,0,0.0,0,0,2,0,1,2
7609,Antal Szentimihalyi,1962,21,Arquero,0,0,0,4,0,0.0,0,0,0,0,0,5
7609,Antal Szentimihalyi,1966,1,Arquero,1,1,0,3,0,0.0,0,0,0,0,1,6
1087,Ante Budimir,2022,17,Delantero,2,0,0,5,0,0.0,0,0,0,2,0,3
7298,Ante Covic,2006,12,Arquero,0,0,0,4,0,0.0,0,0,0,0,0,16
1139,Ante Rebic,2014,16,Delantero,2,0,0,1,0,0.0,0,1,1,0,1,19
1139,Ante Rebic,2018,18,Delantero,6,6,0,1,1,0.17,2,0,3,2,1,2
6897,Anther Yahia,2010,4,Defensor,3,3,3,0,0,0.0,0,1,0,1,2,28
1457,Anthony Annan,2010,6,Mediocampista,5,5,0,0,0,0.0,1,0,2,2,1,7
1987,Anthony Contreras,2022,7,Delantero,3,2,0,0,0,0.0,1,0,1,0,2,27
8413,Anthony De Avila,1994,7,Delantero,2,1,0,1,0,0.0,1,0,1,0,1,19
8413,Anthony De Avila,1998,7,Delantero,2,2,0,1,0,0.0,0,0,1,0,1,21
2009,Anthony Hernández,2022,25,Mediocampista,0,0,0,3,0,0.0,0,0,0,0,0,27
3260,Anthony Lopes,2018,12,Arquero,0,0,0,4,0,0.0,0,0,0,0,0,13
4020,Anthony Reveillere,2010,4,Defensor,0,0,0,3,0,0.0,0,0,0,0,0,29
1143,Anthony Seric,1998,3,Mediocampista,0,0,0,7,0,0.0,0,0,0,0,0,3
1143,Anthony Seric,2002,2,Defensor,0,0,0,3,0,0.0,0,0,0,0,0,23
1143,Anthony Seric,2006,20,Mediocampista,0,0,0,3,0,0.0,0,0,0,0,0,22
6730,Anthony Vanden Borre,2014,21,Defensor,1,1,0,4,0,0.0,0,0,1,0,0,6
622,Anthony Wolfe,2006,23,Mediocampista,0,0,0,3,0,0.0,0,0,0,0,0,27
3883,Antoine Cuissard,1954,9,Mediocampista,0,0,0,2,0,0.0,0,0,0,0,0,9
3930,Antoine Griezmann,2014,11,Mediocampista,5,3,0,0,0,0.0,0,0,3,1,1,7
3930,Antoine Griezmann,2018,7,Delantero,7,7,0,0,4,0.57,0,0,6,1,0,1
3930,Antoine Griezmann,2022,7,Delantero,7,6,0,0,0,0.0,1,0,5,1,1,2
1505,Antoine Semenyo,2022,25,Delantero,2,0,0,1,0,0.0,0,0,0,0,2,24
4302,Antolin Alcaraz,2010,21,Defensor,4,4,0,1,1,0.25,1,0,1,2,1,8
1878,Anton Dobos,1998,4,Defensor,1,1,0,3,0,0.0,0,0,0,1,0,11
4587,Anton Janda,1934,-,Defensor,0,0,0,4,0,0.0,0,0,0,0,0,4
510,Anton Krasnohorsky,1954,12,Defensor,0,0,0,2,0,0.0,0,0,0,0,0,14
524,Anton Malatinsky,1954,9,Delantero,0,0,0,2,0,0.0,0,0,0,0,0,14
532,Anton Moravcik,1958,20,Mediocampista,0,0,0,4,0,0.0,0,0,0,0,0,9
4621,Anton Pfeffer,1990,4,Defensor,2,2,0,1,0,0.0,1,0,1,0,1,18
4621,Anton Pfeffer,1998,4,Defensor,3,3,0,0,0,0.0,1,0,0,2,1,23
2874,Antonee Robinson,2022,5,Defensor,4,4,0,0,0,0.0,0,0,1,2,1,14
5600,Antonello Cuccureddu,1978,4,Defensor,5,2,0,2,0,0.0,0,0,3,0,2,4
3061,Antoni Galecki,1938,-,Defensor,1,1,0,0,0,0.0,0,0,0,0,1,11
3116,Antoni Lyko,1938,-,Delantero,0,0,0,1,0,0.0,0,0,0,0,0,11
3164,Antoni Szymanowski,1974,4,Defensor,7,7,0,0,0,0.0,0,0,6,0,1,3
3164,Antoni Szymanowski,1978,4,Defensor,6,6,0,0,0,0.0,0,0,3,1,2,5
464,Antonin Flesar,1970,13,Arquero,0,0,0,3,0,0.0,0,0,0,0,0,15
498,Antonin Kinsky,2006,23,Arquero,0,0,0,3,0,0.0,0,0,0,0,0,20
544,Antonin Panenka,1982,8,Mediocampista,2,1,0,1,2,1.0,1,0,0,2,0,19
560,Antonin Puc,1934,-,Delantero,4,4,0,0,2,0.5,0,0,3,0,1,2
560,Antonin Puc,1938,-,Delantero,1,1,0,2,0,0.0,0,0,0,1,0,5
594,Antonin Vodicka,1934,-,Mediocampista,0,0,0,4,0,0.0,0,0,0,0,0,2
5806,Antonio Alzamendi,1986,7,Delantero,3,2,0,1,1,0.33,0,0,0,2,1,16
5806,Antonio Alzamendi,1990,7,Delantero,3,2,0,1,0,0.0,0,0,0,1,2,16
2639,Antonio Arias,1974,4,Defensor,3,3,0,0,0,0.0,0,0,0,2,1,11
5542,Antonio Benarrivo,1994,3,Defensor,6,6,0,1,0,0.0,0,0,4,2,0,2
4877,Antonio Betancourt,1966,12,Arquero,0,0,0,3,0,0.0,0,0,0,0,0,10
4878,Antonio Biosca,1978,6,Defensor,2,1,0,1,0,0.0,0,0,1,1,0,10
5826,Antonio Cabrera,1950,-,Defensor,0,0,0,2,0,0.0,0,0,0,0,0,11
5563,Antonio Cabrini,1978,3,Defensor,7,7,0,0,0,0.0,1,0,4,1,2,4
5563,Antonio Cabrini,1982,4,Defensor,7,7,0,0,1,0.14,0,0,4,3,0,1
5563,Antonio Cabrini,1986,3,Defensor,4,4,0,0,0,0.0,1,0,1,2,1,12
5567,Antonio Candreva,2014,6,Mediocampista,2,2,0,1,0,0.0,0,0,1,0,1,22
7675,Antonio Carbajal,1950,-,Arquero,3,3,0,0,0,0.0,0,0,0,0,3,12
7675,Antonio Carbajal,1954,1,Arquero,1,1,0,1,0,0.0,0,0,0,0,1,13
7675,Antonio Carbajal,1958,1,Arquero,3,3,3,0,0,0.0,0,0,0,1,2,16
7675,Antonio Carbajal,1962,1,Arquero,3,3,3,0,0,0.0,0,0,1,0,2,11
7675,Antonio Carbajal,1966,1,Arquero,1,1,0,2,0,0.0,0,0,0,1,0,12
5576,Antonio Cassano,2014,10,Delantero,2,0,0,1,0,0.0,0,0,0,0,2,22
5594,Antonio Conte,1994,15,Mediocampista,2,1,0,5,0,0.0,0,0,2,0,0,2
4907,Antonio De La Cruz,1978,2,Defensor,1,1,0,2,0,0.0,0,0,0,0,1,10
7702,Antonio De La Torre,1978,7,Mediocampista,3,3,0,0,0,0.0,0,0,0,0,3,16
5613,Antonio Di Gennaro,1986,14,Mediocampista,4,3,0,0,0,0.0,1,0,1,2,1,12
5616,Antonio Di Natale,2010,10,Delantero,3,1,0,0,1,0.33,0,0,0,2,1,26
7716,Antonio Flores,1950,-,Mediocampista,1,1,0,2,0,0.0,0,0,0,0,1,12
4714,Antonio Grecco,1950,-,Mediocampista,1,1,0,0,0,0.0,0,0,0,0,1,13
4943,Antonio Guzman,1978,12,Mediocampista,1,0,0,2,0,0.0,0,0,0,1,0,10
7758,Antonio Jasso,1962,19,Delantero,2,2,0,1,0,0.0,0,0,0,0,2,11
5662,Antonio Juliano,1966,10,Mediocampista,0,0,0,3,0,0.0,0,0,0,0,0,9
5662,Antonio Juliano,1970,18,Mediocampista,1,0,0,5,0,0.0,0,0,0,0,1,2
5662,Antonio Juliano,1974,16,Mediocampista,0,0,0,3,0,0.0,0,0,0,0,0,10
4973,Antonio Lopez,2006,12,Defensor,1,1,0,3,0,0.0,0,0,1,0,0,9
4978,Antonio Maceda,1982,14,Defensor,1,0,0,4,0,0.0,0,0,0,1,0,12
4978,Antonio Maceda,1986,4,Defensor,1,1,0,4,0,0.0,0,0,0,0,1,7
2184,Antonio Maquilon,1930,-,Defensor,1,1,1,1,0,0.0,0,0,0,0,1,10
7793,Antonio Moreno,1998,16,Defensor,1,1,0,2,0,0.0,0,0,0,0,1,21
7795,Antonio Mota,1962,22,Arquero,0,0,0,3,0,0.0,0,0,0,0,0,11
7795,Antonio Mota,1970,12,Arquero,0,0,0,4,0,0.0,0,0,0,0,0,6
7796,Antonio Munguia,1970,8,Mediocampista,4,3,0,0,0,0.0,0,0,2,1,1,6
5009,Antonio Olmo,1978,16,Defensor,2,2,0,1,0,0.0,0,0,1,1,0,10
8167,Antonio Permunian,1962,2,Arquero,0,0,0,3,0,0.0,0,0,0,0,0,16
5026,Antonio Puchades,1950,-,Mediocampista,6,6,0,0,0,0.0,0,0,3,1,2,4
2710,Antonio Rada,1962,20,Delantero,2,2,0,1,1,0.5,0,0,0,1,1,14
5034,Antonio Ramallets,1950,-,Arquero,4,4,0,2,0,0.0,0,0,2,1,1,4
5374,Antonio Rattin,1962,16,Mediocampista,1,1,0,2,0,0.0,0,0,0,0,1,10
5374,Antonio Rattin,1966,10,Mediocampista,4,4,4,0,0,0.0,1,1,2,1,1,5
5384,Antonio Roma,1962,1,Arquero,2,2,0,1,0,0.0,0,0,1,0,1,10
5384,Antonio Roma,1966,1,Arquero,4,4,0,0,0,0.0,0,0,2,1,1,5
6262,Antonio Rüdiger,2018,16,Defensor,1,1,0,2,0,0.0,0,0,1,0,0,22
6262,Antonio Rüdiger,2022,2,Defensor,3,3,0,0,0,0.0,0,0,1,1,1,17
3715,Antonio Rukavina,2010,2,Defensor,0,0,0,3,0,0.0,0,0,0,0,0,23
3715,Antonio Rukavina,2018,2,Defensor,2,1,0,1,0,0.0,0,0,1,0,1,23
6002,António Silva,2022,24,Defensor,1,1,0,4,0,0.0,0,0,0,0,1,8
3199,Antonio Sousa,1986,3,Mediocampista,3,3,0,0,0,0.0,0,0,1,0,2,17
5431,Antonio Valencia,1950,-,Mediocampista,1,1,0,0,0,0.0,0,0,0,0,1,13
2607,Antonis Minou,1994,1,Arquero,1,1,0,2,0,0.0,0,0,0,0,1,24
1538,Antony,2022,19,Delantero,4,1,0,1,0,0.0,0,0,2,1,1,7
4861,Antunez,1950,-,Defensor,1,1,0,5,0,0.0,0,0,1,0,0,4
4681,Anwar Sutan,1938,-,Mediocampista,1,1,0,0,0,0.0,0,0,0,0,1,15
316,Anzor Kavazashvili,1966,21,Arquero,2,2,0,4,0,0.0,0,0,2,0,0,4
316,Anzor Kavazashvili,1970,2,Arquero,4,4,0,0,0,0.0,0,0,2,1,1,5
172,Ao Tanaka,2022,17,Mediocampista,3,2,0,1,1,0.33,0,0,2,1,0,9
1539,Araken,1930,-,Delantero,1,1,0,1,0,0.0,0,0,0,0,1,6
4862,Aranzabal,1998,3,Defensor,0,0,0,3,0,0.0,0,0,0,0,0,17
4863,Araquistain,1962,1,Arquero,1,1,0,2,0,0.0,0,0,0,0,1,12
4092,Arash Borhani,2006,15,Delantero,2,0,0,1,0,0.0,0,0,0,1,1,26
5298,Arcadio Lopez,1934,-,Mediocampista,1,1,0,0,0,0.0,0,0,0,0,1,9
2329,Archie Gemmill,1978,15,Mediocampista,3,2,1,0,2,0.67,1,0,1,1,1,11
2401,Archie Robertson,1958,20,Delantero,1,1,0,2,0,0.0,0,0,0,0,1,14
7372,Archie Thompson,2006,17,Delantero,0,0,0,4,0,0.0,0,0,0,0,0,16
1110,Ardian Kozniku,1998,16,Delantero,0,0,0,7,0,0.0,0,0,0,0,0,3
5671,Ardico Magnini,1954,13,Defensor,2,2,0,1,0,0.0,0,0,1,0,1,10
8126,Ardon Jashari,2022,26,Mediocampista,1,0,0,3,0,0.0,0,0,0,0,1,12
1540,Argemiro,1938,-,Mediocampista,1,1,0,4,0,0.0,0,0,1,0,0,3
7145,Ari Skúlason,2018,23,Defensor,2,0,0,1,0,0.0,0,0,0,1,1,28
6394,Arie De Winter,1938,-,Delantero,0,0,0,1,0,0.0,0,0,0,0,0,14
6410,Arie Haan,1974,2,Mediocampista,7,7,0,0,0,0.0,0,0,5,1,1,2
6410,Arie Haan,1978,9,Mediocampista,6,6,0,1,2,0.33,1,0,3,2,1,2
6475,Arie Schoemaker,1934,-,Delantero,0,0,0,1,0,0.0,0,0,0,0,0,9
1541,Ariel,1934,-,Mediocampista,0,0,0,1,0,0.0,0,0,0,0,0,14
5266,Ariel Garce,2010,12,Defensor,0,0,0,5,0,0.0,0,0,0,0,0,5
5337,Ariel Ortega,1994,17,Delantero,3,1,0,1,0,0.0,0,0,1,0,2,10
5337,Ariel Ortega,1998,10,Delantero,5,5,0,0,2,0.4,2,1,3,1,1,6
5337,Ariel Ortega,2002,10,Mediocampista,3,3,0,0,0,0.0,0,0,1,1,1,18
5462,Arif Erdem,2002,6,Delantero,4,0,0,3,0,0.0,0,0,1,1,2,3
5655,Aristide Guarneri,1966,8,Defensor,1,1,0,2,0,0.0,0,0,0,0,1,9
6804,Aristide Zogbo,2010,16,Arquero,0,0,0,3,0,0.0,0,0,0,0,0,17
4412,Aristides Rojas,1998,8,Delantero,3,1,0,1,0,0.0,1,0,1,1,1,14
6471,Arjen Robben,2006,11,Delantero,3,3,0,1,1,0.33,1,0,2,0,1,11
6471,Arjen Robben,2010,11,Delantero,5,4,0,2,2,0.4,2,0,4,0,1,2
6471,Arjen Robben,2014,11,Delantero,7,7,1,0,3,0.43,1,0,5,2,0,3
3028,Arkadiusz Bak,2002,17,Mediocampista,1,0,0,2,0,0.0,1,0,0,0,1,25
3066,Arkadiusz Glowacki,2002,13,Defensor,1,1,0,2,0,0.0,0,0,1,0,0,25
3127,Arkadiusz Milik,2018,7,Delantero,1,1,0,2,0,0.0,0,0,0,0,1,25
3127,Arkadiusz Milik,2022,7,Delantero,3,1,0,1,0,0.0,1,0,1,1,1,15
3146,Arkadiusz Radomski,2006,16,Mediocampista,3,3,0,0,0,0.0,1,0,1,0,2,21
4004,Armand Penverne,1954,14,Defensor,1,1,0,1,0,0.0,0,0,0,0,1,9
4004,Armand Penverne,1958,13,Mediocampista,6,6,1,0,0,0.0,0,0,4,0,2,3
1542,Armandinho,1934,-,Delantero,1,1,0,0,0,0.0,0,0,0,0,1,14
5577,Armando Castellazzi,1934,-,Mediocampista,1,1,0,4,0,0.0,0,0,0,1,0,1
8417,Armando Cooper,2018,11,Mediocampista,2,2,0,1,0,0.0,2,0,0,0,2,32
7738,Armando Gonzalez,1950,-,Mediocampista,0,0,0,2,0,0.0,0,0,0,0,0,11
7776,Armando Manzo,1986,4,Defensor,0,0,0,5,0,0.0,0,0,0,0,0,6
5760,Armando Segato,1954,17,Mediocampista,1,1,0,2,0,0.0,0,0,0,0,1,10
770,Armando Tobar,1962,21,Delantero,4,4,0,2,0,0.0,0,0,2,0,2,3
770,Armando Tobar,1966,18,Delantero,1,1,0,2,0,0.0,0,0,0,0,1,13
6054,Armel Bella-Kotchap,2022,25,Defensor,0,0,0,3,0,0.0,0,0,0,0,0,17
8162,Arnaldo Ortelli,1934,-,Defensor,0,0,0,2,0,0.0,0,0,0,0,0,7
7396,Arne Brustad,1938,-,Delantero,1,1,0,0,1,1.0,0,0,0,0,1,12
6099,Arne Friedrich,2006,3,Defensor,6,6,0,1,0,0.0,1,0,4,1,1,3
6099,Arne Friedrich,2010,3,Defensor,7,7,0,0,1,0.14,2,0,5,0,2,3
7414,Arne Ileby,1938,-,Delantero,0,0,0,1,0,0.0,0,0,0,0,0,12
3449,Arne Linderholm,1938,-,Mediocampista,1,1,0,2,0,0.0,0,0,0,0,1,4
3461,Arne Mansson,1950,-,Defensor,0,0,0,5,0,0.0,0,0,0,0,0,3
3480,Arne Nyberg,1938,-,Delantero,3,3,0,0,3,1.0,0,0,1,0,2,4
3506,Arne Selmonsson,1958,10,Delantero,1,1,0,5,0,0.0,0,0,0,1,0,2
2857,Arnie Oliver,1930,-,Mediocampista,0,0,0,3,0,0.0,0,0,0,0,0,3
6548,Arnold Badjou,1930,-,Arquero,2,2,0,0,0,0.0,0,0,0,0,2,11
6548,Arnold Badjou,1934,-,Arquero,0,0,0,1,0,0.0,0,0,0,0,0,15
6548,Arnold Badjou,1938,-,Arquero,1,1,0,0,0,0.0,0,0,0,0,1,13
4666,Arnold Wetl,1998,15,Mediocampista,3,3,0,0,0,0.0,0,0,0,2,1,23
2682,Arnoldo Iguaran,1990,16,Delantero,3,2,0,1,0,0.0,0,0,1,0,2,14
7147,Arnór Ingvi Traustason,2018,21,Mediocampista,1,0,0,2,0,0.0,0,0,0,0,1,28
513,Arnost Kreuz,1938,-,Delantero,1,1,0,2,0,0.0,0,0,0,0,1,5
7134,Aron Gunnarsson,2018,17,Mediocampista,3,3,3,0,0,0.0,0,0,0,1,2,28
2820,Aron Jóhannsson,2014,9,Delantero,1,0,0,3,0,0.0,0,0,1,0,0,15
6537,Aron Winter,1990,20,Mediocampista,1,1,0,3,0,0.0,0,0,0,0,1,15
6537,Aron Winter,1994,20,Mediocampista,3,3,0,2,1,0.33,1,0,2,0,1,7
6537,Aron Winter,1998,20,Mediocampista,4,2,0,3,0,0.0,0,0,1,3,0,4
6787,Arouna Kone,2006,9,Delantero,3,2,0,0,0,0.0,0,0,1,0,2,19
2436,Arsene Auguste,1974,3,Defensor,2,2,0,1,0,0.0,0,0,0,0,2,15
289,Artem Dzyuba,2018,22,Delantero,5,4,0,0,3,0.6,0,0,2,2,1,8
7108,Artem Milevskiy,2006,15,Delantero,4,1,0,1,0,0.0,0,0,2,1,1,8
2282,Arthur Albiston,1986,15,Defensor,1,1,0,2,0,0.0,0,0,0,1,0,19
6765,Arthur Boka,2006,3,Defensor,3,3,0,0,0,0.0,1,0,1,0,2,19
6765,Arthur Boka,2010,3,Defensor,1,1,0,2,0,0.0,0,0,1,0,0,17
6765,Arthur Boka,2014,3,Defensor,3,3,0,0,0,0.0,0,0,1,0,2,21
6454,Arthur Numan,1994,16,Defensor,1,0,0,4,0,0.0,0,0,1,0,0,7
6454,Arthur Numan,1998,5,Defensor,6,6,0,1,0,0.0,1,1,3,2,1,4
6701,Arthur Theate,2022,3,Defensor,0,0,0,3,0,0.0,0,0,0,0,0,23
3036,Artur Boruc,2006,1,Arquero,3,3,0,0,0,0.0,2,0,1,0,2,21
6570,Artur Ceuleers,1938,-,Delantero,0,0,0,1,0,0.0,0,0,0,0,0,13
3080,Artur Jędrzejczyk,2018,3,Defensor,1,1,0,2,0,0.0,0,0,1,0,0,25
3080,Artur Jędrzejczyk,2022,3,Defensor,1,0,0,3,0,0.0,0,0,0,0,1,15
7686,Arturo Chaires,1962,13,Defensor,0,0,0,3,0,0.0,0,0,0,0,0,11
7686,Arturo Chaires,1966,2,Defensor,3,3,0,0,0,0.0,0,0,0,2,1,12
650,Arturo Coddou,1930,-,Delantero,0,0,0,3,0,0.0,0,0,0,0,0,5
669,Arturo Farias,1950,-,Defensor,3,3,0,0,0,0.0,0,0,1,0,2,9
7715,Arturo Fernandez,1930,-,Defensor,0,0,0,2,0,0.0,0,0,0,0,0,10
772,Arturo Torres,1930,-,Mediocampista,3,3,0,0,0,0.0,0,0,2,0,1,5
7886,Arturo Vasquez,1978,5,Defensor,3,3,3,0,1,0.33,1,0,0,0,3,16
6029,Arturo Vidal,2010,8,Mediocampista,4,4,0,0,0,0.0,1,0,2,0,2,10
6029,Arturo Vidal,2014,8,Mediocampista,3,3,0,1,0,0.0,1,0,2,1,0,9
6770,Aruna Dindane,2006,15,Delantero,3,1,0,0,2,0.67,1,0,1,0,2,19
6770,Aruna Dindane,2010,15,Delantero,3,2,0,0,0,0.0,0,0,1,1,1,17
3526,Arvid Thoern,1934,-,Delantero,0,0,0,2,0,0.0,0,0,0,0,0,8
2340,Asa Hartford,1978,10,Mediocampista,3,3,0,0,0,0.0,0,0,1,1,1,11
2340,Asa Hartford,1982,16,Mediocampista,1,1,0,2,0,0.0,0,0,0,0,1,15
1474,Asamoah Gyan,2006,3,Delantero,3,3,0,1,1,0.33,2,1,1,0,2,13
1474,Asamoah Gyan,2010,3,Delantero,5,5,0,0,3,0.6,0,0,2,2,1,7
1474,Asamoah Gyan,2014,3,Delantero,3,3,3,0,2,0.67,0,0,0,1,2,25
4098,Ashkan Dejagah,2014,21,Mediocampista,3,3,0,0,0,0.0,0,0,0,1,2,28
4098,Ashkan Dejagah,2018,21,Delantero,0,0,0,3,0,0.0,0,0,0,0,0,18
1249,Ashley Cole,2002,3,Defensor,5,5,0,0,0,0.0,1,0,2,2,1,6
1249,Ashley Cole,2006,3,Defensor,5,5,0,0,0,0.0,0,0,3,2,0,7
1249,Ashley Cole,2010,3,Defensor,4,4,0,0,0,0.0,0,0,1,2,1,13
1439,Ashley Young,2018,18,Defensor,5,5,0,2,0,0.0,0,0,3,1,1,4
2096,Ashraf Kasem,1990,6,Defensor,0,0,0,3,0,0.0,0,0,0,0,0,20
8010,Asmir Avdukic,2014,22,Arquero,0,0,0,3,0,0.0,0,0,0,0,0,20
8011,Asmir Begovic,2014,1,Arquero,3,3,0,0,0,0.0,0,0,1,0,2,20
2981,Asparukh Nikodimov,1970,16,Mediocampista,2,2,0,1,1,0.5,0,0,0,1,1,13
2981,Asparukh Nikodimov,1974,17,Defensor,2,2,0,1,0,0.0,0,0,0,2,0,12
6347,Assim Madibo,2022,23,Mediocampista,2,2,0,1,0,0.0,1,0,0,0,2,32
6924,Assimiou Toure,2006,23,Defensor,2,1,0,1,0,0.0,0,0,0,0,2,30
2973,Atanas Mikhailov,1974,9,Delantero,3,0,0,0,0,0.0,0,0,0,2,1,12
2987,Atanas Pashev,1986,19,Mediocampista,1,1,0,3,0,0.0,0,0,0,0,1,15
2616,Athanasios Prittas,2010,23,Mediocampista,0,0,0,3,0,0.0,0,0,0,0,0,25
603,Atiba Charles,2006,17,Defensor,0,0,0,3,0,0.0,0,0,0,0,0,27
2471,Atiba Hutchinson,2022,13,Mediocampista,3,2,2,0,0,0.0,0,0,0,0,3,31
5808,Atilio Ancheta,1970,2,Defensor,6,6,0,0,0,0.0,0,0,2,1,3,4
656,Atilio Cremaschi,1950,-,Delantero,3,3,0,0,2,0.67,0,0,1,0,2,9
5611,Atilio Demaria,1930,-,Delantero,1,1,0,4,0,0.0,0,0,1,0,0,2
5611,Atilio Demaria,1934,-,Delantero,1,1,0,4,0,0.0,0,0,1,0,0,1
7769,Atilio Lopez,1950,-,Delantero,2,2,0,0,1,0.5,0,0,0,1,1,11
185,Atsushi Yanagisawa,2002,13,Delantero,3,3,0,1,0,0.0,0,0,2,1,0,9
185,Atsushi Yanagisawa,2006,13,Delantero,2,2,0,1,0,0.0,0,0,0,1,1,29
178,Atsuto Uchida,2010,6,Defensor,0,0,0,4,0,0.0,0,0,0,0,0,9
178,Atsuto Uchida,2014,2,Defensor,3,3,0,0,0,0.0,0,0,0,1,2,29
1543,Attila,1934,-,Delantero,0,0,0,1,0,0.0,0,0,0,0,0,14
7282,Attila Abonyi,1974,11,Delantero,2,1,0,1,0,0.0,0,0,0,1,1,14
7546,Attila Kerekes,1982,18,Defensor,1,1,0,2,0,0.0,0,0,0,1,0,14
5629,Attilio Ferraris,1934,-,Mediocampista,3,3,0,2,0,0.0,0,0,3,0,0,1
5648,Attilio Giovannini,1950,-,Defensor,1,1,0,1,0,0.0,0,0,0,0,1,7
8136,August Lehmann,1938,-,Defensor,3,3,0,0,0,0.0,0,0,1,1,1,6
6630,Auguste Hellemans,1930,-,Mediocampista,2,2,0,0,0,0.0,0,0,0,0,2,11
6630,Auguste Hellemans,1934,-,Mediocampista,0,0,0,1,0,0.0,0,0,0,0,0,15
5173,Augustin Balbuena,1974,4,Delantero,4,3,0,2,0,0.0,0,0,1,0,3,8
3868,Augustin Chantrel,1930,-,Mediocampista,3,3,0,0,0,0.0,0,0,1,0,2,7
1873,Augustin Deleanu,1970,13,Defensor,0,0,0,3,0,0.0,0,0,0,0,0,10
4470,Augustine Eguavoen,1994,2,Defensor,3,3,0,1,0,0.0,1,0,1,0,2,9
4470,Augustine Eguavoen,1998,17,Defensor,1,1,0,3,0,0.0,1,0,0,0,1,12
970,Augustine Simo,1998,14,Mediocampista,1,1,0,2,0,0.0,0,0,0,1,0,25
3255,Augusto,1950,-,Defensor,6,6,6,0,0,0.0,0,0,4,1,1,2
5252,Augusto Fernández,2014,13,Mediocampista,0,0,0,7,0,0.0,0,0,0,0,0,2
5670,Augusto Magli,1950,-,Mediocampista,1,1,0,1,0,0.0,0,0,0,0,1,7
59,Augusto Poroso,2002,2,Defensor,3,3,0,0,0,0.0,1,0,1,0,2,24
4430,Aureliano Torres,2010,17,Defensor,2,1,0,3,0,0.0,0,0,1,1,0,8
876,Aurelien Chedjou,2010,14,Defensor,1,1,0,2,0,0.0,0,0,0,0,1,31
876,Aurelien Chedjou,2014,14,Defensor,2,2,0,1,0,0.0,0,0,0,0,2,32
4048,Aurélien Tchouaméni,2022,8,Mediocampista,7,7,0,0,1,0.14,1,0,5,1,1,2
4375,Aurelio Gonzalez,1930,-,Delantero,2,2,0,0,0,0.0,0,0,1,0,1,9
620,Aurtis Whitley,2006,9,Mediocampista,3,2,0,0,0,0.0,2,0,0,1,2,27
4472,Austin Ejide,2002,12,Arquero,0,0,0,3,0,0.0,0,0,0,0,0,27
4472,Austin Ejide,2010,16,Arquero,0,0,0,3,0,0.0,0,0,0,0,0,27
4472,Austin Ejide,2014,16,Arquero,0,0,0,4,0,0.0,0,0,0,0,0,16
8032,Avdija Vrsajevic,2014,2,Mediocampista,1,1,0,2,1,1.0,0,0,1,0,0,20
611,Avery John,2006,3,Defensor,2,2,0,1,0,0.0,0,1,0,1,1,27
2613,Avraam Papadopoulos,2010,8,Defensor,3,3,0,0,0,0.0,0,0,1,0,2,25
7335,Awer Mabil,2022,11,Delantero,2,0,0,2,0,0.0,0,0,1,0,1,11
4751,Awwad Al Anzi,1994,18,Mediocampista,1,1,0,3,0,0.0,0,0,1,0,0,12
3903,Axel Disasi,2022,3,Defensor,3,1,0,4,0,0.0,0,0,1,1,1,2
6758,Axel Witsel,2014,6,Mediocampista,4,4,0,1,0,0.0,1,0,3,0,1,6
6758,Axel Witsel,2018,6,Mediocampista,6,6,0,1,0,0.0,1,0,5,0,1,3
6758,Axel Witsel,2022,6,Mediocampista,3,3,0,0,0,0.0,0,0,1,1,1,23
2995,Ayan Sadkov,1986,8,Mediocampista,4,4,0,0,0,0.0,0,0,0,2,2,15
180,Ayase Ueda,2022,21,Delantero,1,1,0,3,0,0.0,0,0,0,0,1,9
2071,Ayman Ashraf,2018,12,Defensor,0,0,0,3,0,0.0,0,0,0,0,0,31
2115,Ayman Shawky,1990,17,Delantero,0,0,0,3,0,0.0,0,0,0,0,0,20
2120,Ayman Taher,1990,21,Arquero,0,0,0,3,0,0.0,0,0,0,0,0,20
7185,Aymen Dahmen,2022,16,Arquero,3,3,0,0,0,0.0,0,0,1,1,1,21
7229,Aymen Mathlouthi,2018,16,Arquero,1,1,1,2,0,0.0,0,0,1,0,0,24
7229,Aymen Mathlouthi,2022,1,Arquero,0,0,0,3,0,0.0,0,0,0,0,0,21
4966,Aymeric Laporte,2022,24,Defensor,3,3,0,1,0,0.0,1,0,1,2,0,13
7213,Ayoub El Kaabi,2018,9,Delantero,2,1,0,1,0,0.0,0,0,0,0,2,27
62,Ayrton Preciado,2022,9,Mediocampista,0,0,0,3,0,0.0,0,0,0,0,0,18
5467,Aytac Kadri,1954,21,Delantero,0,0,0,3,0,0.0,0,0,0,0,0,11
8300,Azeddine Amanallah,1986,16,Mediocampista,0,0,0,4,0,0.0,0,0,0,0,0,11
7289,Aziz Behich,2018,16,Defensor,3,3,0,0,0,0.0,1,0,0,1,2,30
7289,Aziz Behich,2022,16,Defensor,4,4,0,0,0,0.0,1,0,2,0,2,11
8317,Aziz Bouderbala,1986,8,Mediocampista,4,4,0,0,0,0.0,0,0,1,2,1,11
8319,Aziz Bouhaddouz,2018,20,Delantero,2,0,0,1,0,0.0,0,0,0,1,1,27
2082,Aziz Fahmy,1934,-,Arquero,0,0,0,1,0,0.0,0,0,0,0,0,13
4471,Azubuike Egwuekwe,2014,6,Defensor,0,0,0,4,0,0.0,0,0,0,0,0,16
8391,Azzedine Ounahi,2022,8,Mediocampista,7,6,0,0,0,0.0,1,0,3,2,2,4
8408,Badou Zaki,1986,1,Arquero,4,4,4,0,0,0.0,0,0,1,2,1,11
8315,Badr Benoun,2022,24,Defensor,3,0,0,4,0,0.0,0,0,1,1,1,4
4149,Bahram Movadat,1978,12,Arquero,0,0,0,3,0,0.0,0,0,0,0,0,14
7386,Bailey Wright,2014,8,Defensor,0,0,0,3,0,0.0,0,0,0,0,0,30
7386,Bailey Wright,2022,8,Defensor,1,0,0,3,0,0.0,0,0,1,0,0,11
4030,Bakari Sagna,2010,2,Defensor,3,3,0,0,0,0.0,0,0,0,1,2,29
4030,Bakari Sagna,2014,15,Defensor,1,1,0,4,0,0.0,0,0,0,1,0,7
6789,Bakary Kone,2006,14,Delantero,3,1,0,0,1,0.33,0,0,1,0,2,19
4165,Bakhtiar Rahmani,2014,18,Mediocampista,0,0,0,3,0,0.0,0,0,0,0,0,28
1545,Baldochi,1970,14,Defensor,0,0,0,6,0,0.0,0,0,0,0,0,1
1546,Baltazar,1950,-,Delantero,2,2,0,4,2,1.0,0,0,1,1,0,2
1546,Baltazar,1954,9,Delantero,2,2,0,1,1,0.5,0,0,1,1,0,6
1029,Bamba Dieng,2022,20,Delantero,4,0,0,0,1,0.25,0,0,2,0,2,10
7995,Ban-suk Oh,2018,4,Defensor,0,0,0,3,0,0.0,0,0,0,0,0,19
3200,Bandeirinha,1986,11,Defensor,0,0,0,3,0,0.0,0,0,0,0,0,17
3290,Barbosa,1950,-,Arquero,6,6,0,0,0,0.0,0,0,4,1,1,2
5132,Barry Pickering,1982,21,Arquero,0,0,0,3,0,0.0,0,0,0,0,0,23
6625,Bart Goor,2002,8,Mediocampista,4,4,0,0,0,0.0,0,0,1,2,1,14
2844,Bart Mcghee,1930,-,Delantero,3,3,0,0,1,0.33,0,0,2,0,1,3
4512,Bartholomew Ogbeche,2002,9,Delantero,2,2,0,1,0,0.0,0,0,0,0,2,27
3032,Bartosz Bereszyński,2018,18,Defensor,3,2,0,0,0,0.0,0,0,1,0,2,25
3032,Bartosz Bereszyński,2022,18,Defensor,4,4,0,0,0,0.0,1,0,1,1,2,15
3033,Bartosz Białkowski,2018,12,Arquero,0,0,0,3,0,0.0,0,0,0,0,0,25
3037,Bartosz Bosacki,2006,19,Defensor,2,2,0,1,2,1.0,0,0,1,0,1,21
6459,Bas Paauwe,1934,-,Mediocampista,0,0,0,1,0,0.0,0,0,0,0,0,9
6459,Bas Paauwe,1938,-,Mediocampista,1,1,0,0,0,0.0,0,0,0,0,1,14
6335,Bassam Al-Rawi,2022,15,Defensor,1,1,0,2,0,0.0,0,0,0,0,1,32
1173,Bassel Gorgis,1986,14,Mediocampista,2,2,0,1,0,0.0,0,1,0,0,2,23
7253,Bassem Srarfi,2018,18,Delantero,1,0,0,2,0,0.0,0,0,1,0,0,24
6280,Bastian Schweinsteiger,2006,7,Mediocampista,7,6,0,0,2,0.29,1,0,5,1,1,3
6280,Bastian Schweinsteiger,2010,7,Mediocampista,7,7,1,0,0,0.0,1,0,5,0,2,3
6280,Bastian Schweinsteiger,2014,7,Mediocampista,6,5,0,1,0,0.0,2,0,5,1,0,1
1548,Batatais,1938,-,Arquero,2,2,0,3,0,0.0,0,0,2,0,0,3
5816,Batista,1978,17,Mediocampista,7,7,0,0,0,0.0,1,0,4,3,0,3
5816,Batista,1982,18,Mediocampista,1,0,0,4,0,0.0,0,0,1,0,0,5
5901,Baudilio Jauregui,1974,2,Defensor,3,3,0,0,0,0.0,1,0,0,1,2,13
6049,Bauer,1950,-,Mediocampista,5,5,0,1,0,0.0,0,0,3,1,1,2
6049,Bauer,1954,6,Defensor,3,3,3,0,0,0.0,0,0,1,1,1,6
6359,Beb Bakhuys,1934,-,Delantero,1,1,0,0,0,0.0,0,0,0,0,1,9
1551,Bebeto,1990,16,Delantero,1,0,0,3,0,0.0,0,0,1,0,0,9
1551,Bebeto,1994,7,Delantero,7,7,0,0,3,0.43,0,0,5,2,0,1
1551,Bebeto,1998,20,Delantero,7,7,0,0,3,0.43,0,0,4,1,2,2
7164,Bechir Ben Said,2022,22,Arquero,0,0,0,3,0,0.0,0,0,0,0,0,21
1309,Bedford Jezzard,1954,20,Delantero,0,0,0,3,0,0.0,0,0,0,0,0,7
4173,Behnam Seraj,1998,19,Delantero,0,0,0,3,0,0.0,0,0,0,0,0,20
4106,Behtash Fariba,1978,3,Delantero,1,0,0,2,0,0.0,0,0,0,0,1,14
7500,Bela Bodonyi,1982,15,Delantero,0,0,0,3,0,0.0,0,0,0,0,0,14
7543,Bela Karpati,1954,12,Defensor,0,0,0,5,0,0.0,0,0,0,0,0,2
7543,Bela Karpati,1958,12,Defensor,0,0,0,4,0,0.0,0,0,0,0,0,10
7544,Bela Katzirz,1982,21,Arquero,0,0,0,3,0,0.0,0,0,0,0,0,14
7559,Bela Kuharszki,1962,19,Delantero,1,1,0,3,0,0.0,0,0,0,1,0,5
3683,Bela Palfi,1950,-,Mediocampista,0,0,0,3,0,0.0,0,0,0,0,0,5
7595,Bela Sarosi,1938,-,Mediocampista,0,0,0,4,0,0.0,0,0,0,0,0,2
7626,Bela Varadi,1978,11,Delantero,0,0,0,3,0,0.0,0,0,0,0,0,15
1552,Belletti,2002,13,Defensor,1,0,0,6,0,0.0,0,0,1,0,0,1
1553,Bellini,1958,2,Defensor,6,6,6,0,0,0.0,0,0,5,1,0,1
1553,Bellini,1962,13,Defensor,0,0,0,6,0,0.0,0,0,0,0,0,1
1553,Bellini,1966,4,Defensor,2,2,2,1,0,0.0,0,0,1,0,1,11
2534,Ben Cabango,2022,24,Defensor,0,0,0,3,0,0.0,0,0,0,0,0,30
2540,Ben Davies,2022,4,Defensor,3,3,0,0,0,0.0,0,0,0,1,2,30
1276,Ben Foster,2014,13,Arquero,1,1,0,2,0,0.0,0,0,0,1,0,26
7314,Ben Halloran,2014,10,Mediocampista,3,0,0,0,0,0.0,0,0,0,0,3,30
4491,Ben Iroha,1994,3,Defensor,1,1,0,3,0,0.0,0,0,1,0,0,9
4491,Ben Iroha,1998,19,Defensor,1,1,0,3,0,0.0,1,0,0,0,1,12
2858,Ben Olsen,2006,14,Mediocampista,1,0,0,2,0,0.0,0,0,0,0,1,25
5135,Ben Sigmund,2010,2,Defensor,0,0,0,3,0,0.0,0,0,0,0,0,22
1425,Ben White,2022,21,Defensor,0,0,0,5,0,0.0,0,0,0,0,0,6
4453,Benedict Akwuegbu,2002,18,Delantero,1,1,0,2,0,0.0,0,0,0,1,0,27
1554,Benedicto,1930,-,Delantero,1,1,0,1,0,0.0,0,0,1,0,0,6
4712,Benedicto Godoy,1950,-,Delantero,0,0,0,1,0,0.0,0,0,0,0,0,13
6148,Benedikt Höwedes,2014,4,Defensor,7,7,0,0,0,0.0,2,0,6,1,0,1
3361,Bengt Berndtsson,1958,21,Delantero,1,1,0,5,0,0.0,0,0,0,1,0,2
3398,Bengt Gustavsson,1958,14,Mediocampista,6,6,1,0,0,0.0,0,0,4,1,1,2
4406,Benigno Gilberto Penayo,1958,18,Delantero,0,0,0,3,0,0.0,0,0,0,0,0,12
4716,Benigno Gutierrez,1950,-,Delantero,1,1,0,0,0,0.0,0,0,0,0,1,13
2424,Benito Carvajales,1938,-,Arquero,2,2,0,1,0,0.0,0,0,0,1,1,7
5667,Benito Lorenzi,1950,-,Delantero,0,0,0,2,0,0.0,0,0,0,0,0,7
5667,Benito Lorenzi,1954,11,Delantero,3,3,0,0,1,0.33,0,0,1,0,2,10
7725,Benjamin Galindo,1994,17,Mediocampista,2,1,0,2,0,0.0,0,0,0,1,1,13
8121,Benjamin Huggel,2010,6,Mediocampista,3,3,0,0,0,0.0,0,0,1,1,1,19
4719,Benjamin Maldonado,1950,-,Delantero,1,1,0,0,0,0.0,0,0,0,0,1,13
925,Benjamin Massing,1990,4,Defensor,2,2,0,3,0,0.0,2,1,1,0,1,7
3993,Benjamin Mendy,2018,22,Defensor,1,0,0,6,0,0.0,0,0,0,1,0,1
937,Benjamin Moukandjo,2014,8,Delantero,3,3,0,0,0,0.0,0,0,0,0,3,32
4003,Benjamin Pavard,2018,2,Defensor,6,6,0,1,1,0.17,1,0,6,0,0,1
4003,Benjamin Pavard,2022,2,Defensor,1,1,0,6,0,0.0,0,0,1,0,0,2
8265,Bennett Mnguni,2002,10,Mediocampista,0,0,0,3,0,0.0,0,0,0,0,0,17
8261,Benni Mccarthy,1998,17,Delantero,3,3,0,0,1,0.33,0,0,0,2,1,24
8261,Benni Mccarthy,2002,17,Delantero,3,3,0,0,1,0.33,1,0,1,1,1,17
3458,Benno Magnusson,1974,15,Delantero,2,1,0,4,0,0.0,0,0,1,1,0,5
2795,Benny Feilhaber,2010,22,Mediocampista,3,0,0,1,0,0.0,0,0,1,1,1,12
3531,Benny Wendt,1978,11,Delantero,3,2,0,0,0,0.0,0,0,0,1,2,13
7541,Beno Kaposzta,1966,2,Defensor,4,4,0,0,0,0.0,0,0,2,0,2,6
867,Benoit Assou-Ekotto,2010,2,Defensor,3,3,0,0,0,0.0,0,0,0,0,3,31
867,Benoit Assou-Ekotto,2014,2,Defensor,2,2,0,1,0,0.0,0,0,0,0,2,32
3286,Bento,1986,1,Arquero,1,1,1,2,0,0.0,0,0,1,0,0,17
1555,Benvenutto,1930,-,Mediocampista,0,0,0,2,0,0.0,0,0,0,0,0,6
7995,Beom Seok Oh,2010,2,Defensor,1,1,0,3,0,0.0,0,0,0,0,1,15
6337,Beratligil Ali,1954,14,Defensor,0,0,0,3,0,0.0,0,0,0,0,0,11
5446,Berman Ahmet,1954,19,Defensor,0,0,0,3,0,0.0,0,0,0,0,0,11
5974,Bernabe Rivera,1930,-,Delantero,0,0,0,2,0,0.0,0,0,0,0,0,9
6056,Bernard,2014,20,Mediocampista,3,1,0,4,0,0.0,0,0,1,1,1,4
3851,Bernard Bosquier,1966,5,Defensor,3,3,0,0,0,0.0,0,0,0,1,2,13
3870,Bernard Chiarelli,1958,8,Mediocampista,0,0,0,6,0,0.0,0,0,0,0,0,3
3902,Bernard Diomede,1998,13,Mediocampista,3,3,0,4,0,0.0,1,0,3,0,0,1
3918,Bernard Genghini,1982,9,Mediocampista,5,5,0,2,2,0.4,1,0,3,2,0,4
3918,Bernard Genghini,1986,13,Mediocampista,1,1,0,6,1,1.0,0,0,1,0,0,3
3959,Bernard Lacombe,1978,17,Delantero,2,2,0,1,1,0.5,0,0,0,0,2,12
3959,Bernard Lacombe,1982,17,Delantero,3,3,0,4,0,0.0,0,0,2,1,0,4
3961,Bernard Lama,1998,1,Arquero,0,0,0,7,0,0.0,0,0,0,0,0,1
2260,Bernard Mcnally,1986,20,Mediocampista,0,0,0,3,0,0.0,0,0,0,0,0,21
8280,Bernard Parker,2010,17,Delantero,2,1,0,1,0,0.0,0,0,1,1,0,20
7485,Bernard Slaven,1990,15,Delantero,0,0,0,5,0,0.0,0,0,0,0,0,8
6753,Bernard Voorhoof,1930,-,Delantero,1,1,0,1,0,0.0,0,0,0,0,1,11
6753,Bernard Voorhoof,1934,-,Delantero,1,1,0,0,2,2.0,0,0,0,0,1,15
6753,Bernard Voorhoof,1938,-,Delantero,1,1,0,0,0,0.0,0,0,0,0,1,13
3763,Bernard Vukas,1950,-,Delantero,2,2,0,1,0,0.0,0,0,1,0,1,5
3763,Bernard Vukas,1954,9,Delantero,3,3,0,0,0,0.0,0,0,1,1,1,8
2712,Bernardo Redin,1990,11,Mediocampista,3,2,0,1,2,0.67,0,0,1,0,2,14
3316,Bernardo Silva,2018,11,Mediocampista,4,3,0,0,0,0.0,0,0,1,2,1,13
3316,Bernardo Silva,2022,10,Delantero,5,4,0,0,0,0.0,0,0,3,0,2,8
2505,Bernd Bransch,1974,3,Defensor,6,6,6,0,0,0.0,0,0,2,2,2,6
6078,Bernd Cullmann,1974,8,Defensor,3,3,0,4,1,0.33,0,0,2,0,1,1
6078,Bernd Cullmann,1978,16,Mediocampista,0,0,0,6,0,0.0,0,0,0,0,0,6
6081,Bernd Dietz,1978,3,Defensor,5,5,0,1,0,0.0,0,0,1,3,1,6
6095,Bernd Foerster,1982,5,Defensor,4,4,0,3,0,0.0,1,0,1,2,1,2
6097,Bernd Franke,1982,21,Arquero,0,0,0,7,0,0.0,0,0,0,0,0,2
6140,Bernd Hoelzenbein,1974,17,Delantero,6,4,0,1,0,0.0,0,0,6,0,0,1
6140,Bernd Hoelzenbein,1978,17,Delantero,3,3,0,3,1,0.33,0,0,0,2,1,6
4604,Bernd Krauss,1982,2,Defensor,5,5,0,0,0,0.0,0,0,2,1,2,8
6241,Bernd Patzke,1966,15,Defensor,0,0,0,6,0,0.0,0,0,0,0,0,2
6241,Bernd Patzke,1970,15,Defensor,3,2,0,3,0,0.0,0,0,2,0,1,3
6273,Bernd Schneider,2002,19,Mediocampista,7,7,0,0,1,0.14,1,0,5,1,1,2
6273,Bernd Schneider,2006,19,Mediocampista,7,7,1,0,0,0.0,0,0,5,1,1,3
6702,Bernd Thijs,2002,19,Mediocampista,0,0,0,4,0,0.0,0,0,0,0,0,14
6175,Berni Klodt,1954,14,Delantero,2,2,0,4,1,0.5,0,0,2,0,0,1
6175,Berni Klodt,1958,13,Delantero,2,2,0,4,0,0.0,0,0,0,2,0,4
6494,Berry Van Aerle,1990,2,Defensor,4,4,0,0,0,0.0,0,0,0,3,1,15
2861,Bert Patenaude,1930,-,Delantero,3,3,0,0,4,1.33,0,0,2,0,1,3
7384,Bert Williams,1950,-,Arquero,3,3,0,0,0,0.0,0,0,1,0,2,8
6307,Berti Vogts,1970,7,Defensor,6,6,0,0,0,0.0,0,0,5,0,1,3
6307,Berti Vogts,1974,2,Defensor,7,7,0,0,0,0.0,2,0,6,0,1,1
6307,Berti Vogts,1978,2,Defensor,6,6,6,0,0,0.0,0,0,1,4,1,6
2267,Bertie Peacock,1958,6,Mediocampista,4,4,0,1,0,0.0,0,0,2,1,1,7
883,Bertin Ebwelle,1990,5,Defensor,5,5,0,0,0,0.0,0,0,3,0,2,7
6582,Bertrand Crasson,1998,2,Defensor,1,1,0,2,0,0.0,0,0,0,1,0,19
6374,Bertus Caldenhove,1938,-,Defensor,1,1,0,0,0,0.0,0,0,0,0,1,14
6386,Bertus De Harder,1938,-,Delantero,1,1,0,0,0,0.0,0,0,0,0,1,14
3202,Beto,2010,12,Arquero,0,0,0,4,0,0.0,0,0,0,0,0,11
3202,Beto,2014,22,Arquero,2,2,0,1,0,0.0,0,0,1,1,0,18
3202,Beto,2018,22,Arquero,0,0,0,4,0,0.0,0,0,0,0,0,13
3202,Beto,2002,22,Defensor,3,2,0,0,1,0.33,1,1,1,0,2,21
1557,Bigode,1950,-,Mediocampista,5,5,0,1,0,0.0,0,0,4,0,1,2
8353,Bilel El Khanouss,2022,23,Mediocampista,1,1,0,6,0,0.0,0,0,0,0,1,4
7203,Bilel Ifa,2022,2,Defensor,0,0,0,3,0,0.0,0,0,0,0,0,21
2296,Bill Brown,1958,2,Arquero,1,1,0,2,0,0.0,0,0,0,0,1,14
1267,Bill Eckersley,1950,-,Defensor,1,1,0,2,0,0.0,0,0,0,0,1,8
2797,Bill Fiedler,1934,-,Mediocampista,0,0,0,1,0,0.0,0,0,0,0,0,16
2833,Bill Lehmann,1934,-,Mediocampista,0,0,0,1,0,0.0,0,0,0,0,0,16
1338,Bill Mcgarry,1954,14,Mediocampista,2,2,0,1,0,0.0,0,0,1,0,1,7
2847,Bill Mclean,1934,-,Delantero,1,1,0,0,0,0.0,0,0,0,0,1,16
1355,Bill Nicholson,1950,-,Mediocampista,0,0,0,3,0,0.0,0,0,0,0,0,8
977,Bill Tchato,2002,2,Defensor,3,3,0,0,0,0.0,1,0,1,1,1,20
2226,Billy Bingham,1958,7,Delantero,5,5,0,0,0,0.0,0,0,2,1,2,7
2294,Billy Bremner,1974,4,Mediocampista,3,3,3,0,0,0.0,0,0,1,2,0,9
2806,Billy Gonsalves,1930,-,Delantero,3,3,0,0,0,0.0,0,0,2,0,1,3
2806,Billy Gonsalves,1934,-,Delantero,1,1,0,0,0,0.0,0,0,0,0,1,16
2247,Billy Hamilton,1982,11,Delantero,5,5,0,0,2,0.4,2,0,1,3,1,9
2247,Billy Hamilton,1986,19,Delantero,3,1,0,0,0,0.0,1,0,0,1,2,21
5125,Billy Mcclure,1982,19,Mediocampista,0,0,0,3,0,0.0,0,0,0,0,0,23
2379,Billy Mckinlay,1998,17,Mediocampista,1,0,0,2,0,0.0,0,0,0,0,1,27
7278,Billy Simpson,1958,9,Delantero,0,0,0,5,0,0.0,0,0,0,0,0,7
1435,Billy Wright,1950,-,Defensor,3,3,3,0,0,0.0,0,0,1,0,2,8
1435,Billy Wright,1954,4,Defensor,3,3,3,0,0,0.0,0,0,1,1,1,7
1435,Billy Wright,1958,5,Defensor,4,4,4,0,0,0.0,0,0,0,3,1,11
7126,Birkir Bjarnason,2018,8,Mediocampista,3,3,0,0,0,0.0,0,0,0,1,2,28
7140,Birkir Már Saevarsson,2018,2,Defensor,3,3,0,0,0,0.0,1,0,0,1,2,28
1558,Bismarck,1990,7,Mediocampista,0,0,0,4,0,0.0,0,0,0,0,0,9
3974,Bixente Lizarazu,1998,3,Defensor,6,6,0,1,1,0.17,1,0,5,1,0,1
3974,Bixente Lizarazu,2002,3,Defensor,3,3,0,0,0,0.0,0,0,0,1,2,28
4215,Bjarne Goldbaek,1998,17,Mediocampista,0,0,0,5,0,0.0,0,0,0,0,0,8
3350,Bjorn Andersson,1974,5,Defensor,4,4,0,2,0,0.0,1,0,1,2,1,5
3479,Bjorn Nordqvist,1970,4,Defensor,2,2,2,1,0,0.0,0,0,1,0,1,9
3479,Bjorn Nordqvist,1974,4,Defensor,5,5,1,1,0,0.0,1,0,2,1,2,5
3479,Bjorn Nordqvist,1978,4,Defensor,3,3,3,0,0,0.0,0,0,0,1,2,13
7144,Björn Sigurðarson,2018,9,Delantero,3,0,0,0,0,0.0,0,0,0,1,2,28
3645,Blagoje Marjanovic,1930,-,Delantero,3,3,0,0,1,0.33,0,0,2,0,1,4
6790,Blaise Kouassi,2006,6,Defensor,1,1,0,2,0,0.0,0,0,1,0,0,19
3990,Blaise Matuidi,2014,14,Mediocampista,5,5,0,0,1,0.2,1,0,3,1,1,7
3990,Blaise Matuidi,2018,14,Mediocampista,5,4,0,2,0,0.0,2,0,5,0,0,1
8157,Blaise Nkufo,2010,10,Delantero,3,3,0,0,0,0.0,1,0,1,1,1,19
8427,Blas Pérez,2018,7,Delantero,2,2,0,1,0,0.0,0,0,0,0,2,32
8076,Blerim Dzemaili,2006,15,Mediocampista,0,0,0,4,0,0.0,0,0,0,0,0,10
8076,Blerim Dzemaili,2014,15,Mediocampista,3,0,0,1,1,0.33,0,0,1,0,2,11
8076,Blerim Dzemaili,2018,15,Mediocampista,4,4,0,0,1,0.25,0,0,1,2,1,14
6979,Bo Kwan Hwang,1990,9,Mediocampista,2,2,0,1,1,0.5,1,0,0,0,2,22
6995,Bo Kyung Kim,2010,6,Mediocampista,0,0,0,4,0,0.0,0,0,0,0,0,15
6995,Bo Kyung Kim,2014,7,Mediocampista,2,0,0,1,0,0.0,0,0,0,1,1,27
3439,Bo Larsson,1970,7,Mediocampista,3,3,0,0,0,0.0,0,0,1,1,1,9
3439,Bo Larsson,1974,7,Mediocampista,5,5,5,1,0,0.0,0,0,1,2,2,5
3439,Bo Larsson,1978,8,Mediocampista,3,3,0,0,0,0.0,0,0,0,1,2,13
5503,Bo Qu,2002,16,Delantero,3,0,0,0,0,0.0,0,0,0,0,3,31
3203,Boa Morte,2006,15,Delantero,1,0,0,6,0,0.0,1,0,1,0,0,4
2743,Bob Annis,1950,-,Defensor,0,0,0,3,0,0.0,0,0,0,0,0,10
2777,Bob Craddock,1950,-,Delantero,0,0,0,3,0,0.0,0,0,0,0,0,10
2479,Bob Lenarduzzi,1986,2,Defensor,3,3,0,0,0,0.0,1,0,0,0,3,24
7295,Bobby Campbell,1982,21,Delantero,0,0,0,5,0,0.0,0,0,0,0,0,9
1240,Bobby Charlton,1958,20,Delantero,0,0,0,4,0,0.0,0,0,0,0,0,11
1240,Bobby Charlton,1962,11,Delantero,4,4,0,0,1,0.25,0,0,1,1,2,8
1240,Bobby Charlton,1966,9,Delantero,6,6,0,0,3,0.5,0,0,5,1,0,1
1240,Bobby Charlton,1970,9,Mediocampista,4,4,0,0,0,0.0,0,0,2,0,2,8
2303,Bobby Clark,1978,20,Arquero,0,0,0,3,0,0.0,0,0,0,0,0,11
2304,Bobby Collins,1958,19,Delantero,3,3,0,0,1,0.33,0,0,0,1,2,14
2306,Bobby Combe,1954,20,Delantero,0,0,0,2,0,0.0,0,0,0,0,0,15
2774,Bobby Convey,2006,15,Mediocampista,3,2,0,0,0,0.0,0,0,0,1,2,25
8243,Bobby Evans,1954,4,Mediocampista,0,0,0,2,0,0.0,0,0,0,0,0,15
8243,Bobby Evans,1958,9,Defensor,3,3,1,0,0,0.0,0,0,0,1,2,14
1347,Bobby Moore,1962,16,Defensor,4,4,0,0,0,0.0,0,0,1,1,2,8
1347,Bobby Moore,1966,6,Defensor,6,6,6,0,0,0.0,0,0,5,1,0,1
1347,Bobby Moore,1970,6,Defensor,4,4,4,0,0,0.0,0,0,2,0,2,8
1378,Bobby Robson,1958,8,Delantero,3,3,0,1,0,0.0,0,0,0,3,0,11
1378,Bobby Robson,1962,4,Delantero,0,0,0,4,0,0.0,0,0,0,0,0,8
1396,Bobby Smith,1958,19,Delantero,0,0,0,4,0,0.0,0,0,0,0,0,11
2276,Bobby Trainor,1958,22,Delantero,0,0,0,5,0,0.0,0,0,0,0,0,7
6152,Bodo Illgner,1990,1,Arquero,7,7,0,0,0,0.0,0,0,5,2,0,1
6152,Bodo Illgner,1994,1,Arquero,5,5,0,0,0,0.0,0,0,3,1,1,5
1950,Bogdan Stelea,1990,12,Arquero,0,0,0,4,0,0.0,0,0,0,0,0,12
1950,Bogdan Stelea,1994,12,Arquero,2,2,0,3,0,0.0,0,0,1,0,1,6
1950,Bogdan Stelea,1998,12,Arquero,4,4,0,0,0,0.0,0,0,2,1,1,11
3122,Bohdan Masztaler,1978,11,Mediocampista,4,4,0,2,0,0.0,0,0,2,1,1,5
7118,Bohdan Shust,2006,23,Arquero,0,0,0,5,0,0.0,0,0,0,0,0,8
591,Bohumil Vesely,1970,7,Mediocampista,2,1,0,1,0,0.0,0,0,0,0,2,15
3594,Bojan Isailovic,2010,12,Arquero,0,0,0,3,0,0.0,0,0,0,0,0,23
3790,Bojan Jokic,2010,13,Defensor,3,3,0,0,0,0.0,2,0,1,1,1,18
5483,Bolatli Ridvan,1954,2,Defensor,3,3,0,0,0,0.0,0,0,1,0,2,11
3074,Boleslaw Habowski,1938,-,Delantero,0,0,0,1,0,0.0,0,0,0,0,0,11
6785,Bonaventure Kalou,2006,8,Delantero,2,1,0,1,1,0.5,0,0,1,0,1,19
2934,Boncho Genchev,1994,14,Mediocampista,3,0,0,4,0,0.0,0,0,1,1,1,4
880,Boneventure Djonkep,1990,18,Delantero,1,0,0,4,0,0.0,0,0,1,0,0,7
7977,Bong Chil Kang,1966,4,Defensor,1,1,0,3,0,0.0,0,0,0,0,1,8
7980,Bong Hwan Kim,1966,17,Delantero,1,1,0,3,0,0.0,0,0,1,0,0,8
7972,Bong Zin Han,1966,11,Mediocampista,4,4,0,0,0,0.0,0,0,1,1,2,8
8253,Bongani Khumalo,2010,20,Defensor,3,3,0,0,1,0.33,0,0,1,1,1,20
2932,Boris Gaganelov,1966,4,Defensor,3,3,3,0,0,0.0,0,0,0,0,3,15
2932,Boris Gaganelov,1970,15,Defensor,1,1,1,2,0,0.0,0,0,0,0,1,13
338,Boris Kuznetsov,1958,4,Defensor,5,5,0,0,0,0.0,0,0,2,1,2,6
3771,Boris Zivkovic,2002,6,Defensor,1,1,0,2,0,0.0,1,0,0,0,1,23
2974,Borislav Mikhailov,1986,1,Arquero,4,4,0,0,0,0.0,0,0,0,2,2,15
2974,Borislav Mikhailov,1994,1,Arquero,7,7,7,0,0,0.0,1,0,3,1,3,4
2974,Borislav Mikhailov,1998,12,Arquero,0,0,0,3,0,0.0,0,0,0,0,0,29
1080,Borna Barisic,2022,3,Defensor,1,1,0,6,0,0.0,1,0,0,1,0,3
6007,Borna Sosa,2022,19,Defensor,5,5,0,2,0,0.0,0,0,1,3,1,3
1079,Bosko Balaban,2002,22,Delantero,0,0,0,3,0,0.0,0,0,0,0,0,23
1079,Bosko Balaban,2006,21,Delantero,0,0,0,3,0,0.0,0,0,0,0,0,22
4895,Bostjan Cesar,2010,5,Defensor,3,3,0,0,0,0.0,1,0,1,1,1,18
6346,Boualem Khoukhi,2022,16,Defensor,3,3,0,0,0,0.0,0,0,0,0,3,32
1031,Bouba Diop,2002,19,Mediocampista,5,5,0,0,3,0.6,1,0,2,2,1,7
6764,Boubacar Barry,2006,23,Arquero,1,1,0,2,0,0.0,0,0,1,0,0,19
6764,Boubacar Barry,2010,1,Arquero,3,3,0,0,0,0.0,0,0,1,1,1,17
6764,Boubacar Barry,2014,1,Arquero,3,3,0,0,0,0.0,0,0,1,0,2,21
6541,Boudewijn Zenden,1998,12,Mediocampista,4,2,0,3,1,0.25,0,0,1,2,1,4
8314,Boujamaa Benkhrif,1970,3,Defensor,3,3,0,0,0,0.0,0,0,0,1,2,14
1021,Boulaye Dia,2022,9,Delantero,4,4,0,0,1,0.25,1,0,2,0,2,10
3010,Boycho Velichkov,1986,18,Delantero,1,0,0,3,0,0.0,0,0,0,0,1,15
2940,Bozhidar Grigorov,1970,21,Delantero,0,0,0,3,0,0.0,0,0,0,0,0,13
2940,Bozhidar Grigorov,1974,16,Delantero,0,0,0,3,0,0.0,0,0,0,0,0,12
2946,Bozhidar Iskrenov,1986,7,Delantero,3,2,0,1,0,0.0,0,0,0,2,1,15
2956,Bozhil Kolev,1974,5,Mediocampista,3,3,0,0,0,0.0,0,0,0,2,1,12
3552,Bozo Broketa,1950,-,Defensor,0,0,0,3,0,0.0,0,0,0,0,0,5
2779,Brad Davis,2014,14,Mediocampista,1,1,0,3,0,0.0,0,0,0,0,1,15
2800,Brad Friedel,1994,18,Arquero,0,0,0,4,0,0.0,0,0,0,0,0,14
2800,Brad Friedel,1998,1,Arquero,1,1,0,2,0,0.0,0,0,0,0,1,32
2800,Brad Friedel,2002,1,Arquero,5,5,0,0,0,0.0,1,0,2,1,2,8
2810,Brad Guzan,2010,18,Arquero,0,0,0,4,0,0.0,0,0,0,0,0,12
2810,Brad Guzan,2014,12,Arquero,0,0,0,4,0,0.0,0,0,0,0,0,15
7321,Brad Jones,2010,18,Arquero,0,0,0,3,0,0.0,0,0,0,0,0,21
7321,Brad Jones,2018,12,Arquero,0,0,0,3,0,0.0,0,0,0,0,0,30
8240,Bradley Carnell,2002,3,Defensor,3,3,0,0,0,0.0,1,0,1,1,1,17
1559,Branco,1986,17,Defensor,5,5,0,0,0,0.0,1,0,4,1,0,5
1559,Branco,1990,6,Defensor,4,4,0,0,0,0.0,1,0,3,0,1,9
1559,Branco,1994,6,Defensor,3,3,0,4,1,0.33,0,0,2,1,0,1
1560,Brandao,1938,-,Mediocampista,2,2,0,3,0,0.0,0,0,2,0,0,3
1561,Brandaozinho,1954,4,Defensor,3,3,0,0,0,0.0,0,0,1,1,1,6
5802,Brandon Aguilera,2022,20,Mediocampista,3,1,0,0,0,0.0,0,0,1,0,2,27
3589,Branislav Hrnjicek,1930,-,Delantero,0,0,0,3,0,0.0,0,0,0,0,0,4
3595,Branislav Ivanovic,2010,6,Defensor,3,3,0,0,0,0.0,1,0,1,0,2,23
3595,Branislav Ivanovic,2018,6,Defensor,2,2,0,1,0,0.0,1,0,1,0,1,23
3721,Branislav Sekulic,1930,-,Delantero,2,2,0,1,1,0.5,0,0,1,0,1,4
3550,Branko Brnovic,1998,6,Defensor,3,2,0,1,0,0.0,0,0,2,0,1,10
7293,Branko Buljevic,1974,20,Delantero,3,3,0,0,0,0.0,0,0,0,1,2,14
3789,Branko Ilic,2010,6,Defensor,0,0,0,3,0,0.0,0,0,0,0,0,18
3626,Branko Kralj,1954,12,Arquero,0,0,0,3,0,0.0,0,0,0,0,0,8
3677,Branko Oblak,1974,8,Mediocampista,5,5,0,1,1,0.2,2,0,1,2,2,7
2494,Branko Segota,1986,9,Delantero,3,0,0,0,0,0.0,0,0,0,0,3,24
3731,Branko Stankovic,1950,-,Defensor,3,3,0,0,0,0.0,0,0,2,0,1,5
3731,Branko Stankovic,1954,2,Defensor,3,3,0,0,0,0.0,0,0,1,1,1,8
6699,Branko Strupar,2002,20,Delantero,2,1,0,2,0,0.0,0,0,0,2,0,14
3767,Branko Zebec,1954,11,Mediocampista,3,3,0,0,1,0.33,0,0,1,1,1,8
3767,Branko Zebec,1958,6,Mediocampista,4,4,4,0,0,0.0,0,0,1,2,1,8
7774,Braulio Luna,1998,19,Mediocampista,2,2,0,2,0,0.0,0,0,1,1,0,13
7774,Braulio Luna,2002,11,Mediocampista,4,4,0,0,0,0.0,0,0,2,1,1,11
713,Braulio Musso,1962,19,Delantero,0,0,0,6,0,0.0,0,0,0,0,0,3
191,Brayan Beckeles,2014,21,Defensor,3,3,0,0,0,0.0,0,0,0,0,3,31
8084,Breel Embolo,2018,7,Delantero,4,1,0,0,0,0.0,0,0,1,2,1,14
8084,Breel Embolo,2022,7,Delantero,4,4,0,0,2,0.5,0,0,2,0,2,12
1562,Bremer,2022,24,Defensor,2,1,0,3,0,0.0,0,0,1,0,1,7
8235,Brendan Augustine,1998,12,Mediocampista,2,2,0,1,0,0.0,0,0,0,1,1,24
2736,Brenden Aaronson,2022,11,Delantero,4,0,0,0,0,0.0,0,0,1,2,1,14
2823,Brennan Johnson,2022,9,Delantero,3,0,0,0,0,0.0,0,0,0,1,2,30
617,Brent Sancho,2006,5,Defensor,3,3,0,0,0,0.0,1,0,0,1,2,27
459,Bretislav Dolejsi,1958,19,Arquero,4,4,0,0,0,0.0,0,0,1,1,2,9
7307,Brett Emerton,2006,7,Mediocampista,3,3,0,1,0,0.0,1,1,1,1,1,16
7307,Brett Emerton,2010,7,Mediocampista,3,3,0,0,0,0.0,1,0,1,1,1,21
7317,Brett Holman,2010,14,Delantero,3,1,0,0,2,0.67,0,0,1,1,1,21
8236,Brian Baloyi,1998,16,Arquero,0,0,0,3,0,0.0,0,0,0,0,0,24
2754,Brian Bliss,1990,8,Mediocampista,1,0,0,2,0,0.0,0,0,0,0,1,23
2769,Brian Ching,2006,11,Delantero,0,0,0,3,0,0.0,0,0,0,0,0,25
4486,Brian Idowu,2018,2,Defensor,3,3,0,0,0,0.0,1,0,1,0,2,21
1317,Brian Labone,1970,5,Defensor,3,3,0,1,0,0.0,0,0,1,0,2,8
4242,Brian Laudrup,1998,11,Delantero,5,5,0,0,2,0.4,0,0,2,1,2,8
2839,Brian Maisonneuve,1998,19,Mediocampista,3,2,0,0,0,0.0,0,0,0,0,3,32
2843,Brian Mcbride,1998,20,Delantero,2,2,0,1,1,0.5,0,0,0,0,2,32
2843,Brian Mcbride,2002,20,Delantero,5,5,0,0,2,0.4,0,0,2,1,2,8
2843,Brian Mcbride,2006,20,Delantero,3,3,0,0,0,0.0,0,0,0,1,2,25
4261,Brian Steen Nielsen,2002,23,Mediocampista,1,0,0,3,0,0.0,0,0,1,0,0,10
5141,Brian Turner,1982,4,Delantero,1,0,0,2,0,0.0,0,0,0,0,1,23
1563,Brilhante,1930,-,Defensor,1,1,0,1,0,0.0,0,0,0,0,1,6
4699,Brito,1966,5,Defensor,1,1,0,2,0,0.0,0,0,0,0,1,11
4699,Brito,1970,2,Defensor,6,6,0,0,0,0.0,0,0,6,0,0,1
1826,Britto,1938,-,Mediocampista,1,1,0,4,0,0.0,0,0,1,0,0,3
3463,Bror Mellberg,1950,-,Delantero,2,2,0,3,1,0.5,0,0,1,0,1,3
3463,Bror Mellberg,1958,20,Delantero,2,2,0,4,0,0.0,0,0,2,0,0,2
6761,Brou Angoua,2010,2,Defensor,0,0,0,3,0,0.0,0,0,0,0,0,17
4485,Brown Ideye,2010,10,Delantero,0,0,0,3,0,0.0,0,0,0,0,0,27
2853,Bruce Murray,1990,16,Delantero,3,3,0,0,1,0.33,1,0,0,0,3,23
2399,Bruce Rioch,1978,6,Mediocampista,2,2,2,1,0,0.0,0,0,1,0,1,11
2502,Bruce Wilson,1986,3,Defensor,3,3,3,0,0,0.0,0,0,0,0,3,24
3195,Bruno Alves,2010,2,Defensor,4,4,0,0,0,0.0,0,0,1,2,1,11
3195,Bruno Alves,2014,2,Defensor,3,3,0,0,0,0.0,0,0,1,1,1,18
3195,Bruno Alves,2018,2,Defensor,0,0,0,4,0,0.0,0,0,0,0,0,13
3545,Bruno Belin,1954,17,Defensor,0,0,0,3,0,0.0,0,0,0,0,0,8
3838,Bruno Bellone,1982,15,Delantero,1,1,0,6,0,0.0,0,0,0,0,1,4
3838,Bruno Bellone,1986,16,Delantero,4,2,0,3,0,0.0,0,0,1,2,1,3
5588,Bruno Chizzo,1938,-,Delantero,0,0,0,4,0,0.0,0,0,0,0,0,1
5596,Bruno Conti,1982,16,Mediocampista,7,7,0,0,1,0.14,1,0,4,3,0,1
5596,Bruno Conti,1986,16,Delantero,4,4,0,0,0,0.0,0,0,1,2,1,12
4561,Bruno Engelmeier,1958,22,Arquero,0,0,0,3,0,0.0,0,0,0,0,0,15
8089,Bruno Fernandes,2018,16,Mediocampista,2,1,0,2,0,0.0,1,0,1,1,0,13
8089,Bruno Fernandes,2022,8,Mediocampista,4,4,0,1,2,0.5,1,0,3,0,1,8
2006,Bruno Guimaraes,2022,17,Mediocampista,2,0,0,3,0,0.0,1,0,1,0,1,7
6445,Bruno Martins Indi,2014,4,Defensor,6,5,0,1,0,0.0,2,0,4,2,0,3
5697,Bruno Mora,1962,7,Delantero,2,2,1,1,1,0.5,0,0,1,0,1,9
1130,Bruno Petkovic,2022,16,Delantero,6,1,0,1,1,0.17,1,0,2,3,1,3
4620,Bruno Pezzey,1978,5,Defensor,6,6,0,0,0,0.0,0,0,3,0,3,7
4620,Bruno Pezzey,1982,5,Defensor,5,5,0,0,1,0.2,0,0,2,1,2,8
6745,Bruno Versavel,1990,5,Mediocampista,3,3,0,1,0,0.0,0,0,2,0,1,11
1263,Bryan Douglas,1958,7,Delantero,3,3,0,1,0,0.0,0,0,0,3,0,11
1263,Bryan Douglas,1962,17,Delantero,4,4,0,0,0,0.0,0,0,1,1,2,8
2335,Bryan Gunn,1990,22,Arquero,0,0,0,3,0,0.0,0,0,0,0,0,18
928,Bryan Mbeumo,2022,20,Delantero,3,3,0,0,0,0.0,0,0,1,1,1,19
5340,Bryan Oviedo,2018,8,Defensor,2,2,0,1,0,0.0,0,0,0,1,1,29
5340,Bryan Oviedo,2022,8,Defensor,3,3,0,0,0,0.0,0,0,1,0,2,27
1379,Bryan Robson,1982,16,Mediocampista,4,4,0,1,2,0.5,0,0,2,2,0,6
1379,Bryan Robson,1986,7,Mediocampista,2,2,2,3,0,0.0,0,0,0,1,1,8
1379,Bryan Robson,1990,7,Mediocampista,2,2,2,5,0,0.0,0,0,0,2,0,4
6472,Bryan Roy,1990,15,Delantero,0,0,0,4,0,0.0,0,0,0,0,0,15
6472,Bryan Roy,1994,11,Delantero,5,2,0,0,1,0.2,0,0,3,0,2,7
2042,Bryan Ruiz,2014,10,Delantero,5,5,5,0,2,0.4,1,0,2,3,0,8
2042,Bryan Ruiz,2018,10,Mediocampista,3,3,3,0,0,0.0,0,0,0,1,2,29
2042,Bryan Ruiz,2022,10,Mediocampista,1,0,0,2,0,0.0,0,0,0,0,1,27
6827,Buanga Tshimen,1974,4,Defensor,3,3,0,0,0,0.0,0,0,0,0,3,16
5253,Buenaventura Ferreira,1986,7,Mediocampista,4,4,0,0,0,0.0,0,0,1,2,1,13
1382,Bukayo Saka,2022,17,Delantero,4,4,0,1,3,0.75,0,0,2,1,1,6
5471,Bulent Korkmaz,2002,3,Defensor,6,6,0,1,1,0.17,0,0,4,0,2,3
7088,Bum-keun Song,2022,12,Arquero,0,0,0,4,0,0.0,0,0,0,0,0,16
6929,Bum Kun Cha,1986,11,Delantero,3,3,0,0,0,0.0,0,0,0,1,2,20
7035,Bum-Young Lee,2014,23,Arquero,0,0,0,3,0,0.0,0,0,0,0,0,27
7062,Byung Dae Min,1954,6,Defensor,1,1,1,1,0,0.0,0,0,0,0,1,16
6931,Byung Duk Cho,1986,1,Arquero,0,0,0,3,0,0.0,0,0,0,0,0,20
6996,Byung Ji Kim,1998,1,Arquero,3,3,0,0,0,0.0,1,0,0,1,2,30
6996,Byung Ji Kim,2002,12,Arquero,0,0,0,7,0,0.0,0,0,0,0,0,4
6928,Byung Joo Byun,1986,19,Mediocampista,3,2,0,0,0,0.0,0,0,0,1,2,20
6928,Byung Joo Byun,1990,11,Delantero,2,2,0,1,0,0.0,0,0,0,0,2,22
7095,Byung Ok Yoo,1986,15,Defensor,0,0,0,3,0,0.0,0,0,0,0,0,20
1566,Cabecao,1954,22,Arquero,0,0,0,3,0,0.0,0,0,0,0,0,6
6075,Cacau,2010,19,Delantero,4,2,0,3,1,0.25,2,0,3,0,1,3
1567,Cafu,1994,14,Defensor,3,0,0,4,0,0.0,1,0,2,1,0,1
1567,Cafu,1998,2,Defensor,6,6,0,1,0,0.0,2,0,4,0,2,2
1567,Cafu,2002,2,Defensor,7,7,7,0,0,0.0,1,0,7,0,0,1
1567,Cafu,2006,2,Defensor,4,4,4,1,0,0.0,2,0,3,0,1,5
1430,Callum Wilson,2022,24,Delantero,2,0,0,3,0,0.0,0,0,2,0,0,6
8258,Calvin Marlin,2002,20,Arquero,0,0,0,3,0,0.0,0,0,0,0,0,17
2766,Cameron Carter-Vickers,2022,20,Defensor,1,1,0,3,0,0.0,0,0,1,0,0,14
7305,Cameron Devlin,2022,17,Mediocampista,0,0,0,4,0,0.0,0,0,0,0,0,11
2729,Camilo Vargas,2014,12,Arquero,0,0,0,5,0,0.0,0,0,0,0,0,5
2729,Camilo Vargas,2018,12,Arquero,0,0,0,4,0,0.0,0,0,0,0,0,9
5029,Campanal I,1934,-,Delantero,1,1,0,2,0,0.0,0,0,0,0,1,5
1568,Canalli,1934,-,Mediocampista,1,1,0,0,0,0.0,0,0,0,0,1,14
3205,Caneira,2002,4,Defensor,0,0,0,3,0,0.0,0,0,0,0,0,21
3205,Caneira,2006,3,Defensor,1,1,0,6,0,0.0,0,0,1,0,0,4
3206,Capucho,2002,19,Delantero,1,0,0,2,0,0.0,0,0,1,0,0,21
1569,Careca,1986,9,Delantero,5,5,0,0,5,1.0,1,0,4,1,0,5
1569,Careca,1990,9,Delantero,4,4,0,0,2,0.5,0,0,3,0,1,9
6883,Carl Medjani,2010,18,Defensor,0,0,0,3,0,0.0,0,0,0,0,0,28
6883,Carl Medjani,2014,12,Defensor,3,3,0,1,0,0.0,0,0,1,1,1,14
2498,Carl Valentine,1986,7,Delantero,3,3,0,0,0,0.0,0,0,0,0,3,24
7376,Carl Valeri,2010,16,Mediocampista,3,3,0,0,0,0.0,1,0,1,1,1,21
5028,Carles Puyol,2002,5,Defensor,4,4,0,1,0,0.0,0,0,2,2,0,5
5028,Carles Puyol,2006,5,Defensor,3,3,0,1,0,0.0,2,0,2,0,1,9
5028,Carles Puyol,2010,5,Defensor,7,7,0,0,1,0.14,1,0,6,0,1,1
5042,Carles Rexach,1978,19,Delantero,1,1,0,2,0,0.0,0,0,0,0,1,10
5524,Carlo Ancelotti,1986,9,Mediocampista,0,0,0,4,0,0.0,0,0,0,0,0,12
5524,Carlo Ancelotti,1990,9,Mediocampista,3,2,0,4,0,0.0,0,0,3,0,0,3
5526,Carlo Annovazzi,1950,-,Mediocampista,1,1,0,1,0,0.0,0,0,0,0,1,7
5583,Carlo Ceresoli,1938,-,Arquero,0,0,0,4,0,0.0,0,0,0,0,0,1
203,Carlo Costly,2014,13,Delantero,3,3,0,0,1,0.33,0,0,0,0,3,31
5639,Carlo Galli,1954,9,Delantero,2,2,0,1,1,0.5,0,0,1,0,1,10
5687,Carlo Mattrel,1962,12,Arquero,1,1,0,2,0,0.0,0,0,0,0,1,9
5719,Carlo Parola,1950,-,Defensor,1,1,0,1,0,0.0,0,0,0,0,1,7
3256,Carlos,1978,12,Arquero,0,0,0,7,0,0.0,0,0,0,0,0,3
3256,Carlos,1982,22,Arquero,0,0,0,5,0,0.0,0,0,0,0,0,5
3256,Carlos,1986,1,Arquero,5,5,0,0,0,0.0,0,0,4,1,0,5
5802,Carlos Aguilera,1986,20,Delantero,0,0,0,4,0,0.0,0,0,0,0,0,16
5802,Carlos Aguilera,1990,18,Delantero,4,1,0,0,0,0.0,0,0,1,1,2,16
1571,Carlos Alberto,1970,4,Defensor,6,6,6,0,1,0.17,1,0,6,0,0,1
5988,Carlos Sánchez,2018,5,Mediocampista,3,1,0,2,0,0.0,0,0,3,0,0,5
2637,Carlos Aponte,1962,7,Defensor,0,0,0,3,0,0.0,0,0,0,0,0,14
5171,Carlos Babington,1974,3,Delantero,5,5,0,1,1,0.2,3,0,1,2,2,8
2643,Carlos Bacca,2014,17,Delantero,1,0,0,4,0,0.0,0,0,0,0,1,5
2643,Carlos Bacca,2018,7,Delantero,3,0,0,1,0,0.0,1,0,1,1,1,9
7660,Carlos Blanco,1954,15,Delantero,0,0,0,2,0,0.0,0,0,0,0,0,13
7660,Carlos Blanco,1958,20,Mediocampista,2,2,0,1,0,0.0,0,0,0,1,1,16
2755,Carlos Bocanegra,2006,3,Defensor,2,2,0,1,0,0.0,0,0,0,1,1,25
2755,Carlos Bocanegra,2010,3,Defensor,4,4,4,0,0,0.0,1,0,1,2,1,12
4326,Carlos Bonet,2002,15,Mediocampista,1,1,0,3,0,0.0,0,0,0,0,1,16
4326,Carlos Bonet,2006,6,Mediocampista,2,2,0,1,0,0.0,0,0,0,0,2,18
4326,Carlos Bonet,2010,6,Mediocampista,3,3,0,2,0,0.0,0,0,1,2,0,8
5821,Carlos Borges,1954,11,Delantero,5,5,0,0,4,0.8,0,0,3,0,2,4
4698,Carlos Borja,1994,6,Mediocampista,3,3,3,0,0,0.0,1,0,0,1,2,21
197,Carlos Cabellero,1982,18,Delantero,1,0,0,2,0,0.0,0,0,0,1,0,18
2135,Carlos Cáceda,2018,12,Arquero,0,0,0,3,0,0.0,0,0,0,0,0,20
7672,Carlos Calderon De La Barca,1958,9,Delantero,1,1,0,2,0,0.0,0,0,0,0,1,16
642,Carlos Campos,1962,20,Delantero,1,1,0,5,0,0.0,0,0,1,0,0,3
642,Carlos Campos,1966,3,Delantero,0,0,0,3,0,0.0,0,0,0,0,0,13
2651,Carlos Carbonero,2014,5,Mediocampista,1,0,0,4,0,0.0,0,0,1,0,0,5
644,Carlos Carmona,2010,6,Mediocampista,3,3,0,1,0,0.0,2,0,2,0,1,10
644,Carlos Carmona,2014,6,Mediocampista,1,0,0,3,0,0.0,0,0,1,0,0,9
7680,Carlos Carus,1954,18,Delantero,0,0,0,2,0,0.0,0,0,0,0,0,13
7685,Carlos Castro,2002,22,Defensor,3,3,0,0,0,0.0,1,0,1,1,1,19
648,Carlos Caszely,1974,7,Delantero,2,2,0,1,0,0.0,1,1,0,1,1,11
648,Carlos Caszely,1982,13,Delantero,2,2,0,1,0,0.0,0,0,0,0,2,22
2143,Carlos Cilloniz,1930,-,Delantero,0,0,0,2,0,0.0,0,0,0,0,0,10
651,Carlos Contreras,1962,5,Defensor,5,5,0,1,0,0.0,0,0,3,0,2,3
5846,Carlos Correa,1990,15,Mediocampista,1,0,0,3,0,0.0,0,0,0,1,0,16
7703,Carlos De Los Cobos,1986,6,Mediocampista,3,1,0,2,0,0.0,1,0,2,1,0,6
605,Carlos Edwards,2006,11,Mediocampista,3,3,0,0,0,0.0,0,0,0,1,2,27
2665,Carlos Estrada,1990,7,Delantero,4,2,0,0,0,0.0,0,0,1,1,2,14
4366,Carlos Gamarra,1998,4,Defensor,4,4,0,0,0,0.0,0,0,1,2,1,14
4366,Carlos Gamarra,2002,4,Defensor,4,4,1,0,0,0.0,0,0,1,1,2,16
4366,Carlos Gamarra,2006,4,Defensor,3,3,3,0,0,0.0,0,0,1,0,2,18
1572,Carlos Germano,1998,12,Arquero,0,0,0,7,0,0.0,0,0,0,0,0,2
7733,Carlos Gomez,1978,14,Defensor,1,1,0,2,0,0.0,0,0,0,0,1,16
7737,Carlos Gonzalez,1958,22,Delantero,2,2,0,1,0,0.0,0,0,0,1,1,16
34,Carlos Gruezo,2014,23,Mediocampista,2,1,0,1,0,0.0,0,0,1,0,1,17
34,Carlos Gruezo,2022,8,Mediocampista,1,1,0,2,0,0.0,0,0,0,0,1,18
7740,Carlos Guevara,1950,-,Mediocampista,0,0,0,3,0,0.0,0,0,0,0,0,12
7748,Carlos Hermosillo,1986,11,Delantero,0,0,0,5,0,0.0,0,0,0,0,0,6
7748,Carlos Hermosillo,1994,7,Delantero,2,2,0,2,0,0.0,0,0,1,1,0,13
7754,Carlos Hernandez,2006,16,Mediocampista,2,0,0,1,0,0.0,0,0,0,0,2,31
2680,Carlos Hoyos,1990,13,Defensor,0,0,0,4,0,0.0,0,0,0,0,0,14
689,Carlos Ibanez,1950,-,Delantero,1,1,0,2,0,0.0,0,0,1,0,0,9
4965,Carlos Lapetra,1966,22,Delantero,1,1,0,2,0,0.0,0,0,0,0,1,10
2835,Carlos Llamosa,2002,16,Defensor,2,0,0,3,0,0.0,0,0,2,0,0,8
7339,Carlos Manuel,1986,6,Mediocampista,3,3,0,0,1,0.33,0,0,1,0,2,17
4982,Carlos Marchena,2006,4,Defensor,1,1,0,3,0,0.0,1,0,1,0,0,9
4982,Carlos Marchena,2010,4,Defensor,3,0,0,4,0,0.0,0,0,3,0,0,1
2020,Carlos Martínez,2022,16,Defensor,1,1,0,2,0,0.0,0,0,0,0,1,27
4394,Carlos Morales,1998,19,Mediocampista,1,1,0,3,0,0.0,0,0,0,1,0,14
7798,Carlos Munoz,1986,16,Mediocampista,4,4,0,1,0,0.0,1,0,2,2,0,6
2429,Carlos Oliveira,1938,-,Delantero,0,0,0,3,0,0.0,0,0,0,0,0,7
4403,Carlos Paredes,1998,13,Mediocampista,4,3,0,0,0,0.0,0,0,1,2,1,14
4403,Carlos Paredes,2002,13,Mediocampista,2,2,0,2,0,0.0,0,1,1,0,1,16
4403,Carlos Paredes,2006,13,Mediocampista,3,3,0,0,0,0.0,2,0,1,0,2,18
5354,Carlos Pavon,2010,9,Delantero,1,1,0,2,0,0.0,0,0,0,0,1,30
7818,Carlos Peña,2014,21,Mediocampista,1,0,0,3,0,0.0,0,0,1,0,0,10
5363,Carlos Peucelle,1930,-,Delantero,4,4,0,1,3,0.75,0,0,3,0,1,2
849,Carlos Recinos,1982,4,Defensor,3,3,0,0,0,0.0,1,0,0,0,3,24
739,Carlos Reinoso,1974,10,Mediocampista,3,3,0,0,0,0.0,1,0,0,2,1,11
5973,Carlos Riolfo,1930,-,Mediocampista,0,0,0,4,0,0.0,0,0,0,0,0,1
742,Carlos Rivas,1982,8,Mediocampista,0,0,0,3,0,0.0,0,0,0,0,0,22
5377,Carlos Roa,1998,1,Arquero,5,5,0,0,0,0.0,1,0,3,1,1,6
7843,Carlos Rodríguez,2022,8,Mediocampista,2,0,0,1,0,0.0,0,0,1,1,0,22
747,Carlos Rojas,1950,-,Mediocampista,1,1,0,2,0,0.0,0,0,1,0,0,9
7850,Carlos Romero,1950,-,Mediocampista,0,0,0,4,0,0.0,0,0,0,0,0,1
7859,Carlos Salcedo,2018,3,Defensor,4,4,0,0,0,0.0,1,0,2,0,2,12
7860,Carlos Salcido,2006,3,Defensor,4,4,0,0,0,0.0,1,0,1,1,2,15
7860,Carlos Salcido,2010,3,Defensor,4,4,0,0,0,0.0,0,0,1,1,2,14
7860,Carlos Salcido,2014,3,Defensor,2,1,0,2,0,0.0,0,0,1,0,1,10
5988,Carlos Sánchez,2014,6,Mediocampista,4,4,0,1,0,0.0,1,0,3,0,1,5
760,Carlos Schneeberger,1930,-,Delantero,2,2,2,1,0,0.0,0,0,2,0,0,5
7868,Carlos Septien,1950,-,Delantero,2,2,0,1,0,0.0,0,0,0,0,2,12
7868,Carlos Septien,1954,17,Delantero,0,0,0,2,0,0.0,0,0,0,0,0,13
5071,Carlos Soler,2022,19,Mediocampista,2,0,0,2,1,0.5,0,0,1,1,0,13
5413,Carlos Spadaro,1930,-,Delantero,1,1,0,4,0,0.0,0,0,1,0,0,2
5414,Carlos Squeo,1974,17,Defensor,2,2,0,4,0,0.0,0,0,0,0,2,8
5418,Carlos Tapia,1986,20,Mediocampista,2,0,0,5,0,0.0,0,0,2,0,0,1
768,Carlos Tejas,1998,22,Arquero,0,0,0,4,0,0.0,0,0,0,0,0,16
72,Carlos Tenorio,2002,18,Delantero,3,1,0,0,0,0.0,1,0,1,0,2,24
72,Carlos Tenorio,2006,21,Delantero,3,3,0,1,2,0.67,1,0,2,0,1,12
5422,Carlos Tevez,2006,11,Delantero,4,2,0,1,1,0.25,0,0,2,2,0,6
5422,Carlos Tevez,2010,11,Delantero,4,4,0,1,2,0.5,0,0,3,0,1,5
4744,Carlos Trucco,1994,1,Arquero,3,3,0,0,0,0.0,0,0,0,1,2,21
2725,Carlos Valderrama,1990,10,Mediocampista,4,4,4,0,1,0.25,0,0,1,1,2,14
2725,Carlos Valderrama,1994,10,Mediocampista,3,3,3,0,0,0.0,2,0,1,0,2,19
2725,Carlos Valderrama,1998,10,Mediocampista,3,3,3,0,0,0.0,0,0,1,0,2,21
5085,Carlos Valdés,2014,23,Defensor,1,1,0,4,0,0.0,0,0,1,0,0,5
7890,Carlos Vela,2010,11,Delantero,2,2,0,2,0,0.0,0,0,1,1,0,14
7890,Carlos Vela,2018,11,Delantero,4,4,0,0,1,0.25,0,0,2,0,2,12
786,Carlos Vidal,1930,-,Delantero,3,3,0,0,2,0.67,0,0,2,0,1,5
4889,Carmelo,1962,3,Arquero,2,2,0,1,0,0.0,0,0,1,0,1,12
5408,Carmelo Simeone,1966,9,Mediocampista,0,0,0,4,0,0.0,0,0,0,0,0,5
1573,Carpegiani,1974,17,Mediocampista,6,5,0,1,0,0.0,1,0,3,1,2,4
6156,Carsten Jancker,2002,9,Delantero,3,3,0,4,1,0.33,1,0,2,1,0,2
6253,Carsten Ramelow,2002,5,Mediocampista,5,5,0,2,0,0.0,0,1,3,1,1,2
3305,Carvalho,1966,2,Arquero,1,1,0,5,0,0.0,0,0,1,0,0,3
1574,Carvalho Leite,1930,-,Delantero,1,1,0,1,0,0.0,0,0,1,0,0,6
1574,Carvalho Leite,1934,-,Delantero,0,0,0,1,0,0.0,0,0,0,0,0,14
1575,Casagrande,1986,8,Delantero,3,2,0,2,0,0.0,0,0,3,0,0,5
1576,Casemiro,2018,5,Mediocampista,4,4,0,1,0,0.0,2,0,3,1,0,6
1576,Casemiro,2022,5,Mediocampista,4,4,0,1,1,0.25,1,0,3,1,0,7
4346,Casiano Cespedes,1950,-,Defensor,2,2,0,0,0,0.0,0,0,0,1,1,11
4706,Casiano Chavarria,1930,-,Defensor,2,2,0,0,0,0.0,0,0,0,0,2,12
773,Casimiro Torres,1930,-,Mediocampista,2,2,0,1,0,0.0,0,0,1,0,1,5
1577,Cassio,2018,16,Arquero,0,0,0,5,0,0.0,0,0,0,0,0,6
1578,Castilho,1950,-,Arquero,0,0,0,6,0,0.0,0,0,0,0,0,2
1578,Castilho,1954,1,Arquero,3,3,0,0,0,0.0,0,0,1,1,1,6
1578,Castilho,1958,1,Arquero,0,0,0,6,0,0.0,0,0,0,0,0,1
1578,Castilho,1962,22,Arquero,0,0,0,6,0,0.0,0,0,0,0,0,1
4341,Castor Cantero,1950,-,Mediocampista,2,2,0,0,0,0.0,0,0,0,1,1,11
4409,Catalino Rivarola,1998,3,Defensor,0,0,0,4,0,0.0,0,0,0,0,0,14
4344,Cayetano Carreras Sagueir,1930,-,Delantero,0,0,0,2,0,0.0,0,0,0,0,0,9
4408,Cayetano Re,1958,21,Delantero,3,3,0,0,1,0.33,0,0,1,1,1,12
3865,Cedric Carrasso,2010,23,Arquero,0,0,0,3,0,0.0,0,0,0,0,0,29
879,Cedric Djeugoue,2014,4,Defensor,1,1,0,2,0,0.0,0,0,0,0,1,32
6891,Cédric Si Mohamed,2014,1,Arquero,0,0,0,4,0,0.0,0,0,0,0,0,14
3319,Cédric Soares,2018,21,Defensor,3,3,0,1,0,0.0,1,0,1,2,0,13
6512,Cees Van Ierssel,1974,4,Defensor,0,0,0,7,0,0.0,0,0,0,0,0,2
3891,Celestin Delmer,1930,-,Mediocampista,1,1,0,2,0,0.0,0,0,0,0,1,7
3891,Celestin Delmer,1934,-,Mediocampista,0,0,0,1,0,0.0,0,0,0,0,0,9
4000,Celestin Oliver,1958,19,Mediocampista,0,0,0,6,0,0.0,0,0,0,0,0,3
4463,Celestine Babayaro,1998,3,Defensor,3,3,0,1,0,0.0,0,0,2,0,1,12
4463,Celestine Babayaro,2002,3,Defensor,2,2,0,1,0,0.0,0,0,0,0,2,27
7651,Celso Ayala,1998,5,Defensor,4,4,0,0,1,0.25,1,0,1,2,1,14
7651,Celso Ayala,2002,5,Defensor,4,4,0,0,0,0.0,0,0,1,1,2,16
5821,Celso Borges,2014,5,Mediocampista,5,5,0,0,0,0.0,0,0,2,3,0,8
5821,Celso Borges,2018,5,Mediocampista,3,3,0,0,0,0.0,0,0,0,1,2,29
5821,Celso Borges,2022,5,Mediocampista,3,3,0,0,0,0.0,1,0,1,0,2,27
216,Celso Guity,1982,19,Delantero,0,0,0,3,0,0.0,0,0,0,0,0,18
5947,Celso Otero,1986,22,Arquero,0,0,0,4,0,0.0,0,0,0,0,0,16
4895,Cesar,1974,9,Delantero,0,0,0,7,0,0.0,0,0,0,0,0,4
4895,Cesar,1950,-,Delantero,0,0,0,6,0,0.0,0,0,0,0,0,4
4871,César Azpilicueta,2014,22,Defensor,2,2,0,1,0,0.0,0,0,0,0,2,23
4871,César Azpilicueta,2018,14,Defensor,0,0,0,4,0,0.0,0,0,0,0,0,10
4871,César Azpilicueta,2022,2,Defensor,2,2,0,2,0,0.0,0,0,1,0,1,13
2148,Cesar Cueto,1978,8,Mediocampista,6,6,0,0,1,0.17,0,0,2,1,3,8
2148,Cesar Cueto,1982,8,Mediocampista,3,3,0,0,0,0.0,0,0,0,2,1,20
7712,Cesar Espinoza,1930,-,Arquero,0,0,0,3,0,0.0,0,0,0,0,0,5
217,Cesar Gutierrez,1982,2,Defensor,2,2,0,1,0,0.0,0,0,0,2,0,18
4387,Cesar Lopez Fretes,1950,-,Delantero,2,2,2,0,1,0.5,0,0,0,1,1,11
7791,César Montes,2022,3,Defensor,3,3,0,0,0,0.0,0,0,1,1,1,22
4407,Cesar Ramirez,1998,18,Delantero,2,0,0,2,0,0.0,0,0,0,2,0,14
4028,Cesar Ruminski,1954,2,Arquero,0,0,0,2,0,0.0,0,0,0,0,0,9
1580,Cesar Sampaio,1998,5,Mediocampista,6,6,0,1,3,0.5,3,0,4,1,1,2
7889,Cesar Vega,1986,13,Defensor,0,0,0,4,0,0.0,0,0,0,0,0,16
4441,Cesar Zabala,1986,3,Defensor,4,4,0,0,0,0.0,0,0,1,2,1,13
5673,Cesare Maldini,1962,5,Defensor,2,2,0,1,0,0.0,0,0,1,1,0,9
4917,Cesc Fabregas,2006,18,Mediocampista,4,2,0,0,0,0.0,1,0,3,0,1,9
4917,Cesc Fabregas,2010,10,Mediocampista,4,0,0,3,0,0.0,0,0,4,0,0,1
4917,Cesc Fabregas,2014,10,Mediocampista,2,0,0,1,0,0.0,0,0,1,0,1,23
545,Cestmir Patzel,1934,-,Arquero,0,0,0,4,0,0.0,0,0,0,0,0,2
3104,Cezary Kucharski,2002,8,Delantero,1,1,0,2,0,0.0,1,0,1,0,0,25
6886,Chaabane Merzekane,1982,5,Defensor,3,3,0,0,0,0.0,0,0,2,0,1,13
4896,Chacho,1934,-,Delantero,1,1,0,2,0,0.0,0,0,0,0,1,5
2781,Chad Deering,1998,15,Mediocampista,1,1,0,2,0,0.0,0,0,0,0,1,32
6991,Chang Gi Kang,1954,4,Mediocampista,2,2,0,0,0,0.0,0,0,0,0,2,16
7033,Chang-hoon Kwon,2022,22,Mediocampista,1,1,0,3,0,0.0,0,0,0,0,1,16
8007,Chang Kil Ryoo,1966,20,Delantero,0,0,0,4,0,0.0,0,0,0,0,0,8
7988,Chang Myung Lee,1966,1,Arquero,4,4,0,0,0,0.0,0,0,1,1,2,8
6997,Chang-Soo Kim,2014,2,Defensor,0,0,0,3,0,0.0,0,0,0,0,0,27
7071,Chang Sun Park,1986,10,Delantero,3,3,3,0,1,0.33,1,0,0,1,2,20
7163,Chaouki Ben Saada,2006,17,Delantero,1,0,0,2,0,0.0,0,0,0,0,1,24
629,Charles Aránguiz,2014,20,Mediocampista,4,4,0,0,1,0.25,1,0,2,1,1,9
8065,Charles Casali,1954,9,Mediocampista,3,3,0,1,0,0.0,0,0,2,0,1,5
6592,Charles De Ketelaere,2022,22,Delantero,1,0,0,2,0,0.0,0,0,0,0,1,23
6621,Charles Geerts,1954,12,Arquero,0,0,0,2,0,0.0,0,0,0,0,0,12
906,Charles Itandje,2014,16,Arquero,3,3,0,0,0,0.0,0,0,0,0,3,32
6694,Charles Simons,1934,-,Mediocampista,0,0,0,1,0,0.0,0,0,0,0,0,15
982,Charles Toube,1982,11,Mediocampista,0,0,0,3,0,0.0,0,0,0,0,0,17
6737,Charles Vandewouwer,1938,-,Delantero,1,1,0,0,0,0.0,0,0,0,0,1,13
2772,Charlie Colombo,1950,-,Mediocampista,3,3,0,0,0,0.0,0,0,1,0,2,10
2394,Charlie Nicholas,1986,19,Delantero,2,1,0,1,0,0.0,0,0,0,1,1,19
8082,Charly Elsener,1962,1,Arquero,3,3,0,0,0,0.0,0,0,0,0,3,16
8082,Charly Elsener,1966,1,Arquero,2,2,0,1,0,0.0,0,0,0,0,2,16
1057,Cheikh N'Doye,2018,11,Mediocampista,2,0,0,1,0,0.0,1,0,1,1,0,17
1045,Cheikhou Kouyaté,2018,8,Mediocampista,3,1,1,0,0,0.0,0,0,1,1,1,17
1045,Cheikhou Kouyaté,2022,8,Defensor,1,1,0,3,0,0.0,0,0,0,0,1,10
8009,Chen Yang,2002,20,Delantero,2,2,0,1,0,0.0,0,0,0,0,2,31
4897,Chendo,1986,15,Defensor,1,1,0,4,0,0.0,0,0,0,1,0,7
4897,Chendo,1990,2,Defensor,4,4,0,0,0,0.0,1,0,2,1,1,10
5507,Chengying Wu,2002,4,Defensor,3,3,0,0,0,0.0,0,0,0,0,3,31
6914,Cherif Toure Mamam,2006,10,Mediocampista,3,3,0,0,0,0.0,1,0,0,0,3,30
7990,Chi An Li,1966,22,Delantero,0,0,0,4,0,0.0,0,0,0,0,0,8
1581,Chicao,1978,21,Mediocampista,3,1,0,4,0,0.0,1,0,2,1,0,3
1582,Chico,1950,-,Delantero,4,4,0,2,4,1.0,0,0,3,0,1,2
4502,Chidi Nwanu,1994,6,Defensor,4,4,0,0,0,0.0,1,0,2,0,2,9
4510,Chidi Odiah,2010,17,Defensor,3,3,0,0,0,0.0,0,0,0,1,2,27
4458,Chidozie Awaziem,2018,20,Defensor,0,0,0,3,0,0.0,0,0,0,0,0,21
4446,Chigozie Agbim,2014,21,Arquero,0,0,0,4,0,0.0,0,0,0,0,0,16
4513,Chinedu Ogbuke Obasi,2010,19,Delantero,3,2,0,0,0,0.0,2,0,0,1,2,27
7966,Chol Hyok An,2010,7,Delantero,0,0,0,3,0,0.0,0,0,0,0,0,32
7996,Chol Jin Pak,2010,13,Defensor,3,3,0,0,0,0.0,1,0,0,0,3,32
8002,Chol Myong Ri,2010,19,Mediocampista,0,0,0,3,0,0.0,0,0,0,0,0,32
7089,Chong Gug Song,2002,22,Mediocampista,7,7,0,0,1,0.14,1,0,3,2,2,4
7089,Chong Gug Song,2006,22,Defensor,1,1,0,2,0,0.0,0,0,1,0,0,17
7189,Choukri El Ouaer,1998,1,Arquero,3,3,0,0,0,0.0,0,0,0,1,2,26
2740,Chris Albright,2006,2,Defensor,0,0,0,3,0,0.0,0,0,0,0,0,25
2543,Chris Gunter,2022,2,Defensor,0,0,0,3,0,0.0,0,0,0,0,0,30
2815,Chris Henderson,1990,19,Mediocampista,0,0,0,3,0,0.0,0,0,0,0,0,23
5122,Chris Killen,2010,10,Delantero,3,3,0,0,0,0.0,0,0,0,3,0,22
2557,Chris Mepham,2022,5,Defensor,3,3,0,0,0,0.0,1,0,0,1,2,30
7475,Chris Morris,1990,2,Defensor,5,5,0,0,0,0.0,1,0,0,4,1,8
2263,Chris Nicholl,1982,5,Defensor,5,5,0,0,0,0.0,0,0,1,3,1,9
1395,Chris Smalling,2014,12,Defensor,1,1,0,2,0,0.0,0,0,0,1,0,26
1417,Chris Waddle,1986,11,Mediocampista,4,2,0,1,0,0.0,0,0,1,1,2,8
1417,Chris Waddle,1990,8,Mediocampista,7,6,0,0,0,0.0,0,0,3,3,1,4
2902,Chris Wondolowski,2014,18,Delantero,2,0,0,2,0,0.0,0,0,0,1,1,15
5145,Chris Wood,2010,20,Delantero,3,0,0,0,0,0.0,0,0,0,3,0,22
1434,Chris Woods,1986,13,Arquero,0,0,0,5,0,0.0,0,0,0,0,0,8
1434,Chris Woods,1990,13,Arquero,0,0,0,7,0,0.0,0,0,0,0,0,4
5515,Christian Abbiati,2002,12,Arquero,0,0,0,4,0,0.0,0,0,0,0,0,15
1461,Christian Atsu,2014,7,Mediocampista,3,3,0,0,0,0.0,0,0,0,1,2,25
869,Christian Bassogog,2022,11,Delantero,1,0,0,2,0,0.0,1,0,0,1,0,19
1970,Christian Bolaños,2006,7,Mediocampista,2,1,0,1,0,0.0,0,0,0,0,2,31
1970,Christian Bolaños,2014,7,Mediocampista,5,4,0,0,0,0.0,0,0,2,3,0,8
1970,Christian Bolaños,2018,7,Mediocampista,2,0,0,1,0,0.0,0,0,0,0,2,29
2149,Christian Cueva,2018,8,Mediocampista,3,3,0,0,0,0.0,0,0,1,0,2,20
2313,Christian Dailly,1998,22,Defensor,3,3,0,0,0,0.0,0,0,0,1,2,27
3884,Christian Dalger,1978,16,Delantero,1,1,0,2,0,0.0,0,0,0,0,1,12
1881,Christian Dulca,1998,3,Defensor,1,1,0,3,0,0.0,0,0,0,1,0,11
4210,Christian Eriksen,2010,21,Mediocampista,2,0,0,1,0,0.0,0,0,0,0,2,24
4210,Christian Eriksen,2018,10,Mediocampista,4,4,0,0,1,0.25,0,0,1,3,0,11
4210,Christian Eriksen,2022,10,Mediocampista,3,3,1,0,0,0.0,0,0,0,1,2,28
8086,Christian Fassnachft,2022,16,Mediocampista,1,0,0,3,0,0.0,0,0,1,0,0,12
6116,Christian Günter,2022,20,Defensor,0,0,0,3,0,0.0,0,0,0,0,0,17
3949,Christian Karembeu,1998,19,Mediocampista,4,4,0,3,0,0.0,1,0,3,1,0,1
4591,Christian Keglevits,1990,15,Delantero,0,0,0,3,0,0.0,0,0,0,0,0,18
44,Christian Lara,2006,7,Mediocampista,2,0,0,2,0,0.0,0,0,0,0,2,12
7769,Christian Lopez,1978,6,Defensor,2,2,0,1,1,0.5,0,0,1,0,1,12
7769,Christian Lopez,1982,6,Defensor,4,1,0,3,0,0.0,0,0,1,1,2,4
5669,Christian Maggio,2010,2,Defensor,1,0,0,2,0,0.0,0,0,0,0,1,26
52,Christian Noboa,2014,6,Mediocampista,3,3,0,0,0,0.0,0,0,1,1,1,17
4264,Christian Norgaard,2022,15,Mediocampista,1,0,0,2,0,0.0,0,0,0,0,1,28
5718,Christian Panucci,2002,2,Defensor,4,4,0,0,0,0.0,1,0,1,1,2,15
6680,Christian Piot,1970,1,Arquero,3,3,0,0,0,0.0,0,0,1,0,2,10
4267,Christian Poulsen,2002,17,Mediocampista,3,1,0,1,0,0.0,2,0,2,1,0,10
4267,Christian Poulsen,2010,2,Mediocampista,3,3,0,0,0,0.0,1,0,1,0,2,24
2865,Christian Pulisic,2022,10,Delantero,4,4,0,0,1,0.25,0,0,1,2,1,14
2201,Christian Ramos,2018,15,Defensor,3,3,0,0,0,0.0,0,0,1,0,2,20
6009,Christian Stuani,2014,11,Delantero,4,1,0,0,0,0.0,0,0,2,0,2,12
6009,Christian Stuani,2018,11,Delantero,2,1,0,3,0,0.0,0,0,1,0,1,5
5787,Christian Vieri,1998,21,Delantero,5,5,0,0,5,1.0,0,0,3,2,0,5
5787,Christian Vieri,2002,21,Delantero,4,4,0,0,4,1.0,1,0,1,1,2,15
3534,Christian Wilhelmsson,2006,21,Mediocampista,4,2,0,0,0,0.0,0,0,1,2,1,14
6321,Christian Woerns,1998,2,Defensor,5,5,0,0,0,0.0,0,1,3,1,1,7
6325,Christian Ziege,1998,17,Mediocampista,4,1,0,1,0,0.0,0,0,3,1,0,7
6325,Christian Ziege,2002,6,Defensor,5,4,0,2,0,0.0,2,0,3,1,1,2
6185,Christoph Kramer,2014,23,Mediocampista,3,1,0,4,0,0.0,0,0,3,0,0,1
6215,Christoph Metzelder,2002,21,Defensor,7,7,0,0,0,0.0,0,0,5,1,1,2
6215,Christoph Metzelder,2006,21,Defensor,6,6,0,1,0,0.0,2,0,4,1,1,3
8196,Christoph Spycher,2006,17,Defensor,1,1,0,3,0,0.0,1,0,1,0,0,10
3908,Christophe Dugarry,1998,21,Delantero,3,1,0,4,1,0.33,0,0,3,0,0,1
3908,Christophe Dugarry,2002,21,Delantero,3,1,0,0,0,0.0,1,0,0,1,2,28
8159,Christophe Ohrel,1994,8,Mediocampista,4,4,0,0,0,0.0,0,0,1,1,2,15
602,Christopher Birchall,2006,7,Mediocampista,3,3,0,0,0,0.0,0,0,0,1,2,27
7265,Christopher Dawes,1998,3,Mediocampista,2,2,0,1,0,0.0,1,0,1,0,1,22
7458,Christopher Hughton,1990,14,Defensor,0,0,0,5,0,0.0,0,0,0,0,0,8
2888,Christopher Sullivan,1990,9,Delantero,2,0,0,1,0,0.0,0,0,0,0,2,23
985,Christopher Wooh,2022,4,Defensor,1,1,0,2,0,0.0,0,0,1,0,0,19
2594,Christos Karkamanis,1994,15,Arquero,1,1,0,2,0,0.0,0,0,0,0,1,24
2615,Christos Patsatzoglou,2010,3,Defensor,2,0,0,1,0,0.0,0,0,0,0,2,25
7072,Chu Young Park,2006,10,Delantero,1,1,0,2,0,0.0,1,0,0,0,1,17
7072,Chu Young Park,2010,10,Delantero,4,4,0,0,1,0.25,0,0,1,1,2,15
7072,Chu Young Park,2014,10,Delantero,2,2,0,1,0,0.0,0,0,0,1,1,27
7973,Chul Hong,2018,14,Defensor,2,1,0,1,0,0.0,0,0,1,0,1,19
7973,Chul Hong,2022,14,Defensor,1,0,0,3,0,0.0,0,0,0,0,1,16
7073,Chul Woo Park,1994,21,Arquero,0,0,0,3,0,0.0,0,0,0,0,0,20
5501,Chuliang Ou,2002,23,Arquero,0,0,0,3,0,0.0,0,0,0,0,0,31
7036,Chun Soo Lee,2002,14,Delantero,7,2,0,0,0,0.0,1,0,3,2,2,4
7036,Chun Soo Lee,2006,14,Delantero,3,3,0,0,1,0.33,2,0,1,1,1,17
6941,Chung Min Choi,1954,8,Delantero,1,1,0,1,0,0.0,0,0,0,0,1,16
6966,Chung Wa Han,1954,14,Defensor,1,1,0,1,0,0.0,0,0,0,0,1,16
7037,Chung-yong Lee,2010,17,Mediocampista,4,4,0,0,2,0.5,1,0,1,1,2,15
7037,Chung-yong Lee,2014,17,Mediocampista,3,3,0,0,0,0.0,0,0,0,1,2,27
1583,Cicinho,2006,13,Defensor,2,1,0,3,0,0.0,0,0,1,0,1,5
4898,Cilaurren,1934,-,Mediocampista,3,3,0,0,0,0.0,0,0,1,1,1,5
4899,Ciriaco,1934,-,Defensor,2,2,0,1,0,0.0,0,0,1,1,0,5
8189,Ciriaco Sforza,1994,10,Mediocampista,4,4,0,0,0,0.0,0,0,1,1,2,15
5626,Ciro Ferrara,1990,5,Defensor,1,1,0,6,0,0.0,0,0,1,0,0,3
5657,Ciro Immobile,2014,17,Delantero,2,1,0,1,0,0.0,0,0,1,0,1,22
3370,Claes Cronqvist,1970,13,Delantero,1,1,0,2,0,0.0,1,0,0,0,1,9
3370,Claes Cronqvist,1974,19,Mediocampista,0,0,0,6,0,0.0,0,0,0,0,0,5
624,Clarence Acuña,1998,8,Mediocampista,4,4,0,0,0,0.0,1,0,0,3,1,16
2808,Clarence Goodson,2010,21,Defensor,0,0,0,4,0,0.0,0,0,0,0,0,12
6478,Clarence Seedorf,1998,10,Mediocampista,4,3,0,3,0,0.0,1,0,1,2,1,4
3819,Claude Abbes,1954,3,Arquero,0,0,0,2,0,0.0,0,0,0,0,0,9
3819,Claude Abbes,1958,1,Arquero,4,4,0,2,0,0.0,0,0,3,0,1,3
2438,Claude Barthelemy,1974,18,Delantero,2,0,0,1,0,0.0,0,0,0,0,2,15
3982,Claude Makelele,2002,7,Mediocampista,1,1,0,2,0,0.0,0,0,0,0,1,28
3982,Claude Makelele,2006,6,Mediocampista,7,7,0,0,0,0.0,2,0,4,3,0,2
4001,Claude Papi,1978,12,Mediocampista,1,1,0,2,0,0.0,0,0,1,0,0,12
5193,Claudio Borghi,1986,4,Mediocampista,2,2,0,5,0,0.0,0,0,1,1,0,1
640,Claudio Bravo,2010,1,Arquero,4,4,4,0,0,0.0,0,0,2,0,2,10
640,Claudio Bravo,2014,1,Arquero,4,4,4,0,0,0.0,0,0,2,1,1,9
5208,Claudio Caniggia,1990,8,Delantero,6,5,0,1,2,0.33,2,0,2,3,1,2
5208,Claudio Caniggia,1994,7,Delantero,3,3,0,1,2,0.67,1,0,2,0,1,10
5208,Claudio Caniggia,2002,21,Delantero,0,0,0,3,0,0.0,0,1,0,0,0,18
5643,Claudio Gentile,1978,5,Defensor,7,7,0,0,0,0.0,1,0,4,1,2,4
5643,Claudio Gentile,1982,6,Defensor,6,6,0,1,0,0.0,2,0,3,3,0,1
5284,Claudio Husain,2002,15,Mediocampista,0,0,0,3,0,0.0,0,0,0,0,0,18
2012,Claudio Jara,1990,11,Delantero,4,4,0,0,0,0.0,1,0,2,0,2,13
4383,Claudio Lezcano,1958,16,Delantero,0,0,0,3,0,0.0,0,0,0,0,0,12
5299,Claudio Lopez,1998,7,Delantero,5,4,0,0,1,0.2,0,0,3,1,1,6
5299,Claudio Lopez,2002,7,Delantero,3,2,0,0,0,0.0,0,0,1,1,1,18
5679,Claudio Marchisio,2010,15,Mediocampista,2,2,0,1,0,0.0,0,0,0,2,0,26
5679,Claudio Marchisio,2014,8,Mediocampista,3,3,0,0,1,0.33,0,1,1,0,2,22
4395,Claudio Morel,2010,3,Defensor,5,5,0,0,0,0.0,1,0,1,3,1,8
2872,Claudio Reyna,1994,19,Mediocampista,0,0,0,4,0,0.0,0,0,0,0,0,14
2872,Claudio Reyna,1998,21,Mediocampista,3,3,0,0,0,0.0,1,0,0,0,3,32
2872,Claudio Reyna,2002,10,Mediocampista,4,4,4,1,0,0.0,1,0,1,1,2,8
2872,Claudio Reyna,2006,10,Mediocampista,3,3,3,0,0,0.0,1,0,0,1,2,25
5755,Claudio Sala,1978,17,Mediocampista,2,0,0,5,0,0.0,0,0,0,0,2,4
7874,Claudio Suarez,1994,2,Defensor,4,4,0,0,0,0.0,2,0,1,2,1,13
7874,Claudio Suarez,1998,2,Defensor,4,4,0,0,0,0.0,0,0,1,2,1,13
7874,Claudio Suarez,2006,2,Defensor,0,0,0,4,0,0.0,0,0,0,0,0,15
4225,Claus Jensen,2002,14,Mediocampista,1,0,0,3,0,0.0,0,0,0,0,1,10
7184,Clayton,1998,17,Defensor,2,2,0,1,0,0.0,2,0,0,0,2,26
7184,Clayton,2002,23,Defensor,1,1,0,2,0,0.0,0,0,0,0,1,29
609,Clayton Ince,2006,22,Arquero,0,0,0,3,0,0.0,0,0,0,0,0,27
2829,Cle Kooiman,1994,4,Defensor,1,1,0,3,0,0.0,0,0,0,1,0,14
5378,Clemente Rodriguez,2010,3,Defensor,1,1,0,4,0,0.0,0,0,1,0,0,5
21,Clever Chala,2002,16,Mediocampista,3,3,0,0,0,0.0,2,0,1,0,2,24
2550,Cliff Jones,1958,11,Delantero,5,5,0,0,0,0.0,0,0,1,3,1,5
2783,Clint Dempsey,2006,8,Mediocampista,2,2,0,1,1,0.5,0,0,0,1,1,25
2783,Clint Dempsey,2010,8,Mediocampista,4,4,0,0,1,0.25,0,0,1,2,1,12
2783,Clint Dempsey,2014,8,Delantero,4,4,4,0,2,0.5,0,0,1,1,2,15
2842,Clint Mathis,2002,11,Delantero,3,2,0,2,1,0.33,0,0,0,1,2,8
7476,Clinton Morrison,2002,19,Delantero,0,0,0,4,0,0.0,0,0,0,0,0,12
1584,Clodoaldo,1970,5,Mediocampista,6,6,0,0,1,0.17,0,0,6,0,0,1
2824,Cobi Jones,1994,13,Mediocampista,4,1,0,0,0,0.0,0,0,1,1,2,14
2824,Cobi Jones,1998,13,Mediocampista,3,3,0,0,0,0.0,0,0,0,0,3,32
2824,Cobi Jones,2002,13,Mediocampista,4,0,0,1,0,0.0,0,0,2,0,2,8
6405,Cody Gakpo,2022,8,Delantero,5,5,0,0,3,0.6,0,0,3,2,0,5
2531,Colin Baker,1958,15,Mediocampista,1,1,0,4,0,0.0,0,0,0,1,0,5
1216,Colin Bell,1970,19,Mediocampista,3,1,0,1,0,0.0,0,0,1,0,2,8
2301,Colin Calderwood,1998,4,Defensor,2,2,0,1,0,0.0,0,0,0,1,1,27
2235,Colin Clarke,1986,17,Delantero,3,2,0,0,1,0.33,0,0,0,1,2,21
7301,Colin Curran,1974,5,Defensor,3,3,0,0,0,0.0,0,0,0,1,2,14
2344,Colin Hendry,1998,5,Defensor,3,3,3,0,0,0.0,0,0,0,1,2,27
1336,Colin Mc Donald,1958,1,Arquero,4,4,0,0,0,0.0,0,0,0,3,1,11
2483,Colin Miller,1986,20,Defensor,0,0,0,3,0,0.0,0,0,0,0,0,24
2569,Colin Webster,1958,19,Delantero,3,3,0,2,0,0.0,0,0,0,2,1,5
616,Collin Samuel,2006,12,Delantero,1,1,0,2,0,0.0,0,0,0,1,0,27
896,Collins Faï,2022,19,Defensor,3,3,0,0,0,0.0,2,0,1,1,1,19
1859,Coloman Braun-Bogdan,1938,-,Delantero,0,0,0,2,0,0.0,0,0,0,0,0,9
3211,Coluna,1966,10,Mediocampista,6,6,6,0,0,0.0,1,0,5,0,1,3
5708,Comunardo Niccolai,1970,7,Defensor,1,1,0,5,0,0.0,0,0,1,0,0,2
5964,Conduelo Piriz,1930,-,Mediocampista,0,0,0,4,0,0.0,0,0,0,0,0,1
1246,Connor Coady,2022,16,Defensor,0,0,0,5,0,0.0,0,0,0,0,0,6
1280,Connor Gallagher,2022,26,Mediocampista,0,0,0,5,0,0.0,0,0,0,0,0,6
2561,Connor Roberts,2022,14,Defensor,3,2,0,0,0,0.0,0,0,0,1,2,30
3528,Conny Torstensson,1974,8,Delantero,5,4,0,1,1,0.2,0,0,2,1,2,5
3528,Conny Torstensson,1978,16,Delantero,1,0,0,2,0,0.0,0,0,0,0,1,13
6772,Constant Djakpa,2014,18,Defensor,1,0,0,2,0,0.0,0,0,1,0,0,21
6637,Constant Huysmans,1954,4,Mediocampista,2,2,0,0,0,0.0,0,0,0,1,1,12
1888,Constantin Galca,1994,18,Mediocampista,2,0,0,3,0,0.0,0,0,2,0,0,6
1888,Constantin Galca,1998,5,Mediocampista,4,4,0,0,0,0.0,0,0,2,1,1,11
1946,Constantin Stanciu,1930,-,Delantero,1,1,0,1,1,1.0,0,0,1,0,0,8
4054,Corentin Tolisso,2018,12,Mediocampista,5,2,0,2,0,0.0,1,0,5,0,0,1
6692,Corneel Seys,1938,-,Defensor,1,1,0,0,0,0.0,0,0,0,0,1,13
1876,Cornel Dinu,1970,5,Defensor,3,3,0,0,0,0.0,0,0,1,0,2,10
1920,Corneliu Papura,1994,19,Defensor,2,0,0,3,0,0.0,0,0,2,0,0,6
1937,Corneliu Robe,1930,-,Mediocampista,1,1,0,1,0,0.0,0,0,0,0,1,8
606,Cornell Glen,2006,13,Delantero,3,1,0,0,0,0.0,0,0,0,1,2,27
6642,Costant Joacim,1934,-,Defensor,1,1,0,0,0,0.0,0,0,0,0,1,15
6007,Costantino Urbieta Sosa,1934,-,Mediocampista,1,1,0,0,0,0.0,0,0,0,0,1,9
3214,Costinha,2006,6,Mediocampista,5,4,0,2,0,0.0,2,1,3,0,2,4
1762,Coutinho,1962,9,Delantero,0,0,0,6,0,0.0,0,0,0,0,0,1
2298,Craig Burley,1998,8,Mediocampista,3,3,0,0,1,0.33,0,1,0,1,2,27
7312,Craig Goodwin,2022,23,Delantero,4,3,0,0,1,0.25,0,0,2,0,2,11
2362,Craig Levein,1990,15,Defensor,1,1,0,2,0,0.0,0,0,1,0,0,18
7346,Craig Moore,2006,3,Defensor,4,4,0,0,1,0.25,1,0,1,1,2,16
7346,Craig Moore,2010,3,Defensor,2,2,0,1,0,0.0,2,0,0,1,1,21
7745,Crescencio Gutierrez,1958,10,Delantero,1,1,0,2,0,0.0,0,0,0,0,1,16
1586,Cris,2006,15,Defensor,0,0,0,5,0,0.0,0,0,0,0,0,5
4903,Crisanto Bosch,1934,-,Delantero,1,1,0,2,0,0.0,0,0,0,0,1,5
5162,Cristian Ansaldi,2018,4,Defensor,0,0,0,4,0,0.0,0,0,0,0,0,16
13,Cristian Benitez,2006,23,Delantero,1,0,0,3,0,0.0,0,0,0,0,1,12
646,Cristian Castaneda,1998,2,Defensor,1,0,0,3,0,0.0,0,0,0,1,0,16
1999,Cristian Gamboa,2014,16,Defensor,5,5,0,0,0,0.0,0,0,2,3,0,8
1999,Cristian Gamboa,2018,16,Defensor,3,3,0,0,0,0.0,1,0,0,1,2,29
7738,Cristian Gonzalez,2002,18,Delantero,3,1,0,0,0,0.0,1,0,1,1,1,18
5697,Cristian Mora,2006,12,Arquero,4,4,0,0,0,0.0,1,0,2,0,2,12
5354,Cristian Pavón,2018,22,Mediocampista,4,1,0,0,0,0.0,0,0,1,1,2,16
4411,Cristian Riveros,2006,16,Mediocampista,2,2,0,1,0,0.0,0,0,0,0,2,18
4411,Cristian Riveros,2010,16,Mediocampista,5,5,0,0,1,0.2,1,0,1,3,1,8
5978,Cristian Rodríguez,2014,7,Mediocampista,4,4,0,0,0,0.0,0,0,2,0,2,12
5978,Cristian Rodríguez,2018,7,Mediocampista,5,1,0,0,0,0.0,1,0,4,0,1,5
2875,Cristian Roldan,2022,17,Mediocampista,0,0,0,4,0,0.0,0,0,0,0,0,14
7850,Cristian Romero,2022,13,Defensor,7,6,0,0,0,0.0,2,0,4,2,1,1
5792,Cristian Zaccardo,2006,2,Defensor,3,2,0,4,0,0.0,0,0,2,1,0,1
2733,Cristian Zapata,2014,2,Defensor,4,4,0,1,0,0.0,0,0,3,0,1,5
2733,Cristian Zapata,2018,2,Defensor,1,0,0,3,0,0.0,0,0,0,1,0,9
5620,Cristiano Doni,2002,11,Mediocampista,2,2,0,2,0,0.0,0,0,1,0,1,15
3307,Cristiano Ronaldo,2006,17,Delantero,6,6,0,1,1,0.17,1,0,3,1,2,4
3307,Cristiano Ronaldo,2010,7,Delantero,4,4,4,0,1,0.25,1,0,1,2,1,11
3307,Cristiano Ronaldo,2014,7,Delantero,3,3,3,0,1,0.33,0,0,1,1,1,18
3307,Cristiano Ronaldo,2018,7,Delantero,4,4,4,0,4,1.0,2,0,1,2,1,13
3307,Cristiano Ronaldo,2022,7,Delantero,5,3,3,0,1,0.2,0,0,3,0,2,8
5795,Cristiano Zanetti,2002,6,Mediocampista,3,3,0,1,0,0.0,1,0,0,1,2,15
7810,Cristobal Ortega,1978,10,Delantero,1,1,0,2,0,0.0,0,0,0,0,1,16
7810,Cristobal Ortega,1986,21,Mediocampista,0,0,0,5,0,0.0,0,0,0,0,0,6
774,Cristopher Toselli,2014,12,Arquero,0,0,0,4,0,0.0,0,0,0,0,0,9
7698,Cruz,1966,14,Defensor,0,0,0,6,0,0.0,0,0,0,0,0,3
7660,Cuauhtemoc Blanco,1998,11,Delantero,4,4,0,0,1,0.25,2,0,1,2,1,13
7660,Cuauhtemoc Blanco,2002,10,Delantero,4,4,0,0,1,0.25,1,0,2,1,1,11
7660,Cuauhtemoc Blanco,2010,10,Delantero,3,1,1,1,1,0.33,0,0,1,1,1,14
4904,Curro Torres,2002,2,Defensor,1,1,0,4,0,0.0,0,0,1,0,0,5
3360,Curt Bergsten,1938,-,Delantero,0,0,0,3,0,0.0,0,0,0,0,0,4
3216,Custodio Pinto,1966,19,Mediocampista,0,0,0,6,0,0.0,0,0,0,0,0,3
607,Cyd Gray,2006,8,Defensor,2,2,0,1,0,0.0,1,0,0,1,1,27
2477,Cyle Larin,2022,17,Delantero,3,2,0,0,0,0.0,0,0,0,0,3,31
8279,Cyril Nzama,2002,2,Defensor,3,3,0,0,0,0.0,1,0,1,1,1,17
6773,Cyrille Domoraud,2006,17,Defensor,1,1,1,2,0,0.0,0,1,1,0,0,19
921,Cyrille Makanaky,1990,20,Delantero,5,5,0,0,0,0.0,0,0,3,0,2,7
4014,Czeslaw Povolny,1938,-,Defensor,0,0,0,2,0,0.0,0,0,0,0,0,8
6399,Daaf Drok,1938,-,Delantero,0,0,0,1,0,0.0,0,0,0,0,0,14
1136,Dado Prso,2006,9,Delantero,3,3,0,0,0,0.0,0,0,0,2,1,22
6942,Dae Shik Choi,1994,14,Mediocampista,0,0,0,3,0,0.0,0,0,0,0,0,20
6964,Dae-Sung Ha,2014,8,Mediocampista,0,0,0,3,0,0.0,0,0,0,0,0,27
5871,Dagoberto Fontes,1970,15,Delantero,4,3,0,2,0,0.0,2,0,1,0,3,4
109,Daichi Kamada,2022,15,Mediocampista,4,4,0,0,0,0.0,0,0,2,1,1,9
104,Daiki Iwamasa,2010,13,Defensor,0,0,0,4,0,0.0,0,0,0,0,0,9
95,Daisuke Ichikawa,2002,22,Mediocampista,3,1,0,1,0,0.0,0,0,1,1,1,9
123,Daisuke Matsui,2010,8,Mediocampista,4,4,0,0,0,0.0,1,0,2,1,1,9
119,Daizen Maeda,2022,25,Delantero,3,3,0,1,1,0.33,0,0,2,1,0,9
2485,Dale Mitchell,1986,14,Delantero,1,1,0,2,0,0.0,0,0,0,0,1,24
341,Daler Kuzyayev,2018,7,Mediocampista,5,2,0,0,0,0.0,0,0,2,2,1,8
6365,Daley Blind,2014,5,Defensor,7,7,0,0,1,0.14,1,0,5,2,0,3
6365,Daley Blind,2022,17,Defensor,5,5,0,0,1,0.2,0,0,3,2,0,5
3813,Dalibor Stevanovic,2010,21,Mediocampista,0,0,0,3,0,0.0,0,0,0,0,0,18
2749,DaMarcus Beasley,2002,17,Mediocampista,3,2,0,2,0,0.0,1,0,1,1,1,8
2749,DaMarcus Beasley,2006,17,Mediocampista,3,2,0,0,0,0.0,0,0,0,1,2,25
2749,DaMarcus Beasley,2010,7,Mediocampista,1,0,0,3,0,0.0,1,0,1,0,0,12
2749,DaMarcus Beasley,2014,7,Defensor,4,4,0,0,0,0.0,0,0,1,1,2,15
3218,Damas,1986,22,Arquero,2,2,0,1,0,0.0,0,0,0,0,2,17
43,Damian Lanza,2006,22,Arquero,0,0,0,4,0,0.0,0,0,0,0,0,12
3165,Damian Szymanski,2022,8,Mediocampista,1,0,0,3,0,0.0,0,0,0,0,1,15
5776,Damiano Tommasi,2002,17,Mediocampista,4,4,0,0,0,0.0,1,0,1,1,2,15
7451,Damien Duff,2002,9,Delantero,4,4,0,0,1,0.25,0,0,1,3,0,12
1866,Dan Coe,1970,6,Defensor,0,0,0,3,0,0.0,0,0,0,0,0,10
7398,Dan Eggen,1994,17,Defensor,0,0,0,3,0,0.0,0,0,0,0,0,17
7398,Dan Eggen,1998,15,Defensor,4,4,0,0,1,0.25,0,0,1,2,1,15
2548,Dan James,2022,20,Delantero,3,2,0,0,0,0.0,1,0,0,1,2,30
1923,Dan Petrescu,1994,2,Defensor,5,5,0,0,1,0.2,1,0,3,1,1,6
1923,Dan Petrescu,1998,2,Defensor,4,4,0,0,1,0.25,2,0,2,1,1,11
4905,Dani,1978,7,Delantero,1,1,0,2,1,1.0,0,0,0,0,1,10
1533,Dani Alves,2010,13,Defensor,5,3,0,0,0,0.0,0,0,3,1,1,6
1533,Dani Alves,2014,2,Defensor,4,4,0,3,0,0.0,1,0,2,2,0,4
1533,Dani Alves,2022,13,Defensor,2,1,1,3,0,0.0,0,0,1,0,1,7
4891,Dani Carvajal,2018,2,Defensor,3,2,0,1,0,0.0,0,0,1,2,0,10
4891,Dani Carvajal,2022,20,Defensor,2,1,0,2,0,0.0,0,0,0,1,1,13
5010,Dani Olmo,2022,21,Delantero,4,4,0,0,1,0.25,0,0,1,2,1,13
1003,Dani Shmulevich-Rom,1970,14,Delantero,2,1,0,1,0,0.0,0,0,0,1,1,12
1450,Daniel Afriyie,2022,13,Mediocampista,0,0,0,3,0,0.0,0,0,0,0,0,24
4184,Daniel Agger,2010,4,Defensor,3,3,0,0,0,0.0,0,0,1,0,2,24
1451,Daniel Agyei,2010,1,Arquero,0,0,0,5,0,0.0,0,0,0,0,0,7
4452,Daniel Akpeyi,2018,16,Arquero,0,0,0,3,0,0.0,0,0,0,0,0,21
1455,Daniel Amartey,2022,18,Defensor,3,3,0,0,0,0.0,1,0,1,0,2,24
4456,Daniel Amokachi,1994,14,Delantero,4,4,0,0,2,0.5,0,0,2,0,2,9
4456,Daniel Amokachi,1998,14,Delantero,1,1,0,3,0,0.0,0,0,1,0,0,12
3340,Daniel Andersson,2002,20,Mediocampista,0,0,0,4,0,0.0,0,0,0,0,0,13
3340,Daniel Andersson,2006,19,Mediocampista,1,0,0,3,0,0.0,0,0,0,1,0,14
7285,Daniel Arzani,2018,17,Delantero,3,0,0,0,0,0.0,1,0,0,1,2,30
5186,Daniel Bertoni,1978,4,Delantero,6,5,0,1,2,0.33,0,0,4,1,1,1
5186,Daniel Bertoni,1982,4,Delantero,5,5,0,0,2,0.4,1,0,2,0,3,11
2919,Daniel Borimirov,1994,11,Mediocampista,4,2,0,3,1,0.25,1,0,2,1,1,4
2919,Daniel Borimirov,1998,18,Mediocampista,3,1,0,0,0,0.0,0,0,0,1,2,29
1976,Daniel Cambronero,2014,23,Arquero,0,0,0,5,0,0.0,0,0,0,0,0,8
5210,Daniel Carnevali,1974,1,Arquero,5,5,0,1,0,0.0,0,0,1,1,3,8
1981,Daniel Chacón,2022,2,Mediocampista,1,0,0,2,0,0.0,0,0,1,0,0,27
1985,Daniel Colindres,2018,9,Mediocampista,2,1,0,1,0,0.0,0,0,0,1,1,29
4097,Daniel Davari,2014,22,Arquero,0,0,0,3,0,0.0,0,0,0,0,0,28
8089,Daniel Fernandes,2010,22,Arquero,0,0,0,4,0,0.0,0,0,0,0,0,11
5870,Daniel Fonseca,1990,19,Delantero,2,1,0,2,1,0.5,0,0,1,0,1,16
8111,Daniel Gygax,2006,10,Delantero,2,1,0,2,0,0.0,0,0,1,1,0,10
4226,Daniel Jensen,2010,7,Mediocampista,1,0,0,2,0,0.0,0,0,1,0,0,24
5291,Daniel Killer,1978,11,Defensor,0,0,0,7,0,0.0,0,0,0,0,0,1
1482,Daniel-Kofi Kyereh,2022,8,Mediocampista,3,0,0,0,0,0.0,0,0,1,0,2,24
913,Daniel Kome,2002,23,Mediocampista,2,1,0,1,0,0.0,0,0,1,0,1,20
1491,Daniel Opare,2014,4,Defensor,1,1,0,2,0,0.0,0,0,0,0,1,25
5350,Daniel Passarella,1978,19,Defensor,7,7,7,0,1,0.14,1,0,5,1,1,1
5350,Daniel Passarella,1982,15,Defensor,5,5,5,0,2,0.4,1,0,2,0,3,11
5350,Daniel Passarella,1986,6,Defensor,0,0,0,7,0,0.0,0,0,0,0,0,1
1929,Daniel Prodan,1994,3,Defensor,5,5,0,0,0,0.0,0,0,3,1,1,6
1499,Daniel Quaye,2006,17,Defensor,0,0,0,4,0,0.0,0,0,0,0,0,13
4418,Daniel Sanabria,2002,19,Defensor,0,0,0,4,0,0.0,0,0,0,0,0,16
1141,Daniel Saric,2002,15,Defensor,3,2,0,0,0,0.0,0,0,1,0,2,23
163,Daniel Schmid,2022,23,Arquero,0,0,0,4,0,0.0,0,0,0,0,0,9
1407,Daniel Sturridge,2014,9,Delantero,3,3,0,0,1,0.33,0,0,0,1,2,26
1953,Daniel Timofte,1990,16,Delantero,3,2,0,1,0,0.0,0,0,1,1,1,12
2055,Daniel Vallejos,2002,13,Mediocampista,0,0,0,3,0,0.0,0,0,0,0,0,19
6709,Daniel van Buyten,2002,16,Defensor,4,4,0,0,0,0.0,1,0,1,2,1,14
6709,Daniel van Buyten,2014,15,Defensor,5,5,0,0,0,0.0,0,0,4,0,1,6
6750,Daniel Veyt,1986,18,Delantero,5,5,0,2,1,0.2,1,0,1,2,2,4
78,Daniel Viteri,2002,22,Arquero,0,0,0,3,0,0.0,0,0,0,0,0,24
4290,Daniel Wass,2022,18,Defensor,0,0,0,3,0,0.0,0,0,0,0,0,28
4073,Daniel Xuereb,1986,20,Delantero,1,0,0,6,0,0.0,0,0,0,0,1,3
6803,Daniel Yeboah,2010,23,Arquero,0,0,0,3,0,0.0,0,0,0,0,0,17
5605,Daniele De Rossi,2006,4,Mediocampista,3,2,0,4,0,0.0,1,1,1,2,0,1
5605,Daniele De Rossi,2010,6,Mediocampista,3,3,0,0,1,0.33,0,0,0,2,1,26
5605,Daniele De Rossi,2014,16,Mediocampista,2,2,0,1,0,0.0,0,0,1,0,1,22
5685,Daniele Massaro,1982,17,Mediocampista,0,0,0,7,0,0.0,0,0,0,0,0,1
5685,Daniele Massaro,1994,19,Delantero,6,3,0,1,1,0.17,1,0,3,2,1,2
3639,Danijel Ljuboja,2006,21,Delantero,2,0,0,1,0,0.0,0,0,0,0,2,32
1134,Danijel Pranjic,2014,3,Defensor,2,2,0,1,0,0.0,0,0,1,0,1,19
1153,Danijel Subasic,2014,23,Arquero,0,0,0,3,0,0.0,0,0,0,0,0,19
1153,Danijel Subasic,2018,23,Arquero,6,6,0,1,0,0.0,0,0,3,2,1,2
1587,Danilo,2018,14,Defensor,1,1,0,4,0,0.0,0,0,0,1,0,6
1587,Danilo,2022,2,Defensor,3,3,0,2,0,0.0,1,0,2,1,0,7
4294,Danilo Aceval,1998,12,Arquero,0,0,0,4,0,0.0,0,0,0,0,0,14
1588,Danilo Alvim,1950,-,Mediocampista,5,5,0,1,0,0.0,0,0,4,0,1,2
3293,Danilo Pereira,2022,13,Defensor,1,1,0,4,0,0.0,1,0,1,0,0,8
3702,Danilo Popivoda,1974,17,Delantero,1,1,0,5,0,0.0,0,0,0,0,1,7
240,Danilo Turcios,2010,19,Mediocampista,2,1,0,1,0,0.0,1,0,0,1,1,30
3634,Danko Lazovic,2010,8,Delantero,3,0,0,0,0,0.0,0,0,1,0,2,23
3220,Danny,2010,10,Delantero,3,2,0,1,0,0.0,0,0,0,2,1,11
2227,Danny Blanchflower,1958,4,Mediocampista,5,5,5,0,0,0.0,0,0,2,1,2,7
6366,Danny Blind,1990,21,Defensor,0,0,0,4,0,0.0,0,0,0,0,0,15
6366,Danny Blind,1994,15,Defensor,0,0,0,5,0,0.0,0,0,0,0,0,7
6553,Danny Boffin,1994,16,Mediocampista,3,2,0,1,0,0.0,0,0,1,0,2,11
6553,Danny Boffin,1998,21,Mediocampista,2,2,0,1,0,0.0,0,0,0,2,0,19
6553,Danny Boffin,2002,21,Mediocampista,0,0,0,4,0,0.0,0,0,0,0,0,14
1995,Danny Fonseca,2006,6,Mediocampista,2,2,0,1,0,0.0,1,0,0,0,2,31
2376,Danny Mcgrain,1974,3,Defensor,3,3,0,0,0,0.0,0,0,1,2,0,9
2376,Danny Mcgrain,1982,2,Defensor,2,1,1,1,0,0.0,0,0,1,1,0,15
1345,Danny Mills,2002,2,Defensor,5,5,0,0,0,0.0,1,0,2,2,1,6
1381,Danny Rose,2018,3,Defensor,5,2,0,2,0,0.0,0,0,1,1,3,4
4530,Danny Shittu,2010,6,Defensor,3,3,0,0,0,0.0,0,0,0,1,2,27
7379,Danny Vukovic,2018,18,Arquero,0,0,0,3,0,0.0,0,0,0,0,0,30
7379,Danny Vukovic,2022,18,Arquero,0,0,0,4,0,0.0,0,0,0,0,0,11
2568,Danny Ward,2022,12,Arquero,2,1,0,1,0,0.0,0,0,0,0,2,30
1424,Danny Welbeck,2014,11,Delantero,2,2,0,1,0,0.0,0,0,0,0,2,26
1424,Danny Welbeck,2018,14,Delantero,1,0,0,6,0,0.0,0,0,0,0,1,4
1589,Dante,2014,13,Defensor,1,1,0,6,0,0.0,1,0,0,0,1,4
4386,Dante Lopez,2006,20,Delantero,1,0,0,2,0,0.0,0,0,0,0,1,18
1905,Danut Lupu,1990,11,Mediocampista,2,0,0,2,0,0.0,1,0,0,2,0,12
955,Dany Nounkeu,2014,5,Defensor,2,0,0,1,0,0.0,1,0,0,0,2,32
6742,Dany Verlinden,1994,20,Arquero,0,0,0,4,0,0.0,0,0,0,0,0,11
6742,Dany Verlinden,1998,13,Arquero,0,0,0,3,0,0.0,0,0,0,0,0,19
6916,Dare Nibombe,2006,2,Defensor,3,3,0,0,0,0.0,0,0,0,0,3,30
1148,Darijo Srna,2006,2,Mediocampista,3,3,0,0,1,0.33,1,0,0,2,1,22
1148,Darijo Srna,2014,11,Defensor,3,3,3,0,0,0.0,0,0,1,0,2,19
1590,Dario,1970,20,Delantero,0,0,0,6,0,0.0,0,0,0,0,0,1
4381,Dario Jara Saguier,1950,-,Delantero,2,2,0,0,0,0.0,0,0,0,1,1,11
5979,Dario Rodriguez,2002,6,Defensor,3,3,0,0,1,0.33,1,0,0,2,1,26
4735,Dario Rojas,1994,12,Arquero,0,0,0,3,0,0.0,0,0,0,0,0,21
4423,Dario Segovia,1958,14,Defensor,0,0,0,3,0,0.0,0,0,0,0,0,12
5998,Dario Silva,2002,9,Delantero,3,3,0,0,0,0.0,1,0,0,2,1,26
1144,Dario Simic,1998,20,Defensor,6,6,0,1,0,0.0,3,0,4,0,2,3
1144,Dario Simic,2002,20,Defensor,2,1,0,1,0,0.0,0,0,1,0,1,23
1144,Dario Simic,2006,7,Defensor,3,3,0,0,0,0.0,0,1,0,2,1,22
5436,Dario Veron,2010,2,Defensor,1,1,0,4,0,0.0,0,0,0,0,1,8
7377,Dario Vidosic,2010,22,Mediocampista,0,0,0,3,0,0.0,0,0,0,0,0,21
7377,Dario Vidosic,2014,20,Mediocampista,0,0,0,3,0,0.0,0,0,0,0,0,30
1416,Darius Vassell,2002,20,Delantero,3,1,0,2,0,0.0,0,0,0,2,1,6
3052,Dariusz Dudka,2006,17,Defensor,1,0,0,2,0,0.0,0,0,0,0,1,21
3054,Dariusz Dziekanowski,1986,21,Mediocampista,4,4,0,0,0,0.0,2,0,1,1,2,14
3103,Dariusz Kubicki,1986,14,Defensor,1,1,0,3,0,0.0,0,0,0,1,0,14
3623,Darko Kovacevic,1998,22,Delantero,2,1,0,2,0,0.0,0,0,1,1,0,10
3635,Darko Lazovic,2022,22,Mediocampista,1,0,0,2,0,0.0,0,0,0,0,1,29
3685,Darko Pancev,1990,9,Delantero,3,2,0,2,2,0.67,1,0,3,0,0,5
1198,Darren Anderton,1998,14,Mediocampista,4,4,0,0,1,0.25,0,0,2,1,1,9
2349,Darren Jackson,1998,10,Delantero,2,2,0,1,0,0.0,2,0,0,1,1,27
7275,Darryl Powell,1998,20,Mediocampista,2,1,0,1,0,0.0,0,1,0,0,2,22
5941,Darwin Núñez,2022,11,Delantero,3,3,0,0,0,0.0,1,0,1,1,1,20
6421,Daryl Janmaat,2014,7,Defensor,5,3,0,2,0,0.0,0,0,4,1,0,3
1214,Dave Beasant,1990,22,Arquero,0,0,0,7,0,0.0,0,0,0,0,0,4
2533,Dave Bowen,1958,6,Mediocampista,5,5,5,0,0,0.0,0,0,1,3,1,5
5109,Dave Bright,1982,5,Defensor,0,0,0,3,0,0.0,0,0,0,0,0,23
7315,Dave Harding,1974,17,Mediocampista,0,0,0,3,0,0.0,0,0,0,0,0,14
2365,Dave Mackay,1958,11,Mediocampista,1,1,0,2,0,0.0,0,0,0,0,1,14
5129,Dave Mulligan,2010,17,Mediocampista,0,0,0,3,0,0.0,0,0,0,0,0,22
5801,David Acevedo,1958,15,Defensor,0,0,0,3,0,0.0,0,0,0,0,0,13
4851,David Albelda,2002,14,Mediocampista,2,1,0,3,0,0.0,0,0,1,1,0,5
4851,David Albelda,2006,6,Mediocampista,2,1,0,2,0,0.0,1,0,2,0,0,9
1212,David Batty,1998,8,Mediocampista,4,2,0,0,0,0.0,0,0,2,1,1,9
1215,David Beckham,1998,7,Mediocampista,3,2,0,1,1,0.33,0,1,1,1,1,9
1215,David Beckham,2002,7,Mediocampista,5,5,5,0,1,0.2,0,0,2,2,1,6
1215,David Beckham,2006,7,Mediocampista,5,5,5,0,1,0.2,0,0,3,2,0,7
195,David Bueso,1982,11,Mediocampista,0,0,0,3,0,0.0,0,0,0,0,0,18
5826,David Cabrera,1970,15,Delantero,0,0,0,3,0,0.0,0,0,0,0,0,16
2230,David Campbell,1986,21,Mediocampista,1,1,0,2,0,0.0,0,0,0,0,1,21
7296,David Carney,2010,21,Defensor,2,2,0,1,0,0.0,0,0,1,1,0,21
7448,David Connolly,2002,13,Delantero,1,0,0,3,0,0.0,0,0,0,1,0,12
8417,David Cooper,1986,21,Delantero,2,0,0,1,0,0.0,0,0,0,1,1,19
4906,David de Gea,2014,12,Arquero,0,0,0,3,0,0.0,0,0,0,0,0,23
4906,David de Gea,2018,1,Arquero,4,4,0,0,0,0.0,0,0,1,3,0,10
8071,David Degen,2006,14,Delantero,0,0,0,4,0,0.0,0,0,0,0,0,10
888,David Embe,1994,19,Delantero,3,3,0,0,1,0.33,0,0,0,1,2,22
2008,David Guzmán,2018,20,Mediocampista,3,3,0,0,0,0.0,1,0,0,1,2,29
2341,David Harvey,1974,1,Arquero,3,3,0,0,0,0.0,0,0,1,2,0,9
1307,David James,2002,22,Arquero,0,0,0,5,0,0.0,0,0,0,0,0,6
1307,David James,2006,13,Arquero,0,0,0,5,0,0.0,0,0,0,0,0,7
1307,David James,2010,1,Arquero,3,3,0,1,0,0.0,0,0,1,1,1,13
486,David Jarolim,2006,14,Mediocampista,1,0,0,2,0,0.0,0,0,0,0,1,20
7212,David Jemmali,2006,18,Defensor,1,1,0,2,0,0.0,0,0,0,1,0,24
995,David Karako,1970,20,Defensor,0,0,0,3,0,0.0,0,0,0,0,0,12
7463,David Kelly,1990,19,Delantero,0,0,0,5,0,0.0,0,0,0,0,0,8
7463,David Kelly,1994,20,Delantero,1,0,0,3,0,0.0,0,0,0,1,0,16
1591,David Luiz,2014,4,Defensor,7,7,1,0,2,0.29,0,0,3,2,2,4
2254,David Mccreery,1982,4,Mediocampista,5,5,0,0,0,0.0,0,0,1,3,1,9
2254,David Mccreery,1986,6,Mediocampista,3,3,0,0,0,0.0,0,0,0,1,2,21
2385,David Mcpherson,1990,19,Defensor,3,3,0,0,0,0.0,1,0,1,0,2,18
2030,David Myrie,2014,8,Defensor,1,0,0,4,0,0.0,0,0,0,1,0,8
2393,David Narey,1982,14,Defensor,3,2,0,0,1,0.33,0,0,1,1,1,15
2393,David Narey,1986,14,Defensor,2,2,0,1,0,0.0,1,0,0,1,1,19
2487,David Norman,1986,17,Mediocampista,3,3,0,0,0,0.0,0,0,0,0,3,24
8278,David Nyathi,1998,3,Defensor,3,3,0,0,0,0.0,1,0,0,2,1,24
6238,David Odonkor,2006,22,Mediocampista,4,0,0,3,0,0.0,2,0,2,1,1,3
7478,David O'Leary,1990,12,Defensor,1,0,0,4,0,0.0,0,0,0,1,0,8
2699,David Ospina,2014,1,Arquero,5,5,1,0,0,0.0,0,0,4,0,1,5
2699,David Ospina,2018,1,Arquero,4,4,0,0,0,0.0,0,0,2,1,1,9
2269,David Platt,1990,17,Mediocampista,6,3,0,1,3,0.5,0,0,3,2,1,4
997,David Primo,1970,4,Defensor,3,3,0,0,0,0.0,2,0,0,2,1,12
2398,David Provan,1982,20,Delantero,0,0,0,3,0,0.0,0,0,0,0,0,15
6254,David Raum,2022,3,Defensor,3,3,0,0,0,0.0,0,0,1,1,1,17
5037,David Raya,2022,13,Arquero,0,0,0,4,0,0.0,0,0,0,0,0,13
2870,David Regis,1998,6,Defensor,3,3,0,0,0,0.0,1,0,0,0,3,32
2870,David Regis,2002,6,Defensor,0,0,0,5,0,0.0,0,0,0,0,0,8
565,David Rozehnal,2006,22,Defensor,3,3,0,0,0,0.0,1,0,1,0,2,20
1386,David Seaman,1998,1,Arquero,4,4,0,0,0,0.0,1,0,2,1,1,9
1386,David Seaman,2002,1,Arquero,5,5,0,0,0,0.0,0,0,2,2,1,6
5068,David Silva,2010,21,Mediocampista,2,1,0,5,0,0.0,0,0,1,0,1,1
5068,David Silva,2014,21,Mediocampista,3,2,0,0,0,0.0,0,0,1,0,2,23
5068,David Silva,2018,21,Delantero,4,4,0,0,0,0.0,0,0,1,3,0,10
237,David Suazo,2010,11,Delantero,2,2,0,1,0,0.0,1,0,0,1,1,30
4057,David Trezeguet,1998,20,Delantero,6,2,0,1,1,0.17,0,0,5,1,0,1
4057,David Trezeguet,2002,20,Delantero,3,3,0,0,0,0.0,0,0,0,1,2,28
4057,David Trezeguet,2006,20,Delantero,3,1,0,4,0,0.0,0,0,1,2,0,2
2893,David Vanole,1990,22,Arquero,0,0,0,3,0,0.0,0,0,0,0,0,23
5091,David Villa,2006,21,Delantero,4,3,0,0,3,0.75,0,0,3,0,1,9
5091,David Villa,2010,7,Delantero,7,7,0,0,5,0.71,0,0,6,0,1,1
5091,David Villa,2014,7,Delantero,1,1,0,2,1,1.0,0,0,1,0,0,23
2414,David Weir,1998,16,Defensor,2,1,0,1,0,0.0,0,0,0,1,1,27
2503,David Wotherspoon,2022,24,Mediocampista,1,0,0,2,0,0.0,0,0,0,0,1,31
2342,Davie Hay,1974,10,Mediocampista,3,3,0,0,0,0.0,1,0,1,2,0,9
2370,Davie Mathers,1954,17,Mediocampista,0,0,0,2,0,0.0,0,0,0,0,0,15
2717,Dávinson Sánchez,2018,23,Defensor,4,4,0,0,0,0.0,0,0,2,1,1,9
3610,Davor Jozic,1990,6,Defensor,5,5,0,0,2,0.4,0,0,3,1,1,5
3743,Davor Suker,1990,20,Delantero,0,0,0,5,0,0.0,0,0,0,0,0,5
3743,Davor Suker,1998,9,Delantero,7,7,1,0,6,0.86,1,0,5,0,2,3
3743,Davor Suker,2002,9,Delantero,1,1,1,2,0,0.0,0,0,0,0,1,23
1166,Davor Vugrinec,2002,7,Mediocampista,2,1,0,1,0,0.0,0,0,1,0,1,23
6428,Davy Klaassen,2022,14,Mediocampista,4,3,0,1,1,0.25,0,0,3,1,0,5
3098,Dawid Kownacki,2018,23,Delantero,2,1,0,1,0,0.0,0,0,0,0,2,25
2495,Dayne St. Clair,2022,1,Arquero,0,0,0,3,0,0.0,0,0,0,0,0,31
4060,Dayot Upamecano,2022,18,Defensor,5,5,0,2,0,0.0,0,0,4,1,0,2
5018,De Pedro,2002,11,Mediocampista,4,4,0,1,0,0.0,1,0,2,2,0,5
1592,De Sordi,1958,14,Defensor,5,5,0,1,0,0.0,0,0,4,1,0,1
7466,Dean Kiely,2002,16,Arquero,0,0,0,4,0,0.0,0,0,0,0,0,12
7277,Dean Sewell,1998,12,Defensor,0,0,0,3,0,0.0,0,0,0,0,0,22
2906,DeAndre Yedlin,2014,2,Defensor,3,0,0,1,0,0.0,0,0,0,1,2,15
2906,DeAndre Yedlin,2022,22,Defensor,2,0,0,2,0,0.0,0,0,0,1,1,14
1375,Declan Rice,2022,4,Mediocampista,5,5,0,0,0,0.0,0,0,3,1,1,6
3221,Deco,2006,20,Mediocampista,4,4,0,3,1,0.25,1,1,2,0,2,4
3221,Deco,2010,20,Mediocampista,1,1,0,3,0,0.0,0,0,0,1,0,11
6557,Dedryck Boyata,2018,20,Defensor,3,3,0,4,0,0.0,0,0,3,0,0,3
3581,Dejan Govedarica,1998,18,Mediocampista,1,0,0,3,0,0.0,0,0,0,1,0,10
1119,Dejan Lovren,2014,6,Defensor,3,3,0,0,0,0.0,1,0,1,0,2,19
1119,Dejan Lovren,2018,6,Defensor,7,6,0,0,0,0.0,1,0,4,2,1,2
1119,Dejan Lovren,2022,6,Defensor,6,6,0,1,0,0.0,1,0,1,4,1,3
3801,Dejan Nemec,2002,22,Arquero,0,0,0,3,0,0.0,0,0,0,0,0,30
3719,Dejan Savicevic,1990,19,Delantero,3,1,0,2,0,0.0,0,0,1,1,1,5
3719,Dejan Savicevic,1998,8,Mediocampista,2,0,0,2,0,0.0,0,0,1,0,1,10
3732,Dejan Stankovic,1998,20,Mediocampista,3,2,0,1,0,0.0,1,0,2,1,0,10
3732,Dejan Stankovic,2006,10,Mediocampista,3,3,1,0,0,0.0,1,0,0,0,3,32
3732,Dejan Stankovic,2010,10,Mediocampista,3,3,3,0,0,0.0,0,0,1,0,2,23
4443,Dele Adeleye,2010,22,Defensor,0,0,0,3,0,0.0,0,0,0,0,0,27
4451,Dele Aiyenugba,2010,23,Arquero,0,0,0,3,0,0.0,0,0,0,0,0,27
1195,Dele Alli,2018,20,Mediocampista,5,4,0,2,1,0.2,0,0,2,1,2,4
5827,Delfin Benitez Caceres,1930,-,Delantero,2,2,0,0,0,0.0,0,0,1,0,1,9
2668,Delio Gamboa,1962,19,Delantero,1,1,0,2,0,0.0,0,0,0,0,1,14
4428,Delio Toledo,2006,3,Defensor,1,1,0,2,0,0.0,0,0,0,0,1,18
8239,Delron Buckley,1998,13,Mediocampista,2,0,0,1,0,0.0,0,0,0,2,0,24
8239,Delron Buckley,2002,18,Mediocampista,1,0,0,2,0,0.0,0,0,1,0,0,17
5516,Demetrio Albertini,1994,11,Mediocampista,7,7,0,0,0,0.0,3,0,4,2,1,2
5516,Demetrio Albertini,1998,9,Mediocampista,4,3,0,1,0,0.0,0,0,2,2,0,5
2190,Demetrio Neyra,1930,-,Delantero,2,2,0,0,0,0.0,0,0,0,0,2,10
6396,Demy De Zeeuw,2010,14,Mediocampista,2,1,0,5,0,0.0,0,0,2,0,0,2
1593,Denilson,1966,13,Mediocampista,2,2,0,1,0,0.0,1,0,1,0,1,11
1593,Denilson,1998,19,Mediocampista,7,1,0,0,0,0.0,0,0,4,1,2,2
1593,Denilson,2002,17,Delantero,5,0,0,2,0,0.0,1,0,5,0,0,1
4340,Denis Caniza,1998,20,Defensor,4,2,0,0,0,0.0,0,0,1,2,1,14
4340,Denis Caniza,2002,21,Defensor,4,4,0,0,0,0.0,1,0,1,1,2,16
4340,Denis Caniza,2006,21,Defensor,3,3,0,0,0,0.0,1,0,1,0,2,18
4340,Denis Caniza,2010,4,Defensor,1,1,1,4,0,0.0,0,0,0,1,0,8
274,Denis Cheryshev,2018,6,Mediocampista,5,3,0,0,4,0.8,0,0,2,2,1,8
301,Denis Glushakov,2014,8,Mediocampista,3,3,0,0,0,0.0,1,0,0,2,1,24
6635,Denis Houf,1954,8,Delantero,1,1,0,1,0,0.0,0,0,0,1,0,12
7459,Denis Irwin,1994,2,Defensor,2,2,0,2,0,0.0,2,0,1,0,1,16
2359,Denis Law,1974,19,Delantero,1,1,0,2,0,0.0,0,0,1,0,0,9
5928,Denis Milar,1974,19,Delantero,3,2,0,0,0,0.0,0,0,0,1,2,13
1490,Denis Odoi,2022,3,Defensor,1,0,0,2,0,0.0,0,0,1,0,0,24
8230,Denis Zakaria,2018,17,Mediocampista,2,0,0,2,0,0.0,1,0,0,2,0,14
8230,Denis Zakaria,2022,6,Mediocampista,2,0,0,2,0,0.0,0,0,1,0,1,12
6041,Dennis Aogo,2010,4,Defensor,1,1,0,6,0,0.0,1,0,1,0,0,3
6362,Dennis Bergkamp,1994,10,Delantero,5,5,0,0,3,0.6,1,0,3,0,2,7
6362,Dennis Bergkamp,1998,8,Delantero,7,6,0,0,3,0.43,0,0,3,3,1,4
615,Dennis Lawrence,2006,6,Defensor,3,3,0,0,0,0.0,0,0,0,1,2,27
4273,Dennis Rommedahl,2002,19,Delantero,4,4,0,0,1,0.25,0,0,2,1,1,10
4273,Dennis Rommedahl,2010,19,Delantero,3,3,0,0,1,0.33,0,0,1,0,2,24
1428,Dennis Wilshaw,1954,15,Delantero,2,2,0,1,1,0.5,0,0,1,0,1,7
6438,Denny Landzaat,2006,6,Mediocampista,3,0,0,1,0,0.0,0,0,2,1,0,11
619,Densill Theobald,2006,18,Mediocampista,3,3,0,0,0,0.0,1,0,0,1,2,27
6400,Denzel Dumfries,2022,22,Defensor,5,5,0,0,1,0.2,0,1,3,2,0,5
7098,Deok Yeo Yoon,1990,4,Defensor,2,2,0,1,0,0.0,1,1,0,0,2,22
7263,Deon Burton,1998,18,Delantero,3,2,0,0,0,0.0,1,0,1,0,2,22
1594,Dequinha,1954,16,Mediocampista,0,0,0,3,0,0.0,0,0,0,0,0,6
1465,Derek Boateng,2006,9,Mediocampista,3,1,0,1,0,0.0,1,0,2,0,1,13
1465,Derek Boateng,2010,9,Mediocampista,0,0,0,5,0,0.0,0,0,0,0,0,7
2461,Derek Cornelius,2022,25,Defensor,0,0,0,3,0,0.0,0,0,0,0,0,31
2241,Derek Dougan,1958,16,Delantero,1,1,0,4,0,0.0,0,0,1,0,0,7
2353,Derek Johnstone,1978,17,Delantero,0,0,0,3,0,0.0,0,0,0,0,0,11
1315,Derek Kevan,1958,9,Delantero,4,4,0,0,2,0.5,0,0,0,3,1,11
1315,Derek Kevan,1962,13,Delantero,0,0,0,4,0,0.0,0,0,0,0,0,8
2564,Derek Sullivan,1958,4,Defensor,4,4,0,1,0,0.0,0,0,1,2,1,5
2415,Derek Whyte,1998,19,Defensor,0,0,0,3,0,0.0,0,0,0,0,0,27
4372,Derlis Gomez,2006,12,Arquero,0,0,0,3,0,0.0,0,0,0,0,0,18
1419,Des Walker,1990,5,Defensor,7,7,0,0,0,0.0,0,0,3,3,1,4
6556,Desire Bourgeois,1934,-,Mediocampista,0,0,0,1,0,0.0,0,0,0,0,0,15
2744,Desmond Armstrong,1990,15,Defensor,3,3,0,0,0,0.0,0,0,0,0,3,23
6992,Deuk Soo Kang,1986,22,Delantero,0,0,0,3,0,0.0,0,0,0,0,0,20
893,Devis Epassy,2022,16,Arquero,2,2,0,1,0,0.0,0,0,1,1,0,19
7505,Dezso Bundzsak,1958,10,Delantero,3,3,0,1,0,0.0,0,0,0,1,2,10
7572,Dezso Molnar,1966,15,Delantero,0,0,0,4,0,0.0,0,0,0,0,0,6
1066,Diafra Sakho,2018,15,Delantero,1,0,0,2,0,0.0,0,0,0,0,1,17
3222,Diamantino,1986,17,Delantero,3,2,0,0,1,0.33,0,0,1,0,2,17
6360,Dick Been,1938,-,Defensor,0,0,0,1,0,0.0,0,0,0,0,0,14
2252,Dick Keith,1958,5,Defensor,5,5,0,0,0,0.0,0,0,2,1,2,7
6451,Dick Nanninga,1978,18,Mediocampista,4,0,0,3,1,0.25,1,1,1,2,1,2
4479,Dickson Etuhu,2010,20,Mediocampista,3,3,0,0,0,0.0,0,0,0,1,2,27
1595,Dida,1958,21,Delantero,1,1,0,5,0,0.0,0,0,1,0,0,1
1595,Dida,1998,22,Arquero,0,0,0,7,0,0.0,0,0,0,0,0,2
1595,Dida,2002,12,Arquero,0,0,0,7,0,0.0,0,0,0,0,0,1
1595,Dida,2006,1,Arquero,5,5,1,0,0,0.0,0,0,4,0,1,5
1596,Didi,1954,8,Mediocampista,3,3,0,0,2,0.67,0,0,1,1,1,6
1596,Didi,1958,6,Mediocampista,6,6,0,0,1,0.17,0,0,5,1,0,1
1596,Didi,1962,8,Mediocampista,6,6,0,0,0,0.0,0,0,5,1,0,1
6120,Didi Hamann,1998,16,Mediocampista,5,3,0,0,0,0.0,2,0,3,1,1,7
6120,Didi Hamann,2002,8,Mediocampista,6,6,0,1,0,0.0,2,0,4,1,1,2
865,Didier Angibeaud,1998,8,Mediocampista,3,2,0,0,0,0.0,1,0,0,2,1,25
3879,Didier Couecou,1966,9,Delantero,0,0,0,3,0,0.0,0,0,0,0,0,13
3895,Didier Deschamps,1998,7,Mediocampista,6,6,6,1,0,0.0,3,0,5,1,0,1
6775,Didier Drogba,2006,11,Delantero,2,2,2,1,1,0.5,2,0,0,0,2,19
6775,Didier Drogba,2010,11,Delantero,3,2,2,0,1,0.33,0,0,1,1,1,17
6775,Didier Drogba,2014,11,Delantero,3,1,1,0,0,0.0,1,0,1,0,2,21
4042,Didier Six,1978,19,Delantero,3,2,0,0,0,0.0,1,0,1,0,2,12
4042,Didier Six,1982,19,Delantero,7,4,0,0,2,0.29,0,0,3,2,2,4
6801,Didier Ya Konan,2014,13,Delantero,1,0,0,2,0,0.0,0,0,1,0,0,21
6805,Didier Zokora,2006,5,Mediocampista,3,3,0,0,0,0.0,1,0,1,0,2,19
6805,Didier Zokora,2010,5,Mediocampista,3,3,0,0,0,0.0,1,0,1,1,1,17
6805,Didier Zokora,2014,5,Mediocampista,2,2,0,1,0,0.0,2,0,1,0,1,21
4316,Diego Barreto,2010,12,Arquero,0,0,0,5,0,0.0,0,0,0,0,0,8
8050,Diego Benaglio,2006,12,Arquero,0,0,0,4,0,0.0,0,0,0,0,0,10
8050,Diego Benaglio,2010,1,Arquero,3,3,0,0,0,0.0,1,0,1,1,1,19
8050,Diego Benaglio,2014,1,Arquero,4,4,0,0,0,0.0,0,0,2,0,2,11
1974,Diego Calvo,2014,20,Mediocampista,0,0,0,5,0,0.0,0,0,0,0,0,8
4902,Diego Costa,2014,19,Delantero,2,2,0,1,0,0.0,0,0,0,0,2,23
4902,Diego Costa,2018,19,Delantero,4,4,0,0,3,0.75,0,0,1,3,0,10
4363,Diego Florentin,1930,-,Mediocampista,0,0,0,2,0,0.0,0,0,0,0,0,9
5873,Diego Forlan,2002,21,Delantero,1,0,0,2,1,1.0,0,0,0,1,0,26
5873,Diego Forlan,2010,10,Delantero,7,7,1,0,5,0.71,0,0,3,2,2,4
5873,Diego Forlan,2014,10,Delantero,2,2,0,2,0,0.0,0,0,0,0,2,12
4370,Diego Gavilan,2002,14,Mediocampista,3,1,0,1,0,0.0,1,0,0,1,2,16
4370,Diego Gavilan,2006,11,Mediocampista,0,0,0,3,0,0.0,0,0,0,0,0,18
5883,Diego Godin,2010,3,Defensor,5,5,0,2,0,0.0,0,0,2,1,2,4
5883,Diego Godin,2014,3,Defensor,4,4,3,0,1,0.25,1,0,2,0,2,12
5883,Diego Godin,2018,3,Defensor,5,5,5,0,0,0.0,0,0,4,0,1,5
5883,Diego Godin,2022,3,Defensor,2,2,2,1,0,0.0,0,0,0,1,1,20
5904,Diego Laxalt,2018,17,Mediocampista,4,3,0,1,0,0.0,0,0,3,0,1,5
5909,Diego Lugano,2010,2,Defensor,6,6,6,1,0,0.0,1,0,3,2,1,4
5909,Diego Lugano,2014,2,Defensor,1,1,1,3,0,0.0,2,0,0,0,1,12
5307,Diego Maradona,1982,10,Mediocampista,5,5,0,0,2,0.4,1,1,2,0,3,11
5307,Diego Maradona,1986,10,Mediocampista,7,7,7,0,5,0.71,1,0,6,1,0,1
5307,Diego Maradona,1990,10,Mediocampista,7,7,7,0,0,0.0,2,0,2,3,2,2
5307,Diego Maradona,1994,10,Mediocampista,2,2,2,2,1,0.5,0,0,2,0,0,10
5320,Diego Milito,2010,19,Delantero,2,1,0,3,0,0.0,0,0,2,0,0,5
55,Diego Palacios,2022,18,Defensor,0,0,0,3,0,0.0,0,0,0,0,0,18
8427,Diego Perez,2010,15,Mediocampista,7,7,0,0,0,0.0,2,0,3,2,2,4
8427,Diego Perez,2014,15,Mediocampista,0,0,0,4,0,0.0,0,0,0,0,0,12
5367,Diego Placente,2002,13,Defensor,2,2,0,1,0,0.0,0,0,1,0,1,18
5370,Diego Pozo,2010,1,Arquero,0,0,0,5,0,0.0,0,0,0,0,0,5
7837,Diego Reyes,2014,5,Defensor,1,0,0,3,0,0.0,0,0,0,0,1,10
5408,Diego Simeone,1994,14,Mediocampista,4,4,0,0,0,0.0,0,0,2,0,2,10
5408,Diego Simeone,1998,8,Mediocampista,5,4,4,0,0,0.0,1,0,3,1,1,6
5408,Diego Simeone,2002,14,Mediocampista,2,2,0,1,0,0.0,1,0,1,0,1,18
5079,Diego Tristan,2002,10,Delantero,2,2,0,3,0,0.0,0,0,2,0,0,5
6072,Dieter Burdenski,1978,22,Arquero,0,0,0,6,0,0.0,0,0,0,0,0,6
6135,Dieter Herzog,1974,18,Delantero,2,2,0,5,0,0.0,0,0,2,0,0,1
6141,Dieter Hoeness,1986,20,Delantero,2,0,0,5,0,0.0,0,0,0,1,1,2
8154,Dieter Mueller,1978,14,Delantero,4,4,0,2,2,0.5,0,0,1,2,1,6
4607,Dietmar Kuehbauer,1998,22,Mediocampista,3,3,0,0,0,0.0,0,0,0,2,1,23
2929,Dimitar Dimov,1962,8,Defensor,1,1,0,2,0,0.0,0,0,0,1,0,15
2967,Dimitar Largov,1966,15,Defensor,1,1,0,2,0,0.0,0,0,0,0,1,15
2969,Dimitar Marashliev,1970,18,Delantero,2,1,0,1,0,0.0,0,0,0,0,2,13
2989,Dimitar Penev,1966,5,Defensor,3,3,0,0,0,0.0,0,0,0,0,3,15
2989,Dimitar Penev,1970,6,Defensor,3,3,0,0,0,0.0,0,0,0,1,2,13
2989,Dimitar Penev,1974,6,Defensor,3,3,0,0,0,0.0,0,0,0,2,1,12
3013,Dimitar Yakimov,1962,11,Delantero,1,1,0,2,0,0.0,0,0,0,0,1,15
3013,Dimitar Yakimov,1966,13,Delantero,3,3,0,0,0,0.0,0,0,0,0,3,15
3013,Dimitar Yakimov,1970,10,Delantero,2,2,0,1,0,0.0,0,0,0,1,1,13
297,Dimitri Galiamin,1994,4,Defensor,1,0,0,2,0,0.0,0,0,0,0,1,18
7352,Dimitri Petratos,2018,21,Delantero,0,0,0,3,0,0.0,0,0,0,0,0,30
2617,Dimitrios Salpingidis,2010,14,Delantero,2,1,0,1,1,0.5,0,0,1,0,1,25
2617,Dimitrios Salpingidis,2014,14,Delantero,4,3,0,0,0,0.0,1,0,1,2,1,13
2620,Dimitrios Saravakos,1994,7,Delantero,1,1,1,2,0,0.0,0,0,0,0,1,24
5474,Dincer Mehmet,1954,15,Mediocampista,0,0,0,3,0,0.0,0,0,0,0,0,11
2923,Dinko Dermendzhiev,1962,19,Delantero,2,2,0,1,0,0.0,0,0,0,1,1,15
2923,Dinko Dermendzhiev,1966,7,Mediocampista,2,2,0,1,0,0.0,1,0,0,0,2,15
2923,Dinko Dermendzhiev,1970,11,Mediocampista,2,2,0,1,1,0.5,0,0,0,0,2,13
5532,Dino Baggio,1994,13,Mediocampista,7,6,0,0,2,0.29,1,0,4,2,1,2
5532,Dino Baggio,1998,11,Mediocampista,5,5,0,0,0,0.0,0,0,3,2,0,5
1597,Dino Sani,1958,5,Mediocampista,2,2,0,4,0,0.0,0,0,1,1,0,1
5797,Dino Zoff,1970,12,Arquero,0,0,0,6,0,0.0,0,0,0,0,0,2
5797,Dino Zoff,1974,1,Arquero,3,3,0,0,0,0.0,0,0,1,1,1,10
5797,Dino Zoff,1978,1,Arquero,7,7,7,0,0,0.0,0,0,4,1,2,4
5797,Dino Zoff,1982,1,Arquero,7,7,7,0,0,0.0,0,0,4,3,0,1
7708,Diogenes Dominguez,1930,-,Delantero,1,1,0,1,0,0.0,0,0,0,0,1,9
4718,Diogenes Lara,1930,-,Mediocampista,2,2,0,0,0,0.0,0,0,0,0,2,12
4902,Diogo Costa,2022,22,Arquero,5,5,0,0,0,0.0,0,0,3,0,2,8
3217,Diogo Dalot,2022,2,Defensor,3,3,0,2,0,0.0,0,0,1,0,2,8
7783,Dioniso Mejia,1930,-,Delantero,1,1,0,2,0,0.0,0,0,0,0,1,13
3574,Dionizije Dvornic,1954,20,Delantero,1,1,0,2,0,0.0,0,0,0,1,0,8
1598,Dirceu,1974,21,Mediocampista,4,4,0,3,0,0.0,1,0,2,0,2,4
1598,Dirceu,1978,11,Mediocampista,7,6,0,0,3,0.43,0,0,4,3,0,3
1598,Dirceu,1982,21,Delantero,1,1,0,4,0,0.0,0,0,1,0,0,5
5451,Dirimlili Basri,1954,3,Defensor,3,3,0,0,0,0.0,0,0,1,0,2,11
6437,Dirk Kuyt,2006,7,Delantero,3,2,0,1,0,0.0,1,0,1,1,1,11
6437,Dirk Kuyt,2010,7,Delantero,7,7,0,0,1,0.14,1,0,6,0,1,2
6437,Dirk Kuyt,2014,15,Delantero,5,5,0,2,0,0.0,0,0,3,2,0,3
6651,Dirk Medved,1994,2,Defensor,2,1,0,2,0,0.0,0,0,1,0,1,11
6476,Dirk Schoenaker,1978,3,Mediocampista,1,0,0,6,0,0.0,0,0,1,0,0,2
6155,Ditmar Jakobs,1986,17,Defensor,6,5,0,1,0,0.0,1,0,3,1,2,2
6672,Divock Origi,2014,17,Delantero,5,2,0,0,1,0.2,0,0,4,0,1,6
7247,Djalma Santos,1954,2,Defensor,3,3,0,0,1,0.33,0,0,1,1,1,6
7247,Djalma Santos,1958,4,Defensor,1,1,0,5,0,0.0,0,0,1,0,0,1
7247,Djalma Santos,1962,2,Defensor,6,6,0,0,0,0.0,0,0,5,1,0,1
7247,Djalma Santos,1966,2,Defensor,2,2,0,1,0,0.0,0,0,1,0,1,11
6829,Djamal Abdoun,2010,22,Mediocampista,1,0,0,2,0,0.0,0,0,0,1,0,28
6885,Djamel Menad,1986,9,Delantero,2,1,0,1,0,0.0,0,0,0,0,2,22
6887,Djamel Mesbah,2010,20,Defensor,1,0,0,2,0,0.0,0,0,0,1,0,28
6887,Djamel Mesbah,2014,6,Defensor,2,2,0,2,0,0.0,1,0,1,1,0,14
6895,Djamel Tlemcani,1982,19,Mediocampista,1,0,0,2,0,0.0,0,0,0,0,1,13
6901,Djamel Zidane,1982,14,Mediocampista,2,2,0,1,0,0.0,0,0,1,0,1,13
6901,Djamel Zidane,1986,14,Mediocampista,3,2,0,0,1,0.33,0,0,0,1,2,22
3874,Djibril Cisse,2002,9,Delantero,3,0,0,0,0,0.0,0,0,0,1,2,28
3874,Djibril Cisse,2010,9,Delantero,1,1,0,2,0,0.0,0,0,0,0,1,29
4038,Djibril Sidibé,2018,19,Defensor,1,1,0,6,0,0.0,0,0,0,1,0,1
8194,Djibril Sow,2022,15,Mediocampista,4,4,0,0,0,0.0,0,0,2,0,2,12
3760,Djordje Vujadinovic,1930,-,Delantero,3,3,0,0,1,0.33,0,0,2,0,1,4
65,Djorkaeff Reasco,2022,24,Delantero,1,0,0,2,0,0.0,0,0,0,0,1,18
319,Dmitri Kharin,1994,16,Arquero,2,2,2,1,0,0.0,1,0,0,0,2,18
321,Dmitri Khlestov,1994,21,Defensor,3,3,0,0,0,0.0,2,0,1,0,2,18
339,Dmitri Kuznetsov,1994,2,Defensor,2,2,0,1,0,0.0,1,0,0,0,2,18
375,Dmitri Popov,1994,8,Mediocampista,1,1,0,2,0,0.0,0,0,0,0,1,18
379,Dmitri Radchenko,1994,15,Delantero,3,2,0,0,1,0.33,0,0,1,0,2,18
393,Dmitri Sennikov,2002,18,Defensor,1,0,0,2,0,0.0,1,0,0,0,1,22
408,Dmitri Sychev,2002,22,Delantero,3,0,0,0,1,0.33,0,0,1,0,2,22
328,Dmitri Kombarov,2014,23,Mediocampista,3,3,0,0,0,0.0,1,0,0,2,1,24
249,Dmitry Alenichev,2002,15,Mediocampista,2,1,0,1,0,0.0,2,0,1,0,1,22
323,Dmitry Khokhlov,2002,21,Mediocampista,3,1,0,0,0,0.0,1,0,1,0,2,22
7103,Dmytro Chigrynskyi,2006,13,Defensor,0,0,0,5,0,0.0,0,0,0,0,0,8
6998,Do Heon Kim,2006,8,Mediocampista,0,0,0,3,0,0.0,0,0,0,0,0,17
6999,Do Hoon Kim,1998,9,Delantero,2,2,0,1,0,0.0,0,0,0,0,2,30
7987,Do Keun Kim,1998,7,Mediocampista,3,3,0,0,0,0.0,0,0,0,1,2,30
3024,Dobromir Zhechev,1962,12,Defensor,1,1,0,2,0,0.0,0,0,0,1,0,15
3024,Dobromir Zhechev,1966,6,Delantero,3,3,0,0,0,0.0,1,0,0,0,3,15
3024,Dobromir Zhechev,1970,14,Defensor,2,2,0,1,1,0.5,0,0,0,1,1,13
3024,Dobromir Zhechev,1974,3,Defensor,0,0,0,3,0,0.0,0,0,0,0,0,12
3632,Dobrosav Krstic,1958,8,Mediocampista,4,4,0,0,0,0.0,0,0,1,2,1,8
1600,Doca,1930,-,Delantero,0,0,0,2,0,0.0,0,0,0,0,0,6
8253,Doctor Khumalo,1998,15,Mediocampista,1,0,0,2,0,0.0,0,0,0,1,0,24
1161,Domagoj Vida,2014,21,Defensor,0,0,0,3,0,0.0,0,0,0,0,0,19
1161,Domagoj Vida,2018,21,Defensor,6,6,0,1,1,0.17,1,0,3,2,1,2
1161,Domagoj Vida,2022,21,Defensor,0,0,0,7,0,0.0,0,0,0,0,0,3
5599,Domenico Criscito,2010,3,Defensor,3,3,0,0,0,0.0,0,0,0,2,1,26
207,Domingo Drummond,1982,12,Defensor,1,1,0,2,0,0.0,0,0,0,0,1,18
2164,Domingo Garcia,1930,-,Mediocampista,1,1,0,1,0,0.0,0,0,0,0,1,10
5959,Domingo Perez,1962,7,Delantero,3,3,0,0,0,0.0,0,0,1,0,2,13
5959,Domingo Perez,1966,11,Delantero,4,4,0,0,0,0.0,0,0,1,2,1,7
6012,Domingo Tejera,1930,-,Defensor,1,1,0,3,0,0.0,0,0,1,0,0,1
1601,Domingos Da Guia,1938,-,Defensor,4,4,0,1,0,0.0,0,0,2,1,1,3
1446,Dominic Adiyiah,2010,18,Delantero,2,0,0,3,0,0.0,0,0,0,1,1,7
1118,Dominik Livaković,2018,1,Arquero,0,0,0,7,0,0.0,0,0,0,0,0,2
1118,Dominik Livaković,2022,1,Arquero,7,7,0,0,0,0.0,1,0,2,4,1,3
3831,Dominique Baratelli,1978,1,Arquero,1,0,0,2,0,0.0,0,0,0,0,1,12
3831,Dominique Baratelli,1982,1,Arquero,0,0,0,7,0,0.0,0,0,0,0,0,4
3834,Dominique Bathenay,1978,9,Mediocampista,2,2,1,1,0,0.0,0,0,1,0,1,12
3876,Dominique Colonna,1958,2,Arquero,0,0,0,6,0,0.0,0,0,0,0,0,3
3907,Dominique Dropsy,1978,22,Arquero,1,1,0,2,0,0.0,0,0,1,0,0,12
8113,Dominique Herr,1994,4,Defensor,4,4,0,0,0,0.0,1,0,1,1,2,15
4025,Dominique Rocheteau,1978,18,Delantero,2,2,0,1,1,0.5,0,0,1,0,1,12
4025,Dominique Rocheteau,1982,18,Delantero,4,3,0,3,2,0.5,0,0,2,1,1,4
4025,Dominique Rocheteau,1986,18,Delantero,4,3,0,3,1,0.25,1,0,3,1,0,3
1299,Don Howe,1958,2,Defensor,4,4,0,0,0,0.0,0,0,0,3,1,11
1299,Don Howe,1962,21,Defensor,0,0,0,4,0,0.0,0,0,0,0,0,8
2369,Don Masson,1978,7,Mediocampista,1,1,0,2,0,0.0,0,0,0,0,1,11
2325,Donald Ford,1974,17,Mediocampista,0,0,0,3,0,0.0,0,0,0,0,0,9
7989,Dong Gook Lee,1998,21,Delantero,1,0,0,2,0,0.0,0,0,0,0,1,30
7989,Dong Gook Lee,2010,20,Delantero,2,0,0,2,0,0.0,0,0,0,0,2,15
7001,Dong Jin Kim,2006,3,Defensor,2,2,0,1,0,0.0,1,0,0,1,1,17
7001,Dong Jin Kim,2010,15,Defensor,1,0,0,3,0,0.0,0,0,0,1,0,15
7083,Dong Myung Seo,1998,22,Arquero,0,0,0,3,0,0.0,0,0,0,0,0,30
6985,Dong-Won Ji,2014,19,Delantero,2,0,0,1,0,0.0,0,0,0,0,2,27
7991,Dong Woon Li,1966,16,Defensor,2,2,0,2,1,0.5,0,0,0,1,1,8
5620,Doni,2010,22,Arquero,0,0,0,5,0,0.0,0,0,0,0,0,6
3802,Doni Novak,2002,7,Mediocampista,3,3,0,0,0,0.0,0,0,0,0,3,30
208,Donis Escober,2010,22,Arquero,0,0,0,3,0,0.0,0,0,0,0,0,30
208,Donis Escober,2014,22,Arquero,0,0,0,3,0,0.0,0,0,0,0,0,31
7276,Donovan Ricketts,1998,14,Arquero,0,0,0,3,0,0.0,0,0,0,0,0,22
7997,Doo Ik Pak,1966,7,Mediocampista,4,4,0,0,1,0.25,0,0,1,1,2,8
7973,Dook Jong Hong,1954,1,Arquero,2,2,0,0,0,0.0,0,0,0,0,2,16
1907,Dorin Mateut,1990,15,Mediocampista,1,0,0,3,0,0.0,0,0,0,1,0,12
1913,Dorinel Munteanu,1994,7,Mediocampista,5,5,0,0,0,0.0,0,0,3,1,1,6
1913,Dorinel Munteanu,1998,8,Mediocampista,4,4,0,0,0,0.0,1,0,2,1,1,11
1603,Doriva,1998,17,Mediocampista,1,0,0,6,0,0.0,0,0,1,0,0,2
4671,Dorst,1938,-,Defensor,0,0,0,1,0,0.0,0,0,0,0,0,15
2310,Doug Cowie,1954,7,Mediocampista,2,2,0,0,0,0.0,0,0,0,0,2,15
2310,Doug Cowie,1958,12,Mediocampista,2,2,0,1,0,0.0,0,0,0,1,1,14
7375,Doug Utjesenovic,1974,2,Defensor,3,3,0,0,0,0.0,0,0,0,1,2,14
2015,Douglas López,2022,21,Mediocampista,0,0,0,3,0,0.0,0,0,0,0,0,27
2046,Douglas Sequeira,2006,20,Mediocampista,2,2,0,1,0,0.0,0,0,0,0,2,31
3575,Dragan Dzajic,1974,11,Delantero,5,5,5,1,1,0.2,0,0,1,2,2,7
3651,Dragan Mihajlovic,1930,-,Defensor,3,3,0,0,0,0.0,0,0,2,0,1,4
3669,Dragan Mrdja,2010,21,Delantero,0,0,0,3,0,0.0,0,0,0,0,0,23
3686,Dragan Pantelic,1982,1,Arquero,3,3,0,0,0,0.0,0,0,1,1,1,16
3739,Dragan Stojkovic,1990,10,Mediocampista,5,5,0,0,2,0.4,1,0,3,1,1,5
3739,Dragan Stojkovic,1998,10,Mediocampista,4,4,4,0,1,0.25,2,0,2,1,1,10
3636,Dragoje Lekovic,1990,22,Arquero,0,0,0,5,0,0.0,0,0,0,0,0,5
3636,Dragoje Lekovic,1998,12,Arquero,0,0,0,4,0,0.0,0,0,0,0,0,10
3551,Dragoljub Brnovic,1990,7,Mediocampista,5,4,0,0,0,0.0,1,0,3,1,1,5
3752,Dragomir Tosic,1930,-,Defensor,0,0,0,3,0,0.0,0,0,0,0,0,4
3604,Dragoslav Jevric,2006,1,Arquero,3,3,0,0,0,0.0,0,0,0,0,3,32
3720,Dragoslav Sekularac,1958,15,Mediocampista,3,3,0,1,0,0.0,0,0,1,2,0,8
3720,Dragoslav Sekularac,1962,8,Mediocampista,6,6,0,0,0,0.0,0,0,3,0,3,4
3674,Dragutin Najdanovic,1930,-,Delantero,1,1,0,2,0,0.0,0,0,1,0,0,4
3602,Drazen Jerkovic,1958,22,Delantero,0,0,0,4,0,0.0,0,0,0,0,0,8
3602,Drazen Jerkovic,1962,9,Delantero,6,6,0,0,4,0.67,0,0,3,0,3,4
1114,Drazen Ladic,1998,1,Arquero,7,7,0,0,0,0.0,0,0,5,0,2,3
3672,Drazen Muzinic,1974,4,Defensor,2,2,0,4,0,0.0,0,0,0,1,1,7
6655,Dries Mertens,2014,14,Mediocampista,5,3,0,0,1,0.2,0,0,4,0,1,6
6655,Dries Mertens,2018,14,Delantero,6,3,0,1,1,0.17,0,0,5,0,1,3
6655,Dries Mertens,2022,14,Delantero,2,1,0,1,0,0.0,0,0,0,1,1,23
8308,Driss Bamous,1970,8,Mediocampista,3,3,3,0,0,0.0,0,0,0,1,2,14
8312,Driss Ben Zekri,1998,12,Arquero,2,2,0,1,0,0.0,0,0,0,1,1,18
8374,Driss Kanoussi,1970,4,Defensor,3,3,0,0,0,0.0,0,0,0,1,2,14
6930,Du Ri Cha,2002,16,Delantero,4,1,0,3,0,0.0,1,0,2,0,2,4
6930,Du Ri Cha,2010,22,Defensor,3,3,0,1,0,0.0,1,0,1,1,1,15
4692,Duberty Araoz,1950,-,Mediocampista,0,0,0,1,0,0.0,0,0,0,0,0,13
3224,Duda,2010,5,Defensor,2,1,0,2,0,0.0,1,0,1,1,0,11
7701,Duilio Davino,1998,5,Defensor,4,4,0,0,0,0.0,1,0,1,2,1,13
1089,Duje Ćaleta-Car,2018,15,Defensor,1,1,0,6,0,0.0,0,0,1,0,0,2
1921,Dumitru Pavlovici,1938,-,Arquero,1,1,0,1,0,0.0,0,0,0,1,0,9
1948,Dumitru Stangaciu,1998,1,Arquero,0,0,0,4,0,0.0,0,0,0,0,0,11
5114,Duncan Cole,1982,8,Mediocampista,3,1,0,0,0,0.0,0,0,0,0,3,23
1605,Dunga,1990,4,Mediocampista,4,4,0,0,0,0.0,1,0,3,0,1,9
1605,Dunga,1994,8,Mediocampista,7,7,4,0,0,0.0,1,0,5,2,0,1
1605,Dunga,1998,8,Mediocampista,7,7,7,0,0,0.0,0,0,4,1,2,2
7262,Durrent Brown,1998,21,Defensor,0,0,0,3,0,0.0,0,0,0,0,0,22
3540,Dusan Bajevic,1974,19,Delantero,3,3,0,3,3,1.0,1,0,1,1,1,7
3542,Dusan Basta,2006,13,Defensor,0,0,0,3,0,0.0,0,0,0,0,0,32
802,Dusan Kuciak,2010,23,Arquero,0,0,0,4,0,0.0,0,0,0,0,0,16
806,Dusan Pernis,2010,12,Arquero,0,0,0,4,0,0.0,0,0,0,0,0,16
3695,Dusan Petkovic,2006,16,Defensor,0,0,0,3,0,0.0,0,0,0,0,0,32
3748,Dušan Tadić,2018,10,Mediocampista,3,3,0,0,0,0.0,0,0,1,0,2,23
3748,Dušan Tadić,2022,10,Delantero,3,3,3,0,0,0.0,0,0,0,1,2,29
3759,Dusan Vlahovic,2022,18,Delantero,2,1,0,1,1,0.5,0,0,0,0,2,29
3753,Duško Tošić,2018,3,Defensor,2,2,0,1,0,0.0,0,0,1,0,1,23
623,Dwight Yorke,2006,19,Delantero,3,3,3,0,0,0.0,1,0,0,1,2,27
7176,Dylan Bronn,2018,11,Defensor,2,2,0,1,1,0.5,0,0,0,0,2,24
7176,Dylan Bronn,2022,6,Defensor,2,2,0,1,0,0.0,0,0,0,1,1,21
2554,Dylan Levitt,2022,23,Mediocampista,0,0,0,3,0,0.0,0,0,0,0,0,30
2286,Eamonn Bannon,1986,9,Mediocampista,2,1,0,1,0,0.0,1,0,0,0,2,19
2886,Earnie Stewart,1994,8,Delantero,4,4,0,0,1,0.25,0,0,1,1,2,14
2886,Earnie Stewart,1998,8,Mediocampista,3,2,0,0,0,0.0,0,0,0,0,3,32
2886,Earnie Stewart,2002,8,Mediocampista,4,2,1,1,0,0.0,0,0,2,0,2,8
4275,Ebbe Sand,1998,19,Delantero,5,2,0,0,1,0.2,0,0,2,1,2,8
4275,Ebbe Sand,2002,11,Delantero,3,3,0,1,0,0.0,1,0,1,1,1,10
787,Eberardo Villalobos,1930,-,Delantero,3,3,0,0,0,0.0,0,0,2,0,1,5
2523,Eberhard Vogel,1974,15,Delantero,3,2,0,3,0,0.0,1,0,1,2,0,6
3155,Ebi Smolarek,2006,15,Mediocampista,3,3,0,0,0,0.0,1,0,1,0,2,21
4129,Ebrahim Kassempoor,1978,8,Mediocampista,3,3,0,0,0,0.0,0,0,0,1,2,14
4145,Ebrahim Mirzapour,2006,1,Arquero,3,3,0,0,0,0.0,0,0,0,1,2,26
4911,Echeberria,1962,7,Defensor,1,1,0,2,0,0.0,0,0,0,0,1,12
2778,Ed Czerkiewicz,1934,-,Defensor,1,1,0,0,0,0.0,0,0,0,0,1,16
6384,Ed De Goey,1994,1,Arquero,5,5,0,0,0,0.0,0,0,3,0,2,7
6384,Ed De Goey,1998,18,Arquero,0,0,0,7,0,0.0,0,0,0,0,0,4
2845,Ed Mcilvenny,1950,-,Mediocampista,3,3,1,0,0,0.0,0,0,1,0,2,10
2883,Ed Souza,1950,-,Delantero,3,3,0,0,0,0.0,0,0,1,0,2,10
206,Edder Delgado,2014,12,Mediocampista,0,0,0,3,0,0.0,0,0,0,0,0,31
1204,Eddie Baily,1950,-,Delantero,1,1,0,2,0,0.0,0,0,0,0,1,8
1242,Eddie Clamp,1958,4,Defensor,3,3,0,1,0,0.0,0,0,0,3,0,11
1260,Eddie Ditchburn,1950,-,Arquero,0,0,0,3,0,0.0,0,0,0,0,0,8
1298,Eddie Hopkinson,1958,12,Arquero,0,0,0,4,0,0.0,0,0,0,0,0,11
2823,Eddie Johnson,2006,9,Delantero,2,0,0,1,0,0.0,0,0,0,0,2,25
2834,Eddie Lewis,2002,7,Mediocampista,3,2,0,2,0,0.0,1,0,1,1,1,8
2834,Eddie Lewis,2006,7,Defensor,2,2,0,1,0,0.0,1,0,0,0,2,25
7471,Eddie Mcgoldrick,1994,17,Mediocampista,0,0,0,4,0,0.0,0,0,0,0,0,16
2864,Eddie Pope,1998,3,Defensor,2,2,0,1,0,0.0,1,0,0,0,2,32
2864,Eddie Pope,2002,23,Defensor,5,5,0,0,0,0.0,2,0,2,1,2,8
2864,Eddie Pope,2006,23,Defensor,2,2,0,1,0,0.0,0,1,0,1,1,25
2412,Eddie Turnbull,1958,8,Delantero,3,3,0,0,0,0.0,0,0,0,1,2,14
2435,Eddy Antoine,1974,9,Mediocampista,3,3,0,0,0,0.0,0,0,0,0,3,15
6491,Eddy Treijtel,1974,21,Arquero,0,0,0,7,0,0.0,0,0,0,0,0,2
4308,Edelmiro Arevalo,1958,2,Defensor,3,3,0,0,0,0.0,0,0,1,1,1,12
6628,Eden Hazard,2014,10,Mediocampista,5,4,0,0,0,0.0,1,0,4,0,1,6
6628,Eden Hazard,2018,10,Delantero,6,6,6,1,3,0.5,1,0,5,0,1,3
6628,Eden Hazard,2022,10,Delantero,3,2,2,0,0,0.0,0,0,1,1,1,23
6086,Eder,1982,11,Mediocampista,5,5,0,0,2,0.4,0,0,4,0,1,5
6086,Eder,2014,11,Delantero,3,1,0,0,0,0.0,0,0,1,1,1,18
2635,Eder Alvarez Balanta,2014,16,Defensor,1,1,0,4,0,0.0,0,0,1,0,0,5
1724,Eder Militao,2022,14,Defensor,4,4,0,1,0,0.0,1,0,2,1,1,7
1607,Ederson,2018,23,Arquero,0,0,0,5,0,0.0,0,0,0,0,0,6
1607,Ederson,2022,23,Arquero,1,1,0,4,0,0.0,0,0,0,0,1,7
1608,Edevaldo,1982,13,Defensor,1,0,0,4,0,0.0,0,0,1,0,0,5
4299,Edgar Aguilera,1998,6,Mediocampista,0,0,0,4,0,0.0,0,0,0,0,0,14
188,Edgar Alvarez,2010,17,Mediocampista,2,2,0,1,0,0.0,0,0,0,1,1,30
4316,Edgar Barreto,2006,8,Mediocampista,2,1,0,1,0,0.0,1,0,1,0,1,18
4319,Edgar Benitez,2010,10,Delantero,2,1,0,3,0,0.0,0,0,0,2,0,8
8241,Edgar Davids,1998,16,Mediocampista,6,6,0,1,1,0.17,2,0,3,2,1,4
8415,Édgar Joel Bárcenas,2018,8,Mediocampista,3,3,0,0,0,0.0,1,0,0,0,3,32
969,Edgar Salli,2014,20,Delantero,2,0,0,1,0,0.0,1,0,0,0,2,32
5182,Edgardo Bauza,1990,5,Defensor,0,0,0,7,0,0.0,0,0,0,0,0,2
5889,Edgardo Gonzalez,1962,16,Mediocampista,0,0,0,3,0,0.0,0,0,0,0,0,13
3725,Edhem Sljivo,1982,8,Mediocampista,3,3,0,0,0,0.0,1,0,1,1,1,16
1609,Edilson,2002,20,Delantero,4,2,0,3,0,0.0,0,0,4,0,0,1
8088,Edimilson Fernandes,2022,2,Defensor,3,1,0,1,0,0.0,0,0,1,0,2,12
8014,Edin Dzeko,2014,11,Delantero,3,3,0,0,1,0.33,0,0,1,0,2,20
8030,Edin Visca,2014,19,Delantero,2,0,0,1,0,0.0,0,0,1,0,1,20
1610,Edinho,1978,6,Defensor,3,2,0,4,0,0.0,1,0,0,3,0,3
1610,Edinho,1982,16,Defensor,1,0,0,4,0,0.0,0,0,1,0,0,5
1610,Edinho,1986,4,Defensor,5,5,5,0,1,0.2,1,0,4,1,0,5
5841,Edinson Cavani,2010,7,Delantero,6,6,0,1,1,0.17,0,0,3,1,2,4
5841,Edinson Cavani,2014,21,Delantero,4,4,0,0,1,0.25,0,0,2,0,2,12
5841,Edinson Cavani,2018,21,Delantero,4,4,0,1,3,0.75,0,0,4,0,0,5
5841,Edinson Cavani,2022,21,Delantero,3,1,0,0,0,0.0,1,0,1,1,1,20
2159,Edison Flores,2018,20,Delantero,3,3,0,0,0,0.0,0,0,1,0,2,20
47,Edison Mendez,2002,19,Mediocampista,3,3,0,0,1,0.33,0,0,1,0,2,24
47,Edison Mendez,2006,8,Mediocampista,4,4,0,0,0,0.0,1,0,2,0,2,12
47,Edison Mendez,2014,8,Mediocampista,1,0,0,2,0,0.0,0,0,1,0,0,17
1611,Edivaldo,1986,11,Delantero,0,0,0,5,0,0.0,0,0,0,0,0,5
1612,Edmilson,2002,5,Defensor,6,6,0,1,1,0.17,0,0,6,0,0,1
3830,Edmond Baraffe,1966,3,Delantero,0,0,0,3,0,0.0,0,0,0,0,0,13
3890,Edmond Delfour,1930,-,Delantero,3,3,0,0,0,0.0,0,0,1,0,2,7
3890,Edmond Delfour,1934,-,Mediocampista,1,1,0,0,0,0.0,0,0,0,0,1,9
3890,Edmond Delfour,1938,-,Mediocampista,2,2,0,0,0,0.0,0,0,1,0,1,8
891,Edmond Enoka,1982,3,Defensor,0,0,0,3,0,0.0,0,0,0,0,0,17
8142,Edmond Loichot,1934,-,Mediocampista,0,0,0,2,0,0.0,0,0,0,0,0,7
6077,Edmund Conen,1934,-,Delantero,4,4,0,0,4,1.0,0,0,3,0,1,3
3063,Edmund Giemsa,1938,-,Defensor,0,0,0,1,0,0.0,0,0,0,0,0,11
3171,Edmund Tworz,1938,-,Defensor,0,0,0,1,0,0.0,0,0,0,0,0,11
1613,Edmundo,1998,21,Delantero,2,0,0,5,0,0.0,0,0,1,0,1,2
5365,Edmundo Piaggio,1930,-,Mediocampista,0,0,0,5,0,0.0,0,0,0,0,0,2
3993,Edouard Mendy,2022,16,Arquero,4,4,0,0,0,0.0,0,0,2,0,2,10
7925,Edson,2006,13,Mediocampista,1,0,0,2,0,0.0,0,0,0,0,1,23
7925,Edson,1986,2,Defensor,2,2,0,3,0,0.0,0,0,2,0,0,5
7639,Edson Álvarez,2018,21,Defensor,4,3,0,0,0,0.0,1,0,2,0,2,12
7639,Edson Álvarez,2022,4,Defensor,2,2,0,1,0,0.0,1,0,1,1,0,22
6372,Edson Braafheid,2010,15,Defensor,1,0,0,6,0,0.0,0,0,0,0,1,2
2762,Edson Buddle,2010,14,Delantero,2,0,0,2,0,0.0,0,0,1,1,0,12
2793,Edu,1966,22,Delantero,0,0,0,3,0,0.0,0,0,0,0,0,11
2793,Edu,1970,19,Delantero,1,0,0,5,0,0.0,0,0,1,0,0,1
2793,Edu,1974,20,Delantero,1,1,0,6,0,0.0,0,0,1,0,0,4
286,Eduard Dubinski,1962,4,Defensor,1,1,0,3,0,0.0,0,0,1,0,0,6
4606,Eduard Krieger,1978,12,Mediocampista,5,5,0,1,0,0.0,0,0,2,0,3,7
350,Eduard Malofeyev,1966,19,Delantero,5,5,0,1,3,0.6,0,0,3,0,2,4
353,Eduard Markarov,1966,20,Delantero,1,1,0,5,0,0.0,0,0,1,0,0,4
3226,Eduardo,2010,1,Arquero,4,4,0,0,0,0.0,0,0,1,2,1,11
3226,Eduardo,2014,1,Arquero,1,0,0,2,0,0.0,0,0,1,0,0,18
5801,Eduardo Acevedo,1986,3,Defensor,4,4,1,0,0,0.0,1,0,0,2,2,16
2132,Eduardo Astengo,1930,-,Mediocampista,1,1,0,1,0,0.0,0,0,0,0,1,10
639,Eduardo Bonvallet,1982,7,Mediocampista,3,3,0,0,0,0.0,0,0,0,0,3,22
3861,Eduardo Camavinga,2022,25,Mediocampista,2,1,0,5,0,0.0,0,0,0,1,1,2
7712,Eduardo Espinoza,1994,15,Mediocampista,0,0,0,4,0,0.0,0,0,0,0,0,13
7745,Eduardo Gutierrez,1950,-,Arquero,1,1,0,0,0,0.0,0,0,0,0,1,13
219,Eduardo Laing,1982,7,Delantero,2,0,0,1,1,0.5,0,0,0,1,1,18
2182,Eduardo Malasquez,1982,18,Mediocampista,0,0,0,3,0,0.0,0,0,0,0,0,20
2697,Eduardo Nino,1990,12,Arquero,0,0,0,4,0,0.0,0,0,0,0,0,14
5955,Eduardo Pereira,1990,12,Arquero,0,0,0,4,0,0.0,0,0,0,0,0,16
7834,Eduardo Ramos,1978,4,Defensor,2,2,0,1,0,0.0,0,0,0,0,2,16
7812,Eduardo Reyes Ortiz,1930,-,Delantero,1,1,0,1,0,0.0,0,0,0,0,1,12
5395,Eduardo Salvio,2018,18,Defensor,2,2,0,2,0,0.0,0,0,0,1,1,16
782,Eduardo Vargas,2014,11,Delantero,4,4,0,0,1,0.25,0,0,2,1,1,9
3118,Edward Madejski,1938,-,Arquero,1,1,0,0,0,0.0,0,0,0,0,1,11
6502,Edwin Van Der Sar,1994,13,Arquero,0,0,0,5,0,0.0,0,0,0,0,0,7
6502,Edwin Van Der Sar,1998,1,Arquero,7,7,0,0,0,0.0,0,0,3,3,1,4
6502,Edwin Van Der Sar,2006,1,Arquero,4,4,4,0,0,0.0,0,0,2,1,1,11
77,Edwin Villafuerte,2006,1,Arquero,0,0,0,4,0,0.0,0,0,0,0,0,12
4474,Efan Ekoku,1994,18,Delantero,0,0,0,4,0,0.0,0,0,0,0,0,9
4454,Efe Ambrose,2014,5,Defensor,4,4,0,0,0,0.0,0,0,1,1,2,16
4533,Efetobore Sodje,2002,16,Defensor,2,2,0,1,0,0.0,1,0,0,1,1,27
7643,Efrain Amezcua,1930,-,Mediocampista,2,2,0,1,0,0.0,0,0,0,0,2,13
7762,Efrain Juarez,2010,16,Defensor,3,3,0,1,0,0.0,2,0,1,1,1,14
2718,Efrain Sanchez,1962,1,Arquero,3,3,2,0,0,0.0,0,0,0,1,2,14
5812,Egidio Arevalo,2010,17,Mediocampista,7,7,0,0,0,0.0,1,0,3,2,2,4
5812,Egidio Arevalo,2014,17,Mediocampista,4,4,0,0,0,0.0,1,0,2,0,2,12
7431,Egil Ostenstad,1998,18,Delantero,1,0,0,3,0,0.0,0,0,0,1,0,15
5717,Egisto Pandolfini,1950,-,Delantero,1,1,0,1,1,1.0,0,0,1,0,0,7
5717,Egisto Pandolfini,1954,8,Delantero,3,3,2,0,1,0.33,0,0,1,0,2,10
3426,Egon Jonsson,1950,-,Delantero,3,3,0,2,0,0.0,0,0,1,1,1,3
411,Egor Titov,2002,9,Mediocampista,3,3,0,0,1,0.33,0,0,1,0,2,22
4115,Ehsan Hajsafi,2014,3,Mediocampista,3,3,0,0,0,0.0,0,0,0,1,2,28
4115,Ehsan Hajsafi,2018,3,Defensor,3,3,2,0,0,0.0,1,0,1,1,1,18
4115,Ehsan Hajsafi,2022,3,Defensor,3,3,3,0,0,0.0,0,0,1,0,2,26
111,Eiji Kawashima,2010,21,Arquero,4,4,0,0,0,0.0,0,0,2,1,1,9
111,Eiji Kawashima,2014,1,Arquero,3,3,0,0,0,0.0,0,0,0,1,2,29
111,Eiji Kawashima,2018,1,Arquero,4,4,0,0,0,0.0,1,0,1,1,2,15
111,Eiji Kawashima,2022,1,Arquero,0,0,0,4,0,0.0,0,0,0,0,0,9
6153,Eike Immel,1982,22,Arquero,0,0,0,7,0,0.0,0,0,0,0,0,2
6153,Eike Immel,1986,22,Arquero,0,0,0,7,0,0.0,0,0,0,0,0,2
7950,Eissa Meer,1990,19,Defensor,3,3,0,0,0,0.0,1,0,0,0,3,24
139,Eisuke Nakanishi,1998,19,Defensor,2,2,0,1,0,0.0,2,0,0,0,2,31
3533,Eivar Widlund,1934,-,Arquero,0,0,0,2,0,0.0,0,0,0,0,0,8
4540,Ejike Uzoenyi,2014,3,Mediocampista,1,0,0,3,0,0.0,0,0,1,0,0,16
5454,Eken Bulent,1954,13,Defensor,0,0,0,3,0,0.0,0,0,0,0,0,11
1033,El Hadji Diouf,2002,11,Delantero,5,5,0,0,0,0.0,1,0,2,2,1,7
2079,El-Winsh,2018,15,Defensor,0,0,0,3,0,0.0,0,0,0,0,0,31
4913,Eladio,1966,3,Defensor,1,1,0,2,0,0.0,0,0,0,0,1,10
2202,Eladio Reyes,1970,19,Mediocampista,1,0,0,3,0,0.0,0,0,0,0,1,7
748,Eladio Rojas,1962,6,Mediocampista,6,6,0,0,2,0.33,0,0,4,0,2,3
1616,Elano,2010,7,Mediocampista,2,2,0,3,2,1.0,0,0,2,0,0,6
4468,Elderson Echiéjilé,2018,3,Defensor,0,0,0,3,0,0.0,0,0,0,0,0,21
990,Eli Ben Rimoz,1970,17,Delantero,0,0,0,3,0,0.0,0,0,0,0,0,12
3985,Eliaquim Mangala,2014,13,Defensor,0,0,0,5,0,0.0,0,0,0,0,0,7
2578,Elias Atmatzidis,1994,20,Arquero,1,1,0,2,0,0.0,0,0,0,0,1,24
673,Elias Figueroa,1966,7,Defensor,3,3,0,0,0,0.0,0,0,0,1,2,13
673,Elias Figueroa,1974,5,Defensor,3,3,0,0,0,0.0,0,0,0,2,1,11
673,Elias Figueroa,1982,5,Defensor,3,3,3,0,0,0.0,0,0,0,0,3,22
7798,Elias Munoz,1966,18,Delantero,0,0,0,3,0,0.0,0,0,0,0,0,12
4379,Eligio Antonio Insfran,1958,22,Delantero,0,0,0,3,0,0.0,0,0,0,0,0,12
4358,Eligio Echague,1958,6,Defensor,2,2,0,1,0,0.0,0,0,1,1,0,12
5348,Elioro Paredes,1950,-,Defensor,0,0,0,2,0,0.0,0,0,0,0,0,11
5803,Eliseo Alvarez,1962,18,Defensor,3,3,0,0,0,0.0,0,0,1,0,2,13
5803,Eliseo Alvarez,1966,16,Mediocampista,0,0,0,4,0,0.0,0,0,0,0,0,7
5326,Eliseo Mourino,1958,16,Mediocampista,0,0,0,3,0,0.0,0,0,0,0,0,13
5371,Eliseo Prado,1958,8,Delantero,1,1,0,2,0,0.0,0,0,0,0,1,13
5975,Eliseo Rivero,1986,15,Defensor,1,1,0,3,0,0.0,0,0,0,0,1,16
1493,Elisha Owusu,2022,6,Mediocampista,0,0,0,3,0,0.0,0,0,0,0,0,24
6401,Eljero Elia,2010,17,Delantero,6,0,0,1,0,0.0,0,0,5,0,1,2
7249,Ellyes Skhiri,2018,17,Mediocampista,3,3,0,0,0,0.0,0,0,1,0,2,24
7249,Ellyes Skhiri,2022,17,Mediocampista,3,3,0,0,0,0.0,0,0,1,1,1,21
5801,Elmer Angel Acevedo,1970,21,Delantero,0,0,0,3,0,0.0,0,0,0,0,0,16
4914,Eloy,1986,20,Delantero,3,0,0,2,1,0.33,0,0,2,1,0,7
7674,Eloy Campos,1970,2,Defensor,2,2,0,2,0,0.0,0,0,1,0,1,7
3783,Elvedin Dzinic,2010,3,Defensor,0,0,0,3,0,0.0,0,0,0,0,0,18
1617,Ely Do Amparo,1950,-,Defensor,1,1,0,5,0,0.0,0,0,1,0,0,2
1617,Ely Do Amparo,1954,14,Mediocampista,0,0,0,3,0,0.0,0,0,0,0,0,6
8208,Ely Tacchella,1962,8,Defensor,3,3,0,0,0,0.0,0,0,0,0,3,16
8208,Ely Tacchella,1966,20,Defensor,1,1,0,2,0,0.0,0,0,0,0,1,16
1618,Elzo,1986,19,Mediocampista,5,5,0,0,0,0.0,0,0,4,1,0,5
4481,Emeka Ezeugo,1994,13,Defensor,1,0,0,3,0,0.0,0,0,1,0,0,9
1874,Emerich Dembrovschi,1970,7,Mediocampista,3,3,0,0,1,0.33,0,0,1,0,2,10
1956,Emerich Vogl,1930,-,Defensor,2,2,2,0,0,0.0,0,0,1,0,1,8
1956,Emerich Vogl,1934,-,Mediocampista,1,1,1,0,0,0.0,0,0,0,0,1,12
6777,Emerse Fae,2006,7,Mediocampista,0,0,0,3,0,0.0,0,0,0,0,0,19
1619,Emerson,1998,11,Mediocampista,2,0,0,5,0,0.0,0,0,1,1,0,2
1619,Emerson,2006,5,Mediocampista,3,3,0,2,0,0.0,1,0,3,0,0,5
3388,Emil Forsberg,2018,10,Mediocampista,5,5,0,0,1,0.2,0,0,3,0,2,7
7136,Emil Hallfredsson,2018,20,Mediocampista,2,2,0,1,0,0.0,1,0,0,1,1,28
2961,Emil Kostadinov,1994,7,Delantero,7,7,0,0,0,0.0,1,0,3,1,3,4
2961,Emil Kostadinov,1998,7,Delantero,3,2,0,0,1,0.33,0,0,0,1,2,29
3437,Emil Krafth,2018,16,Defensor,2,1,0,3,0,0.0,0,0,1,0,1,7
2966,Emil Kremenliev,1994,2,Defensor,5,4,0,2,0,0.0,0,1,2,1,2,4
546,Emil Pazicky,1954,10,Delantero,2,2,0,0,0,0.0,0,0,0,0,2,14
1941,Emil Sandoi,1990,19,Defensor,0,0,0,4,0,0.0,0,0,0,0,0,12
1292,Emile Heskey,2002,11,Delantero,5,5,0,0,1,0.2,1,0,2,2,1,6
1292,Emile Heskey,2010,21,Delantero,4,2,0,0,0,0.0,0,0,1,2,1,13
933,Emile Mbouh,1990,8,Mediocampista,4,4,0,1,0,0.0,2,0,3,0,1,7
933,Emile Mbouh,1994,8,Mediocampista,2,2,0,1,0,0.0,1,0,0,1,1,22
6663,Emile Mpenza,1998,20,Delantero,3,0,0,0,0,0.0,0,0,0,3,0,19
6700,Emile Stynen,1938,-,Mediocampista,1,1,1,0,0,0.0,0,0,0,0,1,13
4064,Emile Veinante,1930,-,Delantero,1,1,0,2,0,0.0,0,0,0,0,1,7
4064,Emile Veinante,1934,-,Delantero,0,0,0,1,0,0.0,0,0,0,0,0,9
4064,Emile Veinante,1938,-,Mediocampista,2,2,0,0,1,0.5,0,0,1,0,1,8
7780,Emiliano Martinez,2022,23,Arquero,7,7,0,0,0,0.0,1,0,4,2,1,1
5804,Emilio Alvarez,1962,3,Defensor,3,3,0,0,0,0.0,0,0,1,0,2,13
5804,Emilio Alvarez,1966,14,Mediocampista,0,0,0,4,0,0.0,0,0,0,0,0,7
4880,Emilio Butragueño,1986,9,Delantero,5,5,0,0,5,1.0,0,0,3,1,1,7
4880,Emilio Butragueño,1990,9,Delantero,4,4,4,0,0,0.0,0,0,2,1,1,10
5571,Emilio Caprile,1950,-,Delantero,0,0,0,2,0,0.0,0,0,0,0,0,7
218,Emilio Izaguirre,2010,21,Defensor,2,2,0,1,0,0.0,1,0,0,0,2,30
218,Emilio Izaguirre,2014,7,Defensor,2,2,0,1,0,0.0,0,0,0,0,2,31
5969,Emilio Recoba,1930,-,Defensor,0,0,0,4,0,0.0,0,0,0,0,0,1
7236,Emir Mkademi,2002,19,Defensor,0,0,0,3,0,0.0,0,0,0,0,0,29
8027,Emir Spahic,2014,4,Defensor,3,3,3,0,0,0.0,1,0,1,0,2,20
1300,Emlyn Hughes,1970,16,Mediocampista,0,0,0,4,0,0.0,0,0,0,0,0,8
6903,Emmanuel Adebayor,2006,4,Delantero,3,3,0,0,0,0.0,1,0,0,0,3,30
1452,Emmanuel Agyemang-Badu,2014,8,Mediocampista,2,1,0,1,0,0.0,0,0,0,1,1,25
4457,Emmanuel Amunike,1994,11,Mediocampista,4,4,0,0,2,0.5,1,0,2,0,2,9
6776,Emmanuel Eboue,2006,21,Defensor,3,3,0,0,0,0.0,1,0,1,0,2,19
6776,Emmanuel Eboue,2010,21,Defensor,3,3,0,0,0,0.0,0,0,1,1,1,17
4476,Emmanuel Emenike,2014,9,Delantero,4,4,0,0,0,0.0,0,0,1,1,2,16
6789,Emmanuel Kone,2010,14,Mediocampista,0,0,0,3,0,0.0,0,0,0,0,0,17
914,Emmanuel Kunde,1982,6,Defensor,3,3,0,0,0,0.0,0,0,0,3,0,17
914,Emmanuel Kunde,1990,6,Defensor,4,4,0,1,1,0.25,0,0,2,0,2,7
919,Emmanuel Maboang,1990,21,Mediocampista,3,3,0,2,0,0.0,0,0,2,0,1,7
919,Emmanuel Maboang,1994,11,Mediocampista,2,0,0,1,0,0.0,0,0,0,1,1,22
3134,Emmanuel Olisadebe,2002,11,Delantero,3,3,0,0,1,0.33,1,0,1,0,2,25
1496,Emmanuel Pappoe,2006,6,Defensor,2,2,0,2,0,0.0,0,0,0,0,2,13
6678,Emmanuel Petit,1998,17,Mediocampista,6,6,0,1,2,0.33,1,0,5,1,0,1
6678,Emmanuel Petit,2002,17,Mediocampista,2,2,0,1,0,0.0,2,0,0,1,1,28
2454,Emmanuel Sanon,1974,20,Delantero,3,3,0,0,2,0.67,0,0,0,0,3,15
5450,Emre Asik,2002,2,Defensor,2,2,0,5,0,0.0,2,0,1,1,0,3
5453,Emre Belozoglu,2002,21,Mediocampista,6,6,0,1,1,0.17,3,0,3,1,2,3
6186,Engelbert Kraus,1962,17,Delantero,1,1,0,3,0,0.0,0,0,1,0,0,7
5512,Enhua Zhang,2002,2,Defensor,0,0,0,3,0,0.0,0,0,0,0,0,31
5431,Enner Valencia,2014,13,Delantero,3,3,0,0,3,1.0,1,0,1,1,1,17
5431,Enner Valencia,2022,13,Delantero,3,3,3,0,3,1.0,0,0,1,1,1,18
5517,Enrico Albertosi,1962,13,Arquero,0,0,0,3,0,0.0,0,0,0,0,0,9
5517,Enrico Albertosi,1966,1,Arquero,3,3,0,0,0,0.0,0,0,1,0,2,9
5517,Enrico Albertosi,1970,1,Arquero,6,6,0,0,0,0.0,0,0,3,2,1,2
5517,Enrico Albertosi,1974,12,Arquero,0,0,0,3,0,0.0,0,0,0,0,0,10
5586,Enrico Chiesa,1998,20,Delantero,2,0,0,3,0,0.0,0,0,1,1,0,5
4309,Enrique Avalos,1950,-,Delantero,2,2,0,0,0,0.0,0,0,0,1,1,11
5813,Enrique Ballestrero,1930,-,Arquero,4,4,0,0,0,0.0,0,0,4,0,0,1
7664,Enrique Borja,1966,20,Delantero,3,3,0,0,1,0.33,0,0,0,2,1,12
7664,Enrique Borja,1970,9,Delantero,2,1,0,2,0,0.0,0,0,1,0,1,6
5217,Enrique Chazarreta,1974,8,Mediocampista,1,0,0,5,0,0.0,0,0,0,1,0,8
5218,Enrique Chimento,1934,-,Defensor,0,0,0,1,0,0.0,0,0,0,0,0,9
4900,Enrique Collar,1962,4,Delantero,1,1,1,2,0,0.0,0,0,0,0,1,12
5653,Enrique Guaita,1934,-,Delantero,4,4,0,1,1,0.25,0,0,3,1,0,1
7771,Enrique Lopez Zarza,1978,8,Delantero,1,1,0,2,0,0.0,0,0,0,0,1,16
5049,Enrique Romero,2002,15,Defensor,3,2,0,2,0,0.0,0,0,2,1,0,5
5062,Enrique Saura,1982,15,Mediocampista,4,2,0,1,1,0.25,0,0,1,2,1,12
7871,Enrique Sesma,1958,11,Delantero,3,3,0,0,0,0.0,0,0,0,1,2,16
4435,Enrique Vera,2010,13,Mediocampista,5,4,0,0,1,0.2,1,0,1,3,1,8
5440,Enrique Wolff,1974,20,Defensor,5,5,1,1,0,0.0,0,0,1,2,2,8
3585,Enver Hadziabdic,1974,3,Defensor,6,6,0,0,0,0.0,2,0,1,2,3,7
3644,Enver Maric,1974,1,Arquero,6,6,0,0,0,0.0,0,0,1,2,3,7
882,Enzo Ebosse,2022,24,Defensor,1,1,0,2,0,0.0,0,0,1,0,0,19
663,Enzo Escobar,1982,19,Defensor,0,0,0,3,0,0.0,0,0,0,0,0,22
7715,Enzo Fernandez,2022,24,Mediocampista,7,5,0,0,1,0.14,1,0,4,2,1,1
5874,Enzo Francescoli,1986,10,Mediocampista,4,4,0,0,1,0.25,1,0,0,2,2,16
5874,Enzo Francescoli,1990,9,Mediocampista,4,4,4,0,0,0.0,1,0,1,1,2,16
5358,Enzo Pérez,2014,8,Mediocampista,3,2,0,4,0,0.0,0,0,1,1,1,2
5358,Enzo Pérez,2018,15,Mediocampista,3,3,0,1,0,0.0,0,0,1,0,2,16
5749,Enzo Robotti,1962,16,Defensor,3,3,0,0,0,0.0,0,0,1,1,1,9
6690,Enzo Scifo,1986,8,Mediocampista,7,7,0,0,2,0.29,0,0,2,2,3,4
6690,Enzo Scifo,1990,10,Mediocampista,4,4,0,0,1,0.25,0,0,2,0,2,11
6690,Enzo Scifo,1994,10,Mediocampista,4,4,1,0,0,0.0,1,0,2,0,2,11
6690,Enzo Scifo,1998,14,Mediocampista,2,2,1,1,0,0.0,0,0,0,2,0,19
5426,Enzo Trossero,1982,19,Defensor,0,0,0,5,0,0.0,0,0,0,0,0,11
931,Ephrem Mbom,1982,7,Defensor,3,3,0,0,0,0.0,0,0,0,3,0,17
5696,Eraldo Monzeglio,1934,-,Defensor,4,4,0,1,0,0.0,0,0,3,1,0,1
5696,Eraldo Monzeglio,1938,-,Defensor,1,1,0,3,0,0.0,0,0,1,0,0,1
5724,Eraldo Pecci,1978,11,Mediocampista,0,0,0,7,0,0.0,0,0,0,0,0,4
8068,Eray Cömert,2022,18,Defensor,2,0,0,2,0,0.0,1,0,1,0,1,12
5475,Erdem Naci,1954,17,Defensor,1,1,0,2,0,0.0,0,0,0,0,1,11
8072,Eren Derdiyok,2010,19,Delantero,3,2,0,0,0,0.0,0,0,1,1,1,19
5481,Ergun Penbe,2002,18,Mediocampista,5,5,0,2,0,0.0,1,0,3,1,1,3
3820,Eric Abidal,2006,3,Defensor,6,6,0,1,0,0.0,2,0,3,3,0,2
3820,Eric Abidal,2010,3,Defensor,2,2,0,1,0,0.0,1,0,0,1,1,29
1443,Eric Addo,2006,18,Mediocampista,4,2,0,0,0,0.0,1,0,2,0,2,13
6906,Eric Akoto,2006,12,Defensor,0,0,0,3,0,0.0,0,0,0,0,0,30
2302,Eric Caldow,1958,4,Defensor,3,3,0,0,0,0.0,0,0,0,1,2,14
877,Eric Maxim Choupo Moting,2010,13,Delantero,2,2,0,1,0,0.0,0,0,0,0,2,31
877,Eric Maxim Choupo Moting,2014,13,Delantero,3,3,0,0,0,0.0,0,0,0,0,3,32
877,Eric Maxim Choupo Moting,2022,13,Delantero,3,3,2,0,1,0.33,0,0,1,1,1,19
6601,Eric Deflandre,1998,22,Defensor,3,2,0,0,0,0.0,1,0,0,3,0,19
6601,Eric Deflandre,2002,2,Defensor,1,1,0,3,0,0.0,0,0,0,1,0,14
1259,Eric Dier,2018,4,Mediocampista,6,2,1,1,0,0.0,0,0,2,1,3,4
1259,Eric Dier,2022,15,Defensor,2,0,0,3,0,0.0,0,0,2,0,0,6
878,Eric Djemba Djemba,2002,19,Delantero,0,0,0,3,0,0.0,0,0,0,0,0,20
8081,Eric Eichmann,1990,13,Delantero,0,0,0,3,0,0.0,0,0,0,0,0,23
4473,Eric Ejiofor,2002,19,Defensor,0,0,0,3,0,0.0,0,0,0,0,0,27
4928,Eric García,2022,3,Defensor,0,0,0,4,0,0.0,0,0,0,0,0,13
6622,Eric Gerets,1982,2,Defensor,3,3,3,2,0,0.0,0,0,2,1,0,10
6622,Eric Gerets,1986,2,Defensor,6,6,0,1,0,0.0,0,0,2,1,3,4
6622,Eric Gerets,1990,2,Defensor,3,3,1,1,0,0.0,0,1,2,0,1,11
6725,Eric Van Meir,1994,19,Defensor,0,0,0,4,0,0.0,0,0,0,0,0,11
6725,Eric Van Meir,1998,19,Defensor,0,0,0,3,0,0.0,0,0,0,0,0,19
6725,Eric Van Meir,2002,4,Defensor,2,1,0,2,0,0.0,1,0,1,1,0,14
2905,Eric Wynalda,1990,11,Delantero,2,1,0,1,0,0.0,0,1,0,0,2,23
2905,Eric Wynalda,1994,11,Delantero,4,3,0,0,1,0.25,0,0,1,1,2,14
2905,Eric Wynalda,1998,11,Delantero,2,1,0,1,0,0.0,0,0,0,0,2,32
6052,Erich Beer,1978,15,Mediocampista,4,3,0,2,0,0.0,0,0,0,3,1,6
2510,Erich Hamann,1974,17,Mediocampista,2,1,0,4,0,0.0,1,0,1,0,1,6
6160,Erich Juskowiak,1958,3,Defensor,5,5,0,1,0,0.0,0,0,2,2,1,4
4614,Erich Obermayer,1978,3,Defensor,6,6,0,0,1,0.17,0,0,3,0,3,7
4614,Erich Obermayer,1982,3,Defensor,5,5,5,0,0,0.0,1,0,2,1,2,8
4628,Erich Probst,1954,10,Delantero,5,5,0,0,6,1.2,0,0,4,0,1,3
2403,Erich Schaedler,1974,22,Defensor,0,0,0,3,0,0.0,0,0,0,0,0,9
8419,Erick Davis,2018,15,Defensor,2,2,0,1,0,0.0,1,0,0,0,2,32
7745,Érick Gutiérrez,2018,5,Mediocampista,0,0,0,4,0,0.0,0,0,0,0,0,12
7745,Érick Gutiérrez,2022,14,Mediocampista,1,0,0,2,0,0.0,1,0,0,0,1,22
2014,Erick Lonnis,2002,1,Arquero,3,3,3,0,0,0.0,0,0,1,1,1,19
3334,Erik Almgren,1938,-,Mediocampista,3,3,0,0,0,0.0,0,0,1,0,2,4
6084,Erik Durm,2014,15,Defensor,0,0,0,7,0,0.0,0,0,0,0,0,1
3374,Erik Edman,2002,14,Defensor,0,0,0,4,0,0.0,0,0,0,0,0,13
3374,Erik Edman,2006,5,Defensor,4,4,0,0,0,0.0,0,0,1,2,1,14
3392,Erik Granath,1934,-,Defensor,0,0,0,2,0,0.0,0,0,0,0,0,8
7411,Erik Hoftun,1998,19,Defensor,0,0,0,4,0,0.0,0,0,0,0,0,15
799,Erik Jendrisek,2010,18,Delantero,3,3,0,1,0,0.0,0,0,1,1,1,16
7428,Erik Mykland,1994,7,Mediocampista,3,3,0,0,0,0.0,0,0,1,1,1,17
7428,Erik Mykland,1998,7,Mediocampista,3,2,0,1,0,0.0,1,0,1,1,1,15
3474,Erik Nilsson,1938,-,Defensor,1,1,0,2,0,0.0,0,0,0,0,1,4
3474,Erik Nilsson,1950,-,Defensor,5,5,5,0,0,0.0,0,0,2,1,2,3
3492,Erik Persson,1938,-,Delantero,1,1,0,2,0,0.0,0,0,0,0,1,4
7440,Erik Thorstvedt,1994,1,Arquero,3,3,0,0,0,0.0,0,0,1,1,1,17
7419,Erland Johnsen,1994,3,Defensor,1,1,0,2,0,0.0,1,0,0,1,0,17
5702,Ermes Muccinelli,1950,-,Delantero,2,2,0,0,1,0.5,0,0,1,0,1,7
5702,Ermes Muccinelli,1954,7,Delantero,2,2,0,1,0,0.0,0,0,0,0,2,10
8013,Ermin Bicakcic,2014,3,Defensor,1,1,0,2,0,0.0,0,0,0,0,1,20
5334,Ermindo Onega,1966,20,Delantero,4,4,0,0,1,0.25,0,0,2,1,1,5
881,Ernest Ebongue,1982,21,Delantero,0,0,0,3,0,0.0,0,0,0,0,0,17
6198,Ernest Lehner,1934,-,Delantero,4,4,0,0,2,0.5,0,0,3,0,1,3
6198,Ernest Lehner,1938,-,Delantero,2,2,0,0,0,0.0,0,0,0,1,1,10
3972,Ernest Liberati,1930,-,Delantero,3,3,0,0,0,0.0,0,0,1,0,2,7
4036,Ernest Schultz,1954,20,Delantero,0,0,0,2,0,0.0,0,0,0,0,0,9
3178,Ernest Wilimowski,1938,-,Delantero,1,1,0,0,4,4.0,0,0,0,0,1,11
3227,Ernesto,1966,7,Delantero,0,0,0,6,0,0.0,0,0,0,0,0,3
5153,Ernesto Albarracin,1934,-,Mediocampista,0,0,0,1,0,0.0,0,0,0,0,0,9
819,Ernesto Aparicio,1970,11,Delantero,3,2,0,0,0,0.0,0,0,0,0,3,16
5184,Ernesto Belis,1934,-,Defensor,1,1,0,0,1,1.0,0,0,0,0,1,9
649,Ernesto Chaparro,1930,-,Defensor,2,2,0,1,0,0.0,0,0,1,0,1,5
7691,Ernesto Cisneros,1966,9,Mediocampista,1,1,0,2,0,0.0,0,0,0,1,0,12
2176,Ernesto Labarthe,1978,18,Mediocampista,0,0,0,6,0,0.0,0,0,0,0,0,8
5918,Ernesto Mascheroni,1930,-,Defensor,3,3,0,1,0,0.0,0,0,3,0,0,1
6029,Ernesto Vidal,1950,-,Delantero,3,3,0,1,1,0.33,0,0,2,1,0,1
6373,Ernie Brandts,1978,22,Defensor,4,4,0,3,2,0.5,0,0,2,1,1,2
7295,Ernie Campbell,1974,19,Delantero,1,1,0,2,0,0.0,0,0,0,0,1,14
2308,Ernie Copland,1954,21,Delantero,0,0,0,2,0,0.0,0,0,0,0,0,15
7600,Erno Solymosi,1962,5,Defensor,4,4,0,0,1,0.25,0,0,2,1,1,5
4545,Ernst Aigner,1990,2,Defensor,3,3,0,0,0,0.0,0,0,1,0,2,18
6037,Ernst Albrecht,1934,-,Mediocampista,0,0,0,4,0,0.0,0,0,0,0,0,3
3341,Ernst Andersson,1934,-,Mediocampista,2,2,0,0,0,0.0,0,0,1,0,1,8
4549,Ernst Baumeister,1978,20,Mediocampista,0,0,0,6,0,0.0,0,0,0,0,0,7
4549,Ernst Baumeister,1982,14,Mediocampista,4,2,0,1,0,0.0,0,0,2,1,1,8
8096,Ernst Frick,1934,-,Mediocampista,0,0,0,2,0,0.0,0,0,0,0,0,7
4573,Ernst Happel,1954,3,Defensor,4,4,0,1,0,0.0,0,0,3,0,1,3
4573,Ernst Happel,1958,3,Defensor,2,2,0,1,0,0.0,0,0,0,1,1,15
8119,Ernst Hufschmid,1934,-,Mediocampista,2,2,0,0,0,0.0,0,0,1,0,1,7
2444,Ernst Jean-Joseph,1974,12,Defensor,1,1,0,2,0,0.0,0,0,0,0,1,15
4601,Ernst Kozlicek,1958,17,Mediocampista,2,2,0,1,0,0.0,0,0,0,1,1,15
8141,Ernst Loertscher,1938,-,Mediocampista,3,3,0,0,0,0.0,0,0,1,1,1,6
4615,Ernst Ocwirk,1954,5,Mediocampista,5,5,4,0,2,0.4,0,0,4,0,1,3
4650,Ernst Stojaspal,1954,21,Delantero,4,4,0,1,3,0.75,0,0,3,0,1,3
5470,Erol Keskin,1954,7,Delantero,3,3,0,0,1,0.33,0,0,1,0,2,11
5487,Ersoy Sukru,1954,12,Arquero,1,1,0,2,0,0.0,0,0,0,0,1,11
3617,Ervin Katnic,1950,-,Mediocampista,0,0,0,3,0,0.0,0,0,0,0,0,5
8045,Erwin Ballabio,1938,-,Arquero,0,0,0,3,0,0.0,0,0,0,0,0,6
4565,Erwin Fuchsbichler,1978,21,Arquero,0,0,0,6,0,0.0,0,0,0,0,0,7
8114,Erwin Hochstrasser,1934,-,Delantero,0,0,0,2,0,0.0,0,0,0,0,0,7
6430,Erwin Koeman,1990,7,Mediocampista,1,1,0,3,0,0.0,0,0,0,1,0,15
3133,Erwin Nyc,1938,-,Mediocampista,1,1,0,0,0,0.0,0,0,0,0,1,11
7867,Erwin Sanchez,1994,21,Mediocampista,3,3,0,0,1,0.33,0,0,0,1,2,21
6712,Erwin Van Den Daele,1970,15,Mediocampista,0,0,0,3,0,0.0,0,0,0,0,0,10
6731,Erwin Vandenbergh,1982,9,Delantero,5,5,0,0,1,0.2,0,0,2,1,2,10
6731,Erwin Vandenbergh,1986,9,Delantero,1,1,0,6,1,1.0,0,0,0,0,1,4
7391,Espen Baardsen,1998,13,Arquero,0,0,0,4,0,0.0,0,0,0,0,0,15
6833,Essaïd Belkalem,2014,4,Defensor,3,2,0,1,0,0.0,0,0,1,1,1,14
2076,Essam El-Hadary,2018,1,Arquero,1,1,1,2,0,0.0,0,0,0,0,1,31
4875,Estanislao Basora,1950,-,Delantero,6,6,0,0,4,0.67,0,0,3,1,2,4
4426,Estanislao Struway,2002,6,Mediocampista,3,2,0,1,0,0.0,0,0,0,1,2,16
1963,Esteban Alvarado,2022,18,Arquero,0,0,0,3,0,0.0,0,0,0,0,0,27
5205,Esteban Cambiasso,2006,5,Mediocampista,5,3,0,0,1,0.2,1,0,3,2,0,6
2005,Esteban Granados,2014,13,Mediocampista,0,0,0,5,0,0.0,1,0,0,0,0,8
725,Esteban Paredes,2010,22,Delantero,2,0,0,2,0,0.0,0,0,1,0,1,10
725,Esteban Paredes,2014,22,Delantero,0,0,0,4,0,0.0,0,0,0,0,0,9
2529,Ethan Ampadu,2022,15,Defensor,3,3,0,0,0,0.0,0,0,0,1,2,30
4586,Ethan Horvath,2022,12,Arquero,0,0,0,4,0,0.0,0,0,0,0,0,14
3989,Etienne Mattler,1930,-,Defensor,3,3,0,0,0,0.0,0,0,1,0,2,7
3989,Etienne Mattler,1934,-,Defensor,1,1,0,0,0,0.0,0,0,0,0,1,9
3989,Etienne Mattler,1938,-,Defensor,2,2,2,0,0,0.0,0,0,1,0,1,8
4331,Eufemio Cabral,1986,15,Defensor,0,0,0,4,0,0.0,0,0,0,0,0,13
8150,Eugen Meier,1954,20,Delantero,2,2,0,2,0,0.0,0,0,1,0,1,5
8150,Eugen Meier,1962,11,Mediocampista,1,1,0,2,0,0.0,0,0,0,0,1,16
8181,Eugen Rupf,1938,-,Delantero,0,0,0,3,0,0.0,0,0,0,0,0,6
8219,Eugen Walachek,1938,-,Delantero,3,3,0,0,1,0.33,0,0,1,1,1,6
884,Eugene Ekeke,1990,11,Delantero,1,0,0,4,1,1.0,0,0,0,0,1,7
7310,Eugene Galekovic,2014,18,Arquero,0,0,0,3,0,0.0,0,0,0,0,0,30
8164,Eugene Parlier,1954,2,Arquero,4,4,0,0,0,0.0,0,0,2,0,2,5
8069,Eugenio Corrodi,1950,-,Arquero,0,0,0,3,0,0.0,0,0,0,0,0,6
4967,Eugenio Leal,1978,14,Mediocampista,3,2,0,0,0,0.0,1,0,1,1,1,10
705,Eugenio Mena,2014,2,Defensor,4,4,0,0,0,0.0,2,0,2,1,1,9
7989,Eul Yong Lee,2002,13,Mediocampista,4,3,0,3,1,0.25,1,0,1,2,1,4
7989,Eul Yong Lee,2006,13,Mediocampista,2,2,0,1,0,0.0,0,0,1,1,0,17
7780,Eulogio Martinez,1962,15,Delantero,1,1,0,2,0,0.0,0,0,0,0,1,12
6953,Eun Sung Choi,2002,23,Arquero,0,0,0,7,0,0.0,0,0,0,0,0,4
3228,Eusebio,1966,13,Delantero,6,6,0,0,9,1.5,1,0,5,0,1,3
2127,Eusebio Acasuzo,1982,1,Arquero,0,0,0,3,0,0.0,0,0,0,0,0,20
8420,Eusebio Diaz,1930,-,Mediocampista,2,2,0,0,0,0.0,0,0,1,0,1,9
2663,Eusebio Escobar,1962,18,Delantero,0,0,0,3,0,0.0,0,0,0,0,0,14
6013,Eusebio Tejera,1950,-,Defensor,4,4,0,0,0,0.0,0,0,3,1,0,1
6013,Eusebio Tejera,1954,14,Defensor,0,0,0,5,0,0.0,0,0,0,0,0,4
4347,Eustaquio Chamorro,1930,-,Defensor,0,0,0,2,0,0.0,0,0,0,0,0,9
621,Evans Wise,2006,16,Delantero,2,0,0,1,0,0.0,0,0,0,0,2,27
4380,Evaristo Isasi,1986,18,Delantero,0,0,0,4,0,0.0,0,0,0,0,0,13
5175,Ever Banega,2018,7,Mediocampista,3,2,0,1,0,0.0,2,0,1,1,1,16
5345,Ever Palacios,1998,3,Defensor,3,3,0,0,0,0.0,0,0,1,0,2,21
1620,Everaldo,1970,16,Defensor,5,5,0,1,0,0.0,0,0,5,0,0,1
3303,Everton Ribeiro,2022,22,Mediocampista,1,0,0,4,0,0.0,0,0,0,0,1,7
348,Evgeni Lovchev,1970,6,Defensor,2,1,0,2,0,0.0,1,0,1,1,0,5
3014,Evgeni Yanchovski,1966,18,Mediocampista,0,0,0,3,0,0.0,0,0,0,0,0,15
3044,Ewald Cebula,1938,-,Delantero,0,0,0,1,0,0.0,0,0,0,0,0,11
3053,Ewald Dytko,1938,-,Mediocampista,1,1,0,0,0,0.0,0,0,0,0,1,11
5345,Exequiel Palacios,2022,14,Mediocampista,3,0,0,4,0,0.0,0,0,3,0,0,1
890,Eyong Enoh,2010,18,Mediocampista,2,2,0,1,0,0.0,0,0,0,0,2,31
890,Eyong Enoh,2014,18,Mediocampista,3,3,0,0,0,0.0,1,0,0,0,3,32
5265,Ezequiel Garay,2014,2,Defensor,7,7,0,0,0,0.0,1,0,5,1,1,2
5295,Ezequiel Lavezzi,2014,22,Delantero,6,4,0,1,0,0.0,0,0,4,1,1,2
5721,Ezio Pascutti,1962,17,Delantero,1,1,0,2,0,0.0,0,0,1,0,0,9
5721,Ezio Pascutti,1966,16,Delantero,1,1,0,2,0,0.0,0,0,0,0,1,9
5207,Fabian Cancelarich,1990,22,Arquero,0,0,0,7,0,0.0,0,0,0,0,0,2
5836,Fabian Carini,2002,1,Arquero,3,3,0,0,0,0.0,1,0,0,2,1,26
1257,Fabian Delph,2018,17,Defensor,4,2,0,3,0,0.0,0,0,2,0,2,4
666,Fabian Estay,1998,20,Mediocampista,4,2,0,0,0,0.0,1,0,0,3,1,16
8094,Fabian Frei,2022,20,Mediocampista,2,0,0,2,0,0.0,0,0,1,0,1,12
2823,Fabian Johnson,2014,23,Defensor,4,4,0,0,0,0.0,0,0,1,1,2,15
5942,Fabian O'Neill,2002,10,Delantero,0,0,0,3,0,0.0,0,0,0,0,0,26
720,Fabian Orellana,2010,16,Delantero,1,0,0,3,0,0.0,0,0,0,0,1,10
720,Fabian Orellana,2014,14,Delantero,0,0,0,4,0,0.0,0,0,0,0,0,9
8176,Fabian Rieder,2022,25,Mediocampista,2,1,0,2,0,0.0,1,0,1,0,1,12
8182,Fabian Schär,2014,22,Defensor,2,2,0,2,0,0.0,0,0,1,0,1,11
8182,Fabian Schär,2018,22,Defensor,3,3,0,1,0,0.0,2,0,1,2,0,14
8182,Fabian Schär,2022,22,Defensor,2,2,0,2,0,0.0,2,0,1,0,1,12
3832,Fabien Barthez,1998,16,Arquero,7,7,0,0,0,0.0,0,0,6,1,0,1
3832,Fabien Barthez,2002,16,Arquero,3,3,0,0,0,0.0,0,0,0,1,2,28
3832,Fabien Barthez,2006,16,Arquero,7,7,0,0,0,0.0,0,0,4,3,0,2
1621,Fabinho,2022,15,Mediocampista,1,1,0,4,0,0.0,0,0,0,0,1,7
5568,Fabio Cannavaro,1998,4,Defensor,5,5,0,0,0,0.0,1,0,3,2,0,5
5568,Fabio Cannavaro,2002,5,Defensor,3,3,0,1,0,0.0,2,0,1,1,1,15
5568,Fabio Cannavaro,2006,5,Defensor,7,7,7,0,0,0.0,0,0,5,2,0,1
5568,Fabio Cannavaro,2010,5,Defensor,3,3,3,0,0,0.0,1,0,0,2,1,26
5569,Fabio Capello,1974,8,Mediocampista,3,3,0,0,1,0.33,0,0,1,1,1,10
3210,Fabio Coentrao,2010,23,Defensor,4,4,0,0,0,0.0,1,0,1,2,1,11
3210,Fabio Coentrao,2014,5,Defensor,1,1,0,2,0,0.0,0,0,0,0,1,18
8067,Fabio Coltorti,2006,21,Arquero,0,0,0,4,0,0.0,0,0,0,0,0,10
5652,Fabio Grosso,2006,3,Defensor,6,6,0,1,1,0.17,1,0,5,1,0,1
5741,Fabio Quagliarella,2010,18,Delantero,1,0,0,2,1,1.0,1,0,0,0,1,26
960,Fabrice Olinga,2014,19,Delantero,0,0,0,3,0,0.0,0,0,0,0,0,32
5221,Fabricio Coloccini,2006,4,Defensor,2,1,0,3,0,0.0,0,0,0,2,0,6
5737,Fabrizio Poletti,1970,4,Defensor,1,0,0,5,0,0.0,0,0,1,0,0,2
5951,Facundo Pellistri,2022,8,Delantero,3,2,0,0,0,0.0,0,0,1,1,1,20
6015,Facundo Torres,2022,20,Delantero,0,0,0,3,0,0.0,0,0,0,0,0,20
8372,Fadel Jilal,1986,19,Defensor,0,0,0,4,0,0.0,0,0,0,0,0,11
6884,Fadil Megharia,1986,20,Defensor,2,2,0,1,0,0.0,0,0,0,0,2,22
1622,Fagner,2018,22,Defensor,4,4,0,1,0,0.0,1,0,3,0,1,6
7951,Fahad Abdulrahman,1990,18,Mediocampista,0,0,0,3,0,0.0,0,0,0,0,0,24
4753,Fahad Al Bishi,1994,8,Mediocampista,4,4,0,0,0,0.0,0,0,2,0,2,12
4763,Fahad Al Ghesheyan,1994,7,Delantero,2,0,0,2,1,0.5,0,0,1,0,1,12
4773,Fahad Al Mehalel,1994,11,Delantero,0,0,0,4,0,0.0,0,0,0,0,0,12
4773,Fahad Al Mehalel,1998,11,Delantero,1,1,0,2,0,0.0,0,0,0,1,0,28
4809,Fahad Al-Muwallad,2018,19,Delantero,3,2,0,0,0,0.0,0,0,1,0,2,26
7952,Fahad Khamees,1990,7,Delantero,2,1,1,1,0,0.0,0,0,0,0,2,24
3612,Fahrudin Jusufi,1962,3,Defensor,5,5,0,1,0,0.0,0,0,3,0,2,4
3682,Fahrudin Omerovic,1990,12,Arquero,0,0,0,5,0,0.0,0,0,0,0,0,5
7902,Faisal Al Dakhil,1982,16,Delantero,3,3,0,0,1,0.33,0,0,0,1,2,21
7167,Fakhreddine Ben Youssef,2018,8,Delantero,3,3,0,0,1,0.33,0,0,1,0,2,24
2667,Falcao,1982,15,Mediocampista,5,5,0,0,3,0.6,1,0,4,0,1,5
2667,Falcao,1986,5,Mediocampista,2,0,0,3,0,0.0,0,0,2,0,0,5
1028,Famara Diéhiou,2022,19,Delantero,2,1,0,2,1,0.5,0,0,1,0,1,10
6849,Faouzi Chaouchi,2010,16,Arquero,1,1,0,2,0,0.0,0,0,0,0,1,28
6861,Faouzi Ghoulam,2014,3,Defensor,2,2,0,2,0,0.0,0,0,0,0,2,14
6878,Faouzi Mansouri,1982,16,Defensor,3,3,0,0,0,0.0,1,0,2,0,1,13
6878,Faouzi Mansouri,1986,16,Defensor,3,3,0,0,0,0.0,1,0,0,1,2,22
2660,Farid Díaz,2018,18,Defensor,0,0,0,4,0,0.0,0,0,0,0,0,9
2693,Farid Mondragon,1994,12,Arquero,0,0,0,3,0,0.0,0,0,0,0,0,19
2693,Farid Mondragon,1998,22,Arquero,3,3,0,0,0,0.0,0,0,1,0,2,21
2693,Farid Mondragon,2014,22,Arquero,1,0,0,4,0,0.0,0,0,1,0,0,5
7160,Farouk Ben Mustapha,2018,1,Arquero,2,1,0,1,0,0.0,0,0,0,0,2,24
3586,Faruk Hadzibegic,1990,5,Defensor,5,5,0,0,0,0.0,0,0,3,1,1,5
1470,Fatau Dauda,2014,16,Arquero,2,2,0,1,0,0.0,0,0,0,1,1,25
6850,Fathi Chebel,1986,3,Mediocampista,0,0,0,3,0,0.0,0,0,0,0,0,22
7915,Fathi Matar,1982,7,Mediocampista,3,1,0,0,0,0.0,1,0,0,1,2,21
5448,Fatih Akyel,2002,4,Defensor,7,7,0,0,0,0.0,1,0,4,1,2,3
5158,Faustino Alonso,1986,21,Delantero,0,0,0,4,0,0.0,0,0,0,0,0,13
2642,Faustino Asprilla,1994,21,Delantero,3,3,0,0,0,0.0,0,0,1,0,2,19
2642,Faustino Asprilla,1998,11,Delantero,1,1,0,2,0,0.0,0,0,0,0,1,21
1624,Fausto,1930,-,Mediocampista,2,2,0,0,0,0.0,0,0,1,0,1,6
6838,Fawzi Benkhalidi,1986,17,Mediocampista,0,0,0,3,0,0.0,0,0,0,0,0,22
2311,Fay Coyle,1958,17,Delantero,1,1,0,4,0,0.0,0,0,0,0,1,7
7155,Faycal Ben Ahmed,1998,19,Mediocampista,1,0,0,2,0,0.0,0,0,0,0,1,26
8360,Fayçal Fajr,2018,11,Mediocampista,2,0,0,1,0,0.0,0,0,0,1,1,27
4919,Fede,1934,-,Delantero,1,1,0,2,0,0.0,0,0,0,1,0,5
5243,Federico Edwards,1958,14,Defensor,0,0,0,3,0,0.0,0,0,0,0,0,13
5863,Federico Elduayen,2002,23,Arquero,0,0,0,3,0,0.0,0,0,0,0,0,26
5249,Federico Fazio,2018,6,Defensor,1,0,0,3,0,0.0,0,0,0,0,1,16
5911,Federico Magallanes,2002,11,Delantero,2,0,0,1,0,0.0,0,0,0,1,1,26
5678,Federico Marchetti,2010,12,Arquero,3,2,0,0,0,0.0,0,0,0,2,1,26
5393,Federico Sacchi,1962,5,Mediocampista,3,3,0,0,0,0.0,0,0,1,1,1,10
5429,Federico Vairo,1958,3,Defensor,3,3,0,0,0,0.0,0,0,1,0,2,13
6022,Federico Valverde,2022,15,Mediocampista,3,3,0,0,0,0.0,0,0,1,1,1,20
5439,Federico Wilde,1934,-,Delantero,1,1,0,0,0,0.0,0,0,0,0,1,9
5557,Felice Borel,1934,-,Delantero,1,1,0,4,0,0.0,0,0,1,0,0,1
8192,Felice Soldini,1950,-,Defensor,0,0,0,3,0,0.0,0,0,0,0,0,6
5046,Feliciano Rivilla,1962,11,Defensor,1,1,0,2,0,0.0,0,0,0,0,1,12
5046,Feliciano Rivilla,1966,14,Defensor,0,0,0,3,0,0.0,0,0,0,0,0,10
8414,Felipe Baloy,2018,23,Defensor,1,0,0,2,1,1.0,0,0,0,0,1,32
17,Felipe Caicedo,2014,11,Delantero,3,2,0,0,0,0.0,0,0,1,1,1,17
686,Felipe Gutierrez,2014,16,Mediocampista,4,1,0,0,0,0.0,0,0,2,1,1,9
1642,Felipe Melo,2010,5,Mediocampista,4,4,0,1,0,0.0,1,0,2,1,1,6
4992,Felipe Minambres,1994,16,Mediocampista,2,1,0,3,0,0.0,0,0,1,1,0,8
7808,Felipe Olivares,1930,-,Delantero,1,1,0,2,0,0.0,0,0,0,0,1,13
5971,Felipe Revelez,1990,13,Defensor,0,0,0,4,0,0.0,0,0,0,0,0,16
7853,Felipe Rosas,1930,-,Mediocampista,3,3,0,0,0,0.0,0,0,0,0,3,13
7857,Felipe Ruvalcaba,1962,17,Mediocampista,0,0,0,3,0,0.0,0,0,0,0,0,11
7857,Felipe Ruvalcaba,1966,7,Delantero,0,0,0,3,0,0.0,0,0,0,0,0,12
7897,Felipe Zetter,1950,-,Defensor,1,1,0,2,0,0.0,0,0,0,0,1,12
3229,Felix,1970,1,Arquero,6,6,0,0,0,0.0,0,0,6,0,0,1
15,Felix Borja,2006,9,Delantero,1,1,0,3,0,0.0,0,0,0,0,1,12
7698,Felix Cruz,1986,14,Defensor,5,5,0,0,0,0.0,0,0,3,2,0,6
7715,Felix Fernandez,1994,12,Arquero,0,0,0,4,0,0.0,0,0,0,0,0,13
2248,Felix Healey,1982,19,Delantero,1,0,0,4,0,0.0,0,0,0,1,0,9
6206,Felix Magath,1982,14,Mediocampista,4,4,0,3,0,0.0,0,0,2,1,1,2
6206,Felix Magath,1986,10,Mediocampista,6,6,0,1,0,0.0,1,0,3,2,1,2
2210,Felix Salinas,1970,16,Defensor,0,0,0,4,0,0.0,0,0,0,0,0,7
73,Félix Torres,2022,2,Defensor,3,3,0,0,0,0.0,0,0,1,1,1,18
6756,Felix Welkenhuysen,1934,-,Mediocampista,1,1,1,0,0,0.0,0,0,0,0,1,15
4525,Femi Opabunmi,2002,23,Delantero,1,1,0,2,0,0.0,0,0,0,1,0,27
1019,Ferdinand Coly,2002,17,Defensor,5,5,0,0,0,0.0,2,0,2,2,1,7
457,Ferdinand Daucik,1938,-,Defensor,3,3,0,0,0,0.0,0,0,1,1,1,5
8177,Ferdinando Riva,1954,21,Delantero,0,0,0,4,0,0.0,0,0,0,0,0,5
7496,Ferenc Bene,1966,7,Delantero,4,4,0,0,4,1.0,0,0,2,0,2,6
7510,Ferenc Csongradi,1982,16,Mediocampista,1,0,0,2,0,0.0,0,0,0,1,0,14
7524,Ferenc Fulop,1978,20,Mediocampista,0,0,0,3,0,0.0,0,0,0,0,0,15
7564,Ferenc Machos,1954,17,Delantero,0,0,0,5,0,0.0,0,0,0,0,0,2
7570,Ferenc Meszaros,1978,21,Arquero,1,1,0,2,0,0.0,0,0,0,0,1,15
7570,Ferenc Meszaros,1982,1,Arquero,3,3,0,0,0,0.0,0,0,1,1,1,14
7587,Ferenc Puskas,1954,10,Delantero,3,3,3,2,4,1.33,0,0,2,0,1,2
7587,Ferenc Puskas,1962,14,Delantero,3,3,0,0,0,0.0,0,0,1,0,2,12
7598,Ferenc Sas,1938,-,Delantero,4,4,0,0,1,0.25,0,0,3,0,1,2
7599,Ferenc Sipos,1958,3,Defensor,4,4,0,0,0,0.0,0,0,1,1,2,10
7599,Ferenc Sipos,1962,6,Defensor,4,4,0,0,0,0.0,0,0,2,1,1,5
7599,Ferenc Sipos,1966,6,Mediocampista,4,4,4,0,0,0.0,0,0,2,0,2,6
7612,Ferenc Szojka,1954,15,Mediocampista,1,1,0,4,0,0.0,0,0,1,0,0,2
7612,Ferenc Szojka,1958,14,Defensor,2,2,0,2,0,0.0,0,0,1,0,1,10
7183,Ferid Chouchane,1998,6,Defensor,2,2,0,1,0,0.0,0,0,0,1,1,26
7248,Ferjani Sassi,2018,13,Mediocampista,3,3,0,0,1,0.33,2,0,1,0,2,24
7248,Ferjani Sassi,2022,13,Mediocampista,2,0,0,1,0,0.0,1,0,0,1,1,21
6542,Fernand Adams,1930,-,Delantero,2,2,0,0,0,0.0,0,0,0,0,2,11
6563,Fernand Buyle,1938,-,Delantero,1,1,0,0,0,0.0,0,0,0,0,1,13
8123,Fernand Jaccard,1934,-,Mediocampista,2,2,0,0,0,0.0,0,0,1,0,1,7
1627,Fernandinho,2014,5,Mediocampista,5,3,0,2,1,0.2,1,0,2,1,2,4
1627,Fernandinho,2018,17,Mediocampista,5,1,0,0,0,0.0,1,0,3,1,1,6
4920,Fernando,1990,10,Mediocampista,1,0,0,3,0,0.0,0,0,1,0,0,10
5805,Fernando Alvez,1986,12,Arquero,4,4,0,0,0,0.0,1,0,0,2,2,16
5805,Fernando Alvez,1990,1,Arquero,4,4,0,0,0,0.0,1,0,1,1,2,16
5202,Fernando Caceres,1994,13,Defensor,4,4,0,0,0,0.0,2,0,2,0,2,10
643,Fernando Campos,1950,-,Mediocampista,0,0,0,3,0,0.0,0,0,0,0,0,9
2771,Fernando Clavijo,1994,21,Defensor,3,3,0,1,0,0.0,1,1,1,0,2,14
653,Fernando Cornejo,1998,19,Mediocampista,3,1,0,1,0,0.0,0,0,0,2,1,16
5604,Fernando De Napoli,1986,13,Mediocampista,4,4,0,0,0,0.0,1,0,1,2,1,12
5604,Fernando De Napoli,1990,11,Mediocampista,6,6,0,1,0,0.0,0,0,5,1,0,3
3232,Fernando Fernando Couto,2002,5,Defensor,3,3,3,0,0,0.0,0,0,1,0,2,21
5259,Fernando Gago,2014,5,Mediocampista,6,3,0,1,0,0.0,0,0,5,0,1,2
1628,Fernando Giudicelli,1930,-,Mediocampista,2,2,0,0,0,0.0,0,0,1,0,1,6
4945,Fernando Hierro,1990,17,Defensor,0,0,0,4,0,0.0,0,0,0,0,0,10
4945,Fernando Hierro,1994,6,Defensor,5,3,0,0,1,0.2,1,0,2,2,1,8
4945,Fernando Hierro,1998,6,Defensor,3,3,0,0,2,0.67,0,0,1,1,1,17
4945,Fernando Hierro,2002,6,Defensor,4,4,4,1,2,0.5,1,0,2,2,0,5
4970,Fernando Llorente,2010,19,Delantero,1,0,0,6,0,0.0,0,0,1,0,0,1
3233,Fernando Meira,2006,5,Defensor,7,7,0,0,0,0.0,0,0,4,1,2,4
5934,Fernando Morena,1974,9,Delantero,3,3,0,0,0,0.0,0,0,0,1,2,13
4998,Fernando Morientes,1998,7,Delantero,2,1,0,1,2,1.0,0,0,1,1,0,17
4998,Fernando Morientes,2002,9,Delantero,5,3,0,0,3,0.6,1,0,3,2,0,5
5938,Fernando Muslera,2010,1,Arquero,7,7,0,0,0,0.0,0,0,3,2,2,4
5938,Fernando Muslera,2014,1,Arquero,4,4,0,0,0,0.0,1,0,2,0,2,12
5938,Fernando Muslera,2018,1,Arquero,5,5,0,0,0,0.0,0,0,4,0,1,5
5938,Fernando Muslera,2022,1,Arquero,0,0,0,3,0,0.0,0,0,0,0,0,20
5008,Fernando Olivella,1966,16,Defensor,0,0,0,3,0,0.0,0,0,0,0,0,10
5353,Fernando Paternoster,1930,-,Defensor,4,4,0,1,0,0.0,0,0,3,0,1,2
7831,Fernando Quirarte,1986,3,Defensor,5,5,0,0,2,0.4,1,0,3,2,0,6
5375,Fernando Redondo,1994,5,Mediocampista,4,4,0,0,0,0.0,1,0,2,0,2,10
741,Fernando Riera,1950,-,Delantero,1,1,0,2,1,1.0,0,0,1,0,0,9
753,Fernando Roldan,1950,-,Defensor,2,2,0,1,0,0.0,0,0,0,0,2,9
5076,Fernando Torres,2006,9,Delantero,4,3,0,0,3,0.75,0,0,3,0,1,9
5076,Fernando Torres,2010,9,Delantero,7,4,0,0,0,0.0,0,0,6,0,1,1
5076,Fernando Torres,2014,9,Delantero,3,1,0,0,1,0.33,0,0,1,0,2,23
5077,Ferran Torres,2022,11,Delantero,4,3,0,0,2,0.5,0,0,1,2,1,13
4182,Ferydoon Zandi,2006,7,Mediocampista,2,1,0,1,0,0.0,1,0,0,1,1,26
3234,Festa,1966,22,Defensor,3,3,0,3,0,0.0,0,0,2,0,1,3
8421,Fidel Escobar,2018,4,Defensor,3,3,0,0,0,0.0,1,0,0,0,3,32
45,Fidel Martínez,2014,20,Mediocampista,0,0,0,3,0,0.0,0,0,0,0,0,17
1629,Fidelis,1966,3,Defensor,1,1,0,2,0,0.0,0,0,0,0,1,11
7926,Figueiredo,2006,7,Mediocampista,3,3,0,0,0,0.0,0,0,0,2,1,23
1085,Filip Bradarić,2018,14,Mediocampista,1,0,0,6,0,0.0,0,0,1,0,0,2
6597,Filip De Wilde,1990,20,Arquero,0,0,0,4,0,0.0,0,0,0,0,0,11
6597,Filip De Wilde,1994,12,Arquero,0,0,0,4,0,0.0,0,0,0,0,0,11
6597,Filip De Wilde,1998,1,Arquero,2,2,0,1,0,0.0,0,0,0,2,0,19
3566,Filip Djuricic,2022,21,Delantero,2,0,0,1,0,0.0,0,0,0,1,1,29
3407,Filip Helander,2018,14,Defensor,0,0,0,5,0,0.0,0,0,0,0,0,7
797,Filip Holosko,2010,13,Delantero,2,0,0,2,0,0.0,0,0,0,1,1,16
3622,Filip Kostić,2018,17,Mediocampista,3,2,0,0,0,0.0,0,0,1,0,2,23
3622,Filip Kostić,2022,17,Mediocampista,2,2,0,1,0,0.0,0,0,0,1,1,29
3668,Filip Mladenovic,2022,25,Defensor,1,1,0,2,0,0.0,0,0,0,0,1,29
1630,Filipe Luís,2018,6,Defensor,2,1,0,3,0,0.0,1,0,2,0,0,6
5659,Filippo Inzaghi,1998,19,Delantero,2,0,0,3,0,0.0,0,0,1,1,0,5
5659,Filippo Inzaghi,2002,9,Delantero,2,1,0,2,0,0.0,0,0,0,1,1,15
5659,Filippo Inzaghi,2006,18,Delantero,1,0,0,6,1,1.0,0,0,1,0,0,1
4483,Finidi George,1994,7,Delantero,4,4,0,0,1,0.25,0,0,2,0,2,9
4483,Finidi George,1998,7,Mediocampista,4,3,0,0,0,0.0,0,0,2,0,2,12
4795,Firas Al-Buraikan,2022,9,Delantero,3,3,0,0,0,0.0,0,0,1,0,2,25
7278,Fitzroy Simpson,1998,6,Mediocampista,3,3,0,0,0,0.0,0,0,1,0,2,22
7927,Flavio,2006,16,Delantero,1,0,0,2,1,1.0,0,0,0,1,0,23
1880,Flavius Domide,1970,19,Delantero,0,0,0,3,0,0.0,0,0,0,0,0,10
4199,Flemming Christensen,1986,18,Delantero,0,0,0,4,0,0.0,0,0,0,0,0,9
1882,Florea Dumitrache,1970,9,Delantero,3,3,0,0,2,0.67,0,0,1,0,2,10
4306,Florencio Amarilla,1958,11,Delantero,3,3,0,0,2,0.67,0,0,1,1,1,12
3983,Florent Malouda,2006,7,Mediocampista,6,6,0,1,0,0.0,1,0,4,2,0,2
3983,Florent Malouda,2010,15,Mediocampista,3,1,0,0,1,0.33,0,0,0,1,2,29
7490,Florian Albert,1962,9,Delantero,3,3,0,1,4,1.33,0,0,2,0,1,5
7490,Florian Albert,1966,9,Delantero,4,4,0,0,0,0.0,0,0,2,0,2,6
4049,Florian Thauvin,2018,20,Delantero,1,0,0,6,0,0.0,0,0,1,0,0,1
1930,Florin Prunea,1994,1,Arquero,3,3,0,2,0,0.0,0,0,2,1,0,6
1930,Florin Prunea,1998,22,Arquero,0,0,0,4,0,0.0,0,0,0,0,0,11
1933,Florin Raducioiu,1990,14,Delantero,3,3,0,1,0,0.0,0,0,1,1,1,12
1933,Florin Raducioiu,1994,9,Delantero,4,4,0,1,4,1.0,2,0,2,1,1,6
1011,Fodé Ballo-Toure,2022,12,Defensor,1,0,0,3,0,0.0,0,0,0,0,1,10
1631,Fontana,1970,15,Defensor,1,1,0,5,0,0.0,0,0,1,0,0,1
1632,Fortes,1930,-,Mediocampista,0,0,0,2,0,0.0,0,0,0,0,0,6
6868,Foued Kadir,2010,21,Mediocampista,3,3,0,0,0,0.0,0,0,0,1,2,28
4783,Fouzi Al Shehri,2002,6,Defensor,2,2,0,1,0,0.0,0,0,0,0,2,32
7325,Fran Karacic,2022,5,Defensor,2,1,0,2,0,0.0,0,0,1,0,1,11
5589,Francesco Coco,2002,4,Defensor,2,1,0,2,0,0.0,1,0,0,1,1,15
5651,Francesco Graziani,1978,19,Delantero,3,0,0,4,0,0.0,0,0,2,0,1,4
5651,Francesco Graziani,1982,19,Delantero,7,7,0,0,1,0.14,0,0,4,3,0,1
5661,Francesco Janich,1962,19,Defensor,1,1,0,2,0,0.0,0,0,0,0,1,9
5661,Francesco Janich,1966,9,Defensor,1,1,0,2,0,0.0,0,0,0,0,1,9
5698,Francesco Moriero,1998,17,Mediocampista,3,3,0,2,0,0.0,1,0,2,1,0,5
5699,Francesco Morini,1974,5,Defensor,3,3,0,0,0,0.0,0,0,1,1,1,10
5748,Francesco Rizzo,1966,20,Mediocampista,0,0,0,3,0,0.0,0,0,0,0,0,9
5775,Francesco Toldo,1998,1,Arquero,0,0,0,5,0,0.0,0,0,0,0,0,5
5775,Francesco Toldo,2002,22,Arquero,0,0,0,4,0,0.0,0,0,0,0,0,15
5779,Francesco Totti,2002,10,Delantero,4,4,0,0,0,0.0,1,1,1,1,2,15
5779,Francesco Totti,2006,10,Mediocampista,7,6,0,0,1,0.14,1,0,5,2,0,1
1322,Francis Lee,1970,7,Delantero,3,3,0,1,0,0.0,2,0,1,0,2,8
7363,Francis Ryan,1934,-,Delantero,1,1,0,0,0,0.0,0,0,0,0,1,16
4541,Francis Uzoho,2018,23,Arquero,3,3,0,0,0,0.0,0,0,1,0,2,21
4922,Francisco,1986,17,Mediocampista,4,3,0,1,0,0.0,0,0,3,0,1,7
4301,Francisco Aguirre,1930,-,Mediocampista,1,1,0,1,0,0.0,0,0,0,0,1,9
4303,Francisco Alcaraz,1986,17,Mediocampista,0,0,0,4,0,0.0,0,0,0,0,0,13
4307,Francisco Arce,1998,2,Defensor,3,3,0,1,0,0.0,2,0,1,1,1,14
4307,Francisco Arce,2002,2,Defensor,4,4,0,0,1,0.25,1,0,1,1,2,16
1975,Francisco Calvo,2018,15,Defensor,2,1,0,1,0,0.0,1,0,0,0,2,29
1975,Francisco Calvo,2022,15,Defensor,2,2,0,1,0,0.0,2,0,1,0,1,27
5830,Francisco Camera,1970,14,Defensor,0,0,0,6,0,0.0,0,0,0,0,0,4
4890,Francisco Carrasco,1986,10,Delantero,0,0,0,5,0,0.0,0,0,0,0,0,7
7682,Francisco Castrejon,1970,22,Arquero,0,0,0,4,0,0.0,0,0,0,0,0,6
7717,Francisco Flores,1958,6,Mediocampista,3,3,0,0,0,0.0,0,0,0,1,2,16
7724,Francisco Gabriel De Anda,2002,2,Defensor,0,0,0,4,0,0.0,0,0,0,0,0,11
4931,Francisco Gento,1962,9,Delantero,3,3,1,0,0,0.0,0,0,1,0,2,12
4931,Francisco Gento,1966,11,Delantero,2,2,2,1,0,0.0,0,0,1,0,1,10
7745,Francisco Garza Gutierrez,1930,-,Defensor,1,1,0,2,0,0.0,0,0,0,0,1,13
7750,Francisco Hernandez,1982,9,Delantero,1,1,0,2,0,0.0,0,0,0,0,1,24
7750,Francisco Hernandez,1950,-,Mediocampista,0,0,0,3,0,0.0,0,0,0,0,0,12
7757,Francisco Jara,1966,11,Delantero,0,0,0,3,0,0.0,0,0,0,0,0,12
5297,Francisco Lombardo,1958,4,Defensor,3,3,0,0,0,0.0,0,0,1,0,2,13
7791,Francisco Montes,1970,4,Defensor,0,0,0,4,0,0.0,0,0,0,0,0,6
843,Francisco Osorto,1982,12,Defensor,2,2,0,1,0,0.0,2,0,0,0,2,24
7815,Francisco Palencia,1998,17,Delantero,2,2,0,2,0,0.0,0,0,0,1,1,13
7815,Francisco Palencia,2002,17,Delantero,2,0,0,2,0,0.0,0,0,1,1,0,11
1633,Francisco Rodrigues,1950,-,Delantero,0,0,0,6,0,0.0,0,0,0,0,0,2
1633,Francisco Rodrigues,1954,11,Delantero,2,2,0,1,0,0.0,0,0,1,1,0,6
7844,Francisco Rodriguez,2006,22,Defensor,1,1,0,3,0,0.0,1,0,0,0,1,15
7844,Francisco Rodriguez,2010,2,Defensor,4,4,0,0,0,0.0,1,0,1,1,2,14
7844,Francisco Rodriguez,2014,2,Defensor,4,4,0,0,0,0.0,0,0,2,1,1,10
749,Francisco Rojas,1998,4,Defensor,3,3,0,1,0,0.0,2,0,0,3,0,16
5389,Francisco Rua,1934,-,Delantero,1,1,0,0,0,0.0,0,0,0,0,1,9
5392,Francisco Sa,1974,16,Defensor,5,5,0,1,0,0.0,0,0,1,1,3,8
762,Francisco Silva,2014,5,Mediocampista,3,3,0,1,0,0.0,2,0,1,1,1,9
4425,Francisco Sosa,1950,-,Delantero,0,0,0,2,0,0.0,0,0,0,0,0,11
2889,Francisco Torres,2010,16,Mediocampista,1,1,0,3,0,0.0,0,0,0,1,0,12
5082,Francisco Uria,1978,3,Defensor,2,2,0,1,0,0.0,0,0,1,1,0,10
775,Francisco Urroz,1950,-,Defensor,0,0,0,3,0,0.0,0,0,0,0,0,9
5084,Francisco Urruticoechea,1978,22,Arquero,0,0,0,3,0,0.0,0,0,0,0,0,10
5084,Francisco Urruticoechea,1982,21,Arquero,0,0,0,5,0,0.0,0,0,0,0,0,12
5084,Francisco Urruticoechea,1986,13,Arquero,0,0,0,5,0,0.0,0,0,0,0,0,7
776,Francisco Valdes,1966,19,Delantero,0,0,0,1,0,0.0,0,0,0,0,0,13
776,Francisco Valdes,1974,8,Mediocampista,3,3,3,0,0,0.0,0,0,0,2,1,11
5434,Francisco Varallo,1930,-,Delantero,4,4,0,1,1,0.25,0,0,3,0,1,2
5092,Francisco Villaroya,1990,11,Mediocampista,4,4,0,0,0,0.0,1,0,2,1,1,10
2734,Francisco Zuluaga,1962,3,Defensor,1,1,1,2,1,1.0,0,0,0,0,1,14
6908,Franck Atsou,2006,21,Mediocampista,0,0,0,3,0,0.0,0,0,0,0,0,30
4021,Franck Ribery,2006,22,Mediocampista,7,6,0,0,1,0.14,1,0,4,3,0,2
4021,Franck Ribery,2010,7,Delantero,3,3,0,0,0,0.0,1,0,0,1,2,29
5164,Franco Armani,2018,12,Arquero,2,2,0,2,0,0.0,0,0,1,0,1,16
5164,Franco Armani,2022,1,Arquero,0,0,0,7,0,0.0,0,0,0,0,0,1
5536,Franco Baresi,1982,2,Defensor,0,0,0,7,0,0.0,0,0,0,0,0,1
5536,Franco Baresi,1990,2,Defensor,7,7,0,0,0,0.0,0,0,6,1,0,3
5536,Franco Baresi,1994,6,Defensor,3,3,3,4,0,0.0,0,0,1,1,1,2
5579,Franco Causio,1974,18,Mediocampista,2,1,0,1,0,0.0,0,0,0,1,1,10
5579,Franco Causio,1978,16,Mediocampista,7,7,0,0,1,0.14,0,0,4,1,2,4
5579,Franco Causio,1982,15,Mediocampista,2,0,0,5,0,0.0,0,0,1,1,0,1
2188,Franco Navarro,1982,17,Delantero,0,0,0,3,0,0.0,0,0,0,0,0,20
5761,Franco Selvaggi,1982,21,Delantero,0,0,0,7,0,0.0,0,0,0,0,0,1
5771,Franco Tancredi,1986,12,Arquero,0,0,0,4,0,0.0,0,0,0,0,0,12
3854,Francois Bourbotte,1938,-,Defensor,0,0,0,2,0,0.0,0,0,0,0,0,8
3855,Francois Bracci,1978,5,Defensor,1,1,0,2,0,0.0,0,0,1,0,0,12
6596,Francois De Vries,1934,-,Delantero,1,1,0,0,0,0.0,0,0,0,0,1,15
6639,Francois Janssens,1970,21,Delantero,0,0,0,3,0,0.0,0,0,0,0,0,10
6646,Francois Ledent,1934,-,Delantero,0,0,0,1,0,0.0,0,0,0,0,0,15
8153,François Moubandje,2018,3,Defensor,0,0,0,4,0,0.0,0,0,0,0,0,14
945,Francois Ndoumbe Lea,1982,15,Defensor,0,0,0,3,0,0.0,0,0,0,0,0,17
961,Francois Omam-Biyik,1990,7,Delantero,5,5,0,0,1,0.2,0,0,3,0,2,7
961,Francois Omam-Biyik,1994,7,Delantero,3,3,0,0,1,0.33,0,0,0,1,2,22
961,Francois Omam-Biyik,1998,7,Delantero,3,3,3,0,0,0.0,0,0,0,2,1,25
4018,Francois Remetter,1954,1,Arquero,2,2,0,0,0,0.0,0,0,1,0,1,9
4018,Francois Remetter,1958,3,Arquero,2,2,0,4,0,0.0,0,0,1,0,1,3
6713,Francois Van Der Elst,1982,13,Delantero,2,0,0,3,0,0.0,0,0,1,0,1,10
3758,Franjo Vladic,1974,16,Mediocampista,0,0,0,6,0,0.0,0,0,0,0,0,7
4188,Frank Arnesen,1986,15,Mediocampista,3,3,0,1,0,0.0,1,1,3,0,0,9
6050,Frank Baumann,2002,4,Defensor,1,0,0,6,0,0.0,1,0,1,0,0,2
2757,Frank Borghi,1950,-,Arquero,3,3,0,0,0,0.0,0,0,1,0,2,10
6380,Frank De Boer,1994,2,Defensor,4,4,0,1,0,0.0,1,0,3,0,1,7
6380,Frank De Boer,1998,4,Defensor,7,7,6,0,0,0.0,0,0,3,3,1,4
2334,Frank Gray,1982,3,Defensor,3,3,0,0,0,0.0,0,0,1,1,1,15
2828,Frank Klopas,1994,14,Delantero,0,0,0,4,0,0.0,0,0,0,0,0,14
1320,Frank Lampard,2006,8,Mediocampista,5,5,0,0,0,0.0,1,0,3,2,0,7
1320,Frank Lampard,2010,8,Mediocampista,4,4,0,0,0,0.0,0,0,1,2,1,13
1320,Frank Lampard,2014,8,Mediocampista,1,1,1,2,0,0.0,0,0,0,1,0,26
3969,Frank Leboeuf,1998,18,Defensor,3,2,0,4,0,0.0,0,0,3,0,0,1
3969,Frank Leboeuf,2002,18,Defensor,2,2,0,1,0,0.0,0,0,0,1,1,28
2372,Frank Mcavennie,1986,16,Delantero,2,0,0,1,0,0.0,0,0,0,0,2,19
6217,Frank Mill,1990,11,Delantero,0,0,0,7,0,0.0,0,0,0,0,0,1
6469,Frank Rijkaard,1990,3,Mediocampista,4,4,0,0,0,0.0,2,1,0,3,1,15
6469,Frank Rijkaard,1994,3,Mediocampista,4,4,0,1,0,0.0,1,0,2,0,2,7
8186,Frank Sechehaye,1934,-,Arquero,2,2,0,0,0,0.0,0,0,1,0,1,7
7279,Frank Sinclair,1998,19,Defensor,3,3,0,0,0,0.0,0,0,1,0,2,22
7486,Frank Stapleton,1990,18,Delantero,0,0,0,5,0,0.0,0,0,0,0,0,8
5142,Frank Van Hattum,1982,22,Arquero,3,3,0,0,0,0.0,0,0,0,0,3,23
2894,Frank Vaughn,1930,-,Defensor,0,0,0,3,0,0.0,0,0,0,0,0,3
6738,Frank Vercauteren,1982,6,Mediocampista,5,5,0,0,0,0.0,0,0,2,1,2,10
6738,Frank Vercauteren,1986,6,Mediocampista,6,6,0,1,1,0.17,0,0,2,2,2,4
2896,Frank Wallace,1950,-,Delantero,3,3,0,0,1,0.33,0,0,1,0,2,10
6534,Frank Wels,1934,-,Delantero,1,1,0,0,0,0.0,0,0,0,0,1,9
6534,Frank Wels,1938,-,Delantero,1,1,0,0,0,0.0,0,0,0,0,1,14
2814,Frankie Hejduk,1998,2,Mediocampista,3,2,0,0,0,0.0,1,0,0,0,3,32
2814,Frankie Hejduk,2002,2,Defensor,4,4,0,1,0,0.0,2,0,1,1,2,8
6714,Franky Van Der Elst,1986,3,Defensor,4,2,0,3,0,0.0,1,0,1,1,2,4
6714,Franky Van Der Elst,1990,8,Mediocampista,4,4,0,0,0,0.0,0,0,2,0,2,11
6714,Franky Van Der Elst,1994,7,Mediocampista,4,4,0,0,0,0.0,0,0,2,0,2,11
6714,Franky Van Der Elst,1998,6,Mediocampista,3,2,2,0,0,0.0,0,0,0,3,0,19
6732,Franky Vandendriessche,2002,13,Arquero,0,0,0,4,0,0.0,0,0,0,0,0,14
6624,Frans Gommers,1938,-,Defensor,0,0,0,1,0,0.0,0,0,0,0,0,13
6416,Frans Hogenbirk,1938,-,Mediocampista,0,0,0,1,0,0.0,0,0,0,0,0,14
4674,Frans Hukon,1938,-,Defensor,1,1,0,0,0,0.0,0,0,0,0,1,15
4675,Frans Meeng,1938,-,Mediocampista,1,1,1,0,0,0.0,0,0,0,0,1,15
6675,Frans Peeraer,1934,-,Mediocampista,1,1,0,0,0,0.0,0,0,0,0,1,15
6504,Frans Van Der Veen,1938,-,Delantero,1,1,0,0,0,0.0,0,0,0,0,1,14
483,Frantisek Jakubec,1982,2,Defensor,0,0,0,3,0,0.0,0,0,0,0,0,19
490,Frantisek Junek,1934,-,Delantero,4,4,0,0,0,0.0,0,0,3,0,1,2
551,Frantisek Planicka,1934,-,Arquero,4,4,4,0,0,0.0,0,0,3,0,1,2
551,Frantisek Planicka,1938,-,Arquero,2,2,2,1,0,0.0,0,0,1,1,0,5
567,Frantisek Safranek,1954,2,Defensor,2,2,0,0,0,0.0,0,0,0,0,2,14
567,Frantisek Safranek,1958,21,Defensor,0,0,0,4,0,0.0,0,0,0,0,0,9
569,Frantisek Schmucker,1962,13,Arquero,0,0,0,6,0,0.0,0,0,0,0,0,2
580,Frantisek Stambacher,1982,17,Mediocampista,1,1,0,2,0,0.0,0,0,0,1,0,19
583,Frantisek Straka,1990,6,Defensor,3,3,0,2,0,0.0,2,0,2,0,1,6
585,Frantisek Svoboda,1934,-,Delantero,3,3,0,1,2,0.67,0,0,2,0,1,2
6051,Franz Beckenbauer,1966,4,Mediocampista,6,6,0,0,4,0.67,2,0,4,1,1,2
6051,Franz Beckenbauer,1970,4,Defensor,5,5,0,1,1,0.2,0,0,4,0,1,3
6051,Franz Beckenbauer,1974,5,Defensor,7,7,7,0,0,0.0,0,0,6,0,1,1
4557,Franz Cisar,1934,-,Defensor,4,4,0,0,0,0.0,0,0,2,0,2,4
6079,Franz Dienert,1934,-,Delantero,0,0,0,4,0,0.0,0,0,0,0,0,3
4613,Franz Oberacher,1978,17,Delantero,1,0,0,5,0,0.0,0,0,1,0,0,7
4618,Franz Pelikan,1954,15,Arquero,0,0,0,5,0,0.0,0,0,0,0,0,3
4655,Franz Swoboda,1958,4,Defensor,3,3,0,0,0,0.0,0,0,0,1,2,15
6309,Franz Wagner,1934,-,Mediocampista,4,4,0,0,0,0.0,0,0,2,0,2,4
6309,Franz Wagner,1938,-,Mediocampista,0,0,0,2,0,0.0,0,0,0,0,0,10
4667,Franz Wohlfahrt,1998,16,Arquero,0,0,0,3,0,0.0,0,0,0,0,0,23
1275,Fraser Forster,2014,22,Arquero,0,0,0,3,0,0.0,0,0,0,0,0,26
3237,Frechaut,2002,18,Defensor,1,1,0,2,0,0.0,1,0,1,0,0,21
1634,Fred,2006,21,Delantero,1,0,0,4,1,1.0,0,0,1,0,0,5
1634,Fred,2014,9,Delantero,6,6,0,1,1,0.17,0,0,3,2,1,4
2368,Fred Martin,1954,1,Arquero,2,2,0,0,0,0.0,0,0,0,0,2,15
1634,Fred,2018,18,Mediocampista,0,0,0,5,0,0.0,0,0,0,0,0,6
1634,Fred,2022,8,Mediocampista,4,2,0,1,0,0.0,1,0,2,1,1,7
5045,Freddy Rincon,1990,19,Delantero,4,4,0,0,1,0.25,0,0,1,1,2,14
5045,Freddy Rincon,1994,19,Mediocampista,3,3,0,0,0,0.0,0,0,1,0,2,19
5045,Freddy Rincon,1998,19,Mediocampista,3,3,0,0,0,0.0,0,0,1,0,2,21
6633,Frederic Herpoel,2002,23,Arquero,0,0,0,4,0,0.0,0,0,0,0,0,14
3238,Frederico,1986,8,Defensor,3,3,0,0,0,0.0,0,0,1,0,2,17
4274,Frederik Ronnow,2018,22,Arquero,0,0,0,4,0,0.0,0,0,0,0,0,11
4274,Frederik Ronnow,2022,22,Arquero,0,0,0,3,0,0.0,0,0,0,0,0,28
7141,Frederik Schram,2018,12,Arquero,0,0,0,3,0,0.0,0,0,0,0,0,28
3454,Fredrik Ljungberg,2002,9,Mediocampista,2,2,0,2,0,0.0,0,0,1,1,0,13
3454,Fredrik Ljungberg,2006,9,Mediocampista,4,4,0,0,1,0.25,1,0,1,2,1,14
3512,Fredrik Stenman,2006,14,Defensor,0,0,0,4,0,0.0,0,0,0,0,0,14
8051,Fredy Bickel,1938,-,Delantero,3,3,0,0,1,0.33,0,0,1,1,1,6
8051,Fredy Bickel,1950,-,Delantero,2,2,2,1,0,0.0,0,0,0,1,1,6
2674,Fredy Guarín,2014,13,Mediocampista,3,2,0,2,0,0.0,1,0,2,0,1,5
7976,Frenkie de Jong,2022,21,Mediocampista,5,5,0,0,1,0.2,1,0,3,2,0,5
1635,Friaca,1950,-,Delantero,4,4,0,2,1,0.25,0,0,2,1,1,2
26,Frickson Erazo,2014,3,Defensor,3,3,0,0,0,0.0,1,0,1,1,1,17
6205,Friedel Lutz,1966,14,Defensor,1,1,0,5,0,0.0,0,0,1,0,0,2
4564,Friederich Franzl,1934,-,Arquero,0,0,0,4,0,0.0,0,0,0,0,0,4
4598,Friedl Koncilia,1978,1,Arquero,6,6,0,0,0,0.0,0,0,3,0,3,7
4598,Friedl Koncilia,1982,1,Arquero,5,5,0,0,0,0.0,0,0,2,1,2,8
7922,Fritz Andre,1974,4,Defensor,1,1,0,2,0,0.0,0,0,0,0,1,15
6070,Fritz Buchloh,1934,-,Arquero,0,0,0,4,0,0.0,0,0,0,0,0,3
6070,Fritz Buchloh,1938,-,Arquero,0,0,0,2,0,0.0,0,0,0,0,0,10
6131,Fritz Herkenrath,1958,1,Arquero,5,5,0,1,0,0.0,0,0,2,2,1,4
8127,Fritz Kehl,1962,10,Defensor,0,0,0,3,0,0.0,0,0,0,0,0,16
3950,Fritz Keller,1934,-,Delantero,1,1,0,0,0,0.0,0,0,0,0,1,9
8133,Fritz Kuenzli,1966,13,Delantero,2,2,0,1,0,0.0,0,0,0,0,2,16
6195,Fritz Laband,1954,2,Defensor,3,3,0,3,0,0.0,0,0,3,0,0,1
2446,Fritz Leandre,1974,16,Delantero,1,0,0,2,0,0.0,1,0,0,0,1,15
8152,Fritz Morf,1962,5,Defensor,1,1,0,2,0,0.0,0,0,0,0,1,16
6296,Fritz Szepan,1934,-,Delantero,4,4,4,0,0,0.0,0,0,3,0,1,3
6296,Fritz Szepan,1938,-,Delantero,1,1,1,1,0,0.0,0,0,0,0,1,10
8218,Fritz Wagner,1938,-,Delantero,0,0,0,3,0,0.0,0,0,0,0,0,6
6312,Fritz Walter,1954,16,Mediocampista,6,6,6,0,3,0.5,0,0,5,0,1,1
6312,Fritz Walter,1958,9,Mediocampista,5,5,0,1,0,0.0,0,0,2,2,1,4
7405,Frode Grodas,1994,12,Arquero,0,0,0,3,0,0.0,0,0,0,0,0,17
7405,Frode Grodas,1998,1,Arquero,4,4,4,0,0,0.0,0,0,1,2,1,15
3162,Fryedryk Szerfke,1938,-,Delantero,1,1,0,0,1,1.0,0,0,0,0,1,11
4818,Fuad Amin,1994,6,Mediocampista,3,3,0,1,2,0.67,2,0,1,0,2,12
4818,Fuad Amin,1998,6,Mediocampista,3,3,3,0,0,0.0,0,0,0,1,2,28
5592,Fulvio Collovati,1982,5,Defensor,7,7,0,0,0,0.0,1,0,4,3,0,1
5592,Fulvio Collovati,1986,4,Defensor,1,1,0,3,0,0.0,0,0,1,0,0,12
5707,Fulvio Nesti,1954,6,Mediocampista,3,3,0,0,1,0.33,0,0,1,0,2,10
3239,Futre,1986,10,Delantero,3,1,0,0,0,0.0,0,0,1,0,2,17
336,Fyodor Kudryashov,2018,13,Defensor,4,3,0,1,0,0.0,0,0,1,2,1,8
404,Fyodor Smolov,2018,10,Delantero,5,1,0,0,0,0.0,1,0,2,2,1,8
4672,G. Faulhaber,1938,-,Mediocampista,0,0,0,1,0,0.0,0,0,0,0,0,15
4688,G. Van Den Burgh,1938,-,Defensor,0,0,0,1,0,0.0,0,0,0,0,0,15
1986,Gabelo Conejo,1990,1,Arquero,3,3,0,1,0,0.0,0,0,2,0,1,13
7586,Gabor Poloskei,1982,11,Delantero,3,3,0,0,2,0.67,0,0,1,1,1,14
1,Gabriel Achilier,2014,21,Defensor,2,0,0,1,0,0.0,0,0,1,1,0,17
5158,Gabriel Alonso,1950,-,Defensor,6,6,0,0,0,0.0,0,0,3,1,2,4
1965,Gabriel Badilla,2006,17,Defensor,1,1,0,2,0,0.0,1,0,0,0,1,31
5181,Gabriel Batistuta,1994,9,Delantero,4,4,0,0,4,1.0,1,0,2,0,2,10
5181,Gabriel Batistuta,1998,9,Delantero,5,5,1,0,5,1.0,0,0,3,1,1,6
5181,Gabriel Batistuta,2002,9,Delantero,3,3,1,0,1,0.33,1,0,1,1,1,18
7670,Gabriel Caballero,2002,19,Mediocampista,3,1,0,1,0,0.0,0,0,2,1,0,11
8416,Gabriel Calderon,1982,5,Delantero,4,2,0,1,0,0.0,0,0,2,0,2,11
8416,Gabriel Calderon,1990,6,Mediocampista,5,2,0,2,0,0.0,0,0,1,2,2,2
3887,Gabriel De Michele,1966,11,Defensor,1,1,0,2,0,0.0,0,0,0,1,0,13
8423,Gabriel Enrique Gómez,2018,6,Mediocampista,3,3,0,0,0,0.0,1,0,0,0,3,32
8423,Gabriel Gomez,1990,8,Mediocampista,4,4,0,0,0,0.0,2,0,1,1,2,14
8423,Gabriel Gomez,1994,6,Mediocampista,1,1,0,2,0,0.0,0,0,0,0,1,19
5279,Gabriel Heinze,2006,6,Defensor,4,4,0,1,0,0.0,2,0,3,1,0,6
5279,Gabriel Heinze,2010,6,Defensor,4,4,0,1,1,0.25,1,0,3,0,1,5
1636,Gabriel Jesus,2018,9,Delantero,5,5,0,0,0,0.0,0,0,3,1,1,6
1636,Gabriel Jesus,2022,18,Delantero,3,1,0,2,0,0.0,0,0,2,0,1,7
1715,Gabriel Martinelli,2022,26,Delantero,3,1,0,2,0,0.0,0,0,2,0,1,7
7787,Gabriel Mercado,2018,2,Defensor,3,3,0,1,1,0.33,1,0,1,0,2,16
5321,Gabriel Milito,2006,15,Defensor,1,1,0,4,0,0.0,0,0,0,1,0,6
7805,Gabriel Nunez,1966,14,Defensor,3,3,0,0,0,0.0,0,0,0,2,1,12
5715,Gabriel Paletta,2014,20,Defensor,1,1,0,2,0,0.0,0,0,1,0,0,22
1926,Gabriel Popescu,1998,16,Mediocampista,3,3,0,1,0,0.0,0,0,2,0,1,11
8432,Gabriel Torres,2018,9,Delantero,2,1,0,1,0,0.0,0,0,0,0,2,32
5712,Gabriele Oriali,1982,13,Mediocampista,5,5,0,2,0,0.0,2,0,4,1,0,1
3875,Gael Clichy,2010,22,Defensor,1,1,0,2,0,0.0,0,0,0,0,1,29
3924,Gael Givet,2006,17,Defensor,0,0,0,7,0,0.0,0,0,0,0,0,2
965,Gaël Ondoua,2022,5,Mediocampista,2,0,0,1,0,0.0,0,0,0,1,1,19
873,Gaetan Bong,2010,12,Defensor,1,1,0,2,0,0.0,0,0,0,0,1,31
6617,Gaetan Englebert,2002,17,Mediocampista,0,0,0,4,0,0.0,0,0,0,0,0,14
5759,Gaetano Scirea,1978,8,Defensor,7,7,0,0,0,0.0,0,0,4,1,2,4
5759,Gaetano Scirea,1982,7,Defensor,7,7,0,0,0,0.0,1,0,4,3,0,1
5759,Gaetano Scirea,1986,6,Defensor,4,4,4,0,0,0.0,1,0,1,2,1,12
4988,Gaizka Mendieta,2002,16,Mediocampista,3,1,0,2,1,0.33,0,0,1,2,0,5
164,Gaku Shibasaki,2018,7,Mediocampista,4,4,0,0,0,0.0,1,0,1,1,2,15
164,Gaku Shibasaki,2022,7,Mediocampista,0,0,0,4,0,0.0,0,0,0,0,0,9
325,Galimzyan Khusainov,1962,21,Delantero,1,1,0,3,0,0.0,0,0,1,0,0,6
325,Galimzyan Khusainov,1966,15,Delantero,4,4,0,2,0,0.0,1,0,3,0,1,4
5262,Gallego,1966,17,Mediocampista,3,3,0,0,0,0.0,0,0,1,0,2,10
2066,Gamal Abdelhamid,1990,10,Mediocampista,3,2,2,0,0,0.0,0,0,0,2,1,20
7330,Garang Kuol,2022,21,Delantero,2,0,0,2,0,0.0,0,0,0,0,2,11
5265,Garay,1962,8,Mediocampista,1,1,0,2,0,0.0,0,0,0,0,1,12
4496,Garba Lawal,1998,11,Mediocampista,4,4,0,0,0,0.0,0,0,2,0,2,12
4496,Garba Lawal,2002,11,Mediocampista,1,1,0,2,0,0.0,0,0,0,0,1,27
2532,Gareth Bale,2022,11,Delantero,3,3,3,0,1,0.33,1,0,0,1,2,30
1211,Gareth Barry,2010,14,Mediocampista,3,3,0,1,0,0.0,0,0,1,1,1,13
1397,Gareth Southgate,1998,6,Defensor,2,1,0,2,0,0.0,0,0,1,1,0,9
1397,Gareth Southgate,2002,16,Defensor,0,0,0,5,0,0.0,0,0,0,0,0,6
1637,Garrincha,1958,11,Delantero,4,4,0,2,0,0.0,0,0,4,0,0,1
1637,Garrincha,1962,7,Delantero,6,6,0,0,4,0.67,0,0,5,1,0,1
1637,Garrincha,1966,16,Delantero,2,2,0,1,1,0.5,0,0,1,0,1,11
1404,Gary A. Stevens,1986,15,Defensor,2,0,0,3,0,0.0,0,0,1,1,0,8
1203,Gary Bailey,1986,22,Arquero,0,0,0,5,0,0.0,0,0,0,0,0,8
7444,Gary Breen,2002,14,Defensor,4,4,0,0,1,0.25,0,0,1,3,0,12
1233,Gary Cahill,2014,5,Defensor,3,3,0,0,0,0.0,0,0,0,1,2,26
1233,Gary Cahill,2018,15,Defensor,1,1,0,6,0,0.0,0,0,0,0,1,4
2330,Gary Gillespie,1990,11,Defensor,1,0,0,2,0,0.0,0,0,0,0,1,18
7463,Gary Kelly,2002,18,Defensor,4,4,0,0,0,0.0,0,0,1,3,0,12
1325,Gary Lineker,1986,10,Delantero,5,5,0,0,6,1.2,0,0,2,1,2,8
1325,Gary Lineker,1990,10,Delantero,7,7,0,0,4,0.57,0,0,3,3,1,4
7339,Gary Manuel,1974,10,Delantero,0,0,0,3,0,0.0,0,0,0,0,0,14
2371,Gary Mcallister,1990,20,Mediocampista,0,0,0,3,0,0.0,0,0,0,0,0,18
704,Gary Medel,2010,17,Defensor,3,3,0,1,0,0.0,2,0,2,0,1,10
704,Gary Medel,2014,17,Defensor,4,4,0,0,0,0.0,0,0,2,1,1,9
1353,Gary Neville,1998,12,Defensor,3,3,0,1,0,0.0,0,0,1,1,1,9
1353,Gary Neville,2006,2,Defensor,2,2,0,3,0,0.0,0,0,1,1,0,7
1403,Gary Stevens,1986,2,Defensor,5,5,0,0,0,0.0,0,0,2,1,2,8
1403,Gary Stevens,1990,2,Defensor,2,2,0,5,0,0.0,0,0,0,1,1,4
5965,Gastón Ramírez,2014,18,Mediocampista,2,0,0,2,0,0.0,0,0,1,0,1,12
6002,Gastón Silva,2018,13,Defensor,0,0,0,5,0,0.0,0,0,0,0,0,5
6487,Gaston Taument,1994,17,Delantero,3,1,0,2,1,0.33,0,0,2,0,1,7
4930,Gavi,2022,9,Mediocampista,4,4,0,0,1,0.25,0,0,1,2,1,13
1851,Gavril Balint,1990,18,Delantero,4,2,0,0,2,0.5,0,0,1,2,1,12
6595,Geert De Vlieger,2002,1,Arquero,4,4,0,0,0,0.0,0,0,1,2,1,14
6501,Gejus Van Der Meulen,1934,-,Arquero,1,1,0,0,0,0.0,0,0,0,0,1,9
8089,Gelson Fernandes,2014,16,Mediocampista,1,0,0,3,0,0.0,1,0,0,0,1,11
3266,Gelson Martins,2018,18,Delantero,1,0,0,3,0,0.0,0,0,1,0,0,13
165,Gen Shoji,2018,3,Defensor,3,3,0,1,0,0.0,0,0,1,1,1,15
855,Genaro Sermeno,1970,16,Mediocampista,2,0,0,1,0,0.0,0,0,0,0,2,16
89,Genki Haraguchi,2018,8,Mediocampista,3,3,0,1,1,0.33,0,0,1,1,1,15
305,Gennadi Gusarov,1958,19,Delantero,0,0,0,5,0,0.0,0,0,0,0,0,6
305,Gennadi Gusarov,1962,13,Delantero,0,0,0,4,0,0.0,0,0,0,0,0,6
344,Gennadi Litovchenko,1986,13,Mediocampista,1,1,0,3,0,0.0,0,0,1,0,0,10
344,Gennadi Litovchenko,1990,8,Mediocampista,3,2,0,0,0,0.0,0,0,1,0,2,17
347,Gennadi Logofet,1970,7,Defensor,2,1,0,2,0,0.0,1,0,0,1,1,5
361,Gennadi Morozov,1986,4,Defensor,1,1,0,3,0,0.0,0,0,1,0,0,10
424,Gennadi Yevryuzhikhin,1970,17,Delantero,4,3,0,0,0,0.0,0,0,2,1,1,5
5641,Gennaro Gattuso,2002,8,Mediocampista,2,0,0,2,0,0.0,0,0,1,0,1,15
5641,Gennaro Gattuso,2006,8,Mediocampista,6,5,0,1,0,0.0,2,0,4,2,0,1
5641,Gennaro Gattuso,2010,8,Mediocampista,1,1,0,2,0,0.0,0,0,0,0,1,26
292,Genrikh Fedosov,1958,21,Delantero,0,0,0,5,0,0.0,0,0,0,0,0,6
5511,Genwei Yu,2002,11,Mediocampista,2,0,0,1,0,0.0,0,0,0,0,2,31
2765,Geoff Cameron,2014,20,Defensor,3,3,0,1,0,0.0,1,0,1,1,1,15
2775,Geoff Coombes,1950,-,Defensor,0,0,0,3,0,0.0,0,0,0,0,0,10
1304,Geoff Hurst,1966,10,Delantero,3,3,0,3,4,1.33,0,0,3,0,0,1
1304,Geoff Hurst,1970,10,Delantero,3,3,0,1,1,0.33,0,0,1,0,2,8
4553,Georg Braun,1934,-,Delantero,1,1,0,3,0,0.0,0,0,0,0,1,4
6288,Georg Stollenwerk,1958,7,Defensor,6,6,0,0,0,0.0,0,0,2,2,2,4
991,George Borba,1970,11,Delantero,0,0,0,3,0,0.0,0,0,0,0,0,12
2299,George Burley,1982,21,Defensor,0,0,0,3,0,0.0,0,0,0,0,0,15
1248,George Cohen,1966,2,Defensor,6,6,0,0,0,0.0,0,0,5,1,0,1
2242,George Dunlop,1982,22,Arquero,0,0,0,5,0,0.0,0,0,0,0,0,9
1266,George Eastham,1962,20,Mediocampista,0,0,0,4,0,0.0,0,0,0,0,0,8
1266,George Eastham,1966,22,Delantero,0,0,0,6,0,0.0,0,0,0,0,0,1
2337,George Hamilton,1954,9,Delantero,0,0,0,2,0,0.0,0,0,0,0,0,15
8255,George Koumantarakis,2002,23,Delantero,3,0,0,0,0,0.0,0,0,1,1,1,17
2851,George Moorhouse,1930,-,Defensor,3,3,0,0,0,0.0,0,0,2,0,1,3
2851,George Moorhouse,1934,-,Defensor,1,1,1,0,0,0.0,0,0,0,0,1,16
1492,George Owu,2006,16,Arquero,0,0,0,4,0,0.0,0,0,0,0,0,13
2489,George Pakos,1986,13,Mediocampista,1,0,0,2,0,0.0,0,0,0,0,1,24
243,George Welcome,2010,12,Delantero,3,0,0,0,0,0.0,0,0,0,1,2,30
2417,George Wood,1982,12,Arquero,0,0,0,3,0,0.0,0,0,0,0,0,15
8036,Georges Aeby,1938,-,Delantero,2,2,0,1,0,0.0,0,0,1,1,0,6
3837,Georges Beaucourt,1934,-,Defensor,0,0,0,1,0,0.0,0,0,0,0,0,9
8057,Georges Bregy,1994,6,Mediocampista,4,4,0,0,1,0.25,1,0,1,1,2,15
3864,Georges Carnus,1966,21,Arquero,0,0,0,3,0,0.0,0,0,0,0,0,13
6627,Georges Grun,1986,13,Defensor,6,5,0,1,0,0.0,1,0,2,2,2,4
6627,Georges Grun,1990,13,Defensor,2,2,0,2,0,0.0,0,0,1,0,1,11
6627,Georges Grun,1994,13,Defensor,3,3,3,1,1,0.33,1,0,2,0,1,11
6634,Georges Heylens,1970,2,Defensor,3,3,0,0,0,0.0,0,0,1,0,2,10
953,Georges-Kévin Nkoudou,2022,7,Mediocampista,2,0,0,1,0,0.0,0,0,0,1,1,19
923,Georges Mandjeck,2010,20,Mediocampista,0,0,0,3,0,0.0,0,0,0,0,0,31
938,Georges Mouyeme,1994,20,Delantero,1,0,0,2,0,0.0,0,0,0,1,0,22
6686,Georges Putmans,1934,-,Mediocampista,0,0,0,1,0,0.0,0,0,0,0,0,15
8203,Georges Stuber,1950,-,Arquero,2,2,0,1,0,0.0,0,0,0,1,1,6
8203,Georges Stuber,1954,3,Arquero,0,0,0,4,0,0.0,0,0,0,0,0,5
4067,Georges Verriest,1934,-,Mediocampista,1,1,0,0,1,1.0,0,0,0,0,1,9
8217,Georges Vuilleumier,1966,21,Delantero,0,0,0,3,0,0.0,0,0,0,0,0,16
2915,Georgi Asparukhov,1962,15,Delantero,1,1,0,2,0,0.0,0,0,0,0,1,15
2915,Georgi Asparukhov,1966,9,Delantero,3,3,0,0,1,0.33,0,0,0,0,3,15
2915,Georgi Asparukhov,1970,19,Delantero,3,2,0,0,0,0.0,0,0,0,1,2,13
2916,Georgi Bachev,1998,19,Mediocampista,2,1,0,1,0,0.0,1,0,0,0,2,29
2922,Georgi Denev,1974,11,Delantero,3,3,0,0,0,0.0,1,0,0,2,1,12
2928,Georgi Dimitrov,1986,5,Defensor,4,4,4,0,0,0.0,0,0,0,2,2,15
2935,Georgi Georgiev,1994,19,Mediocampista,0,0,0,7,0,0.0,0,0,0,0,0,4
2947,Georgi Ivanov,1998,20,Delantero,0,0,0,3,0,0.0,0,0,0,0,0,29
2951,Georgi Kamenski,1970,22,Arquero,0,0,0,3,0,0.0,0,0,0,0,0,13
2979,Georgi Naidenov,1962,1,Arquero,3,3,0,0,0,0.0,0,0,0,1,2,15
2979,Georgi Naidenov,1966,1,Arquero,2,2,0,1,0,0.0,0,0,0,0,2,15
2982,Georgi Nikolov,1962,22,Defensor,0,0,0,3,0,0.0,0,0,0,0,0,15
2993,Georgi Popov,1970,7,Delantero,2,2,0,1,0,0.0,0,0,0,1,1,13
400,Georgi Sichinava,1966,14,Mediocampista,2,2,0,4,0,0.0,0,0,1,0,1,4
2999,Georgi Sokolov,1962,14,Delantero,2,2,0,1,1,0.5,0,0,0,1,1,15
3016,Georgi Yordanov,1986,15,Mediocampista,2,2,0,2,0,0.0,0,0,0,0,2,15
6535,Georginio Wijnaldum,2014,20,Mediocampista,7,5,0,0,1,0.14,0,0,5,2,0,3
2592,Georgios Karagounis,2010,10,Mediocampista,3,3,3,0,0,0.0,0,0,1,0,2,25
2592,Georgios Karagounis,2014,10,Mediocampista,4,2,2,0,0,0.0,0,0,1,2,1,13
2618,Georgios Samaras,2010,7,Delantero,3,2,0,0,0,0.0,1,0,1,0,2,25
2618,Georgios Samaras,2014,7,Delantero,4,4,0,0,1,0.25,1,0,1,2,1,13
388,Georgy Schennikov,2014,3,Defensor,0,0,0,3,0,0.0,0,0,0,0,0,24
2652,Geovanis Cassiani,1990,17,Defensor,0,0,0,4,0,0.0,0,0,0,0,0,14
2013,Geovanni Jara,1990,18,Defensor,0,0,0,4,0,0.0,0,0,0,0,0,13
6042,Gerald Asamoah,2002,14,Delantero,3,0,0,4,0,0.0,0,0,2,0,1,2
6042,Gerald Asamoah,2006,14,Delantero,1,0,0,6,0,0.0,0,0,1,0,0,3
4567,Gerald Glatzmayer,1990,19,Mediocampista,1,0,0,2,0,0.0,1,0,1,0,0,18
4611,Gerald Messlender,1982,16,Defensor,0,0,0,5,0,0.0,0,0,0,0,0,8
7479,Gerald Peyton,1990,22,Arquero,0,0,0,5,0,0.0,0,0,0,0,0,8
6523,Gerald Vanenburg,1990,8,Mediocampista,1,1,0,3,0,0.0,0,0,0,1,0,15
6603,Gerard Delbeke,1930,-,Delantero,1,1,0,1,0,0.0,0,0,0,0,1,11
6780,Gerard Gnanhouan,2006,16,Arquero,0,0,0,3,0,0.0,0,0,0,0,0,19
3935,Gerard Hausser,1966,14,Delantero,3,3,0,0,1,0.33,0,0,0,1,2,13
3943,Gerard Janvion,1978,4,Defensor,2,2,0,1,0,0.0,0,0,1,0,1,12
3943,Gerard Janvion,1982,5,Defensor,6,6,0,1,0,0.0,0,0,3,2,1,4
2445,Gerard Joseph,1974,22,Arquero,0,0,0,3,0,0.0,0,0,0,0,0,15
5022,Gerard Piqué,2010,3,Defensor,7,7,0,0,0,0.0,1,0,6,0,1,1
5022,Gerard Piqué,2014,3,Defensor,1,1,0,2,0,0.0,0,0,0,0,1,23
5022,Gerard Piqué,2018,3,Defensor,4,4,0,0,0,0.0,1,0,1,3,0,10
6681,Gerard Plessers,1982,16,Defensor,2,1,0,3,0,0.0,0,0,0,1,1,10
4043,Gerard Soler,1982,20,Delantero,6,6,0,1,1,0.17,1,0,3,1,2,4
3179,Gerard Wodarz,1938,-,Delantero,1,1,0,0,0,0.0,0,0,0,0,1,11
7649,Gerardo Arteaga,2022,6,Defensor,0,0,0,3,0,0.0,0,0,0,0,0,22
7773,Gerardo Lugo,1978,18,Mediocampista,2,0,0,1,0,0.0,0,0,0,0,2,16
7850,Gerardo Romero,1930,-,Delantero,1,1,0,1,0,0.0,0,0,1,0,0,9
7878,Gerardo Torrado,2002,6,Mediocampista,4,4,0,0,1,0.25,1,0,2,1,1,11
7878,Gerardo Torrado,2006,6,Mediocampista,3,2,0,1,0,0.0,2,0,1,1,1,15
7878,Gerardo Torrado,2010,6,Mediocampista,4,4,1,0,0,0.0,1,0,1,1,2,14
2513,Gerd Kische,1974,18,Defensor,6,6,0,0,0,0.0,2,0,2,2,2,6
6223,Gerd Mueller,1970,13,Delantero,6,6,0,0,10,1.67,2,0,5,0,1,3
6223,Gerd Mueller,1974,13,Delantero,7,7,0,0,4,0.57,0,0,6,0,1,1
6324,Gerd Zewe,1978,18,Mediocampista,0,0,0,6,0,0.0,0,0,0,0,0,6
901,Geremi,2002,8,Defensor,3,3,0,0,0,0.0,1,0,1,1,1,20
901,Geremi,2010,8,Defensor,3,2,0,0,0,0.0,0,0,0,0,3,31
4554,Gerhard Breitenberger,1978,4,Defensor,4,4,0,2,0,0.0,0,0,2,0,2,7
4572,Gerhard Hanappi,1954,2,Defensor,5,5,0,0,0,0.0,0,0,4,0,1,3
4572,Gerhard Hanappi,1958,5,Defensor,3,3,3,0,0,0.0,0,0,0,1,2,15
8143,Gerhard Lusenti,1950,-,Defensor,3,3,0,0,0,0.0,0,0,1,1,1,6
4635,Gerhard Rodax,1990,14,Delantero,2,2,0,1,1,0.5,0,0,1,0,1,18
2632,German Aceros,1962,13,Delantero,3,3,0,0,1,0.33,0,0,0,1,2,14
251,German Apukthin,1958,7,Delantero,1,1,0,4,0,0.0,0,0,1,0,0,6
5199,German Burgos,1998,12,Arquero,0,0,0,5,0,0.0,0,0,0,0,0,6
5199,German Burgos,2002,1,Arquero,0,0,0,3,0,0.0,0,0,0,0,0,18
1982,German Chavarria,1990,8,Mediocampista,4,4,0,0,0,0.0,0,0,2,0,2,13
2178,German Leguia,1978,15,Delantero,1,0,0,5,0,0.0,0,0,1,0,0,8
2178,German Leguia,1982,5,Delantero,3,2,0,0,0,0.0,0,0,0,2,1,20
5364,German Pezzella,2022,6,Defensor,3,0,0,4,0,0.0,1,0,1,2,0,1
7894,German Villa,1998,4,Mediocampista,3,2,0,1,0,0.0,1,0,0,2,1,13
7894,German Villa,2002,14,Mediocampista,0,0,0,4,0,0.0,0,0,0,0,0,11
3240,Germano,1934,-,Arquero,0,0,0,1,0,0.0,0,0,0,0,0,14
3240,Germano,1966,5,Defensor,1,1,0,5,0,0.0,0,0,1,0,0,3
4589,Gernot Jurtin,1982,18,Delantero,2,1,0,3,0,0.0,0,0,1,1,0,8
2133,Geronimo Barbadillo,1982,7,Delantero,3,1,0,0,0,0.0,0,0,0,2,1,20
5391,Geronimo Rulli,2022,12,Arquero,0,0,0,7,0,0.0,0,0,0,0,0,1
2744,Gerry Armstrong,1982,9,Delantero,5,5,0,0,3,0.6,0,0,1,3,1,9
2744,Gerry Armstrong,1986,14,Delantero,1,0,0,2,0,0.0,0,0,0,0,1,21
1231,Gerry Byrne,1966,15,Defensor,0,0,0,6,0,0.0,0,0,0,0,0,1
2468,Gerry Gray,1986,8,Mediocampista,2,2,0,1,0,0.0,0,0,0,0,2,24
1293,Gerry Hitchens,1962,9,Delantero,2,2,0,2,1,0.5,0,0,0,0,2,8
1640,Gerson,1966,11,Mediocampista,1,1,0,2,0,0.0,0,0,0,0,1,11
1640,Gerson,1970,8,Mediocampista,4,4,0,2,1,0.25,1,0,4,0,0,1
8433,Gerson Torres,2022,13,Mediocampista,1,1,0,2,0,0.0,0,0,1,0,0,27
6739,Gert Verheyen,1998,18,Mediocampista,1,0,0,2,0,0.0,0,1,0,1,0,19
6739,Gert Verheyen,2002,11,Mediocampista,4,4,0,0,0,0.0,1,0,1,2,1,14
6779,Gervinho,2010,10,Delantero,3,2,0,0,0,0.0,0,0,1,1,1,17
6779,Gervinho,2014,10,Delantero,3,3,0,0,2,0.67,0,0,1,0,2,21
7533,Geza Gulyas,1954,22,Arquero,0,0,0,5,0,0.0,0,0,0,0,0,2
496,Geza Kalocsay,1934,-,Delantero,0,0,0,4,0,0.0,0,0,0,0,0,2
7618,Geza Toldi,1934,-,Delantero,2,2,0,0,2,1.0,0,0,1,0,1,6
7618,Geza Toldi,1938,-,Delantero,2,2,0,2,1,0.5,0,0,2,0,0,2
4124,Ghafoor Jahani,1978,17,Delantero,3,2,0,0,0,0.0,0,0,0,1,2,14
7177,Ghailene Chaalali,2018,20,Delantero,1,1,0,2,0,0.0,1,0,1,0,0,24
7177,Ghailene Chaalali,2022,18,Mediocampista,1,0,0,2,0,0.0,0,0,1,0,0,21
8399,Ghandi Said,1970,7,Mediocampista,3,3,0,0,0,0.0,0,0,0,1,2,14
7960,Ghanim Mubarak,1990,4,Defensor,0,0,0,3,0,0.0,0,0,0,0,0,24
8303,Gharib Amzine,1998,17,Mediocampista,3,1,0,0,0,0.0,0,0,1,1,1,18
4112,Ghasem Haddadifar,2014,11,Mediocampista,0,0,0,3,0,0.0,0,0,0,0,0,28
1849,Gheorghe Albu,1934,-,Defensor,1,1,0,0,0,0.0,0,0,0,0,1,12
1865,Gheorghe Ciolac,1934,-,Delantero,0,0,0,1,0,0.0,0,0,0,0,0,12
1868,Gheorghe Craioveanu,1998,21,Delantero,1,0,0,3,0,0.0,0,0,0,0,1,11
1890,Gheorghe Gornea,1970,22,Arquero,0,0,0,3,0,0.0,0,0,0,0,0,10
1891,Gheorghe Hagi,1990,10,Mediocampista,3,3,0,1,0,0.0,2,0,0,2,1,12
1891,Gheorghe Hagi,1994,10,Mediocampista,5,5,5,0,3,0.6,0,0,3,1,1,6
1891,Gheorghe Hagi,1998,10,Mediocampista,4,4,4,0,0,0.0,1,0,2,1,1,11
1900,Gheorghe Liliac,1990,22,Arquero,0,0,0,4,0,0.0,0,0,0,0,0,12
1908,Gheorghe Mihali,1994,14,Defensor,4,3,0,1,0,0.0,1,0,3,0,1,6
1926,Gheorghe Popescu,1994,6,Defensor,5,5,0,0,0,0.0,2,0,3,1,1,6
1935,Gheorghe Rasinaru,1938,-,Mediocampista,2,2,0,0,0,0.0,0,0,0,1,1,9
1952,Gheorghe Tataru,1970,17,Delantero,3,1,0,0,0,0.0,0,0,1,0,2,10
6984,Gi Dong Jeong,1990,19,Arquero,0,0,0,3,0,0.0,0,0,0,0,0,22
5623,Giacinto Facchetti,1966,6,Defensor,3,3,0,0,0,0.0,0,0,1,0,2,9
5623,Giacinto Facchetti,1970,3,Defensor,6,6,6,0,0,0.0,0,0,3,2,1,2
5623,Giacinto Facchetti,1974,3,Defensor,3,3,3,0,0,0.0,0,0,1,1,1,10
5561,Giacomo Bulgarelli,1962,22,Delantero,1,1,0,2,2,2.0,0,0,1,0,0,9
5561,Giacomo Bulgarelli,1966,4,Mediocampista,3,3,1,0,0,0.0,0,0,1,0,2,9
5668,Giacomo Losi,1962,2,Defensor,2,2,0,1,0,0.0,0,0,1,1,0,9
5680,Giacomo Mari,1950,-,Mediocampista,1,1,0,1,0,0.0,0,0,1,0,0,7
5680,Giacomo Mari,1954,15,Mediocampista,1,1,0,2,0,0.0,0,0,0,0,1,10
5690,Giampaolo Menichelli,1962,11,Delantero,2,2,0,1,0,0.0,0,0,0,1,1,9
5723,Giampaolo Pazzini,2010,20,Delantero,1,0,0,2,0,0.0,0,0,0,1,0,26
5554,Giampiero Boniperti,1950,-,Delantero,1,1,0,1,0,0.0,0,0,0,0,1,7
5554,Giampiero Boniperti,1954,19,Delantero,1,1,1,2,1,1.0,0,0,0,0,1,10
5593,Giampiero Combi,1934,-,Arquero,5,5,4,0,0,0.0,0,0,4,1,0,1
5681,Giampiero Marini,1982,11,Mediocampista,5,2,0,2,0,0.0,1,0,3,2,0,1
5527,Giancarlo Antognoni,1978,9,Mediocampista,5,5,0,2,0,0.0,0,0,3,1,1,4
5527,Giancarlo Antognoni,1982,9,Mediocampista,6,6,0,1,0,0.0,1,0,3,3,0,1
5608,Giancarlo De Sisti,1970,16,Mediocampista,6,6,0,0,0,0.0,1,0,3,2,1,2
2002,Giancarlo Gonzalez,2014,3,Defensor,5,5,0,0,0,0.0,2,0,2,3,0,8
2002,Giancarlo Gonzalez,2018,3,Defensor,3,3,0,0,0,0.0,0,0,0,1,2,29
5682,Giancarlo Marocchi,1990,14,Mediocampista,0,0,0,7,0,0.0,0,0,0,0,0,3
5664,Gianfranco Leoncini,1966,12,Mediocampista,1,1,0,2,0,0.0,0,0,0,0,1,9
5798,Gianfranco Zola,1994,21,Mediocampista,1,0,0,6,0,0.0,0,1,1,0,0,2
5714,Gianluca Pagliuca,1990,22,Arquero,0,0,0,7,0,0.0,0,0,0,0,0,3
5714,Gianluca Pagliuca,1994,1,Arquero,5,5,0,2,0,0.0,0,1,3,1,1,2
5714,Gianluca Pagliuca,1998,12,Arquero,5,5,0,0,0,0.0,0,0,3,2,0,5
5731,Gianluca Pessotto,1998,7,Defensor,3,2,0,2,0,0.0,0,0,2,1,0,5
5785,Gianluca Vialli,1986,17,Delantero,4,0,0,0,0,0.0,0,0,1,2,1,12
5785,Gianluca Vialli,1990,21,Delantero,3,3,0,4,0,0.0,0,0,2,1,0,3
5794,Gianluca Zambrotta,2002,19,Mediocampista,4,4,0,0,0,0.0,1,0,1,1,2,15
5794,Gianluca Zambrotta,2006,19,Defensor,6,6,0,1,1,0.17,3,0,4,2,0,1
5794,Gianluca Zambrotta,2010,19,Defensor,3,3,0,0,0,0.0,0,0,0,2,1,26
5559,Gianluigi Buffon,1998,22,Arquero,0,0,0,5,0,0.0,0,0,0,0,0,5
5559,Gianluigi Buffon,2002,1,Arquero,4,4,0,0,0,0.0,0,0,1,1,2,15
5559,Gianluigi Buffon,2006,1,Arquero,7,7,0,0,0,0.0,0,0,5,2,0,1
5559,Gianluigi Buffon,2010,1,Arquero,1,1,0,2,0,0.0,0,0,0,1,0,26
5559,Gianluigi Buffon,2014,1,Arquero,2,2,2,1,0,0.0,0,0,0,0,2,22
5895,Gianni Guigou,2002,7,Mediocampista,2,1,0,1,0,0.0,0,0,0,1,1,26
5974,Gianni Rivera,1962,14,Delantero,1,1,0,2,0,0.0,0,0,0,1,0,9
5974,Gianni Rivera,1966,19,Mediocampista,2,2,0,1,0,0.0,0,0,1,0,1,9
5974,Gianni Rivera,1970,14,Mediocampista,4,0,0,2,2,0.5,1,0,2,1,1,2
5974,Gianni Rivera,1974,10,Mediocampista,2,2,0,1,1,0.5,0,0,1,1,0,10
2588,Giannis Kalitzakis,1994,5,Defensor,3,3,0,0,0,0.0,1,0,0,0,3,24
2603,Giannis Maniatis,2014,2,Mediocampista,4,4,0,0,0,0.0,0,0,1,2,1,13
1486,Gideon Mensah,2022,14,Defensor,1,1,0,2,0,0.0,0,0,1,0,0,24
8177,Gigi Riva,1970,11,Delantero,6,6,0,0,3,0.5,0,0,3,2,1,2
8177,Gigi Riva,1974,11,Delantero,2,2,0,1,0,0.0,0,0,1,1,0,10
1641,Gil,1978,18,Delantero,7,6,0,0,0,0.0,0,0,4,3,0,3
6552,Gilbert Bodart,1986,20,Arquero,0,0,0,7,0,0.0,0,0,0,0,0,4
6552,Gilbert Bodart,1990,12,Arquero,0,0,0,4,0,0.0,0,0,0,0,0,11
8090,Gilbert Fesselet,1954,12,Mediocampista,0,0,0,4,0,0.0,0,0,0,0,0,5
1341,Gilbert Merrick,1954,1,Arquero,3,3,0,0,0,0.0,0,0,1,1,1,7
8175,Gilbert Rey,1962,19,Delantero,0,0,0,3,0,0.0,0,0,0,0,0,16
2021,Gilberto Martinez,2002,5,Defensor,3,3,0,0,0,0.0,1,0,1,1,1,19
2021,Gilberto Martinez,2006,5,Defensor,1,1,0,2,0,0.0,0,0,0,0,1,31
1642,Gilberto Melo,2006,16,Defensor,1,1,0,4,1,1.0,1,0,1,0,0,5
1643,Gilberto Silva,2002,8,Mediocampista,7,7,0,0,0,0.0,1,0,7,0,0,1
1643,Gilberto Silva,2006,17,Mediocampista,4,2,0,1,0,0.0,0,0,3,0,1,5
1643,Gilberto Silva,2010,8,Mediocampista,5,5,0,0,0,0.0,0,0,3,1,1,6
244,Gilberto Yearwood,1982,20,Mediocampista,3,3,0,0,0,0.0,0,1,0,2,1,18
2671,Gildardo Gomez,1990,3,Defensor,4,4,0,0,0,0.0,0,0,1,1,2,14
6802,Gilles Yapi Yapo,2006,10,Mediocampista,1,0,0,2,0,0.0,0,0,0,0,1,19
1644,Gilmar,1958,3,Arquero,6,6,0,0,0,0.0,0,0,5,1,0,1
1644,Gilmar,1962,1,Arquero,6,6,0,0,0,0.0,0,0,5,1,0,1
1644,Gilmar,1966,1,Arquero,2,2,0,1,0,0.0,0,0,1,0,1,11
1645,Gilmar Rinaldi,1994,22,Arquero,0,0,0,7,0,0.0,0,0,0,0,0,1
5570,Gino Cappello,1950,-,Delantero,2,2,0,0,0,0.0,0,0,1,0,1,7
5570,Gino Cappello,1954,10,Delantero,1,1,0,2,0,0.0,0,0,1,0,0,10
5591,Gino Colaussi,1938,-,Delantero,3,3,0,1,4,1.33,0,0,3,0,0,1
2803,Gino Gardassanich,1950,-,Arquero,0,0,0,3,0,0.0,0,0,0,0,0,10
2860,Gino Pariani,1950,-,Delantero,3,3,0,0,1,0.33,0,0,1,0,2,10
5734,Gino Pivatelli,1954,18,Delantero,0,0,0,3,0,0.0,0,0,0,0,0,10
1005,Giora Spiegel,1970,8,Mediocampista,3,3,0,0,0,0.0,0,0,0,2,1,12
5853,Giorgian De Arrascaeta,2018,10,Delantero,2,1,0,3,0,0.0,0,0,2,0,0,5
5853,Giorgian De Arrascaeta,2022,10,Mediocampista,2,1,0,1,2,1.0,0,0,1,0,1,20
5585,Giorgio Chiellini,2010,4,Defensor,3,3,0,0,0,0.0,1,0,0,2,1,26
5585,Giorgio Chiellini,2014,3,Defensor,3,3,0,0,0,0.0,0,0,1,0,2,22
5587,Giorgio Chinaglia,1974,9,Delantero,2,2,0,1,0,0.0,0,0,1,0,1,10
5632,Giorgio Ferrini,1962,21,Mediocampista,2,2,0,1,0,0.0,0,0,0,1,1,9
5644,Giorgio Ghezzi,1954,1,Arquero,2,2,0,1,0,0.0,0,0,1,0,1,10
5739,Giorgio Puia,1970,9,Defensor,0,0,0,6,0,0.0,0,0,0,0,0,2
2628,Giorgios Tzavellas,2014,3,Defensor,0,0,0,4,0,0.0,0,0,0,0,0,13
2626,Giotis Tsalouchidis,1994,6,Mediocampista,2,2,0,1,0,0.0,1,0,0,0,2,24
2621,Giourkas Seitaridis,2010,2,Defensor,1,1,0,2,0,0.0,0,0,0,0,1,25
7247,Giovani dos Santos,2010,17,Delantero,4,4,0,0,0,0.0,0,0,1,1,2,14
7247,Giovani dos Santos,2014,10,Mediocampista,4,4,0,0,1,0.25,0,0,2,1,1,10
7247,Giovani dos Santos,2018,10,Mediocampista,1,0,0,3,0,0.0,0,0,1,0,0,12
5296,Giovani Lo Celso,2018,20,Mediocampista,0,0,0,4,0,0.0,0,0,0,0,0,16
1646,Giovanni,1998,7,Mediocampista,1,1,0,6,0,0.0,0,0,1,0,0,2
5627,Giovanni Ferrari,1934,-,Mediocampista,4,4,0,1,2,0.5,0,0,3,1,0,1
5627,Giovanni Ferrari,1938,-,Mediocampista,4,4,0,0,0,0.0,0,0,4,0,0,1
5640,Giovanni Galli,1982,22,Arquero,0,0,0,7,0,0.0,0,0,0,0,0,1
5640,Giovanni Galli,1986,1,Arquero,4,4,0,0,0,0.0,0,0,1,2,1,12
5645,Giovanni Giacomazzi,1954,3,Defensor,3,3,0,0,0,0.0,0,0,1,0,2,10
41,Giovanni Ibarra,2002,12,Arquero,0,0,0,3,0,0.0,0,0,0,0,0,24
5666,Giovanni Lodetti,1966,13,Mediocampista,2,2,0,1,0,0.0,0,0,1,0,1,9
2872,Giovanni Reyna,2022,7,Delantero,2,0,0,2,0,0.0,0,0,0,1,1,14
6794,Giovanni Sio,2014,21,Delantero,1,0,0,2,0,0.0,0,0,0,0,1,21
5780,Giovanni Trapattoni,1962,6,Mediocampista,0,0,0,3,0,0.0,0,0,0,0,0,9
6498,Giovanni Van Bronckhorst,1998,19,Mediocampista,0,0,0,7,0,0.0,0,0,0,0,0,4
6498,Giovanni Van Bronckhorst,2006,5,Defensor,3,3,0,1,0,0.0,1,1,2,0,1,11
6498,Giovanni Van Bronckhorst,2010,5,Defensor,7,7,7,0,1,0.14,2,0,6,0,1,2
5790,Giovanni Viola,1954,12,Arquero,1,1,0,2,0,0.0,0,0,0,0,1,10
7712,Giovanny Espinoza,2002,17,Defensor,0,0,0,3,0,0.0,0,0,0,0,0,24
7712,Giovanny Espinoza,2006,17,Defensor,4,4,0,0,0,0.0,0,0,2,0,2,12
5537,Giuseppe Baresi,1986,11,Mediocampista,3,1,0,1,0,0.0,0,0,1,1,1,12
5544,Giuseppe Bergomi,1982,3,Defensor,3,2,0,4,0,0.0,0,0,3,0,0,1
5544,Giuseppe Bergomi,1986,2,Defensor,3,3,0,1,0,0.0,2,0,0,2,1,12
5544,Giuseppe Bergomi,1990,3,Defensor,7,7,7,0,0,0.0,0,0,6,1,0,3
5544,Giuseppe Bergomi,1998,2,Defensor,3,2,0,2,0,0.0,1,0,2,1,0,5
8056,Giuseppe Bossi,1934,-,Delantero,1,1,0,1,0,0.0,0,0,1,0,0,7
5574,Giuseppe Casari,1950,-,Arquero,0,0,0,2,0,0.0,0,0,0,0,0,7
5580,Giuseppe Cavanna,1934,-,Arquero,0,0,0,5,0,0.0,0,0,0,0,0,1
5621,Giuseppe Dossena,1982,10,Mediocampista,0,0,0,7,0,0.0,0,0,0,0,0,1
5637,Giuseppe Furino,1970,21,Mediocampista,1,0,0,5,0,0.0,0,0,0,1,0,2
5638,Giuseppe Galderisi,1986,19,Delantero,4,4,0,0,0,0.0,0,0,1,2,1,12
5646,Giuseppe Giannini,1990,13,Mediocampista,7,7,0,0,1,0.14,1,0,6,1,0,3
5689,Giuseppe Meazza,1934,-,Mediocampista,5,5,0,0,2,0.4,0,0,4,1,0,1
5689,Giuseppe Meazza,1938,-,Delantero,4,4,4,0,1,0.25,0,0,4,0,0,1
5700,Giuseppe Moro,1950,-,Arquero,1,1,0,1,0,0.0,0,0,1,0,0,7
5753,Giuseppe Sabadini,1974,13,Defensor,0,0,0,3,0,0.0,0,0,0,0,0,10
5765,Giuseppe Signori,1994,20,Delantero,6,4,0,1,0,0.0,1,0,4,1,1,2
5791,Giuseppe Wilson,1974,15,Defensor,2,0,0,1,0,0.0,0,0,0,1,1,10
277,Givi Chokheli,1962,5,Defensor,3,3,0,1,0,0.0,0,0,1,1,1,6
367,Givili Nodiya,1970,19,Delantero,1,1,0,3,0,0.0,1,0,0,1,0,5
6587,Glen De Boeck,1998,16,Defensor,1,0,0,2,0,0.0,0,0,0,1,0,19
6587,Glen De Boeck,2002,3,Defensor,2,2,0,2,0,0.0,0,0,1,1,0,14
5116,Glen Dods,1982,2,Defensor,2,2,0,1,0,0.0,0,0,0,0,2,23
1310,Glen Johnson,2010,2,Defensor,4,4,0,0,0,0.0,2,0,1,2,1,13
1310,Glen Johnson,2014,2,Defensor,2,2,0,1,0,0.0,0,0,0,0,2,26
5128,Glen Moss,2010,12,Arquero,0,0,0,3,0,0.0,0,0,0,0,0,22
1294,Glenn Hoddle,1982,9,Mediocampista,2,1,0,3,0,0.0,0,0,2,0,0,6
1294,Glenn Hoddle,1986,4,Mediocampista,5,5,0,0,0,0.0,0,0,2,1,2,8
3410,Glenn Hysen,1990,3,Defensor,2,2,2,1,0,0.0,0,0,0,0,2,21
3513,Glenn Stromberg,1990,15,Mediocampista,3,1,0,0,1,0.33,1,0,0,0,3,21
4508,Godfrey Oboabona,2014,14,Defensor,1,1,0,3,0,0.0,0,0,0,1,0,16
4519,Godwin Okpara,1998,21,Mediocampista,2,0,0,2,0,0.0,0,0,1,0,1,12
4933,Goikoetxea,1986,8,Defensor,4,4,0,1,1,0.25,2,0,3,0,1,7
4933,Goikoetxea,1994,7,Mediocampista,5,5,0,0,2,0.4,1,0,2,2,1,8
3613,Gojko Kacar,2010,4,Mediocampista,1,0,0,2,0,0.0,0,0,1,0,0,23
8122,Gokhan Inler,2010,8,Mediocampista,3,3,2,0,0,0.0,1,0,1,1,1,19
8122,Gokhan Inler,2014,8,Mediocampista,4,4,4,0,0,0.0,0,0,2,0,2,11
3279,Gomes,2010,12,Arquero,0,0,0,5,0,0.0,0,0,0,0,0,6
3279,Gomes,1986,9,Delantero,3,3,2,0,0,0.0,1,0,1,0,2,17
3242,Gonçalo Guedes,2018,17,Delantero,4,3,0,0,0,0.0,0,0,1,2,1,13
3302,Gonçalo Ramos,2022,26,Delantero,4,2,0,1,3,0.75,0,0,3,0,1,8
5887,Goncalves,1998,14,Defensor,2,1,0,5,0,0.0,0,0,1,0,1,2
672,Gonzalo Fierro,2010,19,Mediocampista,0,0,0,4,0,0.0,0,0,0,0,0,10
5282,Gonzalo Higuain,2010,9,Delantero,4,4,0,1,4,1.0,0,0,3,0,1,5
5282,Gonzalo Higuain,2014,9,Delantero,7,6,0,0,1,0.14,0,0,5,1,1,2
5282,Gonzalo Higuain,2018,9,Delantero,3,1,0,1,0,0.0,0,0,1,1,1,16
692,Gonzalo Jara,2010,18,Defensor,4,3,0,0,0,0.0,0,0,2,0,2,10
692,Gonzalo Jara,2014,18,Defensor,4,4,0,0,0,0.0,0,0,2,1,1,9
5324,Gonzalo Montiel,2022,4,Defensor,4,1,0,3,0,0.0,3,0,2,2,0,1
7825,Gonzalo Pineda,2006,14,Defensor,4,3,0,0,0,0.0,1,0,1,1,2,15
58,Gonzalo Plata,2022,19,Mediocampista,3,3,0,0,0,0.0,0,0,1,1,1,18
6004,Gonzalo Sorondo,2002,14,Defensor,3,3,0,0,0,0.0,0,0,0,2,1,26
4935,Gonzalvo Iii,1950,-,Mediocampista,5,5,0,1,0,0.0,0,0,3,1,1,4
3563,Goran Djorovic,1998,3,Defensor,4,4,0,0,0,0.0,1,0,2,1,1,10
3580,Goran Gavrancic,2006,6,Defensor,3,3,0,0,0,0.0,2,0,0,0,3,32
3400,Goran Hagberg,1974,17,Arquero,0,0,0,6,0,0.0,0,0,0,0,0,5
3400,Goran Hagberg,1978,12,Arquero,0,0,0,3,0,0.0,0,0,0,0,0,13
7322,Goran Juric,1998,5,Defensor,0,0,0,7,0,0.0,0,0,0,0,0,3
3467,Goran Nicklasson,1970,19,Mediocampista,2,1,0,1,0,0.0,0,0,1,0,1,9
3810,Goran Sankovic,2002,2,Defensor,0,0,0,3,0,0.0,0,0,0,0,0,30
7438,Goran Sorloth,1994,16,Delantero,1,1,0,2,0,0.0,1,0,0,1,0,17
1162,Goran Vlaovic,1998,19,Delantero,7,3,0,0,1,0.14,0,0,5,0,2,3
1162,Goran Vlaovic,2002,19,Delantero,0,0,0,3,0,0.0,0,0,0,0,0,23
3593,Gordan Irovic,1958,20,Arquero,0,0,0,4,0,0.0,0,0,0,0,0,8
6751,Gordan Vidovic,1998,4,Defensor,2,2,0,1,0,0.0,1,0,0,2,0,19
2748,Gordon Banks,1962,22,Arquero,0,0,0,4,0,0.0,0,0,0,0,0,8
2748,Gordon Banks,1966,1,Arquero,6,6,0,0,0,0.0,0,0,5,1,0,1
2748,Gordon Banks,1970,1,Arquero,3,3,0,1,0,0.0,0,0,2,0,1,8
2319,Gordon Durie,1990,13,Delantero,1,1,0,2,0,0.0,0,0,1,0,0,18
2319,Gordon Durie,1998,9,Delantero,3,3,0,0,0,0.0,1,0,0,1,2,27
2386,Gordon Mcqueen,1974,21,Defensor,0,0,0,3,0,0.0,0,0,0,0,0,9
2386,Gordon Mcqueen,1978,5,Defensor,0,0,0,3,0,0.0,0,0,0,0,0,11
1142,Gordon Schildenfeld,2014,13,Defensor,0,0,0,3,0,0.0,0,0,0,0,0,19
2408,Gordon Strachan,1982,7,Mediocampista,3,3,0,0,0,0.0,0,0,1,1,1,15
2408,Gordon Strachan,1986,7,Mediocampista,3,3,0,0,1,0.33,0,0,0,1,2,19
4937,Gorostiza,1934,-,Delantero,2,2,0,1,0,0.0,0,0,1,1,0,5
2937,Gosho Ginchev,1998,13,Defensor,2,2,0,1,0,0.0,0,0,0,0,2,29
3372,Gosta Dunker,1934,-,Delantero,2,2,0,0,1,0.5,0,0,1,0,1,8
3455,Gosta Lofgren,1958,18,Delantero,1,1,0,5,0,0.0,0,0,0,1,0,2
160,Gotoku Sakai,2014,3,Defensor,0,0,0,3,0,0.0,0,0,0,0,0,29
160,Gotoku Sakai,2018,21,Defensor,1,1,0,3,0,0.0,0,0,0,0,1,15
4939,Gracia,1962,10,Defensor,2,2,0,1,0,0.0,0,0,1,0,1,12
1321,Graeme Le Saux,1998,3,Defensor,4,4,0,0,0,0.0,0,0,2,1,1,9
6473,Graeme Rutjes,1990,13,Defensor,1,1,0,3,0,0.0,0,0,0,1,0,15
2405,Graeme Sharp,1986,18,Delantero,1,1,0,2,0,0.0,0,0,0,1,0,19
2406,Graeme Souness,1978,18,Mediocampista,1,1,0,2,0,0.0,0,0,1,0,0,11
2406,Graeme Souness,1982,4,Mediocampista,3,3,2,0,1,0.33,1,0,1,1,1,15
2406,Graeme Souness,1986,4,Mediocampista,2,2,2,1,0,0.0,0,0,0,0,2,19
1649,Grafite,2010,23,Delantero,1,0,0,4,0,0.0,0,0,0,1,0,6
2360,Graham Leggatt,1958,14,Delantero,2,2,0,1,0,0.0,0,0,0,1,1,14
1376,Graham Rix,1982,15,Mediocampista,5,5,0,0,0,0.0,0,0,3,2,0,6
2566,Graham Vearncombe,1958,13,Arquero,0,0,0,5,0,0.0,0,0,0,0,0,5
2908,Graham Zusi,2014,19,Mediocampista,4,3,0,0,0,0.0,0,0,1,1,2,15
8228,Granit Xhaka,2014,10,Mediocampista,4,4,0,0,1,0.25,1,0,2,0,2,11
8228,Granit Xhaka,2018,10,Mediocampista,4,4,0,0,1,0.25,1,0,1,2,1,14
8228,Granit Xhaka,2022,10,Mediocampista,4,4,4,0,0,0.0,1,0,2,0,2,12
1944,Gratian Sepi,1934,-,Delantero,1,1,0,0,0,0.0,0,0,0,0,1,12
2752,Gregg Berhalter,2002,3,Defensor,2,2,0,3,0,0.0,2,0,1,0,1,8
2752,Gregg Berhalter,2006,12,Defensor,0,0,0,3,0,0.0,0,0,0,0,0,25
930,Gregoire Mbida,1982,8,Mediocampista,3,3,0,0,1,0.33,0,0,0,3,0,17
8131,Gregor Kobel,2022,21,Arquero,1,1,0,3,0,0.0,0,0,1,0,0,12
8423,Gregorio Gomez,1950,-,Defensor,2,2,0,1,0,0.0,0,0,0,0,2,12
3880,Gregory Coupet,2002,23,Arquero,0,0,0,3,0,0.0,0,0,0,0,0,28
3880,Gregory Coupet,2006,23,Arquero,0,0,0,7,0,0.0,0,0,0,0,0,2
2472,Gregory Ion,1986,16,Mediocampista,0,0,0,3,0,0.0,0,0,0,0,0,24
6505,Gregory Van Der Wiel,2010,2,Defensor,5,5,0,2,0,0.0,3,0,4,0,1,2
3100,Grzegorz Krychowiak,2018,10,Mediocampista,3,3,0,0,1,0.33,1,0,1,0,2,25
3100,Grzegorz Krychowiak,2022,10,Mediocampista,4,4,0,0,0,0.0,1,0,1,1,2,15
3110,Grzegorz Lato,1974,16,Delantero,7,7,0,0,7,1.0,0,0,6,0,1,3
3110,Grzegorz Lato,1978,16,Delantero,6,6,0,0,2,0.33,0,0,3,1,2,5
3110,Grzegorz Lato,1982,16,Delantero,7,7,0,0,1,0.14,0,0,3,3,1,3
3147,Grzegorz Rasiak,2006,11,Delantero,1,0,0,2,0,0.0,0,0,1,0,0,21
7892,Guadalupe Velazquez,1950,-,Delantero,3,3,0,0,0,0.0,0,0,0,0,3,12
6940,Gue-sung Cho,2022,9,Delantero,4,3,0,0,2,0.5,1,0,1,1,2,16
6056,Guenter Bernard,1966,21,Arquero,0,0,0,6,0,0.0,0,0,0,0,0,2
6132,Guenter Hermann,1962,18,Delantero,0,0,0,4,0,0.0,0,0,0,0,0,7
6229,Guenter Netzer,1974,10,Mediocampista,1,0,0,6,0,0.0,0,0,0,0,1,1
6133,Guenther Hermann,1990,21,Mediocampista,0,0,0,7,0,0.0,0,0,0,0,0,1
4305,Guido Alvarenga,2002,8,Mediocampista,2,2,0,2,0,0.0,0,0,1,1,0,16
6071,Guido Buchwald,1990,6,Defensor,7,7,0,0,0,0.0,0,0,5,2,0,1
6071,Guido Buchwald,1994,6,Defensor,3,3,0,2,0,0.0,0,0,2,0,1,5
5650,Guido Gratton,1954,20,Mediocampista,0,0,0,3,0,0.0,0,0,0,0,0,10
5684,Guido Masetti,1934,-,Arquero,0,0,0,5,0,0.0,0,0,0,0,0,1
5684,Guido Masetti,1938,-,Arquero,0,0,0,4,0,0.0,0,0,0,0,0,1
5379,Guido Rodriguez,2022,18,Mediocampista,1,1,0,6,0,0.0,0,0,1,0,0,1
5789,Guido Vincenzi,1954,2,Defensor,1,1,0,2,0,0.0,0,0,0,0,1,10
3847,Guillaume Bieganski,1954,8,Defensor,0,0,0,2,0,0.0,0,0,0,0,0,9
4859,Guillermo Amor,1998,18,Mediocampista,3,2,0,0,0,0.0,1,0,1,1,1,17
7648,Guillermo Arellano,1930,-,Delantero,1,1,0,2,0,0.0,0,0,0,0,1,5
823,Guillermo Castro,1970,18,Defensor,1,1,0,2,0,0.0,0,0,0,0,1,16
658,Guillermo Diaz,1950,-,Delantero,2,2,0,1,0,0.0,0,0,0,0,2,9
5864,Guillermo Escalada,1962,23,Delantero,0,0,0,3,0,0.0,0,0,0,0,0,13
7722,Guillermo Franco,2006,10,Delantero,3,2,0,1,0,0.0,0,0,1,1,1,15
7722,Guillermo Franco,2010,9,Delantero,4,3,0,0,0,0.0,1,0,1,1,2,14
7754,Guillermo Hernandez,1966,15,Mediocampista,3,3,0,0,0,0.0,0,0,0,2,1,12
7754,Guillermo Hernandez,1970,6,Defensor,1,1,0,3,0,0.0,0,0,0,1,0,6
2175,Guillermo La Rosa,1978,19,Delantero,5,5,0,1,0,0.0,0,0,2,1,2,8
2175,Guillermo La Rosa,1982,19,Delantero,3,1,0,0,1,0.33,0,0,0,2,1,20
7785,Guillermo Mendizabal,1978,6,Mediocampista,3,2,0,0,0,0.0,0,0,0,0,3,16
7806,Guillermo Ochoa,2006,13,Arquero,0,0,0,4,0,0.0,0,0,0,0,0,15
7806,Guillermo Ochoa,2010,13,Arquero,0,0,0,4,0,0.0,0,0,0,0,0,14
7806,Guillermo Ochoa,2014,13,Arquero,4,4,0,0,0,0.0,0,0,2,1,1,10
7806,Guillermo Ochoa,2018,13,Arquero,4,4,0,0,0,0.0,0,0,2,0,2,12
7806,Guillermo Ochoa,2022,13,Arquero,3,3,2,0,0,0.0,0,0,1,1,1,22
7812,Guillermo Ortiz,1962,10,Delantero,0,0,0,3,0,0.0,0,0,0,0,0,11
724,Guillermo Paez,1974,16,Mediocampista,3,3,0,0,0,0.0,1,0,0,2,1,11
847,Guillermo Ragazzone,1982,17,Delantero,0,0,0,3,0,0.0,0,0,0,0,0,24
743,Guillermo Riveros,1930,-,Defensor,1,1,0,2,0,0.0,0,0,1,0,0,5
754,Guillermo Saavedra,1930,-,Mediocampista,3,3,0,0,0,0.0,0,0,2,0,1,5
7869,Guillermo Sepulveda,1958,15,Defensor,1,1,0,2,0,0.0,0,0,0,0,1,16
7869,Guillermo Sepulveda,1962,3,Defensor,3,3,0,0,0,0.0,0,0,1,0,2,11
5415,Guillermo Stabile,1930,-,Delantero,4,4,0,1,8,2.0,0,0,3,0,1,2
766,Guillermo Subiabre,1930,-,Delantero,3,3,1,0,2,0.67,0,0,2,0,1,5
6025,Guillermo Varela,2018,4,Defensor,2,2,0,3,0,0.0,0,0,2,0,0,5
6025,Guillermo Varela,2022,13,Defensor,3,2,0,0,0,0.0,0,0,1,1,1,20
792,Guillermo Yavar,1966,22,Delantero,1,1,0,2,0,0.0,0,0,0,0,1,13
792,Guillermo Yavar,1974,17,Mediocampista,2,0,0,1,0,0.0,0,0,0,2,0,11
4713,Gumercindo Gomez,1930,-,Delantero,1,1,0,1,0,0.0,0,0,0,0,1,12
5476,Gunar Nedim,1954,16,Defensor,0,0,0,3,0,0.0,0,0,0,0,0,11
7389,Gunnar Andreassen,1938,-,Mediocampista,0,0,0,1,0,0.0,0,0,0,0,0,12
3394,Gunnar Gren,1958,8,Mediocampista,5,5,0,1,1,0.2,0,0,4,0,1,2
7407,Gunnar Halle,1994,2,Defensor,2,1,0,1,0,0.0,0,0,1,1,0,17
7407,Gunnar Halle,1998,2,Defensor,1,0,0,3,0,0.0,0,0,0,1,0,15
3416,Gunnar Jansson,1934,-,Delantero,0,0,0,2,0,0.0,0,0,0,0,0,8
3421,Gunnar Johansson Ii,1950,-,Defensor,2,2,0,3,0,0.0,0,0,1,0,1,3
3485,Gunnar Olsson,1934,-,Delantero,0,0,0,2,0,0.0,0,0,0,0,0,8
4574,Gunter Happich,1978,13,Mediocampista,1,0,0,5,0,0.0,0,0,0,0,1,7
6268,Gunter Sawitzki,1958,21,Arquero,0,0,0,6,0,0.0,0,0,0,0,0,4
6268,Gunter Sawitzki,1962,21,Arquero,0,0,0,4,0,0.0,0,0,0,0,0,7
534,Gustav Mraz,1958,2,Defensor,4,4,0,0,0,0.0,0,0,1,1,2,9
3510,Gustav Sjoberg,1938,-,Arquero,0,0,0,3,0,0.0,0,0,0,0,0,4
3517,Gustav Svensson,2018,13,Mediocampista,3,1,0,2,0,0.0,0,0,3,0,0,7
3532,Gustav Wetterstrom,1938,-,Delantero,2,2,0,1,3,1.5,0,0,1,0,1,4
3946,Gustave Jordan,1938,-,Mediocampista,2,2,0,0,0,0.0,0,0,1,0,1,8
5857,Gustavo De Simone,1974,13,Defensor,0,0,0,3,0,0.0,0,0,0,0,0,13
5237,Gustavo Dezotti,1990,9,Delantero,3,1,0,4,0,0.0,1,1,0,2,1,2
7715,Gustavo Fernandez,1974,22,Arquero,0,0,0,3,0,0.0,0,0,0,0,0,13
5300,Gustavo Lopez,2002,17,Delantero,0,0,0,3,0,0.0,0,0,0,0,0,18
5924,Gustavo Mendez,2002,2,Defensor,1,1,0,2,0,0.0,1,0,0,0,1,26
4396,Gustavo Morinigo,2002,16,Mediocampista,1,0,0,3,0,0.0,0,0,0,1,0,16
709,Gustavo Moscoso,1982,11,Delantero,3,3,0,0,1,0.33,0,0,0,0,3,22
5937,Gustavo Munua,2002,12,Arquero,0,0,0,3,0,0.0,0,0,0,0,0,26
7819,Gustavo Pena,1966,3,Defensor,3,3,3,0,0,0.0,0,0,0,2,1,12
7819,Gustavo Pena,1970,3,Defensor,4,4,4,0,1,0.25,2,0,2,1,1,6
4729,Gustavo Quinteros,1994,5,Defensor,2,2,0,1,0,0.0,1,0,0,1,1,21
6025,Gustavo Varela,2002,8,Mediocampista,3,3,0,0,0,0.0,0,0,0,2,1,26
7610,Gusztav Szepesi,1966,17,Defensor,3,3,0,1,0,0.0,0,0,2,0,1,6
6768,Guy Demel,2006,20,Mediocampista,0,0,0,3,0,0.0,0,0,0,0,0,19
6768,Guy Demel,2010,20,Defensor,2,2,0,1,0,0.0,1,0,0,1,1,17
2443,Guy Francois,1974,10,Mediocampista,2,2,0,1,0,0.0,0,0,0,0,2,15
946,Guy Ndy,2010,22,Arquero,0,0,0,3,0,0.0,0,0,0,0,0,31
2452,Guy Saint-Vil,1974,11,Delantero,2,2,0,1,0,0.0,0,0,0,0,2,15
6735,Guy Vandersmissen,1982,20,Delantero,4,4,0,1,0,0.0,0,0,2,1,1,10
7142,Gylfi Sigurdsson,2018,10,Mediocampista,3,3,0,0,1,0.33,0,0,0,1,2,28
7502,Gyorgy Bognar,1986,19,Delantero,3,2,0,0,0,0.0,0,0,1,0,2,18
7596,Gyorgy Sarosi,1934,-,Delantero,1,1,0,1,1,1.0,0,0,0,0,1,6
7596,Gyorgy Sarosi,1938,-,Delantero,4,4,4,0,5,1.25,0,0,3,0,1,2
7613,Gyorgy Szucs,1934,-,Mediocampista,2,2,0,0,0,0.0,0,0,1,0,1,6
7613,Gyorgy Szucs,1938,-,Mediocampista,1,1,0,3,0,0.0,0,0,0,0,1,2
7506,Gyozo Burcsa,1986,17,Mediocampista,2,1,0,1,0,0.0,0,0,1,0,1,18
7566,Gyozo Martos,1978,12,Defensor,3,2,0,0,0,0.0,1,0,0,0,3,15
7566,Gyozo Martos,1982,2,Defensor,3,3,0,0,0,0.0,0,0,1,1,1,14
7525,Gyula Futo,1934,-,Defensor,1,1,0,1,0,0.0,0,0,1,0,0,6
7531,Gyula Grosics,1954,1,Arquero,5,5,0,0,0,0.0,0,0,4,0,1,2
7531,Gyula Grosics,1958,1,Arquero,3,3,0,1,0,0.0,0,0,0,1,2,10
7531,Gyula Grosics,1962,1,Arquero,3,3,3,1,0,0.0,0,0,1,1,1,5
7535,Gyula Hajszan,1986,21,Delantero,0,0,0,3,0,0.0,0,0,0,0,0,18
7562,Gyula Lazar,1934,-,Mediocampista,1,1,0,1,0,0.0,0,0,1,0,0,6
7562,Gyula Lazar,1938,-,Mediocampista,4,4,0,0,0,0.0,0,0,3,0,1,2
7563,Gyula Lorant,1954,3,Mediocampista,5,5,0,0,0,0.0,0,0,4,0,1,2
7585,Gyula Polgar,1934,-,Mediocampista,0,0,0,2,0,0.0,0,0,0,0,0,6
7585,Gyula Polgar,1938,-,Defensor,1,1,0,3,0,0.0,0,0,0,0,1,2
7591,Gyula Rakosi,1962,17,Delantero,3,3,0,1,0,0.0,0,0,1,1,1,5
7591,Gyula Rakosi,1966,11,Delantero,4,4,0,0,0,0.0,0,0,2,0,2,6
7634,Gyula Zsengeller,1938,-,Delantero,4,4,0,0,5,1.25,0,0,3,0,1,2
8341,Hababi El Arbi,1994,15,Mediocampista,3,3,0,0,0,0.0,1,0,0,0,3,23
6834,Habib Bellaid,2010,12,Defensor,0,0,0,3,0,0.0,0,0,0,0,0,28
1012,Habib Beye,2002,21,Defensor,3,0,0,2,0,0.0,1,0,1,2,0,7
1487,Habib Mohamed,2006,13,Defensor,2,2,0,2,0,0.0,1,0,2,0,0,13
8333,Hadi Dahane,1970,15,Mediocampista,0,0,0,3,0,0.0,0,0,0,0,0,14
6955,Hae Won Chung,1990,8,Mediocampista,2,1,0,1,0,0.0,1,0,0,0,2,22
2097,Hafez Kasseb,1934,-,Mediocampista,0,0,0,1,0,0.0,0,0,0,0,0,13
5495,Haidong Hao,2002,10,Delantero,3,3,0,0,0,0.0,0,0,0,0,3,31
4819,Haitham Asiri,2022,25,Delantero,1,0,0,2,0,0.0,0,0,1,0,0,25
3464,Hakan Mild,1994,18,Mediocampista,5,3,0,2,1,0.2,1,0,2,2,1,3
5488,Hakan Sukur,2002,9,Delantero,7,7,7,0,1,0.14,1,0,4,1,2,3
5490,Hakan Unsal,2002,20,Defensor,4,3,0,3,0,0.0,0,1,3,0,1,3
8229,Hakan Yakin,2006,22,Mediocampista,3,2,0,1,0,0.0,1,0,2,1,0,10
8229,Hakan Yakin,2010,15,Mediocampista,2,0,0,1,0,0.0,1,0,1,1,0,19
8410,Hakim Ziyech,2018,7,Mediocampista,3,3,0,0,0,0.0,0,0,0,1,2,27
8410,Hakim Ziyech,2022,7,Mediocampista,7,7,1,0,1,0.14,0,0,3,2,2,4
4774,Hamad Al Montashari,2006,4,Defensor,3,3,0,0,0,0.0,0,0,0,1,2,28
7215,Hamdi Kasraoui,2006,22,Arquero,0,0,0,3,0,0.0,0,0,0,0,0,24
7228,Hamdi Marzouki,2002,14,Defensor,0,0,0,3,0,0.0,0,0,0,0,0,29
7240,Hamdi Nagguez,2018,21,Defensor,2,1,0,1,0,0.0,0,0,1,0,1,24
7242,Hamed Namouchi,2006,20,Mediocampista,3,3,0,0,0,0.0,0,0,0,1,2,24
4103,Hamid Estili,1998,9,Mediocampista,3,3,0,0,1,0.33,0,0,1,0,2,20
4179,Hamid Majid Taymouri,1978,13,Delantero,0,0,0,3,0,0.0,0,0,0,0,0,14
2713,Hamilton Ricard,1998,20,Delantero,1,0,0,2,0,0.0,0,0,0,0,1,21
1472,Haminu Draman,2006,23,Mediocampista,2,2,0,2,1,0.5,0,0,1,0,1,13
1174,Hammoudi Raad,1986,1,Arquero,2,2,2,1,0,0.0,1,0,0,0,2,23
7909,Hamud Al Shemmari,1982,17,Defensor,2,0,0,1,0,0.0,0,0,0,0,2,21
4824,Hamza Falatah,1994,20,Delantero,3,2,0,1,0,0.0,1,0,1,0,2,12
8384,Hamza Mendyl,2018,3,Defensor,0,0,0,3,0,0.0,0,0,0,0,0,27
4839,Hamza Saleh,1994,19,Mediocampista,3,2,0,1,0,0.0,0,0,1,0,2,12
4839,Hamza Saleh,1998,20,Mediocampista,3,2,0,0,0,0.0,0,0,0,1,2,28
7135,Hannes Halldorsson,2018,1,Arquero,3,3,0,0,0,0.0,0,0,0,1,2,28
4632,Hannes Reinmayr,1998,14,Delantero,1,1,0,2,0,0.0,1,0,0,0,1,23
7230,Hannibal Mejbri,2022,8,Mediocampista,1,0,0,2,0,0.0,0,0,0,1,0,21
862,Hans Agbo,1994,15,Defensor,3,3,0,0,0,0.0,0,0,0,1,2,22
4555,Hans Buzek,1958,9,Delantero,3,3,0,0,0,0.0,0,0,0,1,2,15
6076,Hans Ciesclarczyk,1958,14,Delantero,2,2,0,4,1,0.5,0,0,0,0,2,4
4560,Hans Dihanich,1982,15,Mediocampista,0,0,0,5,0,0.0,0,0,0,0,0,8
6279,Hans-Georg Schwarzenbeck,1974,4,Defensor,7,7,0,0,0,0.0,0,0,6,0,1,1
6279,Hans-Georg Schwarzenbeck,1978,12,Defensor,0,0,0,6,0,0.0,0,0,0,0,0,6
6407,Hans Gillhaus,1990,17,Delantero,3,2,0,1,0,0.0,0,0,0,2,1,15
6154,Hans Jakob,1934,-,Arquero,1,1,0,3,0,0.0,0,0,1,0,0,3
6154,Hans Jakob,1938,-,Arquero,0,0,0,2,0,0.0,0,0,0,0,0,10
3419,Hans Jeppsson,1950,-,Delantero,4,4,0,1,2,0.5,0,0,1,1,2,3
6074,Hans-Joerg Butt,2002,23,Arquero,0,0,0,7,0,0.0,0,0,0,0,0,2
6074,Hans-Joerg Butt,2010,22,Arquero,1,1,0,6,0,0.0,0,0,1,0,0,3
2514,Hans-Juergen Kreische,1974,10,Mediocampista,3,1,0,3,0,0.0,1,0,1,1,1,6
4603,Hans Krankl,1978,9,Delantero,6,6,0,0,4,0.67,0,0,3,0,3,7
4603,Hans Krankl,1982,9,Delantero,4,4,0,1,1,0.25,0,0,2,0,2,8
6218,Hans Mock,1938,-,Mediocampista,1,1,1,1,0,0.0,0,0,0,1,0,10
6235,Hans Nowak,1962,12,Defensor,4,4,0,0,0,0.0,0,0,2,1,1,7
6243,Hans Pesser,1938,-,Delantero,1,1,0,1,0,0.0,0,0,0,1,0,10
6068,Hans-Peter Briegel,1982,2,Defensor,7,7,0,0,0,0.0,1,0,3,2,2,2
6068,Hans-Peter Briegel,1986,2,Defensor,6,6,0,1,0,0.0,1,0,3,2,1,2
8097,Hans-Peter Friedlaender,1950,-,Delantero,2,2,0,1,0,0.0,0,0,1,1,0,6
6246,Hans Pfluegler,1990,19,Defensor,1,1,0,6,0,0.0,0,0,0,1,0,1
4624,Hans Pirkner,1978,19,Delantero,2,0,0,4,0,0.0,0,0,1,0,1,7
8101,Hans-Ruedi Fuhrer,1966,7,Defensor,3,3,0,0,0,0.0,0,0,0,0,3,16
1503,Hans Sarpei,2006,2,Defensor,0,0,0,4,0,0.0,0,0,0,0,0,13
1503,Hans Sarpei,2010,2,Defensor,5,5,0,0,0,0.0,1,0,2,2,1,7
7365,Hans Schaefer,1954,20,Delantero,5,5,0,1,4,0.8,0,0,5,0,0,1
7365,Hans Schaefer,1958,11,Delantero,6,6,6,0,3,0.5,0,0,2,2,2,4
7365,Hans Schaefer,1962,11,Delantero,4,4,4,0,0,0.0,0,0,2,1,1,7
6278,Hans Schwartz,1934,-,Defensor,1,1,0,3,0,0.0,0,0,1,0,0,3
3505,Hans Selander,1970,2,Defensor,2,2,0,1,0,0.0,0,0,1,1,0,9
8191,Hans Siegenthaler,1950,-,Delantero,0,0,0,3,0,0.0,0,0,0,0,0,6
6294,Hans Sturm,1958,16,Delantero,1,1,0,5,0,0.0,0,0,0,0,1,4
6294,Hans Sturm,1962,16,Mediocampista,1,1,0,3,0,0.0,0,0,0,1,0,7
4682,Hans Taihuttu,1938,-,Delantero,1,1,0,0,0,0.0,0,0,0,0,1,15
6302,Hans Tilkowski,1962,1,Arquero,0,0,0,4,0,0.0,0,0,0,0,0,7
6302,Hans Tilkowski,1966,1,Arquero,6,6,0,0,0,0.0,0,0,4,1,1,2
4658,Hans Urbanek,1934,-,Mediocampista,4,4,0,0,0,0.0,0,0,2,0,2,4
6497,Hans Van Breukelen,1990,1,Arquero,4,4,0,0,0,0.0,0,0,0,3,1,15
6728,Hans Vanaken,2022,20,Mediocampista,0,0,0,3,0,0.0,0,0,0,0,0,23
8290,Hans Vonk,1998,1,Arquero,3,3,0,0,0,0.0,0,0,0,2,1,24
8290,Hans Vonk,2002,1,Arquero,0,0,0,3,0,0.0,0,0,0,0,0,17
8220,Hans Weber,1962,13,Mediocampista,3,3,0,0,0,0.0,0,0,0,0,3,16
6224,Hansi Mueller,1978,20,Mediocampista,4,3,0,2,1,0.25,1,0,1,2,1,6
6224,Hansi Mueller,1982,10,Mediocampista,2,1,0,5,0,0.0,0,0,0,1,1,2
2094,Hany Kamel,1934,-,Delantero,0,0,0,1,0,0.0,0,0,0,0,0,13
4556,Harald Cerny,1998,13,Mediocampista,2,2,0,1,0,0.0,0,0,0,2,0,23
2512,Harald Irmscher,1974,16,Mediocampista,4,3,0,2,0,0.0,0,0,2,1,1,6
6182,Harald Konopka,1978,13,Defensor,1,0,0,5,0,0.0,0,0,0,1,0,6
6276,Harald Schumacher,1982,1,Arquero,7,7,0,0,0,0.0,0,0,3,2,2,2
6276,Harald Schumacher,1986,1,Arquero,7,7,3,0,0,0.0,0,0,3,2,2,2
8022,Haris Medunjanin,2014,18,Mediocampista,2,1,0,1,0,0.0,1,0,0,0,2,20
8187,Haris Seferovic,2014,9,Delantero,4,1,0,0,1,0.25,0,0,2,0,2,11
8187,Haris Seferovic,2018,9,Delantero,3,2,0,1,0,0.0,0,0,1,1,1,14
8187,Haris Seferovic,2022,9,Delantero,3,0,0,1,0,0.0,0,0,1,0,2,12
8418,Harold Cummings,2018,3,Defensor,1,0,0,2,0,0.0,0,0,0,0,1,32
2058,Harold Wallace,2002,15,Defensor,3,3,0,0,0,0.0,0,0,1,1,1,19
2058,Harold Wallace,2006,15,Defensor,2,1,0,1,0,0.0,0,0,0,0,2,31
1449,Harrison Afful,2014,23,Defensor,2,2,0,1,0,0.0,1,0,0,1,1,25
3342,Harry Andersson,1938,-,Delantero,3,3,0,0,1,0.33,0,0,1,0,2,4
2245,Harry Gregg,1958,1,Arquero,4,4,0,1,0,0.0,0,0,1,1,2,7
2336,Harry Haddock,1958,6,Defensor,0,0,0,3,0,0.0,0,0,0,0,0,14
1297,Harry Hooper,1954,22,Delantero,0,0,0,3,0,0.0,0,0,0,0,0,7
1312,Harry Kane,2018,9,Delantero,6,6,6,1,6,1.0,0,0,3,1,2,4
1312,Harry Kane,2022,9,Delantero,5,5,5,0,2,0.4,0,0,3,1,1,6
2827,Harry Keough,1950,-,Defensor,3,3,1,0,0,0.0,0,0,1,0,2,10
7327,Harry Kewell,2006,10,Delantero,3,2,0,1,1,0.33,0,0,1,1,1,16
7327,Harry Kewell,2010,10,Delantero,1,1,0,2,0,0.0,0,1,0,1,0,21
6442,Harry Lubse,1978,21,Delantero,0,0,0,7,0,0.0,0,0,0,0,0,2
1330,Harry Maguire,2018,6,Defensor,7,6,0,0,1,0.14,2,0,3,1,3,4
1330,Harry Maguire,2022,6,Defensor,5,5,0,0,0,0.0,1,0,3,1,1,6
3469,Harry Nilsson,1938,-,Defensor,0,0,0,3,0,0.0,0,0,0,0,0,4
7368,Harry Souttar,2022,19,Defensor,4,4,0,0,0,0.0,0,0,2,0,2,11
6530,Harry Vos,1974,22,Defensor,0,0,0,7,0,0.0,0,0,0,0,0,2
7384,Harry Williams,1974,15,Defensor,1,0,0,2,0,0.0,0,0,0,1,0,14
2573,Harry Wilson,2022,8,Mediocampista,3,2,0,0,0,0.0,0,0,0,1,2,30
5485,Hasan Sas,2002,11,Delantero,6,6,0,1,2,0.33,2,0,3,1,2,3
4088,Hashem Beikzadeh,2014,19,Defensor,0,0,0,3,0,0.0,0,0,0,0,0,28
1175,Hashem Natik,1986,15,Defensor,3,3,0,0,0,0.0,1,0,0,0,3,23
7947,Hassan Abdulqader,1990,22,Arquero,0,0,0,3,0,0.0,0,0,0,0,0,24
2070,Hassan Al Far,1934,-,Mediocampista,1,1,0,0,0,0.0,0,0,0,0,1,13
6334,Hassan Al-Haydos,2022,10,Mediocampista,3,3,3,0,0,0.0,0,0,0,0,3,32
7193,Hassan Gabsi,2002,8,Mediocampista,2,2,0,1,0,0.0,2,0,0,1,1,29
8373,Hassan Kachloul,1994,20,Mediocampista,0,0,0,3,0,0.0,0,0,0,0,0,23
7953,Hassan Mohamed,1990,13,Mediocampista,1,0,0,2,0,0.0,0,0,0,0,1,24
8386,Hassan Nader,1994,16,Delantero,1,1,0,2,1,1.0,1,0,0,0,1,23
4150,Hassan Naibagha,1978,6,Mediocampista,2,1,0,1,0,0.0,0,0,0,1,1,14
4153,Hassan Nazari,1978,14,Defensor,3,3,0,0,0,0.0,1,0,0,1,2,14
2108,Hassan Ragab,1934,-,Mediocampista,1,1,0,0,0,0.0,0,0,0,0,1,13
4168,Hassan Roudbarian,2006,12,Arquero,0,0,0,3,0,0.0,0,0,0,0,0,26
4169,Hassan Rowshan,1978,10,Delantero,3,1,0,0,1,0.33,0,0,0,1,2,14
4841,Hassan Tambakti,2022,17,Defensor,2,2,0,1,0,0.0,1,0,1,0,1,25
6898,Hassan Yebda,2010,19,Mediocampista,3,3,0,0,0,0.0,2,0,0,1,2,28
6898,Hassan Yebda,2014,7,Mediocampista,1,0,0,3,0,0.0,0,0,0,1,0,14
3364,Hasse Borg,1978,2,Defensor,3,3,0,0,0,0.0,1,0,0,1,2,13
7154,Hassen Bejaoui,2002,16,Arquero,0,0,0,3,0,0.0,0,0,0,0,0,29
7257,Hatem Trabelsi,1998,5,Defensor,1,1,0,2,0,0.0,0,0,0,0,1,26
7257,Hatem Trabelsi,2002,6,Defensor,3,3,0,0,0,0.0,1,0,0,1,2,29
7257,Hatem Trabelsi,2006,6,Defensor,3,3,0,0,0,0.0,1,0,0,1,2,24
4823,Hattan Bahebri,2018,9,Mediocampista,3,2,0,0,0,0.0,0,0,1,0,2,26
4823,Hattan Bahebri,2022,19,Delantero,2,0,0,1,0,0.0,1,0,0,0,2,25
7401,Havard Flo,1998,17,Delantero,4,4,0,0,1,0.25,1,0,1,2,1,15
7198,Haykel Guemamdia,2006,7,Delantero,1,0,0,2,0,0.0,1,0,0,0,1,24
5174,Hector Baley,1978,3,Arquero,0,0,0,7,0,0.0,0,0,0,0,0,1
5174,Hector Baley,1982,2,Arquero,0,0,0,5,0,0.0,0,0,0,0,0,11
5838,Hector Castro,1930,-,Delantero,2,2,0,2,2,1.0,0,0,2,0,0,1
3867,Hector Cazenave,1938,-,Defensor,2,2,0,0,0,0.0,0,0,1,0,1,8
2142,Hector Chumpitaz,1970,4,Defensor,4,4,4,0,1,0.25,0,0,2,0,2,7
2142,Hector Chumpitaz,1978,4,Defensor,6,6,6,0,0,0.0,0,0,2,1,3,8
3886,Hector De Bourgoing,1966,10,Delantero,1,1,0,2,1,1.0,0,0,0,0,1,13
2661,Hector Echeverri,1962,8,Defensor,3,3,0,0,0,0.0,0,0,0,1,2,14
5244,Hector Enrique,1986,12,Mediocampista,5,3,0,2,0,0.0,1,0,4,1,0,1
5248,Hector Facundo,1962,7,Delantero,2,2,0,1,1,0.5,0,0,1,1,0,10
5258,Hector Freschi,1934,-,Arquero,1,1,0,0,0,0.0,0,0,0,0,1,9
2672,Hector Gonzales,1962,21,Delantero,2,2,0,1,0,0.0,0,0,0,1,1,14
7752,Hector Hernandez,1962,9,Delantero,3,3,0,0,1,0.33,0,0,1,0,2,11
7755,Héctor Herrera,2014,6,Mediocampista,4,4,0,0,0,0.0,0,0,2,1,1,10
7755,Héctor Herrera,2018,16,Defensor,4,4,0,0,0,0.0,2,0,2,0,2,12
7755,Héctor Herrera,2022,16,Mediocampista,2,2,0,1,0,0.0,1,0,0,1,1,22
2017,Hector Marchena,1990,19,Mediocampista,4,4,0,0,0,0.0,2,0,2,0,2,13
7793,Hector Moreno,2010,15,Defensor,2,2,0,2,0,0.0,1,0,1,0,1,14
7793,Hector Moreno,2014,15,Defensor,4,4,0,0,0,0.0,1,0,2,1,1,10
7793,Hector Moreno,2018,15,Defensor,3,3,0,1,0,0.0,2,0,2,0,1,12
7793,Hector Moreno,2022,15,Defensor,3,3,0,0,0,0.0,1,0,1,1,1,22
7812,Hector Ortiz,1950,-,Mediocampista,3,3,0,0,1,0.33,0,0,0,0,3,12
7830,Hector Pulido,1970,15,Mediocampista,3,3,0,1,0,0.0,0,0,1,1,1,6
4736,Hector Saavedra,1950,-,Mediocampista,0,0,0,1,0,0.0,0,0,0,0,0,13
5987,Hector Salva,1966,17,Delantero,1,1,0,3,0,0.0,0,0,0,0,1,7
5992,Hector Santos,1970,12,Arquero,0,0,0,6,0,0.0,0,0,0,0,0,4
5992,Hector Santos,1974,12,Arquero,0,0,0,3,0,0.0,0,0,0,0,0,13
5995,Hector Scarone,1930,-,Delantero,3,3,0,1,1,0.33,0,0,3,0,0,1
6000,Hector Silva,1962,21,Delantero,0,0,0,3,0,0.0,0,0,0,0,0,13
6000,Hector Silva,1966,19,Mediocampista,2,2,0,2,0,0.0,1,1,0,1,1,7
2431,Hector Socorro,1938,-,Delantero,3,3,0,0,3,1.0,0,0,1,1,1,7
6031,Hector Vilches,1950,-,Defensor,0,0,0,4,0,0.0,0,0,0,0,0,1
5441,Hector Yazalde,1974,22,Delantero,3,3,0,3,2,0.67,0,0,1,1,1,8
5444,Hector Zelada,1986,22,Arquero,0,0,0,7,0,0.0,0,0,0,0,0,1
245,Hector Zelaya,1982,15,Mediocampista,3,3,0,0,1,0.33,0,0,0,2,1,18
6443,Hedwiges Maduro,2006,16,Mediocampista,1,0,0,3,0,0.0,0,0,0,1,0,11
6979,Hee-chan Hwang,2018,11,Delantero,3,2,0,0,0,0.0,1,0,1,0,2,19
6979,Hee-chan Hwang,2022,11,Mediocampista,2,1,0,2,1,0.5,1,0,1,0,1,16
4622,Heimo Pfeifenberger,1990,17,Delantero,0,0,0,3,0,0.0,0,0,0,0,0,18
4622,Heimo Pfeifenberger,1998,8,Mediocampista,3,3,0,0,0,0.0,0,0,0,2,1,23
4652,Heinrich Strasser,1978,14,Defensor,2,2,0,4,0,0.0,0,0,1,0,1,7
8044,Heinz Baeni,1966,4,Mediocampista,3,3,0,0,0,0.0,0,0,0,0,3,16
8053,Heinz Bigler,1954,8,Mediocampista,1,1,0,3,0,0.0,0,0,0,0,1,5
6094,Heinz Flohe,1974,15,Mediocampista,3,1,0,4,0,0.0,0,0,2,0,1,1
6094,Heinz Flohe,1978,10,Mediocampista,4,4,0,2,2,0.5,0,0,1,3,0,6
6147,Heinz Hornig,1966,13,Delantero,0,0,0,6,0,0.0,0,0,0,0,0,2
6190,Heinz Kubsch,1954,21,Arquero,0,0,0,6,0,0.0,0,0,0,0,0,1
6194,Heinz Kwiatkowski,1954,22,Arquero,1,1,0,5,0,0.0,0,0,0,0,1,1
6194,Heinz Kwiatkowski,1958,22,Arquero,1,1,0,5,0,0.0,0,0,0,0,1,4
8184,Heinz Schneiter,1962,7,Defensor,3,3,0,0,1,0.33,0,0,0,0,3,16
8184,Heinz Schneiter,1966,18,Defensor,1,1,1,2,0,0.0,0,0,0,0,1,16
6290,Heinz Strehl,1962,19,Delantero,0,0,0,4,0,0.0,0,0,0,0,0,7
6308,Heinz Vollmar,1962,20,Delantero,0,0,0,4,0,0.0,0,0,0,0,0,7
6317,Heinz Wewers,1958,5,Defensor,1,1,0,5,0,0.0,0,0,0,0,1,4
3298,Helder Postiga,2006,23,Delantero,3,1,0,4,0,0.0,0,0,1,1,1,4
3298,Helder Postiga,2014,23,Delantero,1,1,0,2,0,0.0,0,0,0,1,0,18
8262,Helman Mkhalele,1998,11,Mediocampista,3,2,0,0,0,0.0,0,0,0,2,1,24
6119,Helmut Haller,1962,8,Mediocampista,3,3,0,1,0,0.0,0,0,1,1,1,7
6119,Helmut Haller,1966,8,Mediocampista,5,5,0,1,6,1.2,0,0,3,1,1,2
6119,Helmut Haller,1970,8,Mediocampista,1,1,0,5,0,0.0,0,0,1,0,0,3
6187,Helmut Kremers,1974,20,Defensor,0,0,0,7,0,0.0,0,0,0,0,0,1
6252,Helmut Rahn,1954,12,Delantero,4,4,0,2,4,1.0,0,0,3,0,1,1
6252,Helmut Rahn,1958,8,Delantero,6,6,0,0,6,1.0,0,0,2,2,2,4
4645,Helmut Senekowitsch,1958,11,Delantero,3,3,0,0,0,0.0,0,0,0,1,2,15
6463,Hendrikus Plenter,1938,-,Defensor,0,0,0,1,0,0.0,0,0,0,0,0,14
238,Hendry Thomas,2010,6,Mediocampista,2,1,0,1,0,0.0,1,0,0,1,1,30
6403,Henk Fraeser,1990,18,Defensor,1,0,0,3,0,0.0,0,0,0,1,0,15
6461,Henk Pellikaan,1934,-,Mediocampista,1,1,0,0,0,0.0,0,0,0,0,1,9
4680,Henk Sommers,1938,-,Delantero,1,1,0,0,0,0.0,0,0,0,0,1,15
6490,Henk Timmer,2006,22,Arquero,0,0,0,4,0,0.0,0,0,0,0,0,11
6520,Henk Van Spaandonck,1938,-,Delantero,0,0,0,1,0,0.0,0,0,0,0,0,14
6203,Hennes Loehr,1970,17,Delantero,6,4,0,0,0,0.0,1,0,5,0,1,3
7392,Henning Berg,1994,20,Defensor,3,3,0,0,0,0.0,0,0,1,1,1,17
7392,Henning Berg,1998,4,Defensor,4,4,0,0,0,0.0,1,0,1,2,1,15
3329,Henock Abrahamsson,1938,-,Arquero,3,3,0,0,0,0.0,0,0,1,0,2,4
871,Henri Bedimo,2014,12,Defensor,1,1,0,2,0,0.0,0,0,0,0,1,32
1014,Henri Camara,2002,7,Delantero,4,3,0,1,2,0.5,1,0,1,2,1,7
6590,Henri De Deken,1930,-,Defensor,1,1,0,1,0,0.0,0,0,0,0,1,11
6611,Henri Dirickx,1954,13,Defensor,0,0,0,2,0,0.0,0,0,0,0,0,12
6638,Henri Isemborghs,1938,-,Delantero,1,1,0,0,1,1.0,0,0,0,0,1,13
3994,Henri Michel,1978,11,Mediocampista,2,2,0,1,0,0.0,1,0,0,0,2,12
4185,Henrik Andersen,1986,21,Defensor,3,3,0,1,0,0.0,1,0,2,0,1,9
4204,Henrik Dalsgaard,2018,14,Defensor,4,4,0,0,0,0.0,0,0,1,3,0,11
3440,Henrik Larsson,1994,7,Delantero,5,2,0,2,1,0.2,0,0,2,3,0,3
3440,Henrik Larsson,2002,11,Delantero,4,4,0,0,3,0.75,1,0,1,2,1,13
3440,Henrik Larsson,2006,11,Delantero,4,4,0,0,1,0.25,1,0,1,2,1,14
1752,Henrique,2014,15,Defensor,1,0,0,6,0,0.0,0,0,1,0,0,4
1247,Henry Cockburn,1950,-,Delantero,0,0,0,3,0,0.0,0,0,0,0,0,8
2442,Henry Francillon,1974,1,Arquero,3,3,0,0,0,0.0,0,0,0,0,3,15
7418,Henry Johansen,1938,-,Arquero,1,1,0,0,0,0.0,0,0,0,0,1,12
3428,Henry Kallgren,1958,19,Delantero,1,1,0,5,0,0.0,0,0,0,1,0,2
7778,Henry Martin,2022,20,Delantero,2,2,0,1,1,0.5,0,0,1,1,0,22
3089,Henryk Kasperczak,1974,13,Mediocampista,7,7,0,0,0,0.0,2,0,6,0,1,3
3089,Henryk Kasperczak,1978,8,Mediocampista,6,4,0,0,0,0.0,0,0,3,1,2,5
3117,Henryk Maculewicz,1978,3,Defensor,6,5,0,0,0,0.0,1,0,3,1,2,5
3176,Henryk Wieczorek,1974,7,Mediocampista,0,0,0,7,0,0.0,0,0,0,0,0,3
6090,Herbert Erhardt,1954,5,Defensor,0,0,0,6,0,0.0,0,0,0,0,0,1
6090,Herbert Erhardt,1958,2,Defensor,6,6,0,0,0,0.0,0,0,2,2,2,4
6090,Herbert Erhardt,1962,2,Defensor,4,4,0,0,0,0.0,0,0,2,1,1,7
4563,Herbert Feurer,1982,21,Arquero,0,0,0,5,0,0.0,0,0,0,0,0,8
4612,Herbert Ninaus,1958,20,Delantero,0,0,0,3,0,0.0,0,0,0,0,0,15
4629,Herbert Prohaska,1978,8,Mediocampista,6,6,0,0,0,0.0,1,0,3,0,3,7
4629,Herbert Prohaska,1982,8,Mediocampista,5,5,0,0,0,0.0,0,0,2,1,2,8
6320,Herbert Wimmer,1974,7,Mediocampista,2,1,0,5,0,0.0,0,0,2,0,0,1
6328,Herbert Zimmermann,1978,8,Defensor,2,2,0,4,0,0.0,0,0,0,2,0,6
1652,Hercules,1938,-,Delantero,2,2,0,3,0,0.0,0,0,1,1,0,3
8423,Herculez Gomez,2010,9,Delantero,3,1,0,1,0,0.0,0,0,1,1,1,12
4664,Heribert Weber,1978,15,Defensor,3,0,0,3,0,0.0,0,0,2,0,1,7
4664,Heribert Weber,1982,19,Defensor,3,2,0,2,0,0.0,0,0,2,0,1,8
2669,Herman Gaviria,1994,5,Mediocampista,2,2,0,1,1,0.5,1,0,1,0,1,19
2868,Herman Rapp,1934,-,Defensor,0,0,0,1,0,0.0,0,0,0,0,0,16
6237,Hermann Nuber,1958,20,Defensor,0,0,0,6,0,0.0,0,0,0,0,0,4
8195,Hermann Springer,1938,-,Mediocampista,3,3,0,0,0,0.0,0,0,1,1,1,6
1966,Hermidio Barrantes,1990,21,Arquero,1,1,0,3,0,0.0,0,0,0,0,1,13
1653,Hermogenes,1930,-,Mediocampista,2,2,0,0,0,0.0,0,0,1,0,1,6
645,Hernan Carvallo,1950,-,Mediocampista,2,2,0,1,0,0.0,0,0,0,0,2,9
5225,Hernan Crespo,1998,19,Delantero,1,0,0,4,0,0.0,0,0,0,1,0,6
5225,Hernan Crespo,2002,19,Delantero,3,0,0,0,1,0.33,0,0,1,1,1,18
5225,Hernan Crespo,2006,9,Delantero,4,4,0,1,3,0.75,1,0,3,1,0,6
8420,Hernan Diaz,1994,16,Defensor,2,1,0,2,0,0.0,0,0,1,0,1,10
32,Hernán Galíndez,2022,1,Arquero,3,3,0,0,0,0.0,0,0,1,1,1,18
2023,Hernan Medford,1990,7,Delantero,3,0,0,1,1,0.33,0,0,2,0,1,13
2023,Hernan Medford,2002,17,Delantero,2,0,0,1,0,0.0,0,0,1,1,0,19
2723,Hernando Tovar,1962,12,Mediocampista,0,0,0,3,0,0.0,0,0,0,0,0,14
1654,Hernanes,2014,18,Mediocampista,3,0,0,4,0,0.0,0,0,2,0,1,4
2124,Hesham Yakan,1990,5,Mediocampista,3,3,0,0,0,0.0,0,0,0,2,1,20
6967,Heung Chul Han,1954,12,Arquero,0,0,0,2,0,0.0,0,0,0,0,0,16
7087,Heung-Min Son,2014,9,Delantero,3,3,0,0,1,0.33,1,0,0,1,2,27
7087,Heung-Min Son,2018,7,Delantero,3,3,1,0,2,0.67,1,0,1,0,2,19
7087,Heung-Min Son,2022,7,Mediocampista,4,4,4,0,0,0.0,0,0,1,1,2,16
7989,Heung Sil Lee,1990,12,Mediocampista,1,1,0,2,0,0.0,1,0,0,0,1,22
132,Hidemasa Morita,2022,13,Mediocampista,3,3,0,1,0,0.0,0,0,1,1,1,9
141,Hidetoshi Nakata,1998,8,Mediocampista,3,3,0,0,0,0.0,0,0,0,0,3,31
141,Hidetoshi Nakata,2002,7,Mediocampista,4,4,0,0,1,0.25,0,0,2,1,1,9
141,Hidetoshi Nakata,2006,7,Mediocampista,3,3,0,0,0,0.0,0,0,0,1,2,29
4946,Hilario,1934,-,Mediocampista,0,0,0,3,0,0.0,0,0,0,0,0,5
4946,Hilario,1966,9,Defensor,6,6,0,0,0,0.0,0,0,5,0,1,3
7767,Hilario Lopez,1930,-,Delantero,3,3,0,0,0,0.0,0,0,0,0,3,13
4402,Hilarion Osorio,1950,-,Delantero,0,0,0,2,0,0.0,0,0,0,0,0,11
5045,Hipolito Rincon,1986,16,Delantero,0,0,0,5,0,0.0,0,0,0,0,0,7
131,Hiroaki Morishima,1998,15,Mediocampista,1,0,0,2,0,0.0,0,0,0,0,1,31
131,Hiroaki Morishima,2002,8,Mediocampista,3,0,0,1,1,0.33,0,0,1,1,1,9
103,Hiroki Ito,2022,26,Defensor,1,0,0,3,0,0.0,0,0,0,0,1,9
161,Hiroki Sakai,2014,21,Defensor,0,0,0,3,0,0.0,0,0,0,0,0,29
161,Hiroki Sakai,2018,19,Defensor,4,4,0,0,0,0.0,0,0,1,1,2,15
161,Hiroki Sakai,2022,19,Defensor,2,1,0,2,0,0.0,0,0,1,1,0,9
112,Hiroshi Kiyotake,2014,8,Mediocampista,1,0,0,2,0,0.0,0,0,0,0,1,29
144,Hiroshi Nanami,1998,10,Mediocampista,3,3,0,0,0,0.0,1,0,0,0,3,31
7772,Hirving Lozano,2018,22,Delantero,4,4,0,0,1,0.25,0,0,2,0,2,12
7772,Hirving Lozano,2022,22,Delantero,3,3,0,0,0,0.0,0,0,1,1,1,22
166,Hitoshi Sogahata,2002,23,Arquero,0,0,0,4,0,0.0,0,0,0,0,0,9
7390,Hjalmar Andresen,1938,-,Delantero,0,0,0,1,0,0.0,0,0,0,0,0,12
6896,Hocine Yahi,1982,13,Mediocampista,1,0,0,2,0,0.0,0,0,1,0,0,13
6046,Holger Badstuber,2010,14,Defensor,2,2,0,5,0,0.0,0,0,1,0,1,3
6137,Holger Hieronymus,1982,19,Defensor,0,0,0,7,0,0.0,0,0,0,0,0,2
7128,Hólmar Örn Eyjólfsson,2018,15,Defensor,0,0,0,3,0,0.0,0,0,0,0,0,28
6330,Homam Ahmed,2022,14,Defensor,3,3,0,0,0,0.0,1,0,0,0,3,32
4683,Hong Djien Tan,1938,-,Delantero,1,1,0,0,0,0.0,0,0,0,0,1,15
7085,Hong Gi Shin,1994,7,Defensor,3,3,0,0,0,0.0,1,0,0,2,1,20
5502,Hong Qi,2002,19,Mediocampista,1,1,0,2,0,0.0,0,0,0,0,1,31
693,Honorino Landa,1962,9,Delantero,5,5,0,1,0,0.0,0,0,3,0,2,3
693,Honorino Landa,1966,11,Delantero,2,2,0,1,0,0.0,0,0,0,1,1,13
7681,Horacio Casarin,1950,-,Delantero,3,3,2,0,1,0.33,0,0,0,0,3,12
7861,Horacio Lopez Salgado,1970,10,Delantero,2,1,0,2,0,0.0,0,0,1,1,0,6
7798,Horacio Munoz,1930,-,Delantero,0,0,0,3,0,0.0,0,0,0,0,0,5
6016,Horacio Troche,1962,2,Defensor,3,3,3,0,0,0.0,0,0,1,0,2,13
6016,Horacio Troche,1966,2,Defensor,4,4,4,0,0,0.0,0,1,1,2,1,7
7138,Hördur Magnússon,2018,18,Defensor,3,3,0,0,0,0.0,0,0,0,1,2,28
6143,Horst-Dieter Hoettges,1966,2,Defensor,5,5,0,1,0,0.0,0,0,3,1,1,2
6143,Horst-Dieter Hoettges,1970,2,Defensor,4,4,0,2,0,0.0,0,0,4,0,0,3
6143,Horst-Dieter Hoettges,1974,6,Defensor,1,0,0,6,0,0.0,0,0,0,0,1,1
6085,Horst Eckel,1954,6,Delantero,6,6,0,0,0,0.0,0,0,5,0,1,1
6085,Horst Eckel,1958,4,Mediocampista,4,4,0,2,0,0.0,0,0,2,1,1,4
6149,Horst Hrubesch,1982,9,Delantero,5,3,0,2,1,0.2,1,0,2,1,2,2
6297,Horst Szymaniak,1958,6,Mediocampista,6,6,0,0,0,0.0,0,0,2,2,2,4
6297,Horst Szymaniak,1962,6,Mediocampista,4,4,0,0,1,0.25,0,0,2,1,1,7
6322,Horst Wolter,1970,22,Arquero,1,1,0,5,0,0.0,0,0,1,0,0,3
6343,Hossam Hassan,1990,9,Delantero,3,3,0,0,0,0.0,0,0,0,2,1,20
4120,Hossein Hosseini,2022,24,Arquero,2,1,0,1,0,0.0,0,0,1,0,1,26
7213,Hossein Kaabi,2006,13,Defensor,3,3,0,0,0,0.0,1,0,0,1,2,26
4127,Hossein Kanaani,2022,13,Defensor,1,0,0,2,0,0.0,1,0,0,0,1,26
4141,Hossein Mahini,2014,13,Defensor,0,0,0,3,0,0.0,0,0,0,0,0,28
182,Hotaru Yamaguchi,2014,16,Mediocampista,3,2,0,0,0,0.0,0,0,0,1,2,29
182,Hotaru Yamaguchi,2018,16,Mediocampista,3,1,0,1,0,0.0,0,0,1,0,2,15
8371,Houmane Jarir,1970,14,Delantero,2,2,0,1,1,0.5,0,0,0,0,2,14
4807,Housain Al-Mogahwi,2018,16,Mediocampista,2,1,0,1,0,0.0,0,0,1,0,1,26
2918,Hristo Bonev,1970,8,Mediocampista,3,2,0,0,1,0.33,0,0,0,1,2,13
2918,Hristo Bonev,1974,8,Mediocampista,3,3,3,0,1,0.33,0,0,0,2,1,12
2943,Hristo Iliev,1962,9,Delantero,1,1,0,2,0,0.0,0,0,0,0,1,15
2959,Hristo Kolev,1986,17,Mediocampista,0,0,0,4,0,0.0,0,0,0,0,0,15
3001,Hristo Stoichkov,1994,8,Delantero,7,7,0,0,6,0.86,2,0,3,1,3,4
3001,Hristo Stoichkov,1998,8,Delantero,3,3,0,0,0,0.0,1,0,0,1,2,29
4550,Hubert Baumgartner,1978,22,Arquero,0,0,0,6,0,0.0,0,0,0,0,0,7
3193,Hugo Almeida,2010,18,Delantero,2,2,0,2,1,0.5,1,0,1,0,1,11
3193,Hugo Almeida,2014,9,Delantero,1,1,0,2,0,0.0,0,0,0,0,1,18
7651,Hugo Ayala,2018,2,Defensor,2,2,0,2,0,0.0,0,0,1,0,1,12
637,Hugo Berly,1966,2,Defensor,0,0,0,3,0,0.0,0,0,0,0,0,13
7668,Hugo Brizuela,1998,17,Delantero,1,1,0,3,0,0.0,0,0,1,0,0,14
6562,Hugo Broos,1986,19,Defensor,3,2,0,4,0,0.0,0,0,0,2,1,4
5206,Hugo Campagnaro,2014,3,Defensor,1,1,0,6,0,0.0,0,0,1,0,0,2
2179,Hugo De Leon,1990,3,Defensor,4,4,0,0,0,0.0,0,0,1,1,2,16
2165,Hugo Gastulo,1982,4,Defensor,0,0,0,3,0,0.0,0,0,0,0,0,20
5268,Hugo Gatti,1966,3,Arquero,0,0,0,4,0,0.0,0,0,0,0,0,5
4942,Hugo Guillamón,2022,15,Defensor,0,0,0,4,0,0.0,0,0,0,0,0,13
6417,Hugo Hovenkamp,1978,15,Defensor,0,0,0,7,0,0.0,0,0,0,0,0,2
3976,Hugo Lloris,2010,1,Arquero,3,3,0,0,0,0.0,0,0,0,1,2,29
3976,Hugo Lloris,2014,1,Arquero,5,5,5,0,0,0.0,0,0,3,1,1,7
3976,Hugo Lloris,2018,1,Arquero,6,6,6,1,0,0.0,0,0,6,0,0,1
3976,Hugo Lloris,2022,1,Arquero,6,6,6,1,0,0.0,0,0,5,1,0,2
8427,Hugo Perez,1994,7,Mediocampista,1,1,0,3,0,0.0,0,0,0,0,1,14
7845,Hugo Rodriguez,1978,19,Delantero,0,0,0,3,0,0.0,0,0,0,0,0,16
7864,Hugo Sánchez,1978,11,Delantero,3,3,0,0,0,0.0,0,0,0,0,3,16
7864,Hugo Sánchez,1986,9,Delantero,4,4,0,1,1,0.25,3,0,2,2,0,6
7864,Hugo Sánchez,1994,9,Delantero,1,1,0,3,0,0.0,0,0,0,0,1,13
2215,Hugo Sotil,1970,20,Delantero,4,2,0,0,0,0.0,0,0,2,0,2,7
2215,Hugo Sotil,1978,20,Mediocampista,4,0,0,2,0,0.0,0,0,2,1,1,8
3246,Hugo Viana,2002,12,Mediocampista,0,0,0,3,0,0.0,0,0,0,0,0,21
3246,Hugo Viana,2006,10,Mediocampista,2,0,0,5,0,0.0,0,0,1,1,0,4
2223,Hugo Villanueva,1966,21,Defensor,3,3,0,0,0,0.0,0,0,0,1,2,13
1655,Hulk,2014,7,Delantero,6,5,0,1,0,0.0,1,0,3,1,2,4
7698,Humberto Cruz,1962,16,Defensor,1,1,0,5,0,0.0,0,0,1,0,0,3
660,Humberto Donoso,1966,5,Defensor,0,0,0,3,0,0.0,0,0,0,0,0,13
662,Humberto Elgueta,1930,-,Mediocampista,1,1,0,2,0,0.0,0,0,1,0,0,5
5683,Humberto Maschio,1962,8,Delantero,1,1,0,2,0,0.0,0,0,0,0,1,9
765,Humberto Suazo,2010,9,Delantero,2,2,0,2,0,0.0,1,0,1,0,1,10
1656,Humberto Tozzi,1954,18,Delantero,1,1,0,2,0,0.0,0,0,0,0,1,6
7954,Hussain Ghuloum,1990,12,Delantero,3,3,0,0,0,0.0,1,0,0,0,3,24
4779,Hussein Al Sadeq,1994,21,Arquero,0,0,0,4,0,0.0,0,0,0,0,0,12
4779,Hussein Al Sadeq,1998,21,Arquero,0,0,0,3,0,0.0,0,0,0,0,0,28
4784,Hussein Al Sulaimani,1998,13,Defensor,3,3,0,0,0,0.0,0,0,0,1,2,28
4784,Hussein Al Sulaimani,2002,13,Defensor,3,3,0,0,0,0.0,0,0,0,0,3,32
4784,Hussein Al Sulaimani,2006,13,Defensor,3,3,2,0,0,0.0,0,0,0,1,2,28
1176,Hussein Ali,1986,6,Mediocampista,3,3,0,0,0,0.0,0,0,0,0,3,23
4105,Hussein Faraki,1978,18,Delantero,3,3,0,0,0,0.0,0,0,0,1,2,14
4131,Hussein Kazerani,1978,21,Defensor,3,3,0,0,0,0.0,0,0,0,1,2,14
6982,Hyun-soo Jang,2018,20,Defensor,3,3,0,0,0,0.0,0,0,1,0,2,19
6986,Hyeon-woo Jo,2018,23,Arquero,3,3,0,0,0,0.0,0,0,1,0,2,19
6986,Hyeon-woo Jo,2022,21,Arquero,0,0,0,4,0,0.0,0,0,0,0,0,16
7002,Hyung Il Kim,2010,3,Defensor,0,0,0,4,0,0.0,0,0,0,0,0,15
6982,Hyung Seok Jang,1998,16,Defensor,2,0,0,1,0,0.0,0,0,0,1,1,30
1886,Iacob Felecan,1938,-,Defensor,1,1,0,1,0,0.0,0,0,0,0,1,9
4870,Iago Aspas,2018,17,Delantero,3,0,0,1,1,0.33,0,0,0,3,0,10
2458,Ian Bridge,1986,6,Defensor,3,3,0,0,0,0.0,0,0,0,0,3,24
1234,Ian Callaghan,1966,20,Mediocampista,1,1,0,5,0,0.0,0,0,1,0,0,1
604,Ian Cox,2006,2,Defensor,0,0,0,3,0,0.0,0,0,0,0,0,27
7270,Ian Goodison,1998,5,Defensor,3,3,1,0,0,0.0,0,0,1,0,2,22
7455,Ian Harte,2002,3,Defensor,4,4,0,0,0,0.0,0,0,1,3,0,12
2375,Ian Mccoll,1958,7,Defensor,0,0,0,3,0,0.0,0,0,0,0,0,14
2383,Ian Mcmillan,1954,22,Delantero,0,0,0,2,0,0.0,0,0,0,0,0,15
2048,Ian Smith,2018,4,Defensor,1,0,0,2,0,0.0,0,0,0,1,0,29
2275,Ian Stewart,1986,11,Delantero,3,1,0,0,0,0.0,0,0,0,1,2,21
6355,Ibrahim Afellay,2010,20,Mediocampista,3,0,0,4,0,0.0,0,0,3,0,0,2
4764,Ibrahim Al Harbi,1998,12,Mediocampista,2,0,0,1,0,0.0,0,0,0,1,1,28
4767,Ibrahim Al Helwa,1994,22,Arquero,0,0,0,4,0,0.0,0,0,0,0,0,12
4781,Ibrahim Al Shahrani,1998,7,Mediocampista,3,2,0,0,0,0.0,0,0,0,1,2,28
4781,Ibrahim Al Shahrani,2002,7,Mediocampista,3,2,0,0,0,0.0,0,0,0,0,3,32
866,Ibrahim Aoudou,1982,16,Defensor,3,3,0,0,0,0.0,1,0,0,3,0,17
1463,Ibrahim Ayew,2010,17,Defensor,0,0,0,5,0,0.0,0,0,0,0,0,7
1469,Ibrahim Danlad,2022,12,Arquero,0,0,0,3,0,0.0,0,0,0,0,0,24
2087,Ibrahim Halim,1934,-,Mediocampista,0,0,0,1,0,0.0,0,0,0,0,0,13
7955,Ibrahim Meer,1990,15,Defensor,3,3,0,0,0,0.0,1,0,0,0,3,24
3953,Ibrahima Konaté,2022,24,Defensor,5,3,0,2,0,0.0,0,0,3,1,1,2
910,Idriss Kameni,2002,22,Arquero,0,0,0,3,0,0.0,0,0,0,0,0,20
910,Idriss Kameni,2010,1,Arquero,0,0,0,3,0,0.0,0,0,0,0,0,31
1039,Idrissa Gana Gueye,2018,5,Mediocampista,3,3,0,0,0,0.0,1,0,1,1,1,17
1039,Idrissa Gana Gueye,2022,5,Mediocampista,3,3,0,1,0,0.0,2,0,2,0,1,10
4538,Ifeanyi Udeze,2002,14,Defensor,2,2,0,1,0,0.0,0,0,0,1,1,27
3958,Ignace Kowalczyk,1938,-,Delantero,0,0,0,2,0,0.0,0,0,0,0,0,8
4295,Ignacio Achucarro,1958,4,Defensor,3,3,0,0,0,0.0,0,0,1,1,1,12
7642,Ignacio Ambriz,1994,4,Defensor,4,4,4,0,0,0.0,0,0,1,2,1,13
8416,Ignacio Calderon,1966,12,Arquero,2,2,0,1,0,0.0,0,0,0,1,1,12
8416,Ignacio Calderon,1970,1,Arquero,4,4,0,0,0,0.0,0,0,2,1,1,6
2650,Ignacio Calle,1962,6,Defensor,0,0,0,3,0,0.0,0,0,0,0,0,14
4912,Ignacio Eizaguirre,1950,-,Arquero,2,2,1,4,0,0.0,0,0,1,0,1,4
7718,Ignacio Flores,1978,15,Defensor,1,1,0,2,0,0.0,0,0,0,0,1,16
7738,Ignacio Gonzalez,2010,18,Mediocampista,1,1,0,6,0,0.0,0,0,0,1,0,4
7759,Ignacio Jauregui,1962,15,Defensor,2,2,0,1,0,0.0,0,0,1,0,1,11
7759,Ignacio Jauregui,1966,5,Defensor,1,1,0,2,0,0.0,0,0,0,0,1,12
2704,Ignacio Perez,1962,16,Delantero,0,0,0,3,0,0.0,0,0,0,0,0,14
732,Ignacio Prieto,1966,14,Mediocampista,3,3,0,0,0,0.0,0,0,0,1,2,13
8430,Ignacio Rodriguez,1986,12,Arquero,0,0,0,5,0,0.0,0,0,0,0,0,6
4630,Ignaz Puschnik,1958,21,Mediocampista,0,0,0,3,0,0.0,0,0,0,0,0,15
5514,Ignazio Abate,2014,7,Defensor,1,1,0,2,0,0.0,0,0,0,0,1,22
247,Igor Akinfeev,2014,1,Arquero,3,3,0,0,0,0.0,0,0,0,2,1,24
247,Igor Akinfeev,2018,1,Arquero,5,5,5,0,0,0.0,0,0,2,2,1,8
257,Igor Belanov,1986,19,Delantero,4,3,0,0,4,1.0,1,0,2,1,1,10
275,Igor Chislenko,1962,22,Delantero,3,3,0,1,2,0.67,0,0,1,1,1,6
275,Igor Chislenko,1966,11,Delantero,4,4,0,2,2,0.5,0,1,3,0,1,4
278,Igor Chugainov,2002,14,Defensor,0,0,0,3,0,0.0,0,0,0,0,0,22
284,Igor Denisov,2014,7,Mediocampista,2,0,0,1,0,0.0,0,0,0,2,0,24
285,Igor Dobrovolskyi,1990,11,Delantero,3,3,0,0,1,0.33,0,0,1,0,2,17
3572,Igor Duljaj,2006,4,Mediocampista,3,3,0,0,0,0.0,1,0,0,0,3,32
330,Igor Korneev,1994,14,Mediocampista,1,1,0,2,0,0.0,0,0,1,0,0,18
343,Igor Lediakhov,1994,20,Mediocampista,1,1,0,2,0,0.0,0,0,1,0,0,18
364,Igor Netto,1958,6,Mediocampista,1,1,1,4,0,0.0,0,0,0,0,1,6
364,Igor Netto,1962,10,Mediocampista,4,4,4,0,0,0.0,0,0,2,1,1,6
392,Igor Semshov,2002,6,Mediocampista,2,2,0,1,0,0.0,1,0,1,0,1,22
395,Igor Shalimov,1990,18,Mediocampista,2,2,0,1,0,0.0,0,0,1,0,1,17
403,Igor Smolnikov,2018,23,Defensor,1,1,0,4,0,0.0,0,1,0,0,1,8
1151,Igor Stimac,1998,4,Defensor,7,6,0,0,0,0.0,1,0,5,0,2,3
1159,Igor Tudor,1998,15,Defensor,3,0,0,4,0,0.0,0,0,3,0,0,3
1159,Igor Tudor,2006,5,Defensor,3,3,0,0,0,0.0,2,0,0,2,1,22
2500,Igor Vrablic,1986,10,Delantero,2,2,0,1,0,0.0,0,0,0,0,2,24
6926,Ik Soo An,1994,13,Defensor,0,0,0,3,0,0.0,0,0,0,0,0,20
4531,Ike Shorunmu,2002,1,Arquero,2,2,0,1,0,0.0,0,0,0,0,2,27
2497,Ike Ugbo,2022,12,Delantero,0,0,0,3,0,0.0,0,0,0,0,0,31
4480,Ikechukwu Ezenwa,2018,1,Arquero,0,0,0,3,0,0.0,0,0,0,0,0,21
4892,Iker Casillas,2002,1,Arquero,5,5,0,0,0,0.0,0,0,3,2,0,5
4892,Iker Casillas,2006,1,Arquero,3,3,2,1,0,0.0,0,0,2,0,1,9
4892,Iker Casillas,2010,1,Arquero,7,7,7,0,0,0.0,0,0,6,0,1,1
4892,Iker Casillas,2014,1,Arquero,2,2,2,1,0,0.0,1,0,0,0,2,23
6961,Il Jang Dae,1998,19,Defensor,0,0,0,3,0,0.0,0,0,0,0,0,30
7074,Il Kap Park,1954,17,Delantero,1,1,0,1,0,0.0,0,0,0,0,1,16
5913,Ildo Maneiro,1970,10,Mediocampista,6,6,0,0,1,0.17,1,0,2,1,3,4
5473,Ilhan Mansiz,2002,17,Delantero,7,1,0,0,3,0.43,1,0,4,1,2,3
2931,Ilia Dyakov,1986,21,Defensor,0,0,0,4,0,0.0,0,0,0,0,0,15
414,Ilia Tsymbalar,1994,17,Mediocampista,2,2,0,1,0,0.0,0,0,1,0,1,18
3005,Ilia Valov,1986,22,Arquero,0,0,0,4,0,0.0,0,0,0,0,0,15
2945,Ilian Iliev,1998,11,Mediocampista,3,2,0,0,0,0.0,1,0,0,1,2,29
2953,Ilian Kiryakov,1994,16,Defensor,6,4,0,1,0,0.0,1,0,3,1,2,4
8326,Ilias Chair,2022,13,Mediocampista,1,0,0,6,0,0.0,0,0,0,0,1,4
1883,Ilie Dumitrescu,1990,17,Delantero,2,0,0,2,0,0.0,0,0,1,0,1,12
1883,Ilie Dumitrescu,1994,11,Delantero,5,5,0,0,2,0.4,1,0,3,1,1,6
1883,Ilie Dumitrescu,1998,17,Delantero,1,1,0,3,0,0.0,0,0,0,1,0,11
3696,Ilija Petkovic,1974,7,Mediocampista,5,4,0,1,1,0.2,0,0,1,2,2,7
3690,Ilijas Pasic,1958,16,Delantero,0,0,0,4,0,0.0,0,0,0,0,0,8
1951,Ilile Subaseanu,1930,-,Delantero,0,0,0,2,0,0.0,0,0,0,0,0,8
1059,Iliman Ndiaye,2022,13,Delantero,3,2,0,1,0,0.0,0,0,2,0,1,10
6115,Ilkay Gündogan,2018,21,Mediocampista,1,0,0,2,0,0.0,0,0,1,0,0,22
6115,Ilkay Gündogan,2022,21,Mediocampista,3,3,0,0,1,0.33,0,0,1,1,1,17
1506,Illiasu Shilla,2006,7,Defensor,4,3,0,0,0,0.0,1,0,2,0,2,13
337,Ilya Kutepov,2018,3,Defensor,5,5,0,0,0,0.0,1,0,2,2,1,8
7166,Imed Ben Younes,1998,2,Delantero,3,0,0,0,0,0.0,1,0,0,1,2,26
7234,Imed Mhadhebi,2002,7,Delantero,2,0,0,1,0,0.0,0,0,0,0,2,29
7526,Imre Garaba,1982,6,Defensor,3,3,0,0,0,0.0,0,0,1,1,1,14
7526,Imre Garaba,1986,6,Defensor,3,3,1,0,0,0.0,0,0,1,0,2,18
7550,Imre Kiss,1982,22,Arquero,0,0,0,3,0,0.0,0,0,0,0,0,14
7556,Imre Kovacs,1954,14,Mediocampista,0,0,0,5,0,0.0,0,0,0,0,0,2
7565,Imre Markos,1934,-,Delantero,2,2,0,0,0,0.0,0,0,1,0,1,6
7567,Imre Mathesz,1966,13,Mediocampista,2,2,0,2,0,0.0,0,0,2,0,0,6
578,Imrich Stacho,1954,21,Arquero,1,1,0,1,0,0.0,0,0,0,0,1,14
578,Imrich Stacho,1958,1,Arquero,0,0,0,4,0,0.0,0,0,0,0,0,9
6976,In-beom Hwang,2022,6,Mediocampista,4,4,0,0,0,0.0,0,0,1,1,2,16
7993,In Guk Mun,2010,11,Mediocampista,3,3,0,0,0,0.0,0,0,0,0,3,32
6944,In Young Choi,1990,21,Arquero,3,3,0,0,0,0.0,0,0,0,0,3,22
6944,In Young Choi,1994,1,Arquero,3,3,3,0,0,0.0,0,0,0,2,1,20
3247,Inacio,1986,20,Defensor,3,3,0,0,0,0.0,0,0,1,0,2,17
1515,Inaki Williams,2022,19,Delantero,3,3,0,0,0,0.0,1,0,1,0,2,24
1657,Indio,1954,19,Delantero,1,1,0,2,0,0.0,0,0,0,0,1,6
3376,Inge Ejderstedt,1970,21,Mediocampista,1,0,0,2,0,0.0,0,0,0,0,1,9
3376,Inge Ejderstedt,1974,16,Mediocampista,2,1,0,4,0,0.0,0,0,0,1,1,5
3385,Ingemar Erlandsson,1978,5,Defensor,3,3,0,0,0,0.0,0,0,0,1,2,13
3405,Ingemar Haraldsson,1958,16,Arquero,0,0,0,6,0,0.0,0,0,0,0,0,2
3389,Ingvar Gard,1950,-,Mediocampista,5,5,0,0,0,0.0,0,0,2,1,2,3
3501,Ingvar Rydell,1950,-,Delantero,1,1,0,4,0,0.0,0,0,1,0,0,3
1178,Insayaf Abdulfattah,1986,20,Arquero,1,1,0,2,0,0.0,0,0,0,0,1,23
1911,Ioachim Moldoveanu,1938,-,Delantero,1,1,0,1,0,0.0,0,0,0,0,1,9
1850,Ioan Andone,1990,4,Defensor,4,4,0,0,0,0.0,0,0,1,2,1,12
1903,Ioan Lupescu,1990,21,Mediocampista,3,3,0,1,0,0.0,1,0,1,2,0,12
1903,Ioan Lupescu,1994,5,Mediocampista,5,5,0,0,0,0.0,1,0,3,1,1,6
1939,Ioan Sabau,1990,8,Mediocampista,4,4,0,0,0,0.0,0,0,1,2,1,12
2583,Ioannis Fetfatzidis,2014,18,Mediocampista,2,1,0,2,0,0.0,0,0,0,1,1,13
1884,Ion Dumitru,1970,15,Mediocampista,3,3,0,0,0,0.0,1,0,1,0,2,10
1899,Ion Lapusneanu,1930,-,Arquero,2,2,0,0,0,0.0,0,0,1,0,1,8
1955,Ion Vladoiu,1994,16,Delantero,1,0,0,4,0,0.0,0,1,0,0,1,6
1858,Ionica Bogdan,1938,-,Delantero,1,1,0,1,0,0.0,0,0,0,0,1,9
2968,Iordan Letchkov,1994,9,Mediocampista,7,7,0,0,2,0.29,2,0,3,1,3,4
1870,Iosif Czako,1930,-,Defensor,1,1,0,1,0,0.0,0,0,0,0,1,8
1938,Iosif Rotariu,1990,5,Defensor,4,4,0,0,0,0.0,0,0,1,2,1,12
4096,Iraj Danayfar,1978,2,Mediocampista,2,2,0,1,1,0.5,0,0,0,1,1,14
4949,Iraragorri,1934,-,Mediocampista,2,2,0,1,2,1.0,0,0,1,1,0,5
3081,Ireneusz Jelen,2006,21,Delantero,3,2,0,0,0,0.0,0,0,1,0,2,21
7668,Isaác Brizuela,2014,17,Mediocampista,0,0,0,4,0,0.0,0,0,0,0,0,10
3433,Isaac Kiese Thelin,2018,22,Delantero,4,0,0,1,0,0.0,0,0,3,0,1,7
4518,Isaac Okoronkwo,2002,5,Defensor,3,3,0,0,0,0.0,0,0,0,1,2,27
7877,Isaac Terrazas,1998,16,Defensor,0,0,0,4,0,0.0,0,0,0,0,0,13
1512,Isaac Vorsah,2010,15,Defensor,2,2,0,3,0,0.0,1,0,1,1,0,7
4951,Isco,2018,22,Mediocampista,4,4,0,0,1,0.25,0,0,1,3,0,10
7707,Isidoro Diaz,1962,11,Delantero,3,3,0,0,1,0.33,0,0,1,0,2,11
7707,Isidoro Diaz,1966,6,Mediocampista,3,3,0,0,0,0.0,0,0,0,2,1,12
7707,Isidoro Diaz,1970,16,Mediocampista,1,0,0,3,0,0.0,0,0,0,0,1,6
5054,Isidoro San Jose,1978,21,Mediocampista,3,3,0,0,0,0.0,0,0,1,1,1,10
7872,Isidoro Sota,1930,-,Arquero,1,1,0,2,0,0.0,0,0,0,0,1,13
4964,Isidro Langara,1934,-,Delantero,2,2,0,1,1,0.5,0,0,1,1,0,5
6892,Islam Slimani,2014,13,Delantero,4,3,0,0,2,0.5,0,0,1,1,2,14
6349,Ismaeel Mohammad,2022,17,Defensor,2,2,0,1,0,0.0,1,0,0,0,2,32
8420,Ismael Díaz,2018,10,Delantero,1,0,0,2,0,0.0,0,0,0,0,1,32
6771,Ismael Diomande,2014,14,Mediocampista,1,0,0,2,0,0.0,0,0,0,0,1,21
2160,Ismael Fuentes,2010,2,Defensor,1,1,0,3,0,0.0,1,0,0,0,1,10
2476,Ismaël Koné,2022,15,Mediocampista,3,0,0,0,0,0.0,0,0,0,0,3,31
6796,Ismael Tiote,2010,9,Mediocampista,3,3,0,0,0,0.0,0,0,1,1,1,17
6796,Ismael Tiote,2014,9,Mediocampista,3,3,0,0,0,0.0,1,0,1,0,2,21
5464,Ismail Feridun,1954,9,Delantero,2,2,0,1,0,0.0,0,0,1,0,1,11
6155,Ismail Jakobs,2022,14,Defensor,4,3,0,0,0,0.0,1,0,2,0,2,10
2107,Ismail Rafa At,1934,-,Defensor,1,1,0,0,0,0.0,0,0,0,0,1,13
2126,Ismail Youssef,1990,7,Mediocampista,3,3,0,0,0,0.0,0,0,0,2,1,20
1070,Ismaïla Sarr,2018,18,Delantero,3,3,0,0,0,0.0,0,0,1,1,1,17
1070,Ismaïla Sarr,2022,18,Delantero,4,4,0,0,1,0.25,0,0,2,0,2,10
7683,Israel Castro,2010,8,Mediocampista,1,0,0,3,0,0.0,1,0,0,0,1,14
7209,Issam Jebali,2022,9,Delantero,3,2,0,0,0,0.0,0,0,1,1,1,21
7492,Istvan Avar,1934,-,Delantero,1,1,0,1,0,0.0,0,0,0,0,1,6
7494,Istvan Balogh,1938,-,Mediocampista,1,1,0,3,0,0.0,0,0,1,0,0,2
7527,Istvan Geczi,1966,22,Arquero,0,0,0,4,0,0.0,0,0,0,0,0,6
7536,Istvan Halasz,1978,16,Mediocampista,1,0,0,2,0,0.0,0,0,0,0,1,15
7540,Istvan Ilku,1958,22,Arquero,1,1,0,3,0,0.0,0,0,1,0,0,10
7540,Istvan Ilku,1962,22,Arquero,1,1,0,3,0,0.0,0,0,1,0,0,5
7551,Istvan Kocsis,1978,3,Defensor,2,2,0,1,0,0.0,0,0,0,0,2,15
7578,Istvan Nagy,1962,14,Mediocampista,0,0,0,4,0,0.0,0,0,0,0,0,5
7581,Istvan Palotas,1934,-,Mediocampista,2,2,0,0,0,0.0,0,0,1,0,1,6
7614,Istvan Tamassy,1934,-,Delantero,0,0,0,2,0,0.0,0,0,0,0,0,6
1658,Italia,1930,-,Defensor,2,2,0,0,0,0.0,0,0,1,0,1,6
8254,Itumeleng Khune,2010,16,Arquero,2,2,0,1,0,0.0,0,1,0,1,1,20
1001,Itzhak Schum,1970,7,Mediocampista,3,3,0,0,0,0.0,0,0,0,2,1,12
1009,Itzhak Vissoker,1970,1,Arquero,3,3,0,0,0,0.0,0,0,0,2,1,12
1862,Iulian Chirita,1994,8,Mediocampista,0,0,0,5,0,0.0,0,0,0,0,0,6
1887,Iulian Filipescu,1998,18,Defensor,3,3,0,1,0,0.0,2,0,2,0,1,11
1852,Iuliu Baratky,1938,-,Delantero,2,2,0,0,1,0.5,0,0,0,1,1,9
1857,Iuliu Bodola,1934,-,Delantero,1,1,0,0,0,0.0,0,0,0,0,1,12
1857,Iuliu Bodola,1938,-,Delantero,1,1,0,1,0,0.0,0,0,0,1,0,9
1927,Iuliu Prassler,1938,-,Delantero,1,1,0,1,0,0.0,0,0,0,0,1,9
1084,Ivan Bosnjak,2006,22,Delantero,1,0,0,2,0,0.0,0,0,0,1,0,22
3553,Ivan Buljan,1974,2,Defensor,6,6,0,0,0,0.0,1,0,1,2,3,7
4952,Ivan Campo,1998,14,Defensor,1,1,0,2,0,0.0,1,0,0,0,1,17
2654,Ivan Cordoba,1998,2,Defensor,0,0,0,3,0,0.0,0,0,0,0,0,21
2921,Ivan Davidov,1966,20,Mediocampista,1,1,0,2,0,0.0,0,0,0,0,1,15
2921,Ivan Davidov,1970,5,Mediocampista,1,1,0,2,0,0.0,0,0,0,0,1,13
2924,Ivan Deyanov,1966,22,Arquero,0,0,0,3,0,0.0,0,0,0,0,0,15
2927,Ivan Dimitrov,1962,3,Defensor,3,3,0,0,0,0.0,0,0,0,1,2,15
2927,Ivan Dimitrov,1970,3,Defensor,2,1,1,1,0,0.0,0,0,0,1,1,13
3577,Ivan Ergic,2006,2,Mediocampista,2,1,0,1,0,0.0,0,0,0,0,2,32
7309,Ivan Franjic,2014,2,Defensor,1,1,0,2,0,0.0,0,0,0,0,1,30
3584,Ivan Gudelj,1982,3,Mediocampista,3,3,0,0,1,0.33,0,0,1,1,1,16
470,Ivan Hasek,1990,4,Mediocampista,5,5,5,0,1,0.2,1,0,3,0,2,6
4944,Ivan Helguera,2002,4,Mediocampista,5,3,0,0,0,0.0,0,0,3,2,0,5
3588,Ivan Horvat,1950,-,Defensor,3,3,1,0,0,0.0,0,0,2,0,1,5
3588,Ivan Horvat,1954,5,Defensor,3,3,0,0,0,0.0,0,0,1,1,1,8
479,Ivan Hrdlicka,1970,16,Mediocampista,1,1,0,2,0,0.0,0,0,0,0,1,15
38,Ivan Hurtado,2002,3,Defensor,3,3,2,0,0,0.0,0,0,1,0,2,24
38,Ivan Hurtado,2006,3,Defensor,3,3,3,1,0,0.0,1,0,2,0,1,12
3591,Ivan Ilic,2022,24,Mediocampista,1,0,0,2,0,0.0,0,0,0,0,1,29
2948,Ivan Ivanov,1962,18,Arquero,0,0,0,3,0,0.0,0,0,0,0,0,15
42,Ivan Kaviedes,2002,9,Delantero,2,1,0,1,0,0.0,1,0,1,0,1,24
42,Ivan Kaviedes,2006,10,Delantero,4,1,0,0,1,0.25,0,0,2,0,2,12
1106,Ivan Klasnic,2006,17,Delantero,3,2,0,0,0,0.0,0,0,0,2,1,22
2958,Ivan Kolev,1962,10,Delantero,3,3,0,0,0,0.0,0,0,0,1,2,15
2958,Ivan Kolev,1966,11,Delantero,2,2,0,1,0,0.0,1,0,0,0,2,15
1115,Ivan Leko,2006,15,Mediocampista,0,0,0,3,0,0.0,0,0,0,0,0,22
1659,Ivan Mariz,1930,-,Mediocampista,0,0,0,2,0,0.0,0,0,0,0,0,6
7569,Ivan Menczel,1962,15,Mediocampista,0,0,0,4,0,0.0,0,0,0,0,0,5
4262,Ivan Nielsen,1986,5,Defensor,3,3,0,1,0,0.0,1,0,2,0,1,9
3678,Ivan Obradovic,2010,16,Defensor,1,1,0,2,0,0.0,0,0,0,0,1,23
1129,Ivan Perisic,2014,4,Mediocampista,3,3,0,0,2,0.67,0,0,1,0,2,19
1129,Ivan Perisic,2018,4,Delantero,7,7,0,0,3,0.43,0,0,4,2,1,2
1129,Ivan Perisic,2022,4,Delantero,7,7,0,0,1,0.14,0,0,2,4,1,3
3706,Ivan Pudar,1982,12,Arquero,0,0,0,3,0,0.0,0,0,0,0,0,16
1137,Ivan Rakitic,2014,7,Mediocampista,3,3,0,0,0,0.0,1,0,1,0,2,19
1137,Ivan Rakitic,2018,7,Mediocampista,7,6,0,0,1,0.14,1,0,4,2,1,2
3717,Ivan Santek,1958,10,Mediocampista,0,0,0,4,0,0.0,0,0,0,0,0,8
3003,Ivan Stoyanov,1974,10,Mediocampista,1,1,0,2,0,0.0,0,0,0,0,1,12
1152,Ivan Strinić,2018,3,Defensor,6,6,0,1,0,0.0,1,0,3,2,1,2
2728,Ivan Valenciano,1994,9,Delantero,1,0,0,2,0,0.0,0,0,0,0,1,19
5143,Ivan Vicelich,2010,5,Defensor,3,3,0,0,0,0.0,0,0,0,3,0,22
3012,Ivan Vutsov,1966,3,Defensor,3,3,0,0,0,0.0,0,0,0,0,3,15
419,Ivan Yaremchuk,1986,7,Mediocampista,3,3,0,1,1,0.33,0,0,1,1,1,10
419,Ivan Yaremchuk,1990,15,Mediocampista,2,0,0,1,0,0.0,0,0,1,0,1,17
3021,Ivan Zafirov,1974,2,Defensor,0,0,0,3,0,0.0,0,0,0,0,0,12
793,Ivan Zamorano,1998,9,Delantero,4,4,4,0,0,0.0,1,0,0,3,1,16
5551,Ivano Blason,1950,-,Defensor,1,1,0,1,0,0.0,0,0,1,0,0,7
5556,Ivano Bordon,1978,22,Arquero,0,0,0,7,0,0.0,0,0,0,0,0,4
5556,Ivano Bordon,1982,12,Arquero,0,0,0,7,0,0.0,0,0,0,0,0,1
3384,Ivar Eriksson,1938,-,Defensor,3,3,0,0,0,0.0,0,0,1,0,2,4
2912,Ivaylo Andonov,1994,22,Delantero,0,0,0,7,0,0.0,0,0,0,0,0,4
2990,Ivaylo Petkov,1998,4,Defensor,2,2,0,1,0,0.0,0,0,0,1,1,29
3017,Ivaylo Yordanov,1994,13,Mediocampista,5,1,0,2,0,0.0,1,0,1,1,3,4
3017,Ivaylo Yordanov,1998,5,Mediocampista,2,2,0,1,0,0.0,0,0,0,1,1,29
3603,Ive Jerolimov,1982,2,Defensor,0,0,0,3,0,0.0,0,0,0,0,0,16
3544,Ivica Bek,1930,-,Delantero,3,3,0,0,3,1.0,0,0,2,0,1,4
3569,Ivica Dragutinovic,2006,3,Defensor,1,1,0,2,0,0.0,1,0,0,0,1,32
1096,Ivica Ivusic,2022,23,Arquero,0,0,0,7,0,0.0,0,0,0,0,0,3
3627,Ivica Kralj,1998,1,Arquero,4,4,0,0,0,0.0,0,0,2,1,1,10
1126,Ivica Olic,2002,18,Delantero,2,1,0,1,1,0.5,0,0,1,0,1,23
1126,Ivica Olic,2006,18,Delantero,3,1,0,0,0,0.0,0,0,0,2,1,22
1126,Ivica Olic,2014,18,Delantero,3,3,0,0,1,0.33,0,0,1,0,2,19
3744,Ivica Surjak,1974,9,Delantero,6,6,0,0,2,0.33,0,0,1,2,3,7
3744,Ivica Surjak,1982,20,Delantero,3,3,3,0,0,0.0,0,0,1,1,1,16
4659,Ivica Vastic,1998,9,Delantero,3,1,0,0,1,0.33,1,0,0,2,1,23
8100,Ivo Frosio,1954,13,Mediocampista,0,0,0,4,0,0.0,0,0,0,0,0,5
1094,Ivo Grbic,2022,12,Arquero,0,0,0,7,0,0.0,0,0,0,0,0,3
499,Ivo Knoflicek,1990,17,Delantero,5,5,0,0,0,0.0,1,0,3,0,2,6
3711,Ivo Radovnikovic,1950,-,Mediocampista,0,0,0,3,0,0.0,0,0,0,0,0,5
7361,Ivo Rudic,1974,16,Defensor,0,0,0,3,0,0.0,0,0,0,0,0,14
592,Ivo Viktor,1970,1,Arquero,2,2,1,1,0,0.0,0,0,0,0,2,15
2526,Ivor Allchurch,1958,10,Delantero,5,5,0,0,2,0.4,0,0,1,3,1,5
1223,Ivor Broadis,1954,8,Delantero,3,3,0,0,2,0.67,0,0,1,1,1,7
5484,Izak Rober,1954,6,Mediocampista,3,3,0,0,0,0.0,0,0,1,0,2,11
8017,Izet Hajrovic,2014,20,Mediocampista,2,2,0,1,0,0.0,0,0,0,0,2,20
4673,J. Harting,1938,-,Arquero,0,0,0,1,0,0.0,0,0,0,0,0,15
7031,Ja-Cheol Koo,2014,13,Mediocampista,3,3,3,0,1,0.33,1,0,0,1,2,27
7031,Ja-Cheol Koo,2018,13,Mediocampista,2,2,0,1,0,0.0,0,0,1,0,1,19
6450,Jaap Mol,1934,-,Delantero,0,0,0,1,0,0.0,0,0,0,0,0,9
6483,Jaap Stam,1998,3,Defensor,7,7,0,0,0,0.0,2,0,3,3,1,4
8283,Jabu Pule,2002,11,Mediocampista,1,0,0,2,0,0.0,0,0,1,0,0,17
3028,Jacek Bak,2006,6,Defensor,3,3,3,0,0,0.0,1,0,1,0,2,21
3068,Jacek Góralski,2018,6,Mediocampista,2,2,0,1,0,0.0,1,0,1,0,1,25
3090,Jacek Kazimierski,1982,21,Arquero,0,0,0,7,0,0.0,0,0,0,0,0,3
3090,Jacek Kazimierski,1986,12,Arquero,0,0,0,4,0,0.0,0,0,0,0,0,14
3102,Jacek Krzynowek,2002,18,Mediocampista,3,3,0,0,0,0.0,1,0,1,0,2,25
3102,Jacek Krzynowek,2006,8,Mediocampista,3,3,0,0,0,0.0,1,0,1,0,2,21
3185,Jacek Zielinski,2002,3,Defensor,1,1,1,2,0,0.0,0,0,1,0,0,25
2422,Jacinto Barquin,1938,-,Defensor,3,3,0,0,0,0.0,0,0,1,1,1,7
4437,Jacinto Villalba,1930,-,Delantero,0,0,0,2,0,0.0,0,0,0,0,0,9
1229,Jack Butland,2018,13,Arquero,0,0,0,7,0,0.0,0,0,0,0,0,4
1283,Jack Grealish,2022,7,Delantero,5,0,0,0,1,0.2,0,0,3,1,1,6
2552,Jack Kelsey,1958,1,Arquero,5,5,0,0,0,0.0,0,0,1,3,1,5
7355,Jack Reilly,1974,1,Arquero,3,3,0,0,0,0.0,0,0,0,1,2,14
4678,Jack Samuels,1938,-,Defensor,1,1,0,0,0,0.0,0,0,0,0,1,15
1429,Jack Wilshere,2014,7,Mediocampista,2,1,0,1,0,0.0,0,0,0,1,1,26
8087,Jackie Fatton,1950,-,Delantero,3,3,0,0,2,0.67,0,0,1,1,1,6
8087,Jackie Fatton,1954,17,Delantero,4,4,0,0,1,0.25,0,0,2,0,2,5
2343,Jackie Henderson,1954,16,Delantero,0,0,0,2,0,0.0,0,0,0,0,0,15
2384,Jackie Mcnamara,1998,2,Defensor,2,1,0,1,0,0.0,0,0,0,1,1,27
1343,Jackie Milburn,1950,-,Delantero,1,1,0,2,0,0.0,0,0,0,0,1,8
2391,Jackie Mudie,1958,17,Delantero,3,3,0,0,1,0.33,0,0,0,1,2,14
2273,Jackie Scott,1958,14,Delantero,2,2,0,3,0,0.0,0,0,1,0,1,7
7319,Jackson Irvine,2018,22,Mediocampista,3,0,0,0,0,0.0,0,0,0,1,2,30
7319,Jackson Irvine,2022,22,Mediocampista,4,4,0,0,0,0.0,2,0,2,0,2,11
7780,Jackson Martinez,2014,21,Delantero,3,2,0,2,2,0.67,0,0,3,0,0,5
60,Jackson Porozo,2022,25,Defensor,2,1,0,1,0,0.0,0,0,0,1,1,18
6677,Jacky Peeters,2002,15,Defensor,3,3,0,1,0,0.0,0,0,1,1,1,14
4244,Jacob Laursen,1998,13,Defensor,1,1,0,4,0,0.0,0,0,0,0,1,8
8256,Jacob Lekgetho,2002,5,Defensor,1,0,0,2,0,0.0,0,0,0,0,1,17
6551,Jacques Beurlet,1970,13,Defensor,0,0,0,3,0,0.0,0,0,0,0,0,10
6615,Jacques Duquesne,1970,22,Arquero,0,0,0,3,0,0.0,0,0,0,0,0,10
3931,Jacques Grimonpon,1954,5,Defensor,0,0,0,2,0,0.0,0,0,0,0,0,9
3981,Jacques Mairesse,1934,-,Defensor,1,1,0,0,0,0.0,0,0,0,0,1,9
6661,Jacques Moeschal,1930,-,Delantero,2,2,0,0,0,0.0,0,0,0,0,2,11
6665,Jacques Munaron,1982,22,Arquero,1,1,0,4,0,0.0,0,0,0,0,1,10
6665,Jacques Munaron,1986,12,Arquero,0,0,0,7,0,0.0,0,0,0,0,0,4
950,Jacques Nguea,1982,18,Delantero,2,2,0,1,0,0.0,0,0,0,2,0,17
5409,Jacques Simon,1966,20,Delantero,2,2,0,1,0,0.0,0,0,0,0,2,13
973,Jacques Songoo,1990,22,Arquero,0,0,0,5,0,0.0,0,0,0,0,0,7
973,Jacques Songoo,1994,22,Arquero,1,1,0,2,0,0.0,1,0,0,0,1,22
973,Jacques Songoo,1998,1,Arquero,3,3,0,0,0,0.0,0,0,0,2,1,25
973,Jacques Songoo,2002,16,Arquero,0,0,0,3,0,0.0,0,0,0,0,0,20
6933,Jae Jin Cho,2006,19,Delantero,3,3,0,0,0,0.0,0,0,1,1,1,17
7987,Jae Sung Kim,2010,13,Mediocampista,3,1,0,1,0,0.0,0,0,1,1,1,15
7042,Jae-sung Lee,2018,17,Mediocampista,3,3,0,0,0,0.0,1,0,1,0,2,19
7042,Jae-sung Lee,2022,10,Mediocampista,3,3,0,1,0,0.0,0,0,1,1,1,16
8,Jaime Ayoví,2014,17,Delantero,0,0,0,3,0,0.0,0,0,0,0,0,17
7657,Jaime Belmonte,1958,19,Delantero,2,2,0,1,1,0.5,0,0,0,1,1,16
2155,Jaime Duarte,1978,2,Defensor,6,6,0,0,0,0.0,0,0,2,1,3,8
2155,Jaime Duarte,1982,2,Defensor,3,3,0,0,0,0.0,1,0,0,2,1,20
8423,Jaime Gomez,1958,13,Arquero,0,0,0,3,0,0.0,0,0,0,0,0,16
8423,Jaime Gomez,1962,12,Arquero,0,0,0,3,0,0.0,0,0,0,0,0,11
2673,Jaime Gonzales,1962,5,Defensor,3,3,0,0,0,0.0,0,0,0,1,2,14
3248,Jaime Graca,1966,16,Mediocampista,6,6,0,0,0,0.0,0,0,5,0,1,3
3249,Jaime Magalhaes,1986,14,Mediocampista,2,1,0,1,0,0.0,0,0,0,0,2,17
7793,Jaime Moreno,1994,11,Delantero,2,0,0,1,0,0.0,0,0,0,0,2,21
7809,Jaime Ordiales,1998,20,Mediocampista,2,2,0,2,0,0.0,1,0,1,1,0,13
8426,Jaime Penedo,2018,1,Arquero,3,3,0,0,0,0.0,0,0,0,0,3,32
845,Jaime Portillo,1970,17,Delantero,1,1,0,2,0,0.0,0,0,0,0,1,16
735,Jaime Ramirez,1962,7,Delantero,6,6,0,0,2,0.33,0,0,4,0,2,3
735,Jaime Ramirez,1966,15,Delantero,0,0,0,3,0,0.0,0,0,0,0,0,13
8430,Jaime Rodriguez,1982,15,Defensor,3,3,0,0,0,0.0,0,0,0,0,3,24
7858,Jaime Salazar,1958,18,Mediocampista,0,0,0,3,0,0.0,0,0,0,0,0,16
2722,Jaime Silva,1962,9,Mediocampista,1,1,0,2,0,0.0,0,0,0,0,1,14
242,Jaime Villegas,1982,3,Defensor,3,3,0,0,0,0.0,0,0,0,2,1,18
1660,Jair,1950,-,Delantero,5,5,0,1,2,0.4,0,0,4,0,1,2
4902,Jair Da Costa,1962,18,Delantero,0,0,0,6,0,0.0,0,0,0,0,0,1
1662,Jair Marinho,1962,12,Defensor,0,0,0,6,0,0.0,0,0,0,0,0,1
2639,Jairo Arias,1962,22,Delantero,1,1,0,2,0,0.0,0,0,0,0,1,14
1663,Jairzinho,1966,17,Delantero,3,3,0,0,0,0.0,0,0,1,0,2,11
1663,Jairzinho,1970,7,Delantero,6,6,0,0,7,1.17,0,0,6,0,0,1
1663,Jairzinho,1974,7,Delantero,7,7,0,0,2,0.29,2,0,3,2,2,4
6055,Jakob Bender,1934,-,Delantero,2,2,0,2,0,0.0,0,0,1,0,1,3
4268,Jakob Poulsen,2010,14,Mediocampista,2,0,0,1,0,0.0,0,0,1,0,1,24
6291,Jakob Streitle,1938,-,Defensor,1,1,0,1,0,0.0,0,0,0,0,1,10
3086,Jakub Kaminski,2022,13,Mediocampista,4,2,0,0,0,0.0,0,0,1,1,2,15
3091,Jakub Kiwior,2022,14,Defensor,4,4,0,0,0,0.0,1,0,1,1,2,15
4121,Jalal Hosseini,2014,4,Defensor,3,3,0,0,0,0.0,0,0,0,1,2,28
7908,Jamal Al Qabandi,1982,4,Defensor,0,0,0,3,0,0.0,0,0,0,0,0,21
6227,Jamal Musiala,2022,14,Mediocampista,3,3,0,0,0,0.0,0,0,1,1,1,17
8401,Jamal Salami,1998,19,Mediocampista,1,0,0,2,0,0.0,0,0,1,0,0,18
7928,Jamba,2006,3,Defensor,3,3,0,0,0,0.0,1,0,0,2,1,23
5104,James Bannatyne,2010,23,Arquero,0,0,0,3,0,0.0,0,0,0,0,0,22
7316,James Holland,2014,16,Mediocampista,0,0,0,3,0,0.0,0,0,0,0,0,30
2346,James Holton,1974,5,Defensor,3,3,0,0,0,0.0,1,0,1,2,0,9
2481,James Lowery,1986,18,Mediocampista,1,0,0,2,0,0.0,0,0,0,0,1,24
1329,James Maddison,2022,25,Mediocampista,0,0,0,5,0,0.0,0,0,0,0,0,6
7343,James Meredith,2018,3,Defensor,0,0,0,3,0,0.0,0,0,0,0,0,30
1346,James Milner,2010,16,Mediocampista,3,3,0,1,0,0.0,1,0,1,1,1,13
1346,James Milner,2014,17,Mediocampista,1,1,0,2,0,0.0,0,0,0,1,0,26
4507,James Obiorah,2002,20,Mediocampista,1,1,0,2,0,0.0,0,0,0,1,0,27
2490,James Pantemis,2022,16,Arquero,0,0,0,3,0,0.0,0,0,0,0,0,31
2270,James Quinn,1986,9,Delantero,0,0,0,3,0,0.0,0,0,0,0,0,21
2715,James Rodríguez,2014,10,Mediocampista,5,4,0,0,6,1.2,1,0,4,0,1,5
2715,James Rodríguez,2018,10,Mediocampista,3,2,0,1,0,0.0,1,0,2,0,1,9
7374,James Troisi,2014,14,Mediocampista,2,0,0,1,0,0.0,0,0,0,0,2,30
1236,Jamie Carragher,2006,15,Defensor,4,2,0,1,0,0.0,1,0,2,2,0,7
1236,Jamie Carragher,2010,18,Defensor,2,1,0,2,0,0.0,2,0,0,2,0,13
7337,Jamie Maclaren,2018,14,Delantero,0,0,0,3,0,0.0,0,0,0,0,0,30
7337,Jamie Maclaren,2022,9,Delantero,3,0,0,1,0,0.0,0,0,2,0,1,11
1415,Jamie Vardy,2018,11,Delantero,4,1,0,3,0,0.0,0,0,1,1,2,4
4190,Jan Bartram,1986,20,Mediocampista,0,0,0,4,0,0.0,0,0,0,0,0,9
3031,Jan Bednarek,2018,5,Defensor,3,2,0,0,1,0.33,1,0,1,0,2,25
3031,Jan Bednarek,2022,5,Defensor,1,0,0,3,0,0.0,0,0,0,0,1,15
437,Jan Berger,1982,13,Mediocampista,2,2,0,1,0,0.0,0,0,0,1,1,19
6571,Jan Ceulemans,1982,11,Delantero,5,5,0,0,0,0.0,0,0,2,1,2,10
6571,Jan Ceulemans,1986,11,Mediocampista,7,7,7,0,3,0.43,1,0,2,2,3,4
6571,Jan Ceulemans,1990,11,Delantero,4,3,3,0,1,0.25,0,0,2,0,2,11
6610,Jan Diddens,1930,-,Mediocampista,2,2,0,0,0,0.0,0,0,0,0,2,11
6612,Jan Dockx,1970,6,Mediocampista,3,3,0,0,0,0.0,0,0,1,0,2,10
3050,Jan Domarski,1974,19,Delantero,3,1,0,4,0,0.0,0,0,2,0,1,3
795,Jan Durica,2010,16,Defensor,4,4,0,0,0,0.0,1,0,1,1,2,16
3384,Jan Eriksson,1990,2,Defensor,0,0,0,3,0,0.0,0,0,0,0,0,21
462,Jan Fiala,1982,3,Defensor,3,3,0,0,0,0.0,0,0,0,2,1,19
7400,Jan Fjortoft,1994,9,Delantero,2,2,0,1,0,0.0,0,0,1,0,1,17
3059,Jan Furtok,1986,22,Delantero,1,0,0,3,0,0.0,0,0,0,0,1,14
4218,Jan Heintze,1998,5,Defensor,5,3,0,0,0,0.0,0,0,2,1,2,8
4218,Jan Heintze,2002,5,Defensor,2,2,2,2,0,0.0,1,0,1,1,0,10
473,Jan Hertl,1954,14,Mediocampista,2,2,0,0,0,0.0,0,0,0,0,2,14
473,Jan Hertl,1958,15,Mediocampista,1,1,0,3,0,0.0,0,0,0,0,1,9
3078,Jan Jalocha,1982,7,Defensor,3,3,0,4,0,0.0,0,0,1,2,0,3
6424,Jan Jongbloed,1974,8,Arquero,7,7,0,0,0,0.0,0,0,5,1,1,2
6424,Jan Jongbloed,1978,8,Arquero,5,4,0,2,0,0.0,0,0,2,1,2,2
3088,Jan Karas,1986,9,Mediocampista,3,1,0,1,0,0.0,0,0,1,0,2,14
500,Jan Kocian,1990,5,Defensor,4,4,0,1,0,0.0,1,0,3,0,1,6
4596,Jan Koller,2006,9,Delantero,1,1,0,2,1,1.0,0,0,1,0,0,20
801,Jan Kozak,2010,8,Mediocampista,1,1,0,3,0,0.0,0,0,0,0,1,16
801,Jan Kozak,1982,7,Mediocampista,0,0,0,3,0,0.0,0,0,0,0,0,19
6435,Jan Kromkamp,2006,12,Defensor,0,0,0,4,0,0.0,0,0,0,0,0,11
519,Jan Lala,1962,2,Defensor,5,5,0,1,0,0.0,0,0,3,1,1,2
4254,Jan Michaelsen,2002,15,Mediocampista,0,0,0,4,0,0.0,0,0,0,0,0,10
4255,Jan Molby,1986,7,Mediocampista,4,1,0,0,0,0.0,0,0,3,0,1,9
4256,Jan Moller,1978,17,Arquero,0,0,0,3,0,0.0,0,0,0,0,0,13
804,Jan Mucha,2010,1,Arquero,4,4,0,0,0,0.0,1,0,1,1,2,16
3486,Jan Olsson,1970,20,Defensor,2,2,0,1,0,0.0,0,0,0,1,1,9
3486,Jan Olsson,1974,2,Defensor,4,4,0,2,0,0.0,0,0,1,2,1,5
550,Jan Pivarnik,1970,12,Defensor,0,0,0,3,0,0.0,0,0,0,0,0,15
555,Jan Polak,2006,19,Mediocampista,3,1,0,0,0,0.0,0,1,1,0,2,20
6464,Jan Poortvliet,1978,2,Defensor,6,6,0,1,0,0.0,0,0,2,2,2,2
557,Jan Popluhar,1958,16,Defensor,3,3,0,1,0,0.0,0,0,1,1,1,9
557,Jan Popluhar,1962,3,Defensor,6,6,0,0,0,0.0,0,0,3,1,2,2
563,Jan Riha,1938,-,Delantero,2,2,0,1,0,0.0,0,0,1,1,0,5
581,Jan Stejskal,1990,1,Arquero,5,5,0,0,0,0.0,0,0,3,0,2,6
3170,Jan Tomaszewski,1974,2,Arquero,7,7,0,0,0,0.0,0,0,6,0,1,3
3170,Jan Tomaszewski,1978,1,Arquero,4,4,0,2,0,0.0,0,0,2,1,1,5
3172,Jan Urban,1986,8,Delantero,4,3,0,0,0,0.0,0,0,1,1,2,14
6506,Jan Van Diepenbeek,1934,-,Defensor,0,0,0,1,0,0.0,0,0,0,0,0,9
6525,Jan Vennegoor Of Hesselink,2006,19,Delantero,1,0,0,3,0,0.0,0,0,0,0,1,11
6740,Jan Verheyen,1970,17,Mediocampista,0,0,0,3,0,0.0,0,0,0,0,0,10
6748,Jan Vertonghen,2014,5,Defensor,5,4,1,0,1,0.2,1,0,4,0,1,6
6748,Jan Vertonghen,2018,5,Defensor,6,6,0,1,1,0.17,2,0,5,0,1,3
6748,Jan Vertonghen,2022,5,Defensor,3,3,0,0,0,0.0,0,0,1,1,1,23
3175,Jan Wasiewicz,1938,-,Mediocampista,0,0,0,1,0,0.0,0,0,0,0,0,11
6540,Jan Wouters,1990,6,Mediocampista,4,4,0,0,0,0.0,1,0,0,3,1,15
6540,Jan Wouters,1994,6,Mediocampista,4,4,0,1,0,0.0,3,0,2,0,2,7
600,Jan Zlocha,1970,15,Defensor,1,1,0,2,0,0.0,0,0,0,0,1,15
4289,Jannik Vestergaard,2018,3,Defensor,0,0,0,4,0,0.0,0,0,0,0,0,11
7518,Janos Dudas,1934,-,Mediocampista,0,0,0,2,0,0.0,0,0,0,0,0,6
7518,Janos Dudas,1938,-,Mediocampista,0,0,0,4,0,0.0,0,0,0,0,0,2
7520,Janos Farkas,1962,16,Delantero,0,0,0,4,0,0.0,0,0,0,0,0,5
7520,Janos Farkas,1966,10,Delantero,4,4,0,0,1,0.25,0,0,2,0,2,6
7530,Janos Gorocs,1962,8,Mediocampista,2,2,0,2,0,0.0,0,0,1,1,0,5
3106,Janusz Kupcewicz,1978,13,Defensor,0,0,0,6,0,0.0,0,0,0,0,0,5
3106,Janusz Kupcewicz,1982,3,Defensor,5,5,0,2,1,0.2,0,0,3,1,1,3
7237,Jaouhar Mnari,2006,12,Mediocampista,3,3,0,0,1,0.33,1,0,0,1,2,24
7663,Jared Borgetti,2002,9,Delantero,4,4,0,0,2,0.5,0,0,2,1,1,11
7663,Jared Borgetti,2006,9,Delantero,2,2,0,2,0,0.0,0,0,1,0,1,15
441,Jaromir Blazek,2006,16,Arquero,0,0,0,3,0,0.0,0,0,0,0,0,20
443,Jaroslav Borovicka,1958,10,Delantero,3,3,0,1,0,0.0,0,0,1,0,2,9
443,Jaroslav Borovicka,1962,20,Delantero,0,0,0,6,0,0.0,0,0,0,0,0,2
444,Jaroslav Boucek,1934,-,Mediocampista,0,0,0,4,0,0.0,0,0,0,0,0,2
444,Jaroslav Boucek,1938,-,Mediocampista,3,3,0,0,0,0.0,0,0,1,1,1,5
447,Jaroslav Burgr,1934,-,Defensor,1,1,0,3,0,0.0,0,0,1,0,0,2
447,Jaroslav Burgr,1938,-,Defensor,3,3,1,0,0,0.0,0,0,1,1,1,5
505,Jaroslav Kosnar,1954,19,Delantero,0,0,0,2,0,0.0,0,0,0,0,0,14
552,Jaroslav Plasil,2006,20,Mediocampista,3,3,0,0,0,0.0,0,0,1,0,2,20
556,Jaroslav Pollak,1970,17,Mediocampista,1,1,0,2,0,0.0,0,0,0,0,1,15
7920,Jasem Sultan,1982,9,Delantero,2,2,0,1,0,0.0,0,0,0,1,1,21
8015,Jasmin Fejzic,2014,12,Arquero,0,0,0,3,0,0.0,0,0,0,0,0,20
3788,Jasmin Handanovic,2010,12,Arquero,0,0,0,3,0,0.0,0,0,0,0,0,18
7299,Jason Culina,2006,5,Mediocampista,4,4,0,0,0,0.0,1,0,1,1,2,16
7299,Jason Culina,2010,5,Mediocampista,3,3,0,0,0,0.0,0,0,1,1,1,21
8418,Jason Cummings,2022,25,Delantero,1,0,0,3,0,0.0,0,0,0,0,1,11
7302,Jason Davidson,2014,3,Defensor,3,3,0,0,0,0.0,0,0,0,0,3,30
7470,Jason Mcateer,1994,21,Mediocampista,4,1,0,0,0,0.0,0,0,1,1,2,16
7470,Jason Mcateer,2002,7,Mediocampista,2,1,0,2,0,0.0,1,0,1,1,0,12
618,Jason Scotland,2006,20,Delantero,0,0,0,3,0,0.0,0,0,0,0,0,27
6375,Jasper Cillessen,2014,1,Arquero,7,7,0,0,0,0.0,0,0,5,2,0,3
7911,Jassem Bahman,1982,22,Arquero,0,0,0,3,0,0.0,0,0,0,0,0,21
6341,Jassem Gaber,2022,25,Mediocampista,0,0,0,3,0,0.0,0,0,0,0,0,32
1664,Jau,1938,-,Defensor,1,1,0,4,0,0.0,0,0,1,0,0,3
4130,Javad Kazemeian,2006,17,Delantero,0,0,0,3,0,0.0,0,0,0,0,0,26
4154,Javad Nekounam,2006,6,Mediocampista,2,2,0,1,0,0.0,2,0,0,0,2,26
4154,Javad Nekounam,2014,6,Mediocampista,3,3,3,0,0,0.0,1,0,0,1,2,28
4183,Javad Zarincheh,1998,17,Defensor,3,3,0,0,0,0.0,1,0,1,0,2,20
7636,Javier Aguirre,1986,13,Delantero,5,5,0,0,0,0.0,1,1,3,2,0,6
5807,Javier Ambrois,1954,19,Delantero,4,4,0,1,1,0.25,0,0,3,0,1,4
7645,Javier Aquino,2014,20,Mediocampista,1,0,0,3,0,0.0,0,0,0,0,1,10
7645,Javier Aquino,2018,20,Mediocampista,0,0,0,4,0,0.0,0,0,0,0,0,12
7676,Javier Cardenas,1978,16,Mediocampista,1,1,0,2,0,0.0,0,0,0,0,1,16
7721,Javier Fragoso,1966,10,Delantero,1,1,0,2,0,0.0,0,0,0,1,0,12
7721,Javier Fragoso,1970,21,Delantero,4,4,0,0,1,0.25,0,0,2,1,1,6
2167,Javier Gonzales,1970,15,Defensor,1,0,0,3,0,0.0,0,0,1,0,0,7
7746,Javier Guzman,1970,14,Defensor,4,4,0,0,0,0.0,0,0,2,1,1,6
7753,Javier Hernandez,2010,14,Delantero,4,1,0,0,2,0.5,1,0,1,1,2,14
7753,Javier Hernandez,2014,14,Delantero,4,0,0,0,1,0.25,0,0,2,1,1,10
7753,Javier Hernandez,2018,14,Delantero,4,4,0,0,1,0.25,0,0,2,0,2,12
7753,Javier Hernandez,1986,19,Delantero,0,0,0,5,0,0.0,0,0,0,0,0,6
701,Javier Margas,1998,5,Defensor,4,4,0,0,0,0.0,0,0,0,3,1,16
7780,Javi Martinez,2010,20,Mediocampista,1,0,0,6,0,0.0,0,0,1,0,0,1
5314,Javier Mascherano,2006,8,Mediocampista,5,5,0,0,0,0.0,2,0,3,2,0,6
5314,Javier Mascherano,2010,14,Mediocampista,4,4,4,1,0,0.0,2,0,3,0,1,5
5314,Javier Mascherano,2014,14,Mediocampista,7,7,0,0,0,0.0,1,0,5,1,1,2
5314,Javier Mascherano,2018,14,Mediocampista,4,4,0,0,0,0.0,2,0,1,1,2,16
5351,Javier Pastore,2010,23,Mediocampista,3,0,0,2,0,0.0,0,0,2,0,1,5
5401,Javier Saviola,2006,7,Delantero,3,3,0,2,1,0.33,1,0,3,0,0,6
239,Javier Toledo,1982,8,Mediocampista,0,0,0,3,0,0.0,0,0,0,0,0,18
7883,Javier Valdivia,1970,19,Delantero,4,4,0,0,2,0.5,1,0,2,1,1,6
7885,Javier Vargas,1966,22,Arquero,0,0,0,3,0,0.0,0,0,0,0,0,12
5795,Javier Zanetti,1998,22,Defensor,5,5,0,0,1,0.2,0,0,3,1,1,6
4080,Jawad Allahwardi,1978,5,Defensor,1,1,0,2,0,0.0,0,0,0,0,1,14
8356,Jawad El-Yamiq,2022,18,Defensor,6,3,0,1,0,0.0,0,0,3,1,2,4
2782,Jay Demerit,2010,15,Defensor,4,4,0,0,0,0.0,1,0,1,2,1,12
4517,Jay Jay Okocha,1994,10,Mediocampista,3,1,0,1,0,0.0,0,0,1,0,2,9
4517,Jay Jay Okocha,1998,10,Mediocampista,3,3,0,1,0,0.0,2,0,2,0,1,12
4517,Jay Jay Okocha,2002,10,Mediocampista,3,3,3,0,0,0.0,0,0,0,1,2,27
3853,Jean-Alain Boumsong,2006,2,Defensor,0,0,0,7,0,0.0,0,0,0,0,0,2
3833,Jean Bastien,1938,-,Mediocampista,2,2,0,0,0,0.0,0,0,1,0,1,8
636,Jean Beausejour,2010,15,Delantero,4,4,0,0,1,0.25,0,0,2,0,2,10
636,Jean Beausejour,2014,15,Mediocampista,2,0,0,2,1,0.5,0,0,1,0,1,9
6561,Jean Brichaut,1934,-,Delantero,0,0,0,1,0,0.0,0,0,0,0,0,15
6564,Jean Capelle,1934,-,Delantero,1,1,0,0,0,0.0,0,0,0,0,1,15
6564,Jean Capelle,1938,-,Delantero,0,0,0,1,0,0.0,0,0,0,0,0,13
3866,Jean Castaneda,1982,21,Arquero,1,1,0,6,0,0.0,0,0,0,0,1,4
875,Jean-Charles Castelletto,2022,21,Defensor,2,2,0,1,1,0.5,0,0,0,1,1,19
6576,Jean Claessens,1934,-,Mediocampista,1,1,0,0,0,0.0,0,0,0,0,1,15
2440,Jean Claude Desir,1974,8,Mediocampista,3,3,0,0,0,0.0,0,0,0,0,3,15
967,Jean Claude Pagal,1990,13,Mediocampista,3,1,0,2,0,0.0,0,0,1,0,2,7
4010,Jean Claude Piumi,1966,18,Mediocampista,0,0,0,3,0,0.0,0,0,0,0,0,13
8183,Jean-Claude Schindelholz,1966,17,Delantero,1,1,0,2,0,0.0,0,0,0,0,1,16
6760,Jean-Daniel Akpa-Akpro,2014,7,Defensor,0,0,0,3,0,0.0,0,0,0,0,0,21
6586,Jean De Bie,1930,-,Arquero,0,0,0,2,0,0.0,0,0,0,0,0,11
6589,Jean De Clerq,1930,-,Mediocampista,1,1,0,1,0,0.0,0,0,0,0,1,11
3904,Jean Djorkaeff,1966,12,Defensor,3,3,0,0,0,0.0,0,0,0,1,2,13
6620,Jean Fievez,1938,-,Delantero,0,0,0,1,0,0.0,0,0,0,0,0,13
6593,Jean Francois De Sart,1990,15,Defensor,0,0,0,4,0,0.0,0,0,0,0,0,11
3964,Jean-Francois Larios,1982,13,Mediocampista,2,2,0,5,0,0.0,0,0,0,0,2,4
2437,Jean-Hubert Austin,1974,19,Mediocampista,0,0,0,3,0,0.0,0,0,0,0,0,15
6782,Jean Jacques Gosso,2010,12,Mediocampista,0,0,0,3,0,0.0,0,0,0,0,0,17
3986,Jean-Jacques Marcel,1954,12,Mediocampista,2,2,0,0,0,0.0,0,0,1,0,1,9
3986,Jean-Jacques Marcel,1958,12,Mediocampista,5,5,0,1,0,0.0,0,0,4,0,1,3
6797,Jean-Jacques Tizie,2006,1,Arquero,2,2,0,1,0,0.0,0,0,0,0,2,19
3965,Jean Laurent,1930,-,Mediocampista,0,0,0,3,0,0.0,0,0,0,0,0,7
3909,Jean-Luc Ettori,1982,22,Arquero,6,6,0,1,0,0.0,0,0,3,2,1,4
6705,Jean-Maire Trappeniers,1970,12,Arquero,0,0,0,3,0,0.0,0,0,0,0,0,10
922,Jean Makoun,2010,11,Mediocampista,3,2,0,0,0,0.0,0,0,0,0,3,31
922,Jean Makoun,2014,11,Mediocampista,1,0,0,2,0,0.0,0,0,0,0,1,32
3913,Jean-Marc Ferreri,1986,11,Mediocampista,4,1,0,3,1,0.25,0,0,3,1,0,3
3933,Jean-Marc Guillou,1978,10,Mediocampista,1,1,0,2,0,0.0,0,0,0,0,1,12
6679,Jean-Marie Pfaff,1982,1,Arquero,3,3,0,2,0,0.0,1,0,2,1,0,10
6679,Jean-Marie Pfaff,1986,1,Arquero,7,7,0,0,0,0.0,1,0,2,2,3,4
3998,Jean Nicolas,1934,-,Delantero,1,1,0,0,1,1.0,0,0,0,0,1,9
3998,Jean Nicolas,1938,-,Delantero,2,2,0,0,2,1.0,0,0,1,0,1,8
963,Jean Onana,1982,5,Defensor,3,3,0,0,0,0.0,0,0,0,3,0,17
6902,Jean-Paul Abalo,2006,3,Defensor,2,2,2,1,0,0.0,0,1,0,0,2,30
3845,Jean-Paul Bertrand-Demanes,1978,21,Arquero,2,2,0,1,0,0.0,0,0,0,0,2,12
6678,Jean Petit,1978,13,Mediocampista,1,1,0,2,0,0.0,0,0,1,0,0,12
6678,Jean Petit,1938,-,Defensor,0,0,0,1,0,0.0,0,0,0,0,0,13
462,Jean Pierre Fiala Fiala,1994,18,Mediocampista,0,0,0,3,0,0.0,0,0,0,0,0,22
956,Jean-Pierre Nsame,2022,9,Delantero,0,0,0,3,0,0.0,0,0,0,0,0,19
4002,Jean-Pierre Papin,1986,17,Delantero,4,4,0,3,2,0.5,0,0,3,1,0,3
980,Jean-Pierre Tokoto,1982,10,Delantero,3,1,0,0,0,0.0,0,0,0,3,0,17
8209,Jean Tamini,1950,-,Delantero,3,3,0,0,0,0.0,0,0,1,1,1,6
6703,Jean Thissen,1970,3,Defensor,3,3,0,0,0,0.0,1,0,1,0,2,10
4053,Jean Tigana,1982,14,Mediocampista,5,4,0,2,0,0.0,1,0,2,1,2,4
4053,Jean Tigana,1986,14,Mediocampista,7,7,0,0,1,0.14,0,0,4,2,1,3
6727,Jean Van Steen,1954,21,Mediocampista,0,0,0,2,0,0.0,0,0,0,0,0,12
4070,Jean Vincent,1954,22,Delantero,2,2,0,0,1,0.5,0,0,1,0,1,9
4070,Jean Vincent,1958,21,Delantero,6,6,0,0,1,0.17,0,0,4,0,2,3
2739,Jeff Agoos,1998,12,Defensor,0,0,0,3,0,0.0,0,0,0,0,0,32
2739,Jeff Agoos,2002,12,Defensor,3,3,0,2,0,0.0,1,0,1,1,1,8
1201,Jeff Astle,1970,22,Delantero,2,1,0,2,0,0.0,0,0,1,0,1,8
6718,Jeff Van Der Linden,1954,18,Defensor,0,0,0,2,0,0.0,0,0,0,0,0,12
1665,Jefferson,2014,1,Arquero,0,0,0,7,0,0.0,0,0,0,0,0,4
2156,Jefferson Farfán,2018,10,Delantero,2,1,0,1,0,0.0,0,0,0,0,2,20
2685,Jefferson Lerma,2018,16,Mediocampista,4,2,0,0,0,0.0,0,0,2,1,1,9
50,Jefferson Montero,2014,7,Mediocampista,3,3,0,0,0,0.0,1,0,1,1,1,17
993,Jehoshua Faigenbaum,1970,9,Delantero,3,3,0,0,0,0.0,0,0,0,2,1,12
7507,Jeno Buzanszky,1954,2,Defensor,5,5,0,0,0,0.0,0,0,4,0,1,2
7631,Jeno Vincze,1934,-,Delantero,1,1,0,1,1,1.0,0,0,1,0,0,6
7631,Jeno Vincze,1938,-,Delantero,2,2,0,2,0,0.0,0,0,1,0,1,2
4194,Jens Bertelsen,1986,12,Defensor,3,3,0,1,0,0.0,0,0,2,0,1,9
6159,Jens Jeremies,1998,13,Mediocampista,3,3,0,2,0,0.0,1,0,1,1,1,7
6159,Jens Jeremies,2002,16,Mediocampista,7,2,0,0,0,0.0,1,0,5,1,1,2
6197,Jens Lehmann,1998,22,Arquero,0,0,0,5,0,0.0,0,0,0,0,0,7
6197,Jens Lehmann,2002,12,Arquero,0,0,0,7,0,0.0,0,0,0,0,0,2
6197,Jens Lehmann,2006,1,Arquero,6,6,0,1,0,0.0,0,0,4,1,1,3
6236,Jens Nowotny,2006,6,Defensor,1,1,0,6,0,0.0,0,0,1,0,0,3
4241,Jens Stryger Larsen,2018,17,Defensor,3,3,0,1,0,0.0,0,0,1,2,0,11
4241,Jens Stryger Larsen,2022,17,Defensor,0,0,0,3,0,0.0,0,0,0,0,0,28
6971,Jeong-Ho Hong,2014,20,Defensor,3,3,0,0,0,0.0,1,0,0,1,2,27
7029,Jeong Woon Ko,1994,10,Mediocampista,3,3,0,0,0,0.0,1,0,0,2,1,20
6441,Jeremain Lens,2014,17,Delantero,4,1,0,3,0,0.0,0,0,3,1,0,3
6404,Jeremie Frimpong,2022,26,Defensor,0,0,0,5,0,0.0,0,0,0,0,0,5
5110,Jeremy Brockie,2010,22,Delantero,1,0,0,2,0,0.0,0,0,0,1,0,22
5112,Jeremy Christie,2010,21,Mediocampista,2,0,0,1,0,0.0,0,0,0,2,0,22
6613,Jeremy Doku,2022,25,Delantero,1,0,0,2,0,0.0,0,0,0,1,0,23
70,Jeremy Sarmiento,2022,16,Mediocampista,3,0,0,0,0,0.0,0,0,1,1,1,18
4055,Jeremy Toulalan,2010,14,Mediocampista,2,2,0,1,0,0.0,2,0,0,1,1,29
1116,Jerko Leko,2006,16,Mediocampista,2,0,0,1,0,0.0,0,0,0,1,1,22
1256,Jermain Defoe,2010,19,Delantero,3,2,0,1,1,0.33,0,0,1,1,1,13
1308,Jermaine Jenas,2006,17,Mediocampista,0,0,0,5,0,0.0,0,0,0,0,0,7
7321,Jermaine Jones,2014,13,Mediocampista,4,4,0,0,1,0.25,1,0,1,1,2,15
6060,Jérôme Boateng,2010,20,Defensor,5,5,0,2,0,0.0,0,0,4,0,1,3
6060,Jérôme Boateng,2014,20,Defensor,7,7,0,0,0,0.0,0,0,6,1,0,1
6060,Jérôme Boateng,2018,17,Defensor,2,2,0,1,0,0.0,0,1,1,0,1,22
949,Jerome Ngom Mbekeli,2022,2,Delantero,1,0,0,2,0,0.0,0,0,1,0,0,19
192,Jerry Bengtson,2014,11,Delantero,3,3,0,0,0,0.0,1,0,0,0,3,31
8287,Jerry Sikhosana,1998,14,Delantero,1,0,0,2,0,0.0,0,0,0,1,0,24
1992,Jervis Drummond,2002,2,Defensor,0,0,0,3,0,0.0,0,0,0,0,0,19
1992,Jervis Drummond,2006,2,Defensor,2,1,0,1,0,0.0,0,0,0,0,2,31
3051,Jerzy Dudek,2002,1,Arquero,2,2,0,1,0,0.0,0,0,0,0,2,25
3069,Jerzy Gorgon,1974,6,Defensor,7,7,0,0,1,0.14,1,0,6,0,1,3
3069,Jerzy Gorgon,1978,6,Defensor,5,5,0,1,0,0.0,1,0,3,1,1,5
4221,Jes Hogh,1998,4,Defensor,5,5,0,0,0,0.0,1,0,2,1,2,8
3363,Jesper Blomqvist,1994,21,Mediocampista,2,1,0,5,0,0.0,0,0,0,2,0,3
4201,Jesper Christiansen,2002,22,Arquero,0,0,0,4,0,0.0,0,0,0,0,0,10
4201,Jesper Christiansen,2010,22,Arquero,0,0,0,3,0,0.0,0,0,0,0,0,24
4217,Jesper Gronkjaer,2002,8,Delantero,4,3,0,0,0,0.0,0,0,2,1,1,10
4217,Jesper Gronkjaer,2010,8,Delantero,2,1,0,1,0,0.0,0,0,1,0,1,24
4248,Jesper Lindstrom,2022,25,Mediocampista,3,2,0,0,0,0.0,0,0,0,1,2,28
4265,Jesper Olsen,1986,8,Mediocampista,4,3,0,0,3,0.75,0,0,3,0,1,9
1326,Jesse Lingard,2018,7,Mediocampista,6,5,0,1,1,0.17,1,0,3,1,2,4
7648,Jesus Arellano,1998,21,Delantero,4,0,0,0,0,0.0,0,0,1,2,1,13
7648,Jesus Arellano,2002,21,Delantero,3,3,0,1,0,0.0,1,0,1,1,1,11
7648,Jesus Arellano,2006,21,Delantero,1,0,0,3,0,0.0,0,0,0,1,0,15
4697,Jesus Bermudez,1930,-,Arquero,2,2,0,0,0,0.0,0,0,0,0,2,12
7684,Jesus Castro,1930,-,Delantero,0,0,0,3,0,0.0,0,0,0,0,0,13
7694,José de Jesús Corona,2006,12,Arquero,0,0,0,4,0,0.0,0,0,0,0,0,15
7694,José de Jesús Corona,2014,1,Arquero,0,0,0,4,0,0.0,0,0,0,0,0,10
7694,José de Jesús Corona,2018,1,Arquero,0,0,0,4,0,0.0,0,0,0,0,0,12
7705,Jesus Del Muro,1958,2,Defensor,3,3,0,0,0,0.0,0,0,0,1,2,16
7705,Jesus Del Muro,1962,2,Defensor,3,3,0,0,0,0.0,0,0,1,0,2,11
7705,Jesus Del Muro,1966,4,Defensor,1,1,0,2,0,0.0,0,0,0,0,1,12
2796,Jesus Ferreira,2022,9,Delantero,1,1,0,3,0,0.0,0,0,0,0,1,14
7726,Jesús Gallardo,2018,23,Mediocampista,4,4,0,0,0,0.0,1,0,2,0,2,12
7726,Jesús Gallardo,2022,23,Defensor,3,3,0,0,0,0.0,0,0,1,1,1,22
5270,Jesus Glaria,1966,6,Mediocampista,1,1,0,2,0,0.0,1,0,0,0,1,10
2171,Jesus Goyzueta,1970,21,Arquero,0,0,0,4,0,0.0,0,0,0,0,0,7
7693,Jesús Manuel Corona,2018,17,Delantero,2,0,0,2,0,0.0,0,0,1,0,1,12
7780,Jesus Martinez,1978,12,Defensor,2,2,0,1,0,0.0,0,0,0,0,2,16
5003,Jesus Navas,2010,22,Delantero,3,1,0,4,0,0.0,0,0,2,0,1,1
5061,Jesus Satrustegui,1982,9,Delantero,4,4,0,1,0,0.0,0,0,1,2,1,12
5097,Jesus Zamora,1982,10,Mediocampista,4,4,0,1,1,0.25,1,0,1,2,1,12
1968,Jewison Bennette,2022,9,Mediocampista,3,1,0,0,0,0.0,0,0,1,0,2,27
48,Jhegson Méndez,2022,20,Mediocampista,2,2,0,1,0,0.0,2,0,1,1,0,18
232,Johnny Palacios,2010,4,Defensor,0,0,0,3,0,0.0,0,0,0,0,0,30
6927,Ji Hoon Baek,2006,15,Mediocampista,0,0,0,3,0,0.0,0,0,0,0,0,17
7004,Ji Sung Kim,1954,15,Mediocampista,1,1,0,1,0,0.0,0,0,0,0,1,16
7075,Ji Sung Park,2002,21,Mediocampista,7,7,0,0,1,0.14,1,0,3,2,2,4
7075,Ji Sung Park,2006,7,Mediocampista,3,3,0,0,1,0.33,0,0,1,1,1,17
7075,Ji Sung Park,2010,7,Mediocampista,4,4,4,0,1,0.25,0,0,1,1,2,15
5504,Jiayi Shao,2002,6,Mediocampista,2,0,0,1,0,0.0,0,1,0,0,2,31
5506,Jihai Sun,2002,7,Defensor,1,1,0,2,0,0.0,0,0,0,0,1,31
8359,Jilali Fadili,1970,13,Defensor,2,1,0,1,0,0.0,0,0,0,1,1,14
2287,Jim Bett,1986,10,Mediocampista,0,0,0,3,0,0.0,0,0,0,0,0,19
2287,Jim Bett,1990,8,Mediocampista,1,1,0,2,0,0.0,0,0,0,0,1,18
2761,Jim Brown,1930,-,Delantero,3,3,0,0,1,0.33,0,0,2,0,1,3
2236,Jim Cleary,1982,20,Mediocampista,0,0,0,5,0,0.0,0,0,0,0,0,9
2804,Jim Gentle,1930,-,Delantero,0,0,0,3,0,0.0,0,0,0,0,0,3
2361,Jim Leighton,1982,22,Arquero,0,0,0,3,0,0.0,0,0,0,0,0,15
2361,Jim Leighton,1986,1,Arquero,3,3,0,0,0,0.0,0,0,0,1,2,19
2361,Jim Leighton,1990,1,Arquero,3,3,0,0,0,0.0,0,0,1,0,2,18
2361,Jim Leighton,1998,1,Arquero,3,3,0,0,0,0.0,0,0,0,1,2,27
2269,Jim Platt,1982,17,Arquero,1,1,0,4,0,0.0,0,0,0,1,0,9
2269,Jim Platt,1986,12,Arquero,0,0,0,3,0,0.0,0,0,0,0,0,21
2407,Jim Stewart,1974,13,Arquero,0,0,0,3,0,0.0,0,0,0,0,0,9
6488,Jim Taylor,1950,-,Defensor,0,0,0,3,0,0.0,0,0,0,0,0,8
1199,Jimmy Armfield,1962,2,Defensor,4,4,0,0,0,0.0,0,0,1,1,2,8
1199,Jimmy Armfield,1966,14,Defensor,0,0,0,6,0,0.0,0,0,0,0,0,1
2748,Jimmy Banks,1990,4,Defensor,2,2,0,1,0,0.0,2,0,0,0,2,23
2288,Jimmy Binning,1954,19,Delantero,0,0,0,2,0,0.0,0,0,0,0,0,15
2290,Jimmy Blyth,1978,12,Arquero,0,0,0,3,0,0.0,0,0,0,0,0,11
2773,Jimmy Conrad,2006,13,Defensor,2,1,0,1,0,0.0,0,0,0,1,1,25
7302,Jimmy Davidson,1954,6,Defensor,2,2,0,0,0,0.0,0,0,0,0,2,15
1258,Jimmy Dickinson,1950,-,Mediocampista,3,3,0,0,0,0.0,0,0,1,0,2,8
1258,Jimmy Dickinson,1954,6,Mediocampista,3,3,0,0,0,0.0,0,0,1,1,1,7
2791,Jimmy Douglas,1930,-,Arquero,3,3,0,0,0,0.0,0,0,2,0,1,3
3373,Jimmy Durmaz,2018,21,Mediocampista,1,0,0,4,0,0.0,0,0,0,0,1,7
6412,Jimmy Floyd Hasselbaink,1998,21,Delantero,2,1,0,5,0,0.0,0,0,0,2,0,4
2802,Jimmy Gallagher,1930,-,Mediocampista,3,3,0,0,0,0.0,0,0,2,0,1,3
2802,Jimmy Gallagher,1934,-,Mediocampista,0,0,0,1,0,0.0,0,0,0,0,0,16
1284,Jimmy Greaves,1962,8,Delantero,4,4,0,0,1,0.25,0,0,1,1,2,8
1284,Jimmy Greaves,1966,8,Delantero,3,3,0,3,0,0.0,0,0,2,1,0,1
2354,Jimmy Johnstone,1974,7,Mediocampista,0,0,0,3,0,0.0,0,0,0,0,0,9
7336,Jimmy Mackay,1974,8,Mediocampista,3,3,0,0,0,0.0,1,0,0,1,2,14
2257,Jimmy Mcilroy,1958,10,Mediocampista,5,5,0,0,0,0.0,0,0,2,1,2,7
7344,Jimmy Milisavljevic,1974,21,Arquero,0,0,0,3,0,0.0,0,0,0,0,0,14
1350,Jimmy Mullen,1950,-,Delantero,2,2,0,1,0,0.0,0,0,1,0,1,8
1350,Jimmy Mullen,1954,17,Delantero,1,1,0,2,1,1.0,0,0,1,0,0,7
2392,Jimmy Murray,1958,16,Delantero,2,2,0,1,1,0.5,0,0,0,1,1,14
2264,Jimmy Nicholl,1982,2,Defensor,5,5,0,0,0,0.0,0,0,1,3,1,9
2264,Jimmy Nicholl,1986,2,Defensor,3,3,0,0,0,0.0,0,0,0,1,2,21
7359,Jimmy Rooney,1974,7,Mediocampista,3,3,0,0,0,0.0,0,0,0,1,2,14
236,Jimmy Steward,1982,22,Arquero,0,0,0,3,0,0.0,0,0,0,0,0,18
6945,Jin Cheul Choi,2002,4,Defensor,6,6,0,1,0,0.0,1,0,3,2,1,4
6945,Jin Cheul Choi,2006,4,Defensor,3,3,0,0,0,0.0,1,0,1,1,1,17
6940,Jin Ho Cho,1994,15,Mediocampista,1,1,0,2,0,0.0,0,0,0,0,1,20
7006,Jin-hyeon Kim,2018,21,Arquero,0,0,0,3,0,0.0,0,0,0,0,0,19
5496,Jin Jiang,2002,22,Arquero,3,3,1,0,0,0.0,0,0,0,0,3,31
7005,Jin Kyu Kim,2006,6,Defensor,2,2,0,1,0,0.0,1,0,1,0,1,17
7987,Jin-su Kim,2022,3,Defensor,4,4,0,0,0,0.0,0,0,1,1,2,16
449,Jiri Cadek,1958,3,Mediocampista,1,1,0,3,0,0.0,0,0,0,0,1,9
461,Jiri Feureisl,1958,14,Delantero,3,3,0,1,1,0.33,0,0,1,1,1,9
475,Jiri Hledik,1954,13,Mediocampista,1,1,0,1,0,0.0,0,0,0,0,1,14
538,Jiri Nemec,1990,13,Mediocampista,0,0,0,5,0,0.0,0,0,0,0,0,6
547,Jiri Pesek,1954,11,Delantero,1,1,0,1,0,0.0,0,0,0,0,1,14
577,Jiri Sobotka,1934,-,Delantero,4,4,0,0,0,0.0,0,0,3,0,1,2
579,Jiri Stajner,2006,17,Mediocampista,3,0,0,0,0,0.0,0,0,1,0,2,20
7616,Jiri Tichy,1962,12,Defensor,1,1,0,5,0,0.0,0,0,0,0,1,2
587,Jiri Trnka,1954,5,Defensor,2,2,0,0,0,0.0,0,0,0,0,2,14
6986,Jo,2014,21,Delantero,3,1,0,4,0,0.0,1,0,0,2,1,4
6547,Jo Backaert,1954,19,Mediocampista,0,0,0,2,0,0.0,0,0,0,0,0,12
4186,Joachim Andersen,2022,2,Defensor,3,3,0,0,0,0.0,0,0,0,1,2,28
3362,Joachim Bjorklund,1994,4,Defensor,6,6,0,1,0,0.0,0,0,3,2,1,3
2509,Joachim Fritsche,1974,5,Defensor,0,0,0,6,0,0.0,0,0,0,0,0,6
2522,Joachim Streich,1974,11,Delantero,4,4,0,2,2,0.5,1,0,1,2,1,6
7847,Joahan Rodriguez,2002,18,Mediocampista,3,3,0,1,0,0.0,0,0,1,1,1,11
4253,Joakim Maehle,2022,5,Defensor,3,3,0,0,0,0.0,0,0,0,1,2,28
3474,Joakim Nilsson,1990,14,Mediocampista,3,3,0,0,0,0.0,1,0,0,0,3,21
4887,Joan Capdevila,2010,11,Defensor,7,7,0,0,0,0.0,1,0,6,0,1,1
5063,Joan Segarra,1962,20,Defensor,1,1,1,2,0,0.0,0,0,0,0,1,12
3204,João Cancelo,2022,20,Defensor,4,3,0,1,0,0.0,0,0,2,0,2,8
3229,João Félix,2022,11,Delantero,4,4,0,1,1,0.25,1,0,3,0,1,8
3264,João Mário,2018,10,Mediocampista,4,3,0,0,0,0.0,0,0,1,2,1,13
3264,João Mário,2022,17,Mediocampista,2,1,0,3,0,0.0,0,0,1,0,1,8
3273,João Moutinho,2014,8,Mediocampista,3,3,0,0,0,0.0,1,0,1,1,1,18
3273,João Moutinho,2018,8,Mediocampista,3,2,0,1,0,0.0,0,0,1,2,0,13
3283,João Palhinha,2022,6,Mediocampista,3,0,0,2,0,0.0,0,0,2,0,1,8
3294,João Pereira,2014,21,Defensor,3,3,0,0,0,0.0,1,0,1,1,1,18
3250,Joao Pinto,2002,8,Delantero,3,3,0,0,0,0.0,0,1,1,0,2,21
3250,Joao Pinto,1986,2,Defensor,0,0,0,3,0,0.0,0,0,0,0,0,17
7929,Joao Ricardo,2006,1,Arquero,3,3,0,0,0,0.0,1,0,0,2,1,23
67,Joao Rojas,2014,9,Delantero,1,0,0,2,0,0.0,0,0,0,0,1,17
4954,Joaquin,2002,22,Mediocampista,2,2,0,3,0,0.0,0,0,1,1,0,5
4954,Joaquin,2006,17,Mediocampista,3,1,0,1,0,0.0,0,0,2,0,1,9
4954,Joaquin,1982,8,Mediocampista,1,1,0,4,0,0.0,0,0,0,1,0,12
2420,Joaquin Arias,1938,-,Mediocampista,3,3,0,0,0,0.0,0,0,1,1,1,7
7706,Joaquin Del Olmo,1994,14,Mediocampista,3,3,0,1,0,0.0,2,0,1,1,1,13
5019,Joaquin Peiro,1962,12,Delantero,2,2,0,1,1,0.5,0,0,1,0,1,12
5019,Joaquin Peiro,1966,20,Delantero,2,2,0,1,0,0.0,0,0,1,0,1,10
857,Joaquin Ventura,1982,6,Mediocampista,3,3,0,0,0,0.0,0,0,0,0,3,24
2528,Joe Allen,2022,7,Mediocampista,2,1,0,1,0,0.0,0,0,0,0,2,30
5820,Joe Bizera,2002,19,Defensor,0,0,0,3,0,0.0,0,0,0,0,0,26
1250,Joe Cole,2002,19,Mediocampista,1,0,0,4,0,0.0,0,0,0,1,0,6
1250,Joe Cole,2006,11,Mediocampista,5,5,0,0,1,0.2,0,0,3,2,0,7
1250,Joe Cole,2010,11,Mediocampista,2,0,0,2,0,0.0,0,0,1,0,1,13
1254,Joe Corrigan,1982,13,Arquero,0,0,0,5,0,0.0,0,0,0,0,0,6
1091,Joe Didulica,2006,12,Arquero,0,0,0,3,0,0.0,0,0,0,0,0,22
2801,Joe Gaetjens,1950,-,Delantero,3,3,0,0,1,0.33,0,0,1,0,2,10
2339,Joe Harper,1978,21,Mediocampista,1,0,0,2,0,0.0,0,0,0,1,0,11
1288,Joe Hart,2010,23,Arquero,0,0,0,4,0,0.0,0,0,0,0,0,13
1288,Joe Hart,2014,1,Arquero,2,2,0,1,0,0.0,0,0,0,0,2,26
2356,Joe Jordan,1974,9,Delantero,3,3,0,0,2,0.67,1,0,1,2,0,9
2356,Joe Jordan,1978,9,Delantero,3,3,0,0,1,0.33,0,0,1,1,1,11
2356,Joe Jordan,1982,15,Delantero,1,1,0,2,1,1.0,0,0,0,1,0,15
2838,Joe Maca,1950,-,Defensor,3,3,0,0,1,0.33,0,0,1,0,2,10
2840,Joe Martinelli,1934,-,Defensor,0,0,0,1,0,0.0,0,0,0,0,0,16
2849,Joe Max Moore,1994,15,Delantero,0,0,0,4,0,0.0,0,0,0,0,0,14
2849,Joe Max Moore,1998,9,Delantero,2,2,0,1,0,0.0,0,0,0,0,2,32
2849,Joe Max Moore,2002,9,Delantero,2,0,0,3,0,0.0,0,0,1,0,1,8
2559,Joe Morrell,2022,16,Mediocampista,2,0,0,1,0,0.0,0,0,0,1,1,30
2562,Joe Rodon,2022,6,Defensor,3,3,0,0,0,0.0,1,0,0,1,2,30
2879,Joe Scally,2022,26,Defensor,0,0,0,4,0,0.0,0,0,0,0,0,14
1667,Joel,1930,-,Arquero,1,1,0,1,0,0.0,0,0,0,0,1,6
1667,Joel,1958,17,Delantero,2,2,0,4,0,0.0,0,0,1,1,0,1
3835,Joel Bats,1986,1,Arquero,6,6,0,1,0,0.0,0,0,3,2,1,3
1668,Joel Camargo,1970,17,Defensor,0,0,0,6,0,0.0,0,0,0,0,0,1
1977,Joel Campbell,2014,9,Delantero,5,5,0,0,1,0.2,0,0,2,3,0,8
1977,Joel Campbell,2018,12,Delantero,2,1,0,1,0,0.0,1,0,0,1,1,29
1977,Joel Campbell,2022,12,Delantero,3,3,0,0,0,0.0,1,0,1,0,2,27
892,Joel Epalle,2002,14,Mediocampista,0,0,0,3,0,0.0,0,0,0,0,0,20
7328,Joel King,2022,24,Defensor,0,0,0,4,0,0.0,0,0,0,0,0,11
926,Joel Matip,2010,21,Mediocampista,1,1,0,2,0,0.0,0,0,0,0,1,31
926,Joel Matip,2014,21,Mediocampista,2,2,0,1,1,0.5,0,0,0,0,2,32
4504,Joel Obi,2018,15,Mediocampista,0,0,0,3,0,0.0,0,0,0,0,0,21
7867,Joel Sanchez,1998,3,Defensor,2,2,0,2,0,0.0,0,0,0,2,0,13
6524,Joël Veltman,2014,13,Defensor,2,0,0,5,0,0.0,0,0,2,0,0,3
2501,Joel Waterman,2022,26,Defensor,0,0,0,3,0,0.0,0,0,0,0,0,31
6062,Joerg Boehme,2002,18,Defensor,0,0,0,7,0,0.0,0,0,0,0,0,2
6127,Joerg Heinrich,1998,3,Defensor,5,5,0,0,0,0.0,2,0,3,1,1,7
6369,Johan Boskamp,1978,14,Mediocampista,1,0,0,6,0,0.0,0,0,0,0,1,2
6378,Johan Cruyff,1974,14,Delantero,7,7,7,0,3,0.43,2,0,5,1,1,2
8073,Johan Djourou,2006,2,Defensor,3,1,0,1,0,0.0,1,0,1,2,0,10
8073,Johan Djourou,2014,20,Defensor,4,4,0,0,0,0.0,1,0,2,0,2,11
8073,Johan Djourou,2018,20,Defensor,1,1,0,3,0,0.0,0,0,0,0,1,14
3379,Johan Elmander,2006,17,Delantero,2,0,0,2,0,0.0,0,0,1,1,0,14
3995,Johan Micoud,2002,22,Mediocampista,2,1,0,1,0,0.0,0,0,0,1,1,28
3465,Johan Mjallby,2002,4,Defensor,4,4,4,0,0,0.0,1,0,1,2,1,13
2692,Johan Mojica,2018,17,Defensor,4,4,0,0,0,0.0,1,0,2,1,1,9
6452,Johan Neeskens,1974,13,Mediocampista,7,7,0,0,5,0.71,2,0,5,1,1,2
6452,Johan Neeskens,1978,13,Mediocampista,5,5,0,2,0,0.0,1,0,2,1,2,2
7887,Johan Vásquez,2022,5,Defensor,0,0,0,3,0,0.0,0,0,0,0,0,22
2057,Johan Venegas,2018,11,Delantero,2,2,0,1,0,0.0,0,0,0,0,2,29
2057,Johan Venegas,2022,11,Delantero,1,1,0,2,0,0.0,0,0,0,0,1,27
6754,Johan Walem,2002,10,Mediocampista,3,3,0,1,1,0.33,0,0,1,1,1,14
1008,Johanan Vallach,1970,16,Defensor,2,1,0,1,0,0.0,0,0,0,1,1,12
4586,Johann Horvath,1934,-,Delantero,2,2,2,2,2,1.0,0,0,1,0,1,4
4627,Johann Pregesbauer,1982,17,Defensor,1,1,0,4,0,0.0,0,0,0,1,0,8
4634,Johann Riegler,1954,18,Mediocampista,0,0,0,5,0,0.0,0,0,0,0,0,3
8212,Johann Vogel,2006,6,Mediocampista,4,4,4,0,0,0.0,1,0,2,2,0,10
4663,Johann Walzhofer,1934,-,Delantero,0,0,0,4,0,0.0,0,0,0,0,0,4
6608,Johannes Devrindt,1970,9,Delantero,2,1,0,1,0,0.0,0,0,1,0,1,10
2280,John Aird,1954,3,Defensor,2,2,0,0,0,0.0,0,0,0,0,2,15
7441,John Aldridge,1990,9,Delantero,5,5,0,0,0,0.0,1,0,0,4,1,8
7441,John Aldridge,1994,9,Delantero,3,1,0,1,1,0.33,0,0,1,1,1,16
7283,John Aloisi,2006,15,Delantero,4,0,0,0,1,0.25,1,0,1,1,2,16
3335,John Alvbage,2006,12,Arquero,0,0,0,4,0,0.0,0,0,0,0,0,14
2283,John Anderson,1954,14,Arquero,0,0,0,2,0,0.0,0,0,0,0,0,15
3827,John Aston,1950,-,Defensor,2,2,0,1,0,0.0,0,0,1,0,1,8
1210,John Barnes,1986,19,Mediocampista,1,0,0,4,0,0.0,0,0,0,0,1,8
1210,John Barnes,1990,11,Mediocampista,5,5,0,2,0,0.0,0,0,3,2,0,4
2289,John Blackley,1974,6,Defensor,1,1,0,2,0,0.0,0,0,1,0,0,9
6370,John Bosman,1994,12,Delantero,0,0,0,5,0,0.0,0,0,0,0,0,7
1467,John Boye,2014,21,Defensor,3,3,0,0,0,0.0,0,0,0,1,2,25
2760,John Anthony Brooks,2014,6,Defensor,1,0,0,3,1,1.0,0,0,1,0,0,15
7445,John Byrne,1990,20,Delantero,0,0,0,5,0,0.0,0,0,0,0,0,8
2536,John Charles,1958,9,Delantero,4,4,0,1,1,0.25,0,0,1,3,0,5
2305,John Collins,1990,18,Mediocampista,0,0,0,3,0,0.0,0,0,0,0,0,18
2305,John Collins,1998,11,Mediocampista,3,3,0,0,1,0.33,0,0,0,1,2,27
1251,John Connelly,1962,7,Delantero,0,0,0,4,0,0.0,0,0,0,0,0,8
1251,John Connelly,1966,11,Delantero,1,1,0,5,0,0.0,0,0,0,1,0,1
6395,John De Wolf,1994,21,Defensor,0,0,0,5,0,0.0,0,0,0,0,0,7
2792,John Doyle,1990,3,Defensor,2,2,0,1,0,0.0,0,0,0,0,2,23
2542,John Elsworthy,1958,20,Mediocampista,0,0,0,5,0,0.0,0,0,0,0,0,5
4211,John Eriksen,1986,19,Delantero,2,0,0,2,1,0.5,0,0,1,0,1,9
3397,John Guidetti,2018,11,Delantero,2,0,0,3,0,0.0,1,0,0,0,2,7
2813,John Harkes,1990,6,Mediocampista,3,3,0,0,0,0.0,0,0,0,0,3,23
2813,John Harkes,1994,6,Mediocampista,3,3,0,1,0,0.0,2,0,1,1,1,14
1290,John Haynes,1954,21,Delantero,0,0,0,3,0,0.0,0,0,0,0,0,7
1290,John Haynes,1958,10,Delantero,4,4,0,0,1,0.25,0,0,0,3,1,11
1290,John Haynes,1962,10,Delantero,4,4,4,0,0,0.0,0,0,1,1,2,8
6413,John Heitinga,2006,14,Defensor,3,2,0,1,0,0.0,1,0,2,0,1,11
6413,John Heitinga,2010,3,Defensor,7,7,0,0,0,0.0,1,1,6,0,1,2
2345,John Hewie,1958,5,Defensor,2,2,0,1,0,0.0,0,0,0,1,1,14
5121,John Hill,1982,15,Defensor,1,1,0,2,0,0.0,0,0,0,0,1,23
2250,John Jameson,1982,18,Mediocampista,0,0,0,5,0,0.0,0,0,0,0,0,9
2687,John Lozano,1994,8,Mediocampista,1,0,0,2,1,1.0,0,0,1,0,0,19
2687,John Lozano,1998,8,Mediocampista,3,3,0,0,0,0.0,0,0,1,0,2,21
2366,John Mackenzie,1954,8,Delantero,2,2,0,0,0,0.0,0,0,0,0,2,15
2253,John Mcclelland,1982,12,Defensor,5,5,0,0,0,0.0,0,0,1,3,1,9
2253,John Mcclelland,1986,18,Defensor,0,0,0,3,0,0.0,0,0,0,0,0,21
1486,John Mensah,2006,5,Defensor,4,4,0,0,0,0.0,1,0,2,0,2,13
1486,John Mensah,2010,5,Defensor,4,4,4,1,0,0.0,2,0,2,1,1,7
8273,John Moshoeu,1998,10,Mediocampista,3,3,0,0,0,0.0,0,0,0,2,1,24
4505,John Obi Mikel,2014,10,Mediocampista,4,4,0,0,0,0.0,1,0,1,1,2,16
4505,John Obi Mikel,2018,10,Mediocampista,3,3,3,0,0,0.0,1,0,1,0,2,21
2856,John O'Brien,2002,5,Mediocampista,5,5,0,0,1,0.2,0,0,2,1,2,8
2856,John O'Brien,2006,5,Mediocampista,1,0,0,2,0,0.0,0,0,0,0,1,25
4514,John Ogu,2018,19,Mediocampista,0,0,0,3,0,0.0,0,0,0,0,0,21
5942,John O'Neill,1982,6,Defensor,1,0,0,4,0,0.0,0,0,0,0,1,9
5942,John O'Neill,1986,4,Defensor,3,3,0,0,0,0.0,0,0,0,1,2,21
1495,John Pantsil,2006,15,Defensor,4,4,0,0,0,0.0,1,0,2,0,2,13
1495,John Pantsil,2010,4,Defensor,5,5,0,0,0,0.0,1,0,2,2,1,7
8427,John Perez,1998,18,Mediocampista,0,0,0,3,0,0.0,0,0,0,0,0,21
2401,John Robertson,1978,19,Delantero,1,1,0,2,0,0.0,0,0,0,1,0,11
2401,John Robertson,1982,11,Delantero,3,3,0,0,1,0.33,0,0,1,1,1,15
7484,John Sheridan,1990,16,Mediocampista,1,0,0,4,0,0.0,0,0,0,0,1,8
7484,John Sheridan,1994,10,Mediocampista,4,4,0,0,0,0.0,0,0,1,1,2,16
4282,John Sivebaek,1986,2,Defensor,2,1,0,2,0,0.0,0,0,2,0,0,9
2884,John Souza,1950,-,Mediocampista,2,2,0,1,0,0.0,0,0,1,0,1,10
2887,John Stollmeyer,1990,14,Mediocampista,2,1,0,1,0,0.0,0,0,0,0,2,23
1406,John Stones,2018,5,Defensor,7,7,0,0,2,0.29,1,0,3,1,3,4
1406,John Stones,2022,5,Defensor,5,5,0,0,0,0.0,0,0,3,1,1,6
1411,John Terry,2006,6,Defensor,5,5,0,0,0,0.0,2,0,3,2,0,7
1411,John Terry,2010,6,Defensor,4,4,0,0,0,0.0,0,0,1,2,1,13
4539,John Utaka,2002,21,Delantero,1,1,0,2,0,0.0,0,0,0,0,1,27
4539,John Utaka,2010,7,Delantero,0,0,0,3,0,0.0,0,0,0,0,0,27
6707,John Van Alphen,1938,-,Mediocampista,1,1,0,0,0,0.0,0,0,0,0,1,13
6514,John Van Loen,1990,19,Delantero,1,0,0,3,0,0.0,0,0,0,1,0,15
2413,John Wark,1982,10,Mediocampista,3,3,0,0,2,0.67,0,0,1,1,1,15
7380,John Warren,1974,9,Mediocampista,1,1,0,2,0,0.0,0,0,0,0,1,14
7381,John Watkiss,1974,18,Defensor,0,0,0,3,0,0.0,0,0,0,0,0,14
2737,Johnny Acosta,2014,2,Defensor,2,1,0,3,0,0.0,1,0,0,2,0,8
2737,Johnny Acosta,2018,2,Defensor,3,3,0,0,0,0.0,1,0,0,1,2,29
3378,Johnny Ekstrom,1990,18,Delantero,2,1,0,1,1,0.5,0,0,0,0,2,21
687,Johnny Herrera,2014,23,Arquero,0,0,0,4,0,0.0,0,0,0,0,0,9
8139,Johnny Leoni,2010,21,Arquero,0,0,0,3,0,0.0,0,0,0,0,0,19
6468,Johnny Rep,1974,16,Delantero,7,7,0,0,4,0.57,2,0,5,1,1,2
6468,Johnny Rep,1978,16,Delantero,7,6,0,0,3,0.43,1,0,3,2,2,2
4037,Johnny Schuth,1966,22,Arquero,0,0,0,3,0,0.0,0,0,0,0,0,13
6493,Johnny Van 'T Schip,1990,14,Mediocampista,2,2,0,2,0,0.0,0,0,0,1,1,15
7127,Jón Dadi Bödvarsson,2018,22,Delantero,1,1,0,2,0,0.0,0,0,0,0,1,28
4288,Jon Dahl Tomasson,2002,9,Delantero,4,4,0,0,4,1.0,1,0,2,1,1,10
4288,Jon Dahl Tomasson,2010,9,Delantero,2,2,2,1,1,0.5,0,0,1,0,1,24
7745,Jonas Gutierrez,2010,17,Mediocampista,3,2,0,2,0,0.0,2,0,3,0,0,5
6125,Jonas Hector,2018,3,Defensor,2,2,0,1,0,0.0,0,0,1,0,1,22
6145,Jonas Hofmann,2022,18,Mediocampista,2,0,0,1,0,0.0,0,0,0,1,1,17
4235,Jonas Knudsen,2018,5,Defensor,1,1,0,3,0,0.0,0,0,0,1,0,11
4249,Jonas Lössl,2018,16,Arquero,0,0,0,4,0,0.0,0,0,0,0,0,11
8161,Jonas Omlin,2022,12,Arquero,0,0,0,4,0,0.0,0,0,0,0,0,12
3525,Jonas Thern,1990,16,Mediocampista,2,2,1,1,0,0.0,1,0,0,0,2,21
3525,Jonas Thern,1994,9,Mediocampista,5,5,5,2,0,0.0,1,1,2,2,1,3
4292,Jonas Wind,2022,19,Delantero,0,0,0,3,0,0.0,0,0,0,0,0,28
2758,Jonathan Bornstein,2010,12,Defensor,2,2,0,2,0,0.0,0,0,1,0,1,12
2462,Jonathan David,2022,20,Delantero,3,2,0,0,0,0.0,0,0,0,0,3,31
5278,Jonathan de Guzmán,2014,8,Mediocampista,3,3,0,4,0,0.0,2,0,3,0,0,3
2333,Jonathan Gould,1998,21,Arquero,0,0,0,3,0,0.0,0,0,0,0,0,27
1486,Jonathan Mensah,2014,19,Defensor,3,3,0,0,0,0.0,0,0,0,1,2,25
7813,Jonathan Osorio,2022,21,Mediocampista,3,1,0,0,0,0.0,1,0,0,0,3,31
4420,Jonathan Santana,2010,11,Mediocampista,2,1,0,3,0,0.0,1,0,0,1,1,8
2885,Jonathan Spector,2010,2,Defensor,0,0,0,4,0,0.0,0,0,0,0,0,12
6020,Jonathan Urretaviscaya,2018,20,Delantero,1,0,0,4,0,0.0,0,0,0,0,1,5
7008,Jong Boo Kim,1986,7,Delantero,2,0,0,1,1,0.5,0,0,0,1,1,20
7098,Jong-gyu Yoon,2022,2,Defensor,0,0,0,4,0,0.0,0,0,0,0,0,16
7098,Jong Hwan Yoon,2002,17,Mediocampista,0,0,0,7,0,0.0,0,0,0,0,0,4
7969,Jong Hyok Cha,2010,2,Defensor,3,3,0,0,0,0.0,0,0,0,0,3,32
7059,Jong Kap Li,1954,13,Defensor,1,1,0,1,0,0.0,0,0,0,0,1,16
6956,Jong Son Chung,1994,2,Defensor,1,0,0,2,0,0.0,0,0,0,0,1,20
6957,Jong Soo Chung,1986,3,Defensor,1,0,0,2,0,0.0,0,0,0,0,1,20
6957,Jong Soo Chung,1990,13,Defensor,2,1,0,1,0,0.0,0,0,0,0,2,22
7030,Jong Soo Ko,1998,14,Mediocampista,3,1,0,0,0,0.0,1,0,0,1,2,30
7043,Jong Uwa Lee,1994,3,Defensor,0,0,0,3,0,0.0,0,0,0,0,0,20
7076,Jong-Woo Park,2014,15,Mediocampista,0,0,0,3,0,0.0,0,0,0,0,0,27
7775,Jonny Magallon,2010,19,Defensor,0,0,0,4,0,0.0,0,0,0,0,0,14
2570,Jonny Williams,2022,18,Mediocampista,0,0,0,3,0,0.0,0,0,0,0,0,30
7077,Joo-Ho Park,2014,22,Defensor,0,0,0,3,0,0.0,0,0,0,0,0,27
7077,Joo-Ho Park,2018,6,Defensor,1,1,0,2,0,0.0,0,0,0,0,1,19
7009,Joo Sung Kim,1986,16,Delantero,3,3,0,0,0,0.0,2,0,0,1,2,20
7009,Joo Sung Kim,1990,16,Mediocampista,3,3,0,0,0,0.0,0,0,0,0,3,22
7009,Joo Sung Kim,1994,9,Mediocampista,3,3,0,0,0,0.0,1,0,0,2,1,20
6415,Joop Hiele,1990,16,Arquero,0,0,0,4,0,0.0,0,0,0,0,0,15
6516,Joop Van Nellen,1934,-,Delantero,1,1,0,0,0,0.0,0,0,0,0,1,9
1464,Jordan Ayew,2014,13,Delantero,3,1,0,0,0,0.0,1,0,0,1,2,25
1464,Jordan Ayew,2022,9,Delantero,3,2,0,0,0,0.0,0,0,1,0,2,24
1291,Jordan Henderson,2014,14,Mediocampista,2,2,0,1,0,0.0,0,0,0,0,2,26
1291,Jordan Henderson,2018,8,Mediocampista,5,5,0,2,0,0.0,1,0,3,1,1,4
1291,Jordan Henderson,2022,8,Mediocampista,4,3,0,1,1,0.25,0,0,2,1,1,6
7475,Jordan Morris,2022,16,Delantero,2,0,0,2,0,0.0,0,0,0,1,1,14
1367,Jordan Pickford,2018,1,Arquero,7,7,0,0,0,0.0,0,0,3,1,3,4
1367,Jordan Pickford,2022,1,Arquero,5,5,0,0,0,0.0,0,0,3,1,1,6
4066,Jordan Veretout,2022,15,Mediocampista,1,1,0,6,0,0.0,0,0,0,0,1,2
4850,Jordi Alba,2014,18,Defensor,3,3,0,0,0,0.0,0,0,1,0,2,23
4850,Jordi Alba,2018,18,Defensor,4,4,0,0,0,0.0,0,0,1,3,0,10
4850,Jordi Alba,2022,18,Defensor,4,3,0,0,0,0.0,0,0,1,2,1,13
6376,Jordy Clasie,2014,16,Mediocampista,2,1,0,5,0,0.0,0,0,1,1,0,3
5809,Jorge Andrade,2002,13,Defensor,2,0,0,1,0,0.0,0,0,0,0,2,21
4693,Jorge Argote,1930,-,Mediocampista,1,1,0,1,0,0.0,0,0,0,0,1,12
4695,Jorge Balderrama,1930,-,Mediocampista,2,2,0,0,0,0.0,0,0,0,0,2,12
5815,Jorge Barrios,1986,8,Mediocampista,3,3,3,1,0,0.0,0,0,0,2,1,16
4318,Jorge Battaglia,1986,12,Arquero,0,0,0,4,0,0.0,0,0,0,0,0,13
2645,Jorge Bermudez,1998,5,Defensor,3,3,0,0,0,0.0,1,0,1,0,2,21
2646,Jorge Bolano,1998,14,Mediocampista,1,0,0,2,0,0.0,0,0,1,0,0,21
5192,Jorge Borelli,1994,15,Defensor,0,0,0,4,0,0.0,0,0,0,0,0,10
5200,Jorge Burruchaga,1986,7,Mediocampista,7,7,0,0,2,0.29,0,0,6,1,0,1
5200,Jorge Burruchaga,1990,7,Mediocampista,7,7,0,0,1,0.14,1,0,2,3,2,2
7674,Jorge Campos,1994,1,Arquero,4,4,0,0,0,0.0,1,0,1,2,1,13
7674,Jorge Campos,1998,1,Arquero,4,4,0,0,0,0.0,0,0,1,2,1,13
7674,Jorge Campos,2002,23,Arquero,0,0,0,4,0,0.0,0,0,0,0,0,11
5211,Jorge Carrascosa,1974,7,Defensor,2,1,0,4,0,0.0,0,0,0,1,1,8
201,Jorge Claros,2014,20,Mediocampista,3,2,0,0,0,0.0,0,0,0,0,3,31
4902,Jorge Costa,2002,2,Defensor,3,3,0,0,0,0.0,2,0,1,0,2,21
5851,Jorge Da Silva,1986,9,Delantero,3,2,0,1,0,0.0,2,0,0,1,2,16
5875,Jorge Fucile,2010,4,Defensor,5,5,0,2,0,0.0,2,0,3,1,1,4
5875,Jorge Fucile,2014,4,Defensor,1,0,0,3,0,0.0,0,0,1,0,0,12
2166,Jorge Gongora,1930,-,Delantero,0,0,0,2,0,0.0,0,0,0,0,0,10
828,Jorge Gonzalez,1982,11,Delantero,3,3,0,0,0,0.0,0,0,0,0,3,24
35,Jorge Guagua,2006,2,Defensor,3,1,0,1,0,0.0,0,0,2,0,1,12
35,Jorge Guagua,2014,2,Defensor,3,3,0,0,0,0.0,0,0,1,1,1,17
4376,Jorge Guasch,1986,16,Mediocampista,4,1,0,0,0,0.0,0,0,1,2,1,13
5914,Jorge Manicera,1966,3,Defensor,4,4,0,0,0,0.0,0,0,1,2,1,7
3253,Jorge Martins,1986,12,Arquero,0,0,0,3,0,0.0,0,0,0,0,0,17
1669,Jorge Mendonca,1978,19,Delantero,6,4,0,1,0,0.0,1,0,4,2,0,3
5941,Jorge Núñez,2006,2,Defensor,3,2,0,0,0,0.0,1,0,1,0,2,18
5941,Jorge Núñez,1986,6,Mediocampista,4,4,0,0,0,0.0,1,0,1,2,1,13
2193,Jorge Olaechea,1982,16,Defensor,3,3,0,0,0,0.0,0,0,0,2,1,20
5333,Jorge Olguin,1978,15,Defensor,7,7,0,0,0,0.0,0,0,5,1,1,1
5333,Jorge Olguin,1982,14,Defensor,5,5,0,0,0,0.0,1,0,2,0,3,11
5011,Jorge Otero,1994,3,Defensor,2,1,0,3,0,0.0,1,0,1,0,1,8
2195,Jorge Pardon,1930,-,Arquero,1,1,0,1,0,0.0,0,0,0,0,1,10
744,Jorge Robledo,1950,-,Delantero,3,3,0,0,1,0.33,0,0,1,0,2,9
7848,Jorge Rodriguez,1994,20,Mediocampista,3,3,0,1,0,0.0,0,0,1,2,0,13
7850,Jorge Romero,1958,9,Delantero,3,3,0,0,2,0.67,0,0,1,1,1,12
7851,Jorge Romo,1954,3,Defensor,2,2,0,0,0,0.0,0,0,0,0,2,13
7851,Jorge Romo,1958,3,Defensor,2,2,0,1,0,0.0,0,0,0,1,1,16
7866,Jorge Sánchez,2022,19,Defensor,2,2,0,1,0,0.0,1,0,1,1,0,22
2212,Jorge Sarmiento,1930,-,Delantero,0,0,0,2,0,0.0,0,0,0,0,0,10
763,Jorge Socias,1974,18,Mediocampista,1,1,0,2,0,0.0,0,0,0,1,0,11
5410,Jorge Solari,1966,15,Delantero,4,4,0,0,0,0.0,1,0,2,1,1,5
771,Jorge Toro,1962,8,Mediocampista,5,5,2,1,2,0.4,0,0,4,0,1,3
7880,Jorge Torres,2010,20,Mediocampista,0,0,0,4,0,0.0,0,0,0,0,0,14
5430,Jorge Valdano,1982,20,Delantero,2,1,0,3,0,0.0,0,0,1,0,1,11
5430,Jorge Valdano,1986,11,Delantero,7,7,0,0,4,0.57,1,0,6,1,0,1
778,Jorge Valdivia,2010,10,Mediocampista,4,2,0,0,0,0.0,1,0,2,0,2,10
778,Jorge Valdivia,2014,10,Mediocampista,3,1,0,1,1,0.33,0,0,2,0,1,9
3354,Jorgen Augustsson,1974,18,Defensor,3,2,0,3,0,0.0,0,0,1,0,2,5
7421,Jorgen Juve,1938,-,Defensor,0,0,0,1,0,0.0,0,0,0,0,0,12
1670,Jorginho,1990,2,Defensor,4,4,0,0,0,0.0,1,0,3,0,1,9
1670,Jorginho,1994,2,Defensor,7,7,0,0,0,0.0,1,0,5,2,0,1
6446,Joris Mathijsen,2006,4,Defensor,3,3,0,1,0,0.0,1,0,2,0,1,11
6446,Joris Mathijsen,2010,4,Defensor,6,6,0,1,0,0.0,1,0,5,0,1,2
6722,Jos Van Ingelgem,1934,-,Mediocampista,0,0,0,1,0,0.0,0,0,0,0,0,15
4853,Jose Alexanko,1982,6,Defensor,5,5,0,0,0,0.0,1,0,1,2,2,12
5519,Jose Altafini,1958,18,Delantero,3,3,0,3,2,0.67,0,0,2,1,0,1
5519,Jose Altafini,1962,9,Delantero,2,2,0,1,0,0.0,0,0,0,1,1,9
5809,Jose Andrade,1930,-,Mediocampista,4,4,0,0,0,0.0,0,0,4,0,0,1
3254,Jose Antonio,1986,16,Defensor,1,0,0,2,0,0.0,0,0,1,0,0,17
7673,Jose Antonio Camacho,1982,2,Defensor,5,5,0,0,0,0.0,1,0,1,2,2,12
7673,Jose Antonio Camacho,1986,3,Defensor,5,5,5,0,0,0.0,1,0,3,1,1,7
5043,Jose Antonio Reyes,2006,10,Mediocampista,1,1,0,3,0,0.0,1,0,1,0,0,9
3255,Jose Augusto,1966,12,Delantero,6,6,0,0,3,0.5,0,0,5,0,1,3
5178,José Basanta,2014,23,Defensor,2,1,0,5,0,0.0,0,0,2,0,0,2
5179,Jose Basualdo,1990,4,Mediocampista,7,7,0,0,0,0.0,0,0,2,3,2,2
5179,Jose Basualdo,1994,8,Mediocampista,1,1,0,3,0,0.0,0,0,0,0,1,10
5816,Jose Batista,1986,6,Defensor,3,3,0,1,0,0.0,0,1,0,2,1,16
7662,Jose Borbolla,1950,-,Delantero,1,1,0,2,0,0.0,0,0,0,0,1,12
7669,Jose Brown,1986,5,Defensor,7,7,0,0,1,0.14,1,0,6,1,0,1
196,Jose Bulnes,1982,4,Defensor,2,2,0,1,0,0.0,0,0,0,1,1,18
4701,Jose Bustamante,1930,-,Delantero,2,2,0,0,0,0.0,0,0,0,0,2,12
4702,Jose Bustamante-Nava,1950,-,Defensor,1,1,1,0,0,0.0,0,0,0,0,1,13
8416,José Calderón,2018,12,Arquero,0,0,0,3,0,0.0,0,0,0,0,0,32
4883,Jose Camarasa,1994,4,Defensor,2,1,0,3,0,0.0,1,0,1,1,0,8
4342,Jose Cardozo,1998,9,Delantero,3,3,0,1,1,0.33,0,0,1,1,1,14
4342,Jose Cardozo,2002,20,Delantero,3,3,0,1,0,0.0,1,0,1,0,2,16
3256,Jose Carlos,1966,21,Defensor,2,2,0,4,0,0.0,0,0,1,0,1,3
2140,José Carvallo,2018,21,Arquero,0,0,0,3,0,0.0,0,0,0,0,0,20
7685,Jose Castro,2006,15,Defensor,2,1,0,2,0,0.0,1,0,0,0,2,15
20,Jose Cevallos,2002,1,Arquero,3,3,0,0,0,0.0,1,0,1,0,2,24
5216,Jose Chamot,1994,3,Defensor,4,4,0,0,0,0.0,1,0,2,0,2,10
5216,Jose Chamot,1998,3,Defensor,4,3,0,1,0,0.0,2,0,2,1,1,6
5216,Jose Chamot,2002,22,Defensor,1,1,0,2,0,0.0,1,0,0,1,0,18
1983,Jose Chaves,1990,6,Defensor,4,4,0,0,0,0.0,0,0,2,0,2,13
22,José Cifuentes,2022,5,Mediocampista,2,0,0,1,0,0.0,0,0,1,0,1,18
204,Jose Cruz,1982,17,Defensor,1,1,0,2,0,0.0,0,0,0,1,0,18
1989,José Cubero,2014,22,Mediocampista,4,0,0,1,0,0.0,1,0,2,2,0,8
5228,Jose Cuciuffo,1986,9,Defensor,6,6,0,1,0,0.0,1,0,5,1,0,1
5837,Jose Del Castillo,1970,18,Delantero,0,0,0,4,0,0.0,0,0,0,0,0,7
5233,Jose Della Torre,1930,-,Defensor,5,5,0,0,0,0.0,0,0,4,0,1,2
2158,Jose Fernandez,1970,14,Defensor,1,1,0,3,0,0.0,0,0,0,0,1,7
2657,José Fernando Cuadrado,2018,22,Arquero,0,0,0,4,0,0.0,0,0,0,0,0,9
210,Jose Figueroa,1982,10,Delantero,3,3,0,0,0,0.0,0,0,0,2,1,18
7720,Jose Fonseca,2006,17,Delantero,4,2,0,0,1,0.25,1,0,1,1,2,15
3236,José Fonte,2018,6,Defensor,4,4,0,0,0,0.0,0,0,1,2,1,13
678,José Fuenzalida,2014,19,Mediocampista,0,0,0,4,0,0.0,0,0,0,0,0,9
8423,Jose Gomez,1974,21,Delantero,0,0,0,3,0,0.0,0,0,0,0,0,13
2169,Jose Gonzales Ganoza,1982,12,Arquero,0,0,0,3,0,0.0,0,0,0,0,0,20
7738,Jose Gonzalez,1966,13,Defensor,0,0,0,3,0,0.0,0,0,0,0,0,12
7738,Jose Gonzalez,1970,17,Mediocampista,3,3,0,1,1,0.33,0,0,2,0,1,6
5898,Jose Herrera,1990,4,Defensor,3,3,0,1,0,0.0,1,0,1,1,1,16
2587,José Holebas,2014,20,Defensor,4,4,0,0,0,0.0,0,0,1,2,1,13
832,Jose Huezo,1982,10,Mediocampista,3,3,3,0,0,0.0,0,0,0,0,3,24
4950,Jose Iribar,1966,1,Arquero,3,3,0,0,0,0.0,0,0,1,0,2,10
2683,José Izquierdo,2018,21,Delantero,1,1,0,3,0,0.0,0,0,0,0,1,9
2011,Jose Jaikel,1990,16,Delantero,0,0,0,4,0,0.0,0,0,0,0,0,13
833,Jose Jovel,1982,3,Defensor,3,3,0,0,0,0.0,0,0,0,0,3,24
7888,José Juan Vázquez,2014,23,Mediocampista,3,3,0,1,0,0.0,2,0,2,1,0,10
4960,Jose Juncosa,1950,-,Delantero,1,1,0,5,0,0.0,0,0,0,0,1,4
7763,Jose Lamadrid,1954,9,Delantero,2,2,0,0,1,0.5,0,0,0,0,2,13
4391,Jose Leon Miracca,1930,-,Defensor,1,1,0,1,0,0.0,0,0,0,0,1,9
4884,Jose Luis Caminero,1994,15,Mediocampista,4,3,0,1,3,0.75,3,0,1,2,1,8
4348,Jose Luis Chilavert,1998,1,Arquero,4,4,4,0,0,0.0,1,0,1,2,1,14
4348,Jose Luis Chilavert,2002,1,Arquero,3,3,3,1,0,0.0,0,0,1,0,2,16
8430,José Luis Rodríguez,2022,26,Defensor,0,0,0,3,0,0.0,0,0,0,0,0,20
2428,Jose Magrina,1938,-,Delantero,2,2,0,1,1,0.5,0,0,1,1,0,7
5373,Jose Manuel Ramos Delgado,1958,17,Defensor,0,0,0,3,0,0.0,0,0,0,0,0,13
5373,Jose Manuel Ramos Delgado,1962,2,Defensor,1,1,0,2,0,0.0,0,0,0,1,0,10
4872,Jose Maria Bakero,1990,16,Mediocampista,1,0,0,3,0,0.0,0,0,1,0,0,10
4872,Jose Maria Bakero,1994,10,Mediocampista,4,2,0,1,0,0.0,0,0,2,1,1,8
4923,Jose Maria Fuste,1966,19,Delantero,1,1,0,2,1,1.0,0,0,0,0,1,10
5882,José María Giménez,2014,13,Defensor,3,3,0,1,0,0.0,1,0,2,0,1,12
5882,José María Giménez,2018,2,Defensor,4,4,0,1,1,0.25,0,0,3,0,1,5
5882,José María Giménez,2022,2,Defensor,3,3,0,0,0,0.0,1,0,1,1,1,20
2177,Jose Maria Lavalle,1930,-,Delantero,2,2,0,0,0,0.0,0,0,0,0,2,10
4993,Jose Molina,1998,22,Arquero,0,0,0,3,0,0.0,0,0,0,0,0,17
4393,Jose Montiel,2006,17,Mediocampista,0,0,0,3,0,0.0,0,0,0,0,0,18
4999,Jose Muguerza,1934,-,Mediocampista,3,3,0,0,0,0.0,0,0,1,1,1,5
841,Jose Munguia,1982,20,Arquero,0,0,0,3,0,0.0,0,0,0,0,0,24
7801,Jose Naranjo,1950,-,Delantero,1,1,0,2,0,0.0,0,0,0,0,1,12
7801,Jose Naranjo,1954,8,Delantero,2,2,2,0,0,0.0,0,0,0,0,2,13
5940,Jose Nasazzi,1930,-,Defensor,4,4,4,0,0,0.0,0,0,4,0,0,1
7803,Jose Navarro,1950,-,Delantero,1,1,0,2,0,0.0,0,0,0,0,1,12
7803,Jose Navarro,1978,14,Defensor,2,1,0,4,0,0.0,0,0,0,0,2,8
228,Jose Nazar,1982,1,Arquero,0,0,0,3,0,0.0,0,0,0,0,0,18
5330,Jose Nehin,1934,-,Mediocampista,1,1,0,0,0,0.0,0,0,0,0,1,9
4725,Jose Noya,1930,-,Delantero,0,0,0,2,0,0.0,0,0,0,0,0,12
5006,Jose Ochotorena,1990,22,Arquero,0,0,0,4,0,0.0,0,0,0,0,0,10
5014,Jose Panizo,1950,-,Delantero,4,4,0,2,0,0.0,0,0,2,0,2,4
4405,Jose Parodi,1958,8,Delantero,3,3,0,0,2,0.67,0,0,1,1,1,12
5016,Jose Parra,1950,-,Defensor,5,5,0,1,0,0.0,0,0,2,1,2,4
5352,Jose Pastoriza,1966,11,Mediocampista,0,0,0,4,0,0.0,0,0,0,0,0,5
2702,Jose Pazo,1994,22,Arquero,0,0,0,3,0,0.0,0,0,0,0,0,19
5952,Jose Perdomo,1990,5,Mediocampista,4,4,0,0,0,0.0,2,0,1,1,2,16
3257,Jose Pereira,1966,3,Arquero,5,5,0,1,0,0.0,0,0,4,0,1,3
2706,Jose Perez,1990,6,Mediocampista,0,0,0,4,0,0.0,0,0,0,0,0,14
57,Jose Perlaza,2006,5,Defensor,0,0,0,4,0,0.0,0,0,0,0,0,12
5963,Jose Pintos,1990,14,Defensor,1,1,0,3,0,0.0,1,0,0,0,1,16
2037,Jose Porras,2006,18,Arquero,3,3,0,0,0,0.0,0,0,0,0,3,31
846,Jose Quintanilla,1970,6,Mediocampista,2,2,0,1,0,0.0,0,0,0,0,2,16
4311,Jose Raul Aveiro,1958,20,Delantero,0,0,0,3,0,0.0,0,0,0,0,0,12
7839,Jose Reyes,1978,1,Arquero,2,2,0,1,0,0.0,0,0,0,0,2,16
850,Jose Rivas,1982,13,Delantero,3,3,0,0,0,0.0,0,0,0,0,3,24
7841,Jose Roca,1950,-,Defensor,3,3,0,0,0,0.0,0,0,0,0,3,12
7841,Jose Roca,1954,20,Defensor,0,0,0,2,0,0.0,0,0,0,0,0,13
7841,Jose Roca,1958,16,Defensor,0,0,0,3,0,0.0,0,0,0,0,0,16
2430,Jose Rodriguez,1938,-,Mediocampista,3,3,0,0,0,0.0,0,0,1,1,1,7
750,José Rojas,2014,13,Defensor,1,0,0,3,0,0.0,0,0,0,1,0,9
854,Jose Rugamas,1982,8,Mediocampista,2,2,0,1,0,0.0,0,0,0,0,2,24
7855,Jose Ruiz,1930,-,Delantero,2,2,0,1,0,0.0,0,0,0,0,2,13
3311,José Sá,2022,12,Arquero,0,0,0,5,0,0.0,0,0,0,0,0,8
7858,Jose Salazar,1986,17,Mediocampista,1,0,0,3,0,0.0,0,0,0,0,1,16
7861,Jose Salgado,1994,18,Defensor,0,0,0,4,0,0.0,0,0,0,0,0,13
7867,Jose Sanchez,1982,16,Mediocampista,4,2,0,1,0,0.0,1,0,1,1,2,12
5397,Jose Sanfilippo,1958,21,Delantero,0,0,0,3,0,0.0,0,0,0,0,0,13
5397,Jose Sanfilippo,1962,10,Delantero,2,2,0,1,1,0.5,0,0,1,0,1,10
2719,Jose Santa,1998,4,Defensor,2,2,0,1,0,0.0,2,0,1,0,1,21
5990,Jose Santamaria,1954,2,Defensor,5,5,0,0,0,0.0,0,0,3,0,2,4
5990,Jose Santamaria,1962,19,Defensor,2,2,0,1,0,0.0,0,0,1,0,1,12
5994,Jose Sasia,1962,9,Delantero,3,3,0,0,2,0.67,0,0,1,0,2,13
5994,Jose Sasia,1966,9,Delantero,2,2,0,2,0,0.0,0,0,1,1,0,7
5406,Jose Serrizuela,1990,18,Defensor,5,5,0,2,0,0.0,3,0,1,3,1,2
761,Jose Sierra,1998,10,Mediocampista,4,2,0,0,1,0.25,0,0,0,3,1,16
3322,Jose Torres,1966,18,Delantero,6,6,0,0,3,0.5,0,0,5,0,1,3
5080,Jose Ufarte,1966,7,Delantero,1,1,0,2,0,0.0,0,0,0,0,1,10
6021,Jose Urruzmendi,1966,8,Delantero,0,0,0,4,0,0.0,0,0,0,0,0,7
5431,Jose Valencia,1978,21,Mediocampista,4,4,0,3,0,0.0,0,0,3,0,1,1
5431,Jose Valencia,1982,21,Delantero,1,0,0,4,0,0.0,0,0,0,0,1,11
5432,Jose Van Tuyne,1982,22,Defensor,0,0,0,5,0,0.0,0,0,0,0,0,11
7884,Jose Vantolra,1970,13,Defensor,4,4,0,0,0,0.0,0,0,2,1,1,6
5433,Jose Varacka,1958,6,Mediocampista,3,3,0,0,0,0.0,0,0,1,0,2,13
5433,Jose Varacka,1966,5,Mediocampista,0,0,0,4,0,0.0,0,0,0,0,0,5
2222,Jose Velasquez,1978,6,Mediocampista,5,5,0,1,1,0.2,3,0,2,1,2,8
2222,Jose Velasquez,1982,6,Mediocampista,3,3,0,0,0,0.0,1,0,0,2,1,20
7895,Jose Villegas,1958,4,Defensor,1,1,0,2,0,0.0,0,0,0,0,1,16
7895,Jose Villegas,1962,4,Defensor,1,1,0,2,0,0.0,0,0,0,0,1,11
4915,Joseba Etxeberria,1998,17,Delantero,3,2,0,0,0,0.0,0,0,1,1,1,17
4552,Josef Bican,1934,-,Delantero,4,4,0,0,1,0.25,0,0,2,0,2,4
442,Josef Bomba,1962,21,Defensor,0,0,0,6,0,0.0,0,0,0,0,0,2
456,Josef Ctyroky,1934,-,Defensor,4,4,0,0,0,0.0,0,0,3,0,1,2
4558,Josef Degeorgi,1982,4,Defensor,4,4,0,1,0,0.0,1,0,2,0,2,8
6102,Josef Gauchel,1938,-,Delantero,1,1,0,1,1,1.0,0,0,0,1,0,10
4575,Josef Hassmann,1934,-,Delantero,0,0,0,4,0,0.0,0,0,0,0,0,4
4580,Josef Hickersberger,1978,7,Mediocampista,6,6,0,0,0,0.0,0,0,3,0,3,7
487,Josef Jelinek,1962,11,Delantero,5,5,0,1,0,0.0,0,0,3,1,1,2
495,Josef Kadraba,1962,18,Delantero,3,3,0,3,1,0.33,0,0,2,0,1,2
506,Josef Kostalek,1934,-,Mediocampista,4,4,0,0,0,0.0,0,0,3,0,1,2
506,Josef Kostalek,1938,-,Mediocampista,3,3,0,0,1,0.33,0,0,1,1,1,5
521,Josef Ludl,1938,-,Delantero,2,2,0,1,0,0.0,0,0,0,1,1,5
1120,Josef Majer,1954,18,Delantero,0,0,0,2,0,0.0,0,0,0,0,0,14
528,Josef Masopust,1958,5,Mediocampista,4,4,0,0,0,0.0,0,0,1,1,2,9
528,Josef Masopust,1962,6,Mediocampista,6,6,0,0,1,0.17,0,0,3,1,2,2
542,Josef Orth,1938,-,Defensor,0,0,0,3,0,0.0,0,0,0,0,0,5
573,Josef Silny,1934,-,Delantero,1,1,0,3,0,0.0,0,0,1,0,0,2
4648,Josef Smistik,1934,-,Mediocampista,4,4,2,0,0,0.0,0,0,2,0,2,4
582,Josef Stibranyi,1962,7,Mediocampista,3,3,0,3,1,0.33,0,0,1,1,1,2
6289,Josef Streb,1934,-,Mediocampista,0,0,0,4,0,0.0,0,0,0,0,0,3
6292,Josef Stroh,1934,-,Delantero,0,0,0,4,0,0.0,0,0,0,0,0,4
6292,Josef Stroh,1938,-,Delantero,1,1,0,1,0,0.0,0,0,0,0,1,10
597,Josef Zeman,1938,-,Delantero,1,1,0,2,1,1.0,0,0,1,0,0,5
1454,Joseph Aidoo,2022,15,Defensor,0,0,0,3,0,0.0,0,0,0,0,0,24
3821,Joseph Alcazar,1934,-,Delantero,1,1,0,0,0,0.0,0,0,0,0,1,9
872,Joseph-Antoine Bell,1982,12,Arquero,0,0,0,3,0,0.0,0,0,0,0,0,17
872,Joseph-Antoine Bell,1990,1,Arquero,0,0,0,5,0,0.0,0,0,0,0,0,7
872,Joseph-Antoine Bell,1994,1,Arquero,2,2,0,1,0,0.0,0,0,0,1,1,22
3850,Joseph Bonnel,1966,4,Mediocampista,3,3,0,0,0,0.0,0,0,0,1,2,13
907,Joseph-Desire Job,1998,21,Delantero,3,1,0,0,0,0.0,0,0,0,2,1,25
907,Joseph-Desire Job,2002,21,Delantero,1,0,0,2,0,0.0,0,0,0,0,1,20
886,Joseph Elanga,1998,2,Mediocampista,0,0,0,3,0,0.0,0,0,0,0,0,25
889,Joseph Enanga,1982,19,Mediocampista,0,0,0,3,0,0.0,0,0,0,0,0,17
3927,Joseph Gonzalez,1934,-,Defensor,0,0,0,1,0,0.0,0,0,0,0,0,9
911,Joseph Kamga,1982,17,Mediocampista,0,0,0,3,0,0.0,0,0,0,0,0,17
2447,Joseph-Marion Leandre,1974,17,Defensor,1,0,0,2,0,0.0,0,0,0,0,1,15
6654,Joseph Mermans,1954,11,Delantero,2,2,2,0,0,0.0,0,0,0,1,1,12
944,Joseph Ndo,1998,15,Mediocampista,3,3,0,0,0,0.0,0,0,0,2,1,25
944,Joseph Ndo,2002,7,Delantero,0,0,0,3,0,0.0,0,0,0,0,0,20
6666,Joseph Nelis,1938,-,Delantero,0,0,0,1,0,0.0,0,0,0,0,0,13
6752,Joseph Vliers,1954,7,Delantero,0,0,0,2,0,0.0,0,0,0,0,0,12
4544,Joseph Yobo,2002,2,Mediocampista,3,3,0,0,0,0.0,0,0,0,1,2,27
4544,Joseph Yobo,2010,2,Defensor,3,3,2,0,0,0.0,0,0,0,1,2,27
4544,Joseph Yobo,2014,2,Defensor,4,3,3,0,0,0.0,0,0,1,1,2,16
7357,Josh Risdon,2018,19,Defensor,3,3,0,0,0,0.0,1,0,0,1,2,30
2878,Josh Sargent,2022,24,Delantero,3,2,0,1,0,0.0,0,0,1,2,0,14
2901,Josh Wolff,2002,15,Delantero,2,1,0,3,0,0.0,1,0,1,1,0,8
2901,Josh Wolff,2006,16,Delantero,1,0,0,2,0,0.0,0,0,0,0,1,25
7326,Joshua Kennedy,2006,19,Delantero,2,0,0,2,0,0.0,0,0,1,1,0,16
7326,Joshua Kennedy,2010,9,Delantero,2,1,0,1,0,0.0,0,0,1,1,0,21
6170,Joshua Kimmich,2018,18,Defensor,3,3,0,0,0,0.0,0,0,1,0,2,22
6170,Joshua Kimmich,2022,6,Mediocampista,3,3,0,0,0,0.0,1,0,1,1,1,17
1912,Josif Moravetz,1934,-,Mediocampista,1,1,0,0,0,0.0,0,0,0,0,1,12
1671,Josimar,1986,13,Defensor,3,3,0,2,2,0.67,0,0,2,1,0,5
8074,Josip Drmic,2014,19,Delantero,4,3,0,0,0,0.0,0,0,2,0,2,11
8074,Josip Drmic,2018,19,Delantero,3,1,0,1,1,0.33,0,0,1,1,1,14
1101,Josip Juranovic,2022,22,Defensor,6,6,0,1,0,0.0,0,0,1,4,1,3
3615,Josip Katalinski,1974,5,Defensor,6,6,0,0,1,0.17,2,0,1,2,3,7
1131,Josip Pivarić,2018,22,Defensor,4,1,0,3,0,0.0,1,0,2,2,0,2
1145,Josip Simunic,2002,3,Defensor,3,3,0,0,0,0.0,1,0,1,0,2,23
1145,Josip Simunic,2006,3,Defensor,3,3,0,0,0,0.0,0,1,0,2,1,22
3724,Josip Skoblar,1962,11,Delantero,5,5,0,1,1,0.2,0,0,2,0,3,4
7367,Josip Skoko,2006,8,Mediocampista,0,0,0,4,0,0.0,0,0,0,0,0,16
1150,Josip Stanisic,2022,2,Defensor,1,1,0,6,0,0.0,0,0,1,0,0,3
1156,Josip Sutalo,2022,24,Defensor,1,1,0,6,0,0.0,0,0,1,0,0,3
6755,Josip Weber,1994,17,Delantero,4,3,0,0,0,0.0,1,0,2,0,2,11
1095,Josko Gvardiol,2022,20,Defensor,7,7,0,0,1,0.14,0,0,2,4,1,3
7402,Jostein Flo,1994,6,Delantero,3,3,0,0,0,0.0,0,0,1,1,1,17
7402,Jostein Flo,1998,16,Delantero,1,0,0,3,0,0.0,0,0,1,0,0,15
1672,Josue,2010,17,Mediocampista,1,0,0,4,0,0.0,0,0,0,1,0,6
1915,Joszef Nagy,1938,-,Delantero,0,0,0,2,0,0.0,0,0,0,0,0,9
3773,Jovan Acimovic,1974,10,Mediocampista,6,6,1,0,0,0.0,1,0,1,2,3,7
432,Jozef Adamec,1962,10,Delantero,3,3,0,3,0,0.0,0,0,1,1,1,2
432,Jozef Adamec,1970,10,Delantero,3,2,0,0,0,0.0,0,0,0,0,3,15
434,Jozef Barmos,1982,5,Defensor,3,3,0,0,0,0.0,0,0,0,2,1,19
451,Jozef Capkovic,1970,21,Delantero,1,1,0,2,0,0.0,0,0,0,0,1,15
455,Jozef Chovanec,1990,8,Mediocampista,5,5,0,0,0,0.0,1,0,3,0,2,6
491,Jozef Jurkanin,1970,19,Delantero,1,1,0,2,0,0.0,0,0,0,0,1,15
3095,Jozef Korbas,1938,-,Delantero,0,0,0,1,0,0.0,0,0,0,0,0,11
516,Jozef Kukucka,1982,15,Defensor,1,1,0,2,0,0.0,0,0,0,1,0,19
3128,Jozef Mlynarczyk,1982,1,Arquero,7,7,0,0,0,0.0,0,0,3,3,1,3
3128,Jozef Mlynarczyk,1986,1,Arquero,4,4,0,0,0,0.0,0,0,1,1,2,14
3174,Jozef Wandzik,1986,19,Arquero,0,0,0,4,0,0.0,0,0,0,0,0,14
7491,Jozsef Andrusch,1986,22,Arquero,0,0,0,3,0,0.0,0,0,0,0,0,18
7495,Jozsef Bencsis,1958,20,Delantero,2,2,0,2,1,0.5,0,0,1,0,1,10
7503,Jozsef Bozsik,1954,5,Mediocampista,5,5,2,0,0,0.0,0,0,4,0,1,2
7503,Jozsef Bozsik,1958,5,Mediocampista,3,3,2,1,1,0.33,0,0,0,1,2,10
7512,Jozsef Csuhay,1982,20,Defensor,0,0,0,3,0,0.0,0,0,0,0,0,14
7512,Jozsef Csuhay,1986,12,Defensor,0,0,0,3,0,0.0,0,0,0,0,0,18
7528,Jozsef Gelei,1966,21,Arquero,3,3,0,1,0,0.0,0,0,2,0,1,6
7534,Jozsef Hada,1934,-,Arquero,0,0,0,2,0,0.0,0,0,0,0,0,6
7534,Jozsef Hada,1938,-,Arquero,1,1,0,3,0,0.0,0,0,1,0,0,2
7542,Jozsef Kardos,1986,5,Defensor,3,3,0,0,0,0.0,0,0,1,0,2,18
7548,Jozsef Kiprich,1986,7,Delantero,2,2,0,1,0,0.0,0,0,1,0,1,18
7577,Jozsef Nagy,1986,16,Mediocampista,0,0,0,3,0,0.0,0,0,0,0,0,18
7580,Jozsef Palinkas,1938,-,Arquero,0,0,0,4,0,0.0,0,0,0,0,0,2
7607,Jozsef Szendrei,1986,18,Arquero,1,1,0,2,0,0.0,0,0,1,0,0,18
7623,Jozsef Toth,1954,7,Delantero,2,2,0,3,1,0.5,0,0,2,0,0,2
7623,Jozsef Toth,1978,4,Defensor,3,3,0,0,0,0.0,0,0,0,0,3,15
7623,Jozsef Toth,1982,4,Defensor,2,2,0,1,1,0.5,0,0,1,0,1,14
7624,Jozsef Turay,1938,-,Mediocampista,3,3,0,1,0,0.0,0,0,3,0,0,2
7625,Jozsef Vago,1934,-,Defensor,1,1,0,1,0,0.0,0,0,0,0,1,6
7628,Jozsef Varga,1982,19,Defensor,2,2,0,1,1,0.5,0,0,0,1,1,14
7628,Jozsef Varga,1986,4,Defensor,2,2,0,1,0,0.0,0,0,1,0,1,18
7632,Jozsef Zakarias,1954,6,Mediocampista,4,4,0,1,0,0.0,0,0,3,0,1,2
2741,Jozy Altidore,2010,17,Delantero,4,4,0,0,0,0.0,1,0,1,2,1,12
2741,Jozy Altidore,2014,17,Delantero,1,1,0,3,0,0.0,0,0,1,0,0,15
1673,Juan,2006,4,Defensor,5,5,0,0,0,0.0,2,0,4,0,1,5
1673,Juan,2010,4,Defensor,5,5,0,0,1,0.2,1,0,3,1,1,6
4847,Juan Acuña,1950,-,Arquero,0,0,0,6,0,0.0,0,0,0,0,0,4
4297,Juan Aguero,1958,7,Delantero,3,3,3,0,2,0.67,0,0,1,1,1,12
5802,Juan Aguilera,1930,-,Delantero,1,1,0,2,0,0.0,0,0,0,0,1,5
2221,Juan Alfonso Valle,1930,-,Mediocampista,0,0,0,2,0,0.0,0,0,0,0,0,10
2419,Juan Alonso,1938,-,Delantero,1,1,0,2,0,0.0,0,0,0,0,1,7
5810,Juan Anselmo,1930,-,Delantero,2,2,0,2,3,1.5,0,0,2,0,0,1
5064,Juan Antonio Senor,1986,7,Mediocampista,4,0,0,1,1,0.25,0,0,2,1,1,7
2421,Juan Ayra,1938,-,Arquero,1,1,0,2,0,0.0,0,0,1,0,0,7
5176,Juan Barbas,1982,3,Mediocampista,2,1,0,3,0,0.0,0,0,1,0,1,11
5195,Juan Botasso,1930,-,Arquero,2,2,0,3,0,0.0,0,0,1,0,1,2
5824,Juan Burgueno,1950,-,Delantero,0,0,0,4,0,0.0,0,0,0,0,0,1
2136,Juan Caceres,1978,13,Arquero,0,0,0,6,0,0.0,0,0,0,0,0,8
4846,Juan Carlos Ablanedo,1986,22,Arquero,0,0,0,5,0,0.0,0,0,0,0,0,7
4846,Juan Carlos Ablanedo,1990,13,Arquero,0,0,0,4,0,0.0,0,0,0,0,0,10
16,Juan Carlos Burbano,2002,14,Mediocampista,0,0,0,3,0,0.0,0,0,0,0,0,24
5829,Juan Carlos Calvo,1930,-,Delantero,0,0,0,4,0,0.0,0,0,0,0,0,1
4365,Juan Carlos Franco,2002,17,Defensor,2,0,0,2,0,0.0,1,0,1,1,0,16
212,Juan Carlos García,2014,6,Defensor,2,1,0,1,0,0.0,0,0,0,0,2,31
5891,Juan Carlos Gonzalez,1950,-,Mediocampista,2,2,0,2,0,0.0,0,0,1,1,0,1
2192,Juan Carlos Oblitas,1978,11,Delantero,6,6,0,0,0,0.0,0,0,2,1,3,8
2192,Juan Carlos Oblitas,1982,11,Delantero,3,3,0,0,0,0.0,0,0,0,2,1,20
56,Juan Carlos Paredes,2014,4,Defensor,3,3,0,0,0,0.0,1,0,1,1,1,17
5086,Juan Carlos Valeron,2002,17,Mediocampista,4,4,0,1,1,0.25,1,0,2,2,0,5
7679,Juan Carreno,1930,-,Delantero,3,3,0,0,1,0.33,0,0,0,0,3,13
5837,Juan Castillo,2010,12,Arquero,0,0,0,7,0,0.0,0,0,0,0,0,4
1979,Juan Cayasso,1990,14,Delantero,4,4,0,0,1,0.25,0,0,2,0,2,13
7688,Juan Chavez,1994,13,Mediocampista,1,0,0,3,0,0.0,0,0,0,1,0,13
205,Juan Cruz,1982,14,Mediocampista,1,1,0,2,0,0.0,0,0,0,0,1,18
5246,Juan Evaristo,1930,-,Mediocampista,4,4,0,1,0,0.0,0,0,3,0,1,2
5256,Juan Foyth,2022,2,Defensor,1,0,0,6,0,0.0,0,0,1,0,0,1
8423,Juan Gomez,1954,14,Defensor,1,1,0,1,0,0.0,0,0,0,0,1,13
826,Juan Gualberto Fernandez,1970,20,Arquero,0,0,0,3,0,0.0,0,0,0,0,0,16
4715,Juan Guerra,1950,-,Delantero,0,0,0,1,0,0.0,0,0,0,0,0,13
2658,Juan Guillermo Cuadrado,2014,11,Mediocampista,5,5,0,0,1,0.2,0,0,4,0,1,5
2658,Juan Guillermo Cuadrado,2018,11,Mediocampista,4,4,0,0,1,0.25,1,0,2,1,1,9
5899,Juan Hohberg,1954,8,Delantero,2,2,0,3,3,1.5,0,0,0,0,2,4
7655,Juan Ignacio Basaguren,1970,20,Delantero,2,0,0,2,1,0.5,0,0,2,0,0,6
2040,Juan Jose Rodriguez,2002,14,Defensor,0,0,0,3,0,0.0,0,0,0,0,0,19
4339,Juan Leon Canete,1950,-,Delantero,0,0,0,2,0,0.0,0,0,0,0,0,11
696,Juan Letelier,1982,9,Delantero,2,0,0,1,1,0.5,1,0,0,0,2,22
4384,Juan Lezcano,1958,3,Defensor,3,3,0,0,0,0.0,0,0,1,1,1,12
698,Juan Machuca,1974,12,Defensor,0,0,0,3,0,0.0,0,0,0,0,0,11
7637,Juan Manuel Alejandrez,1970,2,Defensor,0,0,0,4,0,0.0,0,0,0,0,0,6
4867,Juan Manuel Asensi,1978,4,Mediocampista,3,3,2,0,1,0.33,0,0,1,1,1,10
4987,Juan Mata,2010,13,Delantero,1,0,0,6,0,0.0,0,0,1,0,0,1
4987,Juan Mata,2014,13,Delantero,1,0,0,2,1,1.0,0,0,1,0,0,23
4727,Juan Manuel Pena,1994,2,Defensor,1,1,0,2,0,0.0,0,0,0,0,1,21
7780,Juan Martinez,1970,9,Mediocampista,2,2,0,1,0,0.0,0,0,0,0,2,16
5919,Juan Masnik,1974,3,Defensor,3,1,1,0,0,0.0,1,0,0,1,2,13
5935,Juan Mujica,1970,6,Defensor,6,6,0,0,1,0.17,1,0,2,1,3,4
2187,Juan Munante,1978,7,Delantero,6,6,0,0,0,0.0,1,0,2,1,3,8
5005,Juan Nogues,1934,-,Arquero,1,1,0,2,0,0.0,0,0,0,0,1,5
5332,Juan Oleniak,1962,20,Delantero,2,2,0,1,0,0.0,0,0,0,1,1,10
719,Juan Olivares,1966,13,Arquero,3,3,0,0,0,0.0,0,0,0,1,2,13
719,Juan Olivares,1974,21,Arquero,0,0,0,3,0,0.0,0,0,0,0,0,11
7791,Juan Pablo Montes,2014,4,Defensor,0,0,0,3,0,0.0,0,0,0,0,0,31
8210,Juan Pablo Vargas,2022,3,Defensor,1,1,0,2,1,1.0,0,0,0,0,1,27
5356,Juan Pedevilla,1934,-,Defensor,1,1,0,0,0,0.0,0,0,0,0,1,9
2709,Juan Quintero,2014,20,Mediocampista,3,1,0,2,1,0.33,0,0,2,0,1,5
2709,Juan Quintero,2018,20,Mediocampista,4,4,0,0,1,0.25,0,0,2,1,1,9
7832,Juan Ramirez,1994,3,Defensor,4,4,0,0,0,0.0,0,0,1,2,1,13
8430,Juan Rodriguez,1974,6,Defensor,1,1,0,2,0,0.0,0,0,0,0,1,11
5376,Juan Román Riquelme,2006,10,Mediocampista,5,5,0,0,0,0.0,0,0,3,2,0,6
5400,Juan Sarnari,1966,17,Mediocampista,0,0,0,4,0,0.0,0,0,0,0,0,5
5996,Juan Schiaffino,1950,-,Delantero,4,4,0,0,3,0.75,0,0,3,1,0,1
5996,Juan Schiaffino,1954,10,Delantero,5,5,0,0,2,0.4,0,0,3,0,2,4
6001,Juan Silva,1974,20,Delantero,0,0,0,3,0,0.0,0,0,0,0,0,13
5409,Juan Simon,1990,20,Defensor,7,7,0,0,0,0.0,1,0,2,3,2,2
5411,Juan Sorin,2002,3,Mediocampista,3,3,0,0,0,0.0,0,0,1,1,1,18
5411,Juan Sorin,2006,3,Defensor,4,4,4,1,0,0.0,2,0,3,1,0,6
4429,Juan Torales,1986,2,Defensor,4,4,0,0,0,0.0,0,0,1,2,1,13
2433,Juan Tunas,1938,-,Delantero,3,3,0,0,0,0.0,0,0,1,1,1,7
2220,Juan Valdivieso,1930,-,Arquero,1,1,0,1,0,0.0,0,0,0,0,1,10
5436,Juan Veron,1998,11,Mediocampista,5,5,0,0,0,0.0,1,0,3,1,1,6
5436,Juan Veron,2002,11,Mediocampista,3,2,2,0,0,0.0,0,0,1,1,1,18
2735,Juan Zuñiga,2014,18,Defensor,4,4,0,1,0,0.0,0,0,3,0,1,5
4955,Juanele,1994,14,Delantero,0,0,0,5,0,0.0,0,0,0,0,0,8
4956,Juanfran,2014,5,Defensor,1,1,0,2,0,0.0,0,0,1,0,0,23
4956,Juanfran,2002,3,Defensor,3,3,0,2,0,0.0,1,0,2,1,0,5
4957,Juanito,2006,20,Defensor,1,1,0,3,1,1.0,0,0,1,0,0,9
4957,Juanito,1978,8,Delantero,2,2,0,1,0,0.0,0,0,1,1,0,10
4957,Juanito,1982,7,Delantero,4,4,0,1,1,0.25,1,0,1,1,2,12
1217,Jude Bellingham,2022,22,Mediocampista,5,5,0,0,1,0.2,0,0,3,1,1,6
8204,Juerg Studer,1994,19,Defensor,1,0,0,3,0,0.0,1,0,0,0,1,15
2506,Juergen Croy,1974,1,Arquero,6,6,0,0,0,0.0,1,0,2,2,2,6
6112,Juergen Grabowski,1966,20,Delantero,0,0,0,6,0,0.0,0,0,0,0,0,2
6112,Juergen Grabowski,1970,20,Delantero,5,1,0,1,0,0.0,0,0,4,0,1,3
6112,Juergen Grabowski,1974,9,Delantero,6,5,0,1,1,0.17,0,0,5,0,1,1
6174,Juergen Klinsmann,1990,18,Delantero,7,7,0,0,3,0.43,1,0,5,2,0,1
6174,Juergen Klinsmann,1994,18,Delantero,5,5,0,0,5,1.0,2,0,3,1,1,5
6174,Juergen Klinsmann,1998,18,Delantero,5,5,5,0,3,0.6,1,0,3,1,1,7
6180,Juergen Kohler,1990,4,Defensor,4,4,0,3,0,0.0,0,0,3,1,0,1
6180,Juergen Kohler,1994,4,Defensor,5,5,0,0,0,0.0,1,0,3,1,1,5
6180,Juergen Kohler,1998,4,Defensor,4,4,0,1,0,0.0,0,0,2,1,1,7
6193,Juergen Kurbjuhn,1962,13,Defensor,0,0,0,4,0,0.0,0,0,0,0,0,7
2518,Juergen Pommerenke,1974,7,Mediocampista,3,3,0,3,0,0.0,0,0,1,1,1,6
2881,Juergen Sommer,1994,12,Arquero,0,0,0,4,0,0.0,0,0,0,0,0,14
2881,Juergen Sommer,1998,16,Arquero,0,0,0,3,0,0.0,0,0,0,0,0,32
2521,Juergen Sparwasser,1974,14,Mediocampista,6,6,0,0,1,0.17,2,0,2,2,2,6
6315,Juergen Werner,1962,14,Defensor,0,0,0,4,0,0.0,0,0,0,0,0,7
4941,Julen Guerrero,1994,8,Mediocampista,2,2,0,3,0,0.0,0,0,1,1,0,8
4941,Julen Guerrero,1998,8,Mediocampista,1,0,0,2,0,0.0,1,0,1,0,0,17
4972,Julen Lopetegui,1994,22,Arquero,0,0,0,5,0,0.0,0,0,0,0,0,8
964,Jules Denis Onana,1990,3,Defensor,3,3,0,2,0,0.0,2,0,2,0,1,7
3957,Jules Koundé,2022,5,Defensor,6,5,0,1,0,0.0,1,0,5,1,0,2
6673,Jules Pappaert,1934,-,Defensor,0,0,0,1,0,0.0,0,0,0,0,0,15
4062,Jules Vandooren,1934,-,Defensor,0,0,0,1,0,0.0,0,0,0,0,0,9
4062,Jules Vandooren,1938,-,Defensor,0,0,0,2,0,0.0,0,0,0,0,0,8
5159,Julian Alvarez,2022,9,Delantero,7,5,0,0,4,0.57,0,0,4,2,1,1
6065,Julian Brandt,2018,20,Mediocampista,3,0,0,0,0,0.0,0,0,1,0,2,22
6065,Julian Brandt,2022,17,Mediocampista,0,0,0,3,0,0.0,0,0,0,0,0,17
4350,Julian Coronel,1986,22,Arquero,0,0,0,4,0,0.0,0,0,0,0,0,13
6082,Julian Draxler,2014,14,Mediocampista,1,0,0,6,0,0.0,0,0,1,0,0,1
6082,Julian Draxler,2018,7,Mediocampista,2,2,0,1,0,0.0,0,0,1,0,1,22
2809,Julian Green,2014,16,Mediocampista,1,0,0,3,1,1.0,0,0,0,0,1,15
3885,Julien Darui,1938,-,Arquero,0,0,0,2,0,0.0,0,0,0,0,0,8
1674,Julinho,1954,7,Delantero,3,3,0,0,2,0.67,0,0,1,1,1,6
5799,Julio Abbadie,1954,7,Delantero,4,4,0,1,2,0.5,0,0,3,0,1,4
4958,Julio Alberto,1986,11,Defensor,3,3,0,2,0,0.0,1,0,1,1,1,7
4696,Julio Baldivieso,1994,22,Mediocampista,2,2,0,1,0,0.0,2,0,0,1,1,21
3191,Julio Baptista,2010,19,Mediocampista,1,1,0,4,0,0.0,0,0,0,1,0,6
2134,Julio Baylon,1970,8,Mediocampista,2,2,0,2,0,0.0,0,0,1,0,1,7
4888,Julio Cardenosa,1978,11,Mediocampista,3,3,0,0,0,0.0,0,0,1,1,1,10
1676,Julio Cesar,1986,14,Defensor,5,5,0,0,0,0.0,0,0,4,1,0,5
1676,Julio Cesar,2006,22,Arquero,0,0,0,5,0,0.0,0,0,0,0,0,5
1676,Julio Cesar,2010,1,Arquero,5,5,0,0,0,0.0,0,0,3,1,1,6
1676,Julio Cesar,2014,12,Arquero,7,7,0,0,0,0.0,1,0,3,2,2,4
189,Julio Cesar Arzu,1982,21,Arquero,3,3,0,0,0,0.0,0,0,0,2,1,18
5823,Julio Cesar Britos,1950,-,Delantero,0,0,0,4,0,0.0,0,0,0,0,0,1
4333,Julio Cesar Caceres,2002,18,Defensor,4,4,0,0,0,0.0,1,0,1,1,2,16
4333,Julio Cesar Caceres,2006,5,Defensor,3,3,0,0,0,0.0,0,0,1,0,2,18
4333,Julio Cesar Caceres,2010,5,Defensor,1,1,0,4,0,0.0,0,0,0,1,0,8
231,Jerry Palacios,2010,10,Delantero,2,1,0,1,0,0.0,0,0,0,1,1,30
231,Jerry Palacios,2014,9,Delantero,1,0,0,2,0,0.0,1,0,0,0,1,31
4359,Julio Cesar Enciso,1998,16,Mediocampista,4,4,0,0,0,0.0,1,0,1,2,1,14
5902,Julio Cesar Jimenez,1974,17,Mediocampista,0,0,0,3,0,0.0,0,0,0,0,0,13
7850,Julio Cesar Romero,1986,8,Mediocampista,4,4,0,0,2,0.5,1,0,1,2,1,13
2219,Julio Cesar Uribe,1982,9,Mediocampista,3,2,0,0,0,0.0,0,0,0,2,1,20
4440,Julio Cesar Yegros,1998,7,Delantero,4,0,0,0,0,0.0,0,0,1,2,1,14
5847,Julio Cortes,1962,8,Mediocampista,1,1,0,2,0,0.0,0,0,0,0,1,13
5847,Julio Cortes,1966,7,Mediocampista,4,4,0,0,1,0.25,0,0,1,2,1,7
5847,Julio Cortes,1970,20,Mediocampista,6,5,0,0,0,0.0,1,0,2,1,3,4
7698,Julio Cruz,2006,20,Delantero,2,0,0,3,0,0.0,1,0,0,2,0,6
4357,Julio Dos Santos,2006,19,Mediocampista,2,1,0,1,0,0.0,1,0,1,0,1,18
831,Julio Hernandez,1982,19,Arquero,0,0,0,3,0,0.0,0,0,0,0,0,24
2180,Julio Lores,1930,-,Delantero,2,2,0,0,0,0.0,0,0,0,0,2,10
5908,Julio Losada,1970,21,Delantero,2,2,0,4,0,0.0,0,0,1,0,1,4
5910,Julio Maceiras,1954,12,Arquero,0,0,0,5,0,0.0,0,0,0,0,0,4
4388,Julio Manzur,2006,15,Defensor,1,0,0,2,0,0.0,0,0,1,0,0,18
5837,Julio Montero Castillo,1974,5,Defensor,1,1,0,2,0,0.0,0,1,0,0,1,13
5931,Julio Morales,1970,11,Delantero,3,3,0,3,0,0.0,0,0,1,0,2,4
5327,Julio Mussimesi,1958,12,Arquero,0,0,0,3,0,0.0,0,0,0,0,0,13
5331,Julio Olarticoechea,1982,13,Defensor,0,0,0,5,0,0.0,0,0,0,0,0,11
5331,Julio Olarticoechea,1986,16,Defensor,7,3,0,0,0,0.0,1,0,6,1,0,1
5331,Julio Olarticoechea,1990,16,Mediocampista,5,5,0,2,0,0.0,2,0,2,3,0,2
5960,Julio Perez,1950,-,Delantero,4,4,0,0,1,0.25,0,0,3,1,0,1
5960,Julio Perez,1954,21,Delantero,0,0,0,5,0,0.0,0,0,0,0,0,4
2198,Julio Quintana,1930,-,Mediocampista,0,0,0,2,0,0.0,0,0,0,0,0,10
4959,Julio Salinas,1986,19,Delantero,5,5,0,0,1,0.2,0,0,3,1,1,7
4959,Julio Salinas,1990,19,Delantero,3,3,0,1,1,0.33,0,0,2,0,1,10
4959,Julio Salinas,1994,19,Delantero,4,3,0,1,1,0.25,1,0,1,2,1,8
4448,Julius Aghahowa,2002,17,Delantero,3,3,0,0,1,0.33,0,0,0,1,2,27
439,Julius Bielik,1990,2,Defensor,2,0,0,3,0,0.0,0,0,1,0,1,6
2816,Julius Hjulian,1934,-,Arquero,1,1,0,0,0,0.0,0,0,0,0,1,16
8003,Jun Il Ri,2010,3,Defensor,3,3,0,0,0,0.0,0,0,0,0,3,32
7078,Jung Bae Park,1994,5,Defensor,3,3,0,0,0,0.0,1,0,0,2,1,20
6925,Jung Hwan Ahn,2002,19,Mediocampista,7,4,0,0,2,0.29,1,0,3,2,2,4
6925,Jung Hwan Ahn,2006,9,Delantero,3,0,0,0,1,0.33,1,0,1,1,1,17
6925,Jung Hwan Ahn,2010,9,Delantero,0,0,0,4,0,0.0,0,0,0,0,0,15
6973,Jung Moo Huh,1986,17,Mediocampista,3,3,0,0,1,0.33,1,0,0,1,2,20
7044,Jung Soo Lee,2010,14,Defensor,4,4,0,0,2,0.5,0,0,1,1,2,15
7083,Jung Won Seo,1994,11,Delantero,3,1,0,0,1,0.33,0,0,0,2,1,20
7065,Jung Yoon Noh,1994,8,Mediocampista,2,2,0,1,0,0.0,0,0,0,2,0,20
7065,Jung Yoon Noh,1998,8,Mediocampista,1,1,0,2,0,0.0,0,0,0,0,1,30
97,Junichi Inamoto,2002,5,Mediocampista,4,4,0,0,2,0.5,1,0,2,1,1,9
97,Junichi Inamoto,2006,17,Mediocampista,2,1,0,1,0,0.0,0,0,0,1,1,29
97,Junichi Inamoto,2010,20,Mediocampista,2,0,0,2,0,0.0,0,0,2,0,0,9
1677,Juninho,1982,14,Defensor,0,0,0,5,0,0.0,0,0,0,0,0,5
1678,Juninho Paulista,2002,19,Mediocampista,5,4,0,2,0,0.0,0,0,5,0,0,1
1679,Juninho Pernambucano,2006,19,Mediocampista,3,2,0,2,1,0.33,0,0,2,0,1,5
1824,Junior,1982,6,Defensor,5,5,0,0,1,0.2,0,0,4,0,1,5
1824,Junior,1986,6,Defensor,5,5,0,0,0,0.0,0,0,4,1,0,5
1824,Junior,2002,16,Defensor,1,1,0,6,1,1.0,0,0,1,0,0,1
1681,Junior Baiano,1998,4,Defensor,7,7,0,0,0,0.0,2,0,4,1,2,2
1991,Júnior Díaz,2014,15,Defensor,5,5,0,0,0,0.0,1,0,2,3,0,8
2470,Junior Hoilett,2022,10,Mediocampista,3,2,0,0,0,0.0,1,0,0,0,3,31
102,Junya Ito,2022,14,Mediocampista,4,3,0,0,0,0.0,0,0,2,1,1,9
5513,Junzhe Zhao,2002,15,Mediocampista,2,2,0,1,0,0.0,0,0,0,0,2,31
6136,Jupp Heynckes,1974,11,Delantero,2,2,0,5,0,0.0,0,0,2,0,0,1
6163,Jupp Kappellmann,1974,19,Mediocampista,0,0,0,7,0,0.0,0,0,0,0,0,1
6249,Jupp Posipal,1954,7,Defensor,5,5,0,1,0,0.0,0,0,4,0,1,1
803,Juraj Kucka,2010,19,Mediocampista,3,2,0,1,0,0.0,1,0,1,1,1,16
1682,Jurandir,1962,14,Defensor,0,0,0,6,0,0.0,0,0,0,0,0,1
346,Juri Lodygin,2014,12,Arquero,0,0,0,3,0,0.0,0,0,0,0,0,24
3602,Jurica Jerkovic,1974,12,Mediocampista,3,1,0,3,0,0.0,0,0,0,0,3,7
3602,Jurica Jerkovic,1982,17,Mediocampista,0,0,0,3,0,0.0,0,0,0,0,0,16
8031,Jurica Vranjes,2002,16,Mediocampista,2,0,0,1,0,0.0,0,0,1,0,1,23
8031,Jurica Vranjes,2006,6,Mediocampista,0,0,0,3,0,0.0,0,0,0,0,0,22
6489,Jurrïen Timber,2022,2,Defensor,4,4,0,1,0,0.0,1,0,2,2,0,5
3915,Just Fontaine,1958,17,Delantero,6,6,0,0,13,2.17,0,0,4,0,2,3
4466,Justice Christopher,2002,15,Mediocampista,3,2,0,0,0,0.0,0,0,0,1,2,27
6364,Justin Bijlow,2022,13,Arquero,0,0,0,5,0,0.0,0,0,0,0,0,5
4439,Justo Villar,2002,12,Arquero,0,0,0,4,0,0.0,0,0,0,0,0,16
4439,Justo Villar,2006,1,Arquero,1,1,0,2,0,0.0,0,0,0,0,1,18
4439,Justo Villar,2010,1,Arquero,5,5,4,0,0,0.0,0,0,1,3,1,8
1683,Juvenal,1950,-,Defensor,6,6,0,0,0,0.0,0,0,4,1,1,2
4528,Juwon Oshaniwa,2014,13,Defensor,4,4,0,0,0,0.0,1,0,1,1,2,16
6807,Kabasu Babo,1974,11,Defensor,0,0,0,3,0,0.0,0,0,0,0,0,16
5447,Kacmaz Akgun,1954,18,Defensor,0,0,0,3,0,0.0,0,0,0,0,0,11
6786,Kader Keita,2006,18,Mediocampista,2,2,0,1,0,0.0,1,0,1,0,1,19
6786,Kader Keita,2010,18,Delantero,3,1,0,0,0,0.0,0,0,1,1,1,17
6825,Kafula Ngoye,1974,17,Mediocampista,0,0,0,3,0,0.0,0,0,0,0,0,16
8242,Kagisho Dikgacoi,2010,13,Mediocampista,2,2,0,1,0,0.0,2,0,0,1,1,20
6124,Kai Havertz,2022,7,Delantero,2,1,0,1,2,1.0,0,0,1,0,1,17
7196,Kais Ghodhbane,1998,10,Mediocampista,3,2,0,0,0,0.0,1,0,0,1,2,26
7196,Kais Ghodhbane,2002,10,Mediocampista,2,2,0,1,0,0.0,1,0,0,1,1,29
7196,Kais Ghodhbane,2006,10,Mediocampista,3,0,0,0,0,0.0,0,0,0,1,2,24
1684,Kaká,2002,23,Delantero,1,0,0,6,0,0.0,0,0,1,0,0,1
1684,Kaká,2006,8,Mediocampista,5,5,0,0,1,0.2,0,0,4,0,1,5
1684,Kaká,2010,10,Mediocampista,4,4,0,1,0,0.0,1,1,3,0,1,6
252,Kakhi Asatiani,1970,11,Mediocampista,4,3,0,0,1,0.25,1,0,2,1,1,5
6810,Kakoko Etepe,1974,21,Delantero,2,2,0,1,0,0.0,0,0,0,0,2,16
6826,Kalambay Otepa,1974,22,Arquero,0,0,0,3,0,0.0,0,0,0,0,0,16
7930,Kali,2006,5,Defensor,3,3,0,0,0,0.0,0,0,0,2,1,23
1018,Kalidou Cissokho,2002,22,Arquero,0,0,0,5,0,0.0,0,0,0,0,0,7
1044,Kalidou Koulibaly,2018,3,Defensor,3,3,0,0,0,0.0,0,0,1,1,1,17
1044,Kalidou Koulibaly,2022,3,Defensor,4,4,4,0,1,0.25,1,0,2,0,2,10
3518,Kalle Svensson,1950,-,Arquero,5,5,0,0,0,0.0,0,0,2,1,2,3
3518,Kalle Svensson,1958,1,Arquero,6,6,0,0,0,0.0,0,0,4,1,1,2
7539,Kalman Ihasz,1962,13,Defensor,0,0,0,4,0,0.0,0,0,0,0,0,5
7539,Kalman Ihasz,1966,18,Defensor,0,0,0,4,0,0.0,0,0,0,0,0,6
7558,Kalman Kovacs,1986,20,Delantero,1,1,0,2,0,0.0,0,0,0,0,1,18
7571,Kalman Meszoly,1962,3,Defensor,4,4,0,0,0,0.0,0,0,2,1,1,5
7571,Kalman Meszoly,1966,5,Defensor,4,4,0,0,2,0.5,0,0,2,0,2,6
7602,Kalman Sovari,1962,12,Defensor,0,0,0,4,0,0.0,0,0,0,0,0,5
7602,Kalman Sovari,1966,4,Defensor,1,1,0,3,0,0.0,0,0,0,0,1,6
4536,Kalu Uche,2010,12,Mediocampista,3,2,0,0,2,0.67,0,0,0,1,2,27
1366,Kalvin Phillips,2022,14,Mediocampista,2,0,0,3,0,0.0,0,0,2,0,0,6
2484,Kamal Miller,2022,4,Defensor,3,3,0,0,0,0.0,1,0,0,0,3,31
1507,Kamal Sowah,2022,24,Mediocampista,0,0,0,3,0,0.0,0,0,0,0,0,24
1508,Kamaldeen Sulemana,2022,22,Mediocampista,2,0,0,1,0,0.0,1,0,1,0,1,24
7178,Kamel Chebali,1978,18,Defensor,0,0,0,3,0,0.0,0,0,0,0,0,9
2099,Kamel Mansour,1934,-,Delantero,0,0,0,1,0,0.0,0,0,0,0,0,13
2100,Kamel Masoud,1934,-,Arquero,1,1,0,0,0,0.0,0,0,0,0,1,13
3065,Kamil Glik,2018,15,Defensor,2,1,0,1,0,0.0,0,0,1,0,1,25
3065,Kamil Glik,2022,15,Defensor,4,4,0,0,0,0.0,0,0,1,1,2,15
3070,Kamil Grabara,2022,22,Arquero,0,0,0,4,0,0.0,0,0,0,0,0,15
3071,Kamil Grosicki,2018,11,Mediocampista,3,2,0,0,0,0.0,0,0,1,0,2,25
3071,Kamil Grosicki,2022,11,Mediocampista,1,0,0,3,0,0.0,0,0,0,0,1,15
800,Kamil Kopunek,2010,20,Mediocampista,2,0,0,2,1,0.5,1,0,1,0,1,16
3096,Kamil Kosowski,2006,5,Mediocampista,1,0,0,2,0,0.0,0,0,0,0,1,21
6946,Kang Hee Choi,1990,3,Defensor,3,3,0,0,0,0.0,1,0,0,0,3,22
7989,Kang-in Lee,2022,18,Mediocampista,4,1,0,0,0,0.0,1,0,1,1,2,16
6759,Kanga Akale,2006,2,Mediocampista,3,2,0,0,0,0.0,0,0,1,0,2,19
125,Kaoru Mitoma,2022,9,Mediocampista,4,0,0,0,0,0.0,0,0,2,1,1,9
1049,Kara Mbodji,2018,4,Defensor,0,0,0,3,0,0.0,0,0,0,0,0,17
448,Karel Burkert,1938,-,Arquero,1,1,0,2,0,0.0,0,0,0,0,1,5
502,Karel Kolsky,1938,-,Mediocampista,0,0,0,3,0,0.0,0,0,0,0,0,5
6456,Karel Ooms,1938,-,Delantero,0,0,0,1,0,0.0,0,0,0,0,0,14
554,Karel Poborsky,2006,8,Mediocampista,3,3,0,0,0,0.0,0,0,1,0,2,20
572,Karel Senecky,1938,-,Delantero,1,1,0,2,0,0.0,0,0,0,0,1,5
584,Karel Stromsik,1982,22,Arquero,2,1,0,1,0,0.0,0,0,0,1,1,19
7125,Kári Árnason,2018,14,Defensor,2,2,0,1,0,0.0,0,0,0,1,1,28
6036,Karim Adeyemi,2022,24,Delantero,0,0,0,3,0,0.0,0,0,0,0,0,17
4083,Karim Ansarifard,2014,10,Delantero,1,0,0,2,0,0.0,1,0,0,0,1,28
4083,Karim Ansarifard,2018,10,Delantero,3,2,0,0,1,0.33,1,0,1,1,1,18
4083,Karim Ansarifard,2022,10,Delantero,2,0,0,1,0,0.0,0,0,1,0,1,26
4086,Karim Bagheri,1998,6,Mediocampista,3,3,0,0,0,0.0,0,0,1,0,2,20
3842,Karim Benzema,2014,10,Delantero,5,5,0,0,3,0.6,0,0,3,1,1,7
3842,Karim Benzema,2022,19,Delantero,0,0,0,7,0,0.0,0,0,0,0,0,2
6340,Karim Boudiaf,2022,12,Mediocampista,3,2,0,0,0,0.0,1,0,0,0,3,32
8340,Karim El Ahmadi,2018,8,Mediocampista,3,3,0,0,0,0.0,2,0,0,1,2,27
7192,Karim Essediri,2006,2,Delantero,1,0,0,2,0,0.0,0,0,0,1,0,24
7200,Karim Haggui,2006,3,Defensor,3,3,0,0,0,0.0,1,0,0,1,2,24
6880,Karim Maroc,1982,18,Mediocampista,0,0,0,3,0,0.0,0,0,0,0,0,13
6880,Karim Maroc,1986,8,Mediocampista,2,2,0,1,0,0.0,0,0,0,1,1,22
6881,Karim Matmour,2010,13,Mediocampista,3,3,0,0,0,0.0,0,0,0,1,2,28
1180,Karim Mohamed,1986,13,Defensor,0,0,0,3,0,0.0,0,0,0,0,0,23
7245,Karim Saidi,2006,21,Defensor,0,0,0,3,0,0.0,0,0,0,0,0,24
6900,Karim Ziani,2010,15,Mediocampista,3,3,0,0,0,0.0,0,0,0,1,2,28
6038,Karl Allgoewer,1986,13,Mediocampista,0,0,0,7,0,0.0,0,0,0,0,0,2
3390,Karl Erik Grahn,1938,-,Mediocampista,0,0,0,3,0,0.0,0,0,0,0,0,4
3488,Karl-Erik Palmer,1950,-,Delantero,5,5,0,0,3,0.6,0,0,2,1,2,3
4566,Karl Giesser,1954,14,Mediocampista,0,0,0,5,0,0.0,0,0,0,0,0,3
6096,Karl-Heinz Foerster,1982,4,Defensor,7,7,0,0,0,0.0,0,0,3,2,2,2
6096,Karl-Heinz Foerster,1986,4,Defensor,7,7,0,0,0,0.0,1,0,3,2,2,2
6216,Karl-Heinz Metzner,1954,11,Mediocampista,0,0,0,6,0,0.0,0,0,0,0,0,1
6265,Karl-Heinz Rummenigge,1978,11,Delantero,5,5,0,1,3,0.6,0,0,1,3,1,6
6265,Karl-Heinz Rummenigge,1982,11,Delantero,7,6,6,0,5,0.71,0,0,3,2,2,2
6265,Karl-Heinz Rummenigge,1986,11,Delantero,7,4,4,0,1,0.14,0,0,3,2,2,2
6274,Karl-Heinz Schnellinger,1958,17,Defensor,2,2,0,4,0,0.0,0,0,0,1,1,4
6274,Karl-Heinz Schnellinger,1962,3,Defensor,4,4,0,0,0,0.0,0,0,2,1,1,7
6274,Karl-Heinz Schnellinger,1966,3,Defensor,6,6,0,0,0,0.0,0,0,4,1,1,2
6274,Karl-Heinz Schnellinger,1970,3,Defensor,5,5,0,1,1,0.2,0,0,4,0,1,3
6146,Karl Hohmann,1934,-,Delantero,2,2,0,2,2,1.0,0,0,2,0,0,3
3423,Karl-Johan Johnsson,2018,12,Arquero,0,0,0,5,0,0.0,0,0,0,0,0,7
3423,Karl Johnsson,1934,-,Mediocampista,0,0,0,2,0,0.0,0,0,0,0,0,8
4596,Karl Koller,1954,6,Mediocampista,5,5,0,0,0,0.0,0,0,4,0,1,3
4596,Karl Koller,1958,6,Mediocampista,3,3,0,0,1,0.33,0,0,0,1,2,15
7425,Karl Loken,1994,15,Defensor,0,0,0,3,0,0.0,0,0,0,0,0,17
6207,Karl Mai,1954,8,Mediocampista,5,5,0,1,0,0.0,0,0,5,0,0,1
8158,Karl Odermatt,1966,15,Mediocampista,1,1,0,2,0,0.0,0,0,0,0,1,16
4646,Karl Sesta,1934,-,Defensor,4,4,0,0,1,0.25,0,0,2,0,2,4
4651,Karl Stotz,1954,12,Mediocampista,0,0,0,5,0,0.0,0,0,0,0,0,3
4651,Karl Stotz,1958,16,Mediocampista,1,1,0,2,0,0.0,0,0,0,0,1,15
3519,Karl Svensson,2006,15,Defensor,0,0,0,4,0,0.0,0,0,0,0,0,14
979,Karl Toko-Ekambi,2022,12,Delantero,3,2,0,0,0,0.0,0,0,1,1,1,19
4669,Karl Zischek,1934,-,Delantero,4,4,0,0,1,0.25,0,0,2,0,2,4
6260,Karlheinz Riedle,1990,13,Delantero,4,1,0,3,0,0.0,0,0,3,1,0,1
6260,Karlheinz Riedle,1994,9,Delantero,2,2,0,3,1,0.5,0,0,2,0,0,5
458,Karol Dobias,1970,2,Defensor,3,3,0,0,0,0.0,1,0,0,0,3,15
489,Karol Jokl,1970,11,Delantero,3,2,0,0,0,0.0,0,0,0,0,3,15
3113,Karol Linetty,2018,8,Mediocampista,0,0,0,3,0,0.0,0,0,0,0,0,25
3158,Karol Swiderski,2022,16,Delantero,1,1,0,3,0,0.0,0,0,0,0,1,15
7508,Karoly Csapo,1978,13,Mediocampista,3,2,0,0,1,0.33,0,0,0,0,3,15
7508,Karoly Csapo,1982,17,Mediocampista,0,0,0,3,0,0.0,0,0,0,0,0,14
7594,Karoly Sandor,1958,11,Delantero,3,3,0,1,1,0.33,0,0,1,1,1,10
7594,Karoly Sandor,1962,7,Delantero,3,3,0,1,0,0.0,0,0,2,0,1,5
2826,Kasey Keller,1990,18,Arquero,0,0,0,3,0,0.0,0,0,0,0,0,23
2826,Kasey Keller,1998,18,Arquero,2,2,0,1,0,0.0,0,0,0,0,2,32
2826,Kasey Keller,2002,18,Arquero,0,0,0,5,0,0.0,0,0,0,0,0,8
2826,Kasey Keller,2006,18,Arquero,3,3,0,0,0,0.0,0,0,0,1,2,25
4195,Kasper Bogelund,2002,20,Defensor,2,0,0,2,0,0.0,0,0,1,0,1,10
4207,Kasper Dolberg,2018,12,Delantero,1,0,0,3,0,0.0,0,0,0,1,0,11
4207,Kasper Dolberg,2022,12,Delantero,3,1,0,0,0,0.0,0,0,0,1,2,28
4277,Kasper Schmeichel,2018,1,Arquero,4,4,0,0,0,0.0,0,0,1,3,0,11
4277,Kasper Schmeichel,2022,1,Arquero,3,3,1,0,0,0.0,0,0,0,1,2,28
8403,Kassem Slimani,1970,5,Defensor,3,3,0,0,0,0.0,0,0,0,1,2,14
8274,Katlego Mphela,2010,9,Delantero,3,3,0,0,1,0.33,0,0,1,1,1,20
6821,Kazadi Muamba,1974,1,Arquero,3,3,0,0,0,0.0,0,0,0,0,3,16
3048,Kazimierz Deyna,1974,12,Mediocampista,7,7,7,0,3,0.43,0,0,6,0,1,3
3048,Kazimierz Deyna,1978,12,Mediocampista,6,6,6,0,1,0.17,0,0,3,1,2,5
3093,Kazimierz Kmiecik,1974,21,Delantero,2,0,0,5,0,0.0,0,0,1,0,1,3
3114,Kazimierz Lis,1938,-,Mediocampista,0,0,0,1,0,0.0,0,0,0,0,0,11
3145,Kazimierz Przybys,1986,2,Defensor,2,1,0,2,0,0.0,0,0,0,1,1,14
465,Kazimir Gajdos,1954,20,Delantero,0,0,0,2,0,0.0,0,0,0,0,0,14
465,Kazimir Gajdos,1958,7,Delantero,0,0,0,4,0,0.0,0,0,0,0,0,9
3942,Kazimir Hnatow,1958,9,Mediocampista,0,0,0,6,0,0.0,0,0,0,0,0,3
175,Kazuyuki Toda,2002,21,Mediocampista,4,4,0,0,0,0.0,2,0,2,1,1,9
7287,Keanu Baccus,2022,26,Mediocampista,4,1,0,0,0,0.0,0,0,2,0,2,11
6449,Kees Mijnders,1934,-,Delantero,0,0,0,1,0,0.0,0,0,0,0,0,9
171,Keiji Tamada,2006,20,Delantero,2,1,0,1,1,0.5,0,0,0,1,1,29
171,Keiji Tamada,2010,11,Delantero,2,0,0,2,0,0.0,0,0,0,1,1,9
94,Keisuke Honda,2010,18,Mediocampista,4,4,0,0,2,0.5,1,0,2,1,1,9
94,Keisuke Honda,2014,4,Delantero,3,3,0,0,1,0.33,0,0,0,1,2,29
94,Keisuke Honda,2018,4,Mediocampista,3,0,0,1,1,0.33,0,0,1,1,1,15
177,Keisuke Tsuboi,2006,19,Defensor,2,2,0,1,0,0.0,0,0,0,0,2,29
1010,Keita Baldé,2018,20,Delantero,1,1,0,2,0,0.0,0,0,0,0,1,17
5127,Keith Mckay,1982,12,Mediocampista,3,3,0,0,0,0.0,0,0,0,0,3,23
1354,Keith Newton,1970,2,Defensor,3,3,0,1,0,0.0,0,0,2,0,1,8
4488,Kelechi Iheanacho,2018,14,Delantero,3,2,0,0,0,0.0,0,0,1,0,2,21
2737,Kellyn Acosta,2022,23,Mediocampista,2,0,0,2,0,0.0,1,0,1,1,0,14
610,Kelvin Jack,2006,21,Arquero,1,1,0,2,0,0.0,0,0,0,0,1,27
6813,Kembo Uba Kembo,1974,9,Mediocampista,3,1,0,0,0,0.0,0,0,0,0,3,16
2744,Ken Armstrong,1954,19,Mediocampista,0,0,0,3,0,0.0,0,0,0,0,0,7
1285,Ken Green,1954,13,Defensor,0,0,0,3,0,0.0,0,0,0,0,0,7
7321,Ken Jones,1958,12,Arquero,0,0,0,5,0,0.0,0,0,0,0,0,5
2553,Ken Leek,1958,17,Delantero,0,0,0,5,0,0.0,0,0,0,0,0,5
2061,Kendall Waston,2018,19,Defensor,1,1,0,2,1,1.0,1,0,0,1,0,29
2061,Kendall Waston,2022,19,Defensor,3,2,0,0,0,0.0,0,0,1,0,2,27
136,Kengo Nakamura,2010,14,Mediocampista,1,0,0,3,0,0.0,0,0,0,1,0,9
2007,Kenner Gutiérrez,2018,22,Defensor,0,0,0,3,0,0.0,0,0,0,0,0,29
3343,Kennet Andersson,1994,19,Delantero,7,6,0,0,5,0.71,2,0,3,3,1,3
4523,Kenneth Omeruo,2014,22,Defensor,4,4,0,0,0,0.0,1,0,1,1,2,16
4523,Kenneth Omeruo,2018,22,Defensor,2,2,0,1,0,0.0,0,0,1,0,1,21
6488,Kenneth Taylor,2022,24,Mediocampista,1,0,0,4,0,0.0,0,0,1,0,0,5
2763,Kenny Burns,1978,22,Defensor,2,2,0,1,0,0.0,0,0,0,1,1,11
5115,Kenny Cresswell,1982,13,Mediocampista,3,3,0,0,0,0.0,0,0,0,0,3,23
7450,Kenny Cunningham,2002,4,Defensor,2,0,0,2,0,0.0,0,0,0,2,0,12
2314,Kenny Dalglish,1974,8,Delantero,3,3,0,0,0,0.0,0,0,1,2,0,9
2314,Kenny Dalglish,1978,8,Delantero,3,3,0,0,1,0.33,0,0,1,1,1,11
2314,Kenny Dalglish,1982,8,Delantero,2,1,0,1,1,0.5,0,0,1,0,1,15
1383,Kenny Sansom,1982,17,Defensor,4,4,0,1,0,0.0,0,0,2,2,0,6
1383,Kenny Sansom,1986,3,Defensor,5,5,0,0,0,0.0,0,0,2,1,2,8
3431,Kent Karlsson,1974,3,Defensor,6,6,0,0,0,0.0,0,0,2,2,2,5
3431,Kent Karlsson,1978,19,Defensor,0,0,0,3,0,0.0,0,0,0,0,0,13
4263,Kent Nielsen,1986,17,Defensor,0,0,0,4,0,0.0,0,0,0,0,0,9
7321,Kenwyne Jones,2006,15,Delantero,2,1,0,1,0,0.0,1,0,0,0,2,27
4866,Kepa Arrizabalaga,2018,13,Arquero,0,0,0,4,0,0.0,0,0,0,0,0,10
7266,Kerry Dixon,1986,21,Delantero,1,0,0,4,0,0.0,0,0,1,0,0,8
7989,Keun Hak Lee,1966,9,Arquero,0,0,0,4,0,0.0,0,0,0,0,0,8
7989,Keun-Ho Lee,2014,11,Delantero,3,0,0,0,1,0.33,0,0,0,1,2,27
7640,Kevin Álvarez,2022,26,Defensor,2,1,0,1,0,0.0,0,0,1,0,1,22
6588,Kevin De Bruyne,2014,7,Mediocampista,4,4,0,1,1,0.25,0,0,3,0,1,6
6588,Kevin De Bruyne,2018,7,Mediocampista,6,6,0,1,1,0.17,1,0,5,0,1,3
6588,Kevin De Bruyne,2022,7,Mediocampista,3,3,1,0,0,0.0,0,0,1,1,1,23
2327,Kevin Gallacher,1998,7,Delantero,3,3,0,0,0,0.0,1,0,0,1,2,27
6114,Kevin Grosskreutz,2014,2,Defensor,0,0,0,7,0,0.0,0,0,0,0,0,1
1313,Kevin Keegan,1982,7,Delantero,1,0,0,4,0,0.0,0,0,0,1,0,6
7467,Kevin Kilbane,2002,11,Delantero,4,4,0,0,0,0.0,0,0,1,3,0,12
6660,Kevin Mirallas,2014,11,Delantero,4,2,0,1,0,0.0,0,0,3,0,1,6
7474,Kevin Moran,1990,5,Defensor,5,5,0,0,0,0.0,1,0,0,4,1,8
7474,Kevin Moran,1994,4,Defensor,0,0,0,4,0,0.0,0,0,0,0,0,16
1466,Kevin Prince Boateng,2010,23,Delantero,5,5,0,0,1,0.2,0,0,2,2,1,7
1466,Kevin Prince Boateng,2014,9,Delantero,2,1,0,1,0,0.0,0,0,0,1,1,25
66,Kevin Rodríguez,2022,26,Delantero,2,0,0,1,0,0.0,0,0,1,1,0,18
7483,Kevin Sheedy,1990,11,Mediocampista,5,5,0,0,1,0.2,0,0,0,4,1,8
6303,Kevin Trapp,2018,12,Arquero,0,0,0,3,0,0.0,0,0,0,0,0,22
6303,Kevin Trapp,2022,12,Arquero,0,0,0,3,0,0.0,0,0,0,0,0,17
6420,Kew Jaliens,2006,2,Defensor,1,1,0,3,0,0.0,0,0,0,1,0,11
5003,Keylor Navas,2014,1,Arquero,5,5,0,0,0,0.0,1,0,2,3,0,8
5003,Keylor Navas,2018,1,Arquero,3,3,0,0,0,0.0,0,0,0,1,2,29
5003,Keylor Navas,2022,1,Arquero,3,3,3,0,0,0.0,0,0,1,0,2,27
1998,Keysher Fuller,2022,4,Defensor,3,3,0,0,1,0.33,0,0,1,0,2,27
1055,Khadim N'Diaye,2018,16,Arquero,3,3,0,0,0,0.0,0,0,1,1,1,17
4775,Khaled Al Muwallid,1994,14,Mediocampista,4,2,0,0,0,0.0,2,0,2,0,2,12
4775,Khaled Al Muwallid,1998,14,Mediocampista,2,1,0,1,0,0.0,1,0,0,0,2,28
4821,Khaled Aziz,2006,16,Mediocampista,3,3,0,0,0,0.0,0,0,0,1,2,28
7151,Khaled Badra,1998,21,Defensor,1,1,0,2,0,0.0,0,0,0,0,1,26
7151,Khaled Badra,2002,2,Defensor,3,3,2,0,0,0.0,1,0,0,1,2,29
7194,Khaled Gasmi,1978,4,Mediocampista,2,2,0,1,0,0.0,0,0,0,1,1,9
7957,Khaleel Ghanim,1990,2,Defensor,3,3,0,0,0,0.0,0,1,0,0,3,24
6371,Khalid Boulahrouz,2006,3,Defensor,4,2,0,0,0,0.0,1,1,2,1,1,11
6371,Khalid Boulahrouz,2010,12,Defensor,2,2,0,5,0,0.0,1,0,2,0,0,2
8322,Khalid Boutaïb,2018,13,Delantero,2,2,0,1,1,0.5,0,0,0,1,1,27
7958,Khalid Ismail,1990,8,Mediocampista,2,2,0,1,1,0.5,0,0,0,0,2,24
6350,Khalid Muneer,2022,18,Delantero,0,0,0,3,0,0.0,0,0,0,0,0,32
8305,Khalil Azmi,1994,1,Arquero,2,2,1,1,0,0.0,0,0,0,0,2,23
1181,Khalil Mohamed,1986,3,Defensor,3,3,1,0,0,0.0,1,0,0,0,3,23
1035,Khalilou Fadiga,2002,10,Mediocampista,4,4,0,1,1,0.25,2,0,1,2,1,7
4761,Khamis Al Dossari,1998,16,Mediocampista,3,3,0,0,0,0.0,1,0,0,1,2,28
4761,Khamis Al Dossari,2002,16,Mediocampista,2,2,0,1,0,0.0,0,0,0,0,2,32
7222,Khemais Labidi,1978,12,Mediocampista,3,2,0,0,0,0.0,0,0,1,1,1,9
4084,Khodadad Azizi,1998,11,Delantero,3,3,0,0,0,0.0,0,0,1,0,2,20
368,Khoren Oganesian,1982,10,Mediocampista,3,2,0,2,1,0.33,0,0,2,1,0,7
4119,Khosro Heydari,2014,2,Mediocampista,3,1,0,0,0,0.0,0,0,0,1,2,28
7093,Ki Hun Yeom,2010,19,Mediocampista,4,3,0,0,0,0.0,1,0,1,1,2,15
7084,Ki Hyeon Seol,2002,9,Delantero,7,6,0,0,1,0.14,1,0,3,2,2,4
7084,Ki Hyeon Seol,2006,11,Delantero,2,0,0,1,0,0.0,0,0,0,1,1,17
7060,Ki Joo Li,1954,19,Delantero,1,1,0,1,0,0.0,0,0,0,0,1,16
6814,Kibonge Mafu,1974,15,Mediocampista,2,1,0,1,0,0.0,0,0,0,0,2,16
6480,Kick Smit,1934,-,Delantero,1,1,0,0,1,1.0,0,0,0,0,1,9
6480,Kick Smit,1938,-,Delantero,1,1,0,0,0,0.0,0,0,0,0,1,14
6818,Kidumu Mantantu,1974,10,Mediocampista,3,3,3,0,0,0.0,1,0,0,0,3,16
7346,Kieffer Moore,2022,13,Delantero,3,2,0,0,0,0.0,0,0,0,1,2,30
1413,Kieran Trippier,2018,12,Defensor,6,6,0,1,1,0.17,0,0,3,1,2,4
1413,Kieran Trippier,2022,12,Defensor,3,2,0,2,0,0.0,0,0,2,1,0,6
1265,Kieron Dyer,2002,23,Mediocampista,3,0,0,2,0,0.0,0,0,1,1,1,6
8042,Kiki Antenen,1950,-,Delantero,2,2,0,1,1,0.5,0,0,1,0,1,6
8042,Kiki Antenen,1954,15,Delantero,3,3,0,1,0,0.0,0,0,1,0,2,5
8042,Kiki Antenen,1962,15,Delantero,3,3,3,0,0,0.0,0,0,0,0,3,16
4961,Kiko,1998,19,Delantero,3,1,0,0,1,0.33,1,0,1,1,1,17
6819,Kilasu Massamba,1974,6,Mediocampista,3,2,0,0,0,0.0,0,0,0,0,3,16
3429,Kim Kallstrom,2006,16,Mediocampista,4,3,0,0,0,0.0,0,0,1,2,1,14
3877,Kingsley Coman,2022,20,Delantero,6,1,0,1,0,0.0,0,0,4,1,1,2
3568,Kiril Dojcinovski,1974,15,Defensor,0,0,0,6,0,0.0,0,0,0,0,0,7
2950,Kiril Ivkov,1974,19,Defensor,3,3,0,0,0,0.0,0,0,0,2,1,12
2976,Kiril Milanov,1974,14,Delantero,0,0,0,3,0,0.0,0,0,0,0,0,12
2994,Kiril Rakarov,1962,2,Defensor,2,2,2,1,0,0.0,0,0,0,0,2,15
186,Kisho Yano,2010,12,Delantero,1,0,0,3,0,0.0,0,0,1,0,0,9
7432,Kjetil Rekdal,1994,10,Mediocampista,3,1,0,0,1,0.33,0,0,1,1,1,17
7432,Kjetil Rekdal,1998,10,Mediocampista,4,4,0,0,1,0.25,2,0,1,2,1,15
6418,Klaas Jan Huntelaar,2010,21,Delantero,4,0,0,3,1,0.25,0,0,4,0,0,2
6418,Klaas Jan Huntelaar,2014,19,Delantero,3,0,0,4,1,0.33,2,0,1,2,0,3
3412,Klas Ingesson,1990,10,Mediocampista,3,3,0,0,0,0.0,0,0,0,0,3,21
3412,Klas Ingesson,1994,8,Mediocampista,7,7,0,0,0,0.0,1,0,3,3,1,3
6039,Klaus Allofs,1986,19,Delantero,7,7,0,0,2,0.29,1,0,3,2,2,2
6043,Klaus Augenthaler,1986,15,Defensor,2,2,0,5,0,0.0,0,0,1,1,0,2
6043,Klaus Augenthaler,1990,5,Defensor,7,7,0,0,0,0.0,0,0,5,2,0,1
4193,Klaus Berggreen,1986,9,Mediocampista,3,3,0,1,0,0.0,1,0,2,0,1,9
6282,Klaus-Dieter Sieloff,1966,18,Defensor,0,0,0,6,0,0.0,0,0,0,0,0,2
6282,Klaus-Dieter Sieloff,1970,18,Defensor,0,0,0,6,0,0.0,0,0,0,0,0,3
6092,Klaus Fichtel,1970,11,Defensor,5,5,0,1,0,0.0,0,0,5,0,0,3
6093,Klaus Fischer,1978,9,Delantero,5,4,0,1,0,0.0,0,0,1,3,1,6
6093,Klaus Fischer,1982,8,Delantero,6,3,0,1,2,0.33,1,0,2,2,2,2
4608,Klaus Lindenberger,1982,22,Arquero,0,0,0,5,0,0.0,0,0,0,0,0,8
4608,Klaus Lindenberger,1990,1,Arquero,3,3,0,0,0,0.0,1,0,1,0,2,18
1685,Kleberson,2002,15,Mediocampista,5,3,0,2,0,0.0,0,0,5,0,0,1
1685,Kleberson,2010,20,Mediocampista,1,0,0,4,0,0.0,0,0,1,0,0,6
7397,Knut Brynildsen,1938,-,Delantero,1,1,0,0,0,0.0,0,0,0,0,1,12
3403,Knut Hansson,1938,-,Delantero,0,0,0,3,0,0.0,0,0,0,0,0,4
3438,Knut Kroon,1934,-,Delantero,2,2,0,0,1,0.5,0,0,1,0,1,8
3476,Knut Nordahl,1950,-,Mediocampista,3,3,0,2,0,0.0,0,0,1,1,1,3
100,Ko Itakura,2022,4,Defensor,3,3,0,1,0,0.0,2,0,2,0,1,9
6917,Kodjovi Obilale,2006,22,Arquero,0,0,0,3,0,0.0,0,0,0,0,0,30
8134,Koebi Kuhn,1966,11,Mediocampista,2,2,0,1,0,0.0,0,0,0,0,2,16
6569,Koen Casteels,2018,13,Arquero,0,0,0,7,0,0.0,0,0,0,0,0,3
6569,Koen Casteels,2022,13,Arquero,0,0,0,3,0,0.0,0,0,0,0,0,23
4962,Koke,2014,17,Mediocampista,2,1,0,1,0,0.0,0,0,1,0,1,23
4962,Koke,2018,8,Mediocampista,3,2,0,1,0,0.0,0,0,1,2,0,10
4962,Koke,2022,8,Mediocampista,2,0,0,2,0,0.0,0,0,1,1,0,13
6798,Kolo Toure,2006,4,Defensor,2,2,0,1,0,0.0,0,0,0,0,2,19
6798,Kolo Toure,2010,4,Defensor,3,3,1,0,0,0.0,0,0,1,1,1,17
6798,Kolo Toure,2014,4,Defensor,1,1,0,2,0,0.0,0,0,0,0,1,21
2525,Konrad Weise,1974,4,Defensor,6,6,0,0,0,0.0,0,0,2,2,2,6
335,Konstantin Krizhevski,1958,3,Defensor,5,5,0,0,0,0.0,0,0,2,1,2,6
2579,Konstantinos Chalkias,2010,1,Arquero,0,0,0,3,0,0.0,0,0,0,0,0,25
2596,Konstantinos Katsouranis,2010,21,Mediocampista,3,3,0,0,0,0.0,1,0,1,0,2,25
2596,Konstantinos Katsouranis,2014,21,Mediocampista,3,2,2,1,0,0.0,0,1,0,2,1,13
7101,Kook Chin Yung,1954,20,Delantero,1,1,0,1,0,0.0,0,0,0,0,1,16
6968,Kook-Young Han,2014,14,Mediocampista,3,3,0,0,0,0.0,1,0,0,1,2,27
808,Kornel Salata,2010,21,Defensor,1,1,0,3,0,0.0,0,0,0,0,1,16
6904,Kossi Agassa,2006,16,Arquero,3,3,0,0,0,0.0,0,0,0,0,3,30
3750,Kosta Tomasevic,1950,-,Delantero,3,3,0,0,2,0.67,0,0,2,0,1,5
2961,Kostadin Kostadinov,1986,20,Delantero,3,1,0,1,0,0.0,0,0,0,2,1,15
2605,Kostas Manolas,2014,4,Defensor,4,4,0,0,0,0.0,1,0,1,2,1,13
2608,Kostas Mitroglou,2014,9,Delantero,3,1,0,1,0,0.0,0,0,0,2,1,13
137,Kosuke Nakamura,2018,23,Arquero,0,0,0,4,0,0.0,0,0,0,0,0,15
2920,Krasimir Borisov,1974,20,Delantero,1,0,0,2,0,0.0,0,0,0,0,1,12
2917,Krassimir Balakov,1994,20,Mediocampista,7,7,0,0,0,0.0,1,0,3,1,3,4
2917,Krassimir Balakov,1998,10,Mediocampista,3,3,0,0,0,0.0,0,0,0,1,2,29
1026,Krépin Diatta,2022,15,Mediocampista,3,3,0,1,0,0.0,0,0,1,0,2,10
3436,Krister Kirstersson,1970,14,Defensor,0,0,0,3,0,0.0,0,0,0,0,0,9
7410,Kristian Henriksen,1938,-,Mediocampista,1,1,0,0,0,0.0,0,0,0,0,1,12
1097,Kristijan Jakic,2022,26,Mediocampista,1,0,0,6,0,0.0,0,0,1,0,0,3
3477,Kristoffer Nordfeldt,2018,23,Arquero,0,0,0,5,0,0.0,0,0,0,0,0,7
1102,Krunoslav Jurcic,1998,21,Mediocampista,3,3,0,4,0,0.0,1,0,3,0,0,3
3034,Krystian Bielik,2022,6,Mediocampista,4,2,0,0,0,0.0,0,0,1,1,2,15
3137,Krzysztof Pawlak,1986,18,Defensor,2,2,0,2,0,0.0,0,0,1,0,1,14
3140,Krzysztof Piatek,2022,23,Delantero,2,0,0,2,0,0.0,0,0,1,0,1,15
6905,Kuami Agboh,2006,8,Mediocampista,1,1,0,2,0,0.0,0,0,0,0,1,30
7970,Kum Chol Choe,2010,12,Delantero,1,0,0,2,0,0.0,0,0,0,0,1,32
4511,Kunle Odunlami,2014,12,Defensor,0,0,0,4,0,0.0,0,0,0,0,0,16
8041,Kurt Ambruster,1966,3,Defensor,2,2,0,1,0,0.0,0,0,0,0,2,16
3356,Kurt Axelsson,1970,3,Defensor,3,3,0,0,0,0.0,0,0,1,1,1,9
1969,Kurt Bernard,2006,13,Delantero,1,0,0,2,0,0.0,0,0,0,0,1,31
3402,Kurt Hamrin,1958,7,Delantero,5,5,0,1,4,0.8,0,0,4,0,1,2
4588,Kurt Jara,1978,11,Mediocampista,4,4,0,2,0,0.0,0,0,2,0,2,7
4588,Kurt Jara,1982,11,Mediocampista,1,1,0,4,0,0.0,0,0,0,0,1,8
8175,Kurt Rey,1950,-,Defensor,0,0,0,3,0,0.0,0,0,0,0,0,6
4636,Kurt Russ,1990,7,Defensor,2,2,0,1,0,0.0,0,0,0,0,2,18
4642,Kurt Schmied,1954,1,Arquero,4,4,1,1,0,0.0,0,0,4,0,0,3
4642,Kurt Schmied,1958,12,Arquero,1,1,0,2,0,0.0,0,0,0,0,1,15
8199,Kurt Stettler,1962,3,Arquero,0,0,0,3,0,0.0,0,0,0,0,0,16
3515,Kurt Svanstrom,1938,-,Mediocampista,3,3,1,0,0,0.0,0,0,1,0,2,4
4665,Kurt Welzl,1982,20,Delantero,3,0,0,2,0,0.0,0,0,1,1,1,8
1459,Kwadwo Asamoah,2010,21,Mediocampista,5,5,0,0,0,0.0,0,0,2,2,1,7
1459,Kwadwo Asamoah,2014,20,Mediocampista,3,3,0,0,0,0.0,0,0,0,1,2,25
8006,Kwang Chon Ri,2010,5,Defensor,3,3,0,0,0,0.0,0,0,0,0,3,32
8005,Kwang Hyok Ri,2010,21,Defensor,0,0,0,3,0,0.0,0,0,0,0,0,32
6940,Kwang Rae Cho,1986,4,Mediocampista,3,2,0,0,0,0.0,0,0,0,1,2,20
7360,Kye Rowles,2022,4,Defensor,4,4,0,0,0,0.0,0,0,2,0,2,11
2750,Kyle Beckerman,2014,15,Mediocampista,3,3,0,1,0,0.0,1,0,1,1,1,15
1420,Kyle Walker,2018,2,Defensor,5,5,0,2,0,0.0,2,0,3,1,1,4
1420,Kyle Walker,2022,2,Defensor,3,3,0,2,0,0.0,0,0,2,0,1,6
3992,Kylian Mbappé,2018,10,Delantero,7,6,0,0,4,0.57,2,0,6,1,0,1
3992,Kylian Mbappé,2022,10,Delantero,7,6,0,0,8,1.14,0,0,5,1,1,2
7982,Kyong Il Kim,2010,22,Mediocampista,0,0,0,3,0,0.0,0,0,0,0,0,32
2593,Kyriakos Karataidis,1994,18,Defensor,1,1,0,2,0,0.0,0,0,0,0,1,24
7079,Kyu Chong Park,1954,2,Defensor,2,2,1,0,0,0.0,0,0,0,0,2,16
6958,Kyung Ho Chung,2006,16,Delantero,0,0,0,3,0,0.0,0,0,0,0,0,17
7080,Kyung Hoon Park,1986,2,Defensor,3,3,0,0,0,0.0,1,0,0,1,2,20
7080,Kyung Hoon Park,1990,2,Defensor,3,3,0,0,0,0.0,0,0,0,0,3,22
7034,Kyung-won Kwon,2022,20,Defensor,2,1,0,2,0,0.0,0,0,1,0,1,16
8376,Labid Khalifa,1986,2,Defensor,4,4,0,0,0,0.0,2,0,1,2,1,11
5922,Ladislao Mazurkiewicz,1966,1,Arquero,4,4,0,0,0,0.0,0,0,1,2,1,7
5922,Ladislao Mazurkiewicz,1970,1,Arquero,6,6,0,0,0,0.0,0,0,2,1,3,4
5922,Ladislao Mazurkiewicz,1974,1,Arquero,3,3,2,0,0,0.0,0,0,0,1,2,13
1934,Ladislau Raffinski,1930,-,Mediocampista,2,2,0,0,0,0.0,0,0,1,0,1,8
1934,Ladislau Raffinski,1938,-,Mediocampista,2,2,0,0,0,0.0,0,0,0,1,1,9
492,Ladislav Jurkemik,1982,4,Defensor,2,2,0,1,0,0.0,0,0,0,1,1,19
493,Ladislav Kacani,1954,15,Delantero,2,2,0,0,0,0.0,0,0,0,0,2,14
517,Ladislav Kuna,1970,9,Mediocampista,3,3,0,0,0,0.0,0,0,0,0,3,15
540,Ladislav Novak,1954,4,Defensor,2,2,2,0,0,0.0,0,0,0,0,2,14
540,Ladislav Novak,1958,4,Defensor,4,4,4,0,0,0.0,0,0,1,1,2,9
540,Ladislav Novak,1962,4,Defensor,6,6,6,0,0,0.0,0,0,3,1,2,2
807,Ladislav Petras,1970,8,Delantero,3,3,0,0,2,0.67,0,0,0,0,3,15
574,Ladislav Simunek,1938,-,Delantero,2,2,0,1,0,0.0,0,0,1,1,0,5
593,Ladislav Vizek,1982,9,Delantero,3,3,0,0,0,0.0,0,1,0,2,1,19
598,Ladislav Zenisek,1934,-,Defensor,3,3,0,1,0,0.0,0,0,2,0,1,2
4963,Lafuente,1934,-,Delantero,2,2,0,1,0,0.0,0,0,1,1,0,5
8295,Lahcen Abrami,1998,15,Defensor,2,1,0,1,0,0.0,0,0,1,0,1,18
8390,Lahcen Oudani,1986,14,Defensor,2,1,0,2,0,0.0,0,0,0,1,1,11
7511,Lajos Csordas,1954,18,Delantero,0,0,0,5,0,0.0,0,0,0,0,0,2
7515,Lajos Detari,1986,10,Mediocampista,3,3,0,0,1,0.33,0,0,1,0,2,18
7554,Lajos Koranyi,1938,-,Defensor,3,3,0,1,0,0.0,0,0,3,0,0,2
7588,Lajos Puskas,1966,19,Delantero,0,0,0,4,0,0.0,0,0,0,0,0,6
7616,Lajos Tichy,1958,8,Delantero,4,4,0,0,4,1.0,0,0,1,1,2,10
7616,Lajos Tichy,1966,16,Delantero,0,0,0,4,0,0.0,0,0,0,0,0,6
6835,Lakhdar Belloumi,1982,10,Mediocampista,2,2,0,1,1,0.5,0,0,1,0,1,13
6835,Lakhdar Belloumi,1986,10,Mediocampista,3,2,0,0,0,0.0,0,0,0,1,2,22
7931,Lama,2006,12,Arquero,0,0,0,3,0,0.0,0,0,0,0,0,23
7157,Lamine Ben Aziza,1978,21,Arquero,0,0,0,3,0,0.0,0,0,0,0,0,9
1027,Lamine Diatta,2002,13,Defensor,5,5,0,0,0,0.0,0,0,2,2,1,7
1037,Lamine Gassama,2018,21,Defensor,1,1,0,2,0,0.0,0,0,0,0,1,17
8241,Lance Davids,2010,7,Mediocampista,0,0,0,3,0,0.0,0,0,0,0,0,20
2789,Landon Donovan,2002,21,Mediocampista,5,5,0,0,2,0.4,0,0,2,1,2,8
2789,Landon Donovan,2006,21,Mediocampista,3,3,0,0,0,0.0,0,0,0,1,2,25
2789,Landon Donovan,2010,10,Mediocampista,4,4,0,0,3,0.75,0,0,1,2,1,12
939,Landry N'Guémo,2010,7,Mediocampista,1,1,0,2,0,0.0,0,0,0,0,1,31
939,Landry N'Guémo,2014,7,Mediocampista,1,1,0,2,0,0.0,0,0,0,0,1,32
6855,Larbi El Hadi,1986,21,Arquero,2,1,0,1,0,0.0,0,0,0,1,1,22
7394,Lars Bohinen,1994,22,Mediocampista,3,2,0,0,0,0.0,0,0,1,1,1,17
3383,Lars Eriksson,1990,12,Arquero,0,0,0,3,0,0.0,0,0,0,0,0,21
3383,Lars Eriksson,1994,12,Arquero,0,0,0,7,0,0.0,0,0,0,0,0,3
4222,Lars Hogh,1986,22,Arquero,2,2,0,2,0,0.0,0,0,1,0,1,9
4224,Lars Jacobsen,2010,6,Defensor,3,3,0,0,0,0.0,0,0,1,0,2,24
6259,Lars Ricken,2002,10,Mediocampista,0,0,0,7,0,0.0,0,0,0,0,0,2
4279,Lasse Schöne,2018,19,Mediocampista,3,1,0,1,0,0.0,0,0,1,2,0,11
7493,Laszlo Balint,1978,14,Defensor,1,1,0,2,0,0.0,0,0,0,0,1,15
7493,Laszlo Balint,1982,3,Defensor,2,2,0,1,0,0.0,0,0,1,0,1,14
7501,Laszlo Bodor,1962,20,Delantero,0,0,0,4,0,0.0,0,0,0,0,0,5
7504,Laszlo Budai,1954,16,Delantero,2,2,0,3,0,0.0,0,0,2,0,0,2
7504,Laszlo Budai,1958,7,Delantero,2,2,0,2,0,0.0,0,0,1,0,1,10
7509,Laszlo Cseh,1938,-,Delantero,0,0,0,4,0,0.0,0,0,0,0,0,2
7514,Laszlo Dajka,1986,9,Mediocampista,3,1,0,0,0,0.0,0,0,1,0,2,18
7517,Laszlo Disztl,1986,13,Defensor,0,0,0,3,0,0.0,0,0,0,0,0,18
7521,Laszlo Fazekas,1978,7,Delantero,1,1,0,2,0,0.0,0,0,0,0,1,15
7521,Laszlo Fazekas,1982,7,Delantero,3,2,0,0,2,0.67,1,0,1,1,1,14
7558,Laszlo Kovacs,1978,22,Arquero,0,0,0,3,0,0.0,0,0,0,0,0,15
7560,Laszlo Lachos,1958,16,Delantero,0,0,0,4,0,0.0,0,0,0,0,0,10
7578,Laszlo Nagy,1978,18,Mediocampista,3,3,0,0,0,0.0,0,0,0,0,3,15
7589,Laszlo Pusztai,1978,17,Delantero,2,2,0,1,0,0.0,0,0,0,0,2,15
7597,Laszlo Sarosi,1958,4,Defensor,4,4,0,0,0,0.0,0,0,1,1,2,10
7597,Laszlo Sarosi,1962,4,Defensor,4,4,1,0,0,0.0,0,0,2,1,1,5
7603,Laszlo Sternberg,1934,-,Defensor,2,2,2,0,0,0.0,0,0,1,0,1,6
916,Lauren,1998,12,Defensor,1,0,0,2,0,0.0,0,1,0,1,0,25
916,Lauren,2002,12,Mediocampista,3,3,0,0,0,0.0,1,0,1,1,1,20
3848,Laurent Blanc,1998,5,Defensor,5,5,0,2,1,0.2,1,1,4,1,0,1
6574,Laurent Ciman,2014,23,Defensor,0,0,0,5,0,0.0,0,0,0,0,0,6
3897,Laurent Di Lorto,1938,-,Arquero,2,2,0,0,0,0.0,0,0,1,0,1,8
6626,Laurent Grimmonprez,1934,-,Delantero,1,1,0,0,0,0.0,0,0,0,0,1,15
3956,Laurent Koscielny,2014,21,Defensor,4,2,0,1,0,0.0,0,0,2,1,1,7
4024,Laurent Robuschi,1966,19,Delantero,0,0,0,3,0,0.0,0,0,0,0,0,13
2249,Laurie Hughes,1950,-,Mediocampista,3,3,0,0,0,0.0,0,0,1,0,2,8
1385,Laurie Scott,1950,-,Defensor,0,0,0,3,0,0.0,0,0,0,0,0,8
8040,Lauro Amado,1938,-,Delantero,3,3,0,0,0,0.0,0,0,1,1,1,6
3643,Lav Mantula,1954,14,Mediocampista,0,0,0,3,0,0.0,0,0,0,0,0,8
1460,Lawrence Ati-Zigi,2022,1,Arquero,3,3,0,0,0,0.0,0,0,1,0,2,24
1945,Lazar Sfera,1934,-,Defensor,0,0,0,1,0,0.0,0,0,0,0,0,12
1945,Lazar Sfera,1938,-,Defensor,0,0,0,2,0,0.0,0,0,0,0,0,9
7608,Lazar Szentes,1982,12,Delantero,2,0,0,1,1,0.5,0,0,1,0,1,14
3919,Lazare Gianessi,1954,4,Defensor,2,2,0,0,0,0.0,0,0,1,0,1,9
2581,Lazaros Christodoulopoulos,2014,16,Mediocampista,2,2,0,2,0,0.0,0,0,1,1,0,13
6606,Leander Dendoncker,2018,23,Defensor,1,1,0,6,0,0.0,1,0,1,0,0,3
6606,Leander Dendoncker,2022,19,Defensor,2,2,0,1,0,0.0,1,0,1,1,0,23
1686,Leandro,1982,2,Defensor,5,5,0,0,0,0.0,0,0,4,0,1,5
5229,Leandro Cufre,2006,17,Defensor,1,1,0,4,0,0.0,0,1,0,1,0,6
5348,Leandro Paredes,2022,5,Mediocampista,5,2,0,2,0,0.0,2,0,2,2,1,1
5745,Leandro Remondini,1950,-,Defensor,1,1,0,1,0,0.0,0,0,1,0,0,7
6706,Leandro Trossard,2022,17,Delantero,3,1,0,0,0,0.0,0,0,1,1,1,23
3258,Leao,1970,22,Arquero,0,0,0,6,0,0.0,0,0,0,0,0,1
3258,Leao,1974,1,Arquero,7,7,0,0,0,0.0,0,0,3,2,2,4
3258,Leao,1978,1,Arquero,7,7,6,0,0,0.0,0,0,4,3,0,3
3258,Leao,1986,22,Arquero,0,0,0,5,0,0.0,0,0,0,0,0,5
7932,Lebo Lebo,2006,4,Defensor,0,0,0,3,0,0.0,0,0,0,0,0,23
8272,Lebogang Morula,1998,18,Mediocampista,0,0,0,3,0,0.0,0,0,0,0,0,24
1316,Ledley King,2010,20,Defensor,1,1,0,3,0,0.0,0,0,0,1,0,13
1445,Lee Addy,2010,19,Defensor,3,1,0,2,0,0.0,1,0,2,1,0,7
7446,Lee Carsley,2002,22,Mediocampista,1,0,0,3,0,0.0,0,0,1,0,0,12
6526,Leen Vente,1934,-,Delantero,1,1,0,0,1,1.0,0,0,0,0,1,9
6526,Leen Vente,1938,-,Delantero,1,1,0,0,0,0.0,0,0,0,0,1,14
5472,Lefter Kucukandonyadis,1954,11,Delantero,3,3,1,0,2,0.67,0,0,1,0,2,11
2708,Leider Preciado,1998,21,Delantero,3,1,0,0,1,0.33,0,0,1,0,2,21
3380,Leif Engqvist,1990,9,Mediocampista,1,0,0,2,0,0.0,0,0,0,0,1,21
3384,Leif Eriksson,1970,8,Mediocampista,2,2,0,1,0,0.0,0,0,1,0,1,9
3460,Leif Malberg,1970,15,Defensor,0,0,0,3,0,0.0,0,0,0,0,0,9
1205,Leighton Baines,2014,3,Defensor,2,2,0,1,0,0.0,0,0,0,0,2,26
1688,Leivinha,1974,8,Delantero,3,3,0,4,0,0.0,0,0,1,2,0,4
2527,Len Allchurch,1958,21,Delantero,0,0,0,5,0,0.0,0,0,0,0,0,5
2244,Len Graham,1958,19,Defensor,0,0,0,5,0,0.0,0,0,0,0,0,7
3367,Lennart Bunke,1938,-,Delantero,0,0,0,3,0,0.0,0,0,0,0,0,4
3441,Lennart Larsson,1978,9,Mediocampista,3,3,0,0,0,0.0,0,0,0,1,2,13
3502,Lennart Samuelsson,1950,-,Defensor,5,5,0,0,0,0.0,0,0,2,1,2,3
3511,Lennart Skoglund,1950,-,Delantero,3,3,0,2,0,0.0,0,0,1,1,1,3
3511,Lennart Skoglund,1958,11,Delantero,6,6,0,0,1,0.17,0,0,4,1,1,2
5106,Leo Bertos,2010,11,Mediocampista,3,3,0,0,0,0.0,0,0,0,3,0,22
6578,Leo Clijsters,1986,14,Defensor,2,0,0,5,0,0.0,0,0,2,0,0,4
6578,Leo Clijsters,1990,4,Defensor,3,3,0,1,1,0.33,0,0,2,0,1,11
8081,Leo Eichmann,1966,12,Arquero,1,1,0,2,0,0.0,0,0,0,0,1,16
6411,Leo Halle,1934,-,Arquero,0,0,0,1,0,0.0,0,0,0,0,0,9
6715,Leo Van Der Elst,1986,15,Mediocampista,3,0,0,4,0,0.0,0,0,1,1,1,4
6319,Leo Wilden,1962,5,Defensor,0,0,0,4,0,0.0,0,0,0,0,0,7
4464,Leon Balogun,2018,6,Defensor,3,3,0,0,0,0.0,1,0,1,0,2,21
3925,Leon Glovacki,1954,17,Delantero,1,1,0,1,0,0.0,0,0,0,0,1,9
6110,Leon Goretzka,2018,14,Mediocampista,1,1,0,2,0,0.0,0,0,0,0,1,22
6110,Leon Goretzka,2022,8,Mediocampista,3,2,0,0,0,0.0,1,0,1,1,1,17
6641,Leon Jeck,1970,5,Defensor,2,2,0,1,0,0.0,0,0,0,0,2,10
6691,Leon Semmeling,1970,7,Mediocampista,3,3,0,0,0,0.0,0,0,1,0,2,10
2730,Leon Villa,1990,5,Defensor,0,0,0,4,0,0.0,0,0,0,0,0,14
3143,Leonard Piontek,1938,-,Delantero,1,1,0,0,0,0.0,0,0,0,0,1,11
1689,Leonardo,1994,16,Mediocampista,4,4,0,3,0,0.0,0,1,3,1,0,1
1689,Leonardo,1998,18,Mediocampista,7,6,0,0,0,0.0,1,0,4,1,2,2
5166,Leonardo Astrada,1998,15,Mediocampista,0,0,0,5,0,0.0,0,0,0,0,0,6
5555,Leonardo Bonucci,2010,23,Defensor,0,0,0,3,0,0.0,0,0,0,0,0,26
5555,Leonardo Bonucci,2014,19,Defensor,1,1,0,2,0,0.0,0,0,0,0,1,22
5598,Leonardo Costagliola,1954,22,Arquero,0,0,0,3,0,0.0,0,0,0,0,0,10
7700,Leonardo Cuellar,1978,17,Mediocampista,3,3,0,0,0,0.0,0,0,0,0,3,16
4711,Leonardo Ferrel,1950,-,Mediocampista,1,1,0,0,0,0.0,0,0,0,0,1,13
2003,Leonardo Gonzalez,2006,12,Defensor,3,3,0,0,0,0.0,1,0,0,0,3,31
5380,Leonardo Rodriguez,1994,20,Mediocampista,1,1,0,3,0,0.0,1,0,0,0,1,10
784,Leonardo Veliz,1974,11,Delantero,3,2,0,0,0,0.0,1,0,0,2,1,11
2634,Leonel Alvarez,1990,14,Mediocampista,4,4,0,0,0,0.0,1,0,1,1,2,14
2634,Leonel Alvarez,1994,14,Mediocampista,3,3,0,0,0,0.0,2,0,1,0,2,19
2027,Leonel Moreira,2018,23,Arquero,0,0,0,3,0,0.0,0,0,0,0,0,29
758,Leonel Sanchez,1962,11,Delantero,6,6,0,0,4,0.67,0,0,4,0,2,3
758,Leonel Sanchez,1966,17,Mediocampista,3,3,3,0,0,0.0,0,0,0,1,2,13
4431,Leongino Unzain,1950,-,Delantero,2,2,0,0,0,0.0,0,0,0,1,1,11
269,Leonid Buryak,1982,17,Mediocampista,0,0,0,5,0,0.0,0,0,0,0,0,7
370,Leonid Ostrovski,1958,14,Defensor,0,0,0,5,0,0.0,0,0,0,0,0,6
370,Leonid Ostrovski,1962,6,Defensor,4,4,0,0,0,0.0,0,0,2,1,1,6
370,Leonid Ostrovski,1966,3,Defensor,2,2,0,4,0,0.0,0,0,2,0,0,4
399,Leonid Shmuts,1970,1,Arquero,0,0,0,4,0,0.0,0,0,0,0,0,5
1690,Leonidas,1934,-,Delantero,1,1,0,0,1,1.0,0,0,0,0,1,14
1690,Leonidas,1938,-,Delantero,4,4,2,1,7,1.75,0,0,3,1,0,3
6545,Leopold Anoul,1954,10,Delantero,2,2,0,0,3,1.5,0,0,0,1,1,12
4548,Leopold Barschandt,1954,4,Defensor,4,4,0,1,0,0.0,0,0,4,0,0,3
4548,Leopold Barschandt,1958,18,Defensor,0,0,0,3,0,0.0,0,0,0,0,0,15
6623,Leopold Gernaey,1954,1,Arquero,2,2,0,0,0,0.0,0,0,0,1,1,12
6145,Leopold Hofmann,1934,-,Mediocampista,0,0,0,4,0,0.0,0,0,0,0,0,4
8129,Leopold Kielholz,1934,-,Delantero,2,2,0,0,3,1.5,0,0,1,0,1,7
8129,Leopold Kielholz,1938,-,Delantero,0,0,0,3,0,0.0,0,0,0,0,0,6
6231,Leopold Neumer,1938,-,Delantero,1,1,0,1,0,0.0,0,0,0,0,1,10
5304,Leopoldo Luque,1978,14,Delantero,5,5,0,2,4,0.8,0,0,4,1,0,1
2055,Leopoldo Vallejos,1974,1,Arquero,3,3,0,0,0,0.0,0,0,0,2,1,11
6402,Leroy Fer,2014,18,Mediocampista,1,0,0,6,1,1.0,0,0,1,0,0,3
6267,Leroy Sané,2022,19,Mediocampista,2,1,0,1,0,0.0,0,0,1,1,0,17
1269,Les Ferdinand,1998,19,Delantero,0,0,0,4,0,0.0,0,0,0,0,0,9
3047,Leslaw Cmikiewicz,1974,11,Mediocampista,6,0,0,1,0,0.0,0,0,5,0,1,3
2028,Lester Morgan,2002,23,Arquero,0,0,0,3,0,0.0,0,0,0,0,0,19
420,Lev Yashin,1958,1,Arquero,5,5,0,0,0,0.0,0,0,2,1,2,6
420,Lev Yashin,1962,1,Arquero,4,4,0,0,0,0.0,0,0,2,1,1,6
420,Lev Yashin,1966,1,Arquero,4,4,1,2,0,0.0,0,0,2,0,2,4
420,Lev Yashin,1970,13,Arquero,0,0,0,4,0,0.0,0,0,0,0,0,5
7998,Li Sup Pak,1966,2,Defensor,2,2,0,2,0,0.0,0,0,0,1,1,8
2467,Liam Fraser,2022,8,Mediocampista,0,0,0,3,0,0.0,0,0,0,0,0,31
2482,Liam Millar,2022,23,Mediocampista,1,0,0,2,0,0.0,0,0,0,0,1,31
6846,Liassine Cadamuro,2014,17,Defensor,0,0,0,4,0,0.0,1,0,0,0,0,14
561,Libor Radimec,1982,14,Defensor,2,2,0,1,0,0.0,0,0,0,1,1,19
575,Libor Sionko,2006,7,Delantero,1,0,0,2,0,0.0,0,0,0,0,1,20
5788,Lido Vieri,1970,17,Arquero,0,0,0,6,0,0.0,0,0,0,0,0,2
3259,Liedson,2010,9,Delantero,3,1,0,1,1,0.33,0,0,1,1,1,11
7768,Ligorio Lopez,1958,21,Delantero,0,0,0,3,0,0.0,0,0,0,0,0,16
4051,Lilian Thuram,1998,15,Defensor,6,6,0,1,2,0.33,0,0,5,1,0,1
4051,Lilian Thuram,2002,15,Defensor,3,3,0,0,0,0.0,0,0,0,1,2,28
4051,Lilian Thuram,2006,15,Defensor,7,7,0,0,0,0.0,1,0,4,3,0,2
7047,Lim Saeng Lee,1998,3,Defensor,1,0,0,2,0,0.0,1,0,0,1,0,30
1691,Lima,1966,14,Mediocampista,3,3,0,0,0,0.0,0,0,1,0,2,11
4397,Lino Nessi,1930,-,Delantero,2,2,0,0,0,0.0,0,0,1,0,1,9
7266,Linval Dixon,1998,4,Defensor,0,0,0,3,0,0.0,0,0,0,0,0,22
3869,Lionel Charbonnier,1998,22,Arquero,0,0,0,7,0,0.0,0,0,0,0,0,1
5318,Lionel Messi,2006,19,Delantero,3,1,0,2,1,0.33,0,0,2,1,0,6
5318,Lionel Messi,2010,10,Delantero,5,5,1,0,0,0.0,0,0,4,0,1,5
5318,Lionel Messi,2014,10,Delantero,7,7,7,0,4,0.57,0,0,5,1,1,2
5318,Lionel Messi,2018,10,Delantero,4,4,4,0,1,0.25,1,0,1,1,2,16
5318,Lionel Messi,2022,10,Delantero,7,7,7,0,7,1.0,1,0,4,2,1,1
5402,Lionel Scaloni,2006,13,Defensor,1,1,0,4,0,0.0,0,0,1,0,0,6
5676,Lionello Manfredonia,1978,7,Defensor,0,0,0,7,0,0.0,0,0,0,0,0,4
1864,Liviu Ciobotariu,1998,13,Defensor,4,4,0,0,0,0.0,1,0,2,1,1,11
682,Lizardo Garrido,1982,2,Defensor,2,2,0,1,0,0.0,1,0,0,0,2,22
2191,Lizardo Nue Rodriguez,1930,-,Delantero,0,0,0,2,0,0.0,0,0,0,0,0,10
3570,Ljubinko Drulovic,1998,15,Mediocampista,0,0,0,4,0,0.0,0,0,0,0,0,10
3734,Ljubisa Stefanovic,1930,-,Defensor,3,3,0,0,0,0.0,0,0,2,0,1,4
3727,Ljubomir Spajic,1954,15,Mediocampista,0,0,0,3,0,0.0,0,0,0,0,0,8
6808,Lobilo Boba,1974,5,Defensor,3,3,0,0,0,0.0,0,0,0,0,3,16
7933,Loco,2006,20,Defensor,3,3,0,0,0,0.0,2,0,0,2,1,23
897,Loïc Feudjou,2014,1,Arquero,0,0,0,3,0,0.0,0,0,0,0,0,32
4019,Loïc Rémy,2014,20,Delantero,2,0,0,3,0,0.0,0,0,0,1,1,7
6671,Lois Openda,2022,24,Delantero,1,0,0,2,0,0.0,0,0,1,0,0,23
3260,Lopes,1938,-,Delantero,3,3,0,2,0,0.0,0,0,1,1,1,3
5080,Lopez Ufarte,1982,11,Delantero,4,3,0,1,1,0.25,0,0,1,1,2,12
5560,Lorenzo Buffon,1962,1,Arquero,2,2,2,1,0,0.0,0,0,1,1,0,9
4336,Lorenzo Calonga,1950,-,Delantero,0,0,0,2,0,0.0,0,0,0,0,0,11
5658,Lorenzo Insigne,2014,22,Delantero,1,0,0,2,0,0.0,0,0,0,0,1,22
5692,Lorenzo Minotti,1994,7,Defensor,0,0,0,7,0,0.0,0,0,0,0,0,2
6698,Lorenzo Staelens,1990,18,Mediocampista,1,1,0,3,0,0.0,0,0,0,0,1,11
6698,Lorenzo Staelens,1994,6,Mediocampista,4,4,0,0,0,0.0,0,0,2,0,2,11
6698,Lorenzo Staelens,1998,3,Defensor,3,3,0,0,0,0.0,1,0,0,3,0,19
6088,Lothar Emmerich,1966,11,Delantero,4,4,0,2,1,0.25,0,0,3,0,1,2
2515,Lothar Kurbjuweit,1974,2,Defensor,4,4,0,2,0,0.0,0,0,1,1,2,6
6212,Lothar Matthaeus,1982,18,Mediocampista,2,0,0,5,0,0.0,0,0,2,0,0,2
6212,Lothar Matthaeus,1986,8,Mediocampista,7,7,0,0,1,0.14,2,0,3,2,2,2
6212,Lothar Matthaeus,1990,10,Mediocampista,7,7,7,0,4,0.57,1,0,5,2,0,1
6212,Lothar Matthaeus,1994,10,Mediocampista,5,5,5,0,1,0.2,0,0,3,1,1,5
6212,Lothar Matthaeus,1998,8,Mediocampista,4,3,0,1,0,0.0,2,0,2,1,1,7
2364,Lou Macari,1978,16,Mediocampista,2,1,0,1,0,0.0,0,0,0,1,1,11
6566,Louis Carre,1954,5,Mediocampista,2,2,0,0,0,0.0,0,0,0,1,1,12
3916,Louis Gabrillargues,1934,-,Mediocampista,0,0,0,1,0,0.0,0,0,0,0,0,9
8104,Louis Gobet,1934,-,Defensor,0,0,0,2,0,0.0,0,0,0,0,0,7
935,Louis Mfede,1990,10,Mediocampista,5,5,0,0,0,0.0,0,0,3,0,2,7
935,Louis Mfede,1994,10,Mediocampista,3,3,0,0,0,0.0,0,0,0,1,2,22
4032,Louis Saha,2006,14,Delantero,3,0,0,4,0,0.0,2,0,2,1,0,2
6747,Louis Versyp,1930,-,Delantero,2,2,0,0,0,0.0,0,0,0,0,2,11
6747,Louis Versyp,1934,-,Delantero,0,0,0,1,0,0.0,0,0,0,0,0,15
2631,Loukas Vyntra,2010,11,Defensor,3,3,0,0,0,0.0,0,0,1,0,2,25
2631,Loukas Vyntra,2014,11,Defensor,0,0,0,4,0,0.0,0,0,0,0,0,13
6858,Lounes Gaouaoui,2010,1,Arquero,0,0,0,3,0,0.0,0,0,0,0,0,28
3261,Lourenco,1966,8,Delantero,0,0,0,6,0,0.0,0,0,0,0,0,3
7934,Love,2006,18,Delantero,1,0,0,2,0,0.0,0,0,0,1,0,23
1105,Lovre Kalinić,2018,12,Arquero,1,1,0,6,0,0.0,0,0,1,0,0,2
1120,Lovro Majer,2022,7,Mediocampista,7,1,0,0,1,0.14,0,0,2,4,1,3
533,Lubomir Moravcik,1990,11,Mediocampista,5,5,0,0,0,0.0,2,1,3,0,2,6
515,Lubos Kubik,1990,9,Mediocampista,4,4,0,1,1,0.25,2,0,3,0,1,6
2989,Luboslav Penev,1998,9,Delantero,3,1,0,0,0,0.0,1,0,0,1,2,29
6658,Luc Millecamps,1982,3,Defensor,5,5,0,0,0,0.0,1,0,2,1,2,10
6667,Luc Nilis,1994,8,Delantero,3,2,0,1,0,0.0,0,0,1,0,2,11
6667,Luc Nilis,1998,10,Delantero,3,3,0,0,1,0.33,0,0,0,3,0,19
6721,Luc Van Hoywegen,1954,22,Delantero,0,0,0,2,0,0.0,0,0,0,0,0,12
5558,Luca Bucci,1994,22,Arquero,0,0,0,7,0,0.0,0,0,0,0,0,2
2780,Luca de la Torre,2022,14,Mediocampista,0,0,0,4,0,0.0,0,0,0,0,0,14
5289,Luca Izzeta,1934,-,Delantero,0,0,0,1,0,0.0,0,0,0,0,0,9
5677,Luca Marchegiani,1994,12,Arquero,3,2,0,4,0,0.0,0,0,2,1,0,2
5777,Luca Toni,2006,9,Delantero,6,6,0,1,2,0.33,0,0,4,2,0,1
5815,Lucas Barrios,2010,19,Delantero,5,3,0,0,0,0.0,0,0,1,3,1,8
5187,Lucas Biglia,2014,6,Mediocampista,7,3,0,0,0,0.0,1,0,5,1,1,2
5187,Lucas Biglia,2018,5,Mediocampista,1,1,0,3,0,0.0,0,0,0,1,0,16
2460,Lucas Cavallini,2022,9,Delantero,1,0,0,2,0,0.0,0,0,0,0,1,31
3901,Lucas Digne,2014,17,Defensor,1,1,0,4,0,0.0,0,0,0,1,0,7
3940,Lucas Hernandez,2018,21,Defensor,7,7,0,0,0,0.0,2,0,6,1,0,1
3940,Lucas Hernandez,2022,21,Defensor,1,1,0,6,0,0.0,0,0,1,0,0,2
7349,Lucas Neill,2006,2,Defensor,4,4,0,0,0,0.0,0,0,1,1,2,16
7349,Lucas Neill,2010,2,Defensor,3,3,3,0,0,0.0,1,0,1,1,1,21
1747,Lucas Paqueta,2022,7,Mediocampista,4,4,0,1,1,0.25,0,0,3,1,0,7
8284,Lucas Radebe,1998,19,Defensor,3,3,3,0,0,0.0,2,0,0,2,1,24
8284,Lucas Radebe,2002,19,Defensor,3,3,3,0,1,0.33,1,0,1,1,1,17
8288,Lucas Thwala,2010,15,Defensor,1,1,0,2,0,0.0,0,0,0,1,0,20
6014,Lucas Torreira,2018,14,Mediocampista,5,3,0,0,0,0.0,0,0,4,0,1,5
6014,Lucas Torreira,2022,14,Mediocampista,0,0,0,3,0,0.0,0,0,0,0,0,20
7888,Lucas Vázquez,2018,11,Delantero,2,1,0,2,0,0.0,0,0,1,1,0,10
1906,Lucian Marinescu,1998,15,Mediocampista,4,1,0,0,0,0.0,0,0,2,1,1,11
5578,Luciano Castellini,1974,22,Arquero,0,0,0,3,0,0.0,0,0,0,0,0,10
5744,Luciano Re Cecconi,1974,17,Mediocampista,0,0,0,3,0,0.0,0,0,0,0,0,10
5769,Luciano Spinosi,1974,2,Defensor,3,3,0,0,0,0.0,0,0,1,1,1,10
5762,Lucidio Sentimenti,1950,-,Arquero,1,1,0,1,0,0.0,0,0,0,0,1,7
3944,Lucien Jasseron,1938,-,Mediocampista,0,0,0,2,0,0.0,0,0,0,0,0,8
3966,Lucien Laurent,1930,-,Delantero,2,2,0,1,1,0.5,0,0,1,0,1,7
3966,Lucien Laurent,1934,-,Delantero,0,0,0,1,0,0.0,0,0,0,0,0,9
934,Lucien Mettomo,2002,13,Defensor,0,0,0,3,0,0.0,0,0,0,0,0,20
7574,Lucien Muller,1966,17,Mediocampista,0,0,0,3,0,0.0,0,0,0,0,0,13
1693,Lucio,2002,3,Defensor,7,7,0,0,0,0.0,0,0,7,0,0,1
1693,Lucio,2006,3,Defensor,5,5,0,0,0,0.0,1,0,4,0,1,5
1693,Lucio,2010,3,Defensor,5,5,5,0,0,0.0,0,0,3,1,1,6
530,Ludek Miklosko,1990,21,Arquero,0,0,0,5,0,0.0,0,0,0,0,0,6
6579,Ludo Coeck,1982,10,Mediocampista,5,5,0,0,1,0.2,0,0,2,1,2,10
6907,Ludovic Assemoassa,2006,19,Defensor,1,1,0,2,0,0.0,0,0,0,0,1,30
8145,Ludovic Magnin,2006,3,Defensor,3,3,0,1,0,0.0,1,0,1,2,0,10
8145,Ludovic Magnin,2010,3,Defensor,0,0,0,3,0,0.0,0,0,0,0,0,19
1942,Ludovic Satmareanu,1970,2,Defensor,3,3,0,0,0,0.0,0,0,1,0,2,10
5168,Ludovico Avio,1958,19,Delantero,2,2,0,1,1,0.5,0,0,1,0,1,13
3353,Ludwig Augustinsson,2018,6,Defensor,5,5,0,0,1,0.2,0,0,3,0,2,7
6108,Ludwig Goldbrunner,1938,-,Mediocampista,1,1,0,1,0,0.0,0,0,0,0,1,10
5518,Luigi Allemandi,1934,-,Defensor,5,5,0,0,0,0.0,0,0,4,1,0,1
5529,Luigi Apolloni,1994,2,Defensor,3,1,0,4,0,0.0,1,0,1,2,0,2
5547,Luigi Bertolini,1934,-,Mediocampista,4,4,0,1,0,0.0,0,0,4,0,0,1
5603,Luigi De Agostini,1990,4,Defensor,6,4,0,1,0,0.0,1,0,5,1,0,3
5612,Luigi Di Biagio,1998,14,Mediocampista,5,4,0,0,1,0.2,2,0,3,2,0,5
5612,Luigi Di Biagio,2002,14,Mediocampista,1,1,0,3,0,0.0,0,0,1,0,0,15
5691,Luigi Meroni,1966,15,Delantero,1,1,0,2,0,0.0,0,0,0,0,1,9
5742,Luigi Radice,1962,3,Mediocampista,2,2,0,1,0,0.0,0,0,1,1,0,9
2128,Luis Advíncula,2018,17,Defensor,3,3,0,0,0,0.0,0,0,1,0,2,20
5431,Antonio Valencia,2006,16,Mediocampista,4,4,0,0,0,0.0,2,0,2,0,2,12
4865,Luis Arconada,1978,1,Arquero,0,0,0,3,0,0.0,0,0,0,0,0,10
4865,Luis Arconada,1982,1,Arquero,5,5,5,0,0,0.0,0,0,1,2,2,12
5165,Luis Artime,1966,19,Delantero,4,4,0,0,3,0.75,1,0,2,1,1,5
4328,Luis Caballero,1986,14,Defensor,0,0,0,4,0,0.0,0,0,0,0,0,13
2703,Luis Carlos Perea,1990,15,Defensor,4,4,0,0,0,0.0,1,0,1,1,2,14
2703,Luis Carlos Perea,1994,15,Defensor,2,2,0,1,0,0.0,0,0,0,0,2,19
7689,Luis Chávez,2022,24,Mediocampista,3,3,0,0,1,0.33,0,0,1,1,1,22
4707,Luis Cristaldo,1994,16,Defensor,2,2,0,1,0,0.0,0,1,0,1,1,21
5848,Luis Cruz,1954,17,Mediocampista,5,5,0,0,0,0.0,0,0,3,0,2,4
2146,Luis Cruzado,1970,17,Mediocampista,2,0,0,2,0,0.0,0,0,1,0,1,7
5849,Luis Cubilla,1962,11,Delantero,2,2,0,1,1,0.5,0,0,1,0,1,13
5849,Luis Cubilla,1970,7,Mediocampista,5,5,0,1,1,0.2,0,0,2,1,2,4
5849,Luis Cubilla,1974,7,Mediocampista,2,1,0,1,0,0.0,0,0,0,0,2,13
4909,Luis Del Sol,1962,5,Mediocampista,2,2,0,1,0,0.0,0,0,1,0,1,12
4909,Luis Del Sol,1966,4,Mediocampista,2,2,0,1,0,0.0,0,0,1,0,1,10
4975,Luis Enrique,1994,21,Mediocampista,4,4,0,1,1,0.25,1,0,1,2,1,8
4975,Luis Enrique,1998,21,Mediocampista,3,3,0,0,1,0.33,0,0,1,1,1,17
4975,Luis Enrique,2002,21,Mediocampista,5,3,0,0,0,0.0,0,0,3,2,0,5
5839,Luis Ernesto Castro,1954,22,Delantero,0,0,0,5,0,0.0,0,0,0,0,0,4
668,Luis Eyzaguirre,1962,2,Defensor,6,6,0,0,0,0.0,0,0,4,0,2,3
668,Luis Eyzaguirre,1966,6,Defensor,1,1,0,2,0,0.0,0,0,0,0,1,13
1694,Luis Fabiano,2010,9,Delantero,5,5,0,0,3,0.6,1,0,3,1,1,6
2666,Luis Fajardo,1990,20,Mediocampista,2,2,0,2,0,0.0,0,0,0,1,1,14
3912,Luis Fernandez,1986,9,Mediocampista,6,6,0,1,1,0.17,2,0,3,2,1,3
3235,Luis Figo,2002,7,Delantero,3,3,0,0,0,0.0,0,0,1,0,2,21
3235,Luis Figo,2006,7,Delantero,7,6,6,0,0,0.0,1,0,4,1,2,4
7719,Luis Flores,1986,15,Delantero,3,3,0,2,1,0.33,0,0,2,1,0,6
5263,Luis Galvan,1978,7,Defensor,7,7,0,0,0,0.0,0,0,5,1,1,1
5263,Luis Galvan,1982,8,Defensor,5,5,0,0,0,0.0,0,0,2,0,3,11
7727,Luis Garcia,2006,11,Delantero,3,2,0,1,0,0.0,0,0,2,0,1,9
7727,Luis Garcia,1994,10,Delantero,4,4,0,0,2,0.5,1,1,1,2,1,13
7727,Luis Garcia,1998,10,Delantero,0,0,0,4,0,0.0,0,0,0,0,0,13
5879,Luis Garisto,1974,14,Defensor,2,2,0,1,0,0.0,0,0,0,1,1,13
214,Luis Garrido,2014,19,Mediocampista,2,2,0,1,0,0.0,1,0,0,0,2,31
4371,Luis Gini,1958,13,Defensor,0,0,0,3,0,0.0,0,0,0,0,0,12
8423,Luis Gomez,2002,8,Defensor,0,0,0,3,0,0.0,0,0,0,0,0,24
7738,Luis Gonzalez,2006,22,Mediocampista,3,2,0,2,0,0.0,1,0,2,1,0,6
5697,Luis Guevara Mora,1982,1,Arquero,3,3,0,0,0,0.0,0,0,0,0,3,24
7754,Luis Hernandez,1998,15,Delantero,4,4,0,0,4,1.0,1,0,1,2,1,13
7754,Luis Hernandez,2002,15,Delantero,3,0,0,1,0,0.0,1,0,2,0,1,11
7755,Luis Herrera,1990,4,Defensor,4,4,0,0,0,0.0,1,0,1,1,2,14
7755,Luis Herrera,1994,4,Defensor,3,3,0,0,0,0.0,1,0,1,0,2,19
5288,Luis Islas,1986,15,Arquero,0,0,0,7,0,0.0,0,0,0,0,0,1
5288,Luis Islas,1994,12,Arquero,4,4,0,0,0,0.0,0,0,2,0,2,10
220,Luis López,2014,1,Arquero,0,0,0,3,0,0.0,0,0,0,0,0,31
5912,Luis Maidana,1962,12,Arquero,0,0,0,3,0,0.0,0,0,0,0,0,13
4976,Luis Marin,2010,23,Arquero,0,0,0,4,0,0.0,0,0,0,0,0,10
4976,Luis Marin,1934,-,Mediocampista,0,0,0,3,0,0.0,0,0,0,0,0,5
4976,Luis Marin,2002,3,Defensor,3,3,0,0,0,0.0,1,0,1,1,1,19
4976,Luis Marin,2006,3,Defensor,3,3,3,0,0,0.0,2,0,0,0,3,31
703,Luis Mayanes,1950,-,Delantero,1,1,0,2,0,0.0,0,0,0,0,1,9
7788,Luis Michel,2010,23,Arquero,0,0,0,4,0,0.0,0,0,0,0,0,14
4994,Luis Molowny,1950,-,Delantero,1,1,0,5,0,0.0,0,0,0,1,0,4
5694,Luis Monti,1930,-,Mediocampista,4,4,0,1,2,0.5,0,0,3,0,1,2
5694,Luis Monti,1934,-,Mediocampista,5,5,0,0,0,0.0,0,0,4,1,0,1
2695,Luis Muriel,2018,14,Delantero,2,0,0,2,0,0.0,0,0,1,1,0,9
712,Luis Musrri,1998,18,Mediocampista,1,0,0,3,0,0.0,0,0,0,0,1,16
6669,Luis Oliveira,1998,8,Delantero,3,3,0,0,0,0.0,0,0,0,3,0,19
8425,Luis Ovalle,2018,17,Defensor,1,1,0,2,0,0.0,0,0,0,0,1,32
5950,Luis Paz,1962,14,Delantero,0,0,0,3,0,0.0,0,0,0,0,0,14
1695,Luis Pereira,1974,2,Defensor,6,6,0,1,0,0.0,1,1,3,2,1,4
7821,Luis Perez,1930,-,Delantero,2,2,0,1,0,0.0,0,0,0,0,2,13
7821,Luis Perez,2006,23,Mediocampista,2,1,0,2,0,0.0,0,1,1,0,1,15
4730,Luis Ramallo,1994,18,Delantero,3,3,0,0,0,0.0,0,0,0,1,2,21
848,Luis Ramirez,1982,14,Delantero,3,2,0,0,1,0.33,1,0,0,0,3,24
7834,Luis Ramos,1966,20,Defensor,0,0,0,4,0,0.0,0,0,0,0,0,7
7836,Luis Regueiro,1966,16,Mediocampista,0,0,0,3,0,0.0,0,0,0,0,0,12
7836,Luis Regueiro,1934,-,Delantero,2,2,0,1,1,0.5,0,0,0,1,1,5
4733,Luis Reyes Penaranda,1930,-,Defensor,0,0,0,2,0,0.0,0,0,0,0,0,12
2203,Luis Reyna,1982,22,Mediocampista,0,0,0,3,0,0.0,0,0,0,0,0,20
5972,Luis Rijo,1950,-,Delantero,0,0,0,4,0,0.0,0,0,0,0,0,1
7852,Luis Romo,2022,7,Mediocampista,0,0,0,3,0,0.0,0,0,0,0,0,22
2207,Luis Rubinos,1970,1,Arquero,4,4,0,0,0,0.0,0,0,2,0,2,7
7862,Luis Salvador,1994,19,Delantero,1,0,0,3,0,0.0,0,0,1,0,0,13
69,Luis Saritama,2006,19,Mediocampista,0,0,0,4,0,0.0,0,0,0,0,0,12
69,Luis Saritama,2014,19,Mediocampista,0,0,0,3,0,0.0,0,0,0,0,0,17
4424,Luis Silva,1958,15,Mediocampista,0,0,0,3,0,0.0,0,0,0,0,0,12
2216,Luis Souza,1930,-,Delantero,2,2,0,0,1,0.5,0,0,0,0,2,10
6010,Luis Suarez,2010,9,Delantero,6,6,0,1,3,0.5,0,1,3,2,1,4
6010,Luis Suarez,2014,9,Delantero,2,2,0,2,2,1.0,0,0,2,0,0,12
6010,Luis Suarez,2018,9,Delantero,5,5,0,0,2,0.4,0,0,4,0,1,5
6010,Luis Suarez,2022,9,Delantero,3,2,1,0,0,0.0,1,0,1,1,1,20
6010,Luis Suarez,1962,21,Mediocampista,2,2,0,1,0,0.0,0,0,1,0,1,12
6010,Luis Suarez,1966,10,Mediocampista,2,2,0,1,0,0.0,0,0,1,0,1,10
8431,Luis Tejada,2018,18,Delantero,2,0,0,1,0,0.0,1,0,0,0,2,32
6017,Luis Ubina,1966,15,Defensor,4,4,0,0,0,0.0,0,0,1,2,1,7
6017,Luis Ubina,1970,4,Defensor,6,6,5,0,0,0.0,1,0,2,1,3,4
7882,Luis Valdez,1994,16,Delantero,1,1,0,3,0,0.0,0,0,0,0,1,13
4434,Luis Vargas Pena,1930,-,Delantero,2,2,2,0,1,0.5,0,0,1,0,1,9
1696,Luisao,2006,14,Defensor,0,0,0,5,0,0.0,0,0,0,0,0,5
1696,Luisao,2010,14,Defensor,0,0,0,5,0,0.0,0,0,0,0,0,6
1697,Luisinho,1934,-,Delantero,1,1,0,0,0,0.0,0,0,0,0,1,14
1697,Luisinho,1938,-,Delantero,2,2,0,3,0,0.0,0,0,1,0,1,3
1698,Luiz Gustavo,2014,17,Mediocampista,6,6,0,1,0,0.0,2,0,2,2,2,4
1699,Luiz Luz,1934,-,Defensor,1,1,0,0,0,0.0,0,0,0,0,1,14
1700,Luizao,2002,21,Delantero,2,0,0,5,0,0.0,0,0,2,0,0,1
1701,Luizinho,1982,4,Defensor,5,5,0,0,0,0.0,0,0,4,0,1,5
3609,Luka Jović,2018,19,Delantero,1,0,0,2,0,0.0,0,0,0,0,1,23
3609,Luka Jović,2022,11,Delantero,1,0,0,2,0,0.0,1,0,0,0,1,29
3637,Luka Liposinovic,1958,18,Delantero,0,0,0,4,0,0.0,0,0,0,0,0,8
3659,Luka Milivojević,2018,4,Mediocampista,2,2,0,1,0,0.0,1,0,1,0,1,23
1124,Luka Modric,2006,14,Mediocampista,2,0,0,1,0,0.0,0,0,0,2,0,22
1124,Luka Modric,2014,10,Mediocampista,3,3,0,0,0,0.0,0,0,1,0,2,19
1124,Luka Modric,2018,10,Mediocampista,7,7,7,0,2,0.29,0,0,4,2,1,2
1124,Luka Modric,2022,10,Mediocampista,7,7,7,0,0,0.0,1,0,2,4,1,3
3693,Luka Peruzovic,1974,14,Defensor,1,0,0,5,0,0.0,0,0,0,0,1,7
1154,Luka Sucic,2022,25,Mediocampista,0,0,0,7,0,0.0,0,0,0,0,0,3
6177,Lukas Klostermann,2022,16,Defensor,2,0,0,1,0,0.0,0,0,1,1,0,17
4246,Lukas Lerager,2018,18,Mediocampista,1,0,0,3,0,0.0,0,0,0,1,0,11
6248,Lukas Podolski,2006,20,Delantero,7,7,0,0,3,0.43,1,0,5,1,1,3
6248,Lukas Podolski,2010,10,Delantero,6,6,0,1,2,0.33,0,0,4,0,2,3
6248,Lukas Podolski,2014,10,Delantero,2,1,0,5,0,0.0,0,0,2,0,0,1
3056,Lukasz Fabianski,2006,22,Arquero,0,0,0,3,0,0.0,0,0,0,0,0,21
3056,Lukasz Fabianski,2018,22,Arquero,1,1,0,2,0,0.0,0,0,1,0,0,25
3144,Lukasz Piszczek,2018,20,Defensor,2,2,0,1,0,0.0,0,0,0,0,2,25
3153,Lukasz Skorupski,2022,12,Arquero,0,0,0,4,0,0.0,0,0,0,0,0,15
3169,Lukasz Teodorczyk,2018,14,Delantero,2,0,0,1,0,0.0,0,0,1,0,1,25
1388,Luke Shaw,2014,23,Defensor,1,1,0,2,0,0.0,0,0,0,1,0,26
1388,Luke Shaw,2022,3,Defensor,5,5,0,0,0,0.0,0,0,3,1,1,6
7383,Luke Wilkshire,2006,20,Mediocampista,2,2,0,2,0,0.0,1,0,1,0,1,16
7383,Luke Wilkshire,2010,8,Defensor,3,3,0,0,0,0.0,1,0,1,1,1,21
4484,Lukman Haruna,2010,15,Mediocampista,2,2,0,1,0,0.0,1,0,0,0,2,27
6388,Luuk De Jong,2022,9,Delantero,1,0,0,4,0,0.0,0,0,0,1,0,5
1177,Maad Ibrahim,1986,2,Defensor,1,1,0,2,0,0.0,0,0,0,0,1,23
6484,Maarten Stekelenburg,2006,23,Arquero,0,0,0,4,0,0.0,0,0,0,0,0,11
6484,Maarten Stekelenburg,2010,1,Arquero,7,7,0,0,0,0.0,1,0,6,0,1,2
4843,Mabrouk Zaid,2002,21,Arquero,0,0,0,3,0,0.0,0,0,0,0,0,32
4843,Mabrouk Zaid,2006,21,Arquero,3,3,0,0,0,0.0,0,0,0,1,2,28
8286,MacBeth Sibaya,2002,6,Mediocampista,3,3,0,0,0,0.0,0,0,1,1,1,17
8286,MacBeth Sibaya,2010,6,Mediocampista,1,1,0,2,0,0.0,0,0,1,0,0,20
8275,MacDonald Mukansi,2002,9,Mediocampista,1,0,0,2,0,0.0,0,0,0,1,0,17
8424,Machado,1938,-,Defensor,4,4,0,1,0,0.0,0,0,2,1,1,3
3130,Maciej Murawski,2002,16,Mediocampista,1,1,0,2,0,0.0,0,0,1,0,0,25
3149,Maciej Rybus,2018,13,Mediocampista,2,2,0,1,0,0.0,0,0,0,0,2,25
3188,Maciej Zurawski,2002,19,Delantero,3,3,0,0,0,0.0,0,0,1,0,2,25
3188,Maciej Zurawski,2006,9,Delantero,3,3,0,0,0,0.0,0,0,1,0,2,21
6843,Madjid Bougherra,2010,2,Defensor,3,3,0,0,0,0.0,0,0,0,1,2,28
6843,Madjid Bougherra,2014,2,Defensor,3,2,2,1,0,0.0,1,0,1,0,2,14
7787,Magdaleno Mercado,1966,17,Mediocampista,2,2,0,1,0,0.0,0,0,0,2,0,12
2068,Magdy Abedelghani,1990,8,Mediocampista,3,3,0,0,1,0.33,1,0,0,2,1,20
2121,Magdy Tolba,1990,16,Mediocampista,2,1,0,1,0,0.0,0,0,0,2,0,20
7415,Magnar Isaksen,1938,-,Delantero,1,1,0,0,0,0.0,0,0,0,0,1,12
3350,Magnus Andersson,1978,13,Defensor,0,0,0,3,0,0.0,0,0,0,0,0,13
3386,Magnus Erlingmark,1994,20,Delantero,1,0,0,6,0,0.0,0,0,1,0,0,3
3406,Magnus Hedman,1994,22,Arquero,0,0,0,7,0,0.0,0,0,0,0,0,3
3406,Magnus Hedman,2002,1,Arquero,4,4,0,0,0,0.0,0,0,1,2,1,13
3434,Magnus Kihlstedt,2002,12,Arquero,0,0,0,4,0,0.0,0,0,0,0,0,13
3523,Magnus Svensson,2002,17,Mediocampista,4,3,0,0,0,0.0,1,0,1,2,1,13
7918,Mahboud Mubarak,1982,3,Defensor,3,3,0,0,0,0.0,0,0,0,1,2,21
6847,Mahdi Cerbah,1982,1,Arquero,3,3,0,0,0,0.0,0,0,2,0,1,13
8362,Mahjoub Ghazouani,1970,11,Delantero,3,3,0,0,1,0.33,0,0,0,1,2,14
6863,Mahmoud Guendouz,1982,2,Defensor,3,3,0,0,0,0.0,0,0,2,0,1,13
6863,Mahmoud Guendouz,1986,2,Defensor,3,3,3,0,0,0.0,0,0,0,1,2,22
2122,Trézéguet,2018,21,Mediocampista,3,3,0,0,0,0.0,1,0,0,0,3,31
2093,Mahmoud Kahraba,2018,11,Delantero,3,0,0,0,0,0.0,0,0,0,0,3,31
2104,Mahmoud Moukhtar,1934,-,Delantero,1,1,1,0,0,0.0,0,0,0,0,1,13
2105,Mahmoud Negro,1934,-,Delantero,0,0,0,1,0,0.0,0,0,0,0,0,13
1182,Mahmoud Shaker,1986,16,Mediocampista,1,0,0,2,0,0.0,0,0,0,0,1,23
1703,Maicon,2010,2,Defensor,5,5,0,0,1,0.2,0,0,3,1,1,6
1703,Maicon,2014,23,Defensor,3,3,0,4,0,0.0,0,0,1,0,2,4
5705,Maino Neri,1954,4,Mediocampista,2,2,0,1,0,0.0,0,0,1,0,1,10
4749,Majed Abdullah,1994,9,Delantero,2,2,2,2,0,0.0,0,0,1,0,1,12
1514,Majeed Waris,2014,18,Delantero,1,1,0,2,0,0.0,1,0,0,0,1,25
4091,Majid Bishkar,1978,4,Delantero,0,0,0,3,0,0.0,0,0,0,0,0,14
4122,Majid Hosseini,2018,19,Defensor,3,2,0,0,0,0.0,0,0,1,1,1,18
4122,Majid Hosseini,2022,19,Defensor,3,3,0,0,0,0.0,1,0,1,0,2,26
90,Makoto Hasebe,2010,17,Mediocampista,4,4,4,0,0,0.0,0,0,2,1,1,9
90,Makoto Hasebe,2014,17,Mediocampista,3,3,3,0,0,0.0,1,0,0,1,2,29
90,Makoto Hasebe,2018,17,Mediocampista,4,3,3,0,0,0.0,1,0,1,1,2,15
313,Maksim Kanunnikov,2014,6,Delantero,2,1,0,1,0,0.0,0,0,0,1,1,24
7107,Maksym Kalinichenko,2006,19,Mediocampista,4,4,0,1,1,0.25,1,0,2,1,1,8
1060,Makthar Ndiaye,2002,23,Mediocampista,0,0,0,5,0,0.0,0,0,0,0,0,7
2240,Mal Donaghy,1982,3,Defensor,4,4,0,1,0,0.0,0,1,1,2,1,9
2240,Mal Donaghy,1986,3,Defensor,3,3,0,0,0,0.0,1,0,0,1,2,21
4766,Malek Al Hawsawi,2006,23,Delantero,3,0,0,0,0,0.0,0,0,0,1,2,28
1046,Mamadou Loum,2022,25,Mediocampista,0,0,0,4,0,0.0,0,0,0,0,0,10
4033,Mamadou Sakho,2014,5,Defensor,4,4,0,1,0,0.0,0,0,2,1,1,7
5486,Mamat Suat,1954,8,Delantero,2,2,0,1,3,1.5,0,0,1,0,1,11
1034,Mame Biram Diouf,2018,9,Delantero,2,1,0,1,0,0.0,0,0,1,1,0,17
6817,Mana Mambuene,1974,8,Mediocampista,3,3,0,0,0,0.0,0,0,0,0,3,16
159,Manabu Saito,2014,20,Delantero,0,0,0,3,0,0.0,0,0,0,0,0,29
1489,Manaf Nurudeen,2022,16,Arquero,0,0,0,3,0,0.0,0,0,0,0,0,24
1704,Maneca,1950,-,Delantero,4,4,0,2,1,0.25,0,0,3,1,0,2
6162,Manfred Kaltz,1978,5,Defensor,6,6,0,0,0,0.0,0,0,1,4,1,6
6162,Manfred Kaltz,1982,20,Defensor,7,7,1,0,0,0.0,0,0,3,2,2,2
4609,Manfred Linzmaier,1990,10,Mediocampista,1,1,0,2,0,0.0,0,0,0,0,1,18
6209,Manfred Manglitz,1970,21,Arquero,0,0,0,6,0,0.0,0,0,0,0,0,3
7365,Manfred Schaefer,1974,4,Defensor,3,3,0,0,0,0.0,0,0,0,1,2,14
4670,Manfred Zsak,1990,6,Mediocampista,3,2,0,0,0,0.0,2,0,1,0,2,18
1705,Manga,1966,12,Arquero,1,1,0,2,0,0.0,0,0,0,0,1,11
3262,Maniche,2006,18,Mediocampista,7,6,0,0,2,0.29,2,0,4,1,2,4
1706,Manoelzinho,1930,-,Delantero,0,0,0,2,0,0.0,0,0,0,0,0,6
4979,Manolo,1990,20,Delantero,1,1,0,3,0,0.0,0,0,0,1,0,10
4800,Mansoor Al-Harbi,2018,2,Defensor,0,0,0,3,0,0.0,0,0,0,0,0,26
4816,Mansour Althagafi,2002,23,Defensor,0,0,0,3,0,0.0,0,0,0,0,0,32
7935,Mantorras,2006,9,Delantero,2,0,0,1,0,0.0,0,0,0,1,1,23
8037,Manuel Akanji,2018,5,Defensor,4,4,0,0,0,0.0,0,0,1,2,1,14
8037,Manuel Akanji,2022,5,Defensor,4,4,0,0,1,0.25,1,0,2,0,2,12
7640,Manuel Alvarez,1950,-,Defensor,3,3,0,0,0,0.0,0,0,1,0,2,9
3822,Manuel Amoros,1982,2,Defensor,5,5,0,2,0,0.0,2,0,2,2,1,4
3822,Manuel Amoros,1986,2,Defensor,7,7,0,0,1,0.14,1,0,4,2,1,3
634,Manuel Astorga,1962,22,Arquero,0,0,0,6,0,0.0,0,0,0,0,0,3
7673,Manuel Camacho,1958,12,Arquero,0,0,0,3,0,0.0,0,0,0,0,0,16
2425,Manuel Chorens,1938,-,Defensor,3,3,0,0,0,0.0,0,0,1,1,1,7
8332,Manuel da Costa,2018,4,Defensor,3,2,0,0,0,0.0,1,0,0,1,2,27
3263,Manuel Duarte,1966,15,Delantero,0,0,0,6,0,0.0,0,0,0,0,0,3
3231,Manuel Fernandes,2018,4,Mediocampista,1,0,0,3,0,0.0,0,0,0,0,1,13
5253,Manuel Ferreira,1930,-,Delantero,4,4,4,1,0,0.0,0,0,3,0,1,2
4370,Manuel Gavilan,1950,-,Defensor,2,2,0,0,0,0.0,0,0,0,1,1,11
7743,Manuel Gutierrez,1950,-,Defensor,2,2,0,1,0,0.0,0,0,0,0,2,12
7760,Manuel Jimenez,1990,3,Defensor,2,1,0,2,0,0.0,1,0,0,1,1,10
7760,Manuel Jimenez,1982,13,Defensor,0,0,0,5,0,0.0,0,0,0,0,0,12
699,Manuel Machuca,1950,-,Defensor,1,1,0,2,0,0.0,0,0,1,0,0,9
711,Manuel Munoz,1950,-,Delantero,2,2,0,1,0,0.0,0,0,0,0,2,9
7799,Manuel Najera,1978,2,Defensor,0,0,0,3,0,0.0,0,0,0,0,0,16
7804,Manuel Negrete,1986,22,Mediocampista,5,5,0,0,1,0.2,1,0,3,2,0,6
717,Manuel Neira,1998,13,Delantero,0,0,0,4,0,0.0,0,0,0,0,0,16
6230,Manuel Neuer,2010,1,Arquero,6,6,0,1,0,0.0,0,0,4,0,2,3
6230,Manuel Neuer,2014,1,Arquero,7,7,0,0,0,0.0,0,0,6,1,0,1
6230,Manuel Neuer,2018,1,Arquero,3,3,3,0,0,0.0,0,0,1,0,2,22
6230,Manuel Neuer,2022,1,Arquero,3,3,3,0,0,0.0,0,0,1,1,1,17
746,Manuel Rodriguez,1962,15,Defensor,2,2,0,4,0,0.0,0,0,1,0,1,3
5382,Manuel Rojas,1982,16,Mediocampista,1,0,0,2,0,0.0,0,0,0,0,1,22
7854,Manuel Rosas,1930,-,Defensor,3,3,0,0,2,0.67,0,0,0,0,3,13
5057,Manuel Sanchis,1966,2,Defensor,3,3,0,0,1,0.33,0,0,1,0,2,10
5057,Manuel Sanchis,1990,5,Defensor,4,4,0,0,0,0.0,0,0,2,1,1,10
6018,Manuel Ugarte,2022,25,Mediocampista,0,0,0,3,0,0.0,0,0,0,0,0,20
7893,Manuel Vidrio,2002,5,Defensor,4,4,0,0,0,0.0,1,0,2,1,1,11
6531,Manus Vrauwdeunt,1934,-,Delantero,0,0,0,1,0,0.0,0,0,0,0,0,9
5505,Maozhen Su,2002,12,Delantero,1,0,0,2,0,0.0,0,0,0,0,1,31
4980,Maranon,1978,15,Delantero,0,0,0,3,0,0.0,0,0,0,0,0,10
311,Marat Izmailov,2002,20,Mediocampista,2,2,0,1,0,0.0,0,0,1,0,1,22
6300,Marc-André ter Stegen,2018,22,Arquero,0,0,0,3,0,0.0,0,0,0,0,0,22
6300,Marc-André ter Stegen,2022,22,Arquero,0,0,0,3,0,0.0,0,0,0,0,0,17
6549,Marc Baecke,1982,14,Defensor,4,3,0,1,0,0.0,0,0,2,1,1,10
3843,Marc Berdoll,1978,14,Delantero,2,1,0,1,1,0.5,0,0,1,0,1,12
6591,Marc De Grijse,1990,9,Delantero,4,4,0,0,1,0.25,0,0,2,0,2,11
6591,Marc De Grijse,1994,9,Delantero,3,3,0,1,1,0.33,0,0,2,0,1,11
6616,Marc Emmers,1990,6,Mediocampista,3,2,0,1,0,0.0,0,0,2,0,1,11
6616,Marc Emmers,1994,15,Defensor,3,2,0,1,0,0.0,0,0,2,0,1,11
8116,Marc Hottiger,1994,2,Defensor,4,4,0,0,0,0.0,1,0,1,1,2,15
6659,Marc Millecamps,1982,19,Mediocampista,1,0,0,4,0,0.0,0,0,0,0,1,10
6458,Marc Overmars,1994,7,Delantero,5,4,0,0,0,0.0,0,0,3,0,2,7
6458,Marc Overmars,1998,14,Delantero,6,4,0,1,1,0.17,0,0,3,2,1,4
4011,Marc Planus,2010,6,Defensor,0,0,0,3,0,0.0,0,0,0,0,0,29
4272,Marc Rieper,1998,3,Defensor,5,5,0,0,1,0.2,2,0,2,1,2,8
6719,Marc Van Der Linden,1990,19,Delantero,2,1,0,2,0,0.0,0,0,1,0,1,11
900,Marc-Vivien Foe,1994,17,Mediocampista,3,3,0,0,0,0.0,0,0,0,1,2,22
900,Marc-Vivien Foe,2002,17,Mediocampista,3,3,0,0,0,0.0,1,0,1,1,1,20
6757,Marc Wilmots,1990,21,Delantero,0,0,0,4,0,0.0,0,0,0,0,0,11
6757,Marc Wilmots,1994,18,Mediocampista,1,1,0,3,0,0.0,0,0,0,0,1,11
6757,Marc Wilmots,1998,7,Mediocampista,3,3,0,0,2,0.67,0,0,0,3,0,19
6757,Marc Wilmots,2002,7,Delantero,4,4,4,0,3,0.75,0,0,1,2,1,14
6806,Marc Zoro,2006,13,Defensor,0,0,0,3,0,0.0,0,0,0,0,0,19
3826,Marcel Artelesa,1966,2,Mediocampista,3,3,3,0,0,0.0,0,0,0,1,2,13
3828,Marcel Aubour,1966,1,Arquero,3,3,0,0,0,0.0,0,0,0,1,2,13
3863,Marcel Capelle,1930,-,Defensor,3,3,0,0,0,0.0,0,0,1,0,2,7
3894,Marcel Desailly,1998,8,Defensor,7,7,1,0,0,0.0,0,1,6,1,0,1
3894,Marcel Desailly,2002,8,Defensor,3,3,3,0,0,0.0,0,0,0,1,2,28
6614,Marcel Dries,1954,2,Defensor,2,2,0,0,0,0.0,0,0,0,1,1,12
8091,Marcel Flueckiger,1954,5,Defensor,1,1,0,3,0,0.0,0,0,1,0,0,5
3963,Marcel Langiller,1930,-,Delantero,3,3,0,0,1,0.33,0,0,1,0,2,7
920,Marcel Mahouve,1998,19,Mediocampista,1,1,0,2,0,0.0,0,0,0,1,0,25
8148,Marcel Mauron,1954,19,Delantero,0,0,0,4,0,0.0,0,0,0,0,0,5
4008,Marcel Pinel,1930,-,Mediocampista,3,3,0,0,0,0.0,0,0,1,0,2,7
8215,Marcel Vonlanden,1962,12,Delantero,0,0,0,3,0,0.0,0,0,0,0,0,16
4981,Marcelino,1978,17,Defensor,3,3,0,0,0,0.0,0,0,1,1,1,10
4981,Marcelino,1966,9,Delantero,1,1,0,2,0,0.0,0,0,0,0,1,10
7658,Marcelino Bernal,1994,6,Mediocampista,4,3,0,0,1,0.25,0,0,1,2,1,13
7658,Marcelino Bernal,1998,6,Mediocampista,2,1,0,2,0,0.0,0,0,1,0,1,13
4433,Marcelino Vargas,1950,-,Arquero,2,2,0,0,0,0.0,0,0,0,1,1,11
6158,Marcell Jansen,2006,2,Defensor,1,1,0,6,0,0.0,0,0,1,0,0,3
6158,Marcell Jansen,2010,2,Mediocampista,4,1,0,3,1,0.25,0,0,3,0,1,3
1707,Marcelo,2014,6,Defensor,6,6,0,1,0,0.0,0,0,3,2,1,4
1707,Marcelo,2018,12,Defensor,4,4,1,1,0,0.0,0,0,2,1,1,6
2747,Marcelo Balboa,1990,17,Defensor,3,2,0,0,0,0.0,0,0,0,0,3,23
2747,Marcelo Balboa,1994,17,Defensor,4,4,0,0,0,0.0,0,0,1,1,2,14
2747,Marcelo Balboa,1998,17,Defensor,1,0,0,2,0,0.0,0,0,0,0,1,32
1086,Marcelo Brozovic,2014,14,Mediocampista,1,0,0,2,0,0.0,0,0,0,0,1,19
1086,Marcelo Brozovic,2018,11,Mediocampista,6,4,0,1,0,0.0,1,0,3,2,1,2
1086,Marcelo Brozovic,2022,11,Mediocampista,6,6,0,1,0,0.0,1,0,1,4,1,3
5232,Marcelo Delgado,1998,21,Delantero,0,0,0,5,0,0.0,0,0,0,0,0,6
659,Marcelo Díaz,2014,21,Mediocampista,4,4,0,0,0,0.0,0,0,2,1,1,9
7726,Marcelo Gallardo,1998,20,Mediocampista,3,1,0,2,0,0.0,0,0,2,1,0,6
7726,Marcelo Gallardo,2002,20,Mediocampista,0,0,0,3,0,0.0,0,0,0,0,0,18
5342,Marcelo Pagani,1962,9,Delantero,2,2,0,1,0,0.0,0,0,1,1,0,10
736,Marcelo Ramirez,1998,12,Arquero,0,0,0,4,0,0.0,0,0,0,0,0,16
7850,Marcelo Romero,2002,16,Mediocampista,2,2,0,1,0,0.0,2,0,0,2,0,26
2044,Marcelo Salas,1998,11,Delantero,4,4,0,0,4,1.0,1,0,0,3,1,16
4743,Marcelo Torrico,1994,19,Arquero,0,0,0,3,0,0.0,0,0,0,0,0,21
5424,Marcelo Trobbiani,1986,21,Mediocampista,1,0,0,6,0,0.0,0,0,1,0,0,1
783,Marcelo Vega,1998,17,Mediocampista,1,0,0,3,0,0.0,0,0,0,0,1,16
4310,Marcial Avalos,1950,-,Delantero,0,0,0,2,0,0.0,0,0,0,0,0,11
3030,Marcin Baszczynski,2006,4,Defensor,3,3,0,0,0,0.0,1,0,1,0,2,21
3183,Marcin Zewlakow,2002,14,Delantero,3,0,0,0,1,0.33,0,0,1,0,2,25
1708,Marcio Santos,1994,15,Defensor,7,7,0,0,1,0.14,0,0,5,2,0,1
7936,Marco Abreu,2006,23,Defensor,0,0,0,3,0,0.0,0,0,0,0,0,23
5522,Marco Amelia,2006,14,Arquero,0,0,0,7,0,0.0,0,0,0,0,0,1
1709,Marco Antonio,1970,6,Defensor,2,1,0,4,0,0.0,0,0,2,0,0,1
1709,Marco Antonio,1974,16,Defensor,0,0,0,7,0,0.0,0,0,0,0,0,4
4709,Marco Antonio Etcheverry,1994,10,Mediocampista,1,0,0,2,0,0.0,0,1,0,0,1,21
4740,Marco Antonio Sandy,1994,3,Defensor,3,3,0,0,0,0.0,0,0,0,1,2,21
4869,Marco Asensio,2018,20,Mediocampista,3,1,0,1,0,0.0,0,0,1,2,0,10
4869,Marco Asensio,2022,10,Delantero,4,3,0,0,1,0.25,0,0,1,2,1,13
6061,Marco Bode,2002,17,Delantero,6,3,0,1,1,0.17,0,0,4,1,1,2
7292,Mark Bresciano,2006,23,Mediocampista,4,2,0,0,0,0.0,0,0,1,1,2,16
7292,Mark Bresciano,2010,23,Delantero,2,2,0,1,0,0.0,0,0,1,1,0,21
7292,Mark Bresciano,2014,23,Mediocampista,3,2,0,0,0,0.0,0,0,0,0,3,30
654,Marco Cornez,1982,12,Arquero,0,0,0,3,0,0.0,0,0,0,0,0,22
5610,Marco Delvecchio,2002,18,Delantero,0,0,0,4,0,0.0,0,0,0,0,0,15
2665,Marco Estrada,2010,13,Mediocampista,1,1,0,3,0,0.0,0,1,0,0,1,10
7713,Marco Fabián,2014,8,Mediocampista,3,0,0,1,0,0.0,0,0,2,1,0,10
7713,Marco Fabián,2018,8,Delantero,1,0,0,3,0,0.0,0,0,0,0,1,12
8107,Marco Grassi,1994,15,Delantero,1,0,0,3,0,0.0,0,0,0,0,1,15
5686,Marco Materazzi,2002,23,Defensor,1,0,0,3,0,0.0,0,0,0,0,1,15
5686,Marco Materazzi,2006,23,Defensor,4,3,0,3,2,0.5,0,1,3,1,0,1
8163,Marco Padalino,2010,14,Mediocampista,0,0,0,3,0,0.0,0,0,0,0,0,19
5720,Marco Parolo,2014,18,Mediocampista,2,0,0,1,0,0.0,0,0,1,0,1,22
8165,Marco Pascolo,1994,1,Arquero,4,4,0,0,0,0.0,1,0,1,1,2,15
6257,Marco Reus,2018,11,Delantero,3,2,0,0,1,0.33,0,0,1,0,2,22
8202,Marco Streller,2006,11,Delantero,3,1,0,1,0,0.0,1,0,1,2,0,10
5772,Marco Tardelli,1978,14,Mediocampista,6,6,0,1,0,0.0,2,0,4,1,1,4
5772,Marco Tardelli,1982,14,Mediocampista,7,7,0,0,2,0.29,1,0,4,3,0,1
5772,Marco Tardelli,1986,15,Mediocampista,0,0,0,4,0,0.0,0,0,0,0,0,12
6495,Marco Van Basten,1990,9,Delantero,4,4,0,0,0,0.0,1,0,0,3,1,15
5784,Marco Verratti,2014,23,Mediocampista,2,2,0,1,0,0.0,0,0,1,0,1,22
8225,Marco Woelfli,2010,12,Arquero,0,0,0,3,0,0.0,0,0,0,0,0,19
1710,Marcos,2002,1,Arquero,7,7,0,0,0,0.0,0,0,7,0,0,1
5150,Marcos Acuña,2018,8,Defensor,1,1,0,3,0,0.0,1,0,0,0,1,16
5150,Marcos Acuña,2022,8,Mediocampista,6,4,0,1,0,0.0,3,0,3,2,1,1
7937,Marcos Airosa,2006,2,Defensor,0,0,0,3,0,0.0,0,0,0,0,0,23
2653,Marcos Coll,1962,15,Mediocampista,3,3,0,0,1,0.33,0,0,0,1,2,14
4971,Marcos Llorente,2022,6,Mediocampista,1,1,0,3,0,0.0,0,0,0,1,0,13
7840,Marcos Rivas,1970,7,Mediocampista,0,0,0,4,0,0.0,0,0,0,0,0,6
5383,Marcos Rojo,2014,16,Defensor,6,6,0,1,1,0.17,2,0,4,1,1,2
5383,Marcos Rojo,2018,16,Defensor,3,3,0,1,1,0.33,1,0,1,1,1,16
4983,Marcos Senna,2006,16,Mediocampista,3,2,0,1,0,0.0,0,0,2,0,1,9
2054,Marco Ureña,2014,21,Delantero,4,0,0,1,1,0.25,0,0,2,2,0,8
2054,Marco Ureña,2018,21,Delantero,2,2,0,1,0,0.0,0,0,0,0,2,29
4984,Marculeta,1934,-,Defensor,1,1,0,2,0,0.0,0,0,1,0,0,5
3333,Marcus Allback,2002,10,Delantero,4,4,0,0,0,0.0,1,0,1,2,1,13
3333,Marcus Allback,2006,20,Delantero,4,1,0,0,1,0.25,2,0,1,2,1,14
3358,Marcus Berg,2018,9,Delantero,5,5,0,0,0,0.0,0,0,3,0,2,7
7269,Marcus Gayle,1998,8,Delantero,1,1,0,2,0,0.0,0,0,1,0,0,22
2811,Marcus Hahnemann,2006,19,Arquero,0,0,0,3,0,0.0,0,0,0,0,0,25
2811,Marcus Hahnemann,2010,23,Arquero,0,0,0,4,0,0.0,0,0,0,0,0,12
1373,Marcus Rashford,2018,19,Delantero,6,1,0,1,0,0.0,0,0,2,1,3,4
1373,Marcus Rashford,2022,11,Delantero,5,1,0,0,3,0.6,0,0,3,1,1,6
3497,Marcus Rohdén,2018,19,Mediocampista,0,0,0,5,0,0.0,0,0,0,0,0,7
4052,Marcus Thuram,2022,26,Delantero,5,0,0,2,0,0.0,1,0,4,1,0,2
173,Marcus Tulio Tanaka,2010,4,Defensor,4,4,0,0,0,0.0,0,0,2,1,1,9
794,Marek Cech,2010,4,Defensor,1,1,0,3,0,0.0,0,0,0,1,0,16
3055,Marek Dziuba,1982,2,Defensor,5,4,0,2,0,0.0,0,0,3,1,1,3
796,Marek Hamsik,2010,17,Mediocampista,4,4,4,0,0,0.0,0,0,1,1,2,16
471,Marek Heinz,2006,18,Delantero,1,0,0,2,0,0.0,0,0,0,0,1,20
485,Marek Jankulovski,2006,6,Defensor,3,3,0,0,0,0.0,0,0,1,0,2,20
3099,Marek Kozminski,2002,21,Mediocampista,3,3,0,0,0,0.0,1,0,1,0,2,25
3108,Marek Kusto,1974,22,Delantero,0,0,0,7,0,0.0,0,0,0,0,0,3
3108,Marek Kusto,1978,15,Delantero,0,0,0,6,0,0.0,0,0,0,0,0,5
3108,Marek Kusto,1982,18,Delantero,3,0,0,4,0,0.0,0,0,0,2,1,3
3135,Marek Ostrowski,1986,4,Defensor,4,4,0,0,0,0.0,0,0,1,1,2,14
809,Marek Sapara,2010,10,Mediocampista,1,0,0,3,0,0.0,0,0,0,0,1,16
2942,Marian Hristov,1998,14,Mediocampista,2,1,0,1,0,0.0,0,0,0,0,2,29
1893,Marian Ivan,1994,21,Delantero,0,0,0,5,0,0.0,0,0,0,0,0,6
527,Marian Masny,1982,19,Delantero,2,0,0,1,0,0.0,0,0,0,1,1,19
5161,Mariano Andujar,2010,21,Arquero,0,0,0,5,0,0.0,0,0,0,0,0,5
5161,Mariano Andujar,2014,21,Arquero,0,0,0,7,0,0.0,0,0,0,0,0,2
5020,Mariano Pernia,2006,3,Defensor,3,3,0,1,0,0.0,0,0,2,0,1,9
1125,Marijan Mrmic,1998,12,Arquero,0,0,0,7,0,0.0,0,0,0,0,0,3
1954,Marin Tufan,1970,18,Delantero,0,0,0,3,0,0.0,0,0,0,0,0,10
1711,Marinho Chagas,1974,6,Defensor,7,7,0,0,0,0.0,1,0,3,2,2,4
1712,Marinho Peres,1974,3,Defensor,7,7,4,0,0,0.0,2,0,3,2,2,4
3786,Marinko Galic,2002,5,Defensor,1,1,0,2,0,0.0,0,0,0,0,1,30
2684,Marino Klinger,1962,17,Delantero,3,3,0,0,1,0.33,0,0,0,1,2,14
5726,Marino Perani,1966,17,Delantero,2,2,0,1,0,0.0,0,0,1,0,1,9
7938,Mario,2006,22,Arquero,0,0,0,3,0,0.0,0,0,0,0,0,23
4690,Mario Alborta,1930,-,Delantero,2,2,0,0,0,0.0,0,0,0,0,2,12
5535,Mario Balotelli,2014,9,Delantero,3,3,0,0,1,0.33,2,0,1,0,2,22
6048,Mario Basler,1994,21,Mediocampista,1,0,0,4,0,0.0,0,0,1,0,0,5
5819,Mario Bergara,1962,20,Delantero,1,1,0,2,0,0.0,0,0,0,0,1,13
5546,Mario Bertini,1970,10,Mediocampista,6,6,0,0,0,0.0,0,0,3,2,1,2
5190,Mario Bolatti,2010,5,Mediocampista,2,1,0,3,0,0.0,1,0,2,0,0,5
5837,Mario Castillo,1982,2,Defensor,1,1,0,2,0,0.0,0,0,0,0,1,24
5215,Mario Chaldu,1966,14,Delantero,0,0,0,4,0,0.0,0,0,0,0,0,5
5602,Mario David,1962,18,Defensor,1,1,0,2,0,0.0,0,0,0,0,1,9
2151,Mario De Las Casas,1930,-,Defensor,2,2,0,0,0,0.0,0,0,0,0,2,10
8078,Mario Eggimann,2010,22,Defensor,1,0,0,2,0,0.0,0,0,1,0,0,19
293,Mário Fernandes,2018,2,Defensor,5,4,0,0,1,0.2,0,0,2,2,1,8
679,Mario Galindo,1974,15,Defensor,0,0,0,3,0,0.0,0,0,0,0,0,11
679,Mario Galindo,1982,18,Defensor,1,1,0,2,0,0.0,0,0,0,0,1,22
8102,Mario Gavranovic,2014,17,Delantero,0,0,0,4,0,0.0,0,0,0,0,0,11
8102,Mario Gavranovic,2018,18,Delantero,2,1,0,2,0,0.0,0,0,1,1,0,14
5642,Mario Genta,1938,-,Mediocampista,0,0,0,4,0,0.0,0,0,0,0,0,1
5892,Mario Gonzalez,1974,15,Defensor,0,0,0,3,0,0.0,0,0,0,0,0,13
6111,Mario Götze,2014,19,Delantero,6,3,0,1,2,0.33,0,0,5,1,0,1
6111,Mario Götze,2022,11,Mediocampista,2,0,0,1,0,0.0,0,0,1,0,1,17
4568,Mario Haas,1998,7,Delantero,3,1,0,0,0,0.0,0,0,0,2,1,23
5290,Mario Kempes,1974,13,Delantero,6,5,0,0,0,0.0,0,0,1,2,3,8
5290,Mario Kempes,1978,10,Delantero,7,7,0,0,6,0.86,0,0,5,1,1,1
5290,Mario Kempes,1982,11,Delantero,5,5,0,0,0,0.0,1,0,2,0,3,11
695,Mario Lepe,1962,14,Defensor,0,0,0,6,0,0.0,0,0,0,0,0,3
1122,Mario Mandzukic,2014,17,Delantero,2,2,0,1,2,1.0,0,0,1,0,1,19
1122,Mario Mandzukic,2018,17,Delantero,6,6,0,1,3,0.5,2,0,3,2,1,2
222,Mario Martínez,2014,10,Mediocampista,1,0,0,2,0,0.0,0,0,0,0,1,31
7782,Mario Medina,1978,20,Delantero,0,0,0,3,0,0.0,0,0,0,0,0,16
4721,Mario Mena,1950,-,Delantero,0,0,0,1,0,0.0,0,0,0,0,0,13
7784,Mario Mendez,2006,16,Defensor,4,4,0,0,0,0.0,0,0,1,1,2,15
7784,Mario Mendez,1962,4,Defensor,3,3,0,0,0,0.0,0,0,1,0,2,13
840,Mario Monge,1970,12,Mediocampista,2,1,0,1,0,0.0,0,0,0,0,2,16
7793,Mario Moreno,1962,18,Delantero,1,1,0,5,0,0.0,0,0,0,0,1,3
7807,Mario Ochoa,1950,-,Mediocampista,2,2,0,1,0,0.0,0,0,0,0,2,12
7807,Mario Ochoa,1954,21,Defensor,0,0,0,2,0,0.0,0,0,0,0,0,13
722,Mario Ortiz,1962,17,Mediocampista,0,0,0,6,0,0.0,0,0,0,0,0,3
723,Mario Osben,1982,22,Arquero,3,3,0,0,0,0.0,0,0,0,0,3,22
1128,Mario Pasalic,2022,15,Mediocampista,7,2,0,0,0,0.0,0,0,2,4,1,3
5727,Mario Perazzolo,1938,-,Mediocampista,0,0,0,4,0,0.0,0,0,0,0,0,1
8427,Mario Perez,1970,5,Defensor,4,4,0,0,0,0.0,0,0,2,1,1,6
8427,Mario Perez,1950,-,Delantero,2,2,0,1,0,0.0,0,0,0,0,2,12
4728,Mario Pinedo,1994,7,Mediocampista,0,0,0,3,0,0.0,0,0,0,0,0,21
5736,Mario Pizziolo,1934,-,Mediocampista,2,2,0,3,0,0.0,0,0,1,1,0,1
8169,Mario Prosperi,1966,22,Arquero,0,0,0,3,0,0.0,0,0,0,0,0,16
5970,Mario Regueiro,2002,17,Delantero,2,0,0,1,0,0.0,0,0,0,1,1,26
3265,Mário Rui,2018,19,Defensor,0,0,0,4,0,0.0,0,0,0,0,0,13
5993,Mario Saralegui,1986,16,Mediocampista,3,1,0,1,0,0.0,1,0,0,2,1,16
2432,Mario Sosa,1938,-,Delantero,2,2,0,1,0,0.0,0,0,1,1,0,7
764,Mario Soto,1982,10,Defensor,2,1,0,1,0,0.0,0,0,0,0,2,22
1149,Mario Stanic,1998,13,Mediocampista,7,7,0,0,1,0.14,3,0,5,0,2,3
1149,Mario Stanic,2002,13,Mediocampista,2,0,0,1,0,0.0,0,0,0,0,2,23
1157,Mario Tokic,2006,11,Defensor,0,0,0,3,0,0.0,0,0,0,0,0,22
7881,Mario Trejo,1986,2,Defensor,2,2,0,3,0,0.0,1,0,1,1,0,6
5783,Mario Varglien,1934,-,Mediocampista,0,0,0,5,0,0.0,0,0,0,0,0,1
7891,Mario Velarde,1962,20,Delantero,0,0,0,3,0,0.0,0,0,0,0,0,11
7891,Mario Velarde,1970,18,Mediocampista,1,1,0,3,0,0.0,0,0,0,1,0,6
2732,Mario Yepes,2014,3,Defensor,4,4,4,1,0,0.0,1,0,3,0,1,5
4074,Mario Zatelli,1938,-,Delantero,0,0,0,2,0,0.0,0,0,0,0,0,8
1898,Marius Lacatus,1990,7,Delantero,3,3,0,1,2,0.67,2,0,1,1,1,12
1898,Marius Lacatus,1998,7,Delantero,2,1,0,2,0,0.0,0,0,1,1,0,11
4056,Marius Tresor,1978,8,Defensor,3,3,2,0,0,0.0,0,0,1,0,2,12
4056,Marius Tresor,1982,8,Defensor,7,7,2,0,1,0.14,0,0,3,2,2,4
3082,Mariusz Jop,2006,2,Defensor,1,1,0,2,0,0.0,0,0,0,0,1,21
3111,Mariusz Lewandowski,2006,18,Defensor,2,0,0,1,0,0.0,0,0,1,0,1,21
2475,Mark-Anthony Kaye,2022,14,Mediocampista,1,1,0,2,0,0.0,0,0,0,0,1,31
2233,Mark Caughey,1986,22,Delantero,0,0,0,3,0,0.0,0,0,0,0,0,21
8244,Mark Fish,1998,5,Defensor,3,3,0,0,0,0.0,0,0,0,2,1,24
684,Mark Gonzalez,2010,11,Delantero,4,2,0,0,1,0.25,0,0,2,0,2,10
2544,Mark Harris,2022,19,Delantero,0,0,0,3,0,0.0,0,0,0,0,0,30
1289,Mark Hateley,1986,9,Delantero,3,2,0,2,0,0.0,1,0,1,1,1,8
5660,Mark Iuliano,2002,15,Defensor,1,1,0,3,0,0.0,0,0,0,0,1,15
7468,Mark Kinsella,2002,12,Mediocampista,4,4,0,0,0,0.0,0,0,1,3,0,12
7345,Mark Milligan,2006,22,Defensor,0,0,0,4,0,0.0,0,0,0,0,0,16
7345,Mark Milligan,2010,20,Defensor,0,0,0,3,0,0.0,0,0,0,0,0,21
7345,Mark Milligan,2014,5,Mediocampista,1,1,0,2,0,0.0,1,0,0,0,1,30
7345,Mark Milligan,2018,5,Defensor,3,3,0,0,0,0.0,1,0,0,1,2,30
5131,Mark Paston,2010,1,Arquero,3,3,0,0,0,0.0,0,0,0,3,0,22
7366,Mark Schwarzer,2006,1,Arquero,3,3,0,1,0,0.0,0,0,1,0,2,16
7366,Mark Schwarzer,2010,1,Arquero,3,3,0,0,0,0.0,0,0,1,1,1,21
6496,Mark Van Bommel,2006,18,Mediocampista,3,3,0,1,0,0.0,2,0,2,0,1,11
6496,Mark Van Bommel,2010,6,Mediocampista,7,7,0,0,0,0.0,2,0,6,0,1,2
7378,Mark Viduka,2006,9,Delantero,4,4,4,0,0,0.0,0,0,1,1,2,16
1436,Mark Wright,1990,14,Defensor,6,6,0,1,1,0.17,0,0,3,2,1,4
1077,Marko Babic,2006,8,Mediocampista,3,3,0,0,0,0.0,0,0,0,2,1,22
3567,Marko Dmitrović,2018,23,Arquero,0,0,0,3,0,0.0,0,0,0,0,0,23
3567,Marko Dmitrović,2022,1,Arquero,0,0,0,3,0,0.0,0,0,0,0,0,29
3582,Marko Grujić,2018,16,Mediocampista,0,0,0,3,0,0.0,0,0,0,0,0,23
3582,Marko Grujić,2022,26,Mediocampista,1,0,0,2,0,0.0,0,0,0,1,0,29
1117,Marko Livaja,2022,14,Delantero,6,3,0,1,1,0.17,0,0,2,3,1,3
6210,Marko Marin,2010,21,Mediocampista,2,0,0,5,0,0.0,0,0,1,0,1,3
3687,Marko Pantelic,2010,9,Delantero,2,1,0,1,1,0.5,0,0,0,0,2,23
1132,Marko Pjaca,2018,20,Delantero,3,1,0,4,0,0.0,1,0,2,0,1,2
6255,Marko Rehmer,2002,3,Defensor,1,1,0,6,0,0.0,0,0,1,0,0,2
3812,Marko Simeunovic,2002,1,Arquero,2,2,0,1,0,0.0,0,0,0,0,2,30
3814,Marko Suler,2010,4,Defensor,3,3,0,0,0,0.0,1,0,1,1,1,18
6045,Markus Babbel,1998,14,Defensor,2,1,0,3,0,0.0,1,0,2,0,0,7
3499,Markus Rosenberg,2006,22,Delantero,0,0,0,4,0,0.0,0,0,0,0,0,14
4644,Markus Schopp,1998,2,Mediocampista,1,0,0,2,0,0.0,0,0,0,1,0,23
9,Marlon Ayovi,2002,15,Defensor,3,1,0,0,0,0.0,0,0,1,0,2,24
9,Marlon Ayovi,2006,15,Mediocampista,1,1,1,3,0,0.0,0,0,0,0,1,12
924,Souaïbou Marou,2022,26,Mediocampista,0,0,0,3,0,0.0,0,0,0,0,0,19
6619,Marouane Fellaini,2014,8,Mediocampista,5,4,0,0,1,0.2,0,0,4,0,1,6
6619,Marouane Fellaini,2018,8,Mediocampista,5,3,0,2,1,0.2,0,0,4,0,1,3
1713,Marquinhos,2018,13,Defensor,1,0,0,4,0,0.0,0,0,1,0,0,6
1713,Marquinhos,2022,4,Defensor,5,4,0,0,0,0.0,1,0,3,1,1,7
6392,Marten de Roon,2022,15,Mediocampista,5,3,0,0,0,0.0,0,0,3,2,0,5
1714,Martim,1934,-,Mediocampista,1,1,1,0,0,0.0,0,0,0,0,1,14
1714,Martim,1938,-,Mediocampista,3,3,3,2,0,0.0,0,0,1,1,1,3
4546,Martin Amerhauser,1998,11,Mediocampista,0,0,0,3,0,0.0,0,0,0,0,0,23
7290,Martin Boyle,2022,6,Delantero,0,0,0,4,0,0.0,0,0,0,0,0,11
4196,Martin Braithwaite,2018,11,Delantero,4,2,0,0,0,0.0,0,0,1,3,0,11
4196,Martin Braithwaite,2022,9,Delantero,2,1,0,1,0,0.0,0,0,0,0,2,28
8059,Martin Brunner,1994,22,Arquero,0,0,0,4,0,0.0,0,0,0,0,0,15
2297,Martin Buchan,1974,14,Defensor,2,2,0,1,0,0.0,0,0,0,2,0,9
2297,Martin Buchan,1978,4,Defensor,3,3,0,0,0,0.0,0,0,1,1,1,11
5827,Martin Caceres,2010,22,Defensor,2,2,0,5,0,0.0,1,0,0,0,2,4
5827,Martin Caceres,2014,22,Defensor,4,4,0,0,0,0.0,1,0,2,0,2,12
5827,Martin Caceres,2018,22,Defensor,5,5,0,0,0,0.0,0,0,4,0,1,5
5827,Martin Caceres,2022,22,Defensor,1,1,0,2,0,0.0,1,0,0,1,0,20
5831,Martín Campaña,2018,12,Arquero,0,0,0,5,0,0.0,0,0,0,0,0,5
3371,Martin Dahlin,1994,10,Delantero,5,5,0,2,4,0.8,2,0,2,2,1,3
5236,Martin Demichelis,2010,2,Defensor,5,5,0,0,1,0.2,0,0,4,0,1,5
5236,Martin Demichelis,2014,15,Defensor,3,3,0,4,0,0.0,1,0,1,1,1,2
1093,Martin Erlic,2022,5,Defensor,0,0,0,7,0,0.0,0,0,0,0,0,3
4581,Martin Hiden,1998,12,Defensor,0,0,0,3,0,0.0,0,0,0,0,0,23
6144,Martin Hoffmann,1974,20,Delantero,6,5,0,0,1,0.17,0,0,2,2,2,6
903,Martin Hongla,2022,18,Mediocampista,2,2,0,1,0,0.0,0,0,0,1,1,19
798,Martin Jakubko,2010,14,Delantero,1,0,0,3,0,0.0,0,0,0,0,1,16
488,Martin Jiranek,2006,13,Defensor,0,0,0,3,0,0.0,0,0,0,0,0,20
4229,Martin Jorgensen,1998,21,Mediocampista,5,5,0,0,1,0.2,0,0,2,1,2,8
4229,Martin Jorgensen,2002,10,Delantero,3,1,0,1,0,0.0,0,0,2,1,0,10
4229,Martin Jorgensen,2010,10,Mediocampista,3,3,1,0,0,0.0,0,0,1,0,2,24
1314,Martin Keown,1998,18,Defensor,0,0,0,4,0,0.0,0,0,0,0,0,9
1314,Martin Keown,2002,15,Defensor,0,0,0,5,0,0.0,0,0,0,0,0,6
4245,Martin Laursen,2002,4,Defensor,4,4,0,0,0,0.0,1,0,2,1,1,10
3487,Martin Olsson,2018,5,Defensor,2,0,0,3,0,0.0,0,0,1,0,1,7
2266,Martin O'Neill,1982,8,Mediocampista,5,5,5,0,0,0.0,0,0,1,3,1,9
5346,Martin Palermo,2010,18,Delantero,1,0,0,4,1,1.0,0,0,1,0,0,5
5347,Martin Pando,1962,8,Delantero,1,1,1,2,0,0.0,0,0,0,1,0,10
1365,Martin Peters,1966,16,Mediocampista,5,5,0,1,1,0.2,1,0,5,0,0,1
1365,Martin Peters,1970,11,Delantero,4,4,0,0,1,0.25,0,0,2,0,2,8
807,Martin Petras,2010,22,Defensor,1,0,0,3,0,0.0,0,0,1,0,0,16
8180,Martin Rueda,1994,18,Defensor,0,0,0,4,0,0.0,0,0,0,0,0,15
6002,Martin Silva,2010,23,Arquero,0,0,0,7,0,0.0,0,0,0,0,0,4
6002,Martin Silva,2014,23,Arquero,0,0,0,4,0,0.0,0,0,0,0,0,12
811,Martin Skrtel,2010,3,Defensor,4,4,0,0,0,0.0,1,0,1,1,2,16
4985,Martin Vazquez,1990,6,Mediocampista,4,4,0,0,0,0.0,0,0,2,1,1,10
5088,Martin Ventorla,1934,-,Delantero,1,1,0,2,0,0.0,0,0,0,0,1,5
5089,Martin Verges,1962,22,Mediocampista,2,2,0,1,0,0.0,0,0,1,0,1,12
6310,Martin Wagner,1994,17,Defensor,2,2,0,3,0,0.0,2,0,1,0,1,5
7519,Marton Esterhazy,1986,11,Delantero,3,3,0,0,1,0.33,0,0,1,0,2,18
601,Marvin Andrews,2006,4,Defensor,0,0,0,3,0,0.0,0,0,0,0,0,27
199,Marvin Chávez,2014,23,Mediocampista,2,0,0,1,0,0.0,0,0,0,0,2,31
2033,Marvin Obando,1990,5,Defensor,1,1,0,3,0,0.0,0,0,0,0,1,13
6247,Marvin Plattenhardt,2018,2,Defensor,1,1,0,2,0,0.0,0,0,0,0,1,22
2102,Marwan Mohsen,2018,9,Delantero,3,3,0,0,0,0.0,0,0,0,0,3,31
4072,Maryan Wisnieski,1958,22,Delantero,6,6,0,0,2,0.33,0,0,4,0,2,3
92,Masaaki Higashiguchi,2018,12,Arquero,0,0,0,4,0,0.0,0,0,0,0,0,15
98,Masahiko Inoha,2014,19,Defensor,0,0,0,3,0,0.0,0,0,0,0,0,29
96,Masami Ihara,1998,4,Defensor,3,3,3,0,0,0.0,1,0,0,0,3,31
142,Masashi Nakayama,1998,9,Delantero,3,3,0,0,1,0.33,0,0,0,0,3,31
142,Masashi Nakayama,2002,10,Delantero,1,0,0,3,0,0.0,1,0,1,0,0,9
150,Masashi Oguro,2006,16,Delantero,3,0,0,0,0,0.0,0,0,0,1,2,29
130,Masato Morishige,2014,6,Defensor,1,1,0,2,0,0.0,1,0,0,0,1,29
151,Masayuki Okano,1998,14,Delantero,1,0,0,2,0,0.0,0,0,0,0,1,31
1349,Mason Mount,2022,19,Mediocampista,4,2,0,1,0,0.0,0,0,2,1,1,6
4176,Masoud Shojaei,2006,23,Mediocampista,1,0,0,2,0,0.0,0,0,0,1,0,26
4176,Masoud Shojaei,2014,7,Mediocampista,3,2,0,0,0,0.0,1,0,0,1,2,28
4176,Masoud Shojaei,2018,7,Mediocampista,1,1,1,2,0,0.0,1,0,1,0,0,18
6923,Massamasso Tchangai,2006,5,Defensor,3,3,1,0,0,0.0,1,0,0,0,3,30
7334,Massimo Luongo,2014,21,Mediocampista,0,0,0,3,0,0.0,0,0,0,0,0,30
7334,Massimo Luongo,2018,8,Mediocampista,0,0,0,3,0,0.0,0,0,0,0,0,30
5709,Massimo Oddo,2006,22,Defensor,1,0,0,6,0,0.0,0,0,1,0,0,1
7522,Mate Fenyvesi,1958,21,Delantero,3,3,0,1,0,0.0,0,0,0,1,2,10
7522,Mate Fenyvesi,1962,11,Delantero,3,3,0,1,0,0.0,0,0,2,0,1,5
7522,Mate Fenyvesi,1966,12,Delantero,0,0,0,4,0,0.0,0,0,0,0,0,6
3799,Matej Mavric,2010,22,Defensor,0,0,0,3,0,0.0,0,0,0,0,0,18
3618,Mateja Kezman,2006,8,Delantero,2,2,0,1,0,0.0,0,1,0,0,2,32
1109,Mateo Kovacic,2014,20,Mediocampista,3,1,0,0,0,0.0,0,0,1,0,2,19
1109,Mateo Kovacic,2018,8,Mediocampista,5,1,0,2,0,0.0,0,0,3,2,0,2
1109,Mateo Kovacic,2022,8,Mediocampista,7,7,0,0,0,0.0,2,0,2,4,1,3
7939,Mateus,2006,11,Mediocampista,3,3,0,0,0,0.0,0,0,0,2,1,23
2724,Mateus Uribe,2018,15,Mediocampista,3,1,0,1,0,0.0,0,0,2,1,0,9
3177,Mateusz Wieteska,2022,4,Defensor,0,0,0,4,0,0.0,0,0,0,0,0,15
3278,Matheus Nunes,2022,23,Mediocampista,2,1,0,3,0,0.0,0,0,1,0,1,8
7333,Mathew Leckie,2014,7,Delantero,3,3,0,0,0,0.0,0,0,0,0,3,30
7333,Mathew Leckie,2018,7,Delantero,3,3,0,0,0,0.0,1,0,0,1,2,30
7333,Mathew Leckie,2022,7,Delantero,4,4,0,0,1,0.25,0,0,2,0,2,11
7363,Mathew Ryan,2014,1,Arquero,3,3,0,0,0,0.0,0,0,0,0,3,30
7363,Mathew Ryan,2018,1,Arquero,3,3,0,0,0,0.0,0,0,0,1,2,30
7363,Mathew Ryan,2022,1,Arquero,4,4,4,0,0,0.0,0,0,2,0,2,11
6126,Mathias Heidemann,1934,-,Delantero,1,1,0,3,0,0.0,0,0,1,0,0,3
4227,Mathias Jensen,2022,7,Mediocampista,2,1,0,1,0,0.0,1,0,0,1,1,28
4590,Mathias Kaburek,1934,-,Delantero,0,0,0,4,0,0.0,0,0,0,0,0,4
5943,Mathías Olivera,2022,16,Defensor,3,3,0,0,0,0.0,1,0,1,1,1,20
3888,Mathieu Debuchy,2014,2,Defensor,4,4,0,1,0,0.0,0,0,3,0,1,7
4061,Mathieu Valbuena,2010,20,Delantero,1,0,0,2,0,0.0,0,0,0,0,1,29
4061,Mathieu Valbuena,2014,8,Mediocampista,4,4,0,1,1,0.25,0,0,3,0,1,7
6766,Mathis Bolly,2014,6,Mediocampista,1,0,0,2,0,0.0,0,0,0,0,1,21
5156,Matias Almeyda,1998,5,Mediocampista,5,5,0,0,0,0.0,1,0,3,1,1,6
5156,Matias Almeyda,2002,5,Mediocampista,1,1,0,2,0,0.0,1,0,0,1,0,18
671,Matias Fernandez,2010,14,Mediocampista,2,2,0,2,0,0.0,2,0,2,0,0,10
5893,Matias Gonzalez,1950,-,Defensor,4,4,0,0,0,0.0,0,0,3,1,0,1
6026,Matías Vecino,2018,15,Mediocampista,5,5,0,0,0,0.0,0,0,4,0,1,5
6026,Matías Vecino,2022,5,Mediocampista,3,2,0,0,0,0.0,0,0,1,1,1,20
6032,Matías Viña,2022,17,Defensor,2,0,0,1,0,0.0,0,0,0,1,1,20
3395,Mats Gren,1990,19,Mediocampista,1,0,0,2,0,0.0,0,0,0,0,1,21
6150,Mats Hummels,2014,5,Defensor,6,6,0,1,2,0.33,0,0,5,1,0,1
6150,Mats Hummels,2018,5,Defensor,2,2,0,1,0,0.0,1,0,0,0,2,22
3459,Mats Magnusson,1990,20,Delantero,1,1,0,2,0,0.0,0,0,0,0,1,21
2753,Matt Besler,2014,5,Defensor,4,4,0,0,0,0.0,0,0,1,1,2,15
2320,Matt Elliott,1998,18,Defensor,0,0,0,3,0,0.0,0,0,0,0,0,27
7456,Matt Holland,2002,8,Mediocampista,4,4,0,0,1,0.25,0,0,1,3,0,12
7342,Matt McKay,2014,17,Mediocampista,2,2,0,1,0,0.0,0,0,0,0,2,30
2563,Matt Smith,2022,26,Mediocampista,0,0,0,3,0,0.0,0,0,0,0,0,30
2892,Matt Turner,2022,1,Arquero,4,4,0,0,0,0.0,0,0,1,2,1,14
1414,Matt Upson,2010,15,Defensor,2,2,0,2,1,0.5,0,0,1,0,1,13
5601,Matteo Darmian,2014,4,Defensor,3,3,0,0,0,0.0,0,0,1,0,2,22
3932,Mattéo Guendouzi,2022,6,Mediocampista,1,1,0,6,0,0.0,0,0,0,0,1,2
1456,Matthew Amoah,2006,14,Delantero,4,4,0,0,0,0.0,0,0,2,0,2,13
1456,Matthew Amoah,2010,14,Delantero,2,0,0,3,0,0.0,0,0,0,1,1,7
8238,Matthew Booth,2010,14,Defensor,0,0,0,3,0,0.0,0,0,0,0,0,20
7323,Matthew Jurman,2018,6,Defensor,0,0,0,3,0,0.0,0,0,0,0,0,30
7369,Matthew Spiranovic,2014,6,Defensor,3,3,0,0,0,0.0,1,0,0,0,3,30
6106,Matthias Ginter,2014,3,Defensor,0,0,0,7,0,0.0,0,0,0,0,0,1
6106,Matthias Ginter,2018,4,Defensor,0,0,0,3,0,0.0,0,0,0,0,0,22
6106,Matthias Ginter,2022,4,Defensor,1,0,0,2,0,0.0,0,0,1,0,0,17
6130,Matthias Herget,1986,5,Defensor,1,1,0,6,0,0.0,0,0,0,0,1,2
6266,Matthias Sammer,1994,16,Mediocampista,4,4,0,1,0,0.0,0,0,3,1,0,5
4647,Matthias Sindelar,1934,-,Delantero,3,3,0,1,1,0.33,0,0,2,0,1,4
6391,Matthijs De Ligt,2022,3,Defensor,2,1,0,3,0,0.0,1,0,2,0,0,5
5607,Mattia De Sciglio,2014,2,Defensor,1,1,0,2,0,0.0,1,0,0,0,1,22
5728,Mattia Perin,2014,13,Arquero,0,0,0,3,0,0.0,0,0,0,0,0,22
3425,Mattias Jonson,2002,18,Mediocampista,2,0,0,2,0,0.0,0,0,0,1,1,13
3425,Mattias Jonson,2006,18,Delantero,4,2,0,0,0,0.0,1,0,1,2,1,14
3043,Matty Cash,2022,2,Defensor,4,4,0,0,0,0.0,2,0,1,1,2,15
6532,Mauk Weber,1934,-,Defensor,1,1,0,0,0,0.0,0,0,0,0,1,9
6532,Mauk Weber,1938,-,Defensor,1,1,0,0,0,0.0,0,0,0,0,1,14
2793,Maurice Edu,2010,19,Mediocampista,3,1,0,1,0,0.0,0,0,1,1,1,12
3960,Maurice Lafont,1958,11,Mediocampista,1,1,0,5,0,0.0,0,0,1,0,0,3
2367,Maurice Malpas,1986,3,Defensor,2,2,0,1,0,0.0,1,0,0,0,2,19
2367,Maurice Malpas,1990,6,Defensor,3,3,0,0,0,0.0,0,0,1,0,2,18
6650,Maurice Martens,1970,14,Defensor,0,0,0,3,0,0.0,0,0,0,0,0,10
1356,Maurice Norman,1958,16,Defensor,0,0,0,4,0,0.0,0,0,0,0,0,11
1356,Maurice Norman,1962,15,Defensor,4,4,0,0,0,0.0,0,0,1,1,2,8
1387,Maurice Setters,1958,22,Delantero,0,0,0,4,0,0.0,0,0,0,0,0,11
1962,Mauricio Alfaro,1982,16,Mediocampista,1,0,0,2,0,0.0,0,0,0,0,1,24
633,Mauricio Aros,1998,16,Defensor,1,1,0,3,0,0.0,0,0,0,0,1,16
691,Mauricio Isla,2010,4,Defensor,4,4,0,0,0,0.0,0,0,2,0,2,10
691,Mauricio Isla,2014,4,Defensor,4,4,0,0,0,0.0,0,0,2,1,1,9
835,Mauricio Manzano,1970,14,Defensor,1,1,0,2,0,0.0,0,0,0,0,1,16
5929,Mauricio Montero,1990,20,Defensor,4,4,0,0,0,0.0,0,0,2,0,2,13
7825,Mauricio Pineda,1998,4,Defensor,3,1,0,2,1,0.33,0,0,2,0,1,6
727,Mauricio Pinilla,2014,9,Delantero,3,0,0,1,0,0.0,1,0,1,1,1,9
5368,Mauricio Pochettino,2002,4,Defensor,3,3,0,0,0,0.0,0,0,1,1,1,18
7834,Mauricio Ramos,1994,14,Mediocampista,1,1,0,2,0,0.0,0,0,0,0,1,21
853,Mauricio Rodriguez,1970,7,Mediocampista,3,3,0,0,0,0.0,0,0,0,0,3,16
235,Mauricio Sabillon,2010,16,Defensor,1,1,0,2,0,0.0,0,0,0,1,0,30
2720,Mauricio Serna,1994,17,Mediocampista,0,0,0,3,0,0.0,0,0,0,0,0,19
2720,Mauricio Serna,1998,6,Mediocampista,3,3,0,0,0,0.0,1,0,1,0,2,21
2049,Mauricio Solis,2002,8,Mediocampista,3,3,0,0,0,0.0,1,0,1,1,1,19
2049,Mauricio Solis,2006,8,Mediocampista,3,3,0,0,0,0.0,1,0,0,0,3,31
6028,Mauricio Victorino,2010,6,Defensor,5,4,0,2,0,0.0,1,0,2,2,1,4
2063,Mauricio Wright,2002,4,Defensor,3,3,0,0,1,0.33,0,0,1,1,1,19
1716,Maurinho,1954,17,Delantero,1,1,0,2,0,0.0,0,0,0,0,1,6
6594,Maurits De Schrijver,1982,15,Defensor,2,2,0,3,0,0.0,0,0,1,0,1,10
6103,Maurizio Gaudino,1994,15,Mediocampista,0,0,0,5,0,0.0,0,0,0,0,0,5
5541,Mauro Bellugi,1974,14,Defensor,0,0,0,3,0,0.0,0,0,0,0,0,10
5541,Mauro Bellugi,1978,2,Defensor,5,5,0,2,0,0.0,0,0,4,1,0,4
5565,Mauro Camoranesi,2006,16,Mediocampista,5,4,0,2,0,0.0,2,0,4,1,0,1
5565,Mauro Camoranesi,2010,16,Mediocampista,2,0,0,1,0,0.0,1,0,0,2,0,26
1717,Mauro Galvao,1986,16,Defensor,0,0,0,5,0,0.0,0,0,0,0,0,5
1717,Mauro Galvao,1990,21,Defensor,4,4,0,0,0,0.0,1,0,3,0,1,9
8144,Mauro Lustrinelli,2006,18,Delantero,2,0,0,2,0,0.0,0,0,1,1,0,10
7834,Mauro Ramos,1954,15,Defensor,0,0,0,3,0,0.0,0,0,0,0,0,6
7834,Mauro Ramos,1958,16,Defensor,0,0,0,6,0,0.0,0,0,0,0,0,1
7834,Mauro Ramos,1962,3,Defensor,6,6,6,0,0,0.0,0,0,5,1,0,1
6002,Mauro Silva,1994,5,Mediocampista,7,7,0,0,0,0.0,1,0,5,2,0,1
5773,Mauro Tassotti,1994,9,Defensor,2,2,0,5,0,0.0,0,0,1,0,1,2
6815,Mavuda Mafuila,1974,18,Delantero,0,0,0,3,0,0.0,0,0,0,0,0,16
6783,Max Gradel,2014,15,Mediocampista,1,1,0,2,0,0.0,0,0,0,0,1,21
4569,Max Hagmayr,1982,13,Delantero,1,1,0,4,0,0.0,0,0,0,1,0,8
6204,Max Lorenz,1966,16,Mediocampista,0,0,0,6,0,0.0,0,0,0,0,0,2
6204,Max Lorenz,1970,16,Defensor,1,0,0,5,0,0.0,1,0,1,0,0,3
6220,Max Morlock,1954,13,Delantero,5,5,0,1,6,1.2,0,0,5,0,0,1
7828,Max Prieto,1950,-,Delantero,0,0,0,3,0,0.0,0,0,0,0,0,12
7373,Max Tolson,1974,14,Mediocampista,0,0,0,3,0,0.0,0,0,0,0,0,14
8221,Max Weiler,1934,-,Defensor,0,0,0,2,0,0.0,0,0,0,0,0,7
5381,Maxi Rodriguez,2006,18,Mediocampista,5,5,0,0,3,0.6,1,0,3,2,0,6
5381,Maxi Rodriguez,2010,20,Mediocampista,5,4,0,0,0,0.0,0,0,4,0,1,5
5381,Maxi Rodriguez,2014,11,Mediocampista,2,1,0,5,0,0.0,0,0,1,1,0,2
3852,Maxime Bossis,1978,3,Defensor,2,2,0,1,0,0.0,0,0,0,0,2,12
3852,Maxime Bossis,1982,4,Defensor,6,6,0,1,1,0.17,0,0,3,2,1,4
3852,Maxime Bossis,1986,6,Defensor,7,6,0,0,0,0.0,0,0,4,2,1,3
5319,Maximiliano Meza,2018,13,Mediocampista,4,2,0,0,0,0.0,0,0,1,1,2,16
5956,Maximiliano Pereira,2010,16,Defensor,7,7,0,0,1,0.14,1,0,3,2,2,4
5956,Maximiliano Pereira,2014,16,Defensor,3,2,0,1,0,0.0,0,1,1,0,2,12
5956,Maximiliano Pereira,2018,16,Defensor,0,0,0,5,0,0.0,0,0,0,0,0,5
12,Máximo Banguera,2014,1,Arquero,0,0,0,3,0,0.0,0,0,0,0,0,17
1720,Maxwell,2014,14,Defensor,1,1,0,6,0,0.0,0,0,0,0,1,4
187,Maya Yoshida,2014,22,Defensor,3,3,0,0,0,0.0,1,0,0,1,2,29
187,Maya Yoshida,2018,22,Defensor,4,4,0,0,0,0.0,0,0,1,1,2,15
187,Maya Yoshida,2022,22,Defensor,4,4,4,0,0,0.0,1,0,2,1,1,9
6816,Mayanga Maku,1974,14,Delantero,3,2,0,0,0,0.0,0,0,0,0,3,16
673,Maynor Figueroa,2010,3,Defensor,3,3,0,0,0,0.0,0,0,0,1,2,30
673,Maynor Figueroa,2014,3,Defensor,3,3,0,0,0,0.0,0,0,0,0,3,31
1721,Mazinho,1990,18,Mediocampista,0,0,0,4,0,0.0,0,0,0,0,0,9
1721,Mazinho,1994,17,Mediocampista,6,4,0,1,0,0.0,2,0,4,2,0,1
8321,Mbark Boussoufa,2018,14,Mediocampista,3,3,1,0,0,0.0,1,0,0,1,2,27
1064,M'Baye Niang,2018,19,Delantero,3,3,0,0,1,0.33,2,0,1,1,1,17
6664,Mbo Mpenza,1998,9,Delantero,1,0,0,2,0,0.0,0,0,0,1,0,19
6664,Mbo Mpenza,2002,22,Delantero,3,2,0,1,0,0.0,0,0,1,1,1,14
6809,Mbungu Ekofo,1974,19,Delantero,0,0,0,3,0,0.0,0,0,0,0,0,16
8313,Medhi Benatia,2018,5,Defensor,2,2,2,1,0,0.0,1,0,0,0,2,27
6871,Medhi Lacen,2010,8,Mediocampista,3,3,0,0,0,0.0,2,0,0,1,2,28
6871,Medhi Lacen,2014,8,Mediocampista,3,1,0,1,0,0.0,0,0,1,0,2,14
7165,Mehdi Ben Slimane,1998,18,Delantero,3,3,0,0,0,0.0,0,0,0,1,2,26
8325,Mehdi Carcela-González,2018,23,Mediocampista,1,0,0,2,0,0.0,0,0,0,0,1,27
4140,Mehdi Mahdavikia,1998,2,Mediocampista,3,3,0,0,1,0.33,0,0,1,0,2,20
4140,Mehdi Mahdavikia,2006,2,Mediocampista,3,3,0,0,0,0.0,0,0,0,1,2,26
6888,Mehdi Mostefa,2014,22,Mediocampista,2,2,0,2,0,0.0,0,0,0,0,2,14
7239,Mehdi Nafti,2006,8,Mediocampista,3,2,0,0,0,0.0,0,0,0,1,2,24
4161,Mehdi Pashazadeh,1998,20,Defensor,3,3,0,0,0,0.0,0,0,1,0,2,20
4178,Mehdi Taremi,2018,17,Delantero,3,2,0,0,0,0.0,0,0,1,1,1,18
4178,Mehdi Taremi,2022,9,Delantero,3,3,0,0,2,0.67,0,0,1,0,2,26
4181,Mehdi Torabi,2018,2,Mediocampista,0,0,0,3,0,0.0,0,0,0,0,0,18
4181,Mehdi Torabi,2022,16,Mediocampista,3,0,0,0,0,0.0,0,0,1,0,2,26
4144,Mehrdad Minavand,1998,21,Delantero,3,3,0,0,0,0.0,1,0,1,0,2,20
4163,Mehrdad Pooladi,2014,23,Defensor,3,3,0,0,0,0.0,0,0,0,1,2,28
4139,Mehrzad Madanchi,2006,21,Mediocampista,3,2,0,0,0,0.0,2,0,0,1,2,26
2547,Mel Hopkins,1958,3,Defensor,5,5,0,0,0,0.0,0,0,1,3,1,5
4313,Melanio Baez,1950,-,Mediocampista,0,0,0,2,0,0.0,0,0,0,0,0,11
7669,Melvin Brown,2002,20,Defensor,0,0,0,4,0,0.0,0,0,0,0,0,11
6397,Memphis Depay,2014,21,Delantero,4,1,0,3,2,0.5,0,0,3,1,0,3
6397,Memphis Depay,2022,10,Delantero,5,3,0,0,1,0.2,1,0,3,2,0,5
989,Menachem Bello,1970,3,Defensor,1,1,0,2,0,0.0,1,0,0,1,0,12
7940,Mendonca,2006,14,Mediocampista,3,3,0,0,0,0.0,1,0,0,2,1,23
1722,Mengalvio,1962,17,Mediocampista,0,0,0,6,0,0.0,0,0,0,0,0,1
8024,Mensur Mujdza,2014,13,Mediocampista,2,2,0,1,0,0.0,0,0,0,0,2,20
6339,Meshaal Barsham,2022,22,Arquero,2,2,0,1,0,0.0,0,0,0,0,2,32
6240,Mesut Ozil,2010,8,Mediocampista,7,7,0,0,1,0.14,1,0,5,0,2,3
6240,Mesut Ozil,2014,8,Mediocampista,7,7,0,0,1,0.14,0,0,6,1,0,1
6240,Mesut Ozil,2018,10,Mediocampista,2,2,0,1,0,0.0,0,0,0,0,2,22
8411,Michael Amir Murillo,2018,2,Defensor,2,2,0,1,0,0.0,2,0,0,0,2,32
8412,Michael Arroyo,2014,15,Mediocampista,2,1,0,1,0,0.0,0,0,0,1,1,17
6047,Michael Ballack,2002,13,Mediocampista,6,6,0,1,3,0.5,3,0,5,1,0,2
6047,Michael Ballack,2006,13,Mediocampista,5,5,5,2,0,0.0,1,0,3,1,1,3
1967,Michael Barrantes,2014,11,Mediocampista,2,0,0,3,0,0.0,0,0,1,1,0,8
4551,Michael Baur,1990,12,Mediocampista,0,0,0,3,0,0.0,0,0,0,0,0,18
7288,Michael Beauchamp,2006,16,Defensor,0,0,0,4,0,0.0,0,0,0,0,0,16
7288,Michael Beauchamp,2010,6,Defensor,1,1,0,2,0,0.0,1,0,1,0,0,21
2759,Michael Bradley,2010,4,Mediocampista,4,4,0,0,1,0.25,0,0,1,2,1,12
2759,Michael Bradley,2014,4,Mediocampista,4,4,0,0,0,0.0,0,0,1,1,2,15
1237,Michael Carrick,2006,18,Mediocampista,1,1,0,4,0,0.0,0,0,1,0,0,7
1237,Michael Carrick,2010,22,Mediocampista,0,0,0,4,0,0.0,0,0,0,0,0,13
4475,Michael Emenalo,1994,19,Defensor,3,3,0,1,0,0.0,2,0,1,0,2,9
1473,Michael Essien,2006,8,Mediocampista,3,3,0,1,0,0.0,2,0,2,0,1,13
1473,Michael Essien,2014,5,Mediocampista,1,0,0,2,0,0.0,0,0,0,0,1,25
28,Michael Estrada,2022,11,Delantero,3,3,0,0,0,0.0,0,0,1,1,1,18
1895,Michael Klein,1990,3,Defensor,4,4,0,0,0,0.0,1,0,1,2,1,12
4600,Michael Konsel,1990,21,Arquero,0,0,0,3,0,0.0,0,0,0,0,0,18
4600,Michael Konsel,1998,1,Arquero,3,3,0,0,0,0.0,0,0,0,2,1,23
4238,Michael Krohn-Dehli,2018,2,Mediocampista,1,0,0,3,0,0.0,0,0,0,1,0,11
8135,Michael Lang,2014,6,Defensor,1,0,0,3,0,0.0,0,0,1,0,0,11
8135,Michael Lang,2018,6,Defensor,3,1,0,1,0,0.0,0,1,0,2,1,14
2832,Michael Lapper,1994,2,Defensor,0,0,0,4,0,0.0,0,0,0,0,0,14
4243,Michael Laudrup,1986,11,Mediocampista,4,4,0,0,1,0.25,0,0,3,0,1,9
4243,Michael Laudrup,1998,10,Mediocampista,5,5,5,0,1,0.2,0,0,2,1,2,8
5126,Michael Mcglinchey,2010,15,Mediocampista,0,0,0,3,0,0.0,0,0,0,0,0,22
1358,Michael Owen,1998,20,Delantero,4,2,0,0,2,0.5,0,0,2,1,1,9
1358,Michael Owen,2002,10,Delantero,5,5,0,0,2,0.4,0,0,2,2,1,6
1358,Michael Owen,2006,10,Delantero,3,3,0,2,0,0.0,0,0,2,1,0,7
6466,Michael Reiziger,1998,2,Defensor,4,4,0,3,0,0.0,1,0,2,2,0,4
2041,Michael Rodriguez,2006,22,Defensor,0,0,0,3,0,0.0,0,0,0,0,0,31
4276,Michael Schjonberg,1998,2,Defensor,4,3,0,1,0,0.0,1,0,1,1,2,8
2882,Michael Sorber,1994,16,Mediocampista,4,4,0,0,0,0.0,0,0,1,1,2,14
4653,Michael Streiter,1990,18,Defensor,3,2,0,0,0,0.0,0,0,1,0,2,18
3521,Michael Svensson,2002,5,Defensor,0,0,0,4,0,0.0,0,0,0,0,0,13
6298,Michael Tarnat,1998,21,Mediocampista,4,3,0,1,0,0.0,2,0,2,1,1,7
4537,Michael Uchebo,2014,20,Delantero,1,0,0,3,0,0.0,0,0,0,0,1,16
2053,Michael Umaña,2006,4,Defensor,3,3,0,0,0,0.0,1,0,0,0,3,31
2053,Michael Umaña,2014,4,Defensor,4,4,0,1,0,0.0,1,0,2,2,0,8
2899,Michael Windischmann,1990,5,Defensor,3,3,3,0,0,0.0,1,0,0,0,3,23
2622,Michail Sifakis,2010,13,Arquero,0,0,0,3,0,0.0,0,0,0,0,0,25
436,Michal Benedikovic,1954,6,Mediocampista,0,0,0,2,0,0.0,0,0,0,0,0,14
440,Michal Bilek,1990,7,Defensor,5,5,0,0,2,0.4,1,0,3,0,2,6
3138,Michał Pazdan,2018,2,Defensor,2,2,0,1,0,0.0,0,0,0,0,2,25
3152,Michal Skóraś,2022,26,Mediocampista,1,0,0,3,0,0.0,0,0,0,0,1,15
3183,Michal Zewlakow,2006,14,Defensor,3,3,0,0,0,0.0,1,0,1,0,2,21
7788,Michel,1986,21,Mediocampista,5,5,0,0,0,0.0,1,0,3,1,1,7
7788,Michel,1990,21,Mediocampista,4,4,0,0,4,1.0,0,0,2,1,1,10
8035,Michel Aebischer,2022,14,Mediocampista,1,0,0,3,0,0.0,0,0,0,0,1,12
4462,Michel Babatunde,2014,18,Mediocampista,2,2,0,2,0,0.0,0,0,1,0,1,16
1723,Michel Bastos,2010,6,Defensor,5,5,0,0,0,0.0,1,0,3,1,1,6
3846,Michel Bibard,1986,5,Defensor,1,1,0,6,0,0.0,0,0,1,0,0,3
3857,Michel Brusseaux,1938,-,Delantero,0,0,0,2,0,0.0,0,0,0,0,0,8
6599,Michel De Wolf,1986,4,Defensor,2,2,0,5,0,0.0,0,0,1,0,1,4
6599,Michel De Wolf,1990,16,Defensor,4,4,0,0,1,0.25,0,0,2,0,2,11
6599,Michel De Wolf,1994,14,Defensor,4,4,0,0,0,0.0,0,0,2,0,2,11
908,Michel Kaham,1982,2,Defensor,3,3,0,0,0,0.0,0,0,0,3,0,17
3968,Michel Leblond,1954,19,Mediocampista,0,0,0,2,0,0.0,0,0,0,0,0,9
968,Michel Pensee,1998,17,Defensor,1,1,0,2,0,0.0,0,0,0,1,0,25
4012,Michel Platini,1978,15,Mediocampista,3,2,0,0,1,0.33,1,0,1,0,2,12
4012,Michel Platini,1982,10,Mediocampista,5,5,5,2,2,0.4,0,0,2,2,1,4
4012,Michel Platini,1986,10,Mediocampista,6,6,6,1,2,0.33,0,0,3,2,1,3
6684,Michel Preudhomme,1990,1,Arquero,4,4,0,0,0,0.0,0,0,2,0,2,11
6684,Michel Preudhomme,1994,1,Arquero,4,4,0,0,0,0.0,0,0,2,0,2,11
6688,Michel Renquin,1982,5,Defensor,2,2,0,3,0,0.0,0,0,0,0,2,10
6688,Michel Renquin,1986,5,Defensor,5,5,0,2,0,0.0,1,0,1,2,2,4
7861,Michel Salgado,2006,2,Defensor,1,1,0,3,0,0.0,0,0,1,0,0,9
6529,Michel Vorm,2010,16,Arquero,0,0,0,7,0,0.0,0,0,0,0,0,2
6529,Michel Vorm,2014,22,Arquero,1,0,0,6,0,0.0,0,0,1,0,0,3
5525,Michele Andreolo,1938,-,Mediocampista,4,4,0,0,0,0.0,0,0,4,0,0,1
6550,Michy Batshuayi,2018,21,Delantero,3,1,0,4,1,0.33,0,0,2,0,1,3
6550,Michy Batshuayi,2022,23,Delantero,2,2,0,1,1,0.5,0,0,1,0,1,23
7469,Mick Mc Carthy,1990,4,Defensor,5,5,2,0,0,0.0,0,0,0,4,1,8
1345,Mick Mills,1982,12,Defensor,5,5,5,0,0,0.0,0,0,3,2,0,6
3962,Mickael Landreau,2006,1,Arquero,0,0,0,7,0,0.0,0,0,0,0,0,2
3962,Mickael Landreau,2014,23,Arquero,0,0,0,5,0,0.0,0,0,0,0,0,7
6348,Miguel,2006,13,Defensor,6,6,0,1,0,0.0,1,0,4,1,1,4
6348,Miguel,2010,13,Defensor,1,1,0,3,0,0.0,0,0,1,0,0,11
5158,Miguel Alonso,1982,4,Mediocampista,5,5,0,0,0,0.0,0,0,1,2,2,12
4990,Miguel Angel,1978,13,Arquero,3,3,0,0,0,0.0,0,0,1,1,1,10
4990,Miguel Angel,1982,22,Arquero,0,0,0,5,0,0.0,0,0,0,0,0,12
5001,Miguel Angel Nadal,1994,20,Defensor,3,3,1,2,0,0.0,0,1,1,1,1,8
5001,Miguel Angel Nadal,1998,20,Defensor,2,2,0,1,0,0.0,1,0,1,0,1,17
5001,Miguel Angel Nadal,2002,20,Defensor,4,4,1,1,0,0.0,0,0,3,1,0,5
4734,Miguel Angel Rimba,1994,4,Defensor,3,3,0,0,0,0.0,1,0,0,1,2,21
2130,Miguel Araujo,2018,5,Defensor,0,0,0,3,0,0.0,0,0,0,0,0,20
4322,Miguel Benitez,1998,15,Delantero,4,4,0,0,1,0.25,2,0,1,2,1,14
2647,Miguel Borja,2018,19,Delantero,1,0,0,3,0,0.0,0,0,1,0,0,9
5822,Miguel Bossio,1986,5,Mediocampista,3,3,0,1,0,0.0,1,1,0,1,2,16
5196,Miguel Brindisi,1974,6,Mediocampista,4,3,1,2,1,0.25,0,0,1,1,2,8
4699,Miguel Brito,1930,-,Mediocampista,0,0,0,2,0,0.0,0,0,0,0,0,12
641,Miguel Busquets,1950,-,Mediocampista,3,3,0,0,0,0.0,0,0,1,0,2,9
2649,Miguel Calero,1998,12,Arquero,0,0,0,3,0,0.0,0,0,0,0,0,21
5833,Miguel Cappuccini,1930,-,Arquero,0,0,0,4,0,0.0,0,0,0,0,0,1
1990,Miguel Davis,1990,13,Mediocampista,0,0,0,4,0,0.0,0,0,0,0,0,13
8420,Miguel Diaz,1982,18,Defensor,2,0,0,1,0,0.0,0,0,0,0,2,24
7711,Miguel Espana,1986,7,Mediocampista,5,3,0,0,0,0.0,0,0,3,2,0,6
674,Miguel Flores,1950,-,Defensor,0,0,0,3,0,0.0,0,0,0,0,0,9
680,Miguel Gamboa,1982,21,Delantero,2,1,0,1,0,0.0,1,0,0,0,2,22
2675,Miguel Guerrero,1990,9,Delantero,0,0,0,4,0,0.0,0,0,0,0,0,14
7744,Miguel Gutierrez,1982,14,Defensor,0,0,0,3,0,0.0,0,0,0,0,0,20
7744,Miguel Gutierrez,1958,14,Defensor,2,2,0,1,0,0.0,0,0,0,1,1,16
7766,Miguel Layún,2014,7,Defensor,4,4,0,0,0,0.0,0,0,2,1,1,10
7766,Miguel Layún,2018,7,Mediocampista,4,3,0,0,0,0.0,1,0,2,0,2,12
4724,Miguel Murillo,1930,-,Arquero,0,0,0,2,0,0.0,0,0,0,0,0,12
717,Miguel Neira,1982,20,Mediocampista,3,2,0,0,1,0.33,0,0,0,0,3,22
5340,Miguel Oviedo,1978,17,Mediocampista,1,0,0,6,0,0.0,0,0,1,0,0,1
5015,Miguel Pardeza,1990,7,Delantero,1,0,0,3,0,0.0,0,0,1,0,0,10
728,Miguel Pinto,2010,12,Arquero,0,0,0,4,0,0.0,0,0,0,0,0,10
7826,Miguel Ponce,2014,16,Defensor,0,0,0,4,0,0.0,0,0,0,0,0,10
737,Miguel Ramirez,1998,14,Defensor,3,1,0,1,0,0.0,1,0,0,2,1,16
5040,Miguel Reina,1966,13,Arquero,0,0,0,3,0,0.0,0,0,0,0,0,10
5399,Miguel Santoro,1974,21,Arquero,0,0,0,6,0,0.0,0,0,0,0,0,8
2045,Miguel Segura,1990,22,Arquero,0,0,0,4,0,0.0,0,0,0,0,0,13
5073,Miguel Tendillo,1982,5,Defensor,5,5,0,0,0,0.0,0,0,1,2,2,12
2218,Miguel Trauco,2018,6,Defensor,3,3,0,0,0,0.0,0,0,1,0,2,20
3324,Miguel Veloso,2010,14,Mediocampista,2,0,0,2,0,0.0,0,0,1,1,0,11
3324,Miguel Veloso,2014,4,Mediocampista,3,3,0,0,0,0.0,0,0,1,1,1,18
4991,Migueli,1978,5,Defensor,2,2,0,1,0,0.0,0,0,0,1,1,10
1894,Mihai Ivancescu,1970,12,Defensor,0,0,0,3,0,0.0,0,0,0,0,0,10
1909,Mihai Mocanu,1970,4,Defensor,3,3,0,0,0,0.0,1,0,1,0,2,10
7499,Mihaly Biro,1938,-,Delantero,0,0,0,4,0,0.0,0,0,0,0,0,2
7561,Mihaly Lantos,1954,4,Defensor,5,5,0,0,2,0.4,0,0,4,0,1,2
7630,Mihaly Vasas,1958,17,Delantero,0,0,0,4,0,0.0,0,0,0,0,0,10
627,Miiko Albornoz,2014,3,Defensor,0,0,0,4,0,0.0,0,0,0,0,0,9
3457,Mikael Lustig,2018,2,Defensor,4,4,0,1,0,0.0,2,0,3,0,1,7
3474,Mikael Nilsson,2006,2,Defensor,0,0,0,4,0,0.0,0,0,0,0,0,14
3474,Mikael Nilsson,1994,13,Defensor,0,0,0,7,0,0.0,0,0,0,0,0,3
4039,Mikael Silvestre,2002,13,Defensor,0,0,0,3,0,0.0,0,0,0,0,0,28
4039,Mikael Silvestre,2006,13,Defensor,1,1,0,6,0,0.0,0,0,1,0,0,2
2756,Mike Bookie,1930,-,Mediocampista,0,0,0,3,0,0.0,0,0,0,0,0,3
2763,Mike Burns,1994,3,Defensor,0,0,0,4,0,0.0,0,0,0,0,0,14
2763,Mike Burns,1998,4,Defensor,2,2,0,1,0,0.0,0,0,0,0,2,32
6121,Mike Hanke,2006,9,Delantero,1,0,0,6,0,0.0,0,0,1,0,0,3
2496,Mike Sweeney,1986,11,Mediocampista,2,1,0,1,0,0.0,1,1,0,0,2,24
6746,Mike Verstraeten,1998,17,Defensor,1,1,0,2,0,0.0,0,0,0,1,0,19
356,Mikhail Meskhi,1962,17,Delantero,3,3,0,1,0,0.0,0,0,1,1,1,6
184,Miki Yamane,2022,2,Defensor,1,1,0,3,0,0.0,1,0,0,0,1,9
4191,Mikkel Beckmann,2010,17,Delantero,1,0,0,2,0,0.0,0,0,0,0,1,24
4205,Mikkel Damsgaard,2022,14,Mediocampista,3,1,0,0,0,0.0,0,0,0,1,2,28
4257,Miklos Molnar,1998,9,Delantero,1,0,0,4,0,0.0,0,1,0,1,0,8
4146,Milad Mohammadi,2018,5,Defensor,2,0,0,1,0,0.0,0,0,0,1,1,18
4146,Milad Mohammadi,2022,5,Defensor,3,3,0,0,0,0.0,0,0,1,0,2,26
433,Milan Albrecht,1970,20,Delantero,0,0,0,3,0,0.0,0,0,0,0,0,15
1078,Milan Badelj,2014,15,Mediocampista,0,0,0,3,0,0.0,0,0,0,0,0,19
1078,Milan Badelj,2018,19,Mediocampista,3,1,0,4,1,0.33,0,0,2,1,0,2
435,Milan Baros,2006,15,Delantero,1,1,0,2,0,0.0,0,0,0,0,1,20
2457,Milan Borjan,2022,18,Arquero,3,3,1,0,0,0.0,0,0,0,0,3,31
3571,Milan Dudic,2006,15,Defensor,2,2,0,1,0,0.0,1,0,0,0,2,32
460,Milan Dvorak,1958,8,Delantero,4,4,0,0,2,0.5,0,0,1,1,2,9
3786,Milan Galic,1962,10,Delantero,6,6,5,0,3,0.5,0,0,3,0,3,4
3608,Milan Jovanovic,2010,14,Mediocampista,3,3,0,0,1,0.33,0,0,1,0,2,23
522,Milan Luhovy,1990,18,Delantero,1,0,0,4,1,1.0,0,0,1,0,0,6
3804,Milan Osterc,2002,9,Delantero,3,2,0,0,0,0.0,0,0,0,0,3,30
1138,Milan Rapaic,2002,5,Mediocampista,3,2,0,0,1,0.33,0,0,1,0,2,23
3714,Milan Rodić,2018,14,Defensor,0,0,0,3,0,0.0,0,0,0,0,0,23
3737,Milan Stojanovic,1930,-,Arquero,0,0,0,3,0,0.0,0,0,0,0,0,4
3768,Milan Zekovic,1954,13,Defensor,0,0,0,3,0,0.0,0,0,0,0,0,8
7320,Mile Jedinak,2010,15,Mediocampista,1,0,0,2,0,0.0,0,0,0,0,1,21
7320,Mile Jedinak,2014,15,Mediocampista,3,3,3,0,1,0.33,2,0,0,0,3,30
7320,Mile Jedinak,2018,15,Mediocampista,3,3,3,0,2,0.67,1,0,0,1,2,30
7370,Mile Sterjovski,2006,21,Mediocampista,3,3,0,1,0,0.0,0,0,0,1,2,16
2991,Milen Petkov,1998,22,Mediocampista,0,0,0,3,0,0.0,0,0,0,0,0,29
3773,Milenko Acimovic,2002,18,Mediocampista,3,2,0,0,1,0.33,0,0,0,0,3,30
3803,Milivoje Novakovic,2010,11,Delantero,3,3,0,0,0,0.0,0,0,1,1,1,18
2933,Milko Gaidarski,1970,12,Defensor,2,2,0,1,0,0.0,0,0,0,1,1,13
3537,Milorad Arsenijevic,1930,-,Mediocampista,3,3,0,0,0,0.0,0,0,2,0,1,4
3662,Milorad Milutinovic,1958,14,Mediocampista,0,0,0,4,0,0.0,0,0,0,0,0,8
7303,Milos Degenek,2018,2,Defensor,0,0,0,3,0,0.0,0,0,0,0,0,30
7303,Milos Degenek,2022,2,Defensor,4,2,0,0,0,0.0,2,0,2,0,2,11
3590,Milos Hrstic,1982,15,Defensor,1,1,0,2,0,0.0,0,0,0,1,0,16
3628,Milos Krasic,2010,17,Mediocampista,3,3,0,0,0,0.0,0,0,1,0,2,23
3663,Milos Milutinovic,1954,18,Delantero,3,3,0,0,1,0.33,0,0,1,1,1,8
3663,Milos Milutinovic,1958,7,Delantero,3,3,0,1,0,0.0,0,0,1,1,1,8
3676,Milos Ninkovic,2010,18,Mediocampista,2,2,0,1,0,0.0,1,0,1,0,1,23
3722,Milos Sestic,1982,16,Delantero,2,0,0,1,0,0.0,0,0,1,0,1,16
3755,Miloš Veljković,2018,13,Defensor,1,1,0,2,0,0.0,0,0,0,0,1,23
3755,Miloš Veljković,2022,5,Defensor,3,3,0,0,0,0.0,0,0,0,1,2,29
3599,Milovan Jaksic,1930,-,Arquero,3,3,0,0,0,0.0,0,0,2,0,1,4
7941,Miloy,2006,6,Mediocampista,3,1,0,0,0,0.0,0,0,0,2,1,23
4720,Milton Melgar,1994,8,Mediocampista,3,3,0,0,0,0.0,0,0,0,1,2,21
6030,Milton Viera,1966,18,Delantero,3,3,0,1,0,0.0,0,0,1,2,0,7
3596,Milutin Ivkovic,1930,-,Defensor,3,3,3,0,0,0.0,0,0,2,0,1,4
3726,Milutin Soskic,1962,1,Arquero,6,6,0,0,0,0.0,0,0,3,0,3,4
6940,Min Kook Cho,1990,15,Defensor,1,0,0,2,0,0.0,0,0,0,0,1,22
7090,Min-kyu Song,2022,26,Mediocampista,0,0,0,4,0,0.0,0,0,0,0,0,16
7978,Min Soo Kang,2010,23,Defensor,0,0,0,4,0,0.0,0,0,0,0,0,15
7012,Min-woo Kim,2018,12,Defensor,2,1,0,1,0,0.0,0,0,0,0,2,19
2586,Minas Hantzidis,1994,17,Mediocampista,2,2,0,1,0,0.0,1,0,0,0,2,24
1725,Mineiro,2006,18,Mediocampista,0,0,0,5,0,0.0,0,0,0,0,0,5
5500,Mingyu Ma,2002,9,Mediocampista,2,2,2,1,0,0.0,0,0,0,0,2,31
7416,Mini Jakobsen,1994,11,Delantero,3,1,0,0,0,0.0,0,0,1,1,1,17
7416,Mini Jakobsen,1998,11,Mediocampista,1,0,0,3,0,0.0,0,0,0,1,0,15
1855,Miodrag Belodedici,1994,4,Defensor,5,5,0,0,0,0.0,1,0,3,1,1,6
3607,Miodrag Jovanovic,1950,-,Mediocampista,3,3,0,0,0,0.0,0,0,2,0,1,5
8025,Miralem Pjanic,2014,8,Mediocampista,3,3,0,0,1,0.33,0,0,1,0,2,20
3805,Miran Pavlin,2002,11,Mediocampista,3,3,0,0,0,0.0,2,0,0,0,3,30
4392,Miranda,2018,3,Defensor,5,5,2,0,0,0.0,0,0,3,1,1,6
1727,Mirandinha,1974,19,Delantero,4,1,0,3,0,0.0,1,0,1,1,2,4
1871,Mircea David,1938,-,Arquero,0,0,0,2,0,0.0,0,0,0,0,0,9
1901,Mircea Lucescu,1970,11,Delantero,3,3,3,0,0,0.0,0,0,1,0,2,10
1936,Mircea Rednic,1990,2,Defensor,4,4,0,0,0,0.0,0,0,1,2,1,12
3738,Mirko Stojanovic,1962,19,Arquero,0,0,0,6,0,0.0,0,0,0,0,0,4
3564,Miroslav Djukic,1998,5,Defensor,0,0,0,4,0,0.0,0,0,0,0,0,10
3083,Miroslav Justek,1978,14,Defensor,0,0,0,6,0,0.0,0,0,0,0,0,5
494,Miroslav Kadlec,1990,3,Defensor,5,5,0,0,0,0.0,1,0,3,0,2,6
6176,Miroslav Klose,2002,11,Delantero,7,7,0,0,5,0.71,1,0,5,1,1,2
6176,Miroslav Klose,2006,11,Delantero,7,7,0,0,5,0.71,0,0,5,1,1,3
6176,Miroslav Klose,2010,11,Delantero,5,5,0,2,4,0.8,0,1,3,0,2,3
6176,Miroslav Klose,2014,11,Delantero,5,3,0,2,2,0.4,0,0,4,1,0,1
3806,Miroslav Pavlovic,1974,13,Mediocampista,1,1,0,5,0,0.0,0,0,0,0,1,7
3735,Miroslav Stevic,1998,19,Mediocampista,1,0,0,3,0,0.0,0,0,0,1,0,10
812,Miroslav Stoch,2010,15,Mediocampista,4,2,0,0,0,0.0,0,0,1,1,2,16
3167,Miroslav Szymkowiak,2006,10,Mediocampista,2,2,0,1,0,0.0,0,0,1,0,1,21
3040,Miroslaw Bulzacki,1974,8,Defensor,0,0,0,7,0,0.0,0,0,0,0,0,3
3541,Mirsad Baljic,1990,18,Defensor,1,1,0,4,0,0.0,0,0,0,0,1,5
5852,Mirto Davoine,1954,13,Defensor,0,0,0,5,0,0.0,0,0,0,0,0,4
664,Misael Escuti,1962,1,Arquero,5,5,0,1,0,0.0,0,0,3,0,2,3
1127,Mislav Orsic,2022,18,Delantero,6,1,0,1,1,0.17,0,0,2,3,1,3
3775,Miso Brecko,2010,2,Defensor,3,3,0,0,0,0.0,0,0,1,1,1,18
7306,Mitchell Duke,2022,15,Delantero,4,4,0,0,1,0.25,1,0,2,0,2,11
7331,Mitchell Langerak,2014,12,Arquero,0,0,0,3,0,0.0,0,0,0,0,0,30
149,Mitsuo Ogasawara,2002,19,Mediocampista,1,0,0,3,0,0.0,0,0,1,0,0,9
149,Mitsuo Ogasawara,2006,8,Mediocampista,2,2,0,1,0,0.0,0,0,0,1,1,29
2787,Mix Diskerud,2014,10,Mediocampista,0,0,0,4,0,0.0,0,0,0,0,0,15
3781,Mladen Dabanovic,2002,12,Arquero,1,1,0,2,0,0.0,0,0,0,0,1,30
3631,Mladen Krstajic,2006,20,Defensor,3,3,0,0,0,0.0,1,0,0,0,3,32
3809,Mladen Rudonja,2002,13,Delantero,3,2,0,0,0,0.0,1,0,0,0,3,30
3006,Mladen Vasilev,1974,13,Delantero,1,0,0,2,0,0.0,0,0,0,1,0,12
4684,Mo Heng Tan,1938,-,Arquero,1,1,0,0,0,0.0,0,0,0,0,1,15
2351,Mo Johnston,1990,7,Delantero,3,3,0,0,1,0.33,1,0,1,0,2,18
1728,Moacir,1958,13,Mediocampista,0,0,0,6,0,0.0,0,0,0,0,0,1
4526,Mobi Oparaku,1998,2,Defensor,1,1,0,3,0,0.0,0,0,1,0,0,12
1729,Moderato,1930,-,Delantero,1,1,0,1,2,2.0,0,0,1,0,0,6
4354,Modesto Denis,1930,-,Arquero,1,1,0,1,0,0.0,0,0,0,0,1,9
4742,Modesto Soruco,1994,13,Defensor,1,1,0,2,0,0.0,0,0,0,0,1,21
4237,Mogens Krogh,1998,16,Arquero,0,0,0,5,0,0.0,0,0,0,0,0,8
904,Mohamadou Idrissou,2010,17,Delantero,3,0,0,0,0,0.0,0,0,0,0,3,31
2065,Mohamed Abdel-Shafy,2018,13,Defensor,3,3,0,0,0,0.0,0,0,0,0,3,31
4747,Mohamed Abdeljawad,1994,13,Defensor,4,4,2,0,0,0.0,1,0,2,0,2,12
7945,Mohamed Abdullah,1990,6,Defensor,3,3,2,0,0,0.0,0,0,0,0,3,24
7149,Mohamed Akid,1978,9,Delantero,3,3,0,0,0,0.0,0,0,1,1,1,9
4754,Mohamed Al Bishi,2006,17,Defensor,0,0,0,3,0,0.0,0,0,0,0,0,28
7162,Mohamed Ali Ben Romdhane,2022,15,Mediocampista,1,1,0,2,0,0.0,0,0,1,0,0,21
4859,Mohamed Amine Ben Amor,2018,14,Mediocampista,1,0,0,2,0,0.0,0,0,0,0,1,24
7159,Mohamed Ben Moussa,1978,15,Delantero,0,0,0,3,0,0.0,0,0,0,0,0,9
6848,Mohamed Chaib,1986,19,Defensor,0,0,0,3,0,0.0,0,0,0,0,0,22
7188,Mohamed Drager,2022,20,Defensor,2,2,0,1,0,0.0,0,0,0,1,1,21
8345,Mohamed El Filali,1970,10,Mediocampista,3,3,0,0,0,0.0,0,0,0,1,2,14
2078,Mohamed El-Shenawy,2018,23,Arquero,2,2,0,1,0,0.0,0,0,0,0,2,31
2081,Mohamed Elneny,2018,17,Mediocampista,3,3,0,0,0,0.0,0,0,0,0,3,31
1183,Mohamed Haris,1986,7,Mediocampista,2,2,0,1,0,0.0,1,0,0,0,2,23
8367,Mohamed Hazzaz,1970,12,Arquero,1,1,0,2,0,0.0,0,0,0,1,0,14
2092,Mohamed Helmy,1934,-,Mediocampista,1,1,0,0,0,0.0,0,0,0,0,1,13
7958,Mohamed Ismail,1986,18,Mediocampista,0,0,0,3,0,0.0,0,0,0,0,0,23
8399,Mohamed Kaci Said,1986,6,Mediocampista,3,3,0,0,0,0.0,0,0,0,1,2,22
6915,Mohamed Kader,2006,17,Delantero,3,3,0,0,1,0.33,0,0,0,0,3,30
4830,Mohamed Kanno,2018,12,Mediocampista,1,0,0,2,0,0.0,0,0,0,0,1,26
4830,Mohamed Kanno,2022,23,Mediocampista,3,3,0,0,0,0.0,0,0,1,0,2,25
7914,Mohamed Karam,1982,18,Mediocampista,2,2,0,1,0,0.0,0,0,0,1,1,21
2098,Mohamed Latif,1934,-,Mediocampista,1,1,0,0,0,0.0,0,0,0,0,1,13
8381,Mohamed Maaroufi,1970,6,Mediocampista,3,3,0,0,0,0.0,0,0,0,1,2,14
7235,Mohamed Mkacher,2002,4,Defensor,1,1,0,2,0,0.0,0,0,0,0,1,29
8398,Mohamed Sahil,1986,18,Delantero,0,0,0,4,0,0.0,0,0,0,0,0,11
2112,Mohamed Salah,2018,10,Delantero,2,2,0,1,2,1.0,0,0,0,0,2,31
7959,Mohamed Salim,1990,16,Defensor,0,0,0,3,0,0.0,0,0,0,0,0,24
8402,Mohamed Samadi,1994,21,Delantero,2,1,0,1,0,0.0,1,0,0,0,2,23
8406,Mohamed Timoumi,1986,10,Mediocampista,4,4,0,0,0,0.0,1,0,1,2,1,11
6899,Mohamed Zemmamouche,2014,16,Arquero,0,0,0,4,0,0.0,0,0,0,0,0,14
4812,Mohammad Al-Sahlawi,2018,10,Delantero,2,1,0,1,0,0.0,0,0,0,0,2,26
4782,Mohammad Al Shalhoub,2002,10,Mediocampista,1,0,0,2,0,0.0,0,0,0,0,1,32
4782,Mohammad Al Shalhoub,2006,10,Mediocampista,0,0,0,3,0,0.0,0,0,0,0,0,28
4132,Mohammad Khakpour,1998,4,Defensor,3,3,0,0,0,0.0,0,0,1,0,2,20
4833,Mohammad Khojah,2006,22,Arquero,0,0,0,3,0,0.0,0,0,0,0,0,28
4143,Mohammad Mazaheri,2018,12,Arquero,0,0,0,3,0,0.0,0,0,0,0,0,18
4156,Mohammad Nosrati,2006,20,Defensor,3,3,0,0,0,0.0,0,0,0,1,2,26
4137,Mohammad Reza Korbekandi,1978,22,Arquero,0,0,0,3,0,0.0,0,0,0,0,0,14
4172,Mohammad Sadeqi,1978,9,Mediocampista,3,3,0,0,0,0.0,0,0,0,1,2,14
4135,Mohammadreza Khanzadeh,2018,13,Defensor,0,0,0,3,0,0.0,0,0,0,0,0,18
4793,Mohammed Al-Breik,2018,6,Defensor,3,3,0,0,0,0.0,0,0,1,0,2,26
4793,Mohammed Al-Breik,2022,6,Defensor,2,1,0,1,0,0.0,0,0,1,0,1,25
4756,Mohammed Al Deayea,1994,1,Arquero,4,4,0,0,0,0.0,1,0,2,0,2,12
4756,Mohammed Al Deayea,1998,1,Arquero,3,3,0,0,0,0.0,0,0,0,1,2,28
4756,Mohammed Al Deayea,2002,1,Arquero,3,3,2,0,0,0.0,0,0,0,0,3,32
4756,Mohammed Al Deayea,2006,1,Arquero,0,0,0,3,0,0.0,0,0,0,0,0,28
4124,Mohammed Al Jahani,1998,2,Defensor,3,3,0,0,0,0.0,1,0,0,1,2,28
4124,Mohammed Al Jahani,2002,2,Defensor,2,2,0,1,0,0.0,0,0,0,0,2,32
4772,Mohammed Al Khlaiwi,1994,3,Defensor,4,4,0,0,0,0.0,0,0,2,0,2,12
4772,Mohammed Al Khlaiwi,1998,3,Defensor,2,2,0,1,0,0.0,0,1,0,0,2,28
4811,Mohammed Al-Owais,2018,22,Arquero,1,1,0,2,0,0.0,0,0,0,0,1,26
4811,Mohammed Al-Owais,2022,21,Arquero,3,3,0,0,0,0.0,1,0,1,0,2,25
4778,Mohammed Al Rubaie,2022,1,Arquero,0,0,0,3,0,0.0,0,0,0,0,0,25
4817,Mohammed Ameen,2006,7,Mediocampista,2,1,0,1,0,0.0,0,0,0,1,1,28
4822,Mohammed Babkr,2002,22,Arquero,0,0,0,3,0,0.0,0,0,0,0,0,32
8327,Mohammed Chaouch,1994,9,Delantero,2,2,0,1,1,0.5,0,0,0,0,2,23
8347,Mohammed El Haddaoui,1986,15,Mediocampista,0,0,0,4,0,0.0,0,0,0,0,0,11
1479,Mohammed Kudus,2022,20,Mediocampista,3,3,0,0,2,0.67,1,0,1,0,2,24
4836,Mohammed Massad,2006,19,Mediocampista,1,0,0,2,0,0.0,0,0,0,0,1,28
6351,Mohammed Muntari,2022,9,Delantero,3,0,0,0,1,0.33,0,0,0,0,3,32
4837,Mohammed Noor,2002,8,Mediocampista,2,1,0,1,0,0.0,1,0,0,0,2,32
4837,Mohammed Noor,2006,8,Mediocampista,3,3,0,0,0,0.0,0,0,0,1,2,28
1500,Mohammed Rabiu,2014,17,Mediocampista,3,3,0,0,0,0.0,1,0,0,1,2,25
1502,Mohammed Salisu,2022,4,Defensor,3,3,0,0,1,0.33,0,0,1,0,2,24
6354,Mohammed Waad,2022,4,Defensor,2,0,0,1,0,0.0,0,0,0,0,2,32
4152,Moharram Navidkia,2006,18,Mediocampista,0,0,0,3,0,0.0,0,0,0,0,0,26
7223,Mohsen Labidi,1978,5,Defensor,1,1,0,2,0,0.0,0,0,1,0,0,9
4825,Mohsin Harthi,2002,5,Defensor,0,0,0,3,0,0.0,0,0,0,0,0,32
18,Moisés Caicedo,2022,23,Mediocampista,3,3,0,0,1,0.33,1,0,1,1,1,18
7761,Moises Jinich,1954,19,Delantero,0,0,0,2,0,0.0,0,0,0,0,0,13
63,Moisés Ramírez,2022,12,Arquero,0,0,0,3,0,0.0,0,0,0,0,0,18
789,Moises Villarroel,1998,15,Defensor,3,3,0,1,0,0.0,2,0,0,3,0,16
7187,Mokhtar Douieb,1978,2,Defensor,3,3,0,0,1,0.33,0,0,1,1,1,9
7201,Mokhtar Hasni,1978,19,Delantero,0,0,0,3,0,0.0,0,0,0,0,0,9
7241,Mokhtar Naili,1978,22,Arquero,3,3,0,0,0,0.0,0,0,1,1,1,9
3560,Momcilo Djokic,1930,-,Mediocampista,3,3,0,0,0,0.0,0,0,2,0,1,4
8250,Moneeb Josephs,2010,1,Arquero,2,1,0,1,0,0.0,0,0,1,0,1,20
7254,Montassar Talbi,2022,3,Defensor,3,3,0,0,0,0.0,0,0,1,1,1,21
7013,Moon-hwan Kim,2022,15,Defensor,4,4,0,0,0,0.0,0,0,1,1,2,16
6953,Moon Sik Choi,1994,19,Mediocampista,0,0,0,3,0,0.0,0,0,0,0,0,20
3271,Morais,1966,17,Defensor,3,3,0,3,0,0.0,0,0,3,0,0,3
3272,Morato,1986,13,Defensor,0,0,0,3,0,0.0,0,0,0,0,0,17
1006,Mordechai Spiegler,1970,10,Delantero,3,3,3,0,1,0.33,0,0,0,2,1,12
5778,Moreno Torricelli,1998,8,Defensor,0,0,0,5,0,0.0,0,0,0,0,0,5
5606,Morgan De Sanctis,2010,14,Arquero,0,0,0,3,0,0.0,0,0,0,0,0,26
4035,Morgan Schneiderlin,2014,22,Mediocampista,1,1,0,4,0,0.0,0,0,0,1,0,7
4266,Morten Olsen,1986,4,Defensor,4,4,4,0,0,0.0,0,0,3,0,1,9
4291,Morten Wieghorst,1998,14,Mediocampista,3,1,0,2,0,0.0,1,1,2,1,0,8
4164,Morteza Pouraliganji,2018,8,Defensor,3,3,0,0,0,0.0,0,0,1,1,1,18
4164,Morteza Pouraliganji,2022,8,Defensor,3,3,0,0,0,0.0,1,0,1,0,2,26
998,Moshe Romano,1970,18,Delantero,0,0,0,3,0,0.0,0,0,0,0,0,12
2095,Mostafa Kamel Taha,1934,-,Mediocampista,1,1,0,0,0,0.0,0,0,0,0,1,13
4826,Motaz Hawsawi,2018,23,Defensor,1,1,0,2,0,0.0,0,0,1,0,0,26
183,Motohiro Yamaguchi,1998,6,Mediocampista,3,3,0,0,0,0.0,1,0,0,0,3,31
7904,Mouayad Al Haddad,1982,19,Delantero,0,0,0,3,0,0.0,0,0,0,0,0,21
7202,Mouez Hassen,2018,22,Arquero,1,1,0,2,0,0.0,0,0,0,0,1,24
7202,Mouez Hassen,2022,26,Arquero,0,0,0,3,0,0.0,0,0,0,0,0,21
7173,Mounir Boukadida,1998,4,Defensor,2,2,0,1,0,0.0,0,0,0,1,1,26
6830,Mourad Amara,1982,21,Arquero,0,0,0,3,0,0.0,0,0,0,0,0,13
6830,Mourad Amara,1986,22,Arquero,0,0,0,3,0,0.0,0,0,0,0,0,22
7231,Mourad Melki,1998,12,Delantero,0,0,0,3,0,0.0,0,0,0,0,0,26
7231,Mourad Melki,2002,21,Mediocampista,2,2,0,1,0,0.0,1,0,0,1,1,29
6604,Mousa Dembélé,2014,19,Mediocampista,2,2,0,3,0,0.0,1,0,2,0,0,6
6604,Mousa Dembélé,2018,19,Mediocampista,4,2,0,3,0,0.0,0,0,3,0,1,3
1043,Moussa Konaté,2018,14,Delantero,2,0,0,1,0,0.0,0,0,1,0,1,17
1061,Moussa Ndiaye,2002,14,Mediocampista,3,2,0,2,0,0.0,0,0,1,2,0,7
1056,Moussa N'Diaye,2022,10,Defensor,0,0,0,4,0,0.0,0,0,0,0,0,10
4041,Moussa Sissoko,2014,18,Mediocampista,4,2,0,1,1,0.25,0,0,3,1,0,7
8194,Moussa Sow,2018,7,Delantero,0,0,0,3,0,0.0,0,0,0,0,0,17
1075,Moussa Wagué,2018,22,Defensor,3,2,0,0,1,0.33,0,0,1,1,1,17
6353,Mostafa Tarek,2022,26,Mediocampista,0,0,0,3,0,0.0,0,0,0,0,0,32
1058,Moustapha Name,2022,24,Defensor,0,0,0,4,0,0.0,0,0,0,0,0,10
6920,Moustapha Salifou,2006,7,Delantero,3,2,0,0,0,0.0,2,0,0,0,3,30
1730,Mozer,1990,13,Defensor,2,2,0,2,0,0.0,2,0,2,0,0,9
3817,Muamer Vugdalic,2002,4,Defensor,1,1,0,2,0,0.0,1,0,0,0,1,30
7960,Mubarak Mubarak,1982,13,Defensor,0,0,0,3,0,0.0,0,0,0,0,0,21
1513,Mubarak Wakaso,2014,22,Mediocampista,2,0,0,1,0,0.0,0,0,0,1,1,25
6811,Muepu Ilunga,1974,2,Defensor,3,3,0,0,0,0.0,1,0,0,0,3,16
8012,Muhamed Besic,2014,7,Defensor,3,3,0,0,0,0.0,1,0,1,0,2,20
3671,Muhamed Mujic,1962,16,Mediocampista,1,1,1,5,0,0.0,0,0,0,0,1,4
4820,Muhannad Assiri,2018,20,Delantero,2,0,0,1,0,0.0,0,0,1,0,1,26
7961,Muhsin Musabah,1990,17,Arquero,3,3,0,0,0,0.0,0,0,0,0,3,24
7574,Muller,1986,7,Delantero,5,3,0,0,0,0.0,0,0,4,1,0,5
7574,Muller,1990,15,Delantero,4,3,0,0,2,0.5,0,0,3,0,1,9
7574,Muller,1994,19,Delantero,1,0,0,6,0,0.0,0,0,1,0,0,1
8351,Munir El Kajoui,2018,12,Arquero,3,3,0,0,0,0.0,1,0,0,1,2,27
8351,Munir El Kajoui,2022,12,Arquero,1,1,0,6,0,0.0,0,0,1,0,0,4
2382,Murdo Mcleod,1990,10,Mediocampista,2,2,0,1,0,0.0,1,0,1,0,1,18
324,Murtaz Khurtsilava,1966,7,Mediocampista,3,3,0,3,0,0.0,0,0,2,0,1,4
324,Murtaz Khurtsilava,1970,8,Defensor,3,3,0,1,0,0.0,0,0,2,0,1,5
6345,Musaab Khidir,2022,13,Defensor,1,0,0,2,0,0.0,0,0,0,0,1,32
8331,Mustafa Choukri,1970,16,Mediocampista,1,0,0,2,0,0.0,0,0,0,1,0,14
6851,Mustafa Dahleb,1982,15,Mediocampista,3,2,0,0,0,0.0,0,0,2,0,1,13
8342,Mustafa El Biyaz,1986,4,Defensor,3,3,0,1,0,0.0,0,0,1,2,0,11
8348,Mustafa El Hadji,1994,7,Mediocampista,3,1,0,0,0,0.0,0,0,0,0,3,23
8348,Mustafa El Hadji,1998,7,Mediocampista,3,3,0,0,1,0.33,0,0,1,1,1,18
5463,Mustafa Erton,1954,4,Defensor,3,3,0,0,1,0.33,0,0,1,0,2,11
6869,Mustafa Kouici,1982,3,Defensor,0,0,0,3,0,0.0,0,0,0,0,0,13
8385,Mustafa Merry,1986,11,Delantero,2,2,0,2,0,0.0,0,0,0,2,0,11
8344,Mustapha El Chadili,1998,22,Arquero,1,1,0,2,0,0.0,0,0,1,0,0,18
8346,Mustapha El Hadaoui,1986,7,Mediocampista,3,3,0,1,0,0.0,0,0,1,1,1,11
8346,Mustapha El Hadaoui,1994,10,Mediocampista,1,1,1,2,0,0.0,0,0,0,0,1,23
4444,Mutiu Adepoju,1994,21,Mediocampista,4,0,0,0,0,0.0,1,0,2,0,2,9
4444,Mutiu Adepoju,1998,8,Mediocampista,3,3,0,1,1,0.33,1,0,2,0,1,12
4444,Mutiu Adepoju,2002,8,Mediocampista,0,0,0,3,0,0.0,0,0,0,0,0,27
5466,Muzzy Izzet,2002,13,Mediocampista,1,0,0,6,0,0.0,0,0,0,0,1,3
6822,Mwanza Nel Mukombo,1974,3,Defensor,3,3,0,0,0,0.0,0,0,0,0,3,16
6820,Mwape Mialo,1974,16,Defensor,0,0,0,3,0,0.0,0,0,0,0,0,16
7983,Myong Gil Kim,2010,18,Arquero,0,0,0,3,0,0.0,0,0,0,0,0,32
7984,Myong Won Kim,2010,20,Arquero,0,0,0,3,0,0.0,0,0,0,0,0,32
6972,Myung Bo Hong,1990,20,Defensor,3,3,0,0,0,0.0,0,0,0,0,3,22
6972,Myung Bo Hong,1994,20,Defensor,3,3,0,0,2,0.67,0,0,0,2,1,20
6972,Myung Bo Hong,1998,20,Defensor,3,3,0,0,0,0.0,0,0,0,1,2,30
6972,Myung Bo Hong,2002,20,Defensor,7,7,7,0,0,0.0,1,0,3,2,2,4
6841,Nabil Bentaleb,2014,14,Mediocampista,3,3,0,1,0,0.0,1,0,1,1,1,14
8337,Nabil Dirar,2018,17,Defensor,2,2,0,1,0,0.0,0,0,0,1,1,27
3911,Nabil Fekir,2018,18,Delantero,6,0,0,1,0,0.0,0,0,5,1,0,1
6860,Nabil Ghilas,2014,9,Delantero,3,0,0,1,0,0.0,1,0,1,1,1,14
8293,Nacer Abdellah,1994,2,Defensor,2,2,0,1,0,0.0,0,0,0,0,2,23
6572,Nacer Chadli,2014,22,Mediocampista,4,1,0,1,0,0.0,0,0,3,0,1,6
6572,Nacer Chadli,2018,22,Mediocampista,6,4,0,1,1,0.17,0,0,5,0,1,3
5000,Nacho,2018,4,Defensor,2,2,0,2,1,0.5,0,0,0,2,0,10
4995,Nacho Monreal,2018,16,Defensor,0,0,0,4,0,0.0,0,0,0,0,0,10
7195,Nader Ghandri,2022,5,Mediocampista,1,1,0,2,0,0.0,0,0,1,0,0,21
4134,Nader Khani,1998,14,Mediocampista,3,3,1,0,0,0.0,0,0,1,0,2,20
6832,Nadir Belhadj,2010,3,Defensor,3,3,0,0,0,0.0,0,0,0,1,2,28
5939,Nahitan Nández,2018,8,Mediocampista,5,4,0,0,0,0.0,0,0,4,0,1,5
5278,Nahuel Guzmán,2018,1,Arquero,0,0,0,4,0,0.0,0,0,0,0,0,16
5322,Nahuel Molina,2022,26,Defensor,7,6,0,0,1,0.14,0,0,4,2,1,1
6332,Naif Al-Hadhrami,2022,24,Mediocampista,0,0,0,3,0,0.0,0,0,0,0,0,32
4777,Naif Al Qadi,2006,5,Defensor,0,0,0,3,0,0.0,0,0,0,0,0,28
7912,Naim Fajah,1982,2,Defensor,3,3,0,0,0,0.0,1,0,0,1,2,21
4170,Naim Sadavi,1998,3,Defensor,1,0,0,2,0,0.0,0,0,1,0,0,20
7251,Naïm Sliti,2018,23,Delantero,3,2,0,0,0,0.0,0,0,1,0,2,24
7251,Naïm Sliti,2022,23,Delantero,2,1,0,1,0,0.0,0,0,0,1,1,21
7091,Nak Woon Sung,1954,10,Delantero,1,1,0,1,0,0.0,0,0,0,0,1,16
7999,Nam Chol Pak,2010,14,Defensor,0,0,0,3,0,0.0,0,0,0,0,0,32
7014,Nam Il Kim,2002,5,Mediocampista,5,5,0,2,0,0.0,1,0,3,2,0,4
7014,Nam Il Kim,2006,5,Mediocampista,3,2,0,0,0,0.0,0,0,1,1,1,17
7014,Nam Il Kim,2010,5,Mediocampista,3,0,0,1,0,0.0,1,0,1,1,1,15
6959,Nam Sik Chung,1954,11,Mediocampista,1,1,0,1,0,0.0,0,0,0,0,1,16
5002,Nando,1950,-,Mediocampista,0,0,0,6,0,0.0,0,0,0,0,0,4
7538,Nandor Hidegkuti,1954,9,Delantero,4,4,0,1,4,1.0,0,0,3,0,1,2
7538,Nandor Hidegkuti,1958,9,Delantero,2,2,2,2,0,0.0,0,0,1,1,0,10
3197,Ruben Amorim,2010,17,Mediocampista,1,0,0,3,0,0.0,0,0,0,1,0,11
3197,Ruben Amorim,2014,20,Mediocampista,1,1,0,2,0,0.0,0,0,1,0,0,18
170,Naohiro Takahara,2006,9,Delantero,3,2,0,0,0,0.0,1,0,0,1,2,29
122,Naoki Matsuda,2002,3,Defensor,4,4,0,0,0,0.0,0,0,2,1,1,9
167,Naoki Soma,1998,3,Defensor,3,3,0,0,0,0.0,0,0,0,0,3,31
180,Naomichi Ueda,2018,2,Defensor,0,0,0,4,0,0.0,0,0,0,0,0,15
7769,Narciso Lopez,1954,2,Defensor,2,2,0,0,0,0.0,0,0,0,0,2,13
1732,Nariz,1938,-,Defensor,1,1,0,4,0,0.0,0,0,1,0,0,3
7962,Nasir Khamees,1990,14,Mediocampista,3,3,0,0,0,0.0,0,0,0,0,3,24
2998,Nasko Sirakov,1986,2,Mediocampista,4,3,0,0,1,0.25,0,0,0,2,2,15
2998,Nasko Sirakov,1994,10,Delantero,7,6,0,0,1,0.14,1,0,3,1,3,4
4076,Nasrollah Abdollahi,1978,20,Delantero,3,3,0,0,0,0.0,0,0,0,1,2,14
4797,Nasser Al-Dawsari,2022,24,Mediocampista,1,0,0,2,0,0.0,0,0,0,0,1,25
7903,Nasser Al Ghanem,1982,11,Mediocampista,0,0,0,3,0,0.0,0,0,0,0,0,21
6854,Nasser Drid,1986,1,Arquero,2,2,0,1,0,0.0,0,0,0,0,2,22
4118,Nasser Hejazi,1978,1,Arquero,3,3,0,0,0,0.0,0,0,0,1,2,14
4158,Nasser Nuray,1978,16,Delantero,0,0,0,3,0,0.0,0,0,0,0,0,14
3778,Nastja Ceh,2002,20,Mediocampista,2,0,0,1,0,0.0,0,1,0,0,2,30
1327,Nat Lofthouse,1954,9,Delantero,2,2,0,1,3,1.5,0,0,0,1,1,7
5362,Natalio Perinetti,1930,-,Delantero,1,1,0,4,0,0.0,0,0,1,0,0,2
6356,Nathan Aké,2022,5,Defensor,5,5,0,0,0,0.0,1,0,3,2,0,5
7286,Nathaniel Atkinson,2022,3,Defensor,1,1,0,3,0,0.0,0,0,0,0,1,11
4789,Nawaf Al-Abed,2022,18,Mediocampista,2,0,0,1,0,0.0,1,0,1,0,1,25
4792,Nawaf Al-Aqidi,2022,22,Arquero,0,0,0,3,0,0.0,0,0,0,0,0,25
4786,Nawaf Al Temiyat,1998,18,Mediocampista,1,1,0,2,0,0.0,0,0,0,1,0,28
4786,Nawaf Al Temiyat,2002,18,Mediocampista,3,3,0,0,0,0.0,1,0,0,0,3,32
4786,Nawaf Al Temiyat,2006,18,Mediocampista,2,1,0,1,0,0.0,1,0,0,1,1,28
8296,Nayef Aguerd,2022,5,Defensor,4,4,0,3,0,0.0,0,0,2,2,0,4
6823,Ndaye Mulamba,1974,13,Mediocampista,2,2,0,1,0,0.0,0,1,0,0,2,16
2571,Neco Williams,2022,3,Defensor,3,3,0,0,0,0.0,0,0,0,1,2,30
1932,Necula Raducanu,1970,1,Arquero,2,1,0,1,0,0.0,0,0,0,0,2,10
65,Neicer Reasco,2006,18,Defensor,3,3,0,1,0,0.0,0,0,2,0,1,12
2776,Neil Covone,1990,21,Mediocampista,0,0,0,3,0,0.0,0,0,0,0,0,23
2389,Neil Mochan,1954,11,Delantero,2,2,0,0,0,0.0,0,0,0,0,2,15
2410,Neil Sullivan,1998,12,Arquero,0,0,0,3,0,0.0,0,0,0,0,0,27
1423,Neil Webb,1990,4,Mediocampista,1,0,0,6,0,0.0,0,0,0,0,1,4
3807,Nejc Pecnik,2010,7,Delantero,2,0,0,1,0,0.0,0,0,1,1,0,18
7197,Nejib Ghommidh,1978,6,Mediocampista,3,3,0,0,1,0.33,0,0,1,1,1,9
7226,Nejib Liman,1978,13,Delantero,0,0,0,3,0,0.0,0,0,0,0,0,9
1733,Nelinho,1974,14,Defensor,3,3,0,4,0,0.0,0,0,1,2,0,4
1733,Nelinho,1978,13,Defensor,4,3,0,3,2,0.5,1,0,2,2,0,3
3275,Nelson,2002,15,Arquero,0,0,0,3,0,0.0,0,0,0,0,0,21
4351,Nelson Cuevas,2002,23,Delantero,2,0,0,2,2,1.0,0,0,1,0,1,16
4351,Nelson Cuevas,2006,23,Delantero,2,0,0,1,1,0.5,0,0,1,0,1,18
5858,Nelson Diaz,1966,13,Defensor,0,0,0,4,0,0.0,0,0,0,0,0,7
7745,Nelson Gutierrez,1986,2,Defensor,4,4,0,0,0,0.0,0,0,0,2,2,16
7745,Nelson Gutierrez,1990,2,Defensor,4,4,0,0,0,0.0,1,0,1,1,2,16
5301,Nelson Lopez,1966,13,Defensor,0,0,0,4,0,0.0,0,0,0,0,0,5
726,Nelson Parraguez,1998,7,Mediocampista,3,3,0,1,0,0.0,2,0,0,3,0,16
5418,Nelson Tapia,1998,1,Arquero,4,4,0,0,0,0.0,1,0,0,3,1,16
4432,Nelson Valdez,2006,18,Delantero,3,3,0,0,0,0.0,1,0,1,0,2,18
4432,Nelson Valdez,2010,18,Delantero,5,4,0,0,0,0.0,0,0,1,3,1,8
5438,Nelson Vivas,1998,14,Defensor,4,3,0,1,0,0.0,1,0,3,1,0,6
3584,Nemanja Gudelj,2022,8,Mediocampista,2,1,0,1,0,0.0,2,0,0,0,2,29
3642,Nemanja Maksimović,2022,6,Mediocampista,3,1,0,0,0,0.0,0,0,0,1,2,29
3647,Nemanja Matić,2018,21,Mediocampista,3,3,0,0,0,0.0,2,0,1,0,2,23
3709,Nemanja Radonjić,2018,18,Delantero,2,0,0,1,0,0.0,0,0,0,0,2,23
3709,Nemanja Radonjić,2022,7,Delantero,3,0,0,0,0,0.0,0,0,0,1,2,29
3757,Nemanja Vidic,2006,5,Defensor,0,0,0,3,0,0.0,0,0,0,0,0,32
3757,Nemanja Vidic,2010,5,Defensor,3,3,0,0,0,0.0,1,0,1,0,2,23
1734,Nena,1950,-,Defensor,0,0,0,6,0,0.0,0,0,0,0,0,2
3561,Nenad Djordjevic,2006,14,Defensor,2,2,0,1,0,0.0,0,0,0,0,2,32
3656,Nenad Milijas,2010,11,Mediocampista,1,1,0,2,0,0.0,0,0,0,0,1,23
3740,Nenad Stojkovic,1982,5,Defensor,3,3,0,0,0,0.0,1,0,1,1,1,16
5372,Nery Pumpido,1982,16,Arquero,0,0,0,5,0,0.0,0,0,0,0,0,11
5372,Nery Pumpido,1986,18,Arquero,7,7,0,0,0,0.0,2,0,6,1,0,1
5372,Nery Pumpido,1990,1,Arquero,2,2,0,5,0,0.0,0,0,1,0,1,2
7646,Néstor Araujo,2022,2,Defensor,1,1,0,2,0,0.0,1,0,0,0,1,22
5834,Nestor Carballo,1954,16,Defensor,2,2,0,3,0,0.0,0,0,0,0,2,4
5220,Nestor Clausen,1986,8,Defensor,1,1,0,6,0,0.0,0,0,1,0,0,1
3878,Nestor Combin,1966,8,Delantero,1,1,0,2,0,0.0,0,0,0,1,0,13
5247,Nestor Fabbri,1990,11,Defensor,1,1,0,6,0,0.0,0,0,0,0,1,2
5887,Nestor Goncalves,1962,5,Defensor,3,3,0,0,0,0.0,0,0,1,0,2,13
5887,Nestor Goncalves,1966,5,Defensor,4,4,0,0,0,0.0,0,0,1,2,1,7
5303,Nestor Lorenzo,1990,13,Defensor,3,2,0,4,0,0.0,0,0,1,0,2,2
4401,Nestor Ortigoza,2010,20,Mediocampista,1,1,0,4,0,0.0,0,0,0,1,0,8
2698,Nestor Ortiz,1994,13,Defensor,0,0,0,3,0,0.0,0,0,0,0,0,19
5387,Nestor Rossi,1958,5,Mediocampista,3,3,0,0,0,0.0,0,0,1,0,2,13
8205,Nestor Subiat,1994,14,Delantero,3,0,0,1,0,0.0,2,0,0,1,2,15
5423,Nestor Togneri,1974,19,Defensor,0,0,0,6,0,0.0,0,0,0,0,0,8
3276,Neto,2014,14,Defensor,0,0,0,3,0,0.0,0,0,0,0,0,18
3742,Neven Subotic,2010,20,Defensor,2,1,0,1,0,0.0,1,0,1,0,1,23
1735,Neymar Jr.,2014,10,Delantero,5,5,0,2,4,0.8,1,0,3,2,0,4
1735,Neymar Jr.,2018,10,Delantero,5,5,0,0,2,0.4,1,0,3,1,1,6
1735,Neymar Jr.,2022,10,Delantero,3,3,0,2,2,0.67,0,0,2,1,0,7
3948,N'Golo Kanté,2018,13,Mediocampista,7,7,0,0,0,0.0,2,0,6,1,0,1
7481,Niall Quinn,1990,17,Delantero,4,3,0,1,1,0.25,0,0,0,3,1,8
7481,Niall Quinn,2002,17,Delantero,3,0,0,1,0,0.0,0,0,1,2,0,12
1919,Nica Panduru,1994,15,Mediocampista,2,0,0,3,0,0.0,1,0,0,1,1,6
2785,Nick Di Orio,1950,-,Delantero,0,0,0,3,0,0.0,0,0,0,0,0,10
1369,Nick Pope,2018,23,Arquero,0,0,0,7,0,0.0,0,0,0,0,0,4
1369,Nick Pope,2022,13,Arquero,0,0,0,5,0,0.0,0,0,0,0,0,6
2873,Nick Rimando,2014,22,Arquero,0,0,0,4,0,0.0,0,0,0,0,0,15
4192,Nicklas Bendtner,2010,11,Delantero,3,3,0,0,1,0.33,1,0,1,0,2,24
1230,Nicky Butt,2002,21,Mediocampista,4,4,0,1,0,0.0,0,0,2,1,1,6
3332,Niclas Alexandersson,2002,7,Mediocampista,4,4,0,0,1,0.25,1,0,1,2,1,13
3332,Niclas Alexandersson,2006,7,Mediocampista,4,4,0,0,0,0.0,1,0,1,2,1,14
6101,Niclas Füllkrug,2022,9,Delantero,3,0,0,0,2,0.67,0,0,1,1,1,17
4228,Niclas Jensen,2002,12,Defensor,3,2,0,1,0,0.0,1,0,2,0,1,10
3481,Niclas Nyhlen,1990,7,Defensor,0,0,0,3,0,0.0,0,0,0,0,0,21
6575,Nico Claesen,1986,16,Delantero,7,6,0,0,3,0.43,1,0,2,2,3,4
6575,Nico Claesen,1990,14,Delantero,1,0,0,3,0,0.0,0,0,0,0,1,11
8083,Nico Elvedi,2018,4,Defensor,0,0,0,4,0,0.0,0,0,0,0,0,14
8083,Nico Elvedi,2022,4,Defensor,2,2,0,2,0,0.0,1,0,1,0,1,12
6270,Nico Schlotterbeck,2022,23,Defensor,2,1,0,1,0,0.0,0,0,0,1,1,17
6723,Nico Van Kerckhoven,1998,11,Mediocampista,1,1,0,2,0,0.0,0,0,0,1,0,19
6723,Nico Van Kerckhoven,2002,5,Defensor,2,2,0,2,0,0.0,0,0,1,0,1,14
5094,Nico Williams,2022,12,Delantero,4,1,0,0,0,0.0,0,0,1,2,1,13
5545,Nicola Berti,1990,10,Mediocampista,4,3,0,3,0,0.0,2,0,4,0,0,3
5545,Nicola Berti,1994,14,Mediocampista,7,5,0,0,0,0.0,0,0,4,2,1,2
3181,Nicola Zalewski,2022,21,Mediocampista,2,1,0,2,0,0.0,0,0,0,1,1,15
1879,Nicolae Dobrin,1970,8,Mediocampista,0,0,0,3,0,0.0,0,0,0,0,0,10
7558,Nicolae Kovacs,1930,-,Delantero,2,2,0,0,1,0.5,0,0,1,0,1,8
7558,Nicolae Kovacs,1934,-,Delantero,1,1,0,0,0,0.0,0,0,0,0,1,12
7558,Nicolae Kovacs,1938,-,Delantero,1,1,1,1,0,0.0,0,0,0,1,0,9
1904,Nicolae Lupescu,1970,3,Defensor,3,3,0,0,0,0.0,0,0,1,0,2,10
326,Nicolai Kiselyov,1970,12,Mediocampista,3,1,0,1,0,0.0,0,0,2,0,1,5
863,Nicolas Alnoudji,2002,15,Mediocampista,0,0,0,3,0,0.0,0,0,0,0,0,20
3824,Nicolas Anelka,2010,21,Delantero,2,2,0,1,0,0.0,0,0,0,1,1,29
7,Nicolas Asencio,2002,7,Mediocampista,1,0,0,2,0,0.0,0,0,0,0,1,24
5198,Nicolas Burdisso,2006,21,Defensor,3,3,0,2,0,0.0,0,0,2,1,0,6
5198,Nicolas Burdisso,2010,4,Defensor,5,3,0,0,0,0.0,0,0,4,0,1,5
5854,Nicolás de la Cruz,2022,7,Mediocampista,2,0,0,1,0,0.0,0,0,1,1,0,20
6609,Nicolas Dewalque,1970,4,Defensor,3,3,0,0,0,0.0,0,0,1,0,2,10
2160,Nicolas Fuentes,1970,5,Defensor,4,4,0,0,0,0.0,0,0,2,0,2,7
1041,Nicolas Jackson,2022,7,Delantero,1,0,0,3,0,0.0,0,0,0,0,1,10
5907,Nicolas Lodeiro,2010,14,Mediocampista,3,0,0,4,0,0.0,0,1,1,2,0,4
5907,Nicolas Lodeiro,2014,14,Mediocampista,3,2,0,1,0,0.0,0,0,2,0,1,12
6647,Nicolas Lombaerts,2014,18,Defensor,1,1,0,4,0,0.0,0,0,1,0,0,6
947,Nicolas Ngamaleu,2022,6,Delantero,2,1,0,1,0,0.0,0,0,1,0,1,19
954,Nicolas Nkoulou,2010,3,Defensor,3,3,0,0,0,0.0,2,0,0,0,3,31
954,Nicolas Nkoulou,2014,3,Defensor,3,3,2,0,0,0.0,0,0,0,0,3,32
954,Nicolas Nkoulou,2022,3,Defensor,2,2,0,1,0,0.0,1,0,0,1,1,19
5944,Nicolas Olivera,2002,15,Mediocampista,0,0,0,3,0,0.0,0,0,0,0,0,26
5339,Nicolas Otamendi,2010,15,Defensor,3,3,0,2,0,0.0,1,0,2,0,1,5
5339,Nicolas Otamendi,2018,17,Defensor,4,4,0,0,0,0.0,2,0,1,1,2,16
5339,Nicolas Otamendi,2022,19,Defensor,7,7,0,0,0,0.0,2,0,4,2,1,1
5417,Nicolas Tagliafico,2018,3,Defensor,4,4,0,0,0,0.0,1,0,1,1,2,16
5417,Nicolas Tagliafico,2022,3,Defensor,6,3,0,1,0,0.0,0,0,3,2,1,1
1922,Niculae Pescaru,1970,20,Defensor,0,0,0,3,0,0.0,0,0,0,0,0,10
7788,Niek Michel,1938,-,Arquero,0,0,0,1,0,0.0,0,0,0,0,0,14
7976,Nigel De Jong,2010,8,Mediocampista,6,6,0,1,0,0.0,3,0,5,0,1,2
7976,Nigel De Jong,2014,6,Mediocampista,5,5,0,2,0,0.0,0,0,4,1,0,3
1334,Nigel Martyn,1998,13,Arquero,0,0,0,4,0,0.0,0,0,0,0,0,9
1334,Nigel Martyn,2002,13,Arquero,0,0,0,5,0,0.0,0,0,0,0,0,6
2279,Nigel Worthington,1986,15,Defensor,2,2,0,1,0,0.0,1,0,0,1,1,21
1736,Niginho,1938,-,Delantero,0,0,0,5,0,0.0,0,0,0,0,0,3
5468,Nihat Kahveci,2002,15,Delantero,2,0,0,5,0,0.0,0,0,1,1,0,3
1100,Nikica Jelavic,2014,9,Delantero,2,1,0,1,0,0.0,0,0,0,0,2,19
7362,Nikita Rukavytsya,2010,17,Delantero,2,0,0,1,0,0.0,0,0,0,1,1,21
401,Nikita Simonyan,1958,9,Delantero,5,5,4,0,1,0.2,0,0,2,1,2,6
6295,Niklas Süle,2018,15,Defensor,1,1,0,2,0,0.0,0,0,0,0,1,22
6295,Niklas Süle,2022,15,Defensor,3,3,0,0,0,0.0,0,0,1,1,1,17
1108,Niko Kovac,2002,10,Mediocampista,3,3,0,0,0,0.0,0,0,1,0,2,23
1108,Niko Kovac,2006,10,Mediocampista,3,3,3,0,1,0.33,1,0,0,2,1,22
1112,Niko Kranjcar,2006,19,Mediocampista,3,3,0,0,0,0.0,0,0,0,2,1,22
3608,Nikola Jovanovic,1982,14,Defensor,3,3,0,0,0,0.0,0,0,1,1,1,16
2964,Nikola Kotkov,1966,14,Delantero,1,1,0,2,0,0.0,0,0,0,0,1,15
2965,Nikola Kovachev,1962,6,Mediocampista,3,3,1,0,0,0.0,0,0,0,1,2,15
3655,Nikola Milenković,2018,15,Defensor,3,3,0,0,0,0.0,0,0,1,0,2,23
3655,Nikola Milenković,2022,4,Defensor,3,3,0,0,0,0.0,2,0,0,1,2,29
2986,Nikola Parchanov,1962,20,Arquero,0,0,0,3,0,0.0,0,0,0,0,0,15
3710,Nikola Radovic,1958,21,Defensor,0,0,0,4,0,0.0,0,0,0,0,0,8
3736,Nikola Stipic,1962,21,Delantero,0,0,0,6,0,0.0,0,0,0,0,0,4
1163,Nikola Vlasic,2022,13,Mediocampista,6,1,0,1,0,0.0,0,0,2,3,1,3
3769,Nikola Zigic,2006,19,Delantero,2,1,0,1,1,0.5,0,0,0,0,2,32
3769,Nikola Zigic,2010,15,Delantero,3,3,0,0,0,0.0,1,0,1,0,2,23
6636,Nikolaas Hoydonckx,1930,-,Defensor,2,2,0,0,0,0.0,0,0,0,0,2,11
2914,Nikolai Arabov,1986,3,Defensor,3,3,0,1,0,0.0,1,0,0,2,1,15
2945,Nikolai Iliev,1994,15,Defensor,0,0,0,7,0,0.0,0,0,0,0,0,4
342,Nikolai Larionov,1986,15,Defensor,2,2,0,2,0,0.0,0,0,1,1,0,10
352,Nikolai Manoshin,1962,9,Mediocampista,0,0,0,4,0,0.0,0,0,0,0,0,6
2601,Nikos Machlas,1994,9,Delantero,3,3,0,0,0,0.0,0,0,0,0,3,24
2612,Nikos Nioplias,1994,8,Mediocampista,3,3,0,0,0,0.0,0,0,0,0,3,24
2623,Nikos Spiropoulos,2010,4,Defensor,1,0,0,2,0,0.0,0,0,0,0,1,25
2627,Nikos Tsiantakis,1994,11,Mediocampista,2,1,0,1,0,0.0,0,0,0,0,2,24
1737,Nilmar,2010,21,Delantero,4,1,0,1,0,0.0,0,0,2,1,1,6
1738,Nilo,1930,-,Delantero,1,1,0,1,0,0.0,0,0,0,0,1,6
3357,Nils Axelsson,1934,-,Defensor,2,2,0,0,0,0.0,0,0,1,0,1,8
7399,Nils Eriksen,1938,-,Mediocampista,1,1,1,0,0,0.0,0,0,0,0,1,12
3445,Nils Liedholm,1958,4,Mediocampista,5,5,5,1,2,0.4,0,0,4,0,1,2
3498,Nils Rosen,1934,-,Mediocampista,2,2,2,0,0,0.0,0,0,1,0,1,8
2181,Nilson Loyola,2018,22,Defensor,0,0,0,3,0,0.0,0,0,0,0,0,20
7247,Nilton Santos,1950,-,Defensor,0,0,0,6,0,0.0,0,0,0,0,0,2
4151,Nima Nakisa,1998,12,Arquero,1,1,0,2,0,0.0,0,0,0,0,1,20
3718,Nisa Saveljic,1998,14,Defensor,1,0,0,3,0,0.0,0,0,0,0,1,10
6439,Noa Lang,2022,12,Delantero,1,0,0,4,0,0.0,1,0,0,1,0,5
8160,Noah Okafor,2022,19,Delantero,3,0,0,1,0,0.0,0,0,2,0,1,12
1405,Nobby Stiles,1966,4,Mediocampista,6,6,0,0,0,0.0,1,0,5,1,0,1
1405,Nobby Stiles,1970,15,Defensor,0,0,0,4,0,0.0,0,0,0,0,0,8
113,Nobuyuki Kojima,1998,1,Arquero,0,0,0,3,0,0.0,0,0,0,0,0,31
2228,Noel Brotherston,1982,7,Delantero,2,0,0,3,0,0.0,0,0,0,2,0,9
3973,Noel Lietaer,1934,-,Mediocampista,1,1,0,0,0,0.0,0,0,0,0,1,9
241,Noel Valladares,2010,18,Arquero,3,3,1,0,0,0.0,0,0,0,1,2,30
241,Noel Valladares,2014,18,Arquero,3,3,3,0,0,0.0,0,0,0,0,3,31
6086,Norbert Eder,1986,6,Defensor,7,7,0,0,0,0.0,1,0,3,2,2,2
8085,Norbert Eschmann,1954,11,Delantero,0,0,0,4,0,0.0,0,0,0,0,0,5
8085,Norbert Eschmann,1962,17,Delantero,2,2,0,1,0,0.0,0,0,0,0,2,16
6233,Norbert Nigbur,1974,21,Arquero,0,0,0,7,0,0.0,0,0,0,0,0,1
5158,Norberto Alonso,1978,1,Mediocampista,3,0,0,4,0,0.0,0,0,2,1,0,1
5189,Norberto Boggio,1958,18,Delantero,1,1,0,2,0,0.0,0,0,1,0,0,13
5316,Norberto Menendez,1958,9,Delantero,3,3,0,0,1,0.33,0,0,1,0,2,13
5404,Norberto Scoponi,1994,22,Arquero,0,0,0,4,0,0.0,0,0,0,0,0,10
8302,Nordin Amrabat,2018,16,Mediocampista,3,3,0,0,0,0.0,1,0,0,1,2,27
154,Norio Omura,1998,5,Defensor,1,1,0,2,0,0.0,0,0,0,0,1,31
1303,Norman Hunter,1966,18,Defensor,0,0,0,6,0,0.0,0,0,0,0,0,1
1303,Norman Hunter,1970,18,Mediocampista,1,0,0,3,0,0.0,0,0,0,0,1,8
2277,Norman Uprichard,1958,12,Arquero,1,1,0,4,0,0.0,0,0,1,0,0,7
2278,Norman Whiteside,1982,16,Delantero,5,5,0,0,0,0.0,1,0,1,3,1,9
2278,Norman Whiteside,1986,10,Delantero,3,3,0,0,1,0.33,1,0,0,1,2,21
1740,Noronha,1950,-,Mediocampista,1,1,0,5,0,0.0,0,0,0,1,0,2
981,Nouhou Tolo,2022,25,Defensor,3,3,0,0,0,0.0,1,0,1,1,1,19
3823,Nouma Andoire,1930,-,Defensor,0,0,0,3,0,0.0,0,0,0,0,0,7
8323,Noureddine Bouyahyaoui,1986,5,Defensor,4,4,0,0,0,0.0,0,0,1,2,1,11
6870,Noureddine Kourichi,1982,4,Defensor,3,3,0,0,0,0.0,0,0,2,0,1,13
6870,Noureddine Kourichi,1986,4,Defensor,2,2,0,1,0,0.0,0,0,0,1,1,22
8387,Noureddine Naybet,1994,6,Defensor,2,2,0,1,0,0.0,2,0,0,0,2,23
8387,Noureddine Naybet,1998,6,Defensor,3,3,3,0,0,0.0,0,0,1,1,1,18
8383,Noussair Mazraoui,2022,3,Defensor,5,5,0,2,0,0.0,0,0,2,2,1,4
3751,Novak Tomic,1958,5,Defensor,2,2,0,2,0,0.0,0,0,1,1,0,8
6812,Ntumba Kalala,1974,20,Delantero,1,1,0,2,0,0.0,0,0,0,0,1,16
3279,Nuno Gomes,2002,21,Delantero,2,0,0,1,0,0.0,0,0,0,0,2,21
3279,Nuno Gomes,2006,21,Delantero,2,0,0,5,1,0.5,1,0,1,0,1,4
3268,Nuno Mendes,2022,19,Defensor,1,1,0,4,0,0.0,0,0,1,0,0,8
3280,Nuno Valente,2006,14,Defensor,6,6,0,1,0,0.0,2,0,3,1,2,4
4494,Nwankwo Kanu,1998,4,Delantero,3,2,1,1,0,0.0,0,0,1,0,2,12
4494,Nwankwo Kanu,2002,4,Delantero,2,1,0,1,0,0.0,0,0,0,0,2,27
4494,Nwankwo Kanu,2010,4,Mediocampista,1,1,1,2,0,0.0,0,0,0,1,0,27
958,Nyom,2014,22,Defensor,1,1,0,2,0,0.0,0,0,0,0,1,32
4497,Obafemi Martins,2010,9,Delantero,2,0,0,1,0,0.0,0,0,0,1,1,27
6025,Obdulio Varela,1950,-,Mediocampista,4,4,4,0,1,0.25,0,0,3,1,0,1
6025,Obdulio Varela,1954,5,Mediocampista,3,3,3,2,1,0.33,0,0,3,0,0,4
4760,Obeid Al Dosari,1998,8,Delantero,1,0,0,2,0,0.0,0,0,0,0,1,28
4760,Obeid Al Dosari,2002,11,Delantero,1,1,0,2,0,0.0,0,0,0,0,1,32
1185,Obid Annad,1986,17,Defensor,1,1,0,2,0,0.0,0,0,0,0,1,23
1741,Octacilio,1934,-,Defensor,0,0,0,1,0,0.0,0,0,0,0,0,14
7404,Odd Frantzen,1938,-,Delantero,1,1,0,0,0,0.0,0,0,0,0,1,12
7388,Oddmund Andersen,1938,-,Defensor,0,0,0,1,0,0.0,0,0,0,0,0,12
6683,Odilon Polleunis,1970,16,Delantero,2,1,0,1,0,0.0,0,0,1,0,1,10
4487,Odion Ighalo,2018,9,Delantero,3,1,0,0,0,0.0,0,0,1,0,2,21
4524,Ogenyi Onazi,2014,17,Mediocampista,4,4,0,0,0,0.0,0,0,1,1,2,16
4524,Ogenyi Onazi,2018,17,Mediocampista,0,0,0,3,0,0.0,0,0,0,0,0,21
4478,Oghenekaro Etebo,2018,8,Mediocampista,3,3,0,0,0,0.0,0,0,1,0,2,21
3621,Ognjen Koroman,2006,7,Mediocampista,2,1,0,1,0,0.0,2,0,0,0,2,32
3698,Ognjen Petrovic,1974,21,Arquero,0,0,0,6,0,0.0,0,0,0,0,0,7
8031,Ognjen Vranjes,2014,6,Defensor,1,0,0,2,0,0.0,0,0,1,0,0,20
1167,Ognjen Vukojevic,2014,8,Mediocampista,0,0,0,3,0,0.0,0,0,0,0,0,19
2859,Oguchi Onyewu,2006,22,Defensor,3,3,0,0,0,0.0,1,0,0,1,2,25
2859,Oguchi Onyewu,2010,5,Defensor,2,2,0,2,0,0.0,0,0,0,2,0,12
7180,Ohman Chehaibi,1978,16,Delantero,0,0,0,3,0,0.0,0,0,0,0,0,9
7413,Oivind Holmsen,1938,-,Defensor,1,1,0,0,0,0.0,0,0,0,0,1,12
5456,Okan Buruk,2002,7,Mediocampista,1,0,0,6,0,0.0,0,0,1,0,0,3
7433,Ola By Rise,1994,13,Arquero,0,0,0,3,0,0.0,0,0,0,0,0,17
3527,Ola Toivonen,2018,20,Delantero,5,5,0,0,1,0.2,0,0,3,0,2,7
7747,Olaf Heredia,1986,20,Arquero,0,0,0,5,0,0.0,0,0,0,0,0,6
6211,Olaf Marschall,1998,11,Delantero,1,0,0,4,0,0.0,0,0,0,0,1,7
6301,Olaf Thon,1986,16,Mediocampista,0,0,0,7,0,0.0,0,0,0,0,0,2
6301,Olaf Thon,1990,20,Mediocampista,2,1,0,5,0,0.0,0,0,0,2,0,1
6301,Olaf Thon,1998,6,Defensor,3,3,0,2,0,0.0,0,0,2,1,0,7
7146,Ólafur Ingi Skúlason,2018,16,Mediocampista,0,0,0,3,0,0.0,0,0,0,0,0,28
537,Oldrich Nejedly,1934,-,Delantero,4,4,0,0,5,1.25,0,0,3,0,1,2
537,Oldrich Nejedly,1938,-,Delantero,2,2,0,1,2,1.0,0,0,1,1,0,5
566,Oldrich Rulc,1938,-,Delantero,2,2,0,1,0,0.0,0,0,1,0,1,5
7437,Ole Gunnar Solskjaer,1998,20,Delantero,3,1,0,1,0,0.0,0,0,1,1,1,15
4270,Ole Qvist,1986,16,Arquero,0,0,0,4,0,0.0,0,0,0,0,0,9
263,Oleg Blokhin,1982,11,Delantero,5,5,0,0,1,0.2,0,0,2,2,1,7
263,Oleg Blokhin,1986,11,Delantero,2,1,1,2,1,0.5,0,0,1,1,0,10
7104,Oleg Gusev,2006,9,Mediocampista,5,5,0,0,0,0.0,0,0,2,1,2,8
340,Oleg Kuznetsov,1986,10,Defensor,4,4,0,0,0,0.0,0,0,2,1,1,10
340,Oleg Kuznetsov,1990,4,Defensor,3,3,1,0,0,0.0,0,0,1,0,2,17
377,Oleg Protasov,1986,18,Delantero,1,1,0,3,0,0.0,0,0,1,0,0,10
377,Oleg Protasov,1990,10,Delantero,3,3,0,0,1,0.33,1,0,1,0,2,17
382,Oleg Romantsev,1982,20,Defensor,0,0,0,5,0,0.0,0,0,0,0,0,7
385,Oleg Salenko,1994,9,Delantero,3,2,0,0,6,2.0,0,0,1,0,2,18
396,Oleg Shatov,2014,17,Mediocampista,3,3,0,0,0,0.0,1,0,0,2,1,24
7115,Oleg Shelayev,2006,8,Mediocampista,5,4,0,0,0,0.0,1,0,2,1,2,8
7106,Oleksandr Iatsenko,2006,3,Defensor,0,0,0,5,0,0.0,0,0,0,0,0,8
7117,Oleksandr Shovkovskyi,2006,1,Arquero,5,5,0,0,0,0.0,0,0,2,1,2,8
7102,Oleksiy Belik,2006,20,Delantero,1,0,0,4,0,0.0,0,0,0,0,1,8
6669,Oliveira,1986,15,Defensor,3,3,0,0,0,0.0,0,0,1,0,2,17
6058,Oliver Bierhoff,1998,20,Delantero,5,5,0,0,3,0.6,0,0,3,1,1,7
6058,Oliver Bierhoff,2002,20,Delantero,5,0,0,2,1,0.2,0,0,3,1,1,2
7291,Oliver Bozanic,2014,13,Mediocampista,2,1,0,1,0,0.0,0,0,0,0,2,30
4200,Oliver Christensen,2022,16,Arquero,0,0,0,3,0,0.0,0,0,0,0,0,28
8078,Oliver Eggimann,1950,-,Mediocampista,3,3,0,0,0,0.0,0,0,1,1,1,6
8078,Oliver Eggimann,1954,10,Defensor,3,3,0,1,0,0.0,0,0,1,0,2,5
6161,Oliver Kahn,1994,22,Arquero,0,0,0,5,0,0.0,0,0,0,0,0,5
6161,Oliver Kahn,1998,12,Arquero,0,0,0,5,0,0.0,0,0,0,0,0,7
6161,Oliver Kahn,2002,1,Arquero,7,7,7,0,0,0.0,1,0,5,1,1,2
6161,Oliver Kahn,2006,12,Arquero,1,1,1,6,0,0.0,0,0,1,0,0,3
3624,Oliver Kovacevic,2006,12,Arquero,0,0,0,3,0,0.0,0,0,0,0,0,32
6232,Oliver Neuville,2002,7,Delantero,6,4,0,1,1,0.17,1,0,5,0,1,2
6232,Oliver Neuville,2006,10,Delantero,7,0,0,0,1,0.14,0,0,5,1,1,3
1168,Oliver Zelenika,2014,12,Arquero,0,0,0,3,0,0.0,0,0,0,0,0,19
3923,Olivier Giroud,2014,9,Delantero,5,2,0,0,1,0.2,0,0,3,1,1,7
3923,Olivier Giroud,2018,9,Delantero,7,6,0,0,0,0.0,1,0,6,1,0,1
3923,Olivier Giroud,2022,9,Delantero,6,6,0,1,4,0.67,1,0,5,1,0,2
927,Olivier Mbaizo,2022,17,Defensor,0,0,0,3,0,0.0,0,0,0,0,0,19
957,Olivier Ntcham,2022,22,Mediocampista,1,0,0,2,0,0.0,0,0,1,0,0,19
4026,Olivier Rouyer,1978,20,Delantero,2,1,0,1,0,0.0,0,0,1,0,1,12
3331,Olle Ahlund,1950,-,Mediocampista,0,0,0,5,0,0.0,0,0,0,0,0,3
3401,Olle Hakansson,1958,17,Mediocampista,0,0,0,6,0,0.0,0,0,0,0,0,2
3428,Olle Kallgren,1938,-,Defensor,2,2,0,1,0,0.0,0,0,1,0,1,4
3478,Olle Nordin,1978,18,Mediocampista,1,1,0,2,0,0.0,0,0,0,0,1,13
3463,Olof Mellberg,2002,2,Defensor,4,4,0,0,0,0.0,0,0,1,2,1,13
3463,Olof Mellberg,2006,3,Defensor,4,4,4,0,0,0.0,0,0,1,2,1,14
4762,Omar Al Ghamdi,2002,19,Mediocampista,0,0,0,3,0,0.0,0,0,0,0,0,32
4762,Omar Al Ghamdi,2006,6,Mediocampista,2,2,0,1,0,0.0,1,0,0,1,1,28
7666,Omar Bravo,2006,19,Delantero,3,3,0,1,2,0.67,0,0,1,1,1,15
5828,Omar Caetano,1966,6,Mediocampista,4,4,0,0,0,0.0,0,0,1,2,1,7
5828,Omar Caetano,1970,16,Mediocampista,0,0,0,6,0,0.0,0,0,0,0,0,4
1020,Omar Daf,2002,2,Defensor,5,5,0,0,0,0.0,2,0,2,2,1,7
1024,Omar Diallo,2002,16,Arquero,0,0,0,5,0,0.0,0,0,0,0,0,7
2085,Omar Gaber,2018,4,Mediocampista,0,0,0,3,0,0.0,0,0,0,0,0,31
2807,Omar González,2014,3,Defensor,3,2,0,1,0,0.0,1,0,0,1,2,15
4827,Omar Hawsawi,2018,5,Defensor,1,1,0,2,0,0.0,0,0,0,0,1,26
7210,Omar Jebali,1978,20,Defensor,3,3,0,0,0,0.0,0,0,1,1,1,9
5294,Omar Larrosa,1978,12,Mediocampista,2,1,0,5,0,0.0,1,0,2,0,0,1
5926,Omar Mendez,1954,20,Delantero,1,1,0,4,0,0.0,0,0,0,0,1,4
5223,Omar Oreste Corbatta,1958,7,Delantero,3,3,0,0,3,1.0,0,0,1,0,2,13
5767,Omar Sivori,1962,10,Delantero,2,2,0,1,0,0.0,0,0,1,1,0,9
410,Omar Tetradze,1994,12,Defensor,1,1,0,2,0,0.0,0,0,1,0,0,18
5457,Omer Catkic,2002,12,Arquero,1,0,0,6,0,0.0,0,0,1,0,0,3
5774,Omero Tognon,1950,-,Mediocampista,0,0,0,2,0,0.0,0,0,0,0,0,7
5774,Omero Tognon,1954,5,Mediocampista,3,3,0,0,0,0.0,0,0,1,0,2,10
4100,Omid Ebrahimi,2018,9,Mediocampista,3,3,0,0,0,0.0,1,0,1,1,1,18
7273,Onandi Lowe,1998,17,Delantero,2,2,0,1,0,0.0,0,0,1,0,1,22
5477,Onarici Nemci,1954,20,Delantero,1,1,0,2,0,0.0,0,0,0,0,1,11
7825,Orbelín Pineda,2022,17,Delantero,1,1,0,2,0,0.0,0,0,1,0,0,22
1742,Oreco,1958,8,Defensor,0,0,0,6,0,0.0,0,0,0,0,0,1
2595,Orestis Karnezis,2014,1,Arquero,4,4,0,0,0,0.0,0,0,1,2,1,13
7820,Oribe Peralta,2014,19,Delantero,4,4,0,0,1,0.25,0,0,2,1,1,10
7820,Oribe Peralta,2018,19,Delantero,1,0,0,3,0,0.0,0,0,0,0,1,12
3492,Orjan Persson,1970,11,Mediocampista,2,2,0,1,0,0.0,1,0,1,1,0,9
3492,Orjan Persson,1974,21,Mediocampista,2,1,0,4,0,0.0,1,0,1,1,0,5
1743,Orlando,1958,15,Defensor,6,6,0,0,0,0.0,0,0,5,1,0,1
1743,Orlando,1966,7,Defensor,1,1,1,2,0,0.0,0,0,0,0,1,11
2150,Orlando De La Torre,1970,3,Defensor,3,3,0,1,0,0.0,0,0,2,0,1,7
738,Orlando Ramirez,1966,16,Delantero,0,0,0,3,0,0.0,0,0,0,0,0,13
3359,Orvar Bergmark,1958,2,Defensor,6,6,0,0,0,0.0,0,0,4,1,1,2
4828,Osama Hawsawi,2018,3,Defensor,3,3,3,0,0,0.0,0,0,1,0,2,26
2106,Osama Oraby,1990,18,Mediocampista,1,1,0,2,0,0.0,0,0,0,1,0,20
1744,Oscar,1978,3,Defensor,7,7,0,0,0,0.0,1,0,4,3,0,3
1744,Oscar,1982,3,Defensor,5,5,0,0,1,0.2,0,0,4,0,1,5
1744,Oscar,1986,3,Defensor,0,0,0,5,0,0.0,0,0,0,0,0,5
1744,Oscar,2014,11,Mediocampista,7,7,0,0,2,0.29,1,0,3,2,2,4
5802,Oscar Aguilera,1958,10,Delantero,0,0,0,3,0,0.0,0,0,0,0,0,12
2131,Oscar Arizaga,1982,13,Defensor,0,0,0,3,0,0.0,0,0,0,0,0,20
11,Óscar Bagüí,2014,18,Defensor,0,0,0,3,0,0.0,0,0,0,0,0,17
7661,Oscar Bonfiglio,1930,-,Arquero,2,2,0,1,0,0.0,0,0,0,0,2,13
7728,Oscar Boniek Garcia,2010,14,Defensor,0,0,0,3,0,0.0,0,0,0,0,0,30
7728,Oscar Boniek Garcia,2014,14,Mediocampista,3,2,0,0,0,0.0,1,0,0,0,3,31
5204,Oscar Calics,1966,6,Defensor,1,1,0,3,0,0.0,0,0,1,0,0,5
4343,Oscar Cardozo,2010,7,Delantero,5,2,0,0,0,0.0,0,0,1,3,1,8
2655,Oscar Cordoba,1994,1,Arquero,3,3,0,0,0,0.0,0,0,1,0,2,19
2655,Oscar Cordoba,1998,1,Arquero,0,0,0,3,0,0.0,0,0,0,0,0,21
7695,Oscar Cortes,1994,18,Defensor,0,0,0,3,0,0.0,0,0,0,0,0,19
1993,Óscar Duarte,2014,6,Defensor,4,4,0,1,1,0.25,0,1,2,2,0,8
1993,Óscar Duarte,2018,6,Defensor,2,2,0,1,0,0.0,0,0,0,0,2,29
1993,Óscar Duarte,2022,6,Defensor,3,3,0,0,0,0.0,1,0,1,0,2,27
5254,Oscar Ferreiro,1966,8,Defensor,4,4,0,0,0,0.0,0,0,2,1,1,5
5267,Oscar Garre,1986,13,Defensor,4,4,0,3,0,0.0,2,0,3,1,0,1
3936,Oscar Heisserer,1938,-,Mediocampista,2,2,0,0,1,0.5,0,0,1,0,1,8
3409,Oscar Hiljemark,2018,15,Mediocampista,2,0,0,3,0,0.0,0,0,2,0,0,7
2686,Oscar Lopez,1962,11,Defensor,3,3,0,0,0,0.0,0,0,0,1,2,14
5313,Oscar Mas,1966,21,Delantero,4,4,0,0,0,0.0,0,0,2,1,1,5
5927,Oscar Miguez,1950,-,Delantero,4,4,0,0,5,1.25,0,0,3,1,0,1
5927,Oscar Miguez,1954,9,Delantero,3,3,0,2,3,1.0,0,0,3,0,0,4
2696,Óscar Murillo,2018,3,Defensor,1,1,0,3,0,0.0,0,0,0,0,1,9
5338,Oscar Ortiz,1978,16,Delantero,6,4,0,1,0,0.0,0,0,4,1,1,1
7823,Oscar Perez,1998,22,Arquero,0,0,0,4,0,0.0,0,0,0,0,0,13
7823,Oscar Perez,2002,1,Arquero,4,4,0,0,0,0.0,1,0,2,1,1,11
7823,Oscar Perez,2010,1,Arquero,4,4,0,0,0,0.0,0,0,1,1,2,14
2039,Oscar Ramirez,1990,10,Mediocampista,4,4,0,0,0,0.0,0,0,2,0,2,13
752,Oscar Rojas,1982,17,Defensor,0,0,0,3,0,0.0,0,0,0,0,0,22
5388,Oscar Rossi,1962,13,Mediocampista,1,1,0,2,0,0.0,0,0,1,0,0,10
5390,Oscar Ruggeri,1986,19,Defensor,7,7,0,0,1,0.14,0,0,6,1,0,1
5390,Oscar Ruggeri,1990,19,Defensor,5,5,0,2,0,0.0,1,0,1,2,2,2
5390,Oscar Ruggeri,1994,6,Defensor,4,4,2,0,0,0.0,2,0,2,0,2,10
5428,Oscar Ustari,2006,23,Arquero,0,0,0,5,0,0.0,0,0,0,0,0,6
790,Oscar Wirth,1982,1,Arquero,0,0,0,3,0,0.0,0,0,0,0,0,22
6034,Oscar Zubia,1970,19,Delantero,2,1,0,4,0,0.0,0,0,0,1,1,4
1745,Oscarino,1930,-,Mediocampista,0,0,0,2,0,0.0,0,0,0,0,0,6
8173,Oskar Rauch,1938,-,Mediocampista,0,0,0,3,0,0.0,0,0,0,0,0,6
1468,Osman Bukari,2022,11,Mediocampista,2,0,0,1,1,0.5,0,0,0,0,2,24
200,Osman Chavez,2010,2,Defensor,3,3,0,0,0,0.0,1,0,0,1,2,30
200,Osman Chavez,2014,2,Defensor,1,0,0,2,0,0.0,0,0,0,0,1,31
5163,Osvaldo Ardiles,1978,2,Mediocampista,6,6,0,1,0,0.0,1,0,4,1,1,1
5163,Osvaldo Ardiles,1982,1,Mediocampista,5,5,0,0,1,0.2,1,0,2,0,3,11
647,Osvaldo Castro,1974,20,Delantero,0,0,0,3,0,0.0,0,0,0,0,0,11
5227,Osvaldo Cruz,1958,22,Delantero,2,2,0,1,0,0.0,0,0,0,0,2,13
5624,Osvaldo Fattori,1950,-,Mediocampista,1,1,0,1,0,0.0,0,0,1,0,0,7
2200,Osvaldo Ramirez,1970,22,Delantero,2,0,0,2,0,0.0,0,0,1,0,1,7
755,Osvaldo Saez,1950,-,Mediocampista,0,0,0,3,0,0.0,0,0,0,0,0,9
49,Oswaldo Minda,2014,14,Mediocampista,2,2,0,1,0,0.0,0,0,1,1,0,17
7867,Oswaldo Sanchez,2002,12,Arquero,0,0,0,4,0,0.0,0,0,0,0,0,11
7867,Oswaldo Sanchez,2006,1,Arquero,4,4,0,0,0,0.0,0,0,1,1,2,15
7611,Oszkar Szigeti,1958,13,Defensor,0,0,0,4,0,0.0,0,0,0,0,0,10
541,Otakar Nozir,1938,-,Mediocampista,0,0,0,3,0,0.0,0,0,0,0,0,5
3270,Otávio Monteiro,2022,25,Mediocampista,3,3,0,2,0,0.0,0,0,2,0,1,8
1444,Otto Addo,2006,20,Mediocampista,2,1,0,2,0,0.0,1,0,2,0,0,13
3345,Otto Andersson,1934,-,Defensor,0,0,0,2,0,0.0,0,0,0,0,0,8
8061,Otto Buehler,1934,-,Delantero,0,0,0,2,0,0.0,0,0,0,0,0,7
472,Otto Hemele,1954,8,Delantero,2,2,0,0,0,0.0,0,0,0,0,2,14
4599,Otto Konrad,1990,22,Arquero,0,0,0,3,0,0.0,0,0,0,0,0,18
6283,Otto Siffling,1934,-,Delantero,4,4,0,0,1,0.25,0,0,3,0,1,3
6283,Otto Siffling,1938,-,Delantero,0,0,0,2,0,0.0,0,0,0,0,0,10
2213,Ottorino Sartor,1978,1,Arquero,0,0,0,6,0,0.0,0,0,0,0,0,8
6922,Ouro-Nimini Tchagnirou,2006,1,Arquero,0,0,0,3,0,0.0,0,0,0,0,0,30
6604,Ousmane Dembélé,2022,11,Delantero,7,6,0,0,0,0.0,1,0,5,1,1,2
6800,Ousmane Viera,2014,2,Defensor,0,0,0,3,0,0.0,0,0,0,0,0,21
7199,Oussama Haddadi,2018,5,Defensor,1,1,0,2,0,0.0,0,0,1,0,0,24
3391,Ove Grahn,1970,10,Delantero,2,1,0,1,1,0.5,0,0,1,0,1,9
3391,Ove Grahn,1974,6,Mediocampista,6,6,0,0,0,0.0,2,0,2,2,2,5
3435,Ove Kindvall,1970,9,Delantero,3,3,0,0,0,0.0,0,0,1,1,1,9
3435,Ove Kindvall,1974,9,Mediocampista,2,2,0,4,0,0.0,0,0,1,1,0,5
3483,Ove Ohlsson,1958,22,Delantero,0,0,0,6,0,0.0,0,0,0,0,0,2
1947,Ovidiu Stanga,1994,20,Mediocampista,0,0,0,5,0,0.0,0,0,0,0,0,6
1947,Ovidiu Stanga,1998,19,Mediocampista,2,0,0,2,0,0.0,0,0,2,0,0,11
1287,Owen Hargreaves,2002,18,Mediocampista,2,2,0,3,0,0.0,0,0,1,1,0,6
1287,Owen Hargreaves,2006,16,Mediocampista,4,3,0,1,0,0.0,2,0,2,2,0,7
7424,Oyvind Leonhardsen,1994,8,Mediocampista,3,3,0,0,0,0.0,1,0,1,1,1,17
7424,Oyvind Leonhardsen,1998,8,Mediocampista,3,3,0,1,0,0.0,1,0,1,1,1,15
5012,Pablo,2006,22,Defensor,3,3,0,1,0,0.0,0,0,2,0,1,9
5152,Pablo Aimar,2002,16,Mediocampista,3,1,0,0,0,0.0,0,0,1,1,1,18
5152,Pablo Aimar,2006,16,Mediocampista,3,0,0,2,0,0.0,0,0,2,1,0,6
2641,Pablo Armero,2014,7,Defensor,5,5,0,0,1,0.2,1,0,4,0,1,5
7654,Pablo Barrera,2010,7,Delantero,3,0,0,1,0,0.0,0,0,1,0,2,14
5817,Pablo Bengoechea,1990,16,Mediocampista,1,0,0,3,1,1.0,0,0,0,0,1,16
5213,Pablo Cavallero,1998,17,Arquero,0,0,0,5,0,0.0,0,0,0,0,0,6
5213,Pablo Cavallero,2002,12,Arquero,3,3,0,0,0,0.0,0,0,1,1,1,18
4345,Pablo Centurion,1950,-,Arquero,0,0,0,2,0,0.0,0,0,0,0,0,11
1984,Pablo Chinchilla,2002,21,Defensor,0,0,0,3,0,0.0,0,0,0,0,0,19
652,Pablo Contreras,2010,5,Defensor,2,1,0,2,0,0.0,0,0,1,0,1,10
5861,Pablo Dorado,1930,-,Delantero,3,3,0,1,2,0.67,0,0,3,0,0,1
5873,Pablo Forlan,1966,4,Defensor,0,0,0,4,0,0.0,0,0,0,0,0,7
5873,Pablo Forlan,1974,4,Defensor,3,3,0,0,0,0.0,1,0,0,1,2,13
7728,Pablo Garcia,2002,5,Mediocampista,3,3,0,0,0,0.0,2,0,0,2,1,26
7765,Pablo Larios,1986,1,Arquero,5,5,0,0,0,0.0,0,0,3,2,0,6
2841,Pablo Mastroeni,2002,4,Defensor,3,3,0,2,0,0.0,2,0,2,0,1,8
2841,Pablo Mastroeni,2006,4,Defensor,2,2,0,1,0,0.0,0,1,0,1,1,25
2194,Pablo Pacheco,1930,-,Delantero,0,0,0,2,0,0.0,0,0,0,0,0,10
5355,Pablo Paz,1998,13,Defensor,1,1,0,4,0,0.0,0,0,1,0,0,6
5060,Pablo Sarabia,2022,22,Delantero,1,0,0,3,0,0.0,0,0,0,1,0,13
5442,Pablo Zabaleta,2014,4,Defensor,7,7,0,0,0,0.0,0,0,5,1,1,2
3282,Pacheco,1986,7,Mediocampista,3,3,0,0,0,0.0,1,0,1,0,2,17
5013,Pachin,1962,13,Defensor,2,2,0,1,0,0.0,0,0,1,0,1,12
7497,Pal Berendy,1958,6,Mediocampista,2,2,0,2,0,0.0,0,0,0,1,1,10
7615,Pal Teleki,1934,-,Delantero,1,1,0,1,1,1.0,0,0,1,0,0,6
7617,Pal Titkos,1938,-,Delantero,2,2,0,2,1,0.5,0,0,1,0,1,2
7629,Pal Varhidi,1954,13,Defensor,0,0,0,5,0,0.0,0,0,0,0,0,2
1746,Pamplona,1930,-,Mediocampista,0,0,0,2,0,0.0,0,0,0,0,0,6
7015,Pan Keun Kim,1994,4,Defensor,3,3,0,0,0,0.0,0,0,0,2,1,20
2585,Panagiotis Glykos,2014,12,Arquero,1,0,0,3,0,0.0,0,0,1,0,0,13
6789,Panagiotis Kone,2014,8,Mediocampista,3,3,0,1,0,0.0,0,0,1,1,1,13
2624,Panagiotis Tachtsidis,2014,23,Mediocampista,0,0,0,4,0,0.0,0,0,0,0,0,13
2984,Panayot Panayotov,1962,21,Delantero,0,0,0,3,0,0.0,0,0,0,0,0,15
2928,Pantelei Dimitrov,1962,17,Mediocampista,0,0,0,3,0,0.0,0,0,0,0,0,15
2589,Pantelis Kapetanos,2010,20,Delantero,1,0,0,2,0,0.0,0,0,0,0,1,25
5538,Paolo Barison,1966,3,Delantero,2,2,0,1,1,0.5,0,0,1,0,1,9
5596,Paolo Conti,1978,12,Arquero,0,0,0,7,0,0.0,0,0,0,0,0,4
2172,Paolo Guerrero,2018,9,Delantero,3,2,2,0,1,0.33,1,0,1,0,2,20
2174,Paolo Hurtado,2018,7,Mediocampista,1,0,0,2,0,0.0,1,0,1,0,0,20
5674,Paolo Maldini,1990,7,Defensor,7,7,0,0,0,0.0,0,0,6,1,0,3
5674,Paolo Maldini,1994,5,Defensor,7,7,4,0,0,0.0,1,0,4,2,1,2
5674,Paolo Maldini,1998,3,Defensor,5,5,5,0,0,0.0,2,0,3,2,0,5
5674,Paolo Maldini,2002,3,Defensor,4,4,4,0,0,0.0,0,0,1,1,2,15
5929,Paolo Montero,2002,4,Defensor,3,3,3,0,0,0.0,1,0,0,2,1,26
5740,Paolo Pulici,1974,21,Delantero,0,0,0,3,0,0.0,0,0,0,0,0,10
5740,Paolo Pulici,1978,20,Delantero,0,0,0,7,0,0.0,0,0,0,0,0,4
5752,Paolo Rossi,1978,21,Delantero,7,7,0,0,3,0.43,0,0,4,1,2,4
5752,Paolo Rossi,1982,20,Delantero,7,7,0,0,6,0.86,1,0,4,3,0,1
5752,Paolo Rossi,1986,20,Delantero,0,0,0,4,0,0.0,0,0,0,0,0,12
1032,Papa Malick Diop,2002,4,Defensor,5,5,1,0,0,0.0,0,0,2,2,1,7
1017,Pape Abdou Cissé,2022,4,Defensor,3,1,0,1,0,0.0,0,0,2,0,1,10
1040,Pape Gueye,2022,26,Mediocampista,3,1,0,1,0,0.0,0,0,1,0,2,10
1069,Pape Sarr,2002,3,Mediocampista,1,1,0,4,0,0.0,0,0,0,1,0,7
1073,Pape Thiaw,2002,18,Delantero,1,1,0,4,0,0.0,1,0,1,0,0,7
1748,Parana,1966,21,Delantero,1,1,0,2,0,0.0,0,0,0,0,1,11
5782,Paride Tumburus,1962,20,Mediocampista,1,1,0,2,0,0.0,0,0,0,0,1,9
4093,Parviz Boromand,1998,22,Arquero,0,0,0,3,0,0.0,0,0,0,0,0,20
3871,Pascal Chimbonda,2006,21,Defensor,0,0,0,7,0,0.0,0,0,0,0,0,2
6682,Pascal Plovie,1990,17,Defensor,1,0,0,3,0,0.0,0,0,0,0,1,11
6687,Pascal Renier,1994,22,Defensor,0,0,0,4,0,0.0,0,0,0,0,0,11
8233,Pascal Zuberbuehler,2006,1,Arquero,4,4,0,0,0,0.0,0,0,2,2,0,10
2464,Pasquale De Luca,1986,19,Mediocampista,0,0,0,3,0,0.0,0,0,0,0,0,24
7443,Pat Bonner,1990,1,Arquero,5,5,0,0,0,0.0,0,0,0,4,1,8
7443,Pat Bonner,1994,1,Arquero,4,4,0,0,0,0.0,0,0,1,1,2,16
2251,Pat Jennings,1982,1,Arquero,4,4,0,1,0,0.0,0,0,1,2,1,9
2251,Pat Jennings,1986,1,Arquero,3,3,0,0,0,0.0,0,0,0,1,2,21
1749,Patesko,1934,-,Delantero,1,1,0,0,0,0.0,0,0,0,0,1,14
1749,Patesko,1938,-,Delantero,3,3,0,2,0,0.0,0,0,2,0,1,3
1015,Pathé Ciss,2022,11,Mediocampista,3,2,0,1,0,0.0,1,0,2,0,1,10
859,Patrice Abanda,1998,13,Defensor,0,0,0,3,0,0.0,0,0,0,0,0,25
3910,Patrice Evra,2010,13,Defensor,2,2,2,1,0,0.0,1,0,0,1,1,29
3910,Patrice Evra,2014,3,Defensor,4,4,0,1,0,0.0,1,0,3,0,1,7
4023,Patrice Rio,1978,7,Defensor,1,1,0,2,0,0.0,0,0,0,0,1,12
5281,Patricio Hernandez,1982,12,Mediocampista,0,0,0,5,0,0.0,0,0,0,0,0,11
74,Patricio Urrutia,2006,6,Mediocampista,3,0,0,1,0,0.0,0,0,2,0,1,12
791,Patricio Yanez,1982,15,Delantero,3,3,0,0,0,0.0,0,0,0,0,3,22
3836,Patrick Battiston,1978,2,Defensor,1,1,0,2,0,0.0,0,0,0,0,1,12
3836,Patrick Battiston,1982,3,Defensor,3,2,0,4,0,0.0,0,0,1,1,1,4
3836,Patrick Battiston,1986,4,Defensor,7,7,1,0,0,0.0,0,0,4,2,1,3
6429,Patrick Kluivert,1998,9,Delantero,4,4,0,3,2,0.5,0,1,1,2,1,4
932,Patrick Mboma,1998,10,Delantero,3,3,0,0,1,0.33,0,0,0,2,1,25
932,Patrick Mboma,2002,10,Delantero,3,3,0,0,1,0.33,0,0,1,1,1,20
4258,Patrick Mtiliga,2010,23,Defensor,0,0,0,3,0,0.0,0,0,0,0,0,24
8154,Patrick Mueller,2006,20,Defensor,4,4,0,0,0,0.0,0,0,2,2,0,10
2036,Patrick Pemberton,2014,18,Arquero,0,0,0,5,0,0.0,0,0,0,0,0,8
2036,Patrick Pemberton,2018,18,Arquero,0,0,0,3,0,0.0,0,0,0,0,0,29
2047,Patrick Sequeira,2022,23,Arquero,0,0,0,3,0,0.0,0,0,0,0,0,27
974,Patrick Suffo,2002,18,Delantero,2,0,0,1,0,0.0,0,1,0,1,1,20
8207,Patrick Sylvestre,1994,20,Mediocampista,1,0,0,3,0,0.0,0,0,1,0,0,15
6749,Patrick Vervoort,1986,22,Defensor,5,5,0,2,0,0.0,0,0,1,2,2,4
6749,Patrick Vervoort,1990,22,Defensor,3,1,0,1,1,0.33,0,0,1,0,2,11
4068,Patrick Vieira,1998,4,Mediocampista,2,1,0,5,0,0.0,1,0,2,0,0,1
4068,Patrick Vieira,2002,4,Mediocampista,3,3,0,0,0,0.0,0,0,0,1,2,28
4068,Patrick Vieira,2006,4,Mediocampista,7,7,1,0,2,0.29,1,0,4,3,0,2
3350,Patrik Andersson,1994,3,Defensor,7,7,0,0,0,0.0,0,0,3,3,1,3
3350,Patrik Andersson,2002,3,Defensor,0,0,0,4,0,0.0,0,0,0,0,0,13
5078,Pau Torres,2022,4,Defensor,1,1,0,3,0,0.0,0,0,0,0,1,13
8034,Paul Aebi,1938,-,Delantero,0,0,0,3,0,0.0,0,0,0,0,0,6
7635,Paul Aguilar,2010,12,Defensor,1,1,0,3,0,0.0,0,0,0,1,0,14
7635,Paul Aguilar,2014,22,Defensor,4,4,0,0,0,0.0,2,0,2,1,1,10
3,Paul Ambrosi,2006,13,Defensor,1,1,0,3,0,0.0,0,0,0,0,1,12
868,Paul Bahoken,1982,13,Delantero,1,0,0,2,0,0.0,0,0,0,1,0,17
6067,Paul Breitner,1974,3,Defensor,7,7,0,0,3,0.43,0,0,6,0,1,1
6067,Paul Breitner,1982,3,Mediocampista,7,7,0,0,1,0.14,0,0,3,2,2,2
2764,Paul Caligiuri,1990,20,Defensor,3,3,0,0,1,0.33,1,0,0,0,3,23
2764,Paul Caligiuri,1994,20,Defensor,4,4,0,0,0,0.0,1,0,1,1,2,14
2465,Paul Dolan,1986,22,Arquero,1,1,0,2,0,0.0,0,0,0,0,1,24
8243,Paul Evans,1998,22,Arquero,0,0,0,3,0,0.0,0,0,0,0,0,24
1281,Paul Gascoigne,1990,19,Mediocampista,6,6,0,1,0,0.0,2,0,3,3,0,4
7271,Paul Hall,1998,22,Delantero,3,3,0,0,0,0.0,0,0,1,0,2,22
4570,Paul Halla,1954,20,Defensor,0,0,0,5,0,0.0,0,0,0,0,0,3
4570,Paul Halla,1958,2,Defensor,1,1,0,2,0,0.0,0,0,0,0,1,15
6631,Paul Henry,1938,-,Mediocampista,0,0,0,1,0,0.0,0,0,0,0,0,13
1305,Paul Ince,1998,4,Mediocampista,4,4,0,0,0,0.0,1,0,2,1,1,9
2473,Paul James,1986,15,Mediocampista,3,3,0,0,0,0.0,0,0,0,0,3,24
6157,Paul Janes,1934,-,Defensor,2,2,0,2,0,0.0,0,0,2,0,0,3
6157,Paul Janes,1938,-,Defensor,2,2,0,0,0,0.0,0,0,0,1,1,10
4602,Paul Kozlicek,1958,8,Delantero,2,2,0,1,0,0.0,0,0,0,1,1,15
2830,Paul Krumpe,1990,12,Defensor,0,0,0,3,0,0.0,0,0,0,0,0,23
2358,Paul Lambert,1998,14,Mediocampista,3,3,0,0,0,0.0,0,0,0,1,2,27
918,Paul Loga,1994,12,Mediocampista,0,0,0,3,0,0.0,0,0,0,0,0,22
1332,Paul Mariner,1982,11,Delantero,5,5,0,0,1,0.2,1,0,3,2,0,6
7472,Paul Mcgrath,1990,7,Defensor,5,5,3,0,0,0.0,1,0,0,4,1,8
7472,Paul Mcgrath,1994,5,Defensor,4,4,0,0,0,0.0,0,0,1,1,2,16
2387,Paul Mcstay,1986,11,Mediocampista,1,1,0,2,0,0.0,0,0,0,1,0,19
2387,Paul Mcstay,1990,5,Mediocampista,3,2,0,0,0,0.0,0,0,1,0,2,18
6213,Paul Mebus,1954,9,Mediocampista,1,1,0,5,0,0.0,0,0,0,0,1,1
1342,Paul Merson,1998,15,Mediocampista,1,0,0,3,0,0.0,0,0,0,1,0,9
1362,Paul Parker,1990,12,Defensor,6,6,0,1,0,0.0,1,0,3,2,1,4
4013,Paul Pogba,2014,19,Mediocampista,5,4,0,0,1,0.2,1,0,3,1,1,7
4013,Paul Pogba,2018,6,Mediocampista,6,6,0,1,1,0.17,1,0,6,0,0,1
2560,Paul Ramsey,1986,16,Mediocampista,0,0,0,3,0,0.0,0,0,0,0,0,21
2874,Paul Robinson,2006,1,Arquero,5,5,0,0,0,0.0,1,0,3,2,0,7
1384,Paul Scholes,1998,16,Mediocampista,4,4,0,0,1,0.25,1,0,2,1,1,9
1384,Paul Scholes,2002,8,Mediocampista,5,5,0,0,0,0.0,1,0,2,2,1,6
6286,Paul Steiner,1990,16,Defensor,0,0,0,7,0,0.0,0,0,0,0,0,1
2409,Paul Sturrock,1982,19,Delantero,0,0,0,3,0,0.0,0,0,0,0,0,15
2409,Paul Sturrock,1986,20,Delantero,2,2,0,1,0,0.0,0,0,0,1,1,19
6720,Paul Van Himst,1970,10,Delantero,3,3,3,0,0,0.0,1,0,1,0,2,10
6527,Paul Verhaegh,2014,12,Defensor,1,1,0,6,0,0.0,0,0,1,0,0,3
6327,Paul Zielinski,1934,-,Mediocampista,4,4,0,0,0,0.0,0,0,3,0,1,3
3285,Pauleta,2002,9,Delantero,3,3,0,0,3,1.0,0,0,1,0,2,21
3285,Pauleta,2006,9,Delantero,6,6,1,1,1,0.17,1,0,3,1,2,4
1750,Paulinho,1954,12,Defensor,0,0,0,3,0,0.0,0,0,0,0,0,6
1750,Paulinho,2014,8,Mediocampista,6,5,0,1,0,0.0,0,0,3,1,2,4
1750,Paulinho,2018,15,Mediocampista,5,5,0,0,1,0.2,0,0,3,1,1,6
3286,Paulo Bento,2002,17,Mediocampista,3,2,0,0,0,0.0,0,0,1,0,2,21
1751,Paulo Cesar,1970,18,Mediocampista,4,2,0,2,0,0.0,0,0,4,0,0,1
1751,Paulo Cesar,1974,11,Mediocampista,5,5,0,2,0,0.0,0,0,2,2,1,4
4352,Paulo Da Silva,2006,14,Defensor,1,0,0,2,0,0.0,0,0,1,0,0,18
4352,Paulo Da Silva,2010,14,Defensor,5,5,0,0,0,0.0,0,0,1,3,1,8
5242,Paulo Dybala,2018,21,Delantero,1,0,0,3,0,0.0,0,0,0,0,1,16
5242,Paulo Dybala,2022,21,Delantero,2,0,0,5,0,0.0,0,0,1,1,0,1
3287,Paulo Ferreira,2006,2,Defensor,3,1,0,4,0,0.0,1,0,1,0,2,4
3287,Paulo Ferreira,2010,3,Defensor,1,1,0,3,0,0.0,0,0,0,1,0,11
1752,Paulo Henrique,1966,8,Defensor,2,2,0,1,0,0.0,0,0,1,0,1,11
1753,Paulo Isidoro,1982,7,Mediocampista,4,0,0,1,0,0.0,0,0,3,0,1,5
1754,Paulo Sergio,1994,18,Delantero,2,0,0,5,0,0.0,0,0,1,1,0,1
1754,Paulo Sergio,1982,12,Arquero,0,0,0,5,0,0.0,0,0,0,0,0,5
3289,Paulo Sousa,2002,6,Mediocampista,0,0,0,3,0,0.0,0,0,0,0,0,21
1755,Paulo Vitor,1986,12,Arquero,0,0,0,5,0,0.0,0,0,0,0,0,5
2060,Paulo Wanchope,2002,9,Delantero,3,3,0,0,1,0.33,0,0,1,1,1,19
2060,Paulo Wanchope,2006,9,Delantero,3,3,0,0,2,0.67,0,0,0,0,3,31
453,Pavel Cerny,1938,-,Mediocampista,0,0,0,3,0,0.0,0,0,0,0,0,5
454,Pavel Chaloupka,1982,16,Mediocampista,1,1,0,2,0,0.0,1,0,0,0,1,19
507,Pavel Kouba,1962,22,Arquero,0,0,0,6,0,0.0,0,0,0,0,0,2
525,Pavel Mares,2006,3,Defensor,0,0,0,3,0,0.0,0,0,0,0,0,20
360,Pavel Mogilevets,2014,15,Mediocampista,0,0,0,3,0,0.0,0,0,0,0,0,24
535,Pavel Nedved,2006,11,Mediocampista,3,3,1,0,0,0.0,0,0,1,0,2,20
2985,Pavel Panov,1974,15,Delantero,3,3,0,0,0,0.0,0,0,0,2,1,12
7816,Pavel Pardo,1998,13,Defensor,3,3,0,1,0,0.0,0,1,1,1,1,13
7816,Pavel Pardo,2006,8,Mediocampista,4,4,0,0,0,0.0,0,0,1,1,2,15
418,Pavel Yakovenko,1986,8,Mediocampista,3,3,0,1,1,0.33,0,0,1,1,1,10
7572,Pavol Molnar,1958,9,Delantero,3,3,0,1,0,0.0,0,0,1,1,1,9
7572,Pavol Molnar,1962,9,Delantero,0,0,0,6,0,0.0,0,0,0,0,0,2
3039,Pawel Brozek,2006,23,Delantero,3,0,0,0,0,0.0,0,0,1,0,2,21
3079,Pawel Janas,1982,5,Defensor,7,7,0,0,0,0.0,0,0,3,3,1,3
3101,Pawel Kryszalowicz,2002,9,Delantero,3,2,0,0,1,0.33,0,0,1,0,2,25
3151,Pawel Sibik,2002,23,Mediocampista,1,0,0,2,0,0.0,0,0,1,0,0,25
4155,Payam Niazmand,2022,12,Arquero,0,0,0,3,0,0.0,0,0,0,0,0,26
5017,Pedri,2022,26,Mediocampista,4,4,0,0,0,0.0,0,0,1,2,1,13
1756,Pedrinho,1982,17,Defensor,0,0,0,5,0,0.0,0,0,0,0,0,5
5018,Pedro,2010,18,Delantero,5,2,0,2,0,0.0,0,0,4,0,1,1
5018,Pedro,2014,11,Delantero,2,1,0,1,0,0.0,0,0,0,0,2,23
2129,Pedro Aquino,2018,23,Mediocampista,3,1,0,0,0,0.0,1,0,1,0,2,20
630,Pedro Araya,1966,1,Delantero,3,3,0,0,0,0.0,0,0,0,1,2,13
3290,Pedro Barbosa,2002,14,Mediocampista,0,0,0,3,0,0.0,0,0,0,0,0,21
4321,Pedro Benitez,1930,-,Arquero,1,1,0,1,0,0.0,0,0,1,0,0,9
2423,Pedro Berges,1938,-,Mediocampista,3,3,0,0,0,0.0,0,0,1,1,1,7
5842,Pedro Cea,1930,-,Delantero,4,4,0,0,5,1.25,0,0,4,0,0,1
4901,Pedro Contreras,2002,23,Arquero,0,0,0,5,0,0.0,0,0,0,0,0,5
5850,Pedro Cubilla,1962,6,Mediocampista,0,0,0,3,0,0.0,0,0,0,0,0,13
5234,Pedro Dellacha,1958,2,Mediocampista,3,3,3,0,0,0.0,0,0,1,0,2,13
2427,Pedro Ferrer,1938,-,Delantero,1,1,0,2,0,0.0,0,0,0,0,1,7
2163,Pedro Gallese,2018,1,Arquero,3,3,0,0,0,0.0,0,0,1,0,2,20
1639,Pedro Geromel,2018,4,Defensor,0,0,0,5,0,0.0,0,0,0,0,0,6
2168,Pedro Gonzales,1970,13,Defensor,2,2,0,2,0,0.0,0,0,1,0,1,7
5018,Pedro,2022,25,Delantero,2,0,0,3,0,0.0,0,0,0,1,1,7
2179,Pedro Leon,1970,9,Delantero,4,4,0,0,0,0.0,0,0,2,0,2,7
3291,Pedro Mendes,2010,8,Mediocampista,4,2,0,0,0,0.0,1,0,1,2,1,11
6348,Pedro Miguel,2022,2,Defensor,3,3,0,0,0,0.0,0,0,0,0,3,32
5325,Pedro Monzon,1990,15,Defensor,4,3,0,3,1,0.25,2,1,2,1,1,2
7800,Pedro Najera,1954,16,Mediocampista,0,0,0,2,0,0.0,0,0,0,0,0,13
7800,Pedro Najera,1962,6,Mediocampista,3,3,0,0,0,0.0,0,0,1,0,2,11
5349,Pedro Pasculli,1986,17,Delantero,2,2,0,5,1,0.5,0,0,2,0,0,1
5961,Pedro Petrone,1930,-,Delantero,1,1,0,3,0,0.0,0,0,1,0,0,1
7839,Pedro Reyes,1998,6,Defensor,4,4,0,0,0,0.0,0,0,0,3,1,16
5976,Pedro Rocha,1962,10,Mediocampista,2,2,0,1,0,0.0,0,0,1,0,1,13
5976,Pedro Rocha,1966,10,Delantero,4,4,0,0,1,0.25,0,0,1,2,1,7
5976,Pedro Rocha,1970,8,Mediocampista,1,1,1,5,0,0.0,0,0,1,0,0,4
5976,Pedro Rocha,1974,10,Mediocampista,3,3,0,0,0,0.0,0,0,0,1,2,13
7850,Pedro Romero,1962,14,Defensor,0,0,0,3,0,0.0,0,0,0,0,0,11
5060,Pedro Sarabia,1998,11,Defensor,4,4,0,0,0,0.0,0,0,1,2,1,14
5060,Pedro Sarabia,2002,3,Defensor,0,0,0,4,0,0.0,0,0,0,0,0,16
7873,Pedro Soto,1978,22,Arquero,2,1,0,1,0,0.0,0,0,0,0,2,16
5416,Pedro Suarez,1930,-,Mediocampista,2,2,0,3,0,0.0,0,0,1,0,1,2
5425,Pedro Troglio,1990,21,Mediocampista,6,4,0,1,1,0.17,2,0,2,3,1,2
5081,Pedro Uralde,1982,18,Delantero,1,0,0,4,0,0.0,0,0,0,1,0,12
1758,Pedrosa,1934,-,Arquero,1,1,0,0,0,0.0,0,0,0,0,1,14
4148,Pejman Montazeri,2014,15,Defensor,3,3,0,0,0,0.0,0,0,0,1,2,28
4148,Pejman Montazeri,2018,15,Defensor,0,0,0,3,0,0.0,0,0,0,0,0,18
1759,Pelé,1958,10,Delantero,4,4,0,2,6,1.5,0,0,4,0,0,1
1759,Pelé,1962,10,Delantero,2,2,0,4,1,0.5,0,0,1,1,0,1
1759,Pelé,1966,10,Delantero,2,2,0,1,1,0.5,0,0,1,0,1,11
1759,Pelé,1970,10,Delantero,6,6,0,0,4,0.67,0,0,6,0,0,1
4940,Pep Guardiola,1994,9,Mediocampista,2,2,0,3,1,0.5,0,0,1,1,0,8
5725,Pepe,2010,15,Mediocampista,2,2,0,2,0,0.0,1,0,0,1,1,11
5725,Pepe,2014,3,Mediocampista,2,2,0,1,0,0.0,0,1,1,0,1,18
5725,Pepe,2018,3,Defensor,4,4,0,0,1,0.25,0,0,1,2,1,13
5725,Pepe,2022,3,Defensor,4,4,2,1,1,0.25,0,0,2,0,2,8
5725,Pepe,1958,22,Delantero,0,0,0,6,0,0.0,0,0,0,0,0,1
5725,Pepe,1962,11,Delantero,0,0,0,6,0,0.0,0,0,0,0,0,1
5041,Pepe Reina,2006,23,Arquero,0,0,0,4,0,0.0,0,0,0,0,0,9
5041,Pepe Reina,2010,23,Arquero,0,0,0,7,0,0.0,0,0,0,0,0,1
5041,Pepe Reina,2014,23,Arquero,1,1,0,2,0,0.0,0,0,1,0,0,23
5041,Pepe Reina,2018,23,Arquero,0,0,0,4,0,0.0,0,0,0,0,0,10
4571,Pepi Hammerl,1958,14,Delantero,0,0,0,3,0,0.0,0,0,0,0,0,15
4213,Per Frandsen,1998,8,Mediocampista,2,0,0,3,0,0.0,0,0,2,0,0,8
4214,Per Frimann,1986,13,Mediocampista,0,0,0,4,0,0.0,0,0,0,0,0,9
4239,Per Kroldrup,2010,13,Defensor,1,1,0,2,0,0.0,1,0,0,0,1,24
6214,Per Mertesacker,2006,17,Defensor,6,6,0,1,0,0.0,0,0,4,1,1,3
6214,Per Mertesacker,2010,17,Defensor,7,7,0,0,0,0.0,0,0,5,0,2,3
6214,Per Mertesacker,2014,17,Defensor,6,4,0,1,0,0.0,0,0,5,1,0,1
1761,Peracio,1938,-,Delantero,4,4,0,1,3,0.75,0,0,2,1,1,3
2205,Percy Rojas,1978,9,Mediocampista,3,0,0,3,0,0.0,0,0,1,0,2,8
2205,Percy Rojas,1982,20,Mediocampista,0,0,0,3,0,0.0,0,0,0,0,0,20
3296,Peres,1966,6,Mediocampista,0,0,0,6,0,0.0,0,0,0,0,0,3
3681,Perica Ognjenovic,1998,21,Delantero,3,0,0,1,0,0.0,1,0,2,1,0,10
29,Pervis Estupiñán,2022,7,Defensor,3,3,0,0,0,0.0,0,0,1,1,1,18
2911,Petar Aleksandrov,1994,18,Delantero,0,0,0,7,0,0.0,0,0,0,0,0,4
2941,Petar Houbchev,1994,5,Defensor,7,7,0,0,0,0.0,1,0,3,1,3,4
1113,Petar Krpan,1998,2,Delantero,1,0,0,6,0,0.0,0,0,1,0,0,3
2975,Petar Mikhtarski,1994,17,Delantero,1,0,0,6,0,0.0,0,0,0,1,0,4
2992,Petar Petrov,1986,4,Defensor,3,3,0,1,0,0.0,0,0,0,1,2,15
3708,Petar Radakovic,1962,4,Mediocampista,5,5,0,1,1,0.2,0,0,3,0,2,4
3009,Petar Velichkov,1962,13,Delantero,3,3,0,0,0,0.0,0,0,0,1,2,15
3025,Petar Zhekov,1966,10,Delantero,1,1,0,2,0,0.0,0,0,0,0,1,15
3025,Petar Zhekov,1970,9,Delantero,1,1,0,2,0,0.0,0,0,0,0,1,13
4547,Peter Artner,1990,8,Defensor,2,2,0,1,0,0.0,0,1,1,0,1,18
1213,Peter Beardsley,1986,20,Delantero,4,3,0,1,1,0.25,0,0,2,0,2,8
1213,Peter Beardsley,1990,9,Delantero,5,3,0,2,0,0.0,1,0,2,2,1,4
1219,Peter Bonetti,1966,13,Arquero,0,0,0,6,0,0.0,0,0,0,0,0,1
1219,Peter Bonetti,1970,12,Arquero,1,1,0,3,0,0.0,0,0,0,0,1,8
1220,Peter Brabrook,1958,17,Delantero,1,1,0,3,0,0.0,0,0,0,0,1,11
1222,Peter Broadbent,1958,18,Delantero,1,1,0,3,0,0.0,0,0,0,0,1,11
7264,Peter Cargill,1998,7,Mediocampista,2,1,0,1,0,0.0,1,0,0,0,2,22
2309,Peter Cormack,1974,15,Mediocampista,0,0,0,3,0,0.0,0,0,0,0,0,9
1255,Peter Crouch,2006,21,Delantero,4,2,0,1,1,0.25,1,0,2,2,0,7
1255,Peter Crouch,2010,9,Delantero,2,0,0,2,0,0.0,0,0,0,2,0,13
6080,Peter Dietrich,1970,19,Mediocampista,0,0,0,6,0,0.0,0,0,0,0,0,3
2507,Peter Ducke,1974,9,Delantero,3,0,0,3,0,0.0,0,0,0,2,1,6
463,Peter Fieber,1990,12,Defensor,0,0,0,5,0,0.0,0,0,0,0,0,6
7537,Peter Hannich,1986,15,Mediocampista,1,1,0,2,0,0.0,0,0,0,0,1,18
4234,Peter Kjaer,1998,22,Arquero,0,0,0,5,0,0.0,0,0,0,0,0,8
4234,Peter Kjaer,2002,16,Arquero,0,0,0,4,0,0.0,0,0,0,0,0,10
3442,Peter Larsson,1990,4,Defensor,3,3,0,0,0,0.0,0,0,0,0,3,21
2363,Peter Lorimer,1974,11,Delantero,3,3,0,0,1,0.33,0,0,1,2,0,9
4250,Peter Lovenkrands,2002,18,Delantero,1,0,0,3,0,0.0,0,0,0,1,0,10
4252,Peter Madsen,2002,21,Delantero,0,0,0,4,0,0.0,0,0,0,0,0,10
2261,Peter Mcparland,1958,11,Delantero,5,5,0,0,5,1.0,0,0,2,1,2,7
4256,Peter Moller,1998,18,Delantero,2,2,0,3,1,0.5,0,0,1,0,1,8
4509,Peter Odemwingie,2010,11,Delantero,2,1,0,1,0,0.0,0,0,0,0,2,27
4509,Peter Odemwingie,2014,8,Delantero,4,3,0,0,1,0.25,0,0,1,1,2,16
7351,Peter Ollerton,1974,13,Delantero,2,0,0,1,0,0.0,0,0,0,1,1,14
1357,Peter Osgood,1970,20,Delantero,2,0,0,2,0,0.0,0,0,2,0,0,8
7582,Peter Palotas,1954,19,Delantero,2,2,0,3,2,1.0,0,0,2,0,0,2
543,Peter Paluch,1990,22,Arquero,0,0,0,5,0,0.0,0,0,0,0,0,6
805,Peter Pekarik,2010,2,Defensor,3,3,0,1,0,0.0,1,0,1,0,2,16
4619,Peter Persidis,1978,16,Defensor,0,0,0,6,0,0.0,0,0,0,0,0,7
2863,Peter Pietras,1934,-,Mediocampista,1,1,0,0,0,0.0,0,0,0,0,1,16
4625,Peter Platzer,1934,-,Arquero,4,4,0,0,0,0.0,0,0,2,0,2,4
1374,Peter Reid,1986,16,Mediocampista,3,3,0,2,0,0.0,0,0,2,0,1,8
8179,Peter Roesch,1962,6,Defensor,0,0,0,3,0,0.0,0,0,0,0,0,16
4529,Peter Rufai,1994,1,Arquero,4,4,3,0,0,0.0,0,0,2,0,2,9
4529,Peter Rufai,1998,1,Arquero,4,4,0,0,0,0.0,0,0,2,0,2,12
4278,Peter Schmeichel,1998,1,Arquero,5,5,0,0,0,0.0,1,0,2,1,2,8
4643,Peter Schoettel,1990,5,Defensor,2,2,0,1,0,0.0,0,0,0,0,2,18
4643,Peter Schoettel,1998,3,Defensor,3,3,0,0,0,0.0,2,0,0,2,1,23
1391,Peter Shilton,1982,22,Arquero,5,5,0,0,0,0.0,0,0,3,2,0,6
1391,Peter Shilton,1986,1,Arquero,5,5,3,0,0,0.0,0,0,2,1,2,8
1391,Peter Shilton,1990,1,Arquero,7,7,2,0,0,0.0,0,0,3,3,1,4
1392,Peter Sillett,1958,14,Defensor,0,0,0,4,0,0.0,0,0,0,0,0,11
5136,Peter Simonsen,1982,18,Mediocampista,0,0,0,3,0,0.0,0,0,0,0,0,23
4649,Peter Stoeger,1998,18,Mediocampista,2,0,0,1,0,0.0,0,0,0,1,1,23
1408,Peter Swan,1962,5,Mediocampista,0,0,0,4,0,0.0,0,0,0,0,0,8
7620,Peter Torok,1978,2,Defensor,1,1,0,2,0,0.0,0,0,0,0,1,15
6716,Peter Van Der Heyden,2002,12,Defensor,2,2,0,2,1,0.5,1,0,0,2,0,14
6522,Peter Van Vossen,1994,19,Delantero,4,3,0,1,0,0.0,0,0,3,0,1,7
2895,Peter Vermes,1990,10,Delantero,3,3,0,0,0,0.0,0,0,0,0,3,23
7385,Peter Wilson,1974,3,Defensor,3,3,3,0,0,0.0,0,0,0,1,2,14
1432,Peter Withe,1982,20,Delantero,0,0,0,5,0,0.0,0,0,0,0,0,6
6678,Petit,2006,8,Mediocampista,6,3,0,1,0,0.0,2,0,4,1,1,4
452,Petr Cech,2006,1,Arquero,3,3,0,0,0,0.0,0,0,1,0,2,20
484,Petr Janecka,1982,18,Delantero,3,3,0,0,0,0.0,0,0,0,2,1,19
3404,Petter Hansson,2006,13,Defensor,1,0,0,3,0,0.0,0,0,0,0,1,14
7442,Phil Babb,1994,14,Defensor,4,4,0,0,0,0.0,0,0,1,1,2,16
1274,Phil Foden,2022,20,Mediocampista,4,3,0,1,1,0.25,0,0,3,0,1,6
1306,Phil Jagielka,2014,6,Defensor,2,2,0,1,0,0.0,0,0,0,0,2,26
8260,Phil Masinga,1998,6,Delantero,2,1,0,1,0,0.0,0,0,0,1,1,24
2880,Phil Slone,1930,-,Mediocampista,0,0,0,3,0,0.0,0,0,0,0,0,3
1412,Phil Thompson,1982,18,Defensor,5,5,0,0,0,0.0,0,0,3,2,0,6
6695,Philibert Smellinckx,1934,-,Defensor,1,1,0,0,0,0.0,0,0,0,0,1,15
6695,Philibert Smellinckx,1938,-,Defensor,0,0,0,1,0,0.0,0,0,0,0,0,13
2249,Philip Hughes,1986,13,Arquero,0,0,0,3,0,0.0,0,0,0,0,0,21
1352,Philip Neal,1982,14,Defensor,2,1,0,3,0,0.0,0,0,2,0,0,6
8132,Philipp Köhn,2022,24,Arquero,0,0,0,4,0,0.0,0,0,0,0,0,12
6196,Philipp Lahm,2006,16,Defensor,7,7,0,0,1,0.14,0,0,5,1,1,3
6196,Philipp Lahm,2010,16,Defensor,6,6,6,1,0,0.0,1,0,4,0,2,3
6196,Philipp Lahm,2014,16,Mediocampista,7,7,7,0,0,0.0,1,0,6,1,0,1
6543,Philippe Albert,1990,3,Defensor,1,1,0,3,0,0.0,0,0,0,0,1,11
6543,Philippe Albert,1994,4,Defensor,3,3,0,1,2,0.67,1,0,1,0,2,11
3844,Philippe Bergeroo,1986,21,Arquero,0,0,0,7,0,0.0,0,0,0,0,0,3
3873,Philippe Christanval,2002,5,Defensor,0,0,0,3,0,0.0,0,0,0,0,0,28
6577,Philippe Clement,1998,15,Defensor,2,2,0,1,0,0.0,0,0,0,2,0,19
1762,Philippe Coutinho,2018,11,Mediocampista,5,5,0,0,2,0.4,1,0,3,1,1,6
6607,Philippe Desmet,1986,10,Delantero,3,2,0,4,0,0.0,0,0,1,0,2,4
3926,Philippe Gondet,1966,13,Delantero,3,3,0,0,0,0.0,0,0,0,1,2,13
3980,Philippe Mahut,1982,7,Defensor,1,1,0,6,0,0.0,0,0,0,0,1,4
8168,Philippe Pottier,1962,18,Delantero,1,1,0,2,0,0.0,0,0,0,0,1,16
8188,Philippe Senderos,2006,4,Defensor,3,3,0,1,1,0.33,1,0,2,1,0,10
8188,Philippe Senderos,2010,4,Defensor,1,1,0,2,0,0.0,0,0,1,0,0,19
8188,Philippe Senderos,2014,4,Defensor,1,0,0,3,0,0.0,0,0,0,0,1,11
6729,Philippe Vande Walle,1998,12,Arquero,1,1,0,2,0,0.0,0,0,0,1,0,19
4065,Philippe Vercruysse,1986,15,Mediocampista,3,1,0,4,0,0.0,0,0,1,1,1,3
2455,Philippe Vorbe,1974,7,Mediocampista,3,3,0,0,0,0.0,0,0,0,0,3,15
6377,Phillip Cocu,1998,11,Mediocampista,7,7,1,0,2,0.29,0,0,3,3,1,4
6377,Phillip Cocu,2006,8,Mediocampista,4,4,0,0,0,0.0,0,0,2,1,1,11
5738,Pierino Prati,1970,22,Delantero,0,0,0,6,0,0.0,0,0,0,0,0,2
5575,Pierluigi Casiraghi,1994,18,Delantero,3,3,0,4,0,0.0,1,0,2,1,0,2
5581,Pierluigi Cera,1970,5,Defensor,6,6,0,0,0,0.0,0,0,3,2,1,2
5735,Pierluigi Pizzaballa,1966,18,Arquero,0,0,0,3,0,0.0,0,0,0,0,0,9
37,Piero Hincapié,2022,3,Defensor,3,3,0,0,0,0.0,0,0,1,1,1,18
5722,Piero Pasinati,1938,-,Delantero,1,1,0,3,0,0.0,0,0,1,0,0,1
2439,Pierre Bayonne,1974,6,Defensor,3,3,0,0,0,0.0,2,0,0,0,3,15
6559,Pierre Braine,1930,-,Mediocampista,2,2,2,0,0,0.0,0,0,0,0,2,11
6567,Pierre Carteus,1970,19,Delantero,0,0,0,3,0,0.0,0,0,0,0,0,10
6585,Pierre Dalem,1938,-,Mediocampista,0,0,0,1,0,0.0,0,0,0,0,0,13
4223,Pierre-Emile Hojbjerg,2022,23,Mediocampista,3,3,0,0,0,0.0,0,0,0,1,2,28
8248,Pierre Issa,1998,21,Defensor,3,3,0,0,0,0.0,1,0,0,2,1,24
8248,Pierre Issa,2002,13,Defensor,1,1,0,2,0,0.0,1,0,0,1,0,17
3955,Pierre Korb,1934,-,Delantero,0,0,0,1,0,0.0,0,0,0,0,0,9
915,Pierre Kunde,2022,15,Mediocampista,2,2,0,1,0,0.0,1,0,1,1,0,19
6202,Pierre Littbarski,1982,7,Mediocampista,7,6,0,0,2,0.29,1,0,3,2,2,2
6202,Pierre Littbarski,1986,7,Mediocampista,5,1,0,2,0,0.0,0,0,2,2,1,2
6202,Pierre Littbarski,1990,7,Mediocampista,6,3,0,1,1,0.17,0,0,5,1,0,1
951,Pierre Njanka,1998,6,Defensor,3,3,0,0,1,0.33,1,0,0,2,1,25
951,Pierre Njanka,2002,6,Defensor,1,0,0,2,0,0.0,0,0,1,0,0,20
6511,Pierre Van Hooijdonk,1998,17,Delantero,3,0,0,4,1,0.33,1,0,1,1,1,4
983,Pierre Webo,2010,15,Delantero,2,2,0,1,0,0.0,0,0,0,0,2,31
983,Pierre Webo,2014,15,Delantero,3,0,0,0,0,0.0,0,0,0,0,3,32
984,Pierre Wome,1998,3,Defensor,3,3,0,0,0,0.0,1,0,0,2,1,25
984,Pierre Wome,2002,3,Defensor,3,3,0,0,0,0.0,1,0,1,1,1,20
6381,Piet De Boer,1938,-,Delantero,0,0,0,1,0,0.0,0,0,0,0,0,14
6426,Piet Keizer,1974,9,Delantero,1,1,0,6,0,0.0,0,0,0,1,0,2
6465,Piet Punt,1938,-,Delantero,0,0,0,1,0,0.0,0,0,0,0,0,14
6477,Piet Schrijvers,1974,18,Arquero,0,0,0,7,0,0.0,0,0,0,0,0,2
6477,Piet Schrijvers,1978,1,Arquero,3,3,0,4,0,0.0,0,0,2,1,0,2
6710,Pieter Van Den Bosch,1954,16,Delantero,2,2,0,0,0,0.0,0,0,0,1,1,12
6536,Pieter Wildschut,1978,7,Defensor,3,2,0,4,0,0.0,0,0,1,1,1,2
5523,Pietro Anastasi,1974,19,Delantero,3,2,0,0,1,0.33,0,0,1,1,1,10
5531,Pietro Arcari,1934,-,Delantero,0,0,0,5,0,0.0,0,0,0,0,0,1
5630,Pietro Ferraris,1938,-,Delantero,1,1,0,3,1,1.0,0,0,1,0,0,1
5743,Pietro Rava,1938,-,Defensor,4,4,0,0,0,0.0,0,0,4,0,0,1
5763,Pietro Serantoni,1938,-,Mediocampista,4,4,0,0,0,0.0,0,0,4,0,0,1
5786,Pietro Vierchowod,1982,8,Defensor,0,0,0,7,0,0.0,0,0,0,0,0,1
5786,Pietro Vierchowod,1986,8,Defensor,4,4,0,0,0,0.0,1,0,1,2,1,12
5786,Pietro Vierchowod,1990,8,Defensor,3,1,0,4,0,0.0,0,0,3,0,0,3
6398,Pim Doesburg,1978,19,Arquero,0,0,0,7,0,0.0,0,0,0,0,0,2
1763,Pinga,1954,10,Delantero,2,2,0,1,2,1.0,0,0,1,1,0,6
1764,Pinheiro,1954,5,Mediocampista,3,3,0,0,0,0.0,0,0,1,1,1,6
4281,Pione Sisto,2018,23,Delantero,4,3,0,0,0,0.0,1,0,1,3,0,11
3064,Piotr Giza,2006,20,Mediocampista,0,0,0,3,0,0.0,0,0,0,0,0,21
3129,Piotr Mowlik,1982,22,Arquero,0,0,0,7,0,0.0,0,0,0,0,0,3
3154,Piotr Skrobowski,1982,6,Defensor,0,0,0,7,0,0.0,0,0,0,0,0,3
3159,Piotr Swierczewski,2002,7,Mediocampista,2,2,0,1,0,0.0,2,0,0,0,2,25
6304,Piotr Trochowski,2010,15,Mediocampista,4,1,0,3,0,0.0,0,0,3,0,1,3
3186,Piotr Zieliński,2018,19,Mediocampista,3,3,0,0,0,0.0,0,0,1,0,2,25
3186,Piotr Zieliński,2022,20,Mediocampista,4,4,0,0,1,0.25,0,0,1,1,2,15
8185,Pirmin Schwegler,2010,20,Mediocampista,0,0,0,3,0,0.0,0,0,0,0,0,19
5023,Pirri,1966,18,Mediocampista,2,2,0,1,1,0.5,0,0,1,0,1,10
5023,Pirri,1978,18,Defensor,2,1,1,1,0,0.0,0,0,1,0,1,10
5024,Piru Gainza,1950,-,Delantero,5,5,4,1,0,0.0,0,0,3,1,1,4
4489,Pius Ikedia,2002,7,Delantero,3,0,0,0,0,0.0,0,0,0,1,2,27
940,Pius Ndiefi,2002,11,Delantero,1,0,0,2,0,0.0,0,0,1,0,0,20
5025,Pizzi,1998,9,Delantero,1,1,0,2,0,0.0,0,0,0,1,0,17
2161,Placido Galindo,1930,-,Mediocampista,2,2,1,0,0,0.0,0,0,0,0,2,10
2936,Plamen Getov,1986,11,Mediocampista,4,4,0,0,1,0.25,0,0,0,2,2,15
2983,Plamen Nikolov,1994,12,Arquero,1,0,0,6,0,0.0,0,0,0,0,1,4
6485,Pleun Strik,1974,19,Mediocampista,0,0,0,7,0,0.0,0,0,0,0,0,2
1765,Polozzi,1978,15,Defensor,0,0,0,7,0,0.0,0,0,0,0,0,3
1766,Poly,1930,-,Delantero,1,1,0,1,0,0.0,0,0,0,0,1,6
4903,Poly Van Den Bosch,1954,15,Delantero,1,1,0,1,0,0.0,0,0,0,0,1,12
3387,Pontus Farnerud,2002,19,Mediocampista,0,0,0,4,0,0.0,0,0,0,0,0,13
3417,Pontus Jansson,2018,18,Defensor,2,1,0,3,0,0.0,0,0,1,0,1,7
3430,Pontus Kamark,1994,14,Defensor,4,2,0,3,0,0.0,0,0,2,2,0,3
7987,Poong Jo Kim,1990,1,Arquero,0,0,0,3,0,0.0,0,0,0,0,0,22
194,Porfirio Betancourt,1982,9,Delantero,3,3,0,0,0,0.0,0,0,0,2,1,18
3482,Prawitz Oberg,1958,13,Defensor,0,0,0,6,0,0.0,0,0,0,0,0,2
4208,Preben Elkjaer Larsen,1986,10,Delantero,4,4,0,0,4,1.0,0,0,3,0,1,9
3559,Predrag Djajic,1950,-,Mediocampista,3,3,0,0,0,0.0,0,0,2,0,1,5
3562,Predrag Djordjevic,2006,11,Mediocampista,3,3,0,0,0,0.0,0,0,0,0,3,32
3654,Predrag Mijatovic,1998,9,Delantero,4,4,0,0,1,0.25,0,0,2,1,1,10
3690,Predrag Pasic,1982,21,Delantero,0,0,0,3,0,0.0,0,0,0,0,0,16
3713,Predrag Rajković,2018,12,Arquero,0,0,0,3,0,0.0,0,0,0,0,0,23
3713,Predrag Rajković,2022,12,Arquero,0,0,0,3,0,0.0,1,0,0,0,0,29
3729,Predrag Spasic,1990,3,Defensor,5,5,0,0,0,0.0,0,0,3,1,1,5
1767,Preguinho,1930,-,Delantero,2,2,2,0,3,1.5,0,0,1,0,1,6
2866,Preki Radosavljevic,1998,14,Mediocampista,2,0,0,1,0,0.0,0,0,0,0,2,32
438,Premysl Bicovsky,1982,12,Mediocampista,2,1,0,1,0,0.0,0,0,0,2,0,19
3951,Presnel Kimpembe,2018,3,Defensor,1,1,0,6,0,0.0,0,0,0,1,0,1
1511,Prince Tagoe,2010,12,Delantero,3,3,0,2,0,0.0,1,0,1,1,1,7
229,Prudencio Norales,1982,13,Delantero,2,2,0,1,0,0.0,0,0,0,2,0,18
3652,Prvoslav Mihajlovic,1950,-,Delantero,1,1,0,2,0,0.0,0,0,1,0,0,5
3058,Przemyslaw Frankowski,2022,24,Mediocampista,4,3,0,0,0,0.0,1,0,1,1,2,15
6510,Puck Van Heel,1934,-,Mediocampista,1,1,1,0,0,0.0,0,0,0,0,1,9
6510,Puck Van Heel,1938,-,Mediocampista,1,1,1,0,0,0.0,0,0,0,0,1,14
7017,Pyung Seok Kim,1986,12,Defensor,1,1,0,2,0,0.0,0,0,0,0,1,20
1186,Qassim Bassim,1986,19,Mediocampista,2,1,0,1,0,0.0,0,0,0,0,2,23
5491,Qi An,2002,1,Arquero,0,0,0,3,0,0.0,0,0,0,0,0,31
3300,Quim,2006,12,Arquero,0,0,0,7,0,0.0,0,0,0,0,0,4
1494,Quincy Owusu-Abeyie,2010,20,Delantero,2,0,0,3,0,0.0,0,0,1,1,0,7
5030,Quini,1978,9,Delantero,1,0,0,2,0,0.0,0,0,0,0,1,10
5030,Quini,1982,20,Delantero,3,1,0,2,0,0.0,0,0,1,0,2,12
8245,Quinton Fortune,1998,7,Mediocampista,3,3,0,0,0,0.0,1,0,0,2,1,24
8245,Quinton Fortune,2002,7,Mediocampista,3,3,0,0,1,0.33,0,0,1,1,1,17
5031,Quique,1990,8,Defensor,0,0,0,4,0,0.0,0,0,0,0,0,10
5032,Quique Setien,1986,12,Delantero,0,0,0,5,0,0.0,0,0,0,0,0,7
4399,Quiterio Olmedo,1930,-,Defensor,2,2,0,0,0,0.0,0,0,1,0,1,9
4687,R. Telwe,1938,-,Delantero,0,0,0,1,0,0.0,0,0,0,0,0,15
6875,Rabah Madjer,1982,11,Delantero,3,3,0,0,1,0.33,1,0,2,0,1,13
6875,Rabah Madjer,1986,11,Delantero,3,3,0,0,0,0.0,1,0,0,1,2,22
2125,Rabie Yassin,1990,3,Defensor,3,3,1,0,0,0.0,0,0,0,2,1,20
4445,Rabiu Afolabi,2002,13,Defensor,0,0,0,3,0,0.0,0,0,0,0,0,27
4445,Rabiu Afolabi,2010,5,Defensor,2,1,0,1,0,0.0,0,0,0,1,1,27
8306,Rachid Azzouzi,1994,8,Mediocampista,3,3,0,0,0,0.0,1,0,0,0,3,23
8306,Rachid Azzouzi,1998,16,Mediocampista,2,0,0,1,0,0.0,0,0,1,1,0,18
8334,Rachid Daoudi,1994,11,Mediocampista,3,2,0,0,0,0.0,1,0,0,0,3,23
6865,Rachid Harkouk,1986,13,Delantero,2,1,0,1,0,0.0,0,0,0,1,1,22
8388,Rachid Neqrouz,1994,18,Defensor,1,1,0,2,0,0.0,0,0,0,0,1,23
8388,Rachid Neqrouz,1998,13,Defensor,0,0,0,3,0,0.0,0,0,0,0,0,18
8394,Rachid Rokki,1998,21,Delantero,0,0,0,3,0,0.0,0,0,0,0,0,18
2667,Radamel Falcao,2018,9,Delantero,4,4,4,0,1,0.25,1,0,2,1,1,9
7205,Radhi Jaidi,2002,15,Defensor,3,3,0,0,0,0.0,0,0,0,1,2,29
7205,Radhi Jaidi,2006,15,Defensor,3,3,0,0,1,0.33,2,0,0,1,2,24
7246,Radhouane Salhi,1998,16,Arquero,0,0,0,3,0,0.0,0,0,0,0,0,26
3680,Radivoje Ognjanovic,1958,19,Delantero,2,2,0,2,1,0.5,0,0,0,1,1,8
3699,Radosav Petrovic,2010,19,Mediocampista,1,0,0,2,0,0.0,0,0,1,0,0,23
816,Radoslav Zabavnik,2010,5,Defensor,3,3,0,1,0,0.0,0,0,1,1,1,16
3023,Radoslav Zdravkov,1986,12,Defensor,4,3,0,0,0,0.0,0,0,0,2,2,15
3085,Radoslaw Kaluzny,2002,10,Mediocampista,2,2,0,1,0,0.0,0,0,0,0,2,25
3119,Radoslaw Majdan,2002,12,Arquero,1,1,0,2,0,0.0,1,0,1,0,0,25
3157,Radoslaw Sobolewski,2006,7,Mediocampista,2,2,0,1,0,0.0,0,1,0,0,2,21
2954,Radostin Kishishev,1998,2,Defensor,3,3,0,0,0,0.0,1,0,0,1,2,29
1917,Radu Niculescu,1998,14,Mediocampista,2,0,0,2,0,0.0,0,0,1,0,1,11
1918,Radu Nunweiller,1970,10,Mediocampista,3,3,0,0,0,0.0,1,0,1,0,2,10
3301,Rafa,2014,15,Mediocampista,0,0,0,3,0,0.0,0,0,0,0,0,18
5033,Rafa Paz,1990,18,Mediocampista,2,0,0,2,0,0.0,0,0,0,1,1,10
5154,Rafael Albrecht,1962,17,Defensor,0,0,0,3,0,0.0,0,0,0,0,0,10
5154,Rafael Albrecht,1966,12,Mediocampista,3,3,0,1,0,0.0,0,1,1,1,1,5
4855,Rafael Alkorta,1990,12,Defensor,1,0,0,3,0,0.0,0,0,1,0,0,10
4855,Rafael Alkorta,1994,18,Defensor,4,4,0,1,0,0.0,0,0,1,2,1,8
4855,Rafael Alkorta,1998,4,Defensor,3,3,0,0,0,0.0,0,0,1,1,1,17
7641,Rafael Amador,1986,18,Defensor,3,3,0,2,0,0.0,0,0,2,1,0,6
7650,Rafael Avalos,1954,6,Mediocampista,2,2,0,0,0,0.0,0,0,0,0,2,13
7728,Rafael Garcia,2006,20,Mediocampista,0,0,0,4,0,0.0,0,0,0,0,0,15
685,Rafael Gonzalez,1974,13,Defensor,0,0,0,3,0,0.0,0,0,0,0,0,11
4936,Rafael Gordillo,1982,3,Defensor,5,5,0,0,0,0.0,1,0,1,2,2,12
4936,Rafael Gordillo,1986,6,Mediocampista,1,1,0,4,0,0.0,0,0,1,0,0,7
3258,Rafael Leão,2022,15,Delantero,5,0,0,0,2,0.4,0,0,3,0,2,8
7777,Rafael Marquez,2002,4,Mediocampista,4,4,4,0,0,0.0,0,1,2,1,1,11
7777,Rafael Marquez,2006,4,Defensor,4,4,4,0,1,0.25,2,0,1,1,2,15
7777,Rafael Marquez,2010,4,Defensor,4,4,2,0,1,0.25,1,0,1,1,2,14
7777,Rafael Marquez,2014,4,Defensor,4,4,4,0,1,0.25,2,0,2,1,1,10
7777,Rafael Marquez,2018,4,Defensor,3,1,1,1,0,0.0,0,0,2,0,1,12
4722,Rafael Mendez,1930,-,Delantero,2,2,2,0,0,0.0,0,0,0,0,2,12
2209,Rafael Salguero,1982,3,Defensor,3,3,0,0,0,0.0,0,0,0,2,1,20
6008,Rafael Souto,1954,18,Delantero,1,1,0,4,0,0.0,0,0,0,0,1,4
6503,Rafael Van Der Vaart,2006,10,Mediocampista,3,1,0,1,0,0.0,1,0,1,1,1,11
6503,Rafael Van Der Vaart,2010,23,Mediocampista,5,3,0,2,0,0.0,1,0,4,0,1,2
3107,Rafał Kurzawa,2018,21,Mediocampista,1,1,0,2,0,0.0,0,0,1,0,0,25
6853,Rafik Djebbour,2010,11,Delantero,2,2,0,1,0,0.0,0,0,0,0,2,28
6864,Rafik Halliche,2010,5,Defensor,3,3,0,0,0,0.0,0,0,0,1,2,28
6864,Rafik Halliche,2014,5,Defensor,4,4,2,0,1,0.25,1,0,1,1,2,14
6890,Rafik Saifi,2010,10,Delantero,2,0,0,1,0,0.0,0,0,0,0,2,28
3399,Ragnar Gustavsson,1934,-,Delantero,2,2,0,0,0,0.0,0,0,1,0,1,8
7143,Ragnar Sigurdsson,2018,6,Defensor,3,3,0,0,0,0.0,0,0,0,1,2,28
1007,Rahamim Talbi,1970,15,Delantero,1,1,0,2,0,0.0,0,0,0,0,1,12
1401,Raheem Sterling,2014,19,Delantero,3,2,0,0,0,0.0,1,0,0,1,2,26
1401,Raheem Sterling,2018,10,Delantero,6,6,0,1,0,0.0,0,0,3,1,2,4
1401,Raheem Sterling,2022,10,Delantero,3,2,0,2,1,0.33,0,0,1,1,1,6
4079,Rahman Ahmadi,2014,1,Arquero,0,0,0,3,0,0.0,0,0,0,0,0,28
4166,Rahman Rezaei,2006,5,Defensor,3,3,0,0,0,0.0,0,0,0,1,2,26
1768,Rai,1994,10,Mediocampista,5,3,3,2,1,0.2,0,0,4,1,0,1
6044,Raimond Aumann,1990,12,Arquero,0,0,0,7,0,0.0,0,0,0,0,0,1
5713,Raimundo Orsi,1934,-,Delantero,5,5,0,0,3,0.6,0,0,4,1,0,1
7849,Raimundo Rodriguez,1930,-,Mediocampista,1,1,0,2,0,0.0,0,0,0,0,1,13
6063,Rainer Bonhof,1974,16,Mediocampista,4,4,0,3,1,0.25,0,0,4,0,0,1
6063,Rainer Bonhof,1978,6,Mediocampista,6,6,0,0,0,0.0,1,0,1,4,1,6
6874,Rais M'Bolhi,2010,23,Arquero,2,2,0,1,0,0.0,0,0,0,1,1,28
6874,Rais M'Bolhi,2014,23,Arquero,4,4,0,0,0,0.0,0,0,1,1,2,14
3665,Rajko Mitic,1950,-,Delantero,3,3,1,0,1,0.33,0,0,2,0,1,5
3665,Rajko Mitic,1954,8,Delantero,3,3,2,0,0,0.0,0,0,1,1,1,8
3815,Rajko Tavcar,2002,15,Mediocampista,1,1,0,2,0,0.0,0,0,0,0,1,30
3375,Ralf Edstrom,1974,10,Delantero,6,6,0,0,4,0.67,0,0,2,2,2,5
3375,Ralf Edstrom,1978,22,Delantero,3,1,0,0,0,0.0,0,0,0,1,2,13
2890,Ralph Tracey,1930,-,Defensor,3,3,0,0,0,0.0,0,0,2,0,1,3
2118,Ramadan Sobhi,2018,14,Delantero,3,0,0,0,0,0.0,0,0,0,0,3,31
397,Ramaz Shengelia,1982,7,Delantero,5,5,0,0,1,0.2,0,0,2,2,1,7
7153,Rami Bedoui,2018,6,Defensor,1,1,0,2,0,0.0,0,0,1,0,0,24
3507,Rami Shaaban,2006,23,Arquero,1,1,0,3,0,0.0,0,0,0,1,0,14
4167,Ramin Rezaeian,2018,23,Defensor,3,3,0,0,0,0.0,0,0,1,1,1,18
4167,Ramin Rezaeian,2022,23,Defensor,2,2,0,1,1,0.5,1,0,1,0,1,26
1769,Ramires,2010,18,Mediocampista,4,1,0,1,0,0.0,2,0,3,1,0,6
1769,Ramires,2014,16,Mediocampista,6,2,0,1,0,0.0,1,0,2,2,2,4
4705,Ramiro Castillo,1994,20,Mediocampista,1,0,0,2,0,0.0,0,0,0,0,1,21
7803,Ramiro Navarro,1966,21,Delantero,0,0,0,3,0,0.0,0,0,0,0,0,12
5148,Ramon Abeledo,1962,21,Delantero,0,0,0,3,0,0.0,0,0,0,0,0,10
5167,Ramon Astudillo,1934,-,Defensor,0,0,0,1,0,0.0,0,0,0,0,0,9
4460,Ramón Azeez,2014,15,Mediocampista,1,1,0,3,0,0.0,0,0,0,1,0,16
5240,Ramon Diaz,1982,6,Delantero,4,2,0,1,1,0.25,0,0,1,0,3,11
825,Ramon Fagoaga,1982,5,Defensor,2,1,0,1,0,0.0,1,0,0,0,2,24
5280,Ramon Heredia,1974,10,Defensor,6,6,0,0,1,0.17,1,0,1,2,3,8
4377,Ramon Hicks,1986,20,Delantero,2,0,0,2,0,0.0,0,0,0,2,0,13
221,Ramon Maradiaga,1982,6,Mediocampista,3,3,3,0,0,0.0,1,0,0,2,1,18
4881,Ramon Maria Caldere,1986,18,Mediocampista,4,3,0,1,2,0.5,1,0,3,1,0,7
4389,Ramon Mayeregger,1958,1,Arquero,1,1,0,2,0,0.0,0,0,0,0,1,12
5315,Ramon Medina Bello,1994,11,Delantero,2,0,0,2,0,0.0,0,0,0,0,2,10
2185,Ramon Mifflin,1970,6,Mediocampista,4,4,0,0,0,0.0,0,0,2,0,2,7
7792,Ramon Morales,2002,7,Mediocampista,4,4,0,0,0,0.0,0,0,2,1,1,11
7792,Ramon Morales,2006,11,Delantero,2,1,0,2,0,0.0,0,0,0,1,1,15
5328,Ramon Muttis,1930,-,Defensor,1,1,0,4,0,0.0,0,0,1,0,0,2
230,Ramon Nunez,2010,7,Mediocampista,3,2,0,0,0,0.0,0,0,0,1,2,30
2199,Ramon Quiroga,1978,21,Arquero,6,6,0,0,0,0.0,1,0,2,1,3,8
2199,Ramon Quiroga,1982,21,Arquero,3,3,0,0,0,0.0,0,0,0,2,1,20
7833,Ramon Ramirez,1994,5,Defensor,2,2,0,2,0,0.0,1,0,0,1,1,13
7833,Ramon Ramirez,1998,7,Mediocampista,3,3,0,1,0,0.0,1,1,1,2,0,13
3952,Randal Kolo Muani,2022,12,Delantero,3,1,0,4,1,0.33,0,0,1,1,1,2
1964,Randall Azofeifa,2006,14,Mediocampista,1,0,0,2,0,0.0,0,0,0,0,1,31
1964,Randall Azofeifa,2018,14,Mediocampista,1,0,0,2,0,0.0,0,0,0,1,0,29
1972,Randall Brenes,2014,14,Delantero,3,1,0,2,0,0.0,0,0,1,2,0,8
2492,Randy Ragan,1986,4,Mediocampista,3,3,0,0,0,0.0,0,0,0,0,3,24
2493,Randy Samuel,1986,12,Defensor,3,3,0,0,0,0.0,0,0,0,0,3,24
7695,Ranulfo Cortes,1954,22,Delantero,0,0,0,2,0,0.0,0,0,0,0,0,13
7158,Raouf Ben Aziza,1978,11,Delantero,2,1,0,1,0,0.0,0,0,1,1,0,9
7175,Raouf Bouzaiene,2002,12,Defensor,3,3,0,0,1,0.33,0,0,0,1,2,29
3899,Raoul Diagne,1938,-,Defensor,2,2,0,0,0,0.0,0,0,1,0,1,8
6644,Raoul Lambert,1970,18,Delantero,2,2,0,1,2,1.0,0,0,1,0,1,10
3243,Raphaël Guerreiro,2018,5,Defensor,4,4,0,0,0,0.0,1,0,1,2,1,13
3243,Raphaël Guerreiro,2022,5,Defensor,4,3,0,1,1,0.25,0,0,3,0,1,8
4063,Raphael Varane,2014,4,Defensor,5,4,0,0,0,0.0,0,0,3,1,1,7
4063,Raphael Varane,2018,4,Defensor,7,7,1,0,1,0.14,0,0,6,1,0,1
4063,Raphael Varane,2022,4,Defensor,6,6,1,1,0,0.0,0,0,4,1,1,2
8223,Raphael Wicky,2006,8,Mediocampista,4,4,0,0,0,0.0,1,0,2,2,0,10
1770,Raphinha,2022,11,Delantero,5,4,0,0,0,0.0,0,0,3,1,1,7
4543,Rasheed Yekini,1994,9,Delantero,4,4,0,0,1,0.25,0,0,2,0,2,9
4543,Rasheed Yekini,1998,9,Delantero,4,1,0,0,0,0.0,0,0,2,0,2,12
1509,Rashid Sumaila,2014,15,Defensor,0,0,0,3,0,0.0,0,0,0,0,0,25
4236,Rasmus Kristensen,2022,13,Defensor,3,3,0,0,0,0.0,1,0,0,1,2,28
4136,Rasoul Khatibi,2006,11,Delantero,2,0,0,1,0,0.0,0,0,0,1,1,26
3556,Ratko Colic,1950,-,Defensor,0,0,0,3,0,0.0,0,0,0,0,0,5
3746,Ratko Svilar,1982,22,Arquero,0,0,0,3,0,0.0,0,0,0,0,0,16
5036,Raul,1998,10,Delantero,3,2,0,0,1,0.33,0,0,1,1,1,17
5036,Raul,2002,7,Delantero,4,4,0,1,3,0.75,0,0,3,1,0,5
5036,Raul,2006,7,Delantero,4,2,2,0,1,0.25,0,0,3,0,1,9
4852,Raul Albiol,2010,2,Defensor,0,0,0,7,0,0.0,0,0,0,0,0,1
4852,Raul Albiol,2014,2,Defensor,1,1,0,2,0,0.0,0,0,1,0,0,23
7648,Raul Arellano,1954,11,Delantero,2,2,0,0,0,0.0,0,0,0,0,2,13
5183,Raul Belen,1962,11,Delantero,2,2,0,1,0,0.0,0,0,1,0,1,10
7677,Raul Cardenas,1954,5,Mediocampista,2,2,0,0,0,0.0,0,0,0,0,2,13
7677,Raul Cardenas,1958,17,Mediocampista,2,2,0,1,0,0.0,0,0,0,1,1,16
7677,Raul Cardenas,1962,5,Mediocampista,3,3,0,0,0,0.0,0,0,1,0,2,11
7692,Raul Cordoba,1950,-,Arquero,0,0,0,3,0,0.0,0,0,0,0,0,12
2170,Raul Gorriti,1978,16,Mediocampista,1,0,0,5,0,0.0,0,0,0,0,1,8
36,Raul Guerron,2002,6,Defensor,3,3,0,0,0,0.0,1,0,1,0,2,24
7745,Raul Gutierrez,1994,21,Defensor,2,1,0,2,0,0.0,0,0,1,0,1,13
7756,Raul Isiordia,1978,21,Delantero,1,1,0,2,0,0.0,0,0,0,0,1,16
7760,Raúl Jiménez,2014,9,Delantero,1,0,0,3,0,0.0,0,0,0,1,0,10
7760,Raúl Jiménez,2018,9,Delantero,2,0,0,2,0,0.0,0,0,1,0,1,12
7760,Raúl Jiménez,2022,9,Delantero,3,0,0,0,0,0.0,0,0,1,1,1,22
7764,Raul Lara,1998,14,Mediocampista,3,2,0,1,0,0.0,0,0,1,1,1,13
834,Raul Magana,1970,1,Arquero,3,3,0,0,0,0.0,1,0,0,0,3,16
3267,Raul Meireles,2010,16,Mediocampista,4,4,0,0,1,0.25,0,0,1,2,1,11
3267,Raul Meireles,2014,16,Mediocampista,2,2,0,1,0,0.0,0,0,0,1,1,18
721,Raul Ormeno,1982,14,Mediocampista,0,0,0,3,0,0.0,0,0,0,0,0,22
5341,Raul Paez,1962,6,Defensor,2,2,0,1,0,0.0,0,0,1,0,1,10
2208,Raúl Ruidíaz,2018,11,Delantero,2,0,0,1,0,0.0,0,0,0,0,2,20
7867,Raul Sanchez,1962,3,Defensor,6,6,0,0,0,0.0,0,0,4,0,2,3
7870,Raul Servin,1986,17,Defensor,5,5,0,0,1,0.2,1,0,3,2,0,6
1245,Ray Clemence,1982,1,Arquero,0,0,0,5,0,0.0,0,0,0,0,0,6
7457,Ray Houghton,1990,8,Mediocampista,5,5,0,0,0,0.0,0,0,0,4,1,8
7457,Ray Houghton,1994,8,Mediocampista,4,4,0,0,1,0.25,1,0,1,1,2,16
7356,Ray Richards,1974,6,Mediocampista,3,3,0,0,0,0.0,0,1,0,1,2,14
1426,Ray Wilkins,1982,19,Mediocampista,5,5,0,0,0,0.0,1,0,3,2,0,6
1426,Ray Wilkins,1986,8,Mediocampista,2,2,0,3,0,0.0,1,1,0,1,1,8
7385,Ray Wilson,1962,3,Defensor,4,4,0,0,0,0.0,0,0,1,1,2,8
7385,Ray Wilson,1966,3,Defensor,6,6,0,0,0,0.0,0,0,5,1,0,1
6546,Raymond Ausloos,1954,17,Arquero,0,0,0,2,0,0.0,0,0,0,0,0,12
3839,Raymond Bellot,1958,14,Delantero,0,0,0,6,0,0.0,0,0,0,0,0,3
6560,Raymond Braine,1938,-,Delantero,1,1,0,0,0,0.0,0,0,0,0,1,13
3947,Raymond Kaelbel,1954,6,Defensor,2,2,0,0,0,0.0,0,0,1,0,1,9
3947,Raymond Kaelbel,1958,4,Defensor,6,6,0,0,0,0.0,0,0,4,0,2,3
909,Raymond Kalla,1994,13,Defensor,3,3,0,0,0,0.0,1,0,0,1,2,22
909,Raymond Kalla,1998,5,Defensor,2,2,0,1,0,0.0,0,1,0,1,1,25
909,Raymond Kalla,2002,5,Defensor,3,3,0,0,0,0.0,1,0,1,1,1,20
3954,Raymond Kopa,1954,18,Delantero,2,2,0,0,1,0.5,0,0,1,0,1,9
3954,Raymond Kopa,1958,18,Delantero,6,6,0,0,3,0.5,0,0,4,0,2,3
6662,Raymond Mommens,1982,18,Mediocampista,0,0,0,5,0,0.0,0,0,0,0,0,10
6662,Raymond Mommens,1986,17,Mediocampista,1,1,0,6,0,0.0,0,0,0,0,1,4
8166,Raymond Pasello,1934,-,Delantero,1,1,0,1,0,0.0,0,0,1,0,0,7
5285,Raymundo Infante,1950,-,Delantero,0,0,0,3,0,0.0,0,0,0,0,0,9
1498,Razak Pimpong,2006,19,Delantero,3,1,0,1,0,0.0,0,0,2,0,1,13
4842,Redha Tukar,2002,3,Defensor,3,3,0,0,0,0.0,0,0,0,0,3,32
4842,Redha Tukar,2006,3,Defensor,3,3,0,0,0,0.0,0,0,0,1,2,28
3716,Refik Sabanadzovic,1990,16,Mediocampista,4,4,0,1,0,0.0,2,1,3,1,0,5
7423,Reidar Kvammen,1938,-,Delantero,1,1,0,0,0,0.0,0,0,0,0,1,12
1771,Reinaldo,1978,9,Delantero,3,2,0,4,1,0.33,0,0,1,2,0,3
2516,Reinhard Lauck,1974,13,Mediocampista,3,3,0,3,0,0.0,0,0,1,0,2,6
4582,Reinhold Hintermaier,1982,10,Mediocampista,5,4,0,0,1,0.2,1,0,2,1,2,8
6225,Reinhold Muenzenberg,1934,-,Defensor,1,1,0,3,0,0.0,0,0,1,0,0,3
6225,Reinhold Muenzenberg,1938,-,Defensor,0,0,0,2,0,0.0,0,0,0,0,0,10
3365,Reino Borjesson,1958,15,Mediocampista,4,4,0,2,0,0.0,0,0,2,1,1,2
6460,Remko Pasveer,2022,1,Arquero,0,0,0,5,0,0.0,0,0,0,0,0,5
8095,Remo Freuler,2018,8,Mediocampista,0,0,0,4,0,0.0,0,0,0,0,0,14
8095,Remo Freuler,2022,8,Mediocampista,4,4,0,0,1,0.25,0,0,2,0,2,12
3860,Rémy Cabella,2014,7,Mediocampista,0,0,0,5,0,0.0,0,0,0,0,0,7
1772,Renato,1974,12,Arquero,0,0,0,7,0,0.0,0,0,0,0,0,4
1772,Renato,1982,19,Mediocampista,0,0,0,5,0,0.0,0,0,0,0,0,5
1773,Renato Augusto,2018,8,Mediocampista,3,0,0,2,1,0.33,0,0,1,1,1,6
8054,Renato Bizzozero,1934,-,Arquero,0,0,0,2,0,0.0,0,0,0,0,0,7
8054,Renato Bizzozero,1938,-,Arquero,0,0,0,3,0,0.0,0,0,0,0,0,6
1774,Renato Gaucho,1990,17,Delantero,1,0,0,3,0,0.0,0,0,0,0,1,9
40,Renato Ibarra,2014,5,Mediocampista,1,0,0,2,0,0.0,0,0,0,1,0,17
5711,Renato Olmi,1938,-,Mediocampista,0,0,0,4,0,0.0,0,0,0,0,0,1
4737,Renato Sainz,1930,-,Mediocampista,1,1,0,1,0,0.0,0,0,0,0,1,12
8197,Renato Steffen,2022,11,Defensor,1,0,0,3,0,0.0,0,0,0,0,1,12
5418,Renato Tapia,2018,13,Mediocampista,2,2,0,1,0,0.0,1,0,1,0,1,20
5793,Renato Zaccarelli,1978,15,Mediocampista,5,2,0,2,1,0.2,0,0,3,1,1,4
8043,Rene Bader,1950,-,Delantero,3,3,0,0,1,0.33,0,0,1,1,1,6
8058,Rene Brodmann,1966,5,Defensor,2,2,2,1,0,0.0,0,0,0,0,2,16
4703,Rene Cabrera,1950,-,Mediocampista,0,0,0,1,0,0.0,0,0,0,0,0,13
3893,Rene Dereuddre,1954,16,Delantero,2,2,0,0,0,0.0,0,0,1,0,1,9
4710,Rene Fernandez,1930,-,Delantero,2,2,0,0,0,0.0,0,0,0,0,2,12
3921,Rene Girard,1982,11,Mediocampista,5,2,0,2,1,0.2,0,0,2,1,2,4
4220,Rene Henriksen,1998,20,Defensor,0,0,0,5,0,0.0,0,0,0,0,0,8
4220,Rene Henriksen,2002,3,Defensor,4,4,2,0,0,0.0,0,0,2,1,1,10
2679,Rene Higuita,1990,1,Arquero,4,4,0,0,0,0.0,0,0,1,1,2,14
5283,Rene Houseman,1974,11,Delantero,6,4,0,0,3,0.5,1,0,1,2,3,8
5283,Rene Houseman,1978,9,Mediocampista,6,3,0,1,1,0.17,0,0,5,0,1,1
3796,Rene Krhin,2010,15,Mediocampista,0,0,0,3,0,0.0,0,0,0,0,0,18
3975,Rene Llense,1934,-,Arquero,0,0,0,1,0,0.0,0,0,0,0,0,9
3975,Rene Llense,1938,-,Arquero,0,0,0,2,0,0.0,0,0,0,0,0,8
942,Rene Ndjeya,1982,4,Defensor,3,3,0,0,0,0.0,1,0,0,3,0,17
6462,Rene Pijpers,1938,-,Mediocampista,0,0,0,1,0,0.0,0,0,0,0,0,14
8170,Rene Quentin,1966,16,Delantero,2,2,0,1,1,0.5,0,0,0,0,2,16
734,Rene Quitral,1950,-,Arquero,0,0,0,3,0,0.0,0,0,0,0,0,9
780,Rene Valenzuela,1982,3,Defensor,3,3,0,0,0,0.0,0,0,0,0,3,22
6499,Rene Van De Kerkhof,1974,10,Delantero,1,0,0,6,0,0.0,0,0,0,0,1,2
6499,Rene Van De Kerkhof,1978,10,Delantero,7,7,0,0,1,0.14,1,0,3,2,2,2
6733,Rene Vandereycken,1982,7,Mediocampista,0,0,0,5,0,0.0,0,0,0,0,0,10
6733,Rene Vandereycken,1986,7,Mediocampista,2,2,0,5,0,0.0,0,0,1,0,1,4
6741,Rene Verheyen,1982,17,Mediocampista,1,1,0,4,0,0.0,0,0,0,0,1,10
8257,Reneilwe Letsholonyane,2010,12,Mediocampista,2,2,0,1,0,0.0,0,0,0,1,1,20
8231,Reto Ziegler,2010,17,Defensor,3,3,0,0,0,0.0,1,0,1,1,1,19
8231,Reto Ziegler,2014,3,Defensor,0,0,0,4,0,0.0,0,0,0,0,0,11
4482,Reuben Gabriel,2014,4,Mediocampista,1,0,0,3,0,0.0,0,0,0,0,1,16
288,Revaz Dzodzvashvili,1970,4,Defensor,3,3,0,1,0,0.0,0,0,2,0,1,5
4101,Reza Enayati,2006,16,Delantero,0,0,0,3,0,0.0,0,0,0,0,0,26
4110,Reza Ghoochannejhad,2014,16,Delantero,3,3,0,0,1,0.33,0,0,0,1,2,28
4110,Reza Ghoochannejhad,2018,16,Delantero,0,0,0,3,0,0.0,0,0,0,0,0,18
4114,Reza Haghighi,2014,8,Mediocampista,1,0,0,2,0,0.0,0,0,0,0,1,28
4174,Reza Shahroudi,1998,16,Mediocampista,0,0,0,3,0,0.0,0,0,0,0,0,20
7601,Rezso Somlai,1934,-,Mediocampista,0,0,0,2,0,0.0,0,0,0,0,0,6
7172,Riadh Bouazizi,1998,13,Mediocampista,2,2,0,1,0,0.0,1,0,0,1,1,26
7172,Riadh Bouazizi,2002,13,Mediocampista,3,3,0,0,0,0.0,1,0,0,1,2,29
7172,Riadh Bouazizi,2006,13,Mediocampista,3,3,3,0,0,0.0,2,0,0,1,2,24
7211,Riadh Jelassi,1998,9,Delantero,1,0,0,2,0,0.0,0,0,0,1,0,26
7211,Riadh Jelassi,2002,9,Delantero,0,0,0,3,0,0.0,0,0,0,0,0,29
3303,Ribeiro,1986,4,Mediocampista,0,0,0,3,0,0.0,0,0,0,0,0,17
1776,Ricardinho,2002,7,Mediocampista,3,0,0,4,0,0.0,0,0,3,0,0,1
1776,Ricardinho,2006,20,Mediocampista,2,0,0,3,0,0.0,0,0,2,0,0,5
7929,Ricardo,2002,13,Arquero,0,0,0,5,0,0.0,0,0,0,0,0,5
5160,Ricardo Álvarez,2014,19,Mediocampista,1,0,0,6,0,0.0,0,0,1,0,0,2
8413,Ricardo Ávila,2018,19,Mediocampista,2,1,0,1,0,0.0,1,0,0,0,2,32
5188,Ricardo Bochini,1986,3,Mediocampista,1,0,0,6,0,0.0,0,0,1,0,0,1
8064,Ricardo Cabanas,2006,7,Mediocampista,4,4,0,0,0,0.0,1,0,2,2,0,10
198,Ricardo Canales,2010,1,Arquero,0,0,0,3,0,0.0,0,0,0,0,0,30
3305,Ricardo Carvalho,2006,16,Defensor,6,6,0,1,0,0.0,2,0,4,1,1,4
3305,Ricardo Carvalho,2010,6,Defensor,4,4,0,0,0,0.0,0,0,1,2,1,11
2770,Ricardo Clark,2010,13,Mediocampista,2,2,0,2,0,0.0,1,0,0,1,1,12
3213,Ricardo Costa,2006,4,Defensor,1,1,0,6,0,0.0,1,0,0,0,1,4
3213,Ricardo Costa,2010,21,Defensor,2,2,0,2,0,0.0,0,1,0,1,1,11
3213,Ricardo Costa,2014,13,Defensor,2,1,0,1,0,0.0,0,0,0,1,1,18
5262,Ricardo Gallego,1986,14,Mediocampista,4,4,0,1,0,0.0,0,0,3,1,0,7
7268,Ricardo Gardner,1998,15,Defensor,3,3,0,0,0,0.0,0,0,1,0,2,22
5269,Ricardo Giusti,1986,14,Mediocampista,7,7,0,0,0,0.0,1,0,6,1,0,1
5269,Ricardo Giusti,1990,14,Mediocampista,4,3,0,3,0,0.0,1,1,1,3,0,2
3279,Ricardo Gomes,1990,3,Defensor,4,4,4,0,0,0.0,0,1,3,0,1,9
3245,Ricardo Horta,2022,21,Delantero,3,1,0,2,1,0.33,0,0,1,0,2,8
5285,Ricardo Infante,1958,20,Delantero,0,0,0,3,0,0.0,0,0,0,0,0,13
5292,Ricardo La Volpe,1978,13,Arquero,0,0,0,7,0,0.0,0,0,0,0,0,1
7813,Ricardo Osorio,2006,5,Defensor,4,4,0,0,0,0.0,0,0,1,1,2,15
7813,Ricardo Osorio,2010,5,Defensor,4,4,0,0,0,0.0,0,0,1,1,2,14
5948,Ricardo Pavoni,1974,6,Defensor,3,3,0,0,1,0.33,0,0,0,1,2,13
7817,Ricardo Pelaez Linares,1998,9,Delantero,3,0,0,1,2,0.67,1,0,1,1,1,13
3295,Ricardo Pereira,2018,15,Defensor,1,1,0,3,0,0.0,0,0,0,0,1,13
3299,Ricardo Quaresma,2018,20,Delantero,3,1,0,1,1,0.33,1,0,0,2,1,13
5976,Ricardo Rocha,1990,19,Defensor,2,2,0,2,0,0.0,1,0,1,0,1,9
5976,Ricardo Rocha,1994,3,Defensor,1,1,0,6,0,0.0,0,0,1,0,0,1
8178,Ricardo Rodriguez,2014,13,Defensor,4,4,0,0,0,0.0,0,0,2,0,2,11
8178,Ricardo Rodriguez,2018,13,Defensor,4,4,0,0,0,0.0,0,0,1,2,1,14
8178,Ricardo Rodriguez,2022,13,Defensor,4,4,0,0,0,0.0,0,0,2,0,2,12
5382,Ricardo Rojas,1998,14,Defensor,0,0,0,4,0,0.0,0,0,0,0,0,14
4427,Ricardo Tavarelli,2002,22,Arquero,1,1,0,3,0,0.0,1,0,0,1,0,16
5437,Ricardo Villa,1978,22,Mediocampista,2,0,0,5,0,0.0,1,0,1,1,0,1
5098,Ricardo Zamora,1934,-,Arquero,2,2,2,1,0,0.0,0,0,1,1,0,5
5572,Riccardo Carapellese,1950,-,Delantero,2,2,2,0,2,1.0,0,0,1,0,1,7
5631,Riccardo Ferri,1990,6,Defensor,7,6,0,0,0,0.0,1,0,6,1,0,3
5695,Riccardo Montolivo,2010,22,Mediocampista,3,3,0,0,0,0.0,0,0,0,2,1,26
8075,Richard Duerr,1962,16,Mediocampista,2,2,0,1,0,0.0,0,0,0,0,2,16
8075,Richard Duerr,1966,6,Mediocampista,1,1,0,2,0,0.0,0,0,0,0,1,16
7452,Richard Dunne,2002,15,Defensor,0,0,0,4,0,0.0,0,0,0,0,0,12
2332,Richard Gough,1986,2,Defensor,3,3,0,0,0,0.0,0,0,0,1,2,19
2332,Richard Gough,1990,4,Defensor,1,1,0,2,0,0.0,0,0,0,0,1,18
6134,Richard Herrmann,1954,17,Delantero,1,1,0,5,1,1.0,0,0,0,0,1,1
1478,Richard Kingson,2006,22,Arquero,4,4,0,0,0,0.0,0,0,2,0,2,13
1478,Richard Kingson,2010,22,Arquero,5,5,1,0,0,0.0,0,0,2,2,1,7
5932,Richard Morales,2002,18,Delantero,2,0,0,1,1,0.5,0,0,0,1,1,26
7385,Richard Wilson,1982,1,Arquero,0,0,0,3,0,0.0,0,0,0,0,0,23
6538,Richard Witschge,1990,11,Mediocampista,4,3,0,0,0,0.0,0,0,0,3,1,15
1779,Richarlison,2022,9,Delantero,4,4,0,1,3,0.75,0,0,3,1,0,7
4314,Richart Baez,2002,7,Delantero,0,0,0,4,0,0.0,0,0,0,0,0,16
2478,Richie Laryea,2022,22,Defensor,3,2,0,0,0,0.0,0,0,0,0,3,31
6912,Richmond Forson,2006,13,Delantero,3,2,0,0,0,0.0,0,0,0,0,3,30
5120,Ricki Herbert,1982,3,Defensor,3,2,0,0,0,0.0,0,0,0,0,3,23
1319,Rickie Lambert,2014,18,Delantero,1,0,0,2,0,0.0,0,0,0,0,1,26
7191,Ridha Ellouz,1978,17,Defensor,0,0,0,3,0,0.0,0,0,0,0,0,9
972,Rigobert Song,1994,3,Defensor,2,2,0,1,0,0.0,0,1,0,1,1,22
972,Rigobert Song,1998,4,Defensor,3,3,0,0,0,0.0,2,1,0,2,1,25
972,Rigobert Song,2002,4,Defensor,3,3,3,0,0,0.0,1,0,1,1,1,20
972,Rigobert Song,2010,4,Defensor,1,0,0,2,0,0.0,0,0,0,0,1,31
7691,Rigoberto Cisneros,1978,13,Defensor,1,1,0,2,0,0.0,0,0,0,0,1,16
6580,Rik Coppens,1954,9,Delantero,2,2,0,0,1,0.5,0,0,0,1,1,12
1780,Rildo,1966,9,Defensor,1,1,0,2,1,1.0,0,0,0,0,1,11
7341,Riley McGree,2022,14,Mediocampista,4,4,0,0,0,0.0,0,0,2,0,2,11
282,Rinat Dassayev,1982,1,Arquero,5,5,0,0,0,0.0,0,0,2,2,1,7
282,Rinat Dassayev,1986,1,Arquero,3,3,0,1,0,0.0,0,0,1,1,1,10
282,Rinat Dassayev,1990,1,Arquero,1,1,1,2,0,0.0,0,0,0,0,1,17
5628,Rino Ferrario,1954,16,Mediocampista,0,0,0,3,0,0.0,0,0,0,0,0,10
6419,Rinus Israel,1974,5,Defensor,3,0,0,4,0,0.0,0,0,3,0,0,2
1270,Rio Ferdinand,1998,21,Defensor,0,0,0,4,0,0.0,0,0,0,0,0,9
1270,Rio Ferdinand,2002,5,Defensor,5,5,0,0,1,0.2,1,0,2,2,1,6
1270,Rio Ferdinand,2006,5,Defensor,5,5,0,0,0,0.0,0,0,3,2,0,7
1270,Rio Ferdinand,2010,5,Defensor,0,0,0,4,0,0.0,0,0,0,0,0,13
3991,Rio Mavuba,2014,12,Mediocampista,1,0,0,4,0,0.0,0,0,1,0,0,7
83,Ritsu Doan,2022,8,Mediocampista,4,2,0,0,2,0.5,0,0,2,1,1,9
1781,Rivaldo,1998,10,Mediocampista,7,7,0,0,3,0.43,0,0,4,1,2,2
1781,Rivaldo,2002,10,Mediocampista,7,7,0,0,5,0.71,0,0,7,0,0,1
1782,Rivelino,1970,11,Mediocampista,5,5,0,1,3,0.6,1,0,5,0,0,1
1782,Rivelino,1974,10,Mediocampista,7,7,0,0,3,0.43,1,0,3,2,2,4
1782,Rivelino,1978,10,Mediocampista,3,1,1,4,0,0.0,0,0,2,1,0,3
6876,Riyad Mahrez,2014,21,Delantero,1,1,0,3,0,0.0,0,0,0,0,1,14
4840,Riyadh Sharahili,2022,26,Mediocampista,1,0,0,2,0,0.0,0,0,0,0,1,25
3650,Rizah Meskovic,1974,22,Arquero,0,0,0,6,0,0.0,0,0,0,0,0,7
7387,Roald Amundsen,1938,-,Defensor,0,0,0,1,0,0.0,0,0,0,0,0,12
2062,Roan Wilson,2022,24,Mediocampista,1,0,0,2,0,0.0,0,0,0,0,1,27
7439,Roar Strand,1994,19,Mediocampista,0,0,0,3,0,0.0,0,0,0,0,0,17
7439,Roar Strand,1998,22,Mediocampista,3,2,0,1,0,0.0,0,0,1,1,1,15
6467,Rob Rensenbrink,1974,15,Delantero,6,6,0,1,1,0.17,0,0,5,0,1,2
6467,Rob Rensenbrink,1978,12,Delantero,7,7,0,0,5,0.71,0,0,3,2,2,2
6539,Rob Witschge,1994,5,Mediocampista,4,3,0,1,0,0.0,1,0,2,0,2,7
2798,Robbie Findley,2010,20,Delantero,3,3,0,1,0,0.0,2,0,0,2,1,12
1278,Robbie Fowler,2002,9,Delantero,1,0,0,4,0,0.0,0,0,1,0,0,6
7460,Robbie Keane,2002,10,Delantero,4,4,0,0,3,0.75,0,0,1,3,0,12
7329,Robbie Kruse,2018,10,Delantero,3,3,0,0,0,0.0,0,0,0,1,2,30
5103,Robert Almond,1982,6,Defensor,2,2,0,1,0,0.0,0,0,0,0,2,23
4,Robert Arboleda,2022,4,Defensor,0,0,0,3,0,0.0,0,0,0,0,0,18
8046,Robert Ballaman,1954,16,Delantero,4,4,0,0,4,1.0,0,0,2,0,2,5
6558,Robert Braet,1938,-,Arquero,0,0,0,1,0,0.0,0,0,0,0,0,13
3858,Robert Budzynski,1966,6,Defensor,3,3,0,0,0,0.0,0,0,0,1,2,13
3889,Robert Defosse,1934,-,Arquero,0,0,0,1,0,0.0,0,0,0,0,0,9
4559,Robert Dienst,1954,19,Delantero,2,2,0,3,0,0.0,0,0,2,0,0,3
4559,Robert Dienst,1958,19,Delantero,0,0,0,3,0,0.0,0,0,0,0,0,15
7267,Robert Earle,1998,16,Mediocampista,3,1,0,0,1,0.33,0,0,1,0,2,22
2324,Robert Fleck,1990,21,Delantero,2,1,0,1,0,0.0,0,0,1,0,1,18
3060,Robert Gadocha,1974,18,Delantero,7,7,0,0,0,0.0,0,0,6,0,1,3
2809,Robert Green,2010,12,Arquero,1,1,0,3,0,0.0,0,0,0,1,0,13
3072,Robert Gumny,2022,25,Defensor,0,0,0,4,0,0.0,0,0,0,0,0,15
3939,Robert Herbin,1966,16,Mediocampista,2,2,0,1,0,0.0,0,0,0,1,1,13
8115,Robert Hosp,1966,10,Delantero,3,3,0,0,0,0.0,0,0,0,0,3,16
6151,Robert Huth,2006,4,Defensor,1,1,0,6,0,0.0,0,0,1,0,0,3
3600,Robert Jarni,1990,17,Defensor,1,0,0,4,0,0.0,0,0,1,0,0,5
3600,Robert Jarni,1998,17,Mediocampista,7,7,0,0,1,0.14,1,0,5,0,2,3
3600,Robert Jarni,2002,17,Defensor,3,3,2,0,0,0.0,0,0,1,0,2,23
2355,Robert Johnstone,1954,15,Delantero,0,0,0,2,0,0.0,0,0,0,0,0,15
3945,Robert Jonquet,1954,10,Defensor,1,1,1,1,0,0.0,0,0,0,0,1,9
3945,Robert Jonquet,1958,10,Mediocampista,5,5,4,1,0,0.0,0,0,3,0,2,3
3795,Robert Koren,2010,8,Mediocampista,3,3,3,0,1,0.33,0,0,1,1,1,18
6645,Robert Lamoot,1934,-,Delantero,0,0,0,1,0,0.0,0,0,0,0,0,15
3112,Robert Lewandowski,2018,9,Delantero,3,3,3,0,0,0.0,0,0,1,0,2,25
3112,Robert Lewandowski,2022,9,Delantero,4,4,4,0,2,0.5,0,0,1,1,2,15
6649,Robert Maertens,1954,20,Mediocampista,0,0,0,2,0,0.0,0,0,0,0,0,12
6913,Robert Malm,2006,11,Delantero,1,0,0,2,0,0.0,0,0,0,0,1,30
3996,Robert Mouynet,1958,7,Defensor,0,0,0,6,0,0.0,0,0,0,0,0,3
6674,Robert Paverick,1938,-,Defensor,1,1,0,0,0,0.0,0,0,0,0,1,13
4617,Robert Pecl,1990,3,Defensor,3,3,0,0,0,0.0,2,0,1,0,2,18
4009,Robert Pires,1998,11,Mediocampista,3,1,0,4,0,0.0,0,0,3,0,0,1
3705,Robert Prosinecki,1990,15,Mediocampista,3,1,0,2,1,0.33,0,0,1,1,1,5
3705,Robert Prosinecki,1998,8,Mediocampista,5,4,0,2,2,0.4,1,0,3,0,2,3
3705,Robert Prosinecki,2002,8,Mediocampista,1,1,0,2,0,0.0,0,0,0,0,1,23
1940,Robert Sadowsky,1938,-,Arquero,1,1,0,1,0,0.0,0,0,0,0,1,9
5056,Robert Sánchez,2022,1,Arquero,0,0,0,4,0,0.0,0,0,0,0,0,13
4637,Robert Sara,1978,2,Defensor,6,6,6,0,0,0.0,1,0,3,0,3,7
4283,Robert Skov,2022,24,Mediocampista,1,0,0,2,0,0.0,1,0,0,0,1,28
6724,Robert Van Kerckhoven,1954,14,Mediocampista,0,0,0,2,0,0.0,0,0,0,0,0,12
814,Robert Vittek,2010,11,Delantero,4,4,0,0,4,1.0,1,0,1,1,2,16
5047,Roberto,1990,15,Mediocampista,4,4,0,0,0,0.0,1,0,2,1,1,10
5047,Roberto,1970,13,Delantero,2,0,0,4,0,0.0,0,0,2,0,0,1
5047,Roberto,1938,-,Delantero,2,2,0,3,1,0.5,0,0,2,0,0,3
5147,Roberto Abbondanzieri,2006,1,Arquero,5,5,0,0,0,0.0,0,0,3,2,0,6
4296,Roberto Acuña,1998,10,Mediocampista,4,3,0,0,0,0.0,0,0,1,2,1,14
4296,Roberto Acuña,2002,10,Mediocampista,4,4,0,0,0,0.0,1,1,1,1,2,16
4296,Roberto Acuña,2006,10,Mediocampista,3,3,0,0,0,0.0,1,0,1,0,2,18
7638,Roberto Alvarado,2022,25,Delantero,1,0,0,2,0,0.0,1,0,0,0,1,22
5528,Roberto Anzolin,1966,2,Arquero,0,0,0,3,0,0.0,0,0,0,0,0,9
5169,Roberto Ayala,1998,2,Defensor,5,5,0,0,0,0.0,1,0,3,1,1,6
5169,Roberto Ayala,2002,2,Defensor,0,0,0,3,0,0.0,0,0,0,0,0,18
5169,Roberto Ayala,2006,2,Defensor,5,5,1,0,1,0.2,0,0,3,2,0,6
5533,Roberto Baggio,1990,15,Delantero,5,4,0,2,2,0.4,1,0,4,1,0,3
5533,Roberto Baggio,1994,10,Delantero,7,7,0,0,5,0.71,0,0,4,2,1,2
5533,Roberto Baggio,1998,18,Delantero,4,2,0,1,2,0.5,0,0,2,2,0,5
1203,Roberto Bailey,1982,16,Mediocampista,0,0,0,3,0,0.0,0,0,0,0,0,18
5549,Roberto Bettega,1978,18,Delantero,7,7,0,0,2,0.29,0,0,4,1,2,4
5191,Roberto Bonano,2002,23,Arquero,0,0,0,3,0,0.0,0,0,0,0,0,18
5553,Roberto Boninsegna,1970,20,Delantero,6,6,0,0,2,0.33,1,0,3,2,1,2
5553,Roberto Boninsegna,1974,20,Delantero,1,0,0,2,0,0.0,1,0,0,0,1,10
4329,Roberto Cabañas,1986,9,Delantero,4,4,0,0,2,0.5,0,0,1,2,1,13
4704,Roberto Capparelli,1950,-,Delantero,1,1,0,0,0,0.0,0,0,0,0,1,13
1784,Roberto Carlos,1998,6,Defensor,7,7,0,0,0,0.0,1,0,4,1,2,2
1784,Roberto Carlos,2002,6,Defensor,6,6,0,1,1,0.17,1,0,6,0,0,1
1784,Roberto Carlos,2006,6,Defensor,4,4,0,1,0,0.0,0,0,3,0,1,5
5214,Roberto Cerro,1930,-,Delantero,1,1,0,4,0,0.0,0,0,1,0,0,2
2141,Roberto Challe,1970,7,Mediocampista,4,4,0,0,1,0.25,0,0,2,0,2,7
655,Roberto Cortes,1930,-,Arquero,3,3,0,0,0,0.0,0,0,2,0,1,5
5615,Roberto Di Matteo,1998,16,Mediocampista,2,1,0,3,0,0.0,0,0,1,1,0,5
1785,Roberto Dinamite,1978,20,Delantero,5,5,0,2,3,0.6,1,0,4,1,0,3
1785,Roberto Dinamite,1982,20,Delantero,0,0,0,5,0,0.0,0,0,0,0,0,5
5618,Roberto Donadoni,1990,17,Mediocampista,5,5,0,2,0,0.0,0,0,4,1,0,3
5618,Roberto Donadoni,1994,16,Mediocampista,6,5,0,1,0,0.0,0,0,3,2,1,2
4361,Roberto Fernandez,1986,1,Arquero,4,4,0,0,0,0.0,0,0,1,2,1,13
1786,Roberto Firmino,2018,20,Delantero,4,0,0,1,1,0.25,0,0,2,1,1,6
8099,Roberto Frigerio,1962,22,Delantero,0,0,0,3,0,0.0,0,0,0,0,0,16
7732,Roberto Gayon,1930,-,Delantero,2,2,0,1,1,0.5,0,0,0,0,2,13
688,Roberto Hodge,1966,10,Mediocampista,0,0,0,3,0,0.0,0,0,0,0,0,13
5286,Roberto Iraneta,1934,-,Delantero,1,1,0,0,0,0.0,0,0,0,0,1,9
5906,Roberto Leopardi,1954,6,Mediocampista,0,0,0,5,0,0.0,0,0,0,0,0,4
5675,Roberto Mancini,1990,18,Delantero,0,0,0,7,0,0.0,0,0,0,0,0,3
5921,Roberto Matosas,1970,3,Defensor,6,6,0,0,0,0.0,0,0,2,1,3,4
2186,Roberto Mosquera,1978,12,Delantero,0,0,0,6,0,0.0,0,0,0,0,0,8
5703,Roberto Mussi,1994,8,Defensor,3,3,0,4,0,0.0,0,0,2,1,0,2
5361,Roberto Perfumo,1966,4,Defensor,4,4,0,0,0,0.0,0,0,2,1,1,5
5361,Roberto Perfumo,1974,14,Defensor,4,4,4,2,0,0.0,2,0,1,1,2,8
851,Roberto Rivas,1970,2,Defensor,3,3,0,0,0,0.0,0,0,0,0,3,16
2206,Roberto Rojas,1978,22,Defensor,1,1,0,5,0,0.0,0,0,0,0,1,8
5750,Roberto Rosato,1966,21,Defensor,2,2,0,1,0,0.0,0,0,1,0,1,9
5750,Roberto Rosato,1970,8,Defensor,6,5,0,0,0,0.0,1,0,3,2,1,2
5405,Roberto Sensini,1990,17,Defensor,2,2,0,5,0,0.0,1,0,0,0,2,2
5405,Roberto Sensini,1994,4,Defensor,3,3,0,1,0,0.0,0,0,2,0,1,10
5405,Roberto Sensini,1998,6,Defensor,3,3,0,2,0,0.0,1,0,2,0,1,6
6007,Roberto Sosa,1962,1,Arquero,3,3,0,0,0,0.0,0,0,1,0,2,13
6007,Roberto Sosa,1966,12,Arquero,0,0,0,4,0,0.0,0,0,0,0,0,7
5421,Roberto Telch,1974,18,Mediocampista,5,4,0,1,0,0.0,0,0,1,2,2,8
5781,Roberto Tricella,1986,7,Defensor,0,0,0,4,0,0.0,0,0,0,0,0,12
3484,Robin Olsen,2018,1,Arquero,5,5,0,0,0,0.0,0,0,3,0,2,7
6518,Robin Van Persie,2006,17,Delantero,4,4,0,0,1,0.25,0,0,2,1,1,11
6518,Robin Van Persie,2010,9,Delantero,7,7,0,0,1,0.14,2,0,6,0,1,2
6518,Robin Van Persie,2014,9,Delantero,6,6,6,1,4,0.67,2,0,4,2,0,3
1787,Robinho,2006,23,Delantero,4,1,0,1,0,0.0,1,0,3,0,1,5
1787,Robinho,2010,11,Delantero,4,4,0,1,2,0.5,0,0,3,0,1,6
1861,Rodion Camataru,1990,9,Delantero,0,0,0,4,0,0.0,0,0,0,0,0,12
2896,Rodney Wallace,2018,13,Mediocampista,1,0,0,2,0,0.0,0,0,0,1,0,29
5981,Rodolfo Rodriguez,1986,1,Arquero,0,0,0,4,0,0.0,0,0,0,0,0,16
7696,Rodolfo Cota,2022,12,Arquero,0,0,0,3,0,0.0,0,0,0,0,0,22
661,Rodolfo Dubo,1982,6,Mediocampista,3,3,0,0,0,0.0,1,0,0,0,3,22
4367,Rodolfo Gamarra,2010,23,Delantero,0,0,0,5,0,0.0,0,0,0,0,0,8
7776,Rodolfo Manzo,1978,3,Defensor,6,6,0,0,0,0.0,1,0,2,1,3,8
5336,Rodolfo Orlandini,1930,-,Defensor,3,3,0,2,0,0.0,0,0,3,0,0,2
5962,Rodolfo Pini,1950,-,Mediocampista,0,0,0,4,0,0.0,0,0,0,0,0,1
5989,Rodolfo Sandoval,1970,13,Mediocampista,1,0,0,5,0,0.0,0,0,0,0,1,4
5048,Rodri,1962,17,Defensor,2,2,0,1,0,0.0,0,0,1,0,1,12
5048,Rodri,2022,16,Mediocampista,4,4,0,0,0,0.0,0,0,1,2,1,13
7654,Rodrigo Barrera,1998,21,Delantero,0,0,0,4,0,0.0,0,0,0,0,0,16
5818,Rodrigo Bentancur,2018,6,Mediocampista,5,5,0,0,0,0.0,2,0,4,0,1,5
5818,Rodrigo Bentancur,2022,6,Mediocampista,3,3,0,0,0,0.0,1,0,1,1,1,20
1988,Rodrigo Cordero,2002,19,Mediocampista,0,0,0,3,0,0.0,0,0,0,0,0,19
5230,Rodrigo De Paul,2022,7,Mediocampista,7,7,0,0,0,0.0,0,0,4,2,1,1
2482,Rodrigo Millar,2010,20,Mediocampista,3,1,0,1,1,0.33,1,0,1,0,2,10
5936,Rodrigo Muñoz,2014,12,Arquero,0,0,0,4,0,0.0,0,0,0,0,0,12
5344,Rodrigo Palacio,2006,14,Delantero,1,0,0,4,0,0.0,0,0,1,0,0,6
5344,Rodrigo Palacio,2014,18,Delantero,5,0,0,2,0,0.0,0,0,3,1,1,2
7856,Rodrigo Ruiz,1950,-,Defensor,1,1,0,2,0,0.0,0,0,0,0,1,12
769,Rodrigo Tello,2010,21,Mediocampista,1,0,0,3,0,0.0,0,0,0,0,1,10
3276,Rodrigues Neto,1978,16,Defensor,4,4,0,3,0,0.0,0,0,3,1,0,3
1789,Rodrygo,2022,21,Delantero,5,1,0,0,0,0.0,0,0,3,1,1,7
4353,Rogelio Delgado,1986,5,Defensor,4,4,4,0,0,0.0,0,0,1,2,1,13
5241,Rogelio Dominguez,1962,12,Arquero,1,1,0,2,0,0.0,0,0,0,1,0,10
670,Rogelio Farias,1974,19,Mediocampista,2,0,0,1,0,0.0,0,0,0,2,0,11
7723,Rogelio Funes Mori,2022,11,Delantero,1,0,0,2,0,0.0,0,0,1,0,0,22
8055,Roger Bocquet,1950,-,Defensor,3,3,1,0,0,0.0,0,0,1,1,1,6
8055,Roger Bocquet,1954,4,Defensor,4,4,4,0,0,0.0,0,0,2,0,2,5
1232,Roger Byrne,1954,3,Defensor,3,3,0,0,0,0.0,0,0,1,1,1,7
3882,Roger Courtois,1934,-,Delantero,0,0,0,1,0,0.0,0,0,0,0,0,9
3882,Roger Courtois,1938,-,Delantero,0,0,0,2,0,0.0,0,0,0,0,0,8
209,Roger Espinoza,2010,13,Delantero,2,2,0,1,0,0.0,0,0,0,0,2,30
209,Roger Espinoza,2014,15,Mediocampista,3,3,0,0,0,0.0,0,0,0,0,3,31
898,Roger Feutmba,1990,19,Mediocampista,0,0,0,5,0,0.0,0,0,0,0,0,7
1994,Roger Flores,1990,3,Defensor,4,4,4,0,1,0.25,0,0,2,0,2,13
2000,Roger Gomez,1990,12,Mediocampista,3,3,0,1,0,0.0,2,0,2,0,1,13
1302,Roger Hunt,1962,18,Delantero,0,0,0,4,0,0.0,0,0,0,0,0,8
1302,Roger Hunt,1966,21,Delantero,6,6,0,0,3,0.5,0,0,5,1,0,1
3453,Roger Ljung,1990,5,Defensor,1,1,0,2,0,0.0,0,0,0,0,1,21
3453,Roger Ljung,1994,5,Defensor,6,6,0,1,1,0.17,2,0,2,3,1,3
3987,Roger Marche,1954,7,Defensor,1,1,1,1,0,0.0,0,0,1,0,0,9
3987,Roger Marche,1958,6,Defensor,1,1,1,5,0,0.0,0,0,0,0,1,3
8147,Roger Mathis,1954,6,Defensor,0,0,0,4,0,0.0,0,0,0,0,0,5
936,Roger Milla,1982,9,Delantero,3,3,0,0,0,0.0,1,0,0,3,0,17
936,Roger Milla,1990,9,Delantero,5,0,0,0,4,0.8,2,0,3,0,2,7
936,Roger Milla,1994,9,Delantero,2,0,0,1,1,0.5,0,0,0,0,2,22
7429,Roger Nilsen,1994,14,Defensor,0,0,0,3,0,0.0,0,0,0,0,0,17
4007,Roger Piantoni,1958,20,Delantero,5,5,0,1,3,0.6,0,0,3,0,2,3
8172,Roger Quinche,1950,-,Mediocampista,3,3,0,0,0,0.0,0,0,1,1,1,6
4023,Roger Rio,1934,-,Mediocampista,1,1,0,0,0,0.0,0,0,0,0,1,9
2453,Roger Saint-Vil,1974,15,Delantero,1,1,0,2,0,0.0,0,0,0,0,1,15
8216,Roger Vonlanthen,1954,22,Delantero,4,4,0,0,0,0.0,0,0,2,0,2,5
8216,Roger Vonlanthen,1962,20,Delantero,2,2,0,1,0,0.0,0,0,0,0,2,16
1790,Rogerio Ceni,2002,22,Arquero,0,0,0,7,0,0.0,0,0,0,0,0,1
1790,Rogerio Ceni,2006,12,Arquero,1,0,0,4,0,0.0,0,0,1,0,0,5
3336,Roland Aman,1978,14,Defensor,0,0,0,3,0,0.0,0,0,0,0,0,13
3347,Roland Andersson,1978,20,Defensor,0,0,0,3,0,0.0,0,0,0,0,0,13
3396,Roland Grip,1970,5,Defensor,3,3,0,0,0,0.0,0,0,1,1,1,9
3396,Roland Grip,1974,13,Defensor,3,2,0,3,0,0.0,0,0,1,1,1,5
4576,Roland Hattenberger,1978,6,Mediocampista,0,0,0,6,0,0.0,0,0,0,0,0,7
4576,Roland Hattenberger,1982,6,Mediocampista,4,4,0,1,0,0.0,1,0,2,0,2,8
3503,Roland Sandberg,1974,11,Delantero,6,6,0,0,2,0.33,0,0,2,2,2,5
3306,Rolando,2010,4,Defensor,0,0,0,4,0,0.0,0,0,0,0,0,11
4349,Rolando Chilavert,1986,19,Mediocampista,0,0,0,4,0,0.0,0,0,0,0,0,13
1996,Rolando Fonseca,2002,7,Delantero,2,1,0,1,0,0.0,0,0,1,0,1,19
7728,Rolando Garcia,1974,2,Defensor,3,3,0,0,0,0.0,1,0,0,2,1,11
5287,Rolando Irusta,1966,2,Arquero,0,0,0,4,0,0.0,0,0,0,0,0,5
2721,Rolando Serrano,1962,10,Mediocampista,2,2,0,1,0,0.0,0,0,0,1,1,14
7412,Rolf Holmberg,1938,-,Mediocampista,1,1,0,0,0,0.0,0,0,0,0,1,12
7417,Rolf Johannesen,1938,-,Defensor,1,1,0,0,0,0.0,0,0,0,0,1,12
6264,Rolf Ruessmann,1978,4,Defensor,6,6,0,0,0,0.0,0,0,1,4,1,6
8226,Rolf Wuethrich,1962,21,Mediocampista,3,3,0,0,1,0.33,0,0,0,0,3,16
8400,Romain Saïss,2018,6,Defensor,2,2,0,1,0,0.0,0,0,0,1,1,27
8400,Romain Saïss,2022,6,Defensor,6,6,6,1,1,0.17,1,0,3,2,1,4
8063,Roman Bürki,2014,21,Arquero,0,0,0,4,0,0.0,0,0,0,0,0,11
8063,Roman Bürki,2018,21,Arquero,0,0,0,4,0,0.0,0,0,0,0,0,14
3077,Roman Jakobczak,1974,15,Delantero,0,0,0,7,0,0.0,0,0,0,0,0,3
4610,Roman Mahlich,1998,17,Mediocampista,3,3,0,0,0,0.0,0,0,0,2,1,23
8433,Román Torres,2018,5,Defensor,3,3,3,0,0,0.0,0,0,0,0,3,32
6314,Roman Weidenfeller,2014,22,Arquero,0,0,0,7,0,0.0,0,0,0,0,0,1
3180,Roman Wojcicki,1978,20,Defensor,0,0,0,6,0,0.0,0,0,0,0,0,5
3180,Roman Wojcicki,1982,12,Defensor,1,0,0,6,0,0.0,1,0,1,0,0,3
3180,Roman Wojcicki,1986,5,Defensor,4,4,0,0,0,0.0,1,0,1,1,2,14
430,Roman Zobnin,2018,11,Mediocampista,5,5,0,0,0,0.0,1,0,2,2,1,8
5633,Romano Fogli,1966,7,Mediocampista,1,1,0,2,0,0.0,0,0,0,0,1,9
6793,Romaric,2006,22,Mediocampista,1,1,0,2,0,0.0,0,0,0,0,1,19
6793,Romaric,2010,13,Mediocampista,3,1,0,0,1,0.33,0,0,1,1,1,17
1791,Romario,1990,11,Delantero,1,1,0,3,0,0.0,0,0,1,0,0,9
1791,Romario,1994,11,Delantero,7,7,0,0,5,0.71,0,0,5,2,0,1
41,Romario Ibarra,2022,10,Mediocampista,2,1,0,1,0,0.0,0,0,1,1,0,18
6648,Romelu Lukaku,2014,9,Delantero,4,2,0,1,1,0.25,0,0,3,0,1,6
6648,Romelu Lukaku,2018,9,Delantero,6,6,0,1,4,0.67,0,0,5,0,1,3
6648,Romelu Lukaku,2022,9,Delantero,2,0,0,1,0,0.0,0,0,0,1,1,23
5543,Romeo Benetti,1974,4,Mediocampista,3,3,0,0,1,0.33,1,0,1,1,1,10
5543,Romeo Benetti,1978,10,Mediocampista,6,6,0,1,1,0.17,2,0,4,1,1,4
1792,Romeu,1938,-,Delantero,4,4,0,1,3,0.75,0,0,2,1,1,3
4709,Romildo Etcheverry,1930,-,Mediocampista,1,1,0,1,0,0.0,0,0,0,0,1,9
1273,Ron Flowers,1962,6,Mediocampista,4,4,0,0,2,0.5,0,0,1,1,2,8
1273,Ron Flowers,1966,17,Mediocampista,0,0,0,6,0,0.0,0,0,0,0,0,1
2546,Ron Hewitt,1958,8,Delantero,3,3,0,2,0,0.0,0,0,1,1,1,5
6326,Ron-Robert Zieler,2014,12,Arquero,0,0,0,7,0,0.0,0,0,0,0,0,1
1398,Ron Springett,1962,1,Arquero,4,4,0,0,0,0.0,0,0,1,1,2,8
1398,Ron Springett,1966,12,Arquero,0,0,0,6,0,0.0,0,0,0,0,0,1
1399,Ron Staniforth,1954,2,Defensor,3,3,0,0,0,0.0,0,0,1,1,1,7
6528,Ron Vlaar,2014,2,Defensor,7,7,0,0,0,0.0,0,0,5,2,0,3
5811,Ronald Araújo,2022,4,Defensor,0,0,0,3,0,0.0,0,0,0,0,0,20
1244,Ronald Clayton,1958,15,Mediocampista,1,1,0,3,0,0.0,0,0,0,0,1,11
6382,Ronald De Boer,1994,9,Mediocampista,3,2,0,2,0,0.0,0,0,1,0,2,7
6382,Ronald De Boer,1998,7,Mediocampista,6,6,0,1,2,0.33,0,0,3,3,0,4
2160,Ronald Fuentes,1998,3,Defensor,4,4,0,0,0,0.0,1,0,0,3,1,16
8423,Ronald Gomez,2006,11,Delantero,3,3,0,0,1,0.33,1,0,0,0,3,31
2004,Ronald Gonzalez,1990,4,Defensor,4,4,0,0,1,0.25,1,0,2,0,2,13
6431,Ronald Koeman,1990,4,Defensor,4,4,0,0,1,0.25,0,0,0,3,1,15
6431,Ronald Koeman,1994,4,Defensor,5,5,5,0,0,0.0,1,0,3,0,2,7
5903,Ronald Langon,1962,19,Delantero,1,1,0,2,0,0.0,0,0,1,0,0,13
2019,Ronald Marin,1990,15,Defensor,0,0,0,4,0,0.0,0,0,0,0,0,13
2022,Rónald Matarrita,2022,22,Defensor,2,0,0,1,0,0.0,0,0,0,0,2,27
6323,Ronald Worm,1978,19,Delantero,0,0,0,6,0,0.0,0,0,0,0,0,6
1793,Ronaldao,1994,4,Defensor,0,0,0,7,0,0.0,0,0,0,0,0,1
1794,Ronaldinho,2002,11,Mediocampista,5,5,0,2,2,0.4,1,1,5,0,0,1
1794,Ronaldinho,2006,10,Mediocampista,5,5,0,0,0,0.0,0,0,4,0,1,5
3307,Ronaldo,1994,20,Delantero,0,0,0,7,0,0.0,0,0,0,0,0,1
3307,Ronaldo,1998,9,Delantero,7,7,0,0,4,0.57,0,0,4,1,2,2
3307,Ronaldo,2002,9,Delantero,7,7,0,0,8,1.14,0,0,7,0,0,1
3408,Ronnie Hellstrom,1970,1,Arquero,1,1,0,2,0,0.0,0,0,0,0,1,9
3408,Ronnie Hellstrom,1974,1,Arquero,6,6,0,0,0,0.0,0,0,2,2,2,5
3408,Ronnie Hellstrom,1978,1,Arquero,3,3,0,0,0,0.0,0,0,0,1,2,13
7489,Ronnie Whelan,1990,6,Mediocampista,1,0,0,4,0,0.0,0,0,0,1,0,8
7489,Ronnie Whelan,1994,18,Mediocampista,1,0,0,3,0,0.0,0,0,0,1,0,16
7420,Ronny Johnsen,1998,3,Defensor,4,4,0,0,0,0.0,0,0,1,2,1,15
3494,Ronny Pettersson,1970,17,Arquero,0,0,0,3,0,0.0,0,0,0,0,0,9
1796,Roque Junior,2002,4,Defensor,6,6,0,1,0,0.0,2,0,6,0,0,1
5920,Roque Maspoli,1950,-,Arquero,3,3,0,1,0,0.0,0,0,2,1,0,1
5920,Roque Maspoli,1954,1,Arquero,5,5,0,0,0,0.0,0,0,3,0,2,4
4419,Roque Santa Cruz,2002,9,Delantero,4,4,0,0,1,0.25,1,0,1,1,2,16
4419,Roque Santa Cruz,2006,9,Delantero,3,3,0,0,0,0.0,0,0,1,0,2,18
4419,Roque Santa Cruz,2010,9,Delantero,5,3,0,0,0,0.0,1,0,1,3,1,8
5119,Rory Fallon,2010,14,Delantero,3,3,0,0,0,0.0,1,0,0,3,0,22
2952,Rosen Kirilov,1998,21,Defensor,0,0,0,3,0,0.0,0,0,0,0,0,29
7754,Rosendo Hernandez,1950,-,Delantero,2,2,0,4,0,0.0,0,0,1,0,1,4
1209,Ross Barkley,2014,21,Mediocampista,3,1,0,0,0,0.0,1,0,0,1,2,26
595,Rostilav Vojacek,1982,6,Defensor,2,2,0,1,0,0.0,0,0,0,1,1,19
4094,Rouzbeh Cheshmi,2018,4,Defensor,1,1,0,2,0,0.0,0,0,1,0,0,18
4094,Rouzbeh Cheshmi,2022,15,Defensor,2,1,0,1,1,0.5,0,0,1,0,1,26
2281,Roy Aitken,1986,8,Mediocampista,3,3,0,0,0,0.0,0,0,0,1,2,19
2281,Roy Aitken,1990,3,Mediocampista,3,3,3,0,0,0.0,0,0,1,0,2,18
3348,Roy Andersson,1978,3,Defensor,3,3,0,0,0,0.0,0,0,0,1,2,13
1218,Roy Bentley,1950,-,Delantero,2,2,0,1,0,0.0,0,0,1,0,1,8
7461,Roy Keane,1994,6,Mediocampista,4,4,0,0,0,0.0,1,0,1,1,2,16
7461,Roy Keane,2002,6,Mediocampista,0,0,0,4,0,0.0,0,0,0,0,0,12
2025,Roy Miller,2014,19,Defensor,1,1,0,4,0,0.0,0,0,0,1,0,8
2029,Roy Myers,1990,17,Delantero,1,0,0,3,0,0.0,0,0,0,0,1,13
2272,Roy Rea,1958,18,Arquero,0,0,0,5,0,0.0,0,0,0,0,0,7
2567,Roy Vernon,1958,18,Delantero,1,1,0,4,0,0.0,0,0,0,1,0,5
2898,Roy Wegerle,1994,10,Delantero,4,0,0,0,0,0.0,0,0,1,1,2,14
2898,Roy Wegerle,1998,7,Mediocampista,2,1,0,1,0,0.0,0,0,0,0,2,32
5170,Ruben Ayala,1974,2,Delantero,6,6,0,0,1,0.17,0,0,1,2,3,8
4874,Ruben Baraja,2002,8,Mediocampista,4,4,0,1,0,0.0,2,0,2,2,0,5
5814,Ruben Bareno,1970,17,Delantero,1,1,0,5,0,0.0,0,0,0,1,0,4
5051,Ruben Cano,1978,20,Delantero,1,1,0,2,0,0.0,0,0,0,0,1,10
5844,Ruben Corbo,1974,11,Delantero,2,2,0,1,0,0.0,0,0,0,1,1,13
2144,Ruben Correa,1970,12,Arquero,0,0,0,4,0,0.0,0,0,0,0,0,7
3223,Rúben Dias,2018,13,Defensor,0,0,0,4,0,0.0,0,0,0,0,0,13
3223,Rúben Dias,2022,4,Defensor,4,4,0,1,0,0.0,1,0,3,0,1,8
8420,Ruben Diaz,1978,5,Defensor,4,4,0,2,0,0.0,0,0,2,1,1,8
5264,Ruben Galvan,1978,8,Defensor,0,0,0,7,0,0.0,0,0,0,0,0,1
5270,Ruben Glaria,1974,9,Defensor,3,1,0,3,0,0.0,0,0,0,1,2,8
5894,Ruben Gonzalez,1962,17,Defensor,0,0,0,3,0,0.0,0,0,0,0,0,13
7754,Ruben Hernandez,1990,22,Delantero,1,0,0,3,0,0.0,0,0,0,0,1,14
1328,Ruben Loftus-Cheek,2018,21,Mediocampista,4,3,0,3,0,0.0,1,0,2,0,2,4
700,Ruben Marcos,1966,12,Mediocampista,3,3,0,0,2,0.67,1,0,0,1,2,13
7474,Ruben Moran,1950,-,Delantero,1,1,0,3,0,0.0,0,0,1,0,0,1
7803,Ruben Navarro,1962,15,Defensor,2,2,2,1,0,0.0,0,0,1,0,1,10
3277,Rúben Neves,2022,18,Mediocampista,5,4,0,0,0,0.0,1,0,3,0,2,8
5343,Ruben Pagnanini,1978,18,Defensor,0,0,0,7,0,0.0,0,0,0,0,0,1
5950,Ruben Paz,1986,18,Mediocampista,1,0,0,3,0,0.0,0,0,0,0,1,16
5950,Ruben Paz,1990,10,Mediocampista,3,3,0,1,0,0.0,0,0,1,1,1,16
5957,Ruben Pereira,1990,20,Mediocampista,2,2,0,2,0,0.0,0,0,0,1,1,16
8420,Ruben Ruiz Diaz,1998,22,Arquero,0,0,0,4,0,0.0,0,0,0,0,0,14
6003,Ruben Soria,1962,15,Defensor,0,0,0,3,0,0.0,0,0,0,0,0,13
6007,Ruben Sosa,1990,11,Delantero,4,3,0,0,0,0.0,1,0,1,1,2,16
1797,Rubens,1954,20,Delantero,0,0,0,3,0,0.0,0,0,0,0,0,6
2537,Rubin Colwill,2022,25,Defensor,1,0,0,2,0,0.0,0,0,0,0,1,30
6144,Rudi Hoffmann,1958,18,Defensor,0,0,0,6,0,0.0,0,0,0,0,0,4
6164,Rudi Kargus,1978,21,Arquero,0,0,0,6,0,0.0,0,0,0,0,0,6
6696,Rudi Smidts,1994,5,Defensor,4,3,0,0,0,0.0,1,0,2,0,2,11
4660,Rudi Viertl,1934,-,Delantero,4,4,0,0,0,0.0,0,0,2,0,2,4
6306,Rudi Voeller,1986,9,Delantero,6,4,0,1,3,0.5,0,0,3,1,2,2
6306,Rudi Voeller,1990,9,Delantero,6,6,0,1,3,0.5,2,1,4,2,0,1
6306,Rudi Voeller,1994,13,Delantero,3,2,0,2,2,0.67,1,0,1,1,1,5
1860,Rudolf Buerger,1930,-,Defensor,2,2,0,0,0,0.0,0,0,1,0,1,8
1860,Rudolf Buerger,1938,-,Defensor,2,2,0,0,0,0.0,0,0,0,1,1,9
6104,Rudolf Gellesch,1938,-,Delantero,1,1,0,1,0,0.0,0,0,0,1,0,10
6113,Rudolf Gramlich,1934,-,Mediocampista,1,1,0,3,0,0.0,0,0,1,0,0,3
1896,Rudolf Kotormany,1934,-,Mediocampista,1,1,0,0,0,0.0,0,0,0,0,1,12
512,Rudolf Krcil,1934,-,Mediocampista,4,4,0,0,0,0.0,0,0,3,0,1,2
6234,Rudolf Noack,1934,-,Delantero,1,1,0,3,1,1.0,0,0,0,0,1,3
6250,Rudolf Raftl,1934,-,Arquero,0,0,0,4,0,0.0,0,0,0,0,0,4
6250,Rudolf Raftl,1938,-,Arquero,2,2,0,0,0,0.0,0,0,0,1,1,10
4656,Rudolf Szanwald,1958,1,Arquero,2,2,0,1,0,0.0,0,0,0,1,1,15
1957,Rudolf Wetzer,1930,-,Delantero,2,2,0,0,0,0.0,0,0,1,0,1,8
8112,Ruedi Gyger,1950,-,Defensor,0,0,0,3,0,0.0,0,0,0,0,0,6
6035,Ruediger Abramczik,1978,7,Delantero,3,3,0,3,1,0.33,1,0,0,2,1,6
2519,Ruediger Schnuphase,1974,6,Mediocampista,2,2,0,4,0,0.0,0,0,0,1,1,6
3308,Rui Aguas,1986,19,Delantero,1,0,0,2,0,0.0,0,0,0,0,1,17
3310,Rui Jorge,2002,23,Defensor,3,3,0,0,0,0.0,0,0,1,0,2,21
7942,Rui Marques,2006,15,Defensor,2,0,0,1,0,0.0,0,0,0,2,0,23
3284,Rui Patricio,2014,12,Arquero,1,1,0,2,0,0.0,0,0,0,0,1,18
3284,Rui Patricio,2018,1,Arquero,4,4,0,0,0,0.0,0,0,1,2,1,13
3284,Rui Patricio,2022,1,Arquero,0,0,0,5,0,0.0,0,0,0,0,0,8
2938,Rumen Goranov,1974,1,Arquero,2,2,0,1,0,0.0,0,0,0,2,0,12
7139,Runar Alex Runarsson,2018,13,Arquero,0,0,0,3,0,0.0,0,0,0,0,0,28
7395,Rune Bratseth,1994,4,Defensor,3,3,3,0,0,0.0,0,0,1,1,1,17
3368,Rune Carlsson,1934,-,Mediocampista,2,2,0,0,0,0.0,0,0,1,0,1,8
7131,Rúrik Gíslason,2018,19,Mediocampista,2,1,0,1,0,0.0,0,0,0,1,1,28
365,Ruslan Nigmatullin,2002,1,Arquero,3,3,0,0,0,0.0,0,0,1,0,2,22
372,Ruslan Pimenov,2002,19,Delantero,2,2,0,1,0,0.0,1,0,1,0,1,22
7113,Ruslan Rotan,2006,21,Mediocampista,3,1,0,2,0,0.0,0,0,1,1,1,8
614,Russell Latapy,2006,10,Delantero,1,0,0,2,0,0.0,0,0,0,0,1,27
1798,Russinho,1930,-,Delantero,1,1,0,1,0,0.0,0,0,1,0,0,6
5482,Rustu Recber,2002,1,Arquero,7,7,0,0,0,0.0,1,0,4,1,2,3
6406,Ruud Geels,1974,1,Delantero,0,0,0,7,0,0.0,0,0,0,0,0,2
6409,Ruud Gullit,1990,10,Mediocampista,4,4,4,0,1,0.25,0,0,0,3,1,15
6414,Ruud Hesp,1998,22,Arquero,0,0,0,7,0,0.0,0,0,0,0,0,4
6434,Ruud Krol,1974,12,Defensor,7,7,0,0,1,0.14,0,0,5,1,1,2
6434,Ruud Krol,1978,5,Defensor,7,7,7,0,0,0.0,1,0,3,2,2,2
6517,Ruud Van Nistelrooij,2006,9,Delantero,3,3,0,1,1,0.33,0,0,2,1,0,11
1799,Ruy,1950,-,Mediocampista,1,1,0,5,0,0.0,0,0,0,1,0,2
6842,Ryad Boudebouz,2010,7,Mediocampista,1,1,0,2,0,0.0,0,0,0,1,0,28
6358,Ryan Babel,2006,21,Delantero,1,0,0,3,0,0.0,0,0,0,1,0,11
6358,Ryan Babel,2010,19,Delantero,0,0,0,7,0,0.0,0,0,0,0,0,2
7340,Ryan McGowan,2014,19,Defensor,3,2,0,0,0,0.0,0,0,0,0,3,30
5130,Ryan Nelsen,2010,6,Defensor,3,3,3,0,0,0.0,2,0,0,3,0,22
7978,Ryong Woon Kang,1966,10,Mediocampista,1,1,0,3,0,0.0,0,0,0,0,1,8
157,Ryota Oshima,2018,18,Mediocampista,0,0,0,4,0,0.0,0,0,0,0,0,15
3094,Ryszard Komornicki,1986,13,Mediocampista,3,3,0,1,0,0.0,0,0,1,1,1,14
3141,Ryszard Piec,1938,-,Delantero,1,1,0,0,0,0.0,0,0,0,0,1,11
3168,Ryszard Tarasiewicz,1986,7,Mediocampista,1,1,0,3,0,0.0,0,0,0,0,1,14
129,Ryuzo Morioka,2002,4,Defensor,1,1,1,3,0,0.0,0,0,0,1,0,9
4765,Saad Al Harthi,2006,11,Delantero,1,1,0,2,0,0.0,0,0,0,0,1,28
7906,Saad Al Hutti,1982,6,Mediocampista,3,3,3,0,0,0.0,0,0,0,1,2,21
6331,Saad Al Sheeb,2022,1,Arquero,1,1,0,2,0,0.0,1,0,0,0,1,32
2113,Saad Samir,2018,20,Defensor,0,0,0,3,0,0.0,0,0,0,0,0,31
2072,Saber Eid,1990,15,Mediocampista,0,0,0,3,0,0.0,0,0,0,0,0,20
8376,Saber Khalifa,2018,19,Delantero,1,0,0,2,0,0.0,0,0,0,0,1,24
7204,Sabri Jaballah,1998,20,Defensor,0,0,0,3,0,0.0,0,0,0,0,0,26
1188,Saddam Karim,1986,9,Delantero,2,2,0,1,0,0.0,1,0,0,0,2,23
4147,Sadegh Moharrami,2022,2,Defensor,1,1,0,2,0,0.0,0,0,0,0,1,26
1047,Sadio Mané,2018,10,Delantero,3,3,2,0,1,0.33,0,0,1,1,1,17
7244,Sadouk Sassi,1978,1,Arquero,0,0,0,3,0,0.0,0,0,0,0,0,9
4104,Saeid Ezatolahi,2018,6,Mediocampista,2,2,0,1,0,0.0,0,0,0,1,1,18
4104,Saeid Ezatolahi,2022,6,Mediocampista,3,2,0,0,0,0.0,0,0,1,0,2,26
8029,Safet Susic,1982,13,Delantero,3,3,0,0,0,0.0,0,0,1,1,1,16
8029,Safet Susic,1990,8,Mediocampista,5,5,0,0,1,0.2,0,0,3,1,1,5
4776,Said Al Owayran,1994,10,Delantero,4,4,0,0,1,0.25,0,0,2,0,2,12
4776,Said Al Owayran,1998,10,Delantero,2,2,0,1,0,0.0,0,0,0,0,2,28
8329,Said Chiba,1998,8,Mediocampista,2,2,0,1,0,0.0,2,0,0,1,1,18
8336,Said Dghay,1994,12,Arquero,0,0,0,3,0,0.0,0,0,0,0,0,23
1189,Said Hussein,1986,10,Delantero,1,1,0,2,0,0.0,0,0,0,0,1,23
7219,Saîf-Eddine Khaoui,2018,7,Delantero,1,1,0,2,0,0.0,0,0,0,0,1,24
6831,Salah Assad,1982,7,Delantero,3,3,0,0,2,0.67,0,0,2,0,1,13
6831,Salah Assad,1986,7,Delantero,2,2,0,1,0,0.0,0,0,0,1,1,22
7214,Salah Karoui,1978,14,Delantero,1,0,0,2,0,0.0,0,0,1,0,0,9
6873,Salah Larbes,1982,12,Defensor,2,1,0,1,0,0.0,0,0,2,0,0,13
8309,Salaheddine Bassir,1998,14,Delantero,3,3,0,0,2,0.67,0,0,1,1,1,18
8368,Salaheddine Hmied,1986,12,Arquero,0,0,0,4,0,0.0,0,0,0,0,0,11
4755,Saleh Al Dawood,1994,15,Defensor,0,0,0,4,0,0.0,0,0,0,0,0,12
4814,Saleh Al-Shehri,2022,11,Delantero,3,3,0,0,1,0.33,1,0,1,0,2,25
4797,Salem Al-Dawsari,2018,18,Mediocampista,3,3,0,0,1,0.33,0,0,1,0,2,26
6333,Salem Al-Hajri,2022,20,Mediocampista,0,0,0,3,0,0.0,0,0,0,0,0,32
1025,Salif Diao,2002,15,Mediocampista,3,3,0,2,1,0.33,1,1,1,1,1,7
1067,Salif Sané,2018,6,Mediocampista,3,3,0,0,0,0.0,1,0,1,1,1,17
1440,Salis Abdul Samed,2022,21,Mediocampista,3,3,0,0,0,0.0,0,0,1,0,2,24
4798,Salman Al-Faraj,2018,7,Mediocampista,3,3,0,0,1,0.33,0,0,1,0,2,26
4798,Salman Al-Faraj,2022,7,Mediocampista,1,1,1,2,0,0.0,0,0,1,0,0,25
6785,Salomon Kalou,2010,8,Delantero,3,2,0,0,1,0.33,0,0,1,1,1,17
6785,Salomon Kalou,2014,8,Delantero,3,2,0,0,0,0.0,1,0,1,0,2,21
959,Salomon Olembe,1998,20,Mediocampista,3,2,0,0,0,0.0,0,0,0,2,1,25
959,Salomon Olembe,2002,20,Defensor,3,2,0,0,0,0.0,1,0,1,1,1,20
4330,Salvador Cabañas,2006,7,Mediocampista,0,0,0,3,0,0.0,0,0,0,0,0,18
7678,Salvador Carmona,1998,18,Defensor,2,1,0,2,0,0.0,1,0,0,1,1,13
7678,Salvador Carmona,2002,16,Defensor,4,4,0,0,0,0.0,1,0,2,1,1,11
7714,Salvador Farfan,1962,16,Mediocampista,0,0,0,3,0,0.0,0,0,0,0,0,11
827,Salvador Flamenco Cabezas,1970,10,Delantero,3,3,0,0,0,0.0,1,0,0,0,3,16
4364,Salvador Flores,1930,-,Defensor,1,1,0,1,0,0.0,0,0,1,0,0,9
836,Salvador Mariona,1970,3,Defensor,3,3,3,0,0,0.0,1,0,0,0,3,16
7795,Salvador Mota,1954,12,Arquero,1,1,0,1,0,0.0,0,0,0,0,1,13
7839,Salvador Reyes,1958,8,Delantero,3,3,0,0,0,0.0,0,0,0,1,2,16
7839,Salvador Reyes,1962,8,Delantero,3,3,0,0,0,0.0,0,0,1,0,2,11
7839,Salvador Reyes,1966,19,Delantero,3,3,0,0,0,0.0,0,0,0,2,1,12
5052,Salvador Sadurni,1962,2,Arquero,0,0,0,3,0,0.0,0,0,0,0,0,12
4438,Salvador Villalba,1958,5,Mediocampista,3,3,0,0,0,0.0,0,0,1,1,1,12
5534,Salvatore Bagni,1986,10,Mediocampista,4,4,0,0,0,0.0,1,0,1,2,1,12
5552,Salvatore Bocchetti,2010,13,Defensor,0,0,0,3,0,0.0,0,0,0,0,0,26
5758,Salvatore Schillaci,1990,19,Delantero,7,5,0,0,6,0.86,0,0,6,1,0,3
5766,Salvatore Sirigu,2014,12,Arquero,1,1,0,2,0,0.0,0,0,1,0,0,22
2456,Sam Adekugbe,2022,3,Defensor,3,1,0,0,0,0.0,1,0,0,0,3,31
5124,Sam Malcolmson,1982,11,Defensor,1,1,0,2,0,0.0,0,0,0,0,1,23
2258,Sam Mcilroy,1982,10,Mediocampista,5,5,0,0,0,0.0,1,0,1,3,1,9
2258,Sam Mcilroy,1986,8,Mediocampista,3,3,3,0,0,0.0,1,0,0,1,2,21
2103,Sam Morsy,2018,5,Mediocampista,1,0,0,2,0,0.0,1,0,0,0,1,31
7018,Sam Soo Kim,1986,18,Mediocampista,0,0,0,3,0,0.0,0,0,0,0,0,20
4108,Saman Ghoddos,2018,14,Delantero,3,0,0,0,0,0.0,0,0,1,1,1,18
4108,Saman Ghoddos,2022,14,Mediocampista,1,0,0,2,0,0.0,0,0,0,0,1,26
7905,Sami Al Hashash,1982,15,Defensor,0,0,0,3,0,0.0,0,0,0,0,0,21
4768,Sami Al Jaber,1994,12,Delantero,2,2,0,2,1,0.5,0,0,1,0,1,12
4768,Sami Al Jaber,1998,9,Delantero,3,3,0,0,1,0.33,1,0,0,1,2,28
4768,Sami Al Jaber,2002,9,Delantero,1,1,1,2,0,0.0,0,0,0,0,1,32
4768,Sami Al Jaber,2006,9,Delantero,3,1,1,0,1,0.33,1,0,0,1,2,28
4810,Sami Al-Najei,2022,16,Mediocampista,1,1,0,2,0,0.0,0,0,0,0,1,25
6168,Sami Khedira,2010,6,Mediocampista,7,7,0,0,1,0.14,1,0,5,0,2,3
6168,Sami Khedira,2014,6,Mediocampista,5,4,0,2,1,0.2,1,0,4,1,0,1
6168,Sami Khedira,2018,6,Mediocampista,2,2,0,1,0,0.0,0,0,0,0,2,22
1140,Sammir,2014,19,Mediocampista,1,1,0,2,0,0.0,0,0,1,0,0,19
1447,Sammy Adjei,2006,1,Arquero,0,0,0,4,0,0.0,0,0,0,0,0,13
2285,Sammy Baird,1958,13,Mediocampista,1,1,0,2,1,1.0,0,0,0,0,1,14
6555,Sammy Bossut,2014,13,Arquero,0,0,0,5,0,0.0,0,0,0,0,0,6
2234,Sammy Chapman,1958,20,Mediocampista,0,0,0,5,0,0.0,0,0,0,0,0,7
2255,Sammy Mccrory,1958,15,Delantero,0,0,0,5,0,0.0,0,0,0,0,0,7
943,Sammy Ndjock,2014,23,Arquero,0,0,0,3,0,0.0,0,0,0,0,0,32
3275,Sammy Nelson,1982,13,Defensor,2,1,0,3,0,0.0,0,0,1,1,0,9
4532,Samson Siasia,1994,12,Delantero,3,3,0,1,1,0.33,0,0,2,0,1,9
4298,Samuel Aguilar,1958,12,Arquero,2,2,0,1,0,0.0,0,0,1,1,0,12
7699,Samuel Cuburu,1950,-,Mediocampista,1,1,0,2,0,0.0,0,0,0,0,1,12
885,Samuel Ekeme,1994,4,Defensor,0,0,0,3,0,0.0,0,0,0,0,0,22
894,Samuel Eto'o,1998,11,Delantero,1,0,0,2,0,0.0,0,0,0,0,1,25
894,Samuel Eto'o,2002,9,Delantero,3,3,0,0,1,0.33,0,0,1,1,1,20
894,Samuel Eto'o,2010,9,Delantero,3,3,3,0,2,0.67,0,0,0,0,3,31
894,Samuel Eto'o,2014,9,Delantero,1,1,1,2,0,0.0,0,0,0,0,1,32
7130,Samúel Fridjónsson,2018,3,Mediocampista,0,0,0,3,0,0.0,0,0,0,0,0,28
1475,Samuel Inkoom,2010,7,Defensor,2,2,0,3,0,0.0,0,0,1,1,0,7
1475,Samuel Inkoom,2014,2,Defensor,0,0,0,3,0,0.0,0,0,0,0,0,25
905,Samuel Ipoua,1998,18,Delantero,2,2,0,1,0,0.0,1,0,0,1,1,25
1480,Samuel Kuffour,2006,4,Defensor,1,1,0,3,0,0.0,0,0,0,0,1,13
966,Samuel Oum Gouet,2022,14,Mediocampista,2,1,0,1,0,0.0,0,0,0,1,1,19
2491,Samuel Piette,2022,6,Mediocampista,0,0,0,3,0,0.0,0,0,0,0,0,31
4059,Samuel Umtiti,2018,5,Defensor,6,6,0,1,1,0.17,0,0,6,0,0,1
1958,Samuel Zauber,1930,-,Arquero,0,0,0,2,0,0.0,0,0,0,0,0,8
6368,Sander Boschker,2010,22,Arquero,0,0,0,7,0,0.0,0,0,0,0,0,2
7499,Sandor Biro,1934,-,Defensor,0,0,0,2,0,0.0,0,0,0,0,0,6
7529,Sandor Geller,1954,21,Arquero,0,0,0,5,0,0.0,0,0,0,0,0,2
7532,Sandor Gujdar,1978,1,Arquero,2,2,0,1,0,0.0,0,0,0,0,2,15
7552,Sandor Kocsis,1954,8,Delantero,5,5,0,0,11,2.2,0,0,4,0,1,2
7568,Sandor Matrai,1958,2,Defensor,4,4,0,0,0,0.0,0,0,1,1,2,10
7568,Sandor Matrai,1962,2,Defensor,4,4,0,0,0,0.0,0,0,2,1,1,5
7568,Sandor Matrai,1966,3,Defensor,4,4,0,0,0,0.0,0,0,2,0,2,6
7574,Sandor Muller,1982,5,Mediocampista,2,2,0,1,0,0.0,0,0,1,1,0,14
7584,Sandor Pinter,1978,10,Mediocampista,3,3,0,0,0,0.0,0,0,0,0,3,15
7593,Sandor Sallai,1982,14,Defensor,3,2,0,0,0,0.0,0,0,1,1,1,14
7593,Sandor Sallai,1986,2,Defensor,3,3,0,0,0,0.0,0,0,1,0,2,18
7633,Sandor Zombori,1978,5,Mediocampista,3,3,0,0,1,0.33,1,0,0,0,3,15
5590,Sandro Cois,1998,13,Mediocampista,0,0,0,5,0,0.0,0,0,0,0,0,5
5688,Sandro Mazzola,1966,14,Mediocampista,3,3,0,0,1,0.33,0,0,1,0,2,9
5688,Sandro Mazzola,1970,15,Mediocampista,6,6,0,0,0,0.0,0,0,3,2,1,2
5688,Sandro Mazzola,1974,7,Mediocampista,3,3,0,0,0,0.0,0,0,1,1,1,10
5756,Sandro Salvadore,1962,4,Defensor,3,3,0,0,0,0.0,0,0,1,1,1,9
5756,Sandro Salvadore,1966,22,Defensor,2,2,2,1,0,0.0,0,0,1,0,1,9
2350,Sandy Jardine,1974,2,Defensor,3,3,0,0,0,0.0,0,0,1,2,0,9
2350,Sandy Jardine,1978,2,Defensor,1,1,0,2,0,0.0,0,0,0,1,0,11
6963,Sang Bum Gu,1990,17,Defensor,2,2,0,1,0,0.0,0,0,0,0,2,22
6963,Sang Bum Gu,1994,17,Mediocampista,0,0,0,3,0,0.0,0,0,0,0,0,20
7095,Sang Chul Yoo,1998,6,Defensor,3,3,3,0,1,0.33,0,0,0,1,2,30
7095,Sang Chul Yoo,2002,6,Mediocampista,7,7,0,0,1,0.14,1,0,3,2,2,4
7064,Sang-ho Na,2022,17,Mediocampista,2,1,0,2,0,0.0,0,0,0,1,1,16
7049,Sang Hun Lee,1998,12,Defensor,1,1,0,2,0,0.0,0,0,0,1,0,30
7092,Sang Kwon Woo,1954,9,Delantero,2,2,0,0,0,0.0,0,0,0,0,2,16
7019,Sang Sik Kim,2006,18,Defensor,2,0,0,1,0,0.0,0,0,1,1,0,17
7050,Sang Yi Lee,1954,5,Mediocampista,0,0,0,2,0,0.0,0,0,0,0,0,16
4493,Sani Kaita,2010,14,Mediocampista,2,2,0,1,0,0.0,0,1,0,0,2,27
3352,Sanny Aslund,1978,21,Delantero,0,0,0,3,0,0.0,0,0,0,0,0,13
2639,Santiago Arias,2014,4,Defensor,3,1,0,2,0,0.0,0,0,3,0,0,5
2639,Santiago Arias,2018,4,Defensor,4,4,0,0,0,0.0,1,0,2,1,1,9
4322,Santiago Benitez,1930,-,Mediocampista,1,1,0,1,0,0.0,0,0,1,0,0,9
4886,Santiago Canizares,1994,13,Arquero,1,1,0,4,0,0.0,0,0,0,1,0,8
4886,Santiago Canizares,1998,13,Arquero,0,0,0,3,0,0.0,0,0,0,0,0,17
4886,Santiago Canizares,2006,19,Arquero,1,1,0,3,0,0.0,0,0,1,0,0,9
4893,Santiago Cazorla,2014,20,Mediocampista,2,1,0,1,0,0.0,0,0,1,0,1,23
839,Santiago Mendez Cortes,1970,4,Defensor,2,1,0,1,0,0.0,0,0,0,0,2,16
5946,Santiago Ostolaza,1990,8,Mediocampista,3,3,0,1,0,0.0,1,0,1,0,2,16
5398,Santiago Santamaria,1982,17,Delantero,2,0,0,3,0,0.0,0,0,1,0,1,11
5083,Santiago Urquiaga,1982,12,Defensor,2,2,0,3,0,0.0,0,0,0,1,1,12
5059,Santillana,1978,10,Delantero,2,2,0,1,0,0.0,0,0,1,1,0,10
5059,Santillana,1982,19,Delantero,2,2,0,3,0,0.0,0,0,0,1,1,12
6019,Santos Urdinaran,1930,-,Delantero,1,1,0,3,0,0.0,0,0,1,0,0,1
7991,Sao Nam Li,1954,7,Delantero,1,1,0,1,0,0.0,0,0,0,0,1,16
6894,Saphir Taïder,2014,19,Mediocampista,2,2,0,2,0,0.0,0,0,0,0,2,14
4085,Sardar Azmoun,2018,20,Delantero,3,3,0,0,0,0.0,1,0,1,1,1,18
4085,Sardar Azmoun,2022,20,Delantero,3,2,0,0,0,0.0,0,0,1,0,2,26
5455,Sargun Burhan,1954,10,Delantero,2,2,0,1,3,1.5,0,0,1,0,1,11
3785,Sasa Gajser,2002,14,Mediocampista,1,0,0,2,0,0.0,0,0,0,0,1,30
3789,Sasa Ilic,2006,22,Mediocampista,1,1,0,2,1,1.0,0,0,0,0,1,32
3640,Sasa Lukic,2022,16,Mediocampista,3,3,0,0,0,0.0,2,0,0,1,2,29
4116,Satar Hamedani,1998,18,Mediocampista,0,0,0,3,0,0.0,0,0,0,0,0,20
7780,Saturnino Martinez,1954,4,Defensor,1,1,0,1,0,0.0,0,0,0,0,1,13
842,Saturnino Osorio,1970,5,Defensor,3,3,0,0,0,0.0,0,0,0,0,3,16
4748,Saud Abdulhamid,2022,12,Defensor,3,3,0,0,0,0.0,1,0,1,0,2,25
4831,Saud Kariri,2006,14,Mediocampista,3,3,0,0,0,0.0,1,0,0,1,2,28
5004,Saúl Ñíguez,2018,7,Mediocampista,0,0,0,4,0,0.0,0,0,0,0,0,10
3660,Savo Milosevic,1998,17,Delantero,2,2,0,2,0,0.0,0,0,2,0,0,10
3660,Savo Milosevic,2006,9,Delantero,3,2,2,0,0,0.0,0,0,0,0,3,32
2597,Savvas Kofidis,1994,19,Mediocampista,3,3,0,0,0,0.0,0,0,0,0,3,24
6791,Sayouba Mandé,2014,23,Arquero,0,0,0,3,0,0.0,0,0,0,0,0,21
5876,Schubert Gambetta,1950,-,Defensor,2,2,0,2,0,0.0,0,0,2,0,0,1
2329,Scot Gemmill,1998,15,Mediocampista,0,0,0,3,0,0.0,0,0,0,0,0,27
8238,Scott Booth,1998,20,Delantero,1,0,0,2,0,0.0,0,0,0,0,1,27
1238,Scott Carson,2006,22,Arquero,0,0,0,5,0,0.0,0,0,0,0,0,7
7297,Scott Chipperfield,2006,14,Defensor,4,4,0,0,0,0.0,0,0,1,1,2,16
7297,Scott Chipperfield,2010,11,Defensor,3,1,0,0,0,0.0,0,0,1,1,1,21
7967,Se Bok An,1966,21,Delantero,0,0,0,4,0,0.0,0,0,0,0,0,8
6987,Se-jong Ju,2018,8,Mediocampista,2,1,0,1,0,0.0,0,0,1,0,1,19
8020,Sead Kolasinac,2014,5,Defensor,2,2,0,1,0,0.0,0,0,1,0,1,20
5800,Sebastian Abreu,2002,13,Delantero,3,3,0,0,0,0.0,1,0,0,2,1,26
5800,Sebastian Abreu,2010,13,Delantero,4,0,0,3,0,0.0,0,0,0,2,2,4
5843,Sebastián Coates,2014,19,Defensor,1,0,0,3,0,0.0,0,0,1,0,0,12
5843,Sebastián Coates,2018,19,Defensor,1,1,0,4,0,0.0,0,0,1,0,0,5
5843,Sebastián Coates,2022,19,Defensor,2,2,0,1,0,0.0,1,0,1,0,1,20
5862,Sebastian Eguren,2010,8,Mediocampista,1,0,0,6,0,0.0,0,0,0,1,0,4
5869,Sebastian Fernandez,2010,21,Delantero,2,0,0,5,0,0.0,0,0,1,0,1,4
8127,Sebastian Kehl,2002,15,Defensor,2,1,0,5,0,0.0,1,0,2,0,0,2
8127,Sebastian Kehl,2006,5,Mediocampista,4,2,0,3,0,0.0,0,0,3,0,1,3
3443,Sebastian Larsson,2018,7,Mediocampista,4,4,0,1,0,0.0,3,0,2,0,2,7
3126,Sebastian Mila,2006,13,Mediocampista,0,0,0,3,0,0.0,0,0,0,0,0,21
6263,Sebastian Rudy,2018,19,Mediocampista,1,1,0,2,0,0.0,0,0,1,0,0,22
3166,Sebastian Szymański,2022,19,Mediocampista,2,2,0,2,0,0.0,0,0,0,1,1,15
5704,Sebastiano Nela,1986,5,Defensor,0,0,0,4,0,0.0,0,0,0,0,0,12
870,Sebastien Bassong,2010,5,Defensor,2,2,0,1,0,0.0,1,0,0,0,2,31
8092,Sebastien Fournier,1994,17,Mediocampista,0,0,0,4,0,0.0,0,0,0,0,0,15
4044,Sebastien Squillaci,2010,17,Defensor,1,1,0,2,0,0.0,0,0,0,0,1,29
3780,Sebastijan Cimirotic,2002,21,Delantero,3,2,0,0,1,0.33,1,0,0,0,3,30
4685,See Han Tan,1938,-,Delantero,0,0,0,1,0,0.0,0,0,0,0,0,15
5837,Segundo Castillo,2006,14,Mediocampista,3,3,0,1,0,0.0,1,0,2,0,1,12
4708,Segundo Durandal,1930,-,Defensor,2,2,0,0,0,0.0,0,0,0,0,2,12
7207,Seifeddine Jaziri,2022,19,Delantero,0,0,0,3,0,0.0,0,0,0,0,0,21
146,Seigo Narazaki,1998,21,Arquero,0,0,0,3,0,0.0,0,0,0,0,0,31
146,Seigo Narazaki,2002,12,Arquero,4,4,0,0,0,0.0,0,0,2,1,1,9
146,Seigo Narazaki,2006,1,Arquero,0,0,0,3,0,0.0,0,0,0,0,0,29
146,Seigo Narazaki,2010,1,Arquero,0,0,0,4,0,0.0,0,0,0,0,0,9
120,Seiichiro Maki,2006,11,Delantero,1,1,0,2,0,0.0,0,0,0,0,1,29
8026,Sejad Salihovic,2014,23,Mediocampista,2,0,0,1,0,0.0,0,0,1,0,1,20
8299,Selim Amallah,2022,15,Mediocampista,7,4,0,0,0,0.0,1,0,3,2,2,4
8021,Senad Lulic,2014,16,Mediocampista,2,2,0,1,0,0.0,0,0,0,0,2,20
3816,Senad Tiganj,2002,16,Delantero,1,0,0,2,0,0.0,0,0,0,0,1,30
8019,Senijad Ibricic,2014,17,Mediocampista,0,0,0,3,0,0.0,0,0,0,0,0,20
1030,Seny Dieng,2022,1,Arquero,0,0,0,4,0,0.0,0,0,0,0,0,10
6977,Seok-Ho Hwang,2014,6,Defensor,1,0,0,2,0,0.0,0,0,0,1,0,27
6965,Seok Ju Ha,1994,16,Mediocampista,2,0,0,1,0,0.0,0,0,0,2,0,20
6965,Seok Ju Ha,1998,17,Mediocampista,2,2,0,1,1,0.5,0,1,0,1,1,30
7063,Seon-min Moon,2018,18,Mediocampista,2,2,0,1,0,0.0,1,0,1,0,1,19
8118,Sepp Huegi,1954,18,Delantero,3,3,0,1,6,2.0,0,0,2,0,1,5
6208,Sepp Maier,1966,22,Arquero,0,0,0,6,0,0.0,0,0,0,0,0,2
6208,Sepp Maier,1970,1,Arquero,5,5,0,1,0,0.0,0,0,4,0,1,3
6208,Sepp Maier,1974,1,Arquero,7,7,0,0,0,0.0,0,0,6,0,1,1
6208,Sepp Maier,1978,1,Arquero,6,6,0,0,0,0.0,1,0,1,4,1,6
6299,Serdar Tasci,2010,5,Defensor,1,0,0,6,0,0.0,0,0,1,0,0,3
5489,Seren Turgay,1954,1,Arquero,2,2,2,1,0,0.0,0,0,1,0,1,11
6769,Serey Die,2014,20,Mediocampista,3,3,0,0,0,0.0,1,0,1,0,2,21
6762,Serge Aurier,2014,17,Defensor,3,3,0,0,0,0.0,0,0,1,0,2,21
2441,Serge Ducoste,1974,5,Defensor,1,1,0,2,0,0.0,0,0,0,0,1,15
6107,Serge Gnabry,2022,10,Delantero,3,3,0,0,1,0.33,0,0,1,1,1,17
2451,Serge Racine,1974,13,Mediocampista,2,1,0,1,0,0.0,0,0,0,0,2,15
248,Sergei Aleinikov,1986,20,Mediocampista,4,4,0,0,1,0.25,0,0,2,1,1,10
248,Sergei Aleinikov,1990,7,Mediocampista,3,3,0,0,0,0.0,0,0,1,0,2,17
250,Sergei Andreyev,1982,15,Delantero,3,0,0,2,0,0.0,0,0,0,2,1,7
254,Sergei Baltacha,1982,5,Defensor,5,5,0,0,1,0.2,1,0,2,2,1,7
265,Sergei Borovski,1982,14,Defensor,3,3,0,2,0,0.0,1,0,1,2,0,7
295,Sergei Fokin,1990,19,Defensor,0,0,0,3,0,0.0,0,0,0,0,0,17
303,Sergei Gorlukovich,1990,20,Defensor,3,3,0,0,0,0.0,0,0,1,0,2,17
303,Sergei Gorlukovich,1994,3,Defensor,2,2,0,1,0,0.0,0,1,0,0,2,18
306,Sergei Ignashevich,2014,4,Defensor,3,3,0,0,0,0.0,0,0,0,2,1,24
306,Sergei Ignashevich,2018,4,Defensor,5,5,0,0,0,0.0,0,0,2,2,1,8
331,Sergei Kotrikadze,1962,3,Arquero,0,0,0,4,0,0.0,0,0,0,0,0,6
334,Sergei Krakovski,1986,22,Arquero,0,0,0,4,0,0.0,0,0,0,0,0,10
381,Sergei Rodionov,1982,21,Delantero,2,0,0,3,0,0.0,0,0,2,0,0,7
381,Sergei Rodionov,1986,14,Delantero,4,1,0,0,1,0.25,0,0,2,1,1,10
383,Sergei Ryzhikov,2014,16,Arquero,0,0,0,3,0,0.0,0,0,0,0,0,24
386,Sergei Salnikov,1958,10,Delantero,3,3,0,2,0,0.0,0,0,1,1,1,6
389,Sergei Semak,2002,17,Mediocampista,0,0,0,3,0,0.0,0,0,0,0,0,22
426,Sergei Yuran,1994,22,Delantero,1,1,0,2,0,0.0,0,0,0,0,1,18
3658,Sergej Milinković-Savić,2018,20,Mediocampista,3,3,0,0,0,0.0,1,0,1,0,2,23
3658,Sergej Milinković-Savić,2022,20,Mediocampista,3,3,0,0,1,0.33,1,0,0,1,2,29
5065,Sergi,1994,12,Defensor,5,5,0,0,0,0.0,0,0,2,2,1,8
5065,Sergi,1998,12,Defensor,3,3,0,0,0,0.0,1,0,1,1,1,17
1801,Serginho,1982,9,Delantero,5,5,0,0,2,0.4,0,0,4,0,1,5
2784,Sergiño Dest,2022,2,Defensor,4,4,0,0,0,0.0,1,0,1,2,1,14
5066,Sergio,2002,18,Mediocampista,1,0,0,4,0,0.0,0,0,1,0,0,5
5151,Sergio Agüero,2010,16,Delantero,3,1,0,2,0,0.0,0,0,2,0,1,5
5151,Sergio Agüero,2014,20,Delantero,5,3,0,2,0,0.0,1,0,3,1,1,2
5151,Sergio Agüero,2018,19,Delantero,4,2,0,0,2,0.5,0,0,1,1,2,16
626,Sergio Ahumada,1974,9,Delantero,3,3,0,0,1,0.33,0,0,0,2,1,11
5157,Sergio Almiron,1986,1,Delantero,0,0,0,7,0,0.0,0,0,0,0,0,1
5180,Sergio Batista,1986,2,Mediocampista,7,7,0,0,0,0.0,1,0,6,1,0,1
5180,Sergio Batista,1990,2,Mediocampista,4,3,0,3,0,0.0,2,0,1,2,1,2
5545,Sergio Berti,1998,16,Mediocampista,2,0,0,3,0,0.0,0,0,1,1,0,6
5548,Sergio Bertoni,1938,-,Delantero,0,0,0,4,0,0.0,0,0,0,0,0,1
7667,Sergio Bravo,1954,13,Defensor,0,0,0,2,0,0.0,0,0,0,0,0,13
4879,Sergio Busquets,2010,16,Mediocampista,7,7,0,0,0,0.0,1,0,6,0,1,1
4879,Sergio Busquets,2014,16,Mediocampista,2,2,0,1,0,0.0,0,0,0,0,2,23
4879,Sergio Busquets,2018,5,Mediocampista,4,4,0,0,0,0.0,1,0,1,3,0,10
4879,Sergio Busquets,2022,5,Mediocampista,4,4,4,0,0,0.0,1,0,1,2,1,13
5584,Sergio Cervato,1954,14,Defensor,0,0,0,3,0,0.0,0,0,0,0,0,10
3312,Sergio Conceicao,2002,11,Delantero,3,3,0,0,0,0.0,0,0,1,0,2,21
5649,Sergio Gori,1970,19,Delantero,1,0,0,5,0,0.0,0,0,1,0,0,2
5275,Sergio Goycochea,1990,12,Arquero,6,5,0,1,0,0.0,1,0,2,3,1,2
5275,Sergio Goycochea,1994,1,Arquero,0,0,0,4,0,0.0,0,0,0,0,0,10
697,Sergio Livingstone,1950,-,Arquero,3,3,3,0,0,0.0,0,0,1,0,2,9
7780,Sergio Martinez,1990,17,Delantero,1,1,0,3,0,0.0,0,0,1,0,0,16
838,Sergio Mendez,1970,19,Mediocampista,2,1,0,1,0,0.0,1,0,0,0,2,16
4390,Sergio Mendoza,2010,23,Defensor,2,2,0,1,0,0.0,0,0,0,0,2,30
714,Sergio Navarro,1962,4,Defensor,4,4,4,2,0,0.0,0,0,3,0,1,3
7834,Sergio Ramos,2006,15,Defensor,3,3,0,1,0,0.0,0,0,2,0,1,9
7834,Sergio Ramos,2010,15,Defensor,7,7,0,0,0,0.0,1,0,6,0,1,1
7834,Sergio Ramos,2014,15,Defensor,3,3,1,0,0,0.0,1,0,1,0,2,23
7834,Sergio Ramos,2018,15,Defensor,4,4,4,0,0,0.0,0,0,1,3,0,10
5977,Sergio Rochet,2022,23,Arquero,3,3,0,0,0,0.0,0,0,1,1,1,20
7850,Sergio Romero,2010,22,Arquero,5,5,0,0,0,0.0,0,0,4,0,1,5
7850,Sergio Romero,2014,1,Arquero,7,7,0,0,0,0.0,0,0,5,1,1,2
5991,Sergio Santin,1986,11,Mediocampista,4,4,0,0,0,0.0,1,0,0,2,2,16
777,Sergio Valdes,1962,13,Defensor,0,0,0,6,0,0.0,0,0,0,0,0,3
7888,Sergio Vazquez,1994,2,Defensor,0,0,0,4,0,0.0,0,0,0,0,0,10
7109,Sergiy Nazarenko,2006,18,Mediocampista,0,0,0,5,0,0.0,0,0,0,0,0,8
7112,Serhiy Rebrov,2006,11,Mediocampista,4,2,0,1,1,0.25,0,0,2,1,1,8
7020,Seung-gyu Kim,2014,21,Arquero,1,1,0,2,0,0.0,0,0,0,0,1,27
7020,Seung-gyu Kim,2018,1,Arquero,0,0,0,3,0,0.0,0,0,0,0,0,19
7020,Seung-gyu Kim,2022,1,Arquero,4,4,0,0,0,0.0,0,0,1,1,2,16
7070,Seung-ho Paik,2022,8,Mediocampista,1,0,0,3,1,1.0,0,0,0,0,1,16
7974,Seung Hwi Im,1966,6,Mediocampista,4,4,0,0,0,0.0,0,0,1,1,2,8
6988,Seung-hyun Jung,2018,3,Defensor,0,0,0,3,0,0.0,0,0,0,0,0,19
7987,Seung Il Kim,1966,12,Delantero,2,2,0,2,0,0.0,0,0,0,1,1,8
8009,Seung Kook Yang,1966,15,Delantero,2,2,0,2,1,0.5,0,0,1,0,1,8
7989,Seung-woo Lee,2018,10,Mediocampista,2,0,0,1,0,0.0,1,0,0,0,2,19
7979,Seung Woon Ke,1966,18,Delantero,0,0,0,4,0,0.0,0,0,0,0,0,8
7052,Seung Yeoul Lee,2010,11,Delantero,1,0,0,3,0,0.0,0,0,1,0,0,15
8000,Seung Zin Pak,1966,8,Delantero,4,4,4,0,2,0.5,0,0,1,1,2,8
8151,Severino Minelli,1934,-,Defensor,2,2,2,0,0,0.0,0,0,1,0,1,7
8151,Severino Minelli,1938,-,Defensor,2,2,2,1,0,0.0,0,0,1,1,0,6
5039,Severino Reijia,1962,16,Defensor,1,1,0,2,0,0.0,0,0,0,0,1,12
5039,Severino Reijia,1966,15,Defensor,2,2,0,1,0,0.0,0,0,1,0,1,10
3062,Seweryn Gancarczyk,2006,3,Defensor,0,0,0,3,0,0.0,0,0,0,0,0,21
6774,Seydou Doumbia,2010,7,Delantero,1,0,0,2,0,0.0,0,0,1,0,0,17
608,Shaka Hislop,2006,1,Arquero,2,2,0,1,0,0.0,1,0,0,1,1,27
1190,Shaker Nadhum,1986,4,Defensor,3,3,0,0,0,0.0,1,0,0,0,3,23
1191,Shaker Samir,1986,5,Defensor,2,2,0,1,0,0.0,2,0,0,0,2,23
5137,Shane Smeltz,2010,9,Delantero,3,3,0,0,1,0.33,0,0,0,3,0,22
2850,Shaquell Moore,2022,18,Defensor,2,0,0,2,0,0.0,0,0,1,1,0,14
8237,Shaun Bartlett,1998,9,Delantero,3,2,0,0,2,0.67,0,0,0,2,1,24
1438,Shaun Wright-Phillips,2010,17,Mediocampista,3,0,0,1,0,0.0,0,0,0,2,1,13
7454,Shay Given,2002,1,Arquero,4,4,0,0,0,0.0,0,0,1,3,0,12
4442,Shehu Abdullahi,2018,12,Defensor,1,1,0,2,0,0.0,0,0,0,0,1,21
2073,Sherif Ekramy,2018,16,Arquero,0,0,0,3,0,0.0,0,0,0,0,0,31
2116,Shikabala,2018,18,Delantero,0,0,0,3,0,0.0,0,0,0,0,0,31
7021,Shin-Wook Kim,2014,18,Delantero,2,1,0,1,0,0.0,0,0,0,0,2,27
7021,Shin-Wook Kim,2018,9,Delantero,1,1,0,2,0,0.0,1,0,0,0,1,19
106,Shinji Kagawa,2014,10,Mediocampista,3,2,0,0,0,0.0,0,0,0,1,2,29
106,Shinji Kagawa,2018,10,Mediocampista,3,3,0,1,1,0.33,0,0,1,1,1,15
152,Shinji Okazaki,2010,9,Delantero,4,0,0,0,1,0.25,0,0,2,1,1,9
152,Shinji Okazaki,2014,9,Delantero,3,3,0,0,1,0.33,0,0,0,1,2,29
152,Shinji Okazaki,2018,9,Delantero,3,1,0,1,0,0.0,0,0,1,1,1,15
155,Shinji Ono,1998,11,Mediocampista,1,0,0,2,0,0.0,0,0,0,0,1,31
155,Shinji Ono,2002,18,Mediocampista,4,4,0,0,0,0.0,0,0,2,1,1,9
155,Shinji Ono,2006,18,Mediocampista,1,0,0,2,0,0.0,0,0,0,0,1,29
6228,Shkodran Mustafi,2014,21,Defensor,3,1,0,4,0,0.0,0,0,2,1,0,1
1000,Shmuel Rosenthal,1970,6,Defensor,3,3,0,0,0,0.0,0,0,0,2,1,12
174,Shogo Taniguchi,2022,3,Defensor,2,2,0,2,0,0.0,1,0,1,1,0,9
4133,Shoja Khalilzadeh,2022,4,Defensor,0,0,0,3,0,0.0,0,0,0,0,0,26
105,Shoji Jo,1998,18,Delantero,3,3,0,0,0,0.0,0,0,0,0,3,31
4455,Shola Ameobi,2014,23,Delantero,2,0,0,2,0,0.0,0,0,1,1,0,16
988,Shraga Bar,1970,2,Defensor,3,2,0,0,0,0.0,1,0,0,2,1,12
8291,Shu-Aib Walters,2010,22,Arquero,0,0,0,3,0,0.0,0,0,0,0,0,20
88,Shuichi Gonda,2014,23,Arquero,0,0,0,3,0,0.0,0,0,0,0,0,29
88,Shuichi Gonda,2022,12,Arquero,4,4,0,0,0,0.0,0,0,2,1,1,9
138,Shunsuke Nakamura,2006,10,Mediocampista,3,3,0,0,1,0.33,0,0,0,1,2,29
138,Shunsuke Nakamura,2010,10,Mediocampista,1,0,0,3,0,0.0,0,0,0,0,1,9
147,Shusaku Nishikawa,2014,12,Arquero,0,0,0,3,0,0.0,0,0,0,0,0,29
118,Shuto Machino,2022,20,Delantero,0,0,0,4,0,0.0,0,0,0,0,0,9
6795,Siaka Tiene,2010,17,Defensor,2,2,0,1,0,0.0,0,0,0,1,1,17
8246,Siboniso Gaxa,2010,2,Defensor,3,2,0,0,0,0.0,0,0,1,1,1,20
8292,Sibusiso Zuma,2002,15,Mediocampista,3,3,0,0,0,0.0,1,0,1,1,1,17
3929,Sidney Govou,2006,9,Delantero,4,0,0,3,0,0.0,0,0,4,0,0,2
3929,Sidney Govou,2010,10,Delantero,3,2,0,0,0,0.0,0,0,0,1,2,29
2524,Siegmar Waetzlich,1974,12,Defensor,4,4,0,2,0,0.0,1,0,2,1,1,6
3490,Sigge Parling,1958,6,Mediocampista,6,6,0,0,0,0.0,0,0,4,1,1,2
6128,Sigi Held,1966,10,Delantero,6,6,0,0,1,0.17,0,0,4,1,1,2
6128,Sigi Held,1970,10,Delantero,3,2,0,3,0,0.0,0,0,2,0,1,3
7787,Sigifredo Mercado,2002,13,Mediocampista,3,1,0,1,0,0.0,0,0,2,0,1,11
6123,Sigmund Haringer,1934,-,Defensor,3,3,0,1,0,0.0,0,0,2,0,1,3
7435,Sigurd Rushfeldt,1994,21,Delantero,1,1,0,2,0,0.0,0,0,0,0,1,17
1802,Silas,1986,20,Mediocampista,2,0,0,3,0,0.0,0,0,1,1,0,5
1802,Silas,1990,10,Mediocampista,3,0,0,1,0,0.0,0,0,2,0,1,9
6002,Silva,1966,19,Delantero,1,1,0,2,0,0.0,0,0,0,0,1,11
8224,Silvan Widmer,2022,3,Defensor,3,3,0,1,0,0.0,1,0,2,0,1,12
4947,Silvestre Igoa,1950,-,Delantero,5,5,0,1,2,0.4,0,0,3,1,1,4
6025,Silvestre Varela,2014,18,Delantero,2,0,0,1,1,0.5,0,0,1,1,0,18
820,Silvio Aquino,1982,7,Mediocampista,0,0,0,3,0,0.0,0,0,0,0,0,24
1123,Silvio Maric,1998,11,Mediocampista,4,1,0,3,0,0.0,0,0,2,0,2,3
5312,Silvio Marzolini,1962,3,Defensor,3,3,0,0,0,0.0,0,0,1,1,1,10
5312,Silvio Marzolini,1966,7,Defensor,4,4,0,0,0,0.0,0,0,2,1,1,5
5732,Silvio Piola,1938,-,Delantero,4,4,0,0,5,1.25,0,0,4,0,0,1
1856,Silviu Bindea,1934,-,Delantero,1,1,0,0,0,0.0,0,0,0,0,1,12
1856,Silviu Bindea,1938,-,Delantero,1,1,0,1,1,1.0,0,0,0,1,0,9
1902,Silviu Lung,1990,1,Arquero,4,4,4,0,0,0.0,0,0,1,2,1,12
3661,Sima Milovanov,1954,16,Defensor,0,0,0,3,0,0.0,0,0,0,0,0,8
3317,Simao,2006,11,Delantero,7,3,0,0,1,0.14,0,0,4,1,2,4
3317,Simao,2010,11,Delantero,4,2,0,0,1,0.25,0,0,1,2,1,11
1165,Sime Vrsaljko,2014,2,Defensor,2,2,0,1,0,0.0,0,0,0,0,2,19
1165,Sime Vrsaljko,2018,2,Defensor,6,6,0,1,0,0.0,2,0,3,2,1,2
4501,Simeon Nwankwo,2018,13,Delantero,2,0,0,1,0,0.0,0,0,0,0,2,21
2997,Simeon Simeonov,1966,21,Arquero,1,1,0,2,0,0.0,0,0,0,0,1,15
2997,Simeon Simeonov,1970,1,Arquero,2,2,0,1,0,0.0,0,0,0,0,2,13
2997,Simeon Simeonov,1974,22,Arquero,0,0,0,3,0,0.0,0,0,0,0,0,12
3318,Simoes,1966,11,Delantero,6,6,0,0,1,0.17,0,0,5,0,1,3
2318,Simon Donnelly,1998,13,Delantero,0,0,0,3,0,0.0,0,0,0,0,0,27
5117,Simon Elliott,2010,7,Mediocampista,3,3,0,0,0,0.0,0,0,0,3,0,22
8247,Simon Gopane,1998,23,Arquero,0,0,0,3,0,0.0,0,0,0,0,0,24
4234,Simon Kjaer,2010,3,Defensor,2,2,0,1,0,0.0,2,0,1,0,1,24
4234,Simon Kjaer,2018,4,Defensor,4,4,4,0,0,0.0,0,0,1,3,0,11
4234,Simon Kjaer,2022,4,Defensor,1,1,1,2,0,0.0,0,0,0,1,0,28
4968,Simon Lecue,1934,-,Mediocampista,2,2,0,1,0,0.0,0,0,1,0,1,5
6657,Simon Mignolet,2014,12,Arquero,0,0,0,5,0,0.0,0,0,0,0,0,6
6657,Simon Mignolet,2018,12,Arquero,0,0,0,7,0,0.0,0,0,0,0,0,3
6657,Simon Mignolet,2022,12,Arquero,0,0,0,3,0,0.0,0,0,0,0,0,23
948,Simon Ngapandouetnbu,2022,1,Arquero,0,0,0,3,0,0.0,0,0,0,0,0,19
4269,Simon Poulsen,2010,15,Defensor,3,3,0,0,0,0.0,0,0,1,0,2,24
978,Simon Tchobang,1982,22,Arquero,0,0,0,3,0,0.0,0,0,0,0,0,17
5539,Simone Barone,2006,17,Mediocampista,2,0,0,5,0,0.0,0,0,2,0,0,1
5729,Simone Perrotta,2006,20,Mediocampista,7,7,0,0,0,0.0,0,0,5,2,0,1
3653,Sinisa Mihajlovic,1998,11,Defensor,4,4,0,0,1,0.25,0,0,2,1,1,10
3772,Sinisa Zlatkovic,1950,-,Defensor,0,0,0,3,0,0.0,0,0,0,0,0,5
8289,Siphiwe Tshabalala,2010,8,Mediocampista,3,3,0,0,1,0.33,0,0,1,1,1,20
7181,Sirajeddine Chihi,1998,14,Mediocampista,3,3,0,0,0,0.0,0,0,0,1,2,26
8211,Sirio Vernati,1938,-,Mediocampista,3,3,0,0,0,0.0,0,0,1,1,1,6
4099,Sirous Din Mohammadi,1998,8,Defensor,1,0,0,2,0,0.0,0,0,0,0,1,20
8277,Siyabonga Nomvethe,2002,14,Delantero,2,2,0,1,1,0.5,1,0,1,0,1,17
8277,Siyabonga Nomvethe,2010,18,Delantero,1,0,0,2,0,0.0,0,0,1,0,0,20
8285,Siyabonga Sangweni,2010,21,Defensor,0,0,0,3,0,0.0,0,0,0,0,0,20
6519,Sjef Van Run,1934,-,Defensor,1,1,0,0,0,0.0,0,0,0,0,1,9
7252,Skander Souayah,1998,15,Mediocampista,3,3,0,0,1,0.33,1,0,0,1,2,26
357,Slava Metreveli,1962,18,Delantero,1,1,0,3,0,0.0,0,0,1,0,0,6
357,Slava Metreveli,1966,16,Delantero,2,2,0,4,0,0.0,0,0,1,0,1,4
357,Slava Metreveli,1970,18,Delantero,0,0,0,4,0,0.0,0,0,0,0,0,5
1081,Slaven Bilic,1998,6,Defensor,7,7,0,0,0,0.0,2,0,5,0,2,3
3605,Slavisa Jokanovic,1998,4,Mediocampista,4,4,0,0,0,0.0,0,0,2,1,1,10
3747,Slavko Svinjarevic,1962,13,Defensor,1,1,0,5,0,0.0,0,0,0,0,1,4
3139,Sławomir Peszko,2018,17,Mediocampista,1,0,0,2,0,0.0,0,0,1,0,0,25
7169,Slim Benachour,2002,18,Mediocampista,3,3,0,0,0,0.0,0,0,0,1,2,29
3620,Slobodan Komljenovic,1998,13,Defensor,3,3,0,1,2,0.67,0,0,1,1,1,10
8407,Smahi Triki,1994,5,Defensor,3,3,0,0,0,0.0,0,0,0,0,3,23
8407,Smahi Triki,1998,5,Defensor,1,1,0,2,0,0.0,0,0,1,0,0,18
3320,Sobrinho,1986,18,Defensor,0,0,0,3,0,0.0,0,0,0,0,0,17
1805,Socrates,1982,8,Mediocampista,5,5,5,0,2,0.4,0,0,4,0,1,5
1805,Socrates,1986,18,Mediocampista,5,5,0,0,2,0.4,0,0,4,1,0,5
8318,Sofiane Boufal,2022,17,Mediocampista,7,7,0,0,0,0.0,1,0,3,2,2,4
6856,Sofiane Feghouli,2014,10,Delantero,4,4,0,0,1,0.25,0,0,1,1,2,14
7232,Sofiane Melliti,2006,23,Mediocampista,0,0,0,3,0,0.0,0,0,0,0,0,24
8302,Sofyan Amrabat,2022,4,Mediocampista,7,7,0,0,0,0.0,1,0,3,2,2,4
4087,Sohrab Bakhtiarizadeh,2006,3,Defensor,2,1,0,1,1,0.5,0,0,0,1,1,26
2614,Sokratis Papastathopoulos,2010,19,Defensor,2,2,0,1,0,0.0,1,0,1,0,1,25
2614,Sokratis Papastathopoulos,2014,19,Defensor,4,4,0,0,1,0.25,1,0,1,2,1,13
7295,Sol Campbell,1998,2,Defensor,4,4,0,0,0,0.0,1,0,2,1,1,9
7295,Sol Campbell,2002,6,Defensor,5,5,0,0,1,0.2,1,0,2,2,1,6
7295,Sol Campbell,2006,12,Defensor,1,0,0,4,0,0.0,0,0,0,1,0,7
5070,Sole,1934,-,Delantero,0,0,0,3,0,0.0,0,0,0,0,0,5
7994,Song Chol Nam,2010,16,Defensor,1,0,0,2,0,0.0,0,0,0,0,1,32
7066,Soo Jin Noh,1986,13,Mediocampista,1,1,0,2,0,0.0,0,0,0,1,0,20
7066,Soo Jin Noh,1990,7,Mediocampista,2,1,0,1,0,0.0,0,0,0,0,2,22
6948,Soon Ho Choi,1986,9,Mediocampista,2,2,0,1,1,0.5,0,0,0,0,2,20
6948,Soon Ho Choi,1990,14,Delantero,3,3,2,0,0,0.0,1,0,0,0,3,22
2565,Sorba Thomas,2022,22,Mediocampista,1,0,0,2,0,0.0,0,0,0,1,0,30
4197,Soren Busk,1986,3,Defensor,4,4,0,0,0,0.0,0,0,3,0,1,9
4202,Soren Colding,1998,12,Defensor,5,4,0,0,0,0.0,2,0,2,1,2,8
4241,Soren Larsen,2010,18,Delantero,1,0,0,2,0,0.0,0,0,0,0,1,24
4247,Soren Lerby,1986,6,Mediocampista,4,4,0,0,1,0.25,0,0,3,0,1,9
2600,Sotirios Kyrgiakos,2010,16,Defensor,2,2,0,1,0,0.0,0,0,1,0,1,25
2611,Sotiris Ninis,2010,18,Mediocampista,2,0,0,1,0,0.0,0,0,1,0,1,25
6893,El Arabi Soudani,2014,15,Delantero,3,2,0,1,0,0.0,0,0,0,1,2,14
6763,Souleymane Bamba,2010,22,Defensor,0,0,0,3,0,0.0,0,0,0,0,0,17
6763,Souleymane Bamba,2014,22,Defensor,3,3,0,0,0,0.0,1,0,1,0,2,21
902,Souleymanou Hamidou,2010,16,Arquero,3,3,0,0,0,0.0,0,0,0,0,3,31
5663,Spartaco Landini,1966,11,Defensor,1,1,0,2,0,0.0,0,0,0,0,1,9
3776,Spasoje Bulajic,2002,23,Defensor,2,1,0,1,0,0.0,0,0,0,0,2,30
2606,Spiros Marangos,1994,12,Mediocampista,2,1,0,1,0,0.0,0,0,0,0,2,24
3629,Srboljub Krivokuca,1958,2,Arquero,1,1,0,3,0,0.0,0,0,0,0,1,8
3629,Srboljub Krivokuca,1962,12,Arquero,0,0,0,6,0,0.0,0,0,0,0,0,4
3539,Srdan Babic,2022,15,Defensor,1,0,0,2,0,0.0,0,0,0,1,0,29
3670,Srdjan Mrkusic,1950,-,Arquero,3,3,0,0,0,0.0,0,0,2,0,1,5
3616,Srecko Katanec,1990,13,Defensor,3,3,0,2,0,0.0,1,0,2,0,1,5
3524,Staffan Tapper,1974,14,Mediocampista,5,5,0,1,0,0.0,0,0,1,2,2,5
3524,Staffan Tapper,1978,6,Mediocampista,2,2,0,1,0,0.0,0,0,0,1,1,13
7436,Stale Solbakken,1998,6,Mediocampista,3,1,0,1,0,0.0,0,0,0,2,1,15
2283,Stan Anderson,1962,14,Mediocampista,0,0,0,4,0,0.0,0,0,0,0,0,8
7332,Stan Lazaridis,2006,11,Mediocampista,0,0,0,4,0,0.0,0,0,0,0,0,16
6199,Stan Libuda,1970,14,Delantero,5,4,0,1,1,0.2,0,0,4,0,1,3
1348,Stan Mortensen,1950,-,Delantero,3,3,0,0,1,0.33,0,0,1,0,2,8
6492,Stan Valckx,1994,18,Defensor,4,4,0,1,0,0.0,1,0,2,0,2,7
6178,Stanislaus Kobierski,1934,-,Delantero,3,3,0,1,1,0.33,0,0,2,0,1,3
273,Stanislav Cherchesov,1994,1,Arquero,1,1,0,2,0,0.0,0,0,1,0,0,18
273,Stanislav Cherchesov,2002,12,Arquero,0,0,0,3,0,0.0,0,0,0,0,0,22
467,Stanislav Griga,1990,19,Delantero,2,0,0,3,0,0.0,0,0,0,0,2,6
3614,Stanislav Karasi,1974,18,Delantero,4,2,0,2,2,0.5,1,0,0,1,3,7
571,Stanislav Seman,1982,1,Arquero,1,1,0,2,0,0.0,0,0,0,0,1,19
810,Stanislav Sestak,2010,9,Delantero,3,2,0,1,0,0.0,1,0,1,1,1,16
3029,Stanislaw Baran,1938,-,Delantero,0,0,0,1,0,0.0,0,0,0,0,0,11
1335,Stanley Matthews,1950,-,Delantero,1,1,0,2,0,0.0,0,0,0,0,1,8
1335,Stanley Matthews,1954,7,Delantero,2,2,0,1,0,0.0,0,0,0,1,1,7
6447,Stanley Menzo,1990,22,Arquero,0,0,0,4,0,0.0,0,0,0,0,0,15
2909,Stefan Abadzhiev,1966,17,Delantero,0,0,0,3,0,0.0,0,0,0,0,0,15
2910,Stefan Aladzhov,1970,4,Defensor,1,1,0,2,0,0.0,0,0,0,0,1,13
2910,Stefan Aladzhov,1974,12,Defensor,0,0,0,3,0,0.0,0,0,0,0,0,12
1853,Stefan Barbu,1930,-,Delantero,2,2,0,0,0,0.0,0,0,1,0,1,8
450,Stefan Cambal,1934,-,Mediocampista,4,4,0,0,0,0.0,0,0,3,0,1,2
6393,Stefan de Vrij,2014,3,Defensor,7,7,0,0,1,0.14,1,0,5,2,0,3
6393,Stefan de Vrij,2022,6,Defensor,0,0,0,5,0,0.0,0,0,0,0,0,5
1877,Stefan Dobay,1934,-,Delantero,1,1,0,0,1,1.0,0,0,0,0,1,12
1877,Stefan Dobay,1938,-,Delantero,2,2,1,0,2,1.0,0,0,0,1,1,9
6087,Stefan Effenberg,1994,20,Mediocampista,3,3,0,2,0,0.0,2,0,2,1,0,5
6169,Stefan Kiessling,2010,9,Delantero,2,0,0,5,0,0.0,0,0,2,0,0,3
6191,Stefan Kuntz,1994,11,Delantero,1,0,0,4,0,0.0,0,0,1,0,0,5
3120,Stefan Majewski,1982,10,Defensor,7,7,0,0,1,0.14,1,0,3,3,1,3
3120,Stefan Majewski,1986,10,Defensor,4,4,0,0,0,0.0,0,0,1,1,2,14
3667,Stefan Mitrovic,2022,13,Defensor,1,0,0,2,0,0.0,0,0,0,1,0,29
3493,Stefan Petterson,1990,21,Delantero,3,2,0,0,0,0.0,0,0,0,0,3,21
1928,Stefan Preda,1994,22,Arquero,0,0,0,5,0,0.0,0,0,0,0,0,6
3496,Stefan Rehn,1994,17,Mediocampista,1,0,0,6,0,0.0,0,0,0,0,1,3
6258,Stefan Reuter,1990,2,Defensor,6,4,0,1,0,0.0,0,0,4,2,0,1
6258,Stefan Reuter,1998,19,Defensor,1,1,0,4,0,0.0,0,0,1,0,0,7
3504,Stefan Schwarz,1990,8,Defensor,3,3,0,0,0,0.0,1,0,0,0,3,21
3504,Stefan Schwarz,1994,6,Mediocampista,6,6,0,1,0,0.0,1,1,3,3,0,3
6284,Stefan Skoumal,1938,-,Mediocampista,1,1,0,1,0,0.0,0,0,0,0,1,10
3000,Stefan Staikov,1974,21,Arquero,1,1,0,2,0,0.0,0,0,0,0,1,12
3010,Stefan Velichkov,1974,4,Defensor,3,3,0,0,0,0.0,0,0,0,2,1,12
5770,Stefano Tacconi,1990,12,Arquero,0,0,0,7,0,0.0,0,0,0,0,0,3
2590,Stefanos Kapino,2014,13,Arquero,0,0,0,4,0,0.0,0,0,0,0,0,13
6098,Steffen Freund,1998,15,Mediocampista,0,0,0,5,0,0.0,0,0,0,0,0,7
2602,Stelios Malezas,2010,22,Defensor,0,0,0,3,0,0.0,0,0,0,0,0,25
2605,Stelios Manolas,1994,4,Defensor,1,1,0,2,0,0.0,1,0,0,0,1,24
3489,Sten Palsson,1970,22,Delantero,1,0,0,2,0,0.0,0,0,0,1,0,9
7388,Stephan Andersen,2010,16,Arquero,0,0,0,3,0,0.0,0,0,0,0,0,24
3856,Stephan Bruey,1958,15,Delantero,0,0,0,6,0,0.0,0,0,0,0,0,3
6089,Stephan Engels,1982,17,Mediocampista,0,0,0,7,0,0.0,0,0,0,0,0,2
8137,Stephan Lehmann,1994,12,Arquero,0,0,0,4,0,0.0,0,0,0,0,0,15
8140,Stephan Lichtsteiner,2010,2,Defensor,3,3,0,0,0,0.0,0,0,1,1,1,19
8140,Stephan Lichtsteiner,2014,2,Defensor,4,4,0,0,0,0.0,0,0,2,0,2,11
8140,Stephan Lichtsteiner,2018,2,Defensor,3,3,3,1,0,0.0,2,0,1,2,0,14
8066,Stephane Chapuisat,1994,11,Delantero,4,4,0,0,1,0.25,0,0,1,1,2,15
6605,Stephane Demol,1986,21,Defensor,7,6,0,0,1,0.14,1,0,2,2,3,4
6605,Stephane Demol,1990,7,Defensor,4,4,0,0,0,0.0,0,0,2,0,2,11
8108,Stephane Grichting,2006,13,Defensor,1,0,0,3,0,0.0,0,0,0,1,0,10
8108,Stephane Grichting,2010,13,Defensor,3,3,0,0,0,0.0,1,0,1,1,1,19
3934,Stephane Guivarch,1998,9,Delantero,6,4,0,1,0,0.0,1,0,5,1,0,1
929,Stephane Mbia,2010,19,Defensor,3,3,0,0,0,0.0,2,0,0,0,3,31
929,Stephane Mbia,2014,17,Defensor,3,3,0,0,0,0.0,1,0,0,0,3,32
4027,Stéphane Ruffier,2014,16,Arquero,0,0,0,5,0,0.0,0,0,0,0,0,7
6717,Stephane Van Der Heyden,1994,21,Mediocampista,0,0,0,4,0,0.0,0,0,0,0,0,11
6542,Stephen Adams,2014,1,Arquero,0,0,0,3,0,0.0,0,0,0,0,0,25
1453,Stephen Ahorlu,2010,16,Arquero,0,0,0,5,0,0.0,0,0,0,0,0,7
1458,Stephen Appiah,2006,10,Mediocampista,4,4,4,0,1,0.25,2,0,2,0,2,13
1458,Stephen Appiah,2010,10,Mediocampista,3,0,0,2,0,0.0,0,0,2,1,0,7
2466,Stephen Eustaquio,2022,7,Mediocampista,2,2,0,1,0,0.0,0,0,0,0,2,31
4495,Stephen Keshi,1994,4,Defensor,1,1,1,3,0,0.0,1,0,1,0,0,9
7274,Stephen Malcolm,1998,2,Defensor,2,2,0,1,0,0.0,1,0,1,0,1,22
2395,Stephen Nicol,1986,13,Defensor,3,3,0,0,0,0.0,1,0,0,1,2,19
975,Stephen Tataw,1990,14,Defensor,5,5,5,0,0,0.0,0,0,3,0,2,7
975,Stephen Tataw,1994,14,Defensor,3,3,3,0,0,0.0,1,0,0,1,2,22
1421,Stephen Warnock,2010,13,Defensor,0,0,0,4,0,0.0,0,0,0,0,0,13
1848,Stere Adamache,1970,21,Arquero,2,2,0,1,0,0.0,0,0,1,0,1,10
612,Stern John,2006,14,Delantero,3,3,0,0,0,0.0,0,0,0,1,2,27
2284,Steve Archibald,1982,18,Delantero,3,2,0,0,1,0.33,0,0,1,1,1,15
2284,Steve Archibald,1986,17,Delantero,1,1,0,2,0,0.0,1,0,0,0,1,19
1226,Steve Bull,1990,21,Delantero,4,1,0,3,0,0.0,0,0,2,2,0,4
2768,Steve Cherundolo,2002,14,Defensor,0,0,0,5,0,0.0,0,0,0,0,0,8
2768,Steve Cherundolo,2006,6,Defensor,3,3,0,0,0,0.0,0,0,0,1,2,25
2768,Steve Cherundolo,2010,6,Defensor,4,4,0,0,0,0.0,2,0,1,2,1,12
1253,Steve Coppell,1982,5,Mediocampista,4,4,0,1,0,0.0,0,0,3,1,0,6
7453,Steve Finnan,2002,2,Defensor,4,3,0,0,0,0.0,1,0,1,3,0,12
1277,Steve Foster,1982,6,Defensor,1,1,0,4,0,0.0,0,0,1,0,0,6
6781,Steve Gohouri,2010,6,Defensor,0,0,0,3,0,0.0,0,0,0,0,0,17
1295,Steve Hodge,1986,18,Mediocampista,5,3,0,0,0,0.0,1,0,2,1,2,8
1295,Steve Hodge,1990,18,Mediocampista,0,0,0,7,0,0.0,0,0,0,0,0,4
3984,Steve Mandanda,2010,16,Arquero,0,0,0,3,0,0.0,0,0,0,0,0,29
3984,Steve Mandanda,2018,16,Arquero,1,1,0,6,0,0.0,0,0,0,1,0,1
3984,Steve Mandanda,2022,16,Arquero,1,1,0,6,0,0.0,0,0,0,0,1,2
1339,Steve Mcmahon,1990,16,Mediocampista,4,3,0,3,0,0.0,1,0,2,1,1,4
1340,Steve Mcmanaman,1998,11,Mediocampista,1,0,0,3,0,0.0,0,0,1,0,0,9
7487,Steve Staunton,1990,3,Defensor,5,5,0,0,0,0.0,0,0,0,4,1,8
7487,Steve Staunton,1994,11,Defensor,4,4,0,0,0,0.0,0,0,1,1,2,16
7487,Steve Staunton,2002,5,Defensor,4,4,4,0,0,0.0,1,0,1,3,0,12
5139,Steve Sumner,1982,10,Mediocampista,3,3,3,0,1,0.33,0,0,0,0,3,23
2891,Steve Trittschuh,1990,2,Defensor,1,1,0,2,0,0.0,1,0,0,0,1,23
8213,Steve Von Bergen,2010,5,Defensor,3,2,0,0,0,0.0,0,0,1,1,1,19
8213,Steve Von Bergen,2014,5,Defensor,2,2,0,2,0,0.0,0,0,1,0,1,11
5146,Steve Wooddin,1982,9,Delantero,3,3,0,0,1,0.33,0,0,0,0,3,23
4090,Steven Beitashour,2014,20,Defensor,0,0,0,3,0,0.0,0,0,0,0,0,28
6361,Steven Berghuis,2022,11,Mediocampista,4,1,0,1,0,0.0,1,0,2,2,0,5
6363,Steven Bergwijn,2022,7,Delantero,4,3,0,1,0,0.0,1,0,2,2,0,5
6602,Steven Defour,2014,16,Mediocampista,1,1,0,4,0,0.0,0,1,1,0,0,6
1282,Steven Gerrard,2006,4,Mediocampista,5,4,0,0,2,0.4,1,0,3,2,0,7
1282,Steven Gerrard,2010,4,Mediocampista,4,4,4,0,1,0.25,1,0,1,2,1,13
1282,Steven Gerrard,2014,4,Mediocampista,3,2,2,0,0,0.0,1,0,0,1,2,26
4251,Steven Lustu,2002,13,Defensor,0,0,0,4,0,0.0,0,0,0,0,0,10
3999,Steven Nzonzi,2018,15,Mediocampista,5,1,0,2,0,0.0,0,0,4,1,0,1
2268,Steven Penney,1986,7,Delantero,2,2,0,1,0,0.0,0,0,0,1,1,21
8282,Steven Pienaar,2002,21,Mediocampista,0,0,0,3,0,0.0,0,0,0,0,0,17
8282,Steven Pienaar,2010,10,Mediocampista,3,3,0,0,0,0.0,1,0,1,1,1,20
7482,Steven Reid,2002,21,Delantero,2,0,0,2,0,0.0,1,0,0,2,0,12
2499,Steven Vitoria,2022,5,Defensor,3,3,0,0,0,0.0,1,0,0,0,3,31
8232,Steven Zuber,2018,14,Mediocampista,3,3,0,1,1,0.33,0,0,1,1,1,14
1973,Stevens Bryce,2002,16,Delantero,3,0,0,0,0,0.0,0,0,1,1,1,19
1264,Stewart Downing,2006,20,Mediocampista,3,0,0,2,0,0.0,0,0,3,0,0,7
2378,Stewart Mckimmie,1990,17,Defensor,2,1,0,1,0,0.0,0,0,0,0,2,18
7393,Stig Bjornebye,1994,5,Defensor,3,3,0,0,0,0.0,1,0,1,1,1,17
7393,Stig Bjornebye,1998,5,Defensor,4,4,0,0,0,0.0,0,0,1,2,1,15
3514,Stig Sundqvist,1950,-,Delantero,5,5,0,0,3,0.6,0,0,2,1,2,3
4287,Stig Tofting,1998,15,Mediocampista,2,0,0,3,0,0.0,2,0,0,0,2,8
4287,Stig Tofting,2002,2,Mediocampista,4,4,0,0,0,0.0,1,0,2,1,1,10
6474,Stijn Schaars,2010,18,Mediocampista,0,0,0,7,0,0.0,0,0,0,0,0,2
1133,Stipe Pletikosa,2002,1,Arquero,3,3,0,0,0,0.0,0,0,1,0,2,23
1133,Stipe Pletikosa,2006,1,Arquero,3,3,0,0,0,0.0,1,0,0,2,1,22
1133,Stipe Pletikosa,2014,1,Arquero,3,3,0,0,0,0.0,0,0,1,0,2,19
3546,Stjepan Bobek,1950,-,Delantero,3,3,0,0,1,0.33,0,0,2,0,1,5
3546,Stjepan Bobek,1954,10,Delantero,2,2,1,1,0,0.0,0,0,1,0,1,8
3558,Stjepan Deveric,1982,18,Delantero,0,0,0,3,0,0.0,0,0,0,0,0,16
1158,Stjepan Tomas,2002,4,Defensor,3,3,0,0,0,0.0,1,0,1,0,2,23
1158,Stjepan Tomas,2006,13,Defensor,1,1,0,2,0,0.0,0,0,0,1,0,22
2978,Stoicho Mladenov,1986,9,Delantero,3,3,0,1,0,0.0,0,0,0,2,1,15
3002,Stoicho Stoilov,1998,17,Mediocampista,0,0,0,3,0,0.0,0,0,0,0,0,29
2955,Stoyan Kitov,1962,4,Defensor,2,2,0,1,0,0.0,0,0,0,0,2,15
2955,Stoyan Kitov,1966,8,Mediocampista,1,1,0,2,0,0.0,0,0,0,0,1,15
3018,Stoyan Yordanov,1970,13,Arquero,1,1,0,2,0,0.0,0,0,0,1,0,13
3576,Strahinja Erakovic,2022,3,Defensor,0,0,0,3,0,0.0,0,0,0,0,0,29
3806,Strahinja Pavlovic,2022,2,Defensor,3,3,0,0,1,0.33,2,0,0,1,2,29
2577,Stratos Apostololakis,1994,2,Defensor,2,2,1,1,0,0.0,0,0,0,0,2,24
2817,Stuart Holden,2010,11,Mediocampista,1,0,0,3,0,0.0,0,0,0,1,0,12
2348,Stuart Imlach,1958,21,Delantero,2,2,0,1,0,0.0,0,0,0,1,1,14
2357,Stuart Kennedy,1978,13,Defensor,2,2,0,1,0,0.0,0,0,1,0,1,11
2373,Stuart Mccall,1990,16,Mediocampista,3,3,0,0,1,0.33,0,0,1,0,2,18
1364,Stuart Pearce,1990,3,Defensor,6,6,0,1,0,0.0,1,0,3,3,0,4
2572,Stuart Williams,1958,2,Defensor,5,5,0,0,0,0.0,0,0,1,3,1,5
3784,Suad Filekovic,2010,19,Defensor,0,0,0,3,0,0.0,0,0,0,0,0,18
7099,Suk-Young Yun,2014,3,Defensor,3,3,0,0,0,0.0,0,0,0,1,2,27
1488,Sulley Muntari,2006,11,Mediocampista,3,3,0,1,1,0.33,3,0,1,0,2,13
1488,Sulley Muntari,2010,11,Mediocampista,4,1,0,1,1,0.25,0,0,1,2,1,7
1488,Sulley Muntari,2014,11,Mediocampista,2,2,0,1,0,0.0,2,0,0,1,1,25
4799,Sultan Al-Ghanam,2022,2,Defensor,3,1,0,0,0,0.0,0,0,1,0,2,25
6979,Sun Hong Hwang,1994,18,Delantero,3,3,0,0,1,0.33,0,0,0,2,1,20
6979,Sun Hong Hwang,1998,18,Delantero,0,0,0,3,0,0.0,0,0,0,0,0,30
6979,Sun Hong Hwang,2002,18,Delantero,5,3,0,2,1,0.2,0,0,2,2,1,4
4522,Sunday Oliseh,1994,15,Mediocampista,4,4,0,0,0,0.0,2,0,2,0,2,9
4522,Sunday Oliseh,1998,15,Mediocampista,4,4,0,0,1,0.25,0,0,2,0,2,12
3349,Sune Andersson,1950,-,Defensor,5,5,0,0,2,0.4,0,0,2,1,2,3
8001,Sung Hyok Pak,2010,23,Mediocampista,0,0,0,3,0,0.0,0,0,0,0,0,32
6989,Sung Ryong Jung,2010,18,Arquero,4,4,0,0,0,0.0,0,0,1,1,2,15
6989,Sung Ryong Jung,2014,1,Arquero,2,2,0,1,0,0.0,0,0,0,1,1,27
6949,Sung Yong Choi,1998,2,Mediocampista,3,2,0,0,0,0.0,0,0,0,1,2,30
6949,Sung Yong Choi,2002,3,Mediocampista,0,0,0,7,0,0.0,0,0,0,0,0,4
6994,Sung-yueng Ki,2010,16,Mediocampista,4,4,0,0,0,0.0,0,0,1,1,2,15
6994,Sung-yueng Ki,2014,16,Mediocampista,3,3,0,0,0,0.0,1,0,0,1,2,27
6994,Sung-yueng Ki,2018,16,Mediocampista,2,2,2,1,0,0.0,0,0,0,0,2,19
8271,Surprise Moriri,2010,19,Mediocampista,1,0,0,2,0,0.0,0,0,0,0,1,20
4679,Suvarte Soedarmadji,1938,-,Delantero,1,1,0,0,0,0.0,0,0,0,0,1,15
553,Svatopluk Pluskal,1954,3,Mediocampista,1,1,0,1,0,0.0,0,0,0,0,1,14
553,Svatopluk Pluskal,1958,6,Mediocampista,2,2,0,2,0,0.0,0,0,0,1,1,9
553,Svatopluk Pluskal,1962,5,Defensor,6,6,0,0,0,0.0,0,0,3,1,2,2
3350,Sven Andersson,1934,-,Defensor,2,2,0,0,0,0.0,0,0,1,0,1,8
3350,Sven Andersson,1990,1,Arquero,0,0,0,3,0,0.0,0,0,0,0,0,21
3355,Sven Axbom,1958,3,Defensor,6,6,0,0,0,0.0,0,0,4,1,1,2
3444,Sven-Gunnar Larsson,1970,12,Arquero,2,2,0,1,0,0.0,0,0,1,1,0,9
3444,Sven-Gunnar Larsson,1974,12,Arquero,0,0,0,6,0,0.0,0,0,0,0,0,5
2469,Sven Habermann,1986,21,Arquero,0,0,0,3,0,0.0,0,0,0,0,0,24
3414,Sven Jacobsson,1938,-,Mediocampista,2,2,0,1,0,0.0,0,0,1,0,1,4
3424,Sven Jonasson,1934,-,Delantero,2,2,0,0,2,1.0,0,0,1,0,1,8
3424,Sven Jonasson,1938,-,Delantero,3,3,0,0,1,0.33,0,0,1,0,2,4
3452,Sven Lindman,1974,20,Mediocampista,0,0,0,6,0,0.0,0,0,0,0,0,5
3530,Sven Unger,1938,-,Delantero,0,0,0,3,0,0.0,0,0,0,0,0,4
6744,Sven Vermant,2002,14,Mediocampista,1,0,0,3,0,0.0,0,0,0,1,0,14
7408,Sverre Hansen,1938,-,Mediocampista,0,0,0,1,0,0.0,0,0,0,0,0,12
7430,Sverre Nordby,1938,-,Arquero,0,0,0,1,0,0.0,0,0,0,0,0,12
7137,Sverrir Ingi Ingason,2018,5,Defensor,2,1,0,1,0,0.0,0,0,0,0,2,28
7168,Syam Ben Youssef,2018,2,Defensor,2,2,0,1,0,0.0,0,0,0,0,2,24
1359,Syd Owen,1954,5,Defensor,1,1,0,2,0,0.0,0,0,0,1,0,7
6778,Sylvain Gbohouo,2014,16,Arquero,0,0,0,3,0,0.0,0,0,0,0,0,21
1062,Sylvain Ndiaye,2002,20,Mediocampista,0,0,0,5,0,0.0,0,0,0,0,0,7
4071,Sylvain Wiltord,2002,11,Delantero,3,3,0,0,0,0.0,0,0,0,1,2,28
4071,Sylvain Wiltord,2006,11,Delantero,7,2,0,0,0,0.0,0,0,4,3,0,2
6144,Sylvio Hoffmann,1934,-,Defensor,1,1,0,0,0,0.0,0,0,0,0,1,14
3189,Szymon Zurkowski,2022,17,Mediocampista,0,0,0,4,0,0.0,0,0,0,0,0,15
2867,Tab Ramos,1990,7,Mediocampista,3,3,0,0,0,0.0,0,0,0,0,3,23
2867,Tab Ramos,1994,9,Mediocampista,4,4,0,0,0,0.0,1,0,1,1,2,14
2867,Tab Ramos,1998,10,Mediocampista,2,1,0,1,0,0.0,0,0,0,0,2,32
511,Tadeas Kraus,1954,17,Delantero,1,1,0,1,0,0.0,0,0,0,0,1,14
511,Tadeas Kraus,1958,11,Delantero,1,1,0,3,0,0.0,0,0,0,0,1,9
3049,Tadeusz Dolny,1982,4,Defensor,0,0,0,7,0,0.0,0,0,0,0,0,3
7989,Tae Ho Lee,1986,6,Delantero,0,0,0,3,0,0.0,0,0,0,0,0,20
7023,Tae-hwan Kim,2022,23,Defensor,0,0,0,4,0,0.0,0,0,0,0,0,16
7032,Tae-Hwi Kwak,2014,4,Defensor,0,0,0,3,0,0.0,0,0,0,0,0,27
6950,Tae Uk Choi,2002,8,Delantero,1,0,0,6,0,0.0,0,0,0,0,1,4
7022,Tae Young Kim,1998,13,Defensor,3,2,0,0,0,0.0,1,0,0,1,2,30
7022,Tae Young Kim,2002,7,Defensor,7,6,0,0,0,0.0,2,0,3,2,2,4
1807,Taffarel,1990,1,Arquero,4,4,0,0,0,0.0,0,0,3,0,1,9
1807,Taffarel,1994,1,Arquero,7,7,0,0,0,0.0,0,0,5,2,0,1
1807,Taffarel,1998,1,Arquero,7,7,0,0,0,0.0,0,0,4,1,2,2
7221,Taha Yassine Khenissi,2022,11,Delantero,2,0,0,1,0,0.0,1,0,0,1,1,21
2069,Taher Abou Zeid,1990,12,Mediocampista,1,0,0,2,0,0.0,0,0,0,1,0,20
8352,Taher El Khalej,1994,4,Defensor,2,2,1,1,0,0.0,1,0,0,0,2,23
8352,Taher El Khalej,1998,20,Defensor,3,3,0,0,0,0.0,0,0,1,1,1,18
4802,Taisir Al-Jassim,2018,17,Mediocampista,2,2,0,1,0,0.0,1,0,0,0,2,26
1808,Taison,2018,21,Delantero,0,0,0,5,0,0.0,0,0,0,0,0,6
2459,Tajon Buchanan,2022,11,Delantero,3,3,0,0,0,0.0,1,0,0,0,3,31
87,Takashi Fukunishi,2002,15,Mediocampista,1,0,0,3,0,0.0,0,0,1,0,0,9
87,Takashi Fukunishi,2006,15,Mediocampista,2,2,0,1,0,0.0,0,0,0,1,1,29
93,Takashi Hirano,1998,22,Mediocampista,2,0,0,1,0,0.0,1,0,0,0,2,31
99,Takashi Inui,2018,14,Mediocampista,4,3,0,0,2,0.5,1,0,1,1,2,15
181,Takashi Usami,2018,11,Mediocampista,2,1,0,2,0,0.0,0,0,0,1,1,15
128,Takayuki Morimoto,2010,19,Delantero,0,0,0,4,0,0.0,0,0,0,0,0,9
169,Takayuki Suzuki,2002,11,Delantero,4,3,0,0,1,0.25,0,0,2,1,1,9
116,Take Kubo,2022,11,Mediocampista,2,2,0,2,0,0.0,0,0,2,0,0,9
176,Takehiro Tomiyasu,2022,16,Defensor,3,1,0,1,0,0.0,0,0,2,1,0,9
82,Takuma Asano,2022,18,Delantero,4,0,0,0,1,0.25,0,0,2,1,1,9
124,Takumi Minamino,2022,10,Mediocampista,3,0,0,1,0,0.0,0,0,1,1,1,9
4829,Talal Jebrin,1994,16,Mediocampista,3,3,0,1,0,0.0,1,0,2,0,1,12
5562,Tarcisio Burgnich,1966,5,Defensor,2,2,0,1,0,0.0,0,0,1,0,1,9
5562,Tarcisio Burgnich,1970,2,Defensor,6,6,0,0,1,0.17,1,0,3,2,1,2
5562,Tarcisio Burgnich,1974,6,Defensor,3,3,0,0,0,0.0,0,0,1,1,1,10
7186,Tarek Dhiab,1978,10,Mediocampista,3,3,0,0,0,0.0,1,0,1,1,1,9
2088,Tarek Hamed,2018,8,Mediocampista,3,3,0,0,0,0.0,0,0,0,0,3,31
6352,Tarek Salman,2022,5,Defensor,1,0,0,2,0,0.0,0,0,0,0,1,32
2119,Tarek Soliman,1990,11,Mediocampista,1,0,0,2,0,0.0,0,0,0,0,1,20
7255,Tarek Thabet,1998,7,Defensor,3,1,0,0,0,0.0,0,0,0,1,2,26
7255,Tarek Thabet,2002,17,Defensor,0,0,0,3,0,0.0,0,0,0,0,0,29
4542,Taribo West,1998,6,Defensor,4,4,0,0,0,0.0,0,0,2,0,2,12
4542,Taribo West,2002,6,Defensor,2,2,0,1,0,0.0,1,0,0,0,2,27
1483,Tariq Lamptey,2022,2,Defensor,2,1,0,1,0,0.0,1,0,1,0,1,24
5459,Tas Coskun,1954,22,Delantero,1,1,0,2,0,0.0,0,0,0,0,1,11
2609,Tassos Mitropoulos,1994,10,Mediocampista,3,1,1,0,0,0.0,2,0,0,0,3,24
4534,Taye Taiwo,2010,3,Defensor,2,2,0,1,0,0.0,0,0,0,0,2,27
5465,Tayfur Havutcu,2002,14,Mediocampista,3,0,0,4,0,0.0,0,0,3,0,0,3
8268,Teboho Mokoena,2002,12,Mediocampista,3,3,0,0,1,0.33,1,0,1,1,1,17
1227,Ted Burgin,1954,12,Arquero,0,0,0,3,0,0.0,0,0,0,0,0,7
3456,Teddy Lucic,1994,15,Defensor,0,0,0,7,0,0.0,0,0,0,0,0,3
3456,Teddy Lucic,2002,16,Defensor,4,4,0,0,0,0.0,0,0,1,2,1,13
3456,Teddy Lucic,2006,4,Defensor,4,4,0,0,0,0.0,1,1,1,2,1,14
1390,Teddy Sheringham,1998,10,Delantero,2,2,0,2,0,0.0,0,0,1,0,1,9
1390,Teddy Sheringham,2002,17,Delantero,4,0,0,1,0,0.0,0,0,2,1,1,6
6839,Tedj Bensaoula,1982,9,Delantero,3,1,0,0,1,0.33,0,0,2,0,1,13
6839,Tedj Bensaoula,1986,12,Delantero,1,0,0,2,0,0.0,0,0,0,0,1,22
4686,Teilherber,1938,-,Delantero,0,0,0,1,0,0.0,0,0,0,0,0,15
8266,Teko Modise,2010,11,Mediocampista,3,2,0,0,0,0.0,0,0,1,1,1,20
7225,Temime Lakhzami,1978,7,Delantero,3,3,3,0,0,0.0,0,0,1,1,1,9
406,Tengiz Sulakvelidze,1982,2,Defensor,4,4,0,1,0,0.0,0,0,1,2,1,7
2147,Teofilo Cubillas,1970,10,Delantero,4,4,0,0,5,1.25,0,0,2,0,2,7
2147,Teofilo Cubillas,1978,10,Delantero,6,6,0,0,5,0.83,0,0,2,1,3,8
2147,Teofilo Cubillas,1982,10,Mediocampista,3,3,0,0,0,0.0,0,0,0,2,1,20
7745,Teófilo Gutiérrez,2014,9,Delantero,4,4,0,1,1,0.25,0,0,3,0,1,5
3730,Teofilo Spasojevic,1930,-,Mediocampista,0,0,0,3,0,0.0,0,0,0,0,0,4
1810,Teophilo,1930,-,Delantero,1,1,0,1,0,0.0,0,0,0,0,1,6
6432,Terence Kongolo,2014,14,Defensor,1,0,0,6,0,0.0,0,0,1,0,0,3
2486,Terence Moore,1986,5,Defensor,0,0,0,3,0,0.0,0,0,0,0,0,24
1228,Terry Butcher,1982,4,Defensor,4,4,0,1,0,0.0,1,0,2,2,0,6
1228,Terry Butcher,1986,6,Defensor,5,5,0,0,0,0.0,1,0,2,1,2,8
1228,Terry Butcher,1990,6,Defensor,5,5,3,2,0,0.0,0,0,2,3,0,4
1252,Terry Cooper,1970,3,Defensor,4,4,0,0,0,0.0,0,0,2,0,2,8
1268,Terry Fenwick,1986,14,Defensor,4,4,0,1,0,0.0,3,0,1,1,2,8
1337,Terry Mcdermott,1982,10,Mediocampista,0,0,0,5,0,0.0,0,0,0,0,0,6
2556,Terry Medwin,1958,7,Delantero,4,4,0,1,1,0.25,0,0,1,2,1,5
1361,Terry Paine,1966,19,Delantero,1,1,0,5,0,0.0,0,0,1,0,0,1
7480,Terry Phelan,1994,3,Defensor,3,3,0,1,0,0.0,2,0,1,0,2,16
103,Teruyoshi Ito,1998,7,Mediocampista,0,0,0,3,0,0.0,0,0,0,0,0,31
127,Teruyuki Moniwa,2006,2,Defensor,1,0,0,2,0,0.0,1,0,0,0,1,29
6433,Teun Koopmeiners,2022,20,Mediocampista,5,1,0,0,0,0.0,1,0,3,2,0,5
8270,Thabang Molefe,2002,22,Defensor,1,0,0,2,0,0.0,0,0,0,0,1,17
2074,Thabet El Batal,1990,22,Arquero,0,0,0,3,0,0.0,0,0,0,0,0,20
8263,Thabo Mngomeni,2002,8,Mediocampista,0,0,0,3,0,0.0,0,0,0,0,0,17
2598,Thanasis Kolitsidakis,1994,3,Defensor,1,1,0,2,0,0.0,0,0,0,0,1,24
8251,Thanduyise Khuboni,2010,23,Mediocampista,1,1,0,2,0,0.0,0,0,1,0,0,20
8265,Themba Mnguni,1998,2,Defensor,0,0,0,3,0,0.0,0,0,0,0,0,24
6583,Theo Custers,1982,12,Arquero,1,1,0,4,0,0.0,0,0,0,0,1,10
7976,Theo De Jong,1974,7,Defensor,4,0,0,3,1,0.25,0,0,2,1,1,2
3941,Théo Hernandez,2022,22,Defensor,6,5,0,1,1,0.17,1,0,5,1,0,2
6482,Theo Snelders,1994,22,Arquero,0,0,0,5,0,0.0,0,0,0,0,0,7
1418,Theo Walcott,2006,23,Delantero,0,0,0,5,0,0.0,0,0,0,0,0,7
562,Theodor Reimann,1954,1,Arquero,1,1,0,1,0,0.0,0,0,0,0,1,14
4662,Theodor Wagner,1954,9,Delantero,4,4,0,1,3,0.75,0,0,3,0,1,3
6668,Theodore Nouwens,1930,-,Defensor,2,2,0,0,0,0.0,0,0,0,0,2,11
7280,Theodore Whitmore,1998,11,Mediocampista,3,3,0,0,2,0.67,0,0,1,0,2,22
2584,Theofanis Gekas,2010,17,Delantero,2,2,0,1,0,0.0,0,0,1,0,1,25
2584,Theofanis Gekas,2014,17,Delantero,4,1,0,0,0,0.0,0,0,1,2,1,13
860,Theophile Abega,1982,14,Mediocampista,3,3,0,0,0,0.0,0,0,0,3,0,17
5074,Thiago,2018,10,Mediocampista,2,1,0,2,0,0.0,0,0,0,2,0,10
5155,Thiago Almada,2022,16,Mediocampista,1,0,0,6,0,0.0,0,0,1,0,0,1
3046,Thiago Cionek,2018,4,Defensor,1,1,0,2,0,0.0,0,0,0,0,1,25
5701,Thiago Motta,2014,5,Mediocampista,3,1,0,0,0,0.0,0,0,1,0,2,22
1804,Thiago Silva,2010,15,Defensor,0,0,0,5,0,0.0,0,0,0,0,0,6
1804,Thiago Silva,2014,3,Defensor,6,6,6,1,1,0.17,3,0,3,2,1,4
1804,Thiago Silva,2018,2,Defensor,5,5,2,0,1,0.2,0,0,3,1,1,6
1804,Thiago Silva,2022,3,Defensor,4,4,4,1,0,0.0,0,0,3,1,0,7
6581,Thibaut Courtois,2014,1,Arquero,5,5,0,0,0,0.0,0,0,4,0,1,6
6581,Thibaut Courtois,2018,1,Arquero,7,7,1,0,0,0.0,0,0,6,0,1,3
6581,Thibaut Courtois,2022,1,Arquero,3,3,0,0,0,0.0,0,0,1,1,1,23
3937,Thierry Henry,1998,12,Delantero,6,3,0,1,3,0.5,0,0,5,1,0,1
3937,Thierry Henry,2002,12,Delantero,2,2,0,1,0,0.0,0,1,0,1,1,28
3937,Thierry Henry,2006,12,Delantero,7,7,0,0,3,0.43,0,0,4,3,0,2
3937,Thierry Henry,2010,12,Delantero,2,0,0,1,0,0.0,0,0,0,1,1,29
4058,Thierry Tusseau,1986,8,Defensor,4,2,0,3,0,0.0,0,0,3,1,0,3
6166,Thilo Kehrer,2022,5,Defensor,1,1,0,2,0,0.0,1,0,0,1,0,17
3330,Thomas Ahlstrom,1974,22,Mediocampista,2,0,0,4,0,0.0,0,0,1,0,1,5
6040,Thomas Allofs,1982,16,Delantero,0,0,0,7,0,0.0,0,0,0,0,0,2
6057,Thomas Berthold,1986,14,Defensor,6,6,0,1,0,0.0,0,1,2,2,2,2
6057,Thomas Berthold,1990,14,Defensor,7,7,0,0,0,0.0,1,0,5,2,0,1
6057,Thomas Berthold,1994,14,Defensor,5,5,0,0,0,0.0,0,0,3,1,1,5
8052,Thomas Bickel,1994,16,Mediocampista,3,2,0,1,0,0.0,0,0,1,1,1,15
4206,Thomas Delaney,2018,8,Mediocampista,4,4,0,0,0,0.0,1,0,1,3,0,11
4206,Thomas Delaney,2022,8,Mediocampista,1,1,0,2,0,0.0,0,0,0,1,0,28
7304,Thomas Deng,2022,20,Defensor,0,0,0,4,0,0.0,0,0,0,0,0,11
2790,Thomas Dooley,1994,5,Defensor,4,4,0,0,0,0.0,1,0,1,1,2,14
2790,Thomas Dooley,1998,5,Defensor,3,3,3,0,0,0.0,0,0,0,0,3,32
6910,Thomas Dossevi,2006,9,Mediocampista,2,1,0,1,0,0.0,0,0,0,0,2,30
4209,Thomas Enevoldsen,2010,20,Mediocampista,1,1,0,2,0,0.0,0,0,0,0,1,24
2243,Thomas Finney,1982,15,Mediocampista,0,0,0,5,0,0.0,0,0,0,0,0,9
4216,Thomas Gravesen,2002,7,Mediocampista,4,4,0,0,0,0.0,0,0,2,1,1,10
6117,Thomas Haessler,1990,8,Mediocampista,5,5,0,2,0,0.0,0,0,3,2,0,1
6117,Thomas Haessler,1994,8,Mediocampista,5,5,0,0,0,0.0,1,0,3,1,1,5
6117,Thomas Haessler,1998,10,Mediocampista,4,4,0,1,0,0.0,1,0,3,0,1,7
6129,Thomas Helmer,1994,5,Defensor,3,2,0,2,0,0.0,2,0,2,0,1,5
6129,Thomas Helmer,1998,5,Defensor,2,2,0,3,0,0.0,0,0,2,0,0,7
4219,Thomas Helveg,1998,6,Defensor,5,5,0,0,1,0.2,1,0,2,1,2,8
4219,Thomas Helveg,2002,6,Defensor,4,4,0,0,0,0.0,1,0,2,1,1,10
6139,Thomas Hitzlsperger,2006,15,Mediocampista,1,0,0,6,0,0.0,0,0,1,0,0,3
4232,Thomas Kahlenberg,2010,12,Mediocampista,3,2,0,0,0,0.0,0,0,1,0,2,24
3970,Thomas Lemar,2018,8,Delantero,1,1,0,6,0,0.0,0,0,0,1,0,1
917,Thomas Libiih,1990,15,Mediocampista,2,1,0,3,0,0.0,0,0,1,0,1,7
917,Thomas Libiih,1994,6,Mediocampista,3,3,0,0,0,0.0,0,0,0,1,2,22
6201,Thomas Linke,2002,2,Defensor,7,7,0,0,1,0.14,0,0,5,1,1,2
6656,Thomas Meunier,2018,15,Defensor,5,5,0,2,1,0.2,2,0,5,0,0,3
6656,Thomas Meunier,2022,15,Mediocampista,3,2,0,0,0,0.0,1,0,1,1,1,23
6226,Thomas Müller,2010,13,Mediocampista,6,6,0,1,5,0.83,2,0,5,0,1,3
6226,Thomas Müller,2014,13,Delantero,7,7,0,0,5,0.71,0,0,6,1,0,1
6226,Thomas Müller,2018,13,Mediocampista,3,2,0,0,0,0.0,1,0,1,0,2,22
6226,Thomas Müller,2022,13,Mediocampista,3,3,0,0,0,0.0,0,0,1,1,1,17
7427,Thomas Myhre,1998,12,Arquero,0,0,0,4,0,0.0,0,0,0,0,0,15
952,Thomas Nkono,1982,1,Arquero,3,3,3,0,0,0.0,1,0,0,3,0,17
952,Thomas Nkono,1990,16,Arquero,5,5,0,0,0,0.0,2,0,3,0,2,7
952,Thomas Nkono,1994,21,Arquero,0,0,0,3,0,0.0,0,0,0,0,0,22
3476,Thomas Nordahl,1970,16,Mediocampista,1,1,0,2,0,0.0,0,0,0,1,0,9
1497,Thomas Partey,2022,5,Mediocampista,3,3,0,0,0,0.0,0,0,1,0,2,24
3495,Thomas Ravelli,1990,22,Arquero,3,3,0,0,0,0.0,0,0,0,0,3,21
3495,Thomas Ravelli,1994,1,Arquero,7,7,0,0,0,0.0,0,0,3,3,1,3
3510,Thomas Sjoberg,1978,10,Delantero,3,3,0,0,1,0.33,0,0,0,1,2,13
4285,Thomas Sorensen,2002,1,Arquero,4,4,0,0,0,0.0,0,0,2,1,1,10
4285,Thomas Sorensen,2010,1,Arquero,3,3,0,0,0,0.0,1,0,1,0,2,24
6293,Thomas Strunz,1994,2,Mediocampista,3,1,0,2,0,0.0,0,0,1,1,1,5
6743,Thomas Vermaelen,2014,3,Defensor,1,1,0,4,0,0.0,0,0,1,0,0,6
6743,Thomas Vermaelen,2018,3,Defensor,3,1,0,4,0,0.0,0,0,3,0,0,3
8227,Thomas Wyss,1994,21,Mediocampista,1,0,0,3,0,0.0,0,0,0,1,0,15
4521,Thompson Oliha,1994,8,Mediocampista,1,0,0,3,0,0.0,0,0,0,0,1,9
6629,Thorgan Hazard,2018,16,Mediocampista,2,1,0,5,0,0.0,0,0,2,0,0,3
6629,Thorgan Hazard,2022,16,Mediocampista,2,1,0,1,0,0.0,0,0,0,1,1,23
3321,Tiago,2006,19,Mediocampista,5,3,0,2,0,0.0,0,0,4,1,0,4
3321,Tiago,2010,19,Mediocampista,4,3,0,0,2,0.5,2,0,1,2,1,11
7545,Tibor Kemeny,1934,-,Delantero,1,1,0,1,0,0.0,0,0,0,0,1,6
7579,Tibor Nyilasi,1978,8,Mediocampista,2,2,0,1,0,0.0,1,1,0,0,2,15
7579,Tibor Nyilasi,1982,8,Mediocampista,3,3,3,0,2,0.67,1,0,1,1,1,14
7590,Tibor Rab,1978,15,Defensor,0,0,0,3,0,0.0,0,0,0,0,0,15
7590,Tibor Rab,1982,13,Defensor,1,1,0,2,0,0.0,0,0,0,0,1,14
1943,Tibor Selymes,1994,13,Defensor,4,3,0,1,0,0.0,2,0,3,1,0,6
1943,Tibor Selymes,1998,20,Defensor,0,0,0,4,0,0.0,0,0,0,0,0,11
5497,Tie Li,2002,8,Mediocampista,3,3,0,0,0,0.0,1,0,0,0,3,31
3679,Tihomir Ognjanov,1950,-,Delantero,1,1,0,2,1,1.0,0,0,1,0,0,5
3679,Tihomir Ognjanov,1954,7,Delantero,0,0,0,3,0,0.0,0,0,0,0,0,8
4461,Tijani Babangida,1998,13,Delantero,4,1,0,0,1,0.25,0,0,2,0,2,12
1811,Tim,1938,-,Delantero,1,1,0,4,0,0.0,0,0,1,0,0,3
6064,Tim Borowski,2006,18,Mediocampista,6,2,0,1,0,0.0,2,0,4,1,1,3
5111,Tim Brown,2010,8,Mediocampista,0,0,0,3,0,0.0,0,0,0,0,0,22
7294,Tim Cahill,2006,4,Mediocampista,4,3,0,0,2,0.5,2,0,1,1,2,16
7294,Tim Cahill,2010,4,Delantero,2,2,0,1,1,0.5,0,1,1,0,1,21
7294,Tim Cahill,2014,4,Delantero,2,2,0,1,2,1.0,2,0,0,0,2,30
7294,Tim Cahill,2018,4,Delantero,1,0,0,2,0,0.0,0,0,0,0,1,30
6383,Tim De Cler,2006,15,Defensor,1,1,0,3,0,0.0,1,0,0,1,0,11
1273,Tim Flowers,1998,22,Arquero,0,0,0,4,0,0.0,0,0,0,0,0,9
2819,Tim Howard,2006,1,Arquero,0,0,0,3,0,0.0,0,0,0,0,0,25
2819,Tim Howard,2010,1,Arquero,4,4,0,0,0,0.0,0,0,1,2,1,12
2819,Tim Howard,2014,1,Arquero,4,4,0,0,0,0.0,0,0,1,1,2,15
6436,Tim Krul,2014,23,Arquero,1,0,0,6,0,0.0,0,0,0,1,0,3
3798,Tim Matavz,2010,23,Delantero,1,0,0,2,0,0.0,0,0,0,0,1,18
2869,Tim Ream,2022,13,Defensor,4,4,0,0,0,0.0,1,0,1,2,1,14
2897,Tim Weah,2022,21,Delantero,4,4,0,0,1,0.25,0,0,1,2,1,14
6318,Tim Wiese,2010,12,Arquero,0,0,0,7,0,0.0,0,0,0,0,0,3
6694,Timmy Simons,2002,6,Mediocampista,4,3,0,0,0,0.0,0,0,1,2,1,14
6138,Timo Hildebrand,2006,23,Arquero,0,0,0,7,0,0.0,0,0,0,0,0,3
6316,Timo Werner,2018,9,Delantero,3,3,0,0,0,0.0,0,0,1,0,2,22
6568,Timothy Castagne,2022,21,Mediocampista,3,3,0,0,0,0.0,0,0,1,1,1,23
2767,Timothy Chandler,2014,21,Defensor,0,0,0,4,0,0.0,0,0,0,0,0,15
1099,Tin Jedvaj,2018,13,Defensor,1,1,0,6,0,0.0,1,0,1,0,0,2
2480,Tino Lettieri,1986,1,Arquero,2,2,0,1,0,0.0,0,0,0,0,2,24
8029,Tino Susic,2014,14,Mediocampista,2,1,0,1,0,0.0,0,0,1,0,1,20
1812,Tinoco,1934,-,Mediocampista,1,1,0,0,0,0.0,0,0,0,0,1,14
4750,Tisir Al Antaif,1998,22,Arquero,0,0,0,3,0,0.0,0,0,0,0,0,28
1813,Tita,1990,20,Delantero,0,0,0,4,0,0.0,0,0,0,0,0,9
446,Titus Bubernik,1958,17,Defensor,1,1,0,3,0,0.0,0,0,0,0,1,9
446,Titus Bubernik,1962,16,Mediocampista,0,0,0,6,0,0.0,0,0,0,0,0,2
7573,Tivadar Monostori,1958,18,Delantero,0,0,0,4,0,0.0,0,0,0,0,0,10
7573,Tivadar Monostori,1962,18,Delantero,1,1,0,3,0,0.0,0,0,0,1,0,5
4677,Tjaak Pattiwael,1938,-,Defensor,1,1,0,0,0,0.0,0,0,0,0,1,15
3451,Tobias Linderoth,2002,6,Mediocampista,4,4,0,0,0,0.0,0,0,1,2,1,13
3451,Tobias Linderoth,2006,6,Mediocampista,4,4,0,0,0,0.0,1,0,1,2,1,14
6544,Toby Alderweireld,2014,2,Defensor,4,4,0,1,0,0.0,2,0,3,0,1,6
6544,Toby Alderweireld,2018,2,Defensor,6,6,0,1,0,0.0,2,0,5,0,1,3
6544,Toby Alderweireld,2022,2,Defensor,3,3,0,0,0,0.0,0,0,1,1,1,23
2925,Todor Diev,1962,7,Mediocampista,1,1,0,2,0,0.0,0,0,0,0,1,15
2959,Todor Kolev,1970,17,Mediocampista,2,2,0,1,1,0.5,0,0,0,1,1,13
2742,Tom Amrhein,1934,-,Mediocampista,0,0,0,1,0,0.0,0,0,0,0,0,16
7261,Tom Boyd,1998,3,Defensor,3,3,0,0,0,0.0,0,0,0,1,2,27
2243,Tom Finney,1950,-,Delantero,3,3,0,0,0,0.0,0,0,1,0,2,8
2243,Tom Finney,1954,11,Delantero,3,3,0,0,1,0.33,0,0,1,1,1,7
2243,Tom Finney,1958,11,Delantero,1,1,0,3,1,1.0,0,0,0,1,0,11
2799,Tom Florie,1930,-,Delantero,3,3,3,0,1,0.33,0,0,2,0,1,3
2799,Tom Florie,1934,-,Delantero,1,1,0,0,0,0.0,0,0,0,0,1,16
2326,Tom Forsyth,1978,14,Defensor,3,2,0,0,0,0.0,0,0,1,1,1,11
2555,Tom Lockyer,2022,17,Defensor,0,0,0,3,0,0.0,0,0,0,0,0,30
2837,Tom Lynch,1934,-,Mediocampista,0,0,0,1,0,0.0,0,0,0,0,0,16
7358,Tom Rogic,2018,23,Mediocampista,3,3,0,0,0,0.0,1,0,0,1,2,30
3529,Tom Turesson,1970,18,Delantero,2,1,0,1,1,0.5,0,0,1,1,0,9
5075,Tomas,1986,2,Defensor,5,5,0,0,0,0.0,1,0,3,1,1,7
3351,Tomas Antonelius,2002,13,Defensor,0,0,0,4,0,0.0,0,0,0,0,0,13
7653,Tomas Balcazar,1954,10,Delantero,2,2,0,0,1,0.5,0,0,0,0,2,13
7665,Tomas Boy,1986,10,Mediocampista,5,5,5,0,0,0.0,0,0,3,2,0,6
3366,Tomas Brolin,1990,17,Delantero,3,3,0,0,1,0.33,0,0,0,0,3,21
3366,Tomas Brolin,1994,11,Delantero,7,7,0,0,3,0.43,1,0,3,3,1,3
2426,Tomas Fernandez,1938,-,Mediocampista,3,3,3,0,1,0.33,0,0,1,1,1,7
466,Tomas Galasek,2006,4,Mediocampista,2,2,2,1,0,0.0,0,0,1,0,1,20
514,Tomas Kriz,1982,10,Delantero,2,2,0,1,0,0.0,0,0,0,2,0,19
718,Tomas Ojeda,1930,-,Delantero,2,2,0,1,0,0.0,0,0,2,0,0,5
7825,Tomas Pineda,1970,13,Arquero,0,0,0,3,0,0.0,0,0,0,0,0,16
558,Tomas Pospichal,1962,17,Delantero,3,3,0,3,0,0.0,0,0,2,0,1,2
564,Tomas Rosicky,2006,10,Mediocampista,3,3,0,0,2,0.67,1,0,1,0,2,20
576,Tomas Skuhravy,1990,10,Delantero,5,5,0,0,5,1.0,1,0,3,0,2,6
588,Tomas Ujfalusi,2006,21,Defensor,2,2,0,1,0,0.0,0,1,1,0,1,20
3075,Tomasz Hajto,2002,6,Defensor,2,2,0,1,0,0.0,1,0,0,0,2,25
3092,Tomasz Klos,2002,2,Defensor,2,1,0,1,0,0.0,0,0,1,0,1,25
3109,Tomasz Kuszczak,2006,12,Arquero,0,0,0,3,0,0.0,0,0,0,0,0,21
3150,Tomasz Rzasa,2002,5,Mediocampista,1,0,0,2,0,0.0,0,0,0,0,1,25
3173,Tomasz Waldoch,2002,15,Defensor,3,2,2,0,0,0.0,0,0,1,0,2,25
7322,Tomi Juric,2018,9,Delantero,3,1,0,0,0,0.0,0,0,0,1,2,30
1088,Tomislav Butina,2002,12,Arquero,0,0,0,3,0,0.0,0,0,0,0,0,23
1088,Tomislav Butina,2006,23,Arquero,0,0,0,3,0,0.0,0,0,0,0,0,22
3557,Tomislav Crnkovic,1954,3,Defensor,3,3,0,0,0,0.0,0,0,1,1,1,8
3557,Tomislav Crnkovic,1958,4,Defensor,4,4,0,0,0,0.0,0,0,1,2,1,8
3597,Tomislav Ivkovic,1990,1,Arquero,5,5,0,0,0,0.0,0,0,3,1,1,5
1208,Tommy Banks,1958,3,Defensor,4,4,0,0,0,0.0,0,0,0,3,1,11
2231,Tommy Casey,1958,13,Delantero,2,2,0,3,0,0.0,0,0,0,1,1,7
2232,Tommy Cassidy,1982,14,Mediocampista,1,0,0,4,0,0.0,0,0,1,0,0,9
7449,Tommy Coyne,1994,15,Delantero,3,3,0,1,0,0.0,1,0,1,0,2,16
2316,Tommy Docherty,1954,5,Mediocampista,2,2,0,0,0,0.0,0,0,0,0,2,15
2316,Tommy Docherty,1958,10,Mediocampista,0,0,0,3,0,0.0,0,0,0,0,0,14
2246,Tommy Hamill,1958,21,Defensor,0,0,0,5,0,0.0,0,0,0,0,0,7
2347,Tommy Hutchinson,1974,18,Mediocampista,2,0,0,1,0,0.0,0,0,1,1,0,9
7350,Tommy Oar,2014,11,Mediocampista,3,3,0,0,0,0.0,0,0,0,0,3,30
5138,Tommy Smith,2010,19,Defensor,3,3,0,0,0,0.0,1,0,0,3,0,22
3522,Tommy Svensson,1970,6,Mediocampista,3,3,1,0,0,0.0,0,0,1,1,1,9
6488,Tommy Taylor,1954,10,Delantero,2,2,0,1,0,0.0,0,0,1,1,0,7
1437,Tommy Wright,1970,14,Defensor,2,1,0,2,0,0.0,0,0,1,0,1,8
2418,Tommy Younger,1958,1,Arquero,2,2,2,1,0,0.0,0,0,0,1,1,14
121,Tomoaki Makino,2018,20,Defensor,1,1,0,3,0,0.0,1,0,0,0,1,15
134,Tomokazu Myojin,2002,20,Mediocampista,3,3,0,1,0,0.0,0,0,2,0,1,9
8038,Toni Allemann,1962,14,Delantero,3,3,0,0,0,0.0,0,0,0,0,3,16
6189,Toni Kroos,2010,18,Mediocampista,4,0,0,3,0,0.0,0,0,3,0,1,3
6189,Toni Kroos,2014,18,Mediocampista,7,7,0,0,2,0.29,0,0,6,1,0,1
6189,Toni Kroos,2018,8,Mediocampista,3,3,0,0,1,0.33,0,0,1,0,2,22
4626,Toni Polster,1990,9,Delantero,3,3,3,0,0,0.0,0,0,1,0,2,18
4626,Toni Polster,1998,19,Delantero,3,3,3,0,1,0.33,0,0,0,2,1,23
4639,Toni Schall,1934,-,Delantero,2,2,0,2,1,0.5,0,0,1,0,1,4
8028,Toni Sunjic,2014,15,Defensor,2,2,0,1,0,0.0,0,0,1,0,1,20
6305,Toni Turek,1954,1,Arquero,5,5,0,1,0,0.0,0,0,5,0,0,1
1814,Toninho,1978,2,Defensor,6,6,0,1,0,0.0,0,0,3,3,0,3
1815,Toninho Cerezo,1978,5,Mediocampista,6,6,0,1,0,0.0,1,0,4,2,0,3
1815,Toninho Cerezo,1982,5,Mediocampista,4,4,0,1,0,0.0,0,0,3,0,1,5
1193,Tony Adams,1998,5,Defensor,4,4,0,0,0,0.0,0,0,2,1,1,9
7447,Tony Cascarino,1990,10,Delantero,5,2,0,0,0,0.0,0,0,0,4,1,8
7447,Tony Cascarino,1994,16,Delantero,1,0,0,3,0,0.0,0,0,0,0,1,16
1262,Tony Dorigo,1990,15,Defensor,1,1,0,6,0,0.0,0,0,0,0,1,4
5123,Tony Lochhead,2010,3,Defensor,3,3,0,0,0,0.0,1,0,0,3,0,22
2848,Tony Meola,1990,1,Arquero,3,3,0,0,0,0.0,1,0,0,0,3,23
2848,Tony Meola,1994,1,Arquero,4,4,4,0,0,0.0,0,0,1,1,2,14
2848,Tony Meola,2002,19,Arquero,0,0,0,5,0,0.0,0,0,0,0,0,8
7353,Tony Popovic,2006,6,Defensor,1,1,0,3,0,0.0,0,0,0,0,1,16
2877,Tony Sanneh,2002,22,Defensor,5,5,0,0,0,0.0,0,0,2,1,2,8
1072,Tony Sylva,2002,1,Arquero,5,5,0,0,0,0.0,0,0,2,2,1,7
1433,Tony Woodcock,1982,21,Delantero,2,1,0,3,0,0.0,0,0,0,2,0,6
6457,Toon Oprinsen,1934,-,Mediocampista,0,0,0,1,0,0.0,0,0,0,0,0,9
3474,Torbjorn Nilsson,1978,15,Delantero,1,1,0,2,0,0.0,0,0,0,0,1,13
7403,Tore Andre Flo,1998,9,Delantero,4,4,0,0,1,0.25,1,0,1,2,1,15
3432,Tore Keller,1934,-,Delantero,2,2,0,0,0,0.0,0,0,1,0,1,8
3432,Tore Keller,1938,-,Delantero,2,2,2,1,3,1.5,0,0,1,0,1,4
3523,Tore Svensson,1958,12,Arquero,0,0,0,6,0,0.0,0,0,0,0,0,2
6100,Torsten Frings,2002,22,Mediocampista,7,7,0,0,0,0.0,1,0,5,1,1,2
6100,Torsten Frings,2006,8,Mediocampista,6,6,0,1,1,0.17,2,0,5,1,0,3
3447,Torsten Lindberg,1950,-,Arquero,0,0,0,5,0,0.0,0,0,0,0,0,3
2380,Tosh Mckinlay,1998,6,Defensor,2,0,0,1,0,0.0,0,0,0,0,2,27
159,Toshihide Saito,1998,16,Defensor,0,0,0,3,0,0.0,0,0,0,0,0,31
81,Toshihiro Aoyama,2014,14,Defensor,1,1,0,2,0,0.0,0,0,0,0,1,29
91,Toshihiro Hattori,1998,13,Defensor,0,0,0,3,0,0.0,0,0,0,0,0,31
91,Toshihiro Hattori,2002,6,Defensor,1,0,0,3,0,0.0,0,0,1,0,0,9
1816,Tostao,1966,20,Mediocampista,1,1,0,2,1,1.0,0,0,0,0,1,11
1816,Tostao,1970,9,Mediocampista,6,6,0,0,2,0.33,1,0,6,0,0,1
3756,Toza Veselinovic,1954,21,Delantero,0,0,0,3,0,0.0,0,0,0,0,0,8
3756,Toza Veselinovic,1958,13,Delantero,4,4,0,0,3,0.75,0,0,1,2,1,8
4368,Tranquilino Garcete,1930,-,Mediocampista,1,1,0,1,0,0.0,0,0,1,0,0,9
8047,Tranquillo Barnetta,2006,16,Mediocampista,4,4,0,0,1,0.25,1,0,2,2,0,10
8047,Tranquillo Barnetta,2010,7,Mediocampista,3,2,0,0,0,0.0,1,0,1,1,1,19
8047,Tranquillo Barnetta,2014,7,Mediocampista,0,0,0,4,0,0.0,0,0,0,0,0,11
1194,Trent Alexander-Arnold,2018,22,Defensor,1,1,0,6,0,0.0,0,0,0,0,1,4
1194,Trent Alexander-Arnold,2022,18,Defensor,1,0,0,4,0,0.0,0,0,1,0,0,6
7364,Trent Sainsbury,2018,20,Defensor,3,3,0,0,0,0.0,0,0,0,1,2,30
1224,Trevor Brooking,1982,3,Mediocampista,1,0,0,4,0,0.0,0,0,0,1,0,6
1997,Trevor Francis,1982,8,Delantero,5,5,0,0,2,0.4,0,0,3,2,0,6
1393,Trevor Sinclair,2002,4,Mediocampista,4,3,0,1,0,0.0,0,0,2,1,1,6
1402,Trevor Steven,1986,17,Mediocampista,3,3,0,2,0,0.0,0,0,2,0,1,8
1402,Trevor Steven,1990,20,Mediocampista,3,1,0,4,0,0.0,0,0,1,1,1,4
2949,Trifon Ivanov,1994,3,Defensor,6,6,0,1,0,0.0,3,0,3,0,3,4
2949,Trifon Ivanov,1998,3,Defensor,3,3,3,0,0,0.0,1,0,0,1,2,29
4271,Trols Rasmussen,1986,1,Arquero,2,2,0,2,0,0.0,0,0,2,0,0,9
3004,Tsanko Tsvetanov,1994,4,Defensor,6,6,0,1,0,0.0,0,1,3,0,3,4
8259,Tsepo Masilela,2010,3,Defensor,3,2,0,0,0,0.0,1,0,1,1,1,20
6828,Tshinabu Wa Munda,1974,7,Mediocampista,1,1,0,2,0,0.0,0,0,0,0,1,16
3007,Tsonyo Vasilev,1974,18,Defensor,3,3,0,0,0,0.0,1,0,0,2,1,12
126,Tsuneyasu Miyamoto,2002,17,Defensor,4,3,3,0,0,0.0,1,0,2,1,1,9
126,Tsuneyasu Miyamoto,2006,5,Defensor,2,2,2,1,0,0.0,2,0,0,1,1,29
6824,Tubilandu Ndimbi,1974,12,Arquero,1,0,0,2,0,0.0,0,0,0,0,1,16
5469,Tugay Kerimoglu,2002,8,Mediocampista,7,7,0,0,0,0.0,3,0,4,1,2,3
8107,Tullio Grassi,1938,-,Delantero,1,1,0,2,0,0.0,0,0,0,0,1,6
4876,Txiki Beguiristain,1994,11,Delantero,1,0,0,4,1,1.0,0,0,1,0,0,8
6542,Tyler Adams,2022,4,Mediocampista,4,4,4,0,0,0.0,1,0,1,2,1,14
6444,Tyrell Malacia,2022,16,Defensor,0,0,0,5,0,0.0,0,0,0,0,0,5
4467,Tyronne Ebuehi,2018,21,Defensor,1,0,0,2,0,0.0,0,0,1,0,0,21
5255,Ubaldo Fillol,1974,12,Arquero,1,1,0,5,0,0.0,0,0,0,1,0,8
5255,Ubaldo Fillol,1978,5,Arquero,7,7,0,0,0,0.0,0,0,5,1,1,1
5255,Ubaldo Fillol,1982,7,Arquero,5,5,0,0,0,0.0,0,0,2,0,3,11
4503,Uche Nwofor,2014,19,Delantero,2,0,0,2,0,0.0,0,0,0,0,2,16
4515,Uche Okafor,1994,20,Defensor,0,0,0,4,0,0.0,0,0,0,0,0,9
4515,Uche Okafor,1998,16,Defensor,1,1,0,3,0,0.0,0,0,0,0,1,12
4516,Uche Okechukwu,1994,5,Defensor,4,4,0,0,0,0.0,0,0,2,0,2,9
4516,Uche Okechukwu,1998,5,Defensor,3,3,3,1,0,0.0,2,0,2,0,1,12
5625,Ugo Ferrante,1970,6,Defensor,0,0,0,6,0,0.0,0,0,0,0,0,2
5665,Ugo Locatelli,1938,-,Mediocampista,4,4,0,0,0,0.0,0,0,4,0,0,1
6171,Ulf Kirsten,1994,19,Delantero,0,0,0,5,0,0.0,0,0,0,0,0,5
6171,Ulf Kirsten,1998,9,Delantero,4,0,0,1,0,0.0,0,0,2,1,1,7
6059,Uli Biesinger,1954,18,Mediocampista,0,0,0,6,0,0.0,0,0,0,0,0,1
6142,Uli Hoeness,1974,14,Mediocampista,7,6,0,0,1,0.14,0,0,6,0,1,1
6287,Uli Stielike,1982,15,Defensor,7,7,0,0,0,0.0,2,0,3,2,2,2
7698,Ulises De La Cruz,2002,4,Defensor,3,3,0,0,0,0.0,1,0,1,0,2,24
729,Ulises Poirier,1930,-,Defensor,1,1,0,2,0,0.0,0,0,1,0,0,5
4016,Ulrich Rame,2002,1,Arquero,0,0,0,3,0,0.0,0,0,0,0,0,28
6285,Ulrich Stein,1986,12,Arquero,0,0,0,7,0,0.0,0,0,0,0,0,2
6508,Ulrich Van Gobbel,1994,14,Defensor,1,1,0,4,0,0.0,1,0,1,0,0,7
3418,Ulrik Jansson,1990,11,Mediocampista,0,0,0,3,0,0.0,0,0,0,0,0,21
5564,Umberto Caligaris,1934,-,Defensor,0,0,0,5,0,0.0,0,0,0,0,0,1
5460,Umit Davala,2002,22,Mediocampista,7,6,0,0,2,0.29,0,0,4,1,2,3
5479,Umit Ozat,2002,16,Defensor,2,2,0,5,0,0.0,0,0,0,1,1,3
5409,Unai Simón,2022,23,Arquero,4,4,0,0,0,0.0,0,0,1,2,1,13
5974,Urbano Rivera,1954,15,Mediocampista,0,0,0,5,0,0.0,0,0,0,0,0,4
7644,Uriel Antuna,2022,21,Delantero,3,0,0,0,0,0.0,0,0,1,1,1,22
3707,Uros Racic,2022,19,Mediocampista,0,0,0,3,0,0.0,0,0,0,0,0,29
3728,Uroš Spajić,2018,5,Defensor,0,0,0,3,0,0.0,0,0,0,0,0,23
4469,Uwa Echiejile,2010,21,Defensor,2,0,0,1,0,0.0,0,0,0,1,1,27
6053,Uwe Bein,1990,15,Mediocampista,4,4,0,3,1,0.25,0,0,3,1,0,1
6252,Uwe Rahn,1986,18,Mediocampista,0,0,0,7,0,0.0,0,0,0,0,0,2
6256,Uwe Reinders,1982,13,Delantero,3,1,0,4,1,0.33,0,0,2,1,0,2
6281,Uwe Seeler,1958,12,Delantero,5,5,0,1,2,0.4,0,0,2,2,1,4
6281,Uwe Seeler,1962,9,Delantero,4,4,0,0,2,0.5,0,0,2,1,1,7
6281,Uwe Seeler,1966,9,Delantero,6,6,6,0,2,0.33,0,0,4,1,1,2
6281,Uwe Seeler,1970,9,Delantero,6,6,6,0,3,0.5,0,0,5,0,1,3
476,Vaclav Horak,1938,-,Delantero,1,1,0,2,0,0.0,0,0,0,0,1,5
478,Vaclav Hovorka,1958,13,Delantero,3,3,0,1,2,0.67,0,0,1,1,1,9
526,Vaclav Masek,1962,14,Delantero,1,1,0,5,1,1.0,0,0,0,0,1,2
529,Vaclav Migas,1970,3,Defensor,3,3,0,0,0,0.0,0,0,0,0,3,15
539,Vaclav Nemecek,1990,20,Mediocampista,3,2,0,2,0,0.0,0,0,1,0,2,6
425,Vadim Yevtushenko,1982,19,Delantero,0,0,0,5,0,0.0,0,0,0,0,0,7
425,Vadim Yevtushenko,1986,17,Delantero,3,1,0,1,0,0.0,0,0,2,0,1,10
320,Vagiz Khidiyatullin,1982,4,Defensor,0,0,0,5,0,0.0,0,0,0,0,0,7
320,Vagiz Khidiyatullin,1990,3,Defensor,3,3,0,0,0,0.0,1,0,1,0,2,17
4082,Vahid Amiri,2018,11,Mediocampista,3,3,0,0,0,0.0,1,0,1,1,1,18
4082,Vahid Amiri,2022,11,Mediocampista,0,0,0,3,0,0.0,0,0,0,0,0,26
3587,Vahid Halilhodzic,1982,19,Delantero,2,0,0,1,0,0.0,0,0,1,0,1,16
4117,Vahid Hashemian,2006,9,Delantero,3,3,0,0,0,0.0,0,0,0,1,2,26
4177,Vahid Talebloo,2006,22,Arquero,0,0,0,3,0,0.0,0,0,0,0,0,26
2591,Vaios Karagiannis,1994,13,Defensor,2,2,0,1,0,0.0,1,0,0,0,2,24
1817,Valdo,1986,21,Mediocampista,0,0,0,5,0,0.0,0,0,0,0,0,5
1817,Valdo,1990,8,Mediocampista,4,4,0,0,0,0.0,0,0,3,0,1,9
1818,Valdomiro,1974,13,Delantero,6,5,0,1,1,0.17,0,0,3,1,2,4
246,Valentin Afonin,1966,5,Defensor,1,1,0,5,0,0.0,0,0,1,0,0,4
246,Valentin Afonin,1970,3,Defensor,3,3,0,1,0,0.0,0,0,2,0,1,5
268,Valentin Bubukin,1958,18,Delantero,0,0,0,5,0,0.0,0,0,0,0,0,6
310,Valentin Ivanov,1958,8,Delantero,5,5,0,0,1,0.2,0,0,2,1,2,6
310,Valentin Ivanov,1962,14,Delantero,4,4,0,0,4,1.0,0,0,2,1,1,6
8428,Valentín Pimentel,2018,14,Mediocampista,0,0,0,3,0,0.0,0,0,0,0,0,32
8201,Valentin Stocker,2014,14,Mediocampista,1,1,0,3,0,0.0,0,0,1,0,0,11
266,Valeri Broshin,1990,21,Mediocampista,0,0,0,3,0,0.0,0,0,0,0,0,17
315,Valeri Karpin,1994,10,Mediocampista,3,2,0,0,0,0.0,1,0,1,0,2,18
315,Valeri Karpin,2002,8,Mediocampista,3,3,0,0,1,0.33,0,0,1,0,2,22
7123,Valeri Voronin,1962,12,Mediocampista,4,4,0,0,0,0.0,0,0,2,1,1,6
7123,Valeri Voronin,1966,12,Mediocampista,5,5,0,1,0,0.0,1,0,3,0,2,4
429,Valeri Zikov,1970,10,Defensor,0,0,0,4,0,0.0,0,0,0,0,0,5
376,Valeriy Porkuyan,1966,17,Delantero,3,3,0,3,4,1.33,0,0,2,0,1,4
376,Valeriy Porkuyan,1970,22,Delantero,0,0,0,4,0,0.0,0,0,0,0,0,5
8049,Valon Behrami,2006,19,Mediocampista,1,0,0,3,0,0.0,0,0,1,0,0,10
8049,Valon Behrami,2010,11,Mediocampista,1,1,0,2,0,0.0,0,1,0,0,1,19
8049,Valon Behrami,2014,11,Mediocampista,4,4,0,0,0,0.0,0,0,2,0,2,11
8049,Valon Behrami,2018,11,Mediocampista,4,4,1,0,0,0.0,2,0,1,2,1,14
3774,Valter Birsa,2010,10,Mediocampista,3,3,0,0,1,0.33,1,0,1,1,1,18
1819,Vampeta,2002,18,Mediocampista,1,0,0,6,0,0.0,0,0,1,0,0,1
2610,Vangelis Moras,2010,5,Defensor,1,1,0,2,0,0.0,0,0,0,0,1,25
2610,Vangelis Moras,2014,5,Defensor,0,0,0,4,0,0.0,0,0,0,0,0,13
2930,Vasil Dragolov,1986,16,Delantero,0,0,0,4,0,0.0,0,0,0,0,0,15
2972,Vasil Metodiev,1966,12,Defensor,0,0,0,3,0,0.0,0,0,0,0,0,15
2977,Vasil Mitkov,1970,20,Delantero,2,1,0,1,0,0.0,0,0,0,1,1,13
1863,Vasile Chiroiu,1938,-,Defensor,1,1,0,1,0,0.0,0,0,0,1,0,9
1872,Vasile Deheleanu,1934,-,Mediocampista,1,1,0,0,0,0.0,0,0,0,0,1,12
1889,Vasile Gherghely,1970,14,Mediocampista,1,0,0,2,0,0.0,0,0,1,0,0,10
2625,Vasileios Torosidis,2010,15,Defensor,3,3,0,0,1,0.33,1,0,1,0,2,25
2625,Vasileios Torosidis,2014,15,Defensor,4,4,0,0,0,0.0,1,0,1,2,1,13
380,Vasili Rats,1986,21,Mediocampista,3,3,0,1,1,0.33,1,0,1,1,1,10
380,Vasili Rats,1990,6,Mediocampista,1,1,0,2,0,0.0,0,0,0,0,1,17
3723,Vasilije Sijakovic,1958,3,Defensor,2,2,0,2,0,0.0,0,0,0,1,1,8
3723,Vasilije Sijakovic,1962,14,Defensor,1,1,0,5,0,0.0,0,0,0,0,1,4
2582,Vasilis Dimitriadis,1994,14,Delantero,2,0,0,1,0,0.0,0,0,0,0,2,24
280,Vasily Danilov,1966,10,Defensor,4,4,0,2,0,0.0,0,0,2,0,2,4
259,Vassili Berezutski,2014,14,Defensor,3,3,3,0,0,0.0,0,0,0,2,1,24
1820,Vava,1958,20,Delantero,4,4,0,2,5,1.25,0,0,3,1,0,1
1820,Vava,1962,19,Delantero,6,6,0,0,4,0.67,0,0,5,1,0,1
8018,Vedad Ibisevic,2014,9,Delantero,3,1,0,0,1,0.33,0,0,1,0,2,20
1090,Vedran Corluka,2014,5,Defensor,3,3,0,0,0,0.0,1,0,1,0,2,19
1090,Vedran Corluka,2018,5,Defensor,4,1,0,3,0,0.0,1,0,3,1,0,2
7409,Vegard Heggem,1998,14,Delantero,0,0,0,4,0,0.0,0,0,0,0,0,15
3766,Velimir Zajec,1982,4,Defensor,3,3,0,0,0,0.0,0,0,1,1,1,16
3019,Velko Yotov,1994,21,Delantero,0,0,0,7,0,0.0,0,0,0,0,0,4
1821,Velloso,1930,-,Arquero,1,1,0,1,0,0.0,0,0,1,0,0,6
1822,Veludo,1954,21,Arquero,0,0,0,3,0,0.0,0,0,0,0,0,6
5967,Venancio Ramos,1986,19,Delantero,4,2,0,0,0,0.0,0,0,0,2,2,16
270,Viacheslav Chanov,1982,22,Arquero,0,0,0,5,0,0.0,0,0,0,0,0,7
279,Viacheslav Daev,2002,13,Defensor,0,0,0,3,0,0.0,0,0,0,0,0,22
2538,Vic Crowe,1958,16,Mediocampista,0,0,0,5,0,0.0,0,0,0,0,0,5
3325,Vicente,1966,4,Defensor,4,4,0,2,0,0.0,0,0,4,0,0,3
4694,Vicente Arraya,1950,-,Arquero,0,0,0,1,0,0.0,0,0,0,0,0,13
4868,Vicente Asensi,1950,-,Defensor,1,1,0,5,0,0.0,0,0,0,0,1,4
5090,Victor,1986,5,Mediocampista,5,5,0,0,0,0.0,1,0,3,1,1,7
5090,Victor,2014,22,Arquero,0,0,0,7,0,0.0,0,0,0,0,0,4
4691,Victor Algaranaz,1950,-,Delantero,1,1,0,0,0,0.0,0,0,0,0,1,13
2640,Victor Aristizabal,1994,16,Delantero,0,0,0,3,0,0.0,0,0,0,0,0,19
2640,Victor Aristizabal,1998,15,Delantero,3,1,0,0,0,0.0,1,0,1,0,2,21
256,Victor Bannikov,1966,22,Arquero,0,0,0,6,0,0.0,0,0,0,0,0,4
193,Victor Bernardez,2010,5,Defensor,1,1,0,2,0,0.0,0,0,0,1,0,30
193,Victor Bernardez,2014,5,Defensor,3,3,0,0,0,0.0,1,0,0,0,3,31
4700,Victor Brown,1950,-,Delantero,0,0,0,1,0,0.0,0,0,0,0,0,13
272,Victor Chanov,1982,16,Arquero,0,0,0,5,0,0.0,0,0,0,0,0,7
5859,Victor Diogo,1986,4,Defensor,3,3,0,1,0,0.0,2,0,0,2,1,16
5865,Victor Esparrago,1966,21,Mediocampista,0,0,0,4,0,0.0,0,0,0,0,0,7
5865,Victor Esparrago,1970,9,Mediocampista,6,3,0,0,1,0.17,0,0,2,1,3,4
5865,Victor Esparrago,1974,8,Mediocampista,3,3,0,0,0,0.0,1,0,0,1,2,13
2681,Víctor Ibarbo,2014,14,Mediocampista,3,3,0,2,0,0.0,0,0,2,0,1,5
4490,Victor Ikpeba,1994,17,Delantero,0,0,0,4,0,0.0,0,0,0,0,0,9
4490,Victor Ikpeba,1998,20,Delantero,3,3,0,1,1,0.33,1,0,2,0,1,12
3448,Victor Lindelöf,2018,3,Defensor,4,4,0,1,0,0.0,0,0,2,0,2,7
6652,Victor Mees,1954,6,Mediocampista,2,2,0,0,0,0.0,0,0,0,1,1,12
707,Victor Morales,1930,-,Defensor,2,2,0,1,0,0.0,0,0,1,0,1,5
4498,Victor Moses,2014,11,Delantero,2,2,0,2,0,0.0,0,0,0,1,1,16
4498,Victor Moses,2018,11,Delantero,3,3,0,0,1,0.33,0,0,1,0,2,21
941,Victor Ndip,1990,17,Defensor,4,4,0,1,0,0.0,2,0,3,0,1,7
941,Victor Ndip,1994,5,Defensor,1,1,0,2,0,0.0,0,0,0,0,1,22
4259,Victor Nelsson,2022,3,Defensor,1,1,0,2,0,0.0,0,0,0,0,1,28
7805,Victor Nunez,2006,21,Delantero,0,0,0,3,0,0.0,0,0,0,0,0,31
4506,Victor Obinna,2010,18,Delantero,2,1,0,1,0,0.0,0,0,0,1,1,27
7835,Victor Rangel,1978,9,Delantero,3,3,0,0,1,0.33,0,0,0,0,3,16
5809,Victor Rodriguez Andrade,1950,-,Mediocampista,4,4,0,0,0,0.0,0,0,3,1,0,1
5809,Victor Rodriguez Andrade,1954,4,Defensor,5,5,0,0,0,0.0,0,0,3,0,2,4
4745,Victor Ugarte,1950,-,Delantero,1,1,0,0,0,0.0,0,0,0,0,1,13
5085,Victor Valdes,2010,12,Arquero,0,0,0,7,0,0.0,0,0,0,0,0,1
5900,Victoriano Iriarte,1930,-,Delantero,4,4,0,0,2,0.5,0,0,4,0,0,1
4382,Victoriano Leguizamon,1950,-,Mediocampista,2,2,0,0,0,0.0,0,0,0,1,1,11
7434,Vidar Riseth,1998,21,Mediocampista,4,3,0,0,0,0.0,0,0,1,2,1,15
2913,Vidin Apostolov,1966,19,Defensor,0,0,0,3,0,0.0,0,0,0,0,0,15
3326,Vieirinha,2014,10,Mediocampista,1,0,0,2,0,0.0,0,0,1,0,0,18
3896,Vikash Dhorasoo,2006,8,Mediocampista,2,0,0,5,0,0.0,0,0,0,2,0,2
272,Viktor Chanov,1986,16,Arquero,1,1,0,3,0,0.0,0,0,1,0,0,10
272,Viktor Chanov,1990,16,Arquero,0,0,0,3,0,0.0,0,0,0,0,0,17
3369,Viktor Claesson,2018,17,Mediocampista,5,5,0,0,0,0.0,1,0,3,0,2,7
290,Viktor Faizulin,2014,20,Mediocampista,3,3,0,0,0,0.0,0,0,0,2,1,24
6093,Viktor Fischer,2018,15,Delantero,1,0,0,3,0,0.0,0,0,0,1,0,11
300,Viktor Getmanov,1966,9,Defensor,1,1,0,5,0,0.0,0,0,1,0,0,4
312,Viktor Kanevski,1962,15,Delantero,2,2,0,2,0,0.0,0,0,1,1,0,6
369,Viktor Onopko,1994,18,Defensor,2,2,1,1,0,0.0,0,0,1,0,1,18
369,Viktor Onopko,2002,7,Defensor,3,3,3,0,0,0.0,0,0,1,0,2,22
373,Viktor Ponedelnik,1962,19,Delantero,4,4,0,0,2,0.5,0,0,2,1,1,6
394,Viktor Serebryanikov,1962,20,Delantero,0,0,0,4,0,0.0,0,0,0,0,0,6
394,Viktor Serebryanikov,1966,2,Delantero,2,2,0,4,0,0.0,0,0,1,0,1,4
394,Viktor Serebryanikov,1970,15,Mediocampista,2,2,0,2,0,0.0,0,0,1,1,0,5
412,Viktor Tsaryov,1958,16,Mediocampista,5,5,0,0,0,0.0,0,0,2,1,2,6
482,Viliam Hyravy,1990,16,Mediocampista,0,0,0,5,0,0.0,0,0,0,0,0,6
570,Viliam Schrojf,1954,22,Arquero,0,0,0,2,0,0.0,0,0,0,0,0,14
570,Viliam Schrojf,1958,22,Arquero,0,0,0,4,0,0.0,0,0,0,0,0,9
570,Viliam Schrojf,1962,1,Arquero,6,6,0,0,0,0.0,0,0,3,1,2,2
7553,Vilmos Kohut,1938,-,Delantero,2,2,0,2,1,0.5,0,0,2,0,0,2
7313,Vince Grella,2006,13,Mediocampista,4,4,0,0,0,0.0,2,0,1,1,2,16
7313,Vince Grella,2010,13,Mediocampista,1,1,0,2,0,0.0,0,0,0,0,1,21
861,Vincent Aboubakar,2010,23,Delantero,2,0,0,1,0,0.0,0,0,0,0,2,31
861,Vincent Aboubakar,2014,10,Delantero,2,2,0,1,0,0.0,0,0,0,0,2,32
861,Vincent Aboubakar,2022,10,Delantero,3,1,1,0,2,0.67,0,1,1,1,1,19
3862,Vincent Candela,1998,2,Defensor,1,1,0,6,0,0.0,0,0,1,0,0,1
3862,Vincent Candela,2002,2,Defensor,2,1,0,1,0,0.0,0,0,0,1,1,28
4477,Vincent Enyeama,2002,22,Arquero,1,1,0,2,0,0.0,0,0,0,1,0,27
4477,Vincent Enyeama,2010,1,Arquero,3,3,0,0,0,0.0,1,0,0,1,2,27
4477,Vincent Enyeama,2014,1,Arquero,4,4,1,0,0,0.0,0,0,1,1,2,16
6423,Vincent Janssen,2022,18,Delantero,2,1,0,3,0,0.0,0,0,2,0,0,5
6643,Vincent Kompany,2014,4,Defensor,4,4,4,1,0,0.0,1,0,3,0,1,6
6643,Vincent Kompany,2018,4,Defensor,5,4,0,2,0,0.0,0,0,4,0,1,3
5360,Vincente Perez,1934,-,Delantero,0,0,0,1,0,0.0,0,0,0,0,0,9
5656,Vincenzo Iaquinta,2006,15,Delantero,5,0,0,2,1,0.2,1,0,3,2,0,1
5656,Vincenzo Iaquinta,2010,9,Delantero,3,3,0,0,1,0.33,0,0,0,2,1,26
5693,Vincenzo Montella,2002,20,Delantero,1,0,0,3,0,0.0,1,0,0,1,0,15
1824,Vinicius Junior,2022,20,Delantero,4,4,0,1,1,0.25,0,0,3,1,0,7
1867,Vintila Cossini,1938,-,Mediocampista,1,1,0,1,0,0.0,0,0,0,1,0,9
5790,Viola,1994,21,Delantero,1,0,0,6,0,0.0,0,0,0,1,0,1
1910,Viorel Moldovan,1994,17,Delantero,0,0,0,5,0,0.0,0,0,0,0,0,6
1910,Viorel Moldovan,1998,9,Delantero,4,3,0,0,2,0.5,0,0,2,1,1,11
6507,Virgil Van Dijk,2022,4,Defensor,5,5,5,0,0,0.0,0,0,3,2,0,5
5827,Virginio Caceres,1986,13,Defensor,0,0,0,4,0,0.0,0,0,0,0,0,13
5751,Virginio Rosetta,1934,-,Defensor,1,1,1,4,0,0.0,0,0,1,0,0,1
6554,Vital Borkelmans,1994,3,Defensor,2,1,0,2,0,0.0,1,0,2,0,0,11
6554,Vital Borkelmans,1998,5,Defensor,3,3,0,0,0,0.0,1,0,0,3,0,19
281,Vitali Daraselia,1982,13,Mediocampista,4,2,0,1,0,0.0,0,0,2,1,1,7
322,Vitali Khmelnitski,1970,21,Delantero,4,3,0,0,1,0.25,1,0,2,1,1,5
3327,Vitinha,2022,16,Mediocampista,3,1,0,2,0,0.0,1,0,1,0,2,8
3328,Vitor Baia,2002,1,Arquero,3,3,0,0,0,0.0,0,0,1,0,2,21
8105,Vittore Gottardi,1966,8,Delantero,2,2,0,1,0,0.0,0,0,0,0,2,16
1197,Viv Anderson,1982,2,Defensor,0,0,0,5,0,0.0,0,0,0,0,0,6
1197,Viv Anderson,1986,12,Defensor,0,0,0,5,0,0.0,0,0,0,0,0,8
3543,Vladimir Beara,1950,-,Arquero,0,0,0,3,0,0.0,0,0,0,0,0,5
3543,Vladimir Beara,1954,1,Arquero,3,3,0,0,0,0.0,0,0,1,1,1,8
3543,Vladimir Beara,1958,1,Arquero,3,3,0,1,0,0.0,0,0,1,2,0,8
258,Vladimir Belyayev,1958,13,Arquero,0,0,0,5,0,0.0,0,0,0,0,0,6
260,Vladimir Beschastnykh,1994,11,Delantero,1,0,0,2,0,0.0,0,0,1,0,0,18
260,Vladimir Beschastnykh,2002,11,Delantero,3,2,0,0,1,0.33,0,0,1,0,2,22
261,Vladimir Bessonov,1982,8,Mediocampista,5,5,0,0,0,0.0,1,0,2,2,1,7
261,Vladimir Bessonov,1986,2,Defensor,3,3,0,1,0,0.0,0,0,1,1,1,10
261,Vladimir Bessonov,1990,2,Defensor,2,2,0,1,0,0.0,0,1,0,0,2,17
638,Vladimir Bigorra,1982,4,Defensor,3,3,0,0,0,0.0,0,0,0,0,3,22
3573,Vladimir Durkovic,1962,2,Defensor,6,6,0,0,0,0.0,0,0,3,0,3,4
3578,Vladimir Firm,1950,-,Defensor,0,0,0,3,0,0.0,0,0,0,0,0,5
296,Vladimir Gabulov,2018,20,Arquero,0,0,0,5,0,0.0,0,0,0,0,0,8
304,Vladimir Granat,2014,13,Defensor,0,0,0,3,0,0.0,0,0,0,0,0,24
304,Vladimir Granat,2018,14,Defensor,1,0,0,4,0,0.0,0,0,0,1,0,8
469,Vladimir Hagara,1970,4,Defensor,2,2,0,1,0,0.0,0,0,0,0,2,15
480,Vladimir Hrivnak,1970,14,Defensor,1,1,0,2,0,0.0,0,0,0,0,1,15
3611,Vladimir Jugovic,1998,7,Mediocampista,4,4,0,0,0,0.0,0,0,2,1,1,10
314,Vladimir Kaplichni,1970,5,Defensor,3,3,0,1,0,0.0,0,0,1,1,1,5
318,Vladimir Kesarev,1958,2,Defensor,5,5,0,0,0,0.0,0,0,2,1,2,6
497,Vladimir Kinier,1990,15,Defensor,1,1,0,4,0,0.0,0,0,0,0,1,6
504,Vladimir Kos,1962,15,Delantero,0,0,0,6,0,0.0,0,0,0,0,0,2
3625,Vladimir Kovacevic,1962,18,Delantero,2,2,0,4,0,0.0,0,0,1,0,1,4
345,Vladimir Liutyi,1990,14,Delantero,1,0,0,2,0,0.0,0,0,0,0,1,17
354,Vladimir Maslachenko,1958,12,Arquero,0,0,0,5,0,0.0,0,0,0,0,0,6
354,Vladimir Maslachenko,1962,2,Arquero,0,0,0,4,0,0.0,0,0,0,0,0,6
363,Vladimir Muntyan,1970,14,Mediocampista,4,4,0,0,0,0.0,0,0,2,1,1,5
3700,Vladimir Petrovic,1974,20,Mediocampista,2,1,0,4,0,0.0,0,0,0,0,2,7
3700,Vladimir Petrovic,1982,7,Mediocampista,3,3,0,0,1,0.33,0,0,1,1,1,16
374,Vladimir Ponomaryov,1966,4,Defensor,5,5,0,1,0,0.0,0,0,3,0,2,4
7353,Vladimir Popovic,1958,11,Mediocampista,0,0,0,4,0,0.0,0,0,0,0,0,8
7353,Vladimir Popovic,1962,6,Mediocampista,6,6,0,0,0,0.0,0,0,3,0,3,4
2038,Vladimir Quesada,1990,2,Defensor,0,0,0,4,0,0.0,0,0,0,0,0,13
4741,Vladimir Soria,1994,15,Mediocampista,3,3,0,0,0,0.0,1,0,0,1,2,21
3741,Vladimir Stojkovic,2006,23,Arquero,0,0,0,3,0,0.0,0,0,0,0,0,32
3741,Vladimir Stojkovic,2010,1,Arquero,3,3,0,0,0,0.0,0,0,1,0,2,23
3741,Vladimir Stojkovic,2018,1,Arquero,3,3,0,0,0,0.0,0,0,1,0,2,23
1160,Vladimir Vasilj,1998,22,Arquero,0,0,0,7,0,0.0,0,0,0,0,0,3
1160,Vladimir Vasilj,2002,23,Arquero,0,0,0,3,0,0.0,0,0,0,0,0,23
815,Vladimir Weiss,2010,7,Mediocampista,3,3,0,1,0,0.0,1,0,0,1,2,16
815,Vladimir Weiss,1990,14,Mediocampista,3,1,0,2,0,0.0,0,0,2,0,1,6
422,Vladimir Yerokhin,1958,22,Defensor,0,0,0,5,0,0.0,0,0,0,0,0,6
7124,Vladimir Yezerskyi,2006,5,Defensor,1,1,0,4,0,0.0,1,0,0,0,1,8
4422,Vladimiro Schettina,1986,4,Defensor,3,3,0,1,0,0.0,2,0,1,1,1,13
5209,Vladislao Cap,1962,18,Defensor,2,2,0,1,0,0.0,0,0,0,1,1,10
3547,Vladislav Bogicevic,1974,6,Defensor,5,5,0,1,1,0.2,0,0,1,2,2,7
474,Vladislav Hlavacek,1954,7,Delantero,2,2,0,0,0,0.0,0,0,0,0,2,14
409,Vladislav Ternavski,1994,6,Defensor,2,2,0,1,0,0.0,0,0,1,0,1,18
7121,Vladyslav Vashchuk,2006,17,Defensor,3,2,0,2,0,0.0,0,1,0,1,2,8
503,Vlastimil Kopecky,1934,-,Mediocampista,0,0,0,4,0,0.0,0,0,0,0,0,2
503,Vlastimil Kopecky,1938,-,Mediocampista,3,3,0,0,1,0.33,0,0,1,1,1,5
549,Vlastimil Petrzela,1982,20,Delantero,1,0,0,2,0,0.0,0,0,0,1,0,19
3697,Vlastimir Petkovic,1930,-,Delantero,0,0,0,3,0,0.0,0,0,0,0,0,4
3646,Vlatko Markovic,1962,5,Defensor,6,6,0,0,0,0.0,0,0,3,0,3,4
3011,Voin Voinov,1974,7,Delantero,3,3,0,0,0,0.0,0,0,0,2,1,12
3649,Vojislav Melic,1962,17,Delantero,2,2,0,4,1,0.5,0,0,2,0,0,4
445,Vojtech Bradac,1938,-,Delantero,0,0,0,3,0,0.0,0,0,0,0,0,5
5093,Voro,1994,17,Defensor,1,1,0,4,0,0.0,0,0,1,0,0,8
520,Vratislav Lokvenc,2006,12,Delantero,2,1,0,1,0,0.0,2,0,1,0,1,20
3549,Vujadin Boskov,1954,6,Mediocampista,3,3,0,0,0,0.0,0,0,1,1,1,8
3549,Vujadin Boskov,1958,9,Mediocampista,4,4,0,0,0,0.0,0,0,1,2,1,8
3733,Vujadin Stanojkovic,1990,2,Defensor,2,2,0,3,0,0.0,0,0,2,0,0,5
7119,Vyacheslav Sviderskyi,2006,22,Defensor,3,3,0,2,0,0.0,2,0,2,0,1,8
117,Wagner Lopes,1998,12,Delantero,3,0,0,0,0,0.0,0,0,0,0,3,31
7220,Wahbi Khazri,2018,10,Delantero,3,3,2,0,2,0.67,0,0,1,0,2,24
7220,Wahbi Khazri,2022,10,Delantero,2,1,1,1,1,0.5,0,0,1,0,1,21
7216,Wajdi Kechrida,2022,21,Defensor,3,1,0,0,0,0.0,1,0,1,1,1,21
1826,Waldemar De Britto,1934,-,Delantero,1,1,0,0,0,0.0,0,0,0,0,1,14
3124,Waldemar Matysik,1982,8,Mediocampista,6,6,0,1,0,0.0,0,0,3,2,1,3
3124,Waldemar Matysik,1986,6,Mediocampista,3,3,0,1,0,0.0,0,0,1,1,1,14
3296,Waldir Peres,1974,22,Arquero,0,0,0,7,0,0.0,0,0,0,0,0,4
3296,Waldir Peres,1978,22,Arquero,0,0,0,7,0,0.0,0,0,0,0,0,3
3296,Waldir Peres,1982,1,Arquero,5,5,0,0,0,0.0,1,0,4,0,1,5
730,Waldo Ponce,2010,3,Defensor,3,3,0,1,0,0.0,2,0,2,0,1,10
1828,Waldyr,1934,-,Mediocampista,0,0,0,1,0,0.0,0,0,0,0,0,14
8328,Walid Cheddira,2022,21,Delantero,2,0,0,5,0,0.0,0,1,1,1,0,4
2907,Walker Zimmerman,2022,3,Defensor,4,3,0,0,0,0.0,0,0,1,2,1,14
10,Walter Ayovi,2002,23,Defensor,0,0,0,3,0,0.0,0,0,0,0,0,24
10,Walter Ayovi,2014,10,Defensor,3,3,0,0,0,0.0,0,0,1,1,1,17
2746,Walter Bahr,1950,-,Mediocampista,3,3,1,0,0,0.0,0,0,1,0,2,10
8048,Walter Beerli,1950,-,Delantero,0,0,0,3,0,0.0,0,0,0,0,0,6
3038,Walter Brom,1938,-,Arquero,0,0,0,1,0,0.0,0,0,0,0,0,11
1980,Walter Centeno,2002,10,Mediocampista,3,3,0,0,0,0.0,1,0,1,1,1,19
1980,Walter Centeno,2006,10,Mediocampista,3,3,0,0,0,0.0,0,0,0,0,3,31
5845,Walter Corbo,1970,22,Arquero,0,0,0,6,0,0.0,0,0,0,0,0,4
2786,Walter Dick,1934,-,Delantero,1,1,0,0,0,0.0,0,0,0,0,1,16
8080,Walter Eich,1954,1,Arquero,0,0,0,4,0,0.0,0,0,0,0,0,5
5878,Walter Gargano,2010,5,Mediocampista,3,1,0,4,0,0.0,0,0,1,0,2,4
5878,Walter Gargano,2014,5,Mediocampista,1,1,0,3,0,0.0,1,0,0,0,1,12
1829,Walter Goulart,1938,-,Arquero,3,3,0,2,0,0.0,0,0,1,1,1,3
4577,Walter Haummer,1954,22,Delantero,0,0,0,5,0,0.0,0,0,0,0,0,3
4584,Walter Horak,1958,7,Delantero,2,2,0,1,0,0.0,0,0,0,0,2,15
4595,Walter Kogler,1998,6,Defensor,0,0,0,3,0,0.0,0,0,0,0,0,23
4597,Walter Kollmann,1954,13,Defensor,1,1,0,4,0,0.0,0,0,1,0,0,3
4597,Walter Kollmann,1958,15,Defensor,1,1,0,2,0,0.0,0,0,0,1,0,15
5915,Walter Mantegazza,1974,18,Mediocampista,3,3,0,0,0,0.0,1,0,0,1,2,13
6653,Walter Meeuws,1982,4,Defensor,4,4,2,1,0,0.0,1,0,1,1,2,10
5396,Walter Samuel,2002,6,Defensor,3,3,0,0,0,0.0,1,0,1,1,1,18
5396,Walter Samuel,2010,13,Defensor,2,2,0,3,0,0.0,0,0,2,0,0,5
4638,Walter Schachner,1978,18,Delantero,3,3,0,3,1,0.33,0,0,2,0,1,7
4638,Walter Schachner,1982,7,Delantero,5,5,0,0,2,0.4,1,0,2,1,2,8
4640,Walter Schleger,1954,8,Delantero,2,2,0,3,0,0.0,0,0,1,0,1,3
4640,Walter Schleger,1958,13,Delantero,1,1,0,2,0,0.0,0,0,0,0,1,15
6011,Walter Taibo,1966,22,Arquero,0,0,0,4,0,0.0,0,0,0,0,0,7
8222,Walter Weiler,1934,-,Defensor,2,2,0,0,0,0.0,0,0,1,0,1,7
4668,Walter Zeman,1954,16,Arquero,1,1,0,4,0,0.0,0,0,0,0,1,3
5796,Walter Zenga,1986,22,Arquero,0,0,0,4,0,0.0,0,0,0,0,0,12
5796,Walter Zenga,1990,1,Arquero,7,7,0,0,0,0.0,0,0,6,1,0,3
1962,Wardy Alfaro,2006,23,Arquero,0,0,0,3,0,0.0,0,0,0,0,0,31
7260,Warren Barrett,1998,1,Arquero,2,2,2,1,0,0.0,0,0,0,0,2,22
5945,Washington Ortuno,1950,-,Mediocampista,0,0,0,4,0,0.0,0,0,0,0,0,1
86,Wataru Endo,2018,6,Defensor,0,0,0,4,0,0.0,0,0,0,0,0,15
86,Wataru Endo,2022,6,Mediocampista,4,3,0,0,0,0.0,1,0,2,1,1,9
1997,Waylon Francis,2014,12,Defensor,0,0,0,5,0,0.0,0,0,0,0,0,8
2458,Wayne Bridge,2002,14,Defensor,2,0,0,3,0,0.0,0,0,1,1,0,6
2458,Wayne Bridge,2006,14,Defensor,0,0,0,5,0,0.0,0,0,0,0,0,7
2545,Wayne Heennesey,2022,1,Arquero,2,2,0,1,0,0.0,0,1,0,1,1,30
1380,Wayne Rooney,2006,9,Delantero,4,3,0,1,0,0.0,0,1,2,2,0,7
1380,Wayne Rooney,2010,10,Delantero,4,4,0,0,0,0.0,0,0,1,2,1,13
1380,Wayne Rooney,2014,10,Delantero,3,2,0,0,1,0.33,0,0,0,1,2,26
5492,Wei Du,2002,17,Defensor,2,2,0,1,0,0.0,0,0,0,0,2,31
5498,Weifeng Li,2002,14,Defensor,3,3,0,0,0,0.0,1,0,0,0,3,31
2508,Werner Friese,1974,22,Arquero,0,0,0,6,0,0.0,0,0,0,0,0,6
6181,Werner Kohlmeyer,1954,3,Defensor,5,5,0,1,0,0.0,0,0,4,0,1,1
6184,Werner Kraemer,1966,19,Delantero,1,1,0,5,0,0.0,0,0,1,0,0,2
8138,Werner Leimgruber,1966,14,Defensor,1,1,0,2,0,0.0,0,0,0,0,1,16
6200,Werner Liebrich,1954,10,Defensor,4,4,0,2,0,0.0,0,0,3,0,1,1
7429,Werner Nilsen,1934,-,Delantero,1,1,0,0,0,0.0,0,0,0,0,1,16
1225,Wes Brown,2002,12,Defensor,0,0,0,5,0,0.0,0,0,0,0,0,6
6481,Wesley Sneijder,2006,20,Mediocampista,4,4,0,0,0,0.0,1,0,2,1,1,11
6481,Wesley Sneijder,2010,10,Mediocampista,7,7,0,0,5,0.71,1,0,6,0,1,2
6481,Wesley Sneijder,2014,10,Mediocampista,6,6,0,1,1,0.17,0,0,4,2,0,3
6697,Wesley Sonck,2002,9,Delantero,4,0,0,0,1,0.25,0,0,1,2,1,14
2846,Weston McKennie,2022,8,Mediocampista,4,4,0,0,0,0.0,1,0,1,2,1,14
1830,Weverton,2022,12,Arquero,1,0,0,4,0,0.0,0,0,1,0,0,7
2239,Wilbur Cush,1958,8,Delantero,5,5,0,0,1,0.2,0,0,2,1,2,7
2139,Wilder Cartagena,2018,16,Mediocampista,1,0,0,2,0,0.0,0,0,1,0,0,20
1331,Wilf Mannion,1950,-,Delantero,2,2,0,1,1,0.5,0,0,1,0,1,8
4447,Wilfred Agbonavbare,1994,22,Arquero,0,0,0,4,0,0.0,0,0,0,0,0,9
2448,Wilfred Louis,1974,21,Defensor,1,1,0,2,0,0.0,0,0,0,0,1,15
4500,Wilfred Ndidi,2018,4,Mediocampista,3,3,0,0,0,0.0,0,0,1,0,2,21
5201,Wilfredo Caballero,2018,23,Arquero,2,2,0,2,0,0.0,0,0,0,1,1,16
6767,Wilfried Bony,2014,12,Delantero,3,2,0,0,2,0.67,0,0,1,0,2,21
6122,Wilfried Hannes,1982,12,Defensor,0,0,0,7,0,0.0,0,0,0,0,0,2
6685,Wilfried Puis,1970,11,Delantero,3,3,0,0,0,0.0,0,0,1,0,2,10
6726,Wilfried Van Moer,1970,8,Mediocampista,3,3,0,0,2,0.67,0,0,1,0,2,10
6726,Wilfried Van Moer,1982,8,Mediocampista,3,1,0,2,0,0.0,0,0,1,1,1,10
3067,Wilhelm Gora,1938,-,Mediocampista,1,1,0,0,0,0.0,0,0,0,0,1,11
6118,Wilhelm Hahnemann,1938,-,Delantero,2,2,0,0,1,0.5,0,0,0,1,1,10
4605,Wilhelm Kreuz,1978,10,Mediocampista,6,6,0,0,0,0.0,0,0,3,0,3,7
3142,Wilhelm Piec,1938,-,Mediocampista,0,0,0,1,0,0.0,0,0,0,0,0,11
6357,Willem Anderiesen,1934,-,Mediocampista,1,1,0,0,0,0.0,0,0,0,0,1,9
6357,Willem Anderiesen,1938,-,Mediocampista,1,1,0,0,0,0.0,0,0,0,0,1,14
8249,Willem Jackson,1998,4,Defensor,2,2,0,1,0,0.0,1,0,0,1,1,24
6183,Willi Koslowski,1962,7,Delantero,1,1,0,3,0,0.0,0,0,1,0,0,7
4641,Willi Schmaus,1934,-,Defensor,0,0,0,4,0,0.0,0,0,0,0,0,4
6275,Willi Schulz,1962,4,Defensor,4,4,0,0,0,0.0,0,0,2,1,1,7
6275,Willi Schulz,1966,5,Defensor,6,6,0,0,0,0.0,0,0,4,1,1,2
6275,Willi Schulz,1970,5,Defensor,3,2,0,3,0,0.0,0,0,2,0,1,3
864,William Andem,1998,16,Arquero,0,0,0,3,0,0.0,0,0,0,0,0,25
3829,William Ayache,1986,3,Defensor,4,4,0,3,0,0.0,2,0,2,1,1,3
3209,William Carvalho,2014,6,Mediocampista,2,1,0,1,0,0.0,0,0,1,1,0,18
3209,William Carvalho,2018,14,Mediocampista,4,4,0,0,0,0.0,0,0,1,2,1,13
3209,William Carvalho,2022,14,Mediocampista,4,2,0,1,0,0.0,0,0,3,0,1,8
5840,William Castro,1990,21,Mediocampista,0,0,0,4,0,0.0,0,0,0,0,0,16
3917,William Gallas,2006,5,Defensor,7,7,0,0,0,0.0,0,0,4,3,0,2
3917,William Gallas,2010,5,Defensor,3,3,0,0,0,0.0,0,0,0,1,2,29
4240,William Kvist,2010,5,Mediocampista,0,0,0,3,0,0.0,0,0,0,0,0,24
4240,William Kvist,2018,7,Mediocampista,1,1,0,3,0,0.0,0,0,1,0,0,11
7780,William Martinez,1950,-,Defensor,0,0,0,4,0,0.0,0,0,0,0,0,1
8269,William Mokoena,1998,20,Mediocampista,0,0,0,3,0,0.0,0,0,0,0,0,24
54,William Pacho,2022,6,Defensor,0,0,0,3,0,0.0,0,0,0,0,0,18
4034,William Saliba,2022,17,Defensor,1,0,0,6,0,0.0,0,0,0,0,1,2
1394,William Slater,1958,6,Mediocampista,4,4,0,0,0,0.0,0,0,0,3,1,11
2050,William Sun Sing,2002,20,Delantero,0,0,0,3,0,0.0,0,0,0,0,0,19
4535,William Troost-Ekong,2018,5,Defensor,3,3,0,0,0,0.0,1,0,1,0,2,21
1959,William Zombory,1934,-,Arquero,1,1,0,0,0,0.0,0,0,0,0,1,12
1831,Willian,2014,19,Mediocampista,5,1,0,2,0,0.0,0,0,1,2,2,4
1831,Willian,2018,19,Mediocampista,5,5,0,0,0,0.0,0,0,3,1,1,6
6188,Willibald Kress,1934,-,Arquero,3,3,0,1,0,0.0,0,0,2,0,1,3
6271,Willibald Schmaus,1938,-,Defensor,1,1,0,1,0,0.0,0,0,0,1,0,10
7450,Willie Cunningham,1954,2,Defensor,2,2,2,0,0,0.0,0,0,0,0,2,15
7450,Willie Cunningham,1958,2,Defensor,5,5,0,0,0,0.0,0,0,2,1,2,7
2317,Willie Donachie,1974,16,Defensor,0,0,0,3,0,0.0,0,0,0,0,0,9
2317,Willie Donachie,1978,3,Defensor,2,2,0,1,0,0.0,0,0,1,1,0,11
2323,Willie Fernie,1954,12,Delantero,2,2,0,0,0,0.0,0,0,0,0,2,15
2323,Willie Fernie,1958,22,Delantero,1,1,0,2,0,0.0,0,0,0,0,1,14
2352,Willie Johnston,1978,11,Delantero,1,1,0,2,0,0.0,0,0,0,0,1,11
2388,Willie Miller,1982,6,Defensor,2,2,0,1,0,0.0,0,0,0,1,1,15
2388,Willie Miller,1986,6,Defensor,3,3,1,0,0,0.0,0,0,0,1,2,19
2390,Willie Morgan,1974,20,Delantero,2,2,0,1,0,0.0,0,0,0,2,0,9
2396,Willie Ormond,1954,13,Delantero,2,2,0,0,0,0.0,0,0,0,0,2,15
1422,Willie Watson,1950,-,Mediocampista,0,0,0,3,0,0.0,0,0,0,0,0,8
8039,Willy Allemann,1966,2,Defensor,0,0,0,3,0,0.0,0,0,0,0,0,16
6073,Willy Busch,1934,-,Defensor,3,3,0,1,0,0.0,0,0,2,0,1,3
6105,Willy Giesemann,1962,15,Mediocampista,2,2,0,2,0,0.0,0,0,1,0,1,7
8117,Willy Huber,1934,-,Arquero,0,0,0,2,0,0.0,0,0,0,0,0,7
8117,Willy Huber,1938,-,Arquero,3,3,0,0,0,0.0,0,0,1,1,1,6
8125,Willy Jaeggi,1934,-,Delantero,1,1,0,1,1,1.0,0,0,0,0,1,7
8128,Willy Kernen,1954,14,Defensor,4,4,0,0,0,0.0,0,0,2,0,2,5
8128,Willy Kernen,1962,4,Defensor,0,0,0,3,0,0.0,0,0,0,0,0,16
4520,Willy Okpara,1998,12,Arquero,0,0,0,4,0,0.0,0,0,0,0,0,12
4031,Willy Sagnol,2002,19,Defensor,0,0,0,3,0,0.0,0,0,0,0,0,28
4031,Willy Sagnol,2006,19,Defensor,7,7,0,0,0,0.0,3,0,4,3,0,2
6500,Willy Van De Kerkhof,1974,11,Mediocampista,0,0,0,7,0,0.0,0,0,0,0,0,2
6500,Willy Van De Kerkhof,1978,11,Mediocampista,7,7,0,0,1,0.14,1,0,3,2,2,2
8214,Willy Von Kaenel,1934,-,Delantero,2,2,0,0,0,0.0,0,0,1,0,1,7
2644,Wílmar Barrios,2018,5,Mediocampista,3,2,0,1,0,0.0,2,0,1,1,1,9
5826,Wilmar Cabrera,1986,21,Delantero,2,2,0,2,0,0.0,1,0,0,1,1,16
5826,Wilmer Cabrera,1990,18,Mediocampista,0,0,0,4,0,0.0,0,0,0,0,0,14
5826,Wilmer Cabrera,1998,13,Defensor,3,3,0,0,0,0.0,0,0,1,0,2,21
2016,Wilmer Lopez,2002,6,Mediocampista,3,2,0,0,0,0.0,0,0,1,1,1,19
2449,Wilner Nazaire,1974,14,Defensor,3,3,3,0,0,0.0,0,0,0,0,3,15
2450,Wilner Piquant,1974,2,Arquero,0,0,0,3,0,0.0,0,0,0,0,0,15
4527,Wilson Oruma,1998,18,Mediocampista,1,1,0,3,1,1.0,0,0,0,0,1,12
233,Wilson Palacios,2010,8,Mediocampista,3,3,0,0,0,0.0,2,0,0,1,2,30
233,Wilson Palacios,2014,8,Mediocampista,2,2,0,1,0,0.0,0,1,0,0,2,31
2707,Wilson Perez,1994,20,Defensor,3,3,0,0,0,0.0,0,0,1,0,2,19
1832,Wilson Piazza,1970,3,Defensor,6,6,0,0,0,0.0,0,0,6,0,0,1
1832,Wilson Piazza,1974,5,Defensor,3,3,3,4,0,0.0,0,0,1,2,0,4
6422,Wim Jansen,1974,6,Mediocampista,7,7,0,0,0,0.0,1,0,5,1,1,2
6422,Wim Jansen,1978,6,Mediocampista,7,7,0,0,0,0.0,0,0,3,2,2,2
6425,Wim Jonk,1994,8,Mediocampista,5,5,0,0,2,0.4,1,0,3,0,2,7
6425,Wim Jonk,1998,6,Mediocampista,6,5,0,1,0,0.0,1,0,2,3,1,4
6427,Wim Kieft,1990,12,Delantero,4,1,0,0,1,0.25,1,0,0,3,1,15
6440,Wim Langendaal,1934,-,Delantero,0,0,0,1,0,0.0,0,0,0,0,0,9
6470,Wim Rijsbergen,1974,17,Defensor,7,7,0,0,0,0.0,0,0,5,1,1,2
6470,Wim Rijsbergen,1978,17,Defensor,3,3,0,4,0,0.0,0,0,1,1,1,2
6486,Wim Suurbier,1974,20,Defensor,7,7,0,0,0,0.0,2,0,5,1,1,2
6486,Wim Suurbier,1978,20,Defensor,4,3,0,3,0,0.0,1,0,1,1,2,2
6509,Wim Van Hanegem,1974,3,Mediocampista,7,7,0,0,0,0.0,2,0,5,1,1,2
6367,Winston Bogarde,1998,15,Defensor,2,0,0,5,0,0.0,0,0,1,1,0,4
2035,Winston Parks,2002,12,Delantero,2,0,0,1,1,0.5,0,0,0,1,1,19
5133,Winston Reid,2010,4,Defensor,3,3,0,0,1,0.33,1,0,0,3,0,22
3163,Wladyslaw Szszepaniak,1938,-,Defensor,1,1,1,0,0,0.0,0,0,0,0,1,11
3187,Wladyslaw Zmuda,1974,9,Defensor,7,7,0,0,0,0.0,0,0,6,0,1,3
3187,Wladyslaw Zmuda,1978,9,Defensor,6,6,0,0,0,0.0,0,0,3,1,2,5
3187,Wladyslaw Zmuda,1982,9,Defensor,7,7,7,0,0,0.0,1,0,3,3,1,3
3187,Wladyslaw Zmuda,1986,3,Defensor,1,0,0,3,0,0.0,0,0,0,0,1,14
3115,Wlodek Lubanski,1978,19,Delantero,5,2,0,1,0,0.0,0,0,3,1,1,5
3156,Wlodimierz Smolarek,1982,11,Delantero,6,6,0,1,1,0.17,2,0,2,3,1,3
3156,Wlodimierz Smolarek,1986,11,Delantero,4,4,0,0,1,0.25,1,0,1,1,2,14
3045,Wlodzimierz Ciolek,1982,15,Mediocampista,4,1,0,3,1,0.25,0,0,2,1,1,3
3125,Wlodzimierz Mazur,1978,2,Delantero,1,0,0,5,0,0.0,0,0,0,0,1,5
3148,Wojciech Rudy,1978,10,Defensor,1,1,0,5,0,0.0,0,0,1,0,0,5
3161,Wojciech Szczęsny,2018,1,Arquero,2,2,0,1,0,0.0,0,0,0,0,2,25
3161,Wojciech Szczęsny,2022,1,Arquero,4,4,0,0,0,0.0,0,0,1,1,2,15
2504,Wolfgang Blochwitz,1974,21,Arquero,0,0,0,6,0,0.0,0,0,0,0,0,6
6083,Wolfgang Dremmler,1982,6,Mediocampista,7,7,0,0,0,0.0,1,0,3,2,2,2
6091,Wolfgang Fahrian,1962,22,Arquero,4,4,0,0,0,0.0,0,0,2,1,1,7
4562,Wolfgang Feiersinger,1998,5,Defensor,3,3,0,0,0,0.0,1,0,0,2,1,23
6173,Wolfgang Kleff,1974,22,Arquero,0,0,0,7,0,0.0,0,0,0,0,0,1
4592,Wolfgang Knaller,1998,21,Arquero,0,0,0,3,0,0.0,0,0,0,0,0,23
6239,Wolfgang Overath,1966,12,Mediocampista,6,6,0,0,0,0.0,1,0,4,1,1,2
6239,Wolfgang Overath,1970,12,Mediocampista,6,6,0,0,1,0.17,1,0,5,0,1,3
6239,Wolfgang Overath,1974,12,Mediocampista,7,7,0,0,2,0.29,1,0,6,0,1,1
6242,Wolfgang Paul,1966,17,Defensor,0,0,0,6,0,0.0,0,0,0,0,0,2
6244,Wolfgang Peters,1958,19,Delantero,0,0,0,6,0,0.0,0,0,0,0,0,4
6261,Wolfgang Rolff,1986,21,Mediocampista,2,2,0,5,0,0.0,0,0,1,0,1,2
2520,Wolfgang Seguin,1974,19,Mediocampista,1,1,0,5,0,0.0,0,0,0,1,0,6
6313,Wolfgang Weber,1966,6,Defensor,6,6,0,0,1,0.17,1,0,4,1,1,2
6313,Wolfgang Weber,1970,6,Defensor,2,1,0,4,0,0.0,0,0,2,0,0,3
2517,Wolfram Loewe,1974,8,Delantero,4,3,0,2,0,0.0,0,0,1,1,2,6
6940,Won Hee Cho,2006,23,Defensor,0,0,0,3,0,0.0,0,0,0,0,0,17
6984,Woo-yeong Jeong,2022,25,Mediocampista,1,1,0,3,0,0.0,0,0,0,0,1,16
6990,Woo-young Jung,2018,15,Mediocampista,3,1,0,0,0,0.0,2,0,1,0,2,19
6990,Woo-young Jung,2022,5,Mediocampista,4,4,0,0,0,0.0,2,0,1,1,2,16
7989,Woon Jae Lee,1994,22,Arquero,1,0,0,2,0,0.0,0,0,0,0,1,20
6618,Wout Faes,2022,4,Defensor,0,0,0,3,0,0.0,0,0,0,0,0,23
6533,Wout Weghorst,2022,19,Delantero,4,0,0,1,2,0.5,1,0,2,2,0,5
5134,Wynton Rufer,1982,7,Delantero,3,3,0,0,0,0.0,0,0,0,0,3,23
4857,Xabi Alonso,2006,14,Mediocampista,3,3,0,1,1,0.33,0,0,2,0,1,9
4857,Xabi Alonso,2010,14,Mediocampista,7,7,0,0,0,0.0,1,0,6,0,1,1
4857,Xabi Alonso,2014,14,Mediocampista,3,3,0,0,1,0.33,1,0,1,0,2,23
5095,Xavi,2002,19,Defensor,3,1,0,2,0,0.0,0,0,2,1,0,5
5095,Xavi,2006,8,Mediocampista,4,3,0,0,0,0.0,0,0,3,0,1,9
5095,Xavi,2010,8,Mediocampista,7,7,0,0,0,0.0,1,0,6,0,1,1
5095,Xavi,2014,8,Mediocampista,1,1,0,2,0,0.0,0,0,0,0,1,23
6479,Xavi Simons,2022,25,Mediocampista,1,0,0,4,0,0.0,0,0,1,0,0,5
5,Xavier Arreaga,2022,14,Defensor,0,0,0,3,0,0.0,0,0,0,0,0,18
8146,Xavier Margairaz,2006,5,Mediocampista,2,0,0,2,0,0.0,0,0,1,1,0,10
8200,Xavier Stierli,1966,19,Defensor,2,2,0,1,0,0.0,0,0,0,0,2,16
3978,Xerxes Louis,1954,11,Mediocampista,0,0,0,2,0,0.0,0,0,0,0,0,9
8190,Xherdan Shaqiri,2010,23,Mediocampista,1,0,0,2,0,0.0,0,0,0,1,0,19
8190,Xherdan Shaqiri,2014,23,Mediocampista,4,4,0,0,3,0.75,0,0,2,0,2,11
8190,Xherdan Shaqiri,2018,23,Mediocampista,4,4,0,0,1,0.25,1,0,1,2,1,14
8190,Xherdan Shaqiri,2022,23,Mediocampista,3,3,0,1,1,0.33,0,0,2,0,1,12
7991,Xiaopeng Li,2002,18,Mediocampista,3,3,0,0,0,0.0,1,0,0,0,3,31
6840,Yacine Bentala,1982,22,Arquero,0,0,0,3,0,0.0,0,0,0,0,0,13
6845,Yacine Brahimi,2014,11,Mediocampista,3,2,0,1,1,0.33,0,0,1,1,1,14
7081,Yae Seung Park,1954,3,Defensor,1,1,0,1,0,0.0,0,0,0,0,1,16
8304,Yahia Attitat-Allal,2022,25,Defensor,6,2,0,1,0,0.0,0,0,2,2,2,4
4815,Yahya Al-Shehri,2018,8,Mediocampista,2,1,0,1,0,0.0,0,0,1,0,1,26
4111,Yahya Golmohammadi,2006,4,Defensor,2,2,1,1,1,0.5,1,0,0,0,2,26
8370,Yahya Jabrane,2022,26,Mediocampista,2,0,0,5,0,0.0,0,0,2,0,0,4
996,Yair Nossovsky,1970,22,Arquero,0,0,0,3,0,0.0,0,0,0,0,0,12
4450,Yakubu Aiyegbeni,2010,8,Delantero,3,3,0,0,1,0.33,0,0,0,1,2,27
8193,Yann Sommer,2014,12,Arquero,0,0,0,4,0,0.0,0,0,0,0,0,11
8193,Yann Sommer,2018,1,Arquero,4,4,0,0,0,0.0,0,0,1,2,1,14
8193,Yann Sommer,2022,1,Arquero,3,3,0,1,0,0.0,0,0,1,0,2,12
6565,Yannick Carrasco,2018,11,Mediocampista,4,3,0,3,0,0.0,0,0,3,0,1,3
6565,Yannick Carrasco,2022,11,Delantero,2,2,0,1,0,0.0,1,0,1,1,0,23
4045,Yannick Stopyra,1986,19,Delantero,6,5,0,1,2,0.33,0,0,3,2,1,3
6909,Yao Aziawonou,2006,6,Mediocampista,2,1,0,1,0,0.0,1,0,0,0,2,30
5494,Yao Gao,2002,13,Mediocampista,0,0,0,3,0,0.0,0,0,0,0,0,31
6921,Yao Junior Senaya,2006,18,Delantero,3,2,0,0,0,0.0,0,0,0,0,3,30
4771,Yasser Al Kahtani,2006,20,Delantero,2,2,0,1,1,0.5,0,0,0,1,1,28
4808,Yasser Al-Mosailem,2018,21,Arquero,1,1,0,2,0,0.0,0,0,1,0,0,26
4813,Yasser Al-Shahrani,2018,13,Defensor,3,3,0,0,0,0.0,0,0,1,0,2,26
4813,Yasser Al-Shahrani,2022,13,Defensor,1,1,0,2,0,0.0,0,0,1,0,0,25
4785,Yasser Al Taifi,1994,17,Defensor,0,0,0,4,0,0.0,0,0,0,0,0,12
8320,Yassine Bounou,2018,1,Arquero,0,0,0,3,0,0.0,0,0,0,0,0,27
8320,Yassine Bounou,2022,1,Arquero,6,6,0,1,0,0.0,0,0,2,2,2,4
7182,Yassine Chikhaoui,2006,9,Delantero,1,1,0,2,0,0.0,1,0,0,1,0,24
7233,Yassine Meriah,2018,4,Defensor,3,3,0,0,0,0.0,0,0,1,0,2,24
7233,Yassine Meriah,2022,4,Defensor,3,3,0,0,0,0.0,0,0,1,1,1,21
86,Yasuhito Endo,2006,4,Mediocampista,0,0,0,3,0,0.0,0,0,0,0,0,29
86,Yasuhito Endo,2010,7,Mediocampista,4,4,0,0,1,0.25,2,0,2,1,1,9
86,Yasuhito Endo,2014,7,Mediocampista,2,0,0,1,0,0.0,0,0,0,1,1,29
115,Yasuyuki Konno,2010,15,Defensor,1,0,0,3,0,0.0,0,0,1,0,0,9
115,Yasuyuki Konno,2014,15,Defensor,2,2,0,1,0,0.0,1,0,0,1,1,29
6924,Yaya Toure,2010,19,Mediocampista,3,3,0,0,1,0.33,0,0,1,1,1,17
6924,Yaya Toure,2014,19,Mediocampista,3,3,2,0,0,0.0,0,0,1,0,2,21
6879,Yazid Mansouri,2010,6,Mediocampista,0,0,0,3,0,0.0,0,0,0,0,0,28
994,Yechiel Hameiri,1970,21,Arquero,0,0,0,3,0,0.0,0,0,0,0,0,12
992,Yehezkel Chazom,1970,13,Delantero,0,0,0,3,0,0.0,0,0,0,0,0,12
2051,Yeltsin Tejeda,2014,17,Mediocampista,5,5,0,0,0,0.0,1,0,2,3,0,8
2051,Yeltsin Tejeda,2018,17,Mediocampista,1,0,0,2,0,0.0,0,0,0,0,1,29
2051,Yeltsin Tejeda,2022,17,Mediocampista,3,3,0,0,1,0.33,0,0,1,0,2,27
5021,Yeremi Pino,2022,17,Delantero,0,0,0,4,0,0.0,0,0,0,0,0,13
2691,Yerry Mina,2018,13,Defensor,3,3,0,1,3,1.0,0,0,2,1,0,9
1002,Yeshaiyahu Schwager,1970,12,Defensor,3,3,0,0,0,0.0,0,0,0,2,1,12
5452,Yildiray Basturk,2002,10,Mediocampista,7,7,0,0,0,0.0,0,0,4,1,2,3
6962,Yo-han Go,2018,22,Defensor,1,0,0,2,0,0.0,0,0,1,0,0,19
3928,Yoann Gourcuff,2010,8,Mediocampista,2,2,0,1,0,0.0,0,1,0,1,1,29
7170,Yohan Benalouane,2018,3,Defensor,1,0,0,2,0,0.0,0,0,0,0,1,24
3859,Yohan Cabaye,2014,6,Mediocampista,4,4,0,1,0,0.0,2,0,3,0,1,7
84,Yoichi Doi,2006,12,Arquero,0,0,0,3,0,0.0,0,0,0,0,0,29
108,Yoichiro Kakitani,2014,11,Delantero,2,0,0,1,0,0.0,0,0,0,0,2,29
7987,Yong Dae Kim,2006,20,Arquero,0,0,0,3,0,0.0,0,0,0,0,0,17
7968,Yong Hak An,2010,17,Mediocampista,3,3,0,0,0,0.0,0,0,0,0,3,32
6960,Yong Hwan Chung,1986,5,Defensor,3,3,0,0,0,0.0,0,0,0,1,2,20
6960,Yong Hwan Chung,1990,5,Defensor,1,1,1,2,0,0.0,0,0,0,0,1,22
6938,Yong Hyung Cho,2010,4,Defensor,4,4,0,0,0,0.0,1,0,1,1,2,15
7973,Yong Jo Hong,2010,10,Delantero,3,3,3,0,0,0.0,1,0,0,0,3,32
7986,Yong Jun Kim,2010,15,Mediocampista,1,0,0,2,0,0.0,0,0,0,0,1,32
6951,Yong Soo Choi,1998,10,Delantero,2,2,0,1,0,0.0,1,0,0,1,1,30
6951,Yong Soo Choi,2002,11,Delantero,1,0,0,6,0,0.0,0,0,0,1,0,4
7995,Yoon Kyung Oh,1966,13,Mediocampista,3,3,0,1,0,0.0,0,0,1,1,1,8
110,Yoshikatsu Kawaguchi,1998,20,Arquero,3,3,0,0,0,0.0,0,0,0,0,3,31
110,Yoshikatsu Kawaguchi,2002,1,Arquero,0,0,0,4,0,0.0,0,0,0,0,0,9
110,Yoshikatsu Kawaguchi,2006,23,Arquero,3,3,0,0,0,0.0,1,0,0,1,2,29
110,Yoshikatsu Kawaguchi,2010,23,Arquero,0,0,0,4,0,0.0,0,0,0,0,0,9
2224,Yoshimar Yotún,2018,19,Mediocampista,3,3,0,0,0,0.0,1,0,1,0,2,20
133,Yoshinori Muto,2018,13,Delantero,1,1,0,3,0,0.0,0,0,0,0,1,15
153,Yoshito Okubo,2010,16,Delantero,4,4,0,0,0,0.0,0,0,2,1,1,9
153,Yoshito Okubo,2014,13,Delantero,3,2,0,0,0,0.0,0,0,0,1,2,29
8310,Younès Belhanda,2018,10,Mediocampista,3,3,0,0,0,0.0,0,0,0,1,2,27
7987,Young-Gwon Kim,2014,5,Defensor,3,3,0,0,0,0.0,0,0,0,1,2,27
7987,Young-Gwon Kim,2018,19,Defensor,3,3,0,0,1,0.33,1,0,1,0,2,19
6953,Young Il Choi,1998,4,Defensor,1,1,0,2,0,0.0,0,0,0,0,1,30
6939,Young Jeung Cho,1986,8,Mediocampista,2,2,0,1,0,0.0,2,0,0,1,1,20
6980,Young Min Hyun,2002,2,Defensor,0,0,0,7,0,0.0,0,0,0,0,0,4
7058,Young Pyo Lee,2002,10,Mediocampista,5,5,0,2,0,0.0,0,0,2,1,2,4
7058,Young Pyo Lee,2006,12,Defensor,3,3,0,0,0,0.0,0,0,1,1,1,17
7058,Young Pyo Lee,2010,12,Defensor,4,4,0,0,0,0.0,0,0,1,1,2,15
7027,Young Se Kim,1986,20,Delantero,1,1,0,2,0,0.0,0,0,0,0,1,20
7100,Young-sun Yun,2018,5,Defensor,1,1,0,2,0,0.0,0,0,1,0,0,19
3905,Youri Djorkaeff,1998,6,Mediocampista,7,6,0,0,1,0.14,0,0,6,1,0,1
3905,Youri Djorkaeff,2002,6,Mediocampista,2,1,0,1,0,0.0,0,0,0,0,2,28
6704,Youri Tielemans,2018,17,Mediocampista,4,2,0,3,0,0.0,1,0,4,0,0,3
6704,Youri Tielemans,2022,8,Mediocampista,3,1,0,0,0,0.0,0,0,1,1,1,23
8297,Youssef Aït Bennasser,2018,15,Mediocampista,0,0,0,3,0,0.0,0,0,0,0,0,27
4787,Youssef Al Tunayan,1998,15,Delantero,2,1,0,1,1,0.5,0,0,0,1,1,28
8330,Youssef Chippo,1998,18,Mediocampista,3,3,0,0,0,0.0,1,0,1,1,1,18
8357,Youssef En-Nesyri,2018,19,Delantero,1,0,0,2,1,1.0,0,0,0,1,0,27
8357,Youssef En-Nesyri,2022,19,Delantero,7,7,0,0,2,0.29,0,0,3,2,2,4
7238,Youssef Msakni,2022,7,Delantero,2,2,2,1,0,0.0,0,0,0,1,1,21
8395,Youssef Rossi,1998,4,Defensor,3,2,0,0,0,0.0,0,0,1,1,1,18
3914,Youssouf Fofana,2022,13,Defensor,6,2,0,1,0,0.0,0,0,4,1,1,2
1065,Youssouf Sabaly,2018,12,Defensor,3,3,0,0,0,0.0,1,0,1,1,1,17
1065,Youssouf Sabaly,2022,21,Defensor,4,4,0,0,0,0.0,0,0,2,0,2,10
6221,Youssoufa Moukoko,2022,26,Delantero,1,0,0,2,0,0.0,0,0,0,0,1,17
2044,Youstin Salas,2022,14,Mediocampista,2,0,0,1,0,0.0,0,0,1,0,1,27
7964,Yousuf Hussain,1990,20,Defensor,2,2,0,1,0,0.0,2,0,0,0,2,24
384,Yozhef Sabo,1962,11,Mediocampista,0,0,0,4,0,0.0,0,0,0,0,0,6
384,Yozhef Sabo,1966,8,Mediocampista,4,4,0,2,0,0.0,1,0,3,0,1,4
114,Yuichi Komano,2006,3,Defensor,1,1,0,2,0,0.0,0,0,0,0,1,29
114,Yuichi Komano,2010,3,Defensor,4,4,0,0,0,0.0,0,0,2,1,1,9
143,Yuji Nakazawa,2006,22,Defensor,3,3,1,0,0,0.0,0,0,0,1,2,29
143,Yuji Nakazawa,2010,22,Defensor,4,4,0,0,0,0.0,0,0,2,1,1,9
79,Yuki Abe,2010,2,Mediocampista,4,4,0,0,0,0.0,1,0,2,1,1,9
168,Yuki Soma,2022,24,Mediocampista,1,1,0,3,0,0.0,0,0,0,0,1,9
7995,Yun Kyo Oh,1986,21,Arquero,3,3,0,0,0,0.0,0,0,0,1,2,20
7975,Yun Nam Ji,2010,8,Defensor,3,3,0,0,1,0.33,0,0,0,0,3,32
6953,Yung Keun Choi,1954,18,Delantero,1,1,0,1,0,0.0,0,0,0,0,1,16
6954,Yung Kwang Chu,1954,16,Mediocampista,1,1,0,1,0,0.0,0,0,0,0,1,16
8008,Yung Kyoo Shin,1966,3,Defensor,4,4,0,0,0,0.0,0,0,1,1,2,8
7971,Yung Won Ha,1966,14,Mediocampista,2,2,0,2,0,0.0,0,0,1,0,1,8
5508,Yunlong Xu,2002,21,Defensor,3,3,0,0,0,0.0,1,0,0,0,3,31
2854,Yunus Musah,2022,6,Mediocampista,4,4,0,0,0,0.0,0,0,1,2,1,14
291,Yuri Falin,1958,20,Delantero,1,1,0,4,0,0.0,0,0,1,0,0,6
298,Yuri Gavrilov,1982,9,Mediocampista,5,5,0,0,1,0.2,0,0,2,2,1,7
332,Yuri Kovtun,2002,2,Defensor,3,3,0,0,0,0.0,0,0,1,0,2,22
366,Yuri Nikiforov,1994,5,Defensor,3,3,0,0,0,0.0,2,0,1,0,2,18
366,Yuri Nikiforov,2002,3,Defensor,3,3,0,0,0,0.0,0,0,1,0,2,22
407,Yuri Susloparov,1982,18,Mediocampista,1,0,0,4,0,0.0,0,0,0,0,1,7
416,Yuri Voinov,1958,5,Mediocampista,5,5,0,0,0,0.0,0,0,2,1,2,6
428,Yuri Zhirkov,2014,18,Mediocampista,1,1,0,2,0,0.0,0,0,0,1,0,24
428,Yuri Zhirkov,2018,18,Mediocampista,3,3,0,2,0,0.0,0,0,2,1,0,8
299,Yury Gazinsky,2018,8,Mediocampista,4,3,0,1,1,0.25,2,0,2,1,1,8
4459,Yussuf Ayila,2010,13,Mediocampista,1,1,0,2,0,0.0,1,0,0,1,0,27
4269,Yussuf Yurary Poulsen,2018,20,Delantero,3,3,0,1,1,0.33,2,0,1,2,0,11
4269,Yussuf Yurary Poulsen,2022,20,Delantero,0,0,0,3,0,0.0,0,0,0,0,0,28
7913,Yusuf Faraj,1982,12,Mediocampista,1,1,0,2,0,0.0,0,0,0,0,1,21
80,Yutaka Akita,1998,17,Defensor,3,3,0,0,0,0.0,1,0,0,0,3,31
80,Yutaka Akita,2002,2,Defensor,0,0,0,4,0,0.0,0,0,0,0,0,9
135,Yuto Nagatomo,2010,5,Defensor,4,4,0,0,0,0.0,2,0,2,1,1,9
135,Yuto Nagatomo,2014,5,Defensor,3,3,0,0,0,0.0,0,0,0,1,2,29
135,Yuto Nagatomo,2018,5,Defensor,4,4,1,0,0,0.0,0,0,1,1,2,15
135,Yuto Nagatomo,2022,5,Defensor,4,4,0,0,0,0.0,0,0,2,1,1,9
156,Yuya Osako,2014,18,Delantero,2,2,0,1,0,0.0,0,0,0,1,1,29
156,Yuya Osako,2018,15,Delantero,4,3,0,0,1,0.25,0,0,1,1,2,15
8171,Yvan Quentin,1994,3,Defensor,4,4,0,0,0,0.0,0,0,1,1,2,15
5120,Yves Herbert,1966,15,Mediocampista,2,2,0,1,0,0.0,0,0,0,0,2,13
6734,Yves Vanderhaeghe,2002,18,Mediocampista,4,4,0,0,0,0.0,2,0,1,2,1,14
3906,Yvon Douis,1958,16,Delantero,1,1,0,5,1,1.0,0,0,1,0,0,3
3967,Yvon Le Roux,1986,7,Defensor,1,1,0,6,0,0.0,0,0,1,0,0,3
8155,Yvon Mvogo,2018,12,Arquero,0,0,0,4,0,0.0,0,0,0,0,0,14
5096,Zabalo,1934,-,Defensor,1,1,0,2,0,0.0,0,0,0,0,1,5
5480,Zafer Ozgultekin,2002,23,Arquero,0,0,0,7,0,0.0,0,0,0,0,0,3
1833,Zagallo,1958,7,Delantero,6,6,0,0,1,0.17,0,0,5,1,0,1
1833,Zagallo,1962,21,Delantero,6,6,0,0,1,0.17,0,0,5,1,0,1
7896,Zague,1994,11,Delantero,4,4,0,0,0,0.0,0,0,1,2,1,13
8294,Zakaria Aboukhlal,2022,14,Mediocampista,4,0,0,3,1,0.25,0,0,3,0,1,4
8339,Zakaria El Achraf,1994,22,Arquero,2,1,0,1,0,0.0,0,0,0,0,2,23
3675,Zarko Nikolic,1962,20,Defensor,0,0,0,6,0,0.0,0,0,0,0,0,4
5099,Zarra,1950,-,Delantero,6,6,1,0,4,0.67,0,0,3,1,2,4
3035,Zbigniew Boniek,1978,18,Delantero,6,4,0,0,2,0.33,1,0,3,1,2,5
3035,Zbigniew Boniek,1982,20,Delantero,6,6,0,1,4,0.67,2,0,3,3,0,3
3035,Zbigniew Boniek,1986,20,Delantero,4,4,4,0,0,0.0,1,0,1,1,2,14
3073,Zbigniew Gut,1974,5,Defensor,2,1,0,5,0,0.0,0,0,2,0,0,3
468,Zdenek Grygera,2006,2,Defensor,3,3,0,0,0,0.0,1,0,1,0,2,20
481,Zdenek Hruska,1982,21,Arquero,1,1,0,2,0,0.0,0,0,0,1,0,19
536,Zdenek Nehoda,1982,11,Delantero,3,3,3,0,0,0.0,0,0,0,2,1,19
559,Zdenek Prochazka,1954,16,Mediocampista,0,0,0,2,0,0.0,0,0,0,0,0,14
599,Zdenek Zikan,1958,12,Delantero,3,3,0,1,4,1.33,0,0,1,1,1,9
813,Zdenko Strba,2010,6,Mediocampista,3,3,0,1,0,0.0,2,0,1,1,1,16
3633,Zdravko Kuzmanovic,2010,22,Mediocampista,3,2,0,0,0,0.0,1,0,1,0,2,23
3712,Zdravko Rajkov,1958,17,Delantero,4,4,0,0,1,0.25,0,0,1,2,1,8
3023,Zdravko Zdravkov,1998,1,Arquero,3,3,0,0,0,0.0,0,0,0,1,2,29
3087,Zdzislaw Kapka,1974,20,Delantero,1,0,0,6,0,0.0,0,0,1,0,0,3
3097,Zdzislaw Kostrzewa,1978,22,Arquero,0,0,0,6,0,0.0,0,0,0,0,0,5
1834,Ze Carlos,1990,22,Arquero,0,0,0,4,0,0.0,0,0,0,0,0,9
1835,Ze Carlos Ii,1998,13,Mediocampista,1,1,0,6,0,0.0,1,0,0,1,0,2
7943,Ze Kalanga,2006,17,Mediocampista,3,3,0,0,0,0.0,2,0,0,2,1,23
1836,Ze Luis,1930,-,Defensor,1,1,0,1,0,0.0,0,0,1,0,0,6
1837,Ze Maria,1970,21,Defensor,0,0,0,6,0,0.0,0,0,0,0,0,1
1837,Ze Maria,1974,4,Defensor,4,4,0,3,0,0.0,1,0,2,0,2,4
1838,Ze Roberto,1998,16,Mediocampista,1,0,0,6,0,0.0,0,0,1,0,0,2
1838,Ze Roberto,2006,11,Mediocampista,5,4,0,0,1,0.2,0,0,4,0,1,5
5066,Ze Sergio,1978,7,Delantero,0,0,0,7,0,0.0,0,0,0,0,0,3
5636,Zeffiro Furiassi,1950,-,Defensor,2,2,0,0,0,0.0,0,0,1,0,1,7
3555,Zeljko Cajkovski,1950,-,Delantero,3,3,0,0,2,0.67,0,0,2,0,1,5
7324,Zeljko Kalac,2006,18,Arquero,1,1,0,3,0,0.0,0,0,0,1,0,16
3648,Zeljko Matus,1962,15,Mediocampista,1,1,0,5,0,0.0,0,0,0,0,1,4
3800,Zeljko Milinovic,2002,3,Defensor,3,3,0,0,0,0.0,2,0,0,0,3,30
3701,Zeljko Petrovic,1998,16,Mediocampista,4,4,0,0,0,0.0,1,0,2,1,1,10
6600,Zeno Debast,2022,26,Defensor,0,0,0,3,0,0.0,0,0,0,0,0,23
1840,Zequinha,1962,16,Mediocampista,0,0,0,6,0,0.0,0,0,0,0,0,1
1841,Zetti,1994,12,Arquero,0,0,0,7,0,0.0,0,0,0,0,0,1
5458,Zeybek Cetin,1954,5,Mediocampista,3,3,0,0,0,0.0,0,0,1,0,2,11
1842,Zeze Procopio,1938,-,Mediocampista,4,4,0,1,0,0.0,0,0,2,1,1,3
2939,Zhivko Gospodinov,1986,10,Mediocampista,3,3,0,1,0,0.0,1,0,0,2,1,15
5493,Zhiyi Fan,2002,5,Defensor,1,1,0,2,0,0.0,0,0,0,0,1,31
1843,Zico,1978,8,Mediocampista,6,3,0,1,1,0.17,1,0,3,3,0,3
1843,Zico,1982,10,Mediocampista,5,5,0,0,4,0.8,0,0,4,0,1,5
1843,Zico,1986,10,Mediocampista,3,0,0,2,0,0.0,0,0,2,1,0,5
7208,Zied Jaziri,2002,5,Delantero,3,3,0,0,0,0.0,1,0,0,1,2,29
7208,Zied Jaziri,2006,5,Delantero,3,3,0,0,1,0.33,1,1,0,1,2,24
4075,Zinedine Zidane,1998,10,Mediocampista,5,5,0,2,2,0.4,1,1,4,1,0,1
4075,Zinedine Zidane,2002,10,Mediocampista,1,1,0,2,0,0.0,0,0,0,0,1,28
4075,Zinedine Zidane,2006,10,Mediocampista,6,6,6,1,3,0.5,3,1,3,3,0,2
7898,Zinha,2006,7,Mediocampista,4,1,0,0,1,0.25,1,0,1,1,2,15
1844,Zinho,1994,9,Mediocampista,7,7,0,0,0,0.0,1,0,5,2,0,1
1845,Zito,1958,19,Mediocampista,4,4,0,2,0,0.0,0,0,4,0,0,1
1845,Zito,1962,4,Mediocampista,6,6,0,0,1,0.17,0,0,5,1,0,1
1845,Zito,1966,15,Mediocampista,0,0,0,3,0,0.0,0,0,0,0,0,11
1846,Zizinho,1950,-,Mediocampista,4,4,0,2,2,0.5,0,0,3,0,1,2
3411,Zlatan Ibrahimovic,2002,21,Delantero,2,0,0,2,0,0.0,0,0,0,1,1,13
3411,Zlatan Ibrahimovic,2006,10,Delantero,3,3,0,1,0,0.0,0,0,1,1,1,14
3797,Zlatan Ljubijankic,2010,9,Delantero,3,2,0,0,1,0.33,0,0,1,1,1,18
3555,Zlatko Cajkovski,1954,4,Mediocampista,3,3,0,0,0,0.0,0,0,1,1,1,8
3782,Zlatko Dedic,2010,14,Delantero,3,1,0,0,0,0.0,1,0,1,1,1,18
3630,Zlatko Krmpotic,1982,6,Defensor,2,2,0,1,0,0.0,1,0,1,0,1,16
3688,Zlatko Papec,1954,19,Delantero,0,0,0,3,0,0.0,0,0,0,0,0,8
3762,Zlatko Vujovic,1982,11,Delantero,3,3,0,0,0,0.0,0,0,1,1,1,16
3762,Zlatko Vujovic,1990,11,Delantero,5,5,5,0,0,0.0,1,0,3,1,1,5
3015,Zlatko Yankov,1994,6,Mediocampista,6,6,0,1,0,0.0,4,0,3,0,3,4
3015,Zlatko Yankov,1998,6,Mediocampista,2,2,0,1,0,0.0,0,0,0,1,1,29
3818,Zlatko Zahovic,2002,10,Mediocampista,1,1,0,2,0,0.0,0,0,0,0,1,30
5100,Zoco,1966,5,Mediocampista,3,3,1,0,0,0.0,0,0,1,0,2,10
5986,Zoilo Saldombide,1930,-,Delantero,0,0,0,4,0,0.0,0,0,0,0,0,1
7513,Zoltan Czibor,1954,11,Delantero,5,5,0,0,3,0.6,0,0,4,0,1,2
7523,Zoltan Friedmanszky,1958,19,Delantero,0,0,0,4,0,0.0,0,0,0,0,0,10
7547,Zoltan Kereki,1978,6,Defensor,3,3,3,0,0,0.0,0,0,0,0,3,15
7583,Zoltan Peter,1986,14,Defensor,1,1,0,2,0,0.0,0,0,0,0,1,18
7628,Zoltan Varga,1966,8,Mediocampista,0,0,0,4,0,0.0,0,0,0,0,0,6
7992,Zoong Sun Lim,1966,5,Defensor,4,4,0,0,0,0.0,0,0,1,1,2,8
1121,Zoran Mamic,1998,18,Defensor,0,0,0,7,0,0.0,0,0,0,0,0,3
3664,Zoran Mirkovic,1998,2,Defensor,2,2,0,2,0,0.0,1,0,1,0,1,10
3806,Zoran Pavlovic,2002,17,Mediocampista,0,0,0,3,0,0.0,0,0,0,0,0,30
3754,Zoran Tosic,2010,7,Mediocampista,1,0,0,2,0,0.0,0,0,0,0,1,23
3765,Zoran Vulic,1990,4,Defensor,4,2,0,1,0,0.0,1,0,2,1,1,5
7171,Zoubeir Beya,1998,8,Mediocampista,3,2,0,0,0,0.0,1,0,0,1,2,26
7171,Zoubeir Beya,2002,3,Mediocampista,3,0,0,0,0,0.0,0,0,0,1,2,29
1847,Zozimo,1958,9,Defensor,0,0,0,6,0,0.0,0,0,0,0,0,1
1847,Zozimo,1962,5,Defensor,6,6,0,0,0,0.0,0,0,5,1,0,1
1914,Zsolt Muzsnai,1990,20,Mediocampista,0,0,0,4,0,0.0,0,0,0,0,0,12
7965,Zuhair Bakheet,1990,11,Delantero,1,0,0,2,0,0.0,0,0,0,0,1,24
999,Zvi Rosen,1970,5,Defensor,3,3,0,0,0,0.0,0,0,0,2,1,12
8023,Zvjezdan Misimovic,2014,10,Mediocampista,2,2,0,1,0,0.0,0,0,0,0,2,20
1082,Zvonimir Boban,1998,10,Mediocampista,6,6,6,1,0,0.0,2,0,4,0,2,3
1146,Zvonimir Soldo,1998,14,Defensor,6,6,0,1,0,0.0,2,0,4,0,2,3
1146,Zvonimir Soldo,2002,14,Mediocampista,2,2,0,1,0,0.0,0,0,1,0,1,23
3764,Zvonimir Vukic,2006,18,Mediocampista,1,0,0,2,0,0.0,0,0,0,0,1,32
3771,Zvonko Zivkovic,1982,10,Mediocampista,0,0,0,3,0,0.0,0,0,0,0,0,16
3084,Zygmunt Kalinowski,1974,3,Arquero,0,0,0,7,0,0.0,0,0,0,0,0,3
3105,Zygmunt Kukla,1978,21,Arquero,2,2,0,4,0,0.0,0,0,1,0,1,5
3121,Zygmunt Maszczyk,1974,14,Mediocampista,7,7,0,0,0,0.0,0,0,6,0,1,3
