id_jugador,nombre,id_seleccion,seleccion,altura,fecha_nacimiento,nacionalidad
5113,Aaron Clapham,59,Nueva Zelanda,1.72 m,15 de enero de 1987,Nueva Zelanda
7272,Aaron Lawrence,52,Jamaica,,11 de agosto de 1970,Jamaica
1324,Aaron Lennon,44,Inglaterra,1.65 m,16 de abril de 1987,Inglaterra
2836,Aaron Long,35,Estados Unidos,1.88 m,12 de octubre de 1992,Estados Unidos
8267,Aaron Mokoena,72,Sudáfrica,1.83 m,25 de noviembre de 1980,Sudáfrica
7347,Aaron Mooy,7,Australia,1.74 m,15 de septiembre de 1990,Australia
7814,Aaron Padilla,56,México,,10 de julio de 1942,México
1371,Aaron Ramsdale,44,Inglaterra,1.88 m,14 de mayo de 1998,Inglaterra
2560,Aaron Ramsey,37,Gales,1.78 m,26 de diciembre de 1990,Gales
8379,Abdallah Lamrani,55,Marruecos,,1 de enero de 1946,Marruecos
8399,Abdallah Said,55,Marruecos,1.75 m,13 de julio de 1985,Marruecos
8358,Abdé Ezzalzouli,55,Marruecos,1.77 m,17 de diciembre de 2001,Marruecos
8404,Abdel Aziz Soulaymani,55,Marruecos,,30 de abril de 1958,Marruecos
3840,Abdel Kader Ben Bouali,36,Francia,,25 de octubre de 1912,Francia
2114,Abdel Sharli,28,Egipto,,,Egipto
3841,Abdelaziz Ben-Tifour,36,Francia,,25 de julio de 1927,Francia
6344,Abdelaziz Hatem,16,Catar,1.82 m,1 de enero de 1990,Catar
8369,Abdelfettah Houdani,55,Marruecos,,30 de julio de 1956,Marruecos
8393,Abdelfettah Rhiati,55,Marruecos,,25 de febrero de 1963,Marruecos
8397,Abdelhamid Sabiri,55,Marruecos,1.86 m,28 de noviembre de 1996,Marruecos
6889,Abdelhamid Sadmi,5,Argelia,,1 de enero de 1961,Argelia
8396,Abdelilah Saber,55,Marruecos,,21 de abril de 1974,Marruecos
8363,Abdeljalil Hadda,55,Marruecos,,21 de marzo de 1972,Marruecos
8343,Abdelkader El Brazi,55,Marruecos,,5 de noviembre de 1964,Marruecos
8355,Abdelkader El Khyati,55,Marruecos,,1 de enero de 1945,Marruecos
6859,Abdelkader Ghezzal,5,Argelia,1.86 m,5 de diciembre de 1984,Argelia
6866,Abdelkader Horr,5,Argelia,,10 de noviembre de 1953,Argelia
6872,Abdelkader Laifaoui,5,Argelia,1.77 m,29 de julio de 1981,Argelia
8349,Abdelkarim El Hadrioui,55,Marruecos,,6 de marzo de 1972,Marruecos
6343,Abdelkarim Hassan,16,Catar,1.85 m,28 de agosto de 1993,Catar
8377,Abdelkarim Krimau,55,Marruecos,,13 de enero de 1955,Marruecos
8316,Abdellah Bidar,55,Marruecos,,19 de agosto de 1967,Marruecos
6882,Abdellah Medjadi,5,Argelia,,1 de diciembre de 1957,Argelia
8392,Abdellah Ouriaghli,55,Marruecos,,1 de enero de 1943,Marruecos
6844,Abdelmajid Bourebbou,5,Argelia,,16 de marzo de 1951,Argelia
8324,Abdelmajid Bouyboud,55,Marruecos,,24 de octubre de 1966,Marruecos
8338,Abdelmajid Dolmy,55,Marruecos,,19 de abril de 1953,Marruecos
8380,Abdelmajid Lamriss,55,Marruecos,,12 de febrero de 1959,Marruecos
6852,Abdelmoumene Djabou,5,Argelia,1.65 m,31 de enero de 1987,Argelia
8375,Abdelrazzak Khairi,55,Marruecos,,20 de noviembre de 1962,Marruecos
8378,Abdelslam Laghrissi,55,Marruecos,,5 de enero de 1962,Marruecos
8389,Abderrahim Ouakili,55,Marruecos,,11 de diciembre de 1970,Marruecos
8365,Abderrazak Hamdallah,55,Marruecos,1.79 m,17 de diciembre de 1990,Marruecos
3979,Abderrhamane Mahjoub,36,Francia,,25 de abril de 1929,Francia
8412,Abdiel Arroyo,61,Panamá,1.87 m,13 de diciembre de 1993,Panamá
1022,Abdou Diallo,70,Senegal,1.87 m,4 de mayo de 1996,Senegal
1023,Abdoulaye Diallo,70,Senegal,1.89 m,30 de marzo de 1992,Senegal
6792,Abdoulaye Meite,23,Costa de Marfil,1.85 m,6 de octubre de 1980,Costa de Marfil
1477,Abdul Fatawu Issahaku,38,Ghana,1.77 m,8 de marzo de 2004,Ghana
1170,Abdul-Rahim,45,Iraq,,23 de mayo de 1963,Iraq
1501,Baba Rahman,38,Ghana,1.80 m,2 de julio de 1994,Ghana
7900,Abdulaziz Al Anbari,54,Kuwait,,3 de enero de 1954,Kuwait
7901,Abdulaziz Al Balushi,54,Kuwait,,16 de febrero de 1960,Kuwait
4770,Abdulaziz Al Janoubi,4,Arabia Saudita,1.76 m,21 de julio de 1974,Arabia Saudita
4832,Abdulaziz Khathran,4,Arabia Saudita,1.69 m,31 de julio de 1973,Arabia Saudita
7944,Abdulaziz Mohamed,30,Emiratos Arabes,,12 de diciembre de 1965,Emiratos Arabes
7917,Abdulaziz Mohammed,54,Kuwait,,4 de diciembre de 1962,Kuwait
4791,Abdulelah Al-Amri,4,Arabia Saudita,1.85 m,15 de enero de 1997,Arabia Saudita
4805,Abdulelah Al-Malki,4,Arabia Saudita,1.76 m,11 de octubre de 1994,Arabia Saudita
4757,Abdullah Al Dosari,4,Arabia Saudita,,1 de noviembre de 1969,Arabia Saudita
4803,Abdullah Al-Khaibari,4,Arabia Saudita,,16 de agosto de 1996,Arabia Saudita
4806,Abdullah Al-Mayouf,4,Arabia Saudita,1.88 m,23 de enero de 1987,Arabia Saudita
4780,Abdullah Alwaked Al Shahrani,4,Arabia Saudita,1.78 m,29 de septiembre de 1975,Arabia Saudita
5461,Abdullah Ercan,77,Turquía,1.82 m,8 de diciembre de 1971,Turquía
4758,Abdullah Gaman Al Dosari,4,Arabia Saudita,1.83 m,10 de noviembre de 1977,Arabia Saudita
4835,Abdullah Madu,4,Arabia Saudita,1.87 m,15 de julio de 1993,Arabia Saudita
7916,Abdullah Mayuf,54,Kuwait,,3 de diciembre de 1953,Kuwait
7946,Abdullah Musa,30,Emiratos Arabes,,2 de marzo de 1958,Emiratos Arabes
4838,Abdullah Otayf,4,Arabia Saudita,1.77 m,3 de agosto de 1992,Arabia Saudita
7963,Abdullah Sultan,30,Emiratos Arabes,,1 de octubre de 1963,Emiratos Arabes
4844,Abdullah Zubromawi,4,Arabia Saudita,1.81 m,15 de noviembre de 1973,Arabia Saudita
4804,Abdulmalek Al-Khaibri,4,Arabia Saudita,1.75 m,13 de marzo de 1986,Arabia Saudita
4790,Abdulrahman Al-Aboud,4,Arabia Saudita,1.74 m,1 de junio de 1995,Arabia Saudita
7948,Abdulrahman Al Haddad,30,Emiratos Arabes,,23 de septiembre de 1966,Emiratos Arabes
2084,Abdulrahman Fawzi,28,Egipto,,11 de agosto de 1909,Egipto
1516,Abel,11,Brasil,,1 de septiembre de 1952,Brasil
2633,Abel Aguilar,19,Colombia,1.86 m,6 de enero de 1985,Colombia
5172,Abel Balbo,6,Argentina,,1 de junio de 1966,Argentina
5897,Abel Hernández,80,Uruguay,1.86 m,8 de agosto de 1990,Uruguay
3190,Abel Xavier,65,Portugal,1.89 m,30 de noviembre de 1972,Portugal
4845,Abelardo,34,España,1.80 m,19 de abril de 1970,España
4465,Abiodun Baruwa,57,Nigeria,,16 de noviembre de 1974,Nigeria
4125,Abolfazl Jalali,48,Irán,1.77 m,26 de junio de 1998,Irán
3898,Abou Diaby,36,Francia,1.88 m,11 de mayo de 1986,Francia
1517,Acacio,11,Brasil,,20 de enero de 1959,Brasil
887,Achille Emana,14,Camerún,1.80 m,5 de junio de 1982,Camerún
4676,Achmad Nawir,43,Indonesia,,1 de enero de 1911,Indonesia
8335,Achraf Dari,55,Marruecos,1.90 m,6 de mayo de 1999,Marruecos
8364,Achraf Hakimi,55,Marruecos,1.81 m,4 de noviembre de 1998,Marruecos
1875,Adalbert Desu,68,Rumania,,24 de marzo de 1909,Rumania
1931,Adalbert Pullock,68,Rumania,,6 de abril de 1907,Rumania
6286,Adalbert Steiner,1,Alemania,,24 de enero de 1907,Alemania
3021,Adalbert Zafirov,12,Bulgaria,,29 de septiembre de 1969,Bulgaria
7899,Adam Adam,54,Kuwait,,23 de septiembre de 1957,Kuwait
2539,Adam Davies,37,Gales,1.85 m,17 de julio de 1992,Gales
7308,Adam Federici,7,Australia,1.88 m,31 de enero de 1985,Australia
1481,Adam Kwarasey,38,Ghana,1.90 m,12 de diciembre de 1987,Ghana
1318,Adam Lallana,44,Inglaterra,1.72 m,10 de mayo de 1988,Inglaterra
3123,Adam Matysek,64,Polonia,1.91 m,19 de julio de 1968,Polonia
3131,Adam Musial,64,Polonia,,18 de diciembre de 1948,Polonia
3132,Adam Nawalka,64,Polonia,,23 de octubre de 1957,Polonia
7371,Adam Taggart,7,Australia,1.83 m,2 de junio de 1993,Australia
2900,Adam Wolanin,35,Estados Unidos,,13 de noviembre de 1919,Estados Unidos
1048,Adama Mbengué,70,Senegal,1.78 m,1 de diciembre de 1993,Senegal
683,Adan Godoy,17,Chile,,26 de noviembre de 1936,Chile
1518,Adaozinho,11,Brasil,,2 de abril de 1923,Brasil
6918,Adekanmi Olufade,75,Togo,1.70 m,7 de enero de 1980,Togo
2067,Adel Abdelrahman,28,Egipto,,11 de diciembre de 1967,Egipto
7179,Adel Chedli,78,Túnez,1.76 m,16 de septiembre de 1976,Túnez
7190,Adel El Sellimi,78,Túnez,1.76 m,16 de noviembre de 1972,Túnez
7243,Adel Nefzi,78,Túnez,1.83 m,16 de marzo de 1974,Túnez
4848,Adelardo,34,España,,26 de noviembre de 1939,España
5438,Adelmo Vivas,6,Argentina,,,Argentina
3638,Adem Ljajić,71,Serbia,1.81 m,29 de septiembre de 1991,Serbia
1519,Ademir,11,Brasil,,8 de noviembre de 1922,Brasil
1601,Ademir Da Guia,11,Brasil,,3 de abril de 1942,Brasil
4017,Adil Rami,36,Francia,1.90 m,27 de diciembre de 1985,Francia
6862,Adlane Guedioura,5,Argelia,1.83 m,12 de noviembre de 1985,Argelia
8149,Admir Mehmedi,74,Suiza,1.78 m,16 de marzo de 1991,Suiza
7949,Adnan Al Talyani,30,Emiratos Arabes,,1 de octubre de 1964,Emiratos Arabes
6640,Adnan Januzaj,13,Bélgica,1.80 m,5 de febrero de 1995,Bélgica
1521,Ado,11,Brasil,,4 de julio de 1944,Brasil
568,Adolf Scherer,67,República Checa,,5 de mayo de 1938,República Checa
8198,Adolf Stelzer,74,Suiza,,1 de septiembre de 1908,Suiza
4338,Adolfino Canete,62,Paraguay,,13 de septiembre de 1956,Paraguay
7656,Adolfo Bautista,56,México,1.85 m,15 de mayo de 1979,México
8424,Adolfo Machado,61,Panamá,1.83 m,14 de febrero de 1985,Panamá
715,Adolfo Nef,17,Chile,,18 de enero de 1946,Chile
2727,Adolfo Valencia,19,Colombia,,6 de febrero de 1968,Colombia
6033,Adolfo Zeoli,80,Uruguay,,2 de mayo de 1962,Uruguay
5445,Adolfo Zumelzu,6,Argentina,,5 de enero de 1902,Argentina
8120,Adolphe Hug,74,Suiza,,23 de septiembre de 1923,Suiza
6513,Adri Van Kraay,60,Paises Bajos,,1 de agosto de 1953,Paises Bajos
6521,Adri Van Tiggelen,60,Paises Bajos,,16 de junio de 1957,Paises Bajos
6515,Adriaan Van Male,60,Paises Bajos,,7 de octubre de 1910,Paises Bajos
7284,Adrian Alston,7,Australia,,6 de febrero de 1949,Australia
14,Adrian Bone,27,Ecuador,1.88 m,24 de noviembre de 1988,Ecuador
7687,Adrian Chavez,56,México,,27 de junio de 1962,México
5118,Adrian Elrick,59,Nueva Zelanda,,29 de septiembre de 1949,Nueva Zelanda
1892,Adrian Ilie,68,Rumania,,22 de abril de 1974,Rumania
8130,Adrian Knup,74,Suiza,,2 de julio de 1968,Suiza
1926,Adrian Popescu,68,Rumania,,26 de julio de 1960,Rumania
2711,Adrián Ramos,19,Colombia,1.85 m,22 de enero de 1986,Colombia
1522,Adriano,11,Brasil,1.89 m,17 de febrero de 1982,Brasil
4015,Adrien Rabiot,36,Francia,1.91 m,3 de abril de 1995,Francia
3313,Adrien Silva,65,Portugal,1.76 m,15 de marzo de 1989,Portugal
6911,Affo Erassa,75,Togo,1.90 m,19 de febrero de 1983,Togo
1523,Afonsinho,11,Brasil,,8 de marzo de 1914,Brasil
1441,Afriyie Acquah,38,Ghana,1.79 m,5 de enero de 1992,Ghana
4162,Afshin Peyravani,48,Irán,,6 de febrero de 1970,Irán
3508,Agne Simonsson,73,Suecia,,19 de octubre de 1935,Suecia
7161,Agrebi Ben Rehaiem,78,Túnez,,20 de marzo de 1951,Túnez
5802,Aguilera,80,Uruguay,,22 de mayo de 1969,Uruguay
5832,Agustín Canobbio,80,Uruguay,1.75 m,1 de octubre de 1998,Uruguay
7924,Agustin Delgado,3,Angola,1.89 m,23 de diciembre de 1974,Angola
4392,Agustin Miranda,62,Paraguay,,1 de enero de 1930,Paraguay
5335,Agustin Orion,6,Argentina,1.87 m,26 de junio de 1981,Argentina
1004,Aharon Shuruk,50,Israel,,24 de febrero de 1946,Israel
4081,Ahmad Alnameh,48,Irán,1.89 m,20 de octubre de 1982,Irán
4157,Ahmad Nourollahi,48,Irán,1.85 m,1 de febrero de 1993,Irán
4077,Ahmed Abedzadeh,48,Irán,,25 de mayo de 1966,Irán
4752,Ahmed Al Bahri,4,Arabia Saudita,1.78 m,18 de septiembre de 1980,Arabia Saudita
4759,Ahmed Al Dosari,4,Arabia Saudita,1.75 m,25 de octubre de 1976,Arabia Saudita
7910,Ahmed Al Tarabulsi,54,Kuwait,,22 de marzo de 1947,Kuwait
6336,Ahmed Alaaeldin,16,Catar,1.76 m,31 de enero de 1993,Catar
8298,Ahmed Alaoui,55,Marruecos,,1 de enero de 1949,Marruecos
8307,Ahmed Bahja,55,Marruecos,,21 de diciembre de 1970,Marruecos
2075,Ahmed El Kass,28,Egipto,,8 de julio de 1965,Egipto
2080,Ahmed Elmohamady,28,Egipto,1.82 m,9 de septiembre de 1987,Egipto
8361,Ahmed Faras,55,Marruecos,,1 de enero de 1946,Marruecos
2083,Ahmed Fathy,28,Egipto,1.75 m,10 de noviembre de 1984,Egipto
2091,Ahmed Hegazi,28,Egipto,1.93 m,25 de enero de 1991,Egipto
1476,Ahmed Issah,38,Ghana,1.85 m,24 de mayo de 1982,Ghana
7206,Ahmed Jaouachi,78,Túnez,1.79 m,13 de julio de 1975,Túnez
1179,Ahmed Jassim,45,Iraq,,4 de mayo de 1960,Iraq
7218,Ahmed Khalil,78,Túnez,1.78 m,8 de junio de 1991,Túnez
4834,Ahmed Madani,4,Arabia Saudita,,6 de enero de 1970,Arabia Saudita
8382,Ahmed Masbahi,55,Marruecos,,17 de enero de 1966,Marruecos
4499,Ahmed Musa,57,Nigeria,1.70 m,14 de octubre de 1992,Nigeria
1187,Ahmed Radhi,45,Iraq,,21 de marzo de 1964,Iraq
2110,Ahmed Ramzy,28,Egipto,,25 de octubre de 1965,Egipto
8405,Ahmed Reda Tagnaouti,55,Marruecos,1.86 m,5 de abril de 1996,Marruecos
2117,Ahmed Shoubeir,28,Egipto,,28 de septiembre de 1961,Egipto
7224,Aissa Laidouni,78,Túnez,1.83 m,13 de diciembre de 1996,Túnez
6877,Aissa Mandi,5,Argelia,1.86 m,22 de octubre de 1991,Argelia
7318,Ajdin Hrustic,7,Australia,1.80 m,5 de julio de 1996,Australia
3350,Ake Andersson,73,Suecia,,22 de abril de 1917,Suecia
3420,Ake Johansson,73,Suecia,,19 de marzo de 1928,Suecia
413,Akhrik Tsveiba,69,Rusia,,10 de septiembre de 1966,Rusia
148,Akinori Nishizawa,53,Japón,1.80 m,18 de junio de 1976,Japón
107,Akira Kaji,53,Japón,1.77 m,13 de enero de 1980,Japón
145,Akira Narahashi,53,Japón,1.70 m,26 de noviembre de 1971,Japón
6329,Akram Afif,16,Catar,1.76 m,18 de noviembre de 1996,Catar
7921,Akwa,3,Angola,1.80 m,30 de mayo de 1977,Angola
2812,Al Harker,35,Estados Unidos,,11 de abril de 1910,Estados Unidos
4788,Al Hasan Al Yami,4,Arabia Saudita,1.73 m,21 de agosto de 1972,Arabia Saudita
7957,Al Roubai Ghanim,30,Emiratos Arabes,,16 de agosto de 1961,Emiratos Arabes
2101,Alaa Mayhoub,28,Egipto,,9 de enero de 1962,Egipto
7258,Alaeddine Yahia,78,Túnez,1.86 m,26 de septiembre de 1981,Túnez
3849,Alain Boghossian,36,Francia,1.85 m,27 de octubre de 1970,Francia
3881,Alain Couriol,36,Francia,,24 de octubre de 1958,Francia
895,Alain Eyobo-Makongo,14,Camerún,,17 de octubre de 1961,Camerún
8103,Alain Geiger,74,Suiza,,5 de noviembre de 1960,Suiza
3922,Alain Giresse,36,Francia,,2 de septiembre de 1952,Francia
8206,Alain Sutter,74,Suiza,,22 de enero de 1968,Suiza
6919,Alaixys Romao,75,Togo,1.80 m,18 de enero de 1984,Togo
1192,Alan A'Court,44,Inglaterra,,30 de septiembre de 1934,Inglaterra
1206,Alan Ball,44,Inglaterra,,12 de mayo de 1945,Inglaterra
2293,Alan Brazil,31,Escocia,,15 de junio de 1959,Escocia
287,Alan Dzagoev,69,Rusia,1.79 m,17 de junio de 1990,Rusia
31,Alan Franco,27,Ecuador,1.75 m,21 de agosto de 1998,Ecuador
2338,Alan Hansen,31,Escocia,,13 de junio de 1955,Escocia
1296,Alan Hodgkinson,44,Inglaterra,,16 de agosto de 1936,Inglaterra
1735,Alan Kelly Jr.,11,Brasil,1.89 m,11 de agosto de 1968,Brasil
7465,Alan Kernaghan,46,Irlanda,,25 de abril de 1967,Irlanda
2256,Alan Mcdonald,47,Irlanda del Norte,,12 de octubre de 1963,Irlanda del Norte
2377,Alan Mcinally,31,Escocia,,10 de febrero de 1963,Escocia
7473,Alan Mcloughlin,46,Irlanda,,20 de abril de 1967,Irlanda
1351,Alan Mullery,44,Inglaterra,,23 de noviembre de 1941,Inglaterra
2267,Alan Peacock,47,Irlanda del Norte,,29 de octubre de 1937,Irlanda del Norte
7829,Alan Pulido,56,México,1.75 m,8 de marzo de 1991,México
2402,Alan Rough,31,Escocia,,25 de noviembre de 1951,Escocia
1389,Alan Shearer,44,Inglaterra,,13 de agosto de 1970,Inglaterra
1063,Alassane Ndour,70,Senegal,1.85 m,12 de diciembre de 1981,Senegal
5622,Alberigo Evani,51,Italia,,1 de enero de 1963,Italia
1448,Albert Adomah,38,Ghana,1.85 m,13 de diciembre de 1987,Ghana
6069,Albert Bruells,1,Alemania,,26 de marzo de 1937,Alemania
8060,Albert Buche,74,Suiza,,1 de enero de 1911,Suiza
8062,Albert Bunjaku,74,Suiza,1.78 m,29 de noviembre de 1983,Suiza
4894,Albert Celades,34,España,,29 de septiembre de 1975,España
4921,Albert Ferrer,34,España,,6 de junio de 1970,España
7133,Albert Gudmundsson,49,Islandia,1.77 m,15 de junio de 1997,Islandia
8110,Albert Guinchard,74,Suiza,,10 de noviembre de 1914,Suiza
6632,Albert Heremans,13,Bélgica,,13 de abril de 1906,Bélgica
4977,Albert Luque,34,España,1.84 m,11 de marzo de 1978,España
3673,Albert Nadj,71,Serbia,1.74 m,29 de octubre de 1974,Serbia
1370,Albert Quixall,44,Inglaterra,,9 de agosto de 1933,Inglaterra
4029,Albert Rust,36,Francia,,10 de octubre de 1953,Francia
398,Albert Shesternyov,69,Rusia,,20 de junio de 1941,Rusia
4689,Alberto Acha,9,Bolivia,,3 de abril de 1920,Bolivia
5530,Alberto Aquilani,51,Italia,1.86 m,7 de junio de 1984,Italia
7652,Alberto Baeza,56,México,,6 de diciembre de 1938,México
5835,Alberto Cardaccio,80,Uruguay,,26 de agosto de 1949,Uruguay
5219,Alberto Chividini,6,Argentina,,23 de febrero de 1907,Argentina
2153,Alberto Denegri,63,Perú,,,Perú
675,Alberto Fouilloux,17,Chile,,22 de noviembre de 1940,Chile
5260,Alberto Galateo,6,Argentina,,1 de enero de 1913,Argentina
2162,Alberto Gallardo,63,Perú,,28 de noviembre de 1940,Perú
7729,Alberto Garcia Aspe,56,México,1.74 m,11 de mayo de 1967,México
5647,Alberto Gilardino,51,Italia,1.84 m,5 de julio de 1982,Italia
8423,Alberto Gomez,61,Panamá,,10 de junio de 1944,Panamá
5272,Alberto Gonzalez,6,Argentina,,1 de enero de 1922,Argentina
5272,Alberto Gonzalez,6,Argentina,,21 de agosto de 1941,Argentina
4938,Alberto Gorriz,34,España,,16 de febrero de 1958,España
2204,Alberto Rodríguez,63,Perú,1.83 m,31 de marzo de 1984,Perú
5308,Alberto Mariotti,6,Argentina,,28 de marzo de 1935,Argentina
7781,Alberto Medina,56,México,1.72 m,29 de mayo de 1983,México
733,Alberto Quintano,17,Chile,,26 de abril de 1946,Chile
7842,Alberto Rodriguez,56,México,1.68 m,1 de abril de 1974,México
5394,Alberto Sainz,6,Argentina,,13 de diciembre de 1937,Argentina
2214,Alberto Soria,63,Perú,,24 de enero de 1900,Perú
5420,Alberto Tarantini,6,Argentina,,3 de diciembre de 1955,Argentina
779,Alberto Valentini,17,Chile,,25 de noviembre de 1938,Chile
858,Alberto Villalta,29,El Salvador,,19 de noviembre de 1947,El Salvador
3377,Albin Ekdal,73,Suecia,1.86 m,28 de julio de 1989,Suecia
6172,Albin Kitzinger,1,Alemania,,1 de febrero de 1912,Alemania
5881,Alcides Ghiggia,80,Uruguay,,22 de diciembre de 1926,Uruguay
1524,Alcindo,11,Brasil,,16 de diciembre de 1945,Brasil
1525,Aldair,11,Brasil,,30 de noviembre de 1965,Brasil
4325,Aldo Bobadilla,62,Paraguay,1.92 m,20 de abril de 1976,Paraguay
5566,Aldo Campatelli,51,Italia,,7 de abril de 1919,Italia
2145,Aldo Corzo,63,Perú,1.72 m,20 de mayo de 1989,Perú
5619,Aldo Donati,51,Italia,,29 de septiembre de 1910,Italia
2788,Aldo Donelli,35,Estados Unidos,,22 de julio de 1907,Estados Unidos
5672,Aldo Maldera,51,Italia,,14 de octubre de 1953,Italia
5710,Aldo Olivieri,51,Italia,,2 de octubre de 1910,Italia
5369,Aldo Poy,6,Argentina,,14 de septiembre de 1945,Argentina
5764,Aldo Serena,51,Italia,,25 de junio de 1960,Italia
4873,Alejandro Balde,34,España,1.75 m,18 de octubre de 2003,España
2751,Alejandro Bedoya,35,Estados Unidos,1.78 m,29 de abril de 1987,Estados Unidos
7708,Alejandro Dominguez,56,México,,9 de noviembre de 1961,México
8423,Alejandro Gomez,61,Panamá,1.67 m,15 de febrero de 1988,Panamá
5905,Alejandro Lembo,80,Uruguay,1.78 m,15 de febrero de 1978,Uruguay
5306,Alejandro Mancuso,6,Argentina,,4 de septiembre de 1968,Argentina
5403,Alejandro Scopelli,6,Argentina,,12 de mayo de 1908,Argentina
2223,Alejandro Villanueva,63,Perú,,4 de junio de 1908,Perú
2574,Alekos Alexandris,39,Grecia,,21 de octubre de 1968,Grecia
3538,Aleksandar Atanackovic,71,Serbia,,29 de abril de 1920,Serbia
3598,Aleksandar Ivos,71,Serbia,,28 de junio de 1931,Serbia
3619,Aleksandar Kolarov,71,Serbia,1.87 m,10 de noviembre de 1985,Serbia
2963,Aleksandar Kostov,12,Bulgaria,,5 de marzo de 1938,Bulgaria
3641,Aleksandar Lukovic,71,Serbia,1.84 m,23 de octubre de 1982,Serbia
2971,Aleksandar Markov,12,Bulgaria,,17 de agosto de 1961,Bulgaria
3666,Aleksandar Mitrović,71,Serbia,1.89 m,16 de septiembre de 1994,Serbia
3694,Aleksandar Petakovic,71,Serbia,,6 de febrero de 1930,Serbia
3704,Aleksandar Prijović,71,Serbia,1.91 m,21 de abril de 1990,Serbia
3808,Aleksandar Radosavljevic,33,Eslovenia,1.81 m,25 de abril de 1979,Eslovenia
2996,Aleksandar Shalamanov,12,Bulgaria,,4 de septiembre de 1941,Bulgaria
3749,Aleksandar Tirnanic,71,Serbia,,15 de julio de 1911,Serbia
3793,Aleksander Knavs,33,Eslovenia,1.90 m,5 de diciembre de 1975,Eslovenia
3811,Aleksander Seliga,33,Eslovenia,1.87 m,1 de febrero de 1980,Eslovenia
264,Aleksandr Borodyuk,69,Rusia,,30 de noviembre de 1962,Rusia
267,Aleksandr Bubnov,69,Rusia,,10 de octubre de 1955,Rusia
276,Aleksandr Chivadze,69,Rusia,,8 de abril de 1955,Rusia
302,Aleksandr Golovin,69,Rusia,1.80 m,30 de mayo de 1996,Rusia
309,Aleksandr Ivanov,69,Rusia,,14 de abril de 1928,Rusia
362,Aleksandr Mostovoi,69,Rusia,1.81 m,22 de agosto de 1968,Rusia
387,Aleksandr Samedov,69,Rusia,1.74 m,19 de junio de 1984,Rusia
415,Aleksandr Uvarov,69,Rusia,,13 de enero de 1960,Rusia
422,Aleksandr Yerokhin,69,Rusia,1.95 m,13 de octubre de 1989,Rusia
427,Aleksandr Zavarov,69,Rusia,,20 de abril de 1961,Rusia
333,Aleksei Kozlov,69,Rusia,1.82 m,16 de noviembre de 1986,Rusia
351,Aleksei Mamykin,69,Rusia,,29 de febrero de 1936,Rusia
359,Aleksei Miranchuk,69,Rusia,1.82 m,17 de octubre de 1995,Rusia
308,Aleksey Ionov,69,Rusia,1.77 m,18 de febrero de 1989,Rusia
1526,Alemao,11,Brasil,,22 de noviembre de 1961,Brasil
3548,Alen Boksic,71,Serbia,1.87 m,21 de enero de 1970,Serbia
3777,Ales Ceh,33,Eslovenia,1.74 m,7 de abril de 1968,Eslovenia
5520,Alessandro Altobelli,51,Italia,,28 de noviembre de 1955,Italia
5597,Alessandro Costacurta,51,Italia,,24 de abril de 1966,Italia
5609,Alessandro Del Piero,51,Italia,1.73 m,9 de noviembre de 1974,Italia
8098,Alessandro Frigerio,74,Suiza,,15 de noviembre de 1914,Suiza
5706,Alessandro Nesta,51,Italia,1.87 m,19 de marzo de 1976,Italia
7247,Alessandro Santos,78,Túnez,1.78 m,20 de julio de 1977,Túnez
5582,Alessio Cerci,51,Italia,1.80 m,23 de julio de 1987,Italia
2,Alex Aguinaga,27,Ecuador,1.72 m,9 de julio de 1968,Ecuador
6584,Alex Czerniatynski,13,Bélgica,,28 de julio de 1960,Bélgica
6408,Alex Graafland,60,Paises Bajos,,16 de abril de 1909,Paises Bajos
4492,Alex Iwobi,57,Nigeria,1.80 m,3 de mayo de 1996,Nigeria
2381,Alex Mcleish,31,Escocia,,21 de enero de 1959,Escocia
1360,Alex Oxlade-Chamberlain,44,Inglaterra,1.80 m,15 de agosto de 1993,Inglaterra
2397,Alex Parker,31,Escocia,,2 de agosto de 1935,Escocia
8430,Álex Rodríguez,61,Panamá,1.97 m,5 de agosto de 1990,Panamá
1800,Alex Sandro,11,Brasil,1.80 m,26 de enero de 1991,Brasil
2404,Alex Scott,31,Escocia,,22 de noviembre de 1937,Escocia
1400,Alex Stepney,44,Inglaterra,,18 de septiembre de 1942,Inglaterra
1510,Alex Tachie-Mensah,38,Ghana,1.78 m,15 de febrero de 1977,Ghana
1809,Alex Telles,11,Brasil,1.81 m,15 de diciembre de 1992,Brasil
4050,Alex Thepot,36,Francia,,30 de julio de 1906,Francia
4069,Alex Villaplane,36,Francia,,12 de septiembre de 1903,Francia
7382,Alex Wilkinson,7,Australia,1.87 m,13 de agosto de 1984,Australia
2416,Alex Wilson,31,Escocia,,29 de octubre de 1933,Escocia
4189,Alexander Bah,26,Dinamarca,1.83 m,9 de diciembre de 1997,Dinamarca
1471,Alexander Djiku,38,Ghana,1.82 m,9 de agosto de 1994,Ghana
25,Alexander Domínguez,27,Ecuador,1.95 m,5 de junio de 1987,Ecuador
294,Alexander Filimonov,69,Rusia,1.93 m,15 de octubre de 1973,Rusia
8093,Alexander Frei,74,Suiza,1.80 m,15 de julio de 1979,Suiza
477,Alexander Horvath,67,República Checa,,28 de diciembre de 1938,República Checa
317,Alexander Kerzhakov,69,Rusia,1.75 m,27 de noviembre de 1982,Rusia
327,Alexander Kokorin,69,Rusia,1.83 m,19 de marzo de 1991,Rusia
2689,Alexander Mejía,19,Colombia,1.78 m,10 de julio de 1988,Colombia
589,Alexander Vencel,67,República Checa,,8 de febrero de 1944,República Checa
2903,Alexander Wood,35,Estados Unidos,,12 de junio de 1907,Estados Unidos
3191,Alexandre Baptista,65,Portugal,,17 de febrero de 1941,Portugal
2006,Alexandre Guimaraes,22,Costa Rica,,7 de noviembre de 1959,Costa Rica
971,Alexandre Song,14,Camerún,1.83 m,9 de septiembre de 1987,Camerún
2629,Alexandros Tziolis,39,Grecia,1.90 m,13 de febrero de 1985,Grecia
2630,Alexandros Tzorvas,39,Grecia,1.90 m,12 de agosto de 1982,Grecia
1869,Alexandru Cuedan,68,Rumania,,26 de septiembre de 1910,Rumania
1916,Alexandru Neagu,68,Rumania,,19 de julio de 1948,Rumania
402,Alexei Smertin,69,Rusia,1.76 m,1 de mayo de 1975,Rusia
329,Alexey Korneev,69,Rusia,,6 de febrero de 1939,Rusia
2831,Alexi Lalas,35,Estados Unidos,,1 de junio de 1970,Estados Unidos
2575,Alexis Alexiou,39,Grecia,,8 de septiembre de 1963,Grecia
2576,Alexis Alexoudis,39,Grecia,,20 de junio de 1972,Grecia
6573,Alexis Chantraine,13,Bélgica,,16 de marzo de 1901,Bélgica
5305,Alexis Mac Allister,6,Argentina,1.76 m,24 de diciembre de 1998,Argentina
4390,Alexis Mendoza,62,Paraguay,,8 de noviembre de 1961,Paraguay
7867,Alexis Sanchez,56,México,1.69 m,19 de diciembre de 1988,México
7889,Alexis Vega,56,México,1.75 m,25 de noviembre de 1997,México
7406,Alf Haland,58,Noruega,,23 de noviembre de 1972,Noruega
7426,Alf Martinsen,58,Noruega,,29 de diciembre de 1911,Noruega
2560,Alf Ramsey,37,Gales,,22 de enero de 1920,Gales
6708,Alfons Van Brandt,13,Bélgica,,24 de junio de 1927,Bélgica
6676,Alfonse Peeters,13,Bélgica,,21 de enero de 1943,Bélgica
4854,Alfonso,34,España,,26 de septiembre de 1972,España
5860,Alfonso Dominguez,80,Uruguay,,24 de septiembre de 1965,Uruguay
694,Alfonso Lara,17,Chile,,27 de abril de 1946,Chile
5302,Alfonso Lorenzo,6,Argentina,,,Argentina
7789,Alfonso Montemayor,56,México,,28 de abril de 1922,México
53,Alfonso Obregon,27,Ecuador,1.80 m,12 de mayo de 1972,Ecuador
5953,Alfonso Pereira,80,Uruguay,,19 de octubre de 1956,Uruguay
7827,Alfonso Portugal,56,México,,21 de enero de 1934,México
5067,Alfonso Silva,34,España,,19 de marzo de 1926,España
3827,Alfred Aston,36,Francia,,16 de mayo de 1912,Francia
1885,Alfred Eisenbeisser,68,Rumania,,7 de abril de 1908,Rumania
7129,Alfred Finnbogason,49,Islandia,1.84 m,1 de febrero de 1989,Islandia
1038,Alfred Gomis,70,Senegal,1.96 m,5 de septiembre de 1993,Senegal
4585,Alfred Hortnagl,8,Austria,,24 de septiembre de 1966,Austria
8124,Alfred Jaeck,74,Suiza,,2 de agosto de 1911,Suiza
6167,Alfred Kelbassa,1,Alemania,,21 de abril de 1925,Alemania
4594,Alfred Koerner,8,Austria,,14 de febrero de 1926,Austria
2259,Alfred Mcmichael,47,Irlanda del Norte,,1 de octubre de 1927,Irlanda del Norte
1056,Alfred N'Diaye,70,Senegal,1.87 m,6 de marzo de 1990,Senegal
6245,Alfred Pfaff,1,Alemania,,16 de julio de 1926,Alemania
8281,Alfred Phiri,72,Sudáfrica,,22 de junio de 1974,Sudáfrica
6272,Alfred Schmidt,1,Alemania,,5 de septiembre de 1935,Alemania
4657,Alfred Teinitzer,8,Austria,,29 de julio de 1929,Austria
1527,Alfredo,11,Brasil,,18 de octubre de 1946,Brasil
5231,Alfredo De Vincenzi,6,Argentina,,24 de enero de 1911,Argentina
7704,Alfredo Del Aguila,56,México,,3 de enero de 1935,México
4910,Alfredo Di Stefano,34,España,1.78 m,4 de julio de 1926,España
5634,Alfredo Foni,51,Italia,,20 de enero de 1911,Italia
7749,Alfredo Hernandez,56,México,,18 de junio de 1935,México
4969,Alfredo Ii,34,España,,1 de enero de 1920,España
4390,Alfredo Mendoza,62,Paraguay,,31 de diciembre de 1963,Paraguay
8427,Alfredo Perez,61,Panamá,,10 de abril de 1929,Panamá
2197,Alfredo Quesada,63,Perú,,22 de septiembre de 1949,Perú
1529,Alfredo Ramos,11,Brasil,,27 de octubre de 1924,Brasil
5382,Alfredo Rojas,6,Argentina,,20 de febrero de 1937,Argentina
7867,Alfredo Sanchez,56,México,,,México
7875,Alfredo Talavera,56,México,1.88 m,18 de septiembre de 1982,México
7876,Alfredo Tena,56,México,,21 de noviembre de 1956,México
7879,Alfredo Torres,56,México,,31 de mayo de 1931,México
856,Alfredo Vasquez,29,El Salvador,,23 de abril de 1945,El Salvador
7148,Ali Abdi,78,Túnez,1.77 m,20 de diciembre de 1993,Túnez
4159,Ali Akbar Ostad-Asadi,48,Irán,,17 de septiembre de 1965,Irán
4794,Ali Al-Bulaihi,4,Arabia Saudita,1.82 m,21 de noviembre de 1989,Arabia Saudita
4801,Ali Al-Hassan,4,Arabia Saudita,1.82 m,4 de marzo de 1997,Arabia Saudita
2077,Ali El-Said,28,Egipto,,10 de abril de 1908,Egipto
6338,Ali Asad,16,Catar,1.74 m,19 de enero de 1993,Catar
6837,Ali Bencheikh,5,Argelia,,9 de enero de 1955,Argelia
7174,Ali Boumnijel,78,Túnez,1.88 m,13 de abril de 1966,Túnez
4095,Ali Daei,48,Irán,1.92 m,21 de marzo de 1969,Irán
8354,Ali El Khattabi,55,Marruecos,,17 de enero de 1977,Marruecos
6857,Ali Fergani,5,Argelia,,21 de septiembre de 1952,Argelia
2086,Ali Gabr,28,Egipto,1.94 m,10 de enero de 1989,Egipto
4109,Ali Gholizadeh,48,Irán,1.76 m,10 de marzo de 1996,Irán
1172,Ali Jamal,45,Iraq,,2 de febrero de 1956,Iraq
7213,Ali Kaabi,78,Túnez,,15 de noviembre de 1953,Túnez
4128,Ali Karimi,48,Irán,1.78 m,8 de noviembre de 1978,Irán
4128,Ali Karimi,48,Irán,1.85 m,11 de febrero de 1994,Irán
4138,Ali Latifi,48,Irán,,20 de febrero de 1976,Irán
7227,Ali Maâloul,78,Túnez,1.75 m,1 de enero de 1990,Túnez
4160,Ali Parwin,48,Irán,,12 de octubre de 1946,Irán
4107,Ali Reza Gheshghaian,48,Irán,,27 de febrero de 1954,Irán
4142,Ali Reza Mansourian,48,Irán,,2 de diciembre de 1971,Irán
4175,Ali Shojaei,48,Irán,,23 de marzo de 1953,Irán
7956,Ali Thani Jumaa,30,Emiratos Arabes,,18 de agosto de 1968,Emiratos Arabes
7259,Ali Zitouni,78,Túnez,1.78 m,11 de enero de 1981,Túnez
1504,Alidu Seidu,38,Ghana,1.73 m,4 de junio de 2000,Ghana
6836,Alim Ben Mabrouk,5,Argelia,,25 de junio de 1960,Argelia
1016,Aliou Cisse,70,Senegal,1.80 m,24 de marzo de 1976,Senegal
874,Alioum Boukar,14,Camerún,1.80 m,3 de enero de 1972,Camerún
4089,Alireza Beiranvand,48,Irán,1.94 m,21 de septiembre de 1992,Irán
4113,Alireza Haghighi,48,Irán,1.95 m,2 de mayo de 1988,Irán
4123,Alireza Jahanbakhsh,48,Irán,1.81 m,11 de agosto de 1993,Irán
1530,Alisson,11,Brasil,1.93 m,2 de octubre de 1992,Brasil
2474,Alistair Johnston,15,Canadá,1.80 m,8 de octubre de 1998,Canadá
2374,Alistair Mccoist,31,Escocia,,24 de septiembre de 1962,Escocia
1076,Aljosa Asanovic,24,Croacia,,14 de diciembre de 1965,Croacia
8311,Allal Ben Kassou,55,Marruecos,,1 de enero de 1941,Marruecos
5107,Allan Boath,59,Nueva Zelanda,,14 de diciembre de 1958,Nueva Zelanda
7669,Allan Brown,56,México,,12 de octubre de 1926,México
1243,Allan Clarke,44,Inglaterra,,31 de julio de 1946,Inglaterra
202,Allan Costly,41,Honduras,,13 de febrero de 1954,Honduras
2321,Allan Evans,31,Escocia,,12 de octubre de 1956,Escocia
7338,Allan Maher,7,Australia,,21 de julio de 1950,Australia
4263,Allan Nielsen,26,Dinamarca,,13 de marzo de 1971,Dinamarca
4280,Allan Simonsen,26,Dinamarca,,15 de diciembre de 1952,Dinamarca
2411,Allan Thomson,31,Escocia,,5 de octubre de 1946,Escocia
1241,Allenby Chilton,44,Inglaterra,,16 de septiembre de 1918,Inglaterra
4449,Alloy Agu,57,Nigeria,,12 de julio de 1967,Nigeria
6337,Almoez Ali,16,Catar,1.80 m,19 de agosto de 1996,Catar
3900,Alou Diarra,36,Francia,1.90 m,15 de julio de 1981,Francia
5478,Alpay Ozalan,77,Turquía,1.88 m,29 de mayo de 1973,Turquía
3825,Alphonse Areola,36,Francia,1.95 m,27 de febrero de 1993,Francia
6537,Alphonse De Winter,60,Paises Bajos,,12 de septiembre de 1908,Paises Bajos
976,Alphonse-Marie Tchami,14,Camerún,,14 de febrero de 1971,Camerún
986,Alphonse Yombi,14,Camerún,,30 de junio de 1969,Camerún
2463,Alphonso Davies,15,Canadá,1.83 m,2 de noviembre de 2000,Canadá
1532,Altair,11,Brasil,,22 de enero de 1938,Brasil
3194,Alvaro,65,Portugal,,3 de enero de 1961,Portugal
4864,Alvaro Arbeloa,34,España,1.84 m,17 de enero de 1983,España
5866,Alvaro Fernandez,80,Uruguay,1.85 m,11 de octubre de 1985,Uruguay
5880,Alvaro Gestido,80,Uruguay,,17 de mayo de 1907,Uruguay
5888,Alvaro González,80,Uruguay,1.75 m,29 de octubre de 1984,Uruguay
2024,Alvaro Mesen,22,Costa Rica,1.80 m,24 de diciembre de 1972,Costa Rica
4996,Álvaro Morata,34,España,1.90 m,23 de octubre de 1992,España
5007,Álvaro Odriozola,34,España,1.78 m,14 de diciembre de 1995,España
4726,Alvaro Pena,9,Bolivia,,11 de febrero de 1966,Bolivia
5954,Alvaro Pereira,80,Uruguay,1.82 m,28 de noviembre de 1985,Uruguay
5969,Alvaro Recoba,80,Uruguay,1.78 m,17 de marzo de 1976,Uruguay
2043,Alvaro Saborio,22,Costa Rica,1.83 m,25 de marzo de 1982,Costa Rica
2064,Álvaro Zamora,22,Costa Rica,1.80 m,9 de marzo de 2002,Costa Rica
1333,Alvin Martin,44,Inglaterra,,29 de julio de 1958,Inglaterra
5212,Amadeo Carrizo,6,Argentina,,12 de junio de 1926,Argentina
4400,Amadeo Ortega,62,Paraguay,,,Paraguay
215,Amado Guevara,41,Honduras,1.76 m,2 de mayo de 1976,Honduras
6670,Amadou Onana,13,Bélgica,1.92 m,16 de agosto de 2001,Bélgica
4858,Amancio,34,España,,16 de octubre de 1940,España
1074,Amara Traore,70,Senegal,1.86 m,25 de septiembre de 1965,Senegal
1534,Amaral,11,Brasil,,21 de diciembre de 1954,Brasil
1535,Amarildo,11,Brasil,,29 de junio de 1939,Brasil
1036,Amdy Faye,70,Senegal,1.84 m,12 de marzo de 1977,Senegal
5521,Amedeo Amadei,51,Italia,,26 de julio de 1921,Italia
5550,Amedeo Biavati,51,Italia,,4 de abril de 1915,Italia
3196,Americo,65,Portugal,,6 de marzo de 1933,Portugal
5262,Americo Gallego,6,Argentina,,25 de abril de 1955,Argentina
8366,Amine Harit,55,Marruecos,1.80 m,18 de junio de 1997,Marruecos
4078,Amir Abedzadeh,48,Irán,1.86 m,26 de abril de 1993,Irán
4171,Amir Hossein Sadeghi,48,Irán,1.80 m,6 de septiembre de 1981,Irán
3791,Amir Karic,33,Eslovenia,1.84 m,31 de diciembre de 1973,Eslovenia
5635,Amleto Frignani,51,Italia,,5 de marzo de 1932,Italia
2123,Amr Warda,28,Egipto,1.76 m,17 de septiembre de 1993,Egipto
8409,Anass Zaroury,55,Marruecos,1.76 m,7 de noviembre de 2000,Marruecos
255,Anatoli Banishevski,69,Rusia,,23 de febrero de 1946,Rusia
283,Anatoli Demyanenko,69,Rusia,,19 de febrero de 1959,Rusia
307,Anatoli Ilyin,69,Rusia,,27 de junio de 1931,Rusia
355,Anatoli Maslyonkin,69,Rusia,,26 de junio de 1930,Rusia
2980,Anatoli Nankov,12,Bulgaria,,15 de julio de 1969,Bulgaria
378,Anatoli Puzach,69,Rusia,,3 de junio de 1941,Rusia
7120,Anatoliy Tymoschuk,79,Ucrania,1.81 m,30 de marzo de 1979,Ucrania
262,Anatoly Bishovets,69,Rusia,,23 de abril de 1946,Rusia
4616,Andeas Ogris,8,Austria,,7 de octubre de 1964,Austria
3446,Anders Limpar,73,Suecia,,24 de septiembre de 1965,Suecia
3450,Anders Linderoth,73,Suecia,,21 de marzo de 1950,Suecia
3500,Anders Rydberg,73,Suecia,,3 de marzo de 1903,Suecia
3516,Anders Svensson,73,Suecia,1.77 m,17 de julio de 1976,Suecia
1536,Anderson Polga,11,Brasil,1.82 m,9 de febrero de 1979,Brasil
5990,Anderson Santamaría,80,Uruguay,1.84 m,10 de enero de 1992,Uruguay
3566,Andjelko Djuricic,71,Serbia,1.94 m,21 de noviembre de 1980,Serbia
5101,Andoni Zubizarreta,34,España,,23 de octubre de 1961,España
4102,Andranik Eskandarian,48,Irán,,31 de diciembre de 1951,Irán
4180,Andranik Teymourian,48,Irán,1.80 m,6 de marzo de 1983,Irán
7619,Andras Torocsik,42,Hungría,,1 de mayo de 1955,Hungría
7621,Andras Toth,42,Hungría,,5 de septiembre de 1949,Hungría
3792,Andraz Kirm,33,Eslovenia,1.85 m,6 de septiembre de 1984,Eslovenia
7922,Andre,3,Angola,,24 de diciembre de 1957,Angola
7922,Andre,3,Angola,1.75 m,14 de mayo de 1978,Angola
8033,Andre Abegglen,74,Suiza,,7 de marzo de 1909,Suiza
3192,André Almeida,65,Portugal,1.86 m,10 de septiembre de 1990,Portugal
8234,Andre Arendse,72,Sudáfrica,1.90 m,27 de junio de 1967,Sudáfrica
1462,Andre Ayew,38,Ghana,1.75 m,17 de diciembre de 1989,Ghana
2138,André Carrillo,63,Perú,1.81 m,14 de junio de 1991,Perú
3872,Andre Chorda,36,Francia,,20 de febrero de 1938,Francia
7698,Andre Cruz,56,México,,20 de septiembre de 1968,México
987,André-Frank Zambo Anguissa,14,Camerún,1.84 m,16 de noviembre de 1995,Camerún
8109,Andre Grobety,74,Suiza,,22 de junio de 1933,Suiza
912,Andre Kana-Biyik,14,Camerún,,1 de septiembre de 1965,Camerún
3971,Andre Lerond,36,Francia,,6 de diciembre de 1930,Francia
3988,Andre Maschinot,36,Francia,,28 de junio de 1903,Francia
8156,Andre Neury,74,Suiza,,3 de septiembre de 1921,Suiza
6670,André Onana,13,Bélgica,1.90 m,2 de abril de 1996,Bélgica
6455,Andre Ooijer,60,Paises Bajos,1.84 m,11 de julio de 1974,Paises Bajos
3920,Andre Pierre Gignac,36,Francia,1.87 m,5 de diciembre de 1985,Francia
6689,Andre Saeys,13,Bélgica,,20 de febrero de 1911,Bélgica
6277,André Schürrle,1,Alemania,1.84 m,6 de octubre de 1990,Alemania
3314,André Silva,65,Portugal,1.84 m,6 de noviembre de 1995,Portugal
4046,Andre Strappe,36,Francia,,23 de febrero de 1928,Francia
4047,Andre Tassin,36,Francia,,23 de febrero de 1902,Francia
7923,Andre Titi Buengo,3,Angola,1.89 m,11 de febrero de 1980,Angola
6736,Andre Vandeweyer,13,Bélgica,,21 de junio de 1909,Bélgica
5540,Andrea Barzagli,51,Italia,1.86 m,8 de mayo de 1981,Italia
5573,Andrea Carnevale,51,Italia,,12 de enero de 1961,Italia
5733,Andrea Pirlo,51,Italia,1.77 m,19 de mayo de 1979,Italia
3338,Andreas Andersson,73,Suecia,1.85 m,10 de abril de 1974,Suecia
6066,Andreas Brehme,1,Alemania,,9 de noviembre de 1960,Alemania
4198,Andreas Christensen,26,Dinamarca,1.92 m,10 de abril de 1996,Dinamarca
4203,Andreas Cornelius,26,Dinamarca,1.95 m,16 de marzo de 1993,Dinamarca
3393,Andreas Granqvist,73,Suecia,1.92 m,16 de abril de 1985,Suecia
4578,Andreas Heraf,8,Austria,,10 de septiembre de 1967,Austria
4579,Andreas Herzog,8,Austria,1.83 m,10 de septiembre de 1968,Austria
3413,Andreas Isaksson,73,Suecia,1.99 m,3 de octubre de 1981,Suecia
3415,Andreas Jakobsson,73,Suecia,1.89 m,6 de octubre de 1972,Suecia
6179,Andreas Koepke,1,Alemania,,12 de marzo de 1962,Alemania
6192,Andreas Kupfer,1,Alemania,,7 de mayo de 1914,Alemania
6219,Andreas Moeller,1,Alemania,,2 de septiembre de 1967,Alemania
4633,Andreas Reisinger,8,Austria,,14 de octubre de 1963,Austria
2619,Andreas Samaris,39,Grecia,1.89 m,13 de junio de 1989,Grecia
4284,Andreas Skov Olsen,26,Dinamarca,1.87 m,29 de diciembre de 1999,Dinamarca
253,Andrei Bal,69,Rusia,,16 de febrero de 1958,Rusia
1854,Andrei Barbulescu,68,Rumania,,25 de marzo de 1917,Rumania
371,Andrei Piatnitski,69,Rusia,,27 de septiembre de 1967,Rusia
391,Andréi Semiónov,69,Rusia,1.84 m,8 de junio de 1992,Rusia
405,Andrei Solomatin,69,Rusia,1.83 m,9 de septiembre de 1975,Rusia
3026,Andrei Zhelyazkov,12,Bulgaria,,9 de julio de 1952,Bulgaria
431,Andrei Zygmantovich,69,Rusia,,2 de diciembre de 1962,Rusia
3794,Andrej Komac,33,Eslovenia,1.70 m,4 de diciembre de 1979,Eslovenia
1111,Andrej Kramarić,24,Croacia,1.77 m,19 de junio de 1991,Croacia
518,Andrej Kvasnak,67,República Checa,,19 de mayo de 1936,República Checa
3684,Andrej Panadic,71,Serbia,,9 de marzo de 1958,Serbia
2662,Andres Escobar,19,Colombia,,13 de marzo de 1967,Colombia
2664,Andres Estrada,19,Colombia,,12 de noviembre de 1967,Colombia
7739,Andres Guardado,56,México,1.67 m,28 de septiembre de 1986,México
4948,Andrés Iniesta,34,España,1.70 m,11 de mayo de 1984,España
731,Andres Prieto,17,Chile,,19 de diciembre de 1928,Chile
5997,Andres Scotti,80,Uruguay,1.83 m,14 de diciembre de 1975,Uruguay
2745,Andrew Auld,35,Estados Unidos,,26 de enero de 1900,Estados Unidos
7348,Andrew Nabbout,7,Australia,1.78 m,17 de noviembre de 1992,Australia
7354,Andrew Redmayne,7,Australia,1.94 m,13 de enero de 1989,Australia
7281,Andrew Williams,52,Jamaica,,23 de septiembre de 1977,Jamaica
349,Andrey Lunyov,69,Rusia,1.89 m,13 de noviembre de 1991,Rusia
390,Andrey Semenov,69,Rusia,1.90 m,24 de marzo de 1989,Rusia
423,Andrey Yeshchenko,69,Rusia,1.76 m,9 de febrero de 1984,Rusia
6453,Andries Noppert,60,Paises Bajos,2.03 m,7 de abril de 1994,Paises Bajos
3536,Andrija Ankovic,71,Serbia,,16 de julio de 1937,Serbia
3770,Andrija Živković,71,Serbia,1.70 m,11 de julio de 1996,Serbia
4860,Andrinua,34,España,,9 de mayo de 1964,España
7105,Andriy Gusin,79,Ucrania,1.88 m,11 de diciembre de 1972,Ucrania
7110,Andriy Nesmachnyi,79,Ucrania,1.82 m,28 de febrero de 1979,Ucrania
7111,Andriy Pyatov,79,Ucrania,1.90 m,28 de junio de 1984,Ucrania
7114,Andriy Rusol,79,Ucrania,1.82 m,16 de enero de 1983,Ucrania
7116,Andriy Shevchenko,79,Ucrania,1.83 m,29 de septiembre de 1976,Ucrania
7122,Andriy Vorobey,79,Ucrania,1.78 m,29 de noviembre de 1978,Ucrania
7123,Andriy Voronin,79,Ucrania,1.79 m,21 de julio de 1979,Ucrania
3041,Andrzej Buncol,64,Polonia,,21 de septiembre de 1959,Polonia
3057,Andrzej Fischer,64,Polonia,,15 de enero de 1952,Polonia
3076,Andrzej Iwan,64,Polonia,,10 de noviembre de 1959,Polonia
3136,Andrzej Palasz,64,Polonia,,22 de julio de 1960,Polonia
3160,Andrzej Szarmach,64,Polonia,,3 de octubre de 1950,Polonia
3184,Andrzej Zgutczynski,64,Polonia,,1 de enero de 1958,Polonia
5105,Andy Barron,59,Nueva Zelanda,1.78 m,24 de diciembre de 1980,Nueva Zelanda
5108,Andy Boyens,59,Nueva Zelanda,1.92 m,18 de septiembre de 1983,Nueva Zelanda
8079,Andy Egli,74,Suiza,,8 de mayo de 1958,Suiza
2331,Andy Goram,31,Escocia,,13 de abril de 1964,Escocia
227,Andy Najar,41,Honduras,1.70 m,16 de marzo de 1993,Honduras
7477,Andy O'Brien,46,Irlanda,1.77 m,29 de junio de 1979,Irlanda
4623,Andy Pichler,8,Austria,,4 de octubre de 1955,Austria
2196,Andy Polo,63,Perú,1.75 m,29 de septiembre de 1994,Perú
7488,Andy Townsend,46,Irlanda,,23 de julio de 1963,Irlanda
8016,Anel Hadzic,10,Bosnia-Herzegovina,1.86 m,16 de agosto de 1989,Bosnia-Herzegovina
8276,Anele Ngcongca,72,Sudáfrica,1.77 m,20 de octubre de 1987,Sudáfrica
5654,Anfilogino Guarisi,51,Italia,,26 de diciembre de 1905,Italia
5177,Angel Bargas,6,Argentina,,29 de octubre de 1946,Argentina
4324,Angel Berni,62,Paraguay,,9 de enero de 1931,Paraguay
5194,Angel Bossio,6,Argentina,,5 de mayo de 1905,Argentina
5826,Angel Cabrera,80,Uruguay,,9 de octubre de 1939,Uruguay
5222,Angel Comizzo,6,Argentina,,27 de abril de 1962,Argentina
5224,Ángel Correa,6,Argentina,1.74 m,9 de marzo de 1995,Argentina
1837,Angel Di Maria,11,Brasil,1.78 m,14 de febrero de 1988,Brasil
30,Angel Fernandez,27,Ecuador,1.72 m,2 de agosto de 1971,Ecuador
5276,Angel Grippa,6,Argentina,,,Argentina
5293,Angel Labruna,6,Argentina,,28 de septiembre de 1918,Argentina
5923,Angel Melogno,80,Uruguay,,22 de marzo de 1905,Uruguay
46,Ángel Mena,27,Ecuador,1.68 m,21 de enero de 1988,Ecuador
5614,Angelo Di Livio,51,Italia,1.73 m,26 de julio de 1966,Italia
5617,Angelo Domenghini,51,Italia,,25 de agosto de 1941,Italia
5716,Angelo Palombo,51,Italia,1.77 m,25 de septiembre de 1981,Italia
5730,Angelo Peruzzi,51,Italia,1.81 m,16 de febrero de 1970,Italia
61,Angelo Preciado,27,Ecuador,1.74 m,18 de febrero de 1998,Ecuador
5757,Angelo Schiavio,51,Italia,,15 de octubre de 1905,Italia
5768,Angelo Sormani,51,Italia,,3 de julio de 1939,Italia
2580,Angelos Charisteas,39,Grecia,1.91 m,9 de febrero de 1980,Grecia
2636,Anibal Alzate,19,Colombia,,31 de enero de 1933,Colombia
8422,Aníbal Godoy,61,Panamá,1.82 m,10 de febrero de 1990,Panamá
5949,Anibal Paz,80,Uruguay,,18 de febrero de 1918,Uruguay
5419,Anibal Tarabini,6,Argentina,,4 de agosto de 1941,Argentina
7152,Anice Badri,78,Túnez,,18 de septiembre de 1990,Túnez
7150,Anis Ayari,78,Túnez,1.81 m,16 de febrero de 1982,Túnez
7250,Anis Slimane,78,Túnez,1.88 m,16 de marzo de 2001,Túnez
7422,Anker Kihle,58,Noruega,,19 de abril de 1917,Noruega
4918,Ansu Fati,34,España,1.78 m,31 de octubre de 2002,España
7555,Antal Kotasz,42,Hungría,,9 de septiembre de 1929,Hungría
7578,Antal Nagy,42,Hungría,,16 de junio de 1944,Hungría
7578,Antal Nagy,42,Hungría,,17 de octubre de 1956,Hungría
7592,Antal Roth,42,Hungría,,14 de septiembre de 1960,Hungría
7605,Antal Szabo,42,Hungría,,4 de septiembre de 1910,Hungría
7606,Antal Szalay,42,Hungría,,12 de marzo de 1912,Hungría
7609,Antal Szentimihalyi,42,Hungría,,13 de junio de 1939,Hungría
1087,Ante Budimir,24,Croacia,1.90 m,22 de julio de 1991,Croacia
7298,Ante Covic,7,Australia,1.92 m,13 de junio de 1975,Australia
1139,Ante Rebic,24,Croacia,1.85 m,21 de septiembre de 1993,Croacia
6897,Anther Yahia,5,Argelia,1.85 m,21 de marzo de 1982,Argelia
1457,Anthony Annan,38,Ghana,1.71 m,21 de julio de 1986,Ghana
1987,Anthony Contreras,22,Costa Rica,1.80 m,29 de enero de 2000,Costa Rica
8413,Anthony De Avila,61,Panamá,,21 de diciembre de 1962,Panamá
2009,Anthony Hernández,22,Costa Rica,1.79 m,11 de octubre de 2001,Costa Rica
3260,Anthony Lopes,65,Portugal,1.84 m,1 de octubre de 1990,Portugal
4020,Anthony Reveillere,36,Francia,1.81 m,10 de noviembre de 1979,Francia
1143,Anthony Seric,24,Croacia,1.81 m,15 de enero de 1979,Croacia
6730,Anthony Vanden Borre,13,Bélgica,1.85 m,24 de octubre de 1987,Bélgica
622,Anthony Wolfe,76,Trinidad y Tobago,1.80 m,23 de diciembre de 1983,Trinidad y Tobago
3883,Antoine Cuissard,36,Francia,,19 de julio de 1924,Francia
3930,Antoine Griezmann,36,Francia,1.73 m,21 de marzo de 1991,Francia
1505,Antoine Semenyo,38,Ghana,1.72 m,7 de enero de 2000,Ghana
4302,Antolin Alcaraz,62,Paraguay,1.84 m,30 de julio de 1982,Paraguay
1878,Anton Dobos,68,Rumania,,13 de octubre de 1965,Rumania
4587,Anton Janda,8,Austria,,1 de mayo de 1904,Austria
510,Anton Krasnohorsky,67,República Checa,,22 de octubre de 1925,República Checa
524,Anton Malatinsky,67,República Checa,,15 de enero de 1920,República Checa
359,Anton Miranchuk,69,Rusia,1.82 m,17 de octubre de 1995,Rusia
532,Anton Moravcik,67,República Checa,,3 de junio de 1931,República Checa
4621,Anton Pfeffer,8,Austria,,17 de agosto de 1965,Austria
2874,Antonee Robinson,35,Estados Unidos,1.82 m,8 de agosto de 1997,Estados Unidos
5600,Antonello Cuccureddu,51,Italia,,4 de octubre de 1949,Italia
3061,Antoni Galecki,64,Polonia,,4 de junio de 1906,Polonia
3116,Antoni Lyko,64,Polonia,,25 de julio de 1907,Polonia
3164,Antoni Szymanowski,64,Polonia,,13 de enero de 1951,Polonia
464,Antonin Flesar,67,República Checa,,8 de mayo de 1944,República Checa
498,Antonin Kinsky,67,República Checa,1.87 m,31 de mayo de 1975,República Checa
544,Antonin Panenka,67,República Checa,,2 de diciembre de 1948,República Checa
560,Antonin Puc,67,República Checa,,16 de mayo de 1907,República Checa
594,Antonin Vodicka,67,República Checa,,1 de marzo de 1907,República Checa
5806,Antonio Alzamendi,80,Uruguay,,7 de junio de 1956,Uruguay
2639,Antonio Arias,19,Colombia,,9 de octubre de 1944,Colombia
5542,Antonio Benarrivo,51,Italia,,21 de agosto de 1968,Italia
4877,Antonio Betancourt,34,España,,13 de marzo de 1937,España
4878,Antonio Biosca,34,España,,8 de diciembre de 1948,España
5826,Antonio Cabrera,80,Uruguay,,,Uruguay
5563,Antonio Cabrini,51,Italia,,8 de octubre de 1957,Italia
5567,Antonio Candreva,51,Italia,1.80 m,28 de febrero de 1987,Italia
7675,Antonio Carbajal,56,México,,7 de junio de 1929,México
5576,Antonio Cassano,51,Italia,1.75 m,12 de julio de 1982,Italia
5594,Antonio Conte,51,Italia,,31 de julio de 1969,Italia
4907,Antonio De La Cruz,34,España,,7 de mayo de 1947,España
7702,Antonio De La Torre,56,México,,21 de septiembre de 1951,México
5613,Antonio Di Gennaro,51,Italia,,5 de octubre de 1958,Italia
5616,Antonio Di Natale,51,Italia,1.70 m,13 de octubre de 1977,Italia
7716,Antonio Flores,56,México,,13 de julio de 1923,México
4714,Antonio Grecco,9,Bolivia,,1 de enero de 1923,Bolivia
4943,Antonio Guzman,34,España,,2 de diciembre de 1953,España
7758,Antonio Jasso,56,México,,11 de marzo de 1935,México
5662,Antonio Juliano,51,Italia,,1 de enero de 1943,Italia
4973,Antonio Lopez,34,España,1.73 m,13 de septiembre de 1981,España
4978,Antonio Maceda,34,España,,16 de mayo de 1957,España
2184,Antonio Maquilon,63,Perú,,29 de noviembre de 1902,Perú
7793,Antonio Moreno,56,México,,25 de diciembre de 1970,México
7795,Antonio Mota,56,México,,1 de enero de 1943,México
7796,Antonio Munguia,56,México,,27 de junio de 1942,México
5009,Antonio Olmo,34,España,,18 de enero de 1954,España
8167,Antonio Permunian,74,Suiza,,16 de agosto de 1930,Suiza
5026,Antonio Puchades,34,España,,4 de junio de 1925,España
2710,Antonio Rada,19,Colombia,,13 de junio de 1937,Colombia
5034,Antonio Ramallets,34,España,,4 de julio de 1924,España
5374,Antonio Rattin,6,Argentina,,16 de mayo de 1937,Argentina
5384,Antonio Roma,6,Argentina,,13 de julio de 1932,Argentina
6262,Antonio Rüdiger,1,Alemania,1.90 m,3 de marzo de 1993,Alemania
3715,Antonio Rukavina,71,Serbia,1.77 m,26 de enero de 1984,Serbia
6002,António Silva,80,Uruguay,1.87 m,30 de octubre de 2003,Uruguay
3199,Antonio Sousa,65,Portugal,,28 de abril de 1957,Portugal
5431,Antonio Valencia,6,Argentina,,5 de mayo de 1925,Argentina
2607,Antonis Minou,39,Grecia,,4 de mayo de 1958,Grecia
1538,Antony,11,Brasil,1.72 m,24 de febrero de 2000,Brasil
4861,Antunez,34,España,,1 de noviembre de 1922,España
4681,Anwar Sutan,43,Indonesia,,21 de marzo de 1914,Indonesia
316,Anzor Kavazashvili,69,Rusia,,19 de julio de 1940,Rusia
172,Ao Tanaka,53,Japón,1.80 m,10 de septiembre de 1998,Japón
1539,Araken,11,Brasil,,17 de julio de 1905,Brasil
4862,Aranzabal,34,España,,15 de marzo de 1973,España
4863,Araquistain,34,España,,4 de marzo de 1937,España
4092,Arash Borhani,48,Irán,1.75 m,14 de septiembre de 1983,Irán
5298,Arcadio Lopez,6,Argentina,,15 de septiembre de 1910,Argentina
2329,Archie Gemmill,31,Escocia,,24 de marzo de 1947,Escocia
2401,Archie Robertson,31,Escocia,,15 de septiembre de 1929,Escocia
7372,Archie Thompson,7,Australia,1.71 m,23 de octubre de 1978,Australia
1110,Ardian Kozniku,24,Croacia,,27 de octubre de 1967,Croacia
5671,Ardico Magnini,51,Italia,,21 de octubre de 1928,Italia
8126,Ardon Jashari,74,Suiza,1.81 m,30 de julio de 2002,Suiza
1540,Argemiro,11,Brasil,,3 de junio de 1915,Brasil
7145,Ari Skúlason,49,Islandia,1.70 m,14 de mayo de 1987,Islandia
6394,Arie De Winter,60,Paises Bajos,,,Paises Bajos
6410,Arie Haan,60,Paises Bajos,,16 de noviembre de 1948,Paises Bajos
6475,Arie Schoemaker,60,Paises Bajos,,8 de noviembre de 1911,Paises Bajos
1541,Ariel,11,Brasil,,22 de febrero de 1910,Brasil
5266,Ariel Garce,6,Argentina,1.75 m,14 de julio de 1979,Argentina
5337,Ariel Ortega,6,Argentina,1.70 m,4 de marzo de 1974,Argentina
5462,Arif Erdem,77,Turquía,1.80 m,2 de enero de 1972,Turquía
5655,Aristide Guarneri,51,Italia,,7 de marzo de 1938,Italia
6804,Aristide Zogbo,23,Costa de Marfil,1.83 m,30 de diciembre de 1981,Costa de Marfil
4412,Aristides Rojas,62,Paraguay,,12 de agosto de 1968,Paraguay
6471,Arjen Robben,60,Paises Bajos,1.80 m,23 de enero de 1984,Paises Bajos
3028,Arkadiusz Bak,64,Polonia,1.76 m,6 de octubre de 1974,Polonia
3066,Arkadiusz Glowacki,64,Polonia,1.86 m,13 de marzo de 1979,Polonia
3127,Arkadiusz Milik,64,Polonia,1.86 m,28 de febrero de 1994,Polonia
3146,Arkadiusz Radomski,64,Polonia,1.80 m,27 de junio de 1977,Polonia
4004,Armand Penverne,36,Francia,,26 de noviembre de 1926,Francia
1542,Armandinho,11,Brasil,,6 de marzo de 1911,Brasil
5577,Armando Castellazzi,51,Italia,,7 de febrero de 1904,Italia
8417,Armando Cooper,61,Panamá,1.73 m,26 de noviembre de 1987,Panamá
7738,Armando Gonzalez,56,México,,,México
7776,Armando Manzo,56,México,,16 de octubre de 1958,México
5760,Armando Segato,51,Italia,,3 de mayo de 1930,Italia
770,Armando Tobar,17,Chile,,7 de junio de 1938,Chile
6054,Armel Bella-Kotchap,1,Alemania,1.90 m,11 de diciembre de 2001,Alemania
8162,Arnaldo Ortelli,74,Suiza,,,Suiza
7396,Arne Brustad,58,Noruega,,14 de abril de 1912,Noruega
6099,Arne Friedrich,1,Alemania,1.85 m,29 de mayo de 1979,Alemania
7414,Arne Ileby,58,Noruega,,2 de diciembre de 1913,Noruega
3449,Arne Linderholm,73,Suecia,,22 de febrero de 1916,Suecia
3461,Arne Mansson,73,Suecia,,,Suecia
3480,Arne Nyberg,73,Suecia,,20 de junio de 1913,Suecia
3506,Arne Selmonsson,73,Suecia,,29 de marzo de 1931,Suecia
2857,Arnie Oliver,35,Estados Unidos,,22 de mayo de 1907,Estados Unidos
6548,Arnold Badjou,13,Bélgica,,25 de junio de 1909,Bélgica
4666,Arnold Wetl,8,Austria,,2 de febrero de 1970,Austria
2682,Arnoldo Iguaran,19,Colombia,,18 de enero de 1957,Colombia
7147,Arnór Ingvi Traustason,49,Islandia,1.84 m,30 de abril de 1993,Islandia
513,Arnost Kreuz,67,República Checa,,9 de mayo de 1912,República Checa
7134,Aron Gunnarsson,49,Islandia,1.78 m,22 de abril de 1989,Islandia
2820,Aron Jóhannsson,35,Estados Unidos,1.84 m,10 de noviembre de 1990,Estados Unidos
6537,Aron Winter,60,Paises Bajos,,1 de marzo de 1967,Paises Bajos
6787,Arouna Kone,23,Costa de Marfil,1.82 m,11 de noviembre de 1983,Costa de Marfil
2436,Arsene Auguste,40,Haití,,3 de febrero de 1951,Haití
289,Artem Dzyuba,69,Rusia,1.96 m,22 de agosto de 1988,Rusia
7108,Artem Milevskiy,79,Ucrania,1.90 m,12 de enero de 1985,Ucrania
2282,Arthur Albiston,31,Escocia,,14 de julio de 1957,Escocia
6765,Arthur Boka,23,Costa de Marfil,1.66 m,2 de abril de 1983,Costa de Marfil
6454,Arthur Numan,60,Paises Bajos,,14 de diciembre de 1969,Paises Bajos
6701,Arthur Theate,13,Bélgica,1.85 m,25 de mayo de 2000,Bélgica
3036,Artur Boruc,64,Polonia,1.92 m,20 de febrero de 1980,Polonia
6570,Artur Ceuleers,13,Bélgica,,28 de febrero de 1916,Bélgica
3080,Artur Jędrzejczyk,64,Polonia,1.89 m,4 de noviembre de 1987,Polonia
7686,Arturo Chaires,56,México,,14 de marzo de 1937,México
650,Arturo Coddou,17,Chile,,,Chile
669,Arturo Farias,17,Chile,,1 de noviembre de 1927,Chile
7715,Arturo Fernandez,56,México,,3 de febrero de 1910,México
772,Arturo Torres,17,Chile,,20 de octubre de 1906,Chile
7886,Arturo Vasquez,56,México,,26 de junio de 1949,México
6029,Arturo Vidal,80,Uruguay,1.78 m,22 de mayo de 1987,Uruguay
6770,Aruna Dindane,23,Costa de Marfil,1.74 m,26 de noviembre de 1980,Costa de Marfil
3526,Arvid Thoern,73,Suecia,,,Suecia
2340,Asa Hartford,31,Escocia,,24 de octubre de 1950,Escocia
1474,Asamoah Gyan,38,Ghana,1.86 m,22 de noviembre de 1985,Ghana
4098,Ashkan Dejagah,48,Irán,1.81 m,5 de julio de 1986,Irán
1249,Ashley Cole,44,Inglaterra,1.73 m,20 de diciembre de 1980,Inglaterra
1439,Ashley Young,44,Inglaterra,1.75 m,9 de julio de 1985,Inglaterra
2096,Ashraf Kasem,28,Egipto,,25 de julio de 1966,Egipto
8010,Asmir Avdukic,10,Bosnia-Herzegovina,1.90 m,13 de mayo de 1981,Bosnia-Herzegovina
8011,Asmir Begovic,10,Bosnia-Herzegovina,1.96 m,20 de junio de 1987,Bosnia-Herzegovina
2981,Asparukh Nikodimov,12,Bulgaria,,21 de agosto de 1945,Bulgaria
6347,Assim Madibo,16,Catar,1.68 m,22 de octubre de 1996,Catar
6924,Assimiou Toure,75,Togo,1.80 m,1 de enero de 1988,Togo
2973,Atanas Mikhailov,12,Bulgaria,,5 de julio de 1949,Bulgaria
2987,Atanas Pashev,12,Bulgaria,,21 de noviembre de 1963,Bulgaria
2616,Athanasios Prittas,39,Grecia,1.85 m,9 de enero de 1979,Grecia
603,Atiba Charles,76,Trinidad y Tobago,1.88 m,29 de septiembre de 1977,Trinidad y Tobago
2471,Atiba Hutchinson,15,Canadá,1.83 m,8 de febrero de 1983,Canadá
5808,Atilio Ancheta,80,Uruguay,,19 de julio de 1948,Uruguay
656,Atilio Cremaschi,17,Chile,,8 de marzo de 1923,Chile
5611,Atilio Demaria,51,Italia,,19 de marzo de 1909,Italia
7769,Atilio Lopez,56,México,,1 de enero de 1925,México
185,Atsushi Yanagisawa,53,Japón,1.77 m,27 de mayo de 1977,Japón
178,Atsuto Uchida,53,Japón,1.76 m,27 de marzo de 1988,Japón
1543,Attila,11,Brasil,,16 de diciembre de 1910,Brasil
7282,Attila Abonyi,7,Australia,,16 de agosto de 1946,Australia
7546,Attila Kerekes,42,Hungría,,4 de abril de 1954,Hungría
5629,Attilio Ferraris,51,Italia,,26 de marzo de 1904,Italia
5648,Attilio Giovannini,51,Italia,,30 de julio de 1924,Italia
8136,August Lehmann,74,Suiza,,26 de enero de 1909,Suiza
6630,Auguste Hellemans,13,Bélgica,,14 de septiembre de 1907,Bélgica
5173,Augustin Balbuena,6,Argentina,,1 de septiembre de 1945,Argentina
3868,Augustin Chantrel,36,Francia,,11 de noviembre de 1906,Francia
1873,Augustin Deleanu,68,Rumania,,23 de agosto de 1944,Rumania
4470,Augustine Eguavoen,57,Nigeria,,19 de agosto de 1965,Nigeria
970,Augustine Simo,14,Camerún,,18 de septiembre de 1978,Camerún
3255,Augusto,65,Portugal,,22 de octubre de 1920,Portugal
5252,Augusto Fernández,6,Argentina,1.77 m,10 de abril de 1986,Argentina
5670,Augusto Magli,51,Italia,,9 de marzo de 1923,Italia
59,Augusto Poroso,27,Ecuador,1.81 m,13 de abril de 1974,Ecuador
4430,Aureliano Torres,62,Paraguay,1.78 m,16 de junio de 1982,Paraguay
876,Aurelien Chedjou,14,Camerún,1.85 m,20 de junio de 1985,Camerún
4048,Aurélien Tchouaméni,36,Francia,1.87 m,27 de enero de 2000,Francia
4375,Aurelio Gonzalez,62,Paraguay,,25 de septiembre de 1905,Paraguay
620,Aurtis Whitley,76,Trinidad y Tobago,1.80 m,1 de mayo de 1977,Trinidad y Tobago
4472,Austin Ejide,57,Nigeria,1.86 m,8 de abril de 1984,Nigeria
8032,Avdija Vrsajevic,10,Bosnia-Herzegovina,1.79 m,6 de marzo de 1986,Bosnia-Herzegovina
611,Avery John,76,Trinidad y Tobago,1.83 m,18 de junio de 1975,Trinidad y Tobago
2613,Avraam Papadopoulos,39,Grecia,1.86 m,3 de diciembre de 1984,Grecia
7335,Awer Mabil,7,Australia,1.79 m,15 de septiembre de 1995,Australia
4751,Awwad Al Anzi,4,Arabia Saudita,,24 de septiembre de 1968,Arabia Saudita
3903,Axel Disasi,36,Francia,1.90 m,11 de marzo de 1998,Francia
6758,Axel Witsel,13,Bélgica,1.86 m,12 de enero de 1989,Bélgica
2995,Ayan Sadkov,12,Bulgaria,,26 de septiembre de 1961,Bulgaria
180,Ayase Ueda,53,Japón,1.82 m,28 de agosto de 1998,Japón
2071,Ayman Ashraf,28,Egipto,1.75 m,9 de abril de 1991,Egipto
2115,Ayman Shawky,28,Egipto,,9 de diciembre de 1962,Egipto
2120,Ayman Taher,28,Egipto,,7 de enero de 1966,Egipto
7185,Aymen Dahmen,78,Túnez,1.88 m,28 de enero de 1997,Túnez
7229,Aymen Mathlouthi,78,Túnez,1.82 m,14 de septiembre de 1984,Túnez
4966,Aymeric Laporte,34,España,1.89 m,27 de mayo de 1994,España
7213,Ayoub El Kaabi,78,Túnez,1.82 m,26 de junio de 1993,Túnez
62,Ayrton Preciado,27,Ecuador,1.81 m,17 de julio de 1994,Ecuador
5467,Aytac Kadri,77,Turquía,,1 de enero de 1931,Turquía
8300,Azeddine Amanallah,55,Marruecos,,7 de abril de 1956,Marruecos
7289,Aziz Behich,7,Australia,1.70 m,16 de diciembre de 1990,Australia
8317,Aziz Bouderbala,55,Marruecos,,26 de diciembre de 1960,Marruecos
8319,Aziz Bouhaddouz,55,Marruecos,1.88 m,30 de marzo de 1987,Marruecos
2082,Aziz Fahmy,28,Egipto,,,Egipto
4471,Azubuike Egwuekwe,57,Nigeria,1.95 m,16 de julio de 1989,Nigeria
8391,Azzedine Ounahi,55,Marruecos,1.82 m,19 de abril de 2000,Marruecos
1056,Badou N'Diaye,70,Senegal,1.79 m,27 de octubre de 1990,Senegal
8408,Badou Zaki,55,Marruecos,,2 de abril de 1959,Marruecos
8315,Badr Benoun,55,Marruecos,1.88 m,30 de septiembre de 1993,Marruecos
4149,Bahram Movadat,48,Irán,,30 de enero de 1950,Irán
7386,Bailey Wright,7,Australia,1.84 m,28 de julio de 1992,Australia
4030,Bakari Sagna,36,Francia,1.75 m,14 de febrero de 1983,Francia
6789,Bakary Kone,23,Costa de Marfil,1.63 m,17 de septiembre de 1981,Costa de Marfil
4165,Bakhtiar Rahmani,48,Irán,1.78 m,23 de septiembre de 1991,Irán
1545,Baldochi,11,Brasil,,14 de marzo de 1946,Brasil
1546,Baltazar,11,Brasil,,14 de enero de 1926,Brasil
1029,Bamba Dieng,70,Senegal,1.78 m,23 de marzo de 2000,Senegal
7995,Ban-suk Oh,20,Corea del Norte,1.89 m,20 de mayo de 1988,Corea del Norte
3200,Bandeirinha,65,Portugal,,26 de noviembre de 1962,Portugal
3290,Barbosa,65,Portugal,,27 de marzo de 1921,Portugal
5132,Barry Pickering,59,Nueva Zelanda,,12 de diciembre de 1956,Nueva Zelanda
6625,Bart Goor,13,Bélgica,1.83 m,9 de abril de 1973,Bélgica
2844,Bart Mcghee,35,Estados Unidos,,30 de abril de 1899,Estados Unidos
4512,Bartholomew Ogbeche,57,Nigeria,1.77 m,1 de octubre de 1984,Nigeria
3032,Bartosz Bereszyński,64,Polonia,1.82 m,12 de julio de 1992,Polonia
3033,Bartosz Białkowski,64,Polonia,1.94 m,6 de julio de 1987,Polonia
3037,Bartosz Bosacki,64,Polonia,1.89 m,20 de diciembre de 1975,Polonia
6459,Bas Paauwe,60,Paises Bajos,,4 de octubre de 1911,Paises Bajos
6335,Bassam Al-Rawi,16,Catar,1.75 m,16 de diciembre de 1997,Catar
1173,Bassel Gorgis,45,Iraq,,6 de septiembre de 1961,Iraq
7253,Bassem Srarfi,78,Túnez,1.76 m,25 de junio de 1997,Túnez
6280,Bastian Schweinsteiger,1,Alemania,1.80 m,1 de agosto de 1984,Alemania
1548,Batatais,11,Brasil,,20 de mayo de 1910,Brasil
5816,Batista,80,Uruguay,,8 de marzo de 1955,Uruguay
5901,Baudilio Jauregui,80,Uruguay,,9 de julio de 1945,Uruguay
6049,Bauer,1,Alemania,,21 de noviembre de 1925,Alemania
6359,Beb Bakhuys,60,Paises Bajos,,16 de abril de 1909,Paises Bajos
1551,Bebeto,11,Brasil,,16 de febrero de 1964,Brasil
7164,Bechir Ben Said,78,Túnez,1.93 m,29 de noviembre de 1992,Túnez
1309,Bedford Jezzard,44,Inglaterra,,19 de octubre de 1927,Inglaterra
4173,Behnam Seraj,48,Irán,,19 de junio de 1971,Irán
4106,Behtash Fariba,48,Irán,,11 de febrero de 1955,Irán
7500,Bela Bodonyi,42,Hungría,,14 de septiembre de 1956,Hungría
7543,Bela Karpati,42,Hungría,,30 de septiembre de 1929,Hungría
7544,Bela Katzirz,42,Hungría,,27 de julio de 1953,Hungría
7559,Bela Kuharszki,42,Hungría,,20 de abril de 1940,Hungría
3683,Bela Palfi,71,Serbia,,16 de febrero de 1923,Serbia
7595,Bela Sarosi,42,Hungría,,15 de agosto de 1919,Hungría
7626,Bela Varadi,42,Hungría,,12 de abril de 1953,Hungría
1552,Belletti,11,Brasil,1.79 m,20 de junio de 1976,Brasil
1553,Bellini,11,Brasil,,7 de junio de 1930,Brasil
2534,Ben Cabango,37,Gales,1.86 m,30 de mayo de 2000,Gales
2540,Ben Davies,37,Gales,1.81 m,24 de abril de 1993,Gales
1276,Ben Foster,44,Inglaterra,1.93 m,3 de abril de 1983,Inglaterra
7314,Ben Halloran,7,Australia,1.80 m,14 de junio de 1992,Australia
4491,Ben Iroha,57,Nigeria,,29 de noviembre de 1969,Nigeria
2858,Ben Olsen,35,Estados Unidos,1.73 m,3 de mayo de 1977,Estados Unidos
5135,Ben Sigmund,59,Nueva Zelanda,1.87 m,3 de febrero de 1981,Nueva Zelanda
1425,Ben White,44,Inglaterra,1.86 m,8 de octubre de 1997,Inglaterra
4453,Benedict Akwuegbu,57,Nigeria,1.90 m,3 de noviembre de 1974,Nigeria
1554,Benedicto,11,Brasil,,10 de mayo de 1910,Brasil
4712,Benedicto Godoy,9,Bolivia,,,Bolivia
6148,Benedikt Höwedes,1,Alemania,1.87 m,29 de febrero de 1988,Alemania
3361,Bengt Berndtsson,73,Suecia,,26 de enero de 1933,Suecia
3398,Bengt Gustavsson,73,Suecia,,13 de enero de 1928,Suecia
4406,Benigno Gilberto Penayo,62,Paraguay,,3 de abril de 1933,Paraguay
4716,Benigno Gutierrez,9,Bolivia,,1 de septiembre de 1925,Bolivia
2424,Benito Carvajales,25,Cuba,,1 de enero de 1913,Cuba
5667,Benito Lorenzi,51,Italia,,20 de diciembre de 1925,Italia
7725,Benjamin Galindo,56,México,,11 de diciembre de 1960,México
8121,Benjamin Huggel,74,Suiza,1.90 m,7 de julio de 1977,Suiza
4719,Benjamin Maldonado,9,Bolivia,,1 de enero de 1928,Bolivia
925,Benjamin Massing,14,Camerún,,20 de junio de 1962,Camerún
3993,Benjamin Mendy,36,Francia,1.85 m,17 de julio de 1994,Francia
937,Benjamin Moukandjo,14,Camerún,1.79 m,12 de noviembre de 1988,Camerún
4003,Benjamin Pavard,36,Francia,1.86 m,28 de marzo de 1996,Francia
8265,Bennett Mnguni,72,Sudáfrica,1.69 m,18 de marzo de 1974,Sudáfrica
8261,Benni Mccarthy,72,Sudáfrica,1.81 m,12 de noviembre de 1977,Sudáfrica
3458,Benno Magnusson,73,Suecia,,4 de febrero de 1953,Suecia
2795,Benny Feilhaber,35,Estados Unidos,1.75 m,19 de enero de 1985,Estados Unidos
3531,Benny Wendt,73,Suecia,,4 de noviembre de 1950,Suecia
7541,Beno Kaposzta,42,Hungría,,7 de junio de 1942,Hungría
867,Benoit Assou-Ekotto,14,Camerún,1.78 m,24 de marzo de 1984,Camerún
3286,Bento,65,Portugal,,25 de junio de 1948,Portugal
1555,Benvenutto,11,Brasil,,8 de agosto de 1903,Brasil
7995,Beom Seok Oh,20,Corea del Norte,1.81 m,29 de julio de 1984,Corea del Norte
6337,Beratligil Ali,16,Catar,,,Catar
5446,Berman Ahmet,77,Turquía,,,Turquía
5974,Bernabe Rivera,80,Uruguay,,,Uruguay
6056,Bernard,1,Alemania,1.68 m,8 de septiembre de 1992,Alemania
3851,Bernard Bosquier,36,Francia,,19 de junio de 1942,Francia
3870,Bernard Chiarelli,36,Francia,,24 de febrero de 1934,Francia
3902,Bernard Diomede,36,Francia,1.70 m,23 de enero de 1974,Francia
3918,Bernard Genghini,36,Francia,,18 de enero de 1958,Francia
3959,Bernard Lacombe,36,Francia,,15 de agosto de 1952,Francia
3961,Bernard Lama,36,Francia,1.85 m,7 de abril de 1963,Francia
2260,Bernard Mcnally,47,Irlanda del Norte,,17 de febrero de 1963,Irlanda del Norte
8280,Bernard Parker,72,Sudáfrica,1.72 m,16 de marzo de 1986,Sudáfrica
7485,Bernard Slaven,46,Irlanda,,13 de noviembre de 1960,Irlanda
6753,Bernard Voorhoof,13,Bélgica,,11 de mayo de 1910,Bélgica
3763,Bernard Vukas,71,Serbia,,1 de mayo de 1927,Serbia
2712,Bernardo Redin,19,Colombia,,26 de febrero de 1963,Colombia
3316,Bernardo Silva,65,Portugal,1.73 m,10 de agosto de 1994,Portugal
2505,Bernd Bransch,2,Alemania Oriental,,24 de septiembre de 1944,Alemania Oriental
6078,Bernd Cullmann,1,Alemania,,1 de noviembre de 1949,Alemania
6081,Bernd Dietz,1,Alemania,,22 de marzo de 1948,Alemania
6095,Bernd Foerster,1,Alemania,,3 de mayo de 1956,Alemania
6097,Bernd Franke,1,Alemania,,12 de febrero de 1948,Alemania
6140,Bernd Hoelzenbein,1,Alemania,,9 de marzo de 1946,Alemania
4604,Bernd Krauss,8,Austria,,8 de mayo de 1957,Austria
6241,Bernd Patzke,1,Alemania,,14 de marzo de 1943,Alemania
6273,Bernd Schneider,1,Alemania,1.76 m,17 de noviembre de 1973,Alemania
6702,Bernd Thijs,13,Bélgica,1.86 m,28 de junio de 1978,Bélgica
6175,Berni Klodt,1,Alemania,,26 de octubre de 1926,Alemania
6494,Berry Van Aerle,60,Paises Bajos,,8 de diciembre de 1962,Paises Bajos
2861,Bert Patenaude,35,Estados Unidos,,4 de noviembre de 1909,Estados Unidos
7384,Bert Williams,7,Australia,,31 de enero de 1920,Australia
6307,Berti Vogts,1,Alemania,,30 de diciembre de 1946,Alemania
2267,Bertie Peacock,47,Irlanda del Norte,,29 de septiembre de 1928,Irlanda del Norte
883,Bertin Ebwelle,14,Camerún,,11 de septiembre de 1962,Camerún
6582,Bertrand Crasson,13,Bélgica,,5 de octubre de 1971,Bélgica
6374,Bertus Caldenhove,60,Paises Bajos,,19 de enero de 1914,Paises Bajos
6386,Bertus De Harder,60,Paises Bajos,,14 de enero de 1920,Paises Bajos
3202,Beto,65,Portugal,1.83 m,1 de mayo de 1982,Portugal
3202,Beto,65,Portugal,1.85 m,3 de mayo de 1976,Portugal
1557,Bigode,11,Brasil,,4 de abril de 1922,Brasil
8353,Bilel El Khanouss,55,Marruecos,1.80 m,10 de mayo de 2004,Marruecos
7203,Bilel Ifa,78,Túnez,1.85 m,9 de marzo de 1990,Túnez
2296,Bill Brown,31,Escocia,,8 de octubre de 1931,Escocia
1267,Bill Eckersley,44,Inglaterra,,16 de julio de 1925,Inglaterra
2797,Bill Fiedler,35,Estados Unidos,,10 de enero de 1910,Estados Unidos
2833,Bill Lehmann,35,Estados Unidos,,20 de diciembre de 1901,Estados Unidos
1338,Bill Mcgarry,44,Inglaterra,,10 de junio de 1927,Inglaterra
2847,Bill Mclean,35,Estados Unidos,,27 de enero de 1904,Estados Unidos
1355,Bill Nicholson,44,Inglaterra,,26 de enero de 1919,Inglaterra
977,Bill Tchato,14,Camerún,1.76 m,14 de mayo de 1975,Camerún
2226,Billy Bingham,47,Irlanda del Norte,,5 de agosto de 1931,Irlanda del Norte
2294,Billy Bremner,31,Escocia,,9 de diciembre de 1942,Escocia
2806,Billy Gonsalves,35,Estados Unidos,,10 de agosto de 1908,Estados Unidos
2247,Billy Hamilton,47,Irlanda del Norte,,9 de mayo de 1957,Irlanda del Norte
5125,Billy Mcclure,59,Nueva Zelanda,,4 de enero de 1958,Nueva Zelanda
2379,Billy Mckinlay,31,Escocia,,22 de abril de 1969,Escocia
7278,Billy Simpson,52,Jamaica,,12 de diciembre de 1929,Jamaica
1435,Billy Wright,44,Inglaterra,,6 de febrero de 1924,Inglaterra
7126,Birkir Bjarnason,49,Islandia,1.82 m,27 de mayo de 1988,Islandia
7140,Birkir Már Saevarsson,49,Islandia,1.87 m,11 de noviembre de 1984,Islandia
1558,Bismarck,11,Brasil,,17 de septiembre de 1969,Brasil
3974,Bixente Lizarazu,36,Francia,1.69 m,9 de diciembre de 1969,Francia
4215,Bjarne Goldbaek,26,Dinamarca,,6 de octubre de 1968,Dinamarca
3350,Bjorn Andersson,73,Suecia,,20 de julio de 1951,Suecia
3479,Bjorn Nordqvist,73,Suecia,,6 de octubre de 1942,Suecia
7144,Björn Sigurðarson,49,Islandia,1.86 m,26 de febrero de 1991,Islandia
3645,Blagoje Marjanovic,71,Serbia,,9 de septiembre de 1907,Serbia
6790,Blaise Kouassi,23,Costa de Marfil,1.82 m,2 de febrero de 1975,Costa de Marfil
3990,Blaise Matuidi,36,Francia,1.75 m,9 de abril de 1987,Francia
8157,Blaise Nkufo,74,Suiza,1.86 m,25 de mayo de 1975,Suiza
8427,Blas Pérez,61,Panamá,1.87 m,13 de marzo de 1981,Panamá
8076,Blerim Dzemaili,74,Suiza,1.79 m,12 de abril de 1986,Suiza
6979,Bo Kwan Hwang,21,Corea del Sur,,1 de marzo de 1965,Corea del Sur
6995,Bo Kyung Kim,21,Corea del Sur,1.78 m,6 de octubre de 1989,Corea del Sur
3439,Bo Larsson,73,Suecia,,5 de mayo de 1944,Suecia
5503,Bo Qu,18,China,1.84 m,15 de julio de 1981,China
3203,Boa Morte,65,Portugal,1.80 m,4 de agosto de 1977,Portugal
2743,Bob Annis,35,Estados Unidos,,5 de septiembre de 1928,Estados Unidos
2777,Bob Craddock,35,Estados Unidos,,5 de septiembre de 1923,Estados Unidos
2479,Bob Lenarduzzi,15,Canadá,,1 de mayo de 1955,Canadá
7295,Bobby Campbell,7,Australia,,13 de septiembre de 1956,Australia
1240,Bobby Charlton,44,Inglaterra,1.73 m,11 de octubre de 1937,Inglaterra
2303,Bobby Clark,31,Escocia,,26 de septiembre de 1945,Escocia
2304,Bobby Collins,31,Escocia,,16 de febrero de 1931,Escocia
2306,Bobby Combe,31,Escocia,,29 de febrero de 1924,Escocia
2774,Bobby Convey,35,Estados Unidos,1.73 m,27 de mayo de 1983,Estados Unidos
8243,Bobby Evans,72,Sudáfrica,,16 de julio de 1927,Sudáfrica
1347,Bobby Moore,44,Inglaterra,,12 de abril de 1941,Inglaterra
1378,Bobby Robson,44,Inglaterra,,18 de febrero de 1933,Inglaterra
1396,Bobby Smith,44,Inglaterra,,22 de febrero de 1933,Inglaterra
2276,Bobby Trainor,47,Irlanda del Norte,,,Irlanda del Norte
6152,Bodo Illgner,1,Alemania,,7 de abril de 1967,Alemania
1950,Bogdan Stelea,68,Rumania,,5 de diciembre de 1967,Rumania
3122,Bohdan Masztaler,64,Polonia,,19 de septiembre de 1949,Polonia
7118,Bohdan Shust,79,Ucrania,1.89 m,4 de marzo de 1986,Ucrania
591,Bohumil Vesely,67,República Checa,,18 de junio de 1945,República Checa
3594,Bojan Isailovic,71,Serbia,1.92 m,25 de marzo de 1980,Serbia
3790,Bojan Jokic,33,Eslovenia,1.71 m,17 de mayo de 1986,Eslovenia
5483,Bolatli Ridvan,77,Turquía,,2 de diciembre de 1928,Turquía
3074,Boleslaw Habowski,64,Polonia,,13 de septiembre de 1914,Polonia
6785,Bonaventure Kalou,23,Costa de Marfil,1.82 m,12 de enero de 1978,Costa de Marfil
2934,Boncho Genchev,12,Bulgaria,,7 de julio de 1964,Bulgaria
880,Boneventure Djonkep,14,Camerún,,20 de agosto de 1961,Camerún
7977,Bong Chil Kang,20,Corea del Norte,,7 de noviembre de 1943,Corea del Norte
7980,Bong Hwan Kim,20,Corea del Norte,,4 de julio de 1939,Corea del Norte
7972,Bong Zin Han,20,Corea del Norte,,2 de septiembre de 1945,Corea del Norte
8253,Bongani Khumalo,72,Sudáfrica,1.84 m,6 de enero de 1987,Sudáfrica
2932,Boris Gaganelov,12,Bulgaria,,7 de octubre de 1941,Bulgaria
338,Boris Kuznetsov,69,Rusia,,14 de julio de 1928,Rusia
3771,Boris Zivkovic,71,Serbia,1.82 m,15 de noviembre de 1975,Serbia
2974,Borislav Mikhailov,12,Bulgaria,,12 de febrero de 1963,Bulgaria
1080,Borna Barisic,24,Croacia,1.86 m,10 de noviembre de 1992,Croacia
6007,Borna Sosa,80,Uruguay,1.87 m,21 de enero de 1998,Uruguay
1079,Bosko Balaban,24,Croacia,1.80 m,15 de octubre de 1978,Croacia
4895,Bostjan Cesar,34,España,1.90 m,9 de julio de 1982,España
6346,Boualem Khoukhi,16,Catar,1.85 m,9 de julio de 1990,Catar
1031,Bouba Diop,70,Senegal,1.93 m,28 de enero de 1978,Senegal
6764,Boubacar Barry,23,Costa de Marfil,1.80 m,30 de diciembre de 1979,Costa de Marfil
6541,Boudewijn Zenden,60,Paises Bajos,1.78 m,15 de agosto de 1976,Paises Bajos
8314,Boujamaa Benkhrif,55,Marruecos,,1 de enero de 1947,Marruecos
1021,Boulaye Dia,70,Senegal,1.80 m,16 de noviembre de 1996,Senegal
3010,Boycho Velichkov,12,Bulgaria,,13 de agosto de 1958,Bulgaria
2940,Bozhidar Grigorov,12,Bulgaria,,27 de julio de 1945,Bulgaria
2946,Bozhidar Iskrenov,12,Bulgaria,,1 de agosto de 1962,Bulgaria
2956,Bozhil Kolev,12,Bulgaria,,20 de mayo de 1949,Bulgaria
3552,Bozo Broketa,71,Serbia,,24 de diciembre de 1921,Serbia
2779,Brad Davis,35,Estados Unidos,1.80 m,8 de noviembre de 1981,Estados Unidos
2800,Brad Friedel,35,Estados Unidos,1.93 m,18 de mayo de 1971,Estados Unidos
2810,Brad Guzan,35,Estados Unidos,1.93 m,9 de septiembre de 1984,Estados Unidos
7321,Brad Jones,7,Australia,1.93 m,19 de marzo de 1982,Australia
8240,Bradley Carnell,72,Sudáfrica,1.74 m,21 de enero de 1977,Sudáfrica
1559,Branco,11,Brasil,,4 de abril de 1964,Brasil
1560,Brandao,11,Brasil,,21 de abril de 1911,Brasil
1561,Brandaozinho,11,Brasil,,9 de junio de 1925,Brasil
5802,Brandon Aguilera,80,Uruguay,1.79 m,28 de junio de 2003,Uruguay
3589,Branislav Hrnjicek,71,Serbia,,5 de junio de 1908,Serbia
3595,Branislav Ivanovic,71,Serbia,1.88 m,22 de febrero de 1984,Serbia
3721,Branislav Sekulic,71,Serbia,,29 de octubre de 1906,Serbia
3550,Branko Brnovic,71,Serbia,,8 de agosto de 1967,Serbia
7293,Branko Buljevic,7,Australia,,6 de septiembre de 1947,Australia
3789,Branko Ilic,33,Eslovenia,1.86 m,6 de febrero de 1983,Eslovenia
3626,Branko Kralj,71,Serbia,,10 de marzo de 1924,Serbia
3677,Branko Oblak,71,Serbia,,27 de mayo de 1947,Serbia
2494,Branko Segota,15,Canadá,,8 de junio de 1961,Canadá
3731,Branko Stankovic,71,Serbia,,31 de octubre de 1921,Serbia
6699,Branko Strupar,13,Bélgica,1.90 m,9 de febrero de 1970,Bélgica
3767,Branko Zebec,71,Serbia,,17 de mayo de 1929,Serbia
7774,Braulio Luna,56,México,1.82 m,8 de septiembre de 1974,México
713,Braulio Musso,17,Chile,,24 de mayo de 1937,Chile
191,Brayan Beckeles,41,Honduras,1.86 m,28 de noviembre de 1985,Honduras
8084,Breel Embolo,74,Suiza,1.84 m,14 de febrero de 1997,Suiza
1562,Bremer,11,Brasil,1.88 m,18 de marzo de 1997,Brasil
8235,Brendan Augustine,72,Sudáfrica,,26 de octubre de 1971,Sudáfrica
2736,Brenden Aaronson,35,Estados Unidos,1.77 m,22 de octubre de 2000,Estados Unidos
2823,Brennan Johnson,35,Estados Unidos,1.79 m,23 de mayo de 2001,Estados Unidos
617,Brent Sancho,76,Trinidad y Tobago,1.85 m,13 de marzo de 1977,Trinidad y Tobago
459,Bretislav Dolejsi,67,República Checa,,29 de septiembre de 1928,República Checa
7307,Brett Emerton,7,Australia,1.85 m,22 de febrero de 1979,Australia
7317,Brett Holman,7,Australia,1.76 m,27 de marzo de 1984,Australia
8236,Brian Baloyi,72,Sudáfrica,1.86 m,16 de marzo de 1974,Sudáfrica
2754,Brian Bliss,35,Estados Unidos,,28 de septiembre de 1965,Estados Unidos
2769,Brian Ching,35,Estados Unidos,1.82 m,24 de mayo de 1978,Estados Unidos
4486,Brian Idowu,57,Nigeria,1.80 m,18 de mayo de 1992,Nigeria
1317,Brian Labone,44,Inglaterra,,23 de enero de 1940,Inglaterra
4242,Brian Laudrup,26,Dinamarca,,22 de febrero de 1969,Dinamarca
2839,Brian Maisonneuve,35,Estados Unidos,,28 de junio de 1973,Estados Unidos
2843,Brian Mcbride,35,Estados Unidos,1.85 m,19 de junio de 1972,Estados Unidos
4261,Brian Steen Nielsen,26,Dinamarca,1.80 m,28 de diciembre de 1968,Dinamarca
5141,Brian Turner,59,Nueva Zelanda,,31 de julio de 1949,Nueva Zelanda
1563,Brilhante,11,Brasil,,5 de noviembre de 1904,Brasil
4699,Brito,9,Bolivia,,9 de agosto de 1939,Bolivia
1826,Britto,11,Brasil,,6 de mayo de 1914,Brasil
3463,Bror Mellberg,73,Suecia,,9 de diciembre de 1923,Suecia
6761,Brou Angoua,23,Costa de Marfil,1.78 m,28 de noviembre de 1986,Costa de Marfil
4485,Brown Ideye,57,Nigeria,1.80 m,10 de octubre de 1988,Nigeria
2853,Bruce Murray,35,Estados Unidos,,25 de enero de 1966,Estados Unidos
2399,Bruce Rioch,31,Escocia,,6 de septiembre de 1947,Escocia
2502,Bruce Wilson,15,Canadá,,20 de junio de 1951,Canadá
3195,Bruno Alves,65,Portugal,1.87 m,27 de noviembre de 1981,Portugal
3545,Bruno Belin,71,Serbia,,16 de enero de 1929,Serbia
3838,Bruno Bellone,36,Francia,,14 de marzo de 1962,Francia
5588,Bruno Chizzo,51,Italia,,19 de abril de 1916,Italia
5596,Bruno Conti,51,Italia,,13 de marzo de 1955,Italia
4561,Bruno Engelmeier,8,Austria,,5 de septiembre de 1927,Austria
8089,Bruno Fernandes,74,Suiza,1.83 m,8 de septiembre de 1994,Suiza
2006,Bruno Guimaraes,22,Costa Rica,1.82 m,16 de noviembre de 1997,Costa Rica
6445,Bruno Martins Indi,60,Paises Bajos,1.85 m,8 de febrero de 1992,Paises Bajos
5697,Bruno Mora,51,Italia,,24 de marzo de 1937,Italia
1130,Bruno Petkovic,24,Croacia,1.93 m,16 de septiembre de 1994,Croacia
4620,Bruno Pezzey,8,Austria,,3 de febrero de 1955,Austria
6745,Bruno Versavel,13,Bélgica,,27 de agosto de 1967,Bélgica
1263,Bryan Douglas,44,Inglaterra,,27 de mayo de 1934,Inglaterra
2335,Bryan Gunn,31,Escocia,,22 de diciembre de 1963,Escocia
928,Bryan Mbeumo,14,Camerún,1.73 m,7 de agosto de 1999,Camerún
5340,Bryan Oviedo,6,Argentina,1.72 m,18 de febrero de 1990,Argentina
1379,Bryan Robson,44,Inglaterra,,11 de enero de 1957,Inglaterra
6472,Bryan Roy,60,Paises Bajos,,12 de febrero de 1970,Paises Bajos
2042,Bryan Ruiz,22,Costa Rica,1.87 m,18 de agosto de 1985,Costa Rica
6827,Buanga Tshimen,66,RD Congo,,4 de enero de 1949,RD Congo
5253,Buenaventura Ferreira,6,Argentina,,14 de julio de 1960,Argentina
1382,Bukayo Saka,44,Inglaterra,1.78 m,5 de septiembre de 2001,Inglaterra
5471,Bulent Korkmaz,77,Turquía,1.81 m,24 de noviembre de 1968,Turquía
7088,Bum-keun Song,21,Corea del Sur,1.96 m,15 de octubre de 1997,Corea del Sur
6929,Bum Kun Cha,21,Corea del Sur,,22 de mayo de 1953,Corea del Sur
7035,Bum-Young Lee,21,Corea del Sur,1.99 m,2 de abril de 1989,Corea del Sur
7062,Byung Dae Min,21,Corea del Sur,,20 de febrero de 1918,Corea del Sur
6931,Byung Duk Cho,21,Corea del Sur,,26 de mayo de 1958,Corea del Sur
6996,Byung Ji Kim,21,Corea del Sur,1.84 m,8 de abril de 1970,Corea del Sur
6928,Byung Joo Byun,21,Corea del Sur,,26 de abril de 1961,Corea del Sur
7095,Byung Ok Yoo,21,Corea del Sur,,2 de marzo de 1964,Corea del Sur
1566,Cabecao,11,Brasil,,23 de agosto de 1930,Brasil
6075,Cacau,1,Alemania,1.80 m,27 de marzo de 1981,Alemania
1567,Cafu,11,Brasil,1.76 m,7 de junio de 1970,Brasil
1430,Callum Wilson,44,Inglaterra,1.80 m,27 de febrero de 1992,Inglaterra
8258,Calvin Marlin,72,Sudáfrica,1.82 m,20 de abril de 1976,Sudáfrica
2766,Cameron Carter-Vickers,35,Estados Unidos,1.85 m,31 de diciembre de 1997,Estados Unidos
7305,Cameron Devlin,7,Australia,1.71 m,7 de junio de 1998,Australia
2729,Camilo Vargas,19,Colombia,1.85 m,9 de marzo de 1989,Colombia
5029,Campanal I,34,España,,9 de diciembre de 1912,España
1568,Canalli,11,Brasil,,12 de marzo de 1907,Brasil
3205,Caneira,65,Portugal,1.78 m,9 de febrero de 1979,Portugal
3206,Capucho,65,Portugal,1.80 m,21 de febrero de 1972,Portugal
1569,Careca,11,Brasil,,5 de octubre de 1960,Brasil
6883,Carl Medjani,5,Argelia,1.84 m,15 de mayo de 1985,Argelia
2498,Carl Valentine,15,Canadá,,4 de julio de 1958,Canadá
7376,Carl Valeri,7,Australia,1.80 m,14 de agosto de 1984,Australia
5028,Carles Puyol,34,España,1.78 m,13 de abril de 1978,España
5042,Carles Rexach,34,España,,13 de enero de 1947,España
5524,Carlo Ancelotti,51,Italia,,10 de junio de 1959,Italia
5526,Carlo Annovazzi,51,Italia,,24 de mayo de 1925,Italia
5583,Carlo Ceresoli,51,Italia,,14 de junio de 1910,Italia
203,Carlo Costly,41,Honduras,1.90 m,18 de julio de 1982,Honduras
5639,Carlo Galli,51,Italia,,6 de marzo de 1931,Italia
5687,Carlo Mattrel,51,Italia,,14 de abril de 1937,Italia
5719,Carlo Parola,51,Italia,,20 de septiembre de 1921,Italia
3256,Carlos,65,Portugal,,4 de marzo de 1956,Portugal
5802,Carlos Aguilera,80,Uruguay,,21 de septiembre de 1964,Uruguay
1571,Carlos Alberto,11,Brasil,,17 de julio de 1944,Brasil
5988,Carlos Sánchez,80,Uruguay,1.71 m,2 de diciembre de 1984,Uruguay
2637,Carlos Aponte,19,Colombia,,24 de enero de 1939,Colombia
5171,Carlos Babington,6,Argentina,,20 de septiembre de 1949,Argentina
2643,Carlos Bacca,19,Colombia,1.80 m,8 de septiembre de 1986,Colombia
7660,Carlos Blanco,56,México,,5 de marzo de 1927,México
2755,Carlos Bocanegra,35,Estados Unidos,1.84 m,25 de mayo de 1979,Estados Unidos
4326,Carlos Bonet,62,Paraguay,1.76 m,2 de octubre de 1977,Paraguay
5821,Carlos Borges,80,Uruguay,,14 de enero de 1932,Uruguay
4698,Carlos Borja,9,Bolivia,,25 de diciembre de 1956,Bolivia
197,Carlos Cabellero,41,Honduras,,5 de diciembre de 1958,Honduras
2135,Carlos Cáceda,63,Perú,1.83 m,27 de septiembre de 1991,Perú
7672,Carlos Calderon De La Barca,56,México,,2 de octubre de 1934,México
642,Carlos Campos,17,Chile,,14 de febrero de 1937,Chile
2651,Carlos Carbonero,19,Colombia,1.78 m,25 de julio de 1990,Colombia
644,Carlos Carmona,17,Chile,1.79 m,21 de febrero de 1987,Chile
7680,Carlos Carus,56,México,,10 de julio de 1930,México
7685,Carlos Castro,56,México,1.72 m,10 de septiembre de 1979,México
648,Carlos Caszely,17,Chile,,5 de julio de 1950,Chile
2143,Carlos Cilloniz,63,Perú,,1 de julio de 1910,Perú
651,Carlos Contreras,17,Chile,,7 de octubre de 1938,Chile
5846,Carlos Correa,80,Uruguay,,13 de enero de 1968,Uruguay
7703,Carlos De Los Cobos,56,México,,10 de diciembre de 1958,México
605,Carlos Edwards,76,Trinidad y Tobago,1.80 m,24 de octubre de 1978,Trinidad y Tobago
2665,Carlos Estrada,19,Colombia,,1 de noviembre de 1961,Colombia
4366,Carlos Gamarra,62,Paraguay,1.80 m,17 de febrero de 1971,Paraguay
1572,Carlos Germano,11,Brasil,,14 de agosto de 1970,Brasil
7733,Carlos Gomez,56,México,,16 de agosto de 1952,México
7737,Carlos Gonzalez,56,México,,12 de abril de 1935,México
34,Carlos Gruezo,27,Ecuador,1.72 m,19 de abril de 1995,Ecuador
7740,Carlos Guevara,56,México,,,México
7748,Carlos Hermosillo,56,México,,24 de agosto de 1964,México
7754,Carlos Hernandez,56,México,1.70 m,9 de abril de 1982,México
2680,Carlos Hoyos,19,Colombia,,28 de febrero de 1962,Colombia
689,Carlos Ibanez,17,Chile,,30 de noviembre de 1931,Chile
4965,Carlos Lapetra,34,España,,29 de noviembre de 1938,España
2835,Carlos Llamosa,35,Estados Unidos,1.80 m,30 de junio de 1969,Estados Unidos
7339,Carlos Manuel,7,Australia,,15 de enero de 1958,Australia
4982,Carlos Marchena,34,España,1.82 m,31 de julio de 1979,España
2020,Carlos Martínez,22,Costa Rica,1.76 m,30 de marzo de 1999,Costa Rica
4394,Carlos Morales,62,Paraguay,,4 de noviembre de 1968,Paraguay
7798,Carlos Munoz,56,México,,8 de septiembre de 1962,México
2429,Carlos Oliveira,25,Cuba,,,Cuba
4403,Carlos Paredes,62,Paraguay,1.79 m,16 de julio de 1976,Paraguay
5354,Carlos Pavon,6,Argentina,1.80 m,9 de octubre de 1973,Argentina
7818,Carlos Peña,56,México,1.78 m,29 de marzo de 1990,México
5363,Carlos Peucelle,6,Argentina,,13 de septiembre de 1908,Argentina
849,Carlos Recinos,29,El Salvador,,30 de junio de 1950,El Salvador
739,Carlos Reinoso,17,Chile,,7 de marzo de 1945,Chile
5973,Carlos Riolfo,80,Uruguay,,5 de noviembre de 1905,Uruguay
742,Carlos Rivas,17,Chile,,24 de mayo de 1953,Chile
5377,Carlos Roa,6,Argentina,,15 de agosto de 1969,Argentina
7843,Carlos Rodríguez,56,México,1.70 m,3 de enero de 1997,México
747,Carlos Rojas,17,Chile,,1 de enero de 1928,Chile
7850,Carlos Romero,56,México,,7 de septiembre de 1927,México
7859,Carlos Salcedo,56,México,1.86 m,29 de septiembre de 1993,México
7860,Carlos Salcido,56,México,1.76 m,2 de abril de 1980,México
5988,Carlos Sánchez,80,Uruguay,1.82 m,6 de febrero de 1986,Uruguay
760,Carlos Schneeberger,17,Chile,,21 de junio de 1902,Chile
7868,Carlos Septien,56,México,,18 de enero de 1923,México
5071,Carlos Soler,34,España,1.80 m,2 de enero de 1997,España
5413,Carlos Spadaro,6,Argentina,,5 de febrero de 1902,Argentina
5414,Carlos Squeo,6,Argentina,,4 de junio de 1948,Argentina
5418,Carlos Tapia,6,Argentina,,20 de agosto de 1962,Argentina
768,Carlos Tejas,17,Chile,,4 de octubre de 1974,Chile
72,Carlos Tenorio,27,Ecuador,1.82 m,14 de mayo de 1979,Ecuador
5422,Carlos Tevez,6,Argentina,1.73 m,5 de febrero de 1984,Argentina
4744,Carlos Trucco,9,Bolivia,,11 de agosto de 1957,Bolivia
2725,Carlos Valderrama,19,Colombia,1.75 m,2 de septiembre de 1961,Colombia
5085,Carlos Valdés,34,España,1.83 m,22 de mayo de 1985,España
7890,Carlos Vela,56,México,1.79 m,1 de marzo de 1989,México
786,Carlos Vidal,17,Chile,,24 de febrero de 1902,Chile
4889,Carmelo,34,España,,6 de diciembre de 1930,España
5408,Carmelo Simeone,6,Argentina,,22 de septiembre de 1934,Argentina
1573,Carpegiani,11,Brasil,,7 de febrero de 1949,Brasil
6156,Carsten Jancker,1,Alemania,1.93 m,28 de agosto de 1974,Alemania
6253,Carsten Ramelow,1,Alemania,1.85 m,20 de marzo de 1974,Alemania
3305,Carvalho,65,Portugal,,18 de abril de 1937,Portugal
1574,Carvalho Leite,11,Brasil,,25 de junio de 1912,Brasil
1575,Casagrande,11,Brasil,,15 de abril de 1963,Brasil
1576,Casemiro,11,Brasil,1.95 m,23 de febrero de 1992,Brasil
4346,Casiano Cespedes,62,Paraguay,,1 de enero de 1924,Paraguay
4706,Casiano Chavarria,9,Bolivia,,3 de agosto de 1901,Bolivia
773,Casimiro Torres,17,Chile,,1 de enero de 1906,Chile
1577,Cassio,11,Brasil,1.95 m,6 de julio de 1987,Brasil
1578,Castilho,11,Brasil,,27 de noviembre de 1927,Brasil
4341,Castor Cantero,62,Paraguay,,1 de enero de 1918,Paraguay
4409,Catalino Rivarola,62,Paraguay,,30 de abril de 1965,Paraguay
4344,Cayetano Carreras Sagueir,62,Paraguay,,,Paraguay
4408,Cayetano Re,62,Paraguay,,7 de febrero de 1938,Paraguay
3865,Cedric Carrasso,36,Francia,1.87 m,30 de diciembre de 1981,Francia
879,Cedric Djeugoue,14,Camerún,1.84 m,28 de agosto de 1992,Camerún
6891,Cédric Si Mohamed,5,Argelia,1.83 m,9 de enero de 1985,Argelia
3319,Cédric Soares,65,Portugal,1.72 m,31 de agosto de 1991,Portugal
6512,Cees Van Ierssel,60,Paises Bajos,,6 de diciembre de 1945,Paises Bajos
3891,Celestin Delmer,36,Francia,,15 de febrero de 1907,Francia
4000,Celestin Oliver,36,Francia,,12 de julio de 1930,Francia
4463,Celestine Babayaro,57,Nigeria,1.72 m,29 de agosto de 1978,Nigeria
7651,Celso Ayala,56,México,1.77 m,20 de agosto de 1970,México
5821,Celso Borges,80,Uruguay,1.82 m,27 de mayo de 1988,Uruguay
216,Celso Guity,41,Honduras,,7 de agosto de 1955,Honduras
5947,Celso Otero,80,Uruguay,,1 de febrero de 1958,Uruguay
4895,Cesar,34,España,,17 de mayo de 1945,España
4895,Cesar,34,España,,29 de junio de 1920,España
4871,César Azpilicueta,34,España,1.78 m,28 de agosto de 1989,España
2148,Cesar Cueto,63,Perú,,16 de junio de 1952,Perú
7712,Cesar Espinoza,56,México,,,México
217,Cesar Gutierrez,41,Honduras,,7 de mayo de 1954,Honduras
4387,Cesar Lopez Fretes,62,Paraguay,,21 de marzo de 1923,Paraguay
7791,César Montes,56,México,1.91 m,24 de febrero de 1997,México
4407,Cesar Ramirez,62,Paraguay,1.77 m,24 de marzo de 1977,Paraguay
4028,Cesar Ruminski,36,Francia,,13 de junio de 1924,Francia
1580,Cesar Sampaio,11,Brasil,,31 de marzo de 1968,Brasil
7889,Cesar Vega,56,México,,2 de septiembre de 1959,México
4441,Cesar Zabala,62,Paraguay,,3 de junio de 1961,Paraguay
5673,Cesare Maldini,51,Italia,,5 de febrero de 1932,Italia
4917,Cesc Fabregas,34,España,1.75 m,4 de mayo de 1987,España
545,Cestmir Patzel,67,República Checa,,2 de diciembre de 1914,República Checa
3104,Cezary Kucharski,64,Polonia,1.82 m,17 de febrero de 1972,Polonia
6886,Chaabane Merzekane,5,Argelia,,8 de marzo de 1959,Argelia
4896,Chacho,34,España,,14 de abril de 1911,España
2781,Chad Deering,35,Estados Unidos,,2 de septiembre de 1970,Estados Unidos
6991,Chang Gi Kang,21,Corea del Sur,,28 de agosto de 1927,Corea del Sur
7033,Chang-hoon Kwon,21,Corea del Sur,1.74 m,30 de junio de 1994,Corea del Sur
8007,Chang Kil Ryoo,20,Corea del Norte,,5 de noviembre de 1940,Corea del Norte
7988,Chang Myung Lee,20,Corea del Norte,,2 de enero de 1947,Corea del Norte
6997,Chang-Soo Kim,21,Corea del Sur,1.78 m,12 de septiembre de 1985,Corea del Sur
7071,Chang Sun Park,21,Corea del Sur,,2 de febrero de 1954,Corea del Sur
7163,Chaouki Ben Saada,78,Túnez,1.70 m,1 de julio de 1984,Túnez
629,Charles Aránguiz,17,Chile,1.72 m,17 de abril de 1989,Chile
8065,Charles Casali,74,Suiza,,27 de abril de 1923,Suiza
6592,Charles De Ketelaere,13,Bélgica,1.92 m,10 de marzo de 2001,Bélgica
6621,Charles Geerts,13,Bélgica,,29 de octubre de 1930,Bélgica
906,Charles Itandje,14,Camerún,1.93 m,2 de noviembre de 1982,Camerún
6694,Charles Simons,13,Bélgica,,27 de junio de 1906,Bélgica
982,Charles Toube,14,Camerún,,22 de enero de 1958,Camerún
6737,Charles Vandewouwer,13,Bélgica,,7 de septiembre de 1916,Bélgica
2772,Charlie Colombo,35,Estados Unidos,,20 de julio de 1920,Estados Unidos
2394,Charlie Nicholas,31,Escocia,,30 de diciembre de 1961,Escocia
8082,Charly Elsener,74,Suiza,,13 de agosto de 1934,Suiza
1057,Cheikh N'Doye,70,Senegal,1.92 m,29 de marzo de 1986,Senegal
1045,Cheikhou Kouyaté,70,Senegal,1.89 m,21 de diciembre de 1989,Senegal
8009,Chen Yang,20,Corea del Norte,1.86 m,17 de enero de 1974,Corea del Norte
4897,Chendo,34,España,,12 de octubre de 1961,España
5507,Chengying Wu,18,China,1.83 m,21 de abril de 1975,China
6914,Cherif Toure Mamam,75,Togo,1.82 m,13 de enero de 1983,Togo
7990,Chi An Li,20,Corea del Norte,,7 de julio de 1945,Corea del Norte
1581,Chicao,11,Brasil,,30 de enero de 1949,Brasil
1582,Chico,11,Brasil,,7 de enero de 1923,Brasil
4502,Chidi Nwanu,57,Nigeria,,1 de enero de 1967,Nigeria
4510,Chidi Odiah,57,Nigeria,1.81 m,17 de diciembre de 1983,Nigeria
4458,Chidozie Awaziem,57,Nigeria,1.89 m,1 de enero de 1997,Nigeria
4446,Chigozie Agbim,57,Nigeria,1.87 m,28 de noviembre de 1984,Nigeria
4513,Chinedu Ogbuke Obasi,57,Nigeria,1.81 m,1 de junio de 1986,Nigeria
7966,Chol Hyok An,20,Corea del Norte,1.78 m,27 de junio de 1987,Corea del Norte
7996,Chol Jin Pak,20,Corea del Norte,1.84 m,5 de septiembre de 1985,Corea del Norte
8002,Chol Myong Ri,20,Corea del Norte,1.73 m,18 de febrero de 1988,Corea del Norte
7089,Chong Gug Song,21,Corea del Sur,1.75 m,20 de febrero de 1979,Corea del Sur
7189,Choukri El Ouaer,78,Túnez,,15 de agosto de 1966,Túnez
2740,Chris Albright,35,Estados Unidos,1.85 m,14 de enero de 1979,Estados Unidos
2543,Chris Gunter,37,Gales,1.80 m,21 de julio de 1989,Gales
2815,Chris Henderson,35,Estados Unidos,,11 de diciembre de 1970,Estados Unidos
5122,Chris Killen,59,Nueva Zelanda,1.88 m,8 de octubre de 1981,Nueva Zelanda
2557,Chris Mepham,37,Gales,1.90 m,5 de noviembre de 1997,Gales
7475,Chris Morris,46,Irlanda,,24 de diciembre de 1963,Irlanda
2263,Chris Nicholl,47,Irlanda del Norte,,12 de octubre de 1946,Irlanda del Norte
1395,Chris Smalling,44,Inglaterra,1.96 m,22 de noviembre de 1989,Inglaterra
1417,Chris Waddle,44,Inglaterra,,14 de diciembre de 1960,Inglaterra
2902,Chris Wondolowski,35,Estados Unidos,1.85 m,28 de julio de 1983,Estados Unidos
5145,Chris Wood,59,Nueva Zelanda,1.91 m,7 de diciembre de 1991,Nueva Zelanda
1434,Chris Woods,44,Inglaterra,,14 de noviembre de 1959,Inglaterra
5515,Christian Abbiati,51,Italia,1.90 m,8 de julio de 1977,Italia
1461,Christian Atsu,38,Ghana,1.72 m,10 de enero de 1992,Ghana
869,Christian Bassogog,14,Camerún,1.78 m,18 de octubre de 1995,Camerún
1970,Christian Bolaños,22,Costa Rica,1.77 m,17 de mayo de 1984,Costa Rica
2149,Christian Cueva,63,Perú,1.69 m,23 de noviembre de 1991,Perú
2313,Christian Dailly,31,Escocia,,23 de octubre de 1973,Escocia
3884,Christian Dalger,36,Francia,,19 de diciembre de 1949,Francia
1881,Christian Dulca,68,Rumania,,25 de octubre de 1972,Rumania
4210,Christian Eriksen,26,Dinamarca,1.81 m,14 de febrero de 1992,Dinamarca
8086,Christian Fassnachft,74,Suiza,1.85 m,11 de noviembre de 1993,Suiza
6116,Christian Günter,1,Alemania,1.84 m,28 de febrero de 1993,Alemania
3949,Christian Karembeu,36,Francia,1.78 m,3 de diciembre de 1970,Francia
4591,Christian Keglevits,8,Austria,,29 de enero de 1961,Austria
44,Christian Lara,27,Ecuador,1.62 m,27 de abril de 1980,Ecuador
7769,Christian Lopez,56,México,,15 de marzo de 1953,México
5669,Christian Maggio,51,Italia,1.84 m,11 de febrero de 1982,Italia
52,Christian Noboa,27,Ecuador,1.83 m,9 de abril de 1985,Ecuador
4264,Christian Norgaard,26,Dinamarca,1.86 m,10 de marzo de 1994,Dinamarca
5718,Christian Panucci,51,Italia,1.85 m,12 de abril de 1973,Italia
6680,Christian Piot,13,Bélgica,,4 de octubre de 1947,Bélgica
4267,Christian Poulsen,26,Dinamarca,1.82 m,28 de febrero de 1980,Dinamarca
2865,Christian Pulisic,35,Estados Unidos,1.78 m,18 de septiembre de 1998,Estados Unidos
2201,Christian Ramos,63,Perú,1.82 m,4 de noviembre de 1988,Perú
6009,Christian Stuani,80,Uruguay,1.86 m,12 de octubre de 1986,Uruguay
5787,Christian Vieri,51,Italia,1.85 m,12 de julio de 1973,Italia
3534,Christian Wilhelmsson,73,Suecia,1.77 m,8 de diciembre de 1979,Suecia
6321,Christian Woerns,1,Alemania,1.84 m,10 de mayo de 1972,Alemania
6325,Christian Ziege,1,Alemania,1.86 m,1 de febrero de 1972,Alemania
6185,Christoph Kramer,1,Alemania,1.90 m,19 de febrero de 1991,Alemania
6215,Christoph Metzelder,1,Alemania,1.93 m,5 de noviembre de 1980,Alemania
8196,Christoph Spycher,74,Suiza,1.74 m,30 de marzo de 1978,Suiza
3908,Christophe Dugarry,36,Francia,1.88 m,24 de marzo de 1972,Francia
8159,Christophe Ohrel,74,Suiza,,7 de abril de 1968,Suiza
602,Christopher Birchall,76,Trinidad y Tobago,1.75 m,5 de mayo de 1984,Trinidad y Tobago
7265,Christopher Dawes,52,Jamaica,,31 de mayo de 1974,Jamaica
7458,Christopher Hughton,46,Irlanda,,11 de diciembre de 1958,Irlanda
2888,Christopher Sullivan,35,Estados Unidos,,18 de abril de 1965,Estados Unidos
985,Christopher Wooh,14,Camerún,1.91 m,18 de septiembre de 2001,Camerún
2594,Christos Karkamanis,39,Grecia,,22 de septiembre de 1969,Grecia
2615,Christos Patsatzoglou,39,Grecia,1.83 m,19 de marzo de 1979,Grecia
7072,Chu Young Park,21,Corea del Sur,1.83 m,10 de julio de 1985,Corea del Sur
7973,Chul Hong,20,Corea del Norte,1.77 m,17 de septiembre de 1990,Corea del Norte
7073,Chul Woo Park,21,Corea del Sur,,29 de septiembre de 1965,Corea del Sur
5501,Chuliang Ou,18,China,1.80 m,26 de agosto de 1968,China
7036,Chun Soo Lee,21,Corea del Sur,1.75 m,9 de julio de 1981,Corea del Sur
6941,Chung Min Choi,21,Corea del Sur,,30 de agosto de 1930,Corea del Sur
6966,Chung Wa Han,21,Corea del Sur,,3 de noviembre de 1922,Corea del Sur
7037,Chung-yong Lee,21,Corea del Sur,1.80 m,2 de julio de 1988,Corea del Sur
1583,Cicinho,11,Brasil,1.72 m,24 de junio de 1980,Brasil
4898,Cilaurren,34,España,,5 de noviembre de 1912,España
4899,Ciriaco,34,España,,8 de agosto de 1904,España
8189,Ciriaco Sforza,74,Suiza,,2 de marzo de 1970,Suiza
5626,Ciro Ferrara,51,Italia,1.82 m,11 de febrero de 1967,Italia
5657,Ciro Immobile,51,Italia,1.85 m,20 de febrero de 1990,Italia
3370,Claes Cronqvist,73,Suecia,,15 de octubre de 1944,Suecia
624,Clarence Acuña,17,Chile,,8 de febrero de 1975,Chile
2808,Clarence Goodson,35,Estados Unidos,1.93 m,17 de mayo de 1982,Estados Unidos
6478,Clarence Seedorf,60,Paises Bajos,1.76 m,1 de abril de 1976,Paises Bajos
3819,Claude Abbes,36,Francia,,24 de mayo de 1927,Francia
2438,Claude Barthelemy,40,Haití,,9 de mayo de 1945,Haití
3982,Claude Makelele,36,Francia,1.74 m,18 de febrero de 1973,Francia
4001,Claude Papi,36,Francia,,16 de abril de 1949,Francia
5193,Claudio Borghi,6,Argentina,,28 de septiembre de 1964,Argentina
640,Claudio Bravo,17,Chile,1.83 m,13 de abril de 1983,Chile
5208,Claudio Caniggia,6,Argentina,1.72 m,9 de enero de 1967,Argentina
5643,Claudio Gentile,51,Italia,,27 de septiembre de 1953,Italia
5284,Claudio Husain,6,Argentina,1.77 m,20 de noviembre de 1974,Argentina
2012,Claudio Jara,22,Costa Rica,,6 de mayo de 1959,Costa Rica
4383,Claudio Lezcano,62,Paraguay,,,Paraguay
5299,Claudio Lopez,6,Argentina,1.76 m,17 de julio de 1974,Argentina
5679,Claudio Marchisio,51,Italia,1.79 m,19 de enero de 1986,Italia
4395,Claudio Morel,62,Paraguay,1.75 m,2 de febrero de 1978,Paraguay
2872,Claudio Reyna,35,Estados Unidos,1.78 m,20 de julio de 1973,Estados Unidos
5755,Claudio Sala,51,Italia,,8 de septiembre de 1947,Italia
7874,Claudio Suarez,56,México,1.81 m,17 de diciembre de 1968,México
4225,Claus Jensen,26,Dinamarca,1.83 m,29 de abril de 1977,Dinamarca
7184,Clayton,78,Túnez,1.80 m,21 de marzo de 1974,Túnez
609,Clayton Ince,76,Trinidad y Tobago,1.91 m,13 de julio de 1972,Trinidad y Tobago
2829,Cle Kooiman,35,Estados Unidos,,3 de julio de 1963,Estados Unidos
5378,Clemente Rodriguez,6,Argentina,1.66 m,31 de julio de 1981,Argentina
21,Clever Chala,27,Ecuador,1.80 m,29 de junio de 1971,Ecuador
2550,Cliff Jones,37,Gales,,7 de febrero de 1935,Gales
2783,Clint Dempsey,35,Estados Unidos,1.85 m,9 de marzo de 1983,Estados Unidos
2842,Clint Mathis,35,Estados Unidos,1.78 m,25 de noviembre de 1976,Estados Unidos
7476,Clinton Morrison,46,Irlanda,1.78 m,14 de mayo de 1979,Irlanda
1584,Clodoaldo,11,Brasil,,26 de septiembre de 1949,Brasil
2824,Cobi Jones,35,Estados Unidos,1.70 m,16 de junio de 1970,Estados Unidos
6405,Cody Gakpo,60,Paises Bajos,1.93 m,7 de mayo de 1999,Paises Bajos
2531,Colin Baker,37,Gales,,18 de diciembre de 1934,Gales
1216,Colin Bell,44,Inglaterra,,26 de febrero de 1946,Inglaterra
2301,Colin Calderwood,31,Escocia,,20 de enero de 1965,Escocia
2235,Colin Clarke,47,Irlanda del Norte,,30 de octubre de 1962,Irlanda del Norte
7301,Colin Curran,7,Australia,,21 de agosto de 1947,Australia
2344,Colin Hendry,31,Escocia,,7 de diciembre de 1965,Escocia
1336,Colin Mc Donald,44,Inglaterra,,15 de octubre de 1930,Inglaterra
2483,Colin Miller,15,Canadá,,4 de octubre de 1964,Canadá
2569,Colin Webster,37,Gales,,17 de julio de 1932,Gales
616,Collin Samuel,76,Trinidad y Tobago,1.75 m,27 de agosto de 1981,Trinidad y Tobago
896,Collins Faï,14,Camerún,1.65 m,13 de agosto de 1992,Camerún
1859,Coloman Braun-Bogdan,68,Rumania,,13 de octubre de 1905,Rumania
3211,Coluna,65,Portugal,,6 de agosto de 1935,Portugal
5708,Comunardo Niccolai,51,Italia,,15 de diciembre de 1946,Italia
5964,Conduelo Piriz,80,Uruguay,,9 de octubre de 1904,Uruguay
1246,Connor Coady,44,Inglaterra,1.84 m,25 de febrero de 1993,Inglaterra
1280,Connor Gallagher,44,Inglaterra,1.83 m,6 de febrero de 2000,Inglaterra
2561,Connor Roberts,37,Gales,1.75 m,23 de septiembre de 1995,Gales
3528,Conny Torstensson,73,Suecia,,28 de agosto de 1949,Suecia
6772,Constant Djakpa,23,Costa de Marfil,1.77 m,17 de octubre de 1986,Costa de Marfil
6637,Constant Huysmans,13,Bélgica,,11 de octubre de 1928,Bélgica
1888,Constantin Galca,68,Rumania,,8 de marzo de 1972,Rumania
1946,Constantin Stanciu,68,Rumania,,1 de enero de 1911,Rumania
4054,Corentin Tolisso,36,Francia,1.81 m,3 de agosto de 1994,Francia
6692,Corneel Seys,13,Bélgica,,12 de febrero de 1912,Bélgica
1876,Cornel Dinu,68,Rumania,,2 de agosto de 1948,Rumania
1920,Corneliu Papura,68,Rumania,,5 de septiembre de 1973,Rumania
1937,Corneliu Robe,68,Rumania,,23 de mayo de 1908,Rumania
606,Cornell Glen,76,Trinidad y Tobago,1.75 m,21 de octubre de 1980,Trinidad y Tobago
6642,Costant Joacim,13,Bélgica,,3 de marzo de 1908,Bélgica
6007,Costantino Urbieta Sosa,80,Uruguay,,12 de agosto de 1907,Uruguay
3214,Costinha,65,Portugal,1.80 m,1 de diciembre de 1974,Portugal
1762,Coutinho,11,Brasil,,11 de junio de 1943,Brasil
2298,Craig Burley,31,Escocia,,24 de septiembre de 1971,Escocia
7312,Craig Goodwin,7,Australia,1.83 m,16 de diciembre de 1991,Australia
2362,Craig Levein,31,Escocia,,22 de octubre de 1964,Escocia
7346,Craig Moore,7,Australia,1.86 m,12 de diciembre de 1975,Australia
7745,Crescencio Gutierrez,56,México,,26 de octubre de 1933,México
1586,Cris,11,Brasil,1.83 m,3 de junio de 1977,Brasil
4903,Crisanto Bosch,34,España,,26 de diciembre de 1907,España
5162,Cristian Ansaldi,6,Argentina,1.78 m,20 de septiembre de 1986,Argentina
13,Cristian Benitez,27,Ecuador,1.68 m,1 de mayo de 1986,Ecuador
646,Cristian Castaneda,17,Chile,,18 de septiembre de 1968,Chile
1999,Cristian Gamboa,22,Costa Rica,1.73 m,24 de octubre de 1989,Costa Rica
7738,Cristian Gonzalez,56,México,1.75 m,4 de agosto de 1974,México
5697,Cristian Mora,51,Italia,1.85 m,26 de agosto de 1979,Italia
5354,Cristian Pavón,6,Argentina,1.67 m,21 de enero de 1996,Argentina
4411,Cristian Riveros,62,Paraguay,1.79 m,16 de octubre de 1982,Paraguay
5978,Cristian Rodríguez,80,Uruguay,1.75 m,30 de septiembre de 1985,Uruguay
2875,Cristian Roldan,35,Estados Unidos,1.72 m,3 de junio de 1995,Estados Unidos
7850,Cristian Romero,56,México,1.85 m,27 de abril de 1998,México
5792,Cristian Zaccardo,51,Italia,1.84 m,21 de diciembre de 1981,Italia
2733,Cristian Zapata,19,Colombia,1.89 m,30 de septiembre de 1986,Colombia
5620,Cristiano Doni,51,Italia,1.85 m,1 de abril de 1973,Italia
3307,Cristiano Ronaldo,65,Portugal,1.87 m,5 de febrero de 1985,Portugal
5795,Cristiano Zanetti,51,Italia,1.80 m,10 de abril de 1977,Italia
7810,Cristobal Ortega,56,México,,25 de julio de 1956,México
774,Cristopher Toselli,17,Chile,1.83 m,15 de junio de 1988,Chile
7698,Cruz,56,México,,12 de agosto de 1940,México
7660,Cuauhtemoc Blanco,56,México,1.78 m,17 de enero de 1973,México
4904,Curro Torres,34,España,1.80 m,27 de diciembre de 1976,España
3360,Curt Bergsten,73,Suecia,,,Suecia
3216,Custodio Pinto,65,Portugal,,9 de febrero de 1942,Portugal
607,Cyd Gray,76,Trinidad y Tobago,1.73 m,21 de noviembre de 1976,Trinidad y Tobago
2477,Cyle Larin,15,Canadá,1.88 m,17 de abril de 1995,Canadá
8279,Cyril Nzama,72,Sudáfrica,1.82 m,26 de junio de 1974,Sudáfrica
6773,Cyrille Domoraud,23,Costa de Marfil,1.80 m,22 de julio de 1971,Costa de Marfil
921,Cyrille Makanaky,14,Camerún,,28 de junio de 1965,Camerún
4014,Czeslaw Povolny,36,Francia,,,Francia
6399,Daaf Drok,60,Paises Bajos,,23 de mayo de 1914,Paises Bajos
1136,Dado Prso,24,Croacia,1.87 m,5 de noviembre de 1974,Croacia
6942,Dae Shik Choi,21,Corea del Sur,,10 de enero de 1965,Corea del Sur
6964,Dae-Sung Ha,21,Corea del Sur,1.80 m,2 de marzo de 1985,Corea del Sur
5871,Dagoberto Fontes,80,Uruguay,,6 de junio de 1943,Uruguay
109,Daichi Kamada,53,Japón,1.80 m,5 de agosto de 1996,Japón
104,Daiki Iwamasa,53,Japón,1.87 m,30 de enero de 1982,Japón
95,Daisuke Ichikawa,53,Japón,1.81 m,14 de mayo de 1980,Japón
123,Daisuke Matsui,53,Japón,1.75 m,11 de mayo de 1981,Japón
119,Daizen Maeda,53,Japón,1.76 m,20 de octubre de 1997,Japón
2485,Dale Mitchell,15,Canadá,,21 de abril de 1958,Canadá
341,Daler Kuzyayev,69,Rusia,1.77 m,15 de enero de 1993,Rusia
6365,Daley Blind,60,Paises Bajos,1.80 m,9 de marzo de 1990,Paises Bajos
3813,Dalibor Stevanovic,33,Eslovenia,1.83 m,27 de septiembre de 1984,Eslovenia
2749,DaMarcus Beasley,35,Estados Unidos,1.70 m,24 de mayo de 1982,Estados Unidos
3218,Damas,65,Portugal,,8 de octubre de 1947,Portugal
43,Damian Lanza,27,Ecuador,1.86 m,10 de abril de 1982,Ecuador
3165,Damian Szymanski,64,Polonia,1.85 m,16 de junio de 1995,Polonia
5776,Damiano Tommasi,51,Italia,1.77 m,17 de mayo de 1974,Italia
7451,Damien Duff,46,Irlanda,1.77 m,2 de marzo de 1979,Irlanda
1866,Dan Coe,68,Rumania,,8 de septiembre de 1941,Rumania
7398,Dan Eggen,58,Noruega,,13 de enero de 1970,Noruega
2548,Dan James,37,Gales,1.71 m,10 de noviembre de 1997,Gales
1923,Dan Petrescu,68,Rumania,,22 de diciembre de 1967,Rumania
4905,Dani,34,España,,28 de junio de 1951,España
1533,Dani Alves,11,Brasil,1.72 m,6 de mayo de 1983,Brasil
4891,Dani Carvajal,34,España,1.73 m,11 de enero de 1992,España
5010,Dani Olmo,34,España,1.79 m,7 de mayo de 1998,España
1003,Dani Shmulevich-Rom,50,Israel,,29 de noviembre de 1940,Israel
1450,Daniel Afriyie,38,Ghana,1.70 m,26 de junio de 2001,Ghana
4184,Daniel Agger,26,Dinamarca,1.88 m,12 de diciembre de 1984,Dinamarca
1451,Daniel Agyei,38,Ghana,1.86 m,10 de noviembre de 1989,Ghana
4452,Daniel Akpeyi,57,Nigeria,1.87 m,3 de agosto de 1986,Nigeria
1455,Daniel Amartey,38,Ghana,1.86 m,21 de diciembre de 1994,Ghana
4456,Daniel Amokachi,57,Nigeria,,30 de diciembre de 1972,Nigeria
3340,Daniel Andersson,73,Suecia,1.78 m,28 de agosto de 1977,Suecia
7285,Daniel Arzani,7,Australia,1.71 m,4 de enero de 1999,Australia
5186,Daniel Bertoni,6,Argentina,,14 de marzo de 1955,Argentina
2919,Daniel Borimirov,12,Bulgaria,,15 de enero de 1970,Bulgaria
1976,Daniel Cambronero,22,Costa Rica,1.80 m,8 de enero de 1986,Costa Rica
5210,Daniel Carnevali,6,Argentina,,4 de diciembre de 1946,Argentina
1981,Daniel Chacón,22,Costa Rica,1.83 m,11 de abril de 2001,Costa Rica
1985,Daniel Colindres,22,Costa Rica,1.80 m,10 de enero de 1985,Costa Rica
4097,Daniel Davari,48,Irán,1.92 m,6 de enero de 1988,Irán
8089,Daniel Fernandes,74,Suiza,1.94 m,25 de septiembre de 1983,Suiza
5870,Daniel Fonseca,80,Uruguay,,13 de septiembre de 1969,Uruguay
8111,Daniel Gygax,74,Suiza,1.79 m,28 de agosto de 1981,Suiza
4226,Daniel Jensen,26,Dinamarca,1.80 m,25 de junio de 1979,Dinamarca
5291,Daniel Killer,6,Argentina,,21 de diciembre de 1949,Argentina
1482,Daniel-Kofi Kyereh,38,Ghana,1.79 m,8 de marzo de 1996,Ghana
913,Daniel Kome,14,Camerún,1.72 m,19 de mayo de 1980,Camerún
1491,Daniel Opare,38,Ghana,1.73 m,18 de octubre de 1990,Ghana
5350,Daniel Passarella,6,Argentina,,25 de mayo de 1953,Argentina
1929,Daniel Prodan,68,Rumania,,23 de marzo de 1972,Rumania
1499,Daniel Quaye,38,Ghana,1.78 m,25 de diciembre de 1980,Ghana
4418,Daniel Sanabria,62,Paraguay,1.82 m,8 de febrero de 1977,Paraguay
1141,Daniel Saric,24,Croacia,1.78 m,4 de agosto de 1972,Croacia
163,Daniel Schmid,53,Japón,1.97 m,3 de febrero de 1992,Japón
1407,Daniel Sturridge,44,Inglaterra,1.88 m,1 de septiembre de 1989,Inglaterra
1953,Daniel Timofte,68,Rumania,,1 de octubre de 1967,Rumania
2055,Daniel Vallejos,22,Costa Rica,1.75 m,27 de mayo de 1981,Costa Rica
6709,Daniel van Buyten,13,Bélgica,1.97 m,7 de febrero de 1978,Bélgica
6750,Daniel Veyt,13,Bélgica,,9 de diciembre de 1956,Bélgica
78,Daniel Viteri,27,Ecuador,1.85 m,12 de diciembre de 1981,Ecuador
4290,Daniel Wass,26,Dinamarca,1.81 m,31 de mayo de 1989,Dinamarca
4073,Daniel Xuereb,36,Francia,,22 de junio de 1959,Francia
6803,Daniel Yeboah,23,Costa de Marfil,1.87 m,13 de noviembre de 1984,Costa de Marfil
5605,Daniele De Rossi,51,Italia,1.82 m,24 de julio de 1983,Italia
5685,Daniele Massaro,51,Italia,,23 de mayo de 1961,Italia
3639,Danijel Ljuboja,71,Serbia,1.87 m,4 de septiembre de 1978,Serbia
1134,Danijel Pranjic,24,Croacia,1.72 m,2 de diciembre de 1981,Croacia
1153,Danijel Subasic,24,Croacia,1.91 m,27 de octubre de 1984,Croacia
1587,Danilo,11,Brasil,1.84 m,15 de julio de 1991,Brasil
4294,Danilo Aceval,62,Paraguay,,15 de septiembre de 1975,Paraguay
1588,Danilo Alvim,11,Brasil,,3 de diciembre de 1920,Brasil
3293,Danilo Pereira,65,Portugal,1.88 m,9 de septiembre de 1991,Portugal
3702,Danilo Popivoda,71,Serbia,,1 de mayo de 1948,Serbia
240,Danilo Turcios,41,Honduras,1.66 m,8 de mayo de 1978,Honduras
3634,Danko Lazovic,71,Serbia,1.85 m,17 de mayo de 1983,Serbia
3220,Danny,65,Portugal,1.79 m,7 de agosto de 1983,Portugal
2227,Danny Blanchflower,47,Irlanda del Norte,,10 de febrero de 1926,Irlanda del Norte
6366,Danny Blind,60,Paises Bajos,,1 de agosto de 1961,Paises Bajos
6553,Danny Boffin,13,Bélgica,1.73 m,10 de julio de 1965,Bélgica
1995,Danny Fonseca,22,Costa Rica,1.79 m,7 de noviembre de 1979,Costa Rica
2376,Danny Mcgrain,31,Escocia,,1 de mayo de 1950,Escocia
1345,Danny Mills,44,Inglaterra,1.80 m,18 de mayo de 1977,Inglaterra
1381,Danny Rose,44,Inglaterra,1.73 m,2 de julio de 1990,Inglaterra
4530,Danny Shittu,57,Nigeria,1.90 m,2 de septiembre de 1980,Nigeria
7379,Danny Vukovic,7,Australia,1.87 m,27 de marzo de 1985,Australia
2568,Danny Ward,37,Gales,1.91 m,22 de junio de 1993,Gales
1424,Danny Welbeck,44,Inglaterra,1.85 m,26 de noviembre de 1990,Inglaterra
1589,Dante,11,Brasil,1.88 m,18 de octubre de 1983,Brasil
4386,Dante Lopez,62,Paraguay,1.85 m,16 de agosto de 1983,Paraguay
1905,Danut Lupu,68,Rumania,,27 de febrero de 1967,Rumania
955,Dany Nounkeu,14,Camerún,1.84 m,11 de abril de 1986,Camerún
6742,Dany Verlinden,13,Bélgica,,15 de agosto de 1963,Bélgica
6916,Dare Nibombe,75,Togo,1.96 m,16 de junio de 1980,Togo
1148,Darijo Srna,24,Croacia,1.82 m,1 de mayo de 1982,Croacia
1590,Dario,11,Brasil,,4 de marzo de 1946,Brasil
4381,Dario Jara Saguier,62,Paraguay,,1 de septiembre de 1926,Paraguay
5979,Dario Rodriguez,80,Uruguay,1.86 m,17 de septiembre de 1974,Uruguay
4735,Dario Rojas,9,Bolivia,,20 de enero de 1960,Bolivia
4423,Dario Segovia,62,Paraguay,,,Paraguay
5998,Dario Silva,80,Uruguay,1.78 m,2 de noviembre de 1972,Uruguay
1144,Dario Simic,24,Croacia,1.80 m,12 de noviembre de 1975,Croacia
5436,Dario Veron,6,Argentina,1.81 m,26 de julio de 1979,Argentina
7377,Dario Vidosic,7,Australia,1.85 m,8 de abril de 1987,Australia
1416,Darius Vassell,44,Inglaterra,1.70 m,13 de junio de 1980,Inglaterra
3052,Dariusz Dudka,64,Polonia,1.82 m,9 de diciembre de 1983,Polonia
3054,Dariusz Dziekanowski,64,Polonia,,30 de septiembre de 1962,Polonia
3103,Dariusz Kubicki,64,Polonia,,6 de junio de 1963,Polonia
3623,Darko Kovacevic,71,Serbia,1.88 m,18 de noviembre de 1973,Serbia
3635,Darko Lazovic,71,Serbia,1.81 m,15 de septiembre de 1990,Serbia
3685,Darko Pancev,71,Serbia,,7 de septiembre de 1965,Serbia
1198,Darren Anderton,44,Inglaterra,1.87 m,3 de marzo de 1972,Inglaterra
2349,Darren Jackson,31,Escocia,,25 de julio de 1966,Escocia
7275,Darryl Powell,52,Jamaica,,15 de noviembre de 1971,Jamaica
5941,Darwin Núñez,80,Uruguay,1.85 m,24 de junio de 1999,Uruguay
6421,Daryl Janmaat,60,Paises Bajos,1.85 m,20 de julio de 1989,Paises Bajos
1214,Dave Beasant,44,Inglaterra,,20 de marzo de 1959,Inglaterra
2533,Dave Bowen,37,Gales,,7 de junio de 1928,Gales
5109,Dave Bright,59,Nueva Zelanda,,29 de noviembre de 1949,Nueva Zelanda
7315,Dave Harding,7,Australia,,14 de agosto de 1946,Australia
2365,Dave Mackay,31,Escocia,,14 de noviembre de 1934,Escocia
5129,Dave Mulligan,59,Nueva Zelanda,1.73 m,24 de marzo de 1982,Nueva Zelanda
5801,David Acevedo,80,Uruguay,,20 de febrero de 1937,Uruguay
4851,David Albelda,34,España,1.81 m,1 de septiembre de 1977,España
1212,David Batty,44,Inglaterra,,2 de diciembre de 1968,Inglaterra
1215,David Beckham,44,Inglaterra,1.83 m,2 de mayo de 1975,Inglaterra
195,David Bueso,41,Honduras,,5 de mayo de 1955,Honduras
5826,David Cabrera,80,Uruguay,,12 de septiembre de 1945,Uruguay
2230,David Campbell,47,Irlanda del Norte,,2 de junio de 1965,Irlanda del Norte
7296,David Carney,7,Australia,1.81 m,30 de noviembre de 1983,Australia
7448,David Connolly,46,Irlanda,1.72 m,6 de junio de 1977,Irlanda
8417,David Cooper,61,Panamá,,25 de febrero de 1956,Panamá
4906,David de Gea,34,España,1.92 m,7 de noviembre de 1990,España
8071,David Degen,74,Suiza,1.83 m,15 de febrero de 1983,Suiza
888,David Embe,14,Camerún,,13 de noviembre de 1973,Camerún
2008,David Guzmán,22,Costa Rica,1.76 m,18 de febrero de 1990,Costa Rica
2341,David Harvey,31,Escocia,,7 de febrero de 1948,Escocia
1307,David James,44,Inglaterra,1.94 m,1 de agosto de 1970,Inglaterra
486,David Jarolim,67,República Checa,1.72 m,17 de mayo de 1979,República Checa
7212,David Jemmali,78,Túnez,1.88 m,13 de diciembre de 1974,Túnez
995,David Karako,50,Israel,,11 de febrero de 1945,Israel
7463,David Kelly,46,Irlanda,,25 de noviembre de 1965,Irlanda
1591,David Luiz,11,Brasil,1.89 m,22 de abril de 1987,Brasil
2254,David Mccreery,47,Irlanda del Norte,,16 de septiembre de 1957,Irlanda del Norte
2385,David Mcpherson,31,Escocia,,28 de enero de 1964,Escocia
2030,David Myrie,22,Costa Rica,1.85 m,1 de junio de 1988,Costa Rica
2393,David Narey,31,Escocia,,12 de junio de 1956,Escocia
2487,David Norman,15,Canadá,,6 de mayo de 1962,Canadá
8278,David Nyathi,72,Sudáfrica,,22 de marzo de 1969,Sudáfrica
6238,David Odonkor,1,Alemania,1.74 m,21 de febrero de 1984,Alemania
7478,David O'Leary,46,Irlanda,,2 de mayo de 1958,Irlanda
2699,David Ospina,19,Colombia,1.83 m,31 de agosto de 1988,Colombia
2269,David Platt,47,Irlanda del Norte,,10 de junio de 1966,Irlanda del Norte
997,David Primo,50,Israel,,5 de mayo de 1946,Israel
2398,David Provan,31,Escocia,,8 de mayo de 1956,Escocia
6254,David Raum,1,Alemania,1.80 m,22 de abril de 1998,Alemania
5037,David Raya,34,España,1.83 m,15 de septiembre de 1995,España
2870,David Regis,35,Estados Unidos,1.80 m,2 de diciembre de 1968,Estados Unidos
565,David Rozehnal,67,República Checa,1.91 m,5 de julio de 1980,República Checa
1386,David Seaman,44,Inglaterra,1.91 m,19 de septiembre de 1963,Inglaterra
5068,David Silva,34,España,1.77 m,8 de enero de 1986,España
237,David Suazo,41,Honduras,1.83 m,5 de noviembre de 1979,Honduras
4057,David Trezeguet,36,Francia,1.87 m,15 de octubre de 1977,Francia
2893,David Vanole,35,Estados Unidos,,6 de febrero de 1963,Estados Unidos
5091,David Villa,34,España,1.75 m,3 de diciembre de 1981,España
2414,David Weir,31,Escocia,,10 de mayo de 1970,Escocia
2503,David Wotherspoon,15,Canadá,1.72 m,16 de enero de 1990,Canadá
2342,Davie Hay,31,Escocia,,29 de enero de 1948,Escocia
2370,Davie Mathers,31,Escocia,,23 de octubre de 1931,Escocia
2717,Dávinson Sánchez,19,Colombia,1.87 m,12 de junio de 1996,Colombia
3610,Davor Jozic,71,Serbia,,22 de septiembre de 1960,Serbia
3743,Davor Suker,71,Serbia,1.81 m,1 de enero de 1968,Serbia
1166,Davor Vugrinec,24,Croacia,1.79 m,24 de marzo de 1975,Croacia
6428,Davy Klaassen,60,Paises Bajos,1.79 m,21 de febrero de 1993,Paises Bajos
3098,Dawid Kownacki,64,Polonia,1.87 m,14 de marzo de 1997,Polonia
2495,Dayne St. Clair,15,Canadá,1.91 m,9 de mayo de 1997,Canadá
4060,Dayot Upamecano,36,Francia,1.86 m,27 de octubre de 1998,Francia
5018,De Pedro,34,España,1.80 m,4 de agosto de 1973,España
1592,De Sordi,11,Brasil,,14 de febrero de 1931,Brasil
7466,Dean Kiely,46,Irlanda,1.84 m,10 de octubre de 1970,Irlanda
7277,Dean Sewell,52,Jamaica,,13 de abril de 1972,Jamaica
2906,DeAndre Yedlin,35,Estados Unidos,1.71 m,9 de julio de 1993,Estados Unidos
1375,Declan Rice,44,Inglaterra,1.88 m,14 de enero de 1999,Inglaterra
3221,Deco,65,Portugal,1.75 m,27 de agosto de 1977,Portugal
6557,Dedryck Boyata,13,Bélgica,1.88 m,29 de noviembre de 1990,Bélgica
3581,Dejan Govedarica,71,Serbia,,2 de octubre de 1969,Serbia
1119,Dejan Lovren,24,Croacia,1.88 m,5 de julio de 1989,Croacia
3801,Dejan Nemec,33,Eslovenia,1.84 m,1 de marzo de 1977,Eslovenia
3719,Dejan Savicevic,71,Serbia,,15 de septiembre de 1966,Serbia
3732,Dejan Stankovic,71,Serbia,1.81 m,11 de septiembre de 1978,Serbia
4443,Dele Adeleye,57,Nigeria,1.89 m,25 de diciembre de 1988,Nigeria
4451,Dele Aiyenugba,57,Nigeria,1.86 m,20 de noviembre de 1983,Nigeria
1195,Dele Alli,44,Inglaterra,1.88 m,11 de abril de 1996,Inglaterra
5827,Delfin Benitez Caceres,80,Uruguay,,24 de octubre de 1910,Uruguay
7924,Delgado,3,Angola,1.78 m,1 de noviembre de 1979,Angola
2668,Delio Gamboa,19,Colombia,,28 de enero de 1936,Colombia
4428,Delio Toledo,62,Paraguay,1.82 m,10 de febrero de 1976,Paraguay
8239,Delron Buckley,72,Sudáfrica,1.75 m,7 de diciembre de 1977,Sudáfrica
5516,Demetrio Albertini,51,Italia,1.80 m,23 de agosto de 1971,Italia
2190,Demetrio Neyra,63,Perú,,15 de diciembre de 1908,Perú
6396,Demy De Zeeuw,60,Paises Bajos,1.74 m,26 de mayo de 1983,Paises Bajos
1593,Denilson,11,Brasil,,28 de marzo de 1943,Brasil
1593,Denilson,11,Brasil,1.77 m,24 de agosto de 1977,Brasil
4340,Denis Caniza,62,Paraguay,1.74 m,29 de agosto de 1974,Paraguay
274,Denis Cheryshev,69,Rusia,1.79 m,26 de diciembre de 1990,Rusia
301,Denis Glushakov,69,Rusia,1.82 m,27 de enero de 1987,Rusia
6635,Denis Houf,13,Bélgica,,16 de febrero de 1932,Bélgica
7459,Denis Irwin,46,Irlanda,,31 de octubre de 1965,Irlanda
2359,Denis Law,31,Escocia,,24 de febrero de 1940,Escocia
5928,Denis Milar,80,Uruguay,,20 de junio de 1952,Uruguay
1490,Denis Odoi,38,Ghana,1.78 m,27 de mayo de 1988,Ghana
8230,Denis Zakaria,74,Suiza,1.89 m,20 de noviembre de 1996,Suiza
6041,Dennis Aogo,1,Alemania,1.84 m,14 de enero de 1987,Alemania
6362,Dennis Bergkamp,60,Paises Bajos,,10 de mayo de 1969,Paises Bajos
615,Dennis Lawrence,76,Trinidad y Tobago,2.01 m,1 de agosto de 1974,Trinidad y Tobago
4273,Dennis Rommedahl,26,Dinamarca,1.78 m,22 de julio de 1978,Dinamarca
1428,Dennis Wilshaw,44,Inglaterra,,11 de marzo de 1926,Inglaterra
6438,Denny Landzaat,60,Paises Bajos,1.78 m,6 de mayo de 1976,Paises Bajos
619,Densill Theobald,76,Trinidad y Tobago,1.81 m,27 de junio de 1982,Trinidad y Tobago
6400,Denzel Dumfries,60,Paises Bajos,1.88 m,18 de abril de 1996,Paises Bajos
7098,Deok Yeo Yoon,21,Corea del Sur,,25 de marzo de 1961,Corea del Sur
7263,Deon Burton,52,Jamaica,,25 de octubre de 1976,Jamaica
1594,Dequinha,11,Brasil,,19 de marzo de 1928,Brasil
1465,Derek Boateng,38,Ghana,1.85 m,2 de mayo de 1983,Ghana
2461,Derek Cornelius,15,Canadá,1.86 m,25 de noviembre de 1997,Canadá
2241,Derek Dougan,47,Irlanda del Norte,,20 de enero de 1938,Irlanda del Norte
2353,Derek Johnstone,31,Escocia,,4 de noviembre de 1953,Escocia
1315,Derek Kevan,44,Inglaterra,,6 de marzo de 1935,Inglaterra
2564,Derek Sullivan,37,Gales,,10 de agosto de 1930,Gales
2415,Derek Whyte,31,Escocia,,31 de agosto de 1968,Escocia
4372,Derlis Gomez,62,Paraguay,1.81 m,2 de noviembre de 1972,Paraguay
1419,Des Walker,44,Inglaterra,,26 de noviembre de 1965,Inglaterra
6556,Desire Bourgeois,13,Bélgica,,13 de diciembre de 1908,Bélgica
2744,Desmond Armstrong,35,Estados Unidos,,2 de noviembre de 1964,Estados Unidos
6992,Deuk Soo Kang,21,Corea del Sur,,16 de agosto de 1961,Corea del Sur
893,Devis Epassy,14,Camerún,1.87 m,2 de febrero de 1993,Camerún
7505,Dezso Bundzsak,42,Hungría,,3 de mayo de 1928,Hungría
7572,Dezso Molnar,42,Hungría,,2 de diciembre de 1939,Hungría
1066,Diafra Sakho,70,Senegal,1.84 m,24 de diciembre de 1989,Senegal
3222,Diamantino,65,Portugal,,3 de agosto de 1959,Portugal
6360,Dick Been,60,Paises Bajos,,,Paises Bajos
2252,Dick Keith,47,Irlanda del Norte,,15 de mayo de 1933,Irlanda del Norte
6451,Dick Nanninga,60,Paises Bajos,,17 de enero de 1949,Paises Bajos
4479,Dickson Etuhu,57,Nigeria,1.91 m,8 de junio de 1982,Nigeria
1595,Dida,11,Brasil,,16 de marzo de 1934,Brasil
1595,Dida,11,Brasil,1.95 m,7 de octubre de 1973,Brasil
1596,Didi,11,Brasil,,8 de octubre de 1928,Brasil
6120,Didi Hamann,1,Alemania,1.91 m,27 de agosto de 1973,Alemania
865,Didier Angibeaud,14,Camerún,,8 de octubre de 1974,Camerún
3879,Didier Couecou,36,Francia,,25 de julio de 1944,Francia
3895,Didier Deschamps,36,Francia,1.74 m,15 de octubre de 1968,Francia
6775,Didier Drogba,23,Costa de Marfil,1.88 m,11 de marzo de 1978,Costa de Marfil
4042,Didier Six,36,Francia,,21 de agosto de 1954,Francia
6801,Didier Ya Konan,23,Costa de Marfil,1.74 m,22 de mayo de 1984,Costa de Marfil
6805,Didier Zokora,23,Costa de Marfil,1.83 m,14 de diciembre de 1980,Costa de Marfil
4316,Diego Barreto,62,Paraguay,1.82 m,16 de julio de 1981,Paraguay
8050,Diego Benaglio,74,Suiza,1.93 m,8 de septiembre de 1983,Suiza
1974,Diego Calvo,22,Costa Rica,1.75 m,25 de marzo de 1991,Costa Rica
4902,Diego Costa,34,España,1.88 m,7 de octubre de 1988,España
4363,Diego Florentin,62,Paraguay,,,Paraguay
5873,Diego Forlan,80,Uruguay,1.81 m,19 de mayo de 1979,Uruguay
4370,Diego Gavilan,62,Paraguay,1.76 m,1 de marzo de 1980,Paraguay
5883,Diego Godin,80,Uruguay,1.85 m,16 de febrero de 1986,Uruguay
5904,Diego Laxalt,80,Uruguay,1.77 m,7 de febrero de 1993,Uruguay
5909,Diego Lugano,80,Uruguay,1.88 m,2 de noviembre de 1980,Uruguay
5307,Diego Maradona,6,Argentina,1.65 m,30 de octubre de 1960,Argentina
5320,Diego Milito,6,Argentina,1.77 m,12 de junio de 1979,Argentina
55,Diego Palacios,27,Ecuador,1.69 m,12 de julio de 1999,Ecuador
8427,Diego Perez,61,Panamá,1.76 m,18 de mayo de 1980,Panamá
5367,Diego Placente,6,Argentina,1.76 m,24 de abril de 1977,Argentina
5370,Diego Pozo,6,Argentina,1.83 m,16 de febrero de 1978,Argentina
7837,Diego Reyes,56,México,1.89 m,19 de septiembre de 1992,México
5408,Diego Simeone,6,Argentina,1.78 m,28 de abril de 1970,Argentina
5079,Diego Tristan,34,España,1.86 m,5 de enero de 1976,España
6072,Dieter Burdenski,1,Alemania,,26 de noviembre de 1950,Alemania
6135,Dieter Herzog,1,Alemania,,15 de julio de 1946,Alemania
6141,Dieter Hoeness,1,Alemania,,7 de enero de 1953,Alemania
8154,Dieter Mueller,74,Suiza,,1 de abril de 1954,Suiza
4607,Dietmar Kuehbauer,8,Austria,1.72 m,4 de abril de 1971,Austria
2929,Dimitar Dimov,12,Bulgaria,,13 de diciembre de 1937,Bulgaria
2963,Dimitar Kostov,12,Bulgaria,,27 de julio de 1936,Bulgaria
2967,Dimitar Largov,12,Bulgaria,,10 de septiembre de 1936,Bulgaria
2969,Dimitar Marashliev,12,Bulgaria,,31 de agosto de 1947,Bulgaria
2989,Dimitar Penev,12,Bulgaria,,12 de julio de 1945,Bulgaria
3013,Dimitar Yakimov,12,Bulgaria,,12 de agosto de 1941,Bulgaria
297,Dimitri Galiamin,69,Rusia,,8 de enero de 1963,Rusia
7352,Dimitri Petratos,7,Australia,1.76 m,10 de noviembre de 1992,Australia
2617,Dimitrios Salpingidis,39,Grecia,1.71 m,18 de agosto de 1981,Grecia
2620,Dimitrios Saravakos,39,Grecia,,26 de julio de 1961,Grecia
5474,Dincer Mehmet,77,Turquía,,,Turquía
2923,Dinko Dermendzhiev,12,Bulgaria,,2 de junio de 1941,Bulgaria
5532,Dino Baggio,51,Italia,,24 de julio de 1971,Italia
1597,Dino Sani,11,Brasil,,23 de mayo de 1932,Brasil
5797,Dino Zoff,51,Italia,,28 de febrero de 1942,Italia
7708,Diogenes Dominguez,56,México,,1 de enero de 1902,México
4718,Diogenes Lara,9,Bolivia,,6 de abril de 1903,Bolivia
4902,Diogo Costa,34,España,1.92 m,19 de septiembre de 1999,España
3217,Diogo Dalot,65,Portugal,1.84 m,18 de marzo de 1999,Portugal
7783,Dioniso Mejia,56,México,,6 de enero de 1907,México
3574,Dionizije Dvornic,71,Serbia,,27 de abril de 1926,Serbia
1598,Dirceu,11,Brasil,,15 de junio de 1952,Brasil
5451,Dirimlili Basri,77,Turquía,,7 de junio de 1929,Turquía
6437,Dirk Kuyt,60,Paises Bajos,1.84 m,22 de julio de 1980,Paises Bajos
6651,Dirk Medved,13,Bélgica,,15 de septiembre de 1968,Bélgica
6476,Dirk Schoenaker,60,Paises Bajos,,30 de noviembre de 1952,Paises Bajos
6155,Ditmar Jakobs,1,Alemania,,28 de agosto de 1953,Alemania
6672,Divock Origi,13,Bélgica,1.85 m,18 de abril de 1995,Bélgica
7247,Djalma Santos,78,Túnez,,27 de febrero de 1929,Túnez
6829,Djamal Abdoun,5,Argelia,1.80 m,14 de febrero de 1986,Argelia
6885,Djamel Menad,5,Argelia,,22 de julio de 1960,Argelia
6887,Djamel Mesbah,5,Argelia,1.80 m,9 de octubre de 1984,Argelia
6895,Djamel Tlemcani,5,Argelia,,16 de abril de 1955,Argelia
6901,Djamel Zidane,5,Argelia,,28 de abril de 1955,Argelia
3874,Djibril Cisse,36,Francia,1.82 m,12 de agosto de 1981,Francia
4038,Djibril Sidibé,36,Francia,1.82 m,21 de julio de 1992,Francia
8194,Djibril Sow,74,Suiza,1.83 m,6 de febrero de 1997,Suiza
3760,Djordje Vujadinovic,71,Serbia,,6 de diciembre de 1909,Serbia
65,Djorkaeff Reasco,27,Ecuador,1.72 m,18 de enero de 1999,Ecuador
319,Dmitri Kharin,69,Rusia,,16 de agosto de 1968,Rusia
321,Dmitri Khlestov,69,Rusia,1.77 m,21 de enero de 1971,Rusia
339,Dmitri Kuznetsov,69,Rusia,,28 de agosto de 1965,Rusia
375,Dmitri Popov,69,Rusia,,27 de febrero de 1967,Rusia
379,Dmitri Radchenko,69,Rusia,,2 de diciembre de 1970,Rusia
393,Dmitri Sennikov,69,Rusia,1.83 m,24 de junio de 1976,Rusia
408,Dmitri Sychev,69,Rusia,1.75 m,26 de octubre de 1983,Rusia
328,Dmitri Kombarov,69,Rusia,1.83 m,22 de enero de 1987,Rusia
249,Dmitry Alenichev,69,Rusia,1.78 m,20 de octubre de 1972,Rusia
323,Dmitry Khokhlov,69,Rusia,1.89 m,22 de diciembre de 1975,Rusia
7103,Dmytro Chigrynskyi,79,Ucrania,1.90 m,7 de noviembre de 1986,Ucrania
6998,Do Heon Kim,21,Corea del Sur,1.75 m,14 de julio de 1982,Corea del Sur
6999,Do Hoon Kim,21,Corea del Sur,1.82 m,21 de julio de 1970,Corea del Sur
7987,Do Keun Kim,20,Corea del Norte,1.80 m,2 de marzo de 1972,Corea del Norte
3024,Dobromir Zhechev,12,Bulgaria,,12 de noviembre de 1942,Bulgaria
3632,Dobrosav Krstic,71,Serbia,,5 de febrero de 1934,Serbia
1600,Doca,11,Brasil,,7 de marzo de 1903,Brasil
8253,Doctor Khumalo,72,Sudáfrica,,26 de junio de 1967,Sudáfrica
1161,Domagoj Vida,24,Croacia,1.84 m,29 de abril de 1989,Croacia
5599,Domenico Criscito,51,Italia,1.75 m,30 de diciembre de 1986,Italia
207,Domingo Drummond,41,Honduras,,14 de abril de 1957,Honduras
2164,Domingo Garcia,63,Perú,,1 de enero de 1904,Perú
5959,Domingo Perez,80,Uruguay,,7 de junio de 1936,Uruguay
6012,Domingo Tejera,80,Uruguay,,27 de julio de 1899,Uruguay
1601,Domingos Da Guia,11,Brasil,,19 de noviembre de 1912,Brasil
1446,Dominic Adiyiah,38,Ghana,1.70 m,29 de noviembre de 1989,Ghana
1118,Dominik Livaković,24,Croacia,1.88 m,9 de enero de 1995,Croacia
3831,Dominique Baratelli,36,Francia,,26 de diciembre de 1947,Francia
3834,Dominique Bathenay,36,Francia,,13 de febrero de 1954,Francia
3876,Dominique Colonna,36,Francia,,4 de septiembre de 1928,Francia
3907,Dominique Dropsy,36,Francia,,9 de diciembre de 1951,Francia
8113,Dominique Herr,74,Suiza,,25 de octubre de 1965,Suiza
4025,Dominique Rocheteau,36,Francia,,14 de enero de 1955,Francia
1299,Don Howe,44,Inglaterra,,12 de octubre de 1935,Inglaterra
2369,Don Masson,31,Escocia,,26 de agosto de 1946,Escocia
2325,Donald Ford,31,Escocia,,25 de octubre de 1944,Escocia
7989,Dong Gook Lee,20,Corea del Norte,1.85 m,29 de abril de 1979,Corea del Norte
7001,Dong Jin Kim,21,Corea del Sur,1.84 m,29 de enero de 1982,Corea del Sur
7083,Dong Myung Seo,21,Corea del Sur,1.94 m,4 de mayo de 1974,Corea del Sur
6985,Dong-Won Ji,21,Corea del Sur,1.87 m,28 de mayo de 1991,Corea del Sur
7991,Dong Woon Li,20,Corea del Norte,,4 de julio de 1945,Corea del Norte
5620,Doni,51,Italia,1.94 m,22 de octubre de 1979,Italia
3802,Doni Novak,33,Eslovenia,1.72 m,4 de septiembre de 1969,Eslovenia
208,Donis Escober,41,Honduras,1.80 m,3 de febrero de 1981,Honduras
7276,Donovan Ricketts,52,Jamaica,,6 de julio de 1977,Jamaica
7997,Doo Ik Pak,20,Corea del Norte,,17 de diciembre de 1943,Corea del Norte
7973,Dook Jong Hong,20,Corea del Norte,,5 de mayo de 1921,Corea del Norte
1907,Dorin Mateut,68,Rumania,,5 de agosto de 1965,Rumania
1913,Dorinel Munteanu,68,Rumania,,25 de junio de 1968,Rumania
1603,Doriva,11,Brasil,,28 de mayo de 1972,Brasil
4671,Dorst,43,Indonesia,,,Indonesia
2310,Doug Cowie,31,Escocia,,1 de mayo de 1926,Escocia
7375,Doug Utjesenovic,7,Australia,,8 de octubre de 1946,Australia
4902,Douglas Costa,34,España,1.72 m,14 de septiembre de 1990,España
2015,Douglas López,22,Costa Rica,1.80 m,21 de septiembre de 1998,Costa Rica
2046,Douglas Sequeira,22,Costa Rica,1.86 m,23 de agosto de 1977,Costa Rica
3575,Dragan Dzajic,71,Serbia,,30 de mayo de 1946,Serbia
3651,Dragan Mihajlovic,71,Serbia,,13 de diciembre de 1906,Serbia
3669,Dragan Mrdja,71,Serbia,1.87 m,23 de enero de 1984,Serbia
3686,Dragan Pantelic,71,Serbia,,9 de diciembre de 1951,Serbia
3739,Dragan Stojkovic,71,Serbia,1.75 m,3 de marzo de 1965,Serbia
3636,Dragoje Lekovic,71,Serbia,,21 de noviembre de 1967,Serbia
3551,Dragoljub Brnovic,71,Serbia,,2 de noviembre de 1963,Serbia
3752,Dragomir Tosic,71,Serbia,,8 de noviembre de 1909,Serbia
3604,Dragoslav Jevric,71,Serbia,1.86 m,8 de julio de 1974,Serbia
3720,Dragoslav Sekularac,71,Serbia,,30 de noviembre de 1937,Serbia
3674,Dragutin Najdanovic,71,Serbia,,15 de abril de 1908,Serbia
3602,Drazen Jerkovic,71,Serbia,,6 de agosto de 1936,Serbia
1114,Drazen Ladic,24,Croacia,,1 de enero de 1963,Croacia
3672,Drazen Muzinic,71,Serbia,,25 de enero de 1953,Serbia
6655,Dries Mertens,13,Bélgica,1.69 m,6 de mayo de 1987,Bélgica
8308,Driss Bamous,55,Marruecos,,15 de diciembre de 1942,Marruecos
8312,Driss Ben Zekri,55,Marruecos,,31 de diciembre de 1970,Marruecos
8374,Driss Kanoussi,55,Marruecos,,1 de enero de 1939,Marruecos
6930,Du Ri Cha,21,Corea del Sur,1.81 m,25 de julio de 1980,Corea del Sur
4692,Duberty Araoz,9,Bolivia,,21 de diciembre de 1920,Bolivia
3224,Duda,65,Portugal,1.75 m,27 de junio de 1980,Portugal
7701,Duilio Davino,56,México,1.79 m,21 de marzo de 1976,México
1089,Duje Ćaleta-Car,24,Croacia,1.92 m,17 de septiembre de 1996,Croacia
1921,Dumitru Pavlovici,68,Rumania,,26 de abril de 1912,Rumania
1948,Dumitru Stangaciu,68,Rumania,,9 de agosto de 1964,Rumania
5114,Duncan Cole,59,Nueva Zelanda,,12 de julio de 1958,Nueva Zelanda
1605,Dunga,11,Brasil,,31 de octubre de 1963,Brasil
7262,Durrent Brown,52,Jamaica,,7 de agosto de 1964,Jamaica
3540,Dusan Bajevic,71,Serbia,,10 de diciembre de 1948,Serbia
3542,Dusan Basta,71,Serbia,1.83 m,18 de agosto de 1984,Serbia
802,Dusan Kuciak,32,Eslovaquia,1.95 m,21 de mayo de 1985,Eslovaquia
806,Dusan Pernis,32,Eslovaquia,1.90 m,28 de noviembre de 1984,Eslovaquia
3695,Dusan Petkovic,71,Serbia,1.88 m,13 de junio de 1974,Serbia
3748,Dušan Tadić,71,Serbia,1.81 m,20 de noviembre de 1988,Serbia
3759,Dusan Vlahovic,71,Serbia,1.90 m,28 de enero de 2000,Serbia
3753,Duško Tošić,71,Serbia,1.84 m,19 de enero de 1985,Serbia
623,Dwight Yorke,76,Trinidad y Tobago,1.82 m,3 de noviembre de 1971,Trinidad y Tobago
7176,Dylan Bronn,78,Túnez,1.86 m,19 de junio de 1995,Túnez
2554,Dylan Levitt,37,Gales,1.80 m,17 de noviembre de 2000,Gales
2286,Eamonn Bannon,31,Escocia,,18 de abril de 1958,Escocia
2886,Earnie Stewart,35,Estados Unidos,1.75 m,28 de marzo de 1969,Estados Unidos
4275,Ebbe Sand,26,Dinamarca,1.83 m,19 de julio de 1972,Dinamarca
787,Eberardo Villalobos,17,Chile,,1 de abril de 1908,Chile
2523,Eberhard Vogel,2,Alemania Oriental,,8 de abril de 1943,Alemania Oriental
3155,Ebi Smolarek,64,Polonia,1.76 m,9 de enero de 1981,Polonia
4129,Ebrahim Kassempoor,48,Irán,,24 de agosto de 1956,Irán
4145,Ebrahim Mirzapour,48,Irán,1.92 m,16 de septiembre de 1978,Irán
4911,Echeberria,34,España,,24 de marzo de 1940,España
2778,Ed Czerkiewicz,35,Estados Unidos,,8 de julio de 1912,Estados Unidos
6384,Ed De Goey,60,Paises Bajos,,20 de diciembre de 1966,Paises Bajos
2845,Ed Mcilvenny,35,Estados Unidos,,21 de octubre de 1924,Estados Unidos
2883,Ed Souza,35,Estados Unidos,,22 de septiembre de 1921,Estados Unidos
206,Edder Delgado,41,Honduras,1.76 m,20 de noviembre de 1986,Honduras
1204,Eddie Baily,44,Inglaterra,,6 de agosto de 1925,Inglaterra
1242,Eddie Clamp,44,Inglaterra,,14 de septiembre de 1934,Inglaterra
1260,Eddie Ditchburn,44,Inglaterra,,24 de octubre de 1921,Inglaterra
1298,Eddie Hopkinson,44,Inglaterra,,29 de octubre de 1935,Inglaterra
2823,Eddie Johnson,35,Estados Unidos,1.87 m,31 de marzo de 1984,Estados Unidos
2834,Eddie Lewis,35,Estados Unidos,1.78 m,17 de mayo de 1974,Estados Unidos
7471,Eddie Mcgoldrick,46,Irlanda,,30 de abril de 1965,Irlanda
2864,Eddie Pope,35,Estados Unidos,1.83 m,24 de diciembre de 1973,Estados Unidos
2412,Eddie Turnbull,31,Escocia,,12 de abril de 1923,Escocia
2435,Eddy Antoine,40,Haití,,27 de agosto de 1949,Haití
6491,Eddy Treijtel,60,Paises Bajos,,28 de mayo de 1946,Paises Bajos
4308,Edelmiro Arevalo,62,Paraguay,,7 de enero de 1929,Paraguay
6628,Eden Hazard,13,Bélgica,1.73 m,7 de enero de 1991,Bélgica
6086,Eder,1,Alemania,,25 de mayo de 1957,Alemania
6086,Eder,1,Alemania,1.88 m,22 de diciembre de 1987,Alemania
2635,Eder Alvarez Balanta,19,Colombia,1.81 m,28 de febrero de 1993,Colombia
1724,Eder Militao,11,Brasil,1.86 m,18 de enero de 1998,Brasil
1607,Ederson,11,Brasil,1.88 m,17 de agosto de 1993,Brasil
1608,Edevaldo,11,Brasil,,28 de enero de 1958,Brasil
4299,Edgar Aguilera,62,Paraguay,,28 de julio de 1975,Paraguay
188,Edgar Alvarez,41,Honduras,1.70 m,18 de enero de 1980,Honduras
4316,Edgar Barreto,62,Paraguay,1.78 m,15 de julio de 1984,Paraguay
4319,Edgar Benitez,62,Paraguay,1.76 m,8 de noviembre de 1987,Paraguay
8241,Edgar Davids,72,Sudáfrica,1.68 m,13 de marzo de 1973,Sudáfrica
8415,Édgar Joel Bárcenas,61,Panamá,,23 de octubre de 1993,Panamá
969,Edgar Salli,14,Camerún,1.63 m,17 de agosto de 1992,Camerún
5182,Edgardo Bauza,6,Argentina,,26 de enero de 1958,Argentina
5889,Edgardo Gonzalez,80,Uruguay,,30 de septiembre de 1936,Uruguay
3725,Edhem Sljivo,71,Serbia,,16 de marzo de 1950,Serbia
1609,Edilson,11,Brasil,1.68 m,17 de septiembre de 1970,Brasil
8088,Edimilson Fernandes,74,Suiza,1.90 m,15 de abril de 1996,Suiza
8014,Edin Dzeko,10,Bosnia-Herzegovina,1.93 m,17 de marzo de 1986,Bosnia-Herzegovina
8030,Edin Visca,10,Bosnia-Herzegovina,1.72 m,17 de febrero de 1990,Bosnia-Herzegovina
1610,Edinho,11,Brasil,,5 de junio de 1955,Brasil
5841,Edinson Cavani,80,Uruguay,1.84 m,14 de febrero de 1987,Uruguay
2159,Edison Flores,63,Perú,1.67 m,14 de mayo de 1994,Perú
47,Edison Mendez,27,Ecuador,1.75 m,16 de marzo de 1979,Ecuador
1611,Edivaldo,11,Brasil,,13 de abril de 1962,Brasil
1612,Edmilson,11,Brasil,1.86 m,10 de julio de 1976,Brasil
3830,Edmond Baraffe,36,Francia,,19 de octubre de 1942,Francia
3890,Edmond Delfour,36,Francia,,1 de noviembre de 1907,Francia
891,Edmond Enoka,14,Camerún,,17 de diciembre de 1955,Camerún
8142,Edmond Loichot,74,Suiza,,,Suiza
6077,Edmund Conen,1,Alemania,,10 de noviembre de 1914,Alemania
3063,Edmund Giemsa,64,Polonia,,16 de octubre de 1912,Polonia
3171,Edmund Tworz,64,Polonia,,1 de enero de 1914,Polonia
1613,Edmundo,11,Brasil,,2 de abril de 1971,Brasil
5365,Edmundo Piaggio,6,Argentina,,3 de octubre de 1910,Argentina
3993,Edouard Mendy,36,Francia,1.94 m,1 de marzo de 1992,Francia
7925,Edson,3,Angola,1.75 m,2 de marzo de 1980,Angola
7925,Edson,3,Angola,,3 de julio de 1959,Angola
7639,Edson Álvarez,56,México,1.80 m,24 de octubre de 1997,México
6372,Edson Braafheid,60,Paises Bajos,1.74 m,8 de abril de 1983,Paises Bajos
2762,Edson Buddle,35,Estados Unidos,1.85 m,21 de mayo de 1981,Estados Unidos
2793,Edu,35,Estados Unidos,,6 de agosto de 1949,Estados Unidos
286,Eduard Dubinski,69,Rusia,,6 de abril de 1935,Rusia
4606,Eduard Krieger,8,Austria,,16 de diciembre de 1946,Austria
350,Eduard Malofeyev,69,Rusia,,2 de junio de 1942,Rusia
353,Eduard Markarov,69,Rusia,,20 de junio de 1942,Rusia
3226,Eduardo,65,Portugal,1.87 m,19 de septiembre de 1982,Portugal
3226,Eduardo,65,Portugal,1.78 m,25 de febrero de 1983,Portugal
5801,Eduardo Acevedo,80,Uruguay,,25 de septiembre de 1959,Uruguay
2132,Eduardo Astengo,63,Perú,,,Perú
639,Eduardo Bonvallet,17,Chile,,13 de enero de 1955,Chile
3861,Eduardo Camavinga,36,Francia,1.82 m,10 de noviembre de 2002,Francia
7712,Eduardo Espinoza,56,México,,12 de abril de 1965,México
7745,Eduardo Gutierrez,56,México,,17 de enero de 1925,México
219,Eduardo Laing,41,Honduras,,27 de diciembre de 1958,Honduras
2182,Eduardo Malasquez,63,Perú,,13 de octubre de 1957,Perú
2697,Eduardo Nino,19,Colombia,,8 de agosto de 1967,Colombia
5955,Eduardo Pereira,80,Uruguay,,21 de marzo de 1954,Uruguay
7834,Eduardo Ramos,56,México,,8 de noviembre de 1949,México
7812,Eduardo Reyes Ortiz,56,México,,1 de enero de 1907,México
5395,Eduardo Salvio,6,Argentina,1.72 m,13 de julio de 1990,Argentina
782,Eduardo Vargas,17,Chile,1.75 m,20 de noviembre de 1989,Chile
3118,Edward Madejski,64,Polonia,,11 de agosto de 1914,Polonia
72,Edwin Tenorio,27,Ecuador,1.72 m,16 de junio de 1976,Ecuador
6502,Edwin Van Der Sar,60,Paises Bajos,1.95 m,29 de octubre de 1970,Paises Bajos
77,Edwin Villafuerte,27,Ecuador,1.86 m,12 de marzo de 1979,Ecuador
4474,Efan Ekoku,57,Nigeria,1.85 m,8 de junio de 1967,Nigeria
4454,Efe Ambrose,57,Nigeria,1.90 m,18 de octubre de 1988,Nigeria
4533,Efetobore Sodje,57,Nigeria,1.85 m,5 de octubre de 1972,Nigeria
7643,Efrain Amezcua,56,México,,3 de agosto de 1907,México
7762,Efrain Juarez,56,México,1.75 m,22 de febrero de 1988,México
2718,Efrain Sanchez,19,Colombia,,26 de febrero de 1926,Colombia
5812,Egidio Arevalo,80,Uruguay,1.68 m,1 de enero de 1982,Uruguay
7431,Egil Ostenstad,58,Noruega,,2 de enero de 1972,Noruega
5717,Egisto Pandolfini,51,Italia,,19 de febrero de 1926,Italia
3426,Egon Jonsson,73,Suecia,,8 de octubre de 1921,Suecia
411,Egor Titov,69,Rusia,1.82 m,29 de mayo de 1976,Rusia
4115,Ehsan Hajsafi,48,Irán,1.78 m,25 de febrero de 1990,Irán
111,Eiji Kawashima,53,Japón,1.85 m,20 de marzo de 1983,Japón
6153,Eike Immel,1,Alemania,,27 de noviembre de 1960,Alemania
7950,Eissa Meer,30,Emiratos Arabes,,16 de julio de 1967,Emiratos Arabes
139,Eisuke Nakanishi,53,Japón,,23 de junio de 1973,Japón
3533,Eivar Widlund,73,Suecia,,1 de enero de 1906,Suecia
4540,Ejike Uzoenyi,57,Nigeria,1.68 m,23 de marzo de 1988,Nigeria
5454,Eken Bulent,77,Turquía,,26 de octubre de 1923,Turquía
1033,El Hadji Diouf,70,Senegal,1.80 m,15 de enero de 1981,Senegal
2079,El-Winsh,28,Egipto,,1 de junio de 1995,Egipto
4913,Eladio,34,España,,18 de noviembre de 1940,España
2202,Eladio Reyes,63,Perú,,8 de enero de 1948,Perú
748,Eladio Rojas,17,Chile,,8 de noviembre de 1934,Chile
1616,Elano,11,Brasil,1.74 m,14 de junio de 1981,Brasil
4468,Elderson Echiéjilé,57,Nigeria,1.84 m,20 de enero de 1988,Nigeria
990,Eli Ben Rimoz,50,Israel,,1 de enero de 1947,Israel
3985,Eliaquim Mangala,36,Francia,1.87 m,13 de febrero de 1991,Francia
2578,Elias Atmatzidis,39,Grecia,,24 de abril de 1969,Grecia
673,Elias Figueroa,17,Chile,,25 de octubre de 1946,Chile
7798,Elias Munoz,56,México,,3 de noviembre de 1941,México
4379,Eligio Antonio Insfran,62,Paraguay,,,Paraguay
4358,Eligio Echague,62,Paraguay,,1 de enero de 1931,Paraguay
5348,Elioro Paredes,6,Argentina,,,Argentina
5803,Eliseo Alvarez,80,Uruguay,,9 de agosto de 1940,Uruguay
4379,Eliseo Insfran,62,Paraguay,,,Paraguay
5326,Eliseo Mourino,6,Argentina,,2 de junio de 1927,Argentina
5371,Eliseo Prado,6,Argentina,,17 de septiembre de 1929,Argentina
5975,Eliseo Rivero,80,Uruguay,,27 de diciembre de 1957,Uruguay
1493,Elisha Owusu,38,Ghana,1.82 m,7 de noviembre de 1997,Ghana
6401,Eljero Elia,60,Paises Bajos,1.77 m,13 de febrero de 1987,Paises Bajos
7249,Ellyes Skhiri,78,Túnez,1.85 m,10 de mayo de 1995,Túnez
5801,Elmer Angel Acevedo,80,Uruguay,,24 de febrero de 1946,Uruguay
4914,Eloy,34,España,,10 de julio de 1964,España
7674,Eloy Campos,56,México,,31 de mayo de 1942,México
3783,Elvedin Dzinic,33,Eslovenia,1.89 m,25 de agosto de 1985,Eslovenia
1617,Ely Do Amparo,11,Brasil,,14 de mayo de 1921,Brasil
8208,Ely Tacchella,74,Suiza,,25 de mayo de 1936,Suiza
1618,Elzo,11,Brasil,,22 de enero de 1961,Brasil
4481,Emeka Ezeugo,57,Nigeria,,16 de diciembre de 1965,Nigeria
1874,Emerich Dembrovschi,68,Rumania,,6 de octubre de 1945,Rumania
1956,Emerich Vogl,68,Rumania,,12 de agosto de 1905,Rumania
6777,Emerse Fae,23,Costa de Marfil,1.73 m,24 de enero de 1984,Costa de Marfil
1619,Emerson,11,Brasil,1.82 m,4 de abril de 1976,Brasil
3388,Emil Forsberg,73,Suecia,1.79 m,23 de octubre de 1991,Suecia
7136,Emil Hallfredsson,49,Islandia,1.85 m,19 de julio de 1984,Islandia
2961,Emil Kostadinov,12,Bulgaria,,12 de agosto de 1967,Bulgaria
3437,Emil Krafth,73,Suecia,1.81 m,2 de agosto de 1994,Suecia
2966,Emil Kremenliev,12,Bulgaria,,13 de agosto de 1969,Bulgaria
546,Emil Pazicky,67,República Checa,,14 de octubre de 1927,República Checa
1941,Emil Sandoi,68,Rumania,,1 de marzo de 1965,Rumania
1292,Emile Heskey,44,Inglaterra,1.88 m,11 de enero de 1978,Inglaterra
933,Emile Mbouh,14,Camerún,,30 de mayo de 1966,Camerún
6663,Emile Mpenza,13,Bélgica,1.77 m,4 de julio de 1978,Bélgica
6700,Emile Stynen,13,Bélgica,,2 de noviembre de 1907,Bélgica
4064,Emile Veinante,36,Francia,,12 de junio de 1907,Francia
7780,Emiliano Martinez,56,México,1.95 m,1 de septiembre de 1992,México
5804,Emilio Alvarez,80,Uruguay,,10 de febrero de 1939,Uruguay
4880,Emilio Butragueño,34,España,,22 de julio de 1963,España
5571,Emilio Caprile,51,Italia,,30 de septiembre de 1928,Italia
218,Emilio Izaguirre,41,Honduras,1.78 m,10 de mayo de 1986,Honduras
5969,Emilio Recoba,80,Uruguay,,3 de noviembre de 1904,Uruguay
7236,Emir Mkademi,78,Túnez,1.78 m,20 de agosto de 1978,Túnez
8027,Emir Spahic,10,Bosnia-Herzegovina,1.83 m,18 de agosto de 1980,Bosnia-Herzegovina
1300,Emlyn Hughes,44,Inglaterra,,28 de agosto de 1947,Inglaterra
6903,Emmanuel Adebayor,75,Togo,1.90 m,26 de febrero de 1984,Togo
1452,Emmanuel Agyemang-Badu,38,Ghana,1.73 m,2 de diciembre de 1990,Ghana
4457,Emmanuel Amunike,57,Nigeria,,25 de diciembre de 1970,Nigeria
6776,Emmanuel Eboue,23,Costa de Marfil,1.78 m,4 de junio de 1983,Costa de Marfil
4476,Emmanuel Emenike,57,Nigeria,1.82 m,10 de mayo de 1987,Nigeria
6789,Emmanuel Kone,23,Costa de Marfil,1.77 m,31 de diciembre de 1986,Costa de Marfil
914,Emmanuel Kunde,14,Camerún,,15 de julio de 1956,Camerún
919,Emmanuel Maboang,14,Camerún,,27 de noviembre de 1968,Camerún
3134,Emmanuel Olisadebe,64,Polonia,1.80 m,22 de diciembre de 1978,Polonia
1496,Emmanuel Pappoe,38,Ghana,1.77 m,3 de marzo de 1981,Ghana
6678,Emmanuel Petit,13,Bélgica,1.85 m,22 de septiembre de 1970,Bélgica
2454,Emmanuel Sanon,40,Haití,,25 de junio de 1951,Haití
5450,Emre Asik,77,Turquía,1.85 m,13 de diciembre de 1973,Turquía
5453,Emre Belozoglu,77,Turquía,1.71 m,7 de septiembre de 1980,Turquía
6186,Engelbert Kraus,1,Alemania,,30 de julio de 1934,Alemania
5512,Enhua Zhang,18,China,1.83 m,11 de mayo de 1974,China
5431,Enner Valencia,6,Argentina,1.77 m,4 de noviembre de 1989,Argentina
5517,Enrico Albertosi,51,Italia,,2 de noviembre de 1939,Italia
5586,Enrico Chiesa,51,Italia,,29 de diciembre de 1970,Italia
4309,Enrique Avalos,62,Paraguay,,1 de enero de 1922,Paraguay
5813,Enrique Ballestrero,80,Uruguay,,18 de enero de 1905,Uruguay
7664,Enrique Borja,56,México,,30 de diciembre de 1945,México
5217,Enrique Chazarreta,6,Argentina,,29 de julio de 1947,Argentina
5218,Enrique Chimento,6,Argentina,,,Argentina
4900,Enrique Collar,34,España,,2 de noviembre de 1934,España
5653,Enrique Guaita,51,Italia,,15 de julio de 1910,Italia
7771,Enrique Lopez Zarza,56,México,,25 de octubre de 1958,México
5049,Enrique Romero,34,España,1.83 m,23 de junio de 1971,España
5062,Enrique Saura,34,España,,2 de agosto de 1954,España
7871,Enrique Sesma,56,México,,22 de abril de 1927,México
4435,Enrique Vera,62,Paraguay,1.78 m,10 de marzo de 1979,Paraguay
5440,Enrique Wolff,6,Argentina,,21 de febrero de 1949,Argentina
3585,Enver Hadziabdic,71,Serbia,,6 de noviembre de 1945,Serbia
3644,Enver Maric,71,Serbia,,23 de abril de 1948,Serbia
882,Enzo Ebosse,14,Camerún,1.85 m,11 de marzo de 1999,Camerún
663,Enzo Escobar,17,Chile,,10 de noviembre de 1951,Chile
7715,Enzo Fernandez,56,México,1.78 m,17 de enero de 2001,México
5874,Enzo Francescoli,80,Uruguay,1.81 m,12 de noviembre de 1961,Uruguay
5358,Enzo Pérez,6,Argentina,1.77 m,21 de febrero de 1986,Argentina
5749,Enzo Robotti,51,Italia,,15 de junio de 1935,Italia
6690,Enzo Scifo,13,Bélgica,,19 de febrero de 1966,Bélgica
5426,Enzo Trossero,6,Argentina,,23 de mayo de 1953,Argentina
931,Ephrem Mbom,14,Camerún,,18 de julio de 1954,Camerún
5696,Eraldo Monzeglio,51,Italia,,5 de mayo de 1906,Italia
5724,Eraldo Pecci,51,Italia,,12 de abril de 1955,Italia
8068,Eray Cömert,74,Suiza,1.83 m,4 de febrero de 1998,Suiza
5475,Erdem Naci,77,Turquía,,28 de enero de 1931,Turquía
8072,Eren Derdiyok,74,Suiza,1.90 m,12 de junio de 1988,Suiza
5481,Ergun Penbe,77,Turquía,1.78 m,17 de mayo de 1972,Turquía
3820,Eric Abidal,36,Francia,1.80 m,11 de septiembre de 1979,Francia
1443,Eric Addo,38,Ghana,1.82 m,12 de noviembre de 1978,Ghana
6906,Eric Akoto,75,Togo,1.92 m,20 de julio de 1980,Togo
2302,Eric Caldow,31,Escocia,,14 de mayo de 1934,Escocia
877,Eric Maxim Choupo Moting,14,Camerún,1.91 m,23 de marzo de 1989,Camerún
6601,Eric Deflandre,13,Bélgica,1.79 m,2 de agosto de 1973,Bélgica
1259,Eric Dier,44,Inglaterra,1.88 m,15 de enero de 1994,Inglaterra
878,Eric Djemba Djemba,14,Camerún,1.74 m,4 de mayo de 1981,Camerún
8081,Eric Eichmann,74,Suiza,,7 de mayo de 1965,Suiza
4473,Eric Ejiofor,57,Nigeria,1.85 m,21 de julio de 1979,Nigeria
4928,Eric García,34,España,1.82 m,9 de enero de 2001,España
6622,Eric Gerets,13,Bélgica,,18 de mayo de 1954,Bélgica
6725,Eric Van Meir,13,Bélgica,1.86 m,28 de febrero de 1968,Bélgica
2905,Eric Wynalda,35,Estados Unidos,,9 de junio de 1969,Estados Unidos
6052,Erich Beer,1,Alemania,,9 de diciembre de 1946,Alemania
2510,Erich Hamann,2,Alemania Oriental,,27 de noviembre de 1944,Alemania Oriental
6160,Erich Juskowiak,1,Alemania,,7 de septiembre de 1926,Alemania
4614,Erich Obermayer,8,Austria,,23 de enero de 1953,Austria
4628,Erich Probst,8,Austria,,5 de diciembre de 1927,Austria
2403,Erich Schaedler,31,Escocia,,6 de agosto de 1949,Escocia
8419,Erick Davis,61,Panamá,1.79 m,31 de marzo de 1991,Panamá
7745,Érick Gutiérrez,56,México,1.76 m,15 de junio de 1995,México
2014,Erick Lonnis,22,Costa Rica,1.82 m,9 de septiembre de 1965,Costa Rica
3334,Erik Almgren,73,Suecia,,28 de enero de 1908,Suecia
6084,Erik Durm,1,Alemania,1.83 m,12 de mayo de 1992,Alemania
3374,Erik Edman,73,Suecia,1.79 m,11 de noviembre de 1978,Suecia
3392,Erik Granath,73,Suecia,,,Suecia
7411,Erik Hoftun,58,Noruega,,3 de marzo de 1969,Noruega
799,Erik Jendrisek,32,Eslovaquia,1.76 m,26 de octubre de 1986,Eslovaquia
7428,Erik Mykland,58,Noruega,,21 de julio de 1971,Noruega
3474,Erik Nilsson,73,Suecia,,6 de agosto de 1916,Suecia
3492,Erik Persson,73,Suecia,,19 de noviembre de 1909,Suecia
7440,Erik Thorstvedt,58,Noruega,,28 de octubre de 1962,Noruega
7419,Erland Johnsen,58,Noruega,,5 de abril de 1967,Noruega
5702,Ermes Muccinelli,51,Italia,,28 de julio de 1927,Italia
8013,Ermin Bicakcic,10,Bosnia-Herzegovina,1.85 m,24 de enero de 1990,Bosnia-Herzegovina
5334,Ermindo Onega,6,Argentina,,4 de abril de 1939,Argentina
881,Ernest Ebongue,14,Camerún,,15 de mayo de 1962,Camerún
6198,Ernest Lehner,1,Alemania,,7 de noviembre de 1912,Alemania
3972,Ernest Liberati,36,Francia,,22 de marzo de 1908,Francia
4036,Ernest Schultz,36,Francia,,29 de enero de 1931,Francia
3178,Ernest Wilimowski,64,Polonia,,23 de junio de 1916,Polonia
3227,Ernesto,65,Portugal,,6 de julio de 1937,Portugal
5153,Ernesto Albarracin,6,Argentina,,,Argentina
819,Ernesto Aparicio,29,El Salvador,,28 de diciembre de 1948,El Salvador
5184,Ernesto Belis,6,Argentina,,1 de febrero de 1909,Argentina
649,Ernesto Chaparro,17,Chile,,4 de enero de 1901,Chile
7691,Ernesto Cisneros,56,México,,26 de octubre de 1940,México
2176,Ernesto Labarthe,63,Perú,,2 de junio de 1956,Perú
5918,Ernesto Mascheroni,80,Uruguay,,21 de noviembre de 1907,Uruguay
6029,Ernesto Vidal,80,Uruguay,,15 de noviembre de 1921,Uruguay
6373,Ernie Brandts,60,Paises Bajos,,3 de febrero de 1956,Paises Bajos
7295,Ernie Campbell,7,Australia,,20 de octubre de 1949,Australia
2308,Ernie Copland,31,Escocia,,,Escocia
7600,Erno Solymosi,42,Hungría,,21 de septiembre de 1940,Hungría
4545,Ernst Aigner,8,Austria,,31 de octubre de 1966,Austria
6037,Ernst Albrecht,1,Alemania,,12 de noviembre de 1907,Alemania
3341,Ernst Andersson,73,Suecia,,26 de marzo de 1909,Suecia
4549,Ernst Baumeister,8,Austria,,22 de enero de 1957,Austria
8096,Ernst Frick,74,Suiza,,,Suiza
4573,Ernst Happel,8,Austria,,29 de noviembre de 1925,Austria
8119,Ernst Hufschmid,74,Suiza,,4 de febrero de 1913,Suiza
2444,Ernst Jean-Joseph,40,Haití,,11 de junio de 1948,Haití
4601,Ernst Kozlicek,8,Austria,,27 de enero de 1931,Austria
8141,Ernst Loertscher,74,Suiza,,15 de marzo de 1913,Suiza
4615,Ernst Ocwirk,8,Austria,,7 de marzo de 1926,Austria
4650,Ernst Stojaspal,8,Austria,,14 de enero de 1925,Austria
5470,Erol Keskin,77,Turquía,,2 de marzo de 1927,Turquía
5487,Ersoy Sukru,77,Turquía,,14 de enero de 1934,Turquía
3617,Ervin Katnic,71,Serbia,,,Serbia
8045,Erwin Ballabio,74,Suiza,,20 de octubre de 1918,Suiza
4565,Erwin Fuchsbichler,8,Austria,,27 de marzo de 1952,Austria
8114,Erwin Hochstrasser,74,Suiza,,,Suiza
6430,Erwin Koeman,60,Paises Bajos,,20 de septiembre de 1961,Paises Bajos
3133,Erwin Nyc,64,Polonia,,24 de mayo de 1914,Polonia
7867,Erwin Sanchez,56,México,,19 de octubre de 1969,México
6712,Erwin Van Den Daele,13,Bélgica,,5 de marzo de 1945,Bélgica
6731,Erwin Vandenbergh,13,Bélgica,,26 de enero de 1959,Bélgica
7391,Espen Baardsen,58,Noruega,,7 de diciembre de 1977,Noruega
6833,Essaïd Belkalem,5,Argelia,1.90 m,1 de enero de 1989,Argelia
2076,Essam El-Hadary,28,Egipto,1.88 m,15 de enero de 1973,Egipto
4875,Estanislao Basora,34,España,,18 de noviembre de 1926,España
4426,Estanislao Struway,62,Paraguay,1.76 m,25 de junio de 1968,Paraguay
1963,Esteban Alvarado,22,Costa Rica,1.93 m,28 de abril de 1989,Costa Rica
5205,Esteban Cambiasso,6,Argentina,1.78 m,18 de agosto de 1980,Argentina
2005,Esteban Granados,22,Costa Rica,1.83 m,25 de octubre de 1985,Costa Rica
725,Esteban Paredes,17,Chile,1.79 m,1 de agosto de 1980,Chile
2529,Ethan Ampadu,37,Gales,1.83 m,14 de septiembre de 2000,Gales
4586,Ethan Horvath,8,Austria,1.93 m,9 de junio de 1995,Austria
3989,Etienne Mattler,36,Francia,,25 de diciembre de 1905,Francia
4331,Eufemio Cabral,62,Paraguay,,21 de marzo de 1955,Paraguay
8150,Eugen Meier,74,Suiza,,30 de abril de 1930,Suiza
8181,Eugen Rupf,74,Suiza,,,Suiza
8219,Eugen Walachek,74,Suiza,,20 de junio de 1916,Suiza
884,Eugene Ekeke,14,Camerún,,30 de mayo de 1960,Camerún
7310,Eugene Galekovic,7,Australia,1.86 m,12 de junio de 1981,Australia
8164,Eugene Parlier,74,Suiza,,13 de febrero de 1929,Suiza
8069,Eugenio Corrodi,74,Suiza,,2 de julio de 1922,Suiza
4967,Eugenio Leal,34,España,,13 de mayo de 1953,España
705,Eugenio Mena,17,Chile,1.78 m,18 de julio de 1988,Chile
7989,Eul Yong Lee,20,Corea del Norte,1.76 m,8 de septiembre de 1975,Corea del Norte
7780,Eulogio Martinez,56,México,,11 de marzo de 1935,México
6953,Eun Sung Choi,21,Corea del Sur,1.84 m,5 de abril de 1971,Corea del Sur
3228,Eusebio,65,Portugal,,25 de enero de 1942,Portugal
2127,Eusebio Acasuzo,63,Perú,,8 de abril de 1952,Perú
8420,Eusebio Diaz,61,Panamá,,1 de enero de 1901,Panamá
2663,Eusebio Escobar,19,Colombia,,,Colombia
6013,Eusebio Tejera,80,Uruguay,,6 de enero de 1922,Uruguay
4347,Eustaquio Chamorro,62,Paraguay,,,Paraguay
621,Evans Wise,76,Trinidad y Tobago,1.75 m,23 de noviembre de 1973,Trinidad y Tobago
4380,Evaristo Isasi,62,Paraguay,,26 de octubre de 1955,Paraguay
5175,Ever Banega,6,Argentina,1.74 m,29 de junio de 1988,Argentina
5345,Ever Palacios,6,Argentina,,18 de enero de 1969,Argentina
1620,Everaldo,11,Brasil,,11 de septiembre de 1944,Brasil
3303,Everton Ribeiro,65,Portugal,1.74 m,10 de abril de 1989,Portugal
348,Evgeni Lovchev,69,Rusia,,29 de enero de 1949,Rusia
3014,Evgeni Yanchovski,12,Bulgaria,,5 de septiembre de 1939,Bulgaria
3044,Ewald Cebula,64,Polonia,,22 de marzo de 1917,Polonia
3053,Ewald Dytko,64,Polonia,,18 de octubre de 1914,Polonia
5345,Exequiel Palacios,6,Argentina,1.77 m,5 de octubre de 1998,Argentina
890,Eyong Enoh,14,Camerún,1.80 m,23 de marzo de 1986,Camerún
5265,Ezequiel Garay,6,Argentina,1.89 m,10 de octubre de 1986,Argentina
5295,Ezequiel Lavezzi,6,Argentina,1.73 m,3 de mayo de 1985,Argentina
5721,Ezio Pascutti,51,Italia,,1 de junio de 1937,Italia
5207,Fabian Cancelarich,6,Argentina,,30 de diciembre de 1965,Argentina
5836,Fabian Carini,80,Uruguay,1.89 m,26 de diciembre de 1979,Uruguay
1257,Fabian Delph,44,Inglaterra,1.74 m,21 de noviembre de 1989,Inglaterra
666,Fabian Estay,17,Chile,,5 de octubre de 1968,Chile
8094,Fabian Frei,74,Suiza,1.83 m,8 de enero de 1989,Suiza
2823,Fabian Johnson,35,Estados Unidos,1.83 m,11 de diciembre de 1987,Estados Unidos
5942,Fabian O'Neill,80,Uruguay,1.85 m,14 de octubre de 1973,Uruguay
720,Fabian Orellana,17,Chile,1.68 m,27 de enero de 1986,Chile
8176,Fabian Rieder,74,Suiza,1.81 m,16 de febrero de 2002,Suiza
8182,Fabian Schär,74,Suiza,1.86 m,20 de diciembre de 1991,Suiza
3832,Fabien Barthez,36,Francia,1.82 m,28 de junio de 1971,Francia
1621,Fabinho,11,Brasil,1.88 m,23 de octubre de 1993,Brasil
5568,Fabio Cannavaro,51,Italia,1.75 m,13 de septiembre de 1973,Italia
5569,Fabio Capello,51,Italia,,18 de junio de 1946,Italia
3210,Fabio Coentrao,65,Portugal,1.81 m,11 de marzo de 1988,Portugal
8067,Fabio Coltorti,74,Suiza,1.97 m,3 de diciembre de 1980,Suiza
5652,Fabio Grosso,51,Italia,1.90 m,28 de noviembre de 1977,Italia
5741,Fabio Quagliarella,51,Italia,1.80 m,31 de enero de 1983,Italia
960,Fabrice Olinga,14,Camerún,1.72 m,12 de mayo de 1996,Camerún
5221,Fabricio Coloccini,6,Argentina,1.83 m,22 de enero de 1982,Argentina
5737,Fabrizio Poletti,51,Italia,,13 de julio de 1943,Italia
5951,Facundo Pellistri,80,Uruguay,1.74 m,20 de diciembre de 2001,Uruguay
6015,Facundo Torres,80,Uruguay,1.75 m,13 de abril de 2000,Uruguay
8372,Fadel Jilal,55,Marruecos,,4 de marzo de 1964,Marruecos
6884,Fadil Megharia,5,Argelia,,23 de mayo de 1961,Argelia
1622,Fagner,11,Brasil,1.68 m,11 de junio de 1989,Brasil
7951,Fahad Abdulrahman,30,Emiratos Arabes,,10 de octubre de 1962,Emiratos Arabes
4753,Fahad Al Bishi,4,Arabia Saudita,,10 de septiembre de 1965,Arabia Saudita
4763,Fahad Al Ghesheyan,4,Arabia Saudita,,1 de agosto de 1973,Arabia Saudita
4773,Fahad Al Mehalel,4,Arabia Saudita,,11 de noviembre de 1970,Arabia Saudita
4809,Fahad Al-Muwallad,4,Arabia Saudita,1.67 m,14 de septiembre de 1994,Arabia Saudita
7952,Fahad Khamees,30,Emiratos Arabes,,24 de enero de 1962,Emiratos Arabes
3612,Fahrudin Jusufi,71,Serbia,,8 de diciembre de 1939,Serbia
3682,Fahrudin Omerovic,71,Serbia,,26 de agosto de 1961,Serbia
7902,Faisal Al Dakhil,54,Kuwait,,13 de agosto de 1957,Kuwait
7167,Fakhreddine Ben Youssef,78,Túnez,1.92 m,23 de junio de 1991,Túnez
2667,Falcao,19,Colombia,,16 de octubre de 1953,Colombia
1028,Famara Diéhiou,70,Senegal,1.92 m,15 de diciembre de 1992,Senegal
6849,Faouzi Chaouchi,5,Argelia,1.80 m,5 de diciembre de 1984,Argelia
6861,Faouzi Ghoulam,5,Argelia,1.86 m,1 de febrero de 1991,Argelia
6878,Faouzi Mansouri,5,Argelia,,17 de enero de 1956,Argelia
2660,Farid Díaz,19,Colombia,1.70 m,20 de julio de 1983,Colombia
2693,Farid Mondragon,19,Colombia,1.88 m,21 de junio de 1971,Colombia
7160,Farouk Ben Mustapha,78,Túnez,1.94 m,1 de julio de 1989,Túnez
3586,Faruk Hadzibegic,71,Serbia,,7 de octubre de 1957,Serbia
1470,Fatau Dauda,38,Ghana,1.80 m,6 de abril de 1985,Ghana
6850,Fathi Chebel,5,Argelia,,19 de agosto de 1956,Argelia
7915,Fathi Matar,54,Kuwait,,23 de mayo de 1955,Kuwait
5448,Fatih Akyel,77,Turquía,1.80 m,26 de diciembre de 1977,Turquía
5158,Faustino Alonso,6,Argentina,,15 de febrero de 1961,Argentina
2642,Faustino Asprilla,19,Colombia,1.76 m,10 de noviembre de 1969,Colombia
1624,Fausto,11,Brasil,,28 de enero de 1905,Brasil
6838,Fawzi Benkhalidi,5,Argelia,,3 de febrero de 1963,Argelia
2311,Fay Coyle,31,Escocia,,1 de abril de 1924,Escocia
7155,Faycal Ben Ahmed,78,Túnez,,7 de marzo de 1973,Túnez
8360,Fayçal Fajr,55,Marruecos,1.78 m,1 de agosto de 1988,Marruecos
4919,Fede,34,España,,11 de mayo de 1908,España
5243,Federico Edwards,6,Argentina,,27 de enero de 1931,Argentina
5863,Federico Elduayen,80,Uruguay,1.81 m,25 de junio de 1977,Uruguay
5249,Federico Fazio,6,Argentina,1.95 m,17 de marzo de 1987,Argentina
5252,Federico Fernández,6,Argentina,1.90 m,21 de febrero de 1989,Argentina
5911,Federico Magallanes,80,Uruguay,1.81 m,22 de agosto de 1976,Uruguay
5678,Federico Marchetti,51,Italia,1.88 m,7 de febrero de 1983,Italia
5393,Federico Sacchi,6,Argentina,,9 de agosto de 1936,Argentina
5429,Federico Vairo,6,Argentina,,27 de enero de 1930,Argentina
6022,Federico Valverde,80,Uruguay,1.82 m,22 de julio de 1998,Uruguay
5439,Federico Wilde,6,Argentina,,1 de enero de 1909,Argentina
5557,Felice Borel,51,Italia,,5 de abril de 1914,Italia
8192,Felice Soldini,74,Suiza,,1 de enero de 1915,Suiza
5046,Feliciano Rivilla,34,España,,21 de agosto de 1936,España
8414,Felipe Baloy,61,Panamá,1.84 m,24 de febrero de 1981,Panamá
17,Felipe Caicedo,27,Ecuador,1.87 m,5 de septiembre de 1988,Ecuador
686,Felipe Gutierrez,17,Chile,1.70 m,8 de octubre de 1990,Chile
1642,Felipe Melo,11,Brasil,1.83 m,26 de junio de 1983,Brasil
4992,Felipe Minambres,34,España,,29 de abril de 1965,España
7808,Felipe Olivares,56,México,,5 de febrero de 1910,México
5971,Felipe Revelez,80,Uruguay,,30 de septiembre de 1959,Uruguay
7853,Felipe Rosas,56,México,,5 de febrero de 1910,México
7857,Felipe Ruvalcaba,56,México,,16 de febrero de 1941,México
7897,Felipe Zetter,56,México,,3 de julio de 1923,México
3229,Felix,65,Portugal,,24 de diciembre de 1937,Portugal
15,Felix Borja,27,Ecuador,1.80 m,2 de abril de 1983,Ecuador
7698,Felix Cruz,56,México,,4 de abril de 1961,México
7715,Felix Fernandez,56,México,,11 de enero de 1967,México
2248,Felix Healey,47,Irlanda del Norte,,27 de septiembre de 1955,Irlanda del Norte
6206,Felix Magath,1,Alemania,,26 de julio de 1953,Alemania
2210,Felix Salinas,63,Perú,,11 de mayo de 1939,Perú
73,Félix Torres,27,Ecuador,1.87 m,11 de enero de 1997,Ecuador
6756,Felix Welkenhuysen,13,Bélgica,,12 de diciembre de 1908,Bélgica
4525,Femi Opabunmi,57,Nigeria,1.70 m,3 de marzo de 1985,Nigeria
1019,Ferdinand Coly,70,Senegal,1.79 m,10 de septiembre de 1973,Senegal
457,Ferdinand Daucik,67,República Checa,,31 de mayo de 1910,República Checa
8177,Ferdinando Riva,74,Suiza,,3 de julio de 1930,Suiza
7496,Ferenc Bene,42,Hungría,,17 de diciembre de 1944,Hungría
7510,Ferenc Csongradi,42,Hungría,,29 de marzo de 1956,Hungría
7524,Ferenc Fulop,42,Hungría,,22 de febrero de 1955,Hungría
7564,Ferenc Machos,42,Hungría,,30 de junio de 1932,Hungría
7570,Ferenc Meszaros,42,Hungría,,11 de abril de 1950,Hungría
7587,Ferenc Puskas,42,Hungría,1.70 m,2 de abril de 1927,Hungría
7598,Ferenc Sas,42,Hungría,,1 de enero de 1915,Hungría
7599,Ferenc Sipos,42,Hungría,,13 de diciembre de 1932,Hungría
7612,Ferenc Szojka,42,Hungría,,7 de abril de 1931,Hungría
7183,Ferid Chouchane,78,Túnez,,19 de abril de 1973,Túnez
7248,Ferjani Sassi,78,Túnez,1.86 m,18 de marzo de 1992,Túnez
6542,Fernand Adams,13,Bélgica,,3 de mayo de 1903,Bélgica
6563,Fernand Buyle,13,Bélgica,,3 de marzo de 1918,Bélgica
8123,Fernand Jaccard,74,Suiza,,8 de octubre de 1907,Suiza
1627,Fernandinho,11,Brasil,1.76 m,4 de mayo de 1985,Brasil
4920,Fernando,34,España,,11 de septiembre de 1965,España
5805,Fernando Alvez,80,Uruguay,,4 de septiembre de 1959,Uruguay
5202,Fernando Caceres,6,Argentina,,7 de febrero de 1969,Argentina
643,Fernando Campos,17,Chile,,1 de enero de 1921,Chile
2771,Fernando Clavijo,35,Estados Unidos,,23 de enero de 1956,Estados Unidos
653,Fernando Cornejo,17,Chile,,28 de enero de 1969,Chile
5604,Fernando De Napoli,51,Italia,,15 de marzo de 1964,Italia
3232,Fernando Fernando Couto,65,Portugal,1.84 m,2 de agosto de 1969,Portugal
5259,Fernando Gago,6,Argentina,1.78 m,10 de abril de 1986,Argentina
1628,Fernando Giudicelli,11,Brasil,,1 de marzo de 1906,Brasil
4945,Fernando Hierro,34,España,1.87 m,23 de marzo de 1968,España
4970,Fernando Llorente,34,España,1.94 m,26 de febrero de 1985,España
3233,Fernando Meira,65,Portugal,1.92 m,5 de junio de 1978,Portugal
5934,Fernando Morena,80,Uruguay,,2 de febrero de 1952,Uruguay
4998,Fernando Morientes,34,España,1.82 m,5 de abril de 1976,España
5938,Fernando Muslera,80,Uruguay,1.90 m,16 de junio de 1986,Uruguay
5008,Fernando Olivella,34,España,,22 de junio de 1936,España
5353,Fernando Paternoster,6,Argentina,,24 de mayo de 1903,Argentina
7831,Fernando Quirarte,56,México,,7 de julio de 1961,México
5375,Fernando Redondo,6,Argentina,,6 de junio de 1969,Argentina
741,Fernando Riera,17,Chile,,27 de junio de 1920,Chile
753,Fernando Roldan,17,Chile,,1 de enero de 1921,Chile
5076,Fernando Torres,34,España,1.86 m,20 de marzo de 1984,España
5077,Ferran Torres,34,España,1.84 m,29 de febrero de 2000,España
4182,Ferydoon Zandi,48,Irán,1.84 m,26 de abril de 1979,Irán
3234,Festa,65,Portugal,,21 de julio de 1939,Portugal
8421,Fidel Escobar,61,Panamá,1.81 m,9 de enero de 1995,Panamá
45,Fidel Martínez,27,Ecuador,1.76 m,15 de febrero de 1990,Ecuador
1629,Fidelis,11,Brasil,,13 de marzo de 1944,Brasil
7926,Figueiredo,3,Angola,1.70 m,28 de noviembre de 1972,Angola
1085,Filip Bradarić,24,Croacia,1.85 m,11 de enero de 1992,Croacia
6597,Filip De Wilde,13,Bélgica,,5 de julio de 1964,Bélgica
3566,Filip Djuricic,71,Serbia,1.76 m,30 de enero de 1992,Serbia
3407,Filip Helander,73,Suecia,1.92 m,22 de abril de 1993,Suecia
797,Filip Holosko,32,Eslovaquia,1.86 m,17 de enero de 1984,Eslovaquia
3622,Filip Kostić,71,Serbia,1.84 m,1 de noviembre de 1992,Serbia
3668,Filip Mladenovic,71,Serbia,1.81 m,15 de agosto de 1991,Serbia
1630,Filipe Luís,11,Brasil,1.83 m,9 de agosto de 1985,Brasil
5659,Filippo Inzaghi,51,Italia,1.81 m,9 de agosto de 1973,Italia
4483,Finidi George,57,Nigeria,1.87 m,15 de abril de 1971,Nigeria
4795,Firas Al-Buraikan,4,Arabia Saudita,1.81 m,14 de mayo de 2000,Arabia Saudita
7278,Fitzroy Simpson,52,Jamaica,,26 de febrero de 1970,Jamaica
7927,Flavio,3,Angola,1.75 m,30 de diciembre de 1979,Angola
1880,Flavius Domide,68,Rumania,,11 de mayo de 1946,Rumania
4199,Flemming Christensen,26,Dinamarca,,10 de abril de 1958,Dinamarca
1882,Florea Dumitrache,68,Rumania,,22 de mayo de 1948,Rumania
4306,Florencio Amarilla,62,Paraguay,,3 de enero de 1935,Paraguay
3983,Florent Malouda,36,Francia,1.84 m,13 de junio de 1980,Francia
7490,Florian Albert,42,Hungría,,15 de septiembre de 1941,Hungría
4049,Florian Thauvin,36,Francia,1.79 m,26 de enero de 1993,Francia
1930,Florin Prunea,68,Rumania,,8 de agosto de 1968,Rumania
1933,Florin Raducioiu,68,Rumania,,17 de marzo de 1970,Rumania
1011,Fodé Ballo-Toure,70,Senegal,1.82 m,3 de enero de 1997,Senegal
1631,Fontana,11,Brasil,,31 de diciembre de 1940,Brasil
3993,Formose Mendy,36,Francia,1.91 m,2 de enero de 2001,Francia
1632,Fortes,11,Brasil,,9 de septiembre de 1901,Brasil
6868,Foued Kadir,5,Argelia,1.80 m,5 de diciembre de 1983,Argelia
4783,Fouzi Al Shehri,4,Arabia Saudita,1.73 m,15 de mayo de 1980,Arabia Saudita
7325,Fran Karacic,7,Australia,1.81 m,12 de mayo de 1996,Australia
5589,Francesco Coco,51,Italia,1.81 m,8 de enero de 1977,Italia
5651,Francesco Graziani,51,Italia,,16 de diciembre de 1952,Italia
5661,Francesco Janich,51,Italia,,27 de marzo de 1937,Italia
5698,Francesco Moriero,51,Italia,,31 de marzo de 1969,Italia
5699,Francesco Morini,51,Italia,,12 de agosto de 1944,Italia
5748,Francesco Rizzo,51,Italia,,30 de mayo de 1943,Italia
5775,Francesco Toldo,51,Italia,1.96 m,2 de diciembre de 1971,Italia
5779,Francesco Totti,51,Italia,1.80 m,27 de septiembre de 1976,Italia
1322,Francis Lee,44,Inglaterra,,29 de abril de 1944,Inglaterra
7363,Francis Ryan,7,Australia,,10 de enero de 1908,Australia
4541,Francis Uzoho,57,Nigeria,1.96 m,28 de octubre de 1998,Nigeria
4922,Francisco,34,España,,1 de noviembre de 1962,España
4301,Francisco Aguirre,62,Paraguay,,1 de enero de 1908,Paraguay
4303,Francisco Alcaraz,62,Paraguay,,4 de octubre de 1960,Paraguay
4307,Francisco Arce,62,Paraguay,1.78 m,2 de abril de 1971,Paraguay
1975,Francisco Calvo,22,Costa Rica,1.80 m,8 de julio de 1992,Costa Rica
5830,Francisco Camera,80,Uruguay,,1 de enero de 1942,Uruguay
4890,Francisco Carrasco,34,España,,6 de marzo de 1959,España
7682,Francisco Castrejon,56,México,,11 de junio de 1947,México
7698,Francisco Cruz,56,México,,24 de mayo de 1966,México
7717,Francisco Flores,56,México,,12 de febrero de 1926,México
7724,Francisco Gabriel De Anda,56,México,1.88 m,5 de junio de 1971,México
4931,Francisco Gento,34,España,,21 de octubre de 1933,España
7745,Francisco Garza Gutierrez,56,México,,14 de marzo de 1904,México
7750,Francisco Hernandez,56,México,,11 de diciembre de 1958,México
7750,Francisco Hernandez,56,México,,,México
7757,Francisco Jara,56,México,,3 de febrero de 1941,México
5297,Francisco Lombardo,6,Argentina,,11 de junio de 1925,Argentina
7791,Francisco Montes,56,México,,28 de junio de 1942,México
843,Francisco Osorto,29,El Salvador,,20 de marzo de 1957,El Salvador
7815,Francisco Palencia,56,México,1.75 m,28 de abril de 1973,México
1633,Francisco Rodrigues,11,Brasil,,27 de junio de 1925,Brasil
7844,Francisco Rodriguez,56,México,1.91 m,20 de octubre de 1981,México
749,Francisco Rojas,17,Chile,,22 de julio de 1974,Chile
5389,Francisco Rua,6,Argentina,,4 de febrero de 1911,Argentina
5392,Francisco Sa,6,Argentina,,25 de octubre de 1945,Argentina
762,Francisco Silva,17,Chile,1.78 m,11 de febrero de 1986,Chile
4425,Francisco Sosa,62,Paraguay,,,Paraguay
2889,Francisco Torres,35,Estados Unidos,1.68 m,29 de octubre de 1987,Estados Unidos
5082,Francisco Uria,34,España,,1 de febrero de 1950,España
775,Francisco Urroz,17,Chile,,,Chile
5084,Francisco Urruticoechea,34,España,,17 de febrero de 1952,España
776,Francisco Valdes,17,Chile,,19 de marzo de 1943,Chile
5434,Francisco Varallo,6,Argentina,,5 de febrero de 1910,Argentina
5092,Francisco Villaroya,34,España,,6 de agosto de 1966,España
2734,Francisco Zuluaga,19,Colombia,,4 de febrero de 1929,Colombia
6908,Franck Atsou,75,Togo,1.88 m,1 de agosto de 1978,Togo
4021,Franck Ribery,36,Francia,1.75 m,7 de abril de 1983,Francia
5164,Franco Armani,6,Argentina,1.89 m,16 de octubre de 1986,Argentina
5536,Franco Baresi,51,Italia,,8 de mayo de 1960,Italia
5579,Franco Causio,51,Italia,,1 de febrero de 1949,Italia
2188,Franco Navarro,63,Perú,,10 de noviembre de 1961,Perú
5761,Franco Selvaggi,51,Italia,,15 de mayo de 1953,Italia
5771,Franco Tancredi,51,Italia,,10 de enero de 1955,Italia
3854,Francois Bourbotte,36,Francia,,24 de febrero de 1913,Francia
3855,Francois Bracci,36,Francia,,3 de noviembre de 1951,Francia
6596,Francois De Vries,13,Bélgica,,21 de agosto de 1913,Bélgica
6639,Francois Janssens,13,Bélgica,,25 de septiembre de 1945,Bélgica
6646,Francois Ledent,13,Bélgica,,8 de noviembre de 1907,Bélgica
8153,François Moubandje,74,Suiza,1.82 m,21 de junio de 1990,Suiza
945,Francois Ndoumbe Lea,14,Camerún,,30 de enero de 1954,Camerún
961,Francois Omam-Biyik,14,Camerún,,21 de mayo de 1966,Camerún
4018,Francois Remetter,36,Francia,,8 de agosto de 1928,Francia
6713,Francois Van Der Elst,13,Bélgica,,1 de diciembre de 1954,Bélgica
3758,Franjo Vladic,71,Serbia,,19 de octubre de 1951,Serbia
4188,Frank Arnesen,26,Dinamarca,,30 de septiembre de 1956,Dinamarca
6050,Frank Baumann,1,Alemania,1.87 m,29 de octubre de 1975,Alemania
2757,Frank Borghi,35,Estados Unidos,,9 de abril de 1925,Estados Unidos
6380,Frank De Boer,60,Paises Bajos,,15 de mayo de 1970,Paises Bajos
2334,Frank Gray,31,Escocia,,27 de octubre de 1954,Escocia
2828,Frank Klopas,35,Estados Unidos,,1 de septiembre de 1966,Estados Unidos
1320,Frank Lampard,44,Inglaterra,1.83 m,20 de junio de 1978,Inglaterra
3969,Frank Leboeuf,36,Francia,1.83 m,22 de enero de 1968,Francia
2372,Frank Mcavennie,31,Escocia,,22 de noviembre de 1959,Escocia
6217,Frank Mill,1,Alemania,,23 de julio de 1958,Alemania
6469,Frank Rijkaard,60,Paises Bajos,,30 de septiembre de 1962,Paises Bajos
8186,Frank Sechehaye,74,Suiza,,3 de noviembre de 1907,Suiza
7279,Frank Sinclair,52,Jamaica,,3 de diciembre de 1971,Jamaica
7486,Frank Stapleton,46,Irlanda,,10 de julio de 1956,Irlanda
5142,Frank Van Hattum,59,Nueva Zelanda,,17 de noviembre de 1958,Nueva Zelanda
2894,Frank Vaughn,35,Estados Unidos,,18 de febrero de 1902,Estados Unidos
6738,Frank Vercauteren,13,Bélgica,,28 de octubre de 1956,Bélgica
2896,Frank Wallace,35,Estados Unidos,,15 de julio de 1922,Estados Unidos
6534,Frank Wels,60,Paises Bajos,,21 de febrero de 1909,Paises Bajos
2814,Frankie Hejduk,35,Estados Unidos,1.74 m,5 de agosto de 1974,Estados Unidos
6714,Franky Van Der Elst,13,Bélgica,,30 de abril de 1961,Bélgica
6732,Franky Vandendriessche,13,Bélgica,1.85 m,7 de abril de 1971,Bélgica
6624,Frans Gommers,13,Bélgica,,5 de abril de 1917,Bélgica
6416,Frans Hogenbirk,60,Paises Bajos,,,Paises Bajos
4674,Frans Hukon,43,Indonesia,,1 de enero de 1917,Indonesia
4675,Frans Meeng,43,Indonesia,,1 de enero de 1914,Indonesia
6675,Frans Peeraer,13,Bélgica,,15 de febrero de 1913,Bélgica
6504,Frans Van Der Veen,60,Paises Bajos,,25 de marzo de 1919,Paises Bajos
483,Frantisek Jakubec,67,República Checa,,12 de abril de 1956,República Checa
490,Frantisek Junek,67,República Checa,,17 de enero de 1907,República Checa
551,Frantisek Planicka,67,República Checa,,2 de junio de 1904,República Checa
567,Frantisek Safranek,67,República Checa,,2 de enero de 1931,República Checa
569,Frantisek Schmucker,67,República Checa,,28 de enero de 1940,República Checa
580,Frantisek Stambacher,67,República Checa,,13 de febrero de 1953,República Checa
583,Frantisek Straka,67,República Checa,,28 de mayo de 1958,República Checa
585,Frantisek Svoboda,67,República Checa,,5 de julio de 1905,República Checa
591,Frantisek Vesely,67,República Checa,,7 de diciembre de 1943,República Checa
6051,Franz Beckenbauer,1,Alemania,1.81 m,11 de septiembre de 1945,Alemania
4557,Franz Cisar,8,Austria,,28 de noviembre de 1908,Austria
6079,Franz Dienert,1,Alemania,,1 de enero de 1900,Alemania
4613,Franz Oberacher,8,Austria,,24 de marzo de 1954,Austria
4618,Franz Pelikan,8,Austria,,6 de noviembre de 1925,Austria
4655,Franz Swoboda,8,Austria,,15 de febrero de 1933,Austria
6309,Franz Wagner,1,Alemania,,23 de septiembre de 1911,Alemania
4667,Franz Wohlfahrt,8,Austria,,1 de julio de 1964,Austria
1275,Fraser Forster,44,Inglaterra,2.01 m,17 de marzo de 1988,Inglaterra
3237,Frechaut,65,Portugal,1.84 m,24 de septiembre de 1977,Portugal
1634,Fred,11,Brasil,1.85 m,3 de octubre de 1983,Brasil
2368,Fred Martin,31,Escocia,,13 de mayo de 1929,Escocia
1634,Fred,11,Brasil,1.69 m,5 de marzo de 1993,Brasil
5045,Freddy Rincon,34,España,,14 de agosto de 1966,España
6633,Frederic Herpoel,13,Bélgica,1.83 m,16 de agosto de 1974,Bélgica
3238,Frederico,65,Portugal,,6 de abril de 1957,Portugal
4274,Frederik Ronnow,26,Dinamarca,1.90 m,4 de agosto de 1992,Dinamarca
7141,Frederik Schram,49,Islandia,1.98 m,19 de enero de 1995,Islandia
3454,Fredrik Ljungberg,73,Suecia,1.76 m,16 de abril de 1977,Suecia
3512,Fredrik Stenman,73,Suecia,1.87 m,2 de junio de 1983,Suecia
8051,Fredy Bickel,74,Suiza,,12 de mayo de 1918,Suiza
2674,Fredy Guarín,19,Colombia,1.83 m,30 de junio de 1986,Colombia
7976,Frenkie de Jong,20,Corea del Norte,1.81 m,12 de mayo de 1997,Corea del Norte
1635,Friaca,11,Brasil,,20 de octubre de 1924,Brasil
26,Frickson Erazo,27,Ecuador,1.90 m,5 de mayo de 1988,Ecuador
6205,Friedel Lutz,1,Alemania,,21 de enero de 1939,Alemania
4564,Friederich Franzl,8,Austria,,6 de marzo de 1905,Austria
4598,Friedl Koncilia,8,Austria,,25 de febrero de 1948,Austria
7922,Fritz Andre,3,Angola,,18 de septiembre de 1946,Angola
6070,Fritz Buchloh,1,Alemania,,26 de noviembre de 1909,Alemania
6131,Fritz Herkenrath,1,Alemania,,9 de septiembre de 1928,Alemania
8127,Fritz Kehl,74,Suiza,,12 de julio de 1937,Suiza
3950,Fritz Keller,36,Francia,,21 de agosto de 1913,Francia
8133,Fritz Kuenzli,74,Suiza,,8 de enero de 1946,Suiza
6195,Fritz Laband,1,Alemania,,1 de noviembre de 1925,Alemania
2446,Fritz Leandre,40,Haití,,13 de marzo de 1948,Haití
8152,Fritz Morf,74,Suiza,,29 de enero de 1928,Suiza
6296,Fritz Szepan,1,Alemania,,2 de septiembre de 1907,Alemania
8218,Fritz Wagner,74,Suiza,,,Suiza
6312,Fritz Walter,1,Alemania,,31 de octubre de 1920,Alemania
7405,Frode Grodas,58,Noruega,,24 de octubre de 1964,Noruega
3162,Fryedryk Szerfke,64,Polonia,,7 de septiembre de 1909,Polonia
4818,Fuad Amin,4,Arabia Saudita,,13 de octubre de 1972,Arabia Saudita
5592,Fulvio Collovati,51,Italia,,9 de mayo de 1957,Italia
5707,Fulvio Nesti,51,Italia,,8 de junio de 1925,Italia
3239,Futre,65,Portugal,,28 de febrero de 1966,Portugal
336,Fyodor Kudryashov,69,Rusia,1.81 m,5 de abril de 1987,Rusia
404,Fyodor Smolov,69,Rusia,1.87 m,9 de febrero de 1990,Rusia
4672,G. Faulhaber,43,Indonesia,,,Indonesia
4688,G. Van Den Burgh,43,Indonesia,,,Indonesia
1986,Gabelo Conejo,22,Costa Rica,1.78 m,1 de enero de 1960,Costa Rica
7586,Gabor Poloskei,42,Hungría,,11 de octubre de 1961,Hungría
7605,Gabor Szabo,42,Hungría,,14 de octubre de 1902,Hungría
1,Gabriel Achilier,27,Ecuador,1.82 m,24 de marzo de 1985,Ecuador
5158,Gabriel Alonso,6,Argentina,,9 de noviembre de 1923,Argentina
1965,Gabriel Badilla,22,Costa Rica,1.81 m,30 de junio de 1984,Costa Rica
5181,Gabriel Batistuta,6,Argentina,1.85 m,1 de febrero de 1969,Argentina
7670,Gabriel Caballero,56,México,1.73 m,5 de febrero de 1971,México
8416,Gabriel Calderon,61,Panamá,,7 de febrero de 1960,Panamá
3887,Gabriel De Michele,36,Francia,,6 de marzo de 1941,Francia
8423,Gabriel Enrique Gómez,61,Panamá,1.83 m,29 de mayo de 1984,Panamá
8423,Gabriel Gomez,61,Panamá,,8 de diciembre de 1959,Panamá
5279,Gabriel Heinze,6,Argentina,1.78 m,19 de abril de 1978,Argentina
1636,Gabriel Jesus,11,Brasil,1.75 m,3 de abril de 1997,Brasil
1715,Gabriel Martinelli,11,Brasil,1.78 m,18 de junio de 2001,Brasil
7787,Gabriel Mercado,56,México,1.80 m,17 de marzo de 1987,México
5321,Gabriel Milito,6,Argentina,1.77 m,7 de septiembre de 1980,Argentina
7805,Gabriel Nunez,56,México,,6 de febrero de 1942,México
5715,Gabriel Paletta,51,Italia,1.90 m,15 de febrero de 1986,Italia
1926,Gabriel Popescu,68,Rumania,,25 de diciembre de 1973,Rumania
8432,Gabriel Torres,61,Panamá,1.80 m,31 de octubre de 1988,Panamá
5712,Gabriele Oriali,51,Italia,,25 de noviembre de 1952,Italia
3875,Gael Clichy,36,Francia,1.81 m,26 de julio de 1985,Francia
3924,Gael Givet,36,Francia,1.81 m,9 de octubre de 1981,Francia
965,Gaël Ondoua,14,Camerún,1.85 m,4 de noviembre de 1995,Camerún
873,Gaetan Bong,14,Camerún,1.83 m,25 de abril de 1988,Camerún
6617,Gaetan Englebert,13,Bélgica,1.78 m,11 de junio de 1976,Bélgica
5759,Gaetano Scirea,51,Italia,,25 de mayo de 1953,Italia
4988,Gaizka Mendieta,34,España,1.73 m,27 de marzo de 1974,España
164,Gaku Shibasaki,53,Japón,1.75 m,28 de mayo de 1992,Japón
325,Galimzyan Khusainov,69,Rusia,,27 de junio de 1937,Rusia
5262,Gallego,6,Argentina,,4 de marzo de 1944,Argentina
2066,Gamal Abdelhamid,28,Egipto,,24 de noviembre de 1957,Egipto
7330,Garang Kuol,7,Australia,1.77 m,15 de septiembre de 2004,Australia
5265,Garay,6,Argentina,,10 de septiembre de 1930,Argentina
4496,Garba Lawal,57,Nigeria,1.83 m,22 de mayo de 1974,Nigeria
2532,Gareth Bale,37,Gales,1.86 m,16 de julio de 1989,Gales
1211,Gareth Barry,44,Inglaterra,1.80 m,23 de febrero de 1981,Inglaterra
1397,Gareth Southgate,44,Inglaterra,1.84 m,3 de septiembre de 1970,Inglaterra
1637,Garrincha,11,Brasil,1.69 m,28 de octubre de 1933,Brasil
1404,Gary A. Stevens,44,Inglaterra,,30 de marzo de 1962,Inglaterra
1203,Gary Bailey,44,Inglaterra,,9 de agosto de 1958,Inglaterra
7444,Gary Breen,46,Irlanda,1.90 m,12 de diciembre de 1973,Irlanda
1233,Gary Cahill,44,Inglaterra,1.91 m,19 de diciembre de 1985,Inglaterra
2330,Gary Gillespie,31,Escocia,,5 de julio de 1960,Escocia
7463,Gary Kelly,46,Irlanda,1.73 m,9 de julio de 1974,Irlanda
1325,Gary Lineker,44,Inglaterra,,30 de noviembre de 1960,Inglaterra
7339,Gary Manuel,7,Australia,,20 de febrero de 1950,Australia
2371,Gary Mcallister,31,Escocia,,25 de diciembre de 1964,Escocia
704,Gary Medel,17,Chile,1.71 m,3 de agosto de 1987,Chile
1353,Gary Neville,44,Inglaterra,1.80 m,18 de febrero de 1975,Inglaterra
1403,Gary Stevens,44,Inglaterra,,27 de marzo de 1963,Inglaterra
5965,Gastón Ramírez,80,Uruguay,1.83 m,2 de diciembre de 1990,Uruguay
6002,Gastón Silva,80,Uruguay,1.85 m,5 de marzo de 1994,Uruguay
6487,Gaston Taument,60,Paises Bajos,,1 de octubre de 1970,Paises Bajos
4930,Gavi,34,España,1.73 m,5 de agosto de 2004,España
1851,Gavril Balint,68,Rumania,,3 de enero de 1963,Rumania
6595,Geert De Vlieger,13,Bélgica,1.86 m,16 de octubre de 1971,Bélgica
6501,Gejus Van Der Meulen,60,Paises Bajos,,23 de enero de 1903,Paises Bajos
8089,Gelson Fernandes,74,Suiza,1.83 m,2 de septiembre de 1986,Suiza
3266,Gelson Martins,65,Portugal,1.70 m,11 de mayo de 1995,Portugal
165,Gen Shoji,53,Japón,1.82 m,11 de diciembre de 1992,Japón
855,Genaro Sermeno,29,El Salvador,,28 de noviembre de 1948,El Salvador
89,Genki Haraguchi,53,Japón,1.77 m,9 de mayo de 1991,Japón
305,Gennadi Gusarov,69,Rusia,,11 de marzo de 1937,Rusia
344,Gennadi Litovchenko,69,Rusia,,11 de septiembre de 1963,Rusia
347,Gennadi Logofet,69,Rusia,,15 de abril de 1942,Rusia
361,Gennadi Morozov,69,Rusia,,30 de diciembre de 1962,Rusia
424,Gennadi Yevryuzhikhin,69,Rusia,,4 de febrero de 1944,Rusia
5641,Gennaro Gattuso,51,Italia,1.77 m,9 de enero de 1978,Italia
292,Genrikh Fedosov,69,Rusia,,6 de diciembre de 1932,Rusia
5511,Genwei Yu,18,China,1.80 m,19 de agosto de 1976,China
2765,Geoff Cameron,35,Estados Unidos,1.91 m,11 de julio de 1985,Estados Unidos
2775,Geoff Coombes,35,Estados Unidos,,23 de abril de 1919,Estados Unidos
1304,Geoff Hurst,44,Inglaterra,,8 de diciembre de 1941,Inglaterra
4553,Georg Braun,8,Austria,,22 de febrero de 1907,Austria
6288,Georg Stollenwerk,1,Alemania,,19 de diciembre de 1930,Alemania
991,George Borba,50,Israel,,12 de julio de 1944,Israel
2299,George Burley,31,Escocia,,3 de junio de 1956,Escocia
1248,George Cohen,44,Inglaterra,,22 de octubre de 1939,Inglaterra
2242,George Dunlop,47,Irlanda del Norte,,16 de enero de 1956,Irlanda del Norte
1266,George Eastham,44,Inglaterra,,23 de septiembre de 1936,Inglaterra
2337,George Hamilton,31,Escocia,,7 de diciembre de 1917,Escocia
8255,George Koumantarakis,72,Sudáfrica,1.93 m,27 de marzo de 1974,Sudáfrica
2851,George Moorhouse,35,Estados Unidos,,4 de mayo de 1901,Estados Unidos
1492,George Owu,38,Ghana,1.79 m,7 de julio de 1982,Ghana
2489,George Pakos,15,Canadá,,14 de agosto de 1952,Canadá
243,George Welcome,41,Honduras,1.92 m,9 de marzo de 1985,Honduras
2417,George Wood,31,Escocia,,26 de septiembre de 1952,Escocia
8036,Georges Aeby,74,Suiza,,10 de septiembre de 1913,Suiza
3837,Georges Beaucourt,36,Francia,,15 de abril de 1912,Francia
8057,Georges Bregy,74,Suiza,,17 de enero de 1958,Suiza
3864,Georges Carnus,36,Francia,,13 de agosto de 1942,Francia
6627,Georges Grun,13,Bélgica,,25 de enero de 1962,Bélgica
6634,Georges Heylens,13,Bélgica,,8 de agosto de 1941,Bélgica
953,Georges-Kévin Nkoudou,14,Camerún,1.72 m,13 de febrero de 1995,Camerún
923,Georges Mandjeck,14,Camerún,1.81 m,9 de diciembre de 1988,Camerún
938,Georges Mouyeme,14,Camerún,,15 de abril de 1971,Camerún
6686,Georges Putmans,13,Bélgica,,29 de mayo de 1914,Bélgica
8203,Georges Stuber,74,Suiza,,11 de mayo de 1925,Suiza
4067,Georges Verriest,36,Francia,,15 de julio de 1909,Francia
8217,Georges Vuilleumier,74,Suiza,,21 de septiembre de 1944,Suiza
2915,Georgi Asparukhov,12,Bulgaria,,4 de mayo de 1943,Bulgaria
2916,Georgi Bachev,12,Bulgaria,,18 de abril de 1977,Bulgaria
2922,Georgi Denev,12,Bulgaria,,18 de abril de 1950,Bulgaria
2928,Georgi Dimitrov,12,Bulgaria,,14 de enero de 1959,Bulgaria
2935,Georgi Georgiev,12,Bulgaria,,10 de octubre de 1963,Bulgaria
2947,Georgi Ivanov,12,Bulgaria,,2 de julio de 1976,Bulgaria
2951,Georgi Kamenski,12,Bulgaria,,3 de septiembre de 1947,Bulgaria
2979,Georgi Naidenov,12,Bulgaria,,21 de diciembre de 1931,Bulgaria
2982,Georgi Nikolov,12,Bulgaria,,,Bulgaria
2993,Georgi Popov,12,Bulgaria,,14 de julio de 1944,Bulgaria
400,Georgi Sichinava,69,Rusia,,15 de septiembre de 1944,Rusia
2999,Georgi Sokolov,12,Bulgaria,,19 de junio de 1942,Bulgaria
3016,Georgi Yordanov,12,Bulgaria,,21 de julio de 1963,Bulgaria
6535,Georginio Wijnaldum,60,Paises Bajos,1.73 m,11 de noviembre de 1990,Paises Bajos
2592,Georgios Karagounis,39,Grecia,1.76 m,6 de marzo de 1977,Grecia
2618,Georgios Samaras,39,Grecia,1.92 m,21 de febrero de 1985,Grecia
388,Georgy Schennikov,69,Rusia,1.78 m,27 de abril de 1991,Rusia
2652,Geovanis Cassiani,19,Colombia,,10 de enero de 1970,Colombia
2013,Geovanni Jara,22,Costa Rica,1.75 m,20 de julio de 1969,Costa Rica
6042,Gerald Asamoah,1,Alemania,1.80 m,3 de octubre de 1978,Alemania
4567,Gerald Glatzmayer,8,Austria,,13 de diciembre de 1968,Austria
4611,Gerald Messlender,8,Austria,,1 de octubre de 1961,Austria
7479,Gerald Peyton,46,Irlanda,,20 de mayo de 1956,Irlanda
6523,Gerald Vanenburg,60,Paises Bajos,,5 de marzo de 1964,Paises Bajos
6603,Gerard Delbeke,13,Bélgica,,1 de septiembre de 1903,Bélgica
6780,Gerard Gnanhouan,23,Costa de Marfil,1.82 m,12 de febrero de 1979,Costa de Marfil
3935,Gerard Hausser,36,Francia,,18 de marzo de 1939,Francia
3943,Gerard Janvion,36,Francia,,21 de agosto de 1953,Francia
2445,Gerard Joseph,40,Haití,,22 de octubre de 1949,Haití
5022,Gerard Piqué,34,España,1.94 m,2 de febrero de 1987,España
6681,Gerard Plessers,13,Bélgica,,30 de marzo de 1959,Bélgica
4043,Gerard Soler,36,Francia,,29 de mayo de 1954,Francia
3179,Gerard Wodarz,64,Polonia,,10 de agosto de 1913,Polonia
7649,Gerardo Arteaga,56,México,1.75 m,7 de septiembre de 1998,México
7773,Gerardo Lugo,56,México,,13 de marzo de 1955,México
7850,Gerardo Romero,56,México,,1 de enero de 1906,México
7878,Gerardo Torrado,56,México,1.73 m,30 de abril de 1979,México
2513,Gerd Kische,2,Alemania Oriental,,23 de octubre de 1951,Alemania Oriental
6223,Gerd Mueller,1,Alemania,,3 de noviembre de 1945,Alemania
6324,Gerd Zewe,1,Alemania,,13 de junio de 1950,Alemania
901,Geremi,14,Camerún,1.80 m,20 de diciembre de 1978,Camerún
4554,Gerhard Breitenberger,8,Austria,,14 de octubre de 1954,Austria
4572,Gerhard Hanappi,8,Austria,,16 de febrero de 1929,Austria
8143,Gerhard Lusenti,74,Suiza,,24 de abril de 1921,Suiza
4635,Gerhard Rodax,8,Austria,,29 de agosto de 1965,Austria
2632,German Aceros,19,Colombia,,30 de septiembre de 1938,Colombia
251,German Apukthin,69,Rusia,,12 de junio de 1936,Rusia
5199,German Burgos,6,Argentina,1.88 m,16 de abril de 1969,Argentina
1982,German Chavarria,22,Costa Rica,,19 de marzo de 1958,Costa Rica
2178,German Leguia,63,Perú,,2 de enero de 1954,Perú
5364,German Pezzella,6,Argentina,1.90 m,27 de junio de 1991,Argentina
7894,German Villa,56,México,1.71 m,2 de abril de 1973,México
3240,Germano,65,Portugal,,14 de marzo de 1911,Portugal
3240,Germano,65,Portugal,,18 de enero de 1933,Portugal
4589,Gernot Jurtin,8,Austria,,9 de septiembre de 1955,Austria
2133,Geronimo Barbadillo,63,Perú,,24 de septiembre de 1952,Perú
5391,Geronimo Rulli,6,Argentina,1.89 m,20 de mayo de 1992,Argentina
2744,Gerry Armstrong,35,Estados Unidos,,23 de mayo de 1954,Estados Unidos
1231,Gerry Byrne,44,Inglaterra,,29 de agosto de 1938,Inglaterra
2468,Gerry Gray,15,Canadá,,20 de enero de 1961,Canadá
1293,Gerry Hitchens,44,Inglaterra,,8 de octubre de 1934,Inglaterra
1640,Gerson,11,Brasil,,11 de enero de 1941,Brasil
8433,Gerson Torres,61,Panamá,1.76 m,28 de agosto de 1997,Panamá
6739,Gert Verheyen,13,Bélgica,1.89 m,20 de septiembre de 1970,Bélgica
6779,Gervinho,23,Costa de Marfil,1.79 m,27 de mayo de 1987,Costa de Marfil
7533,Geza Gulyas,42,Hungría,,23 de marzo de 1933,Hungría
496,Geza Kalocsay,67,República Checa,,30 de mayo de 1913,República Checa
7618,Geza Toldi,42,Hungría,,11 de febrero de 1909,Hungría
4124,Ghafoor Jahani,48,Irán,,18 de junio de 1950,Irán
7177,Ghailene Chaalali,78,Túnez,1.79 m,28 de febrero de 1994,Túnez
8399,Ghandi Said,55,Marruecos,,1 de enero de 1947,Marruecos
7960,Ghanim Mubarak,30,Emiratos Arabes,,3 de septiembre de 1963,Emiratos Arabes
8303,Gharib Amzine,55,Marruecos,,3 de mayo de 1973,Marruecos
4112,Ghasem Haddadifar,48,Irán,1.80 m,12 de julio de 1983,Irán
1849,Gheorghe Albu,68,Rumania,,18 de noviembre de 1909,Rumania
1865,Gheorghe Ciolac,68,Rumania,,10 de agosto de 1908,Rumania
1868,Gheorghe Craioveanu,68,Rumania,,14 de febrero de 1968,Rumania
1890,Gheorghe Gornea,68,Rumania,,2 de agosto de 1944,Rumania
1891,Gheorghe Hagi,68,Rumania,,5 de febrero de 1965,Rumania
1900,Gheorghe Liliac,68,Rumania,,22 de abril de 1959,Rumania
1908,Gheorghe Mihali,68,Rumania,,9 de diciembre de 1965,Rumania
1926,Gheorghe Popescu,68,Rumania,,9 de octubre de 1967,Rumania
1935,Gheorghe Rasinaru,68,Rumania,,10 de febrero de 1915,Rumania
1952,Gheorghe Tataru,68,Rumania,,5 de mayo de 1948,Rumania
6984,Gi Dong Jeong,21,Corea del Sur,,13 de mayo de 1961,Corea del Sur
5623,Giacinto Facchetti,51,Italia,,18 de julio de 1942,Italia
5561,Giacomo Bulgarelli,51,Italia,,24 de octubre de 1940,Italia
5668,Giacomo Losi,51,Italia,,10 de septiembre de 1935,Italia
5680,Giacomo Mari,51,Italia,,17 de octubre de 1924,Italia
5690,Giampaolo Menichelli,51,Italia,,29 de junio de 1938,Italia
5723,Giampaolo Pazzini,51,Italia,1.80 m,2 de agosto de 1984,Italia
5554,Giampiero Boniperti,51,Italia,,4 de julio de 1928,Italia
5593,Giampiero Combi,51,Italia,,20 de noviembre de 1902,Italia
5681,Giampiero Marini,51,Italia,,25 de febrero de 1951,Italia
5527,Giancarlo Antognoni,51,Italia,,1 de abril de 1954,Italia
5608,Giancarlo De Sisti,51,Italia,,13 de marzo de 1943,Italia
2002,Giancarlo Gonzalez,22,Costa Rica,1.91 m,8 de febrero de 1988,Costa Rica
5682,Giancarlo Marocchi,51,Italia,,4 de julio de 1965,Italia
5664,Gianfranco Leoncini,51,Italia,,25 de septiembre de 1939,Italia
5798,Gianfranco Zola,51,Italia,,5 de julio de 1966,Italia
5714,Gianluca Pagliuca,51,Italia,,18 de diciembre de 1966,Italia
5731,Gianluca Pessotto,51,Italia,,11 de agosto de 1970,Italia
5785,Gianluca Vialli,51,Italia,,9 de julio de 1964,Italia
5794,Gianluca Zambrotta,51,Italia,1.81 m,19 de febrero de 1977,Italia
5559,Gianluigi Buffon,51,Italia,1.91 m,28 de enero de 1978,Italia
5895,Gianni Guigou,80,Uruguay,1.75 m,22 de febrero de 1975,Uruguay
5974,Gianni Rivera,80,Uruguay,,18 de agosto de 1943,Uruguay
2588,Giannis Kalitzakis,39,Grecia,,10 de febrero de 1966,Grecia
2603,Giannis Maniatis,39,Grecia,1.76 m,12 de octubre de 1986,Grecia
1486,Gideon Mensah,38,Ghana,1.78 m,18 de julio de 1998,Ghana
8177,Gigi Riva,74,Suiza,1.82 m,7 de noviembre de 1944,Suiza
1641,Gil,11,Brasil,,24 de diciembre de 1950,Brasil
6552,Gilbert Bodart,13,Bélgica,,2 de septiembre de 1962,Bélgica
8090,Gilbert Fesselet,74,Suiza,,16 de abril de 1928,Suiza
1341,Gilbert Merrick,44,Inglaterra,,26 de enero de 1922,Inglaterra
8175,Gilbert Rey,74,Suiza,,30 de octubre de 1930,Suiza
2021,Gilberto Martinez,22,Costa Rica,1.74 m,1 de octubre de 1979,Costa Rica
1642,Gilberto Melo,11,Brasil,1.80 m,25 de abril de 1976,Brasil
1643,Gilberto Silva,11,Brasil,1.90 m,7 de octubre de 1976,Brasil
244,Gilberto Yearwood,41,Honduras,,15 de marzo de 1956,Honduras
2671,Gildardo Gomez,19,Colombia,,13 de octubre de 1963,Colombia
6802,Gilles Yapi Yapo,23,Costa de Marfil,1.71 m,30 de enero de 1982,Costa de Marfil
1644,Gilmar,11,Brasil,,22 de agosto de 1930,Brasil
1645,Gilmar Rinaldi,11,Brasil,,13 de enero de 1959,Brasil
5570,Gino Cappello,51,Italia,,2 de junio de 1920,Italia
5591,Gino Colaussi,51,Italia,,4 de marzo de 1914,Italia
2803,Gino Gardassanich,35,Estados Unidos,,26 de noviembre de 1922,Estados Unidos
2860,Gino Pariani,35,Estados Unidos,,21 de febrero de 1928,Estados Unidos
5734,Gino Pivatelli,51,Italia,,27 de marzo de 1933,Italia
1005,Giora Spiegel,50,Israel,,27 de julio de 1947,Israel
5853,Giorgian De Arrascaeta,80,Uruguay,1.77 m,1 de junio de 1994,Uruguay
5585,Giorgio Chiellini,51,Italia,1.92 m,14 de agosto de 1984,Italia
5587,Giorgio Chinaglia,51,Italia,,24 de enero de 1947,Italia
5632,Giorgio Ferrini,51,Italia,,18 de agosto de 1939,Italia
5644,Giorgio Ghezzi,51,Italia,,10 de julio de 1930,Italia
5739,Giorgio Puia,51,Italia,,8 de marzo de 1938,Italia
2628,Giorgios Tzavellas,39,Grecia,1.83 m,26 de noviembre de 1987,Grecia
2626,Giotis Tsalouchidis,39,Grecia,,30 de marzo de 1963,Grecia
2621,Giourkas Seitaridis,39,Grecia,1.85 m,4 de junio de 1981,Grecia
7247,Giovani dos Santos,78,Túnez,1.75 m,11 de mayo de 1989,Túnez
5296,Giovani Lo Celso,6,Argentina,1.77 m,9 de abril de 1996,Argentina
1646,Giovanni,11,Brasil,,4 de febrero de 1972,Brasil
5627,Giovanni Ferrari,51,Italia,,6 de diciembre de 1907,Italia
5640,Giovanni Galli,51,Italia,,29 de abril de 1958,Italia
5645,Giovanni Giacomazzi,51,Italia,,18 de enero de 1928,Italia
41,Giovanni Ibarra,27,Ecuador,1.79 m,8 de septiembre de 1969,Ecuador
5666,Giovanni Lodetti,51,Italia,,10 de agosto de 1942,Italia
2872,Giovanni Reyna,35,Estados Unidos,1.85 m,13 de noviembre de 2002,Estados Unidos
6794,Giovanni Sio,23,Costa de Marfil,1.80 m,31 de marzo de 1989,Costa de Marfil
5780,Giovanni Trapattoni,51,Italia,,17 de marzo de 1939,Italia
6498,Giovanni Van Bronckhorst,60,Paises Bajos,1.78 m,5 de febrero de 1975,Paises Bajos
5790,Giovanni Viola,51,Italia,,20 de junio de 1925,Italia
7712,Giovanny Espinoza,56,México,1.84 m,12 de abril de 1977,México
5537,Giuseppe Baresi,51,Italia,,7 de febrero de 1958,Italia
5544,Giuseppe Bergomi,51,Italia,,22 de diciembre de 1963,Italia
8056,Giuseppe Bossi,74,Suiza,,29 de agosto de 1911,Suiza
5574,Giuseppe Casari,51,Italia,,10 de abril de 1922,Italia
5580,Giuseppe Cavanna,51,Italia,,18 de noviembre de 1905,Italia
5621,Giuseppe Dossena,51,Italia,,2 de mayo de 1958,Italia
5637,Giuseppe Furino,51,Italia,,5 de julio de 1946,Italia
5638,Giuseppe Galderisi,51,Italia,,22 de marzo de 1963,Italia
5646,Giuseppe Giannini,51,Italia,,20 de agosto de 1964,Italia
5689,Giuseppe Meazza,51,Italia,,23 de agosto de 1910,Italia
5700,Giuseppe Moro,51,Italia,,16 de enero de 1921,Italia
5753,Giuseppe Sabadini,51,Italia,,26 de marzo de 1949,Italia
5765,Giuseppe Signori,51,Italia,,17 de febrero de 1968,Italia
5791,Giuseppe Wilson,51,Italia,,27 de octubre de 1945,Italia
277,Givi Chokheli,69,Rusia,,27 de junio de 1937,Rusia
367,Givili Nodiya,69,Rusia,,2 de enero de 1948,Rusia
7899,Glen Adam,54,Kuwait,,22 de mayo de 1959,Kuwait
6587,Glen De Boeck,13,Bélgica,1.90 m,22 de agosto de 1971,Bélgica
5116,Glen Dods,59,Nueva Zelanda,,7 de julio de 1957,Nueva Zelanda
1310,Glen Johnson,44,Inglaterra,1.78 m,23 de agosto de 1984,Inglaterra
5128,Glen Moss,59,Nueva Zelanda,1.88 m,19 de enero de 1983,Nueva Zelanda
1294,Glenn Hoddle,44,Inglaterra,,27 de octubre de 1957,Inglaterra
3410,Glenn Hysen,73,Suecia,,30 de octubre de 1959,Suecia
3513,Glenn Stromberg,73,Suecia,,5 de enero de 1960,Suecia
4508,Godfrey Oboabona,57,Nigeria,1.86 m,16 de agosto de 1990,Nigeria
4519,Godwin Okpara,57,Nigeria,1.77 m,20 de septiembre de 1972,Nigeria
4933,Goikoetxea,34,España,1.85 m,23 de agosto de 1956,España
4933,Goikoetxea,34,España,,21 de octubre de 1965,España
3613,Gojko Kacar,71,Serbia,1.85 m,26 de enero de 1987,Serbia
8122,Gokhan Inler,74,Suiza,1.83 m,27 de junio de 1984,Suiza
3279,Gomes,65,Portugal,1.91 m,15 de febrero de 1981,Portugal
3279,Gomes,65,Portugal,,22 de noviembre de 1956,Portugal
3242,Gonçalo Guedes,65,Portugal,1.79 m,29 de noviembre de 1996,Portugal
3302,Gonçalo Ramos,65,Portugal,1.85 m,20 de junio de 2001,Portugal
5887,Goncalves,80,Uruguay,,22 de junio de 1966,Uruguay
7247,Gonzalo De Los Santos,78,Túnez,1.86 m,19 de julio de 1976,Túnez
672,Gonzalo Fierro,17,Chile,1.71 m,21 de marzo de 1983,Chile
5282,Gonzalo Higuain,6,Argentina,1.84 m,10 de diciembre de 1987,Argentina
692,Gonzalo Jara,17,Chile,1.77 m,29 de agosto de 1985,Chile
5324,Gonzalo Montiel,6,Argentina,1.75 m,1 de enero de 1997,Argentina
7825,Gonzalo Pineda,56,México,1.77 m,19 de octubre de 1982,México
58,Gonzalo Plata,27,Ecuador,1.78 m,1 de noviembre de 2000,Ecuador
6004,Gonzalo Sorondo,80,Uruguay,1.90 m,9 de octubre de 1979,Uruguay
4969,Gonzalvo Ii,34,España,,16 de enero de 1920,España
4935,Gonzalvo Iii,34,España,,22 de marzo de 1922,España
3563,Goran Djorovic,71,Serbia,,11 de noviembre de 1971,Serbia
3580,Goran Gavrancic,71,Serbia,1.91 m,2 de agosto de 1978,Serbia
3400,Goran Hagberg,73,Suecia,,8 de noviembre de 1947,Suecia
7322,Goran Juric,7,Australia,,5 de febrero de 1963,Australia
3467,Goran Nicklasson,73,Suecia,,20 de agosto de 1942,Suecia
3810,Goran Sankovic,33,Eslovenia,1.85 m,18 de junio de 1979,Eslovenia
7438,Goran Sorloth,58,Noruega,,16 de julio de 1962,Noruega
1162,Goran Vlaovic,24,Croacia,1.78 m,7 de agosto de 1972,Croacia
3593,Gordan Irovic,71,Serbia,,,Serbia
6751,Gordan Vidovic,13,Bélgica,,23 de junio de 1968,Bélgica
2748,Gordon Banks,35,Estados Unidos,,30 de diciembre de 1937,Estados Unidos
2319,Gordon Durie,31,Escocia,,6 de diciembre de 1965,Escocia
2386,Gordon Mcqueen,31,Escocia,,26 de junio de 1952,Escocia
1142,Gordon Schildenfeld,24,Croacia,1.91 m,18 de marzo de 1985,Croacia
2408,Gordon Strachan,31,Escocia,,9 de febrero de 1957,Escocia
4937,Gorostiza,34,España,,15 de febrero de 1909,España
2937,Gosho Ginchev,12,Bulgaria,,2 de febrero de 1969,Bulgaria
3372,Gosta Dunker,73,Suecia,,16 de septiembre de 1905,Suecia
3455,Gosta Lofgren,73,Suecia,,29 de agosto de 1923,Suecia
160,Gotoku Sakai,53,Japón,1.76 m,14 de marzo de 1991,Japón
4939,Gracia,34,España,,27 de marzo de 1932,España
1321,Graeme Le Saux,44,Inglaterra,,17 de octubre de 1968,Inglaterra
6473,Graeme Rutjes,60,Paises Bajos,,26 de marzo de 1960,Paises Bajos
2405,Graeme Sharp,31,Escocia,,16 de octubre de 1960,Escocia
2406,Graeme Souness,31,Escocia,,6 de mayo de 1953,Escocia
1649,Grafite,11,Brasil,1.89 m,2 de abril de 1979,Brasil
2360,Graham Leggatt,31,Escocia,,20 de junio de 1934,Escocia
1376,Graham Rix,44,Inglaterra,,23 de octubre de 1957,Inglaterra
2566,Graham Vearncombe,37,Gales,,28 de marzo de 1934,Gales
2908,Graham Zusi,35,Estados Unidos,1.78 m,18 de agosto de 1986,Estados Unidos
8228,Granit Xhaka,74,Suiza,1.83 m,27 de septiembre de 1992,Suiza
5141,Grant Turner,59,Nueva Zelanda,,7 de octubre de 1958,Nueva Zelanda
1944,Gratian Sepi,68,Rumania,,30 de diciembre de 1910,Rumania
2752,Gregg Berhalter,35,Estados Unidos,1.86 m,1 de agosto de 1973,Estados Unidos
930,Gregoire Mbida,14,Camerún,,27 de enero de 1952,Camerún
8131,Gregor Kobel,74,Suiza,1.94 m,6 de diciembre de 1997,Suiza
8423,Gregorio Gomez,61,Panamá,,26 de junio de 1924,Panamá
3880,Gregory Coupet,36,Francia,1.81 m,31 de diciembre de 1972,Francia
2472,Gregory Ion,15,Canadá,,12 de marzo de 1963,Canadá
6505,Gregory Van Der Wiel,60,Paises Bajos,1.80 m,3 de febrero de 1988,Paises Bajos
3100,Grzegorz Krychowiak,64,Polonia,1.86 m,29 de enero de 1990,Polonia
3110,Grzegorz Lato,64,Polonia,,8 de abril de 1950,Polonia
3147,Grzegorz Rasiak,64,Polonia,1.90 m,12 de enero de 1979,Polonia
7892,Guadalupe Velazquez,56,México,,12 de agosto de 1923,México
6940,Gue-sung Cho,21,Corea del Sur,1.88 m,25 de enero de 1998,Corea del Sur
6056,Guenter Bernard,1,Alemania,,4 de noviembre de 1939,Alemania
6132,Guenter Hermann,1,Alemania,,1 de septiembre de 1939,Alemania
6229,Guenter Netzer,1,Alemania,,14 de septiembre de 1944,Alemania
6133,Guenther Hermann,1,Alemania,,5 de diciembre de 1960,Alemania
4305,Guido Alvarenga,62,Paraguay,1.70 m,24 de agosto de 1970,Paraguay
6071,Guido Buchwald,1,Alemania,,24 de enero de 1961,Alemania
5650,Guido Gratton,51,Italia,,23 de septiembre de 1932,Italia
5684,Guido Masetti,51,Italia,,22 de noviembre de 1907,Italia
5379,Guido Rodriguez,6,Argentina,1.86 m,12 de abril de 1994,Argentina
5789,Guido Vincenzi,51,Italia,,14 de julio de 1932,Italia
3847,Guillaume Bieganski,36,Francia,,3 de noviembre de 1932,Francia
4859,Guillermo Amor,34,España,,4 de diciembre de 1967,España
7648,Guillermo Arellano,56,México,,21 de agosto de 1908,México
823,Guillermo Castro,29,El Salvador,,25 de junio de 1940,El Salvador
658,Guillermo Diaz,17,Chile,,29 de diciembre de 1930,Chile
5864,Guillermo Escalada,80,Uruguay,,24 de abril de 1936,Uruguay
7722,Guillermo Franco,56,México,1.82 m,3 de noviembre de 1976,México
7754,Guillermo Hernandez,56,México,,25 de junio de 1942,México
2175,Guillermo La Rosa,63,Perú,,6 de junio de 1952,Perú
7785,Guillermo Mendizabal,56,México,,8 de octubre de 1954,México
7806,Guillermo Ochoa,56,México,1.85 m,13 de julio de 1985,México
7812,Guillermo Ortiz,56,México,,25 de junio de 1940,México
724,Guillermo Paez,17,Chile,,18 de abril de 1945,Chile
847,Guillermo Ragazzone,29,El Salvador,,5 de enero de 1956,El Salvador
743,Guillermo Riveros,17,Chile,,10 de febrero de 1902,Chile
754,Guillermo Saavedra,17,Chile,,5 de noviembre de 1903,Chile
7869,Guillermo Sepulveda,56,México,,28 de febrero de 1934,México
5415,Guillermo Stabile,6,Argentina,,17 de enero de 1906,Argentina
766,Guillermo Subiabre,17,Chile,,25 de febrero de 1903,Chile
6025,Guillermo Varela,80,Uruguay,1.73 m,24 de marzo de 1993,Uruguay
792,Guillermo Yavar,17,Chile,,26 de marzo de 1943,Chile
4713,Gumercindo Gomez,9,Bolivia,,1 de enero de 1907,Bolivia
5476,Gunar Nedim,77,Turquía,,,Turquía
7389,Gunnar Andreassen,58,Noruega,,15 de enero de 1913,Noruega
3394,Gunnar Gren,73,Suecia,,31 de octubre de 1920,Suecia
7407,Gunnar Halle,58,Noruega,,11 de agosto de 1965,Noruega
3416,Gunnar Jansson,73,Suecia,,,Suecia
3421,Gunnar Johansson Ii,73,Suecia,,29 de febrero de 1924,Suecia
3485,Gunnar Olsson,73,Suecia,,19 de julio de 1908,Suecia
4574,Gunter Happich,8,Austria,,28 de enero de 1952,Austria
6268,Gunter Sawitzki,1,Alemania,,22 de noviembre de 1932,Alemania
534,Gustav Mraz,67,República Checa,,11 de septiembre de 1934,República Checa
3510,Gustav Sjoberg,73,Suecia,,23 de marzo de 1913,Suecia
3517,Gustav Svensson,73,Suecia,1.84 m,7 de febrero de 1987,Suecia
3532,Gustav Wetterstrom,73,Suecia,,15 de octubre de 1911,Suecia
3946,Gustave Jordan,36,Francia,,21 de febrero de 1909,Francia
5857,Gustavo De Simone,80,Uruguay,,23 de abril de 1948,Uruguay
5237,Gustavo Dezotti,6,Argentina,,14 de febrero de 1964,Argentina
7715,Gustavo Fernandez,56,México,,16 de febrero de 1952,México
5300,Gustavo Lopez,6,Argentina,1.74 m,13 de abril de 1973,Argentina
5924,Gustavo Mendez,80,Uruguay,1.76 m,3 de febrero de 1971,Uruguay
4396,Gustavo Morinigo,62,Paraguay,1.78 m,23 de enero de 1977,Paraguay
709,Gustavo Moscoso,17,Chile,,10 de agosto de 1955,Chile
5937,Gustavo Munua,80,Uruguay,1.86 m,27 de enero de 1978,Uruguay
7819,Gustavo Pena,56,México,,22 de noviembre de 1942,México
4729,Gustavo Quinteros,9,Bolivia,,15 de febrero de 1965,Bolivia
6025,Gustavo Varela,80,Uruguay,1.72 m,14 de mayo de 1978,Uruguay
7610,Gusztav Szepesi,42,Hungría,,17 de julio de 1939,Hungría
6768,Guy Demel,23,Costa de Marfil,1.91 m,13 de junio de 1981,Costa de Marfil
2443,Guy Francois,40,Haití,,18 de septiembre de 1947,Haití
946,Guy Ndy,14,Camerún,1.85 m,28 de febrero de 1986,Camerún
2452,Guy Saint-Vil,40,Haití,,21 de octubre de 1942,Haití
6735,Guy Vandersmissen,13,Bélgica,,25 de diciembre de 1957,Bélgica
7142,Gylfi Sigurdsson,49,Islandia,1.85 m,8 de septiembre de 1989,Islandia
7502,Gyorgy Bognar,42,Hungría,,5 de noviembre de 1961,Hungría
7596,Gyorgy Sarosi,42,Hungría,,16 de septiembre de 1912,Hungría
7613,Gyorgy Szucs,42,Hungría,,23 de abril de 1912,Hungría
7506,Gyozo Burcsa,42,Hungría,,13 de marzo de 1954,Hungría
7566,Gyozo Martos,42,Hungría,,15 de diciembre de 1949,Hungría
7525,Gyula Futo,42,Hungría,,29 de diciembre de 1908,Hungría
7531,Gyula Grosics,42,Hungría,,4 de febrero de 1926,Hungría
7535,Gyula Hajszan,42,Hungría,,9 de octubre de 1961,Hungría
7562,Gyula Lazar,42,Hungría,,24 de enero de 1911,Hungría
7563,Gyula Lorant,42,Hungría,,6 de febrero de 1923,Hungría
7585,Gyula Polgar,42,Hungría,,8 de febrero de 1912,Hungría
7591,Gyula Rakosi,42,Hungría,,9 de octubre de 1938,Hungría
7634,Gyula Zsengeller,42,Hungría,,27 de diciembre de 1915,Hungría
8341,Hababi El Arbi,55,Marruecos,,12 de agosto de 1967,Marruecos
6834,Habib Bellaid,5,Argelia,1.89 m,28 de marzo de 1986,Argelia
1012,Habib Beye,70,Senegal,1.82 m,19 de octubre de 1977,Senegal
1487,Habib Mohamed,38,Ghana,1.78 m,10 de diciembre de 1983,Ghana
8333,Hadi Dahane,55,Marruecos,,1 de enero de 1946,Marruecos
6955,Hae Won Chung,21,Corea del Sur,,1 de julio de 1959,Corea del Sur
2097,Hafez Kasseb,28,Egipto,,,Egipto
5495,Haidong Hao,18,China,1.75 m,25 de agosto de 1970,China
4819,Haitham Asiri,4,Arabia Saudita,1.73 m,25 de marzo de 2001,Arabia Saudita
7386,Haji Wright,7,Australia,1.91 m,27 de marzo de 1998,Australia
3464,Hakan Mild,73,Suecia,1.82 m,14 de junio de 1971,Suecia
5488,Hakan Sukur,77,Turquía,1.91 m,1 de septiembre de 1971,Turquía
5490,Hakan Unsal,77,Turquía,1.78 m,14 de mayo de 1973,Turquía
8229,Hakan Yakin,74,Suiza,1.80 m,22 de febrero de 1977,Suiza
8410,Hakim Ziyech,55,Marruecos,1.81 m,19 de marzo de 1993,Marruecos
4774,Hamad Al Montashari,4,Arabia Saudita,1.81 m,22 de junio de 1982,Arabia Saudita
7215,Hamdi Kasraoui,78,Túnez,1.92 m,18 de enero de 1983,Túnez
7228,Hamdi Marzouki,78,Túnez,1.82 m,23 de enero de 1977,Túnez
7240,Hamdi Nagguez,78,Túnez,1.95 m,28 de octubre de 1992,Túnez
7242,Hamed Namouchi,78,Túnez,1.83 m,14 de febrero de 1984,Túnez
4103,Hamid Estili,48,Irán,,1 de abril de 1967,Irán
4179,Hamid Majid Taymouri,48,Irán,,3 de junio de 1953,Irán
2713,Hamilton Ricard,19,Colombia,,12 de enero de 1974,Colombia
1472,Haminu Draman,38,Ghana,1.73 m,1 de abril de 1986,Ghana
1174,Hammoudi Raad,45,Iraq,,20 de abril de 1958,Iraq
7909,Hamud Al Shemmari,54,Kuwait,,26 de septiembre de 1960,Kuwait
4824,Hamza Falatah,4,Arabia Saudita,1.78 m,8 de octubre de 1972,Arabia Saudita
8384,Hamza Mendyl,55,Marruecos,1.79 m,21 de octubre de 1997,Marruecos
4839,Hamza Saleh,4,Arabia Saudita,,19 de abril de 1967,Arabia Saudita
7135,Hannes Halldorsson,49,Islandia,1.93 m,27 de abril de 1984,Islandia
4632,Hannes Reinmayr,8,Austria,,23 de agosto de 1969,Austria
7230,Hannibal Mejbri,78,Túnez,1.77 m,21 de enero de 2003,Túnez
862,Hans Agbo,14,Camerún,,26 de septiembre de 1967,Camerún
6049,Hans Bauer,1,Alemania,,28 de julio de 1927,Alemania
4555,Hans Buzek,8,Austria,,22 de mayo de 1938,Austria
6076,Hans Ciesclarczyk,1,Alemania,,3 de mayo de 1937,Alemania
4560,Hans Dihanich,8,Austria,,24 de octubre de 1958,Austria
6279,Hans-Georg Schwarzenbeck,1,Alemania,,3 de abril de 1948,Alemania
6407,Hans Gillhaus,60,Paises Bajos,,5 de noviembre de 1963,Paises Bajos
6154,Hans Jakob,1,Alemania,,16 de junio de 1908,Alemania
3419,Hans Jeppsson,73,Suecia,,10 de mayo de 1925,Suecia
6074,Hans-Joerg Butt,1,Alemania,1.91 m,28 de mayo de 1974,Alemania
2514,Hans-Juergen Kreische,2,Alemania Oriental,,19 de julio de 1947,Alemania Oriental
4603,Hans Krankl,8,Austria,,14 de febrero de 1953,Austria
6218,Hans Mock,1,Alemania,,9 de diciembre de 1906,Alemania
6235,Hans Nowak,1,Alemania,,9 de agosto de 1937,Alemania
6243,Hans Pesser,1,Alemania,,7 de noviembre de 1911,Alemania
6068,Hans-Peter Briegel,1,Alemania,,11 de octubre de 1955,Alemania
8097,Hans-Peter Friedlaender,74,Suiza,,6 de noviembre de 1920,Suiza
6246,Hans Pfluegler,1,Alemania,,27 de marzo de 1960,Alemania
4624,Hans Pirkner,8,Austria,,25 de marzo de 1946,Austria
8101,Hans-Ruedi Fuhrer,74,Suiza,,24 de diciembre de 1937,Suiza
1503,Hans Sarpei,38,Ghana,1.78 m,28 de junio de 1976,Ghana
7365,Hans Schaefer,7,Australia,,19 de octubre de 1927,Australia
6278,Hans Schwartz,1,Alemania,,1 de marzo de 1913,Alemania
3505,Hans Selander,73,Suecia,,15 de marzo de 1945,Suecia
8191,Hans Siegenthaler,74,Suiza,,1 de enero de 1923,Suiza
6294,Hans Sturm,1,Alemania,,3 de septiembre de 1935,Alemania
4682,Hans Taihuttu,43,Indonesia,,1 de enero de 1909,Indonesia
6302,Hans Tilkowski,1,Alemania,,12 de julio de 1935,Alemania
4658,Hans Urbanek,8,Austria,,10 de octubre de 1910,Austria
6497,Hans Van Breukelen,60,Paises Bajos,,4 de octubre de 1956,Paises Bajos
6728,Hans Vanaken,13,Bélgica,1.95 m,24 de agosto de 1992,Bélgica
8290,Hans Vonk,72,Sudáfrica,1.96 m,30 de enero de 1970,Sudáfrica
8220,Hans Weber,74,Suiza,,8 de septiembre de 1934,Suiza
6224,Hansi Mueller,1,Alemania,,27 de julio de 1957,Alemania
2094,Hany Kamel,28,Egipto,,,Egipto
2110,Hany Ramzy,28,Egipto,,10 de marzo de 1969,Egipto
4556,Harald Cerny,8,Austria,1.77 m,13 de septiembre de 1973,Austria
2512,Harald Irmscher,2,Alemania Oriental,,12 de febrero de 1946,Alemania Oriental
6182,Harald Konopka,1,Alemania,,18 de noviembre de 1952,Alemania
6276,Harald Schumacher,1,Alemania,,6 de marzo de 1954,Alemania
8022,Haris Medunjanin,10,Bosnia-Herzegovina,1.88 m,8 de marzo de 1985,Bosnia-Herzegovina
8187,Haris Seferovic,74,Suiza,1.86 m,22 de febrero de 1992,Suiza
8418,Harold Cummings,61,Panamá,1.80 m,3 de enero de 1992,Panamá
2058,Harold Wallace,22,Costa Rica,1.75 m,7 de septiembre de 1975,Costa Rica
1449,Harrison Afful,38,Ghana,1.70 m,24 de junio de 1986,Ghana
3342,Harry Andersson,73,Suecia,,7 de marzo de 1913,Suecia
2245,Harry Gregg,47,Irlanda del Norte,,25 de octubre de 1932,Irlanda del Norte
2336,Harry Haddock,31,Escocia,,26 de julio de 1925,Escocia
1297,Harry Hooper,44,Inglaterra,,14 de junio de 1933,Inglaterra
1312,Harry Kane,44,Inglaterra,1.88 m,28 de julio de 1993,Inglaterra
2827,Harry Keough,35,Estados Unidos,,15 de noviembre de 1927,Estados Unidos
7327,Harry Kewell,7,Australia,1.83 m,22 de septiembre de 1978,Australia
6442,Harry Lubse,60,Paises Bajos,,23 de septiembre de 1951,Paises Bajos
1330,Harry Maguire,44,Inglaterra,1.93 m,5 de marzo de 1993,Inglaterra
3469,Harry Nilsson,73,Suecia,,,Suecia
7368,Harry Souttar,7,Australia,1.98 m,22 de octubre de 1998,Australia
6530,Harry Vos,60,Paises Bajos,,4 de septiembre de 1946,Paises Bajos
7384,Harry Williams,7,Australia,,7 de mayo de 1951,Australia
2573,Harry Wilson,37,Gales,1.73 m,22 de marzo de 1997,Gales
5485,Hasan Sas,77,Turquía,1.76 m,1 de agosto de 1976,Turquía
4088,Hashem Beikzadeh,48,Irán,1.89 m,22 de enero de 1984,Irán
1175,Hashem Natik,45,Iraq,,15 de enero de 1960,Iraq
7947,Hassan Abdulqader,30,Emiratos Arabes,,15 de abril de 1962,Emiratos Arabes
2070,Hassan Al Far,28,Egipto,,1 de enero de 1913,Egipto
6334,Hassan Al-Haydos,16,Catar,1.74 m,11 de diciembre de 1990,Catar
7193,Hassan Gabsi,78,Túnez,1.71 m,23 de febrero de 1974,Túnez
8373,Hassan Kachloul,55,Marruecos,,19 de febrero de 1973,Marruecos
7953,Hassan Mohamed,30,Emiratos Arabes,,23 de agosto de 1962,Emiratos Arabes
8386,Hassan Nader,55,Marruecos,,8 de julio de 1965,Marruecos
4150,Hassan Naibagha,48,Irán,,17 de septiembre de 1950,Irán
4153,Hassan Nazari,48,Irán,,19 de agosto de 1955,Irán
2108,Hassan Ragab,28,Egipto,,1 de enero de 1909,Egipto
4168,Hassan Roudbarian,48,Irán,1.82 m,6 de julio de 1978,Irán
4169,Hassan Rowshan,48,Irán,,2 de junio de 1955,Irán
4841,Hassan Tambakti,4,Arabia Saudita,1.82 m,9 de febrero de 1999,Arabia Saudita
6898,Hassan Yebda,5,Argelia,1.88 m,14 de mayo de 1984,Argelia
3364,Hasse Borg,73,Suecia,,4 de agosto de 1953,Suecia
7154,Hassen Bejaoui,78,Túnez,1.88 m,14 de febrero de 1976,Túnez
7257,Hatem Trabelsi,78,Túnez,1.80 m,25 de enero de 1977,Túnez
4823,Hattan Bahebri,4,Arabia Saudita,1.72 m,16 de julio de 1992,Arabia Saudita
7401,Havard Flo,58,Noruega,,4 de abril de 1970,Noruega
7198,Haykel Guemamdia,78,Túnez,1.82 m,22 de diciembre de 1981,Túnez
5174,Hector Baley,6,Argentina,,16 de noviembre de 1950,Argentina
5838,Hector Castro,80,Uruguay,,29 de noviembre de 1904,Uruguay
3867,Hector Cazenave,36,Francia,,1 de enero de 1914,Francia
2142,Hector Chumpitaz,63,Perú,,12 de abril de 1944,Perú
3886,Hector De Bourgoing,36,Francia,,23 de julio de 1934,Francia
2661,Hector Echeverri,19,Colombia,,10 de abril de 1938,Colombia
5244,Hector Enrique,6,Argentina,,26 de abril de 1962,Argentina
5248,Hector Facundo,6,Argentina,,2 de noviembre de 1937,Argentina
5258,Hector Freschi,6,Argentina,,22 de mayo de 1911,Argentina
2672,Hector Gonzales,19,Colombia,,7 de julio de 1937,Colombia
7752,Hector Hernandez,56,México,,6 de diciembre de 1935,México
7755,Héctor Herrera,56,México,1.80 m,19 de abril de 1990,México
2017,Hector Marchena,22,Costa Rica,,4 de enero de 1965,Costa Rica
7793,Hector Moreno,56,México,1.82 m,17 de enero de 1988,México
7812,Hector Ortiz,56,México,,20 de diciembre de 1928,México
7830,Hector Pulido,56,México,,15 de diciembre de 1942,México
4736,Hector Saavedra,9,Bolivia,,,Bolivia
5987,Hector Salva,80,Uruguay,,27 de noviembre de 1939,Uruguay
5992,Hector Santos,80,Uruguay,,29 de octubre de 1944,Uruguay
5995,Hector Scarone,80,Uruguay,,26 de noviembre de 1898,Uruguay
6000,Hector Silva,80,Uruguay,,1 de febrero de 1940,Uruguay
2431,Hector Socorro,25,Cuba,,26 de junio de 1912,Cuba
6031,Hector Vilches,80,Uruguay,,14 de febrero de 1926,Uruguay
5441,Hector Yazalde,6,Argentina,,29 de mayo de 1946,Argentina
5444,Hector Zelada,6,Argentina,,30 de abril de 1957,Argentina
245,Hector Zelaya,41,Honduras,,12 de julio de 1957,Honduras
6443,Hedwiges Maduro,60,Paises Bajos,1.85 m,13 de febrero de 1985,Paises Bajos
6979,Hee-chan Hwang,21,Corea del Sur,1.77 m,26 de enero de 1996,Corea del Sur
4622,Heimo Pfeifenberger,8,Austria,,29 de diciembre de 1966,Austria
4652,Heinrich Strasser,8,Austria,,26 de octubre de 1948,Austria
8044,Heinz Baeni,74,Suiza,,18 de noviembre de 1936,Suiza
8053,Heinz Bigler,74,Suiza,,21 de diciembre de 1925,Suiza
6094,Heinz Flohe,1,Alemania,,28 de enero de 1948,Alemania
6147,Heinz Hornig,1,Alemania,,28 de septiembre de 1937,Alemania
6190,Heinz Kubsch,1,Alemania,,20 de julio de 1930,Alemania
6194,Heinz Kwiatkowski,1,Alemania,,16 de julio de 1926,Alemania
8184,Heinz Schneiter,74,Suiza,,12 de abril de 1935,Suiza
6290,Heinz Strehl,1,Alemania,,20 de julio de 1938,Alemania
6308,Heinz Vollmar,1,Alemania,,26 de abril de 1936,Alemania
6317,Heinz Wewers,1,Alemania,,27 de julio de 1927,Alemania
3298,Helder Postiga,65,Portugal,1.82 m,2 de agosto de 1982,Portugal
8262,Helman Mkhalele,72,Sudáfrica,1.75 m,20 de octubre de 1969,Sudáfrica
6119,Helmut Haller,1,Alemania,,21 de julio de 1939,Alemania
6187,Helmut Kremers,1,Alemania,,24 de marzo de 1949,Alemania
6252,Helmut Rahn,1,Alemania,,16 de agosto de 1929,Alemania
4645,Helmut Senekowitsch,8,Austria,,22 de octubre de 1933,Austria
6463,Hendrikus Plenter,60,Paises Bajos,,,Paises Bajos
238,Hendry Thomas,41,Honduras,1.80 m,23 de febrero de 1985,Honduras
6403,Henk Fraeser,60,Paises Bajos,,7 de julio de 1966,Paises Bajos
6461,Henk Pellikaan,60,Paises Bajos,,10 de noviembre de 1910,Paises Bajos
4680,Henk Sommers,43,Indonesia,,,Indonesia
6490,Henk Timmer,60,Paises Bajos,1.88 m,3 de diciembre de 1971,Paises Bajos
6520,Henk Van Spaandonck,60,Paises Bajos,,25 de junio de 1913,Paises Bajos
6203,Hennes Loehr,1,Alemania,,5 de julio de 1942,Alemania
7392,Henning Berg,58,Noruega,,1 de septiembre de 1969,Noruega
3329,Henock Abrahamsson,73,Suecia,,29 de octubre de 1909,Suecia
871,Henri Bedimo,14,Camerún,1.80 m,4 de junio de 1984,Camerún
1014,Henri Camara,70,Senegal,1.76 m,10 de mayo de 1977,Senegal
6590,Henri De Deken,13,Bélgica,,3 de agosto de 1907,Bélgica
6611,Henri Dirickx,13,Bélgica,,7 de julio de 1927,Bélgica
6638,Henri Isemborghs,13,Bélgica,,30 de enero de 1914,Bélgica
3994,Henri Michel,36,Francia,,28 de octubre de 1947,Francia
4185,Henrik Andersen,26,Dinamarca,,7 de mayo de 1965,Dinamarca
4204,Henrik Dalsgaard,26,Dinamarca,1.92 m,27 de julio de 1989,Dinamarca
3440,Henrik Larsson,73,Suecia,1.77 m,20 de septiembre de 1971,Suecia
1752,Henrique,11,Brasil,1.85 m,14 de octubre de 1986,Brasil
1247,Henry Cockburn,44,Inglaterra,,14 de septiembre de 1921,Inglaterra
2442,Henry Francillon,40,Haití,,26 de mayo de 1946,Haití
7418,Henry Johansen,58,Noruega,,21 de julio de 1904,Noruega
3428,Henry Kallgren,73,Suecia,,13 de marzo de 1931,Suecia
7778,Henry Martin,56,México,1.80 m,18 de noviembre de 1992,México
3089,Henryk Kasperczak,64,Polonia,,10 de julio de 1946,Polonia
3117,Henryk Maculewicz,64,Polonia,,24 de abril de 1950,Polonia
3176,Henryk Wieczorek,64,Polonia,,14 de diciembre de 1949,Polonia
6090,Herbert Erhardt,1,Alemania,,6 de julio de 1930,Alemania
4563,Herbert Feurer,8,Austria,,14 de enero de 1954,Austria
4612,Herbert Ninaus,8,Austria,,31 de marzo de 1937,Austria
4629,Herbert Prohaska,8,Austria,,8 de agosto de 1955,Austria
6320,Herbert Wimmer,1,Alemania,,9 de noviembre de 1944,Alemania
6328,Herbert Zimmermann,1,Alemania,,1 de julio de 1954,Alemania
1652,Hercules,11,Brasil,,2 de julio de 1912,Brasil
8423,Herculez Gomez,61,Panamá,1.78 m,6 de abril de 1982,Panamá
4664,Heribert Weber,8,Austria,,28 de junio de 1955,Austria
2669,Herman Gaviria,19,Colombia,,27 de noviembre de 1969,Colombia
2868,Herman Rapp,35,Estados Unidos,,1 de enero de 1907,Estados Unidos
6237,Hermann Nuber,1,Alemania,,10 de octubre de 1935,Alemania
8195,Hermann Springer,74,Suiza,,4 de diciembre de 1908,Suiza
1966,Hermidio Barrantes,22,Costa Rica,,2 de septiembre de 1964,Costa Rica
1653,Hermogenes,11,Brasil,,4 de noviembre de 1908,Brasil
645,Hernan Carvallo,17,Chile,,19 de agosto de 1922,Chile
5225,Hernan Crespo,6,Argentina,1.84 m,5 de julio de 1975,Argentina
8420,Hernan Diaz,61,Panamá,,26 de febrero de 1965,Panamá
32,Hernán Galíndez,27,Ecuador,1.89 m,30 de marzo de 1987,Ecuador
2023,Hernan Medford,22,Costa Rica,1.77 m,23 de mayo de 1968,Costa Rica
2723,Hernando Tovar,19,Colombia,,,Colombia
1654,Hernanes,11,Brasil,1.80 m,29 de mayo de 1985,Brasil
2124,Hesham Yakan,28,Egipto,,10 de agosto de 1962,Egipto
6967,Heung Chul Han,21,Corea del Sur,,17 de noviembre de 1930,Corea del Sur
7087,Heung-Min Son,21,Corea del Sur,1.83 m,8 de julio de 1992,Corea del Sur
7989,Heung Sil Lee,20,Corea del Norte,,10 de julio de 1961,Corea del Norte
132,Hidemasa Morita,53,Japón,1.77 m,10 de mayo de 1995,Japón
141,Hidetoshi Nakata,53,Japón,1.75 m,22 de enero de 1977,Japón
4946,Hilario,34,España,,8 de diciembre de 1905,España
4946,Hilario,34,España,,19 de marzo de 1939,España
7767,Hilario Lopez,56,México,,18 de noviembre de 1907,México
4402,Hilarion Osorio,62,Paraguay,,,Paraguay
5045,Hipolito Rincon,34,España,,28 de abril de 1957,España
131,Hiroaki Morishima,53,Japón,1.68 m,30 de abril de 1972,Japón
103,Hiroki Ito,53,Japón,1.88 m,12 de mayo de 1999,Japón
161,Hiroki Sakai,53,Japón,1.85 m,12 de abril de 1990,Japón
112,Hiroshi Kiyotake,53,Japón,1.72 m,12 de noviembre de 1989,Japón
144,Hiroshi Nanami,53,Japón,1.77 m,28 de noviembre de 1972,Japón
7772,Hirving Lozano,56,México,1.76 m,30 de julio de 1995,México
166,Hitoshi Sogahata,53,Japón,1.87 m,2 de agosto de 1979,Japón
7390,Hjalmar Andresen,58,Noruega,,18 de julio de 1914,Noruega
7989,Ho Lee,20,Corea del Norte,1.82 m,22 de octubre de 1984,Corea del Norte
6896,Hocine Yahi,5,Argelia,,25 de abril de 1960,Argelia
6046,Holger Badstuber,1,Alemania,1.90 m,13 de marzo de 1989,Alemania
6137,Holger Hieronymus,1,Alemania,,22 de febrero de 1959,Alemania
7128,Hólmar Örn Eyjólfsson,49,Islandia,1.88 m,6 de agosto de 1990,Islandia
6330,Homam Ahmed,16,Catar,1.88 m,25 de agosto de 1999,Catar
4683,Hong Djien Tan,43,Indonesia,,12 de enero de 1916,Indonesia
7085,Hong Gi Shin,21,Corea del Sur,,4 de mayo de 1968,Corea del Sur
5502,Hong Qi,18,China,1.78 m,3 de junio de 1976,China
693,Honorino Landa,17,Chile,,1 de junio de 1942,Chile
7681,Horacio Casarin,56,México,,25 de mayo de 1918,México
7861,Horacio Lopez Salgado,56,México,,15 de septiembre de 1948,México
7798,Horacio Munoz,56,México,,,México
6016,Horacio Troche,80,Uruguay,,4 de febrero de 1935,Uruguay
7138,Hördur Magnússon,49,Islandia,1.90 m,11 de febrero de 1993,Islandia
6143,Horst-Dieter Hoettges,1,Alemania,,10 de septiembre de 1943,Alemania
6085,Horst Eckel,1,Alemania,,8 de febrero de 1932,Alemania
6149,Horst Hrubesch,1,Alemania,,17 de abril de 1951,Alemania
6297,Horst Szymaniak,1,Alemania,,29 de agosto de 1934,Alemania
6322,Horst Wolter,1,Alemania,,8 de junio de 1942,Alemania
6343,Hossam Hassan,16,Catar,1.72 m,10 de agosto de 1966,Catar
4120,Hossein Hosseini,48,Irán,1.87 m,30 de junio de 1992,Irán
7213,Hossein Kaabi,78,Túnez,1.67 m,23 de septiembre de 1985,Túnez
4127,Hossein Kanaani,48,Irán,1.88 m,23 de marzo de 1994,Irán
4141,Hossein Mahini,48,Irán,1.84 m,16 de septiembre de 1986,Irán
182,Hotaru Yamaguchi,53,Japón,1.73 m,6 de octubre de 1990,Japón
8371,Houmane Jarir,55,Marruecos,,1 de enero de 1945,Marruecos
4807,Housain Al-Mogahwi,4,Arabia Saudita,1.73 m,24 de marzo de 1988,Arabia Saudita
2918,Hristo Bonev,12,Bulgaria,,3 de febrero de 1947,Bulgaria
2943,Hristo Iliev,12,Bulgaria,,11 de mayo de 1936,Bulgaria
2959,Hristo Kolev,12,Bulgaria,,21 de septiembre de 1964,Bulgaria
3001,Hristo Stoichkov,12,Bulgaria,,8 de febrero de 1966,Bulgaria
4550,Hubert Baumgartner,8,Austria,,25 de febrero de 1955,Austria
3193,Hugo Almeida,65,Portugal,1.93 m,23 de mayo de 1984,Portugal
7651,Hugo Ayala,56,México,1.83 m,31 de marzo de 1987,México
637,Hugo Berly,17,Chile,,31 de diciembre de 1941,Chile
7668,Hugo Brizuela,56,México,1.73 m,8 de febrero de 1970,México
6562,Hugo Broos,13,Bélgica,,10 de abril de 1952,Bélgica
5206,Hugo Campagnaro,6,Argentina,1.81 m,27 de junio de 1980,Argentina
2179,Hugo De Leon,63,Perú,,27 de febrero de 1958,Perú
2165,Hugo Gastulo,63,Perú,,9 de enero de 1958,Perú
5268,Hugo Gatti,6,Argentina,,19 de agosto de 1944,Argentina
4942,Hugo Guillamón,34,España,1.78 m,31 de enero de 2000,España
6417,Hugo Hovenkamp,60,Paises Bajos,,5 de octubre de 1950,Paises Bajos
3976,Hugo Lloris,36,Francia,1.88 m,26 de diciembre de 1986,Francia
8427,Hugo Perez,61,Panamá,,8 de noviembre de 1963,Panamá
8427,Hugo Perez,61,Panamá,,6 de octubre de 1968,Panamá
7845,Hugo Rodriguez,56,México,,14 de marzo de 1959,México
7864,Hugo Sánchez,56,México,1.75 m,11 de julio de 1958,México
2215,Hugo Sotil,63,Perú,,18 de mayo de 1946,Perú
3246,Hugo Viana,65,Portugal,1.79 m,15 de enero de 1983,Portugal
2223,Hugo Villanueva,63,Perú,,9 de abril de 1939,Perú
1655,Hulk,11,Brasil,1.80 m,25 de julio de 1986,Brasil
7698,Humberto Cruz,56,México,,8 de diciembre de 1939,México
660,Humberto Donoso,17,Chile,,9 de octubre de 1938,Chile
662,Humberto Elgueta,17,Chile,,,Chile
5683,Humberto Maschio,51,Italia,,20 de febrero de 1933,Italia
765,Humberto Suazo,17,Chile,1.71 m,10 de mayo de 1981,Chile
1656,Humberto Tozzi,11,Brasil,,4 de febrero de 1934,Brasil
7954,Hussain Ghuloum,30,Emiratos Arabes,,24 de septiembre de 1969,Emiratos Arabes
4779,Hussein Al Sadeq,4,Arabia Saudita,1.82 m,15 de octubre de 1973,Arabia Saudita
4784,Hussein Al Sulaimani,4,Arabia Saudita,1.74 m,21 de enero de 1977,Arabia Saudita
1176,Hussein Ali,45,Iraq,,5 de mayo de 1961,Iraq
4105,Hussein Faraki,48,Irán,,19 de abril de 1956,Irán
4131,Hussein Kazerani,48,Irán,,13 de abril de 1947,Irán
6982,Hyun-soo Jang,21,Corea del Sur,1.79 m,1 de enero de 1993,Corea del Sur
6986,Hyeon-woo Jo,21,Corea del Sur,1.90 m,25 de septiembre de 1991,Corea del Sur
7002,Hyung Il Kim,21,Corea del Sur,1.87 m,27 de abril de 1984,Corea del Sur
6982,Hyung Seok Jang,21,Corea del Sur,1.82 m,7 de julio de 1972,Corea del Sur
1886,Iacob Felecan,68,Rumania,,1 de enero de 1914,Rumania
4870,Iago Aspas,34,España,1.76 m,1 de agosto de 1987,España
2458,Ian Bridge,15,Canadá,,18 de septiembre de 1959,Canadá
1234,Ian Callaghan,44,Inglaterra,,10 de abril de 1942,Inglaterra
604,Ian Cox,76,Trinidad y Tobago,1.83 m,25 de marzo de 1971,Trinidad y Tobago
7270,Ian Goodison,52,Jamaica,,21 de noviembre de 1972,Jamaica
7455,Ian Harte,46,Irlanda,1.77 m,31 de agosto de 1977,Irlanda
2375,Ian Mccoll,31,Escocia,,7 de junio de 1927,Escocia
2383,Ian Mcmillan,31,Escocia,,18 de marzo de 1931,Escocia
2048,Ian Smith,22,Costa Rica,1.77 m,6 de marzo de 1998,Costa Rica
2275,Ian Stewart,47,Irlanda del Norte,,10 de septiembre de 1961,Irlanda del Norte
6355,Ibrahim Afellay,60,Paises Bajos,1.84 m,2 de abril de 1986,Paises Bajos
4764,Ibrahim Al Harbi,4,Arabia Saudita,,10 de julio de 1975,Arabia Saudita
4767,Ibrahim Al Helwa,4,Arabia Saudita,,18 de agosto de 1972,Arabia Saudita
4781,Ibrahim Al Shahrani,4,Arabia Saudita,1.72 m,21 de julio de 1974,Arabia Saudita
866,Ibrahim Aoudou,14,Camerún,,23 de agosto de 1955,Camerún
1463,Ibrahim Ayew,38,Ghana,1.76 m,16 de abril de 1988,Ghana
1469,Ibrahim Danlad,38,Ghana,1.81 m,2 de diciembre de 2002,Ghana
2087,Ibrahim Halim,28,Egipto,,10 de febrero de 1910,Egipto
6343,Ibrahim Hassan,16,Catar,,10 de agosto de 1966,Catar
7955,Ibrahim Meer,30,Emiratos Arabes,,16 de julio de 1967,Emiratos Arabes
3953,Ibrahima Konaté,36,Francia,1.94 m,25 de mayo de 1999,Francia
910,Idriss Kameni,14,Camerún,1.85 m,18 de febrero de 1984,Camerún
1039,Idrissa Gana Gueye,70,Senegal,1.74 m,26 de septiembre de 1989,Senegal
4538,Ifeanyi Udeze,57,Nigeria,1.79 m,21 de julio de 1980,Nigeria
3958,Ignace Kowalczyk,36,Francia,,27 de diciembre de 1913,Francia
4295,Ignacio Achucarro,62,Paraguay,,31 de julio de 1936,Paraguay
7642,Ignacio Ambriz,56,México,1.77 m,7 de febrero de 1965,México
8416,Ignacio Calderon,61,Panamá,,13 de diciembre de 1943,Panamá
2650,Ignacio Calle,19,Colombia,,,Colombia
4912,Ignacio Eizaguirre,34,España,,7 de noviembre de 1920,España
7718,Ignacio Flores,56,México,,31 de julio de 1953,México
7738,Ignacio Gonzalez,56,México,1.80 m,14 de mayo de 1982,México
7759,Ignacio Jauregui,56,México,,31 de julio de 1938,México
2704,Ignacio Perez,19,Colombia,,,Colombia
732,Ignacio Prieto,17,Chile,,23 de septiembre de 1943,Chile
8430,Ignacio Rodriguez,61,Panamá,,12 de junio de 1956,Panamá
4630,Ignaz Puschnik,8,Austria,,5 de febrero de 1934,Austria
5514,Ignazio Abate,51,Italia,1.80 m,12 de noviembre de 1986,Italia
247,Igor Akinfeev,69,Rusia,1.86 m,8 de abril de 1986,Rusia
257,Igor Belanov,69,Rusia,,25 de septiembre de 1960,Rusia
275,Igor Chislenko,69,Rusia,,4 de enero de 1939,Rusia
278,Igor Chugainov,69,Rusia,1.87 m,6 de abril de 1970,Rusia
284,Igor Denisov,69,Rusia,1.76 m,17 de mayo de 1984,Rusia
285,Igor Dobrovolskyi,69,Rusia,,27 de agosto de 1967,Rusia
3572,Igor Duljaj,71,Serbia,1.75 m,29 de octubre de 1979,Serbia
330,Igor Korneev,69,Rusia,,4 de septiembre de 1967,Rusia
343,Igor Lediakhov,69,Rusia,,22 de mayo de 1968,Rusia
364,Igor Netto,69,Rusia,,9 de enero de 1930,Rusia
392,Igor Semshov,69,Rusia,1.69 m,6 de abril de 1978,Rusia
395,Igor Shalimov,69,Rusia,,2 de febrero de 1969,Rusia
403,Igor Smolnikov,69,Rusia,1.78 m,8 de agosto de 1988,Rusia
1151,Igor Stimac,24,Croacia,1.87 m,6 de septiembre de 1967,Croacia
1159,Igor Tudor,24,Croacia,1.93 m,16 de abril de 1978,Croacia
2500,Igor Vrablic,15,Canadá,,19 de julio de 1965,Canadá
6926,Ik Soo An,21,Corea del Sur,,6 de mayo de 1965,Corea del Sur
4531,Ike Shorunmu,57,Nigeria,1.86 m,16 de octubre de 1967,Nigeria
2497,Ike Ugbo,15,Canadá,1.85 m,21 de septiembre de 1998,Canadá
4480,Ikechukwu Ezenwa,57,Nigeria,1.86 m,16 de octubre de 1988,Nigeria
4892,Iker Casillas,34,España,1.84 m,20 de mayo de 1981,España
6961,Il Jang Dae,21,Corea del Sur,1.84 m,9 de marzo de 1975,Corea del Sur
7074,Il Kap Park,21,Corea del Sur,,21 de marzo de 1926,Corea del Sur
5913,Ildo Maneiro,80,Uruguay,,4 de agosto de 1947,Uruguay
5473,Ilhan Mansiz,77,Turquía,1.84 m,10 de agosto de 1975,Turquía
2931,Ilia Dyakov,12,Bulgaria,,28 de septiembre de 1963,Bulgaria
414,Ilia Tsymbalar,69,Rusia,,17 de junio de 1969,Rusia
3005,Ilia Valov,12,Bulgaria,,29 de diciembre de 1961,Bulgaria
2945,Ilian Iliev,12,Bulgaria,,2 de julio de 1968,Bulgaria
2953,Ilian Kiryakov,12,Bulgaria,,4 de agosto de 1967,Bulgaria
8326,Ilias Chair,55,Marruecos,1.64 m,30 de octubre de 1997,Marruecos
1883,Ilie Dumitrescu,68,Rumania,,6 de enero de 1969,Rumania
3696,Ilija Petkovic,71,Serbia,,22 de septiembre de 1945,Serbia
3690,Ilijas Pasic,71,Serbia,,10 de mayo de 1934,Serbia
1951,Ilile Subaseanu,68,Rumania,,1 de enero de 1906,Rumania
1059,Iliman Ndiaye,70,Senegal,1.80 m,6 de marzo de 2000,Senegal
6115,Ilkay Gündogan,1,Alemania,1.80 m,24 de octubre de 1990,Alemania
1506,Illiasu Shilla,38,Ghana,1.88 m,26 de octubre de 1982,Ghana
337,Ilya Kutepov,69,Rusia,1.92 m,29 de julio de 1993,Rusia
7166,Imed Ben Younes,78,Túnez,,16 de junio de 1974,Túnez
7234,Imed Mhadhebi,78,Túnez,1.75 m,22 de marzo de 1976,Túnez
7526,Imre Garaba,42,Hungría,,29 de julio de 1958,Hungría
7550,Imre Kiss,42,Hungría,,10 de agosto de 1957,Hungría
7556,Imre Kovacs,42,Hungría,,16 de noviembre de 1921,Hungría
7565,Imre Markos,42,Hungría,,9 de junio de 1908,Hungría
7567,Imre Mathesz,42,Hungría,,25 de marzo de 1937,Hungría
578,Imrich Stacho,67,República Checa,,4 de noviembre de 1931,República Checa
6976,In-beom Hwang,21,Corea del Sur,1.77 m,20 de septiembre de 1996,Corea del Sur
7993,In Guk Mun,20,Corea del Norte,1.67 m,29 de septiembre de 1978,Corea del Norte
6944,In Young Choi,21,Corea del Sur,,5 de marzo de 1962,Corea del Sur
3247,Inacio,65,Portugal,,1 de febrero de 1955,Portugal
1515,Inaki Williams,38,Ghana,1.86 m,15 de junio de 1994,Ghana
1657,Indio,11,Brasil,,1 de marzo de 1931,Brasil
3376,Inge Ejderstedt,73,Suecia,,24 de diciembre de 1946,Suecia
3385,Ingemar Erlandsson,73,Suecia,,16 de noviembre de 1957,Suecia
3405,Ingemar Haraldsson,73,Suecia,,3 de febrero de 1928,Suecia
3389,Ingvar Gard,73,Suecia,,6 de octubre de 1921,Suecia
3501,Ingvar Rydell,73,Suecia,,7 de mayo de 1922,Suecia
1178,Insayaf Abdulfattah,45,Iraq,,2 de febrero de 1951,Iraq
1911,Ioachim Moldoveanu,68,Rumania,,1 de enero de 1913,Rumania
1850,Ioan Andone,68,Rumania,,15 de marzo de 1960,Rumania
1903,Ioan Lupescu,68,Rumania,,9 de diciembre de 1968,Rumania
1939,Ioan Sabau,68,Rumania,,12 de febrero de 1968,Rumania
2583,Ioannis Fetfatzidis,39,Grecia,1.65 m,21 de diciembre de 1990,Grecia
1884,Ion Dumitru,68,Rumania,,2 de enero de 1950,Rumania
1899,Ion Lapusneanu,68,Rumania,,8 de diciembre de 1908,Rumania
1955,Ion Vladoiu,68,Rumania,,5 de noviembre de 1968,Rumania
1858,Ionica Bogdan,68,Rumania,,6 de marzo de 1915,Rumania
2968,Iordan Letchkov,12,Bulgaria,,9 de julio de 1967,Bulgaria
1870,Iosif Czako,68,Rumania,,11 de junio de 1906,Rumania
1938,Iosif Rotariu,68,Rumania,,27 de septiembre de 1962,Rumania
4096,Iraj Danayfar,48,Irán,,19 de marzo de 1951,Irán
4949,Iraragorri,34,España,,16 de marzo de 1912,España
3081,Ireneusz Jelen,64,Polonia,1.84 m,9 de abril de 1981,Polonia
7668,Isaác Brizuela,56,México,1.75 m,28 de agosto de 1990,México
3433,Isaac Kiese Thelin,73,Suecia,1.89 m,24 de junio de 1992,Suecia
4518,Isaac Okoronkwo,57,Nigeria,1.82 m,1 de mayo de 1978,Nigeria
7877,Isaac Terrazas,56,México,,23 de enero de 1973,México
1512,Isaac Vorsah,38,Ghana,1.80 m,21 de junio de 1988,Ghana
4951,Isco,34,España,1.76 m,21 de abril de 1992,España
7707,Isidoro Diaz,56,México,,14 de marzo de 1940,México
5054,Isidoro San Jose,34,España,,27 de octubre de 1955,España
7872,Isidoro Sota,56,México,,4 de febrero de 1902,México
4964,Isidro Langara,34,España,,15 de mayo de 1912,España
6892,Islam Slimani,5,Argelia,1.86 m,18 de junio de 1988,Argelia
6349,Ismaeel Mohammad,16,Catar,1.72 m,5 de abril de 1990,Catar
8420,Ismael Díaz,61,Panamá,1.81 m,12 de mayo de 1997,Panamá
6771,Ismael Diomande,23,Costa de Marfil,1.81 m,28 de agosto de 1992,Costa de Marfil
2160,Ismael Fuentes,63,Perú,1.81 m,4 de agosto de 1981,Perú
2476,Ismaël Koné,15,Canadá,1.88 m,16 de junio de 2002,Canadá
6796,Ismael Tiote,23,Costa de Marfil,1.75 m,21 de junio de 1986,Costa de Marfil
5464,Ismail Feridun,77,Turquía,,5 de abril de 1933,Turquía
6155,Ismail Jakobs,1,Alemania,1.84 m,17 de agosto de 1999,Alemania
2107,Ismail Rafa At,28,Egipto,,1 de enero de 1908,Egipto
2126,Ismail Youssef,28,Egipto,,28 de junio de 1964,Egipto
1070,Ismaïla Sarr,70,Senegal,1.75 m,25 de febrero de 1998,Senegal
7683,Israel Castro,56,México,1.75 m,20 de diciembre de 1980,México
7209,Issam Jebali,78,Túnez,1.82 m,25 de enero de 1991,Túnez
7492,Istvan Avar,42,Hungría,,27 de mayo de 1905,Hungría
7494,Istvan Balogh,42,Hungría,,21 de septiembre de 1916,Hungría
7527,Istvan Geczi,42,Hungría,,13 de junio de 1944,Hungría
7536,Istvan Halasz,42,Hungría,,12 de octubre de 1951,Hungría
7540,Istvan Ilku,42,Hungría,,6 de marzo de 1933,Hungría
7551,Istvan Kocsis,42,Hungría,,6 de octubre de 1949,Hungría
7578,Istvan Nagy,42,Hungría,,14 de abril de 1939,Hungría
7581,Istvan Palotas,42,Hungría,,5 de marzo de 1908,Hungría
7614,Istvan Tamassy,42,Hungría,,1 de enero de 1911,Hungría
1658,Italia,11,Brasil,,22 de mayo de 1907,Brasil
8254,Itumeleng Khune,72,Sudáfrica,1.80 m,20 de junio de 1987,Sudáfrica
1001,Itzhak Schum,50,Israel,,1 de septiembre de 1948,Israel
1009,Itzhak Vissoker,50,Israel,,18 de septiembre de 1944,Israel
1862,Iulian Chirita,68,Rumania,,2 de febrero de 1967,Rumania
1887,Iulian Filipescu,68,Rumania,,29 de marzo de 1974,Rumania
1852,Iuliu Baratky,68,Rumania,,14 de mayo de 1910,Rumania
1857,Iuliu Bodola,68,Rumania,,26 de febrero de 1912,Rumania
1927,Iuliu Prassler,68,Rumania,,1 de enero de 1916,Rumania
1084,Ivan Bosnjak,24,Croacia,1.78 m,6 de febrero de 1979,Croacia
3553,Ivan Buljan,71,Serbia,,11 de diciembre de 1949,Serbia
4952,Ivan Campo,34,España,,21 de febrero de 1974,España
2654,Ivan Cordoba,19,Colombia,1.73 m,11 de agosto de 1976,Colombia
2921,Ivan Davidov,12,Bulgaria,,5 de octubre de 1943,Bulgaria
2924,Ivan Deyanov,12,Bulgaria,,16 de diciembre de 1937,Bulgaria
2927,Ivan Dimitrov,12,Bulgaria,,14 de mayo de 1935,Bulgaria
3577,Ivan Ergic,71,Serbia,1.85 m,21 de enero de 1981,Serbia
7309,Ivan Franjic,7,Australia,1.80 m,10 de septiembre de 1987,Australia
3584,Ivan Gudelj,71,Serbia,,21 de septiembre de 1960,Serbia
470,Ivan Hasek,67,República Checa,,6 de septiembre de 1963,República Checa
4944,Ivan Helguera,34,España,1.84 m,28 de marzo de 1975,España
3588,Ivan Horvat,71,Serbia,,16 de julio de 1926,Serbia
479,Ivan Hrdlicka,67,República Checa,,20 de noviembre de 1943,República Checa
38,Ivan Hurtado,27,Ecuador,1.80 m,16 de agosto de 1974,Ecuador
3591,Ivan Ilic,71,Serbia,1.82 m,17 de marzo de 2001,Serbia
2948,Ivan Ivanov,12,Bulgaria,,,Bulgaria
42,Ivan Kaviedes,27,Ecuador,1.82 m,24 de octubre de 1977,Ecuador
1106,Ivan Klasnic,24,Croacia,1.86 m,29 de enero de 1980,Croacia
2958,Ivan Kolev,12,Bulgaria,,1 de noviembre de 1930,Bulgaria
1115,Ivan Leko,24,Croacia,1.79 m,7 de febrero de 1978,Croacia
1659,Ivan Mariz,11,Brasil,,16 de mayo de 1910,Brasil
7569,Ivan Menczel,42,Hungría,,14 de diciembre de 1941,Hungría
4262,Ivan Nielsen,26,Dinamarca,,9 de octubre de 1956,Dinamarca
3678,Ivan Obradovic,71,Serbia,1.81 m,25 de julio de 1988,Serbia
1129,Ivan Perisic,24,Croacia,1.87 m,2 de febrero de 1989,Croacia
3706,Ivan Pudar,71,Serbia,,16 de agosto de 1961,Serbia
1137,Ivan Rakitic,24,Croacia,1.84 m,10 de marzo de 1988,Croacia
3717,Ivan Santek,71,Serbia,,23 de abril de 1932,Serbia
3003,Ivan Stoyanov,12,Bulgaria,,20 de enero de 1949,Bulgaria
1152,Ivan Strinić,24,Croacia,1.86 m,17 de julio de 1987,Croacia
2728,Ivan Valenciano,19,Colombia,,18 de marzo de 1972,Colombia
5143,Ivan Vicelich,59,Nueva Zelanda,1.93 m,3 de septiembre de 1976,Nueva Zelanda
3012,Ivan Vutsov,12,Bulgaria,,14 de diciembre de 1939,Bulgaria
419,Ivan Yaremchuk,69,Rusia,,19 de marzo de 1962,Rusia
3021,Ivan Zafirov,12,Bulgaria,,30 de diciembre de 1947,Bulgaria
793,Ivan Zamorano,17,Chile,,18 de enero de 1967,Chile
5551,Ivano Blason,51,Italia,,24 de mayo de 1923,Italia
5556,Ivano Bordon,51,Italia,1.86 m,13 de abril de 1951,Italia
3384,Ivar Eriksson,73,Suecia,,25 de diciembre de 1909,Suecia
2912,Ivaylo Andonov,12,Bulgaria,,14 de agosto de 1967,Bulgaria
2990,Ivaylo Petkov,12,Bulgaria,,24 de marzo de 1976,Bulgaria
3017,Ivaylo Yordanov,12,Bulgaria,,22 de abril de 1968,Bulgaria
3603,Ive Jerolimov,71,Serbia,,30 de marzo de 1958,Serbia
3544,Ivica Bek,71,Serbia,,29 de octubre de 1909,Serbia
3569,Ivica Dragutinovic,71,Serbia,1.84 m,13 de noviembre de 1975,Serbia
1096,Ivica Ivusic,24,Croacia,1.95 m,1 de febrero de 1995,Croacia
3627,Ivica Kralj,71,Serbia,,26 de marzo de 1973,Serbia
1126,Ivica Olic,24,Croacia,1.83 m,14 de septiembre de 1979,Croacia
3744,Ivica Surjak,71,Serbia,,23 de marzo de 1953,Serbia
4659,Ivica Vastic,8,Austria,1.83 m,29 de septiembre de 1969,Austria
8100,Ivo Frosio,74,Suiza,,27 de abril de 1930,Suiza
1094,Ivo Grbic,24,Croacia,1.95 m,18 de enero de 1996,Croacia
499,Ivo Knoflicek,67,República Checa,,23 de febrero de 1962,República Checa
3711,Ivo Radovnikovic,71,Serbia,,,Serbia
7361,Ivo Rudic,7,Australia,,24 de enero de 1942,Australia
592,Ivo Viktor,67,República Checa,,21 de mayo de 1942,República Checa
2526,Ivor Allchurch,37,Gales,,16 de octubre de 1929,Gales
1223,Ivor Broadis,44,Inglaterra,,18 de diciembre de 1922,Inglaterra
5484,Izak Rober,77,Turquía,,21 de diciembre de 1930,Turquía
8017,Izet Hajrovic,10,Bosnia-Herzegovina,1.77 m,4 de agosto de 1991,Bosnia-Herzegovina
4673,J. Harting,43,Indonesia,,,Indonesia
7031,Ja-Cheol Koo,21,Corea del Sur,1.83 m,27 de febrero de 1989,Corea del Sur
6450,Jaap Mol,60,Paises Bajos,,3 de febrero de 1912,Paises Bajos
6483,Jaap Stam,60,Paises Bajos,,17 de julio de 1972,Paises Bajos
8283,Jabu Pule,72,Sudáfrica,1.68 m,11 de julio de 1980,Sudáfrica
3028,Jacek Bak,64,Polonia,1.87 m,24 de marzo de 1973,Polonia
3068,Jacek Góralski,64,Polonia,1.72 m,21 de septiembre de 1992,Polonia
3090,Jacek Kazimierski,64,Polonia,,17 de agosto de 1959,Polonia
3102,Jacek Krzynowek,64,Polonia,1.80 m,15 de mayo de 1976,Polonia
3185,Jacek Zielinski,64,Polonia,1.84 m,10 de octubre de 1967,Polonia
2422,Jacinto Barquin,25,Cuba,,3 de septiembre de 1915,Cuba
4437,Jacinto Villalba,62,Paraguay,,,Paraguay
1229,Jack Butland,44,Inglaterra,1.96 m,10 de marzo de 1993,Inglaterra
1240,Jack Charlton,44,Inglaterra,,8 de mayo de 1935,Inglaterra
1283,Jack Grealish,44,Inglaterra,1.75 m,10 de septiembre de 1995,Inglaterra
2552,Jack Kelsey,37,Gales,,19 de noviembre de 1929,Gales
7355,Jack Reilly,7,Australia,,27 de agosto de 1945,Australia
4678,Jack Samuels,43,Indonesia,,1 de enero de 1912,Indonesia
1429,Jack Wilshere,44,Inglaterra,1.72 m,1 de enero de 1992,Inglaterra
8087,Jackie Fatton,74,Suiza,,19 de diciembre de 1925,Suiza
2343,Jackie Henderson,31,Escocia,,17 de enero de 1932,Escocia
2384,Jackie Mcnamara,31,Escocia,,24 de octubre de 1973,Escocia
1343,Jackie Milburn,44,Inglaterra,,11 de mayo de 1924,Inglaterra
2391,Jackie Mudie,31,Escocia,,10 de abril de 1930,Escocia
2273,Jackie Scott,47,Irlanda del Norte,,22 de diciembre de 1933,Irlanda del Norte
7319,Jackson Irvine,7,Australia,1.89 m,7 de marzo de 1993,Australia
7780,Jackson Martinez,56,México,1.85 m,3 de octubre de 1986,México
60,Jackson Porozo,27,Ecuador,1.91 m,4 de agosto de 2000,Ecuador
6677,Jacky Peeters,13,Bélgica,1.84 m,13 de diciembre de 1969,Bélgica
4244,Jacob Laursen,26,Dinamarca,,6 de octubre de 1971,Dinamarca
8256,Jacob Lekgetho,72,Sudáfrica,1.71 m,24 de marzo de 1974,Sudáfrica
6551,Jacques Beurlet,13,Bélgica,,21 de diciembre de 1944,Bélgica
6615,Jacques Duquesne,13,Bélgica,,22 de abril de 1940,Bélgica
3931,Jacques Grimonpon,36,Francia,,30 de julio de 1925,Francia
3981,Jacques Mairesse,36,Francia,,27 de febrero de 1904,Francia
6661,Jacques Moeschal,13,Bélgica,,6 de septiembre de 1900,Bélgica
6665,Jacques Munaron,13,Bélgica,,8 de septiembre de 1956,Bélgica
950,Jacques Nguea,14,Camerún,,8 de noviembre de 1955,Camerún
5409,Jacques Simon,6,Argentina,,25 de marzo de 1941,Argentina
973,Jacques Songoo,14,Camerún,1.82 m,17 de marzo de 1964,Camerún
6933,Jae Jin Cho,21,Corea del Sur,1.85 m,9 de julio de 1981,Corea del Sur
7987,Jae Sung Kim,20,Corea del Norte,1.80 m,3 de octubre de 1983,Corea del Norte
7042,Jae-sung Lee,21,Corea del Sur,1.80 m,10 de agosto de 1992,Corea del Sur
8,Jaime Ayoví,27,Ecuador,1.83 m,21 de febrero de 1988,Ecuador
7657,Jaime Belmonte,56,México,,8 de octubre de 1934,México
2155,Jaime Duarte,63,Perú,,27 de febrero de 1955,Perú
8423,Jaime Gomez,61,Panamá,,29 de diciembre de 1929,Panamá
2673,Jaime Gonzales,19,Colombia,,1 de abril de 1938,Colombia
3248,Jaime Graca,65,Portugal,,10 de enero de 1942,Portugal
3249,Jaime Magalhaes,65,Portugal,,10 de julio de 1962,Portugal
7793,Jaime Moreno,56,México,,19 de enero de 1974,México
7809,Jaime Ordiales,56,México,,23 de diciembre de 1962,México
8426,Jaime Penedo,61,Panamá,1.86 m,26 de septiembre de 1981,Panamá
845,Jaime Portillo,29,El Salvador,,18 de septiembre de 1947,El Salvador
735,Jaime Ramirez,17,Chile,,14 de agosto de 1931,Chile
8430,Jaime Rodriguez,61,Panamá,,17 de enero de 1959,Panamá
7858,Jaime Salazar,56,México,,6 de febrero de 1931,México
2722,Jaime Silva,19,Colombia,,10 de octubre de 1935,Colombia
242,Jaime Villegas,41,Honduras,,5 de julio de 1950,Honduras
1660,Jair,11,Brasil,,21 de marzo de 1921,Brasil
4902,Jair Da Costa,34,España,,9 de julio de 1940,España
1662,Jair Marinho,11,Brasil,,17 de julio de 1936,Brasil
2639,Jairo Arias,19,Colombia,,2 de noviembre de 1938,Colombia
1663,Jairzinho,11,Brasil,,25 de diciembre de 1944,Brasil
6055,Jakob Bender,1,Alemania,,23 de marzo de 1910,Alemania
4268,Jakob Poulsen,26,Dinamarca,1.85 m,7 de julio de 1983,Dinamarca
6291,Jakob Streitle,1,Alemania,,11 de diciembre de 1916,Alemania
3086,Jakub Kaminski,64,Polonia,1.79 m,5 de junio de 2002,Polonia
3091,Jakub Kiwior,64,Polonia,1.89 m,15 de febrero de 2000,Polonia
4121,Jalal Hosseini,48,Irán,1.88 m,3 de febrero de 1982,Irán
7908,Jamal Al Qabandi,54,Kuwait,,7 de abril de 1959,Kuwait
6227,Jamal Musiala,1,Alemania,1.84 m,26 de febrero de 2003,Alemania
8401,Jamal Salami,55,Marruecos,,6 de octubre de 1970,Marruecos
7928,Jamba,3,Angola,1.82 m,10 de julio de 1977,Angola
5104,James Bannatyne,59,Nueva Zelanda,1.95 m,30 de junio de 1975,Nueva Zelanda
7316,James Holland,7,Australia,1.80 m,15 de mayo de 1989,Australia
2346,James Holton,31,Escocia,,11 de abril de 1951,Escocia
2481,James Lowery,15,Canadá,,15 de enero de 1961,Canadá
1329,James Maddison,44,Inglaterra,1.75 m,23 de noviembre de 1996,Inglaterra
7343,James Meredith,7,Australia,1.85 m,4 de abril de 1988,Australia
1346,James Milner,44,Inglaterra,1.70 m,4 de enero de 1986,Inglaterra
4507,James Obiorah,57,Nigeria,1.79 m,24 de agosto de 1978,Nigeria
2490,James Pantemis,15,Canadá,1.85 m,21 de febrero de 1997,Canadá
2270,James Quinn,47,Irlanda del Norte,,18 de noviembre de 1959,Irlanda del Norte
2715,James Rodríguez,19,Colombia,1.80 m,12 de julio de 1991,Colombia
7374,James Troisi,7,Australia,1.77 m,3 de julio de 1988,Australia
1236,Jamie Carragher,44,Inglaterra,1.85 m,28 de enero de 1978,Inglaterra
7337,Jamie Maclaren,7,Australia,1.79 m,29 de julio de 1993,Australia
1415,Jamie Vardy,44,Inglaterra,1.79 m,11 de enero de 1997,Inglaterra
4190,Jan Bartram,26,Dinamarca,,6 de marzo de 1962,Dinamarca
3031,Jan Bednarek,64,Polonia,1.89 m,12 de abril de 1996,Polonia
437,Jan Berger,67,República Checa,,27 de noviembre de 1955,República Checa
6571,Jan Ceulemans,13,Bélgica,,28 de febrero de 1957,Bélgica
6610,Jan Diddens,13,Bélgica,,14 de septiembre de 1906,Bélgica
6612,Jan Dockx,13,Bélgica,,24 de mayo de 1941,Bélgica
3050,Jan Domarski,64,Polonia,,28 de octubre de 1946,Polonia
795,Jan Durica,32,Eslovaquia,1.87 m,10 de diciembre de 1981,Eslovaquia
3384,Jan Eriksson,73,Suecia,,24 de agosto de 1967,Suecia
462,Jan Fiala,67,República Checa,,19 de mayo de 1956,República Checa
7400,Jan Fjortoft,58,Noruega,,10 de enero de 1967,Noruega
3059,Jan Furtok,64,Polonia,,9 de marzo de 1962,Polonia
4218,Jan Heintze,26,Dinamarca,1.70 m,17 de agosto de 1963,Dinamarca
473,Jan Hertl,67,República Checa,,23 de enero de 1929,República Checa
3078,Jan Jalocha,64,Polonia,,18 de julio de 1957,Polonia
6424,Jan Jongbloed,60,Paises Bajos,,25 de noviembre de 1940,Paises Bajos
3088,Jan Karas,64,Polonia,,17 de marzo de 1959,Polonia
500,Jan Kocian,67,República Checa,,13 de marzo de 1958,República Checa
4596,Jan Koller,8,Austria,2.02 m,30 de marzo de 1973,Austria
801,Jan Kozak,32,Eslovaquia,1.92 m,22 de abril de 1980,Eslovaquia
801,Jan Kozak,32,Eslovaquia,,17 de abril de 1954,Eslovaquia
6435,Jan Kromkamp,60,Paises Bajos,1.84 m,17 de agosto de 1980,Paises Bajos
519,Jan Lala,67,República Checa,,10 de septiembre de 1936,República Checa
4254,Jan Michaelsen,26,Dinamarca,1.82 m,28 de noviembre de 1970,Dinamarca
4255,Jan Molby,26,Dinamarca,,4 de julio de 1963,Dinamarca
4256,Jan Moller,26,Dinamarca,,17 de septiembre de 1953,Dinamarca
804,Jan Mucha,32,Eslovaquia,1.89 m,5 de diciembre de 1982,Eslovaquia
3486,Jan Olsson,73,Suecia,,30 de marzo de 1942,Suecia
550,Jan Pivarnik,67,República Checa,,13 de noviembre de 1947,República Checa
555,Jan Polak,67,República Checa,1.81 m,14 de marzo de 1981,República Checa
6464,Jan Poortvliet,60,Paises Bajos,,21 de septiembre de 1955,Paises Bajos
557,Jan Popluhar,67,República Checa,,12 de agosto de 1935,República Checa
563,Jan Riha,67,República Checa,,11 de enero de 1915,República Checa
581,Jan Stejskal,67,República Checa,,15 de enero de 1962,República Checa
3170,Jan Tomaszewski,64,Polonia,,9 de enero de 1948,Polonia
3172,Jan Urban,64,Polonia,,14 de mayo de 1962,Polonia
6506,Jan Van Diepenbeek,60,Paises Bajos,,5 de agosto de 1903,Paises Bajos
6525,Jan Vennegoor Of Hesselink,60,Paises Bajos,1.90 m,7 de noviembre de 1978,Paises Bajos
6740,Jan Verheyen,13,Bélgica,,9 de julio de 1944,Bélgica
6748,Jan Vertonghen,13,Bélgica,1.89 m,24 de abril de 1987,Bélgica
3175,Jan Wasiewicz,64,Polonia,,6 de enero de 1911,Polonia
6540,Jan Wouters,60,Paises Bajos,,17 de julio de 1960,Paises Bajos
600,Jan Zlocha,67,República Checa,,24 de marzo de 1942,República Checa
4289,Jannik Vestergaard,26,Dinamarca,1.99 m,3 de agosto de 1992,Dinamarca
7518,Janos Dudas,42,Hungría,,1 de enero de 1911,Hungría
7520,Janos Farkas,42,Hungría,,27 de marzo de 1942,Hungría
7530,Janos Gorocs,42,Hungría,,8 de mayo de 1939,Hungría
3106,Janusz Kupcewicz,64,Polonia,,9 de diciembre de 1955,Polonia
7237,Jaouhar Mnari,78,Túnez,1.83 m,8 de noviembre de 1976,Túnez
7663,Jared Borgetti,56,México,1.82 m,14 de agosto de 1973,México
441,Jaromir Blazek,67,República Checa,1.88 m,29 de diciembre de 1972,República Checa
443,Jaroslav Borovicka,67,República Checa,,26 de enero de 1931,República Checa
444,Jaroslav Boucek,67,República Checa,,13 de noviembre de 1912,República Checa
447,Jaroslav Burgr,67,República Checa,,7 de marzo de 1906,República Checa
505,Jaroslav Kosnar,67,República Checa,,17 de agosto de 1930,República Checa
552,Jaroslav Plasil,67,República Checa,1.83 m,5 de enero de 1982,República Checa
556,Jaroslav Pollak,67,República Checa,,11 de julio de 1947,República Checa
7920,Jasem Sultan,54,Kuwait,,25 de octubre de 1953,Kuwait
8015,Jasmin Fejzic,10,Bosnia-Herzegovina,1.97 m,15 de mayo de 1986,Bosnia-Herzegovina
3788,Jasmin Handanovic,33,Eslovenia,1.97 m,28 de enero de 1978,Eslovenia
7299,Jason Culina,7,Australia,1.75 m,5 de agosto de 1980,Australia
8418,Jason Cummings,61,Panamá,1.78 m,1 de agosto de 1995,Panamá
7302,Jason Davidson,7,Australia,1.80 m,29 de junio de 1991,Australia
7470,Jason Mcateer,46,Irlanda,1.77 m,18 de junio de 1971,Irlanda
618,Jason Scotland,76,Trinidad y Tobago,1.75 m,18 de febrero de 1979,Trinidad y Tobago
6375,Jasper Cillessen,60,Paises Bajos,1.88 m,20 de abril de 1989,Paises Bajos
7911,Jassem Bahman,54,Kuwait,,15 de febrero de 1958,Kuwait
6341,Jassem Gaber,16,Catar,1.82 m,20 de febrero de 2002,Catar
1664,Jau,11,Brasil,,7 de diciembre de 1909,Brasil
4130,Javad Kazemeian,48,Irán,1.74 m,23 de abril de 1981,Irán
4154,Javad Nekounam,48,Irán,1.80 m,7 de septiembre de 1980,Irán
4183,Javad Zarincheh,48,Irán,,23 de julio de 1966,Irán
7636,Javier Aguirre,56,México,,1 de diciembre de 1958,México
5807,Javier Ambrois,80,Uruguay,,9 de mayo de 1932,Uruguay
7645,Javier Aquino,56,México,1.65 m,11 de febrero de 1990,México
7676,Javier Cardenas,56,México,,8 de diciembre de 1952,México
7721,Javier Fragoso,56,México,,19 de abril de 1942,México
2167,Javier Gonzales,63,Perú,,11 de mayo de 1939,Perú
7746,Javier Guzman,56,México,,9 de enero de 1945,México
7753,Javier Hernandez,56,México,1.75 m,1 de junio de 1988,México
7753,Javier Hernandez,56,México,,1 de agosto de 1961,México
701,Javier Margas,17,Chile,,10 de mayo de 1969,Chile
7780,Javi Martinez,56,México,1.90 m,2 de septiembre de 1988,México
5314,Javier Mascherano,6,Argentina,1.71 m,8 de junio de 1984,Argentina
5351,Javier Pastore,6,Argentina,1.73 m,20 de junio de 1989,Argentina
5401,Javier Saviola,6,Argentina,1.68 m,11 de diciembre de 1981,Argentina
239,Javier Toledo,41,Honduras,,30 de septiembre de 1959,Honduras
7883,Javier Valdivia,56,México,,4 de diciembre de 1941,México
7885,Javier Vargas,56,México,,22 de noviembre de 1941,México
5795,Javier Zanetti,51,Italia,1.78 m,10 de agosto de 1973,Italia
4080,Jawad Allahwardi,48,Irán,,16 de julio de 1954,Irán
8356,Jawad El-Yamiq,55,Marruecos,1.93 m,29 de febrero de 1992,Marruecos
2782,Jay Demerit,35,Estados Unidos,1.80 m,4 de diciembre de 1979,Estados Unidos
4517,Jay Jay Okocha,57,Nigeria,1.75 m,14 de agosto de 1973,Nigeria
3853,Jean-Alain Boumsong,36,Francia,1.90 m,14 de diciembre de 1979,Francia
3833,Jean Bastien,36,Francia,,21 de junio de 1915,Francia
636,Jean Beausejour,17,Chile,1.78 m,1 de junio de 1984,Chile
6561,Jean Brichaut,13,Bélgica,,29 de julio de 1911,Bélgica
6564,Jean Capelle,13,Bélgica,,26 de octubre de 1913,Bélgica
3866,Jean Castaneda,36,Francia,,20 de marzo de 1957,Francia
875,Jean-Charles Castelletto,14,Camerún,1.86 m,26 de enero de 1995,Camerún
6576,Jean Claessens,13,Bélgica,,18 de junio de 1908,Bélgica
2440,Jean Claude Desir,40,Haití,,8 de agosto de 1946,Haití
967,Jean Claude Pagal,14,Camerún,,15 de septiembre de 1964,Camerún
4010,Jean Claude Piumi,36,Francia,,27 de mayo de 1940,Francia
8183,Jean-Claude Schindelholz,74,Suiza,,11 de octubre de 1940,Suiza
6760,Jean-Daniel Akpa-Akpro,23,Costa de Marfil,1.80 m,11 de octubre de 1992,Costa de Marfil
6586,Jean De Bie,13,Bélgica,,18 de mayo de 1892,Bélgica
6589,Jean De Clerq,13,Bélgica,,17 de mayo de 1905,Bélgica
3904,Jean Djorkaeff,36,Francia,,27 de octubre de 1939,Francia
6620,Jean Fievez,13,Bélgica,,30 de noviembre de 1910,Bélgica
6593,Jean Francois De Sart,13,Bélgica,,18 de diciembre de 1961,Bélgica
3964,Jean-Francois Larios,36,Francia,,27 de agosto de 1956,Francia
2437,Jean-Hubert Austin,40,Haití,,23 de febrero de 1950,Haití
6782,Jean Jacques Gosso,23,Costa de Marfil,1.77 m,15 de marzo de 1983,Costa de Marfil
3986,Jean-Jacques Marcel,36,Francia,,13 de junio de 1931,Francia
6797,Jean-Jacques Tizie,23,Costa de Marfil,1.83 m,7 de septiembre de 1972,Costa de Marfil
3965,Jean Laurent,36,Francia,,30 de diciembre de 1906,Francia
3909,Jean-Luc Ettori,36,Francia,,29 de julio de 1955,Francia
6705,Jean-Maire Trappeniers,13,Bélgica,,13 de enero de 1942,Bélgica
922,Jean Makoun,14,Camerún,1.70 m,29 de mayo de 1983,Camerún
3913,Jean-Marc Ferreri,36,Francia,,26 de diciembre de 1962,Francia
3933,Jean-Marc Guillou,36,Francia,,20 de diciembre de 1945,Francia
6679,Jean-Marie Pfaff,13,Bélgica,,4 de diciembre de 1953,Bélgica
3998,Jean Nicolas,36,Francia,,9 de junio de 1913,Francia
963,Jean Onana,14,Camerún,,13 de octubre de 1951,Camerún
6902,Jean-Paul Abalo,75,Togo,1.77 m,26 de junio de 1975,Togo
3845,Jean-Paul Bertrand-Demanes,36,Francia,,13 de mayo de 1952,Francia
6678,Jean Petit,13,Bélgica,,25 de septiembre de 1949,Bélgica
6678,Jean Petit,13,Bélgica,,25 de febrero de 1914,Bélgica
462,Jean Pierre Fiala Fiala,67,República Checa,,22 de abril de 1969,República Checa
956,Jean-Pierre Nsame,14,Camerún,1.88 m,1 de mayo de 1993,Camerún
4002,Jean-Pierre Papin,36,Francia,,5 de noviembre de 1963,Francia
980,Jean-Pierre Tokoto,14,Camerún,,26 de enero de 1948,Camerún
8209,Jean Tamini,74,Suiza,,9 de diciembre de 1919,Suiza
6703,Jean Thissen,13,Bélgica,,21 de abril de 1946,Bélgica
4053,Jean Tigana,36,Francia,,23 de junio de 1955,Francia
6727,Jean Van Steen,13,Bélgica,,2 de junio de 1929,Bélgica
4070,Jean Vincent,36,Francia,,29 de noviembre de 1930,Francia
2739,Jeff Agoos,35,Estados Unidos,1.83 m,2 de mayo de 1968,Estados Unidos
1201,Jeff Astle,44,Inglaterra,,13 de mayo de 1942,Inglaterra
6718,Jeff Van Der Linden,13,Bélgica,,2 de noviembre de 1927,Bélgica
1665,Jefferson,11,Brasil,1.88 m,20 de enero de 1983,Brasil
2156,Jefferson Farfán,63,Perú,1.78 m,26 de octubre de 1984,Perú
2685,Jefferson Lerma,19,Colombia,1.82 m,25 de octubre de 1994,Colombia
50,Jefferson Montero,27,Ecuador,1.73 m,1 de septiembre de 1989,Ecuador
993,Jehoshua Faigenbaum,50,Israel,,5 de diciembre de 1947,Israel
7507,Jeno Buzanszky,42,Hungría,,4 de mayo de 1925,Hungría
7631,Jeno Vincze,42,Hungría,,20 de noviembre de 1908,Hungría
4194,Jens Bertelsen,26,Dinamarca,,15 de febrero de 1952,Dinamarca
6159,Jens Jeremies,1,Alemania,1.77 m,5 de marzo de 1974,Alemania
6197,Jens Lehmann,1,Alemania,1.90 m,10 de noviembre de 1969,Alemania
6236,Jens Nowotny,1,Alemania,1.84 m,11 de enero de 1974,Alemania
4241,Jens Stryger Larsen,26,Dinamarca,1.82 m,21 de febrero de 1991,Dinamarca
6971,Jeong-Ho Hong,21,Corea del Sur,1.86 m,12 de agosto de 1989,Corea del Sur
7029,Jeong Woon Ko,21,Corea del Sur,,27 de junio de 1966,Corea del Sur
6441,Jeremain Lens,60,Paises Bajos,1.78 m,24 de noviembre de 1987,Paises Bajos
6404,Jeremie Frimpong,60,Paises Bajos,1.71 m,10 de diciembre de 2000,Paises Bajos
5110,Jeremy Brockie,59,Nueva Zelanda,1.82 m,7 de octubre de 1987,Nueva Zelanda
5112,Jeremy Christie,59,Nueva Zelanda,1.80 m,22 de mayo de 1983,Nueva Zelanda
6613,Jeremy Doku,13,Bélgica,1.73 m,27 de mayo de 2002,Bélgica
70,Jeremy Sarmiento,27,Ecuador,1.78 m,16 de junio de 2002,Ecuador
4055,Jeremy Toulalan,36,Francia,1.83 m,10 de septiembre de 1983,Francia
1116,Jerko Leko,24,Croacia,1.86 m,9 de abril de 1980,Croacia
1256,Jermain Defoe,44,Inglaterra,1.70 m,7 de octubre de 1982,Inglaterra
1308,Jermaine Jenas,44,Inglaterra,1.80 m,18 de febrero de 1983,Inglaterra
7321,Jermaine Jones,7,Australia,1.83 m,16 de julio de 1981,Australia
6060,Jérôme Boateng,1,Alemania,1.92 m,3 de septiembre de 1988,Alemania
949,Jerome Ngom Mbekeli,14,Camerún,1.74 m,30 de septiembre de 1998,Camerún
192,Jerry Bengtson,41,Honduras,1.87 m,8 de abril de 1987,Honduras
8287,Jerry Sikhosana,72,Sudáfrica,,8 de junio de 1969,Sudáfrica
1992,Jervis Drummond,22,Costa Rica,1.72 m,8 de septiembre de 1976,Costa Rica
3051,Jerzy Dudek,64,Polonia,1.87 m,23 de marzo de 1973,Polonia
3069,Jerzy Gorgon,64,Polonia,,18 de julio de 1949,Polonia
4221,Jes Hogh,26,Dinamarca,,7 de mayo de 1966,Dinamarca
3363,Jesper Blomqvist,73,Suecia,,5 de febrero de 1974,Suecia
4201,Jesper Christiansen,26,Dinamarca,1.92 m,24 de abril de 1978,Dinamarca
4217,Jesper Gronkjaer,26,Dinamarca,1.87 m,12 de agosto de 1977,Dinamarca
4248,Jesper Lindstrom,26,Dinamarca,1.82 m,29 de febrero de 2000,Dinamarca
4265,Jesper Olsen,26,Dinamarca,,20 de marzo de 1961,Dinamarca
1326,Jesse Lingard,44,Inglaterra,1.75 m,15 de diciembre de 1992,Inglaterra
7648,Jesus Arellano,56,México,1.71 m,8 de mayo de 1973,México
4697,Jesus Bermudez,9,Bolivia,,1 de enero de 1902,Bolivia
7684,Jesus Castro,56,México,,,México
7694,José de Jesús Corona,56,México,1.84 m,26 de enero de 1981,México
7705,Jesus Del Muro,56,México,,30 de noviembre de 1937,México
2796,Jesus Ferreira,35,Estados Unidos,1.75 m,24 de diciembre de 2000,Estados Unidos
7726,Jesús Gallardo,56,México,1.74 m,15 de agosto de 1994,México
5270,Jesus Glaria,6,Argentina,,2 de enero de 1942,Argentina
2171,Jesus Goyzueta,63,Perú,,1 de enero de 1947,Perú
7693,Jesús Manuel Corona,56,México,1.73 m,6 de enero de 1993,México
7780,Jesus Martinez,56,México,,7 de junio de 1952,México
5003,Jesus Navas,34,España,1.72 m,21 de noviembre de 1985,España
5061,Jesus Satrustegui,34,España,,12 de enero de 1954,España
5097,Jesus Zamora,34,España,,1 de enero de 1955,España
1968,Jewison Bennette,22,Costa Rica,1.73 m,15 de junio de 2004,Costa Rica
48,Jhegson Méndez,27,Ecuador,1.75 m,26 de abril de 1997,Ecuador
232,Johnny Palacios,41,Honduras,1.82 m,20 de diciembre de 1986,Honduras
6927,Ji Hoon Baek,21,Corea del Sur,1.75 m,28 de febrero de 1985,Corea del Sur
7004,Ji Sung Kim,21,Corea del Sur,,7 de noviembre de 1924,Corea del Sur
7075,Ji Sung Park,21,Corea del Sur,1.75 m,25 de febrero de 1981,Corea del Sur
5504,Jiayi Shao,18,China,1.86 m,10 de abril de 1980,China
5506,Jihai Sun,18,China,1.82 m,30 de septiembre de 1977,China
8359,Jilali Fadili,55,Marruecos,,1 de enero de 1940,Marruecos
2287,Jim Bett,31,Escocia,,25 de noviembre de 1959,Escocia
2761,Jim Brown,35,Estados Unidos,,31 de diciembre de 1908,Estados Unidos
2236,Jim Cleary,47,Irlanda del Norte,,27 de mayo de 1956,Irlanda del Norte
2804,Jim Gentle,35,Estados Unidos,,21 de julio de 1904,Estados Unidos
2361,Jim Leighton,31,Escocia,,24 de julio de 1958,Escocia
2269,Jim Platt,47,Irlanda del Norte,,26 de enero de 1952,Irlanda del Norte
2407,Jim Stewart,31,Escocia,,9 de marzo de 1954,Escocia
6488,Jim Taylor,60,Paises Bajos,,5 de noviembre de 1917,Paises Bajos
1199,Jimmy Armfield,44,Inglaterra,,21 de septiembre de 1935,Inglaterra
2748,Jimmy Banks,35,Estados Unidos,,2 de septiembre de 1964,Estados Unidos
2288,Jimmy Binning,31,Escocia,,25 de julio de 1927,Escocia
2290,Jimmy Blyth,31,Escocia,,2 de febrero de 1955,Escocia
2773,Jimmy Conrad,35,Estados Unidos,1.88 m,12 de febrero de 1977,Estados Unidos
7302,Jimmy Davidson,7,Australia,,8 de noviembre de 1925,Australia
1258,Jimmy Dickinson,44,Inglaterra,,24 de abril de 1925,Inglaterra
2791,Jimmy Douglas,35,Estados Unidos,,12 de enero de 1898,Estados Unidos
3373,Jimmy Durmaz,73,Suecia,1.80 m,22 de marzo de 1989,Suecia
6412,Jimmy Floyd Hasselbaink,60,Paises Bajos,,27 de marzo de 1972,Paises Bajos
2802,Jimmy Gallagher,35,Estados Unidos,,7 de junio de 1901,Estados Unidos
1284,Jimmy Greaves,44,Inglaterra,,20 de febrero de 1940,Inglaterra
2354,Jimmy Johnstone,31,Escocia,,30 de septiembre de 1944,Escocia
7336,Jimmy Mackay,7,Australia,,19 de diciembre de 1943,Australia
2257,Jimmy Mcilroy,47,Irlanda del Norte,,25 de octubre de 1931,Irlanda del Norte
7344,Jimmy Milisavljevic,7,Australia,,15 de abril de 1951,Australia
1350,Jimmy Mullen,44,Inglaterra,,6 de enero de 1923,Inglaterra
2392,Jimmy Murray,31,Escocia,,4 de febrero de 1933,Escocia
2264,Jimmy Nicholl,47,Irlanda del Norte,,28 de diciembre de 1956,Irlanda del Norte
7359,Jimmy Rooney,7,Australia,,10 de octubre de 1945,Australia
236,Jimmy Steward,41,Honduras,,9 de diciembre de 1946,Honduras
6945,Jin Cheul Choi,21,Corea del Sur,1.87 m,26 de marzo de 1971,Corea del Sur
6940,Jin Ho Cho,21,Corea del Sur,,2 de agosto de 1973,Corea del Sur
7006,Jin-hyeon Kim,21,Corea del Sur,1.92 m,6 de julio de 1987,Corea del Sur
5496,Jin Jiang,18,China,1.98 m,7 de octubre de 1969,China
7005,Jin Kyu Kim,21,Corea del Sur,1.84 m,16 de febrero de 1985,Corea del Sur
7987,Jin-su Kim,20,Corea del Norte,1.77 m,13 de junio de 1992,Corea del Norte
449,Jiri Cadek,67,República Checa,,7 de diciembre de 1935,República Checa
461,Jiri Feureisl,67,República Checa,,3 de octubre de 1931,República Checa
475,Jiri Hledik,67,República Checa,,19 de abril de 1929,República Checa
538,Jiri Nemec,67,República Checa,,15 de mayo de 1966,República Checa
547,Jiri Pesek,67,República Checa,,4 de junio de 1927,República Checa
577,Jiri Sobotka,67,República Checa,,6 de junio de 1911,República Checa
579,Jiri Stajner,67,República Checa,1.85 m,27 de mayo de 1976,República Checa
7616,Jiri Tichy,42,Hungría,,6 de diciembre de 1933,Hungría
587,Jiri Trnka,67,República Checa,,2 de diciembre de 1926,República Checa
6986,Jo,21,Corea del Sur,1.89 m,20 de marzo de 1987,Corea del Sur
6547,Jo Backaert,13,Bélgica,,5 de agosto de 1921,Bélgica
4186,Joachim Andersen,26,Dinamarca,1.92 m,31 de mayo de 1996,Dinamarca
3362,Joachim Bjorklund,73,Suecia,1.85 m,15 de marzo de 1971,Suecia
2509,Joachim Fritsche,2,Alemania Oriental,,28 de octubre de 1951,Alemania Oriental
2522,Joachim Streich,2,Alemania Oriental,,13 de abril de 1951,Alemania Oriental
7847,Joahan Rodriguez,56,México,1.76 m,15 de agosto de 1975,México
4253,Joakim Maehle,26,Dinamarca,1.85 m,20 de mayo de 1997,Dinamarca
3474,Joakim Nilsson,73,Suecia,,31 de marzo de 1966,Suecia
4887,Joan Capdevila,34,España,1.82 m,3 de febrero de 1978,España
5063,Joan Segarra,34,España,,15 de noviembre de 1927,España
3204,João Cancelo,65,Portugal,1.82 m,27 de mayo de 1994,Portugal
3229,João Félix,65,Portugal,1.81 m,10 de noviembre de 1999,Portugal
3264,João Mário,65,Portugal,1.79 m,19 de enero de 1993,Portugal
3273,João Moutinho,65,Portugal,1.70 m,15 de septiembre de 1986,Portugal
3283,João Palhinha,65,Portugal,1.90 m,9 de julio de 1995,Portugal
3294,João Pereira,65,Portugal,1.72 m,25 de febrero de 1984,Portugal
3250,Joao Pinto,65,Portugal,1.71 m,19 de agosto de 1971,Portugal
3250,Joao Pinto,65,Portugal,,21 de noviembre de 1961,Portugal
7929,Joao Ricardo,3,Angola,1.80 m,7 de enero de 1970,Angola
67,Joao Rojas,27,Ecuador,1.72 m,14 de junio de 1989,Ecuador
4954,Joaquin,34,España,1.79 m,21 de julio de 1981,España
4954,Joaquin,34,España,,9 de junio de 1956,España
2420,Joaquin Arias,25,Cuba,,12 de noviembre de 1914,Cuba
7706,Joaquin Del Olmo,56,México,1.73 m,20 de abril de 1969,México
5019,Joaquin Peiro,34,España,,29 de enero de 1936,España
857,Joaquin Ventura,29,El Salvador,,27 de octubre de 1956,El Salvador
2528,Joe Allen,37,Gales,1.70 m,14 de marzo de 1990,Gales
5820,Joe Bizera,80,Uruguay,1.81 m,17 de mayo de 1980,Uruguay
1250,Joe Cole,44,Inglaterra,1.75 m,8 de noviembre de 1981,Inglaterra
1254,Joe Corrigan,44,Inglaterra,,18 de noviembre de 1948,Inglaterra
1091,Joe Didulica,24,Croacia,1.91 m,14 de octubre de 1977,Croacia
2801,Joe Gaetjens,35,Estados Unidos,,19 de marzo de 1924,Estados Unidos
2339,Joe Harper,31,Escocia,,11 de enero de 1948,Escocia
1288,Joe Hart,44,Inglaterra,1.91 m,19 de abril de 1987,Inglaterra
2356,Joe Jordan,31,Escocia,,15 de diciembre de 1951,Escocia
2838,Joe Maca,35,Estados Unidos,,28 de septiembre de 1920,Estados Unidos
2840,Joe Martinelli,35,Estados Unidos,,1 de enero de 1916,Estados Unidos
2849,Joe Max Moore,35,Estados Unidos,1.75 m,23 de febrero de 1971,Estados Unidos
2559,Joe Morrell,37,Gales,1.85 m,3 de enero de 1997,Gales
2562,Joe Rodon,37,Gales,1.93 m,22 de octubre de 1997,Gales
2879,Joe Scally,35,Estados Unidos,1.84 m,31 de diciembre de 2002,Estados Unidos
1667,Joel,11,Brasil,,1 de mayo de 1904,Brasil
1667,Joel,11,Brasil,,23 de noviembre de 1931,Brasil
3835,Joel Bats,36,Francia,,4 de enero de 1957,Francia
1668,Joel Camargo,11,Brasil,,18 de septiembre de 1946,Brasil
1977,Joel Campbell,22,Costa Rica,1.78 m,26 de junio de 1992,Costa Rica
892,Joel Epalle,14,Camerún,1.69 m,20 de febrero de 1978,Camerún
7328,Joel King,7,Australia,1.79 m,30 de octubre de 2000,Australia
926,Joel Matip,14,Camerún,1.94 m,8 de agosto de 1991,Camerún
4504,Joel Obi,57,Nigeria,1.77 m,22 de mayo de 1991,Nigeria
7867,Joel Sanchez,56,México,,17 de agosto de 1974,México
6524,Joël Veltman,60,Paises Bajos,1.83 m,15 de enero de 1992,Paises Bajos
2501,Joel Waterman,15,Canadá,1.85 m,24 de enero de 1996,Canadá
6062,Joerg Boehme,1,Alemania,1.78 m,22 de enero de 1974,Alemania
6127,Joerg Heinrich,1,Alemania,,6 de diciembre de 1969,Alemania
6369,Johan Boskamp,60,Paises Bajos,,21 de octubre de 1948,Paises Bajos
6378,Johan Cruyff,60,Paises Bajos,1.78 m,25 de abril de 1947,Paises Bajos
8073,Johan Djourou,74,Suiza,1.92 m,18 de enero de 1987,Suiza
3379,Johan Elmander,73,Suecia,1.88 m,27 de mayo de 1981,Suecia
3995,Johan Micoud,36,Francia,1.88 m,24 de julio de 1973,Francia
3465,Johan Mjallby,73,Suecia,1.86 m,9 de febrero de 1971,Suecia
2692,Johan Mojica,19,Colombia,1.79 m,21 de agosto de 1992,Colombia
6452,Johan Neeskens,60,Paises Bajos,,15 de septiembre de 1951,Paises Bajos
7887,Johan Vásquez,56,México,1.82 m,22 de octubre de 1998,México
2057,Johan Venegas,22,Costa Rica,1.83 m,27 de noviembre de 1988,Costa Rica
6754,Johan Walem,13,Bélgica,1.69 m,1 de febrero de 1972,Bélgica
1008,Johanan Vallach,50,Israel,,14 de mayo de 1945,Israel
7133,Jóhann Berg Gudmundsson,49,Islandia,1.78 m,27 de octubre de 1990,Islandia
4586,Johann Horvath,8,Austria,,20 de mayo de 1903,Austria
4627,Johann Pregesbauer,8,Austria,,8 de junio de 1958,Austria
4634,Johann Riegler,8,Austria,,17 de julio de 1929,Austria
8212,Johann Vogel,74,Suiza,1.75 m,8 de marzo de 1977,Suiza
4663,Johann Walzhofer,8,Austria,,23 de marzo de 1906,Austria
6608,Johannes Devrindt,13,Bélgica,,14 de abril de 1944,Bélgica
2280,John Aird,31,Escocia,,18 de febrero de 1926,Escocia
7441,John Aldridge,46,Irlanda,,18 de septiembre de 1958,Irlanda
7283,John Aloisi,7,Australia,1.88 m,5 de febrero de 1976,Australia
3335,John Alvbage,73,Suecia,1.87 m,10 de agosto de 1982,Suecia
2283,John Anderson,31,Escocia,,8 de diciembre de 1929,Escocia
3827,John Aston,36,Francia,,3 de septiembre de 1921,Francia
1210,John Barnes,44,Inglaterra,,7 de noviembre de 1963,Inglaterra
2289,John Blackley,31,Escocia,,12 de mayo de 1948,Escocia
6370,John Bosman,60,Paises Bajos,,1 de febrero de 1965,Paises Bajos
1467,John Boye,38,Ghana,1.84 m,23 de abril de 1987,Ghana
2760,John Anthony Brooks,35,Estados Unidos,1.93 m,28 de enero de 1993,Estados Unidos
7445,John Byrne,46,Irlanda,,1 de febrero de 1961,Irlanda
2536,John Charles,37,Gales,,27 de diciembre de 1931,Gales
2305,John Collins,31,Escocia,,31 de enero de 1968,Escocia
1251,John Connelly,44,Inglaterra,,18 de julio de 1938,Inglaterra
2311,John Coyle,31,Escocia,,28 de septiembre de 1932,Escocia
6395,John De Wolf,60,Paises Bajos,,10 de diciembre de 1962,Paises Bajos
2792,John Doyle,35,Estados Unidos,,16 de marzo de 1966,Estados Unidos
2542,John Elsworthy,37,Gales,,26 de julio de 1931,Gales
4211,John Eriksen,26,Dinamarca,,20 de noviembre de 1957,Dinamarca
3397,John Guidetti,73,Suecia,1.85 m,15 de abril de 1992,Suecia
2813,John Harkes,35,Estados Unidos,,8 de marzo de 1967,Estados Unidos
1290,John Haynes,44,Inglaterra,,17 de octubre de 1934,Inglaterra
6413,John Heitinga,60,Paises Bajos,1.82 m,15 de noviembre de 1983,Paises Bajos
2345,John Hewie,31,Escocia,,12 de diciembre de 1928,Escocia
5121,John Hill,59,Nueva Zelanda,,7 de enero de 1950,Nueva Zelanda
2250,John Jameson,47,Irlanda del Norte,,11 de marzo de 1958,Irlanda del Norte
2687,John Lozano,19,Colombia,1.90 m,30 de marzo de 1972,Colombia
2366,John Mackenzie,31,Escocia,,4 de septiembre de 1925,Escocia
2253,John Mcclelland,47,Irlanda del Norte,,7 de diciembre de 1955,Irlanda del Norte
1486,John Mensah,38,Ghana,1.77 m,29 de noviembre de 1982,Ghana
8273,John Moshoeu,72,Sudáfrica,1.77 m,18 de diciembre de 1965,Sudáfrica
4505,John Obi Mikel,57,Nigeria,1.88 m,22 de abril de 1987,Nigeria
2856,John O'Brien,35,Estados Unidos,1.78 m,29 de agosto de 1977,Estados Unidos
4514,John Ogu,57,Nigeria,1.92 m,20 de abril de 1988,Nigeria
5942,John O'Neill,80,Uruguay,,11 de marzo de 1958,Uruguay
1495,John Pantsil,38,Ghana,1.78 m,15 de junio de 1981,Ghana
8427,John Perez,61,Panamá,,21 de febrero de 1970,Panamá
2401,John Robertson,31,Escocia,,20 de enero de 1953,Escocia
7484,John Sheridan,46,Irlanda,,1 de octubre de 1964,Irlanda
4282,John Sivebaek,26,Dinamarca,,25 de octubre de 1961,Dinamarca
2884,John Souza,35,Estados Unidos,,12 de julio de 1920,Estados Unidos
2887,John Stollmeyer,35,Estados Unidos,,25 de octubre de 1962,Estados Unidos
1406,John Stones,44,Inglaterra,1.88 m,28 de mayo de 1994,Inglaterra
1411,John Terry,44,Inglaterra,1.87 m,7 de diciembre de 1980,Inglaterra
4539,John Utaka,57,Nigeria,1.79 m,8 de enero de 1982,Nigeria
6707,John Van Alphen,13,Bélgica,,17 de junio de 1914,Bélgica
6514,John Van Loen,60,Paises Bajos,,4 de febrero de 1965,Paises Bajos
2413,John Wark,31,Escocia,,4 de agosto de 1957,Escocia
7380,John Warren,7,Australia,,17 de mayo de 1943,Australia
7381,John Watkiss,7,Australia,,28 de marzo de 1941,Australia
2737,Johnny Acosta,35,Estados Unidos,1.76 m,21 de julio de 1983,Estados Unidos
3378,Johnny Ekstrom,73,Suecia,,5 de marzo de 1965,Suecia
687,Johnny Herrera,17,Chile,1.84 m,9 de mayo de 1981,Chile
8139,Johnny Leoni,74,Suiza,1.89 m,30 de junio de 1984,Suiza
6468,Johnny Rep,60,Paises Bajos,,25 de noviembre de 1951,Paises Bajos
4037,Johnny Schuth,36,Francia,,7 de diciembre de 1941,Francia
6493,Johnny Van 'T Schip,60,Paises Bajos,,30 de diciembre de 1963,Paises Bajos
7127,Jón Dadi Bödvarsson,49,Islandia,1.90 m,25 de mayo de 1992,Islandia
4288,Jon Dahl Tomasson,26,Dinamarca,1.82 m,29 de agosto de 1976,Dinamarca
7745,Jonas Gutierrez,56,México,1.82 m,5 de julio de 1983,México
6125,Jonas Hector,1,Alemania,1.85 m,27 de mayo de 1990,Alemania
6145,Jonas Hofmann,1,Alemania,1.76 m,14 de julio de 1992,Alemania
4235,Jonas Knudsen,26,Dinamarca,1.85 m,16 de septiembre de 1992,Dinamarca
4249,Jonas Lössl,26,Dinamarca,1.95 m,1 de febrero de 1989,Dinamarca
8161,Jonas Omlin,74,Suiza,1.90 m,10 de enero de 1994,Suiza
3525,Jonas Thern,73,Suecia,,20 de marzo de 1967,Suecia
4292,Jonas Wind,26,Dinamarca,1.90 m,7 de febrero de 1999,Dinamarca
2758,Jonathan Bornstein,35,Estados Unidos,1.75 m,7 de noviembre de 1984,Estados Unidos
2462,Jonathan David,15,Canadá,1.75 m,14 de enero de 2000,Canadá
5278,Jonathan de Guzmán,6,Argentina,1.74 m,13 de septiembre de 1987,Argentina
7247,Jonathan dos Santos,78,Túnez,1.73 m,26 de abril de 1990,Túnez
2333,Jonathan Gould,31,Escocia,,18 de julio de 1968,Escocia
1486,Jonathan Mensah,38,Ghana,1.82 m,13 de julio de 1990,Ghana
7813,Jonathan Osorio,56,México,1.75 m,12 de junio de 1992,México
4420,Jonathan Santana,62,Paraguay,1.81 m,19 de octubre de 1981,Paraguay
2885,Jonathan Spector,35,Estados Unidos,1.83 m,1 de marzo de 1986,Estados Unidos
6020,Jonathan Urretaviscaya,80,Uruguay,1.74 m,19 de marzo de 1990,Uruguay
7008,Jong Boo Kim,21,Corea del Sur,,3 de noviembre de 1965,Corea del Sur
7098,Jong-gyu Yoon,21,Corea del Sur,1.73 m,20 de marzo de 1998,Corea del Sur
7098,Jong Hwan Yoon,21,Corea del Sur,1.73 m,16 de febrero de 1973,Corea del Sur
7969,Jong Hyok Cha,20,Corea del Norte,1.78 m,25 de septiembre de 1985,Corea del Norte
7059,Jong Kap Li,21,Corea del Sur,,18 de marzo de 1920,Corea del Sur
6956,Jong Son Chung,21,Corea del Sur,,20 de marzo de 1966,Corea del Sur
6957,Jong Soo Chung,21,Corea del Sur,,27 de marzo de 1961,Corea del Sur
7030,Jong Soo Ko,21,Corea del Sur,,30 de octubre de 1978,Corea del Sur
7043,Jong Uwa Lee,21,Corea del Sur,,20 de julio de 1963,Corea del Sur
7076,Jong-Woo Park,21,Corea del Sur,1.80 m,10 de marzo de 1989,Corea del Sur
7775,Jonny Magallon,56,México,1.78 m,21 de noviembre de 1981,México
2570,Jonny Williams,37,Gales,1.68 m,9 de octubre de 1993,Gales
7077,Joo-Ho Park,21,Corea del Sur,1.76 m,16 de enero de 1987,Corea del Sur
7009,Joo Sung Kim,21,Corea del Sur,,17 de enero de 1966,Corea del Sur
6415,Joop Hiele,60,Paises Bajos,,25 de diciembre de 1958,Paises Bajos
6516,Joop Van Nellen,60,Paises Bajos,,15 de marzo de 1910,Paises Bajos
1464,Jordan Ayew,38,Ghana,1.82 m,11 de septiembre de 1991,Ghana
1291,Jordan Henderson,44,Inglaterra,1.83 m,17 de junio de 1990,Inglaterra
7475,Jordan Morris,46,Irlanda,1.83 m,26 de octubre de 1994,Irlanda
1367,Jordan Pickford,44,Inglaterra,1.85 m,7 de marzo de 1994,Inglaterra
4066,Jordan Veretout,36,Francia,1.77 m,1 de marzo de 1993,Francia
4850,Jordi Alba,34,España,1.70 m,21 de marzo de 1989,España
6376,Jordy Clasie,60,Paises Bajos,1.69 m,27 de junio de 1991,Paises Bajos
5809,Jorge Andrade,80,Uruguay,1.84 m,9 de abril de 1978,Uruguay
4693,Jorge Argote,9,Bolivia,,1 de enero de 1906,Bolivia
4695,Jorge Balderrama,9,Bolivia,,12 de diciembre de 1906,Bolivia
5815,Jorge Barrios,80,Uruguay,,24 de enero de 1961,Uruguay
4318,Jorge Battaglia,62,Paraguay,,12 de mayo de 1960,Paraguay
2645,Jorge Bermudez,19,Colombia,,18 de junio de 1971,Colombia
2646,Jorge Bolano,19,Colombia,1.72 m,28 de abril de 1977,Colombia
5192,Jorge Borelli,6,Argentina,,2 de noviembre de 1964,Argentina
5200,Jorge Burruchaga,6,Argentina,,9 de octubre de 1962,Argentina
7674,Jorge Campos,56,México,1.75 m,15 de octubre de 1966,México
7674,Jorge Campos,56,México,1.75 m,11 de agosto de 1970,México
5211,Jorge Carrascosa,6,Argentina,,15 de agosto de 1948,Argentina
201,Jorge Claros,41,Honduras,1.76 m,8 de enero de 1986,Honduras
4902,Jorge Costa,34,España,1.88 m,14 de octubre de 1971,España
5851,Jorge Da Silva,80,Uruguay,,11 de diciembre de 1961,Uruguay
5875,Jorge Fucile,80,Uruguay,1.77 m,19 de noviembre de 1984,Uruguay
2166,Jorge Gongora,63,Perú,,12 de octubre de 1906,Perú
828,Jorge Gonzalez,29,El Salvador,,13 de mayo de 1958,El Salvador
35,Jorge Guagua,27,Ecuador,1.79 m,28 de septiembre de 1981,Ecuador
4376,Jorge Guasch,62,Paraguay,,17 de enero de 1961,Paraguay
5914,Jorge Manicera,80,Uruguay,,4 de noviembre de 1938,Uruguay
3253,Jorge Martins,65,Portugal,,22 de agosto de 1954,Portugal
1669,Jorge Mendonca,11,Brasil,,6 de junio de 1954,Brasil
5941,Jorge Núñez,80,Uruguay,1.76 m,22 de enero de 1978,Uruguay
5941,Jorge Núñez,80,Uruguay,,18 de octubre de 1961,Uruguay
2193,Jorge Olaechea,63,Perú,,27 de agosto de 1956,Perú
5333,Jorge Olguin,6,Argentina,,17 de mayo de 1952,Argentina
5011,Jorge Otero,34,España,,28 de enero de 1969,España
2195,Jorge Pardon,63,Perú,,4 de marzo de 1905,Perú
744,Jorge Robledo,17,Chile,,14 de abril de 1926,Chile
7848,Jorge Rodriguez,56,México,,18 de abril de 1968,México
7850,Jorge Romero,56,México,,23 de septiembre de 1937,México
7851,Jorge Romo,56,México,,20 de abril de 1923,México
7866,Jorge Sánchez,56,México,1.70 m,10 de diciembre de 1997,México
2212,Jorge Sarmiento,63,Perú,,2 de noviembre de 1900,Perú
763,Jorge Socias,17,Chile,,6 de octubre de 1951,Chile
5410,Jorge Solari,6,Argentina,,11 de noviembre de 1941,Argentina
771,Jorge Toro,17,Chile,,10 de enero de 1939,Chile
7880,Jorge Torres,56,México,1.82 m,16 de enero de 1988,México
5430,Jorge Valdano,6,Argentina,,4 de octubre de 1955,Argentina
778,Jorge Valdivia,17,Chile,1.73 m,19 de octubre de 1983,Chile
3354,Jorgen Augustsson,73,Suecia,,28 de octubre de 1952,Suecia
7421,Jorgen Juve,58,Noruega,,22 de noviembre de 1906,Noruega
1670,Jorginho,11,Brasil,,17 de agosto de 1964,Brasil
6446,Joris Mathijsen,60,Paises Bajos,1.82 m,5 de abril de 1980,Paises Bajos
6722,Jos Van Ingelgem,13,Bélgica,,23 de enero de 1919,Bélgica
4853,Jose Alexanko,34,España,,19 de septiembre de 1956,España
5519,Jose Altafini,51,Italia,,24 de julio de 1938,Italia
5809,Jose Andrade,80,Uruguay,,22 de noviembre de 1901,Uruguay
3254,Jose Antonio,65,Portugal,,29 de octubre de 1957,Portugal
7673,Jose Antonio Camacho,56,México,,8 de junio de 1955,México
5043,Jose Antonio Reyes,34,España,1.75 m,1 de septiembre de 1983,España
3255,Jose Augusto,65,Portugal,,13 de abril de 1937,Portugal
5178,José Basanta,6,Argentina,1.88 m,3 de abril de 1984,Argentina
5179,Jose Basualdo,6,Argentina,,20 de junio de 1963,Argentina
5816,Jose Batista,80,Uruguay,,6 de marzo de 1962,Uruguay
7662,Jose Borbolla,56,México,,31 de enero de 1920,México
7669,Jose Brown,56,México,,10 de noviembre de 1956,México
196,Jose Bulnes,41,Honduras,,21 de octubre de 1946,Honduras
4701,Jose Bustamante,9,Bolivia,,1 de enero de 1907,Bolivia
4702,Jose Bustamante-Nava,9,Bolivia,,5 de marzo de 1922,Bolivia
8416,José Calderón,61,Panamá,1.87 m,14 de agosto de 1985,Panamá
4883,Jose Camarasa,34,España,,27 de septiembre de 1967,España
4342,Jose Cardozo,62,Paraguay,1.83 m,19 de marzo de 1971,Paraguay
3256,Jose Carlos,65,Portugal,,22 de septiembre de 1941,Portugal
2140,José Carvallo,63,Perú,1.83 m,1 de marzo de 1986,Perú
7685,Jose Castro,56,México,1.73 m,11 de agosto de 1980,México
20,Jose Cevallos,27,Ecuador,1.82 m,17 de abril de 1971,Ecuador
5216,Jose Chamot,6,Argentina,1.85 m,17 de mayo de 1969,Argentina
1983,Jose Chaves,22,Costa Rica,,3 de septiembre de 1958,Costa Rica
22,José Cifuentes,27,Ecuador,1.78 m,12 de marzo de 1999,Ecuador
204,Jose Cruz,41,Honduras,,12 de junio de 1949,Honduras
1989,José Cubero,22,Costa Rica,1.80 m,14 de febrero de 1987,Costa Rica
5228,Jose Cuciuffo,6,Argentina,,1 de febrero de 1961,Argentina
5837,Jose Del Castillo,80,Uruguay,,1 de enero de 1943,Uruguay
5233,Jose Della Torre,6,Argentina,,23 de marzo de 1906,Argentina
2158,Jose Fernandez,63,Perú,,14 de febrero de 1939,Perú
2657,José Fernando Cuadrado,19,Colombia,,1 de junio de 1985,Colombia
210,Jose Figueroa,41,Honduras,,15 de diciembre de 1959,Honduras
7720,Jose Fonseca,56,México,1.84 m,2 de octubre de 1979,México
3236,José Fonte,65,Portugal,1.87 m,22 de diciembre de 1983,Portugal
678,José Fuenzalida,17,Chile,1.68 m,22 de febrero de 1985,Chile
8423,Jose Gomez,61,Panamá,,23 de octubre de 1949,Panamá
2169,Jose Gonzales Ganoza,63,Perú,,10 de julio de 1954,Perú
7738,Jose Gonzalez,56,México,,14 de septiembre de 1942,México
5898,Jose Herrera,80,Uruguay,,17 de junio de 1965,Uruguay
2587,José Holebas,39,Grecia,1.84 m,27 de junio de 1984,Grecia
832,Jose Huezo,29,El Salvador,,6 de junio de 1956,El Salvador
4950,Jose Iribar,34,España,,1 de marzo de 1943,España
2683,José Izquierdo,19,Colombia,1.71 m,7 de julio de 1992,Colombia
2011,Jose Jaikel,22,Costa Rica,,3 de abril de 1966,Costa Rica
833,Jose Jovel,29,El Salvador,,26 de mayo de 1951,El Salvador
7888,José Juan Vázquez,56,México,1.66 m,14 de marzo de 1988,México
4960,Jose Juncosa,34,España,,2 de febrero de 1922,España
7763,Jose Lamadrid,56,México,,3 de julio de 1930,México
4391,Jose Leon Miracca,62,Paraguay,,23 de septiembre de 1903,Paraguay
4884,Jose Luis Caminero,34,España,,8 de noviembre de 1967,España
4348,Jose Luis Chilavert,62,Paraguay,1.94 m,27 de julio de 1965,Paraguay
8430,José Luis Rodríguez,61,Panamá,,19 de junio de 1998,Panamá
8430,José Luis Rodríguez,61,Panamá,1.83 m,14 de marzo de 1997,Panamá
2428,Jose Magrina,25,Cuba,,20 de marzo de 1912,Cuba
5373,Jose Manuel Ramos Delgado,6,Argentina,,26 de agosto de 1935,Argentina
4872,Jose Maria Bakero,34,España,,11 de febrero de 1963,España
4923,Jose Maria Fuste,34,España,,15 de abril de 1941,España
5882,José María Giménez,80,Uruguay,1.85 m,20 de enero de 1995,Uruguay
2177,Jose Maria Lavalle,63,Perú,,5 de junio de 1911,Perú
4993,Jose Molina,34,España,,8 de agosto de 1970,España
4393,Jose Montiel,62,Paraguay,1.75 m,19 de marzo de 1988,Paraguay
4999,Jose Muguerza,34,España,,15 de septiembre de 1911,España
841,Jose Munguia,29,El Salvador,,28 de octubre de 1959,El Salvador
7801,Jose Naranjo,56,México,,19 de marzo de 1926,México
5940,Jose Nasazzi,80,Uruguay,,24 de mayo de 1901,Uruguay
7803,Jose Navarro,56,México,,,México
7803,Jose Navarro,56,México,,24 de septiembre de 1948,México
228,Jose Nazar,41,Honduras,,7 de septiembre de 1953,Honduras
5330,Jose Nehin,6,Argentina,,1 de enero de 1911,Argentina
4725,Jose Noya,9,Bolivia,,,Bolivia
5006,Jose Ochotorena,34,España,,16 de enero de 1961,España
5014,Jose Panizo,34,España,,6 de febrero de 1922,España
4405,Jose Parodi,62,Paraguay,,30 de agosto de 1932,Paraguay
5016,Jose Parra,34,España,,28 de agosto de 1925,España
5352,Jose Pastoriza,6,Argentina,,23 de mayo de 1942,Argentina
2702,Jose Pazo,19,Colombia,,4 de abril de 1964,Colombia
5952,Jose Perdomo,80,Uruguay,,5 de enero de 1965,Uruguay
3257,Jose Pereira,65,Portugal,,15 de septiembre de 1931,Portugal
2706,Jose Perez,19,Colombia,,24 de octubre de 1963,Colombia
57,Jose Perlaza,27,Ecuador,1.93 m,6 de octubre de 1981,Ecuador
5963,Jose Pintos,80,Uruguay,,25 de marzo de 1964,Uruguay
2037,Jose Porras,22,Costa Rica,1.84 m,8 de noviembre de 1970,Costa Rica
846,Jose Quintanilla,29,El Salvador,,29 de octubre de 1947,El Salvador
4311,Jose Raul Aveiro,62,Paraguay,,18 de julio de 1936,Paraguay
7839,Jose Reyes,56,México,,12 de octubre de 1955,México
850,Jose Rivas,29,El Salvador,,12 de mayo de 1958,El Salvador
7841,Jose Roca,56,México,,24 de mayo de 1928,México
2430,Jose Rodriguez,25,Cuba,,,Cuba
750,José Rojas,17,Chile,1.76 m,23 de junio de 1983,Chile
854,Jose Rugamas,29,El Salvador,,5 de junio de 1953,El Salvador
7855,Jose Ruiz,56,México,,1 de enero de 1904,México
3311,José Sá,65,Portugal,1.92 m,17 de enero de 1993,Portugal
7858,Jose Salazar,56,México,,26 de octubre de 1963,México
7861,Jose Salgado,56,México,,3 de abril de 1966,México
7867,Jose Sanchez,56,México,,8 de octubre de 1956,México
5397,Jose Sanfilippo,6,Argentina,,4 de mayo de 1935,Argentina
2719,Jose Santa,19,Colombia,,12 de septiembre de 1970,Colombia
5990,Jose Santamaria,80,Uruguay,,31 de julio de 1929,Uruguay
5994,Jose Sasia,80,Uruguay,,27 de diciembre de 1933,Uruguay
5406,Jose Serrizuela,6,Argentina,,10 de junio de 1962,Argentina
761,Jose Sierra,17,Chile,,5 de diciembre de 1968,Chile
3322,Jose Torres,65,Portugal,,8 de septiembre de 1938,Portugal
5080,Jose Ufarte,34,España,,17 de mayo de 1941,España
6021,Jose Urruzmendi,80,Uruguay,,25 de agosto de 1944,Uruguay
5431,Jose Valencia,6,Argentina,,3 de octubre de 1955,Argentina
5432,Jose Van Tuyne,6,Argentina,,13 de diciembre de 1954,Argentina
7884,Jose Vantolra,56,México,,30 de marzo de 1943,México
5433,Jose Varacka,6,Argentina,,27 de mayo de 1932,Argentina
2222,Jose Velasquez,63,Perú,,4 de junio de 1952,Perú
7895,Jose Villegas,56,México,,20 de junio de 1934,México
4915,Joseba Etxeberria,34,España,1.77 m,5 de septiembre de 1977,España
4552,Josef Bican,8,Austria,,25 de septiembre de 1913,Austria
442,Josef Bomba,67,República Checa,,30 de marzo de 1939,República Checa
456,Josef Ctyroky,67,República Checa,,30 de septiembre de 1906,República Checa
4558,Josef Degeorgi,8,Austria,,19 de enero de 1960,Austria
6102,Josef Gauchel,1,Alemania,,11 de septiembre de 1916,Alemania
4575,Josef Hassmann,8,Austria,,21 de mayo de 1910,Austria
4580,Josef Hickersberger,8,Austria,,27 de abril de 1948,Austria
487,Josef Jelinek,67,República Checa,,9 de enero de 1942,República Checa
495,Josef Kadraba,67,República Checa,,29 de septiembre de 1933,República Checa
506,Josef Kostalek,67,República Checa,,31 de agosto de 1909,República Checa
521,Josef Ludl,67,República Checa,,3 de junio de 1916,República Checa
1120,Josef Majer,24,Croacia,,8 de junio de 1925,Croacia
528,Josef Masopust,67,República Checa,,9 de febrero de 1931,República Checa
542,Josef Orth,67,República Checa,,,República Checa
573,Josef Silny,67,República Checa,,23 de enero de 1902,República Checa
4648,Josef Smistik,8,Austria,,28 de noviembre de 1905,Austria
582,Josef Stibranyi,67,República Checa,,11 de abril de 1940,República Checa
6289,Josef Streb,1,Alemania,,16 de abril de 1912,Alemania
6292,Josef Stroh,1,Alemania,,5 de marzo de 1913,Alemania
597,Josef Zeman,67,República Checa,,23 de enero de 1915,República Checa
1454,Joseph Aidoo,38,Ghana,1.84 m,29 de septiembre de 1995,Ghana
3821,Joseph Alcazar,36,Francia,,15 de junio de 1911,Francia
872,Joseph-Antoine Bell,14,Camerún,,8 de octubre de 1954,Camerún
3850,Joseph Bonnel,36,Francia,,4 de enero de 1939,Francia
907,Joseph-Desire Job,14,Camerún,1.80 m,1 de diciembre de 1977,Camerún
886,Joseph Elanga,14,Camerún,,2 de mayo de 1979,Camerún
889,Joseph Enanga,14,Camerún,,18 de noviembre de 1956,Camerún
3927,Joseph Gonzalez,36,Francia,,19 de febrero de 1907,Francia
911,Joseph Kamga,14,Camerún,,17 de agosto de 1953,Camerún
2447,Joseph-Marion Leandre,40,Haití,,9 de mayo de 1945,Haití
6654,Joseph Mermans,13,Bélgica,,16 de febrero de 1922,Bélgica
944,Joseph Ndo,14,Camerún,1.79 m,28 de abril de 1976,Camerún
6666,Joseph Nelis,13,Bélgica,,1 de abril de 1917,Bélgica
6752,Joseph Vliers,13,Bélgica,,18 de diciembre de 1932,Bélgica
4544,Joseph Yobo,57,Nigeria,1.85 m,6 de septiembre de 1980,Nigeria
7357,Josh Risdon,7,Australia,1.76 m,27 de julio de 1992,Australia
2878,Josh Sargent,35,Estados Unidos,1.85 m,20 de febrero de 2000,Estados Unidos
2901,Josh Wolff,35,Estados Unidos,1.75 m,25 de febrero de 1977,Estados Unidos
7326,Joshua Kennedy,7,Australia,1.92 m,20 de agosto de 1982,Australia
6170,Joshua Kimmich,1,Alemania,1.77 m,8 de febrero de 1995,Alemania
1912,Josif Moravetz,68,Rumania,,14 de enero de 1911,Rumania
1671,Josimar,11,Brasil,,19 de septiembre de 1961,Brasil
8074,Josip Drmic,74,Suiza,1.84 m,8 de agosto de 1992,Suiza
1101,Josip Juranovic,24,Croacia,1.73 m,16 de agosto de 1995,Croacia
3615,Josip Katalinski,71,Serbia,,12 de mayo de 1948,Serbia
1131,Josip Pivarić,24,Croacia,1.76 m,29 de enero de 1989,Croacia
1145,Josip Simunic,24,Croacia,1.95 m,18 de febrero de 1978,Croacia
3724,Josip Skoblar,71,Serbia,,12 de marzo de 1941,Serbia
7367,Josip Skoko,7,Australia,1.77 m,10 de diciembre de 1975,Australia
1150,Josip Stanisic,24,Croacia,1.86 m,2 de abril de 2000,Croacia
1156,Josip Sutalo,24,Croacia,1.90 m,28 de febrero de 2000,Croacia
6755,Josip Weber,13,Bélgica,,16 de noviembre de 1964,Bélgica
1095,Josko Gvardiol,24,Croacia,1.85 m,23 de enero de 2002,Croacia
7402,Jostein Flo,58,Noruega,,3 de octubre de 1964,Noruega
1672,Josue,11,Brasil,1.69 m,19 de julio de 1979,Brasil
1915,Joszef Nagy,68,Rumania,,,Rumania
3773,Jovan Acimovic,33,Eslovenia,,21 de junio de 1948,Eslovenia
432,Jozef Adamec,67,República Checa,,26 de febrero de 1942,República Checa
434,Jozef Barmos,67,República Checa,,28 de agosto de 1954,República Checa
451,Jozef Capkovic,67,República Checa,,11 de enero de 1948,República Checa
455,Jozef Chovanec,67,República Checa,,7 de marzo de 1960,República Checa
491,Jozef Jurkanin,67,República Checa,,5 de marzo de 1949,República Checa
3095,Jozef Korbas,64,Polonia,,11 de noviembre de 1914,Polonia
516,Jozef Kukucka,67,República Checa,,13 de marzo de 1957,República Checa
3128,Jozef Mlynarczyk,64,Polonia,,20 de septiembre de 1953,Polonia
3174,Jozef Wandzik,64,Polonia,,13 de agosto de 1963,Polonia
7491,Jozsef Andrusch,42,Hungría,,31 de marzo de 1956,Hungría
7495,Jozsef Bencsis,42,Hungría,,6 de agosto de 1933,Hungría
7503,Jozsef Bozsik,42,Hungría,,28 de noviembre de 1925,Hungría
7512,Jozsef Csuhay,42,Hungría,,12 de julio de 1957,Hungría
7528,Jozsef Gelei,42,Hungría,,29 de junio de 1938,Hungría
7534,Jozsef Hada,42,Hungría,,2 de marzo de 1911,Hungría
7542,Jozsef Kardos,42,Hungría,,22 de marzo de 1960,Hungría
7548,Jozsef Kiprich,42,Hungría,,6 de septiembre de 1963,Hungría
7577,Jozsef Nagy,42,Hungría,,21 de octubre de 1960,Hungría
7580,Jozsef Palinkas,42,Hungría,,1 de enero de 1912,Hungría
7607,Jozsef Szendrei,42,Hungría,,25 de abril de 1954,Hungría
7623,Jozsef Toth,42,Hungría,,16 de mayo de 1929,Hungría
7623,Jozsef Toth,42,Hungría,,2 de diciembre de 1951,Hungría
7624,Jozsef Turay,42,Hungría,,1 de marzo de 1905,Hungría
7625,Jozsef Vago,42,Hungría,,1 de enero de 1906,Hungría
7628,Jozsef Varga,42,Hungría,,9 de octubre de 1954,Hungría
7632,Jozsef Zakarias,42,Hungría,,25 de marzo de 1924,Hungría
2741,Jozy Altidore,35,Estados Unidos,1.85 m,6 de noviembre de 1989,Estados Unidos
1673,Juan,11,Brasil,1.82 m,1 de febrero de 1979,Brasil
4847,Juan Acuña,34,España,,14 de febrero de 1923,España
4297,Juan Aguero,62,Paraguay,,24 de junio de 1935,Paraguay
5802,Juan Aguilera,80,Uruguay,,,Uruguay
2221,Juan Alfonso Valle,63,Perú,,1 de enero de 1905,Perú
2419,Juan Alonso,25,Cuba,,1 de enero de 1911,Cuba
5810,Juan Anselmo,80,Uruguay,,30 de abril de 1902,Uruguay
5064,Juan Antonio Senor,34,España,,26 de agosto de 1958,España
2421,Juan Ayra,25,Cuba,,1 de enero de 1911,Cuba
5176,Juan Barbas,6,Argentina,,23 de agosto de 1959,Argentina
5195,Juan Botasso,6,Argentina,,23 de octubre de 1908,Argentina
5824,Juan Burgueno,80,Uruguay,,1 de enero de 1923,Uruguay
2136,Juan Caceres,63,Perú,,27 de diciembre de 1949,Perú
4846,Juan Carlos Ablanedo,34,España,,2 de septiembre de 1963,España
16,Juan Carlos Burbano,27,Ecuador,1.74 m,15 de febrero de 1969,Ecuador
5829,Juan Carlos Calvo,80,Uruguay,,26 de junio de 1906,Uruguay
4365,Juan Carlos Franco,62,Paraguay,1.79 m,17 de abril de 1973,Paraguay
212,Juan Carlos García,41,Honduras,1.88 m,8 de marzo de 1988,Honduras
5891,Juan Carlos Gonzalez,80,Uruguay,,22 de agosto de 1924,Uruguay
2192,Juan Carlos Oblitas,63,Perú,,16 de febrero de 1951,Perú
56,Juan Carlos Paredes,27,Ecuador,1.74 m,8 de junio de 1987,Ecuador
5086,Juan Carlos Valeron,34,España,1.80 m,17 de junio de 1975,España
7679,Juan Carreno,56,México,,14 de agosto de 1907,México
5837,Juan Castillo,80,Uruguay,1.81 m,17 de abril de 1978,Uruguay
1979,Juan Cayasso,22,Costa Rica,,24 de junio de 1961,Costa Rica
7688,Juan Chavez,56,México,,18 de enero de 1967,México
205,Juan Cruz,41,Honduras,,27 de febrero de 1959,Honduras
5246,Juan Evaristo,6,Argentina,,20 de junio de 1902,Argentina
5256,Juan Foyth,6,Argentina,1.88 m,12 de enero de 1998,Argentina
8423,Juan Gomez,61,Panamá,,26 de junio de 1924,Panamá
826,Juan Gualberto Fernandez,29,El Salvador,,12 de julio de 1941,El Salvador
4715,Juan Guerra,9,Bolivia,,,Bolivia
2658,Juan Guillermo Cuadrado,19,Colombia,1.76 m,26 de mayo de 1988,Colombia
5899,Juan Hohberg,80,Uruguay,1.78 m,19 de junio de 1926,Uruguay
7655,Juan Ignacio Basaguren,56,México,,21 de julio de 1944,México
2040,Juan Jose Rodriguez,22,Costa Rica,1.78 m,23 de junio de 1967,Costa Rica
4339,Juan Leon Canete,62,Paraguay,,,Paraguay
696,Juan Letelier,17,Chile,,20 de mayo de 1959,Chile
4384,Juan Lezcano,62,Paraguay,,5 de abril de 1937,Paraguay
698,Juan Machuca,17,Chile,,7 de marzo de 1951,Chile
7637,Juan Manuel Alejandrez,56,México,,15 de noviembre de 1943,México
4867,Juan Manuel Asensi,34,España,,23 de septiembre de 1949,España
4987,Juan Mata,34,España,1.74 m,28 de abril de 1988,España
4727,Juan Manuel Pena,9,Bolivia,,17 de enero de 1973,Bolivia
7780,Juan Martinez,56,México,,20 de abril de 1948,México
5919,Juan Masnik,80,Uruguay,,2 de marzo de 1943,Uruguay
5935,Juan Mujica,80,Uruguay,,22 de diciembre de 1944,Uruguay
2187,Juan Munante,63,Perú,,12 de julio de 1948,Perú
5005,Juan Nogues,34,España,,28 de marzo de 1909,España
5332,Juan Oleniak,6,Argentina,,6 de marzo de 1942,Argentina
719,Juan Olivares,17,Chile,,20 de febrero de 1941,Chile
7791,Juan Pablo Montes,56,México,1.91 m,26 de octubre de 1985,México
8210,Juan Pablo Vargas,74,Suiza,1.92 m,6 de junio de 1995,Suiza
5356,Juan Pedevilla,6,Argentina,,6 de junio de 1909,Argentina
2709,Juan Quintero,19,Colombia,1.69 m,18 de enero de 1993,Colombia
7832,Juan Ramirez,56,México,,8 de marzo de 1969,México
8430,Juan Rodriguez,61,Panamá,,16 de enero de 1944,Panamá
5376,Juan Román Riquelme,6,Argentina,1.82 m,24 de junio de 1978,Argentina
5400,Juan Sarnari,6,Argentina,,22 de enero de 1942,Argentina
5996,Juan Schiaffino,80,Uruguay,,28 de julio de 1925,Uruguay
6001,Juan Silva,80,Uruguay,,30 de agosto de 1948,Uruguay
5409,Juan Simon,6,Argentina,,2 de marzo de 1960,Argentina
5411,Juan Sorin,6,Argentina,1.73 m,5 de mayo de 1976,Argentina
4429,Juan Torales,62,Paraguay,,9 de marzo de 1956,Paraguay
2433,Juan Tunas,25,Cuba,,1 de enero de 1913,Cuba
2220,Juan Valdivieso,63,Perú,,6 de mayo de 1910,Perú
5436,Juan Veron,6,Argentina,1.86 m,9 de marzo de 1975,Argentina
2735,Juan Zuñiga,19,Colombia,1.72 m,14 de diciembre de 1985,Colombia
4955,Juanele,34,España,,10 de abril de 1971,España
4956,Juanfran,34,España,1.80 m,9 de enero de 1985,España
4956,Juanfran,34,España,1.83 m,15 de julio de 1976,España
4957,Juanito,34,España,1.79 m,23 de julio de 1976,España
4957,Juanito,34,España,,10 de noviembre de 1954,España
1217,Jude Bellingham,44,Inglaterra,1.86 m,29 de junio de 2003,Inglaterra
8204,Juerg Studer,74,Suiza,,8 de septiembre de 1966,Suiza
2506,Juergen Croy,2,Alemania Oriental,,19 de octubre de 1946,Alemania Oriental
6112,Juergen Grabowski,1,Alemania,,7 de julio de 1944,Alemania
6174,Juergen Klinsmann,1,Alemania,,30 de julio de 1964,Alemania
6180,Juergen Kohler,1,Alemania,,6 de octubre de 1965,Alemania
6193,Juergen Kurbjuhn,1,Alemania,,26 de julio de 1940,Alemania
2518,Juergen Pommerenke,2,Alemania Oriental,,22 de enero de 1953,Alemania Oriental
2881,Juergen Sommer,35,Estados Unidos,,27 de febrero de 1969,Estados Unidos
2521,Juergen Sparwasser,2,Alemania Oriental,,4 de junio de 1948,Alemania Oriental
6315,Juergen Werner,1,Alemania,,15 de agosto de 1935,Alemania
4941,Julen Guerrero,34,España,,7 de enero de 1974,España
4972,Julen Lopetegui,34,España,,28 de agosto de 1966,España
964,Jules Denis Onana,14,Camerún,,12 de junio de 1964,Camerún
3957,Jules Koundé,36,Francia,1.78 m,12 de noviembre de 1998,Francia
6673,Jules Pappaert,13,Bélgica,,5 de noviembre de 1905,Bélgica
4062,Jules Vandooren,36,Francia,,30 de diciembre de 1908,Francia
5159,Julian Alvarez,6,Argentina,1.70 m,31 de enero de 2000,Argentina
6065,Julian Brandt,1,Alemania,1.83 m,2 de mayo de 1996,Alemania
4350,Julian Coronel,62,Paraguay,,23 de octubre de 1958,Paraguay
6082,Julian Draxler,1,Alemania,1.85 m,20 de septiembre de 1993,Alemania
2809,Julian Green,35,Estados Unidos,1.72 m,6 de junio de 1995,Estados Unidos
3885,Julien Darui,36,Francia,,16 de febrero de 1916,Francia
1674,Julinho,11,Brasil,,29 de julio de 1929,Brasil
5799,Julio Abbadie,80,Uruguay,,7 de septiembre de 1930,Uruguay
4958,Julio Alberto,34,España,,7 de octubre de 1958,España
4696,Julio Baldivieso,9,Bolivia,,2 de diciembre de 1971,Bolivia
3191,Julio Baptista,65,Portugal,1.85 m,1 de octubre de 1981,Portugal
2134,Julio Baylon,63,Perú,,10 de diciembre de 1947,Perú
4888,Julio Cardenosa,34,España,,27 de octubre de 1949,España
1676,Julio Cesar,11,Brasil,,8 de marzo de 1963,Brasil
1676,Julio Cesar,11,Brasil,1.86 m,3 de septiembre de 1979,Brasil
189,Julio Cesar Arzu,41,Honduras,,5 de junio de 1954,Honduras
5823,Julio Cesar Britos,80,Uruguay,,18 de mayo de 1926,Uruguay
4333,Julio Cesar Caceres,62,Paraguay,1.81 m,5 de octubre de 1979,Paraguay
231,Jerry Palacios,41,Honduras,1.81 m,1 de noviembre de 1981,Honduras
4359,Julio Cesar Enciso,62,Paraguay,1.74 m,5 de agosto de 1974,Paraguay
5902,Julio Cesar Jimenez,80,Uruguay,,27 de agosto de 1954,Uruguay
7850,Julio Cesar Romero,56,México,,28 de agosto de 1960,México
2219,Julio Cesar Uribe,63,Perú,,9 de mayo de 1958,Perú
4440,Julio Cesar Yegros,62,Paraguay,,31 de enero de 1971,Paraguay
5847,Julio Cortes,80,Uruguay,,29 de marzo de 1941,Uruguay
7698,Julio Cruz,56,México,1.90 m,10 de octubre de 1974,México
4357,Julio Dos Santos,62,Paraguay,1.90 m,7 de mayo de 1983,Paraguay
831,Julio Hernandez,29,El Salvador,,31 de enero de 1958,El Salvador
2180,Julio Lores,63,Perú,,15 de septiembre de 1908,Perú
5908,Julio Losada,80,Uruguay,,16 de junio de 1950,Uruguay
5910,Julio Maceiras,80,Uruguay,,22 de abril de 1926,Uruguay
4388,Julio Manzur,62,Paraguay,1.85 m,22 de enero de 1981,Paraguay
5837,Julio Montero Castillo,80,Uruguay,,25 de abril de 1944,Uruguay
5931,Julio Morales,80,Uruguay,,16 de febrero de 1945,Uruguay
5327,Julio Mussimesi,6,Argentina,,9 de julio de 1923,Argentina
5331,Julio Olarticoechea,6,Argentina,,18 de octubre de 1958,Argentina
5960,Julio Perez,80,Uruguay,,19 de junio de 1926,Uruguay
2198,Julio Quintana,63,Perú,,1 de enero de 1904,Perú
4959,Julio Salinas,34,España,1.88 m,11 de septiembre de 1962,España
4448,Julius Aghahowa,57,Nigeria,1.78 m,12 de febrero de 1982,Nigeria
439,Julius Bielik,67,República Checa,,8 de marzo de 1962,República Checa
2816,Julius Hjulian,35,Estados Unidos,,15 de marzo de 1903,Estados Unidos
7087,Jun-ho Son,21,Corea del Sur,1.78 m,12 de mayo de 1992,Corea del Sur
8003,Jun Il Ri,20,Corea del Norte,1.78 m,24 de agosto de 1987,Corea del Norte
7078,Jung Bae Park,21,Corea del Sur,,19 de febrero de 1967,Corea del Sur
6925,Jung Hwan Ahn,21,Corea del Sur,1.77 m,27 de enero de 1976,Corea del Sur
6973,Jung Moo Huh,21,Corea del Sur,,13 de enero de 1955,Corea del Sur
7044,Jung Soo Lee,21,Corea del Sur,1.85 m,8 de enero de 1980,Corea del Sur
7083,Jung Won Seo,21,Corea del Sur,1.72 m,17 de diciembre de 1970,Corea del Sur
7987,Jung Woo Kim,20,Corea del Norte,1.83 m,9 de mayo de 1982,Corea del Norte
7065,Jung Yoon Noh,21,Corea del Sur,1.72 m,28 de marzo de 1971,Corea del Sur
97,Junichi Inamoto,53,Japón,1.81 m,18 de septiembre de 1979,Japón
1677,Juninho,11,Brasil,,29 de agosto de 1958,Brasil
1678,Juninho Paulista,11,Brasil,1.65 m,22 de febrero de 1973,Brasil
1679,Juninho Pernambucano,11,Brasil,1.78 m,30 de enero de 1975,Brasil
1824,Junior,11,Brasil,,29 de junio de 1954,Brasil
1824,Junior,11,Brasil,1.73 m,20 de junio de 1973,Brasil
1681,Junior Baiano,11,Brasil,,14 de marzo de 1970,Brasil
1991,Júnior Díaz,22,Costa Rica,1.85 m,12 de septiembre de 1983,Costa Rica
2470,Junior Hoilett,15,Canadá,1.74 m,5 de junio de 1990,Canadá
102,Junya Ito,53,Japón,1.76 m,9 de marzo de 1993,Japón
5513,Junzhe Zhao,18,China,1.80 m,18 de abril de 1979,China
6136,Jupp Heynckes,1,Alemania,,9 de mayo de 1945,Alemania
6163,Jupp Kappellmann,1,Alemania,,19 de diciembre de 1949,Alemania
6249,Jupp Posipal,1,Alemania,,20 de junio de 1927,Alemania
803,Juraj Kucka,32,Eslovaquia,1.86 m,26 de febrero de 1987,Eslovaquia
1682,Jurandir,11,Brasil,,12 de noviembre de 1940,Brasil
346,Juri Lodygin,69,Rusia,1.87 m,26 de mayo de 1990,Rusia
3602,Jurica Jerkovic,71,Serbia,,25 de febrero de 1950,Serbia
8031,Jurica Vranjes,10,Bosnia-Herzegovina,1.84 m,31 de enero de 1980,Bosnia-Herzegovina
6489,Jurrïen Timber,60,Paises Bajos,1.79 m,17 de junio de 2001,Paises Bajos
3915,Just Fontaine,36,Francia,,18 de agosto de 1933,Francia
4466,Justice Christopher,57,Nigeria,1.78 m,24 de diciembre de 1981,Nigeria
6364,Justin Bijlow,60,Paises Bajos,1.88 m,22 de enero de 1998,Paises Bajos
4439,Justo Villar,62,Paraguay,1.80 m,30 de junio de 1977,Paraguay
1683,Juvenal,11,Brasil,,27 de noviembre de 1923,Brasil
4528,Juwon Oshaniwa,57,Nigeria,1.84 m,14 de septiembre de 1990,Nigeria
6807,Kabasu Babo,66,RD Congo,,4 de marzo de 1950,RD Congo
5447,Kacmaz Akgun,77,Turquía,,,Turquía
6786,Kader Keita,23,Costa de Marfil,1.84 m,6 de agosto de 1981,Costa de Marfil
6825,Kafula Ngoye,66,RD Congo,,11 de noviembre de 1945,RD Congo
8242,Kagisho Dikgacoi,72,Sudáfrica,1.80 m,24 de noviembre de 1984,Sudáfrica
6124,Kai Havertz,1,Alemania,1.90 m,11 de junio de 1999,Alemania
7196,Kais Ghodhbane,78,Túnez,1.83 m,7 de enero de 1976,Túnez
1684,Kaká,11,Brasil,1.86 m,22 de abril de 1982,Brasil
252,Kakhi Asatiani,69,Rusia,,1 de enero de 1947,Rusia
6810,Kakoko Etepe,66,RD Congo,,22 de noviembre de 1950,RD Congo
6826,Kalambay Otepa,66,RD Congo,,12 de noviembre de 1948,RD Congo
7930,Kali,3,Angola,1.87 m,11 de octubre de 1978,Angola
1018,Kalidou Cissokho,70,Senegal,1.71 m,14 de diciembre de 1972,Senegal
1044,Kalidou Koulibaly,70,Senegal,1.95 m,20 de junio de 1991,Senegal
3518,Kalle Svensson,73,Suecia,,11 de noviembre de 1925,Suecia
7539,Kalman Ihasz,42,Hungría,,6 de diciembre de 1941,Hungría
7558,Kalman Kovacs,42,Hungría,,11 de septiembre de 1965,Hungría
7571,Kalman Meszoly,42,Hungría,,16 de julio de 1941,Hungría
7602,Kalman Sovari,42,Hungría,,21 de diciembre de 1940,Hungría
4536,Kalu Uche,57,Nigeria,1.71 m,15 de noviembre de 1982,Nigeria
1366,Kalvin Phillips,44,Inglaterra,1.78 m,2 de diciembre de 1995,Inglaterra
2484,Kamal Miller,15,Canadá,1.83 m,16 de mayo de 1997,Canadá
1507,Kamal Sowah,38,Ghana,1.79 m,9 de enero de 2000,Ghana
1508,Kamaldeen Sulemana,38,Ghana,1.74 m,15 de febrero de 2002,Ghana
7178,Kamel Chebali,78,Túnez,,9 de marzo de 1954,Túnez
2099,Kamel Mansour,28,Egipto,,2 de agosto de 1914,Egipto
2100,Kamel Masoud,28,Egipto,,2 de agosto de 1914,Egipto
3065,Kamil Glik,64,Polonia,1.90 m,3 de febrero de 1988,Polonia
3070,Kamil Grabara,64,Polonia,1.95 m,8 de enero de 1999,Polonia
3071,Kamil Grosicki,64,Polonia,1.80 m,8 de junio de 1988,Polonia
800,Kamil Kopunek,32,Eslovaquia,1.80 m,18 de mayo de 1984,Eslovaquia
3096,Kamil Kosowski,64,Polonia,1.86 m,30 de agosto de 1977,Polonia
6946,Kang Hee Choi,21,Corea del Sur,,12 de abril de 1959,Corea del Sur
7989,Kang-in Lee,20,Corea del Norte,1.73 m,19 de febrero de 2001,Corea del Norte
6759,Kanga Akale,23,Costa de Marfil,1.78 m,7 de marzo de 1981,Costa de Marfil
125,Kaoru Mitoma,53,Japón,1.78 m,20 de mayo de 1997,Japón
1049,Kara Mbodji,70,Senegal,1.92 m,11 de noviembre de 1989,Senegal
448,Karel Burkert,67,República Checa,,1 de diciembre de 1909,República Checa
502,Karel Kolsky,67,República Checa,,21 de septiembre de 1914,República Checa
6456,Karel Ooms,60,Paises Bajos,,,Paises Bajos
554,Karel Poborsky,67,República Checa,1.75 m,30 de marzo de 1972,República Checa
572,Karel Senecky,67,República Checa,,17 de marzo de 1919,República Checa
584,Karel Stromsik,67,República Checa,,12 de abril de 1958,República Checa
7125,Kári Árnason,49,Islandia,1.91 m,13 de octubre de 1982,Islandia
6036,Karim Adeyemi,1,Alemania,1.80 m,18 de enero de 2002,Alemania
4083,Karim Ansarifard,48,Irán,1.86 m,3 de abril de 1990,Irán
4086,Karim Bagheri,48,Irán,1.87 m,20 de febrero de 1974,Irán
3842,Karim Benzema,36,Francia,1.85 m,19 de diciembre de 1987,Francia
6340,Karim Boudiaf,16,Catar,1.90 m,16 de septiembre de 1990,Catar
8340,Karim El Ahmadi,55,Marruecos,1.85 m,27 de enero de 1985,Marruecos
7192,Karim Essediri,78,Túnez,1.85 m,29 de julio de 1979,Túnez
7200,Karim Haggui,78,Túnez,1.88 m,20 de enero de 1984,Túnez
6880,Karim Maroc,5,Argelia,,5 de marzo de 1958,Argelia
6881,Karim Matmour,5,Argelia,1.81 m,25 de junio de 1985,Argelia
1180,Karim Mohamed,45,Iraq,,1 de abril de 1960,Iraq
7245,Karim Saidi,78,Túnez,1.84 m,24 de marzo de 1983,Túnez
6900,Karim Ziani,5,Argelia,1.68 m,17 de agosto de 1982,Argelia
6038,Karl Allgoewer,1,Alemania,,5 de enero de 1957,Alemania
3390,Karl Erik Grahn,73,Suecia,,5 de noviembre de 1914,Suecia
3488,Karl-Erik Palmer,73,Suecia,,17 de abril de 1929,Suecia
4566,Karl Giesser,8,Austria,,29 de octubre de 1928,Austria
6096,Karl-Heinz Foerster,1,Alemania,,25 de julio de 1958,Alemania
6216,Karl-Heinz Metzner,1,Alemania,,9 de enero de 1923,Alemania
6265,Karl-Heinz Rummenigge,1,Alemania,,25 de septiembre de 1955,Alemania
6274,Karl-Heinz Schnellinger,1,Alemania,,31 de marzo de 1939,Alemania
6146,Karl Hohmann,1,Alemania,,18 de junio de 1908,Alemania
3423,Karl-Johan Johnsson,73,Suecia,1.87 m,28 de enero de 1990,Suecia
3423,Karl Johnsson,73,Suecia,,,Suecia
4596,Karl Koller,8,Austria,,9 de febrero de 1929,Austria
7425,Karl Loken,58,Noruega,,14 de agosto de 1966,Noruega
6207,Karl Mai,1,Alemania,,27 de julio de 1928,Alemania
8158,Karl Odermatt,74,Suiza,,17 de diciembre de 1942,Suiza
4646,Karl Sesta,8,Austria,,18 de marzo de 1906,Austria
4651,Karl Stotz,8,Austria,,27 de marzo de 1927,Austria
3519,Karl Svensson,73,Suecia,1.89 m,21 de marzo de 1984,Suecia
979,Karl Toko-Ekambi,14,Camerún,1.83 m,14 de septiembre de 1992,Camerún
4669,Karl Zischek,8,Austria,,28 de agosto de 1910,Austria
6260,Karlheinz Riedle,1,Alemania,,16 de septiembre de 1965,Alemania
458,Karol Dobias,67,República Checa,,18 de diciembre de 1947,República Checa
489,Karol Jokl,67,República Checa,,29 de agosto de 1945,República Checa
3113,Karol Linetty,64,Polonia,1.76 m,2 de febrero de 1995,Polonia
3158,Karol Swiderski,64,Polonia,1.84 m,23 de enero de 1997,Polonia
7508,Karoly Csapo,42,Hungría,,23 de febrero de 1952,Hungría
7594,Karoly Sandor,42,Hungría,,29 de noviembre de 1928,Hungría
2826,Kasey Keller,35,Estados Unidos,1.88 m,29 de noviembre de 1969,Estados Unidos
4195,Kasper Bogelund,26,Dinamarca,1.80 m,8 de octubre de 1980,Dinamarca
4207,Kasper Dolberg,26,Dinamarca,1.87 m,6 de octubre de 1997,Dinamarca
4277,Kasper Schmeichel,26,Dinamarca,1.90 m,5 de noviembre de 1986,Dinamarca
8403,Kassem Slimani,55,Marruecos,,1 de enero de 1948,Marruecos
8274,Katlego Mphela,72,Sudáfrica,1.80 m,29 de noviembre de 1984,Sudáfrica
6821,Kazadi Muamba,66,RD Congo,,6 de marzo de 1947,RD Congo
3048,Kazimierz Deyna,64,Polonia,,23 de octubre de 1947,Polonia
3093,Kazimierz Kmiecik,64,Polonia,,19 de septiembre de 1951,Polonia
3114,Kazimierz Lis,64,Polonia,,9 de abril de 1910,Polonia
3145,Kazimierz Przybys,64,Polonia,,11 de julio de 1960,Polonia
465,Kazimir Gajdos,67,República Checa,,28 de marzo de 1934,República Checa
3942,Kazimir Hnatow,36,Francia,,9 de enero de 1929,Francia
175,Kazuyuki Toda,53,Japón,1.78 m,30 de diciembre de 1977,Japón
7287,Keanu Baccus,7,Australia,1.78 m,7 de junio de 1998,Australia
6449,Kees Mijnders,60,Paises Bajos,,28 de septiembre de 1912,Paises Bajos
171,Keiji Tamada,53,Japón,1.73 m,11 de abril de 1980,Japón
94,Keisuke Honda,53,Japón,1.82 m,13 de junio de 1986,Japón
177,Keisuke Tsuboi,53,Japón,1.79 m,16 de septiembre de 1979,Japón
1010,Keita Baldé,70,Senegal,1.84 m,8 de marzo de 1995,Senegal
5127,Keith Mckay,59,Nueva Zelanda,,8 de diciembre de 1956,Nueva Zelanda
1354,Keith Newton,44,Inglaterra,,23 de junio de 1941,Inglaterra
4488,Kelechi Iheanacho,57,Nigeria,1.87 m,3 de octubre de 1996,Nigeria
2737,Kellyn Acosta,35,Estados Unidos,1.77 m,24 de julio de 1995,Estados Unidos
610,Kelvin Jack,76,Trinidad y Tobago,1.93 m,29 de abril de 1976,Trinidad y Tobago
6813,Kembo Uba Kembo,66,RD Congo,,27 de diciembre de 1947,RD Congo
2744,Ken Armstrong,35,Estados Unidos,,3 de junio de 1924,Estados Unidos
1285,Ken Green,44,Inglaterra,,27 de abril de 1924,Inglaterra
7321,Ken Jones,7,Australia,,2 de enero de 1936,Australia
2553,Ken Leek,37,Gales,,26 de julio de 1935,Gales
2061,Kendall Waston,22,Costa Rica,1.96 m,1 de enero de 1988,Costa Rica
136,Kengo Nakamura,53,Japón,1.75 m,31 de octubre de 1980,Japón
2007,Kenner Gutiérrez,22,Costa Rica,1.79 m,9 de junio de 1989,Costa Rica
3343,Kennet Andersson,73,Suecia,,6 de octubre de 1967,Suecia
4523,Kenneth Omeruo,57,Nigeria,1.85 m,17 de octubre de 1993,Nigeria
6488,Kenneth Taylor,60,Paises Bajos,1.82 m,16 de mayo de 2002,Paises Bajos
2763,Kenny Burns,35,Estados Unidos,,23 de septiembre de 1953,Estados Unidos
5115,Kenny Cresswell,59,Nueva Zelanda,,4 de junio de 1958,Nueva Zelanda
7450,Kenny Cunningham,46,Irlanda,1.83 m,28 de junio de 1971,Irlanda
2314,Kenny Dalglish,31,Escocia,,4 de marzo de 1951,Escocia
1383,Kenny Sansom,44,Inglaterra,,26 de septiembre de 1958,Inglaterra
3431,Kent Karlsson,73,Suecia,,25 de noviembre de 1945,Suecia
4263,Kent Nielsen,26,Dinamarca,,28 de diciembre de 1961,Dinamarca
7321,Kenwyne Jones,7,Australia,1.88 m,5 de octubre de 1984,Australia
4866,Kepa Arrizabalaga,34,España,1.89 m,3 de octubre de 1994,España
7266,Kerry Dixon,52,Jamaica,,24 de julio de 1961,Jamaica
7989,Keun Hak Lee,20,Corea del Norte,,7 de julio de 1940,Corea del Norte
7989,Keun-Ho Lee,20,Corea del Norte,1.76 m,11 de abril de 1985,Corea del Norte
7640,Kevin Álvarez,56,México,1.76 m,15 de enero de 1999,México
6588,Kevin De Bruyne,13,Bélgica,1.81 m,28 de junio de 1991,Bélgica
2327,Kevin Gallacher,31,Escocia,,23 de noviembre de 1966,Escocia
6114,Kevin Grosskreutz,1,Alemania,1.86 m,19 de julio de 1988,Alemania
1313,Kevin Keegan,44,Inglaterra,,14 de febrero de 1951,Inglaterra
7467,Kevin Kilbane,46,Irlanda,1.85 m,1 de febrero de 1977,Irlanda
6660,Kevin Mirallas,13,Bélgica,1.82 m,5 de octubre de 1987,Bélgica
7474,Kevin Moran,46,Irlanda,,29 de abril de 1956,Irlanda
1466,Kevin Prince Boateng,38,Ghana,1.82 m,6 de marzo de 1987,Ghana
66,Kevin Rodríguez,27,Ecuador,1.90 m,4 de marzo de 2000,Ecuador
7483,Kevin Sheedy,46,Irlanda,,21 de octubre de 1959,Irlanda
6303,Kevin Trapp,1,Alemania,1.89 m,8 de julio de 1990,Alemania
6420,Kew Jaliens,60,Paises Bajos,1.83 m,15 de septiembre de 1978,Paises Bajos
5003,Keylor Navas,34,España,1.85 m,15 de diciembre de 1986,España
1998,Keysher Fuller,22,Costa Rica,1.83 m,12 de julio de 1994,Costa Rica
1055,Khadim N'Diaye,70,Senegal,1.85 m,30 de noviembre de 1984,Senegal
4775,Khaled Al Muwallid,4,Arabia Saudita,,23 de noviembre de 1971,Arabia Saudita
4821,Khaled Aziz,4,Arabia Saudita,1.72 m,14 de julio de 1981,Arabia Saudita
7151,Khaled Badra,78,Túnez,1.85 m,8 de abril de 1973,Túnez
7194,Khaled Gasmi,78,Túnez,,8 de abril de 1953,Túnez
7957,Khaleel Ghanim,30,Emiratos Arabes,,12 de noviembre de 1964,Emiratos Arabes
6371,Khalid Boulahrouz,60,Paises Bajos,1.84 m,28 de diciembre de 1981,Paises Bajos
8322,Khalid Boutaïb,55,Marruecos,1.90 m,24 de abril de 1987,Marruecos
7958,Khalid Ismail,30,Emiratos Arabes,,7 de julio de 1965,Emiratos Arabes
6350,Khalid Muneer,16,Catar,1.74 m,24 de febrero de 1998,Catar
8305,Khalil Azmi,55,Marruecos,,23 de agosto de 1964,Marruecos
1181,Khalil Mohamed,45,Iraq,,6 de septiembre de 1958,Iraq
1035,Khalilou Fadiga,70,Senegal,1.83 m,30 de diciembre de 1974,Senegal
4761,Khamis Al Dossari,4,Arabia Saudita,1.78 m,8 de septiembre de 1973,Arabia Saudita
7222,Khemais Labidi,78,Túnez,,30 de agosto de 1950,Túnez
4084,Khodadad Azizi,48,Irán,1.70 m,22 de junio de 1971,Irán
368,Khoren Oganesian,69,Rusia,,10 de enero de 1955,Rusia
4119,Khosro Heydari,48,Irán,1.74 m,14 de septiembre de 1983,Irán
7093,Ki Hun Yeom,21,Corea del Sur,1.82 m,30 de marzo de 1983,Corea del Sur
7084,Ki Hyeon Seol,21,Corea del Sur,1.84 m,8 de enero de 1979,Corea del Sur
7060,Ki Joo Li,21,Corea del Sur,,12 de noviembre de 1926,Corea del Sur
6814,Kibonge Mafu,66,RD Congo,,12 de febrero de 1945,RD Congo
6480,Kick Smit,60,Paises Bajos,,3 de noviembre de 1911,Paises Bajos
6818,Kidumu Mantantu,66,RD Congo,,17 de noviembre de 1946,RD Congo
7346,Kieffer Moore,7,Australia,1.96 m,8 de agosto de 1992,Australia
1413,Kieran Trippier,44,Inglaterra,1.78 m,19 de septiembre de 1990,Inglaterra
1265,Kieron Dyer,44,Inglaterra,1.70 m,29 de diciembre de 1978,Inglaterra
8042,Kiki Antenen,74,Suiza,1.74 m,3 de noviembre de 1929,Suiza
4961,Kiko,34,España,,26 de abril de 1972,España
6819,Kilasu Massamba,66,RD Congo,,22 de diciembre de 1950,RD Congo
3429,Kim Kallstrom,73,Suecia,1.81 m,24 de agosto de 1982,Suecia
3877,Kingsley Coman,36,Francia,1.80 m,13 de junio de 1996,Francia
3568,Kiril Dojcinovski,71,Serbia,,17 de octubre de 1943,Serbia
2950,Kiril Ivkov,12,Bulgaria,,21 de junio de 1946,Bulgaria
2976,Kiril Milanov,12,Bulgaria,,17 de octubre de 1948,Bulgaria
2994,Kiril Rakarov,12,Bulgaria,,24 de mayo de 1932,Bulgaria
186,Kisho Yano,53,Japón,1.85 m,5 de abril de 1984,Japón
7432,Kjetil Rekdal,58,Noruega,,6 de noviembre de 1968,Noruega
6418,Klaas Jan Huntelaar,60,Paises Bajos,1.85 m,12 de agosto de 1983,Paises Bajos
3412,Klas Ingesson,73,Suecia,,20 de agosto de 1968,Suecia
6039,Klaus Allofs,1,Alemania,,5 de diciembre de 1956,Alemania
6043,Klaus Augenthaler,1,Alemania,,26 de septiembre de 1957,Alemania
4193,Klaus Berggreen,26,Dinamarca,,3 de febrero de 1958,Dinamarca
6282,Klaus-Dieter Sieloff,1,Alemania,,27 de febrero de 1942,Alemania
6092,Klaus Fichtel,1,Alemania,,19 de noviembre de 1944,Alemania
6093,Klaus Fischer,1,Alemania,,27 de diciembre de 1949,Alemania
4608,Klaus Lindenberger,8,Austria,,28 de mayo de 1957,Austria
1685,Kleberson,11,Brasil,1.75 m,19 de junio de 1979,Brasil
7397,Knut Brynildsen,58,Noruega,,23 de julio de 1917,Noruega
3403,Knut Hansson,73,Suecia,,9 de mayo de 1911,Suecia
3438,Knut Kroon,73,Suecia,,19 de junio de 1906,Suecia
3476,Knut Nordahl,73,Suecia,,13 de enero de 1920,Suecia
100,Ko Itakura,53,Japón,1.86 m,27 de enero de 1997,Japón
6917,Kodjovi Obilale,75,Togo,1.93 m,8 de octubre de 1984,Togo
8134,Koebi Kuhn,74,Suiza,,12 de octubre de 1943,Suiza
6569,Koen Casteels,13,Bélgica,1.97 m,25 de junio de 1992,Bélgica
141,Koji Nakata,53,Japón,1.82 m,9 de julio de 1979,Japón
4962,Koke,34,España,1.76 m,8 de enero de 1992,España
6798,Kolo Toure,23,Costa de Marfil,1.83 m,19 de marzo de 1981,Costa de Marfil
2525,Konrad Weise,2,Alemania Oriental,,17 de agosto de 1951,Alemania Oriental
335,Konstantin Krizhevski,69,Rusia,,20 de febrero de 1926,Rusia
2579,Konstantinos Chalkias,39,Grecia,1.98 m,30 de mayo de 1974,Grecia
2596,Konstantinos Katsouranis,39,Grecia,1.83 m,21 de junio de 1979,Grecia
7101,Kook Chin Yung,21,Corea del Sur,,2 de enero de 1917,Corea del Sur
6968,Kook-Young Han,21,Corea del Sur,1.83 m,19 de abril de 1990,Corea del Sur
808,Kornel Salata,32,Eslovaquia,1.90 m,24 de enero de 1985,Eslovaquia
6904,Kossi Agassa,75,Togo,1.90 m,2 de julio de 1978,Togo
3750,Kosta Tomasevic,71,Serbia,,25 de julio de 1923,Serbia
2961,Kostadin Kostadinov,12,Bulgaria,,25 de junio de 1959,Bulgaria
2605,Kostas Manolas,39,Grecia,1.88 m,14 de junio de 1991,Grecia
2608,Kostas Mitroglou,39,Grecia,1.88 m,12 de marzo de 1988,Grecia
137,Kosuke Nakamura,53,Japón,1.85 m,27 de febrero de 1995,Japón
2920,Krasimir Borisov,12,Bulgaria,,8 de abril de 1950,Bulgaria
2917,Krassimir Balakov,12,Bulgaria,,29 de marzo de 1966,Bulgaria
1026,Krépin Diatta,70,Senegal,1.73 m,25 de febrero de 1999,Senegal
3436,Krister Kirstersson,73,Suecia,,25 de julio de 1942,Suecia
7410,Kristian Henriksen,58,Noruega,,3 de marzo de 1911,Noruega
1097,Kristijan Jakic,24,Croacia,1.81 m,24 de mayo de 1997,Croacia
3477,Kristoffer Nordfeldt,73,Suecia,1.90 m,23 de junio de 1989,Suecia
1102,Krunoslav Jurcic,24,Croacia,,26 de noviembre de 1969,Croacia
3034,Krystian Bielik,64,Polonia,1.89 m,4 de enero de 1998,Polonia
3137,Krzysztof Pawlak,64,Polonia,,12 de febrero de 1958,Polonia
3140,Krzysztof Piatek,64,Polonia,1.83 m,1 de julio de 1995,Polonia
6905,Kuami Agboh,75,Togo,1.77 m,28 de diciembre de 1977,Togo
7970,Kum Chol Choe,20,Corea del Norte,1.78 m,9 de febrero de 1987,Corea del Norte
7987,Kum Il Kim,20,Corea del Norte,1.70 m,10 de octubre de 1987,Corea del Norte
4511,Kunle Odunlami,57,Nigeria,1.87 m,30 de abril de 1991,Nigeria
8041,Kurt Ambruster,74,Suiza,,16 de septiembre de 1934,Suiza
3356,Kurt Axelsson,73,Suecia,,10 de noviembre de 1941,Suecia
1969,Kurt Bernard,22,Costa Rica,1.85 m,8 de diciembre de 1977,Costa Rica
3402,Kurt Hamrin,73,Suecia,,19 de noviembre de 1934,Suecia
4588,Kurt Jara,8,Austria,,14 de octubre de 1950,Austria
8175,Kurt Rey,74,Suiza,,1 de enero de 1923,Suiza
4636,Kurt Russ,8,Austria,,23 de noviembre de 1964,Austria
4642,Kurt Schmied,8,Austria,,14 de junio de 1926,Austria
8199,Kurt Stettler,74,Suiza,,21 de agosto de 1932,Suiza
3515,Kurt Svanstrom,73,Suecia,,24 de marzo de 1915,Suecia
4665,Kurt Welzl,8,Austria,,6 de noviembre de 1954,Austria
1459,Kwadwo Asamoah,38,Ghana,1.68 m,9 de diciembre de 1988,Ghana
8006,Kwang Chon Ri,20,Corea del Norte,1.83 m,4 de septiembre de 1985,Corea del Norte
8005,Kwang Hyok Ri,20,Corea del Norte,1.78 m,17 de agosto de 1987,Corea del Norte
6940,Kwang Rae Cho,21,Corea del Sur,,19 de marzo de 1954,Corea del Sur
7360,Kye Rowles,7,Australia,1.85 m,24 de junio de 1998,Australia
2750,Kyle Beckerman,35,Estados Unidos,1.82 m,23 de abril de 1982,Estados Unidos
1420,Kyle Walker,44,Inglaterra,1.78 m,28 de mayo de 1990,Inglaterra
3992,Kylian Mbappé,36,Francia,1.78 m,20 de diciembre de 1998,Francia
7982,Kyong Il Kim,20,Corea del Norte,1.74 m,11 de diciembre de 1988,Corea del Norte
2593,Kyriakos Karataidis,39,Grecia,,4 de julio de 1965,Grecia
7079,Kyu Chong Park,21,Corea del Sur,,12 de junio de 1924,Corea del Sur
6958,Kyung Ho Chung,21,Corea del Sur,1.79 m,22 de mayo de 1980,Corea del Sur
7080,Kyung Hoon Park,21,Corea del Sur,,19 de enero de 1961,Corea del Sur
7034,Kyung-won Kwon,21,Corea del Sur,1.87 m,31 de enero de 1992,Corea del Sur
8376,Labid Khalifa,55,Marruecos,,1 de enero de 1955,Marruecos
5922,Ladislao Mazurkiewicz,80,Uruguay,,14 de febrero de 1945,Uruguay
1934,Ladislau Raffinski,68,Rumania,,23 de abril de 1905,Rumania
492,Ladislav Jurkemik,67,República Checa,,20 de julio de 1953,República Checa
493,Ladislav Kacani,67,República Checa,,1 de abril de 1931,República Checa
517,Ladislav Kuna,67,República Checa,,3 de abril de 1947,República Checa
540,Ladislav Novak,67,República Checa,,5 de diciembre de 1931,República Checa
807,Ladislav Petras,32,Eslovaquia,,1 de diciembre de 1946,Eslovaquia
574,Ladislav Simunek,67,República Checa,,4 de octubre de 1916,República Checa
593,Ladislav Vizek,67,República Checa,,22 de enero de 1955,República Checa
598,Ladislav Zenisek,67,República Checa,,7 de marzo de 1904,República Checa
4963,Lafuente,34,España,,31 de diciembre de 1907,España
8295,Lahcen Abrami,55,Marruecos,,31 de diciembre de 1969,Marruecos
8390,Lahcen Oudani,55,Marruecos,,14 de julio de 1959,Marruecos
7511,Lajos Csordas,42,Hungría,,6 de octubre de 1932,Hungría
7515,Lajos Detari,42,Hungría,,24 de abril de 1963,Hungría
7554,Lajos Koranyi,42,Hungría,,15 de mayo de 1907,Hungría
7588,Lajos Puskas,42,Hungría,,3 de agosto de 1944,Hungría
7616,Lajos Tichy,42,Hungría,,21 de marzo de 1935,Hungría
6835,Lakhdar Belloumi,5,Argelia,,29 de diciembre de 1958,Argelia
7931,Lama,3,Angola,1.87 m,1 de febrero de 1981,Angola
7157,Lamine Ben Aziza,78,Túnez,,10 de noviembre de 1952,Túnez
1027,Lamine Diatta,70,Senegal,1.84 m,2 de julio de 1975,Senegal
1037,Lamine Gassama,70,Senegal,1.81 m,20 de octubre de 1989,Senegal
8241,Lance Davids,72,Sudáfrica,1.71 m,11 de abril de 1985,Sudáfrica
2789,Landon Donovan,35,Estados Unidos,1.73 m,4 de marzo de 1982,Estados Unidos
939,Landry N'Guémo,14,Camerún,1.72 m,28 de noviembre de 1985,Camerún
6855,Larbi El Hadi,5,Argelia,,27 de mayo de 1961,Argelia
7394,Lars Bohinen,58,Noruega,,8 de septiembre de 1969,Noruega
3383,Lars Eriksson,73,Suecia,,21 de septiembre de 1965,Suecia
4222,Lars Hogh,26,Dinamarca,,14 de enero de 1959,Dinamarca
4224,Lars Jacobsen,26,Dinamarca,1.84 m,20 de septiembre de 1979,Dinamarca
6259,Lars Ricken,1,Alemania,1.78 m,10 de julio de 1976,Alemania
4279,Lasse Schöne,26,Dinamarca,1.78 m,27 de mayo de 1986,Dinamarca
7493,Laszlo Balint,42,Hungría,,1 de febrero de 1948,Hungría
7501,Laszlo Bodor,42,Hungría,,17 de agosto de 1933,Hungría
7504,Laszlo Budai,42,Hungría,,19 de julio de 1928,Hungría
7509,Laszlo Cseh,42,Hungría,,1 de enero de 1910,Hungría
7514,Laszlo Dajka,42,Hungría,,29 de abril de 1959,Hungría
7517,Laszlo Disztl,42,Hungría,,4 de junio de 1962,Hungría
7521,Laszlo Fazekas,42,Hungría,,15 de octubre de 1947,Hungría
7550,Laszlo Kiss,42,Hungría,,12 de marzo de 1956,Hungría
7558,Laszlo Kovacs,42,Hungría,,24 de abril de 1951,Hungría
7560,Laszlo Lachos,42,Hungría,,,Hungría
7578,Laszlo Nagy,42,Hungría,,21 de octubre de 1949,Hungría
7589,Laszlo Pusztai,42,Hungría,,1 de marzo de 1946,Hungría
7597,Laszlo Sarosi,42,Hungría,,27 de febrero de 1932,Hungría
7603,Laszlo Sternberg,42,Hungría,,28 de mayo de 1905,Hungría
916,Lauren,14,Camerún,1.80 m,19 de enero de 1977,Camerún
3848,Laurent Blanc,36,Francia,1.90 m,19 de noviembre de 1965,Francia
6574,Laurent Ciman,13,Bélgica,1.80 m,5 de agosto de 1985,Bélgica
3897,Laurent Di Lorto,36,Francia,,1 de enero de 1909,Francia
6626,Laurent Grimmonprez,13,Bélgica,,14 de diciembre de 1902,Bélgica
3956,Laurent Koscielny,36,Francia,1.85 m,10 de septiembre de 1985,Francia
4024,Laurent Robuschi,36,Francia,,5 de octubre de 1935,Francia
2249,Laurie Hughes,47,Irlanda del Norte,,2 de marzo de 1924,Irlanda del Norte
1385,Laurie Scott,44,Inglaterra,,23 de abril de 1917,Inglaterra
8040,Lauro Amado,74,Suiza,,15 de marzo de 1912,Suiza
7780,Lautaro Martinez,56,México,1.74 m,22 de agosto de 1997,México
3643,Lav Mantula,71,Serbia,,8 de diciembre de 1928,Serbia
1460,Lawrence Ati-Zigi,38,Ghana,1.88 m,29 de noviembre de 1996,Ghana
1945,Lazar Sfera,68,Rumania,,29 de abril de 1909,Rumania
7608,Lazar Szentes,42,Hungría,,12 de diciembre de 1955,Hungría
3919,Lazare Gianessi,36,Francia,,9 de noviembre de 1925,Francia
2581,Lazaros Christodoulopoulos,39,Grecia,1.83 m,19 de diciembre de 1986,Grecia
6606,Leander Dendoncker,13,Bélgica,1.88 m,15 de abril de 1995,Bélgica
1686,Leandro,11,Brasil,,17 de marzo de 1959,Brasil
5229,Leandro Cufre,6,Argentina,1.77 m,9 de mayo de 1978,Argentina
5348,Leandro Paredes,6,Argentina,1.82 m,29 de junio de 1994,Argentina
5745,Leandro Remondini,51,Italia,,17 de noviembre de 1917,Italia
6706,Leandro Trossard,13,Bélgica,1.72 m,4 de diciembre de 1994,Bélgica
3258,Leao,65,Portugal,,11 de julio de 1949,Portugal
7932,Lebo Lebo,3,Angola,1.87 m,29 de mayo de 1977,Angola
8272,Lebogang Morula,72,Sudáfrica,,22 de diciembre de 1968,Sudáfrica
1316,Ledley King,44,Inglaterra,1.88 m,12 de octubre de 1980,Inglaterra
1445,Lee Addy,38,Ghana,1.78 m,26 de septiembre de 1985,Ghana
7446,Lee Carsley,46,Irlanda,1.77 m,28 de febrero de 1974,Irlanda
6526,Leen Vente,60,Paises Bajos,,14 de mayo de 1911,Paises Bajos
5472,Lefter Kucukandonyadis,77,Turquía,,22 de diciembre de 1925,Turquía
2708,Leider Preciado,19,Colombia,1.80 m,26 de febrero de 1977,Colombia
3380,Leif Engqvist,73,Suecia,,30 de julio de 1962,Suecia
3384,Leif Eriksson,73,Suecia,,20 de marzo de 1942,Suecia
3460,Leif Malberg,73,Suecia,,1 de septiembre de 1945,Suecia
1205,Leighton Baines,44,Inglaterra,1.70 m,11 de diciembre de 1984,Inglaterra
1688,Leivinha,11,Brasil,,11 de septiembre de 1949,Brasil
2527,Len Allchurch,37,Gales,,12 de septiembre de 1933,Gales
2244,Len Graham,47,Irlanda del Norte,,17 de octubre de 1925,Irlanda del Norte
3367,Lennart Bunke,73,Suecia,,,Suecia
3441,Lennart Larsson,73,Suecia,,9 de julio de 1953,Suecia
3502,Lennart Samuelsson,73,Suecia,,7 de julio de 1924,Suecia
3511,Lennart Skoglund,73,Suecia,,24 de diciembre de 1929,Suecia
5106,Leo Bertos,59,Nueva Zelanda,1.77 m,20 de diciembre de 1981,Nueva Zelanda
6578,Leo Clijsters,13,Bélgica,,6 de noviembre de 1956,Bélgica
8081,Leo Eichmann,74,Suiza,,24 de diciembre de 1936,Suiza
6411,Leo Halle,60,Paises Bajos,,26 de enero de 1906,Paises Bajos
6715,Leo Van Der Elst,13,Bélgica,,7 de enero de 1962,Bélgica
6319,Leo Wilden,1,Alemania,,3 de julio de 1936,Alemania
4464,Leon Balogun,57,Nigeria,1.90 m,28 de junio de 1988,Nigeria
3925,Leon Glovacki,36,Francia,,19 de febrero de 1928,Francia
6110,Leon Goretzka,1,Alemania,1.89 m,6 de febrero de 1995,Alemania
6641,Leon Jeck,13,Bélgica,,9 de febrero de 1947,Bélgica
6691,Leon Semmeling,13,Bélgica,,4 de enero de 1940,Bélgica
2730,Leon Villa,19,Colombia,,12 de enero de 1960,Colombia
3143,Leonard Piontek,64,Polonia,,3 de octubre de 1913,Polonia
1689,Leonardo,11,Brasil,,5 de septiembre de 1969,Brasil
5166,Leonardo Astrada,6,Argentina,,6 de enero de 1970,Argentina
5555,Leonardo Bonucci,51,Italia,1.90 m,1 de mayo de 1987,Italia
5598,Leonardo Costagliola,51,Italia,,27 de octubre de 1921,Italia
7700,Leonardo Cuellar,56,México,,14 de enero de 1952,México
4711,Leonardo Ferrel,9,Bolivia,,7 de julio de 1923,Bolivia
7722,Leonardo Franco,56,México,1.88 m,20 de mayo de 1977,México
2003,Leonardo Gonzalez,22,Costa Rica,1.86 m,21 de noviembre de 1980,Costa Rica
5380,Leonardo Rodriguez,6,Argentina,,27 de agosto de 1966,Argentina
784,Leonardo Veliz,17,Chile,,3 de septiembre de 1945,Chile
2634,Leonel Alvarez,19,Colombia,,30 de julio de 1965,Colombia
2027,Leonel Moreira,22,Costa Rica,1.80 m,4 de abril de 1990,Costa Rica
758,Leonel Sanchez,17,Chile,,25 de abril de 1936,Chile
4431,Leongino Unzain,62,Paraguay,,16 de mayo de 1925,Paraguay
269,Leonid Buryak,69,Rusia,,10 de julio de 1953,Rusia
370,Leonid Ostrovski,69,Rusia,,17 de enero de 1936,Rusia
399,Leonid Shmuts,69,Rusia,,8 de octubre de 1948,Rusia
1690,Leonidas,11,Brasil,,6 de septiembre de 1913,Brasil
6545,Leopold Anoul,13,Bélgica,,19 de agosto de 1922,Bélgica
4548,Leopold Barschandt,8,Austria,,12 de agosto de 1925,Austria
6623,Leopold Gernaey,13,Bélgica,,25 de febrero de 1927,Bélgica
6145,Leopold Hofmann,1,Alemania,,31 de octubre de 1905,Alemania
8129,Leopold Kielholz,74,Suiza,,9 de junio de 1911,Suiza
6231,Leopold Neumer,1,Alemania,,8 de febrero de 1919,Alemania
5304,Leopoldo Luque,6,Argentina,,3 de mayo de 1949,Argentina
2055,Leopoldo Vallejos,22,Costa Rica,,16 de julio de 1944,Costa Rica
6402,Leroy Fer,60,Paises Bajos,1.88 m,5 de enero de 1990,Paises Bajos
6267,Leroy Sané,1,Alemania,1.83 m,11 de enero de 1996,Alemania
1269,Les Ferdinand,44,Inglaterra,,18 de diciembre de 1966,Inglaterra
3047,Leslaw Cmikiewicz,64,Polonia,,25 de agosto de 1948,Polonia
4969,Lesmes Ii,34,España,,9 de noviembre de 1926,España
2028,Lester Morgan,22,Costa Rica,1.82 m,2 de mayo de 1976,Costa Rica
420,Lev Yashin,69,Rusia,,22 de octubre de 1929,Rusia
7998,Li Sup Pak,20,Corea del Norte,,6 de enero de 1944,Corea del Norte
2467,Liam Fraser,15,Canadá,1.85 m,13 de febrero de 1998,Canadá
2482,Liam Millar,15,Canadá,1.76 m,27 de septiembre de 1999,Canadá
6846,Liassine Cadamuro,5,Argelia,1.86 m,5 de marzo de 1988,Argelia
561,Libor Radimec,67,República Checa,,22 de mayo de 1950,República Checa
575,Libor Sionko,67,República Checa,1.75 m,1 de febrero de 1977,República Checa
5788,Lido Vieri,51,Italia,,16 de julio de 1939,Italia
3259,Liedson,65,Portugal,1.73 m,17 de diciembre de 1977,Portugal
7768,Ligorio Lopez,56,México,,3 de julio de 1933,México
4051,Lilian Thuram,36,Francia,1.85 m,1 de enero de 1972,Francia
7047,Lim Saeng Lee,21,Corea del Sur,1.82 m,18 de noviembre de 1971,Corea del Sur
1691,Lima,11,Brasil,,18 de enero de 1942,Brasil
4397,Lino Nessi,62,Paraguay,,1 de enero de 1904,Paraguay
7266,Linval Dixon,52,Jamaica,,14 de septiembre de 1971,Jamaica
3869,Lionel Charbonnier,36,Francia,1.81 m,25 de octubre de 1966,Francia
5318,Lionel Messi,6,Argentina,1.70 m,24 de junio de 1987,Argentina
5402,Lionel Scaloni,6,Argentina,1.82 m,16 de mayo de 1978,Argentina
5676,Lionello Manfredonia,51,Italia,,27 de noviembre de 1956,Italia
7780,Lisandro Martinez,56,México,1.75 m,18 de enero de 1998,México
1864,Liviu Ciobotariu,68,Rumania,,26 de marzo de 1971,Rumania
682,Lizardo Garrido,17,Chile,,25 de agosto de 1957,Chile
2191,Lizardo Nue Rodriguez,63,Perú,,30 de agosto de 1910,Perú
3570,Ljubinko Drulovic,71,Serbia,,11 de septiembre de 1968,Serbia
3734,Ljubisa Stefanovic,71,Serbia,,4 de enero de 1910,Serbia
3727,Ljubomir Spajic,71,Serbia,,7 de marzo de 1926,Serbia
6808,Lobilo Boba,66,RD Congo,,10 de abril de 1950,RD Congo
7933,Loco,3,Angola,1.80 m,25 de diciembre de 1984,Angola
897,Loïc Feudjou,14,Camerún,1.82 m,14 de abril de 1992,Camerún
4019,Loïc Rémy,36,Francia,1.84 m,2 de enero de 1987,Francia
6671,Lois Openda,13,Bélgica,1.75 m,16 de febrero de 2000,Bélgica
3260,Lopes,65,Portugal,,1 de noviembre de 1910,Portugal
5080,Lopez Ufarte,34,España,,19 de abril de 1958,España
5560,Lorenzo Buffon,51,Italia,,19 de diciembre de 1929,Italia
4336,Lorenzo Calonga,62,Paraguay,,,Paraguay
7715,Lorenzo Fernandez,56,México,,20 de mayo de 1900,México
5658,Lorenzo Insigne,51,Italia,1.63 m,4 de junio de 1991,Italia
5692,Lorenzo Minotti,51,Italia,,8 de febrero de 1967,Italia
6698,Lorenzo Staelens,13,Bélgica,,30 de abril de 1964,Bélgica
6088,Lothar Emmerich,1,Alemania,,29 de noviembre de 1941,Alemania
2515,Lothar Kurbjuweit,2,Alemania Oriental,,6 de noviembre de 1950,Alemania Oriental
6212,Lothar Matthaeus,1,Alemania,,21 de marzo de 1961,Alemania
2364,Lou Macari,31,Escocia,,7 de junio de 1949,Escocia
6566,Louis Carre,13,Bélgica,,7 de enero de 1925,Bélgica
3916,Louis Gabrillargues,36,Francia,,16 de junio de 1914,Francia
8104,Louis Gobet,74,Suiza,,28 de octubre de 1908,Suiza
935,Louis Mfede,14,Camerún,,26 de febrero de 1961,Camerún
4032,Louis Saha,36,Francia,1.84 m,8 de agosto de 1978,Francia
6747,Louis Versyp,13,Bélgica,,5 de diciembre de 1908,Bélgica
2631,Loukas Vyntra,39,Grecia,1.84 m,5 de febrero de 1981,Grecia
6858,Lounes Gaouaoui,5,Argelia,1.88 m,28 de septiembre de 1977,Argelia
3261,Lourenco,65,Portugal,,8 de abril de 1942,Portugal
7934,Love,3,Angola,1.78 m,14 de marzo de 1979,Angola
1105,Lovre Kalinić,24,Croacia,2.01 m,3 de abril de 1990,Croacia
1120,Lovro Majer,24,Croacia,1.78 m,17 de enero de 1998,Croacia
533,Lubomir Moravcik,67,República Checa,,22 de junio de 1965,República Checa
515,Lubos Kubik,67,República Checa,,20 de enero de 1964,República Checa
2989,Luboslav Penev,12,Bulgaria,,31 de agosto de 1966,Bulgaria
6658,Luc Millecamps,13,Bélgica,,10 de septiembre de 1951,Bélgica
6667,Luc Nilis,13,Bélgica,,25 de mayo de 1967,Bélgica
6721,Luc Van Hoywegen,13,Bélgica,,1 de enero de 1929,Bélgica
5558,Luca Bucci,51,Italia,,13 de marzo de 1969,Italia
2780,Luca de la Torre,35,Estados Unidos,1.78 m,23 de mayo de 1998,Estados Unidos
5289,Luca Izzeta,6,Argentina,,,Argentina
5677,Luca Marchegiani,51,Italia,,22 de febrero de 1966,Italia
5777,Luca Toni,51,Italia,1.94 m,26 de mayo de 1977,Italia
5815,Lucas Barrios,80,Uruguay,1.87 m,13 de noviembre de 1984,Uruguay
5187,Lucas Biglia,6,Argentina,1.78 m,30 de enero de 1986,Argentina
2460,Lucas Cavallini,15,Canadá,1.80 m,28 de diciembre de 1992,Canadá
3901,Lucas Digne,36,Francia,1.78 m,20 de julio de 1993,Francia
3940,Lucas Hernandez,36,Francia,1.84 m,14 de febrero de 1996,Francia
7349,Lucas Neill,7,Australia,1.85 m,9 de marzo de 1978,Australia
1747,Lucas Paqueta,11,Brasil,1.80 m,27 de agosto de 1997,Brasil
8284,Lucas Radebe,72,Sudáfrica,1.85 m,12 de abril de 1969,Sudáfrica
8288,Lucas Thwala,72,Sudáfrica,1.70 m,19 de octubre de 1981,Sudáfrica
6014,Lucas Torreira,80,Uruguay,1.68 m,11 de febrero de 1996,Uruguay
7888,Lucas Vázquez,56,México,1.73 m,1 de julio de 1991,México
1906,Lucian Marinescu,68,Rumania,,24 de junio de 1972,Rumania
5578,Luciano Castellini,51,Italia,,12 de diciembre de 1945,Italia
5744,Luciano Re Cecconi,51,Italia,,1 de diciembre de 1948,Italia
5769,Luciano Spinosi,51,Italia,,9 de mayo de 1950,Italia
5762,Lucidio Sentimenti,51,Italia,,1 de julio de 1920,Italia
3944,Lucien Jasseron,36,Francia,,29 de diciembre de 1913,Francia
3966,Lucien Laurent,36,Francia,,10 de diciembre de 1907,Francia
934,Lucien Mettomo,14,Camerún,1.83 m,19 de abril de 1977,Camerún
7574,Lucien Muller,42,Hungría,,3 de septiembre de 1934,Hungría
1693,Lucio,11,Brasil,1.88 m,8 de mayo de 1978,Brasil
530,Ludek Miklosko,67,República Checa,,9 de diciembre de 1961,República Checa
6579,Ludo Coeck,13,Bélgica,,25 de septiembre de 1955,Bélgica
6907,Ludovic Assemoassa,75,Togo,1.84 m,18 de septiembre de 1980,Togo
8145,Ludovic Magnin,74,Suiza,1.86 m,20 de abril de 1979,Suiza
1942,Ludovic Satmareanu,68,Rumania,,21 de febrero de 1944,Rumania
5168,Ludovico Avio,6,Argentina,,6 de octubre de 1931,Argentina
3353,Ludwig Augustinsson,73,Suecia,1.81 m,21 de abril de 1994,Suecia
6108,Ludwig Goldbrunner,1,Alemania,,5 de marzo de 1908,Alemania
5518,Luigi Allemandi,51,Italia,,8 de noviembre de 1903,Italia
5529,Luigi Apolloni,51,Italia,,2 de mayo de 1967,Italia
5547,Luigi Bertolini,51,Italia,,13 de septiembre de 1904,Italia
5603,Luigi De Agostini,51,Italia,,7 de abril de 1961,Italia
5612,Luigi Di Biagio,51,Italia,1.77 m,3 de junio de 1971,Italia
5691,Luigi Meroni,51,Italia,,24 de febrero de 1943,Italia
5742,Luigi Radice,51,Italia,,15 de enero de 1935,Italia
2128,Luis Advíncula,63,Perú,1.77 m,2 de marzo de 1990,Perú
5431,Antonio Valencia,6,Argentina,1.80 m,4 de agosto de 1985,Argentina
4865,Luis Arconada,34,España,,26 de junio de 1954,España
5165,Luis Artime,6,Argentina,,2 de diciembre de 1938,Argentina
4328,Luis Caballero,62,Paraguay,,17 de septiembre de 1962,Paraguay
2703,Luis Carlos Perea,19,Colombia,,29 de diciembre de 1963,Colombia
7689,Luis Chávez,56,México,1.78 m,15 de enero de 1996,México
4707,Luis Cristaldo,9,Bolivia,,31 de agosto de 1969,Bolivia
5848,Luis Cruz,80,Uruguay,,28 de abril de 1925,Uruguay
2146,Luis Cruzado,63,Perú,,6 de julio de 1941,Perú
5849,Luis Cubilla,80,Uruguay,,28 de marzo de 1940,Uruguay
4909,Luis Del Sol,34,España,,6 de abril de 1935,España
4975,Luis Enrique,34,España,1.80 m,8 de mayo de 1970,España
5839,Luis Ernesto Castro,80,Uruguay,,31 de julio de 1921,Uruguay
668,Luis Eyzaguirre,17,Chile,,22 de junio de 1939,Chile
1694,Luis Fabiano,11,Brasil,1.86 m,8 de noviembre de 1980,Brasil
2666,Luis Fajardo,19,Colombia,,18 de agosto de 1963,Colombia
3912,Luis Fernandez,36,Francia,,2 de octubre de 1959,Francia
3235,Luis Figo,65,Portugal,1.80 m,4 de noviembre de 1972,Portugal
7719,Luis Flores,56,México,,8 de agosto de 1962,México
5263,Luis Galvan,6,Argentina,,24 de febrero de 1948,Argentina
7727,Luis Garcia,56,México,1.76 m,24 de junio de 1978,México
7727,Luis Garcia,56,México,,1 de junio de 1969,México
5879,Luis Garisto,80,Uruguay,,3 de diciembre de 1945,Uruguay
214,Luis Garrido,41,Honduras,1.70 m,5 de noviembre de 1990,Honduras
4371,Luis Gini,62,Paraguay,,,Paraguay
8423,Luis Gomez,61,Panamá,1.72 m,20 de abril de 1972,Panamá
7738,Luis Gonzalez,56,México,1.85 m,19 de enero de 1981,México
5697,Luis Guevara Mora,51,Italia,,2 de septiembre de 1961,Italia
7754,Luis Hernandez,56,México,1.72 m,22 de diciembre de 1968,México
7755,Luis Herrera,56,México,,12 de junio de 1962,México
5288,Luis Islas,6,Argentina,,22 de diciembre de 1965,Argentina
220,Luis López,41,Honduras,1.80 m,13 de septiembre de 1993,Honduras
5912,Luis Maidana,80,Uruguay,,24 de febrero de 1934,Uruguay
4976,Luis Marin,34,España,1.86 m,18 de mayo de 1983,España
4976,Luis Marin,34,España,,4 de septiembre de 1906,España
4976,Luis Marin,34,España,1.80 m,10 de agosto de 1974,España
703,Luis Mayanes,17,Chile,,15 de enero de 1925,Chile
7788,Luis Michel,56,México,1.83 m,21 de julio de 1979,México
4994,Luis Molowny,34,España,,12 de mayo de 1925,España
5694,Luis Monti,51,Italia,,15 de mayo de 1901,Italia
2695,Luis Muriel,19,Colombia,1.78 m,16 de abril de 1991,Colombia
712,Luis Musrri,17,Chile,,24 de diciembre de 1968,Chile
6669,Luis Oliveira,13,Bélgica,,24 de marzo de 1969,Bélgica
8425,Luis Ovalle,61,Panamá,1.77 m,7 de septiembre de 1988,Panamá
5950,Luis Paz,80,Uruguay,,,Uruguay
1695,Luis Pereira,11,Brasil,,21 de junio de 1949,Brasil
7821,Luis Perez,56,México,,1 de enero de 1907,México
7821,Luis Perez,56,México,1.70 m,12 de enero de 1981,México
4730,Luis Ramallo,9,Bolivia,,4 de julio de 1961,Bolivia
848,Luis Ramirez,29,El Salvador,,6 de enero de 1954,El Salvador
7834,Luis Ramos,56,México,,9 de octubre de 1939,México
7836,Luis Regueiro,56,México,,22 de diciembre de 1943,México
7836,Luis Regueiro,56,México,,1 de julio de 1908,México
4733,Luis Reyes Penaranda,9,Bolivia,,,Bolivia
2203,Luis Reyna,63,Perú,,6 de mayo de 1959,Perú
5972,Luis Rijo,80,Uruguay,,28 de septiembre de 1927,Uruguay
7852,Luis Romo,56,México,1.83 m,5 de junio de 1995,México
2207,Luis Rubinos,63,Perú,,31 de diciembre de 1940,Perú
7862,Luis Salvador,56,México,,26 de febrero de 1968,México
69,Luis Saritama,27,Ecuador,1.75 m,20 de octubre de 1983,Ecuador
4424,Luis Silva,62,Paraguay,,,Paraguay
2216,Luis Souza,63,Perú,,6 de octubre de 1908,Perú
6010,Luis Suarez,80,Uruguay,1.82 m,24 de enero de 1987,Uruguay
6010,Luis Suarez,80,Uruguay,,2 de mayo de 1935,Uruguay
8431,Luis Tejada,61,Panamá,1.84 m,28 de marzo de 1982,Panamá
6017,Luis Ubina,80,Uruguay,,7 de junio de 1940,Uruguay
7882,Luis Valdez,56,México,,1 de julio de 1965,México
4434,Luis Vargas Pena,62,Paraguay,,1 de enero de 1905,Paraguay
1696,Luisao,11,Brasil,1.93 m,13 de febrero de 1981,Brasil
1697,Luisinho,11,Brasil,,29 de marzo de 1911,Brasil
1698,Luiz Gustavo,11,Brasil,1.87 m,23 de julio de 1987,Brasil
1699,Luiz Luz,11,Brasil,,29 de noviembre de 1909,Brasil
1700,Luizao,11,Brasil,1.76 m,14 de noviembre de 1975,Brasil
1701,Luizinho,11,Brasil,,22 de octubre de 1958,Brasil
3609,Luka Jović,71,Serbia,1.81 m,23 de diciembre de 1997,Serbia
3637,Luka Liposinovic,71,Serbia,,12 de mayo de 1933,Serbia
3659,Luka Milivojević,71,Serbia,1.86 m,7 de abril de 1991,Serbia
1124,Luka Modric,24,Croacia,1.72 m,9 de septiembre de 1985,Croacia
3693,Luka Peruzovic,71,Serbia,,26 de febrero de 1952,Serbia
1154,Luka Sucic,24,Croacia,1.85 m,8 de septiembre de 2002,Croacia
6177,Lukas Klostermann,1,Alemania,1.87 m,3 de junio de 1996,Alemania
4246,Lukas Lerager,26,Dinamarca,1.83 m,12 de julio de 1993,Dinamarca
6248,Lukas Podolski,1,Alemania,1.80 m,4 de junio de 1985,Alemania
3056,Lukasz Fabianski,64,Polonia,1.90 m,18 de abril de 1985,Polonia
3144,Lukasz Piszczek,64,Polonia,1.84 m,3 de junio de 1985,Polonia
3153,Lukasz Skorupski,64,Polonia,1.87 m,5 de mayo de 1991,Polonia
3169,Lukasz Teodorczyk,64,Polonia,1.85 m,3 de junio de 1991,Polonia
1388,Luke Shaw,44,Inglaterra,1.85 m,12 de julio de 1995,Inglaterra
7383,Luke Wilkshire,7,Australia,1.77 m,2 de octubre de 1981,Australia
4484,Lukman Haruna,57,Nigeria,1.77 m,4 de diciembre de 1990,Nigeria
6388,Luuk De Jong,60,Paises Bajos,1.88 m,27 de agosto de 1990,Paises Bajos
1177,Maad Ibrahim,45,Iraq,,30 de junio de 1960,Iraq
6484,Maarten Stekelenburg,60,Paises Bajos,1.97 m,22 de septiembre de 1982,Paises Bajos
4843,Mabrouk Zaid,4,Arabia Saudita,1.85 m,11 de febrero de 1979,Arabia Saudita
8286,MacBeth Sibaya,72,Sudáfrica,1.76 m,25 de noviembre de 1977,Sudáfrica
8275,MacDonald Mukansi,72,Sudáfrica,1.76 m,26 de mayo de 1975,Sudáfrica
8424,Machado,61,Panamá,,1 de enero de 1909,Panamá
3130,Maciej Murawski,64,Polonia,1.85 m,20 de febrero de 1974,Polonia
3149,Maciej Rybus,64,Polonia,1.73 m,19 de agosto de 1989,Polonia
3188,Maciej Zurawski,64,Polonia,1.80 m,12 de septiembre de 1976,Polonia
6843,Madjid Bougherra,5,Argelia,1.90 m,7 de octubre de 1982,Argelia
7787,Magdaleno Mercado,56,México,,4 de abril de 1944,México
2068,Magdy Abedelghani,28,Egipto,,27 de julio de 1959,Egipto
2121,Magdy Tolba,28,Egipto,,24 de febrero de 1964,Egipto
7415,Magnar Isaksen,58,Noruega,,13 de octubre de 1910,Noruega
3350,Magnus Andersson,73,Suecia,,23 de abril de 1958,Suecia
3386,Magnus Erlingmark,73,Suecia,,8 de julio de 1968,Suecia
3406,Magnus Hedman,73,Suecia,1.93 m,19 de marzo de 1973,Suecia
3434,Magnus Kihlstedt,73,Suecia,1.90 m,29 de febrero de 1972,Suecia
3523,Magnus Svensson,73,Suecia,1.72 m,10 de marzo de 1969,Suecia
7918,Mahboud Mubarak,54,Kuwait,,17 de septiembre de 1955,Kuwait
6847,Mahdi Cerbah,5,Argelia,,3 de enero de 1953,Argelia
8362,Mahjoub Ghazouani,55,Marruecos,,1 de enero de 1948,Marruecos
6863,Mahmoud Guendouz,5,Argelia,,24 de febrero de 1953,Argelia
2122,Trézéguet,28,Egipto,1.79 m,1 de octubre de 1994,Egipto
2093,Mahmoud Kahraba,28,Egipto,1.82 m,13 de abril de 1994,Egipto
2104,Mahmoud Moukhtar,28,Egipto,,23 de diciembre de 1907,Egipto
2105,Mahmoud Negro,28,Egipto,,,Egipto
1182,Mahmoud Shaker,45,Iraq,,5 de mayo de 1960,Iraq
1703,Maicon,11,Brasil,1.86 m,26 de julio de 1981,Brasil
5705,Maino Neri,51,Italia,,30 de junio de 1924,Italia
4749,Majed Abdullah,4,Arabia Saudita,,1 de noviembre de 1959,Arabia Saudita
1514,Majeed Waris,38,Ghana,1.72 m,19 de septiembre de 1991,Ghana
4091,Majid Bishkar,48,Irán,,6 de agosto de 1956,Irán
4122,Majid Hosseini,48,Irán,1.87 m,20 de junio de 1996,Irán
90,Makoto Hasebe,53,Japón,1.77 m,18 de enero de 1984,Japón
313,Maksim Kanunnikov,69,Rusia,1.83 m,14 de julio de 1991,Rusia
7107,Maksym Kalinichenko,79,Ucrania,1.76 m,26 de enero de 1979,Ucrania
1060,Makthar Ndiaye,70,Senegal,1.75 m,31 de diciembre de 1981,Senegal
2240,Mal Donaghy,47,Irlanda del Norte,,13 de septiembre de 1957,Irlanda del Norte
4766,Malek Al Hawsawi,4,Arabia Saudita,1.78 m,10 de agosto de 1981,Arabia Saudita
1046,Mamadou Loum,70,Senegal,1.93 m,30 de diciembre de 1996,Senegal
4033,Mamadou Sakho,36,Francia,1.87 m,13 de febrero de 1990,Francia
5486,Mamat Suat,77,Turquía,,8 de noviembre de 1930,Turquía
1034,Mame Biram Diouf,70,Senegal,1.85 m,19 de diciembre de 1987,Senegal
6817,Mana Mambuene,66,RD Congo,,10 de octubre de 1947,RD Congo
159,Manabu Saito,53,Japón,1.69 m,4 de abril de 1990,Japón
1489,Manaf Nurudeen,38,Ghana,1.90 m,8 de febrero de 1999,Ghana
1704,Maneca,11,Brasil,,28 de enero de 1926,Brasil
6162,Manfred Kaltz,1,Alemania,,6 de enero de 1953,Alemania
4609,Manfred Linzmaier,8,Austria,,27 de agosto de 1962,Austria
6209,Manfred Manglitz,1,Alemania,,8 de marzo de 1940,Alemania
7365,Manfred Schaefer,7,Australia,,12 de febrero de 1943,Australia
4670,Manfred Zsak,8,Austria,,22 de diciembre de 1964,Austria
1705,Manga,11,Brasil,,26 de abril de 1937,Brasil
3262,Maniche,65,Portugal,1.79 m,11 de noviembre de 1977,Portugal
1706,Manoelzinho,11,Brasil,,22 de agosto de 1907,Brasil
4979,Manolo,34,España,,17 de enero de 1965,España
4800,Mansoor Al-Harbi,4,Arabia Saudita,1.70 m,19 de octubre de 1987,Arabia Saudita
4816,Mansour Althagafi,4,Arabia Saudita,1.76 m,14 de enero de 1979,Arabia Saudita
7935,Mantorras,3,Angola,1.78 m,18 de marzo de 1982,Angola
8037,Manuel Akanji,74,Suiza,1.86 m,19 de julio de 1995,Suiza
7640,Manuel Alvarez,56,México,,23 de mayo de 1928,México
3822,Manuel Amoros,36,Francia,,1 de febrero de 1962,Francia
634,Manuel Astorga,17,Chile,,16 de marzo de 1943,Chile
7673,Manuel Camacho,56,México,,29 de abril de 1929,México
2425,Manuel Chorens,25,Cuba,,22 de enero de 1916,Cuba
8332,Manuel da Costa,55,Marruecos,1.94 m,6 de mayo de 1986,Marruecos
3263,Manuel Duarte,65,Portugal,,20 de mayo de 1943,Portugal
3231,Manuel Fernandes,65,Portugal,1.75 m,5 de febrero de 1986,Portugal
5253,Manuel Ferreira,6,Argentina,,22 de octubre de 1905,Argentina
4370,Manuel Gavilan,62,Paraguay,,1 de enero de 1921,Paraguay
7743,Manuel Gutierrez,56,México,,8 de abril de 1920,México
7760,Manuel Jimenez,56,México,,26 de enero de 1964,México
7760,Manuel Jimenez,56,México,,27 de octubre de 1956,México
699,Manuel Machuca,17,Chile,,1 de enero de 1924,Chile
711,Manuel Munoz,17,Chile,,28 de abril de 1928,Chile
7799,Manuel Najera,56,México,,20 de diciembre de 1952,México
7804,Manuel Negrete,56,México,,11 de marzo de 1959,México
717,Manuel Neira,17,Chile,,12 de octubre de 1977,Chile
6230,Manuel Neuer,1,Alemania,1.93 m,27 de marzo de 1986,Alemania
746,Manuel Rodriguez,17,Chile,,18 de enero de 1938,Chile
5382,Manuel Rojas,6,Argentina,,13 de junio de 1954,Argentina
7854,Manuel Rosas,56,México,,17 de abril de 1912,México
5057,Manuel Sanchis,34,España,,26 de marzo de 1938,España
5057,Manuel Sanchis,34,España,,23 de mayo de 1965,España
6018,Manuel Ugarte,80,Uruguay,1.82 m,11 de abril de 2001,Uruguay
7893,Manuel Vidrio,56,México,1.84 m,23 de agosto de 1972,México
6531,Manus Vrauwdeunt,60,Paises Bajos,,29 de abril de 1914,Paises Bajos
5505,Maozhen Su,18,China,1.86 m,30 de julio de 1972,China
4980,Maranon,34,España,,23 de julio de 1948,España
311,Marat Izmailov,69,Rusia,1.72 m,21 de septiembre de 1982,Rusia
6300,Marc-André ter Stegen,1,Alemania,1.87 m,30 de abril de 1992,Alemania
6549,Marc Baecke,13,Bélgica,,24 de julio de 1956,Bélgica
3843,Marc Berdoll,36,Francia,,6 de abril de 1953,Francia
6591,Marc De Grijse,13,Bélgica,,4 de septiembre de 1965,Bélgica
6616,Marc Emmers,13,Bélgica,,25 de febrero de 1966,Bélgica
8116,Marc Hottiger,74,Suiza,,7 de noviembre de 1967,Suiza
6659,Marc Millecamps,13,Bélgica,,9 de octubre de 1950,Bélgica
6458,Marc Overmars,60,Paises Bajos,,29 de marzo de 1973,Paises Bajos
4011,Marc Planus,36,Francia,1.83 m,7 de marzo de 1982,Francia
4272,Marc Rieper,26,Dinamarca,,5 de junio de 1968,Dinamarca
6719,Marc Van Der Linden,13,Bélgica,,4 de febrero de 1964,Bélgica
900,Marc-Vivien Foe,14,Camerún,1.94 m,1 de mayo de 1975,Camerún
6757,Marc Wilmots,13,Bélgica,1.84 m,22 de febrero de 1969,Bélgica
6806,Marc Zoro,23,Costa de Marfil,1.82 m,27 de diciembre de 1983,Costa de Marfil
3826,Marcel Artelesa,36,Francia,,2 de julio de 1938,Francia
3828,Marcel Aubour,36,Francia,,17 de junio de 1940,Francia
3863,Marcel Capelle,36,Francia,,11 de diciembre de 1904,Francia
3894,Marcel Desailly,36,Francia,1.84 m,7 de septiembre de 1968,Francia
6614,Marcel Dries,13,Bélgica,,19 de septiembre de 1929,Bélgica
8091,Marcel Flueckiger,74,Suiza,,20 de septiembre de 1929,Suiza
3963,Marcel Langiller,36,Francia,,2 de junio de 1908,Francia
920,Marcel Mahouve,14,Camerún,,16 de enero de 1973,Camerún
8148,Marcel Mauron,74,Suiza,,25 de marzo de 1929,Suiza
4008,Marcel Pinel,36,Francia,,8 de julio de 1908,Francia
8215,Marcel Vonlanden,74,Suiza,,8 de septiembre de 1933,Suiza
4981,Marcelino,34,España,,13 de agosto de 1955,España
4981,Marcelino,34,España,,29 de abril de 1940,España
7658,Marcelino Bernal,56,México,,27 de mayo de 1962,México
4433,Marcelino Vargas,62,Paraguay,,1 de enero de 1921,Paraguay
6158,Marcell Jansen,1,Alemania,1.90 m,4 de noviembre de 1985,Alemania
1707,Marcelo,11,Brasil,1.74 m,12 de mayo de 1988,Brasil
2747,Marcelo Balboa,35,Estados Unidos,,8 de agosto de 1967,Estados Unidos
1086,Marcelo Brozovic,24,Croacia,1.81 m,16 de noviembre de 1992,Croacia
5232,Marcelo Delgado,6,Argentina,,24 de marzo de 1973,Argentina
659,Marcelo Díaz,17,Chile,1.68 m,30 de diciembre de 1986,Chile
7726,Marcelo Gallardo,56,México,1.69 m,18 de enero de 1976,México
5342,Marcelo Pagani,6,Argentina,,19 de agosto de 1941,Argentina
736,Marcelo Ramirez,17,Chile,,29 de mayo de 1965,Chile
7850,Marcelo Romero,56,México,1.76 m,4 de julio de 1976,México
2044,Marcelo Salas,22,Costa Rica,,24 de diciembre de 1974,Costa Rica
4743,Marcelo Torrico,9,Bolivia,,11 de enero de 1972,Bolivia
5424,Marcelo Trobbiani,6,Argentina,,17 de febrero de 1955,Argentina
783,Marcelo Vega,17,Chile,,12 de agosto de 1971,Chile
4310,Marcial Avalos,62,Paraguay,,,Paraguay
3030,Marcin Baszczynski,64,Polonia,1.83 m,7 de junio de 1977,Polonia
3183,Marcin Zewlakow,64,Polonia,1.83 m,22 de abril de 1976,Polonia
1708,Marcio Santos,11,Brasil,,15 de septiembre de 1969,Brasil
7936,Marco Abreu,3,Angola,1.80 m,8 de diciembre de 1974,Angola
5522,Marco Amelia,51,Italia,1.90 m,2 de abril de 1982,Italia
1709,Marco Antonio,11,Brasil,,6 de febrero de 1951,Brasil
4709,Marco Antonio Etcheverry,9,Bolivia,,26 de septiembre de 1970,Bolivia
4740,Marco Antonio Sandy,9,Bolivia,,29 de agosto de 1971,Bolivia
4869,Marco Asensio,34,España,1.75 m,21 de enero de 1996,España
6061,Marco Bode,1,Alemania,1.89 m,23 de julio de 1969,Alemania
7292,Mark Bresciano,7,Australia,1.82 m,11 de febrero de 1980,Australia
654,Marco Cornez,17,Chile,,15 de octubre de 1957,Chile
5610,Marco Delvecchio,51,Italia,1.86 m,7 de abril de 1973,Italia
2665,Marco Estrada,19,Colombia,1.74 m,28 de mayo de 1983,Colombia
7713,Marco Fabián,56,México,1.70 m,21 de julio de 1989,México
8107,Marco Grassi,74,Suiza,,8 de agosto de 1968,Suiza
5686,Marco Materazzi,51,Italia,1.93 m,19 de agosto de 1973,Italia
8163,Marco Padalino,74,Suiza,1.77 m,8 de diciembre de 1983,Suiza
5720,Marco Parolo,51,Italia,1.86 m,25 de enero de 1985,Italia
8165,Marco Pascolo,74,Suiza,,9 de mayo de 1966,Suiza
6257,Marco Reus,1,Alemania,1.80 m,31 de mayo de 1989,Alemania
8202,Marco Streller,74,Suiza,1.95 m,18 de junio de 1981,Suiza
5772,Marco Tardelli,51,Italia,,24 de septiembre de 1954,Italia
6495,Marco Van Basten,60,Paises Bajos,,31 de octubre de 1964,Paises Bajos
5784,Marco Verratti,51,Italia,1.65 m,5 de noviembre de 1992,Italia
8225,Marco Woelfli,74,Suiza,1.85 m,22 de agosto de 1982,Suiza
1710,Marcos,11,Brasil,1.93 m,4 de agosto de 1973,Brasil
5150,Marcos Acuña,6,Argentina,1.72 m,28 de octubre de 1991,Argentina
7937,Marcos Airosa,3,Angola,1.78 m,6 de agosto de 1984,Angola
2653,Marcos Coll,19,Colombia,,23 de agosto de 1935,Colombia
4971,Marcos Llorente,34,España,1.84 m,30 de enero de 1995,España
7840,Marcos Rivas,56,México,,19 de septiembre de 1945,México
5383,Marcos Rojo,6,Argentina,1.84 m,20 de marzo de 1990,Argentina
4983,Marcos Senna,34,España,1.77 m,17 de julio de 1976,España
2054,Marco Ureña,22,Costa Rica,1.79 m,5 de marzo de 1990,Costa Rica
4984,Marculeta,34,España,,24 de septiembre de 1907,España
3333,Marcus Allback,73,Suecia,1.80 m,5 de julio de 1973,Suecia
3358,Marcus Berg,73,Suecia,1.84 m,17 de agosto de 1986,Suecia
7269,Marcus Gayle,52,Jamaica,,27 de septiembre de 1970,Jamaica
2811,Marcus Hahnemann,35,Estados Unidos,1.92 m,15 de junio de 1972,Estados Unidos
1373,Marcus Rashford,44,Inglaterra,1.80 m,31 de octubre de 1997,Inglaterra
3497,Marcus Rohdén,73,Suecia,1.82 m,11 de mayo de 1991,Suecia
4052,Marcus Thuram,36,Francia,1.92 m,6 de agosto de 1997,Francia
173,Marcus Tulio Tanaka,53,Japón,1.85 m,24 de abril de 1981,Japón
794,Marek Cech,32,Eslovaquia,1.81 m,26 de enero de 1983,Eslovaquia
3055,Marek Dziuba,64,Polonia,,19 de diciembre de 1955,Polonia
796,Marek Hamsik,32,Eslovaquia,1.84 m,27 de julio de 1987,Eslovaquia
471,Marek Heinz,67,República Checa,1.88 m,4 de agosto de 1977,República Checa
485,Marek Jankulovski,67,República Checa,1.84 m,9 de mayo de 1977,República Checa
3099,Marek Kozminski,64,Polonia,1.78 m,7 de febrero de 1971,Polonia
3108,Marek Kusto,64,Polonia,,29 de abril de 1954,Polonia
3135,Marek Ostrowski,64,Polonia,,22 de noviembre de 1959,Polonia
809,Marek Sapara,32,Eslovaquia,1.76 m,31 de julio de 1982,Eslovaquia
2942,Marian Hristov,12,Bulgaria,,29 de julio de 1973,Bulgaria
1893,Marian Ivan,68,Rumania,,1 de junio de 1969,Rumania
527,Marian Masny,67,República Checa,,13 de agosto de 1950,República Checa
5161,Mariano Andujar,6,Argentina,1.80 m,30 de julio de 1983,Argentina
5020,Mariano Pernia,34,España,1.77 m,4 de mayo de 1977,España
1125,Marijan Mrmic,24,Croacia,,6 de mayo de 1965,Croacia
1954,Marin Tufan,68,Rumania,,14 de octubre de 1942,Rumania
1711,Marinho Chagas,11,Brasil,,8 de febrero de 1952,Brasil
1712,Marinho Peres,11,Brasil,,19 de marzo de 1947,Brasil
3786,Marinko Galic,33,Eslovenia,1.75 m,22 de abril de 1970,Eslovenia
2684,Marino Klinger,19,Colombia,,7 de febrero de 1936,Colombia
5726,Marino Perani,51,Italia,,27 de octubre de 1939,Italia
7938,Mario,3,Angola,1.84 m,1 de junio de 1985,Angola
4690,Mario Alborta,9,Bolivia,,19 de septiembre de 1910,Bolivia
5535,Mario Balotelli,51,Italia,1.89 m,12 de agosto de 1990,Italia
6048,Mario Basler,1,Alemania,,18 de diciembre de 1968,Alemania
5819,Mario Bergara,80,Uruguay,,1 de diciembre de 1937,Uruguay
5546,Mario Bertini,51,Italia,,7 de enero de 1944,Italia
5190,Mario Bolatti,6,Argentina,1.89 m,17 de febrero de 1985,Argentina
5837,Mario Castillo,80,Uruguay,,30 de octubre de 1951,Uruguay
5215,Mario Chaldu,6,Argentina,,6 de junio de 1942,Argentina
5602,Mario David,51,Italia,,13 de marzo de 1934,Italia
2151,Mario De Las Casas,63,Perú,,12 de agosto de 1905,Perú
8078,Mario Eggimann,74,Suiza,1.84 m,24 de enero de 1981,Suiza
5246,Mario Evaristo,6,Argentina,,10 de diciembre de 1908,Argentina
293,Mário Fernandes,69,Rusia,1.89 m,19 de septiembre de 1990,Rusia
679,Mario Galindo,17,Chile,,10 de agosto de 1951,Chile
8102,Mario Gavranovic,74,Suiza,1.75 m,24 de noviembre de 1989,Suiza
5642,Mario Genta,51,Italia,,1 de marzo de 1912,Italia
8423,Mario Gomez,61,Panamá,1.89 m,10 de julio de 1985,Panamá
5892,Mario Gonzalez,80,Uruguay,,27 de mayo de 1950,Uruguay
6111,Mario Götze,1,Alemania,1.76 m,3 de junio de 1992,Alemania
4568,Mario Haas,8,Austria,1.78 m,16 de septiembre de 1974,Austria
5290,Mario Kempes,6,Argentina,,15 de julio de 1954,Argentina
695,Mario Lepe,17,Chile,,14 de abril de 1940,Chile
1122,Mario Mandzukic,24,Croacia,1.87 m,21 de mayo de 1986,Croacia
222,Mario Martínez,41,Honduras,1.73 m,30 de julio de 1989,Honduras
7782,Mario Medina,56,México,,2 de septiembre de 1952,México
4721,Mario Mena,9,Bolivia,,28 de julio de 1928,Bolivia
7784,Mario Mendez,56,México,1.75 m,1 de junio de 1979,México
7784,Mario Mendez,56,México,,11 de mayo de 1938,México
840,Mario Monge,29,El Salvador,,27 de noviembre de 1938,El Salvador
7793,Mario Moreno,56,México,,31 de diciembre de 1935,México
7807,Mario Ochoa,56,México,,1 de enero de 1927,México
722,Mario Ortiz,17,Chile,,28 de enero de 1936,Chile
723,Mario Osben,17,Chile,,14 de julio de 1950,Chile
1128,Mario Pasalic,24,Croacia,1.89 m,9 de febrero de 1995,Croacia
5727,Mario Perazzolo,51,Italia,,7 de junio de 1911,Italia
8427,Mario Perez,61,Panamá,,30 de diciembre de 1946,Panamá
8427,Mario Perez,61,Panamá,,19 de febrero de 1927,Panamá
4728,Mario Pinedo,9,Bolivia,,9 de abril de 1964,Bolivia
5736,Mario Pizziolo,51,Italia,,7 de diciembre de 1909,Italia
8169,Mario Prosperi,74,Suiza,,4 de agosto de 1945,Suiza
5970,Mario Regueiro,80,Uruguay,1.78 m,14 de septiembre de 1978,Uruguay
3265,Mário Rui,65,Portugal,1.68 m,27 de mayo de 1991,Portugal
5993,Mario Saralegui,80,Uruguay,,24 de abril de 1959,Uruguay
2432,Mario Sosa,25,Cuba,,1 de enero de 1910,Cuba
764,Mario Soto,17,Chile,,10 de julio de 1950,Chile
1149,Mario Stanic,24,Croacia,1.87 m,10 de abril de 1972,Croacia
1157,Mario Tokic,24,Croacia,1.80 m,23 de julio de 1975,Croacia
7881,Mario Trejo,56,México,,18 de septiembre de 1961,México
5783,Mario Varglien,51,Italia,,16 de diciembre de 1905,Italia
7891,Mario Velarde,56,México,,29 de marzo de 1940,México
2732,Mario Yepes,19,Colombia,1.86 m,13 de enero de 1976,Colombia
4074,Mario Zatelli,36,Francia,,21 de diciembre de 1912,Francia
1898,Marius Lacatus,68,Rumania,,5 de abril de 1964,Rumania
4056,Marius Tresor,36,Francia,,15 de enero de 1950,Francia
3082,Mariusz Jop,64,Polonia,1.88 m,3 de agosto de 1978,Polonia
3111,Mariusz Lewandowski,64,Polonia,1.85 m,18 de mayo de 1979,Polonia
2475,Mark-Anthony Kaye,15,Canadá,1.85 m,2 de diciembre de 1994,Canadá
2233,Mark Caughey,47,Irlanda del Norte,,27 de agosto de 1960,Irlanda del Norte
8244,Mark Fish,72,Sudáfrica,1.87 m,14 de marzo de 1974,Sudáfrica
684,Mark Gonzalez,17,Chile,1.75 m,10 de julio de 1984,Chile
2544,Mark Harris,37,Gales,1.82 m,29 de diciembre de 1998,Gales
1289,Mark Hateley,44,Inglaterra,,7 de noviembre de 1961,Inglaterra
5660,Mark Iuliano,51,Italia,1.87 m,12 de agosto de 1973,Italia
7468,Mark Kinsella,46,Irlanda,1.76 m,12 de agosto de 1972,Irlanda
7345,Mark Milligan,7,Australia,1.78 m,4 de agosto de 1985,Australia
5131,Mark Paston,59,Nueva Zelanda,1.95 m,13 de diciembre de 1976,Nueva Zelanda
7366,Mark Schwarzer,7,Australia,1.96 m,6 de octubre de 1972,Australia
6496,Mark Van Bommel,60,Paises Bajos,1.87 m,22 de abril de 1977,Paises Bajos
7378,Mark Viduka,7,Australia,1.88 m,9 de octubre de 1975,Australia
1436,Mark Wright,44,Inglaterra,,1 de agosto de 1963,Inglaterra
1077,Marko Babic,24,Croacia,1.86 m,28 de enero de 1981,Croacia
3567,Marko Dmitrović,71,Serbia,1.94 m,24 de enero de 1992,Serbia
3582,Marko Grujić,71,Serbia,1.91 m,13 de abril de 1996,Serbia
1117,Marko Livaja,24,Croacia,1.82 m,26 de agosto de 1993,Croacia
6210,Marko Marin,1,Alemania,1.69 m,13 de marzo de 1989,Alemania
3687,Marko Pantelic,71,Serbia,1.81 m,15 de septiembre de 1978,Serbia
1132,Marko Pjaca,24,Croacia,1.86 m,6 de mayo de 1995,Croacia
6255,Marko Rehmer,1,Alemania,1.87 m,29 de abril de 1972,Alemania
3812,Marko Simeunovic,33,Eslovenia,1.90 m,6 de diciembre de 1967,Eslovenia
3814,Marko Suler,33,Eslovenia,1.87 m,9 de marzo de 1983,Eslovenia
6045,Markus Babbel,1,Alemania,1.88 m,8 de septiembre de 1972,Alemania
3499,Markus Rosenberg,73,Suecia,1.84 m,27 de septiembre de 1982,Suecia
4644,Markus Schopp,8,Austria,1.88 m,22 de febrero de 1974,Austria
9,Marlon Ayovi,27,Ecuador,1.74 m,27 de septiembre de 1971,Ecuador
924,Souaïbou Marou,14,Camerún,1.80 m,3 de diciembre de 2000,Camerún
6619,Marouane Fellaini,13,Bélgica,1.94 m,22 de noviembre de 1987,Bélgica
1713,Marquinhos,11,Brasil,1.83 m,14 de mayo de 1994,Brasil
6392,Marten de Roon,60,Paises Bajos,1.86 m,29 de marzo de 1991,Paises Bajos
1714,Martim,11,Brasil,,2 de marzo de 1911,Brasil
4546,Martin Amerhauser,8,Austria,1.80 m,23 de julio de 1974,Austria
7290,Martin Boyle,7,Australia,1.72 m,25 de abril de 1993,Australia
4196,Martin Braithwaite,26,Dinamarca,1.80 m,5 de junio de 1991,Dinamarca
8059,Martin Brunner,74,Suiza,,23 de abril de 1963,Suiza
2297,Martin Buchan,31,Escocia,,6 de marzo de 1949,Escocia
5827,Martin Caceres,80,Uruguay,1.78 m,7 de abril de 1987,Uruguay
5831,Martín Campaña,80,Uruguay,1.87 m,29 de mayo de 1989,Uruguay
3371,Martin Dahlin,73,Suecia,,16 de abril de 1968,Suecia
5236,Martin Demichelis,6,Argentina,1.84 m,20 de diciembre de 1980,Argentina
1093,Martin Erlic,24,Croacia,1.92 m,24 de enero de 1998,Croacia
4581,Martin Hiden,8,Austria,1.81 m,11 de marzo de 1973,Austria
6144,Martin Hoffmann,1,Alemania,,22 de marzo de 1955,Alemania
903,Martin Hongla,14,Camerún,1.82 m,16 de marzo de 1998,Camerún
798,Martin Jakubko,32,Eslovaquia,1.93 m,26 de febrero de 1980,Eslovaquia
488,Martin Jiranek,67,República Checa,1.83 m,25 de mayo de 1979,República Checa
4229,Martin Jorgensen,26,Dinamarca,1.80 m,6 de octubre de 1975,Dinamarca
1314,Martin Keown,44,Inglaterra,1.86 m,24 de julio de 1966,Inglaterra
4245,Martin Laursen,26,Dinamarca,1.90 m,26 de julio de 1977,Dinamarca
3487,Martin Olsson,73,Suecia,1.70 m,17 de mayo de 1988,Suecia
2266,Martin O'Neill,47,Irlanda del Norte,,1 de marzo de 1952,Irlanda del Norte
5346,Martin Palermo,6,Argentina,1.88 m,7 de noviembre de 1973,Argentina
5347,Martin Pando,6,Argentina,,26 de diciembre de 1934,Argentina
1365,Martin Peters,44,Inglaterra,,8 de noviembre de 1943,Inglaterra
807,Martin Petras,32,Eslovaquia,1.87 m,2 de noviembre de 1979,Eslovaquia
8180,Martin Rueda,74,Suiza,,9 de enero de 1963,Suiza
6002,Martin Silva,80,Uruguay,1.87 m,25 de marzo de 1983,Uruguay
811,Martin Skrtel,32,Eslovaquia,1.88 m,15 de diciembre de 1984,Eslovaquia
4985,Martin Vazquez,34,España,,25 de septiembre de 1965,España
5088,Martin Ventorla,34,España,,16 de diciembre de 1906,España
5089,Martin Verges,34,España,,8 de marzo de 1934,España
6310,Martin Wagner,1,Alemania,,24 de febrero de 1968,Alemania
7519,Marton Esterhazy,42,Hungría,,9 de abril de 1956,Hungría
601,Marvin Andrews,76,Trinidad y Tobago,1.87 m,22 de diciembre de 1975,Trinidad y Tobago
199,Marvin Chávez,41,Honduras,1.65 m,3 de noviembre de 1983,Honduras
2033,Marvin Obando,22,Costa Rica,,4 de abril de 1960,Costa Rica
6247,Marvin Plattenhardt,1,Alemania,1.81 m,26 de enero de 1992,Alemania
2102,Marwan Mohsen,28,Egipto,1.87 m,26 de enero de 1989,Egipto
4072,Maryan Wisnieski,36,Francia,,1 de febrero de 1937,Francia
92,Masaaki Higashiguchi,53,Japón,1.84 m,12 de mayo de 1986,Japón
98,Masahiko Inoha,53,Japón,1.79 m,28 de agosto de 1985,Japón
96,Masami Ihara,53,Japón,,18 de septiembre de 1967,Japón
142,Masashi Nakayama,53,Japón,1.78 m,23 de septiembre de 1967,Japón
150,Masashi Oguro,53,Japón,1.77 m,4 de mayo de 1980,Japón
130,Masato Morishige,53,Japón,1.83 m,21 de mayo de 1987,Japón
151,Masayuki Okano,53,Japón,1.75 m,25 de julio de 1972,Japón
1349,Mason Mount,44,Inglaterra,1.80 m,10 de enero de 1999,Inglaterra
4176,Masoud Shojaei,48,Irán,1.84 m,9 de junio de 1984,Irán
6923,Massamasso Tchangai,75,Togo,1.83 m,8 de agosto de 1978,Togo
7334,Massimo Luongo,7,Australia,1.76 m,25 de septiembre de 1992,Australia
5709,Massimo Oddo,51,Italia,1.82 m,14 de junio de 1976,Italia
7522,Mate Fenyvesi,42,Hungría,,20 de septiembre de 1933,Hungría
3799,Matej Mavric,33,Eslovenia,1.86 m,29 de enero de 1979,Eslovenia
3618,Mateja Kezman,71,Serbia,1.80 m,12 de abril de 1979,Serbia
1109,Mateo Kovacic,24,Croacia,1.77 m,6 de mayo de 1994,Croacia
7939,Mateus,3,Angola,1.74 m,18 de junio de 1984,Angola
2724,Mateus Uribe,19,Colombia,1.82 m,21 de marzo de 1991,Colombia
3177,Mateusz Wieteska,64,Polonia,1.87 m,11 de febrero de 1997,Polonia
3278,Matheus Nunes,65,Portugal,1.81 m,27 de agosto de 1998,Portugal
7333,Mathew Leckie,7,Australia,1.81 m,4 de febrero de 1991,Australia
7363,Mathew Ryan,7,Australia,1.84 m,8 de abril de 1992,Australia
6126,Mathias Heidemann,1,Alemania,,7 de febrero de 1912,Alemania
4227,Mathias Jensen,26,Dinamarca,1.80 m,1 de enero de 1996,Dinamarca
4590,Mathias Kaburek,8,Austria,,9 de febrero de 1911,Austria
5943,Mathías Olivera,80,Uruguay,1.74 m,31 de octubre de 1997,Uruguay
3888,Mathieu Debuchy,36,Francia,1.76 m,28 de julio de 1985,Francia
4061,Mathieu Valbuena,36,Francia,1.67 m,28 de septiembre de 1984,Francia
6766,Mathis Bolly,23,Costa de Marfil,1.85 m,14 de noviembre de 1990,Costa de Marfil
5156,Matias Almeyda,6,Argentina,1.74 m,21 de diciembre de 1973,Argentina
671,Matias Fernandez,17,Chile,1.76 m,15 de mayo de 1986,Chile
5893,Matias Gonzalez,80,Uruguay,,6 de agosto de 1925,Uruguay
6026,Matías Vecino,80,Uruguay,1.89 m,24 de agosto de 1991,Uruguay
6032,Matías Viña,80,Uruguay,1.80 m,9 de noviembre de 1997,Uruguay
3395,Mats Gren,73,Suecia,,20 de diciembre de 1963,Suecia
6150,Mats Hummels,1,Alemania,1.92 m,16 de diciembre de 1988,Alemania
3459,Mats Magnusson,73,Suecia,,10 de julio de 1963,Suecia
2753,Matt Besler,35,Estados Unidos,1.83 m,11 de febrero de 1987,Estados Unidos
2320,Matt Elliott,31,Escocia,,1 de noviembre de 1968,Escocia
7456,Matt Holland,46,Irlanda,1.75 m,11 de abril de 1974,Irlanda
7342,Matt McKay,7,Australia,1.71 m,11 de enero de 1983,Australia
2563,Matt Smith,37,Gales,1.75 m,22 de noviembre de 1999,Gales
2892,Matt Turner,35,Estados Unidos,1.90 m,24 de junio de 1994,Estados Unidos
1414,Matt Upson,44,Inglaterra,1.85 m,18 de abril de 1979,Inglaterra
5601,Matteo Darmian,51,Italia,1.82 m,2 de diciembre de 1989,Italia
3932,Mattéo Guendouzi,36,Francia,1.84 m,14 de abril de 1999,Francia
1456,Matthew Amoah,38,Ghana,1.75 m,24 de octubre de 1980,Ghana
8238,Matthew Booth,72,Sudáfrica,1.98 m,14 de marzo de 1977,Sudáfrica
7323,Matthew Jurman,7,Australia,1.90 m,8 de diciembre de 1989,Australia
7369,Matthew Spiranovic,7,Australia,1.93 m,27 de junio de 1988,Australia
6106,Matthias Ginter,1,Alemania,1.89 m,19 de enero de 1994,Alemania
6130,Matthias Herget,1,Alemania,,14 de noviembre de 1955,Alemania
6266,Matthias Sammer,1,Alemania,,5 de septiembre de 1967,Alemania
4647,Matthias Sindelar,8,Austria,,10 de febrero de 1903,Austria
6391,Matthijs De Ligt,60,Paises Bajos,1.87 m,12 de agosto de 1999,Paises Bajos
5607,Mattia De Sciglio,51,Italia,1.83 m,20 de octubre de 1992,Italia
5728,Mattia Perin,51,Italia,1.88 m,10 de noviembre de 1992,Italia
3425,Mattias Jonson,73,Suecia,1.78 m,16 de enero de 1974,Suecia
3043,Matty Cash,64,Polonia,1.85 m,7 de agosto de 1997,Polonia
6532,Mauk Weber,60,Paises Bajos,,13 de marzo de 1914,Paises Bajos
2793,Maurice Edu,35,Estados Unidos,1.83 m,18 de abril de 1986,Estados Unidos
3960,Maurice Lafont,36,Francia,,13 de septiembre de 1927,Francia
2367,Maurice Malpas,31,Escocia,,3 de agosto de 1962,Escocia
6650,Maurice Martens,13,Bélgica,,5 de junio de 1947,Bélgica
1356,Maurice Norman,44,Inglaterra,,8 de mayo de 1934,Inglaterra
1387,Maurice Setters,44,Inglaterra,,16 de diciembre de 1936,Inglaterra
1962,Mauricio Alfaro,22,Costa Rica,,13 de febrero de 1956,Costa Rica
633,Mauricio Aros,17,Chile,,9 de marzo de 1976,Chile
691,Mauricio Isla,17,Chile,1.77 m,12 de junio de 1988,Chile
835,Mauricio Manzano,29,El Salvador,,30 de septiembre de 1943,El Salvador
5929,Mauricio Montero,80,Uruguay,,19 de octubre de 1963,Uruguay
7825,Mauricio Pineda,56,México,,13 de julio de 1975,México
727,Mauricio Pinilla,17,Chile,1.85 m,4 de febrero de 1984,Chile
5368,Mauricio Pochettino,6,Argentina,1.82 m,2 de marzo de 1972,Argentina
7834,Mauricio Ramos,56,México,,23 de septiembre de 1969,México
853,Mauricio Rodriguez,29,El Salvador,,12 de septiembre de 1945,El Salvador
235,Mauricio Sabillon,41,Honduras,1.80 m,11 de noviembre de 1978,Honduras
2720,Mauricio Serna,19,Colombia,,22 de enero de 1968,Colombia
2049,Mauricio Solis,22,Costa Rica,1.77 m,13 de diciembre de 1972,Costa Rica
6028,Mauricio Victorino,80,Uruguay,1.82 m,11 de octubre de 1982,Uruguay
2063,Mauricio Wright,22,Costa Rica,1.91 m,20 de diciembre de 1970,Costa Rica
1716,Maurinho,11,Brasil,,6 de junio de 1933,Brasil
6594,Maurits De Schrijver,13,Bélgica,,26 de junio de 1951,Bélgica
6103,Maurizio Gaudino,1,Alemania,,12 de diciembre de 1966,Alemania
5541,Mauro Bellugi,51,Italia,,7 de febrero de 1950,Italia
5565,Mauro Camoranesi,51,Italia,1.74 m,4 de octubre de 1976,Italia
1717,Mauro Galvao,11,Brasil,,19 de diciembre de 1961,Brasil
8144,Mauro Lustrinelli,74,Suiza,1.73 m,26 de febrero de 1976,Suiza
7834,Mauro Ramos,56,México,,30 de agosto de 1930,México
6002,Mauro Silva,80,Uruguay,1.80 m,12 de enero de 1968,Uruguay
5773,Mauro Tassotti,51,Italia,,19 de enero de 1960,Italia
6815,Mavuda Mafuila,66,RD Congo,,15 de diciembre de 1949,RD Congo
6783,Max Gradel,23,Costa de Marfil,1.75 m,30 de noviembre de 1987,Costa de Marfil
4569,Max Hagmayr,8,Austria,,16 de noviembre de 1956,Austria
6204,Max Lorenz,1,Alemania,,19 de agosto de 1939,Alemania
6220,Max Morlock,1,Alemania,,11 de mayo de 1925,Alemania
7828,Max Prieto,56,México,,28 de marzo de 1919,México
7373,Max Tolson,7,Australia,,18 de julio de 1945,Australia
8221,Max Weiler,74,Suiza,,25 de septiembre de 1900,Suiza
8423,Maxi Gómez,61,Panamá,1.86 m,14 de agosto de 1996,Panamá
5381,Maxi Rodriguez,6,Argentina,1.73 m,2 de enero de 1981,Argentina
3852,Maxime Bossis,36,Francia,,26 de junio de 1955,Francia
5319,Maximiliano Meza,6,Argentina,1.80 m,15 de enero de 1992,Argentina
5956,Maximiliano Pereira,80,Uruguay,1.73 m,8 de junio de 1984,Uruguay
12,Máximo Banguera,27,Ecuador,1.88 m,16 de diciembre de 1985,Ecuador
1720,Maxwell,11,Brasil,1.76 m,27 de agosto de 1981,Brasil
187,Maya Yoshida,53,Japón,1.89 m,24 de agosto de 1988,Japón
6816,Mayanga Maku,66,RD Congo,,31 de octubre de 1948,RD Congo
673,Maynor Figueroa,17,Chile,1.82 m,2 de mayo de 1983,Chile
1721,Mazinho,11,Brasil,,8 de abril de 1966,Brasil
8321,Mbark Boussoufa,55,Marruecos,1.67 m,17 de agosto de 1984,Marruecos
1064,M'Baye Niang,70,Senegal,1.84 m,19 de diciembre de 1994,Senegal
6664,Mbo Mpenza,13,Bélgica,1.75 m,4 de diciembre de 1976,Bélgica
6809,Mbungu Ekofo,66,RD Congo,,24 de noviembre de 1948,RD Congo
8313,Medhi Benatia,55,Marruecos,1.89 m,17 de abril de 1987,Marruecos
6871,Medhi Lacen,5,Argelia,1.78 m,15 de marzo de 1984,Argelia
7165,Mehdi Ben Slimane,78,Túnez,,1 de enero de 1974,Túnez
8325,Mehdi Carcela-González,55,Marruecos,1.79 m,1 de julio de 1989,Marruecos
4140,Mehdi Mahdavikia,48,Irán,1.76 m,24 de julio de 1977,Irán
6888,Mehdi Mostefa,5,Argelia,1.81 m,30 de agosto de 1983,Argelia
7239,Mehdi Nafti,78,Túnez,1.78 m,28 de noviembre de 1978,Túnez
4161,Mehdi Pashazadeh,48,Irán,,27 de diciembre de 1973,Irán
4178,Mehdi Taremi,48,Irán,1.85 m,18 de julio de 1992,Irán
4181,Mehdi Torabi,48,Irán,1.80 m,10 de septiembre de 1994,Irán
4144,Mehrdad Minavand,48,Irán,,30 de noviembre de 1975,Irán
4163,Mehrdad Pooladi,48,Irán,1.81 m,26 de febrero de 1987,Irán
4139,Mehrzad Madanchi,48,Irán,1.80 m,10 de enero de 1985,Irán
2536,Mel Charles,37,Gales,,14 de mayo de 1935,Gales
2547,Mel Hopkins,37,Gales,,7 de noviembre de 1934,Gales
4313,Melanio Baez,62,Paraguay,,,Paraguay
7669,Melvin Brown,56,México,1.74 m,28 de enero de 1979,México
6397,Memphis Depay,60,Paises Bajos,1.78 m,13 de febrero de 1994,Paises Bajos
989,Menachem Bello,50,Israel,,26 de diciembre de 1947,Israel
7940,Mendonca,3,Angola,1.72 m,9 de octubre de 1982,Angola
1722,Mengalvio,11,Brasil,,17 de diciembre de 1939,Brasil
8024,Mensur Mujdza,10,Bosnia-Herzegovina,1.84 m,28 de marzo de 1984,Bosnia-Herzegovina
6339,Meshaal Barsham,16,Catar,1.80 m,14 de febrero de 1998,Catar
6240,Mesut Ozil,1,Alemania,1.82 m,15 de octubre de 1988,Alemania
8411,Michael Amir Murillo,61,Panamá,1.83 m,11 de febrero de 1996,Panamá
8412,Michael Arroyo,61,Panamá,1.77 m,23 de abril de 1987,Panamá
6047,Michael Ballack,1,Alemania,1.89 m,26 de septiembre de 1976,Alemania
1967,Michael Barrantes,22,Costa Rica,1.77 m,4 de octubre de 1983,Costa Rica
4551,Michael Baur,8,Austria,,16 de abril de 1969,Austria
7288,Michael Beauchamp,7,Australia,1.91 m,8 de marzo de 1981,Australia
2759,Michael Bradley,35,Estados Unidos,1.85 m,31 de julio de 1987,Estados Unidos
1237,Michael Carrick,44,Inglaterra,1.85 m,28 de julio de 1981,Inglaterra
4475,Michael Emenalo,57,Nigeria,,14 de julio de 1965,Nigeria
1473,Michael Essien,38,Ghana,1.80 m,3 de diciembre de 1982,Ghana
28,Michael Estrada,27,Ecuador,1.87 m,7 de abril de 1996,Ecuador
1895,Michael Klein,68,Rumania,,10 de octubre de 1959,Rumania
4600,Michael Konsel,8,Austria,,6 de marzo de 1962,Austria
4238,Michael Krohn-Dehli,26,Dinamarca,1.71 m,6 de junio de 1983,Dinamarca
8135,Michael Lang,74,Suiza,1.84 m,8 de febrero de 1991,Suiza
2832,Michael Lapper,35,Estados Unidos,,28 de agosto de 1970,Estados Unidos
4243,Michael Laudrup,26,Dinamarca,,15 de junio de 1964,Dinamarca
5126,Michael Mcglinchey,59,Nueva Zelanda,1.73 m,7 de enero de 1987,Nueva Zelanda
1358,Michael Owen,44,Inglaterra,1.72 m,14 de diciembre de 1979,Inglaterra
6466,Michael Reiziger,60,Paises Bajos,,3 de mayo de 1973,Paises Bajos
2041,Michael Rodriguez,22,Costa Rica,1.74 m,30 de diciembre de 1981,Costa Rica
4276,Michael Schjonberg,26,Dinamarca,,19 de enero de 1967,Dinamarca
2882,Michael Sorber,35,Estados Unidos,,14 de mayo de 1971,Estados Unidos
4653,Michael Streiter,8,Austria,,19 de enero de 1966,Austria
3521,Michael Svensson,73,Suecia,1.89 m,25 de noviembre de 1975,Suecia
6298,Michael Tarnat,1,Alemania,,27 de octubre de 1969,Alemania
4537,Michael Uchebo,57,Nigeria,1.94 m,3 de febrero de 1990,Nigeria
2053,Michael Umaña,22,Costa Rica,1.83 m,16 de julio de 1982,Costa Rica
2899,Michael Windischmann,35,Estados Unidos,,6 de diciembre de 1965,Estados Unidos
2622,Michail Sifakis,39,Grecia,1.86 m,9 de septiembre de 1984,Grecia
436,Michal Benedikovic,67,República Checa,,31 de mayo de 1923,República Checa
440,Michal Bilek,67,República Checa,,13 de abril de 1965,República Checa
3138,Michał Pazdan,64,Polonia,1.81 m,21 de septiembre de 1987,Polonia
3152,Michal Skóraś,64,Polonia,1.72 m,15 de junio de 2000,Polonia
3183,Michal Zewlakow,64,Polonia,1.83 m,22 de abril de 1976,Polonia
7788,Michel,56,México,,23 de marzo de 1963,México
8035,Michel Aebischer,74,Suiza,1.83 m,6 de enero de 1997,Suiza
4462,Michel Babatunde,57,Nigeria,1.79 m,24 de diciembre de 1992,Nigeria
1723,Michel Bastos,11,Brasil,1.79 m,2 de agosto de 1983,Brasil
3846,Michel Bibard,36,Francia,,30 de noviembre de 1958,Francia
3857,Michel Brusseaux,36,Francia,,19 de marzo de 1913,Francia
6599,Michel De Wolf,13,Bélgica,,19 de enero de 1958,Bélgica
908,Michel Kaham,14,Camerún,,1 de junio de 1952,Camerún
3968,Michel Leblond,36,Francia,,10 de mayo de 1932,Francia
968,Michel Pensee,14,Camerún,,16 de junio de 1973,Camerún
4012,Michel Platini,36,Francia,1.79 m,21 de junio de 1955,Francia
6684,Michel Preudhomme,13,Bélgica,,24 de enero de 1959,Bélgica
6688,Michel Renquin,13,Bélgica,,3 de noviembre de 1955,Bélgica
7861,Michel Salgado,56,México,1.73 m,22 de octubre de 1975,México
6529,Michel Vorm,60,Paises Bajos,1.82 m,20 de octubre de 1983,Paises Bajos
5525,Michele Andreolo,51,Italia,1.69 m,6 de septiembre de 1912,Italia
6550,Michy Batshuayi,13,Bélgica,1.85 m,2 de octubre de 1993,Bélgica
7469,Mick Mc Carthy,46,Irlanda,,7 de febrero de 1959,Irlanda
1345,Mick Mills,44,Inglaterra,,4 de enero de 1949,Inglaterra
3962,Mickael Landreau,36,Francia,1.84 m,14 de mayo de 1979,Francia
6348,Miguel,16,Catar,1.75 m,4 de enero de 1980,Catar
5158,Miguel Alonso,6,Argentina,,1 de febrero de 1953,Argentina
4990,Miguel Angel,34,España,,24 de diciembre de 1947,España
5001,Miguel Angel Nadal,34,España,1.87 m,28 de julio de 1966,España
4734,Miguel Angel Rimba,9,Bolivia,,1 de noviembre de 1967,Bolivia
2130,Miguel Araujo,63,Perú,1.78 m,24 de octubre de 1994,Perú
4322,Miguel Benitez,62,Paraguay,,19 de mayo de 1970,Paraguay
2647,Miguel Borja,19,Colombia,1.83 m,26 de enero de 1993,Colombia
5822,Miguel Bossio,80,Uruguay,,10 de febrero de 1960,Uruguay
5196,Miguel Brindisi,6,Argentina,,8 de octubre de 1950,Argentina
4699,Miguel Brito,9,Bolivia,,,Bolivia
641,Miguel Busquets,17,Chile,,15 de octubre de 1920,Chile
2649,Miguel Calero,19,Colombia,1.89 m,14 de abril de 1971,Colombia
5833,Miguel Cappuccini,80,Uruguay,,5 de enero de 1904,Uruguay
1990,Miguel Davis,22,Costa Rica,,18 de junio de 1966,Costa Rica
8420,Miguel Diaz,61,Panamá,,27 de enero de 1957,Panamá
7711,Miguel Espana,56,México,,4 de abril de 1961,México
674,Miguel Flores,17,Chile,,,Chile
680,Miguel Gamboa,17,Chile,,21 de junio de 1951,Chile
2675,Miguel Guerrero,19,Colombia,,7 de septiembre de 1967,Colombia
7744,Miguel Gutierrez,56,México,,19 de noviembre de 1956,México
7744,Miguel Gutierrez,56,México,,7 de mayo de 1931,México
7766,Miguel Layún,56,México,1.76 m,25 de junio de 1988,México
4724,Miguel Murillo,9,Bolivia,,,Bolivia
717,Miguel Neira,17,Chile,,9 de octubre de 1952,Chile
5340,Miguel Oviedo,6,Argentina,,12 de octubre de 1950,Argentina
5015,Miguel Pardeza,34,España,,8 de febrero de 1965,España
728,Miguel Pinto,17,Chile,1.80 m,4 de julio de 1983,Chile
7826,Miguel Ponce,56,México,1.76 m,12 de abril de 1989,México
737,Miguel Ramirez,17,Chile,,11 de junio de 1970,Chile
5040,Miguel Reina,34,España,,21 de enero de 1946,España
5399,Miguel Santoro,6,Argentina,,27 de febrero de 1942,Argentina
2045,Miguel Segura,22,Costa Rica,,2 de septiembre de 1963,Costa Rica
5073,Miguel Tendillo,34,España,,1 de febrero de 1961,España
2218,Miguel Trauco,63,Perú,1.70 m,27 de agosto de 1992,Perú
3324,Miguel Veloso,65,Portugal,1.81 m,11 de mayo de 1986,Portugal
4991,Migueli,34,España,,19 de diciembre de 1951,España
1894,Mihai Ivancescu,68,Rumania,,22 de marzo de 1942,Rumania
1909,Mihai Mocanu,68,Rumania,,24 de febrero de 1942,Rumania
7499,Mihaly Biro,42,Hungría,,,Hungría
7561,Mihaly Lantos,42,Hungría,,29 de septiembre de 1928,Hungría
7623,Mihaly Toth,42,Hungría,,14 de septiembre de 1926,Hungría
7630,Mihaly Vasas,42,Hungría,,1 de enero de 1933,Hungría
627,Miiko Albornoz,17,Chile,1.80 m,30 de noviembre de 1990,Chile
3457,Mikael Lustig,73,Suecia,1.91 m,13 de diciembre de 1986,Suecia
3474,Mikael Nilsson,73,Suecia,1.82 m,24 de junio de 1978,Suecia
3474,Mikael Nilsson,73,Suecia,,28 de septiembre de 1968,Suecia
4039,Mikael Silvestre,36,Francia,1.83 m,9 de agosto de 1977,Francia
2756,Mike Bookie,35,Estados Unidos,,12 de septiembre de 1904,Estados Unidos
2763,Mike Burns,35,Estados Unidos,,14 de septiembre de 1970,Estados Unidos
6121,Mike Hanke,1,Alemania,1.84 m,5 de noviembre de 1983,Alemania
2496,Mike Sweeney,15,Canadá,,25 de diciembre de 1959,Canadá
6746,Mike Verstraeten,13,Bélgica,,12 de agosto de 1967,Bélgica
356,Mikhail Meskhi,69,Rusia,,12 de enero de 1937,Rusia
184,Miki Yamane,53,Japón,1.78 m,22 de diciembre de 1993,Japón
4191,Mikkel Beckmann,26,Dinamarca,1.78 m,24 de octubre de 1983,Dinamarca
4205,Mikkel Damsgaard,26,Dinamarca,1.80 m,3 de julio de 2000,Dinamarca
4257,Miklos Molnar,26,Dinamarca,,10 de abril de 1970,Dinamarca
4146,Milad Mohammadi,48,Irán,1.78 m,29 de septiembre de 1993,Irán
433,Milan Albrecht,67,República Checa,,16 de julio de 1950,República Checa
1078,Milan Badelj,24,Croacia,1.86 m,25 de febrero de 1989,Croacia
435,Milan Baros,67,República Checa,1.81 m,28 de octubre de 1981,República Checa
2457,Milan Borjan,15,Canadá,1.95 m,23 de octubre de 1987,Canadá
3571,Milan Dudic,71,Serbia,1.83 m,1 de noviembre de 1979,Serbia
460,Milan Dvorak,67,República Checa,,19 de noviembre de 1934,República Checa
3786,Milan Galic,33,Eslovenia,,8 de marzo de 1938,Eslovenia
3608,Milan Jovanovic,71,Serbia,1.83 m,18 de abril de 1981,Serbia
522,Milan Luhovy,67,República Checa,,1 de enero de 1963,República Checa
3804,Milan Osterc,33,Eslovenia,1.84 m,4 de julio de 1975,Eslovenia
1138,Milan Rapaic,24,Croacia,1.83 m,16 de agosto de 1973,Croacia
3714,Milan Rodić,71,Serbia,1.85 m,2 de abril de 1991,Serbia
3737,Milan Stojanovic,71,Serbia,,,Serbia
3768,Milan Zekovic,71,Serbia,,15 de noviembre de 1925,Serbia
7320,Mile Jedinak,7,Australia,1.88 m,3 de agosto de 1984,Australia
7370,Mile Sterjovski,7,Australia,1.80 m,27 de mayo de 1979,Australia
2991,Milen Petkov,12,Bulgaria,,12 de enero de 1974,Bulgaria
3773,Milenko Acimovic,33,Eslovenia,1.86 m,15 de febrero de 1977,Eslovenia
3803,Milivoje Novakovic,33,Eslovenia,1.91 m,18 de mayo de 1979,Eslovenia
2933,Milko Gaidarski,12,Bulgaria,,18 de marzo de 1946,Bulgaria
3537,Milorad Arsenijevic,71,Serbia,,6 de junio de 1906,Serbia
3662,Milorad Milutinovic,71,Serbia,,,Serbia
7303,Milos Degenek,7,Australia,1.87 m,28 de abril de 1994,Australia
3590,Milos Hrstic,71,Serbia,,20 de noviembre de 1955,Serbia
3628,Milos Krasic,71,Serbia,1.85 m,1 de noviembre de 1984,Serbia
3663,Milos Milutinovic,71,Serbia,,5 de febrero de 1933,Serbia
3676,Milos Ninkovic,71,Serbia,1.79 m,25 de diciembre de 1984,Serbia
3722,Milos Sestic,71,Serbia,,8 de agosto de 1956,Serbia
3755,Miloš Veljković,71,Serbia,1.88 m,26 de septiembre de 1995,Serbia
3599,Milovan Jaksic,71,Serbia,,21 de septiembre de 1909,Serbia
7941,Miloy,3,Angola,1.82 m,27 de mayo de 1981,Angola
4720,Milton Melgar,9,Bolivia,,20 de septiembre de 1959,Bolivia
6030,Milton Viera,80,Uruguay,,11 de mayo de 1946,Uruguay
3596,Milutin Ivkovic,71,Serbia,,3 de marzo de 1906,Serbia
3726,Milutin Soskic,71,Serbia,,31 de diciembre de 1937,Serbia
7987,Min-jae Kim,20,Corea del Norte,1.89 m,15 de noviembre de 1996,Corea del Norte
6940,Min Kook Cho,21,Corea del Sur,,5 de julio de 1963,Corea del Sur
7090,Min-kyu Song,21,Corea del Sur,1.79 m,12 de septiembre de 1999,Corea del Sur
7978,Min Soo Kang,20,Corea del Norte,1.86 m,14 de febrero de 1986,Corea del Norte
7989,Min Sung Lee,20,Corea del Norte,1.83 m,23 de junio de 1973,Corea del Norte
7012,Min-woo Kim,21,Corea del Sur,1.72 m,25 de febrero de 1990,Corea del Sur
2586,Minas Hantzidis,39,Grecia,,4 de julio de 1966,Grecia
1725,Mineiro,11,Brasil,1.69 m,2 de agosto de 1975,Brasil
5500,Mingyu Ma,18,China,1.76 m,10 de agosto de 1972,China
7416,Mini Jakobsen,58,Noruega,,8 de noviembre de 1965,Noruega
1855,Miodrag Belodedici,68,Rumania,,20 de mayo de 1964,Rumania
3607,Miodrag Jovanovic,71,Serbia,,17 de enero de 1922,Serbia
8025,Miralem Pjanic,10,Bosnia-Herzegovina,1.80 m,2 de abril de 1990,Bosnia-Herzegovina
3805,Miran Pavlin,33,Eslovenia,1.87 m,8 de octubre de 1971,Eslovenia
4392,Miranda,62,Paraguay,1.86 m,7 de septiembre de 1984,Paraguay
1727,Mirandinha,11,Brasil,,26 de febrero de 1952,Brasil
1871,Mircea David,68,Rumania,,16 de octubre de 1914,Rumania
1901,Mircea Lucescu,68,Rumania,,29 de julio de 1945,Rumania
1936,Mircea Rednic,68,Rumania,,9 de abril de 1962,Rumania
3738,Mirko Stojanovic,71,Serbia,,11 de junio de 1939,Serbia
3564,Miroslav Djukic,71,Serbia,,19 de febrero de 1966,Serbia
3083,Miroslav Justek,64,Polonia,,23 de septiembre de 1948,Polonia
494,Miroslav Kadlec,67,República Checa,,22 de junio de 1964,República Checa
6176,Miroslav Klose,1,Alemania,1.82 m,9 de junio de 1978,Alemania
3806,Miroslav Pavlovic,33,Eslovenia,,15 de diciembre de 1942,Eslovenia
3735,Miroslav Stevic,71,Serbia,,7 de enero de 1970,Serbia
812,Miroslav Stoch,32,Eslovaquia,1.68 m,19 de octubre de 1989,Eslovaquia
3167,Miroslav Szymkowiak,64,Polonia,1.79 m,12 de noviembre de 1976,Polonia
3040,Miroslaw Bulzacki,64,Polonia,,23 de octubre de 1951,Polonia
3541,Mirsad Baljic,71,Serbia,,4 de marzo de 1962,Serbia
5852,Mirto Davoine,80,Uruguay,,13 de febrero de 1933,Uruguay
664,Misael Escuti,17,Chile,,20 de diciembre de 1926,Chile
1127,Mislav Orsic,24,Croacia,1.79 m,29 de diciembre de 1992,Croacia
3775,Miso Brecko,33,Eslovenia,1.72 m,1 de mayo de 1984,Eslovenia
7306,Mitchell Duke,7,Australia,1.82 m,18 de enero de 1991,Australia
7331,Mitchell Langerak,7,Australia,1.91 m,22 de agosto de 1988,Australia
149,Mitsuo Ogasawara,53,Japón,1.73 m,5 de abril de 1979,Japón
2787,Mix Diskerud,35,Estados Unidos,1.84 m,2 de octubre de 1990,Estados Unidos
3781,Mladen Dabanovic,33,Eslovenia,1.96 m,13 de septiembre de 1971,Eslovenia
3631,Mladen Krstajic,71,Serbia,1.91 m,4 de marzo de 1974,Serbia
3809,Mladen Rudonja,33,Eslovenia,1.75 m,26 de julio de 1971,Eslovenia
3006,Mladen Vasilev,12,Bulgaria,,29 de julio de 1947,Bulgaria
4684,Mo Heng Tan,43,Indonesia,,28 de febrero de 1913,Indonesia
2351,Mo Johnston,31,Escocia,,13 de abril de 1963,Escocia
1728,Moacir,11,Brasil,,18 de mayo de 1936,Brasil
4526,Mobi Oparaku,57,Nigeria,,1 de diciembre de 1976,Nigeria
1729,Moderato,11,Brasil,,14 de julio de 1902,Brasil
4354,Modesto Denis,62,Paraguay,,1 de enero de 1901,Paraguay
4742,Modesto Soruco,9,Bolivia,,12 de febrero de 1966,Bolivia
4237,Mogens Krogh,26,Dinamarca,,31 de octubre de 1963,Dinamarca
904,Mohamadou Idrissou,14,Camerún,1.90 m,8 de marzo de 1980,Camerún
2065,Mohamed Abdel-Shafy,28,Egipto,1.75 m,1 de julio de 1985,Egipto
4747,Mohamed Abdeljawad,4,Arabia Saudita,,28 de noviembre de 1962,Arabia Saudita
7945,Mohamed Abdullah,30,Emiratos Arabes,,1 de octubre de 1963,Emiratos Arabes
7149,Mohamed Akid,78,Túnez,,5 de julio de 1949,Túnez
4754,Mohamed Al Bishi,4,Arabia Saudita,1.83 m,3 de mayo de 1987,Arabia Saudita
7162,Mohamed Ali Ben Romdhane,78,Túnez,1.82 m,6 de septiembre de 1999,Túnez
4859,Mohamed Amine Ben Amor,34,España,1.80 m,3 de mayo de 1992,España
7159,Mohamed Ben Moussa,78,Túnez,,5 de abril de 1954,Túnez
6848,Mohamed Chaib,5,Argelia,,20 de mayo de 1958,Argelia
7188,Mohamed Drager,78,Túnez,1.80 m,25 de junio de 1996,Túnez
8345,Mohamed El Filali,55,Marruecos,,9 de julio de 1945,Marruecos
2078,Mohamed El-Shenawy,28,Egipto,1.91 m,18 de diciembre de 1988,Egipto
2081,Mohamed Elneny,28,Egipto,1.80 m,11 de julio de 1992,Egipto
1183,Mohamed Haris,45,Iraq,,3 de marzo de 1958,Iraq
8367,Mohamed Hazzaz,55,Marruecos,,1 de enero de 1945,Marruecos
2092,Mohamed Helmy,28,Egipto,,13 de febrero de 1912,Egipto
7958,Mohamed Ismail,30,Emiratos Arabes,,17 de abril de 1962,Emiratos Arabes
8399,Mohamed Kaci Said,55,Marruecos,,2 de mayo de 1958,Marruecos
6915,Mohamed Kader,75,Togo,1.74 m,8 de abril de 1979,Togo
4830,Mohamed Kanno,4,Arabia Saudita,1.92 m,22 de septiembre de 1994,Arabia Saudita
7914,Mohamed Karam,54,Kuwait,,1 de enero de 1955,Kuwait
2098,Mohamed Latif,28,Egipto,,23 de octubre de 1909,Egipto
8381,Mohamed Maaroufi,55,Marruecos,,1 de enero de 1947,Marruecos
7235,Mohamed Mkacher,78,Túnez,1.80 m,25 de mayo de 1975,Túnez
8398,Mohamed Sahil,55,Marruecos,,11 de octubre de 1963,Marruecos
2112,Mohamed Salah,28,Egipto,1.75 m,15 de junio de 1992,Egipto
7959,Mohamed Salim,30,Emiratos Arabes,,13 de enero de 1968,Emiratos Arabes
8402,Mohamed Samadi,55,Marruecos,,21 de marzo de 1970,Marruecos
8406,Mohamed Timoumi,55,Marruecos,,15 de enero de 1960,Marruecos
6899,Mohamed Zemmamouche,5,Argelia,1.86 m,19 de marzo de 1985,Argelia
4812,Mohammad Al-Sahlawi,4,Arabia Saudita,1.80 m,10 de enero de 1987,Arabia Saudita
4782,Mohammad Al Shalhoub,4,Arabia Saudita,1.63 m,8 de diciembre de 1980,Arabia Saudita
4132,Mohammad Khakpour,48,Irán,,20 de febrero de 1969,Irán
4833,Mohammad Khojah,4,Arabia Saudita,1.89 m,15 de marzo de 1982,Arabia Saudita
4143,Mohammad Mazaheri,48,Irán,1.91 m,18 de mayo de 1989,Irán
4156,Mohammad Nosrati,48,Irán,1.80 m,11 de enero de 1982,Irán
4137,Mohammad Reza Korbekandi,48,Irán,,27 de enero de 1953,Irán
4172,Mohammad Sadeqi,48,Irán,,17 de marzo de 1951,Irán
4135,Mohammadreza Khanzadeh,48,Irán,1.84 m,11 de mayo de 1991,Irán
4793,Mohammed Al-Breik,4,Arabia Saudita,1.73 m,15 de septiembre de 1992,Arabia Saudita
4756,Mohammed Al Deayea,4,Arabia Saudita,1.88 m,2 de agosto de 1972,Arabia Saudita
4124,Mohammed Al Jahani,48,Irán,1.77 m,28 de septiembre de 1974,Irán
4772,Mohammed Al Khlaiwi,4,Arabia Saudita,,21 de agosto de 1971,Arabia Saudita
4811,Mohammed Al-Owais,4,Arabia Saudita,1.85 m,10 de octubre de 1991,Arabia Saudita
4778,Mohammed Al Rubaie,4,Arabia Saudita,1.90 m,14 de agosto de 1997,Arabia Saudita
4817,Mohammed Ameen,4,Arabia Saudita,1.75 m,29 de abril de 1980,Arabia Saudita
4822,Mohammed Babkr,4,Arabia Saudita,1.86 m,15 de enero de 1973,Arabia Saudita
8327,Mohammed Chaouch,55,Marruecos,,12 de diciembre de 1966,Marruecos
8347,Mohammed El Haddaoui,55,Marruecos,,21 de octubre de 1964,Marruecos
1479,Mohammed Kudus,38,Ghana,1.75 m,2 de agosto de 2000,Ghana
4836,Mohammed Massad,4,Arabia Saudita,1.76 m,17 de febrero de 1983,Arabia Saudita
6351,Mohammed Muntari,16,Catar,1.82 m,20 de diciembre de 1993,Catar
4837,Mohammed Noor,4,Arabia Saudita,1.86 m,26 de febrero de 1978,Arabia Saudita
1500,Mohammed Rabiu,38,Ghana,1.88 m,31 de diciembre de 1989,Ghana
1502,Mohammed Salisu,38,Ghana,1.91 m,17 de abril de 1999,Ghana
6354,Mohammed Waad,16,Catar,1.83 m,18 de septiembre de 1999,Catar
4152,Moharram Navidkia,48,Irán,1.81 m,1 de noviembre de 1982,Irán
7223,Mohsen Labidi,78,Túnez,,15 de enero de 1954,Túnez
4825,Mohsin Harthi,4,Arabia Saudita,1.84 m,17 de julio de 1976,Arabia Saudita
18,Moisés Caicedo,27,Ecuador,1.78 m,2 de noviembre de 2001,Ecuador
7761,Moises Jinich,56,México,,,México
63,Moisés Ramírez,27,Ecuador,1.85 m,9 de septiembre de 2000,Ecuador
789,Moises Villarroel,17,Chile,,12 de febrero de 1976,Chile
7187,Mokhtar Douieb,78,Túnez,,23 de marzo de 1952,Túnez
7201,Mokhtar Hasni,78,Túnez,,19 de marzo de 1952,Túnez
7241,Mokhtar Naili,78,Túnez,,3 de septiembre de 1953,Túnez
3560,Momcilo Djokic,71,Serbia,,27 de febrero de 1911,Serbia
8250,Moneeb Josephs,72,Sudáfrica,1.84 m,19 de mayo de 1980,Sudáfrica
7254,Montassar Talbi,78,Túnez,1.90 m,26 de mayo de 1998,Túnez
7013,Moon-hwan Kim,21,Corea del Sur,1.73 m,1 de agosto de 1995,Corea del Sur
6953,Moon Sik Choi,21,Corea del Sur,,6 de enero de 1971,Corea del Sur
3271,Morais,65,Portugal,,6 de marzo de 1935,Portugal
3272,Morato,65,Portugal,,6 de noviembre de 1964,Portugal
1006,Mordechai Spiegler,50,Israel,,19 de agosto de 1944,Israel
5778,Moreno Torricelli,51,Italia,,23 de enero de 1970,Italia
5606,Morgan De Sanctis,51,Italia,1.90 m,26 de marzo de 1977,Italia
4035,Morgan Schneiderlin,36,Francia,1.81 m,8 de noviembre de 1989,Francia
4266,Morten Olsen,26,Dinamarca,,14 de agosto de 1949,Dinamarca
4291,Morten Wieghorst,26,Dinamarca,,25 de febrero de 1971,Dinamarca
4164,Morteza Pouraliganji,48,Irán,1.85 m,19 de abril de 1992,Irán
998,Moshe Romano,50,Israel,,6 de mayo de 1946,Israel
2095,Mostafa Kamel Taha,28,Egipto,,,Egipto
4826,Motaz Hawsawi,4,Arabia Saudita,1.79 m,17 de febrero de 1992,Arabia Saudita
183,Motohiro Yamaguchi,53,Japón,,29 de enero de 1969,Japón
7904,Mouayad Al Haddad,54,Kuwait,,1 de enero de 1960,Kuwait
7202,Mouez Hassen,78,Túnez,1.86 m,5 de marzo de 1995,Túnez
7173,Mounir Boukadida,78,Túnez,1.85 m,24 de octubre de 1967,Túnez
6830,Mourad Amara,5,Argelia,,19 de febrero de 1959,Argelia
7231,Mourad Melki,78,Túnez,1.78 m,9 de mayo de 1975,Túnez
6604,Mousa Dembélé,13,Bélgica,1.85 m,16 de julio de 1987,Bélgica
1043,Moussa Konaté,70,Senegal,1.83 m,3 de abril de 1993,Senegal
1061,Moussa Ndiaye,70,Senegal,1.80 m,20 de febrero de 1979,Senegal
1056,Moussa N'Diaye,70,Senegal,1.78 m,18 de junio de 2002,Senegal
4041,Moussa Sissoko,36,Francia,1.87 m,18 de agosto de 1989,Francia
8194,Moussa Sow,74,Suiza,1.80 m,19 de enero de 1986,Suiza
1075,Moussa Wagué,70,Senegal,1.77 m,4 de octubre de 1998,Senegal
6353,Mostafa Tarek,16,Catar,1.74 m,28 de marzo de 2001,Catar
1058,Moustapha Name,70,Senegal,1.83 m,5 de mayo de 1995,Senegal
6920,Moustapha Salifou,75,Togo,1.80 m,1 de junio de 1983,Togo
1730,Mozer,11,Brasil,,19 de septiembre de 1960,Brasil
3817,Muamer Vugdalic,33,Eslovenia,1.90 m,25 de agosto de 1977,Eslovenia
7960,Mubarak Mubarak,30,Emiratos Arabes,,1 de enero de 1961,Emiratos Arabes
1513,Mubarak Wakaso,38,Ghana,1.71 m,25 de julio de 1990,Ghana
6811,Muepu Ilunga,66,RD Congo,,22 de agosto de 1949,RD Congo
8012,Muhamed Besic,10,Bosnia-Herzegovina,1.80 m,10 de septiembre de 1992,Bosnia-Herzegovina
3671,Muhamed Mujic,71,Serbia,,25 de abril de 1932,Serbia
4820,Muhannad Assiri,4,Arabia Saudita,1.87 m,14 de octubre de 1986,Arabia Saudita
7961,Muhsin Musabah,30,Emiratos Arabes,,1 de enero de 1964,Emiratos Arabes
7574,Muller,42,Hungría,,31 de enero de 1966,Hungría
8351,Munir El Kajoui,55,Marruecos,1.90 m,10 de mayo de 1989,Marruecos
2382,Murdo Mcleod,31,Escocia,,24 de septiembre de 1958,Escocia
324,Murtaz Khurtsilava,69,Rusia,,5 de enero de 1943,Rusia
6345,Musaab Khidir,16,Catar,1.76 m,1 de enero de 1993,Catar
8331,Mustafa Choukri,55,Marruecos,,1 de enero de 1945,Marruecos
6851,Mustafa Dahleb,5,Argelia,,8 de febrero de 1952,Argelia
8342,Mustafa El Biyaz,55,Marruecos,,12 de diciembre de 1960,Marruecos
8348,Mustafa El Hadji,55,Marruecos,,16 de noviembre de 1971,Marruecos
5463,Mustafa Erton,77,Turquía,,21 de abril de 1926,Turquía
6869,Mustafa Kouici,5,Argelia,,16 de abril de 1954,Argelia
8385,Mustafa Merry,55,Marruecos,,21 de abril de 1958,Marruecos
8344,Mustapha El Chadili,55,Marruecos,1.70 m,14 de febrero de 1973,Marruecos
8346,Mustapha El Hadaoui,55,Marruecos,,28 de julio de 1961,Marruecos
4444,Mutiu Adepoju,57,Nigeria,1.80 m,22 de diciembre de 1970,Nigeria
5466,Muzzy Izzet,77,Turquía,1.77 m,31 de octubre de 1974,Turquía
6822,Mwanza Nel Mukombo,66,RD Congo,,17 de diciembre de 1945,RD Congo
6820,Mwape Mialo,66,RD Congo,,30 de diciembre de 1951,RD Congo
7983,Myong Gil Kim,20,Corea del Norte,1.81 m,16 de octubre de 1984,Corea del Norte
8006,Myong Guk Ri,20,Corea del Norte,1.87 m,9 de septiembre de 1986,Corea del Norte
7984,Myong Won Kim,20,Corea del Norte,1.80 m,15 de julio de 1983,Corea del Norte
6972,Myung Bo Hong,21,Corea del Sur,1.81 m,12 de febrero de 1969,Corea del Sur
6841,Nabil Bentaleb,5,Argelia,1.87 m,24 de noviembre de 1994,Argelia
8337,Nabil Dirar,55,Marruecos,1.87 m,25 de febrero de 1986,Marruecos
3911,Nabil Fekir,36,Francia,1.73 m,18 de julio de 1993,Francia
6860,Nabil Ghilas,5,Argelia,1.83 m,20 de abril de 1990,Argelia
8293,Nacer Abdellah,55,Marruecos,,3 de marzo de 1966,Marruecos
6572,Nacer Chadli,13,Bélgica,1.87 m,2 de agosto de 1989,Bélgica
5000,Nacho,34,España,1.79 m,18 de enero de 1990,España
4995,Nacho Monreal,34,España,1.79 m,26 de febrero de 1986,España
7195,Nader Ghandri,78,Túnez,1.96 m,18 de febrero de 1995,Túnez
4134,Nader Khani,48,Irán,,23 de agosto de 1963,Irán
6832,Nadir Belhadj,5,Argelia,1.80 m,18 de junio de 1982,Argelia
5939,Nahitan Nández,80,Uruguay,1.71 m,28 de diciembre de 1995,Uruguay
5278,Nahuel Guzmán,6,Argentina,1.92 m,10 de febrero de 1986,Argentina
5322,Nahuel Molina,6,Argentina,1.78 m,6 de abril de 1998,Argentina
6332,Naif Al-Hadhrami,16,Catar,1.80 m,18 de julio de 2001,Catar
4777,Naif Al Qadi,4,Arabia Saudita,1.76 m,3 de abril de 1979,Arabia Saudita
7912,Naim Fajah,54,Kuwait,,1 de octubre de 1957,Kuwait
4170,Naim Sadavi,48,Irán,,16 de junio de 1969,Irán
7251,Naïm Sliti,78,Túnez,1.73 m,27 de julio de 1992,Túnez
7091,Nak Woon Sung,21,Corea del Sur,,2 de febrero de 1926,Corea del Sur
7999,Nam Chol Pak,20,Corea del Norte,1.83 m,3 de octubre de 1988,Corea del Norte
7999,Nam Chol Pak,20,Corea del Norte,1.72 m,2 de julio de 1985,Corea del Norte
7014,Nam Il Kim,21,Corea del Sur,1.80 m,14 de marzo de 1977,Corea del Sur
6959,Nam Sik Chung,21,Corea del Sur,,16 de febrero de 1917,Corea del Sur
3993,Nampalys Mendy,36,Francia,1.67 m,23 de junio de 1992,Francia
5002,Nando,34,España,,1 de febrero de 1921,España
7538,Nandor Hidegkuti,42,Hungría,,3 de marzo de 1922,Hungría
3197,Ruben Amorim,65,Portugal,1.80 m,27 de enero de 1985,Portugal
170,Naohiro Takahara,53,Japón,1.80 m,4 de junio de 1979,Japón
122,Naoki Matsuda,53,Japón,1.83 m,14 de marzo de 1977,Japón
167,Naoki Soma,53,Japón,,19 de julio de 1971,Japón
180,Naomichi Ueda,53,Japón,1.86 m,24 de octubre de 1994,Japón
7769,Narciso Lopez,56,México,,18 de agosto de 1928,México
1732,Nariz,11,Brasil,,8 de febrero de 1912,Brasil
7962,Nasir Khamees,30,Emiratos Arabes,,2 de agosto de 1965,Emiratos Arabes
2998,Nasko Sirakov,12,Bulgaria,,26 de abril de 1962,Bulgaria
4076,Nasrollah Abdollahi,48,Irán,,2 de octubre de 1950,Irán
4797,Nasser Al-Dawsari,4,Arabia Saudita,1.78 m,19 de diciembre de 1998,Arabia Saudita
7903,Nasser Al Ghanem,54,Kuwait,,4 de abril de 1961,Kuwait
6854,Nasser Drid,5,Argelia,,22 de enero de 1957,Argelia
4118,Nasser Hejazi,48,Irán,,19 de diciembre de 1949,Irán
4158,Nasser Nuray,48,Irán,,9 de julio de 1956,Irán
3778,Nastja Ceh,33,Eslovenia,1.81 m,26 de enero de 1978,Eslovenia
1327,Nat Lofthouse,44,Inglaterra,,27 de agosto de 1925,Inglaterra
5362,Natalio Perinetti,6,Argentina,,28 de diciembre de 1900,Argentina
6356,Nathan Aké,60,Paises Bajos,1.80 m,18 de febrero de 1995,Paises Bajos
7286,Nathaniel Atkinson,7,Australia,1.81 m,13 de junio de 1999,Australia
4789,Nawaf Al-Abed,4,Arabia Saudita,1.69 m,26 de enero de 1990,Arabia Saudita
4792,Nawaf Al-Aqidi,4,Arabia Saudita,1.86 m,10 de mayo de 2000,Arabia Saudita
4786,Nawaf Al Temiyat,4,Arabia Saudita,1.76 m,28 de junio de 1976,Arabia Saudita
8296,Nayef Aguerd,55,Marruecos,1.90 m,30 de marzo de 1996,Marruecos
6823,Ndaye Mulamba,66,RD Congo,,4 de noviembre de 1948,RD Congo
2571,Neco Williams,37,Gales,1.83 m,13 de abril de 2001,Gales
1932,Necula Raducanu,68,Rumania,,10 de mayo de 1946,Rumania
65,Neicer Reasco,27,Ecuador,1.71 m,23 de julio de 1977,Ecuador
2776,Neil Covone,35,Estados Unidos,,31 de agosto de 1969,Estados Unidos
2389,Neil Mochan,31,Escocia,,6 de abril de 1927,Escocia
2410,Neil Sullivan,31,Escocia,,24 de febrero de 1970,Escocia
1423,Neil Webb,44,Inglaterra,,30 de julio de 1963,Inglaterra
3807,Nejc Pecnik,33,Eslovenia,1.87 m,3 de enero de 1986,Eslovenia
7197,Nejib Ghommidh,78,Túnez,,12 de marzo de 1953,Túnez
7226,Nejib Liman,78,Túnez,,12 de junio de 1953,Túnez
1733,Nelinho,11,Brasil,,26 de julio de 1950,Brasil
3275,Nelson,65,Portugal,1.87 m,20 de octubre de 1975,Portugal
4351,Nelson Cuevas,62,Paraguay,1.76 m,10 de enero de 1980,Paraguay
5858,Nelson Diaz,80,Uruguay,,12 de enero de 1942,Uruguay
7745,Nelson Gutierrez,56,México,,13 de abril de 1962,México
5301,Nelson Lopez,6,Argentina,,24 de junio de 1941,Argentina
726,Nelson Parraguez,17,Chile,,5 de abril de 1971,Chile
5418,Nelson Tapia,6,Argentina,,22 de septiembre de 1966,Argentina
4432,Nelson Valdez,62,Paraguay,1.78 m,28 de noviembre de 1983,Paraguay
5438,Nelson Vivas,6,Argentina,1.66 m,18 de octubre de 1969,Argentina
3584,Nemanja Gudelj,71,Serbia,1.87 m,16 de noviembre de 1991,Serbia
3642,Nemanja Maksimović,71,Serbia,1.89 m,26 de enero de 1995,Serbia
3647,Nemanja Matić,71,Serbia,1.94 m,1 de agosto de 1988,Serbia
3709,Nemanja Radonjić,71,Serbia,1.85 m,15 de febrero de 1996,Serbia
3757,Nemanja Vidic,71,Serbia,1.85 m,21 de octubre de 1981,Serbia
1734,Nena,11,Brasil,,11 de julio de 1923,Brasil
3561,Nenad Djordjevic,71,Serbia,1.83 m,7 de agosto de 1979,Serbia
3656,Nenad Milijas,71,Serbia,1.82 m,30 de abril de 1983,Serbia
3740,Nenad Stojkovic,71,Serbia,,26 de mayo de 1956,Serbia
5372,Nery Pumpido,6,Argentina,,30 de julio de 1957,Argentina
7646,Néstor Araujo,56,México,1.87 m,29 de agosto de 1991,México
5834,Nestor Carballo,80,Uruguay,,3 de febrero de 1929,Uruguay
5220,Nestor Clausen,6,Argentina,,29 de septiembre de 1962,Argentina
3878,Nestor Combin,36,Francia,,29 de diciembre de 1940,Francia
5247,Nestor Fabbri,6,Argentina,,29 de abril de 1968,Argentina
5887,Nestor Goncalves,80,Uruguay,,27 de abril de 1936,Uruguay
5303,Nestor Lorenzo,6,Argentina,,28 de febrero de 1966,Argentina
4401,Nestor Ortigoza,62,Paraguay,1.80 m,7 de octubre de 1984,Paraguay
2698,Nestor Ortiz,19,Colombia,,26 de septiembre de 1968,Colombia
5387,Nestor Rossi,6,Argentina,,10 de mayo de 1925,Argentina
8205,Nestor Subiat,74,Suiza,,23 de abril de 1966,Suiza
5423,Nestor Togneri,6,Argentina,,27 de noviembre de 1942,Argentina
3276,Neto,65,Portugal,1.87 m,26 de mayo de 1988,Portugal
3742,Neven Subotic,71,Serbia,1.93 m,10 de diciembre de 1988,Serbia
1735,Neymar Jr.,11,Brasil,1.75 m,5 de febrero de 1992,Brasil
3948,N'Golo Kanté,36,Francia,1.68 m,29 de marzo de 1991,Francia
7481,Niall Quinn,46,Irlanda,1.95 m,6 de octubre de 1966,Irlanda
1919,Nica Panduru,68,Rumania,,11 de julio de 1970,Rumania
2785,Nick Di Orio,35,Estados Unidos,,4 de febrero de 1921,Estados Unidos
1369,Nick Pope,44,Inglaterra,1.91 m,19 de abril de 1992,Inglaterra
2873,Nick Rimando,35,Estados Unidos,1.78 m,17 de junio de 1979,Estados Unidos
4192,Nicklas Bendtner,26,Dinamarca,1.94 m,16 de enero de 1988,Dinamarca
1230,Nicky Butt,44,Inglaterra,1.79 m,21 de enero de 1975,Inglaterra
3332,Niclas Alexandersson,73,Suecia,1.81 m,29 de diciembre de 1971,Suecia
6101,Niclas Füllkrug,1,Alemania,1.88 m,9 de febrero de 1993,Alemania
4228,Niclas Jensen,26,Dinamarca,1.80 m,17 de agosto de 1974,Dinamarca
3481,Niclas Nyhlen,73,Suecia,,21 de marzo de 1966,Suecia
6575,Nico Claesen,13,Bélgica,,1 de octubre de 1962,Bélgica
8083,Nico Elvedi,74,Suiza,1.87 m,30 de septiembre de 1996,Suiza
6270,Nico Schlotterbeck,1,Alemania,1.91 m,1 de diciembre de 1999,Alemania
6723,Nico Van Kerckhoven,13,Bélgica,1.90 m,14 de diciembre de 1970,Bélgica
5094,Nico Williams,34,España,1.81 m,12 de julio de 2002,España
5545,Nicola Berti,51,Italia,,14 de abril de 1967,Italia
3181,Nicola Zalewski,64,Polonia,1.75 m,23 de enero de 2002,Polonia
1879,Nicolae Dobrin,68,Rumania,,26 de agosto de 1947,Rumania
7558,Nicolae Kovacs,42,Hungría,,29 de diciembre de 1911,Hungría
1904,Nicolae Lupescu,68,Rumania,,17 de diciembre de 1940,Rumania
326,Nicolai Kiselyov,69,Rusia,,29 de enero de 1946,Rusia
863,Nicolas Alnoudji,14,Camerún,1.85 m,9 de diciembre de 1979,Camerún
3824,Nicolas Anelka,36,Francia,1.85 m,14 de marzo de 1979,Francia
7,Nicolas Asencio,27,Ecuador,1.70 m,26 de abril de 1975,Ecuador
5198,Nicolas Burdisso,6,Argentina,1.74 m,12 de abril de 1981,Argentina
5854,Nicolás de la Cruz,80,Uruguay,1.67 m,1 de junio de 1997,Uruguay
6609,Nicolas Dewalque,13,Bélgica,,20 de septiembre de 1945,Bélgica
2160,Nicolas Fuentes,63,Perú,,20 de diciembre de 1941,Perú
1041,Nicolas Jackson,70,Senegal,1.86 m,20 de junio de 2001,Senegal
5907,Nicolas Lodeiro,80,Uruguay,1.73 m,21 de marzo de 1989,Uruguay
6647,Nicolas Lombaerts,13,Bélgica,1.84 m,20 de marzo de 1985,Bélgica
947,Nicolas Ngamaleu,14,Camerún,1.81 m,9 de julio de 1994,Camerún
954,Nicolas Nkoulou,14,Camerún,1.85 m,27 de marzo de 1990,Camerún
5944,Nicolas Olivera,80,Uruguay,1.66 m,30 de mayo de 1978,Uruguay
5339,Nicolas Otamendi,6,Argentina,1.83 m,12 de febrero de 1988,Argentina
5417,Nicolas Tagliafico,6,Argentina,1.72 m,31 de agosto de 1992,Argentina
1922,Niculae Pescaru,68,Rumania,,27 de marzo de 1943,Rumania
7788,Niek Michel,56,México,,30 de septiembre de 1912,México
7976,Nigel De Jong,20,Corea del Norte,1.74 m,30 de noviembre de 1984,Corea del Norte
1334,Nigel Martyn,44,Inglaterra,1.87 m,11 de agosto de 1966,Inglaterra
2279,Nigel Worthington,47,Irlanda del Norte,,4 de noviembre de 1961,Irlanda del Norte
1736,Niginho,11,Brasil,,12 de febrero de 1912,Brasil
5468,Nihat Kahveci,77,Turquía,1.75 m,23 de noviembre de 1979,Turquía
1100,Nikica Jelavic,24,Croacia,1.87 m,27 de agosto de 1985,Croacia
7362,Nikita Rukavytsya,7,Australia,1.83 m,22 de junio de 1987,Australia
401,Nikita Simonyan,69,Rusia,,12 de octubre de 1926,Rusia
6295,Niklas Süle,1,Alemania,1.95 m,3 de septiembre de 1995,Alemania
1108,Niko Kovac,24,Croacia,1.78 m,15 de octubre de 1971,Croacia
1112,Niko Kranjcar,24,Croacia,1.85 m,13 de agosto de 1984,Croacia
3608,Nikola Jovanovic,71,Serbia,,18 de septiembre de 1952,Serbia
1105,Nikola Kalinić,24,Croacia,1.87 m,5 de enero de 1988,Croacia
2964,Nikola Kotkov,12,Bulgaria,,9 de diciembre de 1938,Bulgaria
2965,Nikola Kovachev,12,Bulgaria,,4 de junio de 1934,Bulgaria
3655,Nikola Milenković,71,Serbia,1.95 m,12 de octubre de 1997,Serbia
2986,Nikola Parchanov,12,Bulgaria,,19 de junio de 1930,Bulgaria
3710,Nikola Radovic,71,Serbia,,20 de octubre de 1933,Serbia
3736,Nikola Stipic,71,Serbia,,18 de diciembre de 1937,Serbia
1163,Nikola Vlasic,24,Croacia,1.78 m,4 de octubre de 1997,Croacia
3769,Nikola Zigic,71,Serbia,2.02 m,25 de septiembre de 1980,Serbia
6636,Nikolaas Hoydonckx,13,Bélgica,,29 de diciembre de 1900,Bélgica
2914,Nikolai Arabov,12,Bulgaria,,14 de noviembre de 1953,Bulgaria
2945,Nikolai Iliev,12,Bulgaria,,31 de marzo de 1964,Bulgaria
342,Nikolai Larionov,69,Rusia,,19 de febrero de 1957,Rusia
352,Nikolai Manoshin,69,Rusia,,6 de marzo de 1938,Rusia
2601,Nikos Machlas,39,Grecia,,16 de junio de 1973,Grecia
2612,Nikos Nioplias,39,Grecia,,17 de enero de 1965,Grecia
2623,Nikos Spiropoulos,39,Grecia,1.71 m,10 de octubre de 1983,Grecia
2627,Nikos Tsiantakis,39,Grecia,,20 de octubre de 1963,Grecia
1737,Nilmar,11,Brasil,1.80 m,14 de julio de 1984,Brasil
1738,Nilo,11,Brasil,,3 de abril de 1903,Brasil
3357,Nils Axelsson,73,Suecia,,18 de enero de 1906,Suecia
7399,Nils Eriksen,58,Noruega,,5 de marzo de 1911,Noruega
3445,Nils Liedholm,73,Suecia,,8 de octubre de 1922,Suecia
3498,Nils Rosen,73,Suecia,,22 de mayo de 1902,Suecia
2181,Nilson Loyola,63,Perú,1.75 m,26 de octubre de 1994,Perú
7247,Nilton Santos,78,Túnez,,16 de mayo de 1925,Túnez
4151,Nima Nakisa,48,Irán,,1 de mayo de 1975,Irán
3718,Nisa Saveljic,71,Serbia,,27 de marzo de 1970,Serbia
6439,Noa Lang,60,Paises Bajos,1.76 m,17 de junio de 1999,Paises Bajos
8160,Noah Okafor,74,Suiza,1.85 m,24 de mayo de 2000,Suiza
1405,Nobby Stiles,44,Inglaterra,,18 de mayo de 1942,Inglaterra
113,Nobuyuki Kojima,53,Japón,,17 de enero de 1966,Japón
2228,Noel Brotherston,47,Irlanda del Norte,,18 de noviembre de 1956,Irlanda del Norte
3973,Noel Lietaer,36,Francia,,17 de noviembre de 1908,Francia
241,Noel Valladares,41,Honduras,1.79 m,3 de mayo de 1977,Honduras
6086,Norbert Eder,1,Alemania,,7 de noviembre de 1955,Alemania
8085,Norbert Eschmann,74,Suiza,,19 de septiembre de 1933,Suiza
6233,Norbert Nigbur,1,Alemania,,8 de mayo de 1948,Alemania
5158,Norberto Alonso,6,Argentina,,4 de enero de 1953,Argentina
5189,Norberto Boggio,6,Argentina,,11 de agosto de 1931,Argentina
5316,Norberto Menendez,6,Argentina,,14 de diciembre de 1936,Argentina
5404,Norberto Scoponi,6,Argentina,,13 de enero de 1961,Argentina
8302,Nordin Amrabat,55,Marruecos,1.78 m,31 de marzo de 1987,Marruecos
154,Norio Omura,53,Japón,,6 de septiembre de 1969,Japón
1303,Norman Hunter,44,Inglaterra,,29 de octubre de 1943,Inglaterra
2277,Norman Uprichard,47,Irlanda del Norte,,20 de abril de 1928,Irlanda del Norte
2278,Norman Whiteside,47,Irlanda del Norte,,7 de mayo de 1965,Irlanda del Norte
1740,Noronha,11,Brasil,,25 de septiembre de 1918,Brasil
981,Nouhou Tolo,14,Camerún,1.78 m,23 de junio de 1997,Camerún
3823,Nouma Andoire,36,Francia,,19 de marzo de 1908,Francia
8323,Noureddine Bouyahyaoui,55,Marruecos,,7 de enero de 1955,Marruecos
6870,Noureddine Kourichi,5,Argelia,,12 de abril de 1954,Argelia
8387,Noureddine Naybet,55,Marruecos,,10 de febrero de 1970,Marruecos
8383,Noussair Mazraoui,55,Marruecos,1.83 m,14 de noviembre de 1997,Marruecos
3751,Novak Tomic,71,Serbia,,7 de enero de 1936,Serbia
6812,Ntumba Kalala,66,RD Congo,,7 de enero de 1949,RD Congo
3279,Nuno Gomes,65,Portugal,1.81 m,5 de julio de 1976,Portugal
3268,Nuno Mendes,65,Portugal,1.76 m,19 de junio de 2002,Portugal
3280,Nuno Valente,65,Portugal,1.82 m,12 de septiembre de 1974,Portugal
4494,Nwankwo Kanu,57,Nigeria,1.97 m,1 de agosto de 1976,Nigeria
958,Nyom,14,Camerún,1.93 m,10 de mayo de 1988,Camerún
4497,Obafemi Martins,57,Nigeria,1.70 m,28 de octubre de 1984,Nigeria
6025,Obdulio Varela,80,Uruguay,,20 de septiembre de 1917,Uruguay
4760,Obeid Al Dosari,4,Arabia Saudita,1.74 m,2 de octubre de 1975,Arabia Saudita
1185,Obid Annad,45,Iraq,,3 de agosto de 1955,Iraq
1741,Octacilio,11,Brasil,,21 de noviembre de 1909,Brasil
7404,Odd Frantzen,58,Noruega,,20 de enero de 1913,Noruega
7388,Oddmund Andersen,58,Noruega,,21 de diciembre de 1915,Noruega
6683,Odilon Polleunis,13,Bélgica,,1 de mayo de 1943,Bélgica
4487,Odion Ighalo,57,Nigeria,1.81 m,16 de junio de 1989,Nigeria
4524,Ogenyi Onazi,57,Nigeria,1.73 m,25 de diciembre de 1992,Nigeria
4478,Oghenekaro Etebo,57,Nigeria,1.72 m,9 de noviembre de 1995,Nigeria
3621,Ognjen Koroman,71,Serbia,1.79 m,19 de septiembre de 1978,Serbia
3698,Ognjen Petrovic,71,Serbia,,2 de enero de 1948,Serbia
8031,Ognjen Vranjes,10,Bosnia-Herzegovina,1.85 m,24 de octubre de 1989,Bosnia-Herzegovina
1167,Ognjen Vukojevic,24,Croacia,1.84 m,20 de diciembre de 1983,Croacia
2859,Oguchi Onyewu,35,Estados Unidos,1.92 m,13 de mayo de 1982,Estados Unidos
7180,Ohman Chehaibi,78,Túnez,,23 de diciembre de 1954,Túnez
7413,Oivind Holmsen,58,Noruega,,28 de abril de 1912,Noruega
5456,Okan Buruk,77,Turquía,1.69 m,19 de octubre de 1973,Turquía
7433,Ola By Rise,58,Noruega,,14 de noviembre de 1960,Noruega
3527,Ola Toivonen,73,Suecia,1.91 m,3 de julio de 1986,Suecia
7747,Olaf Heredia,56,México,,19 de octubre de 1957,México
6211,Olaf Marschall,1,Alemania,,19 de marzo de 1966,Alemania
6301,Olaf Thon,1,Alemania,,1 de mayo de 1966,Alemania
7146,Ólafur Ingi Skúlason,49,Islandia,1.83 m,1 de abril de 1983,Islandia
537,Oldrich Nejedly,67,República Checa,,26 de diciembre de 1909,República Checa
566,Oldrich Rulc,67,República Checa,,28 de marzo de 1911,República Checa
7437,Ole Gunnar Solskjaer,58,Noruega,,26 de febrero de 1973,Noruega
4270,Ole Qvist,26,Dinamarca,,25 de febrero de 1950,Dinamarca
263,Oleg Blokhin,69,Rusia,,5 de noviembre de 1952,Rusia
7104,Oleg Gusev,79,Ucrania,1.79 m,25 de abril de 1983,Ucrania
340,Oleg Kuznetsov,69,Rusia,,22 de marzo de 1963,Rusia
377,Oleg Protasov,69,Rusia,,4 de febrero de 1964,Rusia
382,Oleg Romantsev,69,Rusia,,4 de enero de 1954,Rusia
385,Oleg Salenko,69,Rusia,,25 de octubre de 1969,Rusia
396,Oleg Shatov,69,Rusia,1.73 m,29 de julio de 1990,Rusia
7115,Oleg Shelayev,79,Ucrania,1.81 m,5 de noviembre de 1976,Ucrania
7106,Oleksandr Iatsenko,79,Ucrania,1.80 m,24 de febrero de 1985,Ucrania
7117,Oleksandr Shovkovskyi,79,Ucrania,1.91 m,2 de enero de 1975,Ucrania
7102,Oleksiy Belik,79,Ucrania,1.84 m,15 de febrero de 1981,Ucrania
6669,Oliveira,13,Bélgica,,8 de junio de 1958,Bélgica
6058,Oliver Bierhoff,1,Alemania,1.91 m,1 de mayo de 1968,Alemania
7291,Oliver Bozanic,7,Australia,1.77 m,8 de enero de 1989,Australia
4200,Oliver Christensen,26,Dinamarca,1.90 m,22 de marzo de 1999,Dinamarca
8078,Oliver Eggimann,74,Suiza,,28 de enero de 1919,Suiza
6161,Oliver Kahn,1,Alemania,1.88 m,15 de junio de 1969,Alemania
3624,Oliver Kovacevic,71,Serbia,1.86 m,29 de octubre de 1974,Serbia
6232,Oliver Neuville,1,Alemania,1.71 m,1 de mayo de 1973,Alemania
1168,Oliver Zelenika,24,Croacia,1.92 m,14 de mayo de 1993,Croacia
3923,Olivier Giroud,36,Francia,1.93 m,30 de septiembre de 1986,Francia
927,Olivier Mbaizo,14,Camerún,1.78 m,15 de agosto de 1997,Camerún
957,Olivier Ntcham,14,Camerún,1.80 m,9 de febrero de 1996,Camerún
4026,Olivier Rouyer,36,Francia,,1 de diciembre de 1955,Francia
3331,Olle Ahlund,73,Suecia,,22 de agosto de 1920,Suecia
3401,Olle Hakansson,73,Suecia,,22 de febrero de 1927,Suecia
3428,Olle Kallgren,73,Suecia,,7 de septiembre de 1907,Suecia
3478,Olle Nordin,73,Suecia,,23 de noviembre de 1949,Suecia
3463,Olof Mellberg,73,Suecia,1.84 m,3 de septiembre de 1977,Suecia
4762,Omar Al Ghamdi,4,Arabia Saudita,1.70 m,11 de abril de 1979,Arabia Saudita
7666,Omar Bravo,56,México,1.74 m,4 de marzo de 1980,México
5828,Omar Caetano,80,Uruguay,,8 de noviembre de 1938,Uruguay
1020,Omar Daf,70,Senegal,1.77 m,12 de febrero de 1977,Senegal
1024,Omar Diallo,70,Senegal,1.87 m,28 de septiembre de 1972,Senegal
2085,Omar Gaber,28,Egipto,1.74 m,30 de enero de 1992,Egipto
2807,Omar González,35,Estados Unidos,1.96 m,11 de octubre de 1988,Estados Unidos
4827,Omar Hawsawi,4,Arabia Saudita,1.84 m,27 de septiembre de 1985,Arabia Saudita
7210,Omar Jebali,78,Túnez,,24 de diciembre de 1956,Túnez
5294,Omar Larrosa,6,Argentina,,18 de noviembre de 1947,Argentina
5926,Omar Mendez,80,Uruguay,,7 de agosto de 1934,Uruguay
5223,Omar Oreste Corbatta,6,Argentina,,11 de marzo de 1936,Argentina
5767,Omar Sivori,51,Italia,,2 de octubre de 1935,Italia
410,Omar Tetradze,69,Rusia,,13 de octubre de 1969,Rusia
5457,Omer Catkic,77,Turquía,1.73 m,15 de octubre de 1974,Turquía
5774,Omero Tognon,51,Italia,,3 de marzo de 1924,Italia
4100,Omid Ebrahimi,48,Irán,1.79 m,15 de septiembre de 1987,Irán
7273,Onandi Lowe,52,Jamaica,,2 de diciembre de 1973,Jamaica
5477,Onarici Nemci,77,Turquía,,2 de noviembre de 1925,Turquía
7825,Orbelín Pineda,56,México,1.69 m,24 de marzo de 1996,México
1742,Oreco,11,Brasil,,13 de junio de 1932,Brasil
2595,Orestis Karnezis,39,Grecia,1.88 m,11 de mayo de 1985,Grecia
7820,Oribe Peralta,56,México,1.80 m,12 de enero de 1984,México
3492,Orjan Persson,73,Suecia,,27 de agosto de 1942,Suecia
1743,Orlando,11,Brasil,,20 de septiembre de 1935,Brasil
2150,Orlando De La Torre,63,Perú,,21 de noviembre de 1943,Perú
738,Orlando Ramirez,17,Chile,,7 de mayo de 1943,Chile
3359,Orvar Bergmark,73,Suecia,,16 de noviembre de 1930,Suecia
4828,Osama Hawsawi,4,Arabia Saudita,1.87 m,31 de marzo de 1984,Arabia Saudita
2106,Osama Oraby,28,Egipto,,25 de enero de 1962,Egipto
1744,Oscar,11,Brasil,,20 de junio de 1954,Brasil
1744,Oscar,11,Brasil,1.80 m,9 de septiembre de 1991,Brasil
5802,Oscar Aguilera,80,Uruguay,,11 de marzo de 1935,Uruguay
2131,Oscar Arizaga,63,Perú,,20 de agosto de 1957,Perú
11,Óscar Bagüí,27,Ecuador,1.73 m,10 de diciembre de 1982,Ecuador
7661,Oscar Bonfiglio,56,México,,5 de octubre de 1905,México
7728,Oscar Boniek Garcia,56,México,1.76 m,4 de septiembre de 1984,México
5204,Oscar Calics,6,Argentina,,18 de noviembre de 1939,Argentina
4343,Oscar Cardozo,62,Paraguay,1.92 m,20 de mayo de 1983,Paraguay
2655,Oscar Cordoba,19,Colombia,1.86 m,3 de febrero de 1970,Colombia
7695,Oscar Cortes,56,México,,19 de octubre de 1968,México
1993,Óscar Duarte,22,Costa Rica,1.86 m,3 de junio de 1989,Costa Rica
5254,Oscar Ferreiro,6,Argentina,,25 de abril de 1935,Argentina
5267,Oscar Garre,6,Argentina,,9 de diciembre de 1956,Argentina
3936,Oscar Heisserer,36,Francia,,18 de julio de 1914,Francia
3409,Oscar Hiljemark,73,Suecia,1.84 m,28 de junio de 1992,Suecia
2686,Oscar Lopez,19,Colombia,,2 de abril de 1939,Colombia
5313,Oscar Mas,6,Argentina,,29 de octubre de 1946,Argentina
5927,Oscar Miguez,80,Uruguay,,5 de diciembre de 1927,Uruguay
2696,Óscar Murillo,19,Colombia,1.84 m,18 de abril de 1988,Colombia
5338,Oscar Ortiz,6,Argentina,,8 de abril de 1953,Argentina
7823,Oscar Perez,56,México,1.71 m,1 de febrero de 1973,México
2039,Oscar Ramirez,22,Costa Rica,1.64 m,8 de diciembre de 1964,Costa Rica
752,Oscar Rojas,17,Chile,,15 de noviembre de 1958,Chile
5388,Oscar Rossi,6,Argentina,,27 de julio de 1930,Argentina
5390,Oscar Ruggeri,6,Argentina,,26 de enero de 1962,Argentina
7867,Oscar Sanchez,56,México,,16 de julio de 1971,México
5428,Oscar Ustari,6,Argentina,1.84 m,3 de julio de 1986,Argentina
790,Oscar Wirth,17,Chile,,5 de noviembre de 1955,Chile
6034,Oscar Zubia,80,Uruguay,,8 de febrero de 1946,Uruguay
1745,Oscarino,11,Brasil,,17 de enero de 1907,Brasil
8173,Oskar Rauch,74,Suiza,,,Suiza
1468,Osman Bukari,38,Ghana,1.70 m,13 de diciembre de 1998,Ghana
200,Osman Chavez,41,Honduras,1.87 m,29 de julio de 1984,Honduras
5163,Osvaldo Ardiles,6,Argentina,,3 de agosto de 1952,Argentina
647,Osvaldo Castro,17,Chile,,14 de abril de 1947,Chile
5227,Osvaldo Cruz,6,Argentina,,29 de mayo de 1931,Argentina
5624,Osvaldo Fattori,51,Italia,,22 de junio de 1922,Italia
2200,Osvaldo Ramirez,63,Perú,,28 de marzo de 1947,Perú
755,Osvaldo Saez,17,Chile,,,Chile
49,Oswaldo Minda,27,Ecuador,1.83 m,26 de julio de 1983,Ecuador
7867,Oswaldo Sanchez,56,México,1.84 m,21 de septiembre de 1973,México
7611,Oszkar Szigeti,42,Hungría,,1 de enero de 1933,Hungría
541,Otakar Nozir,67,República Checa,,12 de marzo de 1917,República Checa
3270,Otávio Monteiro,65,Portugal,1.72 m,9 de febrero de 1995,Portugal
6312,Ottmar Walter,1,Alemania,,6 de marzo de 1924,Alemania
1444,Otto Addo,38,Ghana,1.88 m,9 de junio de 1975,Ghana
3345,Otto Andersson,73,Suecia,,7 de mayo de 1910,Suecia
8061,Otto Buehler,74,Suiza,,,Suiza
472,Otto Hemele,67,República Checa,,22 de enero de 1926,República Checa
4599,Otto Konrad,8,Austria,,1 de noviembre de 1964,Austria
6283,Otto Siffling,1,Alemania,,3 de agosto de 1912,Alemania
2213,Ottorino Sartor,63,Perú,,18 de septiembre de 1945,Perú
6922,Ouro-Nimini Tchagnirou,75,Togo,1.90 m,31 de diciembre de 1977,Togo
6604,Ousmane Dembélé,13,Bélgica,1.79 m,15 de mayo de 1997,Bélgica
6800,Ousmane Viera,23,Costa de Marfil,1.86 m,21 de diciembre de 1986,Costa de Marfil
7199,Oussama Haddadi,78,Túnez,1.88 m,28 de enero de 1992,Túnez
3391,Ove Grahn,73,Suecia,,9 de mayo de 1943,Suecia
3435,Ove Kindvall,73,Suecia,,16 de mayo de 1943,Suecia
3483,Ove Ohlsson,73,Suecia,,19 de agosto de 1938,Suecia
1947,Ovidiu Stanga,68,Rumania,,5 de diciembre de 1972,Rumania
1287,Owen Hargreaves,44,Inglaterra,1.80 m,20 de enero de 1981,Inglaterra
7424,Oyvind Leonhardsen,58,Noruega,,17 de agosto de 1970,Noruega
5012,Pablo,34,España,1.92 m,3 de agosto de 1981,España
5152,Pablo Aimar,6,Argentina,1.70 m,3 de noviembre de 1979,Argentina
2641,Pablo Armero,19,Colombia,1.74 m,2 de noviembre de 1986,Colombia
7654,Pablo Barrera,56,México,1.72 m,21 de junio de 1987,México
5817,Pablo Bengoechea,80,Uruguay,,27 de junio de 1965,Uruguay
5213,Pablo Cavallero,6,Argentina,1.88 m,13 de abril de 1974,Argentina
4345,Pablo Centurion,62,Paraguay,,,Paraguay
1984,Pablo Chinchilla,22,Costa Rica,1.86 m,21 de diciembre de 1978,Costa Rica
652,Pablo Contreras,17,Chile,1.78 m,11 de septiembre de 1978,Chile
5861,Pablo Dorado,80,Uruguay,,22 de junio de 1908,Uruguay
5873,Pablo Forlan,80,Uruguay,,14 de julio de 1945,Uruguay
7728,Pablo Garcia,56,México,1.86 m,11 de mayo de 1977,México
7765,Pablo Larios,56,México,,31 de julio de 1960,México
2841,Pablo Mastroeni,35,Estados Unidos,1.78 m,29 de agosto de 1976,Estados Unidos
2194,Pablo Pacheco,63,Perú,,,Perú
5355,Pablo Paz,6,Argentina,,27 de enero de 1973,Argentina
5060,Pablo Sarabia,34,España,1.79 m,11 de mayo de 1992,España
5442,Pablo Zabaleta,6,Argentina,1.74 m,16 de enero de 1985,Argentina
3282,Pacheco,65,Portugal,,22 de julio de 1958,Portugal
5013,Pachin,34,España,,28 de diciembre de 1938,España
7497,Pal Berendy,42,Hungría,,30 de noviembre de 1932,Hungría
7615,Pal Teleki,42,Hungría,,5 de marzo de 1906,Hungría
7617,Pal Titkos,42,Hungría,,8 de enero de 1908,Hungría
7629,Pal Varhidi,42,Hungría,,6 de noviembre de 1931,Hungría
1746,Pamplona,11,Brasil,,24 de marzo de 1904,Brasil
7015,Pan Keun Kim,21,Corea del Sur,,5 de marzo de 1966,Corea del Sur
2585,Panagiotis Glykos,39,Grecia,1.87 m,10 de octubre de 1986,Grecia
6789,Panagiotis Kone,23,Costa de Marfil,1.84 m,26 de julio de 1987,Costa de Marfil
2624,Panagiotis Tachtsidis,39,Grecia,1.93 m,15 de enero de 1991,Grecia
2984,Panayot Panayotov,12,Bulgaria,,30 de diciembre de 1930,Bulgaria
2928,Pantelei Dimitrov,12,Bulgaria,,14 de mayo de 1935,Bulgaria
2589,Pantelis Kapetanos,39,Grecia,1.90 m,8 de junio de 1983,Grecia
5538,Paolo Barison,51,Italia,,23 de junio de 1936,Italia
5596,Paolo Conti,51,Italia,,1 de abril de 1950,Italia
2172,Paolo Guerrero,63,Perú,1.85 m,1 de enero de 1984,Perú
2174,Paolo Hurtado,63,Perú,1.77 m,27 de julio de 1990,Perú
5674,Paolo Maldini,51,Italia,1.86 m,26 de junio de 1968,Italia
5929,Paolo Montero,80,Uruguay,1.79 m,3 de septiembre de 1971,Uruguay
5740,Paolo Pulici,51,Italia,,27 de abril de 1950,Italia
5752,Paolo Rossi,51,Italia,,23 de septiembre de 1956,Italia
1032,Papa Malick Diop,70,Senegal,1.87 m,29 de diciembre de 1974,Senegal
1017,Pape Abdou Cissé,70,Senegal,1.92 m,14 de septiembre de 1995,Senegal
1040,Pape Gueye,70,Senegal,1.89 m,24 de enero de 1999,Senegal
1070,Pape Matar Sarr,70,Senegal,1.85 m,14 de septiembre de 2002,Senegal
1069,Pape Sarr,70,Senegal,1.80 m,7 de diciembre de 1977,Senegal
1073,Pape Thiaw,70,Senegal,1.83 m,5 de febrero de 1981,Senegal
1748,Parana,11,Brasil,,21 de marzo de 1942,Brasil
5782,Paride Tumburus,51,Italia,,8 de marzo de 1939,Italia
4093,Parviz Boromand,48,Irán,,11 de septiembre de 1972,Irán
3871,Pascal Chimbonda,36,Francia,1.82 m,21 de febrero de 1979,Francia
6682,Pascal Plovie,13,Bélgica,,7 de mayo de 1965,Bélgica
6687,Pascal Renier,13,Bélgica,,3 de agosto de 1971,Bélgica
8233,Pascal Zuberbuehler,74,Suiza,1.97 m,8 de enero de 1971,Suiza
2464,Pasquale De Luca,15,Canadá,,26 de mayo de 1962,Canadá
7443,Pat Bonner,46,Irlanda,,24 de mayo de 1960,Irlanda
2251,Pat Jennings,47,Irlanda del Norte,,12 de junio de 1945,Irlanda del Norte
1749,Patesko,11,Brasil,,12 de noviembre de 1910,Brasil
1015,Pathé Ciss,70,Senegal,1.86 m,16 de marzo de 1994,Senegal
859,Patrice Abanda,14,Camerún,1.85 m,3 de agosto de 1978,Camerún
3910,Patrice Evra,36,Francia,1.71 m,15 de mayo de 1981,Francia
4023,Patrice Rio,36,Francia,,15 de agosto de 1948,Francia
5281,Patricio Hernandez,6,Argentina,,16 de agosto de 1956,Argentina
74,Patricio Urrutia,27,Ecuador,1.78 m,15 de octubre de 1977,Ecuador
791,Patricio Yanez,17,Chile,,20 de enero de 1961,Chile
3836,Patrick Battiston,36,Francia,,12 de marzo de 1957,Francia
6429,Patrick Kluivert,60,Paises Bajos,,1 de julio de 1976,Paises Bajos
932,Patrick Mboma,14,Camerún,1.85 m,15 de noviembre de 1970,Camerún
4258,Patrick Mtiliga,26,Dinamarca,1.70 m,28 de enero de 1981,Dinamarca
8154,Patrick Mueller,74,Suiza,1.82 m,17 de diciembre de 1976,Suiza
2036,Patrick Pemberton,22,Costa Rica,1.78 m,24 de abril de 1982,Costa Rica
2047,Patrick Sequeira,22,Costa Rica,1.90 m,1 de marzo de 1999,Costa Rica
974,Patrick Suffo,14,Camerún,1.76 m,17 de enero de 1978,Camerún
8207,Patrick Sylvestre,74,Suiza,,1 de septiembre de 1968,Suiza
6749,Patrick Vervoort,13,Bélgica,,17 de enero de 1965,Bélgica
4068,Patrick Vieira,36,Francia,1.93 m,23 de junio de 1976,Francia
3350,Patrik Andersson,73,Suecia,1.85 m,18 de agosto de 1971,Suecia
5755,Patrizio Sala,51,Italia,,16 de junio de 1955,Italia
5078,Pau Torres,34,España,1.91 m,16 de enero de 1997,España
8034,Paul Aebi,74,Suiza,,10 de septiembre de 1910,Suiza
7635,Paul Aguilar,56,México,1.78 m,6 de marzo de 1986,México
3,Paul Ambrosi,27,Ecuador,1.77 m,14 de octubre de 1980,Ecuador
868,Paul Bahoken,14,Camerún,,7 de julio de 1955,Camerún
6067,Paul Breitner,1,Alemania,,5 de septiembre de 1951,Alemania
2764,Paul Caligiuri,35,Estados Unidos,,9 de marzo de 1964,Estados Unidos
2465,Paul Dolan,15,Canadá,,16 de abril de 1966,Canadá
8243,Paul Evans,72,Sudáfrica,,28 de diciembre de 1973,Sudáfrica
1281,Paul Gascoigne,44,Inglaterra,,27 de mayo de 1967,Inglaterra
7271,Paul Hall,52,Jamaica,,3 de julio de 1972,Jamaica
4570,Paul Halla,8,Austria,,10 de abril de 1931,Austria
6631,Paul Henry,13,Bélgica,,6 de septiembre de 1912,Bélgica
1305,Paul Ince,44,Inglaterra,,21 de octubre de 1967,Inglaterra
2473,Paul James,15,Canadá,,11 de noviembre de 1963,Canadá
6157,Paul Janes,1,Alemania,,11 de marzo de 1912,Alemania
4602,Paul Kozlicek,8,Austria,,22 de julio de 1937,Austria
2830,Paul Krumpe,35,Estados Unidos,,4 de marzo de 1963,Estados Unidos
2358,Paul Lambert,31,Escocia,,7 de agosto de 1969,Escocia
918,Paul Loga,14,Camerún,,14 de agosto de 1969,Camerún
1332,Paul Mariner,44,Inglaterra,,22 de mayo de 1953,Inglaterra
7472,Paul Mcgrath,46,Irlanda,,4 de diciembre de 1959,Irlanda
2387,Paul Mcstay,31,Escocia,,22 de octubre de 1964,Escocia
6213,Paul Mebus,1,Alemania,,9 de junio de 1920,Alemania
1342,Paul Merson,44,Inglaterra,,20 de marzo de 1968,Inglaterra
1362,Paul Parker,44,Inglaterra,,4 de abril de 1964,Inglaterra
4013,Paul Pogba,36,Francia,1.90 m,15 de marzo de 1993,Francia
2560,Paul Ramsey,37,Gales,,3 de septiembre de 1962,Gales
2874,Paul Robinson,35,Estados Unidos,1.93 m,15 de octubre de 1979,Estados Unidos
1384,Paul Scholes,44,Inglaterra,1.70 m,16 de noviembre de 1974,Inglaterra
6286,Paul Steiner,1,Alemania,,23 de enero de 1957,Alemania
2409,Paul Sturrock,31,Escocia,,10 de octubre de 1956,Escocia
6720,Paul Van Himst,13,Bélgica,,2 de octubre de 1943,Bélgica
6527,Paul Verhaegh,60,Paises Bajos,1.78 m,1 de septiembre de 1983,Paises Bajos
6327,Paul Zielinski,1,Alemania,,20 de noviembre de 1911,Alemania
3285,Pauleta,65,Portugal,1.81 m,28 de abril de 1973,Portugal
1750,Paulinho,11,Brasil,,15 de abril de 1932,Brasil
1750,Paulinho,11,Brasil,1.80 m,25 de julio de 1988,Brasil
3286,Paulo Bento,65,Portugal,1.75 m,20 de junio de 1969,Portugal
1751,Paulo Cesar,11,Brasil,,16 de junio de 1949,Brasil
4352,Paulo Da Silva,62,Paraguay,1.84 m,1 de febrero de 1980,Paraguay
5242,Paulo Dybala,6,Argentina,1.77 m,15 de noviembre de 1993,Argentina
3287,Paulo Ferreira,65,Portugal,1.81 m,18 de enero de 1979,Portugal
1752,Paulo Henrique,11,Brasil,,5 de enero de 1943,Brasil
1753,Paulo Isidoro,11,Brasil,,3 de agosto de 1953,Brasil
7247,Paulo Santos,78,Túnez,1.84 m,11 de diciembre de 1972,Túnez
1754,Paulo Sergio,11,Brasil,,2 de junio de 1969,Brasil
1754,Paulo Sergio,11,Brasil,,24 de julio de 1954,Brasil
3289,Paulo Sousa,65,Portugal,1.77 m,30 de agosto de 1970,Portugal
1755,Paulo Vitor,11,Brasil,,7 de junio de 1957,Brasil
2060,Paulo Wanchope,22,Costa Rica,1.82 m,31 de julio de 1976,Costa Rica
453,Pavel Cerny,67,República Checa,,,República Checa
454,Pavel Chaloupka,67,República Checa,,4 de mayo de 1959,República Checa
507,Pavel Kouba,67,República Checa,,1 de septiembre de 1938,República Checa
525,Pavel Mares,67,República Checa,1.85 m,18 de enero de 1976,República Checa
360,Pavel Mogilevets,69,Rusia,1.83 m,25 de enero de 1993,Rusia
535,Pavel Nedved,67,República Checa,1.75 m,30 de agosto de 1972,República Checa
2985,Pavel Panov,12,Bulgaria,,14 de septiembre de 1950,Bulgaria
7816,Pavel Pardo,56,México,1.74 m,26 de julio de 1976,México
418,Pavel Yakovenko,69,Rusia,,19 de diciembre de 1964,Rusia
7572,Pavol Molnar,42,Hungría,,13 de febrero de 1936,Hungría
3039,Pawel Brozek,64,Polonia,1.80 m,21 de abril de 1983,Polonia
3079,Pawel Janas,64,Polonia,,4 de marzo de 1953,Polonia
3101,Pawel Kryszalowicz,64,Polonia,1.83 m,23 de junio de 1974,Polonia
3151,Pawel Sibik,64,Polonia,1.80 m,15 de febrero de 1971,Polonia
4155,Payam Niazmand,48,Irán,1.94 m,6 de abril de 1995,Irán
5017,Pedri,34,España,1.74 m,25 de noviembre de 2002,España
1756,Pedrinho,11,Brasil,,22 de octubre de 1957,Brasil
5018,Pedro,34,España,1.69 m,28 de julio de 1987,España
2129,Pedro Aquino,63,Perú,1.74 m,13 de abril de 1995,Perú
630,Pedro Araya,17,Chile,,23 de enero de 1942,Chile
3290,Pedro Barbosa,65,Portugal,1.82 m,6 de agosto de 1970,Portugal
4321,Pedro Benitez,62,Paraguay,,,Paraguay
2423,Pedro Berges,25,Cuba,,1 de enero de 1906,Cuba
5842,Pedro Cea,80,Uruguay,,1 de septiembre de 1900,Uruguay
4901,Pedro Contreras,34,España,1.80 m,7 de enero de 1972,España
5850,Pedro Cubilla,80,Uruguay,,25 de mayo de 1933,Uruguay
5234,Pedro Dellacha,6,Argentina,,9 de julio de 1926,Argentina
2427,Pedro Ferrer,25,Cuba,,1 de enero de 1908,Cuba
2163,Pedro Gallese,63,Perú,1.88 m,23 de abril de 1990,Perú
1639,Pedro Geromel,11,Brasil,1.90 m,21 de septiembre de 1985,Brasil
2168,Pedro Gonzales,63,Perú,,19 de mayo de 1943,Perú
5018,Pedro,34,España,1.85 m,20 de junio de 1997,España
2179,Pedro Leon,63,Perú,,26 de marzo de 1943,Perú
3291,Pedro Mendes,65,Portugal,1.77 m,26 de febrero de 1979,Portugal
6348,Pedro Miguel,16,Catar,1.80 m,6 de agosto de 1990,Catar
5325,Pedro Monzon,6,Argentina,,23 de febrero de 1962,Argentina
7800,Pedro Najera,56,México,,3 de febrero de 1929,México
5349,Pedro Pasculli,6,Argentina,,17 de mayo de 1960,Argentina
5961,Pedro Petrone,80,Uruguay,,11 de mayo de 1905,Uruguay
7839,Pedro Reyes,56,México,,13 de noviembre de 1972,México
5976,Pedro Rocha,80,Uruguay,,3 de diciembre de 1942,Uruguay
7850,Pedro Romero,56,México,,12 de abril de 1937,México
5060,Pedro Sarabia,34,España,1.81 m,5 de julio de 1975,España
7873,Pedro Soto,56,México,,22 de octubre de 1952,México
5416,Pedro Suarez,6,Argentina,,21 de diciembre de 1909,Argentina
5425,Pedro Troglio,6,Argentina,,28 de julio de 1965,Argentina
5081,Pedro Uralde,34,España,,2 de marzo de 1958,España
1758,Pedrosa,11,Brasil,,8 de julio de 1913,Brasil
4148,Pejman Montazeri,48,Irán,1.89 m,6 de septiembre de 1983,Irán
1759,Pelé,11,Brasil,1.73 m,23 de octubre de 1940,Brasil
4940,Pep Guardiola,34,España,1.80 m,18 de enero de 1971,España
5725,Pepe,51,Italia,1.87 m,26 de febrero de 1983,Italia
5725,Pepe,51,Italia,,25 de febrero de 1935,Italia
5041,Pepe Reina,34,España,1.87 m,31 de agosto de 1982,España
4571,Pepi Hammerl,8,Austria,,22 de enero de 1931,Austria
4213,Per Frandsen,26,Dinamarca,,6 de febrero de 1970,Dinamarca
4214,Per Frimann,26,Dinamarca,,4 de junio de 1962,Dinamarca
4239,Per Kroldrup,26,Dinamarca,1.94 m,31 de julio de 1979,Dinamarca
6214,Per Mertesacker,1,Alemania,1.96 m,29 de septiembre de 1984,Alemania
1761,Peracio,11,Brasil,,2 de noviembre de 1917,Brasil
2205,Percy Rojas,63,Perú,1.76 m,16 de septiembre de 1949,Perú
3296,Peres,65,Portugal,,8 de enero de 1942,Portugal
3681,Perica Ognjenovic,71,Serbia,,24 de febrero de 1977,Serbia
29,Pervis Estupiñán,27,Ecuador,1.75 m,21 de enero de 1998,Ecuador
2911,Petar Aleksandrov,12,Bulgaria,,7 de diciembre de 1962,Bulgaria
2941,Petar Houbchev,12,Bulgaria,,26 de febrero de 1964,Bulgaria
1113,Petar Krpan,24,Croacia,,1 de julio de 1974,Croacia
2975,Petar Mikhtarski,12,Bulgaria,,15 de julio de 1966,Bulgaria
2992,Petar Petrov,12,Bulgaria,,20 de febrero de 1961,Bulgaria
3708,Petar Radakovic,71,Serbia,,2 de febrero de 1937,Serbia
3009,Petar Velichkov,12,Bulgaria,,8 de agosto de 1940,Bulgaria
3025,Petar Zhekov,12,Bulgaria,,10 de octubre de 1944,Bulgaria
4547,Peter Artner,8,Austria,,20 de mayo de 1966,Austria
1213,Peter Beardsley,44,Inglaterra,,18 de enero de 1961,Inglaterra
1219,Peter Bonetti,44,Inglaterra,,27 de septiembre de 1941,Inglaterra
1220,Peter Brabrook,44,Inglaterra,,8 de noviembre de 1937,Inglaterra
1222,Peter Broadbent,44,Inglaterra,,15 de mayo de 1933,Inglaterra
7264,Peter Cargill,52,Jamaica,,2 de marzo de 1964,Jamaica
2309,Peter Cormack,31,Escocia,,17 de julio de 1946,Escocia
1255,Peter Crouch,44,Inglaterra,2.01 m,30 de enero de 1981,Inglaterra
6080,Peter Dietrich,1,Alemania,,6 de marzo de 1944,Alemania
7517,Peter Disztl,42,Hungría,,30 de marzo de 1960,Hungría
2507,Peter Ducke,2,Alemania Oriental,,14 de octubre de 1941,Alemania Oriental
463,Peter Fieber,67,República Checa,,16 de mayo de 1964,República Checa
7537,Peter Hannich,42,Hungría,,30 de marzo de 1957,Hungría
4234,Peter Kjaer,26,Dinamarca,1.87 m,5 de noviembre de 1965,Dinamarca
3442,Peter Larsson,73,Suecia,,8 de marzo de 1961,Suecia
2363,Peter Lorimer,31,Escocia,,14 de diciembre de 1946,Escocia
4250,Peter Lovenkrands,26,Dinamarca,1.81 m,29 de enero de 1980,Dinamarca
4252,Peter Madsen,26,Dinamarca,1.83 m,26 de abril de 1978,Dinamarca
2261,Peter Mcparland,47,Irlanda del Norte,,25 de abril de 1934,Irlanda del Norte
4256,Peter Moller,26,Dinamarca,1.90 m,23 de marzo de 1972,Dinamarca
4509,Peter Odemwingie,57,Nigeria,1.81 m,15 de julio de 1981,Nigeria
7351,Peter Ollerton,7,Australia,,20 de mayo de 1951,Australia
1357,Peter Osgood,44,Inglaterra,,20 de febrero de 1947,Inglaterra
7582,Peter Palotas,42,Hungría,,27 de junio de 1929,Hungría
543,Peter Paluch,67,República Checa,,17 de febrero de 1958,República Checa
805,Peter Pekarik,32,Eslovaquia,1.76 m,30 de octubre de 1986,Eslovaquia
4619,Peter Persidis,8,Austria,,8 de marzo de 1947,Austria
2863,Peter Pietras,35,Estados Unidos,,21 de abril de 1908,Estados Unidos
4625,Peter Platzer,8,Austria,,29 de mayo de 1910,Austria
1374,Peter Reid,44,Inglaterra,,20 de junio de 1956,Inglaterra
8179,Peter Roesch,74,Suiza,,14 de septiembre de 1930,Suiza
4529,Peter Rufai,57,Nigeria,,24 de agosto de 1963,Nigeria
4278,Peter Schmeichel,26,Dinamarca,,18 de noviembre de 1963,Dinamarca
4643,Peter Schoettel,8,Austria,,26 de marzo de 1967,Austria
1391,Peter Shilton,44,Inglaterra,,18 de septiembre de 1949,Inglaterra
1392,Peter Sillett,44,Inglaterra,,1 de febrero de 1933,Inglaterra
5136,Peter Simonsen,59,Nueva Zelanda,,17 de abril de 1959,Nueva Zelanda
4649,Peter Stoeger,8,Austria,,11 de abril de 1966,Austria
1408,Peter Swan,44,Inglaterra,,8 de octubre de 1936,Inglaterra
7620,Peter Torok,42,Hungría,,18 de abril de 1951,Hungría
6716,Peter Van Der Heyden,13,Bélgica,1.83 m,16 de julio de 1976,Bélgica
6522,Peter Van Vossen,60,Paises Bajos,,21 de abril de 1968,Paises Bajos
2895,Peter Vermes,35,Estados Unidos,,21 de noviembre de 1966,Estados Unidos
7385,Peter Wilson,7,Australia,,15 de septiembre de 1947,Australia
1432,Peter Withe,44,Inglaterra,,30 de agosto de 1951,Inglaterra
6678,Petit,13,Bélgica,1.78 m,25 de septiembre de 1976,Bélgica
452,Petr Cech,67,República Checa,1.97 m,20 de mayo de 1982,República Checa
484,Petr Janecka,67,República Checa,,25 de noviembre de 1957,República Checa
3404,Petter Hansson,73,Suecia,1.86 m,14 de diciembre de 1976,Suecia
7442,Phil Babb,46,Irlanda,,30 de noviembre de 1970,Irlanda
1274,Phil Foden,44,Inglaterra,1.71 m,28 de mayo de 2000,Inglaterra
1306,Phil Jagielka,44,Inglaterra,1.83 m,17 de agosto de 1982,Inglaterra
7321,Phil Jones,7,Australia,1.80 m,21 de febrero de 1992,Australia
8260,Phil Masinga,72,Sudáfrica,1.87 m,28 de junio de 1969,Sudáfrica
2880,Phil Slone,35,Estados Unidos,,20 de enero de 1907,Estados Unidos
1412,Phil Thompson,44,Inglaterra,,21 de enero de 1954,Inglaterra
6695,Philibert Smellinckx,13,Bélgica,,17 de enero de 1911,Bélgica
2249,Philip Hughes,47,Irlanda del Norte,,19 de noviembre de 1964,Irlanda del Norte
1352,Philip Neal,44,Inglaterra,,20 de febrero de 1951,Inglaterra
8071,Philipp Degen,74,Suiza,1.84 m,15 de febrero de 1983,Suiza
8132,Philipp Köhn,74,Suiza,1.90 m,2 de abril de 1998,Suiza
6196,Philipp Lahm,1,Alemania,1.70 m,11 de noviembre de 1983,Alemania
6543,Philippe Albert,13,Bélgica,,10 de agosto de 1967,Bélgica
3844,Philippe Bergeroo,36,Francia,,13 de enero de 1954,Francia
3873,Philippe Christanval,36,Francia,1.85 m,31 de agosto de 1978,Francia
6577,Philippe Clement,13,Bélgica,1.90 m,22 de marzo de 1974,Bélgica
1762,Philippe Coutinho,11,Brasil,1.72 m,12 de junio de 1992,Brasil
6607,Philippe Desmet,13,Bélgica,,29 de noviembre de 1958,Bélgica
3926,Philippe Gondet,36,Francia,,17 de mayo de 1942,Francia
3980,Philippe Mahut,36,Francia,,4 de marzo de 1956,Francia
8168,Philippe Pottier,74,Suiza,,9 de julio de 1938,Suiza
8188,Philippe Senderos,74,Suiza,1.90 m,14 de febrero de 1985,Suiza
6729,Philippe Vande Walle,13,Bélgica,,22 de diciembre de 1961,Bélgica
4065,Philippe Vercruysse,36,Francia,,28 de enero de 1962,Francia
2455,Philippe Vorbe,40,Haití,,14 de septiembre de 1947,Haití
6377,Phillip Cocu,60,Paises Bajos,1.82 m,29 de octubre de 1970,Paises Bajos
5738,Pierino Prati,51,Italia,,13 de diciembre de 1946,Italia
5575,Pierluigi Casiraghi,51,Italia,,4 de marzo de 1969,Italia
5581,Pierluigi Cera,51,Italia,,25 de febrero de 1941,Italia
5735,Pierluigi Pizzaballa,51,Italia,,14 de septiembre de 1939,Italia
37,Piero Hincapié,27,Ecuador,1.83 m,9 de enero de 2002,Ecuador
5722,Piero Pasinati,51,Italia,,21 de julio de 1910,Italia
2439,Pierre Bayonne,40,Haití,,11 de junio de 1949,Haití
6559,Pierre Braine,13,Bélgica,,26 de octubre de 1900,Bélgica
6567,Pierre Carteus,13,Bélgica,,24 de septiembre de 1943,Bélgica
6585,Pierre Dalem,13,Bélgica,,16 de marzo de 1912,Bélgica
4223,Pierre-Emile Hojbjerg,26,Dinamarca,1.87 m,5 de agosto de 1995,Dinamarca
8248,Pierre Issa,72,Sudáfrica,1.95 m,11 de septiembre de 1975,Sudáfrica
3955,Pierre Korb,36,Francia,,20 de abril de 1908,Francia
915,Pierre Kunde,14,Camerún,1.80 m,26 de julio de 1995,Camerún
6202,Pierre Littbarski,1,Alemania,,16 de abril de 1960,Alemania
951,Pierre Njanka,14,Camerún,1.81 m,15 de marzo de 1975,Camerún
6511,Pierre Van Hooijdonk,60,Paises Bajos,1.93 m,29 de noviembre de 1969,Paises Bajos
983,Pierre Webo,14,Camerún,1.80 m,20 de enero de 1982,Camerún
984,Pierre Wome,14,Camerún,1.78 m,26 de marzo de 1979,Camerún
6381,Piet De Boer,60,Paises Bajos,,10 de octubre de 1919,Paises Bajos
6426,Piet Keizer,60,Paises Bajos,,14 de junio de 1943,Paises Bajos
6465,Piet Punt,60,Paises Bajos,,6 de febrero de 1909,Paises Bajos
6477,Piet Schrijvers,60,Paises Bajos,,15 de diciembre de 1946,Paises Bajos
6710,Pieter Van Den Bosch,13,Bélgica,,31 de octubre de 1927,Bélgica
6536,Pieter Wildschut,60,Paises Bajos,,25 de octubre de 1957,Paises Bajos
5523,Pietro Anastasi,51,Italia,,7 de abril de 1948,Italia
5531,Pietro Arcari,51,Italia,,2 de diciembre de 1909,Italia
5630,Pietro Ferraris,51,Italia,,15 de febrero de 1912,Italia
5743,Pietro Rava,51,Italia,,12 de enero de 1916,Italia
5763,Pietro Serantoni,51,Italia,,12 de diciembre de 1916,Italia
5786,Pietro Vierchowod,51,Italia,,6 de abril de 1959,Italia
6398,Pim Doesburg,60,Paises Bajos,,28 de octubre de 1943,Paises Bajos
1763,Pinga,11,Brasil,,11 de febrero de 1924,Brasil
1764,Pinheiro,11,Brasil,,13 de enero de 1932,Brasil
4281,Pione Sisto,26,Dinamarca,1.71 m,4 de febrero de 1995,Dinamarca
3064,Piotr Giza,64,Polonia,1.79 m,28 de febrero de 1980,Polonia
3129,Piotr Mowlik,64,Polonia,,21 de abril de 1951,Polonia
3154,Piotr Skrobowski,64,Polonia,,16 de octubre de 1961,Polonia
3159,Piotr Swierczewski,64,Polonia,1.80 m,8 de abril de 1972,Polonia
6304,Piotr Trochowski,1,Alemania,1.68 m,22 de marzo de 1984,Alemania
3186,Piotr Zieliński,64,Polonia,1.77 m,20 de mayo de 1994,Polonia
8185,Pirmin Schwegler,74,Suiza,1.78 m,9 de marzo de 1987,Suiza
5023,Pirri,34,España,,11 de marzo de 1945,España
5024,Piru Gainza,34,España,,28 de mayo de 1922,España
4489,Pius Ikedia,57,Nigeria,1.66 m,11 de julio de 1980,Nigeria
940,Pius Ndiefi,14,Camerún,1.74 m,5 de julio de 1975,Camerún
5025,Pizzi,34,España,,7 de junio de 1968,España
2161,Placido Galindo,63,Perú,,9 de marzo de 1902,Perú
2936,Plamen Getov,12,Bulgaria,,4 de marzo de 1959,Bulgaria
2971,Plamen Markov,12,Bulgaria,,11 de septiembre de 1957,Bulgaria
2983,Plamen Nikolov,12,Bulgaria,,20 de agosto de 1961,Bulgaria
6485,Pleun Strik,60,Paises Bajos,,27 de mayo de 1944,Paises Bajos
1765,Polozzi,11,Brasil,,1 de octubre de 1955,Brasil
1766,Poly,11,Brasil,,26 de enero de 1909,Brasil
4903,Poly Van Den Bosch,34,España,,30 de abril de 1926,España
3387,Pontus Farnerud,73,Suecia,1.80 m,4 de junio de 1980,Suecia
3417,Pontus Jansson,73,Suecia,1.90 m,13 de febrero de 1991,Suecia
3430,Pontus Kamark,73,Suecia,1.77 m,5 de abril de 1969,Suecia
7987,Poong Jo Kim,20,Corea del Norte,,1 de octubre de 1961,Corea del Norte
194,Porfirio Betancourt,41,Honduras,,10 de octubre de 1957,Honduras
3482,Prawitz Oberg,73,Suecia,,16 de noviembre de 1930,Suecia
4208,Preben Elkjaer Larsen,26,Dinamarca,,11 de septiembre de 1957,Dinamarca
3559,Predrag Djajic,71,Serbia,,1 de mayo de 1922,Serbia
3562,Predrag Djordjevic,71,Serbia,1.84 m,4 de agosto de 1972,Serbia
3654,Predrag Mijatovic,71,Serbia,,19 de enero de 1969,Serbia
3690,Predrag Pasic,71,Serbia,,18 de octubre de 1958,Serbia
3713,Predrag Rajković,71,Serbia,1.91 m,31 de octubre de 1995,Serbia
3729,Predrag Spasic,71,Serbia,,29 de septiembre de 1965,Serbia
1767,Preguinho,11,Brasil,,8 de febrero de 1905,Brasil
2866,Preki Radosavljevic,35,Estados Unidos,1.75 m,24 de junio de 1963,Estados Unidos
438,Premysl Bicovsky,67,República Checa,,18 de agosto de 1950,República Checa
3951,Presnel Kimpembe,36,Francia,1.89 m,13 de agosto de 1995,Francia
1511,Prince Tagoe,38,Ghana,1.79 m,9 de noviembre de 1986,Ghana
229,Prudencio Norales,41,Honduras,,20 de abril de 1956,Honduras
3652,Prvoslav Mihajlovic,71,Serbia,,13 de abril de 1921,Serbia
3058,Przemyslaw Frankowski,64,Polonia,1.75 m,12 de abril de 1995,Polonia
8009,Pu Yang,20,Corea del Norte,1.79 m,30 de marzo de 1978,Corea del Norte
6510,Puck Van Heel,60,Paises Bajos,,21 de enero de 1904,Paises Bajos
7017,Pyung Seok Kim,21,Corea del Sur,,22 de septiembre de 1958,Corea del Sur
1186,Qassim Bassim,45,Iraq,,22 de marzo de 1959,Iraq
5491,Qi An,18,China,1.92 m,21 de junio de 1981,China
3300,Quim,65,Portugal,1.84 m,13 de noviembre de 1975,Portugal
5029,Quincoces I,34,España,,17 de julio de 1905,España
1494,Quincy Owusu-Abeyie,38,Ghana,1.80 m,15 de abril de 1986,Ghana
5030,Quini,34,España,,23 de septiembre de 1949,España
8245,Quinton Fortune,72,Sudáfrica,1.82 m,21 de mayo de 1977,Sudáfrica
5031,Quique,34,España,,5 de febrero de 1965,España
5032,Quique Setien,34,España,,27 de septiembre de 1958,España
4399,Quiterio Olmedo,62,Paraguay,,21 de diciembre de 1907,Paraguay
4687,R. Telwe,43,Indonesia,,,Indonesia
6875,Rabah Madjer,5,Argelia,,15 de febrero de 1958,Argelia
2125,Rabie Yassin,28,Egipto,,7 de septiembre de 1960,Egipto
4445,Rabiu Afolabi,57,Nigeria,1.83 m,18 de abril de 1980,Nigeria
8306,Rachid Azzouzi,55,Marruecos,,10 de enero de 1971,Marruecos
8334,Rachid Daoudi,55,Marruecos,,21 de febrero de 1966,Marruecos
6865,Rachid Harkouk,5,Argelia,,19 de mayo de 1956,Argelia
8388,Rachid Neqrouz,55,Marruecos,,10 de abril de 1972,Marruecos
8394,Rachid Rokki,55,Marruecos,,8 de noviembre de 1974,Marruecos
2667,Radamel Falcao,19,Colombia,1.77 m,10 de febrero de 1986,Colombia
7205,Radhi Jaidi,78,Túnez,1.92 m,30 de agosto de 1975,Túnez
7246,Radhouane Salhi,78,Túnez,,18 de diciembre de 1967,Túnez
3680,Radivoje Ognjanovic,71,Serbia,,1 de julio de 1938,Serbia
3699,Radosav Petrovic,71,Serbia,1.93 m,8 de marzo de 1989,Serbia
1108,Radoslav Kovac,24,Croacia,1.88 m,27 de noviembre de 1979,Croacia
816,Radoslav Zabavnik,32,Eslovaquia,1.80 m,16 de septiembre de 1980,Eslovaquia
3023,Radoslav Zdravkov,12,Bulgaria,,30 de julio de 1956,Bulgaria
3085,Radoslaw Kaluzny,64,Polonia,1.91 m,2 de febrero de 1974,Polonia
3119,Radoslaw Majdan,64,Polonia,1.85 m,10 de mayo de 1972,Polonia
3157,Radoslaw Sobolewski,64,Polonia,1.82 m,13 de diciembre de 1976,Polonia
2954,Radostin Kishishev,12,Bulgaria,,30 de julio de 1974,Bulgaria
1917,Radu Niculescu,68,Rumania,,2 de marzo de 1975,Rumania
1918,Radu Nunweiller,68,Rumania,,16 de noviembre de 1944,Rumania
3301,Rafa,65,Portugal,1.70 m,17 de mayo de 1993,Portugal
5033,Rafa Paz,34,España,,2 de agosto de 1965,España
5154,Rafael Albrecht,6,Argentina,,23 de agosto de 1941,Argentina
4855,Rafael Alkorta,34,España,,16 de septiembre de 1968,España
7641,Rafael Amador,56,México,,16 de noviembre de 1957,México
7650,Rafael Avalos,56,México,,1 de enero de 1926,México
7728,Rafael Garcia,56,México,1.75 m,14 de agosto de 1974,México
685,Rafael Gonzalez,17,Chile,,24 de abril de 1950,Chile
4936,Rafael Gordillo,34,España,,24 de febrero de 1957,España
7745,Rafael Garza Gutierrez,56,México,,13 de diciembre de 1896,México
3258,Rafael Leão,65,Portugal,1.88 m,10 de junio de 1999,Portugal
7777,Rafael Marquez,56,México,1.85 m,13 de febrero de 1979,México
4722,Rafael Mendez,9,Bolivia,,1 de enero de 1904,Bolivia
2209,Rafael Salguero,63,Perú,,10 de agosto de 1951,Perú
6008,Rafael Souto,80,Uruguay,,24 de octubre de 1930,Uruguay
6503,Rafael Van Der Vaart,60,Paises Bajos,1.75 m,11 de febrero de 1983,Paises Bajos
3107,Rafał Kurzawa,64,Polonia,1.82 m,29 de enero de 1993,Polonia
6853,Rafik Djebbour,5,Argelia,1.85 m,8 de marzo de 1984,Argelia
6864,Rafik Halliche,5,Argelia,1.87 m,2 de septiembre de 1986,Argelia
6890,Rafik Saifi,5,Argelia,1.78 m,7 de febrero de 1975,Argelia
3399,Ragnar Gustavsson,73,Suecia,,28 de septiembre de 1907,Suecia
7143,Ragnar Sigurdsson,49,Islandia,1.87 m,19 de junio de 1986,Islandia
1007,Rahamim Talbi,50,Israel,,17 de mayo de 1943,Israel
1401,Raheem Sterling,44,Inglaterra,1.70 m,8 de diciembre de 1994,Inglaterra
4079,Rahman Ahmadi,48,Irán,1.84 m,30 de julio de 1980,Irán
4166,Rahman Rezaei,48,Irán,1.78 m,20 de febrero de 1975,Irán
1768,Rai,11,Brasil,,15 de mayo de 1965,Brasil
6044,Raimond Aumann,1,Alemania,,12 de octubre de 1963,Alemania
5713,Raimundo Orsi,51,Italia,,2 de diciembre de 1901,Italia
7849,Raimundo Rodriguez,56,México,,15 de abril de 1905,México
6063,Rainer Bonhof,1,Alemania,,29 de marzo de 1952,Alemania
6874,Rais M'Bolhi,5,Argelia,1.90 m,25 de abril de 1986,Argelia
3665,Rajko Mitic,71,Serbia,,19 de noviembre de 1922,Serbia
3815,Rajko Tavcar,33,Eslovenia,1.80 m,21 de julio de 1974,Eslovenia
3375,Ralf Edstrom,73,Suecia,,7 de octubre de 1952,Suecia
2890,Ralph Tracey,35,Estados Unidos,,23 de diciembre de 1904,Estados Unidos
2118,Ramadan Sobhi,28,Egipto,1.83 m,23 de enero de 1997,Egipto
397,Ramaz Shengelia,69,Rusia,,1 de enero de 1957,Rusia
7153,Rami Bedoui,78,Túnez,1.87 m,19 de enero de 1990,Túnez
3507,Rami Shaaban,73,Suecia,1.93 m,30 de junio de 1975,Suecia
4167,Ramin Rezaeian,48,Irán,1.84 m,21 de marzo de 1990,Irán
1769,Ramires,11,Brasil,1.79 m,24 de marzo de 1987,Brasil
4705,Ramiro Castillo,9,Bolivia,,27 de marzo de 1966,Bolivia
7803,Ramiro Navarro,56,México,,25 de mayo de 1943,México
5148,Ramon Abeledo,6,Argentina,,24 de septiembre de 1937,Argentina
5167,Ramon Astudillo,6,Argentina,,,Argentina
4460,Ramón Azeez,57,Nigeria,1.69 m,12 de diciembre de 1992,Nigeria
5240,Ramon Diaz,6,Argentina,,29 de agosto de 1959,Argentina
825,Ramon Fagoaga,29,El Salvador,,12 de enero de 1952,El Salvador
5280,Ramon Heredia,6,Argentina,,26 de febrero de 1951,Argentina
4377,Ramon Hicks,62,Paraguay,,30 de mayo de 1960,Paraguay
221,Ramon Maradiaga,41,Honduras,,30 de octubre de 1954,Honduras
4881,Ramon Maria Caldere,34,España,,16 de enero de 1959,España
4389,Ramon Mayeregger,62,Paraguay,,19 de febrero de 1934,Paraguay
5315,Ramon Medina Bello,6,Argentina,,29 de abril de 1966,Argentina
2185,Ramon Mifflin,63,Perú,,5 de abril de 1947,Perú
7792,Ramon Morales,56,México,1.68 m,10 de octubre de 1975,México
5328,Ramon Muttis,6,Argentina,,12 de marzo de 1899,Argentina
230,Ramon Nunez,41,Honduras,1.69 m,14 de noviembre de 1985,Honduras
2199,Ramon Quiroga,63,Perú,,23 de julio de 1950,Perú
7833,Ramon Ramirez,56,México,,5 de diciembre de 1969,México
3952,Randal Kolo Muani,36,Francia,1.87 m,5 de diciembre de 1998,Francia
1964,Randall Azofeifa,22,Costa Rica,1.82 m,30 de diciembre de 1984,Costa Rica
1972,Randall Brenes,22,Costa Rica,1.73 m,13 de agosto de 1983,Costa Rica
2492,Randy Ragan,15,Canadá,,7 de junio de 1959,Canadá
2493,Randy Samuel,15,Canadá,,23 de diciembre de 1963,Canadá
7695,Ranulfo Cortes,56,México,,,México
7158,Raouf Ben Aziza,78,Túnez,,23 de septiembre de 1953,Túnez
7175,Raouf Bouzaiene,78,Túnez,1.74 m,16 de agosto de 1970,Túnez
3899,Raoul Diagne,36,Francia,,10 de noviembre de 1910,Francia
6644,Raoul Lambert,13,Bélgica,,20 de octubre de 1944,Bélgica
3243,Raphaël Guerreiro,65,Portugal,1.70 m,22 de diciembre de 1993,Portugal
4063,Raphael Varane,36,Francia,1.91 m,25 de abril de 1993,Francia
8223,Raphael Wicky,74,Suiza,1.78 m,26 de abril de 1977,Suiza
1770,Raphinha,11,Brasil,1.76 m,14 de diciembre de 1996,Brasil
4543,Rasheed Yekini,57,Nigeria,,23 de octubre de 1963,Nigeria
1509,Rashid Sumaila,38,Ghana,1.82 m,18 de diciembre de 1992,Ghana
4236,Rasmus Kristensen,26,Dinamarca,1.87 m,11 de julio de 1997,Dinamarca
4136,Rasoul Khatibi,48,Irán,1.72 m,22 de septiembre de 1978,Irán
3556,Ratko Colic,71,Serbia,,17 de marzo de 1918,Serbia
3746,Ratko Svilar,71,Serbia,,6 de mayo de 1950,Serbia
5036,Raul,34,España,1.80 m,27 de junio de 1977,España
4852,Raul Albiol,34,España,1.87 m,4 de septiembre de 1985,España
7648,Raul Arellano,56,México,,28 de febrero de 1935,México
5183,Raul Belen,6,Argentina,,1 de julio de 1931,Argentina
7677,Raul Cardenas,56,México,,30 de octubre de 1928,México
7692,Raul Cordoba,56,México,,,México
2170,Raul Gorriti,63,Perú,,10 de octubre de 1956,Perú
36,Raul Guerron,27,Ecuador,1.84 m,12 de octubre de 1976,Ecuador
7745,Raul Gutierrez,56,México,,16 de octubre de 1966,México
7756,Raul Isiordia,56,México,,22 de diciembre de 1952,México
7760,Raúl Jiménez,56,México,1.88 m,5 de mayo de 1991,México
7764,Raul Lara,56,México,,28 de febrero de 1973,México
834,Raul Magana,29,El Salvador,,24 de febrero de 1940,El Salvador
3267,Raul Meireles,65,Portugal,1.79 m,17 de marzo de 1983,Portugal
721,Raul Ormeno,17,Chile,,21 de junio de 1958,Chile
5341,Raul Paez,6,Argentina,,26 de mayo de 1937,Argentina
2208,Raúl Ruidíaz,63,Perú,1.67 m,25 de julio de 1990,Perú
7867,Raul Sanchez,56,México,,26 de octubre de 1933,México
7870,Raul Servin,56,México,,29 de abril de 1963,México
1245,Ray Clemence,44,Inglaterra,,5 de agosto de 1948,Inglaterra
7457,Ray Houghton,46,Irlanda,,9 de enero de 1962,Irlanda
7356,Ray Richards,7,Australia,,18 de mayo de 1946,Australia
1426,Ray Wilkins,44,Inglaterra,,14 de septiembre de 1956,Inglaterra
7385,Ray Wilson,7,Australia,,17 de diciembre de 1934,Australia
6546,Raymond Ausloos,13,Bélgica,,3 de febrero de 1930,Bélgica
3839,Raymond Bellot,36,Francia,,6 de septiembre de 1929,Francia
6560,Raymond Braine,13,Bélgica,,28 de abril de 1907,Bélgica
3947,Raymond Kaelbel,36,Francia,,31 de enero de 1932,Francia
909,Raymond Kalla,14,Camerún,1.92 m,22 de abril de 1975,Camerún
3954,Raymond Kopa,36,Francia,,13 de octubre de 1931,Francia
6662,Raymond Mommens,13,Bélgica,,27 de diciembre de 1958,Bélgica
8166,Raymond Pasello,74,Suiza,,12 de enero de 1905,Suiza
5285,Raymundo Infante,6,Argentina,,,Argentina
1498,Razak Pimpong,38,Ghana,1.73 m,30 de diciembre de 1982,Ghana
4842,Redha Tukar,4,Arabia Saudita,1.79 m,29 de noviembre de 1975,Arabia Saudita
3716,Refik Sabanadzovic,71,Serbia,,2 de agosto de 1965,Serbia
7423,Reidar Kvammen,58,Noruega,,23 de julio de 1914,Noruega
1771,Reinaldo,11,Brasil,,11 de enero de 1957,Brasil
2516,Reinhard Lauck,2,Alemania Oriental,,16 de septiembre de 1946,Alemania Oriental
4582,Reinhold Hintermaier,8,Austria,,14 de febrero de 1956,Austria
6225,Reinhold Muenzenberg,1,Alemania,,25 de enero de 1909,Alemania
3365,Reino Borjesson,73,Suecia,,4 de febrero de 1929,Suecia
6460,Remko Pasveer,60,Paises Bajos,1.88 m,8 de noviembre de 1983,Paises Bajos
8095,Remo Freuler,74,Suiza,1.81 m,15 de abril de 1992,Suiza
3860,Rémy Cabella,36,Francia,1.72 m,8 de marzo de 1990,Francia
1772,Renato,11,Brasil,,5 de diciembre de 1944,Brasil
1772,Renato,11,Brasil,,21 de febrero de 1957,Brasil
1773,Renato Augusto,11,Brasil,1.86 m,8 de febrero de 1988,Brasil
8054,Renato Bizzozero,74,Suiza,,1 de enero de 1912,Suiza
1774,Renato Gaucho,11,Brasil,,9 de septiembre de 1962,Brasil
40,Renato Ibarra,27,Ecuador,1.75 m,20 de enero de 1991,Ecuador
5711,Renato Olmi,51,Italia,,12 de julio de 1914,Italia
4737,Renato Sainz,9,Bolivia,,14 de diciembre de 1899,Bolivia
8197,Renato Steffen,74,Suiza,1.70 m,3 de noviembre de 1991,Suiza
5418,Renato Tapia,6,Argentina,1.82 m,28 de julio de 1995,Argentina
5793,Renato Zaccarelli,51,Italia,,18 de enero de 1951,Italia
8043,Rene Bader,74,Suiza,,7 de agosto de 1922,Suiza
8058,Rene Brodmann,74,Suiza,,25 de octubre de 1933,Suiza
4703,Rene Cabrera,9,Bolivia,,,Bolivia
3893,Rene Dereuddre,36,Francia,,22 de junio de 1930,Francia
4710,Rene Fernandez,9,Bolivia,,1 de enero de 1906,Bolivia
3921,Rene Girard,36,Francia,,4 de abril de 1954,Francia
4220,Rene Henriksen,26,Dinamarca,1.83 m,27 de agosto de 1969,Dinamarca
2679,Rene Higuita,19,Colombia,,27 de agosto de 1966,Colombia
5283,Rene Houseman,6,Argentina,,19 de julio de 1953,Argentina
3796,Rene Krhin,33,Eslovenia,1.84 m,21 de mayo de 1990,Eslovenia
3975,Rene Llense,36,Francia,,14 de julio de 1913,Francia
942,Rene Ndjeya,14,Camerún,,9 de octubre de 1953,Camerún
6462,Rene Pijpers,60,Paises Bajos,,15 de septiembre de 1917,Paises Bajos
8170,Rene Quentin,74,Suiza,,5 de agosto de 1943,Suiza
734,Rene Quitral,17,Chile,,,Chile
780,Rene Valenzuela,17,Chile,,20 de abril de 1955,Chile
6499,Rene Van De Kerkhof,60,Paises Bajos,,16 de septiembre de 1951,Paises Bajos
6733,Rene Vandereycken,13,Bélgica,,22 de julio de 1953,Bélgica
6741,Rene Verheyen,13,Bélgica,,20 de marzo de 1952,Bélgica
8257,Reneilwe Letsholonyane,72,Sudáfrica,1.73 m,9 de junio de 1982,Sudáfrica
8231,Reto Ziegler,74,Suiza,1.83 m,16 de enero de 1986,Suiza
4482,Reuben Gabriel,57,Nigeria,1.95 m,25 de septiembre de 1990,Nigeria
288,Revaz Dzodzvashvili,69,Rusia,,15 de abril de 1945,Rusia
4101,Reza Enayati,48,Irán,1.78 m,23 de septiembre de 1976,Irán
4110,Reza Ghoochannejhad,48,Irán,1.80 m,20 de septiembre de 1987,Irán
4114,Reza Haghighi,48,Irán,1.97 m,1 de enero de 1989,Irán
4174,Reza Shahroudi,48,Irán,,21 de febrero de 1972,Irán
7601,Rezso Somlai,42,Hungría,,1 de enero de 1911,Hungría
7172,Riadh Bouazizi,78,Túnez,1.86 m,8 de abril de 1973,Túnez
7211,Riadh Jelassi,78,Túnez,1.75 m,7 de julio de 1971,Túnez
3303,Ribeiro,65,Portugal,,2 de noviembre de 1957,Portugal
1776,Ricardinho,11,Brasil,1.76 m,23 de mayo de 1976,Brasil
7929,Ricardo,3,Angola,1.87 m,30 de diciembre de 1971,Angola
7929,Ricardo,3,Angola,1.88 m,11 de febrero de 1976,Angola
5160,Ricardo Álvarez,6,Argentina,1.88 m,12 de abril de 1988,Argentina
8413,Ricardo Ávila,61,Panamá,,4 de enero de 1997,Panamá
5188,Ricardo Bochini,6,Argentina,,25 de enero de 1954,Argentina
8064,Ricardo Cabanas,74,Suiza,1.73 m,17 de enero de 1979,Suiza
198,Ricardo Canales,41,Honduras,1.80 m,30 de mayo de 1982,Honduras
3305,Ricardo Carvalho,65,Portugal,1.83 m,18 de mayo de 1978,Portugal
2770,Ricardo Clark,35,Estados Unidos,1.78 m,10 de febrero de 1983,Estados Unidos
3213,Ricardo Costa,65,Portugal,1.83 m,16 de mayo de 1981,Portugal
5262,Ricardo Gallego,6,Argentina,,8 de febrero de 1959,Argentina
7268,Ricardo Gardner,52,Jamaica,,25 de septiembre de 1978,Jamaica
5269,Ricardo Giusti,6,Argentina,,11 de diciembre de 1956,Argentina
3279,Ricardo Gomes,65,Portugal,,13 de diciembre de 1964,Portugal
3245,Ricardo Horta,65,Portugal,1.73 m,15 de septiembre de 1994,Portugal
5285,Ricardo Infante,6,Argentina,,21 de junio de 1924,Argentina
5292,Ricardo La Volpe,6,Argentina,,6 de febrero de 1952,Argentina
7813,Ricardo Osorio,56,México,1.73 m,30 de marzo de 1980,México
5948,Ricardo Pavoni,80,Uruguay,,8 de julio de 1943,Uruguay
7817,Ricardo Pelaez Linares,56,México,,14 de marzo de 1963,México
3295,Ricardo Pereira,65,Portugal,1.75 m,6 de octubre de 1993,Portugal
3299,Ricardo Quaresma,65,Portugal,1.75 m,26 de septiembre de 1983,Portugal
5976,Ricardo Rocha,80,Uruguay,,11 de septiembre de 1962,Uruguay
8178,Ricardo Rodriguez,74,Suiza,1.80 m,25 de agosto de 1992,Suiza
5382,Ricardo Rojas,6,Argentina,,26 de enero de 1971,Argentina
4427,Ricardo Tavarelli,62,Paraguay,1.82 m,2 de agosto de 1970,Paraguay
5437,Ricardo Villa,6,Argentina,,18 de agosto de 1952,Argentina
5098,Ricardo Zamora,34,España,,21 de enero de 1901,España
5572,Riccardo Carapellese,51,Italia,,1 de julio de 1922,Italia
5631,Riccardo Ferri,51,Italia,,20 de agosto de 1963,Italia
5695,Riccardo Montolivo,51,Italia,1.81 m,18 de enero de 1985,Italia
8075,Richard Duerr,74,Suiza,,1 de diciembre de 1938,Suiza
7452,Richard Dunne,46,Irlanda,1.87 m,21 de septiembre de 1979,Irlanda
7728,Richard Garcia,56,México,1.80 m,4 de septiembre de 1981,México
2332,Richard Gough,31,Escocia,,5 de abril de 1962,Escocia
6134,Richard Herrmann,1,Alemania,,28 de enero de 1923,Alemania
1478,Richard Kingson,38,Ghana,1.82 m,13 de junio de 1978,Ghana
5932,Richard Morales,80,Uruguay,1.97 m,21 de febrero de 1975,Uruguay
7385,Richard Wilson,7,Australia,,8 de mayo de 1956,Australia
6538,Richard Witschge,60,Paises Bajos,,20 de septiembre de 1969,Paises Bajos
1779,Richarlison,11,Brasil,1.84 m,10 de mayo de 1997,Brasil
4314,Richart Baez,62,Paraguay,1.80 m,31 de julio de 1973,Paraguay
2478,Richie Laryea,15,Canadá,1.75 m,7 de enero de 1995,Canadá
6912,Richmond Forson,75,Togo,1.80 m,23 de mayo de 1980,Togo
5120,Ricki Herbert,59,Nueva Zelanda,,10 de abril de 1961,Nueva Zelanda
1319,Rickie Lambert,44,Inglaterra,1.87 m,16 de febrero de 1982,Inglaterra
7191,Ridha Ellouz,78,Túnez,,27 de abril de 1953,Túnez
972,Rigobert Song,14,Camerún,1.85 m,1 de julio de 1976,Camerún
7691,Rigoberto Cisneros,56,México,,15 de agosto de 1953,México
6580,Rik Coppens,13,Bélgica,,29 de abril de 1930,Bélgica
1780,Rildo,11,Brasil,,23 de enero de 1942,Brasil
7341,Riley McGree,7,Australia,1.78 m,2 de noviembre de 1998,Australia
282,Rinat Dassayev,69,Rusia,,13 de junio de 1957,Rusia
5628,Rino Ferrario,51,Italia,,7 de diciembre de 1926,Italia
6419,Rinus Israel,60,Paises Bajos,,19 de marzo de 1942,Paises Bajos
1270,Rio Ferdinand,44,Inglaterra,1.88 m,7 de noviembre de 1978,Inglaterra
3991,Rio Mavuba,36,Francia,1.71 m,6 de marzo de 1984,Francia
83,Ritsu Doan,53,Japón,1.72 m,16 de junio de 1998,Japón
1781,Rivaldo,11,Brasil,1.86 m,19 de abril de 1972,Brasil
1782,Rivelino,11,Brasil,,1 de enero de 1946,Brasil
6876,Riyad Mahrez,5,Argelia,1.79 m,21 de febrero de 1991,Argelia
4840,Riyadh Sharahili,4,Arabia Saudita,1.84 m,28 de abril de 1993,Arabia Saudita
3650,Rizah Meskovic,71,Serbia,,10 de agosto de 1947,Serbia
7387,Roald Amundsen,58,Noruega,,1 de junio de 1903,Noruega
2062,Roan Wilson,22,Costa Rica,1.84 m,1 de mayo de 2002,Costa Rica
7439,Roar Strand,58,Noruega,,2 de febrero de 1970,Noruega
6467,Rob Rensenbrink,60,Paises Bajos,,3 de julio de 1947,Paises Bajos
6539,Rob Witschge,60,Paises Bajos,,22 de agosto de 1966,Paises Bajos
2798,Robbie Findley,35,Estados Unidos,1.75 m,4 de agosto de 1985,Estados Unidos
1278,Robbie Fowler,44,Inglaterra,1.76 m,9 de abril de 1975,Inglaterra
7460,Robbie Keane,46,Irlanda,1.76 m,8 de julio de 1980,Irlanda
7329,Robbie Kruse,7,Australia,1.79 m,5 de octubre de 1988,Australia
5103,Robert Almond,59,Nueva Zelanda,,16 de abril de 1951,Nueva Zelanda
4,Robert Arboleda,27,Ecuador,1.89 m,22 de octubre de 1991,Ecuador
8046,Robert Ballaman,74,Suiza,,21 de junio de 1926,Suiza
6558,Robert Braet,13,Bélgica,,11 de febrero de 1912,Bélgica
3858,Robert Budzynski,36,Francia,,21 de mayo de 1940,Francia
3889,Robert Defosse,36,Francia,,16 de junio de 1909,Francia
4559,Robert Dienst,8,Austria,,1 de marzo de 1928,Austria
7267,Robert Earle,52,Jamaica,,27 de enero de 1965,Jamaica
2324,Robert Fleck,31,Escocia,,11 de agosto de 1965,Escocia
3060,Robert Gadocha,64,Polonia,,10 de enero de 1946,Polonia
2809,Robert Green,35,Estados Unidos,1.87 m,18 de enero de 1980,Estados Unidos
3072,Robert Gumny,64,Polonia,1.82 m,4 de junio de 1998,Polonia
3939,Robert Herbin,36,Francia,,30 de marzo de 1939,Francia
8115,Robert Hosp,74,Suiza,,13 de diciembre de 1939,Suiza
6151,Robert Huth,1,Alemania,1.91 m,18 de agosto de 1984,Alemania
3600,Robert Jarni,71,Serbia,1.80 m,26 de octubre de 1968,Serbia
2355,Robert Johnstone,31,Escocia,,7 de septiembre de 1929,Escocia
3945,Robert Jonquet,36,Francia,,3 de mayo de 1925,Francia
4594,Robert Koerner,8,Austria,,21 de agosto de 1924,Austria
3795,Robert Koren,33,Eslovenia,1.73 m,20 de septiembre de 1980,Eslovenia
1108,Robert Kovac,24,Croacia,1.82 m,6 de abril de 1974,Croacia
6645,Robert Lamoot,13,Bélgica,,18 de marzo de 1911,Bélgica
7989,Robert Lee,20,Corea del Norte,,1 de febrero de 1966,Corea del Norte
3112,Robert Lewandowski,64,Polonia,1.85 m,21 de agosto de 1988,Polonia
6649,Robert Maertens,13,Bélgica,,24 de enero de 1930,Bélgica
6913,Robert Malm,75,Togo,1.79 m,21 de agosto de 1973,Togo
3996,Robert Mouynet,36,Francia,,25 de marzo de 1930,Francia
6674,Robert Paverick,13,Bélgica,,29 de noviembre de 1912,Bélgica
4617,Robert Pecl,8,Austria,,15 de noviembre de 1965,Austria
4009,Robert Pires,36,Francia,1.80 m,29 de octubre de 1973,Francia
3705,Robert Prosinecki,71,Serbia,1.82 m,12 de enero de 1969,Serbia
1940,Robert Sadowsky,68,Rumania,,16 de agosto de 1914,Rumania
5056,Robert Sánchez,34,España,1.97 m,18 de noviembre de 1997,España
4637,Robert Sara,8,Austria,,9 de junio de 1946,Austria
4283,Robert Skov,26,Dinamarca,1.83 m,20 de mayo de 1996,Dinamarca
6724,Robert Van Kerckhoven,13,Bélgica,,1 de enero de 1924,Bélgica
814,Robert Vittek,32,Eslovaquia,1.88 m,1 de abril de 1982,Eslovaquia
5047,Roberto,34,España,,5 de julio de 1962,España
5047,Roberto,34,España,,31 de julio de 1944,España
5047,Roberto,34,España,,20 de junio de 1912,España
5147,Roberto Abbondanzieri,6,Argentina,1.86 m,19 de agosto de 1972,Argentina
4296,Roberto Acuña,62,Paraguay,1.75 m,25 de marzo de 1972,Paraguay
7638,Roberto Alvarado,56,México,1.76 m,7 de septiembre de 1998,México
5528,Roberto Anzolin,51,Italia,,18 de abril de 1938,Italia
5169,Roberto Ayala,6,Argentina,1.77 m,14 de abril de 1973,Argentina
5533,Roberto Baggio,51,Italia,1.74 m,18 de febrero de 1967,Italia
1203,Roberto Bailey,44,Inglaterra,,10 de agosto de 1952,Inglaterra
5549,Roberto Bettega,51,Italia,,27 de diciembre de 1950,Italia
5191,Roberto Bonano,6,Argentina,1.86 m,24 de enero de 1970,Argentina
5553,Roberto Boninsegna,51,Italia,,13 de noviembre de 1943,Italia
4329,Roberto Cabañas,62,Paraguay,,11 de abril de 1961,Paraguay
4704,Roberto Capparelli,9,Bolivia,,18 de noviembre de 1921,Bolivia
1784,Roberto Carlos,11,Brasil,1.68 m,10 de abril de 1973,Brasil
5214,Roberto Cerro,6,Argentina,,23 de febrero de 1907,Argentina
2141,Roberto Challe,63,Perú,,24 de noviembre de 1946,Perú
655,Roberto Cortes,17,Chile,,2 de febrero de 1905,Chile
5615,Roberto Di Matteo,51,Italia,,29 de mayo de 1970,Italia
1785,Roberto Dinamite,11,Brasil,,13 de abril de 1954,Brasil
5618,Roberto Donadoni,51,Italia,,9 de septiembre de 1963,Italia
4361,Roberto Fernandez,62,Paraguay,,9 de julio de 1954,Paraguay
1786,Roberto Firmino,11,Brasil,1.80 m,2 de octubre de 1991,Brasil
8099,Roberto Frigerio,74,Suiza,,16 de noviembre de 1938,Suiza
7732,Roberto Gayon,56,México,,1 de enero de 1905,México
688,Roberto Hodge,17,Chile,,30 de julio de 1944,Chile
5286,Roberto Iraneta,6,Argentina,,21 de marzo de 1915,Argentina
5906,Roberto Leopardi,80,Uruguay,,19 de julio de 1933,Uruguay
5675,Roberto Mancini,51,Italia,,27 de noviembre de 1964,Italia
5921,Roberto Matosas,80,Uruguay,,11 de mayo de 1940,Uruguay
2186,Roberto Mosquera,63,Perú,,21 de junio de 1956,Perú
5703,Roberto Mussi,51,Italia,,25 de agosto de 1963,Italia
5361,Roberto Perfumo,6,Argentina,,3 de octubre de 1942,Argentina
851,Roberto Rivas,29,El Salvador,,17 de julio de 1941,El Salvador
2206,Roberto Rojas,63,Perú,,26 de octubre de 1955,Perú
5750,Roberto Rosato,51,Italia,,18 de agosto de 1943,Italia
5405,Roberto Sensini,6,Argentina,1.78 m,12 de octubre de 1966,Argentina
6007,Roberto Sosa,80,Uruguay,,14 de junio de 1935,Uruguay
5421,Roberto Telch,6,Argentina,,6 de noviembre de 1943,Argentina
5781,Roberto Tricella,51,Italia,,18 de marzo de 1959,Italia
3484,Robin Olsen,73,Suecia,1.98 m,8 de enero de 1990,Suecia
6518,Robin Van Persie,60,Paises Bajos,1.83 m,6 de agosto de 1983,Paises Bajos
1787,Robinho,11,Brasil,1.75 m,25 de enero de 1984,Brasil
1861,Rodion Camataru,68,Rumania,,22 de junio de 1958,Rumania
2896,Rodney Wallace,35,Estados Unidos,,17 de junio de 1988,Estados Unidos
5981,Rodolfo Rodriguez,80,Uruguay,,20 de enero de 1956,Uruguay
7696,Rodolfo Cota,56,México,1.88 m,3 de julio de 1987,México
661,Rodolfo Dubo,17,Chile,,11 de septiembre de 1953,Chile
4367,Rodolfo Gamarra,62,Paraguay,1.68 m,10 de diciembre de 1988,Paraguay
7776,Rodolfo Manzo,56,México,,5 de junio de 1949,México
5336,Rodolfo Orlandini,6,Argentina,,1 de enero de 1905,Argentina
5962,Rodolfo Pini,80,Uruguay,,1 de enero de 1926,Uruguay
5989,Rodolfo Sandoval,80,Uruguay,,4 de octubre de 1948,Uruguay
5048,Rodri,34,España,,8 de marzo de 1934,España
5048,Rodri,34,España,1.90 m,22 de junio de 1996,España
7654,Rodrigo Barrera,56,México,,30 de marzo de 1970,México
5818,Rodrigo Bentancur,80,Uruguay,1.87 m,25 de junio de 1997,Uruguay
1988,Rodrigo Cordero,22,Costa Rica,1.73 m,4 de diciembre de 1973,Costa Rica
5230,Rodrigo De Paul,6,Argentina,1.80 m,24 de mayo de 1994,Argentina
2482,Rodrigo Millar,15,Canadá,1.82 m,3 de noviembre de 1981,Canadá
7793,Rodrigo Moreno,56,México,1.82 m,6 de marzo de 1991,México
5936,Rodrigo Muñoz,80,Uruguay,1.84 m,22 de enero de 1982,Uruguay
5344,Rodrigo Palacio,6,Argentina,1.76 m,5 de febrero de 1982,Argentina
7856,Rodrigo Ruiz,56,México,,14 de abril de 1923,México
769,Rodrigo Tello,17,Chile,1.71 m,14 de octubre de 1979,Chile
3276,Rodrigues Neto,65,Portugal,,6 de diciembre de 1949,Portugal
1789,Rodrygo,11,Brasil,1.74 m,9 de enero de 2001,Brasil
4353,Rogelio Delgado,62,Paraguay,,12 de octubre de 1959,Paraguay
5241,Rogelio Dominguez,6,Argentina,,9 de marzo de 1931,Argentina
670,Rogelio Farias,17,Chile,,13 de agosto de 1949,Chile
7723,Rogelio Funes Mori,56,México,1.86 m,5 de marzo de 1991,México
8055,Roger Bocquet,74,Suiza,,9 de abril de 1921,Suiza
1232,Roger Byrne,44,Inglaterra,,8 de febrero de 1929,Inglaterra
3882,Roger Courtois,36,Francia,,30 de mayo de 1912,Francia
209,Roger Espinoza,41,Honduras,1.78 m,25 de octubre de 1986,Honduras
898,Roger Feutmba,14,Camerún,,31 de octubre de 1965,Camerún
1994,Roger Flores,22,Costa Rica,,26 de mayo de 1959,Costa Rica
2000,Roger Gomez,22,Costa Rica,,7 de febrero de 1965,Costa Rica
1302,Roger Hunt,44,Inglaterra,,20 de julio de 1938,Inglaterra
3453,Roger Ljung,73,Suecia,,8 de enero de 1966,Suecia
3987,Roger Marche,36,Francia,,5 de marzo de 1924,Francia
8147,Roger Mathis,74,Suiza,,4 de abril de 1921,Suiza
936,Roger Milla,14,Camerún,,20 de mayo de 1952,Camerún
7429,Roger Nilsen,58,Noruega,,8 de agosto de 1969,Noruega
4007,Roger Piantoni,36,Francia,,26 de diciembre de 1931,Francia
8172,Roger Quinche,74,Suiza,,22 de julio de 1922,Suiza
4023,Roger Rio,36,Francia,,13 de febrero de 1913,Francia
2453,Roger Saint-Vil,40,Haití,,8 de diciembre de 1949,Haití
8216,Roger Vonlanthen,74,Suiza,,5 de diciembre de 1930,Suiza
1790,Rogerio Ceni,11,Brasil,1.88 m,22 de enero de 1973,Brasil
3336,Roland Aman,73,Suecia,,30 de enero de 1957,Suecia
3347,Roland Andersson,73,Suecia,,28 de marzo de 1950,Suecia
3396,Roland Grip,73,Suecia,,1 de enero de 1941,Suecia
4576,Roland Hattenberger,8,Austria,,7 de diciembre de 1948,Austria
3474,Roland Nilsson,73,Suecia,,27 de noviembre de 1963,Suecia
3503,Roland Sandberg,73,Suecia,,16 de diciembre de 1946,Suecia
3306,Rolando,65,Portugal,1.89 m,31 de agosto de 1985,Portugal
4349,Rolando Chilavert,62,Paraguay,,22 de mayo de 1961,Paraguay
1996,Rolando Fonseca,22,Costa Rica,1.78 m,6 de agosto de 1974,Costa Rica
7728,Rolando Garcia,56,México,,15 de diciembre de 1942,México
5287,Rolando Irusta,6,Argentina,,27 de marzo de 1938,Argentina
2721,Rolando Serrano,19,Colombia,,13 de noviembre de 1938,Colombia
7412,Rolf Holmberg,58,Noruega,,24 de agosto de 1914,Noruega
7417,Rolf Johannesen,58,Noruega,,15 de marzo de 1910,Noruega
6264,Rolf Ruessmann,1,Alemania,,13 de octubre de 1950,Alemania
8226,Rolf Wuethrich,74,Suiza,,4 de septiembre de 1938,Suiza
8400,Romain Saïss,55,Marruecos,1.90 m,26 de marzo de 1990,Marruecos
8063,Roman Bürki,74,Suiza,1.87 m,14 de noviembre de 1990,Suiza
3077,Roman Jakobczak,64,Polonia,,26 de febrero de 1946,Polonia
4610,Roman Mahlich,8,Austria,,17 de septiembre de 1971,Austria
8433,Román Torres,61,Panamá,1.88 m,20 de marzo de 1986,Panamá
6314,Roman Weidenfeller,1,Alemania,1.88 m,6 de agosto de 1980,Alemania
3180,Roman Wojcicki,64,Polonia,,8 de enero de 1958,Polonia
430,Roman Zobnin,69,Rusia,1.82 m,11 de febrero de 1994,Rusia
5633,Romano Fogli,51,Italia,,21 de enero de 1938,Italia
6793,Romaric,23,Costa de Marfil,1.87 m,4 de junio de 1983,Costa de Marfil
1791,Romario,11,Brasil,1.69 m,29 de enero de 1966,Brasil
41,Romario Ibarra,27,Ecuador,1.75 m,24 de septiembre de 1994,Ecuador
6648,Romelu Lukaku,13,Bélgica,1.90 m,13 de mayo de 1993,Bélgica
5543,Romeo Benetti,51,Italia,,20 de octubre de 1945,Italia
1792,Romeu,11,Brasil,,26 de marzo de 1911,Brasil
4709,Romildo Etcheverry,9,Bolivia,,1 de enero de 1907,Bolivia
1273,Ron Flowers,44,Inglaterra,,28 de julio de 1934,Inglaterra
2546,Ron Hewitt,37,Gales,,21 de junio de 1928,Gales
6326,Ron-Robert Zieler,1,Alemania,1.85 m,12 de enero de 1989,Alemania
1398,Ron Springett,44,Inglaterra,,22 de julio de 1935,Inglaterra
1399,Ron Staniforth,44,Inglaterra,,13 de abril de 1924,Inglaterra
6528,Ron Vlaar,60,Paises Bajos,1.89 m,16 de febrero de 1985,Paises Bajos
5811,Ronald Araújo,80,Uruguay,1.85 m,7 de marzo de 1999,Uruguay
1244,Ronald Clayton,44,Inglaterra,,5 de agosto de 1934,Inglaterra
6382,Ronald De Boer,60,Paises Bajos,,15 de mayo de 1970,Paises Bajos
2160,Ronald Fuentes,63,Perú,,22 de junio de 1969,Perú
8423,Ronald Gomez,61,Panamá,1.83 m,24 de enero de 1975,Panamá
2004,Ronald Gonzalez,22,Costa Rica,1.81 m,8 de agosto de 1970,Costa Rica
6431,Ronald Koeman,60,Paises Bajos,,21 de marzo de 1963,Paises Bajos
5903,Ronald Langon,80,Uruguay,,6 de agosto de 1939,Uruguay
2019,Ronald Marin,22,Costa Rica,,2 de noviembre de 1962,Costa Rica
2022,Rónald Matarrita,22,Costa Rica,1.75 m,9 de julio de 1994,Costa Rica
6323,Ronald Worm,1,Alemania,,7 de octubre de 1953,Alemania
1793,Ronaldao,11,Brasil,,19 de junio de 1965,Brasil
1794,Ronaldinho,11,Brasil,1.83 m,21 de marzo de 1980,Brasil
3307,Ronaldo,65,Portugal,1.83 m,22 de septiembre de 1976,Portugal
3408,Ronnie Hellstrom,73,Suecia,,21 de febrero de 1949,Suecia
7489,Ronnie Whelan,46,Irlanda,,25 de septiembre de 1961,Irlanda
7420,Ronny Johnsen,58,Noruega,,10 de junio de 1969,Noruega
3494,Ronny Pettersson,73,Suecia,,26 de abril de 1940,Suecia
7780,Rony Martínez,56,México,1.80 m,16 de agosto de 1988,México
1796,Roque Junior,11,Brasil,1.86 m,31 de agosto de 1976,Brasil
5920,Roque Maspoli,80,Uruguay,,12 de octubre de 1917,Uruguay
4419,Roque Santa Cruz,62,Paraguay,1.91 m,16 de agosto de 1981,Paraguay
5119,Rory Fallon,59,Nueva Zelanda,1.91 m,20 de marzo de 1982,Nueva Zelanda
2952,Rosen Kirilov,12,Bulgaria,,4 de enero de 1973,Bulgaria
7754,Rosendo Hernandez,56,México,,1 de marzo de 1921,México
1209,Ross Barkley,44,Inglaterra,1.88 m,5 de diciembre de 1993,Inglaterra
595,Rostilav Vojacek,67,República Checa,,23 de febrero de 1949,República Checa
4094,Rouzbeh Cheshmi,48,Irán,1.94 m,24 de julio de 1993,Irán
2281,Roy Aitken,31,Escocia,,24 de noviembre de 1958,Escocia
3348,Roy Andersson,73,Suecia,,2 de agosto de 1949,Suecia
1218,Roy Bentley,44,Inglaterra,,17 de mayo de 1924,Inglaterra
7461,Roy Keane,46,Irlanda,1.79 m,10 de agosto de 1971,Irlanda
2025,Roy Miller,22,Costa Rica,1.86 m,24 de noviembre de 1984,Costa Rica
2029,Roy Myers,22,Costa Rica,,13 de abril de 1969,Costa Rica
2272,Roy Rea,47,Irlanda del Norte,,1 de enero de 1933,Irlanda del Norte
2567,Roy Vernon,37,Gales,,14 de abril de 1937,Gales
2898,Roy Wegerle,35,Estados Unidos,,19 de marzo de 1964,Estados Unidos
3197,Ruben Amorim,65,Portugal,1.80 m,27 de enero de 1985,Portugal
5170,Ruben Ayala,6,Argentina,,8 de enero de 1950,Argentina
4874,Ruben Baraja,34,España,1.80 m,11 de julio de 1975,España
5814,Ruben Bareno,80,Uruguay,,23 de enero de 1944,Uruguay
5051,Ruben Cano,34,España,,5 de febrero de 1951,España
5844,Ruben Corbo,80,Uruguay,,20 de enero de 1952,Uruguay
2144,Ruben Correa,63,Perú,,25 de julio de 1941,Perú
3223,Rúben Dias,65,Portugal,1.87 m,14 de mayo de 1997,Portugal
8420,Ruben Diaz,61,Panamá,,17 de abril de 1952,Panamá
5264,Ruben Galvan,6,Argentina,,7 de abril de 1952,Argentina
5270,Ruben Glaria,6,Argentina,,10 de marzo de 1948,Argentina
5894,Ruben Gonzalez,80,Uruguay,,17 de julio de 1939,Uruguay
7754,Ruben Hernandez,56,México,,19 de febrero de 1965,México
1328,Ruben Loftus-Cheek,44,Inglaterra,1.91 m,23 de enero de 1996,Inglaterra
700,Ruben Marcos,17,Chile,,6 de diciembre de 1942,Chile
7474,Ruben Moran,46,Irlanda,,6 de agosto de 1930,Irlanda
7803,Ruben Navarro,56,México,,30 de marzo de 1933,México
3277,Rúben Neves,65,Portugal,1.80 m,13 de marzo de 1997,Portugal
5343,Ruben Pagnanini,6,Argentina,,31 de enero de 1949,Argentina
5950,Ruben Paz,80,Uruguay,,8 de agosto de 1959,Uruguay
5957,Ruben Pereira,80,Uruguay,,28 de enero de 1968,Uruguay
8420,Ruben Ruiz Diaz,61,Panamá,,11 de noviembre de 1969,Panamá
6003,Ruben Soria,80,Uruguay,,1 de enero de 1935,Uruguay
6007,Ruben Sosa,80,Uruguay,,25 de abril de 1966,Uruguay
6007,Ruben Sosa,80,Uruguay,,14 de noviembre de 1936,Uruguay
8210,Rubén Vargas,74,Suiza,1.79 m,5 de agosto de 1998,Suiza
1797,Rubens,11,Brasil,,24 de noviembre de 1928,Brasil
2537,Rubin Colwill,37,Gales,1.69 m,27 de abril de 2002,Gales
6144,Rudi Hoffmann,1,Alemania,,11 de febrero de 1935,Alemania
6164,Rudi Kargus,1,Alemania,,15 de agosto de 1952,Alemania
6696,Rudi Smidts,13,Bélgica,,12 de agosto de 1963,Bélgica
4660,Rudi Viertl,8,Austria,,12 de noviembre de 1902,Austria
6306,Rudi Voeller,1,Alemania,,13 de abril de 1960,Alemania
1860,Rudolf Buerger,68,Rumania,,31 de octubre de 1908,Rumania
6104,Rudolf Gellesch,1,Alemania,,1 de mayo de 1914,Alemania
6113,Rudolf Gramlich,1,Alemania,,6 de junio de 1908,Alemania
1896,Rudolf Kotormany,68,Rumania,,23 de enero de 1911,Rumania
512,Rudolf Krcil,67,República Checa,,5 de marzo de 1906,República Checa
6234,Rudolf Noack,1,Alemania,,30 de marzo de 1913,Alemania
6250,Rudolf Raftl,1,Alemania,,7 de febrero de 1911,Alemania
4656,Rudolf Szanwald,8,Austria,,6 de julio de 1931,Austria
1957,Rudolf Wetzer,68,Rumania,,17 de marzo de 1901,Rumania
8112,Ruedi Gyger,74,Suiza,,16 de abril de 1920,Suiza
6035,Ruediger Abramczik,1,Alemania,,18 de febrero de 1956,Alemania
2519,Ruediger Schnuphase,2,Alemania Oriental,,23 de enero de 1954,Alemania Oriental
3308,Rui Aguas,65,Portugal,,28 de abril de 1960,Portugal
4902,Rui Costa,34,España,1.80 m,29 de marzo de 1972,España
3310,Rui Jorge,65,Portugal,1.73 m,27 de marzo de 1973,Portugal
7942,Rui Marques,3,Angola,1.85 m,3 de septiembre de 1977,Angola
3284,Rui Patricio,65,Portugal,1.89 m,15 de febrero de 1988,Portugal
2938,Rumen Goranov,12,Bulgaria,,17 de marzo de 1950,Bulgaria
7139,Runar Alex Runarsson,49,Islandia,1.88 m,18 de febrero de 1995,Islandia
7395,Rune Bratseth,58,Noruega,,19 de marzo de 1961,Noruega
3368,Rune Carlsson,73,Suecia,,1 de octubre de 1909,Suecia
7131,Rúrik Gíslason,49,Islandia,1.84 m,25 de febrero de 1988,Islandia
365,Ruslan Nigmatullin,69,Rusia,1.88 m,7 de octubre de 1974,Rusia
372,Ruslan Pimenov,69,Rusia,1.79 m,25 de noviembre de 1981,Rusia
7113,Ruslan Rotan,79,Ucrania,1.76 m,29 de octubre de 1981,Ucrania
614,Russell Latapy,76,Trinidad y Tobago,1.83 m,2 de agosto de 1968,Trinidad y Tobago
1798,Russinho,11,Brasil,,18 de diciembre de 1902,Brasil
5482,Rustu Recber,77,Turquía,1.86 m,10 de mayo de 1973,Turquía
6406,Ruud Geels,60,Paises Bajos,,28 de julio de 1948,Paises Bajos
6409,Ruud Gullit,60,Paises Bajos,,1 de septiembre de 1962,Paises Bajos
6414,Ruud Hesp,60,Paises Bajos,,31 de octubre de 1965,Paises Bajos
6434,Ruud Krol,60,Paises Bajos,,24 de marzo de 1949,Paises Bajos
6517,Ruud Van Nistelrooij,60,Paises Bajos,1.88 m,1 de julio de 1976,Paises Bajos
1799,Ruy,11,Brasil,,2 de febrero de 1922,Brasil
6842,Ryad Boudebouz,5,Argelia,1.78 m,19 de febrero de 1990,Argelia
6358,Ryan Babel,60,Paises Bajos,1.85 m,19 de diciembre de 1986,Paises Bajos
7340,Ryan McGowan,7,Australia,1.91 m,15 de agosto de 1989,Australia
5130,Ryan Nelsen,59,Nueva Zelanda,1.85 m,18 de octubre de 1977,Nueva Zelanda
7978,Ryong Woon Kang,20,Corea del Norte,,25 de abril de 1942,Corea del Norte
157,Ryota Oshima,53,Japón,1.68 m,23 de enero de 1993,Japón
3094,Ryszard Komornicki,64,Polonia,,14 de agosto de 1959,Polonia
3141,Ryszard Piec,64,Polonia,,17 de agosto de 1913,Polonia
3168,Ryszard Tarasiewicz,64,Polonia,,27 de abril de 1962,Polonia
129,Ryuzo Morioka,53,Japón,1.80 m,7 de octubre de 1975,Japón
4765,Saad Al Harthi,4,Arabia Saudita,1.78 m,3 de febrero de 1984,Arabia Saudita
7906,Saad Al Hutti,54,Kuwait,,24 de mayo de 1954,Kuwait
6331,Saad Al Sheeb,16,Catar,1.88 m,19 de febrero de 1990,Catar
2113,Saad Samir,28,Egipto,1.85 m,1 de abril de 1989,Egipto
2072,Saber Eid,28,Egipto,,1 de mayo de 1959,Egipto
8376,Saber Khalifa,55,Marruecos,,14 de octubre de 1986,Marruecos
7204,Sabri Jaballah,78,Túnez,,28 de junio de 1973,Túnez
1188,Saddam Karim,45,Iraq,,26 de mayo de 1960,Iraq
4147,Sadegh Moharrami,48,Irán,1.74 m,1 de marzo de 1996,Irán
1047,Sadio Mané,70,Senegal,1.74 m,10 de abril de 1992,Senegal
7244,Sadouk Sassi,78,Túnez,,15 de noviembre de 1945,Túnez
4104,Saeid Ezatolahi,48,Irán,1.90 m,1 de octubre de 1996,Irán
8029,Safet Susic,10,Bosnia-Herzegovina,,13 de abril de 1955,Bosnia-Herzegovina
4776,Said Al Owayran,4,Arabia Saudita,,19 de agosto de 1967,Arabia Saudita
8329,Said Chiba,55,Marruecos,,28 de septiembre de 1970,Marruecos
8336,Said Dghay,55,Marruecos,,14 de enero de 1964,Marruecos
1189,Said Hussein,45,Iraq,,21 de enero de 1958,Iraq
7219,Saîf-Eddine Khaoui,78,Túnez,1.80 m,27 de abril de 1995,Túnez
6831,Salah Assad,5,Argelia,,10 de junio de 1958,Argelia
7214,Salah Karoui,78,Túnez,,11 de septiembre de 1951,Túnez
6873,Salah Larbes,5,Argelia,,16 de septiembre de 1952,Argelia
8309,Salaheddine Bassir,55,Marruecos,,5 de septiembre de 1972,Marruecos
8368,Salaheddine Hmied,55,Marruecos,,1 de septiembre de 1961,Marruecos
4755,Saleh Al Dawood,4,Arabia Saudita,,24 de septiembre de 1968,Arabia Saudita
4814,Saleh Al-Shehri,4,Arabia Saudita,1.84 m,1 de noviembre de 1993,Arabia Saudita
4797,Salem Al-Dawsari,4,Arabia Saudita,1.72 m,19 de agosto de 1991,Arabia Saudita
6333,Salem Al-Hajri,16,Catar,1.83 m,10 de abril de 1996,Catar
1025,Salif Diao,70,Senegal,1.84 m,10 de febrero de 1977,Senegal
1067,Salif Sané,70,Senegal,1.94 m,25 de agosto de 1990,Senegal
1440,Salis Abdul Samed,38,Ghana,1.79 m,26 de marzo de 2000,Ghana
4798,Salman Al-Faraj,4,Arabia Saudita,1.80 m,1 de agosto de 1989,Arabia Saudita
6785,Salomon Kalou,23,Costa de Marfil,1.75 m,5 de agosto de 1985,Costa de Marfil
959,Salomon Olembe,14,Camerún,1.71 m,8 de diciembre de 1980,Camerún
4330,Salvador Cabañas,62,Paraguay,1.73 m,5 de agosto de 1980,Paraguay
7678,Salvador Carmona,56,México,1.76 m,22 de agosto de 1975,México
7714,Salvador Farfan,56,México,,22 de junio de 1932,México
827,Salvador Flamenco Cabezas,29,El Salvador,,28 de febrero de 1947,El Salvador
4364,Salvador Flores,62,Paraguay,,1 de enero de 1906,Paraguay
836,Salvador Mariona,29,El Salvador,,16 de diciembre de 1943,El Salvador
7795,Salvador Mota,56,México,,1 de enero de 1923,México
7839,Salvador Reyes,56,México,,20 de septiembre de 1936,México
5052,Salvador Sadurni,34,España,,3 de abril de 1941,España
4438,Salvador Villalba,62,Paraguay,,29 de agosto de 1924,Paraguay
5534,Salvatore Bagni,51,Italia,,25 de septiembre de 1956,Italia
5552,Salvatore Bocchetti,51,Italia,1.78 m,30 de noviembre de 1986,Italia
5758,Salvatore Schillaci,51,Italia,,1 de diciembre de 1964,Italia
5766,Salvatore Sirigu,51,Italia,1.92 m,12 de enero de 1987,Italia
2456,Sam Adekugbe,15,Canadá,1.75 m,16 de enero de 1995,Canadá
5124,Sam Malcolmson,59,Nueva Zelanda,,2 de abril de 1948,Nueva Zelanda
2258,Sam Mcilroy,47,Irlanda del Norte,,2 de agosto de 1954,Irlanda del Norte
2103,Sam Morsy,28,Egipto,1.75 m,10 de septiembre de 1991,Egipto
7018,Sam Soo Kim,21,Corea del Sur,,8 de febrero de 1963,Corea del Sur
4108,Saman Ghoddos,48,Irán,1.75 m,6 de septiembre de 1993,Irán
7905,Sami Al Hashash,54,Kuwait,,15 de septiembre de 1959,Kuwait
4768,Sami Al Jaber,4,Arabia Saudita,1.76 m,11 de diciembre de 1972,Arabia Saudita
4810,Sami Al-Najei,4,Arabia Saudita,1.76 m,7 de febrero de 1997,Arabia Saudita
6168,Sami Khedira,1,Alemania,1.89 m,4 de abril de 1987,Alemania
7257,Sami Trabelsi,78,Túnez,,4 de febrero de 1968,Túnez
3788,Samir Handanovic,33,Eslovenia,1.93 m,14 de julio de 1984,Eslovenia
1140,Sammir,24,Croacia,1.78 m,23 de abril de 1987,Croacia
1447,Sammy Adjei,38,Ghana,1.86 m,1 de septiembre de 1980,Ghana
2285,Sammy Baird,31,Escocia,,13 de mayo de 1930,Escocia
6555,Sammy Bossut,13,Bélgica,1.87 m,11 de agosto de 1985,Bélgica
2234,Sammy Chapman,47,Irlanda del Norte,,16 de febrero de 1938,Irlanda del Norte
2255,Sammy Mccrory,47,Irlanda del Norte,,,Irlanda del Norte
943,Sammy Ndjock,14,Camerún,1.90 m,25 de febrero de 1990,Camerún
3275,Sammy Nelson,65,Portugal,,1 de abril de 1949,Portugal
4532,Samson Siasia,57,Nigeria,1.92 m,14 de agosto de 1967,Nigeria
4298,Samuel Aguilar,62,Paraguay,,1 de enero de 1934,Paraguay
7699,Samuel Cuburu,56,México,,20 de febrero de 1928,México
885,Samuel Ekeme,14,Camerún,,12 de julio de 1966,Camerún
894,Samuel Eto'o,14,Camerún,1.80 m,10 de marzo de 1981,Camerún
7130,Samúel Fridjónsson,49,Islandia,1.86 m,22 de febrero de 1996,Islandia
1475,Samuel Inkoom,38,Ghana,1.79 m,1 de junio de 1989,Ghana
905,Samuel Ipoua,14,Camerún,,1 de marzo de 1973,Camerún
1480,Samuel Kuffour,38,Ghana,1.78 m,3 de septiembre de 1976,Ghana
966,Samuel Oum Gouet,14,Camerún,1.85 m,14 de diciembre de 1997,Camerún
2491,Samuel Piette,15,Canadá,1.71 m,12 de noviembre de 1994,Canadá
4059,Samuel Umtiti,36,Francia,1.82 m,14 de noviembre de 1993,Francia
1958,Samuel Zauber,68,Rumania,,1 de enero de 1901,Rumania
6368,Sander Boschker,60,Paises Bajos,1.85 m,20 de octubre de 1970,Paises Bajos
7499,Sandor Biro,42,Hungría,,19 de agosto de 1911,Hungría
7529,Sandor Geller,42,Hungría,,12 de julio de 1925,Hungría
7532,Sandor Gujdar,42,Hungría,,8 de noviembre de 1951,Hungría
7552,Sandor Kocsis,42,Hungría,,21 de septiembre de 1929,Hungría
7568,Sandor Matrai,42,Hungría,,20 de noviembre de 1932,Hungría
7574,Sandor Muller,42,Hungría,,21 de septiembre de 1948,Hungría
7584,Sandor Pinter,42,Hungría,,18 de julio de 1950,Hungría
7593,Sandor Sallai,42,Hungría,,26 de marzo de 1960,Hungría
7633,Sandor Zombori,42,Hungría,,31 de octubre de 1951,Hungría
5590,Sandro Cois,51,Italia,,9 de junio de 1972,Italia
5688,Sandro Mazzola,51,Italia,,8 de noviembre de 1942,Italia
5756,Sandro Salvadore,51,Italia,,29 de noviembre de 1939,Italia
2350,Sandy Jardine,31,Escocia,,31 de diciembre de 1948,Escocia
6963,Sang Bum Gu,21,Corea del Sur,,15 de junio de 1964,Corea del Sur
7095,Sang Chul Yoo,21,Corea del Sur,1.84 m,18 de octubre de 1971,Corea del Sur
7064,Sang-ho Na,21,Corea del Sur,1.73 m,12 de agosto de 1996,Corea del Sur
7049,Sang Hun Lee,21,Corea del Sur,1.84 m,11 de octubre de 1975,Corea del Sur
7092,Sang Kwon Woo,21,Corea del Sur,,2 de febrero de 1926,Corea del Sur
7019,Sang Sik Kim,21,Corea del Sur,1.84 m,17 de diciembre de 1976,Corea del Sur
7050,Sang Yi Lee,21,Corea del Sur,,1 de enero de 1922,Corea del Sur
7989,Sang Yoon Lee,20,Corea del Norte,1.79 m,10 de abril de 1969,Corea del Norte
4493,Sani Kaita,57,Nigeria,1.80 m,2 de mayo de 1986,Nigeria
3352,Sanny Aslund,73,Suecia,,29 de agosto de 1952,Suecia
2639,Santiago Arias,19,Colombia,1.80 m,13 de enero de 1992,Colombia
4322,Santiago Benitez,62,Paraguay,,1 de enero de 1903,Paraguay
4886,Santiago Canizares,34,España,1.81 m,18 de diciembre de 1969,España
4893,Santiago Cazorla,34,España,1.63 m,13 de diciembre de 1984,España
839,Santiago Mendez Cortes,29,El Salvador,,19 de enero de 1945,El Salvador
5946,Santiago Ostolaza,80,Uruguay,,10 de julio de 1962,Uruguay
5398,Santiago Santamaria,6,Argentina,,22 de agosto de 1952,Argentina
5083,Santiago Urquiaga,34,España,,14 de abril de 1958,España
5059,Santillana,34,España,,23 de agosto de 1952,España
7247,Santos,78,Túnez,1.72 m,20 de marzo de 1979,Túnez
6019,Santos Urdinaran,80,Uruguay,,30 de marzo de 1900,Uruguay
7991,Sao Nam Li,20,Corea del Norte,,1 de enero de 1927,Corea del Norte
6894,Saphir Taïder,5,Argelia,1.80 m,29 de febrero de 1992,Argelia
4085,Sardar Azmoun,48,Irán,1.86 m,1 de enero de 1995,Irán
5455,Sargun Burhan,77,Turquía,,11 de febrero de 1929,Turquía
3785,Sasa Gajser,33,Eslovenia,1.79 m,11 de febrero de 1974,Eslovenia
3789,Sasa Ilic,33,Eslovenia,1.78 m,30 de diciembre de 1977,Eslovenia
3640,Sasa Lukic,71,Serbia,1.83 m,13 de agosto de 1996,Serbia
4116,Satar Hamedani,48,Irán,,6 de junio de 1974,Irán
7780,Saturnino Martinez,56,México,,1 de enero de 1928,México
842,Saturnino Osorio,29,El Salvador,,6 de enero de 1945,El Salvador
4748,Saud Abdulhamid,4,Arabia Saudita,1.71 m,18 de julio de 1999,Arabia Saudita
4831,Saud Kariri,4,Arabia Saudita,1.84 m,8 de julio de 1980,Arabia Saudita
5004,Saúl Ñíguez,34,España,1.84 m,21 de noviembre de 1994,España
3660,Savo Milosevic,71,Serbia,1.87 m,2 de septiembre de 1973,Serbia
2597,Savvas Kofidis,39,Grecia,,21 de marzo de 1961,Grecia
6791,Sayouba Mandé,23,Costa de Marfil,1.93 m,15 de junio de 1993,Costa de Marfil
5876,Schubert Gambetta,80,Uruguay,,14 de abril de 1920,Uruguay
2329,Scot Gemmill,31,Escocia,,2 de enero de 1971,Escocia
8238,Scott Booth,72,Sudáfrica,,16 de diciembre de 1971,Sudáfrica
1238,Scott Carson,44,Inglaterra,1.90 m,3 de septiembre de 1985,Inglaterra
7297,Scott Chipperfield,7,Australia,1.80 m,30 de diciembre de 1975,Australia
7967,Se Bok An,20,Corea del Norte,,29 de octubre de 1946,Corea del Norte
6987,Se-jong Ju,21,Corea del Sur,1.76 m,30 de octubre de 1990,Corea del Sur
8020,Sead Kolasinac,10,Bosnia-Herzegovina,1.83 m,20 de junio de 1993,Bosnia-Herzegovina
2823,Sean Johnson,35,Estados Unidos,1.90 m,31 de mayo de 1989,Estados Unidos
5800,Sebastian Abreu,80,Uruguay,1.93 m,17 de octubre de 1976,Uruguay
5843,Sebastián Coates,80,Uruguay,1.96 m,7 de octubre de 1990,Uruguay
5862,Sebastian Eguren,80,Uruguay,1.86 m,8 de enero de 1981,Uruguay
5869,Sebastian Fernandez,80,Uruguay,1.67 m,23 de mayo de 1985,Uruguay
8127,Sebastian Kehl,74,Suiza,1.86 m,13 de febrero de 1980,Suiza
3443,Sebastian Larsson,73,Suecia,1.78 m,6 de junio de 1985,Suecia
3126,Sebastian Mila,64,Polonia,1.78 m,10 de julio de 1982,Polonia
6263,Sebastian Rudy,1,Alemania,1.79 m,28 de febrero de 1990,Alemania
6007,Sebastián Sosa,80,Uruguay,1.84 m,19 de agosto de 1986,Uruguay
3166,Sebastian Szymański,64,Polonia,1.74 m,10 de mayo de 1999,Polonia
5704,Sebastiano Nela,51,Italia,,13 de marzo de 1961,Italia
870,Sebastien Bassong,14,Camerún,1.87 m,9 de julio de 1986,Camerún
8092,Sebastien Fournier,74,Suiza,,27 de junio de 1971,Suiza
4044,Sebastien Squillaci,36,Francia,1.84 m,11 de agosto de 1980,Francia
3780,Sebastijan Cimirotic,33,Eslovenia,1.84 m,14 de septiembre de 1974,Eslovenia
4685,See Han Tan,43,Indonesia,,1 de enero de 1910,Indonesia
5837,Segundo Castillo,80,Uruguay,1.79 m,15 de mayo de 1982,Uruguay
4708,Segundo Durandal,9,Bolivia,,17 de marzo de 1907,Bolivia
7207,Seifeddine Jaziri,78,Túnez,1.80 m,12 de febrero de 1993,Túnez
146,Seigo Narazaki,53,Japón,1.86 m,15 de abril de 1976,Japón
120,Seiichiro Maki,53,Japón,1.84 m,7 de agosto de 1980,Japón
8026,Sejad Salihovic,10,Bosnia-Herzegovina,1.82 m,8 de octubre de 1984,Bosnia-Herzegovina
8299,Selim Amallah,55,Marruecos,1.86 m,15 de noviembre de 1996,Marruecos
8021,Senad Lulic,10,Bosnia-Herzegovina,1.83 m,18 de junio de 1986,Bosnia-Herzegovina
3816,Senad Tiganj,33,Eslovenia,1.79 m,28 de agosto de 1975,Eslovenia
8019,Senijad Ibricic,10,Bosnia-Herzegovina,1.82 m,26 de septiembre de 1985,Bosnia-Herzegovina
1030,Seny Dieng,70,Senegal,1.95 m,23 de noviembre de 1994,Senegal
6977,Seok-Ho Hwang,21,Corea del Sur,1.82 m,27 de junio de 1989,Corea del Sur
6965,Seok Ju Ha,21,Corea del Sur,1.74 m,20 de febrero de 1968,Corea del Sur
7063,Seon-min Moon,21,Corea del Sur,1.72 m,9 de junio de 1992,Corea del Sur
8118,Sepp Huegi,74,Suiza,,23 de enero de 1930,Suiza
6208,Sepp Maier,1,Alemania,,28 de febrero de 1944,Alemania
6299,Serdar Tasci,1,Alemania,1.86 m,24 de abril de 1987,Alemania
5489,Seren Turgay,77,Turquía,,15 de mayo de 1932,Turquía
6769,Serey Die,23,Costa de Marfil,1.79 m,7 de noviembre de 1984,Costa de Marfil
6762,Serge Aurier,23,Costa de Marfil,1.74 m,24 de diciembre de 1992,Costa de Marfil
2441,Serge Ducoste,40,Haití,,4 de febrero de 1944,Haití
6107,Serge Gnabry,1,Alemania,1.76 m,14 de julio de 1995,Alemania
2451,Serge Racine,40,Haití,,9 de octubre de 1951,Haití
248,Sergei Aleinikov,69,Rusia,,7 de noviembre de 1961,Rusia
250,Sergei Andreyev,69,Rusia,,16 de mayo de 1956,Rusia
254,Sergei Baltacha,69,Rusia,,17 de febrero de 1958,Rusia
265,Sergei Borovski,69,Rusia,,29 de enero de 1956,Rusia
295,Sergei Fokin,69,Rusia,,26 de julio de 1961,Rusia
303,Sergei Gorlukovich,69,Rusia,,18 de noviembre de 1961,Rusia
306,Sergei Ignashevich,69,Rusia,1.86 m,4 de julio de 1979,Rusia
331,Sergei Kotrikadze,69,Rusia,,9 de agosto de 1936,Rusia
334,Sergei Krakovski,69,Rusia,,11 de agosto de 1960,Rusia
381,Sergei Rodionov,69,Rusia,,3 de septiembre de 1962,Rusia
383,Sergei Ryzhikov,69,Rusia,1.94 m,19 de septiembre de 1980,Rusia
386,Sergei Salnikov,69,Rusia,,13 de septiembre de 1925,Rusia
389,Sergei Semak,69,Rusia,1.70 m,27 de febrero de 1976,Rusia
426,Sergei Yuran,69,Rusia,,11 de junio de 1969,Rusia
3658,Sergej Milinković-Savić,71,Serbia,1.92 m,27 de febrero de 1995,Serbia
5065,Sergi,34,España,1.74 m,28 de diciembre de 1971,España
1801,Serginho,11,Brasil,,23 de diciembre de 1953,Brasil
2784,Sergiño Dest,35,Estados Unidos,1.73 m,3 de noviembre de 2000,Estados Unidos
5066,Sergio,34,España,1.80 m,10 de noviembre de 1976,España
5151,Sergio Agüero,6,Argentina,1.70 m,2 de junio de 1988,Argentina
626,Sergio Ahumada,17,Chile,,2 de octubre de 1948,Chile
5157,Sergio Almiron,6,Argentina,,18 de noviembre de 1958,Argentina
5180,Sergio Batista,6,Argentina,,9 de noviembre de 1962,Argentina
5545,Sergio Berti,51,Italia,,17 de febrero de 1969,Italia
5548,Sergio Bertoni,51,Italia,,23 de septiembre de 1915,Italia
7667,Sergio Bravo,56,México,,1 de enero de 1927,México
4879,Sergio Busquets,34,España,1.89 m,16 de julio de 1988,España
5584,Sergio Cervato,51,Italia,,23 de marzo de 1929,Italia
3312,Sergio Conceicao,65,Portugal,1.77 m,15 de noviembre de 1974,Portugal
5649,Sergio Gori,51,Italia,,24 de febrero de 1946,Italia
5275,Sergio Goycochea,6,Argentina,,17 de octubre de 1963,Argentina
697,Sergio Livingstone,17,Chile,,26 de marzo de 1920,Chile
7780,Sergio Martinez,56,México,,15 de febrero de 1969,México
838,Sergio Mendez,29,El Salvador,,14 de febrero de 1942,El Salvador
4390,Sergio Mendoza,62,Paraguay,1.77 m,23 de mayo de 1981,Paraguay
714,Sergio Navarro,17,Chile,,20 de noviembre de 1936,Chile
7834,Sergio Ramos,56,México,1.84 m,30 de marzo de 1986,México
5977,Sergio Rochet,80,Uruguay,1.89 m,23 de marzo de 1993,Uruguay
7850,Sergio Romero,56,México,1.91 m,22 de febrero de 1987,México
5991,Sergio Santin,80,Uruguay,,6 de agosto de 1956,Uruguay
777,Sergio Valdes,17,Chile,,22 de junio de 1935,Chile
7888,Sergio Vazquez,56,México,,23 de noviembre de 1965,México
7109,Sergiy Nazarenko,79,Ucrania,1.76 m,16 de febrero de 1980,Ucrania
7112,Serhiy Rebrov,79,Ucrania,1.75 m,3 de junio de 1974,Ucrania
7020,Seung-gyu Kim,21,Corea del Sur,1.87 m,30 de septiembre de 1990,Corea del Sur
7070,Seung-ho Paik,21,Corea del Sur,1.82 m,17 de marzo de 1997,Corea del Sur
7974,Seung Hwi Im,20,Corea del Norte,,3 de febrero de 1946,Corea del Norte
6988,Seung-hyun Jung,21,Corea del Sur,1.90 m,3 de abril de 1994,Corea del Sur
7987,Seung Il Kim,20,Corea del Norte,,2 de septiembre de 1945,Corea del Norte
8009,Seung Kook Yang,20,Corea del Norte,,19 de agosto de 1944,Corea del Norte
7989,Seung-woo Lee,20,Corea del Norte,1.70 m,6 de enero de 1998,Corea del Norte
7979,Seung Woon Ke,20,Corea del Norte,,26 de diciembre de 1943,Corea del Norte
7052,Seung Yeoul Lee,21,Corea del Sur,1.83 m,6 de marzo de 1989,Corea del Sur
8000,Seung Zin Pak,20,Corea del Norte,,11 de enero de 1941,Corea del Norte
8151,Severino Minelli,74,Suiza,,6 de septiembre de 1909,Suiza
5039,Severino Reijia,34,España,,25 de noviembre de 1938,España
3062,Seweryn Gancarczyk,64,Polonia,1.81 m,22 de noviembre de 1981,Polonia
6774,Seydou Doumbia,23,Costa de Marfil,1.83 m,31 de diciembre de 1987,Costa de Marfil
608,Shaka Hislop,76,Trinidad y Tobago,1.93 m,22 de febrero de 1969,Trinidad y Tobago
1190,Shaker Nadhum,45,Iraq,,13 de abril de 1958,Iraq
1191,Shaker Samir,45,Iraq,,28 de febrero de 1958,Iraq
5137,Shane Smeltz,59,Nueva Zelanda,1.84 m,29 de septiembre de 1981,Nueva Zelanda
2850,Shaquell Moore,35,Estados Unidos,1.80 m,2 de noviembre de 1996,Estados Unidos
8237,Shaun Bartlett,72,Sudáfrica,,31 de octubre de 1972,Sudáfrica
1438,Shaun Wright-Phillips,44,Inglaterra,1.68 m,25 de octubre de 1981,Inglaterra
7454,Shay Given,46,Irlanda,1.87 m,20 de abril de 1976,Irlanda
4442,Shehu Abdullahi,57,Nigeria,1.70 m,12 de marzo de 1993,Nigeria
2073,Sherif Ekramy,28,Egipto,1.91 m,10 de julio de 1983,Egipto
2116,Shikabala,28,Egipto,1.83 m,5 de marzo de 1986,Egipto
7021,Shin-Wook Kim,21,Corea del Sur,1.98 m,14 de abril de 1988,Corea del Sur
106,Shinji Kagawa,53,Japón,1.72 m,17 de marzo de 1989,Japón
152,Shinji Okazaki,53,Japón,1.74 m,16 de abril de 1986,Japón
155,Shinji Ono,53,Japón,1.75 m,27 de septiembre de 1979,Japón
6228,Shkodran Mustafi,1,Alemania,1.84 m,17 de abril de 1992,Alemania
1000,Shmuel Rosenthal,50,Israel,,22 de abril de 1947,Israel
174,Shogo Taniguchi,53,Japón,1.83 m,15 de julio de 1991,Japón
4133,Shoja Khalilzadeh,48,Irán,1.79 m,14 de mayo de 1989,Irán
105,Shoji Jo,53,Japón,,17 de junio de 1975,Japón
4455,Shola Ameobi,57,Nigeria,1.88 m,12 de octubre de 1981,Nigeria
988,Shraga Bar,50,Israel,,24 de marzo de 1948,Israel
8291,Shu-Aib Walters,72,Sudáfrica,1.88 m,26 de diciembre de 1981,Sudáfrica
88,Shuichi Gonda,53,Japón,1.87 m,3 de marzo de 1989,Japón
138,Shunsuke Nakamura,53,Japón,1.78 m,24 de junio de 1978,Japón
147,Shusaku Nishikawa,53,Japón,1.83 m,18 de junio de 1986,Japón
118,Shuto Machino,53,Japón,1.85 m,30 de septiembre de 1999,Japón
6795,Siaka Tiene,23,Costa de Marfil,1.76 m,22 de febrero de 1982,Costa de Marfil
8246,Siboniso Gaxa,72,Sudáfrica,1.78 m,6 de abril de 1984,Sudáfrica
8292,Sibusiso Zuma,72,Sudáfrica,1.80 m,23 de junio de 1975,Sudáfrica
3929,Sidney Govou,36,Francia,1.75 m,27 de julio de 1979,Francia
2524,Siegmar Waetzlich,2,Alemania Oriental,,16 de noviembre de 1947,Alemania Oriental
3490,Sigge Parling,73,Suecia,,26 de marzo de 1930,Suecia
6128,Sigi Held,1,Alemania,,7 de agosto de 1942,Alemania
7787,Sigifredo Mercado,56,México,1.83 m,21 de diciembre de 1968,México
6123,Sigmund Haringer,1,Alemania,,9 de diciembre de 1908,Alemania
7435,Sigurd Rushfeldt,58,Noruega,,11 de diciembre de 1972,Noruega
1802,Silas,11,Brasil,,27 de agosto de 1965,Brasil
6002,Silva,80,Uruguay,,2 de enero de 1940,Uruguay
8224,Silvan Widmer,74,Suiza,1.83 m,5 de marzo de 1993,Suiza
4947,Silvestre Igoa,34,España,,5 de septiembre de 1920,España
6025,Silvestre Varela,80,Uruguay,1.80 m,2 de febrero de 1985,Uruguay
820,Silvio Aquino,29,El Salvador,,30 de junio de 1949,El Salvador
1123,Silvio Maric,24,Croacia,,20 de marzo de 1975,Croacia
5312,Silvio Marzolini,6,Argentina,,4 de octubre de 1940,Argentina
5732,Silvio Piola,51,Italia,,29 de septiembre de 1913,Italia
1856,Silviu Bindea,68,Rumania,,24 de octubre de 1912,Rumania
1902,Silviu Lung,68,Rumania,,9 de septiembre de 1956,Rumania
3661,Sima Milovanov,71,Serbia,,10 de abril de 1923,Serbia
3317,Simao,65,Portugal,1.70 m,31 de octubre de 1979,Portugal
1165,Sime Vrsaljko,24,Croacia,1.83 m,10 de enero de 1992,Croacia
4501,Simeon Nwankwo,57,Nigeria,1.98 m,7 de mayo de 1992,Nigeria
2997,Simeon Simeonov,12,Bulgaria,,26 de abril de 1946,Bulgaria
3318,Simoes,65,Portugal,,14 de diciembre de 1943,Portugal
2318,Simon Donnelly,31,Escocia,,1 de diciembre de 1974,Escocia
5117,Simon Elliott,59,Nueva Zelanda,1.80 m,10 de junio de 1974,Nueva Zelanda
8247,Simon Gopane,72,Sudáfrica,,26 de diciembre de 1970,Sudáfrica
4234,Simon Kjaer,26,Dinamarca,1.91 m,26 de marzo de 1989,Dinamarca
4968,Simon Lecue,34,España,,11 de febrero de 1912,España
6657,Simon Mignolet,13,Bélgica,1.93 m,6 de marzo de 1988,Bélgica
948,Simon Ngapandouetnbu,14,Camerún,1.86 m,12 de abril de 2003,Camerún
4269,Simon Poulsen,26,Dinamarca,1.87 m,7 de abril de 1984,Dinamarca
978,Simon Tchobang,14,Camerún,,31 de agosto de 1951,Camerún
5539,Simone Barone,51,Italia,1.80 m,30 de abril de 1978,Italia
5725,Simone Pepe,51,Italia,1.79 m,30 de agosto de 1983,Italia
5729,Simone Perrotta,51,Italia,1.78 m,17 de septiembre de 1977,Italia
3653,Sinisa Mihajlovic,71,Serbia,,20 de febrero de 1969,Serbia
3772,Sinisa Zlatkovic,71,Serbia,,,Serbia
8289,Siphiwe Tshabalala,72,Sudáfrica,1.70 m,25 de septiembre de 1984,Sudáfrica
7181,Sirajeddine Chihi,78,Túnez,,16 de abril de 1970,Túnez
8211,Sirio Vernati,74,Suiza,,12 de mayo de 1907,Suiza
4099,Sirous Din Mohammadi,48,Irán,,2 de julio de 1970,Irán
8277,Siyabonga Nomvethe,72,Sudáfrica,1.78 m,2 de diciembre de 1977,Sudáfrica
8285,Siyabonga Sangweni,72,Sudáfrica,1.82 m,29 de septiembre de 1981,Sudáfrica
6519,Sjef Van Run,60,Paises Bajos,,12 de enero de 1904,Paises Bajos
7252,Skander Souayah,78,Túnez,,20 de noviembre de 1972,Túnez
357,Slava Metreveli,69,Rusia,,30 de mayo de 1936,Rusia
1081,Slaven Bilic,24,Croacia,,11 de septiembre de 1968,Croacia
3605,Slavisa Jokanovic,71,Serbia,,16 de agosto de 1968,Serbia
3747,Slavko Svinjarevic,71,Serbia,,6 de abril de 1935,Serbia
3139,Sławomir Peszko,64,Polonia,1.73 m,19 de febrero de 1985,Polonia
7169,Slim Benachour,78,Túnez,1.70 m,8 de septiembre de 1981,Túnez
3620,Slobodan Komljenovic,71,Serbia,,2 de enero de 1971,Serbia
8407,Smahi Triki,55,Marruecos,,1 de agosto de 1967,Marruecos
3320,Sobrinho,65,Portugal,,5 de mayo de 1961,Portugal
1805,Socrates,11,Brasil,,19 de febrero de 1954,Brasil
8318,Sofiane Boufal,55,Marruecos,1.70 m,17 de septiembre de 1993,Marruecos
6856,Sofiane Feghouli,5,Argelia,1.78 m,26 de diciembre de 1989,Argelia
7232,Sofiane Melliti,78,Túnez,1.78 m,18 de agosto de 1978,Túnez
8302,Sofyan Amrabat,55,Marruecos,1.83 m,21 de agosto de 1996,Marruecos
4087,Sohrab Bakhtiarizadeh,48,Irán,1.85 m,11 de septiembre de 1977,Irán
2614,Sokratis Papastathopoulos,39,Grecia,1.86 m,9 de junio de 1988,Grecia
7295,Sol Campbell,7,Australia,1.88 m,18 de septiembre de 1974,Australia
5070,Sole,34,España,,7 de mayo de 1905,España
7994,Song Chol Nam,20,Corea del Norte,1.78 m,7 de mayo de 1982,Corea del Norte
7066,Soo Jin Noh,21,Corea del Sur,,10 de febrero de 1962,Corea del Sur
6948,Soon Ho Choi,21,Corea del Sur,,10 de enero de 1962,Corea del Sur
2565,Sorba Thomas,37,Gales,1.85 m,25 de enero de 1999,Gales
4197,Soren Busk,26,Dinamarca,,10 de abril de 1953,Dinamarca
4202,Soren Colding,26,Dinamarca,,2 de septiembre de 1972,Dinamarca
4241,Soren Larsen,26,Dinamarca,1.94 m,6 de septiembre de 1981,Dinamarca
4247,Soren Lerby,26,Dinamarca,,1 de febrero de 1958,Dinamarca
2600,Sotirios Kyrgiakos,39,Grecia,1.92 m,23 de julio de 1979,Grecia
2611,Sotiris Ninis,39,Grecia,1.73 m,3 de abril de 1990,Grecia
6893,El Arabi Soudani,5,Argelia,1.77 m,25 de noviembre de 1987,Argelia
6763,Souleymane Bamba,23,Costa de Marfil,1.90 m,13 de enero de 1985,Costa de Marfil
1014,Souleymane Camara,70,Senegal,1.74 m,22 de diciembre de 1982,Senegal
902,Souleymanou Hamidou,14,Camerún,1.87 m,22 de noviembre de 1973,Camerún
5663,Spartaco Landini,51,Italia,,31 de enero de 1944,Italia
3776,Spasoje Bulajic,33,Eslovenia,1.88 m,24 de noviembre de 1975,Eslovenia
2606,Spiros Marangos,39,Grecia,,20 de febrero de 1967,Grecia
3629,Srboljub Krivokuca,71,Serbia,,14 de marzo de 1928,Serbia
3539,Srdan Babic,71,Serbia,1.95 m,22 de abril de 1996,Serbia
3670,Srdjan Mrkusic,71,Serbia,,26 de mayo de 1915,Serbia
3616,Srecko Katanec,71,Serbia,,16 de julio de 1963,Serbia
3524,Staffan Tapper,73,Suecia,,10 de julio de 1948,Suecia
7436,Stale Solbakken,58,Noruega,,27 de febrero de 1968,Noruega
2283,Stan Anderson,31,Escocia,,27 de febrero de 1934,Escocia
7332,Stan Lazaridis,7,Australia,1.75 m,16 de agosto de 1972,Australia
6199,Stan Libuda,1,Alemania,,10 de octubre de 1943,Alemania
1348,Stan Mortensen,44,Inglaterra,,26 de mayo de 1921,Inglaterra
6492,Stan Valckx,60,Paises Bajos,,20 de octubre de 1963,Paises Bajos
6178,Stanislaus Kobierski,1,Alemania,,15 de noviembre de 1910,Alemania
273,Stanislav Cherchesov,69,Rusia,1.83 m,2 de septiembre de 1963,Rusia
467,Stanislav Griga,67,República Checa,,4 de noviembre de 1961,República Checa
3614,Stanislav Karasi,71,Serbia,,8 de noviembre de 1946,Serbia
571,Stanislav Seman,67,República Checa,,8 de agosto de 1952,República Checa
810,Stanislav Sestak,32,Eslovaquia,1.78 m,16 de diciembre de 1982,Eslovaquia
3029,Stanislaw Baran,64,Polonia,,20 de abril de 1920,Polonia
1335,Stanley Matthews,44,Inglaterra,,1 de febrero de 1915,Inglaterra
6447,Stanley Menzo,60,Paises Bajos,,15 de octubre de 1963,Paises Bajos
2909,Stefan Abadzhiev,12,Bulgaria,,3 de julio de 1934,Bulgaria
2910,Stefan Aladzhov,12,Bulgaria,,18 de octubre de 1947,Bulgaria
1853,Stefan Barbu,68,Rumania,,2 de marzo de 1908,Rumania
450,Stefan Cambal,67,República Checa,,17 de diciembre de 1908,República Checa
6393,Stefan de Vrij,60,Paises Bajos,1.90 m,5 de febrero de 1992,Paises Bajos
1877,Stefan Dobay,68,Rumania,,26 de septiembre de 1909,Rumania
6087,Stefan Effenberg,1,Alemania,,2 de agosto de 1968,Alemania
6169,Stefan Kiessling,1,Alemania,1.91 m,25 de enero de 1984,Alemania
6191,Stefan Kuntz,1,Alemania,,30 de octubre de 1962,Alemania
3120,Stefan Majewski,64,Polonia,,31 de enero de 1956,Polonia
3667,Stefan Mitrovic,71,Serbia,1.89 m,22 de mayo de 1990,Serbia
3493,Stefan Petterson,73,Suecia,,22 de marzo de 1963,Suecia
1928,Stefan Preda,68,Rumania,,18 de junio de 1970,Rumania
3496,Stefan Rehn,73,Suecia,,22 de septiembre de 1966,Suecia
6258,Stefan Reuter,1,Alemania,,16 de octubre de 1966,Alemania
3504,Stefan Schwarz,73,Suecia,,18 de abril de 1969,Suecia
6284,Stefan Skoumal,1,Alemania,,29 de noviembre de 1909,Alemania
3000,Stefan Staikov,12,Bulgaria,,3 de octubre de 1949,Bulgaria
3010,Stefan Velichkov,12,Bulgaria,,15 de febrero de 1949,Bulgaria
5770,Stefano Tacconi,51,Italia,,13 de mayo de 1957,Italia
2590,Stefanos Kapino,39,Grecia,1.98 m,18 de marzo de 1994,Grecia
6098,Steffen Freund,1,Alemania,,19 de enero de 1970,Alemania
2602,Stelios Malezas,39,Grecia,1.92 m,11 de marzo de 1985,Grecia
2605,Stelios Manolas,39,Grecia,,13 de julio de 1961,Grecia
3474,Stellan Nilsson,73,Suecia,,28 de mayo de 1922,Suecia
3489,Sten Palsson,73,Suecia,,4 de diciembre de 1945,Suecia
7388,Stephan Andersen,58,Noruega,1.88 m,26 de noviembre de 1981,Noruega
3856,Stephan Bruey,36,Francia,,1 de diciembre de 1932,Francia
6089,Stephan Engels,1,Alemania,,6 de septiembre de 1960,Alemania
8137,Stephan Lehmann,74,Suiza,,15 de agosto de 1963,Suiza
8140,Stephan Lichtsteiner,74,Suiza,1.80 m,16 de enero de 1984,Suiza
8066,Stephane Chapuisat,74,Suiza,,28 de junio de 1969,Suiza
6605,Stephane Demol,13,Bélgica,,11 de marzo de 1966,Bélgica
8108,Stephane Grichting,74,Suiza,1.86 m,30 de marzo de 1979,Suiza
3934,Stephane Guivarch,36,Francia,1.85 m,6 de septiembre de 1970,Francia
929,Stephane Mbia,14,Camerún,1.90 m,20 de mayo de 1986,Camerún
4027,Stéphane Ruffier,36,Francia,1.87 m,27 de septiembre de 1986,Francia
6717,Stephane Van Der Heyden,13,Bélgica,,3 de julio de 1969,Bélgica
6542,Stephen Adams,13,Bélgica,1.86 m,28 de septiembre de 1984,Bélgica
1453,Stephen Ahorlu,38,Ghana,1.79 m,5 de septiembre de 1988,Ghana
1458,Stephen Appiah,38,Ghana,1.78 m,24 de diciembre de 1980,Ghana
2466,Stephen Eustaquio,15,Canadá,1.78 m,21 de diciembre de 1996,Canadá
4495,Stephen Keshi,57,Nigeria,,23 de enero de 1962,Nigeria
7274,Stephen Malcolm,52,Jamaica,,2 de mayo de 1970,Jamaica
2395,Stephen Nicol,31,Escocia,,11 de diciembre de 1961,Escocia
975,Stephen Tataw,14,Camerún,,31 de marzo de 1963,Camerún
1421,Stephen Warnock,44,Inglaterra,1.75 m,12 de diciembre de 1981,Inglaterra
1848,Stere Adamache,68,Rumania,,17 de agosto de 1941,Rumania
612,Stern John,76,Trinidad y Tobago,1.80 m,30 de octubre de 1976,Trinidad y Tobago
2284,Steve Archibald,31,Escocia,,27 de septiembre de 1956,Escocia
1226,Steve Bull,44,Inglaterra,,28 de marzo de 1965,Inglaterra
2768,Steve Cherundolo,35,Estados Unidos,1.68 m,19 de febrero de 1979,Estados Unidos
1253,Steve Coppell,44,Inglaterra,,9 de julio de 1955,Inglaterra
7453,Steve Finnan,46,Irlanda,1.83 m,20 de abril de 1976,Irlanda
1277,Steve Foster,44,Inglaterra,,24 de septiembre de 1957,Inglaterra
6781,Steve Gohouri,23,Costa de Marfil,1.87 m,8 de febrero de 1981,Costa de Marfil
1295,Steve Hodge,44,Inglaterra,,25 de octubre de 1962,Inglaterra
3984,Steve Mandanda,36,Francia,1.87 m,28 de marzo de 1985,Francia
1339,Steve Mcmahon,44,Inglaterra,,20 de agosto de 1961,Inglaterra
1340,Steve Mcmanaman,44,Inglaterra,1.84 m,11 de febrero de 1972,Inglaterra
7487,Steve Staunton,46,Irlanda,1.83 m,19 de enero de 1969,Irlanda
5139,Steve Sumner,59,Nueva Zelanda,,2 de abril de 1955,Nueva Zelanda
2891,Steve Trittschuh,35,Estados Unidos,,24 de abril de 1965,Estados Unidos
8213,Steve Von Bergen,74,Suiza,1.83 m,10 de junio de 1983,Suiza
5146,Steve Wooddin,59,Nueva Zelanda,,16 de enero de 1955,Nueva Zelanda
4090,Steven Beitashour,48,Irán,1.78 m,1 de febrero de 1987,Irán
6361,Steven Berghuis,60,Paises Bajos,1.82 m,19 de diciembre de 1991,Paises Bajos
6363,Steven Bergwijn,60,Paises Bajos,1.75 m,8 de octubre de 1997,Paises Bajos
6602,Steven Defour,13,Bélgica,1.73 m,15 de abril de 1988,Bélgica
1282,Steven Gerrard,44,Inglaterra,1.85 m,30 de mayo de 1980,Inglaterra
4251,Steven Lustu,26,Dinamarca,1.85 m,13 de abril de 1971,Dinamarca
3999,Steven Nzonzi,36,Francia,1.96 m,15 de diciembre de 1988,Francia
2268,Steven Penney,47,Irlanda del Norte,,16 de enero de 1964,Irlanda del Norte
8282,Steven Pienaar,72,Sudáfrica,1.73 m,17 de marzo de 1982,Sudáfrica
7482,Steven Reid,46,Irlanda,1.80 m,10 de marzo de 1981,Irlanda
2499,Steven Vitoria,15,Canadá,1.95 m,11 de enero de 1987,Canadá
8232,Steven Zuber,74,Suiza,1.82 m,17 de agosto de 1991,Suiza
1973,Stevens Bryce,22,Costa Rica,1.70 m,16 de agosto de 1977,Costa Rica
1264,Stewart Downing,44,Inglaterra,1.82 m,22 de julio de 1984,Inglaterra
2378,Stewart Mckimmie,31,Escocia,,27 de octubre de 1962,Escocia
7393,Stig Bjornebye,58,Noruega,,11 de diciembre de 1969,Noruega
3514,Stig Sundqvist,73,Suecia,,19 de julio de 1922,Suecia
4287,Stig Tofting,26,Dinamarca,1.73 m,14 de agosto de 1969,Dinamarca
6474,Stijn Schaars,60,Paises Bajos,1.78 m,11 de enero de 1984,Paises Bajos
1133,Stipe Pletikosa,24,Croacia,1.93 m,8 de enero de 1979,Croacia
3546,Stjepan Bobek,71,Serbia,,3 de diciembre de 1923,Serbia
3558,Stjepan Deveric,71,Serbia,,20 de agosto de 1961,Serbia
1158,Stjepan Tomas,24,Croacia,1.86 m,6 de marzo de 1976,Croacia
2978,Stoicho Mladenov,12,Bulgaria,,12 de abril de 1957,Bulgaria
3002,Stoicho Stoilov,12,Bulgaria,,15 de octubre de 1971,Bulgaria
2955,Stoyan Kitov,12,Bulgaria,,27 de agosto de 1938,Bulgaria
3018,Stoyan Yordanov,12,Bulgaria,,29 de enero de 1944,Bulgaria
3576,Strahinja Erakovic,71,Serbia,1.84 m,22 de enero de 2001,Serbia
3806,Strahinja Pavlovic,33,Eslovenia,1.94 m,24 de mayo de 2001,Eslovenia
2577,Stratos Apostololakis,39,Grecia,,11 de mayo de 1964,Grecia
2817,Stuart Holden,35,Estados Unidos,1.78 m,1 de agosto de 1985,Estados Unidos
2348,Stuart Imlach,31,Escocia,,6 de enero de 1932,Escocia
2357,Stuart Kennedy,31,Escocia,,31 de mayo de 1953,Escocia
2373,Stuart Mccall,31,Escocia,,10 de junio de 1964,Escocia
1364,Stuart Pearce,44,Inglaterra,,24 de abril de 1962,Inglaterra
2572,Stuart Williams,37,Gales,,9 de julio de 1930,Gales
3784,Suad Filekovic,33,Eslovenia,1.90 m,16 de septiembre de 1978,Eslovenia
7099,Suk-Young Yun,21,Corea del Sur,1.82 m,13 de febrero de 1990,Corea del Sur
1488,Sulley Muntari,38,Ghana,1.80 m,27 de agosto de 1984,Ghana
4799,Sultan Al-Ghanam,4,Arabia Saudita,1.73 m,6 de mayo de 1994,Arabia Saudita
6979,Sun Hong Hwang,21,Corea del Sur,1.83 m,14 de julio de 1968,Corea del Sur
4522,Sunday Oliseh,57,Nigeria,1.83 m,14 de septiembre de 1974,Nigeria
3349,Sune Andersson,73,Suecia,,27 de febrero de 1921,Suecia
8001,Sung Hyok Pak,20,Corea del Norte,1.75 m,30 de mayo de 1990,Corea del Norte
6989,Sung Ryong Jung,21,Corea del Sur,1.90 m,4 de enero de 1985,Corea del Sur
6949,Sung Yong Choi,21,Corea del Sur,1.73 m,25 de diciembre de 1975,Corea del Sur
6994,Sung-yueng Ki,21,Corea del Sur,1.87 m,24 de enero de 1989,Corea del Sur
8271,Surprise Moriri,72,Sudáfrica,1.73 m,20 de marzo de 1980,Sudáfrica
4679,Suvarte Soedarmadji,43,Indonesia,,6 de diciembre de 1915,Indonesia
553,Svatopluk Pluskal,67,República Checa,,28 de octubre de 1930,República Checa
3350,Sven Andersson,73,Suecia,,14 de febrero de 1907,Suecia
3350,Sven Andersson,73,Suecia,,6 de octubre de 1963,Suecia
3355,Sven Axbom,73,Suecia,,15 de octubre de 1926,Suecia
3444,Sven-Gunnar Larsson,73,Suecia,,10 de mayo de 1940,Suecia
2469,Sven Habermann,15,Canadá,,3 de noviembre de 1961,Canadá
3414,Sven Jacobsson,73,Suecia,,17 de abril de 1914,Suecia
3424,Sven Jonasson,73,Suecia,,9 de julio de 1909,Suecia
3452,Sven Lindman,73,Suecia,,19 de abril de 1942,Suecia
3530,Sven Unger,73,Suecia,,,Suecia
6744,Sven Vermant,13,Bélgica,1.83 m,4 de abril de 1973,Bélgica
7408,Sverre Hansen,58,Noruega,,23 de junio de 1913,Noruega
7430,Sverre Nordby,58,Noruega,,13 de marzo de 1910,Noruega
7137,Sverrir Ingi Ingason,49,Islandia,1.88 m,5 de julio de 1993,Islandia
7168,Syam Ben Youssef,78,Túnez,1.89 m,31 de marzo de 1989,Túnez
1359,Syd Owen,44,Inglaterra,,28 de febrero de 1922,Inglaterra
6778,Sylvain Gbohouo,23,Costa de Marfil,,29 de octubre de 1988,Costa de Marfil
1062,Sylvain Ndiaye,70,Senegal,1.78 m,25 de junio de 1976,Senegal
4071,Sylvain Wiltord,36,Francia,1.73 m,10 de mayo de 1974,Francia
6144,Sylvio Hoffmann,1,Alemania,,11 de mayo de 1905,Alemania
3189,Szymon Zurkowski,64,Polonia,1.85 m,25 de septiembre de 1997,Polonia
2867,Tab Ramos,35,Estados Unidos,,21 de septiembre de 1966,Estados Unidos
511,Tadeas Kraus,67,República Checa,,22 de octubre de 1932,República Checa
3049,Tadeusz Dolny,64,Polonia,,7 de mayo de 1958,Polonia
7989,Tae Ho Lee,20,Corea del Norte,,29 de enero de 1961,Corea del Norte
7023,Tae-hwan Kim,21,Corea del Sur,1.77 m,24 de julio de 1989,Corea del Sur
7032,Tae-Hwi Kwak,21,Corea del Sur,1.88 m,8 de julio de 1981,Corea del Sur
7976,Tae Se Jong,20,Corea del Norte,1.81 m,2 de marzo de 1984,Corea del Norte
6950,Tae Uk Choi,21,Corea del Sur,1.73 m,13 de marzo de 1981,Corea del Sur
7022,Tae Young Kim,21,Corea del Sur,1.80 m,8 de noviembre de 1970,Corea del Sur
1807,Taffarel,11,Brasil,,8 de mayo de 1966,Brasil
7221,Taha Yassine Khenissi,78,Túnez,1.80 m,6 de enero de 1992,Túnez
2069,Taher Abou Zeid,28,Egipto,,1 de abril de 1962,Egipto
8352,Taher El Khalej,55,Marruecos,,16 de junio de 1968,Marruecos
4802,Taisir Al-Jassim,4,Arabia Saudita,1.70 m,25 de julio de 1984,Arabia Saudita
1808,Taison,11,Brasil,1.72 m,13 de enero de 1988,Brasil
2459,Tajon Buchanan,15,Canadá,1.83 m,8 de febrero de 1999,Canadá
87,Takashi Fukunishi,53,Japón,1.81 m,1 de septiembre de 1976,Japón
93,Takashi Hirano,53,Japón,,15 de julio de 1974,Japón
99,Takashi Inui,53,Japón,1.69 m,2 de junio de 1988,Japón
181,Takashi Usami,53,Japón,1.78 m,6 de abril de 1992,Japón
128,Takayuki Morimoto,53,Japón,1.80 m,7 de mayo de 1988,Japón
169,Takayuki Suzuki,53,Japón,1.82 m,5 de junio de 1976,Japón
116,Take Kubo,53,Japón,1.73 m,4 de junio de 2001,Japón
176,Takehiro Tomiyasu,53,Japón,1.87 m,5 de noviembre de 1998,Japón
82,Takuma Asano,53,Japón,1.73 m,10 de noviembre de 1994,Japón
124,Takumi Minamino,53,Japón,1.74 m,16 de enero de 1995,Japón
4829,Talal Jebrin,4,Arabia Saudita,,25 de septiembre de 1973,Arabia Saudita
5562,Tarcisio Burgnich,51,Italia,,25 de abril de 1939,Italia
7186,Tarek Dhiab,78,Túnez,,15 de julio de 1954,Túnez
2088,Tarek Hamed,28,Egipto,1.65 m,24 de octubre de 1988,Egipto
6352,Tarek Salman,16,Catar,1.79 m,5 de diciembre de 1997,Catar
2119,Tarek Soliman,28,Egipto,,24 de enero de 1962,Egipto
7255,Tarek Thabet,78,Túnez,1.76 m,16 de agosto de 1971,Túnez
4542,Taribo West,57,Nigeria,1.86 m,26 de marzo de 1974,Nigeria
1483,Tariq Lamptey,38,Ghana,1.70 m,30 de septiembre de 2000,Ghana
5459,Tas Coskun,77,Turquía,,23 de abril de 1935,Turquía
2609,Tassos Mitropoulos,39,Grecia,,23 de agosto de 1957,Grecia
4534,Taye Taiwo,57,Nigeria,1.88 m,16 de abril de 1985,Nigeria
5465,Tayfur Havutcu,77,Turquía,1.80 m,23 de abril de 1970,Turquía
8268,Teboho Mokoena,72,Sudáfrica,1.79 m,10 de julio de 1974,Sudáfrica
1227,Ted Burgin,44,Inglaterra,,29 de abril de 1927,Inglaterra
3456,Teddy Lucic,73,Suecia,1.87 m,15 de abril de 1973,Suecia
1390,Teddy Sheringham,44,Inglaterra,1.83 m,2 de abril de 1966,Inglaterra
6839,Tedj Bensaoula,5,Argelia,,1 de diciembre de 1954,Argelia
4686,Teilherber,43,Indonesia,,,Indonesia
8266,Teko Modise,72,Sudáfrica,1.72 m,22 de diciembre de 1982,Sudáfrica
7225,Temime Lakhzami,78,Túnez,,1 de enero de 1949,Túnez
406,Tengiz Sulakvelidze,69,Rusia,,23 de julio de 1956,Rusia
2147,Teofilo Cubillas,63,Perú,,8 de marzo de 1949,Perú
7745,Teófilo Gutiérrez,56,México,1.78 m,17 de mayo de 1985,México
3730,Teofilo Spasojevic,71,Serbia,,21 de enero de 1909,Serbia
1810,Teophilo,11,Brasil,,11 de abril de 1900,Brasil
6432,Terence Kongolo,60,Paises Bajos,1.83 m,14 de febrero de 1994,Paises Bajos
2486,Terence Moore,15,Canadá,,2 de junio de 1958,Canadá
1228,Terry Butcher,44,Inglaterra,,28 de diciembre de 1958,Inglaterra
1252,Terry Cooper,44,Inglaterra,,12 de julio de 1944,Inglaterra
1268,Terry Fenwick,44,Inglaterra,,17 de noviembre de 1959,Inglaterra
1337,Terry Mcdermott,44,Inglaterra,,8 de diciembre de 1951,Inglaterra
2556,Terry Medwin,37,Gales,,25 de septiembre de 1932,Gales
1361,Terry Paine,44,Inglaterra,,23 de marzo de 1939,Inglaterra
7480,Terry Phelan,46,Irlanda,,16 de marzo de 1967,Irlanda
103,Teruyoshi Ito,53,Japón,1.68 m,31 de agosto de 1974,Japón
127,Teruyuki Moniwa,53,Japón,1.81 m,8 de septiembre de 1981,Japón
6433,Teun Koopmeiners,60,Paises Bajos,1.84 m,28 de febrero de 1998,Paises Bajos
8270,Thabang Molefe,72,Sudáfrica,1.80 m,11 de abril de 1979,Sudáfrica
2074,Thabet El Batal,28,Egipto,,16 de septiembre de 1953,Egipto
8263,Thabo Mngomeni,72,Sudáfrica,1.69 m,24 de junio de 1969,Sudáfrica
2598,Thanasis Kolitsidakis,39,Grecia,,20 de noviembre de 1966,Grecia
8251,Thanduyise Khuboni,72,Sudáfrica,1.81 m,23 de mayo de 1986,Sudáfrica
8265,Themba Mnguni,72,Sudáfrica,,16 de diciembre de 1973,Sudáfrica
6583,Theo Custers,13,Bélgica,,10 de agosto de 1950,Bélgica
7976,Theo De Jong,20,Corea del Norte,,11 de agosto de 1947,Corea del Norte
3941,Théo Hernandez,36,Francia,1.84 m,6 de octubre de 1997,Francia
6482,Theo Snelders,60,Paises Bajos,,7 de diciembre de 1963,Paises Bajos
1418,Theo Walcott,44,Inglaterra,1.76 m,16 de marzo de 1989,Inglaterra
562,Theodor Reimann,67,República Checa,,10 de febrero de 1921,República Checa
4662,Theodor Wagner,8,Austria,,6 de agosto de 1927,Austria
6668,Theodore Nouwens,13,Bélgica,,17 de febrero de 1908,Bélgica
7280,Theodore Whitmore,52,Jamaica,,5 de agosto de 1972,Jamaica
2584,Theofanis Gekas,39,Grecia,1.79 m,23 de mayo de 1980,Grecia
860,Theophile Abega,14,Camerún,,9 de julio de 1954,Camerún
5074,Thiago,34,España,1.72 m,11 de abril de 1991,España
5155,Thiago Almada,6,Argentina,1.71 m,26 de abril de 2001,Argentina
3046,Thiago Cionek,64,Polonia,1.84 m,21 de abril de 1986,Polonia
5701,Thiago Motta,51,Italia,1.87 m,28 de agosto de 1982,Italia
1804,Thiago Silva,11,Brasil,1.83 m,22 de septiembre de 1984,Brasil
6581,Thibaut Courtois,13,Bélgica,1.99 m,11 de mayo de 1992,Bélgica
3937,Thierry Henry,36,Francia,1.88 m,17 de agosto de 1977,Francia
4058,Thierry Tusseau,36,Francia,,19 de enero de 1958,Francia
6166,Thilo Kehrer,1,Alemania,1.86 m,21 de septiembre de 1996,Alemania
3330,Thomas Ahlstrom,73,Suecia,,17 de julio de 1952,Suecia
6040,Thomas Allofs,1,Alemania,,17 de noviembre de 1959,Alemania
6057,Thomas Berthold,1,Alemania,,12 de noviembre de 1964,Alemania
8052,Thomas Bickel,74,Suiza,,6 de octubre de 1963,Suiza
4206,Thomas Delaney,26,Dinamarca,1.80 m,3 de septiembre de 1991,Dinamarca
7304,Thomas Deng,7,Australia,1.78 m,20 de marzo de 1997,Australia
2790,Thomas Dooley,35,Estados Unidos,,12 de mayo de 1961,Estados Unidos
6910,Thomas Dossevi,75,Togo,1.83 m,6 de marzo de 1979,Togo
4209,Thomas Enevoldsen,26,Dinamarca,1.82 m,27 de julio de 1987,Dinamarca
2243,Thomas Finney,47,Irlanda del Norte,,6 de noviembre de 1952,Irlanda del Norte
4216,Thomas Gravesen,26,Dinamarca,1.78 m,11 de marzo de 1976,Dinamarca
6117,Thomas Haessler,1,Alemania,,30 de mayo de 1966,Alemania
6129,Thomas Helmer,1,Alemania,,21 de abril de 1965,Alemania
4219,Thomas Helveg,26,Dinamarca,1.79 m,24 de junio de 1971,Dinamarca
6139,Thomas Hitzlsperger,1,Alemania,1.83 m,5 de abril de 1982,Alemania
4232,Thomas Kahlenberg,26,Dinamarca,1.85 m,20 de marzo de 1983,Dinamarca
3970,Thomas Lemar,36,Francia,1.70 m,12 de noviembre de 1995,Francia
917,Thomas Libiih,14,Camerún,,17 de noviembre de 1967,Camerún
6201,Thomas Linke,1,Alemania,1.83 m,26 de diciembre de 1969,Alemania
6656,Thomas Meunier,13,Bélgica,1.90 m,12 de septiembre de 1991,Bélgica
6226,Thomas Müller,1,Alemania,1.85 m,13 de septiembre de 1989,Alemania
7427,Thomas Myhre,58,Noruega,,16 de octubre de 1973,Noruega
952,Thomas Nkono,14,Camerún,,20 de julio de 1956,Camerún
3476,Thomas Nordahl,73,Suecia,,24 de mayo de 1946,Suecia
1497,Thomas Partey,38,Ghana,1.85 m,13 de junio de 1993,Ghana
3495,Thomas Ravelli,73,Suecia,,13 de agosto de 1959,Suecia
3510,Thomas Sjoberg,73,Suecia,,6 de julio de 1952,Suecia
4285,Thomas Sorensen,26,Dinamarca,1.85 m,12 de junio de 1976,Dinamarca
6293,Thomas Strunz,1,Alemania,,25 de abril de 1968,Alemania
6743,Thomas Vermaelen,13,Bélgica,1.82 m,14 de noviembre de 1985,Bélgica
8227,Thomas Wyss,74,Suiza,,29 de agosto de 1966,Suiza
4521,Thompson Oliha,57,Nigeria,,4 de octubre de 1968,Nigeria
6629,Thorgan Hazard,13,Bélgica,1.74 m,29 de marzo de 1993,Bélgica
3321,Tiago,65,Portugal,1.83 m,2 de mayo de 1981,Portugal
7545,Tibor Kemeny,42,Hungría,,5 de marzo de 1913,Hungría
7579,Tibor Nyilasi,42,Hungría,,18 de enero de 1955,Hungría
7590,Tibor Rab,42,Hungría,,2 de octubre de 1955,Hungría
1943,Tibor Selymes,68,Rumania,,14 de mayo de 1970,Rumania
5497,Tie Li,18,China,1.83 m,18 de septiembre de 1977,China
3679,Tihomir Ognjanov,71,Serbia,,2 de marzo de 1927,Serbia
4461,Tijani Babangida,57,Nigeria,1.69 m,25 de septiembre de 1973,Nigeria
1811,Tim,11,Brasil,,20 de diciembre de 1905,Brasil
6064,Tim Borowski,1,Alemania,1.94 m,2 de mayo de 1980,Alemania
5111,Tim Brown,59,Nueva Zelanda,1.85 m,6 de marzo de 1981,Nueva Zelanda
7294,Tim Cahill,7,Australia,1.80 m,6 de diciembre de 1979,Australia
6383,Tim De Cler,60,Paises Bajos,1.79 m,8 de noviembre de 1978,Paises Bajos
1273,Tim Flowers,44,Inglaterra,,3 de febrero de 1967,Inglaterra
2819,Tim Howard,35,Estados Unidos,1.87 m,6 de marzo de 1979,Estados Unidos
6436,Tim Krul,60,Paises Bajos,1.88 m,3 de abril de 1988,Paises Bajos
3798,Tim Matavz,33,Eslovenia,1.90 m,13 de enero de 1989,Eslovenia
2869,Tim Ream,35,Estados Unidos,1.85 m,5 de octubre de 1987,Estados Unidos
2897,Tim Weah,35,Estados Unidos,1.82 m,22 de febrero de 2000,Estados Unidos
6318,Tim Wiese,1,Alemania,1.93 m,17 de diciembre de 1981,Alemania
6694,Timmy Simons,13,Bélgica,1.86 m,11 de diciembre de 1976,Bélgica
6138,Timo Hildebrand,1,Alemania,1.85 m,5 de abril de 1979,Alemania
6316,Timo Werner,1,Alemania,1.81 m,6 de marzo de 1996,Alemania
6568,Timothy Castagne,13,Bélgica,1.85 m,5 de diciembre de 1995,Bélgica
2767,Timothy Chandler,35,Estados Unidos,1.86 m,29 de marzo de 1990,Estados Unidos
1099,Tin Jedvaj,24,Croacia,1.84 m,28 de noviembre de 1995,Croacia
2480,Tino Lettieri,15,Canadá,,27 de septiembre de 1957,Canadá
8029,Tino Susic,10,Bosnia-Herzegovina,1.86 m,13 de febrero de 1992,Bosnia-Herzegovina
1812,Tinoco,11,Brasil,,2 de diciembre de 1904,Brasil
4750,Tisir Al Antaif,4,Arabia Saudita,1.83 m,16 de febrero de 1974,Arabia Saudita
1813,Tita,11,Brasil,,1 de abril de 1958,Brasil
446,Titus Bubernik,67,República Checa,,12 de octubre de 1933,República Checa
7573,Tivadar Monostori,42,Hungría,,24 de marzo de 1936,Hungría
4677,Tjaak Pattiwael,43,Indonesia,,23 de febrero de 1914,Indonesia
3451,Tobias Linderoth,73,Suecia,1.77 m,21 de abril de 1979,Suecia
6544,Toby Alderweireld,13,Bélgica,1.86 m,2 de marzo de 1989,Bélgica
2925,Todor Diev,12,Bulgaria,,28 de enero de 1934,Bulgaria
2959,Todor Kolev,12,Bulgaria,,29 de abril de 1942,Bulgaria
2742,Tom Amrhein,35,Estados Unidos,,1 de enero de 1911,Estados Unidos
2531,Tom Baker,37,Gales,,6 de abril de 1936,Gales
7261,Tom Boyd,52,Jamaica,,24 de noviembre de 1965,Jamaica
2243,Tom Finney,47,Irlanda del Norte,,5 de abril de 1922,Irlanda del Norte
2799,Tom Florie,35,Estados Unidos,,6 de septiembre de 1897,Estados Unidos
2326,Tom Forsyth,31,Escocia,,23 de enero de 1949,Escocia
2555,Tom Lockyer,37,Gales,1.85 m,3 de diciembre de 1994,Gales
2837,Tom Lynch,35,Estados Unidos,,,Estados Unidos
7358,Tom Rogic,7,Australia,1.88 m,16 de noviembre de 1992,Australia
3529,Tom Turesson,73,Suecia,,17 de mayo de 1942,Suecia
5075,Tomas,34,España,,9 de agosto de 1960,España
3351,Tomas Antonelius,73,Suecia,1.79 m,7 de mayo de 1973,Suecia
7653,Tomas Balcazar,56,México,,21 de diciembre de 1931,México
7665,Tomas Boy,56,México,,6 de junio de 1952,México
3366,Tomas Brolin,73,Suecia,,29 de noviembre de 1969,Suecia
2426,Tomas Fernandez,25,Cuba,,1 de enero de 1915,Cuba
466,Tomas Galasek,67,República Checa,1.80 m,15 de enero de 1973,República Checa
514,Tomas Kriz,67,República Checa,,17 de marzo de 1959,República Checa
718,Tomas Ojeda,17,Chile,,20 de abril de 1910,Chile
7825,Tomas Pineda,56,México,,1 de enero de 1939,México
558,Tomas Pospichal,67,República Checa,,26 de junio de 1936,República Checa
564,Tomas Rosicky,67,República Checa,1.75 m,4 de octubre de 1980,República Checa
576,Tomas Skuhravy,67,República Checa,,7 de septiembre de 1965,República Checa
588,Tomas Ujfalusi,67,República Checa,1.85 m,24 de marzo de 1978,República Checa
3075,Tomasz Hajto,64,Polonia,1.87 m,16 de octubre de 1972,Polonia
3092,Tomasz Klos,64,Polonia,1.86 m,7 de marzo de 1973,Polonia
3109,Tomasz Kuszczak,64,Polonia,1.91 m,20 de marzo de 1982,Polonia
3150,Tomasz Rzasa,64,Polonia,1.81 m,11 de marzo de 1973,Polonia
3173,Tomasz Waldoch,64,Polonia,1.87 m,10 de mayo de 1971,Polonia
7322,Tomi Juric,7,Australia,1.91 m,22 de julio de 1991,Australia
1088,Tomislav Butina,24,Croacia,1.91 m,30 de marzo de 1974,Croacia
3557,Tomislav Crnkovic,71,Serbia,,17 de junio de 1929,Serbia
3597,Tomislav Ivkovic,71,Serbia,,11 de agosto de 1960,Serbia
1208,Tommy Banks,44,Inglaterra,,10 de noviembre de 1929,Inglaterra
2231,Tommy Casey,47,Irlanda del Norte,,11 de marzo de 1930,Irlanda del Norte
2232,Tommy Cassidy,47,Irlanda del Norte,,18 de noviembre de 1950,Irlanda del Norte
7449,Tommy Coyne,46,Irlanda,,14 de noviembre de 1962,Irlanda
2316,Tommy Docherty,31,Escocia,,24 de abril de 1928,Escocia
2246,Tommy Hamill,47,Irlanda del Norte,,,Irlanda del Norte
2347,Tommy Hutchinson,31,Escocia,,22 de septiembre de 1947,Escocia
7350,Tommy Oar,7,Australia,1.70 m,10 de diciembre de 1991,Australia
5138,Tommy Smith,59,Nueva Zelanda,1.87 m,31 de marzo de 1990,Nueva Zelanda
3522,Tommy Svensson,73,Suecia,,4 de marzo de 1945,Suecia
6488,Tommy Taylor,60,Paises Bajos,,29 de enero de 1932,Paises Bajos
1437,Tommy Wright,44,Inglaterra,,21 de octubre de 1944,Inglaterra
2418,Tommy Younger,31,Escocia,,10 de abril de 1930,Escocia
121,Tomoaki Makino,53,Japón,1.82 m,11 de mayo de 1987,Japón
134,Tomokazu Myojin,53,Japón,1.73 m,24 de enero de 1978,Japón
8038,Toni Allemann,74,Suiza,,6 de enero de 1936,Suiza
6189,Toni Kroos,1,Alemania,1.82 m,4 de enero de 1990,Alemania
4626,Toni Polster,8,Austria,,10 de marzo de 1964,Austria
4639,Toni Schall,8,Austria,,22 de junio de 1907,Austria
8028,Toni Sunjic,10,Bosnia-Herzegovina,1.92 m,15 de diciembre de 1988,Bosnia-Herzegovina
6305,Toni Turek,1,Alemania,,18 de enero de 1919,Alemania
1814,Toninho,11,Brasil,,7 de junio de 1948,Brasil
1815,Toninho Cerezo,11,Brasil,,21 de abril de 1955,Brasil
1193,Tony Adams,44,Inglaterra,,10 de octubre de 1966,Inglaterra
7447,Tony Cascarino,46,Irlanda,,1 de septiembre de 1962,Irlanda
1262,Tony Dorigo,44,Inglaterra,,31 de diciembre de 1965,Inglaterra
5123,Tony Lochhead,59,Nueva Zelanda,1.83 m,12 de enero de 1982,Nueva Zelanda
2848,Tony Meola,35,Estados Unidos,1.85 m,21 de febrero de 1969,Estados Unidos
7353,Tony Popovic,7,Australia,1.93 m,4 de julio de 1973,Australia
2877,Tony Sanneh,35,Estados Unidos,1.88 m,1 de junio de 1971,Estados Unidos
1072,Tony Sylva,70,Senegal,1.85 m,17 de mayo de 1975,Senegal
1433,Tony Woodcock,44,Inglaterra,,6 de diciembre de 1955,Inglaterra
6457,Toon Oprinsen,60,Paises Bajos,,25 de noviembre de 1910,Paises Bajos
3474,Torbjorn Nilsson,73,Suecia,,9 de julio de 1954,Suecia
7403,Tore Andre Flo,58,Noruega,,15 de junio de 1973,Noruega
3432,Tore Keller,73,Suecia,,4 de enero de 1905,Suecia
3523,Tore Svensson,73,Suecia,,6 de diciembre de 1927,Suecia
6100,Torsten Frings,1,Alemania,1.82 m,22 de noviembre de 1976,Alemania
3447,Torsten Lindberg,73,Suecia,,14 de abril de 1917,Suecia
2380,Tosh Mckinlay,31,Escocia,,3 de diciembre de 1964,Escocia
159,Toshihide Saito,53,Japón,,20 de abril de 1973,Japón
81,Toshihiro Aoyama,53,Japón,1.74 m,22 de febrero de 1986,Japón
91,Toshihiro Hattori,53,Japón,1.78 m,23 de septiembre de 1973,Japón
1816,Tostao,11,Brasil,,25 de enero de 1947,Brasil
3756,Toza Veselinovic,71,Serbia,,22 de octubre de 1930,Serbia
4368,Tranquilino Garcete,62,Paraguay,,1 de enero de 1907,Paraguay
8047,Tranquillo Barnetta,74,Suiza,1.76 m,22 de mayo de 1985,Suiza
1194,Trent Alexander-Arnold,44,Inglaterra,1.75 m,7 de octubre de 1998,Inglaterra
7364,Trent Sainsbury,7,Australia,1.83 m,5 de enero de 1992,Australia
1224,Trevor Brooking,44,Inglaterra,,2 de octubre de 1948,Inglaterra
5243,Trevor Edwards,6,Argentina,,24 de enero de 1937,Argentina
1997,Trevor Francis,22,Costa Rica,,19 de abril de 1954,Costa Rica
1393,Trevor Sinclair,44,Inglaterra,1.77 m,2 de marzo de 1973,Inglaterra
1402,Trevor Steven,44,Inglaterra,,21 de septiembre de 1963,Inglaterra
2949,Trifon Ivanov,12,Bulgaria,,27 de julio de 1965,Bulgaria
4271,Trols Rasmussen,26,Dinamarca,,7 de abril de 1961,Dinamarca
3004,Tsanko Tsvetanov,12,Bulgaria,,6 de enero de 1970,Bulgaria
8259,Tsepo Masilela,72,Sudáfrica,1.74 m,5 de mayo de 1985,Sudáfrica
6828,Tshinabu Wa Munda,66,RD Congo,,8 de mayo de 1946,RD Congo
3007,Tsonyo Vasilev,12,Bulgaria,,7 de enero de 1952,Bulgaria
126,Tsuneyasu Miyamoto,53,Japón,1.76 m,7 de febrero de 1977,Japón
6824,Tubilandu Ndimbi,66,RD Congo,,15 de marzo de 1948,RD Congo
5469,Tugay Kerimoglu,77,Turquía,1.75 m,24 de agosto de 1970,Turquía
8107,Tullio Grassi,74,Suiza,,5 de febrero de 1910,Suiza
4876,Txiki Beguiristain,34,España,,12 de agosto de 1964,España
6542,Tyler Adams,13,Bélgica,1.75 m,14 de febrero de 1999,Bélgica
6444,Tyrell Malacia,60,Paises Bajos,1.70 m,17 de agosto de 1999,Paises Bajos
4467,Tyronne Ebuehi,57,Nigeria,1.87 m,16 de diciembre de 1995,Nigeria
5255,Ubaldo Fillol,6,Argentina,,21 de julio de 1950,Argentina
4503,Uche Nwofor,57,Nigeria,1.84 m,17 de septiembre de 1991,Nigeria
4515,Uche Okafor,57,Nigeria,,8 de agosto de 1967,Nigeria
4516,Uche Okechukwu,57,Nigeria,,27 de septiembre de 1967,Nigeria
5625,Ugo Ferrante,51,Italia,,18 de julio de 1945,Italia
5665,Ugo Locatelli,51,Italia,,5 de febrero de 1916,Italia
6979,Ui-jo Hwang,21,Corea del Sur,1.84 m,28 de agosto de 1992,Corea del Sur
6171,Ulf Kirsten,1,Alemania,,4 de diciembre de 1965,Alemania
6059,Uli Biesinger,1,Alemania,,6 de agosto de 1933,Alemania
6142,Uli Hoeness,1,Alemania,,5 de enero de 1952,Alemania
6287,Uli Stielike,1,Alemania,,15 de noviembre de 1954,Alemania
7698,Ulises De La Cruz,56,México,1.78 m,8 de febrero de 1974,México
729,Ulises Poirier,17,Chile,,2 de febrero de 1897,Chile
4016,Ulrich Rame,36,Francia,1.87 m,19 de septiembre de 1972,Francia
6285,Ulrich Stein,1,Alemania,,23 de octubre de 1954,Alemania
6508,Ulrich Van Gobbel,60,Paises Bajos,,16 de enero de 1971,Paises Bajos
3418,Ulrik Jansson,73,Suecia,,2 de febrero de 1968,Suecia
5564,Umberto Caligaris,51,Italia,,26 de julio de 1901,Italia
5460,Umit Davala,77,Turquía,1.86 m,30 de julio de 1973,Turquía
5479,Umit Ozat,77,Turquía,1.83 m,30 de octubre de 1976,Turquía
5409,Unai Simón,6,Argentina,1.90 m,11 de junio de 1997,Argentina
5974,Urbano Rivera,80,Uruguay,,1 de abril de 1926,Uruguay
7644,Uriel Antuna,56,México,1.67 m,21 de agosto de 1997,México
3707,Uros Racic,71,Serbia,1.93 m,17 de marzo de 1998,Serbia
3728,Uroš Spajić,71,Serbia,1.88 m,13 de febrero de 1993,Serbia
4469,Uwa Echiejile,57,Nigeria,1.98 m,20 de enero de 1988,Nigeria
6053,Uwe Bein,1,Alemania,,26 de septiembre de 1960,Alemania
6252,Uwe Rahn,1,Alemania,,21 de mayo de 1962,Alemania
6256,Uwe Reinders,1,Alemania,,19 de enero de 1955,Alemania
6281,Uwe Seeler,1,Alemania,,5 de noviembre de 1936,Alemania
476,Vaclav Horak,67,República Checa,,27 de septiembre de 1912,República Checa
478,Vaclav Hovorka,67,República Checa,,19 de septiembre de 1931,República Checa
526,Vaclav Masek,67,República Checa,,21 de marzo de 1941,República Checa
529,Vaclav Migas,67,República Checa,,16 de septiembre de 1944,República Checa
539,Vaclav Nemecek,67,República Checa,,25 de enero de 1967,República Checa
425,Vadim Yevtushenko,69,Rusia,,1 de enero de 1958,Rusia
320,Vagiz Khidiyatullin,69,Rusia,,3 de marzo de 1959,Rusia
4082,Vahid Amiri,48,Irán,1.79 m,2 de abril de 1988,Irán
3587,Vahid Halilhodzic,71,Serbia,,15 de octubre de 1952,Serbia
4117,Vahid Hashemian,48,Irán,1.82 m,21 de julio de 1976,Irán
4177,Vahid Talebloo,48,Irán,1.85 m,26 de mayo de 1982,Irán
2591,Vaios Karagiannis,39,Grecia,,25 de junio de 1968,Grecia
1817,Valdo,11,Brasil,,12 de enero de 1964,Brasil
1818,Valdomiro,11,Brasil,,17 de febrero de 1946,Brasil
246,Valentin Afonin,69,Rusia,,22 de diciembre de 1939,Rusia
268,Valentin Bubukin,69,Rusia,,23 de abril de 1933,Rusia
310,Valentin Ivanov,69,Rusia,,19 de noviembre de 1934,Rusia
8428,Valentín Pimentel,61,Panamá,1.85 m,30 de mayo de 1991,Panamá
8201,Valentin Stocker,74,Suiza,1.78 m,12 de abril de 1989,Suiza
266,Valeri Broshin,69,Rusia,,19 de octubre de 1962,Rusia
315,Valeri Karpin,69,Rusia,1.85 m,2 de febrero de 1969,Rusia
7123,Valeri Voronin,79,Ucrania,,17 de julio de 1939,Ucrania
429,Valeri Zikov,69,Rusia,,24 de febrero de 1944,Rusia
376,Valeriy Porkuyan,69,Rusia,,4 de octubre de 1944,Rusia
8049,Valon Behrami,74,Suiza,1.84 m,19 de abril de 1985,Suiza
3774,Valter Birsa,33,Eslovenia,1.80 m,7 de agosto de 1986,Eslovenia
1819,Vampeta,11,Brasil,1.82 m,13 de marzo de 1974,Brasil
2610,Vangelis Moras,39,Grecia,1.93 m,26 de agosto de 1981,Grecia
3658,Vanja Milinković-Savić,71,Serbia,2.02 m,20 de febrero de 1997,Serbia
2930,Vasil Dragolov,12,Bulgaria,,17 de agosto de 1962,Bulgaria
2972,Vasil Metodiev,12,Bulgaria,,6 de enero de 1935,Bulgaria
2977,Vasil Mitkov,12,Bulgaria,,17 de septiembre de 1943,Bulgaria
1863,Vasile Chiroiu,68,Rumania,,13 de agosto de 1910,Rumania
1872,Vasile Deheleanu,68,Rumania,,12 de agosto de 1910,Rumania
1889,Vasile Gherghely,68,Rumania,,28 de octubre de 1941,Rumania
2625,Vasileios Torosidis,39,Grecia,1.85 m,10 de junio de 1985,Grecia
380,Vasili Rats,69,Rusia,,25 de marzo de 1961,Rusia
3723,Vasilije Sijakovic,71,Serbia,,31 de julio de 1929,Serbia
2582,Vasilis Dimitriadis,39,Grecia,,1 de febrero de 1966,Grecia
280,Vasily Danilov,69,Rusia,,13 de mayo de 1941,Rusia
259,Vassili Berezutski,69,Rusia,1.89 m,20 de junio de 1982,Rusia
1820,Vava,11,Brasil,,12 de noviembre de 1934,Brasil
8018,Vedad Ibisevic,10,Bosnia-Herzegovina,1.88 m,6 de agosto de 1984,Bosnia-Herzegovina
1090,Vedran Corluka,24,Croacia,1.93 m,5 de febrero de 1986,Croacia
7409,Vegard Heggem,58,Noruega,,13 de julio de 1975,Noruega
3766,Velimir Zajec,71,Serbia,,12 de febrero de 1956,Serbia
3019,Velko Yotov,12,Bulgaria,,26 de agosto de 1970,Bulgaria
1821,Velloso,11,Brasil,,25 de septiembre de 1908,Brasil
1822,Veludo,11,Brasil,,7 de agosto de 1930,Brasil
5967,Venancio Ramos,80,Uruguay,,20 de junio de 1959,Uruguay
270,Viacheslav Chanov,69,Rusia,,23 de octubre de 1951,Rusia
279,Viacheslav Daev,69,Rusia,1.85 m,6 de septiembre de 1972,Rusia
2538,Vic Crowe,37,Gales,,31 de enero de 1932,Gales
3325,Vicente,65,Portugal,,24 de septiembre de 1935,Portugal
4694,Vicente Arraya,9,Bolivia,,25 de enero de 1922,Bolivia
4868,Vicente Asensi,34,España,,28 de enero de 1919,España
5090,Victor,34,España,,15 de marzo de 1957,España
5090,Victor,34,España,1.93 m,21 de enero de 1983,España
4691,Victor Algaranaz,9,Bolivia,,6 de abril de 1924,Bolivia
2640,Victor Aristizabal,19,Colombia,1.76 m,9 de diciembre de 1971,Colombia
256,Victor Bannikov,69,Rusia,,28 de abril de 1938,Rusia
193,Victor Bernardez,41,Honduras,1.87 m,24 de mayo de 1982,Honduras
4700,Victor Brown,9,Bolivia,,7 de marzo de 1927,Bolivia
5827,Victor Caceres,80,Uruguay,1.86 m,25 de marzo de 1985,Uruguay
272,Victor Chanov,69,Rusia,,21 de julio de 1959,Rusia
5859,Victor Diogo,80,Uruguay,,9 de abril de 1958,Uruguay
5865,Victor Esparrago,80,Uruguay,,6 de octubre de 1944,Uruguay
2681,Víctor Ibarbo,19,Colombia,1.88 m,19 de mayo de 1990,Colombia
4490,Victor Ikpeba,57,Nigeria,1.74 m,12 de junio de 1973,Nigeria
3448,Victor Lindelöf,73,Suecia,1.87 m,17 de julio de 1994,Suecia
6652,Victor Mees,13,Bélgica,,26 de enero de 1927,Bélgica
707,Victor Morales,17,Chile,,10 de mayo de 1905,Chile
4498,Victor Moses,57,Nigeria,1.78 m,12 de diciembre de 1990,Nigeria
941,Victor Ndip,14,Camerún,,18 de agosto de 1967,Camerún
4259,Victor Nelsson,26,Dinamarca,1.85 m,14 de octubre de 1998,Dinamarca
7805,Victor Nunez,56,México,1.78 m,15 de abril de 1980,México
4506,Victor Obinna,57,Nigeria,1.78 m,25 de marzo de 1987,Nigeria
7835,Victor Rangel,56,México,,11 de marzo de 1957,México
5809,Victor Rodriguez Andrade,80,Uruguay,,14 de febrero de 1927,Uruguay
4745,Victor Ugarte,9,Bolivia,,5 de mayo de 1926,Bolivia
5085,Victor Valdes,34,España,1.83 m,14 de enero de 1982,España
5900,Victoriano Iriarte,80,Uruguay,,1 de noviembre de 1902,Uruguay
4382,Victoriano Leguizamon,62,Paraguay,,1 de enero de 1923,Paraguay
7434,Vidar Riseth,58,Noruega,,21 de abril de 1972,Noruega
2913,Vidin Apostolov,12,Bulgaria,,17 de octubre de 1941,Bulgaria
3326,Vieirinha,65,Portugal,1.73 m,24 de enero de 1986,Portugal
3896,Vikash Dhorasoo,36,Francia,1.68 m,10 de octubre de 1973,Francia
272,Viktor Chanov,69,Rusia,,21 de julio de 1959,Rusia
3369,Viktor Claesson,73,Suecia,1.83 m,2 de enero de 1992,Suecia
290,Viktor Faizulin,69,Rusia,1.82 m,22 de abril de 1986,Rusia
6093,Viktor Fischer,1,Alemania,1.80 m,9 de junio de 1994,Alemania
300,Viktor Getmanov,69,Rusia,,4 de mayo de 1940,Rusia
312,Viktor Kanevski,69,Rusia,,3 de octubre de 1936,Rusia
369,Viktor Onopko,69,Rusia,1.89 m,14 de octubre de 1969,Rusia
373,Viktor Ponedelnik,69,Rusia,,22 de mayo de 1937,Rusia
394,Viktor Serebryanikov,69,Rusia,,29 de marzo de 1940,Rusia
412,Viktor Tsaryov,69,Rusia,,2 de junio de 1931,Rusia
482,Viliam Hyravy,67,República Checa,,26 de noviembre de 1962,República Checa
570,Viliam Schrojf,67,República Checa,,2 de agosto de 1931,República Checa
7553,Vilmos Kohut,42,Hungría,,17 de julio de 1906,Hungría
7313,Vince Grella,7,Australia,1.83 m,5 de octubre de 1979,Australia
861,Vincent Aboubakar,14,Camerún,1.76 m,22 de enero de 1992,Camerún
3862,Vincent Candela,36,Francia,1.80 m,24 de octubre de 1973,Francia
4477,Vincent Enyeama,57,Nigeria,1.85 m,29 de agosto de 1982,Nigeria
6423,Vincent Janssen,60,Paises Bajos,1.84 m,15 de junio de 1994,Paises Bajos
6643,Vincent Kompany,13,Bélgica,1.90 m,10 de abril de 1986,Bélgica
5360,Vincente Perez,6,Argentina,,,Argentina
5656,Vincenzo Iaquinta,51,Italia,1.86 m,21 de noviembre de 1979,Italia
5693,Vincenzo Montella,51,Italia,1.72 m,18 de junio de 1974,Italia
1824,Vinicius Junior,11,Brasil,1.76 m,12 de julio de 2000,Brasil
1867,Vintila Cossini,68,Rumania,,21 de noviembre de 1913,Rumania
5790,Viola,51,Italia,,1 de enero de 1969,Italia
1910,Viorel Moldovan,68,Rumania,,8 de agosto de 1972,Rumania
6507,Virgil Van Dijk,60,Paises Bajos,1.95 m,8 de julio de 1991,Paises Bajos
5827,Virginio Caceres,80,Uruguay,,21 de mayo de 1962,Uruguay
5751,Virginio Rosetta,51,Italia,,25 de febrero de 1902,Italia
6554,Vital Borkelmans,13,Bélgica,,1 de junio de 1963,Bélgica
281,Vitali Daraselia,69,Rusia,,9 de octubre de 1957,Rusia
322,Vitali Khmelnitski,69,Rusia,,12 de junio de 1943,Rusia
3327,Vitinha,65,Portugal,1.72 m,13 de febrero de 2000,Portugal
3328,Vitor Baia,65,Portugal,1.84 m,15 de octubre de 1969,Portugal
8105,Vittore Gottardi,74,Suiza,,24 de septiembre de 1941,Suiza
1197,Viv Anderson,44,Inglaterra,,29 de julio de 1956,Inglaterra
3543,Vladimir Beara,71,Serbia,,2 de noviembre de 1928,Serbia
258,Vladimir Belyayev,69,Rusia,,,Rusia
260,Vladimir Beschastnykh,69,Rusia,1.87 m,1 de abril de 1974,Rusia
261,Vladimir Bessonov,69,Rusia,,5 de marzo de 1958,Rusia
638,Vladimir Bigorra,17,Chile,,9 de agosto de 1954,Chile
3573,Vladimir Durkovic,71,Serbia,,6 de noviembre de 1937,Serbia
3578,Vladimir Firm,71,Serbia,,1 de enero de 1923,Serbia
296,Vladimir Gabulov,69,Rusia,1.90 m,19 de octubre de 1983,Rusia
304,Vladimir Granat,69,Rusia,1.84 m,22 de mayo de 1987,Rusia
469,Vladimir Hagara,67,República Checa,,7 de noviembre de 1943,República Checa
480,Vladimir Hrivnak,67,República Checa,,23 de abril de 1945,República Checa
3611,Vladimir Jugovic,71,Serbia,,30 de agosto de 1969,Serbia
314,Vladimir Kaplichni,69,Rusia,,26 de febrero de 1944,Rusia
318,Vladimir Kesarev,69,Rusia,,26 de febrero de 1930,Rusia
497,Vladimir Kinier,67,República Checa,,6 de abril de 1958,República Checa
504,Vladimir Kos,67,República Checa,,9 de agosto de 1935,República Checa
3625,Vladimir Kovacevic,71,Serbia,,7 de enero de 1940,Serbia
345,Vladimir Liutyi,69,Rusia,,20 de abril de 1962,Rusia
354,Vladimir Maslachenko,69,Rusia,,5 de marzo de 1936,Rusia
363,Vladimir Muntyan,69,Rusia,,14 de septiembre de 1946,Rusia
3700,Vladimir Petrovic,71,Serbia,,1 de julio de 1955,Serbia
374,Vladimir Ponomaryov,69,Rusia,,18 de febrero de 1940,Rusia
7353,Vladimir Popovic,7,Australia,,17 de marzo de 1935,Australia
2038,Vladimir Quesada,22,Costa Rica,,12 de mayo de 1966,Costa Rica
4741,Vladimir Soria,9,Bolivia,,15 de julio de 1964,Bolivia
3741,Vladimir Stojkovic,71,Serbia,1.95 m,28 de julio de 1983,Serbia
1160,Vladimir Vasilj,24,Croacia,1.88 m,6 de julio de 1975,Croacia
815,Vladimir Weiss,32,Eslovaquia,1.76 m,30 de noviembre de 1989,Eslovaquia
815,Vladimir Weiss,32,Eslovaquia,,22 de septiembre de 1964,Eslovaquia
422,Vladimir Yerokhin,69,Rusia,,10 de abril de 1930,Rusia
7124,Vladimir Yezerskyi,79,Ucrania,1.83 m,15 de noviembre de 1976,Ucrania
4422,Vladimiro Schettina,62,Paraguay,,8 de octubre de 1955,Paraguay
5209,Vladislao Cap,6,Argentina,,5 de julio de 1934,Argentina
3547,Vladislav Bogicevic,71,Serbia,,7 de noviembre de 1950,Serbia
474,Vladislav Hlavacek,67,República Checa,,26 de junio de 1925,República Checa
409,Vladislav Ternavski,69,Rusia,,2 de mayo de 1969,Rusia
7121,Vladyslav Vashchuk,79,Ucrania,1.80 m,2 de enero de 1975,Ucrania
503,Vlastimil Kopecky,67,República Checa,,14 de octubre de 1912,República Checa
549,Vlastimil Petrzela,67,República Checa,,20 de julio de 1953,República Checa
3697,Vlastimir Petkovic,71,Serbia,,,Serbia
3646,Vlatko Markovic,71,Serbia,,1 de enero de 1937,Serbia
3011,Voin Voinov,12,Bulgaria,,7 de septiembre de 1952,Bulgaria
3649,Vojislav Melic,71,Serbia,,5 de enero de 1940,Serbia
445,Vojtech Bradac,67,República Checa,,6 de octubre de 1913,República Checa
5093,Voro,34,España,,9 de octubre de 1963,España
520,Vratislav Lokvenc,67,República Checa,1.96 m,27 de septiembre de 1973,República Checa
3549,Vujadin Boskov,71,Serbia,,16 de mayo de 1931,Serbia
3733,Vujadin Stanojkovic,71,Serbia,,10 de septiembre de 1963,Serbia
7119,Vyacheslav Sviderskyi,79,Ucrania,1.85 m,1 de enero de 1979,Ucrania
117,Wagner Lopes,53,Japón,,29 de enero de 1969,Japón
7220,Wahbi Khazri,78,Túnez,1.82 m,8 de febrero de 1991,Túnez
7216,Wajdi Kechrida,78,Túnez,1.77 m,5 de noviembre de 1995,Túnez
1826,Waldemar De Britto,11,Brasil,,17 de mayo de 1913,Brasil
3124,Waldemar Matysik,64,Polonia,,27 de septiembre de 1961,Polonia
3296,Waldir Peres,65,Portugal,,2 de enero de 1951,Portugal
730,Waldo Ponce,17,Chile,1.83 m,4 de diciembre de 1982,Chile
1828,Waldyr,11,Brasil,,21 de marzo de 1912,Brasil
7960,Walid Al Mubarak,30,Emiratos Arabes,,18 de noviembre de 1959,Emiratos Arabes
8328,Walid Cheddira,55,Marruecos,1.87 m,22 de enero de 1998,Marruecos
2907,Walker Zimmerman,35,Estados Unidos,1.90 m,19 de mayo de 1993,Estados Unidos
10,Walter Ayovi,27,Ecuador,1.71 m,11 de agosto de 1979,Ecuador
2746,Walter Bahr,35,Estados Unidos,,1 de abril de 1927,Estados Unidos
8048,Walter Beerli,74,Suiza,,23 de julio de 1928,Suiza
7261,Walter Boyd,52,Jamaica,,1 de enero de 1972,Jamaica
3038,Walter Brom,64,Polonia,,14 de febrero de 1921,Polonia
1980,Walter Centeno,22,Costa Rica,1.74 m,6 de octubre de 1974,Costa Rica
5845,Walter Corbo,80,Uruguay,,2 de mayo de 1949,Uruguay
2786,Walter Dick,35,Estados Unidos,,20 de septiembre de 1905,Estados Unidos
8080,Walter Eich,74,Suiza,,27 de mayo de 1925,Suiza
5878,Walter Gargano,80,Uruguay,1.68 m,23 de julio de 1984,Uruguay
1829,Walter Goulart,11,Brasil,,17 de junio de 1912,Brasil
4577,Walter Haummer,8,Austria,,22 de noviembre de 1928,Austria
4584,Walter Horak,8,Austria,,1 de junio de 1931,Austria
4595,Walter Kogler,8,Austria,,12 de diciembre de 1967,Austria
4597,Walter Kollmann,8,Austria,,17 de junio de 1932,Austria
5915,Walter Mantegazza,80,Uruguay,,17 de junio de 1952,Uruguay
7780,Walter Martinez,56,México,1.66 m,24 de marzo de 1982,México
6653,Walter Meeuws,13,Bélgica,,11 de julio de 1951,Bélgica
5396,Walter Samuel,6,Argentina,1.82 m,23 de marzo de 1978,Argentina
4638,Walter Schachner,8,Austria,,1 de febrero de 1957,Austria
4640,Walter Schleger,8,Austria,,19 de septiembre de 1929,Austria
6011,Walter Taibo,80,Uruguay,,7 de marzo de 1931,Uruguay
8222,Walter Weiler,74,Suiza,,4 de diciembre de 1903,Suiza
4668,Walter Zeman,8,Austria,,1 de mayo de 1927,Austria
5796,Walter Zenga,51,Italia,,28 de abril de 1960,Italia
1962,Wardy Alfaro,22,Costa Rica,1.80 m,31 de diciembre de 1977,Costa Rica
7260,Warren Barrett,52,Jamaica,,7 de septiembre de 1970,Jamaica
5945,Washington Ortuno,80,Uruguay,,13 de mayo de 1928,Uruguay
86,Wataru Endo,53,Japón,1.78 m,9 de febrero de 1993,Japón
1997,Waylon Francis,22,Costa Rica,1.77 m,20 de septiembre de 1990,Costa Rica
2458,Wayne Bridge,15,Canadá,1.77 m,5 de agosto de 1980,Canadá
2545,Wayne Heennesey,37,Gales,1.98 m,24 de enero de 1987,Gales
1380,Wayne Rooney,44,Inglaterra,1.76 m,24 de octubre de 1985,Inglaterra
5492,Wei Du,18,China,1.87 m,9 de febrero de 1982,China
5498,Weifeng Li,18,China,1.82 m,26 de enero de 1978,China
7867,Wellington Sanchez,56,México,1.82 m,19 de junio de 1974,México
2508,Werner Friese,2,Alemania Oriental,,30 de marzo de 1946,Alemania Oriental
6181,Werner Kohlmeyer,1,Alemania,,19 de abril de 1924,Alemania
6184,Werner Kraemer,1,Alemania,,23 de enero de 1940,Alemania
8138,Werner Leimgruber,74,Suiza,,2 de septiembre de 1934,Suiza
6200,Werner Liebrich,1,Alemania,,18 de enero de 1927,Alemania
7429,Werner Nilsen,58,Noruega,,24 de febrero de 1904,Noruega
1225,Wes Brown,44,Inglaterra,1.85 m,13 de octubre de 1979,Inglaterra
6481,Wesley Sneijder,60,Paises Bajos,1.70 m,9 de junio de 1984,Paises Bajos
6697,Wesley Sonck,13,Bélgica,1.74 m,9 de agosto de 1978,Bélgica
2846,Weston McKennie,35,Estados Unidos,1.85 m,28 de agosto de 1998,Estados Unidos
1830,Weverton,11,Brasil,1.89 m,13 de diciembre de 1987,Brasil
2239,Wilbur Cush,47,Irlanda del Norte,,10 de junio de 1928,Irlanda del Norte
2139,Wilder Cartagena,63,Perú,1.80 m,23 de septiembre de 1994,Perú
1331,Wilf Mannion,44,Inglaterra,,16 de mayo de 1918,Inglaterra
4447,Wilfred Agbonavbare,57,Nigeria,,5 de octubre de 1966,Nigeria
2448,Wilfred Louis,40,Haití,,25 de octubre de 1949,Haití
4500,Wilfred Ndidi,57,Nigeria,1.87 m,16 de diciembre de 1996,Nigeria
5201,Wilfredo Caballero,6,Argentina,1.86 m,28 de septiembre de 1981,Argentina
6767,Wilfried Bony,23,Costa de Marfil,1.82 m,10 de diciembre de 1988,Costa de Marfil
6122,Wilfried Hannes,1,Alemania,,17 de mayo de 1957,Alemania
6685,Wilfried Puis,13,Bélgica,,18 de febrero de 1943,Bélgica
6726,Wilfried Van Moer,13,Bélgica,,1 de marzo de 1945,Bélgica
3067,Wilhelm Gora,64,Polonia,,18 de enero de 1916,Polonia
6118,Wilhelm Hahnemann,1,Alemania,,14 de abril de 1914,Alemania
4605,Wilhelm Kreuz,8,Austria,,29 de mayo de 1949,Austria
3142,Wilhelm Piec,64,Polonia,,7 de enero de 1915,Polonia
6357,Willem Anderiesen,60,Paises Bajos,,27 de noviembre de 1903,Paises Bajos
8249,Willem Jackson,72,Sudáfrica,,26 de marzo de 1972,Sudáfrica
6183,Willi Koslowski,1,Alemania,,17 de febrero de 1937,Alemania
4641,Willi Schmaus,8,Austria,,16 de junio de 1911,Austria
6275,Willi Schulz,1,Alemania,,4 de octubre de 1938,Alemania
864,William Andem,14,Camerún,,14 de junio de 1968,Camerún
3829,William Ayache,36,Francia,,10 de enero de 1961,Francia
3209,William Carvalho,65,Portugal,1.90 m,7 de abril de 1992,Portugal
5840,William Castro,80,Uruguay,,22 de mayo de 1962,Uruguay
3917,William Gallas,36,Francia,1.81 m,17 de agosto de 1977,Francia
4240,William Kvist,26,Dinamarca,1.85 m,24 de febrero de 1985,Dinamarca
7780,William Martinez,56,México,,13 de enero de 1928,México
8269,William Mokoena,72,Sudáfrica,,31 de marzo de 1975,Sudáfrica
54,William Pacho,27,Ecuador,1.88 m,16 de octubre de 2001,Ecuador
4034,William Saliba,36,Francia,1.92 m,24 de marzo de 2001,Francia
1394,William Slater,44,Inglaterra,,29 de abril de 1927,Inglaterra
2050,William Sun Sing,22,Costa Rica,1.84 m,12 de mayo de 1977,Costa Rica
4535,William Troost-Ekong,57,Nigeria,1.91 m,1 de septiembre de 1993,Nigeria
1959,William Zombory,68,Rumania,,11 de enero de 1906,Rumania
1831,Willian,11,Brasil,1.74 m,9 de agosto de 1988,Brasil
6188,Willibald Kress,1,Alemania,,13 de noviembre de 1906,Alemania
6271,Willibald Schmaus,1,Alemania,,16 de junio de 1911,Alemania
7450,Willie Cunningham,46,Irlanda,,22 de febrero de 1925,Irlanda
7450,Willie Cunningham,46,Irlanda,,20 de febrero de 1930,Irlanda
2317,Willie Donachie,31,Escocia,,5 de octubre de 1951,Escocia
2323,Willie Fernie,31,Escocia,,22 de noviembre de 1928,Escocia
2352,Willie Johnston,31,Escocia,,19 de diciembre de 1946,Escocia
2388,Willie Miller,31,Escocia,,2 de mayo de 1955,Escocia
2390,Willie Morgan,31,Escocia,,2 de octubre de 1944,Escocia
2396,Willie Ormond,31,Escocia,,23 de febrero de 1927,Escocia
1422,Willie Watson,44,Inglaterra,,3 de marzo de 1920,Inglaterra
8039,Willy Allemann,74,Suiza,,10 de junio de 1942,Suiza
6073,Willy Busch,1,Alemania,,4 de enero de 1907,Alemania
6105,Willy Giesemann,1,Alemania,,2 de septiembre de 1937,Alemania
8117,Willy Huber,74,Suiza,,17 de diciembre de 1913,Suiza
8125,Willy Jaeggi,74,Suiza,,28 de julio de 1906,Suiza
8128,Willy Kernen,74,Suiza,,6 de agosto de 1929,Suiza
4520,Willy Okpara,57,Nigeria,,7 de mayo de 1968,Nigeria
4031,Willy Sagnol,36,Francia,1.80 m,18 de marzo de 1977,Francia
6500,Willy Van De Kerkhof,60,Paises Bajos,,16 de septiembre de 1951,Paises Bajos
8214,Willy Von Kaenel,74,Suiza,,30 de octubre de 1909,Suiza
2644,Wílmar Barrios,19,Colombia,1.78 m,16 de octubre de 1993,Colombia
5826,Wilmar Cabrera,80,Uruguay,,31 de julio de 1959,Uruguay
5826,Wilmer Cabrera,80,Uruguay,,15 de septiembre de 1967,Uruguay
2016,Wilmer Lopez,22,Costa Rica,1.73 m,3 de agosto de 1971,Costa Rica
2449,Wilner Nazaire,40,Haití,,30 de marzo de 1950,Haití
2450,Wilner Piquant,40,Haití,,4 de diciembre de 1951,Haití
4527,Wilson Oruma,57,Nigeria,,30 de diciembre de 1976,Nigeria
233,Wilson Palacios,41,Honduras,1.76 m,29 de julio de 1984,Honduras
2707,Wilson Perez,19,Colombia,,9 de agosto de 1967,Colombia
1832,Wilson Piazza,11,Brasil,,25 de febrero de 1943,Brasil
6422,Wim Jansen,60,Paises Bajos,,28 de octubre de 1946,Paises Bajos
6425,Wim Jonk,60,Paises Bajos,,12 de octubre de 1966,Paises Bajos
6427,Wim Kieft,60,Paises Bajos,,12 de noviembre de 1962,Paises Bajos
6440,Wim Langendaal,60,Paises Bajos,,13 de abril de 1909,Paises Bajos
6470,Wim Rijsbergen,60,Paises Bajos,,18 de enero de 1952,Paises Bajos
6486,Wim Suurbier,60,Paises Bajos,,16 de enero de 1945,Paises Bajos
6509,Wim Van Hanegem,60,Paises Bajos,,20 de febrero de 1944,Paises Bajos
6367,Winston Bogarde,60,Paises Bajos,,22 de octubre de 1970,Paises Bajos
2035,Winston Parks,22,Costa Rica,1.82 m,12 de octubre de 1981,Costa Rica
5133,Winston Reid,59,Nueva Zelanda,1.90 m,3 de julio de 1988,Nueva Zelanda
3163,Wladyslaw Szszepaniak,64,Polonia,,19 de mayo de 1910,Polonia
3187,Wladyslaw Zmuda,64,Polonia,,6 de junio de 1954,Polonia
3115,Wlodek Lubanski,64,Polonia,,28 de febrero de 1947,Polonia
3156,Wlodimierz Smolarek,64,Polonia,,16 de julio de 1957,Polonia
3045,Wlodzimierz Ciolek,64,Polonia,,24 de marzo de 1956,Polonia
3125,Wlodzimierz Mazur,64,Polonia,,18 de abril de 1954,Polonia
3148,Wojciech Rudy,64,Polonia,,24 de octubre de 1952,Polonia
3161,Wojciech Szczęsny,64,Polonia,1.95 m,18 de abril de 1990,Polonia
2504,Wolfgang Blochwitz,2,Alemania Oriental,,8 de febrero de 1941,Alemania Oriental
6083,Wolfgang Dremmler,1,Alemania,,12 de julio de 1954,Alemania
6091,Wolfgang Fahrian,1,Alemania,,31 de mayo de 1941,Alemania
4562,Wolfgang Feiersinger,8,Austria,,30 de enero de 1965,Austria
6173,Wolfgang Kleff,1,Alemania,,16 de noviembre de 1946,Alemania
4592,Wolfgang Knaller,8,Austria,,9 de octubre de 1961,Austria
6239,Wolfgang Overath,1,Alemania,,29 de septiembre de 1943,Alemania
6242,Wolfgang Paul,1,Alemania,1.86 m,25 de enero de 1940,Alemania
6244,Wolfgang Peters,1,Alemania,,8 de enero de 1929,Alemania
6261,Wolfgang Rolff,1,Alemania,,26 de diciembre de 1959,Alemania
2520,Wolfgang Seguin,2,Alemania Oriental,,14 de septiembre de 1945,Alemania Oriental
6313,Wolfgang Weber,1,Alemania,,26 de junio de 1944,Alemania
2517,Wolfram Loewe,2,Alemania Oriental,,14 de mayo de 1945,Alemania Oriental
6940,Won Hee Cho,21,Corea del Sur,1.77 m,17 de abril de 1983,Corea del Sur
6984,Woo-yeong Jeong,21,Corea del Sur,1.80 m,20 de septiembre de 1999,Corea del Sur
6990,Woo-young Jung,21,Corea del Sur,1.86 m,4 de septiembre de 1989,Corea del Sur
6990,Woo-young Jung,21,Corea del Sur,1.88 m,14 de diciembre de 1989,Corea del Sur
7989,Woon Jae Lee,20,Corea del Norte,1.82 m,26 de abril de 1973,Corea del Norte
6618,Wout Faes,13,Bélgica,1.87 m,3 de abril de 1998,Bélgica
6533,Wout Weghorst,60,Paises Bajos,1.97 m,7 de agosto de 1992,Paises Bajos
5134,Wynton Rufer,59,Nueva Zelanda,,29 de diciembre de 1962,Nueva Zelanda
4857,Xabi Alonso,34,España,1.83 m,25 de noviembre de 1981,España
5095,Xavi,34,España,1.70 m,25 de enero de 1980,España
6479,Xavi Simons,60,Paises Bajos,1.79 m,21 de abril de 2003,Paises Bajos
5,Xavier Arreaga,27,Ecuador,1.84 m,28 de septiembre de 1994,Ecuador
8146,Xavier Margairaz,74,Suiza,1.85 m,7 de enero de 1984,Suiza
8200,Xavier Stierli,74,Suiza,,29 de octubre de 1940,Suiza
3978,Xerxes Louis,36,Francia,,31 de octubre de 1926,Francia
8190,Xherdan Shaqiri,74,Suiza,1.69 m,10 de octubre de 1991,Suiza
7991,Xiaopeng Li,20,Corea del Norte,1.82 m,5 de noviembre de 1976,Corea del Norte
6840,Yacine Bentala,5,Argelia,,24 de septiembre de 1955,Argelia
6845,Yacine Brahimi,5,Argelia,1.75 m,8 de febrero de 1990,Argelia
7081,Yae Seung Park,21,Corea del Sur,,1 de abril de 1923,Corea del Sur
8304,Yahia Attitat-Allal,55,Marruecos,1.76 m,2 de marzo de 1995,Marruecos
4815,Yahya Al-Shehri,4,Arabia Saudita,1.64 m,26 de junio de 1990,Arabia Saudita
4111,Yahya Golmohammadi,48,Irán,1.78 m,19 de marzo de 1971,Irán
8370,Yahya Jabrane,55,Marruecos,1.83 m,18 de junio de 1991,Marruecos
996,Yair Nossovsky,50,Israel,,29 de junio de 1937,Israel
4450,Yakubu Aiyegbeni,57,Nigeria,1.88 m,22 de noviembre de 1982,Nigeria
8193,Yann Sommer,74,Suiza,1.83 m,17 de diciembre de 1988,Suiza
6565,Yannick Carrasco,13,Bélgica,1.80 m,4 de septiembre de 1993,Bélgica
4045,Yannick Stopyra,36,Francia,,9 de enero de 1961,Francia
6909,Yao Aziawonou,75,Togo,1.85 m,30 de noviembre de 1979,Togo
5494,Yao Gao,18,China,1.85 m,13 de julio de 1977,China
6921,Yao Junior Senaya,75,Togo,1.67 m,19 de abril de 1984,Togo
4771,Yasser Al Kahtani,4,Arabia Saudita,1.66 m,10 de octubre de 1982,Arabia Saudita
4808,Yasser Al-Mosailem,4,Arabia Saudita,1.87 m,27 de febrero de 1984,Arabia Saudita
4813,Yasser Al-Shahrani,4,Arabia Saudita,1.71 m,25 de mayo de 1992,Arabia Saudita
4785,Yasser Al Taifi,4,Arabia Saudita,,10 de mayo de 1971,Arabia Saudita
8320,Yassine Bounou,55,Marruecos,1.90 m,5 de abril de 1991,Marruecos
7182,Yassine Chikhaoui,78,Túnez,1.87 m,22 de septiembre de 1986,Túnez
7233,Yassine Meriah,78,Túnez,1.83 m,2 de julio de 1993,Túnez
86,Yasuhito Endo,53,Japón,1.78 m,28 de enero de 1980,Japón
115,Yasuyuki Konno,53,Japón,1.78 m,25 de enero de 1983,Japón
6924,Yaya Toure,75,Togo,1.89 m,13 de mayo de 1983,Togo
6879,Yazid Mansouri,5,Argelia,1.75 m,25 de febrero de 1978,Argelia
994,Yechiel Hameiri,50,Israel,,20 de agosto de 1949,Israel
992,Yehezkel Chazom,50,Israel,,1 de enero de 1947,Israel
2051,Yeltsin Tejeda,22,Costa Rica,1.79 m,17 de marzo de 1992,Costa Rica
5021,Yeremi Pino,34,España,1.72 m,20 de octubre de 2002,España
2691,Yerry Mina,19,Colombia,1.95 m,23 de septiembre de 1994,Colombia
1002,Yeshaiyahu Schwager,50,Israel,,10 de febrero de 1946,Israel
5452,Yildiray Basturk,77,Turquía,1.68 m,24 de diciembre de 1978,Turquía
6962,Yo-han Go,21,Corea del Sur,1.70 m,10 de marzo de 1988,Corea del Sur
3928,Yoann Gourcuff,36,Francia,1.85 m,11 de julio de 1986,Francia
7170,Yohan Benalouane,78,Túnez,1.87 m,28 de marzo de 1987,Túnez
3859,Yohan Cabaye,36,Francia,1.75 m,14 de enero de 1986,Francia
84,Yoichi Doi,53,Japón,1.84 m,25 de julio de 1973,Japón
108,Yoichiro Kakitani,53,Japón,1.77 m,3 de enero de 1990,Japón
7987,Yong Dae Kim,20,Corea del Norte,1.86 m,11 de octubre de 1979,Corea del Norte
7968,Yong Hak An,20,Corea del Norte,1.82 m,25 de octubre de 1978,Corea del Norte
6960,Yong Hwan Chung,21,Corea del Sur,,10 de febrero de 1960,Corea del Sur
6938,Yong Hyung Cho,21,Corea del Sur,1.82 m,3 de noviembre de 1983,Corea del Sur
7973,Yong Jo Hong,20,Corea del Norte,1.74 m,22 de mayo de 1982,Corea del Norte
7986,Yong Jun Kim,20,Corea del Norte,1.82 m,19 de julio de 1983,Corea del Norte
7989,Yong Lee,20,Corea del Norte,1.80 m,24 de diciembre de 1986,Corea del Norte
6951,Yong Soo Choi,21,Corea del Sur,1.84 m,10 de septiembre de 1973,Corea del Sur
7995,Yoon Kyung Oh,20,Corea del Norte,,6 de agosto de 1941,Corea del Norte
110,Yoshikatsu Kawaguchi,53,Japón,1.80 m,15 de agosto de 1975,Japón
2224,Yoshimar Yotún,63,Perú,1.71 m,7 de abril de 1990,Perú
133,Yoshinori Muto,53,Japón,1.78 m,15 de julio de 1992,Japón
153,Yoshito Okubo,53,Japón,1.70 m,9 de junio de 1982,Japón
8310,Younès Belhanda,55,Marruecos,1.77 m,25 de febrero de 1990,Marruecos
7987,Young Chul Kim,20,Corea del Norte,1.83 m,30 de junio de 1976,Corea del Norte
7987,Young-Gwon Kim,20,Corea del Norte,1.86 m,27 de febrero de 1990,Corea del Norte
6953,Young Il Choi,21,Corea del Sur,,25 de abril de 1966,Corea del Sur
6939,Young Jeung Cho,21,Corea del Sur,,18 de agosto de 1954,Corea del Sur
7989,Young Jin Lee,20,Corea del Norte,,27 de octubre de 1963,Corea del Norte
7987,Young Kwang Kim,20,Corea del Norte,1.84 m,28 de junio de 1983,Corea del Norte
6980,Young Min Hyun,21,Corea del Sur,1.79 m,25 de diciembre de 1979,Corea del Sur
7058,Young Pyo Lee,21,Corea del Sur,1.77 m,23 de abril de 1977,Corea del Sur
7027,Young Se Kim,21,Corea del Sur,,21 de abril de 1960,Corea del Sur
7100,Young-sun Yun,21,Corea del Sur,1.85 m,4 de octubre de 1988,Corea del Sur
3905,Youri Djorkaeff,36,Francia,1.79 m,9 de marzo de 1968,Francia
6704,Youri Tielemans,13,Bélgica,1.76 m,7 de mayo de 1997,Bélgica
8297,Youssef Aït Bennasser,55,Marruecos,1.84 m,7 de julio de 1996,Marruecos
4787,Youssef Al Tunayan,4,Arabia Saudita,,18 de noviembre de 1963,Arabia Saudita
8330,Youssef Chippo,55,Marruecos,1.74 m,10 de mayo de 1973,Marruecos
8357,Youssef En-Nesyri,55,Marruecos,1.88 m,1 de junio de 1997,Marruecos
7238,Youssef Msakni,78,Túnez,1.75 m,28 de octubre de 1990,Túnez
8395,Youssef Rossi,55,Marruecos,,28 de junio de 1973,Marruecos
3914,Youssouf Fofana,36,Francia,1.78 m,10 de enero de 1999,Francia
1065,Youssouf Sabaly,70,Senegal,1.74 m,5 de marzo de 1993,Senegal
6221,Youssoufa Moukoko,1,Alemania,1.79 m,20 de noviembre de 2004,Alemania
2044,Youstin Salas,22,Costa Rica,1.73 m,17 de junio de 1996,Costa Rica
6343,Yousuf Hassan,16,Catar,1.86 m,24 de mayo de 1996,Catar
7964,Yousuf Hussain,30,Emiratos Arabes,,8 de julio de 1965,Emiratos Arabes
384,Yozhef Sabo,69,Rusia,,29 de febrero de 1940,Rusia
6940,Yu-min Cho,21,Corea del Sur,1.82 m,17 de noviembre de 1996,Corea del Sur
114,Yuichi Komano,53,Japón,1.71 m,25 de julio de 1981,Japón
143,Yuji Nakazawa,53,Japón,1.87 m,25 de febrero de 1978,Japón
79,Yuki Abe,53,Japón,1.77 m,6 de septiembre de 1981,Japón
168,Yuki Soma,53,Japón,1.66 m,25 de febrero de 1997,Japón
7995,Yun Kyo Oh,20,Corea del Norte,,25 de mayo de 1960,Corea del Norte
7975,Yun Nam Ji,20,Corea del Norte,1.72 m,20 de noviembre de 1976,Corea del Norte
6953,Yung Keun Choi,21,Corea del Sur,,8 de febrero de 1923,Corea del Sur
7987,Yung Kil Kim,20,Corea del Norte,,29 de enero de 1944,Corea del Norte
6954,Yung Kwang Chu,21,Corea del Sur,,15 de julio de 1931,Corea del Sur
8008,Yung Kyoo Shin,20,Corea del Norte,,30 de marzo de 1942,Corea del Norte
7971,Yung Won Ha,20,Corea del Norte,,20 de abril de 1942,Corea del Norte
5508,Yunlong Xu,18,China,1.81 m,17 de febrero de 1979,China
2854,Yunus Musah,35,Estados Unidos,1.77 m,29 de noviembre de 2002,Estados Unidos
291,Yuri Falin,69,Rusia,,2 de abril de 1937,Rusia
298,Yuri Gavrilov,69,Rusia,,3 de mayo de 1953,Rusia
332,Yuri Kovtun,69,Rusia,1.89 m,5 de enero de 1970,Rusia
366,Yuri Nikiforov,69,Rusia,1.88 m,16 de septiembre de 1970,Rusia
407,Yuri Susloparov,69,Rusia,,14 de agosto de 1958,Rusia
416,Yuri Voinov,69,Rusia,,29 de noviembre de 1931,Rusia
428,Yuri Zhirkov,69,Rusia,1.85 m,20 de agosto de 1983,Rusia
299,Yury Gazinsky,69,Rusia,1.84 m,20 de julio de 1989,Rusia
4459,Yussuf Ayila,57,Nigeria,1.79 m,4 de noviembre de 1984,Nigeria
4269,Yussuf Yurary Poulsen,26,Dinamarca,1.93 m,15 de junio de 1994,Dinamarca
7913,Yusuf Faraj,54,Kuwait,,20 de septiembre de 1958,Kuwait
80,Yutaka Akita,53,Japón,1.80 m,6 de agosto de 1970,Japón
135,Yuto Nagatomo,53,Japón,1.70 m,12 de septiembre de 1986,Japón
156,Yuya Osako,53,Japón,1.82 m,18 de mayo de 1990,Japón
8171,Yvan Quentin,74,Suiza,,2 de mayo de 1970,Suiza
5120,Yves Herbert,59,Nueva Zelanda,,17 de agosto de 1945,Nueva Zelanda
6734,Yves Vanderhaeghe,13,Bélgica,1.80 m,30 de enero de 1970,Bélgica
3906,Yvon Douis,36,Francia,,16 de mayo de 1935,Francia
3967,Yvon Le Roux,36,Francia,,19 de abril de 1960,Francia
8155,Yvon Mvogo,74,Suiza,1.88 m,6 de junio de 1994,Suiza
5096,Zabalo,34,España,,10 de junio de 1910,España
5480,Zafer Ozgultekin,77,Turquía,1.83 m,10 de marzo de 1975,Turquía
1833,Zagallo,11,Brasil,,9 de agosto de 1931,Brasil
7896,Zague,56,México,1.92 m,23 de mayo de 1967,México
8294,Zakaria Aboukhlal,55,Marruecos,1.79 m,18 de febrero de 2000,Marruecos
8339,Zakaria El Achraf,55,Marruecos,,17 de junio de 1966,Marruecos
3675,Zarko Nikolic,71,Serbia,,16 de octubre de 1936,Serbia
5099,Zarra,34,España,,20 de enero de 1921,España
3035,Zbigniew Boniek,64,Polonia,,3 de marzo de 1956,Polonia
3073,Zbigniew Gut,64,Polonia,,17 de abril de 1949,Polonia
468,Zdenek Grygera,67,República Checa,1.85 m,14 de mayo de 1980,República Checa
481,Zdenek Hruska,67,República Checa,,25 de julio de 1954,República Checa
536,Zdenek Nehoda,67,República Checa,,9 de mayo de 1952,República Checa
559,Zdenek Prochazka,67,República Checa,,12 de enero de 1928,República Checa
599,Zdenek Zikan,67,República Checa,,10 de noviembre de 1937,República Checa
813,Zdenko Strba,32,Eslovaquia,1.87 m,9 de junio de 1976,Eslovaquia
3633,Zdravko Kuzmanovic,71,Serbia,1.87 m,22 de septiembre de 1987,Serbia
3712,Zdravko Rajkov,71,Serbia,,5 de diciembre de 1927,Serbia
3023,Zdravko Zdravkov,12,Bulgaria,,4 de octubre de 1970,Bulgaria
3087,Zdzislaw Kapka,64,Polonia,,7 de diciembre de 1954,Polonia
3097,Zdzislaw Kostrzewa,64,Polonia,,26 de octubre de 1955,Polonia
1834,Ze Carlos,11,Brasil,,7 de febrero de 1962,Brasil
1835,Ze Carlos Ii,11,Brasil,,14 de noviembre de 1967,Brasil
7943,Ze Kalanga,3,Angola,1.75 m,12 de octubre de 1983,Angola
1836,Ze Luis,11,Brasil,,16 de noviembre de 1904,Brasil
1837,Ze Maria,11,Brasil,,18 de mayo de 1949,Brasil
1838,Ze Roberto,11,Brasil,1.72 m,6 de julio de 1974,Brasil
5066,Ze Sergio,34,España,,8 de marzo de 1957,España
5636,Zeffiro Furiassi,51,Italia,,19 de enero de 1923,Italia
3555,Zeljko Cajkovski,71,Serbia,,5 de mayo de 1925,Serbia
7324,Zeljko Kalac,7,Australia,2.02 m,16 de diciembre de 1972,Australia
3648,Zeljko Matus,71,Serbia,,9 de agosto de 1935,Serbia
3800,Zeljko Milinovic,33,Eslovenia,1.88 m,12 de octubre de 1969,Eslovenia
3701,Zeljko Petrovic,71,Serbia,,13 de noviembre de 1965,Serbia
6600,Zeno Debast,13,Bélgica,1.89 m,24 de octubre de 2003,Bélgica
1840,Zequinha,11,Brasil,,18 de noviembre de 1934,Brasil
1841,Zetti,11,Brasil,,10 de enero de 1965,Brasil
5458,Zeybek Cetin,77,Turquía,,12 de septiembre de 1932,Turquía
1842,Zeze Procopio,11,Brasil,,12 de agosto de 1913,Brasil
2939,Zhivko Gospodinov,12,Bulgaria,,6 de septiembre de 1957,Bulgaria
5493,Zhiyi Fan,18,China,1.83 m,22 de enero de 1970,China
1843,Zico,11,Brasil,,3 de marzo de 1953,Brasil
7208,Zied Jaziri,78,Túnez,1.71 m,12 de julio de 1978,Túnez
4075,Zinedine Zidane,36,Francia,1.85 m,23 de junio de 1972,Francia
7898,Zinha,56,México,1.63 m,23 de mayo de 1976,México
1844,Zinho,11,Brasil,,17 de junio de 1967,Brasil
1845,Zito,11,Brasil,,8 de agosto de 1932,Brasil
1846,Zizinho,11,Brasil,,14 de septiembre de 1921,Brasil
3411,Zlatan Ibrahimovic,73,Suecia,1.95 m,3 de octubre de 1981,Suecia
3797,Zlatan Ljubijankic,33,Eslovenia,1.85 m,15 de diciembre de 1983,Eslovenia
3555,Zlatko Cajkovski,71,Serbia,,24 de noviembre de 1923,Serbia
3782,Zlatko Dedic,33,Eslovenia,1.72 m,5 de octubre de 1984,Eslovenia
3630,Zlatko Krmpotic,71,Serbia,,7 de agosto de 1958,Serbia
3688,Zlatko Papec,71,Serbia,,17 de enero de 1934,Serbia
3762,Zlatko Vujovic,71,Serbia,,26 de agosto de 1958,Serbia
3015,Zlatko Yankov,12,Bulgaria,,7 de junio de 1966,Bulgaria
3818,Zlatko Zahovic,33,Eslovenia,1.80 m,1 de febrero de 1971,Eslovenia
5100,Zoco,34,España,,31 de julio de 1939,España
5986,Zoilo Saldombide,80,Uruguay,,18 de marzo de 1905,Uruguay
7513,Zoltan Czibor,42,Hungría,,23 de agosto de 1929,Hungría
7523,Zoltan Friedmanszky,42,Hungría,,22 de octubre de 1934,Hungría
7547,Zoltan Kereki,42,Hungría,,13 de julio de 1953,Hungría
7583,Zoltan Peter,42,Hungría,,23 de marzo de 1958,Hungría
7628,Zoltan Varga,42,Hungría,,1 de enero de 1945,Hungría
7992,Zoong Sun Lim,20,Corea del Norte,,16 de julio de 1943,Corea del Norte
1121,Zoran Mamic,24,Croacia,,30 de septiembre de 1971,Croacia
3664,Zoran Mirkovic,71,Serbia,,21 de septiembre de 1971,Serbia
3806,Zoran Pavlovic,33,Eslovenia,1.90 m,27 de junio de 1976,Eslovenia
3754,Zoran Tosic,71,Serbia,1.71 m,28 de abril de 1987,Serbia
3762,Zoran Vujovic,71,Serbia,,26 de agosto de 1958,Serbia
3765,Zoran Vulic,71,Serbia,,4 de octubre de 1961,Serbia
7171,Zoubeir Beya,78,Túnez,1.78 m,15 de mayo de 1971,Túnez
1847,Zozimo,11,Brasil,,19 de junio de 1932,Brasil
1914,Zsolt Muzsnai,68,Rumania,,20 de junio de 1965,Rumania
7965,Zuhair Bakheet,30,Emiratos Arabes,,13 de julio de 1967,Emiratos Arabes
999,Zvi Rosen,50,Israel,,23 de junio de 1947,Israel
8023,Zvjezdan Misimovic,10,Bosnia-Herzegovina,1.80 m,5 de junio de 1982,Bosnia-Herzegovina
1082,Zvonimir Boban,24,Croacia,,8 de octubre de 1968,Croacia
1146,Zvonimir Soldo,24,Croacia,1.89 m,2 de noviembre de 1967,Croacia
3764,Zvonimir Vukic,71,Serbia,1.82 m,19 de julio de 1979,Serbia
3771,Zvonko Zivkovic,71,Serbia,,31 de octubre de 1959,Serbia
3084,Zygmunt Kalinowski,64,Polonia,,2 de mayo de 1949,Polonia
3105,Zygmunt Kukla,64,Polonia,,21 de enero de 1948,Polonia
3121,Zygmunt Maszczyk,64,Polonia,,3 de mayo de 1945,Polonia
