jugador,seleccion_nacionalidad,mundial,camiseta,posicion,jugo,jugo_titular,capitan,no_jugo,goles,prom_goles,tarjeta_amarilla,tarjeta_roja,pg,pe,pp,pos_final
Aaron Clapham,Nueva Zelanda,2010,16,Mediocampista,0,0,0,3,0,0.00,0,0,0,0,0,22
Aaron Lawrence,Jamaica,1998,13,Arquero,1,1,0,2,0,0.00,0,0,1,0,0,22
Aaron Lennon,Inglaterra,2006,19,Mediocampista,3,0,0,2,0,0.00,0,0,2,1,0,7
Aaron Lennon,Inglaterra,2010,7,Mediocampista,2,2,0,2,0,0.00,0,0,0,2,0,13
Aaron Long,Estados Unidos,2022,15,Defensor,0,0,0,4,0,0.00,0,0,0,0,0,14
Aaron Mokoena,Sudáfrica,2002,4,Defensor,3,3,0,0,0,0.00,2,0,1,1,1,17
Aaron Mokoena,Sudáfrica,2010,4,Defensor,3,3,3,0,0,0.00,0,0,1,1,1,20
Aaron Mooy,Australia,2018,13,Mediocampista,3,3,0,0,0,0.00,0,0,0,1,2,30
Aaron Mooy,Australia,2022,13,Mediocampista,4,4,0,0,0,0.00,1,0,2,0,2,11
Aaron Padilla,México,1966,8,Delantero,3,3,0,0,0,0.00,0,0,0,2,1,12
Aaron Padilla,México,1970,11,Delantero,3,3,0,1,0,0.00,0,0,2,0,1,6
Aaron Ramsdale,Inglaterra,2022,23,Arquero,0,0,0,5,0,0.00,0,0,0,0,0,6
Aaron Ramsey,Gales,2022,10,Mediocampista,3,3,0,0,0,0.00,1,0,0,1,2,30
Abdallah Lamrani,Marruecos,1970,2,Defensor,2,2,0,1,0,0.00,0,0,0,0,2,14
Abdallah Said,Egipto,2018,19,Mediocampista,3,3,0,0,0,0.00,0,0,0,0,3,31
Abdé Ezzalzouli,Marruecos,2022,16,Delantero,3,0,0,4,0,0.00,0,0,0,2,1,4
Abdel Aziz Soulaymani,Marruecos,1986,21,Mediocampista,3,0,0,1,0,0.00,0,0,1,2,0,11
Abdel Kader Ben Bouali,Francia,1938,-,Defensor,0,0,0,2,0,0.00,0,0,0,0,0,8
Abdel Sharli,Egipto,1934,-,Defensor,1,1,0,0,0,0.00,0,0,0,0,1,13
Abdelaziz Ben-Tifour,Francia,1954,15,Mediocampista,1,1,0,1,0,0.00,0,0,1,0,0,9
Abdelaziz Hatem,Catar,2022,6,Mediocampista,3,2,0,0,0,0.00,0,0,0,0,3,32
Abdelfettah Houdani,Marruecos,1986,22,Arquero,0,0,0,4,0,0.00,0,0,0,0,0,11
Abdelfettah Rhiati,Marruecos,1986,13,Delantero,0,0,0,4,0,0.00,0,0,0,0,0,11
Abdelhamid Sabiri,Marruecos,2022,11,Delantero,5,2,0,2,0,0.00,1,0,2,2,1,4
Abdelhamid Sadmi,Argelia,1986,15,Defensor,0,0,0,3,0,0.00,0,0,0,0,0,22
Abdelilah Saber,Marruecos,1998,2,Defensor,3,3,0,0,0,0.00,0,0,1,1,1,18
Abdeljalil Hadda,Marruecos,1998,9,Delantero,3,3,0,0,2,0.67,1,0,1,1,1,18
Abdelkader El Brazi,Marruecos,1998,1,Arquero,0,0,0,3,0,0.00,0,0,0,0,0,18
Abdelkader El Khyati,Marruecos,1970,18,Defensor,1,0,0,2,0,0.00,0,0,0,0,1,14
Abdelkader Ghezzal,Argelia,2010,9,Delantero,2,0,0,1,0,0.00,0,1,0,0,2,28
Abdelkader Horr,Argelia,1982,17,Defensor,0,0,0,3,0,0.00,0,0,0,0,0,13
Abdelkader Laifaoui,Argelia,2010,14,Defensor,0,0,0,3,0,0.00,0,0,0,0,0,28
Abdelkarim El Hadrioui,Marruecos,1994,3,Defensor,3,3,0,0,0,0.00,1,0,0,0,3,23
Abdelkarim El Hadrioui,Marruecos,1998,3,Defensor,2,2,0,1,0,0.00,0,0,0,1,1,18
Abdelkarim Hassan,Catar,2022,3,Mediocampista,3,3,0,0,0,0.00,0,0,0,0,3,32
Abdelkarim Krimau,Marruecos,1986,9,Delantero,4,4,0,0,1,0.25,0,0,1,2,1,11
Abdellah Bidar,Marruecos,1986,20,Defensor,0,0,0,4,0,0.00,0,0,0,0,0,11
Abdellah Medjadi,Argelia,1986,5,Defensor,2,2,0,1,0,0.00,0,0,0,1,1,22
Abdellah Ouriaghli,Marruecos,1970,19,Arquero,0,0,0,3,0,0.00,0,0,0,0,0,14
Abdelmajid Bourebbou,Argelia,1982,20,Delantero,1,1,0,2,0,0.00,0,0,1,0,0,13
Abdelmajid Bouyboud,Marruecos,1994,19,Mediocampista,1,1,0,2,0,0.00,1,0,0,0,1,23
Abdelmajid Dolmy,Marruecos,1986,6,Mediocampista,4,4,0,0,0,0.00,0,0,1,2,1,11
Abdelmajid Lamriss,Marruecos,1986,3,Defensor,4,4,0,0,0,0.00,1,0,1,2,1,11
Abdelmoumene Djabou,Argelia,2014,18,Mediocampista,3,2,0,1,2,0.67,0,0,1,1,1,14
Abdelrazzak Khairi,Marruecos,1986,17,Mediocampista,4,3,0,0,2,0.50,1,0,1,2,1,11
Abdelslam Laghrissi,Marruecos,1994,17,Delantero,1,0,0,2,0,0.00,0,0,0,0,1,23
Abderrahim Ouakili,Marruecos,1998,10,Delantero,0,0,0,3,0,0.00,0,0,0,0,0,18
Abderrazak Hamdallah,Marruecos,2022,9,Delantero,4,0,0,3,0,0.00,0,0,2,1,1,4
Abderrhamane Mahjoub,Francia,1954,13,Mediocampista,1,1,0,1,0,0.00,0,0,1,0,0,9
Abdiel Arroyo,Panamá,2018,16,Delantero,2,0,0,1,0,0.00,0,0,0,0,2,32
Abdou Diallo,Senegal,2022,22,Defensor,4,4,0,0,0,0.00,0,0,2,0,2,10
Abdoulaye Diallo,Senegal,2018,1,Arquero,0,0,0,3,0,0.00,0,0,0,0,0,17
Abdoulaye Meite,Costa de Marfil,2006,12,Defensor,2,2,0,1,0,0.00,0,0,0,0,2,19
Abdul Fatawu Issahaku,Ghana,2022,7,Mediocampista,1,0,0,2,0,0.00,0,0,0,0,1,24
Abdul-Rahim,Iraq,1986,11,Delantero,3,0,0,0,0,0.00,0,0,0,0,3,23
Baba Rahman,Ghana,2022,17,Defensor,3,2,0,0,0,0.00,0,0,1,0,2,24
Abdulaziz Al Anbari,Kuwait,1982,10,Delantero,3,3,0,0,0,0.00,1,0,0,1,2,21
Abdulaziz Al Balushi,Kuwait,1982,8,Mediocampista,3,3,0,0,1,0.33,0,0,0,1,2,21
Abdulaziz Al Janoubi,Arabia Saudita,1998,19,Defensor,0,0,0,3,0,0.00,0,0,0,0,0,28
Abdulaziz Khathran,Arabia Saudita,2002,14,Mediocampista,3,2,0,0,0,0.00,0,0,0,0,3,32
Abdulaziz Khathran,Arabia Saudita,2006,12,Defensor,2,1,0,1,0,0.00,0,0,0,0,2,28
Abdulaziz Mohamed,Emiratos Arabes,1990,9,Delantero,0,0,0,3,0,0.00,0,0,0,0,0,24
Abdulaziz Mohammed,Kuwait,1982,20,Delantero,0,0,0,3,0,0.00,0,0,0,0,0,21
Abdulelah Al-Amri,Arabia Saudita,2022,4,Defensor,3,2,0,0,0,0.00,2,0,1,0,2,25
Abdulelah Al-Malki,Arabia Saudita,2022,8,Mediocampista,2,2,0,1,0,0.00,2,0,1,0,1,25
Abdullah Al Dosari,Arabia Saudita,1994,2,Defensor,2,1,0,2,0,0.00,1,0,1,0,1,12
Abdullah Al-Khaibari,Arabia Saudita,2018,15,Mediocampista,0,0,0,3,0,0.00,0,0,0,0,0,26
Abdullah Al-Mayouf,Arabia Saudita,2018,1,Arquero,1,1,0,2,0,0.00,0,0,0,0,1,26
Abdullah Alwaked Al Shahrani,Arabia Saudita,2002,17,Mediocampista,2,2,0,1,0,0.00,0,0,0,0,2,32
Abdullah Ercan,Turquía,2002,19,Mediocampista,0,0,0,7,0,0.00,0,0,0,0,0,3
Abdullah Gaman Al Dosari,Arabia Saudita,2002,15,Delantero,3,0,0,0,0,0.00,0,0,0,0,3,32
Abdullah Madu,Arabia Saudita,2022,3,Defensor,1,0,0,2,0,0.00,1,0,0,0,1,25
Abdullah Mayuf,Kuwait,1982,14,Defensor,3,3,0,0,0,0.00,0,0,0,1,2,21
Abdullah Musa,Emiratos Arabes,1990,1,Arquero,0,0,0,3,0,0.00,0,0,0,0,0,24
Abdullah Otayf,Arabia Saudita,2018,14,Mediocampista,3,3,0,0,0,0.00,0,0,1,0,2,26
Abdullah Otayf,Arabia Saudita,2022,14,Mediocampista,0,0,0,3,0,0.00,0,0,0,0,0,25
Abdullah Sultan,Emiratos Arabes,1990,5,Mediocampista,2,0,0,1,0,0.00,0,0,0,0,2,24
Abdullah Zubromawi,Arabia Saudita,1994,4,Defensor,3,2,0,1,0,0.00,0,0,2,0,1,12
Abdullah Zubromawi,Arabia Saudita,1998,4,Defensor,3,3,0,0,0,0.00,0,0,0,1,2,28
Abdullah Zubromawi,Arabia Saudita,2002,4,Defensor,3,3,0,0,0,0.00,0,0,0,0,3,32
Abdulmalek Al-Khaibri,Arabia Saudita,2018,11,Mediocampista,0,0,0,3,0,0.00,0,0,0,0,0,26
Abdulrahman Al-Aboud,Arabia Saudita,2022,20,Delantero,2,0,0,1,0,0.00,0,0,0,0,2,25
Abdulrahman Al Haddad,Emiratos Arabes,1990,21,Defensor,2,1,0,1,0,0.00,0,0,0,0,2,24
Abdulrahman Fawzi,Egipto,1934,-,Delantero,1,1,0,0,2,2.00,0,0,0,0,1,13
Abel,Brasil,1978,14,Defensor,0,0,0,7,0,0.00,0,0,0,0,0,3
Abel Aguilar,Colombia,2014,8,Mediocampista,3,3,0,2,0,0.00,0,0,3,0,0,5
Abel Aguilar,Colombia,2018,8,Mediocampista,1,1,0,3,0,0.00,0,0,1,0,0,9
Abel Balbo,Argentina,1990,3,Delantero,1,1,0,6,0,0.00,0,0,0,0,1,2
Abel Balbo,Argentina,1994,19,Delantero,4,4,0,0,1,0.25,0,0,2,0,2,10
Abel Balbo,Argentina,1998,18,Delantero,2,0,0,3,0,0.00,0,0,1,0,1,6
Abel Hernández,Uruguay,2014,8,Delantero,2,0,0,2,0,0.00,0,0,0,0,2,12
Abel Xavier,Portugal,2002,3,Defensor,1,0,0,2,0,0.00,0,0,0,0,1,21
Abelardo,España,1994,5,Defensor,5,5,0,0,0,0.00,2,0,2,2,1,8
Abelardo,España,1998,5,Defensor,1,1,0,2,0,0.00,0,0,0,1,0,17
Abiodun Baruwa,Nigeria,1998,22,Arquero,0,0,0,4,0,0.00,0,0,0,0,0,12
Abolfazl Jalali,Irán,2022,25,Defensor,1,0,0,2,0,0.00,1,0,0,0,1,26
Abou Diaby,Francia,2010,19,Mediocampista,3,3,0,0,0,0.00,1,0,0,1,2,29
Acacio,Brasil,1990,12,Arquero,0,0,0,4,0,0.00,0,0,0,0,0,9
Achille Emana,Camerún,2010,10,Delantero,2,1,0,1,0,0.00,0,0,0,0,2,31
Achmad Nawir,Indias Orientales Holand.,1938,-,Mediocampista,1,1,0,0,0,0.00,0,0,0,0,1,15
Achraf Dari,Marruecos,2022,20,Defensor,3,2,0,4,1,0.33,1,0,1,0,2,4
Achraf Hakimi,Marruecos,2018,2,Defensor,3,3,0,0,0,0.00,1,0,0,1,2,27
Achraf Hakimi,Marruecos,2022,2,Defensor,7,7,0,0,0,0.00,0,0,3,2,2,4
Adalbert Desu,Rumania,1930,-,Delantero,2,2,0,0,1,0.50,0,0,1,0,1,8
Adalbert Pullock,Rumania,1934,-,Arquero,0,0,0,1,0,0.00,0,0,0,0,0,12
Adalbert Steiner,Rumania,1930,-,Defensor,1,1,0,1,0,0.00,0,0,1,0,0,8
Adalbert Zafirov,Bulgaria,1998,15,Defensor,0,0,0,3,0,0.00,0,0,0,0,0,29
Adam Adam,Kuwait,1982,21,Arquero,0,0,0,3,0,0.00,0,0,0,0,0,21
Adam Davies,Gales,2022,21,Arquero,0,0,0,3,0,0.00,0,0,0,0,0,30
Adam Federici,Australia,2010,12,Arquero,0,0,0,3,0,0.00,0,0,0,0,0,21
Adam Kwarasey,Ghana,2014,12,Arquero,1,1,0,2,0,0.00,0,0,0,0,1,25
Adam Lallana,Inglaterra,2014,20,Mediocampista,3,1,0,0,0,0.00,1,0,0,1,2,26
Adam Matysek,Polonia,2002,22,Arquero,0,0,0,3,0,0.00,0,0,0,0,0,25
Adam Musial,Polonia,1974,10,Defensor,6,6,0,1,0,0.00,1,0,5,0,1,3
Adam Nawalka,Polonia,1978,5,Mediocampista,5,5,0,1,0,0.00,0,0,2,1,2,5
Adam Taggart,Australia,2014,9,Delantero,2,1,0,1,0,0.00,0,0,0,0,2,30
Adam Wolanin,Estados Unidos,1950,-,Delantero,1,1,0,2,0,0.00,0,0,0,0,1,10
Adama Mbengué,Senegal,2018,2,Defensor,0,0,0,3,0,0.00,0,0,0,0,0,17
Adan Godoy,Chile,1962,12,Arquero,1,1,0,5,0,0.00,0,0,1,0,0,3
Adan Godoy,Chile,1966,9,Arquero,0,0,0,3,0,0.00,0,0,0,0,0,13
Adaozinho,Brasil,1950,-,Delantero,0,0,0,6,0,0.00,0,0,0,0,0,2
Adekanmi Olufade,Togo,2006,14,Delantero,1,0,0,2,0,0.00,0,0,0,0,1,30
Adel Abdelrahman,Egipto,1990,19,Delantero,2,0,0,1,0,0.00,0,0,0,1,1,20
Adel Chedli,Túnez,2006,14,Mediocampista,3,3,0,0,0,0.00,1,0,0,1,2,24
Adel El Sellimi,Túnez,1998,11,Delantero,3,3,0,0,0,0.00,0,0,0,1,2,26
Adel El Sellimi,Túnez,2002,11,Delantero,2,1,1,1,0,0.00,0,0,0,1,1,29
Adel Nefzi,Túnez,2006,16,Arquero,0,0,0,3,0,0.00,0,0,0,0,0,24
Adelardo,España,1962,18,Delantero,1,1,0,2,1,1.00,0,0,0,0,1,12
Adelardo,España,1966,21,Defensor,1,1,0,2,0,0.00,0,0,0,0,1,10
Adelmo Vivas,Colombia,1962,2,Arquero,0,0,0,3,0,0.00,0,0,0,0,0,14
Adem Ljajić,Serbia,2018,22,Mediocampista,3,2,0,0,0,0.00,1,0,1,0,2,23
Ademir,Brasil,1950,-,Delantero,6,6,0,0,9,1.50,0,0,4,1,1,2
Ademir Da Guia,Brasil,1974,18,Mediocampista,1,1,0,6,0,0.00,0,0,0,0,1,4
Adil Rami,Francia,2018,17,Defensor,0,0,0,7,0,0.00,0,0,0,0,0,1
Adlane Guedioura,Argelia,2010,17,Mediocampista,3,0,0,0,0,0.00,0,0,0,1,2,28
Admir Mehmedi,Suiza,2014,18,Delantero,4,3,0,0,1,0.25,0,0,2,0,2,11
Adnan Al Talyani,Emiratos Arabes,1990,10,Delantero,3,3,0,0,0,0.00,0,0,0,0,3,24
Adnan Januzaj,Bélgica,2014,20,Mediocampista,1,1,0,4,0,0.00,0,0,1,0,0,6
Adnan Januzaj,Bélgica,2018,18,Delantero,1,1,0,6,1,1.00,0,0,1,0,0,3
Ado,Brasil,1970,12,Arquero,0,0,0,6,0,0.00,0,0,0,0,0,1
Adolf Scherer,Checoslovaquia,1958,18,Delantero,0,0,0,4,0,0.00,0,0,0,0,0,9
Adolf Scherer,Checoslovaquia,1962,8,Delantero,6,6,0,0,3,0.50,0,0,3,1,2,2
Adolf Stelzer,Suiza,1938,-,Defensor,1,1,0,2,0,0.00,0,0,0,0,1,6
Adolfino Canete,Paraguay,1986,10,Mediocampista,4,4,0,0,0,0.00,0,0,1,2,1,13
Adolfo Bautista,México,2010,21,Delantero,1,1,0,3,0,0.00,0,0,0,0,1,14
Adolfo Machado,Panamá,2018,13,Defensor,1,1,0,2,0,0.00,0,0,0,0,1,32
Adolfo Nef,Chile,1974,22,Arquero,0,0,0,3,0,0.00,0,0,0,0,0,11
Adolfo Valencia,Colombia,1994,11,Delantero,3,2,0,0,2,0.67,0,0,1,0,2,19
Adolfo Valencia,Colombia,1998,9,Delantero,3,1,0,0,0,0.00,0,0,1,0,2,21
Adolfo Zeoli,Uruguay,1990,22,Arquero,0,0,0,4,0,0.00,0,0,0,0,0,16
Adolfo Zumelzu,Argentina,1930,-,Defensor,1,1,0,4,2,2.00,0,0,1,0,0,2
Adolphe Hug,Suiza,1950,-,Arquero,1,1,0,2,0,0.00,0,0,1,0,0,6
Adri Van Kraay,Paises Bajos,1978,4,Defensor,2,0,0,5,0,0.00,0,0,2,0,0,2
Adri Van Tiggelen,Paises Bajos,1990,5,Defensor,4,4,0,0,0,0.00,0,0,0,3,1,15
Adriaan Van Male,Paises Bajos,1934,-,Arquero,0,0,0,1,0,0.00,0,0,0,0,0,9
Adriaan Van Male,Paises Bajos,1938,-,Arquero,1,1,0,0,0,0.00,0,0,0,0,1,14
Adrian Alston,Australia,1974,12,Delantero,3,3,0,0,0,0.00,0,0,0,1,2,14
Adrian Bone,Ecuador,2014,12,Arquero,0,0,0,3,0,0.00,0,0,0,0,0,17
Adrian Chavez,México,1994,22,Arquero,0,0,0,4,0,0.00,0,0,0,0,0,13
Adrian Elrick,Nueva Zelanda,1982,14,Defensor,3,3,0,0,0,0.00,0,0,0,0,3,23
Adrian Ilie,Rumania,1998,11,Delantero,4,3,0,0,1,0.25,1,0,2,1,1,11
Adrian Knup,Suiza,1994,9,Delantero,3,3,0,1,2,0.67,1,0,1,0,2,15
Adrian Popescu,Rumania,1990,13,Defensor,0,0,0,4,0,0.00,0,0,0,0,0,12
Adrián Ramos,Colombia,2014,19,Delantero,3,1,0,2,0,0.00,0,0,2,0,1,5
Adriano,Brasil,2006,7,Delantero,4,3,0,1,2,0.50,1,0,3,0,1,5
Adrien Rabiot,Francia,2022,14,Mediocampista,6,5,0,1,1,0.17,1,0,4,1,1,2
Adrien Silva,Portugal,2018,23,Mediocampista,3,2,0,1,0,0.00,1,0,1,1,1,13
Affo Erassa,Togo,2006,20,Mediocampista,0,0,0,3,0,0.00,0,0,0,0,0,30
Afonsinho,Brasil,1938,-,Mediocampista,4,4,0,1,0,0.00,0,0,2,1,1,3
Afriyie Acquah,Ghana,2014,6,Mediocampista,1,0,0,2,0,0.00,0,0,0,0,1,25
Afshin Peyravani,Irán,1998,5,Defensor,1,0,0,2,0,0.00,0,0,1,0,0,20
Agne Simonsson,Suecia,1958,9,Delantero,5,5,0,1,4,0.80,0,0,4,0,1,2
Agrebi Ben Rehaiem,Túnez,1978,8,Mediocampista,3,3,0,0,0,0.00,0,0,1,1,1,9
Aguilera,España,1998,15,Defensor,2,2,0,1,0,0.00,1,0,1,1,0,17
Agustín Canobbio,Uruguay,2022,24,Mediocampista,1,0,0,2,0,0.00,0,0,1,0,0,20
Agustin Delgado,Ecuador,2002,11,Delantero,3,3,0,0,1,0.33,1,0,1,0,2,24
Agustin Delgado,Ecuador,2006,11,Delantero,3,3,0,1,2,0.67,0,0,2,0,1,12
Agustin Miranda,Paraguay,1958,17,Defensor,1,1,0,2,0,0.00,0,0,0,0,1,12
Agustin Orion,Argentina,2014,12,Arquero,0,0,0,7,0,0.00,0,0,0,0,0,2
Aharon Shuruk,Israel,1970,19,Mediocampista,1,0,0,2,0,0.00,0,0,0,1,0,12
Ahmad Alnameh,Irán,2014,17,Defensor,0,0,0,3,0,0.00,0,0,0,0,0,28
Ahmad Nourollahi,Irán,2022,21,Mediocampista,3,3,0,0,0,0.00,0,0,1,0,2,26
Ahmed Abedzadeh,Irán,1998,1,Arquero,2,2,2,1,0,0.00,0,0,1,0,1,20
Ahmed Al Bahri,Arabia Saudita,2006,15,Defensor,0,0,0,3,0,0.00,0,0,0,0,0,28
Ahmed Al Dosari,Arabia Saudita,1998,17,Defensor,1,0,0,2,0,0.00,0,0,0,0,1,28
Ahmed Al Dosari,Arabia Saudita,2002,12,Defensor,2,1,0,1,0,0.00,0,0,0,0,2,32
Ahmed Al Dosari,Arabia Saudita,2006,2,Defensor,3,3,0,0,0,0.00,1,0,0,1,2,28
Ahmed Al Tarabulsi,Kuwait,1982,1,Arquero,3,3,0,0,0,0.00,0,0,0,1,2,21
Ahmed Alaaeldin,Catar,2022,7,Delantero,1,0,0,2,0,0.00,0,0,0,0,1,32
Ahmed Alaoui,Marruecos,1970,17,Delantero,2,1,0,1,0,0.00,0,0,0,1,1,14
Ahmed Bahja,Marruecos,1994,13,Delantero,3,2,0,0,0,0.00,0,0,0,0,3,23
Ahmed El Kass,Egipto,1990,20,Delantero,3,3,0,0,0,0.00,0,0,0,2,1,20
Ahmed Elmohamady,Egipto,2018,3,Defensor,0,0,0,3,0,0.00,0,0,0,0,0,31
Ahmed Faras,Marruecos,1970,9,Delantero,2,0,0,1,0,0.00,0,0,0,1,1,14
Ahmed Fathy,Egipto,2018,7,Defensor,3,3,2,0,0,0.00,1,0,0,0,3,31
Ahmed Hegazi,Egipto,2018,6,Defensor,3,3,0,0,0,0.00,1,0,0,0,3,31
Ahmed Issah,Ghana,2006,21,Defensor,0,0,0,4,0,0.00,0,0,0,0,0,13
Ahmed Jaouachi,Túnez,2002,22,Arquero,0,0,0,3,0,0.00,0,0,0,0,0,29
Ahmed Jassim,Iraq,1986,21,Arquero,0,0,0,3,0,0.00,0,0,0,0,0,23
Ahmed Khalil,Túnez,2018,15,Delantero,1,0,0,2,0,0.00,0,0,1,0,0,24
Ahmed Madani,Arabia Saudita,1994,5,Defensor,4,4,0,0,0,0.00,1,0,2,0,2,12
Ahmed Madani,Arabia Saudita,1998,5,Defensor,0,0,0,3,0,0.00,0,0,0,0,0,28
Ahmed Masbahi,Marruecos,1994,14,Defensor,0,0,0,3,0,0.00,0,0,0,0,0,23
Ahmed Musa,Nigeria,2014,7,Delantero,4,4,0,0,2,0.50,0,0,1,1,2,16
Ahmed Musa,Nigeria,2018,7,Delantero,3,2,0,0,2,0.67,0,0,1,0,2,21
Ahmed Radhi,Iraq,1986,8,Delantero,3,3,0,0,1,0.33,0,0,0,0,3,23
Ahmed Ramzy,Egipto,1990,13,Delantero,2,2,0,1,0,0.00,1,0,0,1,1,20
Ahmed Reda Tagnaouti,Marruecos,2018,22,Arquero,0,0,0,3,0,0.00,0,0,0,0,0,27
Ahmed Reda Tagnaouti,Marruecos,2022,22,Arquero,0,0,0,7,0,0.00,0,0,0,0,0,4
Ahmed Shoubeir,Egipto,1990,1,Arquero,3,3,0,0,0,0.00,1,0,0,2,1,20
Aissa Laidouni,Túnez,2022,14,Mediocampista,3,3,0,0,0,0.00,1,0,1,1,1,21
Aissa Mandi,Argelia,2014,20,Defensor,3,3,0,1,0,0.00,0,0,1,1,1,14
Ajdin Hrustic,Australia,2022,10,Mediocampista,3,0,0,1,0,0.00,0,0,2,0,1,11
Ake Andersson,Suecia,1938,-,Delantero,1,1,0,2,0,0.00,0,0,0,0,1,4
Ake Johansson,Suecia,1958,5,Defensor,0,0,0,6,0,0.00,0,0,0,0,0,2
Akhrik Tsveiba,URSS,1990,13,Defensor,0,0,0,3,0,0.00,0,0,0,0,0,17
Akinori Nishizawa,Japón,2002,9,Delantero,1,1,0,3,0,0.00,0,0,0,0,1,9
Akira Kaji,Japón,2006,21,Defensor,2,2,0,1,0,0.00,1,0,0,1,1,29
Akira Narahashi,Japón,1998,2,Defensor,3,3,0,0,0,0.00,0,0,0,0,3,31
Akram Afif,Catar,2022,11,Delantero,3,3,0,0,0,0.00,1,0,0,0,3,32
Akwa,Angola,2006,10,Delantero,3,3,3,0,0,0.00,0,0,0,2,1,23
Al Harker,Estados Unidos,1934,-,Defensor,0,0,0,1,0,0.00,0,0,0,0,0,16
Al Hasan Al Yami,Arabia Saudita,2002,20,Delantero,3,2,0,0,0,0.00,1,0,0,0,3,32
Al Roubai Ghanim,Iraq,1986,22,Defensor,3,3,0,0,0,0.00,0,0,0,0,3,23
Alaa Mayhoub,Egipto,1990,14,Mediocampista,0,0,0,3,0,0.00,0,0,0,0,0,20
Alaeddine Yahia,Túnez,2006,4,Defensor,1,0,0,2,0,0.00,0,0,0,0,1,24
Alain Boghossian,Francia,1998,14,Mediocampista,5,1,0,2,0,0.00,0,0,5,0,0,1
Alain Boghossian,Francia,2002,14,Mediocampista,0,0,0,3,0,0.00,0,0,0,0,0,28
Alain Couriol,Francia,1982,16,Delantero,3,1,0,4,1,0.33,0,0,1,1,1,4
Alain Eyobo-Makongo,Camerún,1982,20,Delantero,0,0,0,3,0,0.00,0,0,0,0,0,17
Alain Geiger,Suiza,1994,5,Defensor,4,4,4,0,0,0.00,0,0,1,1,2,15
Alain Giresse,Francia,1982,12,Mediocampista,6,6,0,1,3,0.50,1,0,3,2,1,4
Alain Giresse,Francia,1986,12,Mediocampista,6,6,0,1,0,0.00,0,0,3,2,1,3
Alain Sutter,Suiza,1994,7,Mediocampista,3,3,0,1,1,0.33,0,0,1,1,1,15
Alaixys Romao,Togo,2006,15,Mediocampista,2,2,0,1,0,0.00,2,0,0,0,2,30
Alan A'Court,Inglaterra,1958,21,Delantero,3,3,0,1,0,0.00,0,0,0,2,1,11
Alan Ball,Inglaterra,1966,7,Mediocampista,4,4,0,2,0,0.00,0,0,3,1,0,1
Alan Ball,Inglaterra,1970,8,Mediocampista,4,3,0,0,0,0.00,0,0,2,0,2,8
Alan Brazil,Escocia,1982,9,Delantero,2,1,0,1,0,0.00,0,0,1,1,0,15
Alan Dzagoev,Rusia,2014,10,Mediocampista,3,0,0,0,0,0.00,0,0,0,2,1,24
Alan Dzagoev,Rusia,2018,9,Mediocampista,2,1,0,3,0,0.00,0,0,1,1,0,8
Alan Franco,Ecuador,2022,21,Mediocampista,2,1,0,1,0,0.00,0,0,1,0,1,18
Alan Hansen,Escocia,1982,5,Defensor,3,3,0,0,0,0.00,0,0,1,1,1,15
Alan Hodgkinson,Inglaterra,1958,13,Arquero,0,0,0,4,0,0.00,0,0,0,0,0,11
Alan Hodgkinson,Inglaterra,1962,12,Arquero,0,0,0,4,0,0.00,0,0,0,0,0,8
Alan Kelly Jr.,Irlanda,1994,22,Arquero,0,0,0,4,0,0.00,0,0,0,0,0,16
Alan Kelly Jr.,Irlanda,2002,23,Arquero,0,0,0,4,0,0.00,0,0,0,0,0,12
Alan Kernaghan,Irlanda,1994,13,Defensor,0,0,0,4,0,0.00,0,0,0,0,0,16
Alan Mcdonald,Irlanda del Norte,1986,5,Defensor,3,3,0,0,0,0.00,0,0,0,1,2,21
Alan Mcinally,Escocia,1990,14,Delantero,1,1,0,2,0,0.00,0,0,0,0,1,18
Alan Mcloughlin,Irlanda,1990,21,Mediocampista,2,0,0,3,0,0.00,0,0,0,2,0,8
Alan Mcloughlin,Irlanda,1994,19,Mediocampista,0,0,0,4,0,0.00,0,0,0,0,0,16
Alan Mullery,Inglaterra,1970,4,Mediocampista,4,4,0,0,1,0.25,0,0,2,0,2,8
Alan Peacock,Inglaterra,1962,19,Delantero,2,2,0,2,0,0.00,0,0,1,1,0,8
Alan Pulido,México,2014,11,Delantero,0,0,0,4,0,0.00,0,0,0,0,0,10
Alan Rough,Escocia,1978,1,Arquero,3,3,0,0,0,0.00,0,0,1,1,1,11
Alan Rough,Escocia,1982,1,Arquero,3,3,0,0,0,0.00,0,0,1,1,1,15
Alan Rough,Escocia,1986,22,Arquero,0,0,0,3,0,0.00,0,0,0,0,0,19
Alan Shearer,Inglaterra,1998,9,Delantero,4,4,4,0,2,0.50,1,0,2,1,1,9
Alassane Ndour,Senegal,2002,5,Defensor,1,1,0,4,0,0.00,0,0,0,1,0,7
Alberigo Evani,Italia,1994,17,Mediocampista,2,1,0,5,0,0.00,0,0,0,1,1,2
Albert Adomah,Ghana,2014,14,Mediocampista,1,0,0,2,0,0.00,0,0,0,0,1,25
Albert Bruells,Alemania Occidental,1962,10,Mediocampista,4,4,0,0,1,0.25,0,0,2,1,1,7
Albert Bruells,Alemania Occidental,1966,7,Mediocampista,2,2,0,4,0,0.00,0,0,1,1,0,2
Albert Buche,Suiza,1934,-,Delantero,0,0,0,2,0,0.00,0,0,0,0,0,7
Albert Bunjaku,Suiza,2010,18,Delantero,1,0,0,2,0,0.00,0,0,0,0,1,19
Albert Celades,España,1998,16,Mediocampista,2,0,0,1,0,0.00,0,0,0,1,1,17
Albert Ferrer,España,1994,2,Defensor,5,5,0,0,0,0.00,2,0,2,2,1,8
Albert Ferrer,España,1998,2,Defensor,1,1,0,2,0,0.00,0,0,0,0,1,17
Albert Gudmundsson,Islandia,2018,4,Mediocampista,1,0,0,2,0,0.00,0,0,0,0,1,28
Albert Guinchard,Suiza,1934,-,Mediocampista,2,2,0,0,0,0.00,0,0,1,0,1,7
Albert Guinchard,Suiza,1938,-,Mediocampista,0,0,0,3,0,0.00,0,0,0,0,0,6
Albert Heremans,Bélgica,1934,-,Delantero,1,1,0,0,0,0.00,0,0,0,0,1,15
Albert Luque,España,2002,12,Delantero,2,0,0,3,0,0.00,0,0,1,1,0,5
Albert Nadj,Serbia y Montenegro,2006,17,Mediocampista,3,2,0,0,0,0.00,1,1,0,0,3,32
Albert Quixall,Inglaterra,1954,16,Delantero,0,0,0,3,0,0.00,0,0,0,0,0,7
Albert Rust,Francia,1986,22,Arquero,1,1,0,6,0,0.00,0,0,1,0,0,3
Albert Shesternyov,URSS,1962,8,Defensor,0,0,0,4,0,0.00,0,0,0,0,0,6
Albert Shesternyov,URSS,1966,6,Defensor,5,5,5,1,0,0.00,0,0,4,0,1,4
Albert Shesternyov,URSS,1970,9,Defensor,4,4,4,0,0,0.00,0,0,2,1,1,5
Alberto Acha,Bolivia,1950,-,Defensor,1,1,0,0,0,0.00,0,0,0,0,1,13
Alberto Aquilani,Italia,2014,14,Mediocampista,0,0,0,3,0,0.00,0,0,0,0,0,22
Alberto Baeza,México,1962,21,Delantero,0,0,0,3,0,0.00,0,0,0,0,0,11
Alberto Cardaccio,Uruguay,1974,16,Mediocampista,1,0,0,2,0,0.00,0,0,0,1,0,13
Alberto Chividini,Argentina,1930,-,Defensor,1,1,0,4,0,0.00,0,0,1,0,0,2
Alberto Denegri,Perú,1930,-,Mediocampista,2,2,0,0,0,0.00,0,0,0,0,2,10
Alberto Fouilloux,Chile,1962,10,Mediocampista,2,2,0,4,0,0.00,0,0,2,0,0,3
Alberto Fouilloux,Chile,1966,8,Mediocampista,2,2,0,1,0,0.00,0,0,0,1,1,13
Alberto Galateo,Argentina,1934,-,Delantero,1,1,0,0,1,1.00,0,0,0,0,1,9
Alberto Gallardo,Perú,1970,11,Delantero,4,4,0,0,2,0.50,0,0,2,0,2,7
Alberto Garcia Aspe,México,1994,8,Mediocampista,3,3,0,1,1,0.33,2,0,1,2,0,13
Alberto Garcia Aspe,México,1998,8,Mediocampista,4,4,4,0,1,0.25,1,0,1,2,1,13
Alberto Garcia Aspe,México,2002,8,Mediocampista,1,0,0,3,0,0.00,1,0,0,0,1,11
Alberto Gilardino,Italia,2006,11,Delantero,5,4,0,2,1,0.20,0,0,4,1,0,1
Alberto Gilardino,Italia,2010,11,Delantero,2,2,0,1,0,0.00,0,0,0,2,0,26
Alberto Gomez,Uruguay,1970,18,Delantero,1,0,0,5,0,0.00,0,0,1,0,0,4
Alberto Gonzalez,Paraguay,1950,-,Defensor,2,2,0,0,0,0.00,0,0,0,1,1,11
Alberto Gonzalez,Argentina,1962,22,Delantero,1,1,0,2,0,0.00,0,0,0,1,0,10
Alberto Gonzalez,Argentina,1966,16,Delantero,4,4,0,0,0,0.00,0,0,2,1,1,5
Alberto Gorriz,España,1990,14,Defensor,4,3,0,0,1,0.25,0,0,2,1,1,10
Alberto Rodríguez,Perú,2018,2,Defensor,2,2,1,1,0,0.00,0,0,0,0,2,20
Alberto Mariotti,Argentina,1962,14,Defensor,0,0,0,3,0,0.00,0,0,0,0,0,10
Alberto Medina,México,2010,22,Delantero,0,0,0,4,0,0.00,0,0,0,0,0,14
Alberto Quintano,Chile,1974,3,Defensor,3,3,0,0,0,0.00,0,0,0,2,1,11
Alberto Rodriguez,México,2002,22,Defensor,0,0,0,4,0,0.00,0,0,0,0,0,11
Alberto Sainz,Argentina,1962,4,Defensor,2,2,0,1,0,0.00,0,0,1,1,0,10
Alberto Soria,Perú,1930,-,Defensor,1,1,0,1,0,0.00,0,0,0,0,1,10
Alberto Tarantini,Argentina,1978,20,Defensor,7,7,0,0,1,0.14,0,0,5,1,1,1
Alberto Tarantini,Argentina,1982,18,Defensor,5,5,0,0,0,0.00,0,0,2,0,3,11
Alberto Valentini,Chile,1966,20,Defensor,2,2,0,1,0,0.00,0,0,0,1,1,13
Alberto Villalta,El Salvador,1970,22,Mediocampista,0,0,0,3,0,0.00,0,0,0,0,0,16
Albin Ekdal,Suecia,2018,8,Mediocampista,5,5,0,0,0,0.00,1,0,3,0,2,7
Albin Kitzinger,Alemania,1938,-,Mediocampista,1,1,0,1,0,0.00,0,0,0,1,0,10
Alcides Ghiggia,Uruguay,1950,-,Delantero,4,4,0,0,4,1.00,0,0,3,1,0,1
Alcindo,Brasil,1966,18,Delantero,2,2,0,1,0,0.00,0,0,1,0,1,11
Aldair,Brasil,1990,14,Defensor,0,0,0,4,0,0.00,0,0,0,0,0,9
Aldair,Brasil,1994,13,Defensor,7,6,0,0,0,0.00,1,0,5,2,0,1
Aldair,Brasil,1998,3,Defensor,6,6,0,1,0,0.00,2,0,4,1,1,2
Aldo Bobadilla,Paraguay,2006,22,Arquero,3,2,0,0,0,0.00,0,0,1,0,2,18
Aldo Bobadilla,Paraguay,2010,22,Arquero,0,0,0,5,0,0.00,0,0,0,0,0,8
Aldo Campatelli,Italia,1950,-,Mediocampista,1,1,0,1,0,0.00,0,0,0,0,1,7
Aldo Corzo,Perú,2018,3,Defensor,0,0,0,3,0,0.00,0,0,0,0,0,20
Aldo Donati,Italia,1938,-,Mediocampista,0,0,0,4,0,0.00,0,0,0,0,0,1
Aldo Donelli,Estados Unidos,1934,-,Delantero,1,1,0,0,1,1.00,0,0,0,0,1,16
Aldo Maldera,Italia,1978,6,Defensor,1,1,0,6,0,0.00,0,0,0,0,1,4
Aldo Olivieri,Italia,1938,-,Arquero,4,4,0,0,0,0.00,0,0,4,0,0,1
Aldo Poy,Argentina,1974,15,Delantero,0,0,0,6,0,0.00,0,0,0,0,0,8
Aldo Serena,Italia,1986,21,Delantero,0,0,0,4,0,0.00,0,0,0,0,0,12
Aldo Serena,Italia,1990,20,Delantero,3,0,0,4,1,0.33,0,0,2,1,0,3
Alejandro Balde,España,2022,14,Defensor,4,1,0,0,0,0.00,0,0,1,2,1,13
Alejandro Bedoya,Estados Unidos,2014,11,Mediocampista,4,3,0,0,0,0.00,0,0,1,1,2,15
Alejandro Dominguez,México,1986,8,Mediocampista,1,0,0,4,0,0.00,0,0,1,0,0,6
Alejandro Gomez,Argentina,2022,17,Mediocampista,2,2,0,5,0,0.00,0,0,1,0,1,1
Alejandro Lembo,Uruguay,2002,3,Defensor,2,2,0,1,0,0.00,0,0,0,2,0,26
Alejandro Mancuso,Argentina,1994,21,Mediocampista,2,0,0,2,0,0.00,0,0,2,0,0,10
Alejandro Scopelli,Argentina,1930,-,Delantero,1,1,0,4,1,1.00,0,0,1,0,0,2
Alejandro Villanueva,Perú,1930,-,Delantero,2,2,0,0,0,0.00,0,0,0,0,2,10
Alekos Alexandris,Grecia,1994,21,Delantero,1,1,0,2,0,0.00,0,0,0,0,1,24
Aleksandar Atanackovic,Yugoslavia,1950,-,Delantero,0,0,0,3,0,0.00,0,0,0,0,0,5
Aleksandar Ivos,Yugoslavia,1962,22,Mediocampista,0,0,0,6,0,0.00,0,0,0,0,0,4
Aleksandar Kolarov,Serbia,2010,3,Defensor,2,2,0,1,0,0.00,1,0,1,0,1,23
Aleksandar Kolarov,Serbia,2018,11,Defensor,3,3,3,0,1,0.33,0,0,1,0,2,23
Aleksandar Kostov,Bulgaria,1962,16,Mediocampista,1,1,0,2,0,0.00,0,0,0,1,0,15
Aleksandar Kostov,Bulgaria,1966,16,Delantero,1,1,0,2,0,0.00,0,0,0,0,1,15
Aleksandar Lukovic,Serbia,2010,13,Defensor,2,2,0,1,0,0.00,1,1,0,0,2,23
Aleksandar Markov,Bulgaria,1986,13,Defensor,2,2,0,2,0,0.00,1,0,0,1,1,15
Aleksandar Mitrović,Serbia,2018,9,Delantero,3,3,0,0,1,0.33,2,0,1,0,2,23
Aleksandar Mitrović,Serbia,2022,9,Delantero,3,3,0,0,2,0.67,1,0,0,1,2,29
Aleksandar Petakovic,Yugoslavia,1954,22,Delantero,0,0,0,3,0,0.00,0,0,0,0,0,8
Aleksandar Petakovic,Yugoslavia,1958,12,Delantero,4,4,0,0,2,0.50,0,0,1,2,1,8
Aleksandar Prijović,Serbia,2018,8,Delantero,1,0,0,2,0,0.00,1,0,1,0,0,23
Aleksandar Radosavljevic,Eslovenia,2010,18,Mediocampista,3,3,0,0,0,0.00,1,0,1,1,1,18
Aleksandar Shalamanov,Bulgaria,1966,2,Defensor,2,2,0,1,0,0.00,0,0,0,0,2,15
Aleksandar Shalamanov,Bulgaria,1970,2,Defensor,3,2,1,0,0,0.00,0,0,0,1,2,13
Aleksandar Tirnanic,Yugoslavia,1930,-,Delantero,3,3,0,0,1,0.33,0,0,2,0,1,4
Aleksander Knavs,Eslovenia,2002,6,Defensor,2,2,0,1,0,0.00,0,0,0,0,2,30
Aleksander Seliga,Eslovenia,2010,16,Arquero,0,0,0,3,0,0.00,0,0,0,0,0,18
Aleksandr Borodyuk,URSS,1990,12,Delantero,1,0,0,2,0,0.00,0,0,0,0,1,17
Aleksandr Borodyuk,URSS,1994,13,Mediocampista,2,1,0,1,0,0.00,0,0,0,0,2,18
Aleksandr Bubnov,URSS,1986,6,Defensor,1,1,0,3,0,0.00,0,0,1,0,0,10
Aleksandr Chivadze,URSS,1982,3,Defensor,5,5,5,0,1,0.20,1,0,2,2,1,7
Aleksandr Chivadze,URSS,1986,3,Defensor,0,0,0,4,0,0.00,0,0,0,0,0,10
Aleksandr Golovin,Rusia,2018,17,Mediocampista,4,4,0,1,1,0.25,1,0,2,2,0,8
Aleksandr Ivanov,URSS,1958,17,Delantero,4,4,0,1,1,0.25,0,0,1,1,2,6
Aleksandr Mostovoi,Rusia,1994,19,Mediocampista,1,1,0,2,0,0.00,0,0,0,0,1,18
Aleksandr Mostovoi,Rusia,2002,10,Mediocampista,0,0,0,3,0,0.00,0,0,0,0,0,22
Aleksandr Samedov,Rusia,2014,19,Mediocampista,3,3,0,0,0,0.00,0,0,0,2,1,24
Aleksandr Samedov,Rusia,2018,19,Mediocampista,5,5,0,0,0,0.00,0,0,2,2,1,8
Aleksandr Uvarov,URSS,1990,22,Arquero,2,2,0,1,0,0.00,0,0,1,0,1,17
Aleksandr Yerokhin,Rusia,2018,21,Mediocampista,2,0,0,3,0,0.00,0,0,0,2,0,8
Aleksandr Zavarov,URSS,1986,9,Mediocampista,4,3,0,0,1,0.25,0,0,2,1,1,10
Aleksandr Zavarov,URSS,1990,9,Mediocampista,3,2,0,0,1,0.33,0,0,1,0,2,17
Aleksei Kozlov,Rusia,2014,2,Defensor,2,2,0,1,0,0.00,1,0,0,1,1,24
Aleksei Mamykin,URSS,1962,16,Delantero,2,2,0,2,1,0.50,0,0,1,0,1,6
Aleksei Miranchuk,Rusia,2018,15,Mediocampista,1,1,0,4,0,0.00,0,0,0,0,1,8
Aleksey Ionov,Rusia,2014,21,Mediocampista,0,0,0,3,0,0.00,0,0,0,0,0,24
Alemao,Brasil,1986,15,Mediocampista,5,5,0,0,0,0.00,0,0,4,1,0,5
Alemao,Brasil,1990,5,Mediocampista,4,4,0,0,0,0.00,0,0,3,0,1,9
Alen Boksic,Yugoslavia,1990,14,Delantero,0,0,0,5,0,0.00,0,0,0,0,0,5
Alen Boksic,Yugoslavia,2002,11,Delantero,3,3,0,0,0,0.00,0,0,1,0,2,23
Ales Ceh,Eslovenia,2002,8,Mediocampista,3,3,3,0,0,0.00,1,0,0,0,3,30
Alessandro Altobelli,Italia,1982,18,Delantero,3,0,0,4,1,0.33,0,0,3,0,0,1
Alessandro Altobelli,Italia,1986,18,Delantero,4,4,0,0,4,1.00,0,0,1,2,1,12
Alessandro Costacurta,Italia,1994,4,Defensor,6,6,0,1,0,0.00,2,0,4,1,1,2
Alessandro Costacurta,Italia,1998,5,Defensor,5,5,0,0,0,0.00,2,0,3,2,0,5
Alessandro Del Piero,Italia,1998,10,Delantero,4,3,0,1,0,0.00,1,0,3,1,0,5
Alessandro Del Piero,Italia,2002,7,Delantero,3,1,0,1,1,0.33,0,0,1,1,1,15
Alessandro Del Piero,Italia,2006,7,Delantero,5,1,0,2,1,0.20,0,0,3,2,0,1
Alessandro Frigerio,Suiza,1938,-,Delantero,0,0,0,3,0,0.00,0,0,0,0,0,6
Alessandro Nesta,Italia,1998,6,Defensor,3,3,0,2,0,0.00,0,0,2,1,0,5
Alessandro Nesta,Italia,2002,13,Defensor,3,3,0,1,0,0.00,0,0,1,1,1,15
Alessandro Nesta,Italia,2006,13,Defensor,3,3,0,4,0,0.00,0,0,2,1,0,1
Alessandro Santos,Japón,2002,14,Mediocampista,2,1,0,2,0,0.00,0,0,0,1,1,9
Alessandro Santos,Japón,2006,14,Defensor,3,3,0,0,0,0.00,1,0,0,1,2,29
Alessio Cerci,Italia,2014,11,Delantero,1,0,0,2,0,0.00,0,0,0,0,1,22
Alex Aguinaga,Ecuador,2002,10,Mediocampista,3,1,1,0,0,0.00,0,0,1,0,2,24
Alex Czerniatynski,Bélgica,1982,21,Delantero,5,4,0,0,1,0.20,0,0,2,1,2,10
Alex Czerniatynski,Bélgica,1994,11,Delantero,1,0,0,3,0,0.00,0,0,0,0,1,11
Alex Graafland,Paises Bajos,1934,-,Delantero,0,0,0,1,0,0.00,0,0,0,0,0,9
Alex Iwobi,Nigeria,2018,18,Delantero,3,1,0,0,0,0.00,0,0,1,0,2,21
Alex Mcleish,Escocia,1982,13,Defensor,1,0,0,2,0,0.00,0,0,0,0,1,15
Alex Mcleish,Escocia,1986,5,Defensor,1,1,0,2,0,0.00,0,0,0,0,1,19
Alex Mcleish,Escocia,1990,2,Defensor,3,3,0,0,0,0.00,0,0,1,0,2,18
Alex Oxlade-Chamberlain,Inglaterra,2014,15,Mediocampista,0,0,0,3,0,0.00,0,0,0,0,0,26
Alex Parker,Escocia,1958,3,Defensor,1,1,0,2,0,0.00,0,0,0,0,1,14
Álex Rodríguez,Panamá,2018,22,Arquero,0,0,0,3,0,0.00,0,0,0,0,0,32
Alex Sandro,Brasil,2022,6,Defensor,3,2,0,2,0,0.00,0,0,2,1,0,7
Alex Scott,Escocia,1958,15,Delantero,0,0,0,3,0,0.00,0,0,0,0,0,14
Alex Stepney,Inglaterra,1970,13,Arquero,0,0,0,4,0,0.00,0,0,0,0,0,8
Alex Tachie-Mensah,Ghana,2006,12,Delantero,3,0,0,1,0,0.00,0,0,1,0,2,13
Alex Telles,Brasil,2022,16,Defensor,2,1,0,3,0,0.00,0,0,1,0,1,7
Alex Thepot,Francia,1930,-,Arquero,3,3,0,0,0,0.00,0,0,1,0,2,7
Alex Thepot,Francia,1934,-,Arquero,1,1,1,0,0,0.00,0,0,0,0,1,9
Alex Villaplane,Francia,1930,-,Mediocampista,3,3,3,0,0,0.00,0,0,1,0,2,7
Alex Wilkinson,Australia,2014,22,Defensor,3,3,0,0,0,0.00,0,0,0,0,3,30
Alex Wilson,Escocia,1954,18,Defensor,0,0,0,2,0,0.00,0,0,0,0,0,15
Alexander Bah,Dinamarca,2022,26,Defensor,2,0,0,1,0,0.00,0,0,0,0,2,28
Alexander Djiku,Ghana,2022,23,Defensor,2,1,0,1,0,0.00,0,0,1,0,1,24
Alexander Domínguez,Ecuador,2014,22,Arquero,3,3,0,0,0,0.00,0,0,1,1,1,17
Alexander Domínguez,Ecuador,2022,22,Arquero,0,0,0,3,0,0.00,0,0,0,0,0,18
Alexander Filimonov,Rusia,2002,23,Arquero,0,0,0,3,0,0.00,0,0,0,0,0,22
Alexander Frei,Suiza,2006,9,Delantero,4,4,0,0,2,0.50,1,0,2,2,0,10
Alexander Frei,Suiza,2010,9,Delantero,2,1,1,1,0,0.00,0,0,0,1,1,19
Alexander Horvath,Checoslovaquia,1970,5,Defensor,2,2,2,1,0,0.00,1,0,0,0,2,15
Alexander Kerzhakov,Rusia,2002,16,Delantero,1,0,0,2,0,0.00,0,0,0,0,1,22
Alexander Kerzhakov,Rusia,2014,11,Delantero,3,1,0,0,1,0.33,0,0,0,2,1,24
Alexander Kokorin,Rusia,2014,9,Delantero,3,3,0,0,1,0.33,0,0,0,2,1,24
Alexander Mejía,Colombia,2014,15,Mediocampista,4,1,0,1,0,0.00,0,0,4,0,0,5
Alexander Vencel,Checoslovaquia,1970,22,Arquero,1,1,0,2,0,0.00,0,0,0,0,1,15
Alexander Wood,Estados Unidos,1930,-,Defensor,3,3,0,0,0,0.00,0,0,2,0,1,3
Alexandre Baptista,Portugal,1966,20,Defensor,5,5,0,1,0,0.00,0,0,4,0,1,3
Alexandre Guimaraes,Costa Rica,1990,9,Mediocampista,3,0,0,1,0,0.00,0,0,1,0,2,13
Alexandre Song,Camerún,2010,6,Mediocampista,1,1,0,2,0,0.00,0,0,0,0,1,31
Alexandre Song,Camerún,2014,6,Mediocampista,2,2,0,1,0,0.00,0,1,0,0,2,32
Alexandros Tziolis,Grecia,2010,6,Mediocampista,3,3,0,0,0,0.00,1,0,1,0,2,25
Alexandros Tziolis,Grecia,2014,6,Mediocampista,0,0,0,4,0,0.00,0,0,0,0,0,13
Alexandros Tzorvas,Grecia,2010,12,Arquero,3,3,0,0,0,0.00,0,0,1,0,2,25
Alexandru Cuedan,Rumania,1934,-,Mediocampista,0,0,0,1,0,0.00,0,0,0,0,0,12
Alexandru Neagu,Rumania,1970,16,Mediocampista,3,2,0,0,1,0.33,0,0,1,0,2,10
Alexei Smertin,Rusia,2002,4,Mediocampista,2,2,0,1,0,0.00,1,0,0,0,2,22
Alexey Korneev,URSS,1966,13,Defensor,2,2,0,4,0,0.00,0,0,1,0,1,4
Alexi Lalas,Estados Unidos,1994,22,Defensor,4,4,0,0,0,0.00,1,0,1,1,2,14
Alexi Lalas,Estados Unidos,1998,22,Defensor,0,0,0,3,0,0.00,0,0,0,0,0,32
Alexis Alexiou,Grecia,1994,22,Defensor,1,1,0,2,0,0.00,0,0,0,0,1,24
Alexis Alexoudis,Grecia,1994,16,Delantero,1,1,0,2,0,0.00,1,0,0,0,1,24
Alexis Chantraine,Bélgica,1930,-,Mediocampista,0,0,0,2,0,0.00,0,0,0,0,0,11
Alexis Mac Allister,Argentina,2022,20,Mediocampista,6,6,0,1,1,0.17,0,0,4,2,0,1
Alexis Mendoza,Colombia,1990,21,Defensor,0,0,0,4,0,0.00,0,0,0,0,0,14
Alexis Mendoza,Colombia,1994,3,Defensor,1,1,0,2,0,0.00,0,0,1,0,0,19
Alexis Sanchez,Chile,2010,7,Delantero,4,4,0,0,0,0.00,0,0,2,0,2,10
Alexis Sanchez,Chile,2014,7,Delantero,4,4,0,0,2,0.50,0,0,2,1,1,9
Alexis Vega,México,2022,10,Delantero,3,3,0,0,0,0.00,0,0,1,1,1,22
Alf Haland,Noruega,1994,18,Defensor,2,2,0,1,0,0.00,2,0,1,0,1,17
Alf Martinsen,Noruega,1938,-,Delantero,0,0,0,1,0,0.00,0,0,0,0,0,12
Alf Ramsey,Inglaterra,1950,-,Defensor,3,3,0,0,0,0.00,0,0,1,0,2,8
Alfons Van Brandt,Bélgica,1954,3,Defensor,2,2,0,0,0,0.00,0,0,0,1,1,12
Alfonse Peeters,Bélgica,1970,20,Defensor,0,0,0,3,0,0.00,0,0,0,0,0,10
Alfonso,España,1998,11,Delantero,2,2,0,1,0,0.00,0,0,1,0,1,17
Alfonso Dominguez,Uruguay,1990,6,Defensor,4,4,0,0,0,0.00,0,0,1,1,2,16
Alfonso Lara,Chile,1974,14,Mediocampista,1,0,0,2,0,0.00,0,0,0,0,1,11
Alfonso Lorenzo,Argentina,1934,-,Mediocampista,0,0,0,1,0,0.00,0,0,0,0,0,9
Alfonso Montemayor,México,1950,-,Defensor,1,1,1,2,0,0.00,0,0,0,0,1,12
Alfonso Obregon,Ecuador,2002,5,Mediocampista,3,3,0,0,0,0.00,0,0,1,0,2,24
Alfonso Pereira,Uruguay,1986,14,Defensor,2,2,0,2,0,0.00,0,0,0,1,1,16
Alfonso Portugal,México,1958,5,Mediocampista,1,1,0,2,0,0.00,0,0,0,0,1,16
Alfonso Silva,España,1950,-,Defensor,1,1,0,5,0,0.00,0,0,0,0,1,4
Alfred Aston,Francia,1934,-,Delantero,1,1,0,0,0,0.00,0,0,0,0,1,9
Alfred Aston,Francia,1938,-,Delantero,2,2,0,0,0,0.00,0,0,1,0,1,8
Alfred Eisenbeisser,Rumania,1930,-,Mediocampista,2,2,0,0,0,0.00,0,0,1,0,1,8
Alfred Finnbogason,Islandia,2018,11,Delantero,3,3,0,0,1,0.33,1,0,0,1,2,28
Alfred Gomis,Senegal,2018,23,Arquero,0,0,0,3,0,0.00,0,0,0,0,0,17
Alfred Gomis,Senegal,2022,23,Arquero,0,0,0,4,0,0.00,0,0,0,0,0,10
Alfred Hortnagl,Austria,1990,11,Mediocampista,2,1,0,1,0,0.00,0,0,0,0,2,18
Alfred Jaeck,Suiza,1934,-,Delantero,1,1,0,1,0,0.00,0,0,0,0,1,7
Alfred Kelbassa,Alemania Occidental,1958,15,Delantero,1,1,0,5,0,0.00,0,0,0,0,1,4
Alfred Koerner,Austria,1954,11,Delantero,4,4,0,1,0,0.00,0,0,3,0,1,3
Alfred Koerner,Austria,1958,10,Delantero,3,3,0,0,1,0.33,0,0,0,1,2,15
Alfred Mcmichael,Irlanda del Norte,1958,3,Defensor,5,5,0,0,0,0.00,0,0,2,1,2,7
Alfred N'Diaye,Senegal,2018,13,Mediocampista,2,2,0,1,0,0.00,0,0,1,1,0,17
Alfred Pfaff,Alemania Occidental,1954,19,Delantero,1,1,0,5,1,1.00,0,0,0,0,1,1
Alfred Phiri,Sudáfrica,1998,8,Mediocampista,1,0,0,2,0,0.00,1,1,0,1,0,24
Alfred Schmidt,Alemania Occidental,1958,10,Mediocampista,2,2,0,4,0,0.00,0,0,2,0,0,4
Alfred Teinitzer,Austria,1954,17,Mediocampista,0,0,0,5,0,0.00,0,0,0,0,0,3
Alfredo,Brasil,1974,15,Defensor,1,1,0,6,0,0.00,0,0,0,0,1,4
Alfredo De Vincenzi,Argentina,1934,-,Delantero,1,1,1,0,0,0.00,0,0,0,0,1,9
Alfredo Del Aguila,México,1962,7,Delantero,3,3,0,0,1,0.33,0,0,1,0,2,11
Alfredo Di Stefano,España,1962,6,Delantero,0,0,0,3,0,0.00,0,0,0,0,0,12
Alfredo Foni,Italia,1938,-,Defensor,3,3,0,1,0,0.00,0,0,3,0,0,1
Alfredo Hernandez,México,1958,7,Mediocampista,1,1,0,2,0,0.00,0,0,0,0,1,16
Alfredo Hernandez,México,1962,18,Mediocampista,1,1,0,2,0,0.00,0,0,1,0,0,11
Alfredo Ii,Brasil,1950,-,Delantero,1,1,0,5,1,1.00,0,0,0,1,0,2
Alfredo Mendoza,Paraguay,1986,11,Delantero,4,4,0,0,0,0.00,1,0,1,2,1,13
Alfredo Perez,Argentina,1958,13,Mediocampista,0,0,0,3,0,0.00,0,0,0,0,0,13
Alfredo Quesada,Perú,1978,17,Mediocampista,2,2,0,4,0,0.00,1,0,0,0,2,8
Alfredo Ramos,Brasil,1954,13,Defensor,0,0,0,3,0,0.00,0,0,0,0,0,6
Alfredo Rojas,Argentina,1958,10,Delantero,1,1,0,2,0,0.00,0,0,0,0,1,13
Alfredo Rojas,Argentina,1966,18,Delantero,0,0,0,4,0,0.00,0,0,0,0,0,5
Alfredo Sanchez,México,1930,-,Mediocampista,3,3,0,0,0,0.00,0,0,0,0,3,13
Alfredo Talavera,México,2014,12,Arquero,0,0,0,4,0,0.00,0,0,0,0,0,10
Alfredo Talavera,México,2018,12,Arquero,0,0,0,4,0,0.00,0,0,0,0,0,12
Alfredo Talavera,México,2022,1,Arquero,0,0,0,3,0,0.00,0,0,0,0,0,22
Alfredo Tena,México,1978,3,Defensor,2,2,0,1,0,0.00,0,0,0,0,2,16
Alfredo Torres,México,1954,7,Delantero,2,2,0,0,0,0.00,0,0,0,0,2,13
Alfredo Vasquez,El Salvador,1970,8,Mediocampista,3,3,0,0,0,0.00,0,0,0,0,3,16
Ali Abdi,Túnez,2022,24,Defensor,3,2,0,0,0,0.00,1,0,1,1,1,21
Ali Akbar Ostad-Asadi,Irán,1998,15,Defensor,0,0,0,3,0,0.00,0,0,0,0,0,20
Ali Al-Bulaihi,Arabia Saudita,2018,4,Defensor,1,1,0,2,0,0.00,0,0,0,0,1,26
Ali Al-Bulaihi,Arabia Saudita,2022,5,Defensor,3,3,0,0,0,0.00,1,0,1,0,2,25
Ali Al-Hassan,Arabia Saudita,2022,15,Mediocampista,1,1,0,2,0,0.00,1,0,0,0,1,25
Ali El-Said,Egipto,1934,-,Defensor,1,1,0,0,0,0.00,0,0,0,0,1,13
Ali Asad,Catar,2022,8,Mediocampista,1,0,0,2,0,0.00,0,0,0,0,1,32
Ali Bencheikh,Argelia,1982,6,Mediocampista,0,0,0,3,0,0.00,0,0,0,0,0,13
Ali Boumnijel,Túnez,1998,22,Arquero,0,0,0,3,0,0.00,0,0,0,0,0,26
Ali Boumnijel,Túnez,2002,1,Arquero,3,3,0,0,0,0.00,0,0,0,1,2,29
Ali Boumnijel,Túnez,2006,1,Arquero,3,3,0,0,0,0.00,0,0,0,1,2,24
Ali Daei,Irán,1998,10,Delantero,3,3,0,0,0,0.00,1,0,1,0,2,20
Ali Daei,Irán,2006,10,Delantero,2,2,2,1,0,0.00,0,0,0,1,1,26
Ali El Khattabi,Marruecos,1998,11,Delantero,2,0,0,1,0,0.00,0,0,0,1,1,18
Ali Fergani,Argelia,1982,8,Mediocampista,3,3,3,0,0,0.00,0,0,2,0,1,13
Ali Gabr,Egipto,2018,2,Defensor,3,3,0,0,0,0.00,1,0,0,0,3,31
Ali Gholizadeh,Irán,2022,17,Mediocampista,3,2,0,0,0,0.00,0,0,1,0,2,26
Ali Jamal,Iraq,1986,12,Mediocampista,0,0,0,3,0,0.00,0,0,0,0,0,23
Ali Kaabi,Túnez,1978,3,Defensor,3,3,0,0,1,0.33,0,0,1,1,1,9
Ali Karimi,Irán,2006,8,Mediocampista,2,2,0,1,0,0.00,0,0,0,0,2,26
Ali Karimi,Irán,2022,18,Mediocampista,3,1,0,0,0,0.00,0,0,1,0,2,26
Ali Latifi,Irán,1998,13,Delantero,0,0,0,3,0,0.00,0,0,0,0,0,20
Ali Maâloul,Túnez,2018,12,Defensor,2,2,0,1,0,0.00,0,0,0,0,2,24
Ali Maâloul,Túnez,2022,12,Defensor,1,1,0,2,0,0.00,0,0,1,0,0,21
Ali Parwin,Irán,1978,7,Mediocampista,3,3,3,0,0,0.00,0,0,0,1,2,14
Ali Reza Gheshghaian,Irán,1978,11,Defensor,0,0,0,3,0,0.00,0,0,0,0,0,14
Ali Reza Mansourian,Irán,1998,7,Mediocampista,2,0,0,1,0,0.00,0,0,1,0,1,20
Ali Shojaei,Irán,1978,19,Defensor,0,0,0,3,0,0.00,0,0,0,0,0,14
Ali Thani Jumaa,Emiratos Arabes,1990,3,Mediocampista,3,3,0,0,1,0.33,0,0,0,0,3,24
Ali Zitouni,Túnez,2002,20,Delantero,3,0,0,0,0,0.00,0,0,0,1,2,29
Alidu Seidu,Ghana,2022,26,Defensor,2,2,0,1,0,0.00,2,0,0,0,2,24
Alim Ben Mabrouk,Argelia,1986,18,Mediocampista,2,2,0,1,0,0.00,0,0,0,1,1,22
Aliou Cisse,Senegal,2002,6,Defensor,4,4,4,1,0,0.00,2,0,2,1,1,7
Alioum Boukar,Camerún,1998,22,Arquero,0,0,0,3,0,0.00,0,0,0,0,0,25
Alioum Boukar,Camerún,2002,1,Arquero,3,3,0,0,0,0.00,0,0,1,1,1,20
Alireza Beiranvand,Irán,2018,1,Arquero,3,3,0,0,0,0.00,0,0,1,1,1,18
Alireza Beiranvand,Irán,2022,1,Arquero,2,2,0,1,0,0.00,0,0,0,0,2,26
Alireza Haghighi,Irán,2014,12,Arquero,3,3,0,0,0,0.00,0,0,0,1,2,28
Alireza Jahanbakhsh,Irán,2014,9,Delantero,3,0,0,0,0,0.00,0,0,0,1,2,28
Alireza Jahanbakhsh,Irán,2018,18,Delantero,3,2,0,0,0,0.00,1,0,1,1,1,18
Alireza Jahanbakhsh,Irán,2022,7,Mediocampista,2,1,0,1,0,0.00,2,0,1,0,1,26
Alisson,Brasil,2018,1,Arquero,5,5,0,0,0,0.00,0,0,3,1,1,6
Alisson,Brasil,2022,1,Arquero,4,4,0,1,0,0.00,0,0,3,1,0,7
Alistair Johnston,Canadá,2022,2,Defensor,3,3,0,0,0,0.00,1,0,0,0,3,31
Alistair Mccoist,Escocia,1990,9,Delantero,3,1,0,0,0,0.00,0,0,1,0,2,18
Aljosa Asanovic,Croacia,1998,7,Mediocampista,7,7,0,0,0,0.00,2,0,5,0,2,3
Allal Ben Kassou,Marruecos,1970,1,Arquero,2,2,0,1,0,0.00,0,0,0,0,2,14
Allan Boath,Nueva Zelanda,1982,17,Mediocampista,3,3,0,0,0,0.00,0,0,0,0,3,23
Allan Brown,Escocia,1954,10,Delantero,2,2,0,0,0,0.00,0,0,0,0,2,15
Allan Clarke,Inglaterra,1970,21,Delantero,1,1,0,3,1,1.00,0,0,1,0,0,8
Allan Costly,Honduras,1982,5,Defensor,3,3,0,0,0,0.00,0,0,0,2,1,18
Allan Evans,Escocia,1982,17,Defensor,1,1,0,2,0,0.00,0,0,1,0,0,15
Allan Maher,Australia,1974,22,Arquero,0,0,0,3,0,0.00,0,0,0,0,0,14
Allan Nielsen,Dinamarca,1998,7,Mediocampista,5,4,0,0,1,0.20,1,0,2,1,2,8
Allan Simonsen,Dinamarca,1986,14,Delantero,1,0,0,3,0,0.00,0,0,1,0,0,9
Allan Thomson,Escocia,1974,12,Arquero,0,0,0,3,0,0.00,0,0,0,0,0,9
Allenby Chilton,Inglaterra,1954,18,Defensor,0,0,0,3,0,0.00,0,0,0,0,0,7
Alloy Agu,Nigeria,1994,16,Arquero,0,0,0,4,0,0.00,0,0,0,0,0,9
Almoez Ali,Catar,2022,19,Delantero,3,3,0,0,0,0.00,1,0,0,0,3,32
Alou Diarra,Francia,2006,18,Mediocampista,2,0,0,5,0,0.00,0,0,1,1,0,2
Alou Diarra,Francia,2010,18,Mediocampista,1,1,1,2,0,0.00,0,0,0,0,1,29
Alpay Ozalan,Turquía,2002,5,Defensor,5,5,0,2,0,0.00,2,1,3,0,2,3
Alphonse Areola,Francia,2018,23,Arquero,0,0,0,7,0,0.00,0,0,0,0,0,1
Alphonse Areola,Francia,2022,23,Arquero,0,0,0,7,0,0.00,0,0,0,0,0,2
Alphonse De Winter,Bélgica,1938,-,Mediocampista,1,1,0,0,0,0.00,0,0,0,0,1,13
Alphonse-Marie Tchami,Camerún,1994,16,Delantero,1,0,0,2,0,0.00,0,0,0,0,1,22
Alphonse-Marie Tchami,Camerún,1998,9,Delantero,3,0,0,0,0,0.00,0,0,0,2,1,25
Alphonse Yombi,Camerún,1990,12,Defensor,0,0,0,5,0,0.00,0,0,0,0,0,7
Alphonso Davies,Canadá,2022,19,Delantero,3,3,0,0,1,0.33,1,0,0,0,3,31
Altair,Brasil,1962,15,Defensor,0,0,0,6,0,0.00,0,0,0,0,0,1
Altair,Brasil,1966,6,Defensor,2,2,0,1,0,0.00,0,0,1,0,1,11
Alvaro,Portugal,1986,5,Defensor,3,3,0,0,0,0.00,0,0,1,0,2,17
Alvaro Arbeloa,España,2010,17,Defensor,1,0,0,6,0,0.00,0,0,1,0,0,1
Alvaro Fernandez,Uruguay,2010,20,Mediocampista,4,1,0,3,0,0.00,0,0,3,1,0,4
Alvaro Gestido,Uruguay,1930,-,Mediocampista,4,4,0,0,0,0.00,0,0,4,0,0,1
Alvaro González,Uruguay,2014,20,Mediocampista,4,3,0,0,0,0.00,0,0,2,0,2,12
Alvaro Mesen,Costa Rica,2002,18,Arquero,0,0,0,3,0,0.00,0,0,0,0,0,19
Alvaro Mesen,Costa Rica,2006,1,Arquero,0,0,0,3,0,0.00,0,0,0,0,0,31
Álvaro Morata,España,2022,7,Delantero,4,1,0,0,3,0.75,0,0,1,2,1,13
Álvaro Odriozola,España,2018,12,Defensor,0,0,0,4,0,0.00,0,0,0,0,0,10
Alvaro Pena,Bolivia,1994,9,Delantero,1,0,0,2,0,0.00,0,0,0,1,0,21
Alvaro Pereira,Uruguay,2010,11,Mediocampista,5,5,0,2,1,0.20,0,0,3,1,1,4
Alvaro Pereira,Uruguay,2014,6,Mediocampista,3,3,0,1,0,0.00,0,0,2,0,1,12
Alvaro Recoba,Uruguay,2002,20,Delantero,3,3,0,0,1,0.33,0,0,0,2,1,26
Alvaro Saborio,Costa Rica,2006,19,Delantero,2,0,0,1,0,0.00,0,0,0,0,2,31
Álvaro Zamora,Costa Rica,2022,26,Mediocampista,1,0,0,2,0,0.00,0,0,0,0,1,27
Alvin Martin,Inglaterra,1986,5,Defensor,1,1,0,4,0,0.00,1,0,1,0,0,8
Amadeo Carrizo,Argentina,1958,1,Arquero,3,3,0,0,0,0.00,0,0,1,0,2,13
Amadeo Ortega,Paraguay,1930,-,Delantero,0,0,0,2,0,0.00,0,0,0,0,0,9
Amado Guevara,Honduras,2010,20,Mediocampista,2,2,2,1,0,0.00,0,0,0,0,2,30
Amadou Onana,Bélgica,2022,18,Mediocampista,2,1,0,1,0,0.00,2,0,1,0,1,23
Amancio,España,1966,8,Delantero,2,2,0,1,1,0.50,0,0,1,0,1,10
Amara Traore,Senegal,2002,8,Delantero,0,0,0,5,0,0.00,0,0,0,0,0,7
Amaral,Brasil,1978,4,Defensor,7,7,0,0,0,0.00,0,0,4,3,0,3
Amarildo,Brasil,1962,20,Delantero,4,4,0,2,3,0.75,0,0,4,0,0,1
Amdy Faye,Senegal,2002,12,Mediocampista,2,1,0,3,0,0.00,0,0,1,1,0,7
Amedeo Amadei,Italia,1950,-,Delantero,1,1,0,1,0,0.00,0,0,1,0,0,7
Amedeo Biavati,Italia,1938,-,Delantero,3,3,0,1,0,0.00,0,0,3,0,0,1
Americo,Portugal,1966,1,Arquero,0,0,0,6,0,0.00,0,0,0,0,0,3
Americo Gallego,Argentina,1978,6,Mediocampista,7,7,0,0,0,0.00,1,0,5,1,1,1
Americo Gallego,Argentina,1982,9,Mediocampista,4,4,0,1,0,0.00,1,1,2,0,2,11
Amine Harit,Marruecos,2018,18,Mediocampista,1,1,0,2,0,0.00,0,0,0,0,1,27
Amir Abedzadeh,Irán,2018,22,Arquero,0,0,0,3,0,0.00,0,0,0,0,0,18
Amir Abedzadeh,Irán,2022,22,Arquero,0,0,0,3,0,0.00,0,0,0,0,0,26
Amir Hossein Sadeghi,Irán,2006,19,Defensor,0,0,0,3,0,0.00,0,0,0,0,0,26
Amir Hossein Sadeghi,Irán,2014,5,Defensor,3,3,0,0,0,0.00,0,0,0,1,2,28
Amir Karic,Eslovenia,2002,19,Mediocampista,3,3,0,0,0,0.00,2,0,0,0,3,30
Amleto Frignani,Italia,1954,21,Delantero,2,2,0,1,1,0.50,0,0,1,0,1,10
Amr Warda,Egipto,2018,22,Delantero,3,1,0,0,0,0.00,0,0,0,0,3,31
Anass Zaroury,Marruecos,2022,10,Mediocampista,1,0,0,6,0,0.00,0,0,0,0,1,4
Anatoli Banishevski,URSS,1966,18,Delantero,5,5,0,1,1,0.20,0,0,3,0,2,4
Anatoli Demyanenko,URSS,1982,6,Defensor,5,5,0,0,0,0.00,0,0,2,2,1,7
Anatoli Demyanenko,URSS,1986,5,Defensor,3,3,3,1,0,0.00,0,0,1,1,1,10
Anatoli Demyanenko,URSS,1990,5,Defensor,1,1,1,2,0,0.00,0,0,1,0,0,17
Anatoli Ilyin,URSS,1958,11,Delantero,5,5,0,0,2,0.40,0,0,2,1,2,6
Anatoli Maslyonkin,URSS,1958,15,Defensor,0,0,0,5,0,0.00,0,0,0,0,0,6
Anatoli Maslyonkin,URSS,1962,7,Defensor,4,4,0,0,0,0.00,0,0,2,1,1,6
Anatoli Nankov,Bulgaria,1998,16,Mediocampista,2,2,0,1,0,0.00,0,1,0,1,1,29
Anatoli Puzach,URSS,1970,20,Delantero,2,1,0,2,0,0.00,0,0,1,1,0,5
Anatoliy Tymoschuk,Ucrania,2006,4,Mediocampista,5,5,0,0,0,0.00,1,0,2,1,2,8
Anatoly Bishovets,URSS,1970,16,Delantero,4,4,0,0,4,1.00,1,0,2,1,1,5
Andeas Ogris,Austria,1990,13,Delantero,3,2,0,0,1,0.33,0,0,1,0,2,18
Anders Limpar,Suecia,1990,13,Mediocampista,2,2,0,1,0,0.00,0,0,0,0,2,21
Anders Limpar,Suecia,1994,16,Mediocampista,1,0,0,6,0,0.00,0,0,1,0,0,3
Anders Linderoth,Suecia,1978,7,Mediocampista,3,2,0,0,0,0.00,0,0,0,1,2,13
Anders Rydberg,Suecia,1934,-,Arquero,2,2,0,0,0,0.00,0,0,1,0,1,8
Anders Svensson,Suecia,2002,8,Mediocampista,4,3,0,0,1,0.25,0,0,1,2,1,13
Anders Svensson,Suecia,2006,8,Mediocampista,1,1,0,3,0,0.00,0,0,0,1,0,14
Anderson Polga,Brasil,2002,14,Defensor,2,2,0,5,0,0.00,0,0,2,0,0,1
Anderson Santamaría,Perú,2018,4,Defensor,2,1,0,1,0,0.00,0,0,1,0,1,20
Andjelko Djuricic,Serbia,2010,23,Arquero,0,0,0,3,0,0.00,0,0,0,0,0,23
Andoni Zubizarreta,España,1986,1,Arquero,5,5,0,0,0,0.00,0,0,3,1,1,7
Andoni Zubizarreta,España,1990,1,Arquero,4,4,0,0,0,0.00,0,0,2,1,1,10
Andoni Zubizarreta,España,1994,1,Arquero,4,4,4,1,0,0.00,0,0,2,1,1,8
Andoni Zubizarreta,España,1998,1,Arquero,3,3,3,0,0,0.00,0,0,1,1,1,17
Andranik Eskandarian,Irán,1978,15,Defensor,2,2,0,1,0,0.00,2,0,0,1,1,14
Andranik Teymourian,Irán,2006,14,Mediocampista,3,3,0,0,0,0.00,1,0,0,1,2,26
Andranik Teymourian,Irán,2014,14,Mediocampista,3,3,0,0,0,0.00,1,0,0,1,2,28
Andras Torocsik,Hungría,1978,9,Delantero,2,2,0,1,0,0.00,1,1,0,0,2,15
Andras Torocsik,Hungría,1982,9,Delantero,2,2,0,1,0,0.00,0,0,1,1,0,14
Andras Toth,Hungría,1978,19,Delantero,1,0,0,2,1,1.00,0,0,0,0,1,15
Andraz Kirm,Eslovenia,2010,17,Mediocampista,3,3,0,0,0,0.00,1,0,1,1,1,18
Andre,Portugal,1986,21,Mediocampista,2,2,0,1,0,0.00,0,0,1,0,1,17
Andre,Angola,2006,8,Mediocampista,2,2,0,1,0,0.00,1,1,0,1,1,23
Andre Abegglen,Suiza,1934,-,Delantero,2,2,0,0,1,0.50,0,0,1,0,1,7
Andre Abegglen,Suiza,1938,-,Delantero,3,3,1,0,3,1.00,0,0,1,1,1,6
André Almeida,Portugal,2014,19,Defensor,2,1,0,1,0,0.00,0,0,0,1,1,18
Andre Arendse,Sudáfrica,2002,16,Arquero,3,3,0,0,0,0.00,0,0,1,1,1,17
Andre Ayew,Ghana,2010,13,Mediocampista,4,4,0,1,0,0.00,2,0,2,1,1,7
Andre Ayew,Ghana,2014,10,Mediocampista,3,3,0,0,2,0.67,0,0,0,1,2,25
Andre Ayew,Ghana,2022,10,Delantero,3,3,3,0,1,0.33,1,0,1,0,2,24
André Carrillo,Perú,2018,18,Delantero,3,3,0,0,1,0.33,0,0,1,0,2,20
Andre Chorda,Francia,1966,7,Defensor,0,0,0,3,0,0.00,0,0,0,0,0,13
Andre Cruz,Brasil,1998,15,Defensor,0,0,0,7,0,0.00,0,0,0,0,0,2
André-Frank Zambo Anguissa,Camerún,2022,8,Mediocampista,3,3,0,0,0,0.00,0,0,1,1,1,19
Andre Grobety,Suiza,1962,9,Defensor,3,3,0,0,0,0.00,0,0,0,0,3,16
Andre Grobety,Suiza,1966,9,Defensor,1,1,0,2,0,0.00,0,0,0,0,1,16
Andre Kana-Biyik,Camerún,1990,2,Mediocampista,3,3,0,2,0,0.00,2,1,2,0,1,7
Andre Kana-Biyik,Camerún,1994,2,Mediocampista,1,1,0,2,0,0.00,1,0,0,0,1,22
Andre Lerond,Francia,1958,5,Defensor,6,6,0,0,0,0.00,0,0,4,0,2,3
Andre Maschinot,Francia,1930,-,Delantero,2,2,0,1,2,1.00,0,0,1,0,1,7
Andre Neury,Suiza,1950,-,Defensor,3,3,0,0,0,0.00,0,0,1,1,1,6
Andre Neury,Suiza,1954,7,Defensor,4,4,0,0,0,0.00,0,0,2,0,2,5
André Onana,Camerún,2022,23,Arquero,1,1,0,2,0,0.00,0,0,0,0,1,19
Andre Ooijer,Paises Bajos,1998,13,Defensor,0,0,0,7,0,0.00,0,0,0,0,0,4
Andre Ooijer,Paises Bajos,2006,13,Defensor,4,4,0,0,0,0.00,1,0,2,1,1,11
Andre Ooijer,Paises Bajos,2010,13,Defensor,1,1,0,6,0,0.00,1,0,1,0,0,2
Andre Pierre Gignac,Francia,2010,11,Delantero,3,1,0,0,0,0.00,0,0,0,1,2,29
Andre Saeys,Bélgica,1930,-,Delantero,0,0,0,2,0,0.00,0,0,0,0,0,11
André Schürrle,Alemania,2014,9,Delantero,6,0,0,1,3,0.50,0,0,6,0,0,1
André Silva,Portugal,2018,9,Delantero,3,1,0,1,0,0.00,0,0,0,2,1,13
André Silva,Portugal,2022,9,Delantero,1,0,0,4,0,0.00,0,0,0,0,1,8
Andre Strappe,Francia,1954,21,Delantero,2,2,0,0,0,0.00,0,0,1,0,1,9
Andre Tassin,Francia,1930,-,Arquero,0,0,0,3,0,0.00,0,0,0,0,0,7
Andre Titi Buengo,Angola,2006,19,Delantero,0,0,0,3,0,0.00,0,0,0,0,0,23
Andre Vandeweyer,Bélgica,1934,-,Arquero,1,1,0,0,0,0.00,0,0,0,0,1,15
Andre Vandeweyer,Bélgica,1938,-,Arquero,0,0,0,1,0,0.00,0,0,0,0,0,13
Andrea Barzagli,Italia,2006,6,Defensor,2,1,0,5,0,0.00,0,0,2,0,0,1
Andrea Barzagli,Italia,2014,15,Defensor,3,3,0,0,0,0.00,0,0,1,0,2,22
Andrea Carnevale,Italia,1990,16,Delantero,2,2,0,5,0,0.00,0,0,2,0,0,3
Andrea Pirlo,Italia,2006,21,Mediocampista,7,7,0,0,1,0.14,0,0,5,2,0,1
Andrea Pirlo,Italia,2010,21,Mediocampista,1,0,0,2,0,0.00,0,0,0,0,1,26
Andrea Pirlo,Italia,2014,21,Mediocampista,3,3,1,0,0,0.00,0,0,1,0,2,22
Andreas Andersson,Suecia,2002,22,Delantero,4,0,0,0,0,0.00,0,0,1,2,1,13
Andreas Brehme,Alemania Occidental,1986,3,Defensor,5,5,0,2,1,0.20,0,0,1,2,2,2
Andreas Brehme,Alemania Occidental,1990,3,Defensor,6,6,0,1,3,0.50,3,0,5,1,0,1
Andreas Brehme,Alemania Occidental,1994,3,Defensor,5,3,0,0,0,0.00,1,0,3,1,1,5
Andreas Christensen,Dinamarca,2018,6,Defensor,4,4,0,0,0,0.00,0,0,1,3,0,11
Andreas Christensen,Dinamarca,2022,6,Defensor,3,3,0,0,1,0.33,1,0,0,1,2,28
Andreas Cornelius,Dinamarca,2018,21,Delantero,3,2,0,1,0,0.00,0,0,0,3,0,11
Andreas Cornelius,Dinamarca,2022,21,Delantero,3,1,0,0,0,0.00,1,0,0,1,2,28
Andreas Granqvist,Suecia,2018,4,Defensor,5,5,5,0,2,0.40,0,0,3,0,2,7
Andreas Heraf,Austria,1998,20,Mediocampista,0,0,0,3,0,0.00,0,0,0,0,0,23
Andreas Herzog,Austria,1990,20,Mediocampista,3,3,0,0,0,0.00,1,0,1,0,2,18
Andreas Herzog,Austria,1998,10,Mediocampista,3,1,0,0,1,0.33,0,0,0,2,1,23
Andreas Isaksson,Suecia,2002,23,Arquero,0,0,0,4,0,0.00,0,0,0,0,0,13
Andreas Isaksson,Suecia,2006,1,Arquero,3,3,0,1,0,0.00,0,0,1,1,1,14
Andreas Jakobsson,Suecia,2002,15,Defensor,4,4,0,0,0,0.00,1,0,1,2,1,13
Andreas Koepke,Alemania Occidental,1990,22,Arquero,0,0,0,7,0,0.00,0,0,0,0,0,1
Andreas Koepke,Alemania Occidental,1994,12,Arquero,0,0,0,5,0,0.00,0,0,0,0,0,5
Andreas Koepke,Alemania Occidental,1998,1,Arquero,5,5,0,0,0,0.00,0,0,3,1,1,7
Andreas Kupfer,Alemania,1938,-,Mediocampista,2,2,0,0,0,0.00,0,0,0,1,1,10
Andreas Moeller,Alemania Occidental,1990,17,Mediocampista,2,0,0,5,0,0.00,0,0,2,0,0,1
Andreas Moeller,Alemania Occidental,1994,7,Mediocampista,4,3,0,1,0,0.00,1,0,2,1,1,5
Andreas Moeller,Alemania Occidental,1998,7,Mediocampista,3,2,0,2,1,0.33,0,0,2,1,0,7
Andreas Reisinger,Austria,1990,16,Mediocampista,1,0,0,2,0,0.00,1,0,1,0,0,18
Andreas Samaris,Grecia,2014,22,Mediocampista,2,1,0,2,1,0.50,1,0,1,1,0,13
Andreas Skov Olsen,Dinamarca,2022,11,Mediocampista,2,2,0,1,0,0.00,0,0,0,1,1,28
Andrei Bal,URSS,1982,12,Mediocampista,4,4,0,1,1,0.25,0,0,2,1,1,7
Andrei Bal,URSS,1986,12,Mediocampista,2,2,0,2,0,0.00,0,0,1,0,1,10
Andrei Barbulescu,Rumania,1938,-,Mediocampista,1,1,0,1,0,0.00,0,0,0,0,1,9
Andrei Piatnitski,Rusia,1994,7,Mediocampista,1,1,0,2,0,0.00,0,0,0,0,1,18
Andréi Semiónov,Rusia,2018,5,Defensor,0,0,0,5,0,0.00,0,0,0,0,0,8
Andrei Solomatin,Rusia,2002,5,Mediocampista,3,3,0,0,0,0.00,2,0,1,0,2,22
Andrei Zhelyazkov,Bulgaria,1986,6,Mediocampista,3,1,0,1,0,0.00,0,0,0,2,1,15
Andrei Zygmantovich,URSS,1990,17,Defensor,2,2,0,1,1,0.50,1,0,1,0,1,17
Andrej Komac,Eslovenia,2010,20,Mediocampista,2,0,0,1,0,0.00,1,0,1,1,0,18
Andrej Kramarić,Croacia,2018,9,Delantero,7,3,0,0,1,0.14,0,0,4,2,1,2
Andrej Kramarić,Croacia,2022,9,Delantero,7,7,0,0,2,0.29,0,0,2,4,1,3
Andrej Kvasnak,Checoslovaquia,1962,19,Mediocampista,6,6,0,0,0,0.00,0,0,3,1,2,2
Andrej Kvasnak,Checoslovaquia,1970,6,Mediocampista,2,1,0,1,0,0.00,1,0,0,0,2,15
Andrej Panadic,Yugoslavia,1990,21,Defensor,0,0,0,5,0,0.00,0,0,0,0,0,5
Andres Escobar,Colombia,1990,2,Defensor,4,4,0,0,0,0.00,0,0,1,1,2,14
Andres Escobar,Colombia,1994,2,Defensor,3,3,0,0,0,0.00,0,0,1,0,2,19
Andres Estrada,Colombia,1998,17,Mediocampista,0,0,0,3,0,0.00,0,0,0,0,0,21
Andres Guardado,México,2006,18,Defensor,1,1,0,3,0,0.00,0,0,0,0,1,15
Andres Guardado,México,2010,18,Mediocampista,3,2,0,1,0,0.00,0,0,0,1,2,14
Andres Guardado,México,2014,18,Mediocampista,4,4,0,0,1,0.25,1,0,2,1,1,10
Andres Guardado,México,2018,18,Mediocampista,4,4,3,0,0,0.00,1,0,2,0,2,12
Andres Guardado,México,2022,18,Mediocampista,1,1,1,2,0,0.00,0,0,0,0,1,22
Andrés Iniesta,España,2006,13,Mediocampista,1,1,0,3,0,0.00,0,0,1,0,0,9
Andrés Iniesta,España,2010,6,Mediocampista,6,6,0,1,2,0.33,1,0,5,0,1,1
Andrés Iniesta,España,2014,6,Mediocampista,3,3,0,0,0,0.00,0,0,1,0,2,23
Andrés Iniesta,España,2018,6,Mediocampista,4,3,0,0,0,0.00,0,0,1,3,0,10
Andres Prieto,Chile,1950,-,Delantero,2,2,0,1,1,0.50,0,0,1,0,1,9
Andres Scotti,Uruguay,2010,19,Defensor,2,0,0,5,0,0.00,0,0,1,1,0,4
Andrew Auld,Estados Unidos,1930,-,Delantero,3,3,0,0,0,0.00,0,0,2,0,1,3
Andrew Nabbout,Australia,2018,11,Delantero,2,2,0,1,0,0.00,0,0,0,1,1,30
Andrew Redmayne,Australia,2022,12,Arquero,0,0,0,4,0,0.00,0,0,0,0,0,11
Andrew Williams,Jamaica,1998,9,Delantero,1,0,0,2,0,0.00,0,0,0,0,1,22
Andrey Lunyov,Rusia,2018,12,Arquero,0,0,0,5,0,0.00,0,0,0,0,0,8
Andrey Semenov,Rusia,2014,5,Defensor,0,0,0,3,0,0.00,0,0,0,0,0,24
Andrey Yeshchenko,Rusia,2014,22,Defensor,2,1,0,1,0,0.00,0,0,0,1,1,24
Andries Noppert,Paises Bajos,2022,23,Arquero,5,5,0,0,0,0.00,0,0,3,2,0,5
Andrija Ankovic,Yugoslavia,1962,7,Mediocampista,1,1,0,5,0,0.00,0,0,1,0,0,4
Andrija Živković,Serbia,2018,7,Mediocampista,1,0,0,2,0,0.00,0,0,0,0,1,23
Andrija Živković,Serbia,2022,14,Mediocampista,3,3,0,0,0,0.00,0,0,0,1,2,29
Andrinua,España,1990,4,Defensor,4,4,0,0,0,0.00,0,0,2,1,1,10
Andriy Gusin,Ucrania,2006,14,Mediocampista,5,3,0,0,0,0.00,0,0,2,1,2,8
Andriy Nesmachnyi,Ucrania,2006,2,Defensor,5,5,0,0,0,0.00,1,0,2,1,2,8
Andriy Pyatov,Ucrania,2006,12,Arquero,0,0,0,5,0,0.00,0,0,0,0,0,8
Andriy Rusol,Ucrania,2006,6,Defensor,4,4,0,1,1,0.25,2,0,2,0,2,8
Andriy Shevchenko,Ucrania,2006,7,Delantero,5,5,5,0,2,0.40,0,0,2,1,2,8
Andriy Vorobey,Ucrania,2006,16,Delantero,4,1,0,1,0,0.00,0,0,1,1,2,8
Andriy Voronin,Ucrania,2006,10,Delantero,4,4,0,1,0,0.00,0,0,2,1,1,8
Andrzej Buncol,Polonia,1982,13,Mediocampista,7,7,0,0,1,0.14,2,0,3,3,1,3
Andrzej Buncol,Polonia,1986,15,Mediocampista,2,1,0,2,0,0.00,0,0,0,1,1,14
Andrzej Fischer,Polonia,1974,1,Arquero,0,0,0,7,0,0.00,0,0,0,0,0,3
Andrzej Iwan,Polonia,1978,7,Delantero,2,1,0,4,0,0.00,0,0,2,0,0,5
Andrzej Iwan,Polonia,1982,19,Delantero,2,2,0,5,0,0.00,0,0,0,2,0,3
Andrzej Palasz,Polonia,1982,14,Mediocampista,2,1,0,5,0,0.00,1,0,0,1,1,3
Andrzej Palasz,Polonia,1986,16,Delantero,0,0,0,4,0,0.00,0,0,0,0,0,14
Andrzej Szarmach,Polonia,1974,17,Delantero,6,6,0,1,5,0.83,1,0,6,0,0,3
Andrzej Szarmach,Polonia,1978,17,Delantero,5,5,0,1,1,0.20,0,0,2,1,2,5
Andrzej Szarmach,Polonia,1982,17,Delantero,2,1,0,5,1,0.50,0,0,1,1,0,3
Andrzej Zgutczynski,Polonia,1986,17,Delantero,1,0,0,3,0,0.00,0,0,1,0,0,14
Andy Barron,Nueva Zelanda,2010,13,Mediocampista,1,0,0,2,0,0.00,0,0,0,1,0,22
Andy Boyens,Nueva Zelanda,2010,18,Defensor,0,0,0,3,0,0.00,0,0,0,0,0,22
Andy Egli,Suiza,1994,13,Defensor,0,0,0,4,0,0.00,0,0,0,0,0,15
Andy Goram,Escocia,1986,12,Arquero,0,0,0,3,0,0.00,0,0,0,0,0,19
Andy Goram,Escocia,1990,12,Arquero,0,0,0,3,0,0.00,0,0,0,0,0,18
Andy Najar,Honduras,2014,17,Mediocampista,2,1,0,1,0,0.00,0,0,0,0,2,31
Andy O'Brien,Irlanda,2002,20,Defensor,0,0,0,4,0,0.00,0,0,0,0,0,12
Andy Pichler,Austria,1982,12,Mediocampista,1,1,0,4,0,0.00,1,0,0,1,0,8
Andy Polo,Perú,2018,14,Mediocampista,0,0,0,3,0,0.00,0,0,0,0,0,20
Andy Townsend,Irlanda,1990,13,Mediocampista,5,5,0,0,0,0.00,0,0,0,4,1,8
Andy Townsend,Irlanda,1994,7,Mediocampista,4,4,4,0,0,0.00,0,0,1,1,2,16
Anel Hadzic,Bosnia-Herzegovina,2014,21,Mediocampista,1,1,0,2,0,0.00,0,0,1,0,0,20
Anele Ngcongca,Sudáfrica,2010,5,Defensor,1,1,0,2,0,0.00,0,0,1,0,0,20
Anfilogino Guarisi,Italia,1934,-,Delantero,1,1,0,4,0,0.00,0,0,1,0,0,1
Angel Bargas,Argentina,1974,5,Defensor,3,3,0,3,0,0.00,1,0,0,1,2,8
Angel Berni,Paraguay,1950,-,Delantero,0,0,0,2,0,0.00,0,0,0,0,0,11
Angel Bossio,Argentina,1930,-,Arquero,3,3,1,2,0,0.00,0,0,3,0,0,2
Angel Cabrera,Uruguay,1962,22,Mediocampista,2,2,0,1,1,0.50,0,0,0,0,2,13
Angel Comizzo,Argentina,1990,1,Arquero,0,0,0,7,0,0.00,0,0,0,0,0,2
Ángel Correa,Argentina,2022,15,Delantero,1,0,0,6,0,0.00,0,0,1,0,0,1
Angel Di Maria,Argentina,2010,7,Mediocampista,5,4,0,0,0,0.00,0,0,4,0,1,5
Angel Di Maria,Argentina,2014,7,Mediocampista,5,5,0,2,1,0.20,1,0,5,0,0,2
Angel Di Maria,Argentina,2018,11,Mediocampista,3,3,0,1,1,0.33,0,0,1,1,1,16
Angel Di Maria,Argentina,2022,11,Delantero,5,4,0,2,1,0.20,0,0,2,2,1,1
Angel Fernandez,Ecuador,2002,13,Delantero,0,0,0,3,0,0.00,0,0,0,0,0,24
Angel Grippa,Argentina,1934,-,Arquero,0,0,0,1,0,0.00,0,0,0,0,0,9
Angel Labruna,Argentina,1958,11,Delantero,2,2,0,1,0,0.00,0,0,1,0,1,13
Angel Melogno,Uruguay,1930,-,Mediocampista,0,0,0,4,0,0.00,0,0,0,0,0,1
Ángel Mena,Ecuador,2022,15,Mediocampista,0,0,0,3,0,0.00,0,0,0,0,0,18
Angelo Di Livio,Italia,1998,15,Mediocampista,5,2,0,0,0,0.00,1,0,3,2,0,5
Angelo Di Livio,Italia,2002,16,Mediocampista,2,0,0,2,0,0.00,0,0,1,0,1,15
Angelo Domenghini,Italia,1970,13,Delantero,6,6,0,0,1,0.17,1,0,3,2,1,2
Angelo Palombo,Italia,2010,17,Mediocampista,0,0,0,3,0,0.00,0,0,0,0,0,26
Angelo Peruzzi,Italia,2006,12,Arquero,0,0,0,7,0,0.00,0,0,0,0,0,1
Angelo Preciado,Ecuador,2022,17,Defensor,3,3,0,0,0,0.00,0,0,1,1,1,18
Angelo Schiavio,Italia,1934,-,Delantero,4,4,0,1,4,1.00,0,0,3,1,0,1
Angelo Sormani,Italia,1962,15,Delantero,1,1,0,2,0,0.00,0,0,1,0,0,9
Angelos Charisteas,Grecia,2010,9,Delantero,1,1,0,2,0,0.00,0,0,0,0,1,25
Anibal Alzate,Colombia,1962,4,Defensor,2,2,0,1,0,0.00,0,0,0,1,1,14
Aníbal Godoy,Panamá,2018,20,Mediocampista,3,3,0,0,0,0.00,1,0,0,0,3,32
Anibal Paz,Uruguay,1950,-,Arquero,1,1,0,3,0,0.00,0,0,1,0,0,1
Anibal Tarabini,Argentina,1966,22,Delantero,0,0,0,4,0,0.00,0,0,0,0,0,5
Anice Badri,Túnez,2018,9,Mediocampista,3,2,0,0,0,0.00,1,0,1,0,2,24
Anis Ayari,Túnez,2006,19,Defensor,2,2,0,1,0,0.00,1,0,0,0,2,24
Anis Slimane,Túnez,2022,25,Delantero,2,2,0,1,0,0.00,0,0,1,1,0,21
Anker Kihle,Noruega,1938,-,Arquero,0,0,0,1,0,0.00,0,0,0,0,0,12
Ansu Fati,España,2022,25,Delantero,2,0,0,2,0,0.00,0,0,0,1,1,13
Antal Kotasz,Hungría,1958,15,Mediocampista,2,2,0,2,0,0.00,0,0,1,0,1,10
Antal Nagy,Hungría,1966,20,Delantero,0,0,0,4,0,0.00,0,0,0,0,0,6
Antal Nagy,Hungría,1986,8,Defensor,3,2,2,0,0,0.00,0,0,1,0,2,18
Antal Roth,Hungría,1986,3,Defensor,3,2,0,0,0,0.00,0,0,1,0,2,18
Antal Szabo,Hungría,1934,-,Arquero,2,2,0,0,0,0.00,0,0,1,0,1,6
Antal Szabo,Hungría,1938,-,Arquero,3,3,0,1,0,0.00,0,0,2,0,1,2
Antal Szalay,Hungría,1934,-,Mediocampista,1,1,0,1,0,0.00,0,0,0,0,1,6
Antal Szalay,Hungría,1938,-,Mediocampista,3,3,0,1,0,0.00,0,0,2,0,1,2
Antal Szentimihalyi,Hungría,1962,21,Arquero,0,0,0,4,0,0.00,0,0,0,0,0,5
Antal Szentimihalyi,Hungría,1966,1,Arquero,1,1,0,3,0,0.00,0,0,0,0,1,6
Ante Budimir,Croacia,2022,17,Delantero,2,0,0,5,0,0.00,0,0,0,2,0,3
Ante Covic,Australia,2006,12,Arquero,0,0,0,4,0,0.00,0,0,0,0,0,16
Ante Rebic,Croacia,2014,16,Delantero,2,0,0,1,0,0.00,0,1,1,0,1,19
Ante Rebic,Croacia,2018,18,Delantero,6,6,0,1,1,0.17,2,0,3,2,1,2
Anther Yahia,Argelia,2010,4,Defensor,3,3,3,0,0,0.00,0,1,0,1,2,28
Anthony Annan,Ghana,2010,6,Mediocampista,5,5,0,0,0,0.00,1,0,2,2,1,7
Anthony Contreras,Costa Rica,2022,7,Delantero,3,2,0,0,0,0.00,1,0,1,0,2,27
Anthony De Avila,Colombia,1994,7,Delantero,2,1,0,1,0,0.00,1,0,1,0,1,19
Anthony De Avila,Colombia,1998,7,Delantero,2,2,0,1,0,0.00,0,0,1,0,1,21
Anthony Hernández,Costa Rica,2022,25,Mediocampista,0,0,0,3,0,0.00,0,0,0,0,0,27
Anthony Lopes,Portugal,2018,12,Arquero,0,0,0,4,0,0.00,0,0,0,0,0,13
Anthony Reveillere,Francia,2010,4,Defensor,0,0,0,3,0,0.00,0,0,0,0,0,29
Anthony Seric,Croacia,1998,3,Mediocampista,0,0,0,7,0,0.00,0,0,0,0,0,3
Anthony Seric,Croacia,2002,2,Defensor,0,0,0,3,0,0.00,0,0,0,0,0,23
Anthony Seric,Croacia,2006,20,Mediocampista,0,0,0,3,0,0.00,0,0,0,0,0,22
Anthony Vanden Borre,Bélgica,2014,21,Defensor,1,1,0,4,0,0.00,0,0,1,0,0,6
Anthony Wolfe,Trinidad y Tobago,2006,23,Mediocampista,0,0,0,3,0,0.00,0,0,0,0,0,27
Antoine Cuissard,Francia,1954,9,Mediocampista,0,0,0,2,0,0.00,0,0,0,0,0,9
Antoine Griezmann,Francia,2014,11,Mediocampista,5,3,0,0,0,0.00,0,0,3,1,1,7
Antoine Griezmann,Francia,2018,7,Delantero,7,7,0,0,4,0.57,0,0,6,1,0,1
Antoine Griezmann,Francia,2022,7,Delantero,7,6,0,0,0,0.00,1,0,5,1,1,2
Antoine Semenyo,Ghana,2022,25,Delantero,2,0,0,1,0,0.00,0,0,0,0,2,24
Antolin Alcaraz,Paraguay,2010,21,Defensor,4,4,0,1,1,0.25,1,0,1,2,1,8
Anton Dobos,Rumania,1998,4,Defensor,1,1,0,3,0,0.00,0,0,0,1,0,11
Anton Janda,Austria,1934,-,Defensor,0,0,0,4,0,0.00,0,0,0,0,0,4
Anton Krasnohorsky,Checoslovaquia,1954,12,Defensor,0,0,0,2,0,0.00,0,0,0,0,0,14
Anton Malatinsky,Checoslovaquia,1954,9,Delantero,0,0,0,2,0,0.00,0,0,0,0,0,14
Anton Miranchuk,Rusia,2018,16,Mediocampista,0,0,0,5,0,0.00,0,0,0,0,0,8
Anton Moravcik,Checoslovaquia,1958,20,Mediocampista,0,0,0,4,0,0.00,0,0,0,0,0,9
Anton Pfeffer,Austria,1990,4,Defensor,2,2,0,1,0,0.00,1,0,1,0,1,18
Anton Pfeffer,Austria,1998,4,Defensor,3,3,0,0,0,0.00,1,0,0,2,1,23
Antonee Robinson,Estados Unidos,2022,5,Defensor,4,4,0,0,0,0.00,0,0,1,2,1,14
Antonello Cuccureddu,Italia,1978,4,Defensor,5,2,0,2,0,0.00,0,0,3,0,2,4
Antoni Galecki,Polonia,1938,-,Defensor,1,1,0,0,0,0.00,0,0,0,0,1,11
Antoni Lyko,Polonia,1938,-,Delantero,0,0,0,1,0,0.00,0,0,0,0,0,11
Antoni Szymanowski,Polonia,1974,4,Defensor,7,7,0,0,0,0.00,0,0,6,0,1,3
Antoni Szymanowski,Polonia,1978,4,Defensor,6,6,0,0,0,0.00,0,0,3,1,2,5
Antonin Flesar,Checoslovaquia,1970,13,Arquero,0,0,0,3,0,0.00,0,0,0,0,0,15
Antonin Kinsky,República Checa,2006,23,Arquero,0,0,0,3,0,0.00,0,0,0,0,0,20
Antonin Panenka,Checoslovaquia,1982,8,Mediocampista,2,1,0,1,2,1.00,1,0,0,2,0,19
Antonin Puc,Checoslovaquia,1934,-,Delantero,4,4,0,0,2,0.50,0,0,3,0,1,2
Antonin Puc,Checoslovaquia,1938,-,Delantero,1,1,0,2,0,0.00,0,0,0,1,0,5
Antonin Vodicka,Checoslovaquia,1934,-,Mediocampista,0,0,0,4,0,0.00,0,0,0,0,0,2
Antonio Alzamendi,Uruguay,1986,7,Delantero,3,2,0,1,1,0.33,0,0,0,2,1,16
Antonio Alzamendi,Uruguay,1990,7,Delantero,3,2,0,1,0,0.00,0,0,0,1,2,16
Antonio Arias,Chile,1974,4,Defensor,3,3,0,0,0,0.00,0,0,0,2,1,11
Antonio Benarrivo,Italia,1994,3,Defensor,6,6,0,1,0,0.00,0,0,4,2,0,2
Antonio Betancourt,España,1966,12,Arquero,0,0,0,3,0,0.00,0,0,0,0,0,10
Antonio Biosca,España,1978,6,Defensor,2,1,0,1,0,0.00,0,0,1,1,0,10
Antonio Cabrera,Paraguay,1950,-,Defensor,0,0,0,2,0,0.00,0,0,0,0,0,11
Antonio Cabrini,Italia,1978,3,Defensor,7,7,0,0,0,0.00,1,0,4,1,2,4
Antonio Cabrini,Italia,1982,4,Defensor,7,7,0,0,1,0.14,0,0,4,3,0,1
Antonio Cabrini,Italia,1986,3,Defensor,4,4,0,0,0,0.00,1,0,1,2,1,12
Antonio Candreva,Italia,2014,6,Mediocampista,2,2,0,1,0,0.00,0,0,1,0,1,22
Antonio Carbajal,México,1950,-,Arquero,3,3,0,0,0,0.00,0,0,0,0,3,12
Antonio Carbajal,México,1954,1,Arquero,1,1,0,1,0,0.00,0,0,0,0,1,13
Antonio Carbajal,México,1958,1,Arquero,3,3,3,0,0,0.00,0,0,0,1,2,16
Antonio Carbajal,México,1962,1,Arquero,3,3,3,0,0,0.00,0,0,1,0,2,11
Antonio Carbajal,México,1966,1,Arquero,1,1,0,2,0,0.00,0,0,0,1,0,12
Antonio Cassano,Italia,2014,10,Delantero,2,0,0,1,0,0.00,0,0,0,0,2,22
Antonio Conte,Italia,1994,15,Mediocampista,2,1,0,5,0,0.00,0,0,2,0,0,2
Antonio De La Cruz,España,1978,2,Defensor,1,1,0,2,0,0.00,0,0,0,0,1,10
Antonio De La Torre,México,1978,7,Mediocampista,3,3,0,0,0,0.00,0,0,0,0,3,16
Antonio Di Gennaro,Italia,1986,14,Mediocampista,4,3,0,0,0,0.00,1,0,1,2,1,12
Antonio Di Natale,Italia,2010,10,Delantero,3,1,0,0,1,0.33,0,0,0,2,1,26
Antonio Flores,México,1950,-,Mediocampista,1,1,0,2,0,0.00,0,0,0,0,1,12
Antonio Grecco,Bolivia,1950,-,Mediocampista,1,1,0,0,0,0.00,0,0,0,0,1,13
Antonio Guzman,España,1978,12,Mediocampista,1,0,0,2,0,0.00,0,0,0,1,0,10
Antonio Jasso,México,1962,19,Delantero,2,2,0,1,0,0.00,0,0,0,0,2,11
Antonio Juliano,Italia,1966,10,Mediocampista,0,0,0,3,0,0.00,0,0,0,0,0,9
Antonio Juliano,Italia,1970,18,Mediocampista,1,0,0,5,0,0.00,0,0,0,0,1,2
Antonio Juliano,Italia,1974,16,Mediocampista,0,0,0,3,0,0.00,0,0,0,0,0,10
Antonio Lopez,España,2006,12,Defensor,1,1,0,3,0,0.00,0,0,1,0,0,9
Antonio Maceda,España,1982,14,Defensor,1,0,0,4,0,0.00,0,0,0,1,0,12
Antonio Maceda,España,1986,4,Defensor,1,1,0,4,0,0.00,0,0,0,0,1,7
Antonio Maquilon,Perú,1930,-,Defensor,1,1,1,1,0,0.00,0,0,0,0,1,10
Antonio Moreno,Colombia,1998,16,Defensor,1,1,0,2,0,0.00,0,0,0,0,1,21
Antonio Mota,México,1962,22,Arquero,0,0,0,3,0,0.00,0,0,0,0,0,11
Antonio Mota,México,1970,12,Arquero,0,0,0,4,0,0.00,0,0,0,0,0,6
Antonio Munguia,México,1970,8,Mediocampista,4,3,0,0,0,0.00,0,0,2,1,1,6
Antonio Olmo,España,1978,16,Defensor,2,2,0,1,0,0.00,0,0,1,1,0,10
Antonio Permunian,Suiza,1962,2,Arquero,0,0,0,3,0,0.00,0,0,0,0,0,16
Antonio Puchades,España,1950,-,Mediocampista,6,6,0,0,0,0.00,0,0,3,1,2,4
Antonio Rada,Colombia,1962,20,Delantero,2,2,0,1,1,0.50,0,0,0,1,1,14
Antonio Ramallets,España,1950,-,Arquero,4,4,0,2,0,0.00,0,0,2,1,1,4
Antonio Rattin,Argentina,1962,16,Mediocampista,1,1,0,2,0,0.00,0,0,0,0,1,10
Antonio Rattin,Argentina,1966,10,Mediocampista,4,4,4,0,0,0.00,1,1,2,1,1,5
Antonio Roma,Argentina,1962,1,Arquero,2,2,0,1,0,0.00,0,0,1,0,1,10
Antonio Roma,Argentina,1966,1,Arquero,4,4,0,0,0,0.00,0,0,2,1,1,5
Antonio Rüdiger,Alemania,2018,16,Defensor,1,1,0,2,0,0.00,0,0,1,0,0,22
Antonio Rüdiger,Alemania,2022,2,Defensor,3,3,0,0,0,0.00,0,0,1,1,1,17
Antonio Rukavina,Serbia,2010,2,Defensor,0,0,0,3,0,0.00,0,0,0,0,0,23
Antonio Rukavina,Serbia,2018,2,Defensor,2,1,0,1,0,0.00,0,0,1,0,1,23
António Silva,Portugal,2022,24,Defensor,1,1,0,4,0,0.00,0,0,0,0,1,8
Antonio Sousa,Portugal,1986,3,Mediocampista,3,3,0,0,0,0.00,0,0,1,0,2,17
Antonio Valencia,Bolivia,1950,-,Mediocampista,1,1,0,0,0,0.00,0,0,0,0,1,13
Antonis Minou,Grecia,1994,1,Arquero,1,1,0,2,0,0.00,0,0,0,0,1,24
Antony,Brasil,2022,19,Delantero,4,1,0,1,0,0.00,0,0,2,1,1,7
Antunez,España,1950,-,Defensor,1,1,0,5,0,0.00,0,0,1,0,0,4
Anwar Sutan,Indias Orientales Holand.,1938,-,Mediocampista,1,1,0,0,0,0.00,0,0,0,0,1,15
Anzor Kavazashvili,URSS,1966,21,Arquero,2,2,0,4,0,0.00,0,0,2,0,0,4
Anzor Kavazashvili,URSS,1970,2,Arquero,4,4,0,0,0,0.00,0,0,2,1,1,5
Ao Tanaka,Japón,2022,17,Mediocampista,3,2,0,1,1,0.33,0,0,2,1,0,9
Araken,Brasil,1930,-,Delantero,1,1,0,1,0,0.00,0,0,0,0,1,6
Aranzabal,España,1998,3,Defensor,0,0,0,3,0,0.00,0,0,0,0,0,17
Araquistain,España,1962,1,Arquero,1,1,0,2,0,0.00,0,0,0,0,1,12
Arash Borhani,Irán,2006,15,Delantero,2,0,0,1,0,0.00,0,0,0,1,1,26
Arcadio Lopez,Argentina,1934,-,Mediocampista,1,1,0,0,0,0.00,0,0,0,0,1,9
Archie Gemmill,Escocia,1978,15,Mediocampista,3,2,1,0,2,0.67,1,0,1,1,1,11
Archie Robertson,Escocia,1958,20,Delantero,1,1,0,2,0,0.00,0,0,0,0,1,14
Archie Thompson,Australia,2006,17,Delantero,0,0,0,4,0,0.00,0,0,0,0,0,16
Ardian Kozniku,Croacia,1998,16,Delantero,0,0,0,7,0,0.00,0,0,0,0,0,3
Ardico Magnini,Italia,1954,13,Defensor,2,2,0,1,0,0.00,0,0,1,0,1,10
Ardon Jashari,Suiza,2022,26,Mediocampista,1,0,0,3,0,0.00,0,0,0,0,1,12
Argemiro,Brasil,1938,-,Mediocampista,1,1,0,4,0,0.00,0,0,1,0,0,3
Ari Skúlason,Islandia,2018,23,Defensor,2,0,0,1,0,0.00,0,0,0,1,1,28
Arie De Winter,Paises Bajos,1938,-,Delantero,0,0,0,1,0,0.00,0,0,0,0,0,14
Arie Haan,Paises Bajos,1974,2,Mediocampista,7,7,0,0,0,0.00,0,0,5,1,1,2
Arie Haan,Paises Bajos,1978,9,Mediocampista,6,6,0,1,2,0.33,1,0,3,2,1,2
Arie Schoemaker,Paises Bajos,1934,-,Delantero,0,0,0,1,0,0.00,0,0,0,0,0,9
Ariel,Brasil,1934,-,Mediocampista,0,0,0,1,0,0.00,0,0,0,0,0,14
Ariel Garce,Argentina,2010,12,Defensor,0,0,0,5,0,0.00,0,0,0,0,0,5
Ariel Ortega,Argentina,1994,17,Delantero,3,1,0,1,0,0.00,0,0,1,0,2,10
Ariel Ortega,Argentina,1998,10,Delantero,5,5,0,0,2,0.40,2,1,3,1,1,6
Ariel Ortega,Argentina,2002,10,Mediocampista,3,3,0,0,0,0.00,0,0,1,1,1,18
Arif Erdem,Turquía,2002,6,Delantero,4,0,0,3,0,0.00,0,0,1,1,2,3
Aristide Guarneri,Italia,1966,8,Defensor,1,1,0,2,0,0.00,0,0,0,0,1,9
Aristide Zogbo,Costa de Marfil,2010,16,Arquero,0,0,0,3,0,0.00,0,0,0,0,0,17
Aristides Rojas,Paraguay,1998,8,Delantero,3,1,0,1,0,0.00,1,0,1,1,1,14
Arjen Robben,Paises Bajos,2006,11,Delantero,3,3,0,1,1,0.33,1,0,2,0,1,11
Arjen Robben,Paises Bajos,2010,11,Delantero,5,4,0,2,2,0.40,2,0,4,0,1,2
Arjen Robben,Paises Bajos,2014,11,Delantero,7,7,1,0,3,0.43,1,0,5,2,0,3
Arkadiusz Bak,Polonia,2002,17,Mediocampista,1,0,0,2,0,0.00,1,0,0,0,1,25
Arkadiusz Glowacki,Polonia,2002,13,Defensor,1,1,0,2,0,0.00,0,0,1,0,0,25
Arkadiusz Milik,Polonia,2018,7,Delantero,1,1,0,2,0,0.00,0,0,0,0,1,25
Arkadiusz Milik,Polonia,2022,7,Delantero,3,1,0,1,0,0.00,1,0,1,1,1,15
Arkadiusz Radomski,Polonia,2006,16,Mediocampista,3,3,0,0,0,0.00,1,0,1,0,2,21
Armand Penverne,Francia,1954,14,Defensor,1,1,0,1,0,0.00,0,0,0,0,1,9
Armand Penverne,Francia,1958,13,Mediocampista,6,6,1,0,0,0.00,0,0,4,0,2,3
Armandinho,Brasil,1934,-,Delantero,1,1,0,0,0,0.00,0,0,0,0,1,14
Armando Castellazzi,Italia,1934,-,Mediocampista,1,1,0,4,0,0.00,0,0,0,1,0,1
Armando Cooper,Panamá,2018,11,Mediocampista,2,2,0,1,0,0.00,2,0,0,0,2,32
Armando Gonzalez,Paraguay,1950,-,Mediocampista,0,0,0,2,0,0.00,0,0,0,0,0,11
Armando Manzo,México,1986,4,Defensor,0,0,0,5,0,0.00,0,0,0,0,0,6
Armando Segato,Italia,1954,17,Mediocampista,1,1,0,2,0,0.00,0,0,0,0,1,10
Armando Tobar,Chile,1962,21,Delantero,4,4,0,2,0,0.00,0,0,2,0,2,3
Armando Tobar,Chile,1966,18,Delantero,1,1,0,2,0,0.00,0,0,0,0,1,13
Armel Bella-Kotchap,Alemania,2022,25,Defensor,0,0,0,3,0,0.00,0,0,0,0,0,17
Arnaldo Ortelli,Suiza,1934,-,Defensor,0,0,0,2,0,0.00,0,0,0,0,0,7
Arne Brustad,Noruega,1938,-,Delantero,1,1,0,0,1,1.00,0,0,0,0,1,12
Arne Friedrich,Alemania,2006,3,Defensor,6,6,0,1,0,0.00,1,0,4,1,1,3
Arne Friedrich,Alemania,2010,3,Defensor,7,7,0,0,1,0.14,2,0,5,0,2,3
Arne Ileby,Noruega,1938,-,Delantero,0,0,0,1,0,0.00,0,0,0,0,0,12
Arne Linderholm,Suecia,1938,-,Mediocampista,1,1,0,2,0,0.00,0,0,0,0,1,4
Arne Mansson,Suecia,1950,-,Defensor,0,0,0,5,0,0.00,0,0,0,0,0,3
Arne Nyberg,Suecia,1938,-,Delantero,3,3,0,0,3,1.00,0,0,1,0,2,4
Arne Selmonsson,Suecia,1958,10,Delantero,1,1,0,5,0,0.00,0,0,0,1,0,2
Arnie Oliver,Estados Unidos,1930,-,Mediocampista,0,0,0,3,0,0.00,0,0,0,0,0,3
Arnold Badjou,Bélgica,1930,-,Arquero,2,2,0,0,0,0.00,0,0,0,0,2,11
Arnold Badjou,Bélgica,1934,-,Arquero,0,0,0,1,0,0.00,0,0,0,0,0,15
Arnold Badjou,Bélgica,1938,-,Arquero,1,1,0,0,0,0.00,0,0,0,0,1,13
Arnold Wetl,Austria,1998,15,Mediocampista,3,3,0,0,0,0.00,0,0,0,2,1,23
Arnoldo Iguaran,Colombia,1990,16,Delantero,3,2,0,1,0,0.00,0,0,1,0,2,14
Arnór Ingvi Traustason,Islandia,2018,21,Mediocampista,1,0,0,2,0,0.00,0,0,0,0,1,28
Arnost Kreuz,Checoslovaquia,1938,-,Delantero,1,1,0,2,0,0.00,0,0,0,0,1,5
Aron Gunnarsson,Islandia,2018,17,Mediocampista,3,3,3,0,0,0.00,0,0,0,1,2,28
Aron Jóhannsson,Estados Unidos,2014,9,Delantero,1,0,0,3,0,0.00,0,0,1,0,0,15
Aron Winter,Paises Bajos,1990,20,Mediocampista,1,1,0,3,0,0.00,0,0,0,0,1,15
Aron Winter,Paises Bajos,1994,20,Mediocampista,3,3,0,2,1,0.33,1,0,2,0,1,7
Aron Winter,Paises Bajos,1998,20,Mediocampista,4,2,0,3,0,0.00,0,0,1,3,0,4
Arouna Kone,Costa de Marfil,2006,9,Delantero,3,2,0,0,0,0.00,0,0,1,0,2,19
Arsene Auguste,Haití,1974,3,Defensor,2,2,0,1,0,0.00,0,0,0,0,2,15
Artem Dzyuba,Rusia,2018,22,Delantero,5,4,0,0,3,0.60,0,0,2,2,1,8
Artem Milevskiy,Ucrania,2006,15,Delantero,4,1,0,1,0,0.00,0,0,2,1,1,8
Arthur Albiston,Escocia,1986,15,Defensor,1,1,0,2,0,0.00,0,0,0,1,0,19
Arthur Boka,Costa de Marfil,2006,3,Defensor,3,3,0,0,0,0.00,1,0,1,0,2,19
Arthur Boka,Costa de Marfil,2010,3,Defensor,1,1,0,2,0,0.00,0,0,1,0,0,17
Arthur Boka,Costa de Marfil,2014,3,Defensor,3,3,0,0,0,0.00,0,0,1,0,2,21
Arthur Numan,Paises Bajos,1994,16,Defensor,1,0,0,4,0,0.00,0,0,1,0,0,7
Arthur Numan,Paises Bajos,1998,5,Defensor,6,6,0,1,0,0.00,1,1,3,2,1,4
Arthur Theate,Bélgica,2022,3,Defensor,0,0,0,3,0,0.00,0,0,0,0,0,23
Artur Boruc,Polonia,2006,1,Arquero,3,3,0,0,0,0.00,2,0,1,0,2,21
Artur Ceuleers,Bélgica,1938,-,Delantero,0,0,0,1,0,0.00,0,0,0,0,0,13
Artur Jędrzejczyk,Polonia,2018,3,Defensor,1,1,0,2,0,0.00,0,0,1,0,0,25
Artur Jędrzejczyk,Polonia,2022,3,Defensor,1,0,0,3,0,0.00,0,0,0,0,1,15
Arturo Chaires,México,1962,13,Defensor,0,0,0,3,0,0.00,0,0,0,0,0,11
Arturo Chaires,México,1966,2,Defensor,3,3,0,0,0,0.00,0,0,0,2,1,12
Arturo Coddou,Chile,1930,-,Delantero,0,0,0,3,0,0.00,0,0,0,0,0,5
Arturo Farias,Chile,1950,-,Defensor,3,3,0,0,0,0.00,0,0,1,0,2,9
Arturo Fernandez,Perú,1930,-,Defensor,0,0,0,2,0,0.00,0,0,0,0,0,10
Arturo Torres,Chile,1930,-,Mediocampista,3,3,0,0,0,0.00,0,0,2,0,1,5
Arturo Vasquez,México,1978,5,Defensor,3,3,3,0,1,0.33,1,0,0,0,3,16
Arturo Vidal,Chile,2010,8,Mediocampista,4,4,0,0,0,0.00,1,0,2,0,2,10
Arturo Vidal,Chile,2014,8,Mediocampista,3,3,0,1,0,0.00,1,0,2,1,0,9
Aruna Dindane,Costa de Marfil,2006,15,Delantero,3,1,0,0,2,0.67,1,0,1,0,2,19
Aruna Dindane,Costa de Marfil,2010,15,Delantero,3,2,0,0,0,0.00,0,0,1,1,1,17
Arvid Thoern,Suecia,1934,-,Delantero,0,0,0,2,0,0.00,0,0,0,0,0,8
Asa Hartford,Escocia,1978,10,Mediocampista,3,3,0,0,0,0.00,0,0,1,1,1,11
Asa Hartford,Escocia,1982,16,Mediocampista,1,1,0,2,0,0.00,0,0,0,0,1,15
Asamoah Gyan,Ghana,2006,3,Delantero,3,3,0,1,1,0.33,2,1,1,0,2,13
Asamoah Gyan,Ghana,2010,3,Delantero,5,5,0,0,3,0.60,0,0,2,2,1,7
Asamoah Gyan,Ghana,2014,3,Delantero,3,3,3,0,2,0.67,0,0,0,1,2,25
Ashkan Dejagah,Irán,2014,21,Mediocampista,3,3,0,0,0,0.00,0,0,0,1,2,28
Ashkan Dejagah,Irán,2018,21,Delantero,0,0,0,3,0,0.00,0,0,0,0,0,18
Ashley Cole,Inglaterra,2002,3,Defensor,5,5,0,0,0,0.00,1,0,2,2,1,6
Ashley Cole,Inglaterra,2006,3,Defensor,5,5,0,0,0,0.00,0,0,3,2,0,7
Ashley Cole,Inglaterra,2010,3,Defensor,4,4,0,0,0,0.00,0,0,1,2,1,13
Ashley Young,Inglaterra,2018,18,Defensor,5,5,0,2,0,0.00,0,0,3,1,1,4
Ashraf Kasem,Egipto,1990,6,Defensor,0,0,0,3,0,0.00,0,0,0,0,0,20
Asmir Avdukic,Bosnia-Herzegovina,2014,22,Arquero,0,0,0,3,0,0.00,0,0,0,0,0,20
Asmir Begovic,Bosnia-Herzegovina,2014,1,Arquero,3,3,0,0,0,0.00,0,0,1,0,2,20
Asparukh Nikodimov,Bulgaria,1970,16,Mediocampista,2,2,0,1,1,0.50,0,0,0,1,1,13
Asparukh Nikodimov,Bulgaria,1974,17,Defensor,2,2,0,1,0,0.00,0,0,0,2,0,12
Assim Madibo,Catar,2022,23,Mediocampista,2,2,0,1,0,0.00,1,0,0,0,2,32
Assimiou Toure,Togo,2006,23,Defensor,2,1,0,1,0,0.00,0,0,0,0,2,30
Atanas Mikhailov,Bulgaria,1974,9,Delantero,3,0,0,0,0,0.00,0,0,0,2,1,12
Atanas Pashev,Bulgaria,1986,19,Mediocampista,1,1,0,3,0,0.00,0,0,0,0,1,15
Athanasios Prittas,Grecia,2010,23,Mediocampista,0,0,0,3,0,0.00,0,0,0,0,0,25
Atiba Charles,Trinidad y Tobago,2006,17,Defensor,0,0,0,3,0,0.00,0,0,0,0,0,27
Atiba Hutchinson,Canadá,2022,13,Mediocampista,3,2,2,0,0,0.00,0,0,0,0,3,31
Atilio Ancheta,Uruguay,1970,2,Defensor,6,6,0,0,0,0.00,0,0,2,1,3,4
Atilio Cremaschi,Chile,1950,-,Delantero,3,3,0,0,2,0.67,0,0,1,0,2,9
Atilio Demaria,Argentina,1930,-,Delantero,1,1,0,4,0,0.00,0,0,1,0,0,2
Atilio Demaria,Argentina,1934,-,Delantero,1,1,0,4,0,0.00,0,0,1,0,0,1
Atilio Lopez,Paraguay,1950,-,Delantero,2,2,0,0,1,0.50,0,0,0,1,1,11
Atsushi Yanagisawa,Japón,2002,13,Delantero,3,3,0,1,0,0.00,0,0,2,1,0,9
Atsushi Yanagisawa,Japón,2006,13,Delantero,2,2,0,1,0,0.00,0,0,0,1,1,29
Atsuto Uchida,Japón,2010,6,Defensor,0,0,0,4,0,0.00,0,0,0,0,0,9
Atsuto Uchida,Japón,2014,2,Defensor,3,3,0,0,0,0.00,0,0,0,1,2,29
Attila,Brasil,1934,-,Delantero,0,0,0,1,0,0.00,0,0,0,0,0,14
Attila Abonyi,Australia,1974,11,Delantero,2,1,0,1,0,0.00,0,0,0,1,1,14
Attila Kerekes,Hungría,1982,18,Defensor,1,1,0,2,0,0.00,0,0,0,1,0,14
Attilio Ferraris,Italia,1934,-,Mediocampista,3,3,0,2,0,0.00,0,0,3,0,0,1
Attilio Giovannini,Italia,1950,-,Defensor,1,1,0,1,0,0.00,0,0,0,0,1,7
August Lehmann,Suiza,1938,-,Defensor,3,3,0,0,0,0.00,0,0,1,1,1,6
Auguste Hellemans,Bélgica,1930,-,Mediocampista,2,2,0,0,0,0.00,0,0,0,0,2,11
Auguste Hellemans,Bélgica,1934,-,Mediocampista,0,0,0,1,0,0.00,0,0,0,0,0,15
Augustin Balbuena,Argentina,1974,4,Delantero,4,3,0,2,0,0.00,0,0,1,0,3,8
Augustin Chantrel,Francia,1930,-,Mediocampista,3,3,0,0,0,0.00,0,0,1,0,2,7
Augustin Deleanu,Rumania,1970,13,Defensor,0,0,0,3,0,0.00,0,0,0,0,0,10
Augustine Eguavoen,Nigeria,1994,2,Defensor,3,3,0,1,0,0.00,1,0,1,0,2,9
Augustine Eguavoen,Nigeria,1998,17,Defensor,1,1,0,3,0,0.00,1,0,0,0,1,12
Augustine Simo,Camerún,1998,14,Mediocampista,1,1,0,2,0,0.00,0,0,0,1,0,25
Augusto,Brasil,1950,-,Defensor,6,6,6,0,0,0.00,0,0,4,1,1,2
Augusto Fernández,Argentina,2014,13,Mediocampista,0,0,0,7,0,0.00,0,0,0,0,0,2
Augusto Magli,Italia,1950,-,Mediocampista,1,1,0,1,0,0.00,0,0,0,0,1,7
Augusto Poroso,Ecuador,2002,2,Defensor,3,3,0,0,0,0.00,1,0,1,0,2,24
Aureliano Torres,Paraguay,2010,17,Defensor,2,1,0,3,0,0.00,0,0,1,1,0,8
Aurelien Chedjou,Camerún,2010,14,Defensor,1,1,0,2,0,0.00,0,0,0,0,1,31
Aurelien Chedjou,Camerún,2014,14,Defensor,2,2,0,1,0,0.00,0,0,0,0,2,32
Aurélien Tchouaméni,Francia,2022,8,Mediocampista,7,7,0,0,1,0.14,1,0,5,1,1,2
Aurelio Gonzalez,Paraguay,1930,-,Delantero,2,2,0,0,0,0.00,0,0,1,0,1,9
Aurtis Whitley,Trinidad y Tobago,2006,9,Mediocampista,3,2,0,0,0,0.00,2,0,0,1,2,27
Austin Ejide,Nigeria,2002,12,Arquero,0,0,0,3,0,0.00,0,0,0,0,0,27
Austin Ejide,Nigeria,2010,16,Arquero,0,0,0,3,0,0.00,0,0,0,0,0,27
Austin Ejide,Nigeria,2014,16,Arquero,0,0,0,4,0,0.00,0,0,0,0,0,16
Avdija Vrsajevic,Bosnia-Herzegovina,2014,2,Mediocampista,1,1,0,2,1,1.00,0,0,1,0,0,20
Avery John,Trinidad y Tobago,2006,3,Defensor,2,2,0,1,0,0.00,0,1,0,1,1,27
Avraam Papadopoulos,Grecia,2010,8,Defensor,3,3,0,0,0,0.00,0,0,1,0,2,25
Awer Mabil,Australia,2022,11,Delantero,2,0,0,2,0,0.00,0,0,1,0,1,11
Awwad Al Anzi,Arabia Saudita,1994,18,Mediocampista,1,1,0,3,0,0.00,0,0,1,0,0,12
Axel Disasi,Francia,2022,3,Defensor,3,1,0,4,0,0.00,0,0,1,1,1,2
Axel Witsel,Bélgica,2014,6,Mediocampista,4,4,0,1,0,0.00,1,0,3,0,1,6
Axel Witsel,Bélgica,2018,6,Mediocampista,6,6,0,1,0,0.00,1,0,5,0,1,3
Axel Witsel,Bélgica,2022,6,Mediocampista,3,3,0,0,0,0.00,0,0,1,1,1,23
Ayan Sadkov,Bulgaria,1986,8,Mediocampista,4,4,0,0,0,0.00,0,0,0,2,2,15
Ayase Ueda,Japón,2022,21,Delantero,1,1,0,3,0,0.00,0,0,0,0,1,9
Ayman Ashraf,Egipto,2018,12,Defensor,0,0,0,3,0,0.00,0,0,0,0,0,31
Ayman Shawky,Egipto,1990,17,Delantero,0,0,0,3,0,0.00,0,0,0,0,0,20
Ayman Taher,Egipto,1990,21,Arquero,0,0,0,3,0,0.00,0,0,0,0,0,20
Aymen Dahmen,Túnez,2022,16,Arquero,3,3,0,0,0,0.00,0,0,1,1,1,21
Aymen Mathlouthi,Túnez,2018,16,Arquero,1,1,1,2,0,0.00,0,0,1,0,0,24
Aymen Mathlouthi,Túnez,2022,1,Arquero,0,0,0,3,0,0.00,0,0,0,0,0,21
Aymeric Laporte,España,2022,24,Defensor,3,3,0,1,0,0.00,1,0,1,2,0,13
Ayoub El Kaabi,Marruecos,2018,9,Delantero,2,1,0,1,0,0.00,0,0,0,0,2,27
Ayrton Preciado,Ecuador,2022,9,Mediocampista,0,0,0,3,0,0.00,0,0,0,0,0,18
Aytac Kadri,Turquía,1954,21,Delantero,0,0,0,3,0,0.00,0,0,0,0,0,11
Azeddine Amanallah,Marruecos,1986,16,Mediocampista,0,0,0,4,0,0.00,0,0,0,0,0,11
Aziz Behich,Australia,2018,16,Defensor,3,3,0,0,0,0.00,1,0,0,1,2,30
Aziz Behich,Australia,2022,16,Defensor,4,4,0,0,0,0.00,1,0,2,0,2,11
Aziz Bouderbala,Marruecos,1986,8,Mediocampista,4,4,0,0,0,0.00,0,0,1,2,1,11
Aziz Bouhaddouz,Marruecos,2018,20,Delantero,2,0,0,1,0,0.00,0,0,0,1,1,27
Aziz Fahmy,Egipto,1934,-,Arquero,0,0,0,1,0,0.00,0,0,0,0,0,13
Azubuike Egwuekwe,Nigeria,2014,6,Defensor,0,0,0,4,0,0.00,0,0,0,0,0,16
Azzedine Ounahi,Marruecos,2022,8,Mediocampista,7,6,0,0,0,0.00,1,0,3,2,2,4
Badou N'Diaye,Senegal,2018,17,Mediocampista,1,1,0,2,0,0.00,0,0,0,1,0,17
Badou Zaki,Marruecos,1986,1,Arquero,4,4,4,0,0,0.00,0,0,1,2,1,11
Badr Benoun,Marruecos,2022,24,Defensor,3,0,0,4,0,0.00,0,0,1,1,1,4
Bahram Movadat,Irán,1978,12,Arquero,0,0,0,3,0,0.00,0,0,0,0,0,14
Bailey Wright,Australia,2014,8,Defensor,0,0,0,3,0,0.00,0,0,0,0,0,30
Bailey Wright,Australia,2022,8,Defensor,1,0,0,3,0,0.00,0,0,1,0,0,11
Bakari Sagna,Francia,2010,2,Defensor,3,3,0,0,0,0.00,0,0,0,1,2,29
Bakari Sagna,Francia,2014,15,Defensor,1,1,0,4,0,0.00,0,0,0,1,0,7
Bakary Kone,Costa de Marfil,2006,14,Delantero,3,1,0,0,1,0.33,0,0,1,0,2,19
Bakhtiar Rahmani,Irán,2014,18,Mediocampista,0,0,0,3,0,0.00,0,0,0,0,0,28
Baldochi,Brasil,1970,14,Defensor,0,0,0,6,0,0.00,0,0,0,0,0,1
Baltazar,Brasil,1950,-,Delantero,2,2,0,4,2,1.00,0,0,1,1,0,2
Baltazar,Brasil,1954,9,Delantero,2,2,0,1,1,0.50,0,0,1,1,0,6
Bamba Dieng,Senegal,2022,20,Delantero,4,0,0,0,1,0.25,0,0,2,0,2,10
Ban-suk Oh,Corea del Sur,2018,4,Defensor,0,0,0,3,0,0.00,0,0,0,0,0,19
Bandeirinha,Portugal,1986,11,Defensor,0,0,0,3,0,0.00,0,0,0,0,0,17
Barbosa,Brasil,1950,-,Arquero,6,6,0,0,0,0.00,0,0,4,1,1,2
Barry Pickering,Nueva Zelanda,1982,21,Arquero,0,0,0,3,0,0.00,0,0,0,0,0,23
Bart Goor,Bélgica,2002,8,Mediocampista,4,4,0,0,0,0.00,0,0,1,2,1,14
Bart Mcghee,Estados Unidos,1930,-,Delantero,3,3,0,0,1,0.33,0,0,2,0,1,3
Bartholomew Ogbeche,Nigeria,2002,9,Delantero,2,2,0,1,0,0.00,0,0,0,0,2,27
Bartosz Bereszyński,Polonia,2018,18,Defensor,3,2,0,0,0,0.00,0,0,1,0,2,25
Bartosz Bereszyński,Polonia,2022,18,Defensor,4,4,0,0,0,0.00,1,0,1,1,2,15
Bartosz Białkowski,Polonia,2018,12,Arquero,0,0,0,3,0,0.00,0,0,0,0,0,25
Bartosz Bosacki,Polonia,2006,19,Defensor,2,2,0,1,2,1.00,0,0,1,0,1,21
Bas Paauwe,Paises Bajos,1934,-,Mediocampista,0,0,0,1,0,0.00,0,0,0,0,0,9
Bas Paauwe,Paises Bajos,1938,-,Mediocampista,1,1,0,0,0,0.00,0,0,0,0,1,14
Bassam Al-Rawi,Catar,2022,15,Defensor,1,1,0,2,0,0.00,0,0,0,0,1,32
Bassel Gorgis,Iraq,1986,14,Mediocampista,2,2,0,1,0,0.00,0,1,0,0,2,23
Bassem Srarfi,Túnez,2018,18,Delantero,1,0,0,2,0,0.00,0,0,1,0,0,24
Bastian Schweinsteiger,Alemania,2006,7,Mediocampista,7,6,0,0,2,0.29,1,0,5,1,1,3
Bastian Schweinsteiger,Alemania,2010,7,Mediocampista,7,7,1,0,0,0.00,1,0,5,0,2,3
Bastian Schweinsteiger,Alemania,2014,7,Mediocampista,6,5,0,1,0,0.00,2,0,5,1,0,1
Batatais,Brasil,1938,-,Arquero,2,2,0,3,0,0.00,0,0,2,0,0,3
Batista,Brasil,1978,17,Mediocampista,7,7,0,0,0,0.00,1,0,4,3,0,3
Batista,Brasil,1982,18,Mediocampista,1,0,0,4,0,0.00,0,0,1,0,0,5
Baudilio Jauregui,Uruguay,1974,2,Defensor,3,3,0,0,0,0.00,1,0,0,1,2,13
Bauer,Brasil,1950,-,Mediocampista,5,5,0,1,0,0.00,0,0,3,1,1,2
Bauer,Brasil,1954,6,Defensor,3,3,3,0,0,0.00,0,0,1,1,1,6
Beb Bakhuys,Paises Bajos,1934,-,Delantero,1,1,0,0,0,0.00,0,0,0,0,1,9
Bebeto,Brasil,1990,16,Delantero,1,0,0,3,0,0.00,0,0,1,0,0,9
Bebeto,Brasil,1994,7,Delantero,7,7,0,0,3,0.43,0,0,5,2,0,1
Bebeto,Brasil,1998,20,Delantero,7,7,0,0,3,0.43,0,0,4,1,2,2
Bechir Ben Said,Túnez,2022,22,Arquero,0,0,0,3,0,0.00,0,0,0,0,0,21
Bedford Jezzard,Inglaterra,1954,20,Delantero,0,0,0,3,0,0.00,0,0,0,0,0,7
Behnam Seraj,Irán,1998,19,Delantero,0,0,0,3,0,0.00,0,0,0,0,0,20
Behtash Fariba,Irán,1978,3,Delantero,1,0,0,2,0,0.00,0,0,0,0,1,14
Bela Bodonyi,Hungría,1982,15,Delantero,0,0,0,3,0,0.00,0,0,0,0,0,14
Bela Karpati,Hungría,1954,12,Defensor,0,0,0,5,0,0.00,0,0,0,0,0,2
Bela Karpati,Hungría,1958,12,Defensor,0,0,0,4,0,0.00,0,0,0,0,0,10
Bela Katzirz,Hungría,1982,21,Arquero,0,0,0,3,0,0.00,0,0,0,0,0,14
Bela Kuharszki,Hungría,1962,19,Delantero,1,1,0,3,0,0.00,0,0,0,1,0,5
Bela Palfi,Yugoslavia,1950,-,Mediocampista,0,0,0,3,0,0.00,0,0,0,0,0,5
Bela Sarosi,Hungría,1938,-,Mediocampista,0,0,0,4,0,0.00,0,0,0,0,0,2
Bela Varadi,Hungría,1978,11,Delantero,0,0,0,3,0,0.00,0,0,0,0,0,15
Belletti,Brasil,2002,13,Defensor,1,0,0,6,0,0.00,0,0,1,0,0,1
Bellini,Brasil,1958,2,Defensor,6,6,6,0,0,0.00,0,0,5,1,0,1
Bellini,Brasil,1962,13,Defensor,0,0,0,6,0,0.00,0,0,0,0,0,1
Bellini,Brasil,1966,4,Defensor,2,2,2,1,0,0.00,0,0,1,0,1,11
Ben Cabango,Gales,2022,24,Defensor,0,0,0,3,0,0.00,0,0,0,0,0,30
Ben Davies,Gales,2022,4,Defensor,3,3,0,0,0,0.00,0,0,0,1,2,30
Ben Foster,Inglaterra,2014,13,Arquero,1,1,0,2,0,0.00,0,0,0,1,0,26
Ben Halloran,Australia,2014,10,Mediocampista,3,0,0,0,0,0.00,0,0,0,0,3,30
Ben Iroha,Nigeria,1994,3,Defensor,1,1,0,3,0,0.00,0,0,1,0,0,9
Ben Iroha,Nigeria,1998,19,Defensor,1,1,0,3,0,0.00,1,0,0,0,1,12
Ben Olsen,Estados Unidos,2006,14,Mediocampista,1,0,0,2,0,0.00,0,0,0,0,1,25
Ben Sigmund,Nueva Zelanda,2010,2,Defensor,0,0,0,3,0,0.00,0,0,0,0,0,22
Ben White,Inglaterra,2022,21,Defensor,0,0,0,5,0,0.00,0,0,0,0,0,6
Benedict Akwuegbu,Nigeria,2002,18,Delantero,1,1,0,2,0,0.00,0,0,0,1,0,27
Benedicto,Brasil,1930,-,Delantero,1,1,0,1,0,0.00,0,0,1,0,0,6
Benedicto Godoy,Bolivia,1950,-,Delantero,0,0,0,1,0,0.00,0,0,0,0,0,13
Benedikt Höwedes,Alemania,2014,4,Defensor,7,7,0,0,0,0.00,2,0,6,1,0,1
Bengt Berndtsson,Suecia,1958,21,Delantero,1,1,0,5,0,0.00,0,0,0,1,0,2
Bengt Gustavsson,Suecia,1958,14,Mediocampista,6,6,1,0,0,0.00,0,0,4,1,1,2
Benigno Gilberto Penayo,Paraguay,1958,18,Delantero,0,0,0,3,0,0.00,0,0,0,0,0,12
Benigno Gutierrez,Bolivia,1950,-,Delantero,1,1,0,0,0,0.00,0,0,0,0,1,13
Benito Carvajales,Cuba,1938,-,Arquero,2,2,0,1,0,0.00,0,0,0,1,1,7
Benito Lorenzi,Italia,1950,-,Delantero,0,0,0,2,0,0.00,0,0,0,0,0,7
Benito Lorenzi,Italia,1954,11,Delantero,3,3,0,0,1,0.33,0,0,1,0,2,10
Benjamin Galindo,México,1994,17,Mediocampista,2,1,0,2,0,0.00,0,0,0,1,1,13
Benjamin Huggel,Suiza,2010,6,Mediocampista,3,3,0,0,0,0.00,0,0,1,1,1,19
Benjamin Maldonado,Bolivia,1950,-,Delantero,1,1,0,0,0,0.00,0,0,0,0,1,13
Benjamin Massing,Camerún,1990,4,Defensor,2,2,0,3,0,0.00,2,1,1,0,1,7
Benjamin Mendy,Francia,2018,22,Defensor,1,0,0,6,0,0.00,0,0,0,1,0,1
Benjamin Moukandjo,Camerún,2014,8,Delantero,3,3,0,0,0,0.00,0,0,0,0,3,32
Benjamin Pavard,Francia,2018,2,Defensor,6,6,0,1,1,0.17,1,0,6,0,0,1
Benjamin Pavard,Francia,2022,2,Defensor,1,1,0,6,0,0.00,0,0,1,0,0,2
Bennett Mnguni,Sudáfrica,2002,10,Mediocampista,0,0,0,3,0,0.00,0,0,0,0,0,17
Benni Mccarthy,Sudáfrica,1998,17,Delantero,3,3,0,0,1,0.33,0,0,0,2,1,24
Benni Mccarthy,Sudáfrica,2002,17,Delantero,3,3,0,0,1,0.33,1,0,1,1,1,17
Benno Magnusson,Suecia,1974,15,Delantero,2,1,0,4,0,0.00,0,0,1,1,0,5
Benny Feilhaber,Estados Unidos,2010,22,Mediocampista,3,0,0,1,0,0.00,0,0,1,1,1,12
Benny Wendt,Suecia,1978,11,Delantero,3,2,0,0,0,0.00,0,0,0,1,2,13
Beno Kaposzta,Hungría,1966,2,Defensor,4,4,0,0,0,0.00,0,0,2,0,2,6
Benoit Assou-Ekotto,Camerún,2010,2,Defensor,3,3,0,0,0,0.00,0,0,0,0,3,31
Benoit Assou-Ekotto,Camerún,2014,2,Defensor,2,2,0,1,0,0.00,0,0,0,0,2,32
Bento,Portugal,1986,1,Arquero,1,1,1,2,0,0.00,0,0,1,0,0,17
Benvenutto,Brasil,1930,-,Mediocampista,0,0,0,2,0,0.00,0,0,0,0,0,6
Beom Seok Oh,Corea del Sur,2010,2,Defensor,1,1,0,3,0,0.00,0,0,0,0,1,15
Beratligil Ali,Turquía,1954,14,Defensor,0,0,0,3,0,0.00,0,0,0,0,0,11
Berman Ahmet,Turquía,1954,19,Defensor,0,0,0,3,0,0.00,0,0,0,0,0,11
Bernabe Rivera,Paraguay,1930,-,Delantero,0,0,0,2,0,0.00,0,0,0,0,0,9
Bernard,Brasil,2014,20,Mediocampista,3,1,0,4,0,0.00,0,0,1,1,1,4
Bernard Bosquier,Francia,1966,5,Defensor,3,3,0,0,0,0.00,0,0,0,1,2,13
Bernard Chiarelli,Francia,1958,8,Mediocampista,0,0,0,6,0,0.00,0,0,0,0,0,3
Bernard Diomede,Francia,1998,13,Mediocampista,3,3,0,4,0,0.00,1,0,3,0,0,1
Bernard Genghini,Francia,1982,9,Mediocampista,5,5,0,2,2,0.40,1,0,3,2,0,4
Bernard Genghini,Francia,1986,13,Mediocampista,1,1,0,6,1,1.00,0,0,1,0,0,3
Bernard Lacombe,Francia,1978,17,Delantero,2,2,0,1,1,0.50,0,0,0,0,2,12
Bernard Lacombe,Francia,1982,17,Delantero,3,3,0,4,0,0.00,0,0,2,1,0,4
Bernard Lama,Francia,1998,1,Arquero,0,0,0,7,0,0.00,0,0,0,0,0,1
Bernard Mcnally,Irlanda del Norte,1986,20,Mediocampista,0,0,0,3,0,0.00,0,0,0,0,0,21
Bernard Parker,Sudáfrica,2010,17,Delantero,2,1,0,1,0,0.00,0,0,1,1,0,20
Bernard Slaven,Irlanda,1990,15,Delantero,0,0,0,5,0,0.00,0,0,0,0,0,8
Bernard Voorhoof,Bélgica,1930,-,Delantero,1,1,0,1,0,0.00,0,0,0,0,1,11
Bernard Voorhoof,Bélgica,1934,-,Delantero,1,1,0,0,2,2.00,0,0,0,0,1,15
Bernard Voorhoof,Bélgica,1938,-,Delantero,1,1,0,0,0,0.00,0,0,0,0,1,13
Bernard Vukas,Yugoslavia,1950,-,Delantero,2,2,0,1,0,0.00,0,0,1,0,1,5
Bernard Vukas,Yugoslavia,1954,9,Delantero,3,3,0,0,0,0.00,0,0,1,1,1,8
Bernardo Redin,Colombia,1990,11,Mediocampista,3,2,0,1,2,0.67,0,0,1,0,2,14
Bernardo Silva,Portugal,2018,11,Mediocampista,4,3,0,0,0,0.00,0,0,1,2,1,13
Bernardo Silva,Portugal,2022,10,Delantero,5,4,0,0,0,0.00,0,0,3,0,2,8
Bernd Bransch,Alemania Oriental,1974,3,Defensor,6,6,6,0,0,0.00,0,0,2,2,2,6
Bernd Cullmann,Alemania Occidental,1974,8,Defensor,3,3,0,4,1,0.33,0,0,2,0,1,1
Bernd Cullmann,Alemania Occidental,1978,16,Mediocampista,0,0,0,6,0,0.00,0,0,0,0,0,6
Bernd Dietz,Alemania Occidental,1978,3,Defensor,5,5,0,1,0,0.00,0,0,1,3,1,6
Bernd Foerster,Alemania Occidental,1982,5,Defensor,4,4,0,3,0,0.00,1,0,1,2,1,2
Bernd Franke,Alemania Occidental,1982,21,Arquero,0,0,0,7,0,0.00,0,0,0,0,0,2
Bernd Hoelzenbein,Alemania Occidental,1974,17,Delantero,6,4,0,1,0,0.00,0,0,6,0,0,1
Bernd Hoelzenbein,Alemania Occidental,1978,17,Delantero,3,3,0,3,1,0.33,0,0,0,2,1,6
Bernd Krauss,Austria,1982,2,Defensor,5,5,0,0,0,0.00,0,0,2,1,2,8
Bernd Patzke,Alemania Occidental,1966,15,Defensor,0,0,0,6,0,0.00,0,0,0,0,0,2
Bernd Patzke,Alemania Occidental,1970,15,Defensor,3,2,0,3,0,0.00,0,0,2,0,1,3
Bernd Schneider,Alemania,2002,19,Mediocampista,7,7,0,0,1,0.14,1,0,5,1,1,2
Bernd Schneider,Alemania,2006,19,Mediocampista,7,7,1,0,0,0.00,0,0,5,1,1,3
Bernd Thijs,Bélgica,2002,19,Mediocampista,0,0,0,4,0,0.00,0,0,0,0,0,14
Berni Klodt,Alemania Occidental,1954,14,Delantero,2,2,0,4,1,0.50,0,0,2,0,0,1
Berni Klodt,Alemania Occidental,1958,13,Delantero,2,2,0,4,0,0.00,0,0,0,2,0,4
Berry Van Aerle,Paises Bajos,1990,2,Defensor,4,4,0,0,0,0.00,0,0,0,3,1,15
Bert Patenaude,Estados Unidos,1930,-,Delantero,3,3,0,0,4,1.33,0,0,2,0,1,3
Bert Williams,Inglaterra,1950,-,Arquero,3,3,0,0,0,0.00,0,0,1,0,2,8
Berti Vogts,Alemania Occidental,1970,7,Defensor,6,6,0,0,0,0.00,0,0,5,0,1,3
Berti Vogts,Alemania Occidental,1974,2,Defensor,7,7,0,0,0,0.00,2,0,6,0,1,1
Berti Vogts,Alemania Occidental,1978,2,Defensor,6,6,6,0,0,0.00,0,0,1,4,1,6
Bertie Peacock,Irlanda del Norte,1958,6,Mediocampista,4,4,0,1,0,0.00,0,0,2,1,1,7
Bertin Ebwelle,Camerún,1990,5,Defensor,5,5,0,0,0,0.00,0,0,3,0,2,7
Bertrand Crasson,Bélgica,1998,2,Defensor,1,1,0,2,0,0.00,0,0,0,1,0,19
Bertus Caldenhove,Paises Bajos,1938,-,Defensor,1,1,0,0,0,0.00,0,0,0,0,1,14
Bertus De Harder,Paises Bajos,1938,-,Delantero,1,1,0,0,0,0.00,0,0,0,0,1,14
Beto,Portugal,2010,12,Arquero,0,0,0,4,0,0.00,0,0,0,0,0,11
Beto,Portugal,2014,22,Arquero,2,2,0,1,0,0.00,0,0,1,1,0,18
Beto,Portugal,2018,22,Arquero,0,0,0,4,0,0.00,0,0,0,0,0,13
Beto,Portugal,2002,22,Defensor,3,2,0,0,1,0.33,1,1,1,0,2,21
Bigode,Brasil,1950,-,Mediocampista,5,5,0,1,0,0.00,0,0,4,0,1,2
Bilel El Khanouss,Marruecos,2022,23,Mediocampista,1,1,0,6,0,0.00,0,0,0,0,1,4
Bilel Ifa,Túnez,2022,2,Defensor,0,0,0,3,0,0.00,0,0,0,0,0,21
Bill Brown,Escocia,1958,2,Arquero,1,1,0,2,0,0.00,0,0,0,0,1,14
Bill Eckersley,Inglaterra,1950,-,Defensor,1,1,0,2,0,0.00,0,0,0,0,1,8
Bill Fiedler,Estados Unidos,1934,-,Mediocampista,0,0,0,1,0,0.00,0,0,0,0,0,16
Bill Lehmann,Estados Unidos,1934,-,Mediocampista,0,0,0,1,0,0.00,0,0,0,0,0,16
Bill Mcgarry,Inglaterra,1954,14,Mediocampista,2,2,0,1,0,0.00,0,0,1,0,1,7
Bill Mclean,Estados Unidos,1934,-,Delantero,1,1,0,0,0,0.00,0,0,0,0,1,16
Bill Nicholson,Inglaterra,1950,-,Mediocampista,0,0,0,3,0,0.00,0,0,0,0,0,8
Bill Tchato,Camerún,2002,2,Defensor,3,3,0,0,0,0.00,1,0,1,1,1,20
Billy Bingham,Irlanda del Norte,1958,7,Delantero,5,5,0,0,0,0.00,0,0,2,1,2,7
Billy Bremner,Escocia,1974,4,Mediocampista,3,3,3,0,0,0.00,0,0,1,2,0,9
Billy Gonsalves,Estados Unidos,1930,-,Delantero,3,3,0,0,0,0.00,0,0,2,0,1,3
Billy Gonsalves,Estados Unidos,1934,-,Delantero,1,1,0,0,0,0.00,0,0,0,0,1,16
Billy Hamilton,Irlanda del Norte,1982,11,Delantero,5,5,0,0,2,0.40,2,0,1,3,1,9
Billy Hamilton,Irlanda del Norte,1986,19,Delantero,3,1,0,0,0,0.00,1,0,0,1,2,21
Billy Mcclure,Nueva Zelanda,1982,19,Mediocampista,0,0,0,3,0,0.00,0,0,0,0,0,23
Billy Mckinlay,Escocia,1998,17,Mediocampista,1,0,0,2,0,0.00,0,0,0,0,1,27
Billy Simpson,Irlanda del Norte,1958,9,Delantero,0,0,0,5,0,0.00,0,0,0,0,0,7
Billy Wright,Inglaterra,1950,-,Defensor,3,3,3,0,0,0.00,0,0,1,0,2,8
Billy Wright,Inglaterra,1954,4,Defensor,3,3,3,0,0,0.00,0,0,1,1,1,7
Billy Wright,Inglaterra,1958,5,Defensor,4,4,4,0,0,0.00,0,0,0,3,1,11
Birkir Bjarnason,Islandia,2018,8,Mediocampista,3,3,0,0,0,0.00,0,0,0,1,2,28
Birkir Már Saevarsson,Islandia,2018,2,Defensor,3,3,0,0,0,0.00,1,0,0,1,2,28
Bismarck,Brasil,1990,7,Mediocampista,0,0,0,4,0,0.00,0,0,0,0,0,9
Bixente Lizarazu,Francia,1998,3,Defensor,6,6,0,1,1,0.17,1,0,5,1,0,1
Bixente Lizarazu,Francia,2002,3,Defensor,3,3,0,0,0,0.00,0,0,0,1,2,28
Bjarne Goldbaek,Dinamarca,1998,17,Mediocampista,0,0,0,5,0,0.00,0,0,0,0,0,8
Bjorn Andersson,Suecia,1974,5,Defensor,4,4,0,2,0,0.00,1,0,1,2,1,5
Bjorn Nordqvist,Suecia,1970,4,Defensor,2,2,2,1,0,0.00,0,0,1,0,1,9
Bjorn Nordqvist,Suecia,1974,4,Defensor,5,5,1,1,0,0.00,1,0,2,1,2,5
Bjorn Nordqvist,Suecia,1978,4,Defensor,3,3,3,0,0,0.00,0,0,0,1,2,13
Björn Sigurðarson,Islandia,2018,9,Delantero,3,0,0,0,0,0.00,0,0,0,1,2,28
Blagoje Marjanovic,Yugoslavia,1930,-,Delantero,3,3,0,0,1,0.33,0,0,2,0,1,4
Blaise Kouassi,Costa de Marfil,2006,6,Defensor,1,1,0,2,0,0.00,0,0,1,0,0,19
Blaise Matuidi,Francia,2014,14,Mediocampista,5,5,0,0,1,0.20,1,0,3,1,1,7
Blaise Matuidi,Francia,2018,14,Mediocampista,5,4,0,2,0,0.00,2,0,5,0,0,1
Blaise Nkufo,Suiza,2010,10,Delantero,3,3,0,0,0,0.00,1,0,1,1,1,19
Blas Pérez,Panamá,2018,7,Delantero,2,2,0,1,0,0.00,0,0,0,0,2,32
Blerim Dzemaili,Suiza,2006,15,Mediocampista,0,0,0,4,0,0.00,0,0,0,0,0,10
Blerim Dzemaili,Suiza,2014,15,Mediocampista,3,0,0,1,1,0.33,0,0,1,0,2,11
Blerim Dzemaili,Suiza,2018,15,Mediocampista,4,4,0,0,1,0.25,0,0,1,2,1,14
Bo Kwan Hwang,Corea del Sur,1990,9,Mediocampista,2,2,0,1,1,0.50,1,0,0,0,2,22
Bo Kyung Kim,Corea del Sur,2010,6,Mediocampista,0,0,0,4,0,0.00,0,0,0,0,0,15
Bo Kyung Kim,Corea del Sur,2014,7,Mediocampista,2,0,0,1,0,0.00,0,0,0,1,1,27
Bo Larsson,Suecia,1970,7,Mediocampista,3,3,0,0,0,0.00,0,0,1,1,1,9
Bo Larsson,Suecia,1974,7,Mediocampista,5,5,5,1,0,0.00,0,0,1,2,2,5
Bo Larsson,Suecia,1978,8,Mediocampista,3,3,0,0,0,0.00,0,0,0,1,2,13
Bo Qu,China,2002,16,Delantero,3,0,0,0,0,0.00,0,0,0,0,3,31
Boa Morte,Portugal,2006,15,Delantero,1,0,0,6,0,0.00,1,0,1,0,0,4
Bob Annis,Estados Unidos,1950,-,Defensor,0,0,0,3,0,0.00,0,0,0,0,0,10
Bob Craddock,Estados Unidos,1950,-,Delantero,0,0,0,3,0,0.00,0,0,0,0,0,10
Bob Lenarduzzi,Canadá,1986,2,Defensor,3,3,0,0,0,0.00,1,0,0,0,3,24
Bobby Campbell,Irlanda del Norte,1982,21,Delantero,0,0,0,5,0,0.00,0,0,0,0,0,9
Bobby Charlton,Inglaterra,1958,20,Delantero,0,0,0,4,0,0.00,0,0,0,0,0,11
Bobby Charlton,Inglaterra,1962,11,Delantero,4,4,0,0,1,0.25,0,0,1,1,2,8
Bobby Charlton,Inglaterra,1966,9,Delantero,6,6,0,0,3,0.50,0,0,5,1,0,1
Bobby Charlton,Inglaterra,1970,9,Mediocampista,4,4,0,0,0,0.00,0,0,2,0,2,8
Bobby Clark,Escocia,1978,20,Arquero,0,0,0,3,0,0.00,0,0,0,0,0,11
Bobby Collins,Escocia,1958,19,Delantero,3,3,0,0,1,0.33,0,0,0,1,2,14
Bobby Combe,Escocia,1954,20,Delantero,0,0,0,2,0,0.00,0,0,0,0,0,15
Bobby Convey,Estados Unidos,2006,15,Mediocampista,3,2,0,0,0,0.00,0,0,0,1,2,25
Bobby Evans,Escocia,1954,4,Mediocampista,0,0,0,2,0,0.00,0,0,0,0,0,15
Bobby Evans,Escocia,1958,9,Defensor,3,3,1,0,0,0.00,0,0,0,1,2,14
Bobby Moore,Inglaterra,1962,16,Defensor,4,4,0,0,0,0.00,0,0,1,1,2,8
Bobby Moore,Inglaterra,1966,6,Defensor,6,6,6,0,0,0.00,0,0,5,1,0,1
Bobby Moore,Inglaterra,1970,6,Defensor,4,4,4,0,0,0.00,0,0,2,0,2,8
Bobby Robson,Inglaterra,1958,8,Delantero,3,3,0,1,0,0.00,0,0,0,3,0,11
Bobby Robson,Inglaterra,1962,4,Delantero,0,0,0,4,0,0.00,0,0,0,0,0,8
Bobby Smith,Inglaterra,1958,19,Delantero,0,0,0,4,0,0.00,0,0,0,0,0,11
Bobby Trainor,Irlanda del Norte,1958,22,Delantero,0,0,0,5,0,0.00,0,0,0,0,0,7
Bodo Illgner,Alemania Occidental,1990,1,Arquero,7,7,0,0,0,0.00,0,0,5,2,0,1
Bodo Illgner,Alemania Occidental,1994,1,Arquero,5,5,0,0,0,0.00,0,0,3,1,1,5
Bogdan Stelea,Rumania,1990,12,Arquero,0,0,0,4,0,0.00,0,0,0,0,0,12
Bogdan Stelea,Rumania,1994,12,Arquero,2,2,0,3,0,0.00,0,0,1,0,1,6
Bogdan Stelea,Rumania,1998,12,Arquero,4,4,0,0,0,0.00,0,0,2,1,1,11
Bohdan Masztaler,Polonia,1978,11,Mediocampista,4,4,0,2,0,0.00,0,0,2,1,1,5
Bohdan Shust,Ucrania,2006,23,Arquero,0,0,0,5,0,0.00,0,0,0,0,0,8
Bohumil Vesely,Checoslovaquia,1970,7,Mediocampista,2,1,0,1,0,0.00,0,0,0,0,2,15
Bojan Isailovic,Serbia,2010,12,Arquero,0,0,0,3,0,0.00,0,0,0,0,0,23
Bojan Jokic,Eslovenia,2010,13,Defensor,3,3,0,0,0,0.00,2,0,1,1,1,18
Bolatli Ridvan,Turquía,1954,2,Defensor,3,3,0,0,0,0.00,0,0,1,0,2,11
Boleslaw Habowski,Polonia,1938,-,Delantero,0,0,0,1,0,0.00,0,0,0,0,0,11
Bonaventure Kalou,Costa de Marfil,2006,8,Delantero,2,1,0,1,1,0.50,0,0,1,0,1,19
Boncho Genchev,Bulgaria,1994,14,Mediocampista,3,0,0,4,0,0.00,0,0,1,1,1,4
Boneventure Djonkep,Camerún,1990,18,Delantero,1,0,0,4,0,0.00,0,0,1,0,0,7
Bong Chil Kang,Corea del Norte,1966,4,Defensor,1,1,0,3,0,0.00,0,0,0,0,1,8
Bong Hwan Kim,Corea del Norte,1966,17,Delantero,1,1,0,3,0,0.00,0,0,1,0,0,8
Bong Zin Han,Corea del Norte,1966,11,Mediocampista,4,4,0,0,0,0.00,0,0,1,1,2,8
Bongani Khumalo,Sudáfrica,2010,20,Defensor,3,3,0,0,1,0.33,0,0,1,1,1,20
Boris Gaganelov,Bulgaria,1966,4,Defensor,3,3,3,0,0,0.00,0,0,0,0,3,15
Boris Gaganelov,Bulgaria,1970,15,Defensor,1,1,1,2,0,0.00,0,0,0,0,1,13
Boris Kuznetsov,URSS,1958,4,Defensor,5,5,0,0,0,0.00,0,0,2,1,2,6
Boris Zivkovic,Croacia,2002,6,Defensor,1,1,0,2,0,0.00,1,0,0,0,1,23
Borislav Mikhailov,Bulgaria,1986,1,Arquero,4,4,0,0,0,0.00,0,0,0,2,2,15
Borislav Mikhailov,Bulgaria,1994,1,Arquero,7,7,7,0,0,0.00,1,0,3,1,3,4
Borislav Mikhailov,Bulgaria,1998,12,Arquero,0,0,0,3,0,0.00,0,0,0,0,0,29
Borna Barisic,Croacia,2022,3,Defensor,1,1,0,6,0,0.00,1,0,0,1,0,3
Borna Sosa,Croacia,2022,19,Defensor,5,5,0,2,0,0.00,0,0,1,3,1,3
Bosko Balaban,Croacia,2002,22,Delantero,0,0,0,3,0,0.00,0,0,0,0,0,23
Bosko Balaban,Croacia,2006,21,Delantero,0,0,0,3,0,0.00,0,0,0,0,0,22
Bostjan Cesar,Eslovenia,2010,5,Defensor,3,3,0,0,0,0.00,1,0,1,1,1,18
Boualem Khoukhi,Catar,2022,16,Defensor,3,3,0,0,0,0.00,0,0,0,0,3,32
Bouba Diop,Senegal,2002,19,Mediocampista,5,5,0,0,3,0.60,1,0,2,2,1,7
Boubacar Barry,Costa de Marfil,2006,23,Arquero,1,1,0,2,0,0.00,0,0,1,0,0,19
Boubacar Barry,Costa de Marfil,2010,1,Arquero,3,3,0,0,0,0.00,0,0,1,1,1,17
Boubacar Barry,Costa de Marfil,2014,1,Arquero,3,3,0,0,0,0.00,0,0,1,0,2,21
Boudewijn Zenden,Paises Bajos,1998,12,Mediocampista,4,2,0,3,1,0.25,0,0,1,2,1,4
Boujamaa Benkhrif,Marruecos,1970,3,Defensor,3,3,0,0,0,0.00,0,0,0,1,2,14
Boulaye Dia,Senegal,2022,9,Delantero,4,4,0,0,1,0.25,1,0,2,0,2,10
Boycho Velichkov,Bulgaria,1986,18,Delantero,1,0,0,3,0,0.00,0,0,0,0,1,15
Bozhidar Grigorov,Bulgaria,1970,21,Delantero,0,0,0,3,0,0.00,0,0,0,0,0,13
Bozhidar Grigorov,Bulgaria,1974,16,Delantero,0,0,0,3,0,0.00,0,0,0,0,0,12
Bozhidar Iskrenov,Bulgaria,1986,7,Delantero,3,2,0,1,0,0.00,0,0,0,2,1,15
Bozhil Kolev,Bulgaria,1974,5,Mediocampista,3,3,0,0,0,0.00,0,0,0,2,1,12
Bozo Broketa,Yugoslavia,1950,-,Defensor,0,0,0,3,0,0.00,0,0,0,0,0,5
Brad Davis,Estados Unidos,2014,14,Mediocampista,1,1,0,3,0,0.00,0,0,0,0,1,15
Brad Friedel,Estados Unidos,1994,18,Arquero,0,0,0,4,0,0.00,0,0,0,0,0,14
Brad Friedel,Estados Unidos,1998,1,Arquero,1,1,0,2,0,0.00,0,0,0,0,1,32
Brad Friedel,Estados Unidos,2002,1,Arquero,5,5,0,0,0,0.00,1,0,2,1,2,8
Brad Guzan,Estados Unidos,2010,18,Arquero,0,0,0,4,0,0.00,0,0,0,0,0,12
Brad Guzan,Estados Unidos,2014,12,Arquero,0,0,0,4,0,0.00,0,0,0,0,0,15
Brad Jones,Australia,2010,18,Arquero,0,0,0,3,0,0.00,0,0,0,0,0,21
Brad Jones,Australia,2018,12,Arquero,0,0,0,3,0,0.00,0,0,0,0,0,30
Bradley Carnell,Sudáfrica,2002,3,Defensor,3,3,0,0,0,0.00,1,0,1,1,1,17
Branco,Brasil,1986,17,Defensor,5,5,0,0,0,0.00,1,0,4,1,0,5
Branco,Brasil,1990,6,Defensor,4,4,0,0,0,0.00,1,0,3,0,1,9
Branco,Brasil,1994,6,Defensor,3,3,0,4,1,0.33,0,0,2,1,0,1
Brandao,Brasil,1938,-,Mediocampista,2,2,0,3,0,0.00,0,0,2,0,0,3
Brandaozinho,Brasil,1954,4,Defensor,3,3,0,0,0,0.00,0,0,1,1,1,6
Brandon Aguilera,Costa Rica,2022,20,Mediocampista,3,1,0,0,0,0.00,0,0,1,0,2,27
Branislav Hrnjicek,Yugoslavia,1930,-,Delantero,0,0,0,3,0,0.00,0,0,0,0,0,4
Branislav Ivanovic,Serbia,2010,6,Defensor,3,3,0,0,0,0.00,1,0,1,0,2,23
Branislav Ivanovic,Serbia,2018,6,Defensor,2,2,0,1,0,0.00,1,0,1,0,1,23
Branislav Sekulic,Yugoslavia,1930,-,Delantero,2,2,0,1,1,0.50,0,0,1,0,1,4
Branko Brnovic,RF de Yugoslavia,1998,6,Defensor,3,2,0,1,0,0.00,0,0,2,0,1,10
Branko Buljevic,Australia,1974,20,Delantero,3,3,0,0,0,0.00,0,0,0,1,2,14
Branko Ilic,Eslovenia,2010,6,Defensor,0,0,0,3,0,0.00,0,0,0,0,0,18
Branko Kralj,Yugoslavia,1954,12,Arquero,0,0,0,3,0,0.00,0,0,0,0,0,8
Branko Oblak,Yugoslavia,1974,8,Mediocampista,5,5,0,1,1,0.20,2,0,1,2,2,7
Branko Segota,Canadá,1986,9,Delantero,3,0,0,0,0,0.00,0,0,0,0,3,24
Branko Stankovic,Yugoslavia,1950,-,Defensor,3,3,0,0,0,0.00,0,0,2,0,1,5
Branko Stankovic,Yugoslavia,1954,2,Defensor,3,3,0,0,0,0.00,0,0,1,1,1,8
Branko Strupar,Bélgica,2002,20,Delantero,2,1,0,2,0,0.00,0,0,0,2,0,14
Branko Zebec,Yugoslavia,1954,11,Mediocampista,3,3,0,0,1,0.33,0,0,1,1,1,8
Branko Zebec,Yugoslavia,1958,6,Mediocampista,4,4,4,0,0,0.00,0,0,1,2,1,8
Braulio Luna,México,1998,19,Mediocampista,2,2,0,2,0,0.00,0,0,1,1,0,13
Braulio Luna,México,2002,11,Mediocampista,4,4,0,0,0,0.00,0,0,2,1,1,11
Braulio Musso,Chile,1962,19,Delantero,0,0,0,6,0,0.00,0,0,0,0,0,3
Brayan Beckeles,Honduras,2014,21,Defensor,3,3,0,0,0,0.00,0,0,0,0,3,31
Breel Embolo,Suiza,2018,7,Delantero,4,1,0,0,0,0.00,0,0,1,2,1,14
Breel Embolo,Suiza,2022,7,Delantero,4,4,0,0,2,0.50,0,0,2,0,2,12
Bremer,Brasil,2022,24,Defensor,2,1,0,3,0,0.00,0,0,1,0,1,7
Brendan Augustine,Sudáfrica,1998,12,Mediocampista,2,2,0,1,0,0.00,0,0,0,1,1,24
Brenden Aaronson,Estados Unidos,2022,11,Delantero,4,0,0,0,0,0.00,0,0,1,2,1,14
Brennan Johnson,Gales,2022,9,Delantero,3,0,0,0,0,0.00,0,0,0,1,2,30
Brent Sancho,Trinidad y Tobago,2006,5,Defensor,3,3,0,0,0,0.00,1,0,0,1,2,27
Bretislav Dolejsi,Checoslovaquia,1958,19,Arquero,4,4,0,0,0,0.00,0,0,1,1,2,9
Brett Emerton,Australia,2006,7,Mediocampista,3,3,0,1,0,0.00,1,1,1,1,1,16
Brett Emerton,Australia,2010,7,Mediocampista,3,3,0,0,0,0.00,1,0,1,1,1,21
Brett Holman,Australia,2010,14,Delantero,3,1,0,0,2,0.67,0,0,1,1,1,21
Brian Baloyi,Sudáfrica,1998,16,Arquero,0,0,0,3,0,0.00,0,0,0,0,0,24
Brian Bliss,Estados Unidos,1990,8,Mediocampista,1,0,0,2,0,0.00,0,0,0,0,1,23
Brian Ching,Estados Unidos,2006,11,Delantero,0,0,0,3,0,0.00,0,0,0,0,0,25
Brian Idowu,Nigeria,2018,2,Defensor,3,3,0,0,0,0.00,1,0,1,0,2,21
Brian Labone,Inglaterra,1970,5,Defensor,3,3,0,1,0,0.00,0,0,1,0,2,8
Brian Laudrup,Dinamarca,1998,11,Delantero,5,5,0,0,2,0.40,0,0,2,1,2,8
Brian Maisonneuve,Estados Unidos,1998,19,Mediocampista,3,2,0,0,0,0.00,0,0,0,0,3,32
Brian Mcbride,Estados Unidos,1998,20,Delantero,2,2,0,1,1,0.50,0,0,0,0,2,32
Brian Mcbride,Estados Unidos,2002,20,Delantero,5,5,0,0,2,0.40,0,0,2,1,2,8
Brian Mcbride,Estados Unidos,2006,20,Delantero,3,3,0,0,0,0.00,0,0,0,1,2,25
Brian Steen Nielsen,Dinamarca,2002,23,Mediocampista,1,0,0,3,0,0.00,0,0,1,0,0,10
Brian Turner,Nueva Zelanda,1982,4,Delantero,1,0,0,2,0,0.00,0,0,0,0,1,23
Brilhante,Brasil,1930,-,Defensor,1,1,0,1,0,0.00,0,0,0,0,1,6
Brito,Brasil,1966,5,Defensor,1,1,0,2,0,0.00,0,0,0,0,1,11
Brito,Brasil,1970,2,Defensor,6,6,0,0,0,0.00,0,0,6,0,0,1
Britto,Brasil,1938,-,Mediocampista,1,1,0,4,0,0.00,0,0,1,0,0,3
Bror Mellberg,Suecia,1950,-,Delantero,2,2,0,3,1,0.50,0,0,1,0,1,3
Bror Mellberg,Suecia,1958,20,Delantero,2,2,0,4,0,0.00,0,0,2,0,0,2
Brou Angoua,Costa de Marfil,2010,2,Defensor,0,0,0,3,0,0.00,0,0,0,0,0,17
Brown Ideye,Nigeria,2010,10,Delantero,0,0,0,3,0,0.00,0,0,0,0,0,27
Bruce Murray,Estados Unidos,1990,16,Delantero,3,3,0,0,1,0.33,1,0,0,0,3,23
Bruce Rioch,Escocia,1978,6,Mediocampista,2,2,2,1,0,0.00,0,0,1,0,1,11
Bruce Wilson,Canadá,1986,3,Defensor,3,3,3,0,0,0.00,0,0,0,0,3,24
Bruno Alves,Portugal,2010,2,Defensor,4,4,0,0,0,0.00,0,0,1,2,1,11
Bruno Alves,Portugal,2014,2,Defensor,3,3,0,0,0,0.00,0,0,1,1,1,18
Bruno Alves,Portugal,2018,2,Defensor,0,0,0,4,0,0.00,0,0,0,0,0,13
Bruno Belin,Yugoslavia,1954,17,Defensor,0,0,0,3,0,0.00,0,0,0,0,0,8
Bruno Bellone,Francia,1982,15,Delantero,1,1,0,6,0,0.00,0,0,0,0,1,4
Bruno Bellone,Francia,1986,16,Delantero,4,2,0,3,0,0.00,0,0,1,2,1,3
Bruno Chizzo,Italia,1938,-,Delantero,0,0,0,4,0,0.00,0,0,0,0,0,1
Bruno Conti,Italia,1982,16,Mediocampista,7,7,0,0,1,0.14,1,0,4,3,0,1
Bruno Conti,Italia,1986,16,Delantero,4,4,0,0,0,0.00,0,0,1,2,1,12
Bruno Engelmeier,Austria,1958,22,Arquero,0,0,0,3,0,0.00,0,0,0,0,0,15
Bruno Fernandes,Portugal,2018,16,Mediocampista,2,1,0,2,0,0.00,1,0,1,1,0,13
Bruno Fernandes,Portugal,2022,8,Mediocampista,4,4,0,1,2,0.50,1,0,3,0,1,8
Bruno Guimaraes,Brasil,2022,17,Mediocampista,2,0,0,3,0,0.00,1,0,1,0,1,7
Bruno Martins Indi,Paises Bajos,2014,4,Defensor,6,5,0,1,0,0.00,2,0,4,2,0,3
Bruno Mora,Italia,1962,7,Delantero,2,2,1,1,1,0.50,0,0,1,0,1,9
Bruno Petkovic,Croacia,2022,16,Delantero,6,1,0,1,1,0.17,1,0,2,3,1,3
Bruno Pezzey,Austria,1978,5,Defensor,6,6,0,0,0,0.00,0,0,3,0,3,7
Bruno Pezzey,Austria,1982,5,Defensor,5,5,0,0,1,0.20,0,0,2,1,2,8
Bruno Versavel,Bélgica,1990,5,Mediocampista,3,3,0,1,0,0.00,0,0,2,0,1,11
Bryan Douglas,Inglaterra,1958,7,Delantero,3,3,0,1,0,0.00,0,0,0,3,0,11
Bryan Douglas,Inglaterra,1962,17,Delantero,4,4,0,0,0,0.00,0,0,1,1,2,8
Bryan Gunn,Escocia,1990,22,Arquero,0,0,0,3,0,0.00,0,0,0,0,0,18
Bryan Mbeumo,Camerún,2022,20,Delantero,3,3,0,0,0,0.00,0,0,1,1,1,19
Bryan Oviedo,Costa Rica,2018,8,Defensor,2,2,0,1,0,0.00,0,0,0,1,1,29
Bryan Oviedo,Costa Rica,2022,8,Defensor,3,3,0,0,0,0.00,0,0,1,0,2,27
Bryan Robson,Inglaterra,1982,16,Mediocampista,4,4,0,1,2,0.50,0,0,2,2,0,6
Bryan Robson,Inglaterra,1986,7,Mediocampista,2,2,2,3,0,0.00,0,0,0,1,1,8
Bryan Robson,Inglaterra,1990,7,Mediocampista,2,2,2,5,0,0.00,0,0,0,2,0,4
Bryan Roy,Paises Bajos,1990,15,Delantero,0,0,0,4,0,0.00,0,0,0,0,0,15
Bryan Roy,Paises Bajos,1994,11,Delantero,5,2,0,0,1,0.20,0,0,3,0,2,7
Bryan Ruiz,Costa Rica,2014,10,Delantero,5,5,5,0,2,0.40,1,0,2,3,0,8
Bryan Ruiz,Costa Rica,2018,10,Mediocampista,3,3,3,0,0,0.00,0,0,0,1,2,29
Bryan Ruiz,Costa Rica,2022,10,Mediocampista,1,0,0,2,0,0.00,0,0,0,0,1,27
Buanga Tshimen,Zaire,1974,4,Defensor,3,3,0,0,0,0.00,0,0,0,0,3,16
Buenaventura Ferreira,Paraguay,1986,7,Mediocampista,4,4,0,0,0,0.00,0,0,1,2,1,13
Bukayo Saka,Inglaterra,2022,17,Delantero,4,4,0,1,3,0.75,0,0,2,1,1,6
Bulent Korkmaz,Turquía,2002,3,Defensor,6,6,0,1,1,0.17,0,0,4,0,2,3
Bum-keun Song,Corea del Sur,2022,12,Arquero,0,0,0,4,0,0.00,0,0,0,0,0,16
Bum Kun Cha,Corea del Sur,1986,11,Delantero,3,3,0,0,0,0.00,0,0,0,1,2,20
Bum-Young Lee,Corea del Sur,2014,23,Arquero,0,0,0,3,0,0.00,0,0,0,0,0,27
Byung Dae Min,Corea del Sur,1954,6,Defensor,1,1,1,1,0,0.00,0,0,0,0,1,16
Byung Duk Cho,Corea del Sur,1986,1,Arquero,0,0,0,3,0,0.00,0,0,0,0,0,20
Byung Ji Kim,Corea del Sur,1998,1,Arquero,3,3,0,0,0,0.00,1,0,0,1,2,30
Byung Ji Kim,Corea del Sur,2002,12,Arquero,0,0,0,7,0,0.00,0,0,0,0,0,4
Byung Joo Byun,Corea del Sur,1986,19,Mediocampista,3,2,0,0,0,0.00,0,0,0,1,2,20
Byung Joo Byun,Corea del Sur,1990,11,Delantero,2,2,0,1,0,0.00,0,0,0,0,2,22
Byung Ok Yoo,Corea del Sur,1986,15,Defensor,0,0,0,3,0,0.00,0,0,0,0,0,20
Cabecao,Brasil,1954,22,Arquero,0,0,0,3,0,0.00,0,0,0,0,0,6
Cacau,Alemania,2010,19,Delantero,4,2,0,3,1,0.25,2,0,3,0,1,3
Cafu,Brasil,1994,14,Defensor,3,0,0,4,0,0.00,1,0,2,1,0,1
Cafu,Brasil,1998,2,Defensor,6,6,0,1,0,0.00,2,0,4,0,2,2
Cafu,Brasil,2002,2,Defensor,7,7,7,0,0,0.00,1,0,7,0,0,1
Cafu,Brasil,2006,2,Defensor,4,4,4,1,0,0.00,2,0,3,0,1,5
Callum Wilson,Inglaterra,2022,24,Delantero,2,0,0,3,0,0.00,0,0,2,0,0,6
Calvin Marlin,Sudáfrica,2002,20,Arquero,0,0,0,3,0,0.00,0,0,0,0,0,17
Cameron Carter-Vickers,Estados Unidos,2022,20,Defensor,1,1,0,3,0,0.00,0,0,1,0,0,14
Cameron Devlin,Australia,2022,17,Mediocampista,0,0,0,4,0,0.00,0,0,0,0,0,11
Camilo Vargas,Colombia,2014,12,Arquero,0,0,0,5,0,0.00,0,0,0,0,0,5
Camilo Vargas,Colombia,2018,12,Arquero,0,0,0,4,0,0.00,0,0,0,0,0,9
Campanal I,España,1934,-,Delantero,1,1,0,2,0,0.00,0,0,0,0,1,5
Canalli,Brasil,1934,-,Mediocampista,1,1,0,0,0,0.00,0,0,0,0,1,14
Caneira,Portugal,2002,4,Defensor,0,0,0,3,0,0.00,0,0,0,0,0,21
Caneira,Portugal,2006,3,Defensor,1,1,0,6,0,0.00,0,0,1,0,0,4
Capucho,Portugal,2002,19,Delantero,1,0,0,2,0,0.00,0,0,1,0,0,21
Careca,Brasil,1986,9,Delantero,5,5,0,0,5,1.00,1,0,4,1,0,5
Careca,Brasil,1990,9,Delantero,4,4,0,0,2,0.50,0,0,3,0,1,9
Carl Medjani,Argelia,2010,18,Defensor,0,0,0,3,0,0.00,0,0,0,0,0,28
Carl Medjani,Argelia,2014,12,Defensor,3,3,0,1,0,0.00,0,0,1,1,1,14
Carl Valentine,Canadá,1986,7,Delantero,3,3,0,0,0,0.00,0,0,0,0,3,24
Carl Valeri,Australia,2010,16,Mediocampista,3,3,0,0,0,0.00,1,0,1,1,1,21
Carles Puyol,España,2002,5,Defensor,4,4,0,1,0,0.00,0,0,2,2,0,5
Carles Puyol,España,2006,5,Defensor,3,3,0,1,0,0.00,2,0,2,0,1,9
Carles Puyol,España,2010,5,Defensor,7,7,0,0,1,0.14,1,0,6,0,1,1
Carles Rexach,España,1978,19,Delantero,1,1,0,2,0,0.00,0,0,0,0,1,10
Carlo Ancelotti,Italia,1986,9,Mediocampista,0,0,0,4,0,0.00,0,0,0,0,0,12
Carlo Ancelotti,Italia,1990,9,Mediocampista,3,2,0,4,0,0.00,0,0,3,0,0,3
Carlo Annovazzi,Italia,1950,-,Mediocampista,1,1,0,1,0,0.00,0,0,0,0,1,7
Carlo Ceresoli,Italia,1938,-,Arquero,0,0,0,4,0,0.00,0,0,0,0,0,1
Carlo Costly,Honduras,2014,13,Delantero,3,3,0,0,1,0.33,0,0,0,0,3,31
Carlo Galli,Italia,1954,9,Delantero,2,2,0,1,1,0.50,0,0,1,0,1,10
Carlo Mattrel,Italia,1962,12,Arquero,1,1,0,2,0,0.00,0,0,0,0,1,9
Carlo Parola,Italia,1950,-,Defensor,1,1,0,1,0,0.00,0,0,0,0,1,7
Carlos,Brasil,1978,12,Arquero,0,0,0,7,0,0.00,0,0,0,0,0,3
Carlos,Brasil,1982,22,Arquero,0,0,0,5,0,0.00,0,0,0,0,0,5
Carlos,Brasil,1986,1,Arquero,5,5,0,0,0,0.00,0,0,4,1,0,5
Carlos Aguilera,Uruguay,1986,20,Delantero,0,0,0,4,0,0.00,0,0,0,0,0,16
Carlos Aguilera,Uruguay,1990,18,Delantero,4,1,0,0,0,0.00,0,0,1,1,2,16
Carlos Alberto,Brasil,1970,4,Defensor,6,6,6,0,1,0.17,1,0,6,0,0,1
Carlos Sánchez,Uruguay,2018,5,Mediocampista,3,1,0,2,0,0.00,0,0,3,0,0,5
Carlos Aponte,Colombia,1962,7,Defensor,0,0,0,3,0,0.00,0,0,0,0,0,14
Carlos Babington,Argentina,1974,3,Delantero,5,5,0,1,1,0.20,3,0,1,2,2,8
Carlos Bacca,Colombia,2014,17,Delantero,1,0,0,4,0,0.00,0,0,0,0,1,5
Carlos Bacca,Colombia,2018,7,Delantero,3,0,0,1,0,0.00,1,0,1,1,1,9
Carlos Blanco,México,1954,15,Delantero,0,0,0,2,0,0.00,0,0,0,0,0,13
Carlos Blanco,México,1958,20,Mediocampista,2,2,0,1,0,0.00,0,0,0,1,1,16
Carlos Bocanegra,Estados Unidos,2006,3,Defensor,2,2,0,1,0,0.00,0,0,0,1,1,25
Carlos Bocanegra,Estados Unidos,2010,3,Defensor,4,4,4,0,0,0.00,1,0,1,2,1,12
Carlos Bonet,Paraguay,2002,15,Mediocampista,1,1,0,3,0,0.00,0,0,0,0,1,16
Carlos Bonet,Paraguay,2006,6,Mediocampista,2,2,0,1,0,0.00,0,0,0,0,2,18
Carlos Bonet,Paraguay,2010,6,Mediocampista,3,3,0,2,0,0.00,0,0,1,2,0,8
Carlos Borges,Uruguay,1954,11,Delantero,5,5,0,0,4,0.80,0,0,3,0,2,4
Carlos Borja,Bolivia,1994,6,Mediocampista,3,3,3,0,0,0.00,1,0,0,1,2,21
Carlos Cabellero,Honduras,1982,18,Delantero,1,0,0,2,0,0.00,0,0,0,1,0,18
Carlos Cáceda,Perú,2018,12,Arquero,0,0,0,3,0,0.00,0,0,0,0,0,20
Carlos Calderon De La Barca,México,1958,9,Delantero,1,1,0,2,0,0.00,0,0,0,0,1,16
Carlos Campos,Chile,1962,20,Delantero,1,1,0,5,0,0.00,0,0,1,0,0,3
Carlos Campos,Chile,1966,3,Delantero,0,0,0,3,0,0.00,0,0,0,0,0,13
Carlos Carbonero,Colombia,2014,5,Mediocampista,1,0,0,4,0,0.00,0,0,1,0,0,5
Carlos Carmona,Chile,2010,6,Mediocampista,3,3,0,1,0,0.00,2,0,2,0,1,10
Carlos Carmona,Chile,2014,6,Mediocampista,1,0,0,3,0,0.00,0,0,1,0,0,9
Carlos Carus,México,1954,18,Delantero,0,0,0,2,0,0.00,0,0,0,0,0,13
Carlos Castro,Costa Rica,2002,22,Defensor,3,3,0,0,0,0.00,1,0,1,1,1,19
Carlos Caszely,Chile,1974,7,Delantero,2,2,0,1,0,0.00,1,1,0,1,1,11
Carlos Caszely,Chile,1982,13,Delantero,2,2,0,1,0,0.00,0,0,0,0,2,22
Carlos Cilloniz,Perú,1930,-,Delantero,0,0,0,2,0,0.00,0,0,0,0,0,10
Carlos Contreras,Chile,1962,5,Defensor,5,5,0,1,0,0.00,0,0,3,0,2,3
Carlos Correa,Uruguay,1990,15,Mediocampista,1,0,0,3,0,0.00,0,0,0,1,0,16
Carlos De Los Cobos,México,1986,6,Mediocampista,3,1,0,2,0,0.00,1,0,2,1,0,6
Carlos Edwards,Trinidad y Tobago,2006,11,Mediocampista,3,3,0,0,0,0.00,0,0,0,1,2,27
Carlos Estrada,Colombia,1990,7,Delantero,4,2,0,0,0,0.00,0,0,1,1,2,14
Carlos Gamarra,Paraguay,1998,4,Defensor,4,4,0,0,0,0.00,0,0,1,2,1,14
Carlos Gamarra,Paraguay,2002,4,Defensor,4,4,1,0,0,0.00,0,0,1,1,2,16
Carlos Gamarra,Paraguay,2006,4,Defensor,3,3,3,0,0,0.00,0,0,1,0,2,18
Carlos Germano,Brasil,1998,12,Arquero,0,0,0,7,0,0.00,0,0,0,0,0,2
Carlos Gomez,México,1978,14,Defensor,1,1,0,2,0,0.00,0,0,0,0,1,16
Carlos Gonzalez,México,1958,22,Delantero,2,2,0,1,0,0.00,0,0,0,1,1,16
Carlos Gruezo,Ecuador,2014,23,Mediocampista,2,1,0,1,0,0.00,0,0,1,0,1,17
Carlos Gruezo,Ecuador,2022,8,Mediocampista,1,1,0,2,0,0.00,0,0,0,0,1,18
Carlos Guevara,México,1950,-,Mediocampista,0,0,0,3,0,0.00,0,0,0,0,0,12
Carlos Hermosillo,México,1986,11,Delantero,0,0,0,5,0,0.00,0,0,0,0,0,6
Carlos Hermosillo,México,1994,7,Delantero,2,2,0,2,0,0.00,0,0,1,1,0,13
Carlos Hernandez,Costa Rica,2006,16,Mediocampista,2,0,0,1,0,0.00,0,0,0,0,2,31
Carlos Hoyos,Colombia,1990,13,Defensor,0,0,0,4,0,0.00,0,0,0,0,0,14
Carlos Ibanez,Chile,1950,-,Delantero,1,1,0,2,0,0.00,0,0,1,0,0,9
Carlos Lapetra,España,1966,22,Delantero,1,1,0,2,0,0.00,0,0,0,0,1,10
Carlos Llamosa,Estados Unidos,2002,16,Defensor,2,0,0,3,0,0.00,0,0,2,0,0,8
Carlos Manuel,Portugal,1986,6,Mediocampista,3,3,0,0,1,0.33,0,0,1,0,2,17
Carlos Marchena,España,2006,4,Defensor,1,1,0,3,0,0.00,1,0,1,0,0,9
Carlos Marchena,España,2010,4,Defensor,3,0,0,4,0,0.00,0,0,3,0,0,1
Carlos Martínez,Costa Rica,2022,16,Defensor,1,1,0,2,0,0.00,0,0,0,0,1,27
Carlos Morales,Paraguay,1998,19,Mediocampista,1,1,0,3,0,0.00,0,0,0,1,0,14
Carlos Munoz,México,1986,16,Mediocampista,4,4,0,1,0,0.00,1,0,2,2,0,6
Carlos Oliveira,Cuba,1938,-,Delantero,0,0,0,3,0,0.00,0,0,0,0,0,7
Carlos Paredes,Paraguay,1998,13,Mediocampista,4,3,0,0,0,0.00,0,0,1,2,1,14
Carlos Paredes,Paraguay,2002,13,Mediocampista,2,2,0,2,0,0.00,0,1,1,0,1,16
Carlos Paredes,Paraguay,2006,13,Mediocampista,3,3,0,0,0,0.00,2,0,1,0,2,18
Carlos Pavon,Honduras,2010,9,Delantero,1,1,0,2,0,0.00,0,0,0,0,1,30
Carlos Peña,México,2014,21,Mediocampista,1,0,0,3,0,0.00,0,0,1,0,0,10
Carlos Peucelle,Argentina,1930,-,Delantero,4,4,0,1,3,0.75,0,0,3,0,1,2
Carlos Recinos,El Salvador,1982,4,Defensor,3,3,0,0,0,0.00,1,0,0,0,3,24
Carlos Reinoso,Chile,1974,10,Mediocampista,3,3,0,0,0,0.00,1,0,0,2,1,11
Carlos Riolfo,Uruguay,1930,-,Mediocampista,0,0,0,4,0,0.00,0,0,0,0,0,1
Carlos Rivas,Chile,1982,8,Mediocampista,0,0,0,3,0,0.00,0,0,0,0,0,22
Carlos Roa,Argentina,1998,1,Arquero,5,5,0,0,0,0.00,1,0,3,1,1,6
Carlos Rodríguez,México,2022,8,Mediocampista,2,0,0,1,0,0.00,0,0,1,1,0,22
Carlos Rojas,Chile,1950,-,Mediocampista,1,1,0,2,0,0.00,0,0,1,0,0,9
Carlos Romero,Uruguay,1950,-,Mediocampista,0,0,0,4,0,0.00,0,0,0,0,0,1
Carlos Salcedo,México,2018,3,Defensor,4,4,0,0,0,0.00,1,0,2,0,2,12
Carlos Salcido,México,2006,3,Defensor,4,4,0,0,0,0.00,1,0,1,1,2,15
Carlos Salcido,México,2010,3,Defensor,4,4,0,0,0,0.00,0,0,1,1,2,14
Carlos Salcido,México,2014,3,Defensor,2,1,0,2,0,0.00,0,0,1,0,1,10
Carlos Sánchez,Colombia,2014,6,Mediocampista,4,4,0,1,0,0.00,1,0,3,0,1,5
Carlos Sánchez,Colombia,2018,6,Mediocampista,3,3,0,1,0,0.00,1,1,1,1,1,9
Carlos Schneeberger,Chile,1930,-,Delantero,2,2,2,1,0,0.00,0,0,2,0,0,5
Carlos Septien,México,1950,-,Delantero,2,2,0,1,0,0.00,0,0,0,0,2,12
Carlos Septien,México,1954,17,Delantero,0,0,0,2,0,0.00,0,0,0,0,0,13
Carlos Soler,España,2022,19,Mediocampista,2,0,0,2,1,0.50,0,0,1,1,0,13
Carlos Spadaro,Argentina,1930,-,Delantero,1,1,0,4,0,0.00,0,0,1,0,0,2
Carlos Squeo,Argentina,1974,17,Defensor,2,2,0,4,0,0.00,0,0,0,0,2,8
Carlos Tapia,Argentina,1986,20,Mediocampista,2,0,0,5,0,0.00,0,0,2,0,0,1
Carlos Tejas,Chile,1998,22,Arquero,0,0,0,4,0,0.00,0,0,0,0,0,16
Carlos Tenorio,Ecuador,2002,18,Delantero,3,1,0,0,0,0.00,1,0,1,0,2,24
Carlos Tenorio,Ecuador,2006,21,Delantero,3,3,0,1,2,0.67,1,0,2,0,1,12
Carlos Tevez,Argentina,2006,11,Delantero,4,2,0,1,1,0.25,0,0,2,2,0,6
Carlos Tevez,Argentina,2010,11,Delantero,4,4,0,1,2,0.50,0,0,3,0,1,5
Carlos Trucco,Bolivia,1994,1,Arquero,3,3,0,0,0,0.00,0,0,0,1,2,21
Carlos Valderrama,Colombia,1990,10,Mediocampista,4,4,4,0,1,0.25,0,0,1,1,2,14
Carlos Valderrama,Colombia,1994,10,Mediocampista,3,3,3,0,0,0.00,2,0,1,0,2,19
Carlos Valderrama,Colombia,1998,10,Mediocampista,3,3,3,0,0,0.00,0,0,1,0,2,21
Carlos Valdés,Colombia,2014,23,Defensor,1,1,0,4,0,0.00,0,0,1,0,0,5
Carlos Vela,México,2010,11,Delantero,2,2,0,2,0,0.00,0,0,1,1,0,14
Carlos Vela,México,2018,11,Delantero,4,4,0,0,1,0.25,0,0,2,0,2,12
Carlos Vidal,Chile,1930,-,Delantero,3,3,0,0,2,0.67,0,0,2,0,1,5
Carmelo,España,1962,3,Arquero,2,2,0,1,0,0.00,0,0,1,0,1,12
Carmelo Simeone,Argentina,1966,9,Mediocampista,0,0,0,4,0,0.00,0,0,0,0,0,5
Carpegiani,Brasil,1974,17,Mediocampista,6,5,0,1,0,0.00,1,0,3,1,2,4
Carsten Jancker,Alemania,2002,9,Delantero,3,3,0,4,1,0.33,1,0,2,1,0,2
Carsten Ramelow,Alemania,2002,5,Mediocampista,5,5,0,2,0,0.00,0,1,3,1,1,2
Carvalho,Portugal,1966,2,Arquero,1,1,0,5,0,0.00,0,0,1,0,0,3
Carvalho Leite,Brasil,1930,-,Delantero,1,1,0,1,0,0.00,0,0,1,0,0,6
Carvalho Leite,Brasil,1934,-,Delantero,0,0,0,1,0,0.00,0,0,0,0,0,14
Casagrande,Brasil,1986,8,Delantero,3,2,0,2,0,0.00,0,0,3,0,0,5
Casemiro,Brasil,2018,5,Mediocampista,4,4,0,1,0,0.00,2,0,3,1,0,6
Casemiro,Brasil,2022,5,Mediocampista,4,4,0,1,1,0.25,1,0,3,1,0,7
Casiano Cespedes,Paraguay,1950,-,Defensor,2,2,0,0,0,0.00,0,0,0,1,1,11
Casiano Chavarria,Bolivia,1930,-,Defensor,2,2,0,0,0,0.00,0,0,0,0,2,12
Casimiro Torres,Chile,1930,-,Mediocampista,2,2,0,1,0,0.00,0,0,1,0,1,5
Cassio,Brasil,2018,16,Arquero,0,0,0,5,0,0.00,0,0,0,0,0,6
Castilho,Brasil,1950,-,Arquero,0,0,0,6,0,0.00,0,0,0,0,0,2
Castilho,Brasil,1954,1,Arquero,3,3,0,0,0,0.00,0,0,1,1,1,6
Castilho,Brasil,1958,1,Arquero,0,0,0,6,0,0.00,0,0,0,0,0,1
Castilho,Brasil,1962,22,Arquero,0,0,0,6,0,0.00,0,0,0,0,0,1
Castor Cantero,Paraguay,1950,-,Mediocampista,2,2,0,0,0,0.00,0,0,0,1,1,11
Catalino Rivarola,Paraguay,1998,3,Defensor,0,0,0,4,0,0.00,0,0,0,0,0,14
Cayetano Carreras Sagueir,Paraguay,1930,-,Delantero,0,0,0,2,0,0.00,0,0,0,0,0,9
Cayetano Re,Paraguay,1958,21,Delantero,3,3,0,0,1,0.33,0,0,1,1,1,12
Cedric Carrasso,Francia,2010,23,Arquero,0,0,0,3,0,0.00,0,0,0,0,0,29
Cedric Djeugoue,Camerún,2014,4,Defensor,1,1,0,2,0,0.00,0,0,0,0,1,32
Cédric Si Mohamed,Argelia,2014,1,Arquero,0,0,0,4,0,0.00,0,0,0,0,0,14
Cédric Soares,Portugal,2018,21,Defensor,3,3,0,1,0,0.00,1,0,1,2,0,13
Cees Van Ierssel,Paises Bajos,1974,4,Defensor,0,0,0,7,0,0.00,0,0,0,0,0,2
Celestin Delmer,Francia,1930,-,Mediocampista,1,1,0,2,0,0.00,0,0,0,0,1,7
Celestin Delmer,Francia,1934,-,Mediocampista,0,0,0,1,0,0.00,0,0,0,0,0,9
Celestin Oliver,Francia,1958,19,Mediocampista,0,0,0,6,0,0.00,0,0,0,0,0,3
Celestine Babayaro,Nigeria,1998,3,Defensor,3,3,0,1,0,0.00,0,0,2,0,1,12
Celestine Babayaro,Nigeria,2002,3,Defensor,2,2,0,1,0,0.00,0,0,0,0,2,27
Celso Ayala,Paraguay,1998,5,Defensor,4,4,0,0,1,0.25,1,0,1,2,1,14
Celso Ayala,Paraguay,2002,5,Defensor,4,4,0,0,0,0.00,0,0,1,1,2,16
Celso Borges,Costa Rica,2014,5,Mediocampista,5,5,0,0,0,0.00,0,0,2,3,0,8
Celso Borges,Costa Rica,2018,5,Mediocampista,3,3,0,0,0,0.00,0,0,0,1,2,29
Celso Borges,Costa Rica,2022,5,Mediocampista,3,3,0,0,0,0.00,1,0,1,0,2,27
Celso Guity,Honduras,1982,19,Delantero,0,0,0,3,0,0.00,0,0,0,0,0,18
Celso Otero,Uruguay,1986,22,Arquero,0,0,0,4,0,0.00,0,0,0,0,0,16
Cesar,Brasil,1974,9,Delantero,0,0,0,7,0,0.00,0,0,0,0,0,4
Cesar,España,1950,-,Delantero,0,0,0,6,0,0.00,0,0,0,0,0,4
César Azpilicueta,España,2014,22,Defensor,2,2,0,1,0,0.00,0,0,0,0,2,23
César Azpilicueta,España,2018,14,Defensor,0,0,0,4,0,0.00,0,0,0,0,0,10
César Azpilicueta,España,2022,2,Defensor,2,2,0,2,0,0.00,0,0,1,0,1,13
Cesar Cueto,Perú,1978,8,Mediocampista,6,6,0,0,1,0.17,0,0,2,1,3,8
Cesar Cueto,Perú,1982,8,Mediocampista,3,3,0,0,0,0.00,0,0,0,2,1,20
Cesar Espinoza,Chile,1930,-,Arquero,0,0,0,3,0,0.00,0,0,0,0,0,5
Cesar Gutierrez,Honduras,1982,2,Defensor,2,2,0,1,0,0.00,0,0,0,2,0,18
Cesar Lopez Fretes,Paraguay,1950,-,Delantero,2,2,2,0,1,0.50,0,0,0,1,1,11
César Montes,México,2022,3,Defensor,3,3,0,0,0,0.00,0,0,1,1,1,22
Cesar Ramirez,Paraguay,1998,18,Delantero,2,0,0,2,0,0.00,0,0,0,2,0,14
Cesar Ruminski,Francia,1954,2,Arquero,0,0,0,2,0,0.00,0,0,0,0,0,9
Cesar Sampaio,Brasil,1998,5,Mediocampista,6,6,0,1,3,0.50,3,0,4,1,1,2
Cesar Vega,Uruguay,1986,13,Defensor,0,0,0,4,0,0.00,0,0,0,0,0,16
Cesar Zabala,Paraguay,1986,3,Defensor,4,4,0,0,0,0.00,0,0,1,2,1,13
Cesare Maldini,Italia,1962,5,Defensor,2,2,0,1,0,0.00,0,0,1,1,0,9
Cesc Fabregas,España,2006,18,Mediocampista,4,2,0,0,0,0.00,1,0,3,0,1,9
Cesc Fabregas,España,2010,10,Mediocampista,4,0,0,3,0,0.00,0,0,4,0,0,1
Cesc Fabregas,España,2014,10,Mediocampista,2,0,0,1,0,0.00,0,0,1,0,1,23
Cestmir Patzel,Checoslovaquia,1934,-,Arquero,0,0,0,4,0,0.00,0,0,0,0,0,2
Cezary Kucharski,Polonia,2002,8,Delantero,1,1,0,2,0,0.00,1,0,1,0,0,25
Chaabane Merzekane,Argelia,1982,5,Defensor,3,3,0,0,0,0.00,0,0,2,0,1,13
Chacho,España,1934,-,Delantero,1,1,0,2,0,0.00,0,0,0,0,1,5
Chad Deering,Estados Unidos,1998,15,Mediocampista,1,1,0,2,0,0.00,0,0,0,0,1,32
Chang Gi Kang,Corea del Sur,1954,4,Mediocampista,2,2,0,0,0,0.00,0,0,0,0,2,16
Chang-hoon Kwon,Corea del Sur,2022,22,Mediocampista,1,1,0,3,0,0.00,0,0,0,0,1,16
Chang Kil Ryoo,Corea del Norte,1966,20,Delantero,0,0,0,4,0,0.00,0,0,0,0,0,8
Chang Myung Lee,Corea del Norte,1966,1,Arquero,4,4,0,0,0,0.00,0,0,1,1,2,8
Chang-Soo Kim,Corea del Sur,2014,2,Defensor,0,0,0,3,0,0.00,0,0,0,0,0,27
Chang Sun Park,Corea del Sur,1986,10,Delantero,3,3,3,0,1,0.33,1,0,0,1,2,20
Chaouki Ben Saada,Túnez,2006,17,Delantero,1,0,0,2,0,0.00,0,0,0,0,1,24
Charles Aránguiz,Chile,2014,20,Mediocampista,4,4,0,0,1,0.25,1,0,2,1,1,9
Charles Casali,Suiza,1954,9,Mediocampista,3,3,0,1,0,0.00,0,0,2,0,1,5
Charles De Ketelaere,Bélgica,2022,22,Delantero,1,0,0,2,0,0.00,0,0,0,0,1,23
Charles Geerts,Bélgica,1954,12,Arquero,0,0,0,2,0,0.00,0,0,0,0,0,12
Charles Itandje,Camerún,2014,16,Arquero,3,3,0,0,0,0.00,0,0,0,0,3,32
Charles Simons,Bélgica,1934,-,Mediocampista,0,0,0,1,0,0.00,0,0,0,0,0,15
Charles Toube,Camerún,1982,11,Mediocampista,0,0,0,3,0,0.00,0,0,0,0,0,17
Charles Vandewouwer,Bélgica,1938,-,Delantero,1,1,0,0,0,0.00,0,0,0,0,1,13
Charlie Colombo,Estados Unidos,1950,-,Mediocampista,3,3,0,0,0,0.00,0,0,1,0,2,10
Charlie Nicholas,Escocia,1986,19,Delantero,2,1,0,1,0,0.00,0,0,0,1,1,19
Charly Elsener,Suiza,1962,1,Arquero,3,3,0,0,0,0.00,0,0,0,0,3,16
Charly Elsener,Suiza,1966,1,Arquero,2,2,0,1,0,0.00,0,0,0,0,2,16
Cheikh N'Doye,Senegal,2018,11,Mediocampista,2,0,0,1,0,0.00,1,0,1,1,0,17
Cheikhou Kouyaté,Senegal,2018,8,Mediocampista,3,1,1,0,0,0.00,0,0,1,1,1,17
Cheikhou Kouyaté,Senegal,2022,8,Defensor,1,1,0,3,0,0.00,0,0,0,0,1,10
Chen Yang,China,2002,20,Delantero,2,2,0,1,0,0.00,0,0,0,0,2,31
Chendo,España,1986,15,Defensor,1,1,0,4,0,0.00,0,0,0,1,0,7
Chendo,España,1990,2,Defensor,4,4,0,0,0,0.00,1,0,2,1,1,10
Chengying Wu,China,2002,4,Defensor,3,3,0,0,0,0.00,0,0,0,0,3,31
Cherif Toure Mamam,Togo,2006,10,Mediocampista,3,3,0,0,0,0.00,1,0,0,0,3,30
Chi An Li,Corea del Norte,1966,22,Delantero,0,0,0,4,0,0.00,0,0,0,0,0,8
Chicao,Brasil,1978,21,Mediocampista,3,1,0,4,0,0.00,1,0,2,1,0,3
Chico,Brasil,1950,-,Delantero,4,4,0,2,4,1.00,0,0,3,0,1,2
Chidi Nwanu,Nigeria,1994,6,Defensor,4,4,0,0,0,0.00,1,0,2,0,2,9
Chidi Odiah,Nigeria,2010,17,Defensor,3,3,0,0,0,0.00,0,0,0,1,2,27
Chidozie Awaziem,Nigeria,2018,20,Defensor,0,0,0,3,0,0.00,0,0,0,0,0,21
Chigozie Agbim,Nigeria,2014,21,Arquero,0,0,0,4,0,0.00,0,0,0,0,0,16
Chinedu Ogbuke Obasi,Nigeria,2010,19,Delantero,3,2,0,0,0,0.00,2,0,0,1,2,27
Chol Hyok An,Corea del Norte,2010,7,Delantero,0,0,0,3,0,0.00,0,0,0,0,0,32
Chol Jin Pak,Corea del Norte,2010,13,Defensor,3,3,0,0,0,0.00,1,0,0,0,3,32
Chol Myong Ri,Corea del Norte,2010,19,Mediocampista,0,0,0,3,0,0.00,0,0,0,0,0,32
Chong Gug Song,Corea del Sur,2002,22,Mediocampista,7,7,0,0,1,0.14,1,0,3,2,2,4
Chong Gug Song,Corea del Sur,2006,22,Defensor,1,1,0,2,0,0.00,0,0,1,0,0,17
Choukri El Ouaer,Túnez,1998,1,Arquero,3,3,0,0,0,0.00,0,0,0,1,2,26
Chris Albright,Estados Unidos,2006,2,Defensor,0,0,0,3,0,0.00,0,0,0,0,0,25
Chris Gunter,Gales,2022,2,Defensor,0,0,0,3,0,0.00,0,0,0,0,0,30
Chris Henderson,Estados Unidos,1990,19,Mediocampista,0,0,0,3,0,0.00,0,0,0,0,0,23
Chris Killen,Nueva Zelanda,2010,10,Delantero,3,3,0,0,0,0.00,0,0,0,3,0,22
Chris Mepham,Gales,2022,5,Defensor,3,3,0,0,0,0.00,1,0,0,1,2,30
Chris Morris,Irlanda,1990,2,Defensor,5,5,0,0,0,0.00,1,0,0,4,1,8
Chris Nicholl,Irlanda del Norte,1982,5,Defensor,5,5,0,0,0,0.00,0,0,1,3,1,9
Chris Smalling,Inglaterra,2014,12,Defensor,1,1,0,2,0,0.00,0,0,0,1,0,26
Chris Waddle,Inglaterra,1986,11,Mediocampista,4,2,0,1,0,0.00,0,0,1,1,2,8
Chris Waddle,Inglaterra,1990,8,Mediocampista,7,6,0,0,0,0.00,0,0,3,3,1,4
Chris Wondolowski,Estados Unidos,2014,18,Delantero,2,0,0,2,0,0.00,0,0,0,1,1,15
Chris Wood,Nueva Zelanda,2010,20,Delantero,3,0,0,0,0,0.00,0,0,0,3,0,22
Chris Woods,Inglaterra,1986,13,Arquero,0,0,0,5,0,0.00,0,0,0,0,0,8
Chris Woods,Inglaterra,1990,13,Arquero,0,0,0,7,0,0.00,0,0,0,0,0,4
Christian Abbiati,Italia,2002,12,Arquero,0,0,0,4,0,0.00,0,0,0,0,0,15
Christian Atsu,Ghana,2014,7,Mediocampista,3,3,0,0,0,0.00,0,0,0,1,2,25
Christian Bassogog,Camerún,2022,11,Delantero,1,0,0,2,0,0.00,1,0,0,1,0,19
Christian Bolaños,Costa Rica,2006,7,Mediocampista,2,1,0,1,0,0.00,0,0,0,0,2,31
Christian Bolaños,Costa Rica,2014,7,Mediocampista,5,4,0,0,0,0.00,0,0,2,3,0,8
Christian Bolaños,Costa Rica,2018,7,Mediocampista,2,0,0,1,0,0.00,0,0,0,0,2,29
Christian Cueva,Perú,2018,8,Mediocampista,3,3,0,0,0,0.00,0,0,1,0,2,20
Christian Dailly,Escocia,1998,22,Defensor,3,3,0,0,0,0.00,0,0,0,1,2,27
Christian Dalger,Francia,1978,16,Delantero,1,1,0,2,0,0.00,0,0,0,0,1,12
Christian Dulca,Rumania,1998,3,Defensor,1,1,0,3,0,0.00,0,0,0,1,0,11
Christian Eriksen,Dinamarca,2010,21,Mediocampista,2,0,0,1,0,0.00,0,0,0,0,2,24
Christian Eriksen,Dinamarca,2018,10,Mediocampista,4,4,0,0,1,0.25,0,0,1,3,0,11
Christian Eriksen,Dinamarca,2022,10,Mediocampista,3,3,1,0,0,0.00,0,0,0,1,2,28
Christian Fassnachft,Suiza,2022,16,Mediocampista,1,0,0,3,0,0.00,0,0,1,0,0,12
Christian Günter,Alemania,2022,20,Defensor,0,0,0,3,0,0.00,0,0,0,0,0,17
Christian Karembeu,Francia,1998,19,Mediocampista,4,4,0,3,0,0.00,1,0,3,1,0,1
Christian Keglevits,Austria,1990,15,Delantero,0,0,0,3,0,0.00,0,0,0,0,0,18
Christian Lara,Ecuador,2006,7,Mediocampista,2,0,0,2,0,0.00,0,0,0,0,2,12
Christian Lopez,Francia,1978,6,Defensor,2,2,0,1,1,0.50,0,0,1,0,1,12
Christian Lopez,Francia,1982,6,Defensor,4,1,0,3,0,0.00,0,0,1,1,2,4
Christian Maggio,Italia,2010,2,Defensor,1,0,0,2,0,0.00,0,0,0,0,1,26
Christian Noboa,Ecuador,2014,6,Mediocampista,3,3,0,0,0,0.00,0,0,1,1,1,17
Christian Norgaard,Dinamarca,2022,15,Mediocampista,1,0,0,2,0,0.00,0,0,0,0,1,28
Christian Panucci,Italia,2002,2,Defensor,4,4,0,0,0,0.00,1,0,1,1,2,15
Christian Piot,Bélgica,1970,1,Arquero,3,3,0,0,0,0.00,0,0,1,0,2,10
Christian Poulsen,Dinamarca,2002,17,Mediocampista,3,1,0,1,0,0.00,2,0,2,1,0,10
Christian Poulsen,Dinamarca,2010,2,Mediocampista,3,3,0,0,0,0.00,1,0,1,0,2,24
Christian Pulisic,Estados Unidos,2022,10,Delantero,4,4,0,0,1,0.25,0,0,1,2,1,14
Christian Ramos,Perú,2018,15,Defensor,3,3,0,0,0,0.00,0,0,1,0,2,20
Christian Stuani,Uruguay,2014,11,Delantero,4,1,0,0,0,0.00,0,0,2,0,2,12
Christian Stuani,Uruguay,2018,11,Delantero,2,1,0,3,0,0.00,0,0,1,0,1,5
Christian Vieri,Italia,1998,21,Delantero,5,5,0,0,5,1.00,0,0,3,2,0,5
Christian Vieri,Italia,2002,21,Delantero,4,4,0,0,4,1.00,1,0,1,1,2,15
Christian Wilhelmsson,Suecia,2006,21,Mediocampista,4,2,0,0,0,0.00,0,0,1,2,1,14
Christian Woerns,Alemania,1998,2,Defensor,5,5,0,0,0,0.00,0,1,3,1,1,7
Christian Ziege,Alemania,1998,17,Mediocampista,4,1,0,1,0,0.00,0,0,3,1,0,7
Christian Ziege,Alemania,2002,6,Defensor,5,4,0,2,0,0.00,2,0,3,1,1,2
Christoph Kramer,Alemania,2014,23,Mediocampista,3,1,0,4,0,0.00,0,0,3,0,0,1
Christoph Metzelder,Alemania,2002,21,Defensor,7,7,0,0,0,0.00,0,0,5,1,1,2
Christoph Metzelder,Alemania,2006,21,Defensor,6,6,0,1,0,0.00,2,0,4,1,1,3
Christoph Spycher,Suiza,2006,17,Defensor,1,1,0,3,0,0.00,1,0,1,0,0,10
Christophe Dugarry,Francia,1998,21,Delantero,3,1,0,4,1,0.33,0,0,3,0,0,1
Christophe Dugarry,Francia,2002,21,Delantero,3,1,0,0,0,0.00,1,0,0,1,2,28
Christophe Ohrel,Suiza,1994,8,Mediocampista,4,4,0,0,0,0.00,0,0,1,1,2,15
Christopher Birchall,Trinidad y Tobago,2006,7,Mediocampista,3,3,0,0,0,0.00,0,0,0,1,2,27
Christopher Dawes,Jamaica,1998,3,Mediocampista,2,2,0,1,0,0.00,1,0,1,0,1,22
Christopher Hughton,Irlanda,1990,14,Defensor,0,0,0,5,0,0.00,0,0,0,0,0,8
Christopher Sullivan,Estados Unidos,1990,9,Delantero,2,0,0,1,0,0.00,0,0,0,0,2,23
Christopher Wooh,Camerún,2022,4,Defensor,1,1,0,2,0,0.00,0,0,1,0,0,19
Christos Karkamanis,Grecia,1994,15,Arquero,1,1,0,2,0,0.00,0,0,0,0,1,24
Christos Patsatzoglou,Grecia,2010,3,Defensor,2,0,0,1,0,0.00,0,0,0,0,2,25
Chu Young Park,Corea del Sur,2006,10,Delantero,1,1,0,2,0,0.00,1,0,0,0,1,17
Chu Young Park,Corea del Sur,2010,10,Delantero,4,4,0,0,1,0.25,0,0,1,1,2,15
Chu Young Park,Corea del Sur,2014,10,Delantero,2,2,0,1,0,0.00,0,0,0,1,1,27
Chul Hong,Corea del Sur,2018,14,Defensor,2,1,0,1,0,0.00,0,0,1,0,1,19
Chul Hong,Corea del Sur,2022,14,Defensor,1,0,0,3,0,0.00,0,0,0,0,1,16
Chul Woo Park,Corea del Sur,1994,21,Arquero,0,0,0,3,0,0.00,0,0,0,0,0,20
Chuliang Ou,China,2002,23,Arquero,0,0,0,3,0,0.00,0,0,0,0,0,31
Chun Soo Lee,Corea del Sur,2002,14,Delantero,7,2,0,0,0,0.00,1,0,3,2,2,4
Chun Soo Lee,Corea del Sur,2006,14,Delantero,3,3,0,0,1,0.33,2,0,1,1,1,17
Chung Min Choi,Corea del Sur,1954,8,Delantero,1,1,0,1,0,0.00,0,0,0,0,1,16
Chung Wa Han,Corea del Sur,1954,14,Defensor,1,1,0,1,0,0.00,0,0,0,0,1,16
Chung-yong Lee,Corea del Sur,2010,17,Mediocampista,4,4,0,0,2,0.50,1,0,1,1,2,15
Chung-yong Lee,Corea del Sur,2014,17,Mediocampista,3,3,0,0,0,0.00,0,0,0,1,2,27
Cicinho,Brasil,2006,13,Defensor,2,1,0,3,0,0.00,0,0,1,0,1,5
Cilaurren,España,1934,-,Mediocampista,3,3,0,0,0,0.00,0,0,1,1,1,5
Ciriaco,España,1934,-,Defensor,2,2,0,1,0,0.00,0,0,1,1,0,5
Ciriaco Sforza,Suiza,1994,10,Mediocampista,4,4,0,0,0,0.00,0,0,1,1,2,15
Ciro Ferrara,Italia,1990,5,Defensor,1,1,0,6,0,0.00,0,0,1,0,0,3
Ciro Immobile,Italia,2014,17,Delantero,2,1,0,1,0,0.00,0,0,1,0,1,22
Claes Cronqvist,Suecia,1970,13,Delantero,1,1,0,2,0,0.00,1,0,0,0,1,9
Claes Cronqvist,Suecia,1974,19,Mediocampista,0,0,0,6,0,0.00,0,0,0,0,0,5
Clarence Acuña,Chile,1998,8,Mediocampista,4,4,0,0,0,0.00,1,0,0,3,1,16
Clarence Goodson,Estados Unidos,2010,21,Defensor,0,0,0,4,0,0.00,0,0,0,0,0,12
Clarence Seedorf,Paises Bajos,1998,10,Mediocampista,4,3,0,3,0,0.00,1,0,1,2,1,4
Claude Abbes,Francia,1954,3,Arquero,0,0,0,2,0,0.00,0,0,0,0,0,9
Claude Abbes,Francia,1958,1,Arquero,4,4,0,2,0,0.00,0,0,3,0,1,3
Claude Barthelemy,Haití,1974,18,Delantero,2,0,0,1,0,0.00,0,0,0,0,2,15
Claude Makelele,Francia,2002,7,Mediocampista,1,1,0,2,0,0.00,0,0,0,0,1,28
Claude Makelele,Francia,2006,6,Mediocampista,7,7,0,0,0,0.00,2,0,4,3,0,2
Claude Papi,Francia,1978,12,Mediocampista,1,1,0,2,0,0.00,0,0,1,0,0,12
Claudio Borghi,Argentina,1986,4,Mediocampista,2,2,0,5,0,0.00,0,0,1,1,0,1
Claudio Bravo,Chile,2010,1,Arquero,4,4,4,0,0,0.00,0,0,2,0,2,10
Claudio Bravo,Chile,2014,1,Arquero,4,4,4,0,0,0.00,0,0,2,1,1,9
Claudio Caniggia,Argentina,1990,8,Delantero,6,5,0,1,2,0.33,2,0,2,3,1,2
Claudio Caniggia,Argentina,1994,7,Delantero,3,3,0,1,2,0.67,1,0,2,0,1,10
Claudio Caniggia,Argentina,2002,21,Delantero,0,0,0,3,0,0.00,0,1,0,0,0,18
Claudio Gentile,Italia,1978,5,Defensor,7,7,0,0,0,0.00,1,0,4,1,2,4
Claudio Gentile,Italia,1982,6,Defensor,6,6,0,1,0,0.00,2,0,3,3,0,1
Claudio Husain,Argentina,2002,15,Mediocampista,0,0,0,3,0,0.00,0,0,0,0,0,18
Claudio Jara,Costa Rica,1990,11,Delantero,4,4,0,0,0,0.00,1,0,2,0,2,13
Claudio Lezcano,Paraguay,1958,16,Delantero,0,0,0,3,0,0.00,0,0,0,0,0,12
Claudio Lopez,Argentina,1998,7,Delantero,5,4,0,0,1,0.20,0,0,3,1,1,6
Claudio Lopez,Argentina,2002,7,Delantero,3,2,0,0,0,0.00,0,0,1,1,1,18
Claudio Marchisio,Italia,2010,15,Mediocampista,2,2,0,1,0,0.00,0,0,0,2,0,26
Claudio Marchisio,Italia,2014,8,Mediocampista,3,3,0,0,1,0.33,0,1,1,0,2,22
Claudio Morel,Paraguay,2010,3,Defensor,5,5,0,0,0,0.00,1,0,1,3,1,8
Claudio Reyna,Estados Unidos,1994,19,Mediocampista,0,0,0,4,0,0.00,0,0,0,0,0,14
Claudio Reyna,Estados Unidos,1998,21,Mediocampista,3,3,0,0,0,0.00,1,0,0,0,3,32
Claudio Reyna,Estados Unidos,2002,10,Mediocampista,4,4,4,1,0,0.00,1,0,1,1,2,8
Claudio Reyna,Estados Unidos,2006,10,Mediocampista,3,3,3,0,0,0.00,1,0,0,1,2,25
Claudio Sala,Italia,1978,17,Mediocampista,2,0,0,5,0,0.00,0,0,0,0,2,4
Claudio Suarez,México,1994,2,Defensor,4,4,0,0,0,0.00,2,0,1,2,1,13
Claudio Suarez,México,1998,2,Defensor,4,4,0,0,0,0.00,0,0,1,2,1,13
Claudio Suarez,México,2006,2,Defensor,0,0,0,4,0,0.00,0,0,0,0,0,15
Claus Jensen,Dinamarca,2002,14,Mediocampista,1,0,0,3,0,0.00,0,0,0,0,1,10
Clayton,Túnez,1998,17,Defensor,2,2,0,1,0,0.00,2,0,0,0,2,26
Clayton,Túnez,2002,23,Defensor,1,1,0,2,0,0.00,0,0,0,0,1,29
Clayton Ince,Trinidad y Tobago,2006,22,Arquero,0,0,0,3,0,0.00,0,0,0,0,0,27
Cle Kooiman,Estados Unidos,1994,4,Defensor,1,1,0,3,0,0.00,0,0,0,1,0,14
Clemente Rodriguez,Argentina,2010,3,Defensor,1,1,0,4,0,0.00,0,0,1,0,0,5
Clever Chala,Ecuador,2002,16,Mediocampista,3,3,0,0,0,0.00,2,0,1,0,2,24
Cliff Jones,Gales,1958,11,Delantero,5,5,0,0,0,0.00,0,0,1,3,1,5
Clint Dempsey,Estados Unidos,2006,8,Mediocampista,2,2,0,1,1,0.50,0,0,0,1,1,25
Clint Dempsey,Estados Unidos,2010,8,Mediocampista,4,4,0,0,1,0.25,0,0,1,2,1,12
Clint Dempsey,Estados Unidos,2014,8,Delantero,4,4,4,0,2,0.50,0,0,1,1,2,15
Clint Mathis,Estados Unidos,2002,11,Delantero,3,2,0,2,1,0.33,0,0,0,1,2,8
Clinton Morrison,Irlanda,2002,19,Delantero,0,0,0,4,0,0.00,0,0,0,0,0,12
Clodoaldo,Brasil,1970,5,Mediocampista,6,6,0,0,1,0.17,0,0,6,0,0,1
Cobi Jones,Estados Unidos,1994,13,Mediocampista,4,1,0,0,0,0.00,0,0,1,1,2,14
Cobi Jones,Estados Unidos,1998,13,Mediocampista,3,3,0,0,0,0.00,0,0,0,0,3,32
Cobi Jones,Estados Unidos,2002,13,Mediocampista,4,0,0,1,0,0.00,0,0,2,0,2,8
Cody Gakpo,Paises Bajos,2022,8,Delantero,5,5,0,0,3,0.60,0,0,3,2,0,5
Colin Baker,Gales,1958,15,Mediocampista,1,1,0,4,0,0.00,0,0,0,1,0,5
Colin Bell,Inglaterra,1970,19,Mediocampista,3,1,0,1,0,0.00,0,0,1,0,2,8
Colin Calderwood,Escocia,1998,4,Defensor,2,2,0,1,0,0.00,0,0,0,1,1,27
Colin Clarke,Irlanda del Norte,1986,17,Delantero,3,2,0,0,1,0.33,0,0,0,1,2,21
Colin Curran,Australia,1974,5,Defensor,3,3,0,0,0,0.00,0,0,0,1,2,14
Colin Hendry,Escocia,1998,5,Defensor,3,3,3,0,0,0.00,0,0,0,1,2,27
Colin Mc Donald,Inglaterra,1958,1,Arquero,4,4,0,0,0,0.00,0,0,0,3,1,11
Colin Miller,Canadá,1986,20,Defensor,0,0,0,3,0,0.00,0,0,0,0,0,24
Colin Webster,Gales,1958,19,Delantero,3,3,0,2,0,0.00,0,0,0,2,1,5
Collin Samuel,Trinidad y Tobago,2006,12,Delantero,1,1,0,2,0,0.00,0,0,0,1,0,27
Collins Faï,Camerún,2022,19,Defensor,3,3,0,0,0,0.00,2,0,1,1,1,19
Coloman Braun-Bogdan,Rumania,1938,-,Delantero,0,0,0,2,0,0.00,0,0,0,0,0,9
Coluna,Portugal,1966,10,Mediocampista,6,6,6,0,0,0.00,1,0,5,0,1,3
Comunardo Niccolai,Italia,1970,7,Defensor,1,1,0,5,0,0.00,0,0,1,0,0,2
Conduelo Piriz,Uruguay,1930,-,Mediocampista,0,0,0,4,0,0.00,0,0,0,0,0,1
Connor Coady,Inglaterra,2022,16,Defensor,0,0,0,5,0,0.00,0,0,0,0,0,6
Connor Gallagher,Inglaterra,2022,26,Mediocampista,0,0,0,5,0,0.00,0,0,0,0,0,6
Connor Roberts,Gales,2022,14,Defensor,3,2,0,0,0,0.00,0,0,0,1,2,30
Conny Torstensson,Suecia,1974,8,Delantero,5,4,0,1,1,0.20,0,0,2,1,2,5
Conny Torstensson,Suecia,1978,16,Delantero,1,0,0,2,0,0.00,0,0,0,0,1,13
Constant Djakpa,Costa de Marfil,2014,18,Defensor,1,0,0,2,0,0.00,0,0,1,0,0,21
Constant Huysmans,Bélgica,1954,4,Mediocampista,2,2,0,0,0,0.00,0,0,0,1,1,12
Constantin Galca,Rumania,1994,18,Mediocampista,2,0,0,3,0,0.00,0,0,2,0,0,6
Constantin Galca,Rumania,1998,5,Mediocampista,4,4,0,0,0,0.00,0,0,2,1,1,11
Constantin Stanciu,Rumania,1930,-,Delantero,1,1,0,1,1,1.00,0,0,1,0,0,8
Corentin Tolisso,Francia,2018,12,Mediocampista,5,2,0,2,0,0.00,1,0,5,0,0,1
Corneel Seys,Bélgica,1938,-,Defensor,1,1,0,0,0,0.00,0,0,0,0,1,13
Cornel Dinu,Rumania,1970,5,Defensor,3,3,0,0,0,0.00,0,0,1,0,2,10
Corneliu Papura,Rumania,1994,19,Defensor,2,0,0,3,0,0.00,0,0,2,0,0,6
Corneliu Robe,Rumania,1930,-,Mediocampista,1,1,0,1,0,0.00,0,0,0,0,1,8
Cornell Glen,Trinidad y Tobago,2006,13,Delantero,3,1,0,0,0,0.00,0,0,0,1,2,27
Costant Joacim,Bélgica,1934,-,Defensor,1,1,0,0,0,0.00,0,0,0,0,1,15
Costantino Urbieta Sosa,Argentina,1934,-,Mediocampista,1,1,0,0,0,0.00,0,0,0,0,1,9
Costinha,Portugal,2006,6,Mediocampista,5,4,0,2,0,0.00,2,1,3,0,2,4
Coutinho,Brasil,1962,9,Delantero,0,0,0,6,0,0.00,0,0,0,0,0,1
Craig Burley,Escocia,1998,8,Mediocampista,3,3,0,0,1,0.33,0,1,0,1,2,27
Craig Goodwin,Australia,2022,23,Delantero,4,3,0,0,1,0.25,0,0,2,0,2,11
Craig Levein,Escocia,1990,15,Defensor,1,1,0,2,0,0.00,0,0,1,0,0,18
Craig Moore,Australia,2006,3,Defensor,4,4,0,0,1,0.25,1,0,1,1,2,16
Craig Moore,Australia,2010,3,Defensor,2,2,0,1,0,0.00,2,0,0,1,1,21
Crescencio Gutierrez,México,1958,10,Delantero,1,1,0,2,0,0.00,0,0,0,0,1,16
Cris,Brasil,2006,15,Defensor,0,0,0,5,0,0.00,0,0,0,0,0,5
Crisanto Bosch,España,1934,-,Delantero,1,1,0,2,0,0.00,0,0,0,0,1,5
Cristian Ansaldi,Argentina,2018,4,Defensor,0,0,0,4,0,0.00,0,0,0,0,0,16
Cristian Benitez,Ecuador,2006,23,Delantero,1,0,0,3,0,0.00,0,0,0,0,1,12
Cristian Castaneda,Chile,1998,2,Defensor,1,0,0,3,0,0.00,0,0,0,1,0,16
Cristian Gamboa,Costa Rica,2014,16,Defensor,5,5,0,0,0,0.00,0,0,2,3,0,8
Cristian Gamboa,Costa Rica,2018,16,Defensor,3,3,0,0,0,0.00,1,0,0,1,2,29
Cristian Gonzalez,Argentina,2002,18,Delantero,3,1,0,0,0,0.00,1,0,1,1,1,18
Cristian Mora,Ecuador,2006,12,Arquero,4,4,0,0,0,0.00,1,0,2,0,2,12
Cristian Pavón,Argentina,2018,22,Mediocampista,4,1,0,0,0,0.00,0,0,1,1,2,16
Cristian Riveros,Paraguay,2006,16,Mediocampista,2,2,0,1,0,0.00,0,0,0,0,2,18
Cristian Riveros,Paraguay,2010,16,Mediocampista,5,5,0,0,1,0.20,1,0,1,3,1,8
Cristian Rodríguez,Uruguay,2014,7,Mediocampista,4,4,0,0,0,0.00,0,0,2,0,2,12
Cristian Rodríguez,Uruguay,2018,7,Mediocampista,5,1,0,0,0,0.00,1,0,4,0,1,5
Cristian Roldan,Estados Unidos,2022,17,Mediocampista,0,0,0,4,0,0.00,0,0,0,0,0,14
Cristian Romero,Argentina,2022,13,Defensor,7,6,0,0,0,0.00,2,0,4,2,1,1
Cristian Zaccardo,Italia,2006,2,Defensor,3,2,0,4,0,0.00,0,0,2,1,0,1
Cristian Zapata,Colombia,2014,2,Defensor,4,4,0,1,0,0.00,0,0,3,0,1,5
Cristian Zapata,Colombia,2018,2,Defensor,1,0,0,3,0,0.00,0,0,0,1,0,9
Cristiano Doni,Italia,2002,11,Mediocampista,2,2,0,2,0,0.00,0,0,1,0,1,15
Cristiano Ronaldo,Portugal,2006,17,Delantero,6,6,0,1,1,0.17,1,0,3,1,2,4
Cristiano Ronaldo,Portugal,2010,7,Delantero,4,4,4,0,1,0.25,1,0,1,2,1,11
Cristiano Ronaldo,Portugal,2014,7,Delantero,3,3,3,0,1,0.33,0,0,1,1,1,18
Cristiano Ronaldo,Portugal,2018,7,Delantero,4,4,4,0,4,1.00,2,0,1,2,1,13
Cristiano Ronaldo,Portugal,2022,7,Delantero,5,3,3,0,1,0.20,0,0,3,0,2,8
Cristiano Zanetti,Italia,2002,6,Mediocampista,3,3,0,1,0,0.00,1,0,0,1,2,15
Cristobal Ortega,México,1978,10,Delantero,1,1,0,2,0,0.00,0,0,0,0,1,16
Cristobal Ortega,México,1986,21,Mediocampista,0,0,0,5,0,0.00,0,0,0,0,0,6
Cristopher Toselli,Chile,2014,12,Arquero,0,0,0,4,0,0.00,0,0,0,0,0,9
Cruz,Portugal,1966,14,Defensor,0,0,0,6,0,0.00,0,0,0,0,0,3
Cuauhtemoc Blanco,México,1998,11,Delantero,4,4,0,0,1,0.25,2,0,1,2,1,13
Cuauhtemoc Blanco,México,2002,10,Delantero,4,4,0,0,1,0.25,1,0,2,1,1,11
Cuauhtemoc Blanco,México,2010,10,Delantero,3,1,1,1,1,0.33,0,0,1,1,1,14
Curro Torres,España,2002,2,Defensor,1,1,0,4,0,0.00,0,0,1,0,0,5
Curt Bergsten,Suecia,1938,-,Delantero,0,0,0,3,0,0.00,0,0,0,0,0,4
Custodio Pinto,Portugal,1966,19,Mediocampista,0,0,0,6,0,0.00,0,0,0,0,0,3
Cyd Gray,Trinidad y Tobago,2006,8,Defensor,2,2,0,1,0,0.00,1,0,0,1,1,27
Cyle Larin,Canadá,2022,17,Delantero,3,2,0,0,0,0.00,0,0,0,0,3,31
Cyril Nzama,Sudáfrica,2002,2,Defensor,3,3,0,0,0,0.00,1,0,1,1,1,17
Cyrille Domoraud,Costa de Marfil,2006,17,Defensor,1,1,1,2,0,0.00,0,1,1,0,0,19
Cyrille Makanaky,Camerún,1990,20,Delantero,5,5,0,0,0,0.00,0,0,3,0,2,7
Czeslaw Povolny,Francia,1938,-,Defensor,0,0,0,2,0,0.00,0,0,0,0,0,8
Daaf Drok,Paises Bajos,1938,-,Delantero,0,0,0,1,0,0.00,0,0,0,0,0,14
Dado Prso,Croacia,2006,9,Delantero,3,3,0,0,0,0.00,0,0,0,2,1,22
Dae Shik Choi,Corea del Sur,1994,14,Mediocampista,0,0,0,3,0,0.00,0,0,0,0,0,20
Dae-Sung Ha,Corea del Sur,2014,8,Mediocampista,0,0,0,3,0,0.00,0,0,0,0,0,27
Dagoberto Fontes,Uruguay,1970,15,Delantero,4,3,0,2,0,0.00,2,0,1,0,3,4
Daichi Kamada,Japón,2022,15,Mediocampista,4,4,0,0,0,0.00,0,0,2,1,1,9
Daiki Iwamasa,Japón,2010,13,Defensor,0,0,0,4,0,0.00,0,0,0,0,0,9
Daisuke Ichikawa,Japón,2002,22,Mediocampista,3,1,0,1,0,0.00,0,0,1,1,1,9
Daisuke Matsui,Japón,2010,8,Mediocampista,4,4,0,0,0,0.00,1,0,2,1,1,9
Daizen Maeda,Japón,2022,25,Delantero,3,3,0,1,1,0.33,0,0,2,1,0,9
Dale Mitchell,Canadá,1986,14,Delantero,1,1,0,2,0,0.00,0,0,0,0,1,24
Daler Kuzyayev,Rusia,2018,7,Mediocampista,5,2,0,0,0,0.00,0,0,2,2,1,8
Daley Blind,Paises Bajos,2014,5,Defensor,7,7,0,0,1,0.14,1,0,5,2,0,3
Daley Blind,Paises Bajos,2022,17,Defensor,5,5,0,0,1,0.20,0,0,3,2,0,5
Dalibor Stevanovic,Eslovenia,2010,21,Mediocampista,0,0,0,3,0,0.00,0,0,0,0,0,18
DaMarcus Beasley,Estados Unidos,2002,17,Mediocampista,3,2,0,2,0,0.00,1,0,1,1,1,8
DaMarcus Beasley,Estados Unidos,2006,17,Mediocampista,3,2,0,0,0,0.00,0,0,0,1,2,25
DaMarcus Beasley,Estados Unidos,2010,7,Mediocampista,1,0,0,3,0,0.00,1,0,1,0,0,12
DaMarcus Beasley,Estados Unidos,2014,7,Defensor,4,4,0,0,0,0.00,0,0,1,1,2,15
Damas,Portugal,1986,22,Arquero,2,2,0,1,0,0.00,0,0,0,0,2,17
Damian Lanza,Ecuador,2006,22,Arquero,0,0,0,4,0,0.00,0,0,0,0,0,12
Damian Szymanski,Polonia,2022,8,Mediocampista,1,0,0,3,0,0.00,0,0,0,0,1,15
Damiano Tommasi,Italia,2002,17,Mediocampista,4,4,0,0,0,0.00,1,0,1,1,2,15
Damien Duff,Irlanda,2002,9,Delantero,4,4,0,0,1,0.25,0,0,1,3,0,12
Dan Coe,Rumania,1970,6,Defensor,0,0,0,3,0,0.00,0,0,0,0,0,10
Dan Eggen,Noruega,1994,17,Defensor,0,0,0,3,0,0.00,0,0,0,0,0,17
Dan Eggen,Noruega,1998,15,Defensor,4,4,0,0,1,0.25,0,0,1,2,1,15
Dan James,Gales,2022,20,Delantero,3,2,0,0,0,0.00,1,0,0,1,2,30
Dan Petrescu,Rumania,1994,2,Defensor,5,5,0,0,1,0.20,1,0,3,1,1,6
Dan Petrescu,Rumania,1998,2,Defensor,4,4,0,0,1,0.25,2,0,2,1,1,11
Dani,España,1978,7,Delantero,1,1,0,2,1,1.00,0,0,0,0,1,10
Dani Alves,Brasil,2010,13,Defensor,5,3,0,0,0,0.00,0,0,3,1,1,6
Dani Alves,Brasil,2014,2,Defensor,4,4,0,3,0,0.00,1,0,2,2,0,4
Dani Alves,Brasil,2022,13,Defensor,2,1,1,3,0,0.00,0,0,1,0,1,7
Dani Carvajal,España,2018,2,Defensor,3,2,0,1,0,0.00,0,0,1,2,0,10
Dani Carvajal,España,2022,20,Defensor,2,1,0,2,0,0.00,0,0,0,1,1,13
Dani Olmo,España,2022,21,Delantero,4,4,0,0,1,0.25,0,0,1,2,1,13
Dani Shmulevich-Rom,Israel,1970,14,Delantero,2,1,0,1,0,0.00,0,0,0,1,1,12
Daniel Afriyie,Ghana,2022,13,Mediocampista,0,0,0,3,0,0.00,0,0,0,0,0,24
Daniel Agger,Dinamarca,2010,4,Defensor,3,3,0,0,0,0.00,0,0,1,0,2,24
Daniel Agyei,Ghana,2010,1,Arquero,0,0,0,5,0,0.00,0,0,0,0,0,7
Daniel Akpeyi,Nigeria,2018,16,Arquero,0,0,0,3,0,0.00,0,0,0,0,0,21
Daniel Amartey,Ghana,2022,18,Defensor,3,3,0,0,0,0.00,1,0,1,0,2,24
Daniel Amokachi,Nigeria,1994,14,Delantero,4,4,0,0,2,0.50,0,0,2,0,2,9
Daniel Amokachi,Nigeria,1998,14,Delantero,1,1,0,3,0,0.00,0,0,1,0,0,12
Daniel Andersson,Suecia,2002,20,Mediocampista,0,0,0,4,0,0.00,0,0,0,0,0,13
Daniel Andersson,Suecia,2006,19,Mediocampista,1,0,0,3,0,0.00,0,0,0,1,0,14
Daniel Arzani,Australia,2018,17,Delantero,3,0,0,0,0,0.00,1,0,0,1,2,30
Daniel Bertoni,Argentina,1978,4,Delantero,6,5,0,1,2,0.33,0,0,4,1,1,1
Daniel Bertoni,Argentina,1982,4,Delantero,5,5,0,0,2,0.40,1,0,2,0,3,11
Daniel Borimirov,Bulgaria,1994,11,Mediocampista,4,2,0,3,1,0.25,1,0,2,1,1,4
Daniel Borimirov,Bulgaria,1998,18,Mediocampista,3,1,0,0,0,0.00,0,0,0,1,2,29
Daniel Cambronero,Costa Rica,2014,23,Arquero,0,0,0,5,0,0.00,0,0,0,0,0,8
Daniel Carnevali,Argentina,1974,1,Arquero,5,5,0,1,0,0.00,0,0,1,1,3,8
Daniel Chacón,Costa Rica,2022,2,Mediocampista,1,0,0,2,0,0.00,0,0,1,0,0,27
Daniel Colindres,Costa Rica,2018,9,Mediocampista,2,1,0,1,0,0.00,0,0,0,1,1,29
Daniel Davari,Irán,2014,22,Arquero,0,0,0,3,0,0.00,0,0,0,0,0,28
Daniel Fernandes,Portugal,2010,22,Arquero,0,0,0,4,0,0.00,0,0,0,0,0,11
Daniel Fonseca,Uruguay,1990,19,Delantero,2,1,0,2,1,0.50,0,0,1,0,1,16
Daniel Gygax,Suiza,2006,10,Delantero,2,1,0,2,0,0.00,0,0,1,1,0,10
Daniel Jensen,Dinamarca,2010,7,Mediocampista,1,0,0,2,0,0.00,0,0,1,0,0,24
Daniel Killer,Argentina,1978,11,Defensor,0,0,0,7,0,0.00,0,0,0,0,0,1
Daniel-Kofi Kyereh,Ghana,2022,8,Mediocampista,3,0,0,0,0,0.00,0,0,1,0,2,24
Daniel Kome,Camerún,2002,23,Mediocampista,2,1,0,1,0,0.00,0,0,1,0,1,20
Daniel Opare,Ghana,2014,4,Defensor,1,1,0,2,0,0.00,0,0,0,0,1,25
Daniel Passarella,Argentina,1978,19,Defensor,7,7,7,0,1,0.14,1,0,5,1,1,1
Daniel Passarella,Argentina,1982,15,Defensor,5,5,5,0,2,0.40,1,0,2,0,3,11
Daniel Passarella,Argentina,1986,6,Defensor,0,0,0,7,0,0.00,0,0,0,0,0,1
Daniel Prodan,Rumania,1994,3,Defensor,5,5,0,0,0,0.00,0,0,3,1,1,6
Daniel Quaye,Ghana,2006,17,Defensor,0,0,0,4,0,0.00,0,0,0,0,0,13
Daniel Sanabria,Paraguay,2002,19,Defensor,0,0,0,4,0,0.00,0,0,0,0,0,16
Daniel Saric,Croacia,2002,15,Defensor,3,2,0,0,0,0.00,0,0,1,0,2,23
Daniel Schmid,Japón,2022,23,Arquero,0,0,0,4,0,0.00,0,0,0,0,0,9
Daniel Sturridge,Inglaterra,2014,9,Delantero,3,3,0,0,1,0.33,0,0,0,1,2,26
Daniel Timofte,Rumania,1990,16,Delantero,3,2,0,1,0,0.00,0,0,1,1,1,12
Daniel Vallejos,Costa Rica,2002,13,Mediocampista,0,0,0,3,0,0.00,0,0,0,0,0,19
Daniel van Buyten,Bélgica,2002,16,Defensor,4,4,0,0,0,0.00,1,0,1,2,1,14
Daniel van Buyten,Bélgica,2014,15,Defensor,5,5,0,0,0,0.00,0,0,4,0,1,6
Daniel Veyt,Bélgica,1986,18,Delantero,5,5,0,2,1,0.20,1,0,1,2,2,4
Daniel Viteri,Ecuador,2002,22,Arquero,0,0,0,3,0,0.00,0,0,0,0,0,24
Daniel Wass,Dinamarca,2022,18,Defensor,0,0,0,3,0,0.00,0,0,0,0,0,28
Daniel Xuereb,Francia,1986,20,Delantero,1,0,0,6,0,0.00,0,0,0,0,1,3
Daniel Yeboah,Costa de Marfil,2010,23,Arquero,0,0,0,3,0,0.00,0,0,0,0,0,17
Daniele De Rossi,Italia,2006,4,Mediocampista,3,2,0,4,0,0.00,1,1,1,2,0,1
Daniele De Rossi,Italia,2010,6,Mediocampista,3,3,0,0,1,0.33,0,0,0,2,1,26
Daniele De Rossi,Italia,2014,16,Mediocampista,2,2,0,1,0,0.00,0,0,1,0,1,22
Daniele Massaro,Italia,1982,17,Mediocampista,0,0,0,7,0,0.00,0,0,0,0,0,1
Daniele Massaro,Italia,1994,19,Delantero,6,3,0,1,1,0.17,1,0,3,2,1,2
Danijel Ljuboja,Serbia y Montenegro,2006,21,Delantero,2,0,0,1,0,0.00,0,0,0,0,2,32
Danijel Pranjic,Croacia,2014,3,Defensor,2,2,0,1,0,0.00,0,0,1,0,1,19
Danijel Subasic,Croacia,2014,23,Arquero,0,0,0,3,0,0.00,0,0,0,0,0,19
Danijel Subasic,Croacia,2018,23,Arquero,6,6,0,1,0,0.00,0,0,3,2,1,2
Danilo,Brasil,2018,14,Defensor,1,1,0,4,0,0.00,0,0,0,1,0,6
Danilo,Brasil,2022,2,Defensor,3,3,0,2,0,0.00,1,0,2,1,0,7
Danilo Aceval,Paraguay,1998,12,Arquero,0,0,0,4,0,0.00,0,0,0,0,0,14
Danilo Alvim,Brasil,1950,-,Mediocampista,5,5,0,1,0,0.00,0,0,4,0,1,2
Danilo Pereira,Portugal,2022,13,Defensor,1,1,0,4,0,0.00,1,0,1,0,0,8
Danilo Popivoda,Yugoslavia,1974,17,Delantero,1,1,0,5,0,0.00,0,0,0,0,1,7
Danilo Turcios,Honduras,2010,19,Mediocampista,2,1,0,1,0,0.00,1,0,0,1,1,30
Danko Lazovic,Serbia,2010,8,Delantero,3,0,0,0,0,0.00,0,0,1,0,2,23
Danny,Portugal,2010,10,Delantero,3,2,0,1,0,0.00,0,0,0,2,1,11
Danny Blanchflower,Irlanda del Norte,1958,4,Mediocampista,5,5,5,0,0,0.00,0,0,2,1,2,7
Danny Blind,Paises Bajos,1990,21,Defensor,0,0,0,4,0,0.00,0,0,0,0,0,15
Danny Blind,Paises Bajos,1994,15,Defensor,0,0,0,5,0,0.00,0,0,0,0,0,7
Danny Boffin,Bélgica,1994,16,Mediocampista,3,2,0,1,0,0.00,0,0,1,0,2,11
Danny Boffin,Bélgica,1998,21,Mediocampista,2,2,0,1,0,0.00,0,0,0,2,0,19
Danny Boffin,Bélgica,2002,21,Mediocampista,0,0,0,4,0,0.00,0,0,0,0,0,14
Danny Fonseca,Costa Rica,2006,6,Mediocampista,2,2,0,1,0,0.00,1,0,0,0,2,31
Danny Mcgrain,Escocia,1974,3,Defensor,3,3,0,0,0,0.00,0,0,1,2,0,9
Danny Mcgrain,Escocia,1982,2,Defensor,2,1,1,1,0,0.00,0,0,1,1,0,15
Danny Mills,Inglaterra,2002,2,Defensor,5,5,0,0,0,0.00,1,0,2,2,1,6
Danny Rose,Inglaterra,2018,3,Defensor,5,2,0,2,0,0.00,0,0,1,1,3,4
Danny Shittu,Nigeria,2010,6,Defensor,3,3,0,0,0,0.00,0,0,0,1,2,27
Danny Vukovic,Australia,2018,18,Arquero,0,0,0,3,0,0.00,0,0,0,0,0,30
Danny Vukovic,Australia,2022,18,Arquero,0,0,0,4,0,0.00,0,0,0,0,0,11
Danny Ward,Gales,2022,12,Arquero,2,1,0,1,0,0.00,0,0,0,0,2,30
Danny Welbeck,Inglaterra,2014,11,Delantero,2,2,0,1,0,0.00,0,0,0,0,2,26
Danny Welbeck,Inglaterra,2018,14,Delantero,1,0,0,6,0,0.00,0,0,0,0,1,4
Dante,Brasil,2014,13,Defensor,1,1,0,6,0,0.00,1,0,0,0,1,4
Dante Lopez,Paraguay,2006,20,Delantero,1,0,0,2,0,0.00,0,0,0,0,1,18
Danut Lupu,Rumania,1990,11,Mediocampista,2,0,0,2,0,0.00,1,0,0,2,0,12
Dany Nounkeu,Camerún,2014,5,Defensor,2,0,0,1,0,0.00,1,0,0,0,2,32
Dany Verlinden,Bélgica,1994,20,Arquero,0,0,0,4,0,0.00,0,0,0,0,0,11
Dany Verlinden,Bélgica,1998,13,Arquero,0,0,0,3,0,0.00,0,0,0,0,0,19
Dare Nibombe,Togo,2006,2,Defensor,3,3,0,0,0,0.00,0,0,0,0,3,30
Darijo Srna,Croacia,2006,2,Mediocampista,3,3,0,0,1,0.33,1,0,0,2,1,22
Darijo Srna,Croacia,2014,11,Defensor,3,3,3,0,0,0.00,0,0,1,0,2,19
Dario,Brasil,1970,20,Delantero,0,0,0,6,0,0.00,0,0,0,0,0,1
Dario Jara Saguier,Paraguay,1950,-,Delantero,2,2,0,0,0,0.00,0,0,0,1,1,11
Dario Rodriguez,Uruguay,2002,6,Defensor,3,3,0,0,1,0.33,1,0,0,2,1,26
Dario Rojas,Bolivia,1994,12,Arquero,0,0,0,3,0,0.00,0,0,0,0,0,21
Dario Segovia,Paraguay,1958,14,Defensor,0,0,0,3,0,0.00,0,0,0,0,0,12
Dario Silva,Uruguay,2002,9,Delantero,3,3,0,0,0,0.00,1,0,0,2,1,26
Dario Simic,Croacia,1998,20,Defensor,6,6,0,1,0,0.00,3,0,4,0,2,3
Dario Simic,Croacia,2002,20,Defensor,2,1,0,1,0,0.00,0,0,1,0,1,23
Dario Simic,Croacia,2006,7,Defensor,3,3,0,0,0,0.00,0,1,0,2,1,22
Dario Veron,Paraguay,2010,2,Defensor,1,1,0,4,0,0.00,0,0,0,0,1,8
Dario Vidosic,Australia,2010,22,Mediocampista,0,0,0,3,0,0.00,0,0,0,0,0,21
Dario Vidosic,Australia,2014,20,Mediocampista,0,0,0,3,0,0.00,0,0,0,0,0,30
Darius Vassell,Inglaterra,2002,20,Delantero,3,1,0,2,0,0.00,0,0,0,2,1,6
Dariusz Dudka,Polonia,2006,17,Defensor,1,0,0,2,0,0.00,0,0,0,0,1,21
Dariusz Dziekanowski,Polonia,1986,21,Mediocampista,4,4,0,0,0,0.00,2,0,1,1,2,14
Dariusz Kubicki,Polonia,1986,14,Defensor,1,1,0,3,0,0.00,0,0,0,1,0,14
Darko Kovacevic,RF de Yugoslavia,1998,22,Delantero,2,1,0,2,0,0.00,0,0,1,1,0,10
Darko Lazovic,Serbia,2022,22,Mediocampista,1,0,0,2,0,0.00,0,0,0,0,1,29
Darko Pancev,Yugoslavia,1990,9,Delantero,3,2,0,2,2,0.67,1,0,3,0,0,5
Darren Anderton,Inglaterra,1998,14,Mediocampista,4,4,0,0,1,0.25,0,0,2,1,1,9
Darren Jackson,Escocia,1998,10,Delantero,2,2,0,1,0,0.00,2,0,0,1,1,27
Darryl Powell,Jamaica,1998,20,Mediocampista,2,1,0,1,0,0.00,0,1,0,0,2,22
Darwin Núñez,Uruguay,2022,11,Delantero,3,3,0,0,0,0.00,1,0,1,1,1,20
Daryl Janmaat,Paises Bajos,2014,7,Defensor,5,3,0,2,0,0.00,0,0,4,1,0,3
Dave Beasant,Inglaterra,1990,22,Arquero,0,0,0,7,0,0.00,0,0,0,0,0,4
Dave Bowen,Gales,1958,6,Mediocampista,5,5,5,0,0,0.00,0,0,1,3,1,5
Dave Bright,Nueva Zelanda,1982,5,Defensor,0,0,0,3,0,0.00,0,0,0,0,0,23
Dave Harding,Australia,1974,17,Mediocampista,0,0,0,3,0,0.00,0,0,0,0,0,14
Dave Mackay,Escocia,1958,11,Mediocampista,1,1,0,2,0,0.00,0,0,0,0,1,14
Dave Mulligan,Nueva Zelanda,2010,17,Mediocampista,0,0,0,3,0,0.00,0,0,0,0,0,22
David Acevedo,Argentina,1958,15,Defensor,0,0,0,3,0,0.00,0,0,0,0,0,13
David Albelda,España,2002,14,Mediocampista,2,1,0,3,0,0.00,0,0,1,1,0,5
David Albelda,España,2006,6,Mediocampista,2,1,0,2,0,0.00,1,0,2,0,0,9
David Batty,Inglaterra,1998,8,Mediocampista,4,2,0,0,0,0.00,0,0,2,1,1,9
David Beckham,Inglaterra,1998,7,Mediocampista,3,2,0,1,1,0.33,0,1,1,1,1,9
David Beckham,Inglaterra,2002,7,Mediocampista,5,5,5,0,1,0.20,0,0,2,2,1,6
David Beckham,Inglaterra,2006,7,Mediocampista,5,5,5,0,1,0.20,0,0,3,2,0,7
David Bueso,Honduras,1982,11,Mediocampista,0,0,0,3,0,0.00,0,0,0,0,0,18
David Cabrera,El Salvador,1970,15,Delantero,0,0,0,3,0,0.00,0,0,0,0,0,16
David Campbell,Irlanda del Norte,1986,21,Mediocampista,1,1,0,2,0,0.00,0,0,0,0,1,21
David Carney,Australia,2010,21,Defensor,2,2,0,1,0,0.00,0,0,1,1,0,21
David Connolly,Irlanda,2002,13,Delantero,1,0,0,3,0,0.00,0,0,0,1,0,12
David Cooper,Escocia,1986,21,Delantero,2,0,0,1,0,0.00,0,0,0,1,1,19
David de Gea,España,2014,12,Arquero,0,0,0,3,0,0.00,0,0,0,0,0,23
David de Gea,España,2018,1,Arquero,4,4,0,0,0,0.00,0,0,1,3,0,10
David Degen,Suiza,2006,14,Delantero,0,0,0,4,0,0.00,0,0,0,0,0,10
David Embe,Camerún,1994,19,Delantero,3,3,0,0,1,0.33,0,0,0,1,2,22
David Guzmán,Costa Rica,2018,20,Mediocampista,3,3,0,0,0,0.00,1,0,0,1,2,29
David Harvey,Escocia,1974,1,Arquero,3,3,0,0,0,0.00,0,0,1,2,0,9
David James,Inglaterra,2002,22,Arquero,0,0,0,5,0,0.00,0,0,0,0,0,6
David James,Inglaterra,2006,13,Arquero,0,0,0,5,0,0.00,0,0,0,0,0,7
David James,Inglaterra,2010,1,Arquero,3,3,0,1,0,0.00,0,0,1,1,1,13
David Jarolim,República Checa,2006,14,Mediocampista,1,0,0,2,0,0.00,0,0,0,0,1,20
David Jemmali,Túnez,2006,18,Defensor,1,1,0,2,0,0.00,0,0,0,1,0,24
David Karako,Israel,1970,20,Defensor,0,0,0,3,0,0.00,0,0,0,0,0,12
David Kelly,Irlanda,1990,19,Delantero,0,0,0,5,0,0.00,0,0,0,0,0,8
David Kelly,Irlanda,1994,20,Delantero,1,0,0,3,0,0.00,0,0,0,1,0,16
David Luiz,Brasil,2014,4,Defensor,7,7,1,0,2,0.29,0,0,3,2,2,4
David Mccreery,Irlanda del Norte,1982,4,Mediocampista,5,5,0,0,0,0.00,0,0,1,3,1,9
David Mccreery,Irlanda del Norte,1986,6,Mediocampista,3,3,0,0,0,0.00,0,0,0,1,2,21
David Mcpherson,Escocia,1990,19,Defensor,3,3,0,0,0,0.00,1,0,1,0,2,18
David Myrie,Costa Rica,2014,8,Defensor,1,0,0,4,0,0.00,0,0,0,1,0,8
David Narey,Escocia,1982,14,Defensor,3,2,0,0,1,0.33,0,0,1,1,1,15
David Narey,Escocia,1986,14,Defensor,2,2,0,1,0,0.00,1,0,0,1,1,19
David Norman,Canadá,1986,17,Mediocampista,3,3,0,0,0,0.00,0,0,0,0,3,24
David Nyathi,Sudáfrica,1998,3,Defensor,3,3,0,0,0,0.00,1,0,0,2,1,24
David Odonkor,Alemania,2006,22,Mediocampista,4,0,0,3,0,0.00,2,0,2,1,1,3
David O'Leary,Irlanda,1990,12,Defensor,1,0,0,4,0,0.00,0,0,0,1,0,8
David Ospina,Colombia,2014,1,Arquero,5,5,1,0,0,0.00,0,0,4,0,1,5
David Ospina,Colombia,2018,1,Arquero,4,4,0,0,0,0.00,0,0,2,1,1,9
David Platt,Inglaterra,1990,17,Mediocampista,6,3,0,1,3,0.50,0,0,3,2,1,4
David Primo,Israel,1970,4,Defensor,3,3,0,0,0,0.00,2,0,0,2,1,12
David Provan,Escocia,1982,20,Delantero,0,0,0,3,0,0.00,0,0,0,0,0,15
David Raum,Alemania,2022,3,Defensor,3,3,0,0,0,0.00,0,0,1,1,1,17
David Raya,España,2022,13,Arquero,0,0,0,4,0,0.00,0,0,0,0,0,13
David Regis,Estados Unidos,1998,6,Defensor,3,3,0,0,0,0.00,1,0,0,0,3,32
David Regis,Estados Unidos,2002,6,Defensor,0,0,0,5,0,0.00,0,0,0,0,0,8
David Rozehnal,República Checa,2006,22,Defensor,3,3,0,0,0,0.00,1,0,1,0,2,20
David Seaman,Inglaterra,1998,1,Arquero,4,4,0,0,0,0.00,1,0,2,1,1,9
David Seaman,Inglaterra,2002,1,Arquero,5,5,0,0,0,0.00,0,0,2,2,1,6
David Silva,España,2010,21,Mediocampista,2,1,0,5,0,0.00,0,0,1,0,1,1
David Silva,España,2014,21,Mediocampista,3,2,0,0,0,0.00,0,0,1,0,2,23
David Silva,España,2018,21,Delantero,4,4,0,0,0,0.00,0,0,1,3,0,10
David Suazo,Honduras,2010,11,Delantero,2,2,0,1,0,0.00,1,0,0,1,1,30
David Trezeguet,Francia,1998,20,Delantero,6,2,0,1,1,0.17,0,0,5,1,0,1
David Trezeguet,Francia,2002,20,Delantero,3,3,0,0,0,0.00,0,0,0,1,2,28
David Trezeguet,Francia,2006,20,Delantero,3,1,0,4,0,0.00,0,0,1,2,0,2
David Vanole,Estados Unidos,1990,22,Arquero,0,0,0,3,0,0.00,0,0,0,0,0,23
David Villa,España,2006,21,Delantero,4,3,0,0,3,0.75,0,0,3,0,1,9
David Villa,España,2010,7,Delantero,7,7,0,0,5,0.71,0,0,6,0,1,1
David Villa,España,2014,7,Delantero,1,1,0,2,1,1.00,0,0,1,0,0,23
David Weir,Escocia,1998,16,Defensor,2,1,0,1,0,0.00,0,0,0,1,1,27
David Wotherspoon,Canadá,2022,24,Mediocampista,1,0,0,2,0,0.00,0,0,0,0,1,31
Davie Hay,Escocia,1974,10,Mediocampista,3,3,0,0,0,0.00,1,0,1,2,0,9
Davie Mathers,Escocia,1954,17,Mediocampista,0,0,0,2,0,0.00,0,0,0,0,0,15
Dávinson Sánchez,Colombia,2018,23,Defensor,4,4,0,0,0,0.00,0,0,2,1,1,9
Davor Jozic,Yugoslavia,1990,6,Defensor,5,5,0,0,2,0.40,0,0,3,1,1,5
Davor Suker,Yugoslavia,1990,20,Delantero,0,0,0,5,0,0.00,0,0,0,0,0,5
Davor Suker,Yugoslavia,1998,9,Delantero,7,7,1,0,6,0.86,1,0,5,0,2,3
Davor Suker,Yugoslavia,2002,9,Delantero,1,1,1,2,0,0.00,0,0,0,0,1,23
Davor Vugrinec,Croacia,2002,7,Mediocampista,2,1,0,1,0,0.00,0,0,1,0,1,23
Davy Klaassen,Paises Bajos,2022,14,Mediocampista,4,3,0,1,1,0.25,0,0,3,1,0,5
Dawid Kownacki,Polonia,2018,23,Delantero,2,1,0,1,0,0.00,0,0,0,0,2,25
Dayne St. Clair,Canadá,2022,1,Arquero,0,0,0,3,0,0.00,0,0,0,0,0,31
Dayot Upamecano,Francia,2022,18,Defensor,5,5,0,2,0,0.00,0,0,4,1,0,2
De Pedro,España,2002,11,Mediocampista,4,4,0,1,0,0.00,1,0,2,2,0,5
De Sordi,Brasil,1958,14,Defensor,5,5,0,1,0,0.00,0,0,4,1,0,1
Dean Kiely,Irlanda,2002,16,Arquero,0,0,0,4,0,0.00,0,0,0,0,0,12
Dean Sewell,Jamaica,1998,12,Defensor,0,0,0,3,0,0.00,0,0,0,0,0,22
DeAndre Yedlin,Estados Unidos,2014,2,Defensor,3,0,0,1,0,0.00,0,0,0,1,2,15
DeAndre Yedlin,Estados Unidos,2022,22,Defensor,2,0,0,2,0,0.00,0,0,0,1,1,14
Declan Rice,Inglaterra,2022,4,Mediocampista,5,5,0,0,0,0.00,0,0,3,1,1,6
Deco,Portugal,2006,20,Mediocampista,4,4,0,3,1,0.25,1,1,2,0,2,4
Deco,Portugal,2010,20,Mediocampista,1,1,0,3,0,0.00,0,0,0,1,0,11
Dedryck Boyata,Bélgica,2018,20,Defensor,3,3,0,4,0,0.00,0,0,3,0,0,3
Dejan Govedarica,RF de Yugoslavia,1998,18,Mediocampista,1,0,0,3,0,0.00,0,0,0,1,0,10
Dejan Lovren,Croacia,2014,6,Defensor,3,3,0,0,0,0.00,1,0,1,0,2,19
Dejan Lovren,Croacia,2018,6,Defensor,7,6,0,0,0,0.00,1,0,4,2,1,2
Dejan Lovren,Croacia,2022,6,Defensor,6,6,0,1,0,0.00,1,0,1,4,1,3
Dejan Nemec,Eslovenia,2002,22,Arquero,0,0,0,3,0,0.00,0,0,0,0,0,30
Dejan Savicevic,Yugoslavia,1990,19,Delantero,3,1,0,2,0,0.00,0,0,1,1,1,5
Dejan Savicevic,Yugoslavia,1998,8,Mediocampista,2,0,0,2,0,0.00,0,0,1,0,1,10
Dejan Stankovic,RF de Yugoslavia,1998,20,Mediocampista,3,2,0,1,0,0.00,1,0,2,1,0,10
Dejan Stankovic,RF de Yugoslavia,2006,10,Mediocampista,3,3,1,0,0,0.00,1,0,0,0,3,32
Dejan Stankovic,RF de Yugoslavia,2010,10,Mediocampista,3,3,3,0,0,0.00,0,0,1,0,2,23
Dele Adeleye,Nigeria,2010,22,Defensor,0,0,0,3,0,0.00,0,0,0,0,0,27
Dele Aiyenugba,Nigeria,2010,23,Arquero,0,0,0,3,0,0.00,0,0,0,0,0,27
Dele Alli,Inglaterra,2018,20,Mediocampista,5,4,0,2,1,0.20,0,0,2,1,2,4
Delfin Benitez Caceres,Paraguay,1930,-,Delantero,2,2,0,0,0,0.00,0,0,1,0,1,9
Delgado,Angola,2006,21,Defensor,3,3,0,0,0,0.00,1,0,0,2,1,23
Delio Gamboa,Colombia,1962,19,Delantero,1,1,0,2,0,0.00,0,0,0,0,1,14
Delio Toledo,Paraguay,2006,3,Defensor,1,1,0,2,0,0.00,0,0,0,0,1,18
Delron Buckley,Sudáfrica,1998,13,Mediocampista,2,0,0,1,0,0.00,0,0,0,2,0,24
Delron Buckley,Sudáfrica,2002,18,Mediocampista,1,0,0,2,0,0.00,0,0,1,0,0,17
Demetrio Albertini,Italia,1994,11,Mediocampista,7,7,0,0,0,0.00,3,0,4,2,1,2
Demetrio Albertini,Italia,1998,9,Mediocampista,4,3,0,1,0,0.00,0,0,2,2,0,5
Demetrio Neyra,Perú,1930,-,Delantero,2,2,0,0,0,0.00,0,0,0,0,2,10
Demy De Zeeuw,Paises Bajos,2010,14,Mediocampista,2,1,0,5,0,0.00,0,0,2,0,0,2
Denilson,Brasil,1966,13,Mediocampista,2,2,0,1,0,0.00,1,0,1,0,1,11
Denilson,Brasil,1998,19,Mediocampista,7,1,0,0,0,0.00,0,0,4,1,2,2
Denilson,Brasil,2002,17,Delantero,5,0,0,2,0,0.00,1,0,5,0,0,1
Denis Caniza,Paraguay,1998,20,Defensor,4,2,0,0,0,0.00,0,0,1,2,1,14
Denis Caniza,Paraguay,2002,21,Defensor,4,4,0,0,0,0.00,1,0,1,1,2,16
Denis Caniza,Paraguay,2006,21,Defensor,3,3,0,0,0,0.00,1,0,1,0,2,18
Denis Caniza,Paraguay,2010,4,Defensor,1,1,1,4,0,0.00,0,0,0,1,0,8
Denis Cheryshev,Rusia,2018,6,Mediocampista,5,3,0,0,4,0.80,0,0,2,2,1,8
Denis Glushakov,Rusia,2014,8,Mediocampista,3,3,0,0,0,0.00,1,0,0,2,1,24
Denis Houf,Bélgica,1954,8,Delantero,1,1,0,1,0,0.00,0,0,0,1,0,12
Denis Irwin,Irlanda,1994,2,Defensor,2,2,0,2,0,0.00,2,0,1,0,1,16
Denis Law,Escocia,1974,19,Delantero,1,1,0,2,0,0.00,0,0,1,0,0,9
Denis Milar,Uruguay,1974,19,Delantero,3,2,0,0,0,0.00,0,0,0,1,2,13
Denis Odoi,Ghana,2022,3,Defensor,1,0,0,2,0,0.00,0,0,1,0,0,24
Denis Zakaria,Suiza,2018,17,Mediocampista,2,0,0,2,0,0.00,1,0,0,2,0,14
Denis Zakaria,Suiza,2022,6,Mediocampista,2,0,0,2,0,0.00,0,0,1,0,1,12
Dennis Aogo,Alemania,2010,4,Defensor,1,1,0,6,0,0.00,1,0,1,0,0,3
Dennis Bergkamp,Paises Bajos,1994,10,Delantero,5,5,0,0,3,0.60,1,0,3,0,2,7
Dennis Bergkamp,Paises Bajos,1998,8,Delantero,7,6,0,0,3,0.43,0,0,3,3,1,4
Dennis Lawrence,Trinidad y Tobago,2006,6,Defensor,3,3,0,0,0,0.00,0,0,0,1,2,27
Dennis Rommedahl,Dinamarca,2002,19,Delantero,4,4,0,0,1,0.25,0,0,2,1,1,10
Dennis Rommedahl,Dinamarca,2010,19,Delantero,3,3,0,0,1,0.33,0,0,1,0,2,24
Dennis Wilshaw,Inglaterra,1954,15,Delantero,2,2,0,1,1,0.50,0,0,1,0,1,7
Denny Landzaat,Paises Bajos,2006,6,Mediocampista,3,0,0,1,0,0.00,0,0,2,1,0,11
Densill Theobald,Trinidad y Tobago,2006,18,Mediocampista,3,3,0,0,0,0.00,1,0,0,1,2,27
Denzel Dumfries,Paises Bajos,2022,22,Defensor,5,5,0,0,1,0.20,0,1,3,2,0,5
Deok Yeo Yoon,Corea del Sur,1990,4,Defensor,2,2,0,1,0,0.00,1,1,0,0,2,22
Deon Burton,Jamaica,1998,18,Delantero,3,2,0,0,0,0.00,1,0,1,0,2,22
Dequinha,Brasil,1954,16,Mediocampista,0,0,0,3,0,0.00,0,0,0,0,0,6
Derek Boateng,Ghana,2006,9,Mediocampista,3,1,0,1,0,0.00,1,0,2,0,1,13
Derek Boateng,Ghana,2010,9,Mediocampista,0,0,0,5,0,0.00,0,0,0,0,0,7
Derek Cornelius,Canadá,2022,25,Defensor,0,0,0,3,0,0.00,0,0,0,0,0,31
Derek Dougan,Irlanda del Norte,1958,16,Delantero,1,1,0,4,0,0.00,0,0,1,0,0,7
Derek Johnstone,Escocia,1978,17,Delantero,0,0,0,3,0,0.00,0,0,0,0,0,11
Derek Kevan,Inglaterra,1958,9,Delantero,4,4,0,0,2,0.50,0,0,0,3,1,11
Derek Kevan,Inglaterra,1962,13,Delantero,0,0,0,4,0,0.00,0,0,0,0,0,8
Derek Sullivan,Gales,1958,4,Defensor,4,4,0,1,0,0.00,0,0,1,2,1,5
Derek Whyte,Escocia,1998,19,Defensor,0,0,0,3,0,0.00,0,0,0,0,0,27
Derlis Gomez,Paraguay,2006,12,Arquero,0,0,0,3,0,0.00,0,0,0,0,0,18
Des Walker,Inglaterra,1990,5,Defensor,7,7,0,0,0,0.00,0,0,3,3,1,4
Desire Bourgeois,Bélgica,1934,-,Mediocampista,0,0,0,1,0,0.00,0,0,0,0,0,15
Desmond Armstrong,Estados Unidos,1990,15,Defensor,3,3,0,0,0,0.00,0,0,0,0,3,23
Deuk Soo Kang,Corea del Sur,1986,22,Delantero,0,0,0,3,0,0.00,0,0,0,0,0,20
Devis Epassy,Camerún,2022,16,Arquero,2,2,0,1,0,0.00,0,0,1,1,0,19
Dezso Bundzsak,Hungría,1958,10,Delantero,3,3,0,1,0,0.00,0,0,0,1,2,10
Dezso Molnar,Hungría,1966,15,Delantero,0,0,0,4,0,0.00,0,0,0,0,0,6
Diafra Sakho,Senegal,2018,15,Delantero,1,0,0,2,0,0.00,0,0,0,0,1,17
Diamantino,Portugal,1986,17,Delantero,3,2,0,0,1,0.33,0,0,1,0,2,17
Dick Been,Paises Bajos,1938,-,Defensor,0,0,0,1,0,0.00,0,0,0,0,0,14
Dick Keith,Irlanda del Norte,1958,5,Defensor,5,5,0,0,0,0.00,0,0,2,1,2,7
Dick Nanninga,Paises Bajos,1978,18,Mediocampista,4,0,0,3,1,0.25,1,1,1,2,1,2
Dickson Etuhu,Nigeria,2010,20,Mediocampista,3,3,0,0,0,0.00,0,0,0,1,2,27
Dida,Brasil,1958,21,Delantero,1,1,0,5,0,0.00,0,0,1,0,0,1
Dida,Brasil,1998,22,Arquero,0,0,0,7,0,0.00,0,0,0,0,0,2
Dida,Brasil,2002,12,Arquero,0,0,0,7,0,0.00,0,0,0,0,0,1
Dida,Brasil,2006,1,Arquero,5,5,1,0,0,0.00,0,0,4,0,1,5
Didi,Brasil,1954,8,Mediocampista,3,3,0,0,2,0.67,0,0,1,1,1,6
Didi,Brasil,1958,6,Mediocampista,6,6,0,0,1,0.17,0,0,5,1,0,1
Didi,Brasil,1962,8,Mediocampista,6,6,0,0,0,0.00,0,0,5,1,0,1
Didi Hamann,Alemania,1998,16,Mediocampista,5,3,0,0,0,0.00,2,0,3,1,1,7
Didi Hamann,Alemania,2002,8,Mediocampista,6,6,0,1,0,0.00,2,0,4,1,1,2
Didier Angibeaud,Camerún,1998,8,Mediocampista,3,2,0,0,0,0.00,1,0,0,2,1,25
Didier Couecou,Francia,1966,9,Delantero,0,0,0,3,0,0.00,0,0,0,0,0,13
Didier Deschamps,Francia,1998,7,Mediocampista,6,6,6,1,0,0.00,3,0,5,1,0,1
Didier Drogba,Costa de Marfil,2006,11,Delantero,2,2,2,1,1,0.50,2,0,0,0,2,19
Didier Drogba,Costa de Marfil,2010,11,Delantero,3,2,2,0,1,0.33,0,0,1,1,1,17
Didier Drogba,Costa de Marfil,2014,11,Delantero,3,1,1,0,0,0.00,1,0,1,0,2,21
Didier Six,Francia,1978,19,Delantero,3,2,0,0,0,0.00,1,0,1,0,2,12
Didier Six,Francia,1982,19,Delantero,7,4,0,0,2,0.29,0,0,3,2,2,4
Didier Ya Konan,Costa de Marfil,2014,13,Delantero,1,0,0,2,0,0.00,0,0,1,0,0,21
Didier Zokora,Costa de Marfil,2006,5,Mediocampista,3,3,0,0,0,0.00,1,0,1,0,2,19
Didier Zokora,Costa de Marfil,2010,5,Mediocampista,3,3,0,0,0,0.00,1,0,1,1,1,17
Didier Zokora,Costa de Marfil,2014,5,Mediocampista,2,2,0,1,0,0.00,2,0,1,0,1,21
Diego Barreto,Paraguay,2010,12,Arquero,0,0,0,5,0,0.00,0,0,0,0,0,8
Diego Benaglio,Suiza,2006,12,Arquero,0,0,0,4,0,0.00,0,0,0,0,0,10
Diego Benaglio,Suiza,2010,1,Arquero,3,3,0,0,0,0.00,1,0,1,1,1,19
Diego Benaglio,Suiza,2014,1,Arquero,4,4,0,0,0,0.00,0,0,2,0,2,11
Diego Calvo,Costa Rica,2014,20,Mediocampista,0,0,0,5,0,0.00,0,0,0,0,0,8
Diego Costa,España,2014,19,Delantero,2,2,0,1,0,0.00,0,0,0,0,2,23
Diego Costa,España,2018,19,Delantero,4,4,0,0,3,0.75,0,0,1,3,0,10
Diego Florentin,Paraguay,1930,-,Mediocampista,0,0,0,2,0,0.00,0,0,0,0,0,9
Diego Forlan,Uruguay,2002,21,Delantero,1,0,0,2,1,1.00,0,0,0,1,0,26
Diego Forlan,Uruguay,2010,10,Delantero,7,7,1,0,5,0.71,0,0,3,2,2,4
Diego Forlan,Uruguay,2014,10,Delantero,2,2,0,2,0,0.00,0,0,0,0,2,12
Diego Gavilan,Paraguay,2002,14,Mediocampista,3,1,0,1,0,0.00,1,0,0,1,2,16
Diego Gavilan,Paraguay,2006,11,Mediocampista,0,0,0,3,0,0.00,0,0,0,0,0,18
Diego Godin,Uruguay,2010,3,Defensor,5,5,0,2,0,0.00,0,0,2,1,2,4
Diego Godin,Uruguay,2014,3,Defensor,4,4,3,0,1,0.25,1,0,2,0,2,12
Diego Godin,Uruguay,2018,3,Defensor,5,5,5,0,0,0.00,0,0,4,0,1,5
Diego Godin,Uruguay,2022,3,Defensor,2,2,2,1,0,0.00,0,0,0,1,1,20
Diego Laxalt,Uruguay,2018,17,Mediocampista,4,3,0,1,0,0.00,0,0,3,0,1,5
Diego Lugano,Uruguay,2010,2,Defensor,6,6,6,1,0,0.00,1,0,3,2,1,4
Diego Lugano,Uruguay,2014,2,Defensor,1,1,1,3,0,0.00,2,0,0,0,1,12
Diego Maradona,Argentina,1982,10,Mediocampista,5,5,0,0,2,0.40,1,1,2,0,3,11
Diego Maradona,Argentina,1986,10,Mediocampista,7,7,7,0,5,0.71,1,0,6,1,0,1
Diego Maradona,Argentina,1990,10,Mediocampista,7,7,7,0,0,0.00,2,0,2,3,2,2
Diego Maradona,Argentina,1994,10,Mediocampista,2,2,2,2,1,0.50,0,0,2,0,0,10
Diego Milito,Argentina,2010,19,Delantero,2,1,0,3,0,0.00,0,0,2,0,0,5
Diego Palacios,Ecuador,2022,18,Defensor,0,0,0,3,0,0.00,0,0,0,0,0,18
Diego Perez,Uruguay,2010,15,Mediocampista,7,7,0,0,0,0.00,2,0,3,2,2,4
Diego Perez,Uruguay,2014,15,Mediocampista,0,0,0,4,0,0.00,0,0,0,0,0,12
Diego Placente,Argentina,2002,13,Defensor,2,2,0,1,0,0.00,0,0,1,0,1,18
Diego Pozo,Argentina,2010,1,Arquero,0,0,0,5,0,0.00,0,0,0,0,0,5
Diego Reyes,México,2014,5,Defensor,1,0,0,3,0,0.00,0,0,0,0,1,10
Diego Simeone,Argentina,1994,14,Mediocampista,4,4,0,0,0,0.00,0,0,2,0,2,10
Diego Simeone,Argentina,1998,8,Mediocampista,5,4,4,0,0,0.00,1,0,3,1,1,6
Diego Simeone,Argentina,2002,14,Mediocampista,2,2,0,1,0,0.00,1,0,1,0,1,18
Diego Tristan,España,2002,10,Delantero,2,2,0,3,0,0.00,0,0,2,0,0,5
Dieter Burdenski,Alemania Occidental,1978,22,Arquero,0,0,0,6,0,0.00,0,0,0,0,0,6
Dieter Herzog,Alemania Occidental,1974,18,Delantero,2,2,0,5,0,0.00,0,0,2,0,0,1
Dieter Hoeness,Alemania Occidental,1986,20,Delantero,2,0,0,5,0,0.00,0,0,0,1,1,2
Dieter Mueller,Alemania Occidental,1978,14,Delantero,4,4,0,2,2,0.50,0,0,1,2,1,6
Dietmar Kuehbauer,Austria,1998,22,Mediocampista,3,3,0,0,0,0.00,0,0,0,2,1,23
Dimitar Dimov,Bulgaria,1962,8,Defensor,1,1,0,2,0,0.00,0,0,0,1,0,15
Dimitar Kostov,Bulgaria,1962,5,Defensor,3,3,0,0,0,0.00,0,0,0,1,2,15
Dimitar Largov,Bulgaria,1966,15,Defensor,1,1,0,2,0,0.00,0,0,0,0,1,15
Dimitar Marashliev,Bulgaria,1970,18,Delantero,2,1,0,1,0,0.00,0,0,0,0,2,13
Dimitar Penev,Bulgaria,1966,5,Defensor,3,3,0,0,0,0.00,0,0,0,0,3,15
Dimitar Penev,Bulgaria,1970,6,Defensor,3,3,0,0,0,0.00,0,0,0,1,2,13
Dimitar Penev,Bulgaria,1974,6,Defensor,3,3,0,0,0,0.00,0,0,0,2,1,12
Dimitar Yakimov,Bulgaria,1962,11,Delantero,1,1,0,2,0,0.00,0,0,0,0,1,15
Dimitar Yakimov,Bulgaria,1966,13,Delantero,3,3,0,0,0,0.00,0,0,0,0,3,15
Dimitar Yakimov,Bulgaria,1970,10,Delantero,2,2,0,1,0,0.00,0,0,0,1,1,13
Dimitri Galiamin,Rusia,1994,4,Defensor,1,0,0,2,0,0.00,0,0,0,0,1,18
Dimitri Petratos,Australia,2018,21,Delantero,0,0,0,3,0,0.00,0,0,0,0,0,30
Dimitrios Salpingidis,Grecia,2010,14,Delantero,2,1,0,1,1,0.50,0,0,1,0,1,25
Dimitrios Salpingidis,Grecia,2014,14,Delantero,4,3,0,0,0,0.00,1,0,1,2,1,13
Dimitrios Saravakos,Grecia,1994,7,Delantero,1,1,1,2,0,0.00,0,0,0,0,1,24
Dincer Mehmet,Turquía,1954,15,Mediocampista,0,0,0,3,0,0.00,0,0,0,0,0,11
Dinko Dermendzhiev,Bulgaria,1962,19,Delantero,2,2,0,1,0,0.00,0,0,0,1,1,15
Dinko Dermendzhiev,Bulgaria,1966,7,Mediocampista,2,2,0,1,0,0.00,1,0,0,0,2,15
Dinko Dermendzhiev,Bulgaria,1970,11,Mediocampista,2,2,0,1,1,0.50,0,0,0,0,2,13
Dino Baggio,Italia,1994,13,Mediocampista,7,6,0,0,2,0.29,1,0,4,2,1,2
Dino Baggio,Italia,1998,11,Mediocampista,5,5,0,0,0,0.00,0,0,3,2,0,5
Dino Sani,Brasil,1958,5,Mediocampista,2,2,0,4,0,0.00,0,0,1,1,0,1
Dino Zoff,Italia,1970,12,Arquero,0,0,0,6,0,0.00,0,0,0,0,0,2
Dino Zoff,Italia,1974,1,Arquero,3,3,0,0,0,0.00,0,0,1,1,1,10
Dino Zoff,Italia,1978,1,Arquero,7,7,7,0,0,0.00,0,0,4,1,2,4
Dino Zoff,Italia,1982,1,Arquero,7,7,7,0,0,0.00,0,0,4,3,0,1
Diogenes Dominguez,Paraguay,1930,-,Delantero,1,1,0,1,0,0.00,0,0,0,0,1,9
Diogenes Lara,Bolivia,1930,-,Mediocampista,2,2,0,0,0,0.00,0,0,0,0,2,12
Diogo Costa,Portugal,2022,22,Arquero,5,5,0,0,0,0.00,0,0,3,0,2,8
Diogo Dalot,Portugal,2022,2,Defensor,3,3,0,2,0,0.00,0,0,1,0,2,8
Dioniso Mejia,México,1930,-,Delantero,1,1,0,2,0,0.00,0,0,0,0,1,13
Dionizije Dvornic,Yugoslavia,1954,20,Delantero,1,1,0,2,0,0.00,0,0,0,1,0,8
Dirceu,Brasil,1974,21,Mediocampista,4,4,0,3,0,0.00,1,0,2,0,2,4
Dirceu,Brasil,1978,11,Mediocampista,7,6,0,0,3,0.43,0,0,4,3,0,3
Dirceu,Brasil,1982,21,Delantero,1,1,0,4,0,0.00,0,0,1,0,0,5
Dirimlili Basri,Turquía,1954,3,Defensor,3,3,0,0,0,0.00,0,0,1,0,2,11
Dirk Kuyt,Paises Bajos,2006,7,Delantero,3,2,0,1,0,0.00,1,0,1,1,1,11
Dirk Kuyt,Paises Bajos,2010,7,Delantero,7,7,0,0,1,0.14,1,0,6,0,1,2
Dirk Kuyt,Paises Bajos,2014,15,Delantero,5,5,0,2,0,0.00,0,0,3,2,0,3
Dirk Medved,Bélgica,1994,2,Defensor,2,1,0,2,0,0.00,0,0,1,0,1,11
Dirk Schoenaker,Paises Bajos,1978,3,Mediocampista,1,0,0,6,0,0.00,0,0,1,0,0,2
Ditmar Jakobs,Alemania Occidental,1986,17,Defensor,6,5,0,1,0,0.00,1,0,3,1,2,2
Divock Origi,Bélgica,2014,17,Delantero,5,2,0,0,1,0.20,0,0,4,0,1,6
Djalma Santos,Brasil,1954,2,Defensor,3,3,0,0,1,0.33,0,0,1,1,1,6
Djalma Santos,Brasil,1958,4,Defensor,1,1,0,5,0,0.00,0,0,1,0,0,1
Djalma Santos,Brasil,1962,2,Defensor,6,6,0,0,0,0.00,0,0,5,1,0,1
Djalma Santos,Brasil,1966,2,Defensor,2,2,0,1,0,0.00,0,0,1,0,1,11
Djamal Abdoun,Argelia,2010,22,Mediocampista,1,0,0,2,0,0.00,0,0,0,1,0,28
Djamel Menad,Argelia,1986,9,Delantero,2,1,0,1,0,0.00,0,0,0,0,2,22
Djamel Mesbah,Argelia,2010,20,Defensor,1,0,0,2,0,0.00,0,0,0,1,0,28
Djamel Mesbah,Argelia,2014,6,Defensor,2,2,0,2,0,0.00,1,0,1,1,0,14
Djamel Tlemcani,Argelia,1982,19,Mediocampista,1,0,0,2,0,0.00,0,0,0,0,1,13
Djamel Zidane,Argelia,1982,14,Mediocampista,2,2,0,1,0,0.00,0,0,1,0,1,13
Djamel Zidane,Argelia,1986,14,Mediocampista,3,2,0,0,1,0.33,0,0,0,1,2,22
Djibril Cisse,Francia,2002,9,Delantero,3,0,0,0,0,0.00,0,0,0,1,2,28
Djibril Cisse,Francia,2010,9,Delantero,1,1,0,2,0,0.00,0,0,0,0,1,29
Djibril Sidibé,Francia,2018,19,Defensor,1,1,0,6,0,0.00,0,0,0,1,0,1
Djibril Sow,Suiza,2022,15,Mediocampista,4,4,0,0,0,0.00,0,0,2,0,2,12
Djordje Vujadinovic,Yugoslavia,1930,-,Delantero,3,3,0,0,1,0.33,0,0,2,0,1,4
Djorkaeff Reasco,Ecuador,2022,24,Delantero,1,0,0,2,0,0.00,0,0,0,0,1,18
Dmitri Kharin,Rusia,1994,16,Arquero,2,2,2,1,0,0.00,1,0,0,0,2,18
Dmitri Khlestov,Rusia,1994,21,Defensor,3,3,0,0,0,0.00,2,0,1,0,2,18
Dmitri Kuznetsov,Rusia,1994,2,Defensor,2,2,0,1,0,0.00,1,0,0,0,2,18
Dmitri Popov,Rusia,1994,8,Mediocampista,1,1,0,2,0,0.00,0,0,0,0,1,18
Dmitri Radchenko,Rusia,1994,15,Delantero,3,2,0,0,1,0.33,0,0,1,0,2,18
Dmitri Sennikov,Rusia,2002,18,Defensor,1,0,0,2,0,0.00,1,0,0,0,1,22
Dmitri Sychev,Rusia,2002,22,Delantero,3,0,0,0,1,0.33,0,0,1,0,2,22
Dmitri Kombarov,Rusia,2014,23,Mediocampista,3,3,0,0,0,0.00,1,0,0,2,1,24
Dmitry Alenichev,Rusia,2002,15,Mediocampista,2,1,0,1,0,0.00,2,0,1,0,1,22
Dmitry Khokhlov,Rusia,2002,21,Mediocampista,3,1,0,0,0,0.00,1,0,1,0,2,22
Dmytro Chigrynskyi,Ucrania,2006,13,Defensor,0,0,0,5,0,0.00,0,0,0,0,0,8
Do Heon Kim,Corea del Sur,2006,8,Mediocampista,0,0,0,3,0,0.00,0,0,0,0,0,17
Do Hoon Kim,Corea del Sur,1998,9,Delantero,2,2,0,1,0,0.00,0,0,0,0,2,30
Do Keun Kim,Corea del Sur,1998,7,Mediocampista,3,3,0,0,0,0.00,0,0,0,1,2,30
Dobromir Zhechev,Bulgaria,1962,12,Defensor,1,1,0,2,0,0.00,0,0,0,1,0,15
Dobromir Zhechev,Bulgaria,1966,6,Delantero,3,3,0,0,0,0.00,1,0,0,0,3,15
Dobromir Zhechev,Bulgaria,1970,14,Defensor,2,2,0,1,1,0.50,0,0,0,1,1,13
Dobromir Zhechev,Bulgaria,1974,3,Defensor,0,0,0,3,0,0.00,0,0,0,0,0,12
Dobrosav Krstic,Yugoslavia,1958,8,Mediocampista,4,4,0,0,0,0.00,0,0,1,2,1,8
Doca,Brasil,1930,-,Delantero,0,0,0,2,0,0.00,0,0,0,0,0,6
Doctor Khumalo,Sudáfrica,1998,15,Mediocampista,1,0,0,2,0,0.00,0,0,0,1,0,24
Domagoj Vida,Croacia,2014,21,Defensor,0,0,0,3,0,0.00,0,0,0,0,0,19
Domagoj Vida,Croacia,2018,21,Defensor,6,6,0,1,1,0.17,1,0,3,2,1,2
Domagoj Vida,Croacia,2022,21,Defensor,0,0,0,7,0,0.00,0,0,0,0,0,3
Domenico Criscito,Italia,2010,3,Defensor,3,3,0,0,0,0.00,0,0,0,2,1,26
Domingo Drummond,Honduras,1982,12,Defensor,1,1,0,2,0,0.00,0,0,0,0,1,18
Domingo Garcia,Perú,1930,-,Mediocampista,1,1,0,1,0,0.00,0,0,0,0,1,10
Domingo Perez,Uruguay,1962,7,Delantero,3,3,0,0,0,0.00,0,0,1,0,2,13
Domingo Perez,Uruguay,1966,11,Delantero,4,4,0,0,0,0.00,0,0,1,2,1,7
Domingo Tejera,Uruguay,1930,-,Defensor,1,1,0,3,0,0.00,0,0,1,0,0,1
Domingos Da Guia,Brasil,1938,-,Defensor,4,4,0,1,0,0.00,0,0,2,1,1,3
Dominic Adiyiah,Ghana,2010,18,Delantero,2,0,0,3,0,0.00,0,0,0,1,1,7
Dominik Livaković,Croacia,2018,1,Arquero,0,0,0,7,0,0.00,0,0,0,0,0,2
Dominik Livaković,Croacia,2022,1,Arquero,7,7,0,0,0,0.00,1,0,2,4,1,3
Dominique Baratelli,Francia,1978,1,Arquero,1,0,0,2,0,0.00,0,0,0,0,1,12
Dominique Baratelli,Francia,1982,1,Arquero,0,0,0,7,0,0.00,0,0,0,0,0,4
Dominique Bathenay,Francia,1978,9,Mediocampista,2,2,1,1,0,0.00,0,0,1,0,1,12
Dominique Colonna,Francia,1958,2,Arquero,0,0,0,6,0,0.00,0,0,0,0,0,3
Dominique Dropsy,Francia,1978,22,Arquero,1,1,0,2,0,0.00,0,0,1,0,0,12
Dominique Herr,Suiza,1994,4,Defensor,4,4,0,0,0,0.00,1,0,1,1,2,15
Dominique Rocheteau,Francia,1978,18,Delantero,2,2,0,1,1,0.50,0,0,1,0,1,12
Dominique Rocheteau,Francia,1982,18,Delantero,4,3,0,3,2,0.50,0,0,2,1,1,4
Dominique Rocheteau,Francia,1986,18,Delantero,4,3,0,3,1,0.25,1,0,3,1,0,3
Don Howe,Inglaterra,1958,2,Defensor,4,4,0,0,0,0.00,0,0,0,3,1,11
Don Howe,Inglaterra,1962,21,Defensor,0,0,0,4,0,0.00,0,0,0,0,0,8
Don Masson,Escocia,1978,7,Mediocampista,1,1,0,2,0,0.00,0,0,0,0,1,11
Donald Ford,Escocia,1974,17,Mediocampista,0,0,0,3,0,0.00,0,0,0,0,0,9
Dong Gook Lee,Corea del Sur,1998,21,Delantero,1,0,0,2,0,0.00,0,0,0,0,1,30
Dong Gook Lee,Corea del Sur,2010,20,Delantero,2,0,0,2,0,0.00,0,0,0,0,2,15
Dong Jin Kim,Corea del Sur,2006,3,Defensor,2,2,0,1,0,0.00,1,0,0,1,1,17
Dong Jin Kim,Corea del Sur,2010,15,Defensor,1,0,0,3,0,0.00,0,0,0,1,0,15
Dong Myung Seo,Corea del Sur,1998,22,Arquero,0,0,0,3,0,0.00,0,0,0,0,0,30
Dong-Won Ji,Corea del Sur,2014,19,Delantero,2,0,0,1,0,0.00,0,0,0,0,2,27
Dong Woon Li,Corea del Norte,1966,16,Defensor,2,2,0,2,1,0.50,0,0,0,1,1,8
Doni,Brasil,2010,22,Arquero,0,0,0,5,0,0.00,0,0,0,0,0,6
Doni Novak,Eslovenia,2002,7,Mediocampista,3,3,0,0,0,0.00,0,0,0,0,3,30
Donis Escober,Honduras,2010,22,Arquero,0,0,0,3,0,0.00,0,0,0,0,0,30
Donis Escober,Honduras,2014,22,Arquero,0,0,0,3,0,0.00,0,0,0,0,0,31
Donovan Ricketts,Jamaica,1998,14,Arquero,0,0,0,3,0,0.00,0,0,0,0,0,22
Doo Ik Pak,Corea del Norte,1966,7,Mediocampista,4,4,0,0,1,0.25,0,0,1,1,2,8
Dook Jong Hong,Corea del Sur,1954,1,Arquero,2,2,0,0,0,0.00,0,0,0,0,2,16
Dorin Mateut,Rumania,1990,15,Mediocampista,1,0,0,3,0,0.00,0,0,0,1,0,12
Dorinel Munteanu,Rumania,1994,7,Mediocampista,5,5,0,0,0,0.00,0,0,3,1,1,6
Dorinel Munteanu,Rumania,1998,8,Mediocampista,4,4,0,0,0,0.00,1,0,2,1,1,11
Doriva,Brasil,1998,17,Mediocampista,1,0,0,6,0,0.00,0,0,1,0,0,2
Dorst,Indias Orientales Holand.,1938,-,Defensor,0,0,0,1,0,0.00,0,0,0,0,0,15
Doug Cowie,Escocia,1954,7,Mediocampista,2,2,0,0,0,0.00,0,0,0,0,2,15
Doug Cowie,Escocia,1958,12,Mediocampista,2,2,0,1,0,0.00,0,0,0,1,1,14
Doug Utjesenovic,Australia,1974,2,Defensor,3,3,0,0,0,0.00,0,0,0,1,2,14
Douglas Costa,Brasil,2018,7,Delantero,2,0,0,3,0,0.00,0,0,1,0,1,6
Douglas López,Costa Rica,2022,21,Mediocampista,0,0,0,3,0,0.00,0,0,0,0,0,27
Douglas Sequeira,Costa Rica,2006,20,Mediocampista,2,2,0,1,0,0.00,0,0,0,0,2,31
Dragan Dzajic,Yugoslavia,1974,11,Delantero,5,5,5,1,1,0.20,0,0,1,2,2,7
Dragan Mihajlovic,Yugoslavia,1930,-,Defensor,3,3,0,0,0,0.00,0,0,2,0,1,4
Dragan Mrdja,Serbia,2010,21,Delantero,0,0,0,3,0,0.00,0,0,0,0,0,23
Dragan Pantelic,Yugoslavia,1982,1,Arquero,3,3,0,0,0,0.00,0,0,1,1,1,16
Dragan Stojkovic,Yugoslavia,1990,10,Mediocampista,5,5,0,0,2,0.40,1,0,3,1,1,5
Dragan Stojkovic,Yugoslavia,1998,10,Mediocampista,4,4,4,0,1,0.25,2,0,2,1,1,10
Dragoje Lekovic,Yugoslavia,1990,22,Arquero,0,0,0,5,0,0.00,0,0,0,0,0,5
Dragoje Lekovic,Yugoslavia,1998,12,Arquero,0,0,0,4,0,0.00,0,0,0,0,0,10
Dragoljub Brnovic,Yugoslavia,1990,7,Mediocampista,5,4,0,0,0,0.00,1,0,3,1,1,5
Dragomir Tosic,Yugoslavia,1930,-,Defensor,0,0,0,3,0,0.00,0,0,0,0,0,4
Dragoslav Jevric,Serbia y Montenegro,2006,1,Arquero,3,3,0,0,0,0.00,0,0,0,0,3,32
Dragoslav Sekularac,Yugoslavia,1958,15,Mediocampista,3,3,0,1,0,0.00,0,0,1,2,0,8
Dragoslav Sekularac,Yugoslavia,1962,8,Mediocampista,6,6,0,0,0,0.00,0,0,3,0,3,4
Dragutin Najdanovic,Yugoslavia,1930,-,Delantero,1,1,0,2,0,0.00,0,0,1,0,0,4
Drazen Jerkovic,Yugoslavia,1958,22,Delantero,0,0,0,4,0,0.00,0,0,0,0,0,8
Drazen Jerkovic,Yugoslavia,1962,9,Delantero,6,6,0,0,4,0.67,0,0,3,0,3,4
Drazen Ladic,Croacia,1998,1,Arquero,7,7,0,0,0,0.00,0,0,5,0,2,3
Drazen Muzinic,Yugoslavia,1974,4,Defensor,2,2,0,4,0,0.00,0,0,0,1,1,7
Dries Mertens,Bélgica,2014,14,Mediocampista,5,3,0,0,1,0.20,0,0,4,0,1,6
Dries Mertens,Bélgica,2018,14,Delantero,6,3,0,1,1,0.17,0,0,5,0,1,3
Dries Mertens,Bélgica,2022,14,Delantero,2,1,0,1,0,0.00,0,0,0,1,1,23
Driss Bamous,Marruecos,1970,8,Mediocampista,3,3,3,0,0,0.00,0,0,0,1,2,14
Driss Ben Zekri,Marruecos,1998,12,Arquero,2,2,0,1,0,0.00,0,0,0,1,1,18
Driss Kanoussi,Marruecos,1970,4,Defensor,3,3,0,0,0,0.00,0,0,0,1,2,14
Du Ri Cha,Corea del Sur,2002,16,Delantero,4,1,0,3,0,0.00,1,0,2,0,2,4
Du Ri Cha,Corea del Sur,2010,22,Defensor,3,3,0,1,0,0.00,1,0,1,1,1,15
Duberty Araoz,Bolivia,1950,-,Mediocampista,0,0,0,1,0,0.00,0,0,0,0,0,13
Duda,Portugal,2010,5,Defensor,2,1,0,2,0,0.00,1,0,1,1,0,11
Duilio Davino,México,1998,5,Defensor,4,4,0,0,0,0.00,1,0,1,2,1,13
Duje Ćaleta-Car,Croacia,2018,15,Defensor,1,1,0,6,0,0.00,0,0,1,0,0,2
Dumitru Pavlovici,Rumania,1938,-,Arquero,1,1,0,1,0,0.00,0,0,0,1,0,9
Dumitru Stangaciu,Rumania,1998,1,Arquero,0,0,0,4,0,0.00,0,0,0,0,0,11
Duncan Cole,Nueva Zelanda,1982,8,Mediocampista,3,1,0,0,0,0.00,0,0,0,0,3,23
Dunga,Brasil,1990,4,Mediocampista,4,4,0,0,0,0.00,1,0,3,0,1,9
Dunga,Brasil,1994,8,Mediocampista,7,7,4,0,0,0.00,1,0,5,2,0,1
Dunga,Brasil,1998,8,Mediocampista,7,7,7,0,0,0.00,0,0,4,1,2,2
Durrent Brown,Jamaica,1998,21,Defensor,0,0,0,3,0,0.00,0,0,0,0,0,22
Dusan Bajevic,Yugoslavia,1974,19,Delantero,3,3,0,3,3,1.00,1,0,1,1,1,7
Dusan Basta,Serbia y Montenegro,2006,13,Defensor,0,0,0,3,0,0.00,0,0,0,0,0,32
Dusan Kuciak,Eslovaquia,2010,23,Arquero,0,0,0,4,0,0.00,0,0,0,0,0,16
Dusan Pernis,Eslovaquia,2010,12,Arquero,0,0,0,4,0,0.00,0,0,0,0,0,16
Dusan Petkovic,Serbia y Montenegro,2006,16,Defensor,0,0,0,3,0,0.00,0,0,0,0,0,32
Dušan Tadić,Serbia,2018,10,Mediocampista,3,3,0,0,0,0.00,0,0,1,0,2,23
Dušan Tadić,Serbia,2022,10,Delantero,3,3,3,0,0,0.00,0,0,0,1,2,29
Dusan Vlahovic,Serbia,2022,18,Delantero,2,1,0,1,1,0.50,0,0,0,0,2,29
Duško Tošić,Serbia,2018,3,Defensor,2,2,0,1,0,0.00,0,0,1,0,1,23
Dwight Yorke,Trinidad y Tobago,2006,19,Delantero,3,3,3,0,0,0.00,1,0,0,1,2,27
Dylan Bronn,Túnez,2018,11,Defensor,2,2,0,1,1,0.50,0,0,0,0,2,24
Dylan Bronn,Túnez,2022,6,Defensor,2,2,0,1,0,0.00,0,0,0,1,1,21
Dylan Levitt,Gales,2022,23,Mediocampista,0,0,0,3,0,0.00,0,0,0,0,0,30
Eamonn Bannon,Escocia,1986,9,Mediocampista,2,1,0,1,0,0.00,1,0,0,0,2,19
Earnie Stewart,Estados Unidos,1994,8,Delantero,4,4,0,0,1,0.25,0,0,1,1,2,14
Earnie Stewart,Estados Unidos,1998,8,Mediocampista,3,2,0,0,0,0.00,0,0,0,0,3,32
Earnie Stewart,Estados Unidos,2002,8,Mediocampista,4,2,1,1,0,0.00,0,0,2,0,2,8
Ebbe Sand,Dinamarca,1998,19,Delantero,5,2,0,0,1,0.20,0,0,2,1,2,8
Ebbe Sand,Dinamarca,2002,11,Delantero,3,3,0,1,0,0.00,1,0,1,1,1,10
Eberardo Villalobos,Chile,1930,-,Delantero,3,3,0,0,0,0.00,0,0,2,0,1,5
Eberhard Vogel,Alemania Oriental,1974,15,Delantero,3,2,0,3,0,0.00,1,0,1,2,0,6
Ebi Smolarek,Polonia,2006,15,Mediocampista,3,3,0,0,0,0.00,1,0,1,0,2,21
Ebrahim Kassempoor,Irán,1978,8,Mediocampista,3,3,0,0,0,0.00,0,0,0,1,2,14
Ebrahim Mirzapour,Irán,2006,1,Arquero,3,3,0,0,0,0.00,0,0,0,1,2,26
Echeberria,España,1962,7,Defensor,1,1,0,2,0,0.00,0,0,0,0,1,12
Ed Czerkiewicz,Estados Unidos,1934,-,Defensor,1,1,0,0,0,0.00,0,0,0,0,1,16
Ed De Goey,Paises Bajos,1994,1,Arquero,5,5,0,0,0,0.00,0,0,3,0,2,7
Ed De Goey,Paises Bajos,1998,18,Arquero,0,0,0,7,0,0.00,0,0,0,0,0,4
Ed Mcilvenny,Estados Unidos,1950,-,Mediocampista,3,3,1,0,0,0.00,0,0,1,0,2,10
Ed Souza,Estados Unidos,1950,-,Delantero,3,3,0,0,0,0.00,0,0,1,0,2,10
Edder Delgado,Honduras,2014,12,Mediocampista,0,0,0,3,0,0.00,0,0,0,0,0,31
Eddie Baily,Inglaterra,1950,-,Delantero,1,1,0,2,0,0.00,0,0,0,0,1,8
Eddie Clamp,Inglaterra,1958,4,Defensor,3,3,0,1,0,0.00,0,0,0,3,0,11
Eddie Ditchburn,Inglaterra,1950,-,Arquero,0,0,0,3,0,0.00,0,0,0,0,0,8
Eddie Hopkinson,Inglaterra,1958,12,Arquero,0,0,0,4,0,0.00,0,0,0,0,0,11
Eddie Johnson,Estados Unidos,2006,9,Delantero,2,0,0,1,0,0.00,0,0,0,0,2,25
Eddie Lewis,Estados Unidos,2002,7,Mediocampista,3,2,0,2,0,0.00,1,0,1,1,1,8
Eddie Lewis,Estados Unidos,2006,7,Defensor,2,2,0,1,0,0.00,1,0,0,0,2,25
Eddie Mcgoldrick,Irlanda,1994,17,Mediocampista,0,0,0,4,0,0.00,0,0,0,0,0,16
Eddie Pope,Estados Unidos,1998,3,Defensor,2,2,0,1,0,0.00,1,0,0,0,2,32
Eddie Pope,Estados Unidos,2002,23,Defensor,5,5,0,0,0,0.00,2,0,2,1,2,8
Eddie Pope,Estados Unidos,2006,23,Defensor,2,2,0,1,0,0.00,0,1,0,1,1,25
Eddie Turnbull,Escocia,1958,8,Delantero,3,3,0,0,0,0.00,0,0,0,1,2,14
Eddy Antoine,Haití,1974,9,Mediocampista,3,3,0,0,0,0.00,0,0,0,0,3,15
Eddy Treijtel,Paises Bajos,1974,21,Arquero,0,0,0,7,0,0.00,0,0,0,0,0,2
Edelmiro Arevalo,Paraguay,1958,2,Defensor,3,3,0,0,0,0.00,0,0,1,1,1,12
Eden Hazard,Bélgica,2014,10,Mediocampista,5,4,0,0,0,0.00,1,0,4,0,1,6
Eden Hazard,Bélgica,2018,10,Delantero,6,6,6,1,3,0.50,1,0,5,0,1,3
Eden Hazard,Bélgica,2022,10,Delantero,3,2,2,0,0,0.00,0,0,1,1,1,23
Eder,Brasil,1982,11,Mediocampista,5,5,0,0,2,0.40,0,0,4,0,1,5
Eder,Portugal,2014,11,Delantero,3,1,0,0,0,0.00,0,0,1,1,1,18
Eder Alvarez Balanta,Colombia,2014,16,Defensor,1,1,0,4,0,0.00,0,0,1,0,0,5
Eder Militao,Brasil,2022,14,Defensor,4,4,0,1,0,0.00,1,0,2,1,1,7
Ederson,Brasil,2018,23,Arquero,0,0,0,5,0,0.00,0,0,0,0,0,6
Ederson,Brasil,2022,23,Arquero,1,1,0,4,0,0.00,0,0,0,0,1,7
Edevaldo,Brasil,1982,13,Defensor,1,0,0,4,0,0.00,0,0,1,0,0,5
Edgar Aguilera,Paraguay,1998,6,Mediocampista,0,0,0,4,0,0.00,0,0,0,0,0,14
Edgar Alvarez,Honduras,2010,17,Mediocampista,2,2,0,1,0,0.00,0,0,0,1,1,30
Edgar Barreto,Paraguay,2006,8,Mediocampista,2,1,0,1,0,0.00,1,0,1,0,1,18
Edgar Barreto,Paraguay,2010,8,Mediocampista,3,1,0,2,0,0.00,0,0,1,1,1,8
Edgar Benitez,Paraguay,2010,10,Delantero,2,1,0,3,0,0.00,0,0,0,2,0,8
Edgar Davids,Paises Bajos,1998,16,Mediocampista,6,6,0,1,1,0.17,2,0,3,2,1,4
Édgar Joel Bárcenas,Panamá,2018,8,Mediocampista,3,3,0,0,0,0.00,1,0,0,0,3,32
Edgar Salli,Camerún,2014,20,Delantero,2,0,0,1,0,0.00,1,0,0,0,2,32
Edgardo Bauza,Argentina,1990,5,Defensor,0,0,0,7,0,0.00,0,0,0,0,0,2
Edgardo Gonzalez,Uruguay,1962,16,Mediocampista,0,0,0,3,0,0.00,0,0,0,0,0,13
Edhem Sljivo,Yugoslavia,1982,8,Mediocampista,3,3,0,0,0,0.00,1,0,1,1,1,16
Edilson,Brasil,2002,20,Delantero,4,2,0,3,0,0.00,0,0,4,0,0,1
Edimilson Fernandes,Suiza,2022,2,Defensor,3,1,0,1,0,0.00,0,0,1,0,2,12
Edin Dzeko,Bosnia-Herzegovina,2014,11,Delantero,3,3,0,0,1,0.33,0,0,1,0,2,20
Edin Visca,Bosnia-Herzegovina,2014,19,Delantero,2,0,0,1,0,0.00,0,0,1,0,1,20
Edinho,Brasil,1978,6,Defensor,3,2,0,4,0,0.00,1,0,0,3,0,3
Edinho,Brasil,1982,16,Defensor,1,0,0,4,0,0.00,0,0,1,0,0,5
Edinho,Brasil,1986,4,Defensor,5,5,5,0,1,0.20,1,0,4,1,0,5
Edinson Cavani,Uruguay,2010,7,Delantero,6,6,0,1,1,0.17,0,0,3,1,2,4
Edinson Cavani,Uruguay,2014,21,Delantero,4,4,0,0,1,0.25,0,0,2,0,2,12
Edinson Cavani,Uruguay,2018,21,Delantero,4,4,0,1,3,0.75,0,0,4,0,0,5
Edinson Cavani,Uruguay,2022,21,Delantero,3,1,0,0,0,0.00,1,0,1,1,1,20
Edison Flores,Perú,2018,20,Delantero,3,3,0,0,0,0.00,0,0,1,0,2,20
Edison Mendez,Ecuador,2002,19,Mediocampista,3,3,0,0,1,0.33,0,0,1,0,2,24
Edison Mendez,Ecuador,2006,8,Mediocampista,4,4,0,0,0,0.00,1,0,2,0,2,12
Edison Mendez,Ecuador,2014,8,Mediocampista,1,0,0,2,0,0.00,0,0,1,0,0,17
Edivaldo,Brasil,1986,11,Delantero,0,0,0,5,0,0.00,0,0,0,0,0,5
Edmilson,Brasil,2002,5,Defensor,6,6,0,1,1,0.17,0,0,6,0,0,1
Edmond Baraffe,Francia,1966,3,Delantero,0,0,0,3,0,0.00,0,0,0,0,0,13
Edmond Delfour,Francia,1930,-,Delantero,3,3,0,0,0,0.00,0,0,1,0,2,7
Edmond Delfour,Francia,1934,-,Mediocampista,1,1,0,0,0,0.00,0,0,0,0,1,9
Edmond Delfour,Francia,1938,-,Mediocampista,2,2,0,0,0,0.00,0,0,1,0,1,8
Edmond Enoka,Camerún,1982,3,Defensor,0,0,0,3,0,0.00,0,0,0,0,0,17
Edmond Loichot,Suiza,1934,-,Mediocampista,0,0,0,2,0,0.00,0,0,0,0,0,7
Edmund Conen,Alemania,1934,-,Delantero,4,4,0,0,4,1.00,0,0,3,0,1,3
Edmund Giemsa,Polonia,1938,-,Defensor,0,0,0,1,0,0.00,0,0,0,0,0,11
Edmund Tworz,Polonia,1938,-,Defensor,0,0,0,1,0,0.00,0,0,0,0,0,11
Edmundo,Brasil,1998,21,Delantero,2,0,0,5,0,0.00,0,0,1,0,1,2
Edmundo Piaggio,Argentina,1930,-,Mediocampista,0,0,0,5,0,0.00,0,0,0,0,0,2
Edouard Mendy,Senegal,2022,16,Arquero,4,4,0,0,0,0.00,0,0,2,0,2,10
Edson,Angola,2006,13,Mediocampista,1,0,0,2,0,0.00,0,0,0,0,1,23
Edson,Brasil,1986,2,Defensor,2,2,0,3,0,0.00,0,0,2,0,0,5
Edson Álvarez,México,2018,21,Defensor,4,3,0,0,0,0.00,1,0,2,0,2,12
Edson Álvarez,México,2022,4,Defensor,2,2,0,1,0,0.00,1,0,1,1,0,22
Edson Braafheid,Paises Bajos,2010,15,Defensor,1,0,0,6,0,0.00,0,0,0,0,1,2
Edson Buddle,Estados Unidos,2010,14,Delantero,2,0,0,2,0,0.00,0,0,1,1,0,12
Edu,Brasil,1966,22,Delantero,0,0,0,3,0,0.00,0,0,0,0,0,11
Edu,Brasil,1970,19,Delantero,1,0,0,5,0,0.00,0,0,1,0,0,1
Edu,Brasil,1974,20,Delantero,1,1,0,6,0,0.00,0,0,1,0,0,4
Eduard Dubinski,URSS,1962,4,Defensor,1,1,0,3,0,0.00,0,0,1,0,0,6
Eduard Krieger,Austria,1978,12,Mediocampista,5,5,0,1,0,0.00,0,0,2,0,3,7
Eduard Malofeyev,URSS,1966,19,Delantero,5,5,0,1,3,0.60,0,0,3,0,2,4
Eduard Markarov,URSS,1966,20,Delantero,1,1,0,5,0,0.00,0,0,1,0,0,4
Eduardo,Portugal,2010,1,Arquero,4,4,0,0,0,0.00,0,0,1,2,1,11
Eduardo,Portugal,2014,1,Arquero,1,0,0,2,0,0.00,0,0,1,0,0,18
Eduardo,Croacia,2014,22,Delantero,1,0,0,2,0,0.00,1,0,1,0,0,19
Eduardo Acevedo,Uruguay,1986,3,Defensor,4,4,1,0,0,0.00,1,0,0,2,2,16
Eduardo Astengo,Perú,1930,-,Mediocampista,1,1,0,1,0,0.00,0,0,0,0,1,10
Eduardo Bonvallet,Chile,1982,7,Mediocampista,3,3,0,0,0,0.00,0,0,0,0,3,22
Eduardo Camavinga,Francia,2022,25,Mediocampista,2,1,0,5,0,0.00,0,0,0,1,1,2
Eduardo Espinoza,México,1994,15,Mediocampista,0,0,0,4,0,0.00,0,0,0,0,0,13
Eduardo Gutierrez,Bolivia,1950,-,Arquero,1,1,0,0,0,0.00,0,0,0,0,1,13
Eduardo Laing,Honduras,1982,7,Delantero,2,0,0,1,1,0.50,0,0,0,1,1,18
Eduardo Malasquez,Perú,1982,18,Mediocampista,0,0,0,3,0,0.00,0,0,0,0,0,20
Eduardo Nino,Colombia,1990,12,Arquero,0,0,0,4,0,0.00,0,0,0,0,0,14
Eduardo Pereira,Uruguay,1990,12,Arquero,0,0,0,4,0,0.00,0,0,0,0,0,16
Eduardo Ramos,México,1978,4,Defensor,2,2,0,1,0,0.00,0,0,0,0,2,16
Eduardo Reyes Ortiz,Bolivia,1930,-,Delantero,1,1,0,1,0,0.00,0,0,0,0,1,12
Eduardo Salvio,Argentina,2018,18,Defensor,2,2,0,2,0,0.00,0,0,0,1,1,16
Eduardo Vargas,Chile,2014,11,Delantero,4,4,0,0,1,0.25,0,0,2,1,1,9
Edward Madejski,Polonia,1938,-,Arquero,1,1,0,0,0,0.00,0,0,0,0,1,11
Edwin Tenorio,Ecuador,2002,20,Mediocampista,2,2,0,1,0,0.00,0,0,0,0,2,24
Edwin Tenorio,Ecuador,2006,20,Mediocampista,4,4,0,0,0,0.00,0,0,2,0,2,12
Edwin Van Der Sar,Paises Bajos,1994,13,Arquero,0,0,0,5,0,0.00,0,0,0,0,0,7
Edwin Van Der Sar,Paises Bajos,1998,1,Arquero,7,7,0,0,0,0.00,0,0,3,3,1,4
Edwin Van Der Sar,Paises Bajos,2006,1,Arquero,4,4,4,0,0,0.00,0,0,2,1,1,11
Edwin Villafuerte,Ecuador,2006,1,Arquero,0,0,0,4,0,0.00,0,0,0,0,0,12
Efan Ekoku,Nigeria,1994,18,Delantero,0,0,0,4,0,0.00,0,0,0,0,0,9
Efe Ambrose,Nigeria,2014,5,Defensor,4,4,0,0,0,0.00,0,0,1,1,2,16
Efetobore Sodje,Nigeria,2002,16,Defensor,2,2,0,1,0,0.00,1,0,0,1,1,27
Efrain Amezcua,México,1930,-,Mediocampista,2,2,0,1,0,0.00,0,0,0,0,2,13
Efrain Juarez,México,2010,16,Defensor,3,3,0,1,0,0.00,2,0,1,1,1,14
Efrain Sanchez,Colombia,1962,1,Arquero,3,3,2,0,0,0.00,0,0,0,1,2,14
Egidio Arevalo,Uruguay,2010,17,Mediocampista,7,7,0,0,0,0.00,1,0,3,2,2,4
Egidio Arevalo,Uruguay,2014,17,Mediocampista,4,4,0,0,0,0.00,1,0,2,0,2,12
Egil Ostenstad,Noruega,1998,18,Delantero,1,0,0,3,0,0.00,0,0,0,1,0,15
Egisto Pandolfini,Italia,1950,-,Delantero,1,1,0,1,1,1.00,0,0,1,0,0,7
Egisto Pandolfini,Italia,1954,8,Delantero,3,3,2,0,1,0.33,0,0,1,0,2,10
Egon Jonsson,Suecia,1950,-,Delantero,3,3,0,2,0,0.00,0,0,1,1,1,3
Egor Titov,Rusia,2002,9,Mediocampista,3,3,0,0,1,0.33,0,0,1,0,2,22
Ehsan Hajsafi,Irán,2014,3,Mediocampista,3,3,0,0,0,0.00,0,0,0,1,2,28
Ehsan Hajsafi,Irán,2018,3,Defensor,3,3,2,0,0,0.00,1,0,1,1,1,18
Ehsan Hajsafi,Irán,2022,3,Defensor,3,3,3,0,0,0.00,0,0,1,0,2,26
Eiji Kawashima,Japón,2010,21,Arquero,4,4,0,0,0,0.00,0,0,2,1,1,9
Eiji Kawashima,Japón,2014,1,Arquero,3,3,0,0,0,0.00,0,0,0,1,2,29
Eiji Kawashima,Japón,2018,1,Arquero,4,4,0,0,0,0.00,1,0,1,1,2,15
Eiji Kawashima,Japón,2022,1,Arquero,0,0,0,4,0,0.00,0,0,0,0,0,9
Eike Immel,Alemania Occidental,1982,22,Arquero,0,0,0,7,0,0.00,0,0,0,0,0,2
Eike Immel,Alemania Occidental,1986,22,Arquero,0,0,0,7,0,0.00,0,0,0,0,0,2
Eissa Meer,Emiratos Arabes,1990,19,Defensor,3,3,0,0,0,0.00,1,0,0,0,3,24
Eisuke Nakanishi,Japón,1998,19,Defensor,2,2,0,1,0,0.00,2,0,0,0,2,31
Eivar Widlund,Suecia,1934,-,Arquero,0,0,0,2,0,0.00,0,0,0,0,0,8
Ejike Uzoenyi,Nigeria,2014,3,Mediocampista,1,0,0,3,0,0.00,0,0,1,0,0,16
Eken Bulent,Turquía,1954,13,Defensor,0,0,0,3,0,0.00,0,0,0,0,0,11
El Hadji Diouf,Senegal,2002,11,Delantero,5,5,0,0,0,0.00,1,0,2,2,1,7
El-Winsh,Egipto,2018,15,Defensor,0,0,0,3,0,0.00,0,0,0,0,0,31
Eladio,España,1966,3,Defensor,1,1,0,2,0,0.00,0,0,0,0,1,10
Eladio Reyes,Perú,1970,19,Mediocampista,1,0,0,3,0,0.00,0,0,0,0,1,7
Eladio Rojas,Chile,1962,6,Mediocampista,6,6,0,0,2,0.33,0,0,4,0,2,3
Elano,Brasil,2010,7,Mediocampista,2,2,0,3,2,1.00,0,0,2,0,0,6
Elderson Echiéjilé,Nigeria,2018,3,Defensor,0,0,0,3,0,0.00,0,0,0,0,0,21
Eli Ben Rimoz,Israel,1970,17,Delantero,0,0,0,3,0,0.00,0,0,0,0,0,12
Eliaquim Mangala,Francia,2014,13,Defensor,0,0,0,5,0,0.00,0,0,0,0,0,7
Elias Atmatzidis,Grecia,1994,20,Arquero,1,1,0,2,0,0.00,0,0,0,0,1,24
Elias Figueroa,Chile,1966,7,Defensor,3,3,0,0,0,0.00,0,0,0,1,2,13
Elias Figueroa,Chile,1974,5,Defensor,3,3,0,0,0,0.00,0,0,0,2,1,11
Elias Figueroa,Chile,1982,5,Defensor,3,3,3,0,0,0.00,0,0,0,0,3,22
Elias Munoz,México,1966,18,Delantero,0,0,0,3,0,0.00,0,0,0,0,0,12
Eligio Antonio Insfran,Paraguay,1958,22,Delantero,0,0,0,3,0,0.00,0,0,0,0,0,12
Eligio Echague,Paraguay,1958,6,Defensor,2,2,0,1,0,0.00,0,0,1,1,0,12
Elioro Paredes,Paraguay,1950,-,Defensor,0,0,0,2,0,0.00,0,0,0,0,0,11
Eliseo Alvarez,Uruguay,1962,18,Defensor,3,3,0,0,0,0.00,0,0,1,0,2,13
Eliseo Alvarez,Uruguay,1966,16,Mediocampista,0,0,0,4,0,0.00,0,0,0,0,0,7
Eliseo Insfran,Paraguay,1958,19,Delantero,0,0,0,3,0,0.00,0,0,0,0,0,12
Eliseo Mourino,Argentina,1958,16,Mediocampista,0,0,0,3,0,0.00,0,0,0,0,0,13
Eliseo Prado,Argentina,1958,8,Delantero,1,1,0,2,0,0.00,0,0,0,0,1,13
Eliseo Rivero,Uruguay,1986,15,Defensor,1,1,0,3,0,0.00,0,0,0,0,1,16
Elisha Owusu,Ghana,2022,6,Mediocampista,0,0,0,3,0,0.00,0,0,0,0,0,24
Eljero Elia,Paises Bajos,2010,17,Delantero,6,0,0,1,0,0.00,0,0,5,0,1,2
Ellyes Skhiri,Túnez,2018,17,Mediocampista,3,3,0,0,0,0.00,0,0,1,0,2,24
Ellyes Skhiri,Túnez,2022,17,Mediocampista,3,3,0,0,0,0.00,0,0,1,1,1,21
Elmer Angel Acevedo,El Salvador,1970,21,Delantero,0,0,0,3,0,0.00,0,0,0,0,0,16
Eloy,España,1986,20,Delantero,3,0,0,2,1,0.33,0,0,2,1,0,7
Eloy Campos,Perú,1970,2,Defensor,2,2,0,2,0,0.00,0,0,1,0,1,7
Elvedin Dzinic,Eslovenia,2010,3,Defensor,0,0,0,3,0,0.00,0,0,0,0,0,18
Ely Do Amparo,Brasil,1950,-,Defensor,1,1,0,5,0,0.00,0,0,1,0,0,2
Ely Do Amparo,Brasil,1954,14,Mediocampista,0,0,0,3,0,0.00,0,0,0,0,0,6
Ely Tacchella,Suiza,1962,8,Defensor,3,3,0,0,0,0.00,0,0,0,0,3,16
Ely Tacchella,Suiza,1966,20,Defensor,1,1,0,2,0,0.00,0,0,0,0,1,16
Elzo,Brasil,1986,19,Mediocampista,5,5,0,0,0,0.00,0,0,4,1,0,5
Emeka Ezeugo,Nigeria,1994,13,Defensor,1,0,0,3,0,0.00,0,0,1,0,0,9
Emerich Dembrovschi,Rumania,1970,7,Mediocampista,3,3,0,0,1,0.33,0,0,1,0,2,10
Emerich Vogl,Rumania,1930,-,Defensor,2,2,2,0,0,0.00,0,0,1,0,1,8
Emerich Vogl,Rumania,1934,-,Mediocampista,1,1,1,0,0,0.00,0,0,0,0,1,12
Emerse Fae,Costa de Marfil,2006,7,Mediocampista,0,0,0,3,0,0.00,0,0,0,0,0,19
Emerson,Brasil,1998,11,Mediocampista,2,0,0,5,0,0.00,0,0,1,1,0,2
Emerson,Brasil,2006,5,Mediocampista,3,3,0,2,0,0.00,1,0,3,0,0,5
Emil Forsberg,Suecia,2018,10,Mediocampista,5,5,0,0,1,0.20,0,0,3,0,2,7
Emil Hallfredsson,Islandia,2018,20,Mediocampista,2,2,0,1,0,0.00,1,0,0,1,1,28
Emil Kostadinov,Bulgaria,1994,7,Delantero,7,7,0,0,0,0.00,1,0,3,1,3,4
Emil Kostadinov,Bulgaria,1998,7,Delantero,3,2,0,0,1,0.33,0,0,0,1,2,29
Emil Krafth,Suecia,2018,16,Defensor,2,1,0,3,0,0.00,0,0,1,0,1,7
Emil Kremenliev,Bulgaria,1994,2,Defensor,5,4,0,2,0,0.00,0,1,2,1,2,4
Emil Pazicky,Checoslovaquia,1954,10,Delantero,2,2,0,0,0,0.00,0,0,0,0,2,14
Emil Sandoi,Rumania,1990,19,Defensor,0,0,0,4,0,0.00,0,0,0,0,0,12
Emile Heskey,Inglaterra,2002,11,Delantero,5,5,0,0,1,0.20,1,0,2,2,1,6
Emile Heskey,Inglaterra,2010,21,Delantero,4,2,0,0,0,0.00,0,0,1,2,1,13
Emile Mbouh,Camerún,1990,8,Mediocampista,4,4,0,1,0,0.00,2,0,3,0,1,7
Emile Mbouh,Camerún,1994,8,Mediocampista,2,2,0,1,0,0.00,1,0,0,1,1,22
Emile Mpenza,Bélgica,1998,20,Delantero,3,0,0,0,0,0.00,0,0,0,3,0,19
Emile Stynen,Bélgica,1938,-,Mediocampista,1,1,1,0,0,0.00,0,0,0,0,1,13
Emile Veinante,Francia,1930,-,Delantero,1,1,0,2,0,0.00,0,0,0,0,1,7
Emile Veinante,Francia,1934,-,Delantero,0,0,0,1,0,0.00,0,0,0,0,0,9
Emile Veinante,Francia,1938,-,Mediocampista,2,2,0,0,1,0.50,0,0,1,0,1,8
Emiliano Martinez,Argentina,2022,23,Arquero,7,7,0,0,0,0.00,1,0,4,2,1,1
Emilio Alvarez,Uruguay,1962,3,Defensor,3,3,0,0,0,0.00,0,0,1,0,2,13
Emilio Alvarez,Uruguay,1966,14,Mediocampista,0,0,0,4,0,0.00,0,0,0,0,0,7
Emilio Butragueño,España,1986,9,Delantero,5,5,0,0,5,1.00,0,0,3,1,1,7
Emilio Butragueño,España,1990,9,Delantero,4,4,4,0,0,0.00,0,0,2,1,1,10
Emilio Caprile,Italia,1950,-,Delantero,0,0,0,2,0,0.00,0,0,0,0,0,7
Emilio Izaguirre,Honduras,2010,21,Defensor,2,2,0,1,0,0.00,1,0,0,0,2,30
Emilio Izaguirre,Honduras,2014,7,Defensor,2,2,0,1,0,0.00,0,0,0,0,2,31
Emilio Recoba,Uruguay,1930,-,Defensor,0,0,0,4,0,0.00,0,0,0,0,0,1
Emir Mkademi,Túnez,2002,19,Defensor,0,0,0,3,0,0.00,0,0,0,0,0,29
Emir Spahic,Bosnia-Herzegovina,2014,4,Defensor,3,3,3,0,0,0.00,1,0,1,0,2,20
Emlyn Hughes,Inglaterra,1970,16,Mediocampista,0,0,0,4,0,0.00,0,0,0,0,0,8
Emmanuel Adebayor,Togo,2006,4,Delantero,3,3,0,0,0,0.00,1,0,0,0,3,30
Emmanuel Agyemang-Badu,Ghana,2014,8,Mediocampista,2,1,0,1,0,0.00,0,0,0,1,1,25
Emmanuel Amunike,Nigeria,1994,11,Mediocampista,4,4,0,0,2,0.50,1,0,2,0,2,9
Emmanuel Eboue,Costa de Marfil,2006,21,Defensor,3,3,0,0,0,0.00,1,0,1,0,2,19
Emmanuel Eboue,Costa de Marfil,2010,21,Defensor,3,3,0,0,0,0.00,0,0,1,1,1,17
Emmanuel Emenike,Nigeria,2014,9,Delantero,4,4,0,0,0,0.00,0,0,1,1,2,16
Emmanuel Kone,Costa de Marfil,2010,14,Mediocampista,0,0,0,3,0,0.00,0,0,0,0,0,17
Emmanuel Kunde,Camerún,1982,6,Defensor,3,3,0,0,0,0.00,0,0,0,3,0,17
Emmanuel Kunde,Camerún,1990,6,Defensor,4,4,0,1,1,0.25,0,0,2,0,2,7
Emmanuel Maboang,Camerún,1990,21,Mediocampista,3,3,0,2,0,0.00,0,0,2,0,1,7
Emmanuel Maboang,Camerún,1994,11,Mediocampista,2,0,0,1,0,0.00,0,0,0,1,1,22
Emmanuel Olisadebe,Polonia,2002,11,Delantero,3,3,0,0,1,0.33,1,0,1,0,2,25
Emmanuel Pappoe,Ghana,2006,6,Defensor,2,2,0,2,0,0.00,0,0,0,0,2,13
Emmanuel Petit,Francia,1998,17,Mediocampista,6,6,0,1,2,0.33,1,0,5,1,0,1
Emmanuel Petit,Francia,2002,17,Mediocampista,2,2,0,1,0,0.00,2,0,0,1,1,28
Emmanuel Sanon,Haití,1974,20,Delantero,3,3,0,0,2,0.67,0,0,0,0,3,15
Emre Asik,Turquía,2002,2,Defensor,2,2,0,5,0,0.00,2,0,1,1,0,3
Emre Belozoglu,Turquía,2002,21,Mediocampista,6,6,0,1,1,0.17,3,0,3,1,2,3
Engelbert Kraus,Alemania Occidental,1962,17,Delantero,1,1,0,3,0,0.00,0,0,1,0,0,7
Enhua Zhang,China,2002,2,Defensor,0,0,0,3,0,0.00,0,0,0,0,0,31
Enner Valencia,Ecuador,2014,13,Delantero,3,3,0,0,3,1.00,1,0,1,1,1,17
Enner Valencia,Ecuador,2022,13,Delantero,3,3,3,0,3,1.00,0,0,1,1,1,18
Enrico Albertosi,Italia,1962,13,Arquero,0,0,0,3,0,0.00,0,0,0,0,0,9
Enrico Albertosi,Italia,1966,1,Arquero,3,3,0,0,0,0.00,0,0,1,0,2,9
Enrico Albertosi,Italia,1970,1,Arquero,6,6,0,0,0,0.00,0,0,3,2,1,2
Enrico Albertosi,Italia,1974,12,Arquero,0,0,0,3,0,0.00,0,0,0,0,0,10
Enrico Chiesa,Italia,1998,20,Delantero,2,0,0,3,0,0.00,0,0,1,1,0,5
Enrique Avalos,Paraguay,1950,-,Delantero,2,2,0,0,0,0.00,0,0,0,1,1,11
Enrique Ballestrero,Uruguay,1930,-,Arquero,4,4,0,0,0,0.00,0,0,4,0,0,1
Enrique Borja,México,1966,20,Delantero,3,3,0,0,1,0.33,0,0,0,2,1,12
Enrique Borja,México,1970,9,Delantero,2,1,0,2,0,0.00,0,0,1,0,1,6
Enrique Chazarreta,Argentina,1974,8,Mediocampista,1,0,0,5,0,0.00,0,0,0,1,0,8
Enrique Chimento,Argentina,1934,-,Defensor,0,0,0,1,0,0.00,0,0,0,0,0,9
Enrique Collar,España,1962,4,Delantero,1,1,1,2,0,0.00,0,0,0,0,1,12
Enrique Guaita,Italia,1934,-,Delantero,4,4,0,1,1,0.25,0,0,3,1,0,1
Enrique Lopez Zarza,México,1978,8,Delantero,1,1,0,2,0,0.00,0,0,0,0,1,16
Enrique Romero,España,2002,15,Defensor,3,2,0,2,0,0.00,0,0,2,1,0,5
Enrique Saura,España,1982,15,Mediocampista,4,2,0,1,1,0.25,0,0,1,2,1,12
Enrique Sesma,México,1958,11,Delantero,3,3,0,0,0,0.00,0,0,0,1,2,16
Enrique Vera,Paraguay,2010,13,Mediocampista,5,4,0,0,1,0.20,1,0,1,3,1,8
Enrique Wolff,Argentina,1974,20,Defensor,5,5,1,1,0,0.00,0,0,1,2,2,8
Enver Hadziabdic,Yugoslavia,1974,3,Defensor,6,6,0,0,0,0.00,2,0,1,2,3,7
Enver Maric,Yugoslavia,1974,1,Arquero,6,6,0,0,0,0.00,0,0,1,2,3,7
Enzo Ebosse,Camerún,2022,24,Defensor,1,1,0,2,0,0.00,0,0,1,0,0,19
Enzo Escobar,Chile,1982,19,Defensor,0,0,0,3,0,0.00,0,0,0,0,0,22
Enzo Fernandez,Argentina,2022,24,Mediocampista,7,5,0,0,1,0.14,1,0,4,2,1,1
Enzo Francescoli,Uruguay,1986,10,Mediocampista,4,4,0,0,1,0.25,1,0,0,2,2,16
Enzo Francescoli,Uruguay,1990,9,Mediocampista,4,4,4,0,0,0.00,1,0,1,1,2,16
Enzo Pérez,Argentina,2014,8,Mediocampista,3,2,0,4,0,0.00,0,0,1,1,1,2
Enzo Pérez,Argentina,2018,15,Mediocampista,3,3,0,1,0,0.00,0,0,1,0,2,16
Enzo Robotti,Italia,1962,16,Defensor,3,3,0,0,0,0.00,0,0,1,1,1,9
Enzo Scifo,Bélgica,1986,8,Mediocampista,7,7,0,0,2,0.29,0,0,2,2,3,4
Enzo Scifo,Bélgica,1990,10,Mediocampista,4,4,0,0,1,0.25,0,0,2,0,2,11
Enzo Scifo,Bélgica,1994,10,Mediocampista,4,4,1,0,0,0.00,1,0,2,0,2,11
Enzo Scifo,Bélgica,1998,14,Mediocampista,2,2,1,1,0,0.00,0,0,0,2,0,19
Enzo Trossero,Argentina,1982,19,Defensor,0,0,0,5,0,0.00,0,0,0,0,0,11
Ephrem Mbom,Camerún,1982,7,Defensor,3,3,0,0,0,0.00,0,0,0,3,0,17
Eraldo Monzeglio,Italia,1934,-,Defensor,4,4,0,1,0,0.00,0,0,3,1,0,1
Eraldo Monzeglio,Italia,1938,-,Defensor,1,1,0,3,0,0.00,0,0,1,0,0,1
Eraldo Pecci,Italia,1978,11,Mediocampista,0,0,0,7,0,0.00,0,0,0,0,0,4
Eray Cömert,Suiza,2022,18,Defensor,2,0,0,2,0,0.00,1,0,1,0,1,12
Erdem Naci,Turquía,1954,17,Defensor,1,1,0,2,0,0.00,0,0,0,0,1,11
Eren Derdiyok,Suiza,2010,19,Delantero,3,2,0,0,0,0.00,0,0,1,1,1,19
Ergun Penbe,Turquía,2002,18,Mediocampista,5,5,0,2,0,0.00,1,0,3,1,1,3
Eric Abidal,Francia,2006,3,Defensor,6,6,0,1,0,0.00,2,0,3,3,0,2
Eric Abidal,Francia,2010,3,Defensor,2,2,0,1,0,0.00,1,0,0,1,1,29
Eric Addo,Ghana,2006,18,Mediocampista,4,2,0,0,0,0.00,1,0,2,0,2,13
Eric Akoto,Togo,2006,12,Defensor,0,0,0,3,0,0.00,0,0,0,0,0,30
Eric Caldow,Escocia,1958,4,Defensor,3,3,0,0,0,0.00,0,0,0,1,2,14
Eric Maxim Choupo Moting,Camerún,2010,13,Delantero,2,2,0,1,0,0.00,0,0,0,0,2,31
Eric Maxim Choupo Moting,Camerún,2014,13,Delantero,3,3,0,0,0,0.00,0,0,0,0,3,32
Eric Maxim Choupo Moting,Camerún,2022,13,Delantero,3,3,2,0,1,0.33,0,0,1,1,1,19
Eric Deflandre,Bélgica,1998,22,Defensor,3,2,0,0,0,0.00,1,0,0,3,0,19
Eric Deflandre,Bélgica,2002,2,Defensor,1,1,0,3,0,0.00,0,0,0,1,0,14
Eric Dier,Inglaterra,2018,4,Mediocampista,6,2,1,1,0,0.00,0,0,2,1,3,4
Eric Dier,Inglaterra,2022,15,Defensor,2,0,0,3,0,0.00,0,0,2,0,0,6
Eric Djemba Djemba,Camerún,2002,19,Delantero,0,0,0,3,0,0.00,0,0,0,0,0,20
Eric Eichmann,Estados Unidos,1990,13,Delantero,0,0,0,3,0,0.00,0,0,0,0,0,23
Eric Ejiofor,Nigeria,2002,19,Defensor,0,0,0,3,0,0.00,0,0,0,0,0,27
Eric García,España,2022,3,Defensor,0,0,0,4,0,0.00,0,0,0,0,0,13
Eric Gerets,Bélgica,1982,2,Defensor,3,3,3,2,0,0.00,0,0,2,1,0,10
Eric Gerets,Bélgica,1986,2,Defensor,6,6,0,1,0,0.00,0,0,2,1,3,4
Eric Gerets,Bélgica,1990,2,Defensor,3,3,1,1,0,0.00,0,1,2,0,1,11
Eric Van Meir,Bélgica,1994,19,Defensor,0,0,0,4,0,0.00,0,0,0,0,0,11
Eric Van Meir,Bélgica,1998,19,Defensor,0,0,0,3,0,0.00,0,0,0,0,0,19
Eric Van Meir,Bélgica,2002,4,Defensor,2,1,0,2,0,0.00,1,0,1,1,0,14
Eric Wynalda,Estados Unidos,1990,11,Delantero,2,1,0,1,0,0.00,0,1,0,0,2,23
Eric Wynalda,Estados Unidos,1994,11,Delantero,4,3,0,0,1,0.25,0,0,1,1,2,14
Eric Wynalda,Estados Unidos,1998,11,Delantero,2,1,0,1,0,0.00,0,0,0,0,2,32
Erich Beer,Alemania Occidental,1978,15,Mediocampista,4,3,0,2,0,0.00,0,0,0,3,1,6
Erich Hamann,Alemania Oriental,1974,17,Mediocampista,2,1,0,4,0,0.00,1,0,1,0,1,6
Erich Juskowiak,Alemania Occidental,1958,3,Defensor,5,5,0,1,0,0.00,0,0,2,2,1,4
Erich Obermayer,Austria,1978,3,Defensor,6,6,0,0,1,0.17,0,0,3,0,3,7
Erich Obermayer,Austria,1982,3,Defensor,5,5,5,0,0,0.00,1,0,2,1,2,8
Erich Probst,Austria,1954,10,Delantero,5,5,0,0,6,1.20,0,0,4,0,1,3
Erich Schaedler,Escocia,1974,22,Defensor,0,0,0,3,0,0.00,0,0,0,0,0,9
Erick Davis,Panamá,2018,15,Defensor,2,2,0,1,0,0.00,1,0,0,0,2,32
Érick Gutiérrez,México,2018,5,Mediocampista,0,0,0,4,0,0.00,0,0,0,0,0,12
Érick Gutiérrez,México,2022,14,Mediocampista,1,0,0,2,0,0.00,1,0,0,0,1,22
Erick Lonnis,Costa Rica,2002,1,Arquero,3,3,3,0,0,0.00,0,0,1,1,1,19
Erik Almgren,Suecia,1938,-,Mediocampista,3,3,0,0,0,0.00,0,0,1,0,2,4
Erik Durm,Alemania,2014,15,Defensor,0,0,0,7,0,0.00,0,0,0,0,0,1
Erik Edman,Suecia,2002,14,Defensor,0,0,0,4,0,0.00,0,0,0,0,0,13
Erik Edman,Suecia,2006,5,Defensor,4,4,0,0,0,0.00,0,0,1,2,1,14
Erik Granath,Suecia,1934,-,Defensor,0,0,0,2,0,0.00,0,0,0,0,0,8
Erik Hoftun,Noruega,1998,19,Defensor,0,0,0,4,0,0.00,0,0,0,0,0,15
Erik Jendrisek,Eslovaquia,2010,18,Delantero,3,3,0,1,0,0.00,0,0,1,1,1,16
Erik Mykland,Noruega,1994,7,Mediocampista,3,3,0,0,0,0.00,0,0,1,1,1,17
Erik Mykland,Noruega,1998,7,Mediocampista,3,2,0,1,0,0.00,1,0,1,1,1,15
Erik Nilsson,Suecia,1938,-,Defensor,1,1,0,2,0,0.00,0,0,0,0,1,4
Erik Nilsson,Suecia,1950,-,Defensor,5,5,5,0,0,0.00,0,0,2,1,2,3
Erik Persson,Suecia,1938,-,Delantero,1,1,0,2,0,0.00,0,0,0,0,1,4
Erik Thorstvedt,Noruega,1994,1,Arquero,3,3,0,0,0,0.00,0,0,1,1,1,17
Erland Johnsen,Noruega,1994,3,Defensor,1,1,0,2,0,0.00,1,0,0,1,0,17
Ermes Muccinelli,Italia,1950,-,Delantero,2,2,0,0,1,0.50,0,0,1,0,1,7
Ermes Muccinelli,Italia,1954,7,Delantero,2,2,0,1,0,0.00,0,0,0,0,2,10
Ermin Bicakcic,Bosnia-Herzegovina,2014,3,Defensor,1,1,0,2,0,0.00,0,0,0,0,1,20
Ermindo Onega,Argentina,1966,20,Delantero,4,4,0,0,1,0.25,0,0,2,1,1,5
Ernest Ebongue,Camerún,1982,21,Delantero,0,0,0,3,0,0.00,0,0,0,0,0,17
Ernest Lehner,Alemania,1934,-,Delantero,4,4,0,0,2,0.50,0,0,3,0,1,3
Ernest Lehner,Alemania,1938,-,Delantero,2,2,0,0,0,0.00,0,0,0,1,1,10
Ernest Liberati,Francia,1930,-,Delantero,3,3,0,0,0,0.00,0,0,1,0,2,7
Ernest Schultz,Francia,1954,20,Delantero,0,0,0,2,0,0.00,0,0,0,0,0,9
Ernest Wilimowski,Polonia,1938,-,Delantero,1,1,0,0,4,4.00,0,0,0,0,1,11
Ernesto,Portugal,1966,7,Delantero,0,0,0,6,0,0.00,0,0,0,0,0,3
Ernesto Albarracin,Argentina,1934,-,Mediocampista,0,0,0,1,0,0.00,0,0,0,0,0,9
Ernesto Aparicio,El Salvador,1970,11,Delantero,3,2,0,0,0,0.00,0,0,0,0,3,16
Ernesto Belis,Argentina,1934,-,Defensor,1,1,0,0,1,1.00,0,0,0,0,1,9
Ernesto Chaparro,Chile,1930,-,Defensor,2,2,0,1,0,0.00,0,0,1,0,1,5
Ernesto Cisneros,México,1966,9,Mediocampista,1,1,0,2,0,0.00,0,0,0,1,0,12
Ernesto Labarthe,Perú,1978,18,Mediocampista,0,0,0,6,0,0.00,0,0,0,0,0,8
Ernesto Mascheroni,Uruguay,1930,-,Defensor,3,3,0,1,0,0.00,0,0,3,0,0,1
Ernesto Vidal,Uruguay,1950,-,Delantero,3,3,0,1,1,0.33,0,0,2,1,0,1
Ernie Brandts,Paises Bajos,1978,22,Defensor,4,4,0,3,2,0.50,0,0,2,1,1,2
Ernie Campbell,Australia,1974,19,Delantero,1,1,0,2,0,0.00,0,0,0,0,1,14
Ernie Copland,Escocia,1954,21,Delantero,0,0,0,2,0,0.00,0,0,0,0,0,15
Erno Solymosi,Hungría,1962,5,Defensor,4,4,0,0,1,0.25,0,0,2,1,1,5
Ernst Aigner,Austria,1990,2,Defensor,3,3,0,0,0,0.00,0,0,1,0,2,18
Ernst Albrecht,Alemania,1934,-,Mediocampista,0,0,0,4,0,0.00,0,0,0,0,0,3
Ernst Andersson,Suecia,1934,-,Mediocampista,2,2,0,0,0,0.00,0,0,1,0,1,8
Ernst Baumeister,Austria,1978,20,Mediocampista,0,0,0,6,0,0.00,0,0,0,0,0,7
Ernst Baumeister,Austria,1982,14,Mediocampista,4,2,0,1,0,0.00,0,0,2,1,1,8
Ernst Frick,Suiza,1934,-,Mediocampista,0,0,0,2,0,0.00,0,0,0,0,0,7
Ernst Happel,Austria,1954,3,Defensor,4,4,0,1,0,0.00,0,0,3,0,1,3
Ernst Happel,Austria,1958,3,Defensor,2,2,0,1,0,0.00,0,0,0,1,1,15
Ernst Hufschmid,Suiza,1934,-,Mediocampista,2,2,0,0,0,0.00,0,0,1,0,1,7
Ernst Jean-Joseph,Haití,1974,12,Defensor,1,1,0,2,0,0.00,0,0,0,0,1,15
Ernst Kozlicek,Austria,1958,17,Mediocampista,2,2,0,1,0,0.00,0,0,0,1,1,15
Ernst Loertscher,Suiza,1938,-,Mediocampista,3,3,0,0,0,0.00,0,0,1,1,1,6
Ernst Ocwirk,Austria,1954,5,Mediocampista,5,5,4,0,2,0.40,0,0,4,0,1,3
Ernst Stojaspal,Austria,1954,21,Delantero,4,4,0,1,3,0.75,0,0,3,0,1,3
Erol Keskin,Turquía,1954,7,Delantero,3,3,0,0,1,0.33,0,0,1,0,2,11
Ersoy Sukru,Turquía,1954,12,Arquero,1,1,0,2,0,0.00,0,0,0,0,1,11
Ervin Katnic,Yugoslavia,1950,-,Mediocampista,0,0,0,3,0,0.00,0,0,0,0,0,5
Erwin Ballabio,Suiza,1938,-,Arquero,0,0,0,3,0,0.00,0,0,0,0,0,6
Erwin Fuchsbichler,Austria,1978,21,Arquero,0,0,0,6,0,0.00,0,0,0,0,0,7
Erwin Hochstrasser,Suiza,1934,-,Delantero,0,0,0,2,0,0.00,0,0,0,0,0,7
Erwin Koeman,Paises Bajos,1990,7,Mediocampista,1,1,0,3,0,0.00,0,0,0,1,0,15
Erwin Nyc,Polonia,1938,-,Mediocampista,1,1,0,0,0,0.00,0,0,0,0,1,11
Erwin Sanchez,Bolivia,1994,21,Mediocampista,3,3,0,0,1,0.33,0,0,0,1,2,21
Erwin Van Den Daele,Bélgica,1970,15,Mediocampista,0,0,0,3,0,0.00,0,0,0,0,0,10
Erwin Vandenbergh,Bélgica,1982,9,Delantero,5,5,0,0,1,0.20,0,0,2,1,2,10
Erwin Vandenbergh,Bélgica,1986,9,Delantero,1,1,0,6,1,1.00,0,0,0,0,1,4
Espen Baardsen,Noruega,1998,13,Arquero,0,0,0,4,0,0.00,0,0,0,0,0,15
Essaïd Belkalem,Argelia,2014,4,Defensor,3,2,0,1,0,0.00,0,0,1,1,1,14
Essam El-Hadary,Egipto,2018,1,Arquero,1,1,1,2,0,0.00,0,0,0,0,1,31
Estanislao Basora,España,1950,-,Delantero,6,6,0,0,4,0.67,0,0,3,1,2,4
Estanislao Struway,Paraguay,2002,6,Mediocampista,3,2,0,1,0,0.00,0,0,0,1,2,16
Esteban Alvarado,Costa Rica,2022,18,Arquero,0,0,0,3,0,0.00,0,0,0,0,0,27
Esteban Cambiasso,Argentina,2006,5,Mediocampista,5,3,0,0,1,0.20,1,0,3,2,0,6
Esteban Granados,Costa Rica,2014,13,Mediocampista,0,0,0,5,0,0.00,1,0,0,0,0,8
Esteban Paredes,Chile,2010,22,Delantero,2,0,0,2,0,0.00,0,0,1,0,1,10
Esteban Paredes,Chile,2014,22,Delantero,0,0,0,4,0,0.00,0,0,0,0,0,9
Ethan Ampadu,Gales,2022,15,Defensor,3,3,0,0,0,0.00,0,0,0,1,2,30
Ethan Horvath,Estados Unidos,2022,12,Arquero,0,0,0,4,0,0.00,0,0,0,0,0,14
Etienne Mattler,Francia,1930,-,Defensor,3,3,0,0,0,0.00,0,0,1,0,2,7
Etienne Mattler,Francia,1934,-,Defensor,1,1,0,0,0,0.00,0,0,0,0,1,9
Etienne Mattler,Francia,1938,-,Defensor,2,2,2,0,0,0.00,0,0,1,0,1,8
Eufemio Cabral,Paraguay,1986,15,Defensor,0,0,0,4,0,0.00,0,0,0,0,0,13
Eugen Meier,Suiza,1954,20,Delantero,2,2,0,2,0,0.00,0,0,1,0,1,5
Eugen Meier,Suiza,1962,11,Mediocampista,1,1,0,2,0,0.00,0,0,0,0,1,16
Eugen Rupf,Suiza,1938,-,Delantero,0,0,0,3,0,0.00,0,0,0,0,0,6
Eugen Walachek,Suiza,1938,-,Delantero,3,3,0,0,1,0.33,0,0,1,1,1,6
Eugene Ekeke,Camerún,1990,11,Delantero,1,0,0,4,1,1.00,0,0,0,0,1,7
Eugene Galekovic,Australia,2014,18,Arquero,0,0,0,3,0,0.00,0,0,0,0,0,30
Eugene Parlier,Suiza,1954,2,Arquero,4,4,0,0,0,0.00,0,0,2,0,2,5
Eugenio Corrodi,Suiza,1950,-,Arquero,0,0,0,3,0,0.00,0,0,0,0,0,6
Eugenio Leal,España,1978,14,Mediocampista,3,2,0,0,0,0.00,1,0,1,1,1,10
Eugenio Mena,Chile,2014,2,Defensor,4,4,0,0,0,0.00,2,0,2,1,1,9
Eul Yong Lee,Corea del Sur,2002,13,Mediocampista,4,3,0,3,1,0.25,1,0,1,2,1,4
Eul Yong Lee,Corea del Sur,2006,13,Mediocampista,2,2,0,1,0,0.00,0,0,1,1,0,17
Eulogio Martinez,España,1962,15,Delantero,1,1,0,2,0,0.00,0,0,0,0,1,12
Eun Sung Choi,Corea del Sur,2002,23,Arquero,0,0,0,7,0,0.00,0,0,0,0,0,4
Eusebio,Portugal,1966,13,Delantero,6,6,0,0,9,1.50,1,0,5,0,1,3
Eusebio Acasuzo,Perú,1982,1,Arquero,0,0,0,3,0,0.00,0,0,0,0,0,20
Eusebio Diaz,Paraguay,1930,-,Mediocampista,2,2,0,0,0,0.00,0,0,1,0,1,9
Eusebio Escobar,Colombia,1962,18,Delantero,0,0,0,3,0,0.00,0,0,0,0,0,14
Eusebio Tejera,Uruguay,1950,-,Defensor,4,4,0,0,0,0.00,0,0,3,1,0,1
Eusebio Tejera,Uruguay,1954,14,Defensor,0,0,0,5,0,0.00,0,0,0,0,0,4
Eustaquio Chamorro,Paraguay,1930,-,Defensor,0,0,0,2,0,0.00,0,0,0,0,0,9
Evans Wise,Trinidad y Tobago,2006,16,Delantero,2,0,0,1,0,0.00,0,0,0,0,2,27
Evaristo Isasi,Paraguay,1986,18,Delantero,0,0,0,4,0,0.00,0,0,0,0,0,13
Ever Banega,Argentina,2018,7,Mediocampista,3,2,0,1,0,0.00,2,0,1,1,1,16
Ever Palacios,Colombia,1998,3,Defensor,3,3,0,0,0,0.00,0,0,1,0,2,21
Everaldo,Brasil,1970,16,Defensor,5,5,0,1,0,0.00,0,0,5,0,0,1
Everton Ribeiro,Brasil,2022,22,Mediocampista,1,0,0,4,0,0.00,0,0,0,0,1,7
Evgeni Lovchev,URSS,1970,6,Defensor,2,1,0,2,0,0.00,1,0,1,1,0,5
Evgeni Yanchovski,Bulgaria,1966,18,Mediocampista,0,0,0,3,0,0.00,0,0,0,0,0,15
Ewald Cebula,Polonia,1938,-,Delantero,0,0,0,1,0,0.00,0,0,0,0,0,11
Ewald Dytko,Polonia,1938,-,Mediocampista,1,1,0,0,0,0.00,0,0,0,0,1,11
Exequiel Palacios,Argentina,2022,14,Mediocampista,3,0,0,4,0,0.00,0,0,3,0,0,1
Eyong Enoh,Camerún,2010,18,Mediocampista,2,2,0,1,0,0.00,0,0,0,0,2,31
Eyong Enoh,Camerún,2014,18,Mediocampista,3,3,0,0,0,0.00,1,0,0,0,3,32
Ezequiel Garay,Argentina,2014,2,Defensor,7,7,0,0,0,0.00,1,0,5,1,1,2
Ezequiel Lavezzi,Argentina,2014,22,Delantero,6,4,0,1,0,0.00,0,0,4,1,1,2
Ezio Pascutti,Italia,1962,17,Delantero,1,1,0,2,0,0.00,0,0,1,0,0,9
Ezio Pascutti,Italia,1966,16,Delantero,1,1,0,2,0,0.00,0,0,0,0,1,9
Fabian Cancelarich,Argentina,1990,22,Arquero,0,0,0,7,0,0.00,0,0,0,0,0,2
Fabian Carini,Uruguay,2002,1,Arquero,3,3,0,0,0,0.00,1,0,0,2,1,26
Fabian Delph,Inglaterra,2018,17,Defensor,4,2,0,3,0,0.00,0,0,2,0,2,4
Fabian Estay,Chile,1998,20,Mediocampista,4,2,0,0,0,0.00,1,0,0,3,1,16
Fabian Frei,Suiza,2022,20,Mediocampista,2,0,0,2,0,0.00,0,0,1,0,1,12
Fabian Johnson,Estados Unidos,2014,23,Defensor,4,4,0,0,0,0.00,0,0,1,1,2,15
Fabian O'Neill,Uruguay,2002,10,Delantero,0,0,0,3,0,0.00,0,0,0,0,0,26
Fabian Orellana,Chile,2010,16,Delantero,1,0,0,3,0,0.00,0,0,0,0,1,10
Fabian Orellana,Chile,2014,14,Delantero,0,0,0,4,0,0.00,0,0,0,0,0,9
Fabian Rieder,Suiza,2022,25,Mediocampista,2,1,0,2,0,0.00,1,0,1,0,1,12
Fabian Schär,Suiza,2014,22,Defensor,2,2,0,2,0,0.00,0,0,1,0,1,11
Fabian Schär,Suiza,2018,22,Defensor,3,3,0,1,0,0.00,2,0,1,2,0,14
Fabian Schär,Suiza,2022,22,Defensor,2,2,0,2,0,0.00,2,0,1,0,1,12
Fabien Barthez,Francia,1998,16,Arquero,7,7,0,0,0,0.00,0,0,6,1,0,1
Fabien Barthez,Francia,2002,16,Arquero,3,3,0,0,0,0.00,0,0,0,1,2,28
Fabien Barthez,Francia,2006,16,Arquero,7,7,0,0,0,0.00,0,0,4,3,0,2
Fabinho,Brasil,2022,15,Mediocampista,1,1,0,4,0,0.00,0,0,0,0,1,7
Fabio Cannavaro,Italia,1998,4,Defensor,5,5,0,0,0,0.00,1,0,3,2,0,5
Fabio Cannavaro,Italia,2002,5,Defensor,3,3,0,1,0,0.00,2,0,1,1,1,15
Fabio Cannavaro,Italia,2006,5,Defensor,7,7,7,0,0,0.00,0,0,5,2,0,1
Fabio Cannavaro,Italia,2010,5,Defensor,3,3,3,0,0,0.00,1,0,0,2,1,26
Fabio Capello,Italia,1974,8,Mediocampista,3,3,0,0,1,0.33,0,0,1,1,1,10
Fabio Coentrao,Portugal,2010,23,Defensor,4,4,0,0,0,0.00,1,0,1,2,1,11
Fabio Coentrao,Portugal,2014,5,Defensor,1,1,0,2,0,0.00,0,0,0,0,1,18
Fabio Coltorti,Suiza,2006,21,Arquero,0,0,0,4,0,0.00,0,0,0,0,0,10
Fabio Grosso,Italia,2006,3,Defensor,6,6,0,1,1,0.17,1,0,5,1,0,1
Fabio Quagliarella,Italia,2010,18,Delantero,1,0,0,2,1,1.00,1,0,0,0,1,26
Fabrice Olinga,Camerún,2014,19,Delantero,0,0,0,3,0,0.00,0,0,0,0,0,32
Fabricio Coloccini,Argentina,2006,4,Defensor,2,1,0,3,0,0.00,0,0,0,2,0,6
Fabrizio Poletti,Italia,1970,4,Defensor,1,0,0,5,0,0.00,0,0,1,0,0,2
Facundo Pellistri,Uruguay,2022,8,Delantero,3,2,0,0,0,0.00,0,0,1,1,1,20
Facundo Torres,Uruguay,2022,20,Delantero,0,0,0,3,0,0.00,0,0,0,0,0,20
Fadel Jilal,Marruecos,1986,19,Defensor,0,0,0,4,0,0.00,0,0,0,0,0,11
Fadil Megharia,Argelia,1986,20,Defensor,2,2,0,1,0,0.00,0,0,0,0,2,22
Fagner,Brasil,2018,22,Defensor,4,4,0,1,0,0.00,1,0,3,0,1,6
Fahad Abdulrahman,Emiratos Arabes,1990,18,Mediocampista,0,0,0,3,0,0.00,0,0,0,0,0,24
Fahad Al Bishi,Arabia Saudita,1994,8,Mediocampista,4,4,0,0,0,0.00,0,0,2,0,2,12
Fahad Al Ghesheyan,Arabia Saudita,1994,7,Delantero,2,0,0,2,1,0.50,0,0,1,0,1,12
Fahad Al Mehalel,Arabia Saudita,1994,11,Delantero,0,0,0,4,0,0.00,0,0,0,0,0,12
Fahad Al Mehalel,Arabia Saudita,1998,11,Delantero,1,1,0,2,0,0.00,0,0,0,1,0,28
Fahad Al-Muwallad,Arabia Saudita,2018,19,Delantero,3,2,0,0,0,0.00,0,0,1,0,2,26
Fahad Khamees,Emiratos Arabes,1990,7,Delantero,2,1,1,1,0,0.00,0,0,0,0,2,24
Fahrudin Jusufi,Yugoslavia,1962,3,Defensor,5,5,0,1,0,0.00,0,0,3,0,2,4
Fahrudin Omerovic,Yugoslavia,1990,12,Arquero,0,0,0,5,0,0.00,0,0,0,0,0,5
Faisal Al Dakhil,Kuwait,1982,16,Delantero,3,3,0,0,1,0.33,0,0,0,1,2,21
Fakhreddine Ben Youssef,Túnez,2018,8,Delantero,3,3,0,0,1,0.33,0,0,1,0,2,24
Falcao,Brasil,1982,15,Mediocampista,5,5,0,0,3,0.60,1,0,4,0,1,5
Falcao,Brasil,1986,5,Mediocampista,2,0,0,3,0,0.00,0,0,2,0,0,5
Famara Diéhiou,Senegal,2022,19,Delantero,2,1,0,2,1,0.50,0,0,1,0,1,10
Faouzi Chaouchi,Argelia,2010,16,Arquero,1,1,0,2,0,0.00,0,0,0,0,1,28
Faouzi Ghoulam,Argelia,2014,3,Defensor,2,2,0,2,0,0.00,0,0,0,0,2,14
Faouzi Mansouri,Argelia,1982,16,Defensor,3,3,0,0,0,0.00,1,0,2,0,1,13
Faouzi Mansouri,Argelia,1986,16,Defensor,3,3,0,0,0,0.00,1,0,0,1,2,22
Farid Díaz,Colombia,2018,18,Defensor,0,0,0,4,0,0.00,0,0,0,0,0,9
Farid Mondragon,Colombia,1994,12,Arquero,0,0,0,3,0,0.00,0,0,0,0,0,19
Farid Mondragon,Colombia,1998,22,Arquero,3,3,0,0,0,0.00,0,0,1,0,2,21
Farid Mondragon,Colombia,2014,22,Arquero,1,0,0,4,0,0.00,0,0,1,0,0,5
Farouk Ben Mustapha,Túnez,2018,1,Arquero,2,1,0,1,0,0.00,0,0,0,0,2,24
Faruk Hadzibegic,Yugoslavia,1990,5,Defensor,5,5,0,0,0,0.00,0,0,3,1,1,5
Fatau Dauda,Ghana,2014,16,Arquero,2,2,0,1,0,0.00,0,0,0,1,1,25
Fathi Chebel,Argelia,1986,3,Mediocampista,0,0,0,3,0,0.00,0,0,0,0,0,22
Fathi Matar,Kuwait,1982,7,Mediocampista,3,1,0,0,0,0.00,1,0,0,1,2,21
Fatih Akyel,Turquía,2002,4,Defensor,7,7,0,0,0,0.00,1,0,4,1,2,3
Faustino Alonso,Paraguay,1986,21,Delantero,0,0,0,4,0,0.00,0,0,0,0,0,13
Faustino Asprilla,Colombia,1994,21,Delantero,3,3,0,0,0,0.00,0,0,1,0,2,19
Faustino Asprilla,Colombia,1998,11,Delantero,1,1,0,2,0,0.00,0,0,0,0,1,21
Fausto,Brasil,1930,-,Mediocampista,2,2,0,0,0,0.00,0,0,1,0,1,6
Fawzi Benkhalidi,Argelia,1986,17,Mediocampista,0,0,0,3,0,0.00,0,0,0,0,0,22
Fay Coyle,Irlanda del Norte,1958,17,Delantero,1,1,0,4,0,0.00,0,0,0,0,1,7
Faycal Ben Ahmed,Túnez,1998,19,Mediocampista,1,0,0,2,0,0.00,0,0,0,0,1,26
Fayçal Fajr,Marruecos,2018,11,Mediocampista,2,0,0,1,0,0.00,0,0,0,1,1,27
Fede,España,1934,-,Delantero,1,1,0,2,0,0.00,0,0,0,1,0,5
Federico Edwards,Argentina,1958,14,Defensor,0,0,0,3,0,0.00,0,0,0,0,0,13
Federico Elduayen,Uruguay,2002,23,Arquero,0,0,0,3,0,0.00,0,0,0,0,0,26
Federico Fazio,Argentina,2018,6,Defensor,1,0,0,3,0,0.00,0,0,0,0,1,16
Federico Fernández,Argentina,2014,17,Defensor,4,4,0,3,0,0.00,0,0,4,0,0,2
Federico Magallanes,Uruguay,2002,11,Delantero,2,0,0,1,0,0.00,0,0,0,1,1,26
Federico Marchetti,Italia,2010,12,Arquero,3,2,0,0,0,0.00,0,0,0,2,1,26
Federico Sacchi,Argentina,1962,5,Mediocampista,3,3,0,0,0,0.00,0,0,1,1,1,10
Federico Vairo,Argentina,1958,3,Defensor,3,3,0,0,0,0.00,0,0,1,0,2,13
Federico Valverde,Uruguay,2022,15,Mediocampista,3,3,0,0,0,0.00,0,0,1,1,1,20
Federico Wilde,Argentina,1934,-,Delantero,1,1,0,0,0,0.00,0,0,0,0,1,9
Felice Borel,Italia,1934,-,Delantero,1,1,0,4,0,0.00,0,0,1,0,0,1
Felice Soldini,Suiza,1950,-,Defensor,0,0,0,3,0,0.00,0,0,0,0,0,6
Feliciano Rivilla,España,1962,11,Defensor,1,1,0,2,0,0.00,0,0,0,0,1,12
Feliciano Rivilla,España,1966,14,Defensor,0,0,0,3,0,0.00,0,0,0,0,0,10
Felipe Baloy,Panamá,2018,23,Defensor,1,0,0,2,1,1.00,0,0,0,0,1,32
Felipe Caicedo,Ecuador,2014,11,Delantero,3,2,0,0,0,0.00,0,0,1,1,1,17
Felipe Gutierrez,Chile,2014,16,Mediocampista,4,1,0,0,0,0.00,0,0,2,1,1,9
Felipe Melo,Brasil,2010,5,Mediocampista,4,4,0,1,0,0.00,1,0,2,1,1,6
Felipe Minambres,España,1994,16,Mediocampista,2,1,0,3,0,0.00,0,0,1,1,0,8
Felipe Olivares,México,1930,-,Delantero,1,1,0,2,0,0.00,0,0,0,0,1,13
Felipe Revelez,Uruguay,1990,13,Defensor,0,0,0,4,0,0.00,0,0,0,0,0,16
Felipe Rosas,México,1930,-,Mediocampista,3,3,0,0,0,0.00,0,0,0,0,3,13
Felipe Ruvalcaba,México,1962,17,Mediocampista,0,0,0,3,0,0.00,0,0,0,0,0,11
Felipe Ruvalcaba,México,1966,7,Delantero,0,0,0,3,0,0.00,0,0,0,0,0,12
Felipe Zetter,México,1950,-,Defensor,1,1,0,2,0,0.00,0,0,0,0,1,12
Felix,Brasil,1970,1,Arquero,6,6,0,0,0,0.00,0,0,6,0,0,1
Felix Borja,Ecuador,2006,9,Delantero,1,1,0,3,0,0.00,0,0,0,0,1,12
Felix Cruz,México,1986,14,Defensor,5,5,0,0,0,0.00,0,0,3,2,0,6
Felix Fernandez,México,1994,12,Arquero,0,0,0,4,0,0.00,0,0,0,0,0,13
Felix Healey,Irlanda del Norte,1982,19,Delantero,1,0,0,4,0,0.00,0,0,0,1,0,9
Felix Magath,Alemania Occidental,1982,14,Mediocampista,4,4,0,3,0,0.00,0,0,2,1,1,2
Felix Magath,Alemania Occidental,1986,10,Mediocampista,6,6,0,1,0,0.00,1,0,3,2,1,2
Felix Salinas,Perú,1970,16,Defensor,0,0,0,4,0,0.00,0,0,0,0,0,7
Félix Torres,Ecuador,2022,2,Defensor,3,3,0,0,0,0.00,0,0,1,1,1,18
Felix Welkenhuysen,Bélgica,1934,-,Mediocampista,1,1,1,0,0,0.00,0,0,0,0,1,15
Femi Opabunmi,Nigeria,2002,23,Delantero,1,1,0,2,0,0.00,0,0,0,1,0,27
Ferdinand Coly,Senegal,2002,17,Defensor,5,5,0,0,0,0.00,2,0,2,2,1,7
Ferdinand Daucik,Checoslovaquia,1938,-,Defensor,3,3,0,0,0,0.00,0,0,1,1,1,5
Ferdinando Riva,Suiza,1954,21,Delantero,0,0,0,4,0,0.00,0,0,0,0,0,5
Ferenc Bene,Hungría,1966,7,Delantero,4,4,0,0,4,1.00,0,0,2,0,2,6
Ferenc Csongradi,Hungría,1982,16,Mediocampista,1,0,0,2,0,0.00,0,0,0,1,0,14
Ferenc Fulop,Hungría,1978,20,Mediocampista,0,0,0,3,0,0.00,0,0,0,0,0,15
Ferenc Machos,Hungría,1954,17,Delantero,0,0,0,5,0,0.00,0,0,0,0,0,2
Ferenc Meszaros,Hungría,1978,21,Arquero,1,1,0,2,0,0.00,0,0,0,0,1,15
Ferenc Meszaros,Hungría,1982,1,Arquero,3,3,0,0,0,0.00,0,0,1,1,1,14
Ferenc Puskas,Hungría,1954,10,Delantero,3,3,3,2,4,1.33,0,0,2,0,1,2
Ferenc Puskas,Hungría,1962,14,Delantero,3,3,0,0,0,0.00,0,0,1,0,2,12
Ferenc Sas,Hungría,1938,-,Delantero,4,4,0,0,1,0.25,0,0,3,0,1,2
Ferenc Sipos,Hungría,1958,3,Defensor,4,4,0,0,0,0.00,0,0,1,1,2,10
Ferenc Sipos,Hungría,1962,6,Defensor,4,4,0,0,0,0.00,0,0,2,1,1,5
Ferenc Sipos,Hungría,1966,6,Mediocampista,4,4,4,0,0,0.00,0,0,2,0,2,6
Ferenc Szojka,Hungría,1954,15,Mediocampista,1,1,0,4,0,0.00,0,0,1,0,0,2
Ferenc Szojka,Hungría,1958,14,Defensor,2,2,0,2,0,0.00,0,0,1,0,1,10
Ferid Chouchane,Túnez,1998,6,Defensor,2,2,0,1,0,0.00,0,0,0,1,1,26
Ferjani Sassi,Túnez,2018,13,Mediocampista,3,3,0,0,1,0.33,2,0,1,0,2,24
Ferjani Sassi,Túnez,2022,13,Mediocampista,2,0,0,1,0,0.00,1,0,0,1,1,21
Fernand Adams,Bélgica,1930,-,Delantero,2,2,0,0,0,0.00,0,0,0,0,2,11
Fernand Buyle,Bélgica,1938,-,Delantero,1,1,0,0,0,0.00,0,0,0,0,1,13
Fernand Jaccard,Suiza,1934,-,Mediocampista,2,2,0,0,0,0.00,0,0,1,0,1,7
Fernandinho,Brasil,2014,5,Mediocampista,5,3,0,2,1,0.20,1,0,2,1,2,4
Fernandinho,Brasil,2018,17,Mediocampista,5,1,0,0,0,0.00,1,0,3,1,1,6
Fernando,España,1990,10,Mediocampista,1,0,0,3,0,0.00,0,0,1,0,0,10
Fernando Alvez,Uruguay,1986,12,Arquero,4,4,0,0,0,0.00,1,0,0,2,2,16
Fernando Alvez,Uruguay,1990,1,Arquero,4,4,0,0,0,0.00,1,0,1,1,2,16
Fernando Caceres,Argentina,1994,13,Defensor,4,4,0,0,0,0.00,2,0,2,0,2,10
Fernando Campos,Chile,1950,-,Mediocampista,0,0,0,3,0,0.00,0,0,0,0,0,9
Fernando Clavijo,Estados Unidos,1994,21,Defensor,3,3,0,1,0,0.00,1,1,1,0,2,14
Fernando Cornejo,Chile,1998,19,Mediocampista,3,1,0,1,0,0.00,0,0,0,2,1,16
Fernando De Napoli,Italia,1986,13,Mediocampista,4,4,0,0,0,0.00,1,0,1,2,1,12
Fernando De Napoli,Italia,1990,11,Mediocampista,6,6,0,1,0,0.00,0,0,5,1,0,3
Fernando Fernando Couto,Portugal,2002,5,Defensor,3,3,3,0,0,0.00,0,0,1,0,2,21
Fernando Gago,Argentina,2014,5,Mediocampista,6,3,0,1,0,0.00,0,0,5,0,1,2
Fernando Giudicelli,Brasil,1930,-,Mediocampista,2,2,0,0,0,0.00,0,0,1,0,1,6
Fernando Hierro,España,1990,17,Defensor,0,0,0,4,0,0.00,0,0,0,0,0,10
Fernando Hierro,España,1994,6,Defensor,5,3,0,0,1,0.20,1,0,2,2,1,8
Fernando Hierro,España,1998,6,Defensor,3,3,0,0,2,0.67,0,0,1,1,1,17
Fernando Hierro,España,2002,6,Defensor,4,4,4,1,2,0.50,1,0,2,2,0,5
Fernando Llorente,España,2010,19,Delantero,1,0,0,6,0,0.00,0,0,1,0,0,1
Fernando Meira,Portugal,2006,5,Defensor,7,7,0,0,0,0.00,0,0,4,1,2,4
Fernando Morena,Uruguay,1974,9,Delantero,3,3,0,0,0,0.00,0,0,0,1,2,13
Fernando Morientes,España,1998,7,Delantero,2,1,0,1,2,1.00,0,0,1,1,0,17
Fernando Morientes,España,2002,9,Delantero,5,3,0,0,3,0.60,1,0,3,2,0,5
Fernando Muslera,Uruguay,2010,1,Arquero,7,7,0,0,0,0.00,0,0,3,2,2,4
Fernando Muslera,Uruguay,2014,1,Arquero,4,4,0,0,0,0.00,1,0,2,0,2,12
Fernando Muslera,Uruguay,2018,1,Arquero,5,5,0,0,0,0.00,0,0,4,0,1,5
Fernando Muslera,Uruguay,2022,1,Arquero,0,0,0,3,0,0.00,0,0,0,0,0,20
Fernando Olivella,España,1966,16,Defensor,0,0,0,3,0,0.00,0,0,0,0,0,10
Fernando Paternoster,Argentina,1930,-,Defensor,4,4,0,1,0,0.00,0,0,3,0,1,2
Fernando Quirarte,México,1986,3,Defensor,5,5,0,0,2,0.40,1,0,3,2,0,6
Fernando Redondo,Argentina,1994,5,Mediocampista,4,4,0,0,0,0.00,1,0,2,0,2,10
Fernando Riera,Chile,1950,-,Delantero,1,1,0,2,1,1.00,0,0,1,0,0,9
Fernando Roldan,Chile,1950,-,Defensor,2,2,0,1,0,0.00,0,0,0,0,2,9
Fernando Torres,España,2006,9,Delantero,4,3,0,0,3,0.75,0,0,3,0,1,9
Fernando Torres,España,2010,9,Delantero,7,4,0,0,0,0.00,0,0,6,0,1,1
Fernando Torres,España,2014,9,Delantero,3,1,0,0,1,0.33,0,0,1,0,2,23
Ferran Torres,España,2022,11,Delantero,4,3,0,0,2,0.50,0,0,1,2,1,13
Ferydoon Zandi,Irán,2006,7,Mediocampista,2,1,0,1,0,0.00,1,0,0,1,1,26
Festa,Portugal,1966,22,Defensor,3,3,0,3,0,0.00,0,0,2,0,1,3
Fidel Escobar,Panamá,2018,4,Defensor,3,3,0,0,0,0.00,1,0,0,0,3,32
Fidel Martínez,Ecuador,2014,20,Mediocampista,0,0,0,3,0,0.00,0,0,0,0,0,17
Fidelis,Brasil,1966,3,Defensor,1,1,0,2,0,0.00,0,0,0,0,1,11
Figueiredo,Angola,2006,7,Mediocampista,3,3,0,0,0,0.00,0,0,0,2,1,23
Filip Bradarić,Croacia,2018,14,Mediocampista,1,0,0,6,0,0.00,0,0,1,0,0,2
Filip De Wilde,Bélgica,1990,20,Arquero,0,0,0,4,0,0.00,0,0,0,0,0,11
Filip De Wilde,Bélgica,1994,12,Arquero,0,0,0,4,0,0.00,0,0,0,0,0,11
Filip De Wilde,Bélgica,1998,1,Arquero,2,2,0,1,0,0.00,0,0,0,2,0,19
Filip Djuricic,Serbia,2022,21,Delantero,2,0,0,1,0,0.00,0,0,0,1,1,29
Filip Helander,Suecia,2018,14,Defensor,0,0,0,5,0,0.00,0,0,0,0,0,7
Filip Holosko,Eslovaquia,2010,13,Delantero,2,0,0,2,0,0.00,0,0,0,1,1,16
Filip Kostić,Serbia,2018,17,Mediocampista,3,2,0,0,0,0.00,0,0,1,0,2,23
Filip Kostić,Serbia,2022,17,Mediocampista,2,2,0,1,0,0.00,0,0,0,1,1,29
Filip Mladenovic,Serbia,2022,25,Defensor,1,1,0,2,0,0.00,0,0,0,0,1,29
Filipe Luís,Brasil,2018,6,Defensor,2,1,0,3,0,0.00,1,0,2,0,0,6
Filippo Inzaghi,Italia,1998,19,Delantero,2,0,0,3,0,0.00,0,0,1,1,0,5
Filippo Inzaghi,Italia,2002,9,Delantero,2,1,0,2,0,0.00,0,0,0,1,1,15
Filippo Inzaghi,Italia,2006,18,Delantero,1,0,0,6,1,1.00,0,0,1,0,0,1
Finidi George,Nigeria,1994,7,Delantero,4,4,0,0,1,0.25,0,0,2,0,2,9
Finidi George,Nigeria,1998,7,Mediocampista,4,3,0,0,0,0.00,0,0,2,0,2,12
Firas Al-Buraikan,Arabia Saudita,2022,9,Delantero,3,3,0,0,0,0.00,0,0,1,0,2,25
Fitzroy Simpson,Jamaica,1998,6,Mediocampista,3,3,0,0,0,0.00,0,0,1,0,2,22
Flavio,Angola,2006,16,Delantero,1,0,0,2,1,1.00,0,0,0,1,0,23
Flavius Domide,Rumania,1970,19,Delantero,0,0,0,3,0,0.00,0,0,0,0,0,10
Flemming Christensen,Dinamarca,1986,18,Delantero,0,0,0,4,0,0.00,0,0,0,0,0,9
Florea Dumitrache,Rumania,1970,9,Delantero,3,3,0,0,2,0.67,0,0,1,0,2,10
Florencio Amarilla,Paraguay,1958,11,Delantero,3,3,0,0,2,0.67,0,0,1,1,1,12
Florent Malouda,Francia,2006,7,Mediocampista,6,6,0,1,0,0.00,1,0,4,2,0,2
Florent Malouda,Francia,2010,15,Mediocampista,3,1,0,0,1,0.33,0,0,0,1,2,29
Florian Albert,Hungría,1962,9,Delantero,3,3,0,1,4,1.33,0,0,2,0,1,5
Florian Albert,Hungría,1966,9,Delantero,4,4,0,0,0,0.00,0,0,2,0,2,6
Florian Thauvin,Francia,2018,20,Delantero,1,0,0,6,0,0.00,0,0,1,0,0,1
Florin Prunea,Rumania,1994,1,Arquero,3,3,0,2,0,0.00,0,0,2,1,0,6
Florin Prunea,Rumania,1998,22,Arquero,0,0,0,4,0,0.00,0,0,0,0,0,11
Florin Raducioiu,Rumania,1990,14,Delantero,3,3,0,1,0,0.00,0,0,1,1,1,12
Florin Raducioiu,Rumania,1994,9,Delantero,4,4,0,1,4,1.00,2,0,2,1,1,6
Fodé Ballo-Toure,Senegal,2022,12,Defensor,1,0,0,3,0,0.00,0,0,0,0,1,10
Fontana,Brasil,1970,15,Defensor,1,1,0,5,0,0.00,0,0,1,0,0,1
Formose Mendy,Senegal,2022,2,Defensor,0,0,0,4,0,0.00,0,0,0,0,0,10
Fortes,Brasil,1930,-,Mediocampista,0,0,0,2,0,0.00,0,0,0,0,0,6
Foued Kadir,Argelia,2010,21,Mediocampista,3,3,0,0,0,0.00,0,0,0,1,2,28
Fouzi Al Shehri,Arabia Saudita,2002,6,Defensor,2,2,0,1,0,0.00,0,0,0,0,2,32
Fran Karacic,Australia,2022,5,Defensor,2,1,0,2,0,0.00,0,0,1,0,1,11
Francesco Coco,Italia,2002,4,Defensor,2,1,0,2,0,0.00,1,0,0,1,1,15
Francesco Graziani,Italia,1978,19,Delantero,3,0,0,4,0,0.00,0,0,2,0,1,4
Francesco Graziani,Italia,1982,19,Delantero,7,7,0,0,1,0.14,0,0,4,3,0,1
Francesco Janich,Italia,1962,19,Defensor,1,1,0,2,0,0.00,0,0,0,0,1,9
Francesco Janich,Italia,1966,9,Defensor,1,1,0,2,0,0.00,0,0,0,0,1,9
Francesco Moriero,Italia,1998,17,Mediocampista,3,3,0,2,0,0.00,1,0,2,1,0,5
Francesco Morini,Italia,1974,5,Defensor,3,3,0,0,0,0.00,0,0,1,1,1,10
Francesco Rizzo,Italia,1966,20,Mediocampista,0,0,0,3,0,0.00,0,0,0,0,0,9
Francesco Toldo,Italia,1998,1,Arquero,0,0,0,5,0,0.00,0,0,0,0,0,5
Francesco Toldo,Italia,2002,22,Arquero,0,0,0,4,0,0.00,0,0,0,0,0,15
Francesco Totti,Italia,2002,10,Delantero,4,4,0,0,0,0.00,1,1,1,1,2,15
Francesco Totti,Italia,2006,10,Mediocampista,7,6,0,0,1,0.14,1,0,5,2,0,1
Francis Lee,Inglaterra,1970,7,Delantero,3,3,0,1,0,0.00,2,0,1,0,2,8
Francis Ryan,Estados Unidos,1934,-,Delantero,1,1,0,0,0,0.00,0,0,0,0,1,16
Francis Uzoho,Nigeria,2018,23,Arquero,3,3,0,0,0,0.00,0,0,1,0,2,21
Francisco,España,1986,17,Mediocampista,4,3,0,1,0,0.00,0,0,3,0,1,7
Francisco Aguirre,Paraguay,1930,-,Mediocampista,1,1,0,1,0,0.00,0,0,0,0,1,9
Francisco Alcaraz,Paraguay,1986,17,Mediocampista,0,0,0,4,0,0.00,0,0,0,0,0,13
Francisco Arce,Paraguay,1998,2,Defensor,3,3,0,1,0,0.00,2,0,1,1,1,14
Francisco Arce,Paraguay,2002,2,Defensor,4,4,0,0,1,0.25,1,0,1,1,2,16
Francisco Calvo,Costa Rica,2018,15,Defensor,2,1,0,1,0,0.00,1,0,0,0,2,29
Francisco Calvo,Costa Rica,2022,15,Defensor,2,2,0,1,0,0.00,2,0,1,0,1,27
Francisco Camera,Uruguay,1970,14,Defensor,0,0,0,6,0,0.00,0,0,0,0,0,4
Francisco Carrasco,España,1986,10,Delantero,0,0,0,5,0,0.00,0,0,0,0,0,7
Francisco Castrejon,México,1970,22,Arquero,0,0,0,4,0,0.00,0,0,0,0,0,6
Francisco Cruz,México,1986,5,Delantero,4,0,0,1,0,0.00,0,0,2,2,0,6
Francisco Flores,México,1958,6,Mediocampista,3,3,0,0,0,0.00,0,0,0,1,2,16
Francisco Gabriel De Anda,México,2002,2,Defensor,0,0,0,4,0,0.00,0,0,0,0,0,11
Francisco Gento,España,1962,9,Delantero,3,3,1,0,0,0.00,0,0,1,0,2,12
Francisco Gento,España,1966,11,Delantero,2,2,2,1,0,0.00,0,0,1,0,1,10
Francisco Garza Gutierrez,México,1930,-,Defensor,1,1,0,2,0,0.00,0,0,0,0,1,13
Francisco Hernandez,El Salvador,1982,9,Delantero,1,1,0,2,0,0.00,0,0,0,0,1,24
Francisco Hernandez,México,1950,-,Mediocampista,0,0,0,3,0,0.00,0,0,0,0,0,12
Francisco Jara,México,1966,11,Delantero,0,0,0,3,0,0.00,0,0,0,0,0,12
Francisco Lombardo,Argentina,1958,4,Defensor,3,3,0,0,0,0.00,0,0,1,0,2,13
Francisco Montes,México,1970,4,Defensor,0,0,0,4,0,0.00,0,0,0,0,0,6
Francisco Osorto,El Salvador,1982,12,Defensor,2,2,0,1,0,0.00,2,0,0,0,2,24
Francisco Palencia,México,1998,17,Delantero,2,2,0,2,0,0.00,0,0,0,1,1,13
Francisco Palencia,México,2002,17,Delantero,2,0,0,2,0,0.00,0,0,1,1,0,11
Francisco Rodrigues,Brasil,1950,-,Delantero,0,0,0,6,0,0.00,0,0,0,0,0,2
Francisco Rodrigues,Brasil,1954,11,Delantero,2,2,0,1,0,0.00,0,0,1,1,0,6
Francisco Rodriguez,México,2006,22,Defensor,1,1,0,3,0,0.00,1,0,0,0,1,15
Francisco Rodriguez,México,2010,2,Defensor,4,4,0,0,0,0.00,1,0,1,1,2,14
Francisco Rodriguez,México,2014,2,Defensor,4,4,0,0,0,0.00,0,0,2,1,1,10
Francisco Rojas,Chile,1998,4,Defensor,3,3,0,1,0,0.00,2,0,0,3,0,16
Francisco Rua,Argentina,1934,-,Delantero,1,1,0,0,0,0.00,0,0,0,0,1,9
Francisco Sa,Argentina,1974,16,Defensor,5,5,0,1,0,0.00,0,0,1,1,3,8
Francisco Silva,Chile,2014,5,Mediocampista,3,3,0,1,0,0.00,2,0,1,1,1,9
Francisco Sosa,Paraguay,1950,-,Delantero,0,0,0,2,0,0.00,0,0,0,0,0,11
Francisco Torres,Estados Unidos,2010,16,Mediocampista,1,1,0,3,0,0.00,0,0,0,1,0,12
Francisco Uria,España,1978,3,Defensor,2,2,0,1,0,0.00,0,0,1,1,0,10
Francisco Urroz,Chile,1950,-,Defensor,0,0,0,3,0,0.00,0,0,0,0,0,9
Francisco Urruticoechea,España,1978,22,Arquero,0,0,0,3,0,0.00,0,0,0,0,0,10
Francisco Urruticoechea,España,1982,21,Arquero,0,0,0,5,0,0.00,0,0,0,0,0,12
Francisco Urruticoechea,España,1986,13,Arquero,0,0,0,5,0,0.00,0,0,0,0,0,7
Francisco Valdes,Chile,1966,19,Delantero,0,0,0,1,0,0.00,0,0,0,0,0,13
Francisco Valdes,Chile,1974,8,Mediocampista,3,3,3,0,0,0.00,0,0,0,2,1,11
Francisco Varallo,Argentina,1930,-,Delantero,4,4,0,1,1,0.25,0,0,3,0,1,2
Francisco Villaroya,España,1990,11,Mediocampista,4,4,0,0,0,0.00,1,0,2,1,1,10
Francisco Zuluaga,Colombia,1962,3,Defensor,1,1,1,2,1,1.00,0,0,0,0,1,14
Franck Atsou,Togo,2006,21,Mediocampista,0,0,0,3,0,0.00,0,0,0,0,0,30
Franck Ribery,Francia,2006,22,Mediocampista,7,6,0,0,1,0.14,1,0,4,3,0,2
Franck Ribery,Francia,2010,7,Delantero,3,3,0,0,0,0.00,1,0,0,1,2,29
Franco Armani,Argentina,2018,12,Arquero,2,2,0,2,0,0.00,0,0,1,0,1,16
Franco Armani,Argentina,2022,1,Arquero,0,0,0,7,0,0.00,0,0,0,0,0,1
Franco Baresi,Italia,1982,2,Defensor,0,0,0,7,0,0.00,0,0,0,0,0,1
Franco Baresi,Italia,1990,2,Defensor,7,7,0,0,0,0.00,0,0,6,1,0,3
Franco Baresi,Italia,1994,6,Defensor,3,3,3,4,0,0.00,0,0,1,1,1,2
Franco Causio,Italia,1974,18,Mediocampista,2,1,0,1,0,0.00,0,0,0,1,1,10
Franco Causio,Italia,1978,16,Mediocampista,7,7,0,0,1,0.14,0,0,4,1,2,4
Franco Causio,Italia,1982,15,Mediocampista,2,0,0,5,0,0.00,0,0,1,1,0,1
Franco Navarro,Perú,1982,17,Delantero,0,0,0,3,0,0.00,0,0,0,0,0,20
Franco Selvaggi,Italia,1982,21,Delantero,0,0,0,7,0,0.00,0,0,0,0,0,1
Franco Tancredi,Italia,1986,12,Arquero,0,0,0,4,0,0.00,0,0,0,0,0,12
Francois Bourbotte,Francia,1938,-,Defensor,0,0,0,2,0,0.00,0,0,0,0,0,8
Francois Bracci,Francia,1978,5,Defensor,1,1,0,2,0,0.00,0,0,1,0,0,12
Francois De Vries,Bélgica,1934,-,Delantero,1,1,0,0,0,0.00,0,0,0,0,1,15
Francois Janssens,Bélgica,1970,21,Delantero,0,0,0,3,0,0.00,0,0,0,0,0,10
Francois Ledent,Bélgica,1934,-,Delantero,0,0,0,1,0,0.00,0,0,0,0,0,15
François Moubandje,Suiza,2018,3,Defensor,0,0,0,4,0,0.00,0,0,0,0,0,14
Francois Ndoumbe Lea,Camerún,1982,15,Defensor,0,0,0,3,0,0.00,0,0,0,0,0,17
Francois Omam-Biyik,Camerún,1990,7,Delantero,5,5,0,0,1,0.20,0,0,3,0,2,7
Francois Omam-Biyik,Camerún,1994,7,Delantero,3,3,0,0,1,0.33,0,0,0,1,2,22
Francois Omam-Biyik,Camerún,1998,7,Delantero,3,3,3,0,0,0.00,0,0,0,2,1,25
Francois Remetter,Francia,1954,1,Arquero,2,2,0,0,0,0.00,0,0,1,0,1,9
Francois Remetter,Francia,1958,3,Arquero,2,2,0,4,0,0.00,0,0,1,0,1,3
Francois Van Der Elst,Bélgica,1982,13,Delantero,2,0,0,3,0,0.00,0,0,1,0,1,10
Franjo Vladic,Yugoslavia,1974,16,Mediocampista,0,0,0,6,0,0.00,0,0,0,0,0,7
Frank Arnesen,Dinamarca,1986,15,Mediocampista,3,3,0,1,0,0.00,1,1,3,0,0,9
Frank Baumann,Alemania,2002,4,Defensor,1,0,0,6,0,0.00,1,0,1,0,0,2
Frank Borghi,Estados Unidos,1950,-,Arquero,3,3,0,0,0,0.00,0,0,1,0,2,10
Frank De Boer,Paises Bajos,1994,2,Defensor,4,4,0,1,0,0.00,1,0,3,0,1,7
Frank De Boer,Paises Bajos,1998,4,Defensor,7,7,6,0,0,0.00,0,0,3,3,1,4
Frank Gray,Escocia,1982,3,Defensor,3,3,0,0,0,0.00,0,0,1,1,1,15
Frank Klopas,Estados Unidos,1994,14,Delantero,0,0,0,4,0,0.00,0,0,0,0,0,14
Frank Lampard,Inglaterra,2006,8,Mediocampista,5,5,0,0,0,0.00,1,0,3,2,0,7
Frank Lampard,Inglaterra,2010,8,Mediocampista,4,4,0,0,0,0.00,0,0,1,2,1,13
Frank Lampard,Inglaterra,2014,8,Mediocampista,1,1,1,2,0,0.00,0,0,0,1,0,26
Frank Leboeuf,Francia,1998,18,Defensor,3,2,0,4,0,0.00,0,0,3,0,0,1
Frank Leboeuf,Francia,2002,18,Defensor,2,2,0,1,0,0.00,0,0,0,1,1,28
Frank Mcavennie,Escocia,1986,16,Delantero,2,0,0,1,0,0.00,0,0,0,0,2,19
Frank Mill,Alemania Occidental,1990,11,Delantero,0,0,0,7,0,0.00,0,0,0,0,0,1
Frank Rijkaard,Paises Bajos,1990,3,Mediocampista,4,4,0,0,0,0.00,2,1,0,3,1,15
Frank Rijkaard,Paises Bajos,1994,3,Mediocampista,4,4,0,1,0,0.00,1,0,2,0,2,7
Frank Sechehaye,Suiza,1934,-,Arquero,2,2,0,0,0,0.00,0,0,1,0,1,7
Frank Sinclair,Jamaica,1998,19,Defensor,3,3,0,0,0,0.00,0,0,1,0,2,22
Frank Stapleton,Irlanda,1990,18,Delantero,0,0,0,5,0,0.00,0,0,0,0,0,8
Frank Van Hattum,Nueva Zelanda,1982,22,Arquero,3,3,0,0,0,0.00,0,0,0,0,3,23
Frank Vaughn,Estados Unidos,1930,-,Defensor,0,0,0,3,0,0.00,0,0,0,0,0,3
Frank Vercauteren,Bélgica,1982,6,Mediocampista,5,5,0,0,0,0.00,0,0,2,1,2,10
Frank Vercauteren,Bélgica,1986,6,Mediocampista,6,6,0,1,1,0.17,0,0,2,2,2,4
Frank Wallace,Estados Unidos,1950,-,Delantero,3,3,0,0,1,0.33,0,0,1,0,2,10
Frank Wels,Paises Bajos,1934,-,Delantero,1,1,0,0,0,0.00,0,0,0,0,1,9
Frank Wels,Paises Bajos,1938,-,Delantero,1,1,0,0,0,0.00,0,0,0,0,1,14
Frankie Hejduk,Estados Unidos,1998,2,Mediocampista,3,2,0,0,0,0.00,1,0,0,0,3,32
Frankie Hejduk,Estados Unidos,2002,2,Defensor,4,4,0,1,0,0.00,2,0,1,1,2,8
Franky Van Der Elst,Bélgica,1986,3,Defensor,4,2,0,3,0,0.00,1,0,1,1,2,4
Franky Van Der Elst,Bélgica,1990,8,Mediocampista,4,4,0,0,0,0.00,0,0,2,0,2,11
Franky Van Der Elst,Bélgica,1994,7,Mediocampista,4,4,0,0,0,0.00,0,0,2,0,2,11
Franky Van Der Elst,Bélgica,1998,6,Mediocampista,3,2,2,0,0,0.00,0,0,0,3,0,19
Franky Vandendriessche,Bélgica,2002,13,Arquero,0,0,0,4,0,0.00,0,0,0,0,0,14
Frans Gommers,Bélgica,1938,-,Defensor,0,0,0,1,0,0.00,0,0,0,0,0,13
Frans Hogenbirk,Paises Bajos,1938,-,Mediocampista,0,0,0,1,0,0.00,0,0,0,0,0,14
Frans Hukon,Indias Orientales Holand.,1938,-,Defensor,1,1,0,0,0,0.00,0,0,0,0,1,15
Frans Meeng,Indias Orientales Holand.,1938,-,Mediocampista,1,1,1,0,0,0.00,0,0,0,0,1,15
Frans Peeraer,Bélgica,1934,-,Mediocampista,1,1,0,0,0,0.00,0,0,0,0,1,15
Frans Van Der Veen,Paises Bajos,1938,-,Delantero,1,1,0,0,0,0.00,0,0,0,0,1,14
Frantisek Jakubec,Checoslovaquia,1982,2,Defensor,0,0,0,3,0,0.00,0,0,0,0,0,19
Frantisek Junek,Checoslovaquia,1934,-,Delantero,4,4,0,0,0,0.00,0,0,3,0,1,2
Frantisek Planicka,Checoslovaquia,1934,-,Arquero,4,4,4,0,0,0.00,0,0,3,0,1,2
Frantisek Planicka,Checoslovaquia,1938,-,Arquero,2,2,2,1,0,0.00,0,0,1,1,0,5
Frantisek Safranek,Checoslovaquia,1954,2,Defensor,2,2,0,0,0,0.00,0,0,0,0,2,14
Frantisek Safranek,Checoslovaquia,1958,21,Defensor,0,0,0,4,0,0.00,0,0,0,0,0,9
Frantisek Schmucker,Checoslovaquia,1962,13,Arquero,0,0,0,6,0,0.00,0,0,0,0,0,2
Frantisek Stambacher,Checoslovaquia,1982,17,Mediocampista,1,1,0,2,0,0.00,0,0,0,1,0,19
Frantisek Straka,Checoslovaquia,1990,6,Defensor,3,3,0,2,0,0.00,2,0,2,0,1,6
Frantisek Svoboda,Checoslovaquia,1934,-,Delantero,3,3,0,1,2,0.67,0,0,2,0,1,2
Frantisek Vesely,Checoslovaquia,1970,18,Mediocampista,3,2,0,0,0,0.00,0,0,0,0,3,15
Franz Beckenbauer,Alemania Occidental,1966,4,Mediocampista,6,6,0,0,4,0.67,2,0,4,1,1,2
Franz Beckenbauer,Alemania Occidental,1970,4,Defensor,5,5,0,1,1,0.20,0,0,4,0,1,3
Franz Beckenbauer,Alemania Occidental,1974,5,Defensor,7,7,7,0,0,0.00,0,0,6,0,1,1
Franz Cisar,Austria,1934,-,Defensor,4,4,0,0,0,0.00,0,0,2,0,2,4
Franz Dienert,Alemania,1934,-,Delantero,0,0,0,4,0,0.00,0,0,0,0,0,3
Franz Oberacher,Austria,1978,17,Delantero,1,0,0,5,0,0.00,0,0,1,0,0,7
Franz Pelikan,Austria,1954,15,Arquero,0,0,0,5,0,0.00,0,0,0,0,0,3
Franz Swoboda,Austria,1958,4,Defensor,3,3,0,0,0,0.00,0,0,0,1,2,15
Franz Wagner,Austria,1934,-,Mediocampista,4,4,0,0,0,0.00,0,0,2,0,2,4
Franz Wagner,Austria,1938,-,Mediocampista,0,0,0,2,0,0.00,0,0,0,0,0,10
Franz Wohlfahrt,Austria,1998,16,Arquero,0,0,0,3,0,0.00,0,0,0,0,0,23
Fraser Forster,Inglaterra,2014,22,Arquero,0,0,0,3,0,0.00,0,0,0,0,0,26
Frechaut,Portugal,2002,18,Defensor,1,1,0,2,0,0.00,1,0,1,0,0,21
Fred,Brasil,2006,21,Delantero,1,0,0,4,1,1.00,0,0,1,0,0,5
Fred,Brasil,2014,9,Delantero,6,6,0,1,1,0.17,0,0,3,2,1,4
Fred Martin,Escocia,1954,1,Arquero,2,2,0,0,0,0.00,0,0,0,0,2,15
Fred,Brasil,2018,18,Mediocampista,0,0,0,5,0,0.00,0,0,0,0,0,6
Fred,Brasil,2022,8,Mediocampista,4,2,0,1,0,0.00,1,0,2,1,1,7
Freddy Rincon,Colombia,1990,19,Delantero,4,4,0,0,1,0.25,0,0,1,1,2,14
Freddy Rincon,Colombia,1994,19,Mediocampista,3,3,0,0,0,0.00,0,0,1,0,2,19
Freddy Rincon,Colombia,1998,19,Mediocampista,3,3,0,0,0,0.00,0,0,1,0,2,21
Frederic Herpoel,Bélgica,2002,23,Arquero,0,0,0,4,0,0.00,0,0,0,0,0,14
Frederico,Portugal,1986,8,Defensor,3,3,0,0,0,0.00,0,0,1,0,2,17
Frederik Ronnow,Dinamarca,2018,22,Arquero,0,0,0,4,0,0.00,0,0,0,0,0,11
Frederik Ronnow,Dinamarca,2022,22,Arquero,0,0,0,3,0,0.00,0,0,0,0,0,28
Frederik Schram,Islandia,2018,12,Arquero,0,0,0,3,0,0.00,0,0,0,0,0,28
Fredrik Ljungberg,Suecia,2002,9,Mediocampista,2,2,0,2,0,0.00,0,0,1,1,0,13
Fredrik Ljungberg,Suecia,2006,9,Mediocampista,4,4,0,0,1,0.25,1,0,1,2,1,14
Fredrik Stenman,Suecia,2006,14,Defensor,0,0,0,4,0,0.00,0,0,0,0,0,14
Fredy Bickel,Suiza,1938,-,Delantero,3,3,0,0,1,0.33,0,0,1,1,1,6
Fredy Bickel,Suiza,1950,-,Delantero,2,2,2,1,0,0.00,0,0,0,1,1,6
Fredy Guarín,Colombia,2014,13,Mediocampista,3,2,0,2,0,0.00,1,0,2,0,1,5
Frenkie de Jong,Paises Bajos,2022,21,Mediocampista,5,5,0,0,1,0.20,1,0,3,2,0,5
Friaca,Brasil,1950,-,Delantero,4,4,0,2,1,0.25,0,0,2,1,1,2
Frickson Erazo,Ecuador,2014,3,Defensor,3,3,0,0,0,0.00,1,0,1,1,1,17
Friedel Lutz,Alemania Occidental,1966,14,Defensor,1,1,0,5,0,0.00,0,0,1,0,0,2
Friederich Franzl,Austria,1934,-,Arquero,0,0,0,4,0,0.00,0,0,0,0,0,4
Friedl Koncilia,Austria,1978,1,Arquero,6,6,0,0,0,0.00,0,0,3,0,3,7
Friedl Koncilia,Austria,1982,1,Arquero,5,5,0,0,0,0.00,0,0,2,1,2,8
Fritz Andre,Haití,1974,4,Defensor,1,1,0,2,0,0.00,0,0,0,0,1,15
Fritz Buchloh,Alemania,1934,-,Arquero,0,0,0,4,0,0.00,0,0,0,0,0,3
Fritz Buchloh,Alemania,1938,-,Arquero,0,0,0,2,0,0.00,0,0,0,0,0,10
Fritz Herkenrath,Alemania Occidental,1958,1,Arquero,5,5,0,1,0,0.00,0,0,2,2,1,4
Fritz Kehl,Suiza,1962,10,Defensor,0,0,0,3,0,0.00,0,0,0,0,0,16
Fritz Keller,Francia,1934,-,Delantero,1,1,0,0,0,0.00,0,0,0,0,1,9
Fritz Kuenzli,Suiza,1966,13,Delantero,2,2,0,1,0,0.00,0,0,0,0,2,16
Fritz Laband,Alemania Occidental,1954,2,Defensor,3,3,0,3,0,0.00,0,0,3,0,0,1
Fritz Leandre,Haití,1974,16,Delantero,1,0,0,2,0,0.00,1,0,0,0,1,15
Fritz Morf,Suiza,1962,5,Defensor,1,1,0,2,0,0.00,0,0,0,0,1,16
Fritz Szepan,Alemania,1934,-,Delantero,4,4,4,0,0,0.00,0,0,3,0,1,3
Fritz Szepan,Alemania,1938,-,Delantero,1,1,1,1,0,0.00,0,0,0,0,1,10
Fritz Wagner,Suiza,1938,-,Delantero,0,0,0,3,0,0.00,0,0,0,0,0,6
Fritz Walter,Alemania Occidental,1954,16,Mediocampista,6,6,6,0,3,0.50,0,0,5,0,1,1
Fritz Walter,Alemania Occidental,1958,9,Mediocampista,5,5,0,1,0,0.00,0,0,2,2,1,4
Frode Grodas,Noruega,1994,12,Arquero,0,0,0,3,0,0.00,0,0,0,0,0,17
Frode Grodas,Noruega,1998,1,Arquero,4,4,4,0,0,0.00,0,0,1,2,1,15
Fryedryk Szerfke,Polonia,1938,-,Delantero,1,1,0,0,1,1.00,0,0,0,0,1,11
Fuad Amin,Arabia Saudita,1994,6,Mediocampista,3,3,0,1,2,0.67,2,0,1,0,2,12
Fuad Amin,Arabia Saudita,1998,6,Mediocampista,3,3,3,0,0,0.00,0,0,0,1,2,28
Fulvio Collovati,Italia,1982,5,Defensor,7,7,0,0,0,0.00,1,0,4,3,0,1
Fulvio Collovati,Italia,1986,4,Defensor,1,1,0,3,0,0.00,0,0,1,0,0,12
Fulvio Nesti,Italia,1954,6,Mediocampista,3,3,0,0,1,0.33,0,0,1,0,2,10
Futre,Portugal,1986,10,Delantero,3,1,0,0,0,0.00,0,0,1,0,2,17
Fyodor Kudryashov,Rusia,2018,13,Defensor,4,3,0,1,0,0.00,0,0,1,2,1,8
Fyodor Smolov,Rusia,2018,10,Delantero,5,1,0,0,0,0.00,1,0,2,2,1,8
G. Faulhaber,Indias Orientales Holand.,1938,-,Mediocampista,0,0,0,1,0,0.00,0,0,0,0,0,15
G. Van Den Burgh,Indias Orientales Holand.,1938,-,Defensor,0,0,0,1,0,0.00,0,0,0,0,0,15
Gabelo Conejo,Costa Rica,1990,1,Arquero,3,3,0,1,0,0.00,0,0,2,0,1,13
Gabor Poloskei,Hungría,1982,11,Delantero,3,3,0,0,2,0.67,0,0,1,1,1,14
Gabor Szabo,Hungría,1934,-,Delantero,1,1,0,1,0,0.00,0,0,1,0,0,6
Gabriel Achilier,Ecuador,2014,21,Defensor,2,0,0,1,0,0.00,0,0,1,1,0,17
Gabriel Alonso,España,1950,-,Defensor,6,6,0,0,0,0.00,0,0,3,1,2,4
Gabriel Badilla,Costa Rica,2006,17,Defensor,1,1,0,2,0,0.00,1,0,0,0,1,31
Gabriel Batistuta,Argentina,1994,9,Delantero,4,4,0,0,4,1.00,1,0,2,0,2,10
Gabriel Batistuta,Argentina,1998,9,Delantero,5,5,1,0,5,1.00,0,0,3,1,1,6
Gabriel Batistuta,Argentina,2002,9,Delantero,3,3,1,0,1,0.33,1,0,1,1,1,18
Gabriel Caballero,México,2002,19,Mediocampista,3,1,0,1,0,0.00,0,0,2,1,0,11
Gabriel Calderon,Argentina,1982,5,Delantero,4,2,0,1,0,0.00,0,0,2,0,2,11
Gabriel Calderon,Argentina,1990,6,Mediocampista,5,2,0,2,0,0.00,0,0,1,2,2,2
Gabriel De Michele,Francia,1966,11,Defensor,1,1,0,2,0,0.00,0,0,0,1,0,13
Gabriel Enrique Gómez,Panamá,2018,6,Mediocampista,3,3,0,0,0,0.00,1,0,0,0,3,32
Gabriel Gomez,Colombia,1990,8,Mediocampista,4,4,0,0,0,0.00,2,0,1,1,2,14
Gabriel Gomez,Colombia,1994,6,Mediocampista,1,1,0,2,0,0.00,0,0,0,0,1,19
Gabriel Heinze,Argentina,2006,6,Defensor,4,4,0,1,0,0.00,2,0,3,1,0,6
Gabriel Heinze,Argentina,2010,6,Defensor,4,4,0,1,1,0.25,1,0,3,0,1,5
Gabriel Jesus,Brasil,2018,9,Delantero,5,5,0,0,0,0.00,0,0,3,1,1,6
Gabriel Jesus,Brasil,2022,18,Delantero,3,1,0,2,0,0.00,0,0,2,0,1,7
Gabriel Martinelli,Brasil,2022,26,Delantero,3,1,0,2,0,0.00,0,0,2,0,1,7
Gabriel Mercado,Argentina,2018,2,Defensor,3,3,0,1,1,0.33,1,0,1,0,2,16
Gabriel Milito,Argentina,2006,15,Defensor,1,1,0,4,0,0.00,0,0,0,1,0,6
Gabriel Nunez,México,1966,14,Defensor,3,3,0,0,0,0.00,0,0,0,2,1,12
Gabriel Paletta,Italia,2014,20,Defensor,1,1,0,2,0,0.00,0,0,1,0,0,22
Gabriel Popescu,Rumania,1998,16,Mediocampista,3,3,0,1,0,0.00,0,0,2,0,1,11
Gabriel Torres,Panamá,2018,9,Delantero,2,1,0,1,0,0.00,0,0,0,0,2,32
Gabriele Oriali,Italia,1982,13,Mediocampista,5,5,0,2,0,0.00,2,0,4,1,0,1
Gael Clichy,Francia,2010,22,Defensor,1,1,0,2,0,0.00,0,0,0,0,1,29
Gael Givet,Francia,2006,17,Defensor,0,0,0,7,0,0.00,0,0,0,0,0,2
Gaël Ondoua,Camerún,2022,5,Mediocampista,2,0,0,1,0,0.00,0,0,0,1,1,19
Gaetan Bong,Camerún,2010,12,Defensor,1,1,0,2,0,0.00,0,0,0,0,1,31
Gaetan Englebert,Bélgica,2002,17,Mediocampista,0,0,0,4,0,0.00,0,0,0,0,0,14
Gaetano Scirea,Italia,1978,8,Defensor,7,7,0,0,0,0.00,0,0,4,1,2,4
Gaetano Scirea,Italia,1982,7,Defensor,7,7,0,0,0,0.00,1,0,4,3,0,1
Gaetano Scirea,Italia,1986,6,Defensor,4,4,4,0,0,0.00,1,0,1,2,1,12
Gaizka Mendieta,España,2002,16,Mediocampista,3,1,0,2,1,0.33,0,0,1,2,0,5
Gaku Shibasaki,Japón,2018,7,Mediocampista,4,4,0,0,0,0.00,1,0,1,1,2,15
Gaku Shibasaki,Japón,2022,7,Mediocampista,0,0,0,4,0,0.00,0,0,0,0,0,9
Galimzyan Khusainov,URSS,1962,21,Delantero,1,1,0,3,0,0.00,0,0,1,0,0,6
Galimzyan Khusainov,URSS,1966,15,Delantero,4,4,0,2,0,0.00,1,0,3,0,1,4
Gallego,España,1966,17,Mediocampista,3,3,0,0,0,0.00,0,0,1,0,2,10
Gamal Abdelhamid,Egipto,1990,10,Mediocampista,3,2,2,0,0,0.00,0,0,0,2,1,20
Garang Kuol,Australia,2022,21,Delantero,2,0,0,2,0,0.00,0,0,0,0,2,11
Garay,España,1962,8,Mediocampista,1,1,0,2,0,0.00,0,0,0,0,1,12
Garba Lawal,Nigeria,1998,11,Mediocampista,4,4,0,0,0,0.00,0,0,2,0,2,12
Garba Lawal,Nigeria,2002,11,Mediocampista,1,1,0,2,0,0.00,0,0,0,0,1,27
Gareth Bale,Gales,2022,11,Delantero,3,3,3,0,1,0.33,1,0,0,1,2,30
Gareth Barry,Inglaterra,2010,14,Mediocampista,3,3,0,1,0,0.00,0,0,1,1,1,13
Gareth Southgate,Inglaterra,1998,6,Defensor,2,1,0,2,0,0.00,0,0,1,1,0,9
Gareth Southgate,Inglaterra,2002,16,Defensor,0,0,0,5,0,0.00,0,0,0,0,0,6
Garrincha,Brasil,1958,11,Delantero,4,4,0,2,0,0.00,0,0,4,0,0,1
Garrincha,Brasil,1962,7,Delantero,6,6,0,0,4,0.67,0,0,5,1,0,1
Garrincha,Brasil,1966,16,Delantero,2,2,0,1,1,0.50,0,0,1,0,1,11
Gary A. Stevens,Inglaterra,1986,15,Defensor,2,0,0,3,0,0.00,0,0,1,1,0,8
Gary Bailey,Inglaterra,1986,22,Arquero,0,0,0,5,0,0.00,0,0,0,0,0,8
Gary Breen,Irlanda,2002,14,Defensor,4,4,0,0,1,0.25,0,0,1,3,0,12
Gary Cahill,Inglaterra,2014,5,Defensor,3,3,0,0,0,0.00,0,0,0,1,2,26
Gary Cahill,Inglaterra,2018,15,Defensor,1,1,0,6,0,0.00,0,0,0,0,1,4
Gary Gillespie,Escocia,1990,11,Defensor,1,0,0,2,0,0.00,0,0,0,0,1,18
Gary Kelly,Irlanda,1994,12,Defensor,2,2,0,2,0,0.00,1,0,0,1,1,16
Gary Kelly,Irlanda,2002,18,Defensor,4,4,0,0,0,0.00,0,0,1,3,0,12
Gary Lineker,Inglaterra,1986,10,Delantero,5,5,0,0,6,1.20,0,0,2,1,2,8
Gary Lineker,Inglaterra,1990,10,Delantero,7,7,0,0,4,0.57,0,0,3,3,1,4
Gary Manuel,Australia,1974,10,Delantero,0,0,0,3,0,0.00,0,0,0,0,0,14
Gary Mcallister,Escocia,1990,20,Mediocampista,0,0,0,3,0,0.00,0,0,0,0,0,18
Gary Medel,Chile,2010,17,Defensor,3,3,0,1,0,0.00,2,0,2,0,1,10
Gary Medel,Chile,2014,17,Defensor,4,4,0,0,0,0.00,0,0,2,1,1,9
Gary Neville,Inglaterra,1998,12,Defensor,3,3,0,1,0,0.00,0,0,1,1,1,9
Gary Neville,Inglaterra,2006,2,Defensor,2,2,0,3,0,0.00,0,0,1,1,0,7
Gary Stevens,Inglaterra,1986,2,Defensor,5,5,0,0,0,0.00,0,0,2,1,2,8
Gary Stevens,Inglaterra,1990,2,Defensor,2,2,0,5,0,0.00,0,0,0,1,1,4
Gastón Ramírez,Uruguay,2014,18,Mediocampista,2,0,0,2,0,0.00,0,0,1,0,1,12
Gastón Silva,Uruguay,2018,13,Defensor,0,0,0,5,0,0.00,0,0,0,0,0,5
Gaston Taument,Paises Bajos,1994,17,Delantero,3,1,0,2,1,0.33,0,0,2,0,1,7
Gavi,España,2022,9,Mediocampista,4,4,0,0,1,0.25,0,0,1,2,1,13
Gavril Balint,Rumania,1990,18,Delantero,4,2,0,0,2,0.50,0,0,1,2,1,12
Geert De Vlieger,Bélgica,2002,1,Arquero,4,4,0,0,0,0.00,0,0,1,2,1,14
Gejus Van Der Meulen,Paises Bajos,1934,-,Arquero,1,1,0,0,0,0.00,0,0,0,0,1,9
Gelson Fernandes,Suiza,2010,16,Mediocampista,3,3,0,0,1,0.33,1,0,1,1,1,19
Gelson Fernandes,Suiza,2014,16,Mediocampista,1,0,0,3,0,0.00,1,0,0,0,1,11
Gelson Fernandes,Suiza,2018,16,Mediocampista,0,0,0,4,0,0.00,0,0,0,0,0,14
Gelson Martins,Portugal,2018,18,Delantero,1,0,0,3,0,0.00,0,0,1,0,0,13
Gen Shoji,Japón,2018,3,Defensor,3,3,0,1,0,0.00,0,0,1,1,1,15
Genaro Sermeno,El Salvador,1970,16,Mediocampista,2,0,0,1,0,0.00,0,0,0,0,2,16
Genki Haraguchi,Japón,2018,8,Mediocampista,3,3,0,1,1,0.33,0,0,1,1,1,15
Gennadi Gusarov,URSS,1958,19,Delantero,0,0,0,5,0,0.00,0,0,0,0,0,6
Gennadi Gusarov,URSS,1962,13,Delantero,0,0,0,4,0,0.00,0,0,0,0,0,6
Gennadi Litovchenko,URSS,1986,13,Mediocampista,1,1,0,3,0,0.00,0,0,1,0,0,10
Gennadi Litovchenko,URSS,1990,8,Mediocampista,3,2,0,0,0,0.00,0,0,1,0,2,17
Gennadi Logofet,URSS,1970,7,Defensor,2,1,0,2,0,0.00,1,0,0,1,1,5
Gennadi Morozov,URSS,1986,4,Defensor,1,1,0,3,0,0.00,0,0,1,0,0,10
Gennadi Yevryuzhikhin,URSS,1970,17,Delantero,4,3,0,0,0,0.00,0,0,2,1,1,5
Gennaro Gattuso,Italia,2002,8,Mediocampista,2,0,0,2,0,0.00,0,0,1,0,1,15
Gennaro Gattuso,Italia,2006,8,Mediocampista,6,5,0,1,0,0.00,2,0,4,2,0,1
Gennaro Gattuso,Italia,2010,8,Mediocampista,1,1,0,2,0,0.00,0,0,0,0,1,26
Genrikh Fedosov,URSS,1958,21,Delantero,0,0,0,5,0,0.00,0,0,0,0,0,6
Genwei Yu,China,2002,11,Mediocampista,2,0,0,1,0,0.00,0,0,0,0,2,31
Geoff Cameron,Estados Unidos,2014,20,Defensor,3,3,0,1,0,0.00,1,0,1,1,1,15
Geoff Coombes,Estados Unidos,1950,-,Defensor,0,0,0,3,0,0.00,0,0,0,0,0,10
Geoff Hurst,Inglaterra,1966,10,Delantero,3,3,0,3,4,1.33,0,0,3,0,0,1
Geoff Hurst,Inglaterra,1970,10,Delantero,3,3,0,1,1,0.33,0,0,1,0,2,8
Georg Braun,Austria,1934,-,Delantero,1,1,0,3,0,0.00,0,0,0,0,1,4
Georg Stollenwerk,Alemania Occidental,1958,7,Defensor,6,6,0,0,0,0.00,0,0,2,2,2,4
George Borba,Israel,1970,11,Delantero,0,0,0,3,0,0.00,0,0,0,0,0,12
George Burley,Escocia,1982,21,Defensor,0,0,0,3,0,0.00,0,0,0,0,0,15
George Cohen,Inglaterra,1966,2,Defensor,6,6,0,0,0,0.00,0,0,5,1,0,1
George Dunlop,Irlanda del Norte,1982,22,Arquero,0,0,0,5,0,0.00,0,0,0,0,0,9
George Eastham,Inglaterra,1962,20,Mediocampista,0,0,0,4,0,0.00,0,0,0,0,0,8
George Eastham,Inglaterra,1966,22,Delantero,0,0,0,6,0,0.00,0,0,0,0,0,1
George Hamilton,Escocia,1954,9,Delantero,0,0,0,2,0,0.00,0,0,0,0,0,15
George Koumantarakis,Sudáfrica,2002,23,Delantero,3,0,0,0,0,0.00,0,0,1,1,1,17
George Moorhouse,Estados Unidos,1930,-,Defensor,3,3,0,0,0,0.00,0,0,2,0,1,3
George Moorhouse,Estados Unidos,1934,-,Defensor,1,1,1,0,0,0.00,0,0,0,0,1,16
George Owu,Ghana,2006,16,Arquero,0,0,0,4,0,0.00,0,0,0,0,0,13
George Pakos,Canadá,1986,13,Mediocampista,1,0,0,2,0,0.00,0,0,0,0,1,24
George Welcome,Honduras,2010,12,Delantero,3,0,0,0,0,0.00,0,0,0,1,2,30
George Wood,Escocia,1982,12,Arquero,0,0,0,3,0,0.00,0,0,0,0,0,15
Georges Aeby,Suiza,1938,-,Delantero,2,2,0,1,0,0.00,0,0,1,1,0,6
Georges Beaucourt,Francia,1934,-,Defensor,0,0,0,1,0,0.00,0,0,0,0,0,9
Georges Bregy,Suiza,1994,6,Mediocampista,4,4,0,0,1,0.25,1,0,1,1,2,15
Georges Carnus,Francia,1966,21,Arquero,0,0,0,3,0,0.00,0,0,0,0,0,13
Georges Grun,Bélgica,1986,13,Defensor,6,5,0,1,0,0.00,1,0,2,2,2,4
Georges Grun,Bélgica,1990,13,Defensor,2,2,0,2,0,0.00,0,0,1,0,1,11
Georges Grun,Bélgica,1994,13,Defensor,3,3,3,1,1,0.33,1,0,2,0,1,11
Georges Heylens,Bélgica,1970,2,Defensor,3,3,0,0,0,0.00,0,0,1,0,2,10
Georges-Kévin Nkoudou,Camerún,2022,7,Mediocampista,2,0,0,1,0,0.00,0,0,0,1,1,19
Georges Mandjeck,Camerún,2010,20,Mediocampista,0,0,0,3,0,0.00,0,0,0,0,0,31
Georges Mouyeme,Camerún,1994,20,Delantero,1,0,0,2,0,0.00,0,0,0,1,0,22
Georges Putmans,Bélgica,1934,-,Mediocampista,0,0,0,1,0,0.00,0,0,0,0,0,15
Georges Stuber,Suiza,1950,-,Arquero,2,2,0,1,0,0.00,0,0,0,1,1,6
Georges Stuber,Suiza,1954,3,Arquero,0,0,0,4,0,0.00,0,0,0,0,0,5
Georges Verriest,Francia,1934,-,Mediocampista,1,1,0,0,1,1.00,0,0,0,0,1,9
Georges Vuilleumier,Suiza,1966,21,Delantero,0,0,0,3,0,0.00,0,0,0,0,0,16
Georgi Asparukhov,Bulgaria,1962,15,Delantero,1,1,0,2,0,0.00,0,0,0,0,1,15
Georgi Asparukhov,Bulgaria,1966,9,Delantero,3,3,0,0,1,0.33,0,0,0,0,3,15
Georgi Asparukhov,Bulgaria,1970,19,Delantero,3,2,0,0,0,0.00,0,0,0,1,2,13
Georgi Bachev,Bulgaria,1998,19,Mediocampista,2,1,0,1,0,0.00,1,0,0,0,2,29
Georgi Denev,Bulgaria,1974,11,Delantero,3,3,0,0,0,0.00,1,0,0,2,1,12
Georgi Dimitrov,Bulgaria,1986,5,Defensor,4,4,4,0,0,0.00,0,0,0,2,2,15
Georgi Georgiev,Bulgaria,1994,19,Mediocampista,0,0,0,7,0,0.00,0,0,0,0,0,4
Georgi Ivanov,Bulgaria,1998,20,Delantero,0,0,0,3,0,0.00,0,0,0,0,0,29
Georgi Kamenski,Bulgaria,1970,22,Arquero,0,0,0,3,0,0.00,0,0,0,0,0,13
Georgi Naidenov,Bulgaria,1962,1,Arquero,3,3,0,0,0,0.00,0,0,0,1,2,15
Georgi Naidenov,Bulgaria,1966,1,Arquero,2,2,0,1,0,0.00,0,0,0,0,2,15
Georgi Nikolov,Bulgaria,1962,22,Defensor,0,0,0,3,0,0.00,0,0,0,0,0,15
Georgi Popov,Bulgaria,1970,7,Delantero,2,2,0,1,0,0.00,0,0,0,1,1,13
Georgi Sichinava,URSS,1966,14,Mediocampista,2,2,0,4,0,0.00,0,0,1,0,1,4
Georgi Sokolov,Bulgaria,1962,14,Delantero,2,2,0,1,1,0.50,0,0,0,1,1,15
Georgi Yordanov,Bulgaria,1986,15,Mediocampista,2,2,0,2,0,0.00,0,0,0,0,2,15
Georginio Wijnaldum,Paises Bajos,2014,20,Mediocampista,7,5,0,0,1,0.14,0,0,5,2,0,3
Georgios Karagounis,Grecia,2010,10,Mediocampista,3,3,3,0,0,0.00,0,0,1,0,2,25
Georgios Karagounis,Grecia,2014,10,Mediocampista,4,2,2,0,0,0.00,0,0,1,2,1,13
Georgios Samaras,Grecia,2010,7,Delantero,3,2,0,0,0,0.00,1,0,1,0,2,25
Georgios Samaras,Grecia,2014,7,Delantero,4,4,0,0,1,0.25,1,0,1,2,1,13
Georgy Schennikov,Rusia,2014,3,Defensor,0,0,0,3,0,0.00,0,0,0,0,0,24
Geovanis Cassiani,Colombia,1990,17,Defensor,0,0,0,4,0,0.00,0,0,0,0,0,14
Geovanni Jara,Costa Rica,1990,18,Defensor,0,0,0,4,0,0.00,0,0,0,0,0,13
Gerald Asamoah,Alemania,2002,14,Delantero,3,0,0,4,0,0.00,0,0,2,0,1,2
Gerald Asamoah,Alemania,2006,14,Delantero,1,0,0,6,0,0.00,0,0,1,0,0,3
Gerald Glatzmayer,Austria,1990,19,Mediocampista,1,0,0,2,0,0.00,1,0,1,0,0,18
Gerald Messlender,Austria,1982,16,Defensor,0,0,0,5,0,0.00,0,0,0,0,0,8
Gerald Peyton,Irlanda,1990,22,Arquero,0,0,0,5,0,0.00,0,0,0,0,0,8
Gerald Vanenburg,Paises Bajos,1990,8,Mediocampista,1,1,0,3,0,0.00,0,0,0,1,0,15
Gerard Delbeke,Bélgica,1930,-,Delantero,1,1,0,1,0,0.00,0,0,0,0,1,11
Gerard Gnanhouan,Costa de Marfil,2006,16,Arquero,0,0,0,3,0,0.00,0,0,0,0,0,19
Gerard Hausser,Francia,1966,14,Delantero,3,3,0,0,1,0.33,0,0,0,1,2,13
Gerard Janvion,Francia,1978,4,Defensor,2,2,0,1,0,0.00,0,0,1,0,1,12
Gerard Janvion,Francia,1982,5,Defensor,6,6,0,1,0,0.00,0,0,3,2,1,4
Gerard Joseph,Haití,1974,22,Arquero,0,0,0,3,0,0.00,0,0,0,0,0,15
Gerard Piqué,España,2010,3,Defensor,7,7,0,0,0,0.00,1,0,6,0,1,1
Gerard Piqué,España,2014,3,Defensor,1,1,0,2,0,0.00,0,0,0,0,1,23
Gerard Piqué,España,2018,3,Defensor,4,4,0,0,0,0.00,1,0,1,3,0,10
Gerard Plessers,Bélgica,1982,16,Defensor,2,1,0,3,0,0.00,0,0,0,1,1,10
Gerard Soler,Francia,1982,20,Delantero,6,6,0,1,1,0.17,1,0,3,1,2,4
Gerard Wodarz,Polonia,1938,-,Delantero,1,1,0,0,0,0.00,0,0,0,0,1,11
Gerardo Arteaga,México,2022,6,Defensor,0,0,0,3,0,0.00,0,0,0,0,0,22
Gerardo Lugo,México,1978,18,Mediocampista,2,0,0,1,0,0.00,0,0,0,0,2,16
Gerardo Romero,Paraguay,1930,-,Delantero,1,1,0,1,0,0.00,0,0,1,0,0,9
Gerardo Torrado,México,2002,6,Mediocampista,4,4,0,0,1,0.25,1,0,2,1,1,11
Gerardo Torrado,México,2006,6,Mediocampista,3,2,0,1,0,0.00,2,0,1,1,1,15
Gerardo Torrado,México,2010,6,Mediocampista,4,4,1,0,0,0.00,1,0,1,1,2,14
Gerd Kische,Alemania Oriental,1974,18,Defensor,6,6,0,0,0,0.00,2,0,2,2,2,6
Gerd Mueller,Alemania Occidental,1970,13,Delantero,6,6,0,0,10,1.67,2,0,5,0,1,3
Gerd Mueller,Alemania Occidental,1974,13,Delantero,7,7,0,0,4,0.57,0,0,6,0,1,1
Gerd Zewe,Alemania Occidental,1978,18,Mediocampista,0,0,0,6,0,0.00,0,0,0,0,0,6
Geremi,Camerún,2002,8,Defensor,3,3,0,0,0,0.00,1,0,1,1,1,20
Geremi,Camerún,2010,8,Defensor,3,2,0,0,0,0.00,0,0,0,0,3,31
Gerhard Breitenberger,Austria,1978,4,Defensor,4,4,0,2,0,0.00,0,0,2,0,2,7
Gerhard Hanappi,Austria,1954,2,Defensor,5,5,0,0,0,0.00,0,0,4,0,1,3
Gerhard Hanappi,Austria,1958,5,Defensor,3,3,3,0,0,0.00,0,0,0,1,2,15
Gerhard Lusenti,Suiza,1950,-,Defensor,3,3,0,0,0,0.00,0,0,1,1,1,6
Gerhard Rodax,Austria,1990,14,Delantero,2,2,0,1,1,0.50,0,0,1,0,1,18
German Aceros,Colombia,1962,13,Delantero,3,3,0,0,1,0.33,0,0,0,1,2,14
German Apukthin,URSS,1958,7,Delantero,1,1,0,4,0,0.00,0,0,1,0,0,6
German Burgos,Argentina,1998,12,Arquero,0,0,0,5,0,0.00,0,0,0,0,0,6
German Burgos,Argentina,2002,1,Arquero,0,0,0,3,0,0.00,0,0,0,0,0,18
German Chavarria,Costa Rica,1990,8,Mediocampista,4,4,0,0,0,0.00,0,0,2,0,2,13
German Leguia,Perú,1978,15,Delantero,1,0,0,5,0,0.00,0,0,1,0,0,8
German Leguia,Perú,1982,5,Delantero,3,2,0,0,0,0.00,0,0,0,2,1,20
German Pezzella,Argentina,2022,6,Defensor,3,0,0,4,0,0.00,1,0,1,2,0,1
German Villa,México,1998,4,Mediocampista,3,2,0,1,0,0.00,1,0,0,2,1,13
German Villa,México,2002,14,Mediocampista,0,0,0,4,0,0.00,0,0,0,0,0,11
Germano,Brasil,1934,-,Arquero,0,0,0,1,0,0.00,0,0,0,0,0,14
Germano,Portugal,1966,5,Defensor,1,1,0,5,0,0.00,0,0,1,0,0,3
Gernot Jurtin,Austria,1982,18,Delantero,2,1,0,3,0,0.00,0,0,1,1,0,8
Geronimo Barbadillo,Perú,1982,7,Delantero,3,1,0,0,0,0.00,0,0,0,2,1,20
Geronimo Rulli,Argentina,2022,12,Arquero,0,0,0,7,0,0.00,0,0,0,0,0,1
Gerry Armstrong,Irlanda del Norte,1982,9,Delantero,5,5,0,0,3,0.60,0,0,1,3,1,9
Gerry Armstrong,Irlanda del Norte,1986,14,Delantero,1,0,0,2,0,0.00,0,0,0,0,1,21
Gerry Byrne,Inglaterra,1966,15,Defensor,0,0,0,6,0,0.00,0,0,0,0,0,1
Gerry Gray,Canadá,1986,8,Mediocampista,2,2,0,1,0,0.00,0,0,0,0,2,24
Gerry Hitchens,Inglaterra,1962,9,Delantero,2,2,0,2,1,0.50,0,0,0,0,2,8
Gerson,Brasil,1966,11,Mediocampista,1,1,0,2,0,0.00,0,0,0,0,1,11
Gerson,Brasil,1970,8,Mediocampista,4,4,0,2,1,0.25,1,0,4,0,0,1
Gerson Torres,Costa Rica,2022,13,Mediocampista,1,1,0,2,0,0.00,0,0,1,0,0,27
Gert Verheyen,Bélgica,1998,18,Mediocampista,1,0,0,2,0,0.00,0,1,0,1,0,19
Gert Verheyen,Bélgica,2002,11,Mediocampista,4,4,0,0,0,0.00,1,0,1,2,1,14
Gervinho,Costa de Marfil,2010,10,Delantero,3,2,0,0,0,0.00,0,0,1,1,1,17
Gervinho,Costa de Marfil,2014,10,Delantero,3,3,0,0,2,0.67,0,0,1,0,2,21
Geza Gulyas,Hungría,1954,22,Arquero,0,0,0,5,0,0.00,0,0,0,0,0,2
Geza Kalocsay,Checoslovaquia,1934,-,Delantero,0,0,0,4,0,0.00,0,0,0,0,0,2
Geza Toldi,Hungría,1934,-,Delantero,2,2,0,0,2,1.00,0,0,1,0,1,6
Geza Toldi,Hungría,1938,-,Delantero,2,2,0,2,1,0.50,0,0,2,0,0,2
Ghafoor Jahani,Irán,1978,17,Delantero,3,2,0,0,0,0.00,0,0,0,1,2,14
Ghailene Chaalali,Túnez,2018,20,Delantero,1,1,0,2,0,0.00,1,0,1,0,0,24
Ghailene Chaalali,Túnez,2022,18,Mediocampista,1,0,0,2,0,0.00,0,0,1,0,0,21
Ghandi Said,Marruecos,1970,7,Mediocampista,3,3,0,0,0,0.00,0,0,0,1,2,14
Ghanim Mubarak,Emiratos Arabes,1990,4,Defensor,0,0,0,3,0,0.00,0,0,0,0,0,24
Gharib Amzine,Marruecos,1998,17,Mediocampista,3,1,0,0,0,0.00,0,0,1,1,1,18
Ghasem Haddadifar,Irán,2014,11,Mediocampista,0,0,0,3,0,0.00,0,0,0,0,0,28
Gheorghe Albu,Rumania,1934,-,Defensor,1,1,0,0,0,0.00,0,0,0,0,1,12
Gheorghe Ciolac,Rumania,1934,-,Delantero,0,0,0,1,0,0.00,0,0,0,0,0,12
Gheorghe Craioveanu,Rumania,1998,21,Delantero,1,0,0,3,0,0.00,0,0,0,0,1,11
Gheorghe Gornea,Rumania,1970,22,Arquero,0,0,0,3,0,0.00,0,0,0,0,0,10
Gheorghe Hagi,Rumania,1990,10,Mediocampista,3,3,0,1,0,0.00,2,0,0,2,1,12
Gheorghe Hagi,Rumania,1994,10,Mediocampista,5,5,5,0,3,0.60,0,0,3,1,1,6
Gheorghe Hagi,Rumania,1998,10,Mediocampista,4,4,4,0,0,0.00,1,0,2,1,1,11
Gheorghe Liliac,Rumania,1990,22,Arquero,0,0,0,4,0,0.00,0,0,0,0,0,12
Gheorghe Mihali,Rumania,1994,14,Defensor,4,3,0,1,0,0.00,1,0,3,0,1,6
Gheorghe Popescu,Rumania,1990,6,Mediocampista,4,4,0,0,0,0.00,0,0,1,2,1,12
Gheorghe Popescu,Rumania,1994,6,Defensor,5,5,0,0,0,0.00,2,0,3,1,1,6
Gheorghe Popescu,Rumania,1998,6,Defensor,4,3,0,0,0,0.00,2,0,2,1,1,11
Gheorghe Rasinaru,Rumania,1938,-,Mediocampista,2,2,0,0,0,0.00,0,0,0,1,1,9
Gheorghe Tataru,Rumania,1970,17,Delantero,3,1,0,0,0,0.00,0,0,1,0,2,10
Gi Dong Jeong,Corea del Sur,1990,19,Arquero,0,0,0,3,0,0.00,0,0,0,0,0,22
Giacinto Facchetti,Italia,1966,6,Defensor,3,3,0,0,0,0.00,0,0,1,0,2,9
Giacinto Facchetti,Italia,1970,3,Defensor,6,6,6,0,0,0.00,0,0,3,2,1,2
Giacinto Facchetti,Italia,1974,3,Defensor,3,3,3,0,0,0.00,0,0,1,1,1,10
Giacomo Bulgarelli,Italia,1962,22,Delantero,1,1,0,2,2,2.00,0,0,1,0,0,9
Giacomo Bulgarelli,Italia,1966,4,Mediocampista,3,3,1,0,0,0.00,0,0,1,0,2,9
Giacomo Losi,Italia,1962,2,Defensor,2,2,0,1,0,0.00,0,0,1,1,0,9
Giacomo Mari,Italia,1950,-,Mediocampista,1,1,0,1,0,0.00,0,0,1,0,0,7
Giacomo Mari,Italia,1954,15,Mediocampista,1,1,0,2,0,0.00,0,0,0,0,1,10
Giampaolo Menichelli,Italia,1962,11,Delantero,2,2,0,1,0,0.00,0,0,0,1,1,9
Giampaolo Pazzini,Italia,2010,20,Delantero,1,0,0,2,0,0.00,0,0,0,1,0,26
Giampiero Boniperti,Italia,1950,-,Delantero,1,1,0,1,0,0.00,0,0,0,0,1,7
Giampiero Boniperti,Italia,1954,19,Delantero,1,1,1,2,1,1.00,0,0,0,0,1,10
Giampiero Combi,Italia,1934,-,Arquero,5,5,4,0,0,0.00,0,0,4,1,0,1
Giampiero Marini,Italia,1982,11,Mediocampista,5,2,0,2,0,0.00,1,0,3,2,0,1
Giancarlo Antognoni,Italia,1978,9,Mediocampista,5,5,0,2,0,0.00,0,0,3,1,1,4
Giancarlo Antognoni,Italia,1982,9,Mediocampista,6,6,0,1,0,0.00,1,0,3,3,0,1
Giancarlo De Sisti,Italia,1970,16,Mediocampista,6,6,0,0,0,0.00,1,0,3,2,1,2
Giancarlo Gonzalez,Costa Rica,2014,3,Defensor,5,5,0,0,0,0.00,2,0,2,3,0,8
Giancarlo Gonzalez,Costa Rica,2018,3,Defensor,3,3,0,0,0,0.00,0,0,0,1,2,29
Giancarlo Marocchi,Italia,1990,14,Mediocampista,0,0,0,7,0,0.00,0,0,0,0,0,3
Gianfranco Leoncini,Italia,1966,12,Mediocampista,1,1,0,2,0,0.00,0,0,0,0,1,9
Gianfranco Zola,Italia,1994,21,Mediocampista,1,0,0,6,0,0.00,0,1,1,0,0,2
Gianluca Pagliuca,Italia,1990,22,Arquero,0,0,0,7,0,0.00,0,0,0,0,0,3
Gianluca Pagliuca,Italia,1994,1,Arquero,5,5,0,2,0,0.00,0,1,3,1,1,2
Gianluca Pagliuca,Italia,1998,12,Arquero,5,5,0,0,0,0.00,0,0,3,2,0,5
Gianluca Pessotto,Italia,1998,7,Defensor,3,2,0,2,0,0.00,0,0,2,1,0,5
Gianluca Vialli,Italia,1986,17,Delantero,4,0,0,0,0,0.00,0,0,1,2,1,12
Gianluca Vialli,Italia,1990,21,Delantero,3,3,0,4,0,0.00,0,0,2,1,0,3
Gianluca Zambrotta,Italia,2002,19,Mediocampista,4,4,0,0,0,0.00,1,0,1,1,2,15
Gianluca Zambrotta,Italia,2006,19,Defensor,6,6,0,1,1,0.17,3,0,4,2,0,1
Gianluca Zambrotta,Italia,2010,19,Defensor,3,3,0,0,0,0.00,0,0,0,2,1,26
Gianluigi Buffon,Italia,1998,22,Arquero,0,0,0,5,0,0.00,0,0,0,0,0,5
Gianluigi Buffon,Italia,2002,1,Arquero,4,4,0,0,0,0.00,0,0,1,1,2,15
Gianluigi Buffon,Italia,2006,1,Arquero,7,7,0,0,0,0.00,0,0,5,2,0,1
Gianluigi Buffon,Italia,2010,1,Arquero,1,1,0,2,0,0.00,0,0,0,1,0,26
Gianluigi Buffon,Italia,2014,1,Arquero,2,2,2,1,0,0.00,0,0,0,0,2,22
Gianni Guigou,Uruguay,2002,7,Mediocampista,2,1,0,1,0,0.00,0,0,0,1,1,26
Gianni Rivera,Italia,1962,14,Delantero,1,1,0,2,0,0.00,0,0,0,1,0,9
Gianni Rivera,Italia,1966,19,Mediocampista,2,2,0,1,0,0.00,0,0,1,0,1,9
Gianni Rivera,Italia,1970,14,Mediocampista,4,0,0,2,2,0.50,1,0,2,1,1,2
Gianni Rivera,Italia,1974,10,Mediocampista,2,2,0,1,1,0.50,0,0,1,1,0,10
Giannis Kalitzakis,Grecia,1994,5,Defensor,3,3,0,0,0,0.00,1,0,0,0,3,24
Giannis Maniatis,Grecia,2014,2,Mediocampista,4,4,0,0,0,0.00,0,0,1,2,1,13
Gideon Mensah,Ghana,2022,14,Defensor,1,1,0,2,0,0.00,0,0,1,0,0,24
Gigi Riva,Italia,1970,11,Delantero,6,6,0,0,3,0.50,0,0,3,2,1,2
Gigi Riva,Italia,1974,11,Delantero,2,2,0,1,0,0.00,0,0,1,1,0,10
Gil,Brasil,1978,18,Delantero,7,6,0,0,0,0.00,0,0,4,3,0,3
Gilbert Bodart,Bélgica,1986,20,Arquero,0,0,0,7,0,0.00,0,0,0,0,0,4
Gilbert Bodart,Bélgica,1990,12,Arquero,0,0,0,4,0,0.00,0,0,0,0,0,11
Gilbert Fesselet,Suiza,1954,12,Mediocampista,0,0,0,4,0,0.00,0,0,0,0,0,5
Gilbert Merrick,Inglaterra,1954,1,Arquero,3,3,0,0,0,0.00,0,0,1,1,1,7
Gilbert Rey,Suiza,1962,19,Delantero,0,0,0,3,0,0.00,0,0,0,0,0,16
Gilberto Martinez,Costa Rica,2002,5,Defensor,3,3,0,0,0,0.00,1,0,1,1,1,19
Gilberto Martinez,Costa Rica,2006,5,Defensor,1,1,0,2,0,0.00,0,0,0,0,1,31
Gilberto Melo,Brasil,2006,16,Defensor,1,1,0,4,1,1.00,1,0,1,0,0,5
Gilberto Melo,Brasil,2010,16,Defensor,2,0,0,3,0,0.00,0,0,1,0,1,6
Gilberto Silva,Brasil,2002,8,Mediocampista,7,7,0,0,0,0.00,1,0,7,0,0,1
Gilberto Silva,Brasil,2006,17,Mediocampista,4,2,0,1,0,0.00,0,0,3,0,1,5
Gilberto Silva,Brasil,2010,8,Mediocampista,5,5,0,0,0,0.00,0,0,3,1,1,6
Gilberto Yearwood,Honduras,1982,20,Mediocampista,3,3,0,0,0,0.00,0,1,0,2,1,18
Gildardo Gomez,Colombia,1990,3,Defensor,4,4,0,0,0,0.00,0,0,1,1,2,14
Gilles Yapi Yapo,Costa de Marfil,2006,10,Mediocampista,1,0,0,2,0,0.00,0,0,0,0,1,19
Gilmar,Brasil,1958,3,Arquero,6,6,0,0,0,0.00,0,0,5,1,0,1
Gilmar,Brasil,1962,1,Arquero,6,6,0,0,0,0.00,0,0,5,1,0,1
Gilmar,Brasil,1966,1,Arquero,2,2,0,1,0,0.00,0,0,1,0,1,11
Gilmar Rinaldi,Brasil,1994,22,Arquero,0,0,0,7,0,0.00,0,0,0,0,0,1
Gino Cappello,Italia,1950,-,Delantero,2,2,0,0,0,0.00,0,0,1,0,1,7
Gino Cappello,Italia,1954,10,Delantero,1,1,0,2,0,0.00,0,0,1,0,0,10
Gino Colaussi,Italia,1938,-,Delantero,3,3,0,1,4,1.33,0,0,3,0,0,1
Gino Gardassanich,Estados Unidos,1950,-,Arquero,0,0,0,3,0,0.00,0,0,0,0,0,10
Gino Pariani,Estados Unidos,1950,-,Delantero,3,3,0,0,1,0.33,0,0,1,0,2,10
Gino Pivatelli,Italia,1954,18,Delantero,0,0,0,3,0,0.00,0,0,0,0,0,10
Giora Spiegel,Israel,1970,8,Mediocampista,3,3,0,0,0,0.00,0,0,0,2,1,12
Giorgian De Arrascaeta,Uruguay,2018,10,Delantero,2,1,0,3,0,0.00,0,0,2,0,0,5
Giorgian De Arrascaeta,Uruguay,2022,10,Mediocampista,2,1,0,1,2,1.00,0,0,1,0,1,20
Giorgio Chiellini,Italia,2010,4,Defensor,3,3,0,0,0,0.00,1,0,0,2,1,26
Giorgio Chiellini,Italia,2014,3,Defensor,3,3,0,0,0,0.00,0,0,1,0,2,22
Giorgio Chinaglia,Italia,1974,9,Delantero,2,2,0,1,0,0.00,0,0,1,0,1,10
Giorgio Ferrini,Italia,1962,21,Mediocampista,2,2,0,1,0,0.00,0,0,0,1,1,9
Giorgio Ghezzi,Italia,1954,1,Arquero,2,2,0,1,0,0.00,0,0,1,0,1,10
Giorgio Puia,Italia,1970,9,Defensor,0,0,0,6,0,0.00,0,0,0,0,0,2
Giorgios Tzavellas,Grecia,2014,3,Defensor,0,0,0,4,0,0.00,0,0,0,0,0,13
Giotis Tsalouchidis,Grecia,1994,6,Mediocampista,2,2,0,1,0,0.00,1,0,0,0,2,24
Giourkas Seitaridis,Grecia,2010,2,Defensor,1,1,0,2,0,0.00,0,0,0,0,1,25
Giovani dos Santos,México,2010,17,Delantero,4,4,0,0,0,0.00,0,0,1,1,2,14
Giovani dos Santos,México,2014,10,Mediocampista,4,4,0,0,1,0.25,0,0,2,1,1,10
Giovani dos Santos,México,2018,10,Mediocampista,1,0,0,3,0,0.00,0,0,1,0,0,12
Giovani Lo Celso,Argentina,2018,20,Mediocampista,0,0,0,4,0,0.00,0,0,0,0,0,16
Giovanni,Brasil,1998,7,Mediocampista,1,1,0,6,0,0.00,0,0,1,0,0,2
Giovanni Ferrari,Italia,1934,-,Mediocampista,4,4,0,1,2,0.50,0,0,3,1,0,1
Giovanni Ferrari,Italia,1938,-,Mediocampista,4,4,0,0,0,0.00,0,0,4,0,0,1
Giovanni Galli,Italia,1982,22,Arquero,0,0,0,7,0,0.00,0,0,0,0,0,1
Giovanni Galli,Italia,1986,1,Arquero,4,4,0,0,0,0.00,0,0,1,2,1,12
Giovanni Giacomazzi,Italia,1954,3,Defensor,3,3,0,0,0,0.00,0,0,1,0,2,10
Giovanni Ibarra,Ecuador,2002,12,Arquero,0,0,0,3,0,0.00,0,0,0,0,0,24
Giovanni Lodetti,Italia,1966,13,Mediocampista,2,2,0,1,0,0.00,0,0,1,0,1,9
Giovanni Reyna,Estados Unidos,2022,7,Delantero,2,0,0,2,0,0.00,0,0,0,1,1,14
Giovanni Sio,Costa de Marfil,2014,21,Delantero,1,0,0,2,0,0.00,0,0,0,0,1,21
Giovanni Trapattoni,Italia,1962,6,Mediocampista,0,0,0,3,0,0.00,0,0,0,0,0,9
Giovanni Van Bronckhorst,Paises Bajos,1998,19,Mediocampista,0,0,0,7,0,0.00,0,0,0,0,0,4
Giovanni Van Bronckhorst,Paises Bajos,2006,5,Defensor,3,3,0,1,0,0.00,1,1,2,0,1,11
Giovanni Van Bronckhorst,Paises Bajos,2010,5,Defensor,7,7,7,0,1,0.14,2,0,6,0,1,2
Giovanni Viola,Italia,1954,12,Arquero,1,1,0,2,0,0.00,0,0,0,0,1,10
Giovanny Espinoza,Ecuador,2002,17,Defensor,0,0,0,3,0,0.00,0,0,0,0,0,24
Giovanny Espinoza,Ecuador,2006,17,Defensor,4,4,0,0,0,0.00,0,0,2,0,2,12
Giuseppe Baresi,Italia,1986,11,Mediocampista,3,1,0,1,0,0.00,0,0,1,1,1,12
Giuseppe Bergomi,Italia,1982,3,Defensor,3,2,0,4,0,0.00,0,0,3,0,0,1
Giuseppe Bergomi,Italia,1986,2,Defensor,3,3,0,1,0,0.00,2,0,0,2,1,12
Giuseppe Bergomi,Italia,1990,3,Defensor,7,7,7,0,0,0.00,0,0,6,1,0,3
Giuseppe Bergomi,Italia,1998,2,Defensor,3,2,0,2,0,0.00,1,0,2,1,0,5
Giuseppe Bossi,Suiza,1934,-,Delantero,1,1,0,1,0,0.00,0,0,1,0,0,7
Giuseppe Casari,Italia,1950,-,Arquero,0,0,0,2,0,0.00,0,0,0,0,0,7
Giuseppe Cavanna,Italia,1934,-,Arquero,0,0,0,5,0,0.00,0,0,0,0,0,1
Giuseppe Dossena,Italia,1982,10,Mediocampista,0,0,0,7,0,0.00,0,0,0,0,0,1
Giuseppe Furino,Italia,1970,21,Mediocampista,1,0,0,5,0,0.00,0,0,0,1,0,2
Giuseppe Galderisi,Italia,1986,19,Delantero,4,4,0,0,0,0.00,0,0,1,2,1,12
Giuseppe Giannini,Italia,1990,13,Mediocampista,7,7,0,0,1,0.14,1,0,6,1,0,3
Giuseppe Meazza,Italia,1934,-,Mediocampista,5,5,0,0,2,0.40,0,0,4,1,0,1
Giuseppe Meazza,Italia,1938,-,Delantero,4,4,4,0,1,0.25,0,0,4,0,0,1
Giuseppe Moro,Italia,1950,-,Arquero,1,1,0,1,0,0.00,0,0,1,0,0,7
Giuseppe Sabadini,Italia,1974,13,Defensor,0,0,0,3,0,0.00,0,0,0,0,0,10
Giuseppe Signori,Italia,1994,20,Delantero,6,4,0,1,0,0.00,1,0,4,1,1,2
Giuseppe Wilson,Italia,1974,15,Defensor,2,0,0,1,0,0.00,0,0,0,1,1,10
Givi Chokheli,URSS,1962,5,Defensor,3,3,0,1,0,0.00,0,0,1,1,1,6
Givili Nodiya,URSS,1970,19,Delantero,1,1,0,3,0,0.00,1,0,0,1,0,5
Glen Adam,Nueva Zelanda,1982,16,Defensor,0,0,0,3,0,0.00,0,0,0,0,0,23
Glen De Boeck,Bélgica,1998,16,Defensor,1,0,0,2,0,0.00,0,0,0,1,0,19
Glen De Boeck,Bélgica,2002,3,Defensor,2,2,0,2,0,0.00,0,0,1,1,0,14
Glen Dods,Nueva Zelanda,1982,2,Defensor,2,2,0,1,0,0.00,0,0,0,0,2,23
Glen Johnson,Inglaterra,2010,2,Defensor,4,4,0,0,0,0.00,2,0,1,2,1,13
Glen Johnson,Inglaterra,2014,2,Defensor,2,2,0,1,0,0.00,0,0,0,0,2,26
Glen Moss,Nueva Zelanda,2010,12,Arquero,0,0,0,3,0,0.00,0,0,0,0,0,22
Glenn Hoddle,Inglaterra,1982,9,Mediocampista,2,1,0,3,0,0.00,0,0,2,0,0,6
Glenn Hoddle,Inglaterra,1986,4,Mediocampista,5,5,0,0,0,0.00,0,0,2,1,2,8
Glenn Hysen,Suecia,1990,3,Defensor,2,2,2,1,0,0.00,0,0,0,0,2,21
Glenn Stromberg,Suecia,1990,15,Mediocampista,3,1,0,0,1,0.33,1,0,0,0,3,21
Godfrey Oboabona,Nigeria,2014,14,Defensor,1,1,0,3,0,0.00,0,0,0,1,0,16
Godwin Okpara,Nigeria,1998,21,Mediocampista,2,0,0,2,0,0.00,0,0,1,0,1,12
Goikoetxea,España,1986,8,Defensor,4,4,0,1,1,0.25,2,0,3,0,1,7
Goikoetxea,España,1994,7,Mediocampista,5,5,0,0,2,0.40,1,0,2,2,1,8
Gojko Kacar,Serbia,2010,4,Mediocampista,1,0,0,2,0,0.00,0,0,1,0,0,23
Gokhan Inler,Suiza,2010,8,Mediocampista,3,3,2,0,0,0.00,1,0,1,1,1,19
Gokhan Inler,Suiza,2014,8,Mediocampista,4,4,4,0,0,0.00,0,0,2,0,2,11
Gomes,Brasil,2010,12,Arquero,0,0,0,5,0,0.00,0,0,0,0,0,6
Gomes,Portugal,1986,9,Delantero,3,3,2,0,0,0.00,1,0,1,0,2,17
Gonçalo Guedes,Portugal,2018,17,Delantero,4,3,0,0,0,0.00,0,0,1,2,1,13
Gonçalo Ramos,Portugal,2022,26,Delantero,4,2,0,1,3,0.75,0,0,3,0,1,8
Goncalves,Brasil,1998,14,Defensor,2,1,0,5,0,0.00,0,0,1,0,1,2
Gonzalo De Los Santos,Uruguay,2002,22,Mediocampista,1,0,0,2,0,0.00,0,0,0,1,0,26
Gonzalo Fierro,Chile,2010,19,Mediocampista,0,0,0,4,0,0.00,0,0,0,0,0,10
Gonzalo Higuain,Argentina,2010,9,Delantero,4,4,0,1,4,1.00,0,0,3,0,1,5
Gonzalo Higuain,Argentina,2014,9,Delantero,7,6,0,0,1,0.14,0,0,5,1,1,2
Gonzalo Higuain,Argentina,2018,9,Delantero,3,1,0,1,0,0.00,0,0,1,1,1,16
Gonzalo Jara,Chile,2010,18,Defensor,4,3,0,0,0,0.00,0,0,2,0,2,10
Gonzalo Jara,Chile,2014,18,Defensor,4,4,0,0,0,0.00,0,0,2,1,1,9
Gonzalo Montiel,Argentina,2022,4,Defensor,4,1,0,3,0,0.00,3,0,2,2,0,1
Gonzalo Pineda,México,2006,14,Defensor,4,3,0,0,0,0.00,1,0,1,1,2,15
Gonzalo Plata,Ecuador,2022,19,Mediocampista,3,3,0,0,0,0.00,0,0,1,1,1,18
Gonzalo Sorondo,Uruguay,2002,14,Defensor,3,3,0,0,0,0.00,0,0,0,2,1,26
Gonzalvo Ii,España,1950,-,Defensor,5,5,0,1,0,0.00,0,0,3,1,1,4
Gonzalvo Iii,España,1950,-,Mediocampista,5,5,0,1,0,0.00,0,0,3,1,1,4
Goran Djorovic,RF de Yugoslavia,1998,3,Defensor,4,4,0,0,0,0.00,1,0,2,1,1,10
Goran Gavrancic,Serbia y Montenegro,2006,6,Defensor,3,3,0,0,0,0.00,2,0,0,0,3,32
Goran Hagberg,Suecia,1974,17,Arquero,0,0,0,6,0,0.00,0,0,0,0,0,5
Goran Hagberg,Suecia,1978,12,Arquero,0,0,0,3,0,0.00,0,0,0,0,0,13
Goran Juric,Croacia,1998,5,Defensor,0,0,0,7,0,0.00,0,0,0,0,0,3
Goran Nicklasson,Suecia,1970,19,Mediocampista,2,1,0,1,0,0.00,0,0,1,0,1,9
Goran Sankovic,Eslovenia,2002,2,Defensor,0,0,0,3,0,0.00,0,0,0,0,0,30
Goran Sorloth,Noruega,1994,16,Delantero,1,1,0,2,0,0.00,1,0,0,1,0,17
Goran Vlaovic,Croacia,1998,19,Delantero,7,3,0,0,1,0.14,0,0,5,0,2,3
Goran Vlaovic,Croacia,2002,19,Delantero,0,0,0,3,0,0.00,0,0,0,0,0,23
Gordan Irovic,Yugoslavia,1958,20,Arquero,0,0,0,4,0,0.00,0,0,0,0,0,8
Gordan Vidovic,Bélgica,1998,4,Defensor,2,2,0,1,0,0.00,1,0,0,2,0,19
Gordon Banks,Inglaterra,1962,22,Arquero,0,0,0,4,0,0.00,0,0,0,0,0,8
Gordon Banks,Inglaterra,1966,1,Arquero,6,6,0,0,0,0.00,0,0,5,1,0,1
Gordon Banks,Inglaterra,1970,1,Arquero,3,3,0,1,0,0.00,0,0,2,0,1,8
Gordon Durie,Escocia,1990,13,Delantero,1,1,0,2,0,0.00,0,0,1,0,0,18
Gordon Durie,Escocia,1998,9,Delantero,3,3,0,0,0,0.00,1,0,0,1,2,27
Gordon Mcqueen,Escocia,1974,21,Defensor,0,0,0,3,0,0.00,0,0,0,0,0,9
Gordon Mcqueen,Escocia,1978,5,Defensor,0,0,0,3,0,0.00,0,0,0,0,0,11
Gordon Schildenfeld,Croacia,2014,13,Defensor,0,0,0,3,0,0.00,0,0,0,0,0,19
Gordon Strachan,Escocia,1982,7,Mediocampista,3,3,0,0,0,0.00,0,0,1,1,1,15
Gordon Strachan,Escocia,1986,7,Mediocampista,3,3,0,0,1,0.33,0,0,0,1,2,19
Gorostiza,España,1934,-,Delantero,2,2,0,1,0,0.00,0,0,1,1,0,5
Gosho Ginchev,Bulgaria,1998,13,Defensor,2,2,0,1,0,0.00,0,0,0,0,2,29
Gosta Dunker,Suecia,1934,-,Delantero,2,2,0,0,1,0.50,0,0,1,0,1,8
Gosta Lofgren,Suecia,1958,18,Delantero,1,1,0,5,0,0.00,0,0,0,1,0,2
Gotoku Sakai,Japón,2014,3,Defensor,0,0,0,3,0,0.00,0,0,0,0,0,29
Gotoku Sakai,Japón,2018,21,Defensor,1,1,0,3,0,0.00,0,0,0,0,1,15
Gracia,España,1962,10,Defensor,2,2,0,1,0,0.00,0,0,1,0,1,12
Graeme Le Saux,Inglaterra,1998,3,Defensor,4,4,0,0,0,0.00,0,0,2,1,1,9
Graeme Rutjes,Paises Bajos,1990,13,Defensor,1,1,0,3,0,0.00,0,0,0,1,0,15
Graeme Sharp,Escocia,1986,18,Delantero,1,1,0,2,0,0.00,0,0,0,1,0,19
Graeme Souness,Escocia,1978,18,Mediocampista,1,1,0,2,0,0.00,0,0,1,0,0,11
Graeme Souness,Escocia,1982,4,Mediocampista,3,3,2,0,1,0.33,1,0,1,1,1,15
Graeme Souness,Escocia,1986,4,Mediocampista,2,2,2,1,0,0.00,0,0,0,0,2,19
Grafite,Brasil,2010,23,Delantero,1,0,0,4,0,0.00,0,0,0,1,0,6
Graham Leggatt,Escocia,1958,14,Delantero,2,2,0,1,0,0.00,0,0,0,1,1,14
Graham Rix,Inglaterra,1982,15,Mediocampista,5,5,0,0,0,0.00,0,0,3,2,0,6
Graham Vearncombe,Gales,1958,13,Arquero,0,0,0,5,0,0.00,0,0,0,0,0,5
Graham Zusi,Estados Unidos,2014,19,Mediocampista,4,3,0,0,0,0.00,0,0,1,1,2,15
Granit Xhaka,Suiza,2014,10,Mediocampista,4,4,0,0,1,0.25,1,0,2,0,2,11
Granit Xhaka,Suiza,2018,10,Mediocampista,4,4,0,0,1,0.25,1,0,1,2,1,14
Granit Xhaka,Suiza,2022,10,Mediocampista,4,4,4,0,0,0.00,1,0,2,0,2,12
Grant Turner,Nueva Zelanda,1982,20,Delantero,0,0,0,3,0,0.00,0,0,0,0,0,23
Gratian Sepi,Rumania,1934,-,Delantero,1,1,0,0,0,0.00,0,0,0,0,1,12
Gregg Berhalter,Estados Unidos,2002,3,Defensor,2,2,0,3,0,0.00,2,0,1,0,1,8
Gregg Berhalter,Estados Unidos,2006,12,Defensor,0,0,0,3,0,0.00,0,0,0,0,0,25
Gregoire Mbida,Camerún,1982,8,Mediocampista,3,3,0,0,1,0.33,0,0,0,3,0,17
Gregor Kobel,Suiza,2022,21,Arquero,1,1,0,3,0,0.00,0,0,1,0,0,12
Gregorio Gomez,México,1950,-,Defensor,2,2,0,1,0,0.00,0,0,0,0,2,12
Gregory Coupet,Francia,2002,23,Arquero,0,0,0,3,0,0.00,0,0,0,0,0,28
Gregory Coupet,Francia,2006,23,Arquero,0,0,0,7,0,0.00,0,0,0,0,0,2
Gregory Ion,Canadá,1986,16,Mediocampista,0,0,0,3,0,0.00,0,0,0,0,0,24
Gregory Van Der Wiel,Paises Bajos,2010,2,Defensor,5,5,0,2,0,0.00,3,0,4,0,1,2
Grzegorz Krychowiak,Polonia,2018,10,Mediocampista,3,3,0,0,1,0.33,1,0,1,0,2,25
Grzegorz Krychowiak,Polonia,2022,10,Mediocampista,4,4,0,0,0,0.00,1,0,1,1,2,15
Grzegorz Lato,Polonia,1974,16,Delantero,7,7,0,0,7,1.00,0,0,6,0,1,3
Grzegorz Lato,Polonia,1978,16,Delantero,6,6,0,0,2,0.33,0,0,3,1,2,5
Grzegorz Lato,Polonia,1982,16,Delantero,7,7,0,0,1,0.14,0,0,3,3,1,3
Grzegorz Rasiak,Polonia,2006,11,Delantero,1,0,0,2,0,0.00,0,0,1,0,0,21
Guadalupe Velazquez,México,1950,-,Delantero,3,3,0,0,0,0.00,0,0,0,0,3,12
Gue-sung Cho,Corea del Sur,2022,9,Delantero,4,3,0,0,2,0.50,1,0,1,1,2,16
Guenter Bernard,Alemania Occidental,1966,21,Arquero,0,0,0,6,0,0.00,0,0,0,0,0,2
Guenter Hermann,Alemania Occidental,1962,18,Delantero,0,0,0,4,0,0.00,0,0,0,0,0,7
Guenter Netzer,Alemania Occidental,1974,10,Mediocampista,1,0,0,6,0,0.00,0,0,0,0,1,1
Guenther Hermann,Alemania Occidental,1990,21,Mediocampista,0,0,0,7,0,0.00,0,0,0,0,0,1
Guido Alvarenga,Paraguay,2002,8,Mediocampista,2,2,0,2,0,0.00,0,0,1,1,0,16
Guido Buchwald,Alemania Occidental,1990,6,Defensor,7,7,0,0,0,0.00,0,0,5,2,0,1
Guido Buchwald,Alemania Occidental,1994,6,Defensor,3,3,0,2,0,0.00,0,0,2,0,1,5
Guido Gratton,Italia,1954,20,Mediocampista,0,0,0,3,0,0.00,0,0,0,0,0,10
Guido Masetti,Italia,1934,-,Arquero,0,0,0,5,0,0.00,0,0,0,0,0,1
Guido Masetti,Italia,1938,-,Arquero,0,0,0,4,0,0.00,0,0,0,0,0,1
Guido Rodriguez,Argentina,2022,18,Mediocampista,1,1,0,6,0,0.00,0,0,1,0,0,1
Guido Vincenzi,Italia,1954,2,Defensor,1,1,0,2,0,0.00,0,0,0,0,1,10
Guillaume Bieganski,Francia,1954,8,Defensor,0,0,0,2,0,0.00,0,0,0,0,0,9
Guillermo Amor,España,1998,18,Mediocampista,3,2,0,0,0,0.00,1,0,1,1,1,17
Guillermo Arellano,Chile,1930,-,Delantero,1,1,0,2,0,0.00,0,0,0,0,1,5
Guillermo Castro,El Salvador,1970,18,Defensor,1,1,0,2,0,0.00,0,0,0,0,1,16
Guillermo Diaz,Chile,1950,-,Delantero,2,2,0,1,0,0.00,0,0,0,0,2,9
Guillermo Escalada,Uruguay,1962,23,Delantero,0,0,0,3,0,0.00,0,0,0,0,0,13
Guillermo Franco,México,2006,10,Delantero,3,2,0,1,0,0.00,0,0,1,1,1,15
Guillermo Franco,México,2010,9,Delantero,4,3,0,0,0,0.00,1,0,1,1,2,14
Guillermo Hernandez,México,1966,15,Mediocampista,3,3,0,0,0,0.00,0,0,0,2,1,12
Guillermo Hernandez,México,1970,6,Defensor,1,1,0,3,0,0.00,0,0,0,1,0,6
Guillermo La Rosa,Perú,1978,19,Delantero,5,5,0,1,0,0.00,0,0,2,1,2,8
Guillermo La Rosa,Perú,1982,19,Delantero,3,1,0,0,1,0.33,0,0,0,2,1,20
Guillermo Mendizabal,México,1978,6,Mediocampista,3,2,0,0,0,0.00,0,0,0,0,3,16
Guillermo Ochoa,México,2006,13,Arquero,0,0,0,4,0,0.00,0,0,0,0,0,15
Guillermo Ochoa,México,2010,13,Arquero,0,0,0,4,0,0.00,0,0,0,0,0,14
Guillermo Ochoa,México,2014,13,Arquero,4,4,0,0,0,0.00,0,0,2,1,1,10
Guillermo Ochoa,México,2018,13,Arquero,4,4,0,0,0,0.00,0,0,2,0,2,12
Guillermo Ochoa,México,2022,13,Arquero,3,3,2,0,0,0.00,0,0,1,1,1,22
Guillermo Ortiz,México,1962,10,Delantero,0,0,0,3,0,0.00,0,0,0,0,0,11
Guillermo Paez,Chile,1974,16,Mediocampista,3,3,0,0,0,0.00,1,0,0,2,1,11
Guillermo Ragazzone,El Salvador,1982,17,Delantero,0,0,0,3,0,0.00,0,0,0,0,0,24
Guillermo Riveros,Chile,1930,-,Defensor,1,1,0,2,0,0.00,0,0,1,0,0,5
Guillermo Saavedra,Chile,1930,-,Mediocampista,3,3,0,0,0,0.00,0,0,2,0,1,5
Guillermo Sepulveda,México,1958,15,Defensor,1,1,0,2,0,0.00,0,0,0,0,1,16
Guillermo Sepulveda,México,1962,3,Defensor,3,3,0,0,0,0.00,0,0,1,0,2,11
Guillermo Stabile,Argentina,1930,-,Delantero,4,4,0,1,8,2.00,0,0,3,0,1,2
Guillermo Subiabre,Chile,1930,-,Delantero,3,3,1,0,2,0.67,0,0,2,0,1,5
Guillermo Varela,Uruguay,2018,4,Defensor,2,2,0,3,0,0.00,0,0,2,0,0,5
Guillermo Varela,Uruguay,2022,13,Defensor,3,2,0,0,0,0.00,0,0,1,1,1,20
Guillermo Yavar,Chile,1966,22,Delantero,1,1,0,2,0,0.00,0,0,0,0,1,13
Guillermo Yavar,Chile,1974,17,Mediocampista,2,0,0,1,0,0.00,0,0,0,2,0,11
Gumercindo Gomez,Bolivia,1930,-,Delantero,1,1,0,1,0,0.00,0,0,0,0,1,12
Gunar Nedim,Turquía,1954,16,Defensor,0,0,0,3,0,0.00,0,0,0,0,0,11
Gunnar Andreassen,Noruega,1938,-,Mediocampista,0,0,0,1,0,0.00,0,0,0,0,0,12
Gunnar Gren,Suecia,1958,8,Mediocampista,5,5,0,1,1,0.20,0,0,4,0,1,2
Gunnar Halle,Noruega,1994,2,Defensor,2,1,0,1,0,0.00,0,0,1,1,0,17
Gunnar Halle,Noruega,1998,2,Defensor,1,0,0,3,0,0.00,0,0,0,1,0,15
Gunnar Jansson,Suecia,1934,-,Delantero,0,0,0,2,0,0.00,0,0,0,0,0,8
Gunnar Johansson Ii,Suecia,1950,-,Defensor,2,2,0,3,0,0.00,0,0,1,0,1,3
Gunnar Olsson,Suecia,1934,-,Delantero,0,0,0,2,0,0.00,0,0,0,0,0,8
Gunter Happich,Austria,1978,13,Mediocampista,1,0,0,5,0,0.00,0,0,0,0,1,7
Gunter Sawitzki,Alemania Occidental,1958,21,Arquero,0,0,0,6,0,0.00,0,0,0,0,0,4
Gunter Sawitzki,Alemania Occidental,1962,21,Arquero,0,0,0,4,0,0.00,0,0,0,0,0,7
Gustav Mraz,Checoslovaquia,1958,2,Defensor,4,4,0,0,0,0.00,0,0,1,1,2,9
Gustav Sjoberg,Suecia,1938,-,Arquero,0,0,0,3,0,0.00,0,0,0,0,0,4
Gustav Svensson,Suecia,2018,13,Mediocampista,3,1,0,2,0,0.00,0,0,3,0,0,7
Gustav Wetterstrom,Suecia,1938,-,Delantero,2,2,0,1,3,1.50,0,0,1,0,1,4
Gustave Jordan,Francia,1938,-,Mediocampista,2,2,0,0,0,0.00,0,0,1,0,1,8
Gustavo De Simone,Uruguay,1974,13,Defensor,0,0,0,3,0,0.00,0,0,0,0,0,13
Gustavo Dezotti,Argentina,1990,9,Delantero,3,1,0,4,0,0.00,1,1,0,2,1,2
Gustavo Fernandez,Uruguay,1974,22,Arquero,0,0,0,3,0,0.00,0,0,0,0,0,13
Gustavo Lopez,Argentina,2002,17,Delantero,0,0,0,3,0,0.00,0,0,0,0,0,18
Gustavo Mendez,Uruguay,2002,2,Defensor,1,1,0,2,0,0.00,1,0,0,0,1,26
Gustavo Morinigo,Paraguay,2002,16,Mediocampista,1,0,0,3,0,0.00,0,0,0,1,0,16
Gustavo Moscoso,Chile,1982,11,Delantero,3,3,0,0,1,0.33,0,0,0,0,3,22
Gustavo Munua,Uruguay,2002,12,Arquero,0,0,0,3,0,0.00,0,0,0,0,0,26
Gustavo Pena,México,1966,3,Defensor,3,3,3,0,0,0.00,0,0,0,2,1,12
Gustavo Pena,México,1970,3,Defensor,4,4,4,0,1,0.25,2,0,2,1,1,6
Gustavo Quinteros,Bolivia,1994,5,Defensor,2,2,0,1,0,0.00,1,0,0,1,1,21
Gustavo Varela,Uruguay,2002,8,Mediocampista,3,3,0,0,0,0.00,0,0,0,2,1,26
Gusztav Szepesi,Hungría,1966,17,Defensor,3,3,0,1,0,0.00,0,0,2,0,1,6
Guy Demel,Costa de Marfil,2006,20,Mediocampista,0,0,0,3,0,0.00,0,0,0,0,0,19
Guy Demel,Costa de Marfil,2010,20,Defensor,2,2,0,1,0,0.00,1,0,0,1,1,17
Guy Francois,Haití,1974,10,Mediocampista,2,2,0,1,0,0.00,0,0,0,0,2,15
Guy Ndy,Camerún,2010,22,Arquero,0,0,0,3,0,0.00,0,0,0,0,0,31
Guy Saint-Vil,Haití,1974,11,Delantero,2,2,0,1,0,0.00,0,0,0,0,2,15
Guy Vandersmissen,Bélgica,1982,20,Delantero,4,4,0,1,0,0.00,0,0,2,1,1,10
Gylfi Sigurdsson,Islandia,2018,10,Mediocampista,3,3,0,0,1,0.33,0,0,0,1,2,28
Gyorgy Bognar,Hungría,1986,19,Delantero,3,2,0,0,0,0.00,0,0,1,0,2,18
Gyorgy Sarosi,Hungría,1934,-,Delantero,1,1,0,1,1,1.00,0,0,0,0,1,6
Gyorgy Sarosi,Hungría,1938,-,Delantero,4,4,4,0,5,1.25,0,0,3,0,1,2
Gyorgy Szucs,Hungría,1934,-,Mediocampista,2,2,0,0,0,0.00,0,0,1,0,1,6
Gyorgy Szucs,Hungría,1938,-,Mediocampista,1,1,0,3,0,0.00,0,0,0,0,1,2
Gyozo Burcsa,Hungría,1986,17,Mediocampista,2,1,0,1,0,0.00,0,0,1,0,1,18
Gyozo Martos,Hungría,1978,12,Defensor,3,2,0,0,0,0.00,1,0,0,0,3,15
Gyozo Martos,Hungría,1982,2,Defensor,3,3,0,0,0,0.00,0,0,1,1,1,14
Gyula Futo,Hungría,1934,-,Defensor,1,1,0,1,0,0.00,0,0,1,0,0,6
Gyula Grosics,Hungría,1954,1,Arquero,5,5,0,0,0,0.00,0,0,4,0,1,2
Gyula Grosics,Hungría,1958,1,Arquero,3,3,0,1,0,0.00,0,0,0,1,2,10
Gyula Grosics,Hungría,1962,1,Arquero,3,3,3,1,0,0.00,0,0,1,1,1,5
Gyula Hajszan,Hungría,1986,21,Delantero,0,0,0,3,0,0.00,0,0,0,0,0,18
Gyula Lazar,Hungría,1934,-,Mediocampista,1,1,0,1,0,0.00,0,0,1,0,0,6
Gyula Lazar,Hungría,1938,-,Mediocampista,4,4,0,0,0,0.00,0,0,3,0,1,2
Gyula Lorant,Hungría,1954,3,Mediocampista,5,5,0,0,0,0.00,0,0,4,0,1,2
Gyula Polgar,Hungría,1934,-,Mediocampista,0,0,0,2,0,0.00,0,0,0,0,0,6
Gyula Polgar,Hungría,1938,-,Defensor,1,1,0,3,0,0.00,0,0,0,0,1,2
Gyula Rakosi,Hungría,1962,17,Delantero,3,3,0,1,0,0.00,0,0,1,1,1,5
Gyula Rakosi,Hungría,1966,11,Delantero,4,4,0,0,0,0.00,0,0,2,0,2,6
Gyula Zsengeller,Hungría,1938,-,Delantero,4,4,0,0,5,1.25,0,0,3,0,1,2
Hababi El Arbi,Marruecos,1994,15,Mediocampista,3,3,0,0,0,0.00,1,0,0,0,3,23
Habib Bellaid,Argelia,2010,12,Defensor,0,0,0,3,0,0.00,0,0,0,0,0,28
Habib Beye,Senegal,2002,21,Defensor,3,0,0,2,0,0.00,1,0,1,2,0,7
Habib Mohamed,Ghana,2006,13,Defensor,2,2,0,2,0,0.00,1,0,2,0,0,13
Hadi Dahane,Marruecos,1970,15,Mediocampista,0,0,0,3,0,0.00,0,0,0,0,0,14
Hae Won Chung,Corea del Sur,1990,8,Mediocampista,2,1,0,1,0,0.00,1,0,0,0,2,22
Hafez Kasseb,Egipto,1934,-,Mediocampista,0,0,0,1,0,0.00,0,0,0,0,0,13
Haidong Hao,China,2002,10,Delantero,3,3,0,0,0,0.00,0,0,0,0,3,31
Haitham Asiri,Arabia Saudita,2022,25,Delantero,1,0,0,2,0,0.00,0,0,1,0,0,25
Haji Wright,Estados Unidos,2022,19,Delantero,4,1,0,0,1,0.25,0,0,1,2,1,14
Hakan Mild,Suecia,1994,18,Mediocampista,5,3,0,2,1,0.20,1,0,2,2,1,3
Hakan Sukur,Turquía,2002,9,Delantero,7,7,7,0,1,0.14,1,0,4,1,2,3
Hakan Unsal,Turquía,2002,20,Defensor,4,3,0,3,0,0.00,0,1,3,0,1,3
Hakan Yakin,Suiza,2006,22,Mediocampista,3,2,0,1,0,0.00,1,0,2,1,0,10
Hakan Yakin,Suiza,2010,15,Mediocampista,2,0,0,1,0,0.00,1,0,1,1,0,19
Hakim Ziyech,Marruecos,2018,7,Mediocampista,3,3,0,0,0,0.00,0,0,0,1,2,27
Hakim Ziyech,Marruecos,2022,7,Mediocampista,7,7,1,0,1,0.14,0,0,3,2,2,4
Hamad Al Montashari,Arabia Saudita,2006,4,Defensor,3,3,0,0,0,0.00,0,0,0,1,2,28
Hamdi Kasraoui,Túnez,2006,22,Arquero,0,0,0,3,0,0.00,0,0,0,0,0,24
Hamdi Marzouki,Túnez,2002,14,Defensor,0,0,0,3,0,0.00,0,0,0,0,0,29
Hamdi Nagguez,Túnez,2018,21,Defensor,2,1,0,1,0,0.00,0,0,1,0,1,24
Hamed Namouchi,Túnez,2006,20,Mediocampista,3,3,0,0,0,0.00,0,0,0,1,2,24
Hamid Estili,Irán,1998,9,Mediocampista,3,3,0,0,1,0.33,0,0,1,0,2,20
Hamid Majid Taymouri,Irán,1978,13,Delantero,0,0,0,3,0,0.00,0,0,0,0,0,14
Hamilton Ricard,Colombia,1998,20,Delantero,1,0,0,2,0,0.00,0,0,0,0,1,21
Haminu Draman,Ghana,2006,23,Mediocampista,2,2,0,2,1,0.50,0,0,1,0,1,13
Hammoudi Raad,Iraq,1986,1,Arquero,2,2,2,1,0,0.00,1,0,0,0,2,23
Hamud Al Shemmari,Kuwait,1982,17,Defensor,2,0,0,1,0,0.00,0,0,0,0,2,21
Hamza Falatah,Arabia Saudita,1994,20,Delantero,3,2,0,1,0,0.00,1,0,1,0,2,12
Hamza Mendyl,Marruecos,2018,3,Defensor,0,0,0,3,0,0.00,0,0,0,0,0,27
Hamza Saleh,Arabia Saudita,1994,19,Mediocampista,3,2,0,1,0,0.00,0,0,1,0,2,12
Hamza Saleh,Arabia Saudita,1998,20,Mediocampista,3,2,0,0,0,0.00,0,0,0,1,2,28
Hannes Halldorsson,Islandia,2018,1,Arquero,3,3,0,0,0,0.00,0,0,0,1,2,28
Hannes Reinmayr,Austria,1998,14,Delantero,1,1,0,2,0,0.00,1,0,0,0,1,23
Hannibal Mejbri,Túnez,2022,8,Mediocampista,1,0,0,2,0,0.00,0,0,0,1,0,21
Hans Agbo,Camerún,1994,15,Defensor,3,3,0,0,0,0.00,0,0,0,1,2,22
Hans Bauer,Alemania Occidental,1954,4,Defensor,2,2,0,4,0,0.00,0,0,1,0,1,1
Hans Buzek,Austria,1958,9,Delantero,3,3,0,0,0,0.00,0,0,0,1,2,15
Hans Ciesclarczyk,Alemania Occidental,1958,14,Delantero,2,2,0,4,1,0.50,0,0,0,0,2,4
Hans Dihanich,Austria,1982,15,Mediocampista,0,0,0,5,0,0.00,0,0,0,0,0,8
Hans-Georg Schwarzenbeck,Alemania Occidental,1974,4,Defensor,7,7,0,0,0,0.00,0,0,6,0,1,1
Hans-Georg Schwarzenbeck,Alemania Occidental,1978,12,Defensor,0,0,0,6,0,0.00,0,0,0,0,0,6
Hans Gillhaus,Paises Bajos,1990,17,Delantero,3,2,0,1,0,0.00,0,0,0,2,1,15
Hans Jakob,Alemania,1934,-,Arquero,1,1,0,3,0,0.00,0,0,1,0,0,3
Hans Jakob,Alemania,1938,-,Arquero,0,0,0,2,0,0.00,0,0,0,0,0,10
Hans Jeppsson,Suecia,1950,-,Delantero,4,4,0,1,2,0.50,0,0,1,1,2,3
Hans-Joerg Butt,Alemania,2002,23,Arquero,0,0,0,7,0,0.00,0,0,0,0,0,2
Hans-Joerg Butt,Alemania,2010,22,Arquero,1,1,0,6,0,0.00,0,0,1,0,0,3
Hans-Juergen Kreische,Alemania Oriental,1974,10,Mediocampista,3,1,0,3,0,0.00,1,0,1,1,1,6
Hans Krankl,Austria,1978,9,Delantero,6,6,0,0,4,0.67,0,0,3,0,3,7
Hans Krankl,Austria,1982,9,Delantero,4,4,0,1,1,0.25,0,0,2,0,2,8
Hans Mock,Alemania,1938,-,Mediocampista,1,1,1,1,0,0.00,0,0,0,1,0,10
Hans Nowak,Alemania Occidental,1962,12,Defensor,4,4,0,0,0,0.00,0,0,2,1,1,7
Hans Pesser,Alemania,1938,-,Delantero,1,1,0,1,0,0.00,0,0,0,1,0,10
Hans-Peter Briegel,Alemania Occidental,1982,2,Defensor,7,7,0,0,0,0.00,1,0,3,2,2,2
Hans-Peter Briegel,Alemania Occidental,1986,2,Defensor,6,6,0,1,0,0.00,1,0,3,2,1,2
Hans-Peter Friedlaender,Suiza,1950,-,Delantero,2,2,0,1,0,0.00,0,0,1,1,0,6
Hans Pfluegler,Alemania Occidental,1990,19,Defensor,1,1,0,6,0,0.00,0,0,0,1,0,1
Hans Pirkner,Austria,1978,19,Delantero,2,0,0,4,0,0.00,0,0,1,0,1,7
Hans-Ruedi Fuhrer,Suiza,1966,7,Defensor,3,3,0,0,0,0.00,0,0,0,0,3,16
Hans Sarpei,Ghana,2006,2,Defensor,0,0,0,4,0,0.00,0,0,0,0,0,13
Hans Sarpei,Ghana,2010,2,Defensor,5,5,0,0,0,0.00,1,0,2,2,1,7
Hans Schaefer,Alemania Occidental,1954,20,Delantero,5,5,0,1,4,0.80,0,0,5,0,0,1
Hans Schaefer,Alemania Occidental,1958,11,Delantero,6,6,6,0,3,0.50,0,0,2,2,2,4
Hans Schaefer,Alemania Occidental,1962,11,Delantero,4,4,4,0,0,0.00,0,0,2,1,1,7
Hans Schwartz,Alemania,1934,-,Defensor,1,1,0,3,0,0.00,0,0,1,0,0,3
Hans Selander,Suecia,1970,2,Defensor,2,2,0,1,0,0.00,0,0,1,1,0,9
Hans Siegenthaler,Suiza,1950,-,Delantero,0,0,0,3,0,0.00,0,0,0,0,0,6
Hans Sturm,Alemania Occidental,1958,16,Delantero,1,1,0,5,0,0.00,0,0,0,0,1,4
Hans Sturm,Alemania Occidental,1962,16,Mediocampista,1,1,0,3,0,0.00,0,0,0,1,0,7
Hans Taihuttu,Indias Orientales Holand.,1938,-,Delantero,1,1,0,0,0,0.00,0,0,0,0,1,15
Hans Tilkowski,Alemania Occidental,1962,1,Arquero,0,0,0,4,0,0.00,0,0,0,0,0,7
Hans Tilkowski,Alemania Occidental,1966,1,Arquero,6,6,0,0,0,0.00,0,0,4,1,1,2
Hans Urbanek,Austria,1934,-,Mediocampista,4,4,0,0,0,0.00,0,0,2,0,2,4
Hans Van Breukelen,Paises Bajos,1990,1,Arquero,4,4,0,0,0,0.00,0,0,0,3,1,15
Hans Vanaken,Bélgica,2022,20,Mediocampista,0,0,0,3,0,0.00,0,0,0,0,0,23
Hans Vonk,Sudáfrica,1998,1,Arquero,3,3,0,0,0,0.00,0,0,0,2,1,24
Hans Vonk,Sudáfrica,2002,1,Arquero,0,0,0,3,0,0.00,0,0,0,0,0,17
Hans Weber,Suiza,1962,13,Mediocampista,3,3,0,0,0,0.00,0,0,0,0,3,16
Hansi Mueller,Alemania Occidental,1978,20,Mediocampista,4,3,0,2,1,0.25,1,0,1,2,1,6
Hansi Mueller,Alemania Occidental,1982,10,Mediocampista,2,1,0,5,0,0.00,0,0,0,1,1,2
Hany Kamel,Egipto,1934,-,Delantero,0,0,0,1,0,0.00,0,0,0,0,0,13
Hany Ramzy,Egipto,1990,4,Defensor,3,3,0,0,0,0.00,0,0,0,2,1,20
Harald Cerny,Austria,1998,13,Mediocampista,2,2,0,1,0,0.00,0,0,0,2,0,23
Harald Irmscher,Alemania Oriental,1974,16,Mediocampista,4,3,0,2,0,0.00,0,0,2,1,1,6
Harald Konopka,Alemania Occidental,1978,13,Defensor,1,0,0,5,0,0.00,0,0,0,1,0,6
Harald Schumacher,Alemania Occidental,1982,1,Arquero,7,7,0,0,0,0.00,0,0,3,2,2,2
Harald Schumacher,Alemania Occidental,1986,1,Arquero,7,7,3,0,0,0.00,0,0,3,2,2,2
Haris Medunjanin,Bosnia-Herzegovina,2014,18,Mediocampista,2,1,0,1,0,0.00,1,0,0,0,2,20
Haris Seferovic,Suiza,2014,9,Delantero,4,1,0,0,1,0.25,0,0,2,0,2,11
Haris Seferovic,Suiza,2018,9,Delantero,3,2,0,1,0,0.00,0,0,1,1,1,14
Haris Seferovic,Suiza,2022,9,Delantero,3,0,0,1,0,0.00,0,0,1,0,2,12
Harold Cummings,Panamá,2018,3,Defensor,1,0,0,2,0,0.00,0,0,0,0,1,32
Harold Wallace,Costa Rica,2002,15,Defensor,3,3,0,0,0,0.00,0,0,1,1,1,19
Harold Wallace,Costa Rica,2006,15,Defensor,2,1,0,1,0,0.00,0,0,0,0,2,31
Harrison Afful,Ghana,2014,23,Defensor,2,2,0,1,0,0.00,1,0,0,1,1,25
Harry Andersson,Suecia,1938,-,Delantero,3,3,0,0,1,0.33,0,0,1,0,2,4
Harry Gregg,Irlanda del Norte,1958,1,Arquero,4,4,0,1,0,0.00,0,0,1,1,2,7
Harry Haddock,Escocia,1958,6,Defensor,0,0,0,3,0,0.00,0,0,0,0,0,14
Harry Hooper,Inglaterra,1954,22,Delantero,0,0,0,3,0,0.00,0,0,0,0,0,7
Harry Kane,Inglaterra,2018,9,Delantero,6,6,6,1,6,1.00,0,0,3,1,2,4
Harry Kane,Inglaterra,2022,9,Delantero,5,5,5,0,2,0.40,0,0,3,1,1,6
Harry Keough,Estados Unidos,1950,-,Defensor,3,3,1,0,0,0.00,0,0,1,0,2,10
Harry Kewell,Australia,2006,10,Delantero,3,2,0,1,1,0.33,0,0,1,1,1,16
Harry Kewell,Australia,2010,10,Delantero,1,1,0,2,0,0.00,0,1,0,1,0,21
Harry Lubse,Paises Bajos,1978,21,Delantero,0,0,0,7,0,0.00,0,0,0,0,0,2
Harry Maguire,Inglaterra,2018,6,Defensor,7,6,0,0,1,0.14,2,0,3,1,3,4
Harry Maguire,Inglaterra,2022,6,Defensor,5,5,0,0,0,0.00,1,0,3,1,1,6
Harry Nilsson,Suecia,1938,-,Defensor,0,0,0,3,0,0.00,0,0,0,0,0,4
Harry Souttar,Australia,2022,19,Defensor,4,4,0,0,0,0.00,0,0,2,0,2,11
Harry Vos,Paises Bajos,1974,22,Defensor,0,0,0,7,0,0.00,0,0,0,0,0,2
Harry Williams,Australia,1974,15,Defensor,1,0,0,2,0,0.00,0,0,0,1,0,14
Harry Wilson,Gales,2022,8,Mediocampista,3,2,0,0,0,0.00,0,0,0,1,2,30
Hasan Sas,Turquía,2002,11,Delantero,6,6,0,1,2,0.33,2,0,3,1,2,3
Hashem Beikzadeh,Irán,2014,19,Defensor,0,0,0,3,0,0.00,0,0,0,0,0,28
Hashem Natik,Iraq,1986,15,Defensor,3,3,0,0,0,0.00,1,0,0,0,3,23
Hassan Abdulqader,Emiratos Arabes,1990,22,Arquero,0,0,0,3,0,0.00,0,0,0,0,0,24
Hassan Al Far,Egipto,1934,-,Mediocampista,1,1,0,0,0,0.00,0,0,0,0,1,13
Hassan Al-Haydos,Catar,2022,10,Mediocampista,3,3,3,0,0,0.00,0,0,0,0,3,32
Hassan Gabsi,Túnez,2002,8,Mediocampista,2,2,0,1,0,0.00,2,0,0,1,1,29
Hassan Kachloul,Marruecos,1994,20,Mediocampista,0,0,0,3,0,0.00,0,0,0,0,0,23
Hassan Mohamed,Emiratos Arabes,1990,13,Mediocampista,1,0,0,2,0,0.00,0,0,0,0,1,24
Hassan Nader,Marruecos,1994,16,Delantero,1,1,0,2,1,1.00,1,0,0,0,1,23
Hassan Naibagha,Irán,1978,6,Mediocampista,2,1,0,1,0,0.00,0,0,0,1,1,14
Hassan Nazari,Irán,1978,14,Defensor,3,3,0,0,0,0.00,1,0,0,1,2,14
Hassan Ragab,Egipto,1934,-,Mediocampista,1,1,0,0,0,0.00,0,0,0,0,1,13
Hassan Roudbarian,Irán,2006,12,Arquero,0,0,0,3,0,0.00,0,0,0,0,0,26
Hassan Rowshan,Irán,1978,10,Delantero,3,1,0,0,1,0.33,0,0,0,1,2,14
Hassan Tambakti,Arabia Saudita,2022,17,Defensor,2,2,0,1,0,0.00,1,0,1,0,1,25
Hassan Yebda,Argelia,2010,19,Mediocampista,3,3,0,0,0,0.00,2,0,0,1,2,28
Hassan Yebda,Argelia,2014,7,Mediocampista,1,0,0,3,0,0.00,0,0,0,1,0,14
Hasse Borg,Suecia,1978,2,Defensor,3,3,0,0,0,0.00,1,0,0,1,2,13
Hassen Bejaoui,Túnez,2002,16,Arquero,0,0,0,3,0,0.00,0,0,0,0,0,29
Hatem Trabelsi,Túnez,1998,5,Defensor,1,1,0,2,0,0.00,0,0,0,0,1,26
Hatem Trabelsi,Túnez,2002,6,Defensor,3,3,0,0,0,0.00,1,0,0,1,2,29
Hatem Trabelsi,Túnez,2006,6,Defensor,3,3,0,0,0,0.00,1,0,0,1,2,24
Hattan Bahebri,Arabia Saudita,2018,9,Mediocampista,3,2,0,0,0,0.00,0,0,1,0,2,26
Hattan Bahebri,Arabia Saudita,2022,19,Delantero,2,0,0,1,0,0.00,1,0,0,0,2,25
Havard Flo,Noruega,1998,17,Delantero,4,4,0,0,1,0.25,1,0,1,2,1,15
Haykel Guemamdia,Túnez,2006,7,Delantero,1,0,0,2,0,0.00,1,0,0,0,1,24
Hector Baley,Argentina,1978,3,Arquero,0,0,0,7,0,0.00,0,0,0,0,0,1
Hector Baley,Argentina,1982,2,Arquero,0,0,0,5,0,0.00,0,0,0,0,0,11
Hector Castro,Uruguay,1930,-,Delantero,2,2,0,2,2,1.00,0,0,2,0,0,1
Hector Cazenave,Francia,1938,-,Defensor,2,2,0,0,0,0.00,0,0,1,0,1,8
Hector Chumpitaz,Perú,1970,4,Defensor,4,4,4,0,1,0.25,0,0,2,0,2,7
Hector Chumpitaz,Perú,1978,4,Defensor,6,6,6,0,0,0.00,0,0,2,1,3,8
Hector De Bourgoing,Francia,1966,10,Delantero,1,1,0,2,1,1.00,0,0,0,0,1,13
Hector Echeverri,Colombia,1962,8,Defensor,3,3,0,0,0,0.00,0,0,0,1,2,14
Hector Enrique,Argentina,1986,12,Mediocampista,5,3,0,2,0,0.00,1,0,4,1,0,1
Hector Facundo,Argentina,1962,7,Delantero,2,2,0,1,1,0.50,0,0,1,1,0,10
Hector Freschi,Argentina,1934,-,Arquero,1,1,0,0,0,0.00,0,0,0,0,1,9
Hector Gonzales,Colombia,1962,21,Delantero,2,2,0,1,0,0.00,0,0,0,1,1,14
Hector Hernandez,México,1962,9,Delantero,3,3,0,0,1,0.33,0,0,1,0,2,11
Héctor Herrera,México,2014,6,Mediocampista,4,4,0,0,0,0.00,0,0,2,1,1,10
Héctor Herrera,México,2018,16,Defensor,4,4,0,0,0,0.00,2,0,2,0,2,12
Héctor Herrera,México,2022,16,Mediocampista,2,2,0,1,0,0.00,1,0,0,1,1,22
Hector Marchena,Costa Rica,1990,19,Mediocampista,4,4,0,0,0,0.00,2,0,2,0,2,13
Hector Moreno,México,2010,15,Defensor,2,2,0,2,0,0.00,1,0,1,0,1,14
Hector Moreno,México,2014,15,Defensor,4,4,0,0,0,0.00,1,0,2,1,1,10
Hector Moreno,México,2018,15,Defensor,3,3,0,1,0,0.00,2,0,2,0,1,12
Hector Moreno,México,2022,15,Defensor,3,3,0,0,0,0.00,1,0,1,1,1,22
Hector Ortiz,México,1950,-,Mediocampista,3,3,0,0,1,0.33,0,0,0,0,3,12
Hector Pulido,México,1970,15,Mediocampista,3,3,0,1,0,0.00,0,0,1,1,1,6
Hector Saavedra,Bolivia,1950,-,Mediocampista,0,0,0,1,0,0.00,0,0,0,0,0,13
Hector Salva,Uruguay,1966,17,Delantero,1,1,0,3,0,0.00,0,0,0,0,1,7
Hector Santos,Uruguay,1970,12,Arquero,0,0,0,6,0,0.00,0,0,0,0,0,4
Hector Santos,Uruguay,1974,12,Arquero,0,0,0,3,0,0.00,0,0,0,0,0,13
Hector Scarone,Uruguay,1930,-,Delantero,3,3,0,1,1,0.33,0,0,3,0,0,1
Hector Silva,Uruguay,1962,21,Delantero,0,0,0,3,0,0.00,0,0,0,0,0,13
Hector Silva,Uruguay,1966,19,Mediocampista,2,2,0,2,0,0.00,1,1,0,1,1,7
Hector Socorro,Cuba,1938,-,Delantero,3,3,0,0,3,1.00,0,0,1,1,1,7
Hector Vilches,Uruguay,1950,-,Defensor,0,0,0,4,0,0.00,0,0,0,0,0,1
Hector Yazalde,Argentina,1974,22,Delantero,3,3,0,3,2,0.67,0,0,1,1,1,8
Hector Zelada,Argentina,1986,22,Arquero,0,0,0,7,0,0.00,0,0,0,0,0,1
Hector Zelaya,Honduras,1982,15,Mediocampista,3,3,0,0,1,0.33,0,0,0,2,1,18
Hedwiges Maduro,Paises Bajos,2006,16,Mediocampista,1,0,0,3,0,0.00,0,0,0,1,0,11
Hee-chan Hwang,Corea del Sur,2018,11,Delantero,3,2,0,0,0,0.00,1,0,1,0,2,19
Hee-chan Hwang,Corea del Sur,2022,11,Mediocampista,2,1,0,2,1,0.50,1,0,1,0,1,16
Heimo Pfeifenberger,Austria,1990,17,Delantero,0,0,0,3,0,0.00,0,0,0,0,0,18
Heimo Pfeifenberger,Austria,1998,8,Mediocampista,3,3,0,0,0,0.00,0,0,0,2,1,23
Heinrich Strasser,Austria,1978,14,Defensor,2,2,0,4,0,0.00,0,0,1,0,1,7
Heinz Baeni,Suiza,1966,4,Mediocampista,3,3,0,0,0,0.00,0,0,0,0,3,16
Heinz Bigler,Suiza,1954,8,Mediocampista,1,1,0,3,0,0.00,0,0,0,0,1,5
Heinz Flohe,Alemania Occidental,1974,15,Mediocampista,3,1,0,4,0,0.00,0,0,2,0,1,1
Heinz Flohe,Alemania Occidental,1978,10,Mediocampista,4,4,0,2,2,0.50,0,0,1,3,0,6
Heinz Hornig,Alemania Occidental,1966,13,Delantero,0,0,0,6,0,0.00,0,0,0,0,0,2
Heinz Kubsch,Alemania Occidental,1954,21,Arquero,0,0,0,6,0,0.00,0,0,0,0,0,1
Heinz Kwiatkowski,Alemania Occidental,1954,22,Arquero,1,1,0,5,0,0.00,0,0,0,0,1,1
Heinz Kwiatkowski,Alemania Occidental,1958,22,Arquero,1,1,0,5,0,0.00,0,0,0,0,1,4
Heinz Schneiter,Suiza,1962,7,Defensor,3,3,0,0,1,0.33,0,0,0,0,3,16
Heinz Schneiter,Suiza,1966,18,Defensor,1,1,1,2,0,0.00,0,0,0,0,1,16
Heinz Strehl,Alemania Occidental,1962,19,Delantero,0,0,0,4,0,0.00,0,0,0,0,0,7
Heinz Vollmar,Alemania Occidental,1962,20,Delantero,0,0,0,4,0,0.00,0,0,0,0,0,7
Heinz Wewers,Alemania Occidental,1958,5,Defensor,1,1,0,5,0,0.00,0,0,0,0,1,4
Helder Postiga,Portugal,2006,23,Delantero,3,1,0,4,0,0.00,0,0,1,1,1,4
Helder Postiga,Portugal,2014,23,Delantero,1,1,0,2,0,0.00,0,0,0,1,0,18
Helman Mkhalele,Sudáfrica,1998,11,Mediocampista,3,2,0,0,0,0.00,0,0,0,2,1,24
Helmut Haller,Alemania Occidental,1962,8,Mediocampista,3,3,0,1,0,0.00,0,0,1,1,1,7
Helmut Haller,Alemania Occidental,1966,8,Mediocampista,5,5,0,1,6,1.20,0,0,3,1,1,2
Helmut Haller,Alemania Occidental,1970,8,Mediocampista,1,1,0,5,0,0.00,0,0,1,0,0,3
Helmut Kremers,Alemania Occidental,1974,20,Defensor,0,0,0,7,0,0.00,0,0,0,0,0,1
Helmut Rahn,Alemania Occidental,1954,12,Delantero,4,4,0,2,4,1.00,0,0,3,0,1,1
Helmut Rahn,Alemania Occidental,1958,8,Delantero,6,6,0,0,6,1.00,0,0,2,2,2,4
Helmut Senekowitsch,Austria,1958,11,Delantero,3,3,0,0,0,0.00,0,0,0,1,2,15
Hendrikus Plenter,Paises Bajos,1938,-,Defensor,0,0,0,1,0,0.00,0,0,0,0,0,14
Hendry Thomas,Honduras,2010,6,Mediocampista,2,1,0,1,0,0.00,1,0,0,1,1,30
Henk Fraeser,Paises Bajos,1990,18,Defensor,1,0,0,3,0,0.00,0,0,0,1,0,15
Henk Pellikaan,Paises Bajos,1934,-,Mediocampista,1,1,0,0,0,0.00,0,0,0,0,1,9
Henk Sommers,Indias Orientales Holand.,1938,-,Delantero,1,1,0,0,0,0.00,0,0,0,0,1,15
Henk Timmer,Paises Bajos,2006,22,Arquero,0,0,0,4,0,0.00,0,0,0,0,0,11
Henk Van Spaandonck,Paises Bajos,1938,-,Delantero,0,0,0,1,0,0.00,0,0,0,0,0,14
Hennes Loehr,Alemania Occidental,1970,17,Delantero,6,4,0,0,0,0.00,1,0,5,0,1,3
Henning Berg,Noruega,1994,20,Defensor,3,3,0,0,0,0.00,0,0,1,1,1,17
Henning Berg,Noruega,1998,4,Defensor,4,4,0,0,0,0.00,1,0,1,2,1,15
Henock Abrahamsson,Suecia,1938,-,Arquero,3,3,0,0,0,0.00,0,0,1,0,2,4
Henri Bedimo,Camerún,2014,12,Defensor,1,1,0,2,0,0.00,0,0,0,0,1,32
Henri Camara,Senegal,2002,7,Delantero,4,3,0,1,2,0.50,1,0,1,2,1,7
Henri De Deken,Bélgica,1930,-,Defensor,1,1,0,1,0,0.00,0,0,0,0,1,11
Henri Dirickx,Bélgica,1954,13,Defensor,0,0,0,2,0,0.00,0,0,0,0,0,12
Henri Isemborghs,Bélgica,1938,-,Delantero,1,1,0,0,1,1.00,0,0,0,0,1,13
Henri Michel,Francia,1978,11,Mediocampista,2,2,0,1,0,0.00,1,0,0,0,2,12
Henrik Andersen,Dinamarca,1986,21,Defensor,3,3,0,1,0,0.00,1,0,2,0,1,9
Henrik Dalsgaard,Dinamarca,2018,14,Defensor,4,4,0,0,0,0.00,0,0,1,3,0,11
Henrik Larsson,Suecia,1994,7,Delantero,5,2,0,2,1,0.20,0,0,2,3,0,3
Henrik Larsson,Suecia,2002,11,Delantero,4,4,0,0,3,0.75,1,0,1,2,1,13
Henrik Larsson,Suecia,2006,11,Delantero,4,4,0,0,1,0.25,1,0,1,2,1,14
Henrique,Brasil,2014,15,Defensor,1,0,0,6,0,0.00,0,0,1,0,0,4
Henry Cockburn,Inglaterra,1950,-,Delantero,0,0,0,3,0,0.00,0,0,0,0,0,8
Henry Francillon,Haití,1974,1,Arquero,3,3,0,0,0,0.00,0,0,0,0,3,15
Henry Johansen,Noruega,1938,-,Arquero,1,1,0,0,0,0.00,0,0,0,0,1,12
Henry Kallgren,Suecia,1958,19,Delantero,1,1,0,5,0,0.00,0,0,0,1,0,2
Henry Martin,México,2022,20,Delantero,2,2,0,1,1,0.50,0,0,1,1,0,22
Henryk Kasperczak,Polonia,1974,13,Mediocampista,7,7,0,0,0,0.00,2,0,6,0,1,3
Henryk Kasperczak,Polonia,1978,8,Mediocampista,6,4,0,0,0,0.00,0,0,3,1,2,5
Henryk Maculewicz,Polonia,1978,3,Defensor,6,5,0,0,0,0.00,1,0,3,1,2,5
Henryk Wieczorek,Polonia,1974,7,Mediocampista,0,0,0,7,0,0.00,0,0,0,0,0,3
Herbert Erhardt,Alemania Occidental,1954,5,Defensor,0,0,0,6,0,0.00,0,0,0,0,0,1
Herbert Erhardt,Alemania Occidental,1958,2,Defensor,6,6,0,0,0,0.00,0,0,2,2,2,4
Herbert Erhardt,Alemania Occidental,1962,2,Defensor,4,4,0,0,0,0.00,0,0,2,1,1,7
Herbert Feurer,Austria,1982,21,Arquero,0,0,0,5,0,0.00,0,0,0,0,0,8
Herbert Ninaus,Austria,1958,20,Delantero,0,0,0,3,0,0.00,0,0,0,0,0,15
Herbert Prohaska,Austria,1978,8,Mediocampista,6,6,0,0,0,0.00,1,0,3,0,3,7
Herbert Prohaska,Austria,1982,8,Mediocampista,5,5,0,0,0,0.00,0,0,2,1,2,8
Herbert Wimmer,Alemania Occidental,1974,7,Mediocampista,2,1,0,5,0,0.00,0,0,2,0,0,1
Herbert Zimmermann,Alemania Occidental,1978,8,Defensor,2,2,0,4,0,0.00,0,0,0,2,0,6
Hercules,Brasil,1938,-,Delantero,2,2,0,3,0,0.00,0,0,1,1,0,3
Herculez Gomez,Estados Unidos,2010,9,Delantero,3,1,0,1,0,0.00,0,0,1,1,1,12
Heribert Weber,Austria,1978,15,Defensor,3,0,0,3,0,0.00,0,0,2,0,1,7
Heribert Weber,Austria,1982,19,Defensor,3,2,0,2,0,0.00,0,0,2,0,1,8
Herman Gaviria,Colombia,1994,5,Mediocampista,2,2,0,1,1,0.50,1,0,1,0,1,19
Herman Rapp,Estados Unidos,1934,-,Defensor,0,0,0,1,0,0.00,0,0,0,0,0,16
Hermann Nuber,Alemania Occidental,1958,20,Defensor,0,0,0,6,0,0.00,0,0,0,0,0,4
Hermann Springer,Suiza,1938,-,Mediocampista,3,3,0,0,0,0.00,0,0,1,1,1,6
Hermidio Barrantes,Costa Rica,1990,21,Arquero,1,1,0,3,0,0.00,0,0,0,0,1,13
Hermogenes,Brasil,1930,-,Mediocampista,2,2,0,0,0,0.00,0,0,1,0,1,6
Hernan Carvallo,Chile,1950,-,Mediocampista,2,2,0,1,0,0.00,0,0,0,0,2,9
Hernan Crespo,Argentina,1998,19,Delantero,1,0,0,4,0,0.00,0,0,0,1,0,6
Hernan Crespo,Argentina,2002,19,Delantero,3,0,0,0,1,0.33,0,0,1,1,1,18
Hernan Crespo,Argentina,2006,9,Delantero,4,4,0,1,3,0.75,1,0,3,1,0,6
Hernan Diaz,Argentina,1994,16,Defensor,2,1,0,2,0,0.00,0,0,1,0,1,10
Hernán Galíndez,Ecuador,2022,1,Arquero,3,3,0,0,0,0.00,0,0,1,1,1,18
Hernan Medford,Costa Rica,1990,7,Delantero,3,0,0,1,1,0.33,0,0,2,0,1,13
Hernan Medford,Costa Rica,2002,17,Delantero,2,0,0,1,0,0.00,0,0,1,1,0,19
Hernando Tovar,Colombia,1962,12,Mediocampista,0,0,0,3,0,0.00,0,0,0,0,0,14
Hernanes,Brasil,2014,18,Mediocampista,3,0,0,4,0,0.00,0,0,2,0,1,4
Hesham Yakan,Egipto,1990,5,Mediocampista,3,3,0,0,0,0.00,0,0,0,2,1,20
Heung Chul Han,Corea del Sur,1954,12,Arquero,0,0,0,2,0,0.00,0,0,0,0,0,16
Heung-Min Son,Corea del Sur,2014,9,Delantero,3,3,0,0,1,0.33,1,0,0,1,2,27
Heung-Min Son,Corea del Sur,2018,7,Delantero,3,3,1,0,2,0.67,1,0,1,0,2,19
Heung-Min Son,Corea del Sur,2022,7,Mediocampista,4,4,4,0,0,0.00,0,0,1,1,2,16
Heung Sil Lee,Corea del Sur,1990,12,Mediocampista,1,1,0,2,0,0.00,1,0,0,0,1,22
Hidemasa Morita,Japón,2022,13,Mediocampista,3,3,0,1,0,0.00,0,0,1,1,1,9
Hidetoshi Nakata,Japón,1998,8,Mediocampista,3,3,0,0,0,0.00,0,0,0,0,3,31
Hidetoshi Nakata,Japón,2002,7,Mediocampista,4,4,0,0,1,0.25,0,0,2,1,1,9
Hidetoshi Nakata,Japón,2006,7,Mediocampista,3,3,0,0,0,0.00,0,0,0,1,2,29
Hilario,España,1934,-,Mediocampista,0,0,0,3,0,0.00,0,0,0,0,0,5
Hilario,Portugal,1966,9,Defensor,6,6,0,0,0,0.00,0,0,5,0,1,3
Hilario Lopez,México,1930,-,Delantero,3,3,0,0,0,0.00,0,0,0,0,3,13
Hilarion Osorio,Paraguay,1950,-,Delantero,0,0,0,2,0,0.00,0,0,0,0,0,11
Hipolito Rincon,España,1986,16,Delantero,0,0,0,5,0,0.00,0,0,0,0,0,7
Hiroaki Morishima,Japón,1998,15,Mediocampista,1,0,0,2,0,0.00,0,0,0,0,1,31
Hiroaki Morishima,Japón,2002,8,Mediocampista,3,0,0,1,1,0.33,0,0,1,1,1,9
Hiroki Ito,Japón,2022,26,Defensor,1,0,0,3,0,0.00,0,0,0,0,1,9
Hiroki Sakai,Japón,2014,21,Defensor,0,0,0,3,0,0.00,0,0,0,0,0,29
Hiroki Sakai,Japón,2018,19,Defensor,4,4,0,0,0,0.00,0,0,1,1,2,15
Hiroki Sakai,Japón,2022,19,Defensor,2,1,0,2,0,0.00,0,0,1,1,0,9
Hiroshi Kiyotake,Japón,2014,8,Mediocampista,1,0,0,2,0,0.00,0,0,0,0,1,29
Hiroshi Nanami,Japón,1998,10,Mediocampista,3,3,0,0,0,0.00,1,0,0,0,3,31
Hirving Lozano,México,2018,22,Delantero,4,4,0,0,1,0.25,0,0,2,0,2,12
Hirving Lozano,México,2022,22,Delantero,3,3,0,0,0,0.00,0,0,1,1,1,22
Hitoshi Sogahata,Japón,2002,23,Arquero,0,0,0,4,0,0.00,0,0,0,0,0,9
Hjalmar Andresen,Noruega,1938,-,Delantero,0,0,0,1,0,0.00,0,0,0,0,0,12
Ho Lee,Corea del Sur,2006,17,Mediocampista,3,3,0,0,0,0.00,1,0,1,1,1,17
Hocine Yahi,Argelia,1982,13,Mediocampista,1,0,0,2,0,0.00,0,0,1,0,0,13
Holger Badstuber,Alemania,2010,14,Defensor,2,2,0,5,0,0.00,0,0,1,0,1,3
Holger Hieronymus,Alemania Occidental,1982,19,Defensor,0,0,0,7,0,0.00,0,0,0,0,0,2
Hólmar Örn Eyjólfsson,Islandia,2018,15,Defensor,0,0,0,3,0,0.00,0,0,0,0,0,28
Homam Ahmed,Catar,2022,14,Defensor,3,3,0,0,0,0.00,1,0,0,0,3,32
Hong Djien Tan,Indias Orientales Holand.,1938,-,Delantero,1,1,0,0,0,0.00,0,0,0,0,1,15
Hong Gi Shin,Corea del Sur,1994,7,Defensor,3,3,0,0,0,0.00,1,0,0,2,1,20
Hong Qi,China,2002,19,Mediocampista,1,1,0,2,0,0.00,0,0,0,0,1,31
Honorino Landa,Chile,1962,9,Delantero,5,5,0,1,0,0.00,0,0,3,0,2,3
Honorino Landa,Chile,1966,11,Delantero,2,2,0,1,0,0.00,0,0,0,1,1,13
Horacio Casarin,México,1950,-,Delantero,3,3,2,0,1,0.33,0,0,0,0,3,12
Horacio Lopez Salgado,México,1970,10,Delantero,2,1,0,2,0,0.00,0,0,1,1,0,6
Horacio Munoz,Chile,1930,-,Delantero,0,0,0,3,0,0.00,0,0,0,0,0,5
Horacio Troche,Uruguay,1962,2,Defensor,3,3,3,0,0,0.00,0,0,1,0,2,13
Horacio Troche,Uruguay,1966,2,Defensor,4,4,4,0,0,0.00,0,1,1,2,1,7
Hördur Magnússon,Islandia,2018,18,Defensor,3,3,0,0,0,0.00,0,0,0,1,2,28
Horst-Dieter Hoettges,Alemania Occidental,1966,2,Defensor,5,5,0,1,0,0.00,0,0,3,1,1,2
Horst-Dieter Hoettges,Alemania Occidental,1970,2,Defensor,4,4,0,2,0,0.00,0,0,4,0,0,3
Horst-Dieter Hoettges,Alemania Occidental,1974,6,Defensor,1,0,0,6,0,0.00,0,0,0,0,1,1
Horst Eckel,Alemania Occidental,1954,6,Delantero,6,6,0,0,0,0.00,0,0,5,0,1,1
Horst Eckel,Alemania Occidental,1958,4,Mediocampista,4,4,0,2,0,0.00,0,0,2,1,1,4
Horst Hrubesch,Alemania Occidental,1982,9,Delantero,5,3,0,2,1,0.20,1,0,2,1,2,2
Horst Szymaniak,Alemania Occidental,1958,6,Mediocampista,6,6,0,0,0,0.00,0,0,2,2,2,4
Horst Szymaniak,Alemania Occidental,1962,6,Mediocampista,4,4,0,0,1,0.25,0,0,2,1,1,7
Horst Wolter,Alemania Occidental,1970,22,Arquero,1,1,0,5,0,0.00,0,0,1,0,0,3
Hossam Hassan,Egipto,1990,9,Delantero,3,3,0,0,0,0.00,0,0,0,2,1,20
Hossein Hosseini,Irán,2022,24,Arquero,2,1,0,1,0,0.00,0,0,1,0,1,26
Hossein Kaabi,Irán,2006,13,Defensor,3,3,0,0,0,0.00,1,0,0,1,2,26
Hossein Kanaani,Irán,2022,13,Defensor,1,0,0,2,0,0.00,1,0,0,0,1,26
Hossein Mahini,Irán,2014,13,Defensor,0,0,0,3,0,0.00,0,0,0,0,0,28
Hotaru Yamaguchi,Japón,2014,16,Mediocampista,3,2,0,0,0,0.00,0,0,0,1,2,29
Hotaru Yamaguchi,Japón,2018,16,Mediocampista,3,1,0,1,0,0.00,0,0,1,0,2,15
Houmane Jarir,Marruecos,1970,14,Delantero,2,2,0,1,1,0.50,0,0,0,0,2,14
Housain Al-Mogahwi,Arabia Saudita,2018,16,Mediocampista,2,1,0,1,0,0.00,0,0,1,0,1,26
Hristo Bonev,Bulgaria,1970,8,Mediocampista,3,2,0,0,1,0.33,0,0,0,1,2,13
Hristo Bonev,Bulgaria,1974,8,Mediocampista,3,3,3,0,1,0.33,0,0,0,2,1,12
Hristo Iliev,Bulgaria,1962,9,Delantero,1,1,0,2,0,0.00,0,0,0,0,1,15
Hristo Kolev,Bulgaria,1986,17,Mediocampista,0,0,0,4,0,0.00,0,0,0,0,0,15
Hristo Stoichkov,Bulgaria,1994,8,Delantero,7,7,0,0,6,0.86,2,0,3,1,3,4
Hristo Stoichkov,Bulgaria,1998,8,Delantero,3,3,0,0,0,0.00,1,0,0,1,2,29
Hubert Baumgartner,Austria,1978,22,Arquero,0,0,0,6,0,0.00,0,0,0,0,0,7
Hugo Almeida,Portugal,2010,18,Delantero,2,2,0,2,1,0.50,1,0,1,0,1,11
Hugo Almeida,Portugal,2014,9,Delantero,1,1,0,2,0,0.00,0,0,0,0,1,18
Hugo Ayala,México,2018,2,Defensor,2,2,0,2,0,0.00,0,0,1,0,1,12
Hugo Berly,Chile,1966,2,Defensor,0,0,0,3,0,0.00,0,0,0,0,0,13
Hugo Brizuela,Paraguay,1998,17,Delantero,1,1,0,3,0,0.00,0,0,1,0,0,14
Hugo Broos,Bélgica,1986,19,Defensor,3,2,0,4,0,0.00,0,0,0,2,1,4
Hugo Campagnaro,Argentina,2014,3,Defensor,1,1,0,6,0,0.00,0,0,1,0,0,2
Hugo De Leon,Uruguay,1990,3,Defensor,4,4,0,0,0,0.00,0,0,1,1,2,16
Hugo Gastulo,Perú,1982,4,Defensor,0,0,0,3,0,0.00,0,0,0,0,0,20
Hugo Gatti,Argentina,1966,3,Arquero,0,0,0,4,0,0.00,0,0,0,0,0,5
Hugo Guillamón,España,2022,15,Defensor,0,0,0,4,0,0.00,0,0,0,0,0,13
Hugo Hovenkamp,Paises Bajos,1978,15,Defensor,0,0,0,7,0,0.00,0,0,0,0,0,2
Hugo Lloris,Francia,2010,1,Arquero,3,3,0,0,0,0.00,0,0,0,1,2,29
Hugo Lloris,Francia,2014,1,Arquero,5,5,5,0,0,0.00,0,0,3,1,1,7
Hugo Lloris,Francia,2018,1,Arquero,6,6,6,1,0,0.00,0,0,6,0,0,1
Hugo Lloris,Francia,2022,1,Arquero,6,6,6,1,0,0.00,0,0,5,1,0,2
Hugo Perez,Estados Unidos,1994,7,Mediocampista,1,1,0,3,0,0.00,0,0,0,0,1,14
Hugo Perez,Argentina,1994,18,Mediocampista,0,0,0,4,0,0.00,0,0,0,0,0,10
Hugo Rodriguez,México,1978,19,Delantero,0,0,0,3,0,0.00,0,0,0,0,0,16
Hugo Sánchez,México,1978,11,Delantero,3,3,0,0,0,0.00,0,0,0,0,3,16
Hugo Sánchez,México,1986,9,Delantero,4,4,0,1,1,0.25,3,0,2,2,0,6
Hugo Sánchez,México,1994,9,Delantero,1,1,0,3,0,0.00,0,0,0,0,1,13
Hugo Sotil,Perú,1970,20,Delantero,4,2,0,0,0,0.00,0,0,2,0,2,7
Hugo Sotil,Perú,1978,20,Mediocampista,4,0,0,2,0,0.00,0,0,2,1,1,8
Hugo Viana,Portugal,2002,12,Mediocampista,0,0,0,3,0,0.00,0,0,0,0,0,21
Hugo Viana,Portugal,2006,10,Mediocampista,2,0,0,5,0,0.00,0,0,1,1,0,4
Hugo Villanueva,Chile,1966,21,Defensor,3,3,0,0,0,0.00,0,0,0,1,2,13
Hulk,Brasil,2014,7,Delantero,6,5,0,1,0,0.00,1,0,3,1,2,4
Humberto Cruz,Chile,1962,16,Defensor,1,1,0,5,0,0.00,0,0,1,0,0,3
Humberto Cruz,Chile,1966,4,Mediocampista,3,3,0,0,0,0.00,0,0,0,1,2,13
Humberto Donoso,Chile,1966,5,Defensor,0,0,0,3,0,0.00,0,0,0,0,0,13
Humberto Elgueta,Chile,1930,-,Mediocampista,1,1,0,2,0,0.00,0,0,1,0,0,5
Humberto Maschio,Italia,1962,8,Delantero,1,1,0,2,0,0.00,0,0,0,0,1,9
Humberto Suazo,Chile,2010,9,Delantero,2,2,0,2,0,0.00,1,0,1,0,1,10
Humberto Tozzi,Brasil,1954,18,Delantero,1,1,0,2,0,0.00,0,0,0,0,1,6
Hussain Ghuloum,Emiratos Arabes,1990,12,Delantero,3,3,0,0,0,0.00,1,0,0,0,3,24
Hussein Al Sadeq,Arabia Saudita,1994,21,Arquero,0,0,0,4,0,0.00,0,0,0,0,0,12
Hussein Al Sadeq,Arabia Saudita,1998,21,Arquero,0,0,0,3,0,0.00,0,0,0,0,0,28
Hussein Al Sulaimani,Arabia Saudita,1998,13,Defensor,3,3,0,0,0,0.00,0,0,0,1,2,28
Hussein Al Sulaimani,Arabia Saudita,2002,13,Defensor,3,3,0,0,0,0.00,0,0,0,0,3,32
Hussein Al Sulaimani,Arabia Saudita,2006,13,Defensor,3,3,2,0,0,0.00,0,0,0,1,2,28
Hussein Ali,Iraq,1986,6,Mediocampista,3,3,0,0,0,0.00,0,0,0,0,3,23
Hussein Faraki,Irán,1978,18,Delantero,3,3,0,0,0,0.00,0,0,0,1,2,14
Hussein Kazerani,Irán,1978,21,Defensor,3,3,0,0,0,0.00,0,0,0,1,2,14
Hyun-soo Jang,Corea del Sur,2018,20,Defensor,3,3,0,0,0,0.00,0,0,1,0,2,19
Hyeon-woo Jo,Corea del Sur,2018,23,Arquero,3,3,0,0,0,0.00,0,0,1,0,2,19
Hyeon-woo Jo,Corea del Sur,2022,21,Arquero,0,0,0,4,0,0.00,0,0,0,0,0,16
Hyung Il Kim,Corea del Sur,2010,3,Defensor,0,0,0,4,0,0.00,0,0,0,0,0,15
Hyung Seok Jang,Corea del Sur,1998,16,Defensor,2,0,0,1,0,0.00,0,0,0,1,1,30
Iacob Felecan,Rumania,1938,-,Defensor,1,1,0,1,0,0.00,0,0,0,0,1,9
Iago Aspas,España,2018,17,Delantero,3,0,0,1,1,0.33,0,0,0,3,0,10
Ian Bridge,Canadá,1986,6,Defensor,3,3,0,0,0,0.00,0,0,0,0,3,24
Ian Callaghan,Inglaterra,1966,20,Mediocampista,1,1,0,5,0,0.00,0,0,1,0,0,1
Ian Cox,Trinidad y Tobago,2006,2,Defensor,0,0,0,3,0,0.00,0,0,0,0,0,27
Ian Goodison,Jamaica,1998,5,Defensor,3,3,1,0,0,0.00,0,0,1,0,2,22
Ian Harte,Irlanda,2002,3,Defensor,4,4,0,0,0,0.00,0,0,1,3,0,12
Ian Mccoll,Escocia,1958,7,Defensor,0,0,0,3,0,0.00,0,0,0,0,0,14
Ian Mcmillan,Escocia,1954,22,Delantero,0,0,0,2,0,0.00,0,0,0,0,0,15
Ian Smith,Costa Rica,2018,4,Defensor,1,0,0,2,0,0.00,0,0,0,1,0,29
Ian Stewart,Irlanda del Norte,1986,11,Delantero,3,1,0,0,0,0.00,0,0,0,1,2,21
Ibrahim Afellay,Paises Bajos,2010,20,Mediocampista,3,0,0,4,0,0.00,0,0,3,0,0,2
Ibrahim Al Harbi,Arabia Saudita,1998,12,Mediocampista,2,0,0,1,0,0.00,0,0,0,1,1,28
Ibrahim Al Helwa,Arabia Saudita,1994,22,Arquero,0,0,0,4,0,0.00,0,0,0,0,0,12
Ibrahim Al Shahrani,Arabia Saudita,1998,7,Mediocampista,3,2,0,0,0,0.00,0,0,0,1,2,28
Ibrahim Al Shahrani,Arabia Saudita,2002,7,Mediocampista,3,2,0,0,0,0.00,0,0,0,0,3,32
Ibrahim Aoudou,Camerún,1982,16,Defensor,3,3,0,0,0,0.00,1,0,0,3,0,17
Ibrahim Ayew,Ghana,2010,17,Defensor,0,0,0,5,0,0.00,0,0,0,0,0,7
Ibrahim Danlad,Ghana,2022,12,Arquero,0,0,0,3,0,0.00,0,0,0,0,0,24
Ibrahim Halim,Egipto,1934,-,Mediocampista,0,0,0,1,0,0.00,0,0,0,0,0,13
Ibrahim Hassan,Egipto,1990,2,Defensor,3,3,0,0,0,0.00,1,0,0,2,1,20
Ibrahim Meer,Emiratos Arabes,1990,15,Defensor,3,3,0,0,0,0.00,1,0,0,0,3,24
Ibrahima Konaté,Francia,2022,24,Defensor,5,3,0,2,0,0.00,0,0,3,1,1,2
Idriss Kameni,Camerún,2002,22,Arquero,0,0,0,3,0,0.00,0,0,0,0,0,20
Idriss Kameni,Camerún,2010,1,Arquero,0,0,0,3,0,0.00,0,0,0,0,0,31
Idrissa Gana Gueye,Senegal,2018,5,Mediocampista,3,3,0,0,0,0.00,1,0,1,1,1,17
Idrissa Gana Gueye,Senegal,2022,5,Mediocampista,3,3,0,1,0,0.00,2,0,2,0,1,10
Ifeanyi Udeze,Nigeria,2002,14,Defensor,2,2,0,1,0,0.00,0,0,0,1,1,27
Ignace Kowalczyk,Francia,1938,-,Delantero,0,0,0,2,0,0.00,0,0,0,0,0,8
Ignacio Achucarro,Paraguay,1958,4,Defensor,3,3,0,0,0,0.00,0,0,1,1,1,12
Ignacio Ambriz,México,1994,4,Defensor,4,4,4,0,0,0.00,0,0,1,2,1,13
Ignacio Calderon,México,1966,12,Arquero,2,2,0,1,0,0.00,0,0,0,1,1,12
Ignacio Calderon,México,1970,1,Arquero,4,4,0,0,0,0.00,0,0,2,1,1,6
Ignacio Calle,Colombia,1962,6,Defensor,0,0,0,3,0,0.00,0,0,0,0,0,14
Ignacio Eizaguirre,España,1950,-,Arquero,2,2,1,4,0,0.00,0,0,1,0,1,4
Ignacio Flores,México,1978,15,Defensor,1,1,0,2,0,0.00,0,0,0,0,1,16
Ignacio Gonzalez,Uruguay,2010,18,Mediocampista,1,1,0,6,0,0.00,0,0,0,1,0,4
Ignacio Jauregui,México,1962,15,Defensor,2,2,0,1,0,0.00,0,0,1,0,1,11
Ignacio Jauregui,México,1966,5,Defensor,1,1,0,2,0,0.00,0,0,0,0,1,12
Ignacio Perez,Colombia,1962,16,Delantero,0,0,0,3,0,0.00,0,0,0,0,0,14
Ignacio Prieto,Chile,1966,14,Mediocampista,3,3,0,0,0,0.00,0,0,0,1,2,13
Ignacio Rodriguez,México,1986,12,Arquero,0,0,0,5,0,0.00,0,0,0,0,0,6
Ignaz Puschnik,Austria,1958,21,Mediocampista,0,0,0,3,0,0.00,0,0,0,0,0,15
Ignazio Abate,Italia,2014,7,Defensor,1,1,0,2,0,0.00,0,0,0,0,1,22
Igor Akinfeev,Rusia,2014,1,Arquero,3,3,0,0,0,0.00,0,0,0,2,1,24
Igor Akinfeev,Rusia,2018,1,Arquero,5,5,5,0,0,0.00,0,0,2,2,1,8
Igor Belanov,URSS,1986,19,Delantero,4,3,0,0,4,1.00,1,0,2,1,1,10
Igor Chislenko,URSS,1962,22,Delantero,3,3,0,1,2,0.67,0,0,1,1,1,6
Igor Chislenko,URSS,1966,11,Delantero,4,4,0,2,2,0.50,0,1,3,0,1,4
Igor Chugainov,Rusia,2002,14,Defensor,0,0,0,3,0,0.00,0,0,0,0,0,22
Igor Denisov,Rusia,2014,7,Mediocampista,2,0,0,1,0,0.00,0,0,0,2,0,24
Igor Dobrovolskyi,URSS,1990,11,Delantero,3,3,0,0,1,0.33,0,0,1,0,2,17
Igor Duljaj,Serbia y Montenegro,2006,4,Mediocampista,3,3,0,0,0,0.00,1,0,0,0,3,32
Igor Korneev,Rusia,1994,14,Mediocampista,1,1,0,2,0,0.00,0,0,1,0,0,18
Igor Lediakhov,Rusia,1994,20,Mediocampista,1,1,0,2,0,0.00,0,0,1,0,0,18
Igor Netto,URSS,1958,6,Mediocampista,1,1,1,4,0,0.00,0,0,0,0,1,6
Igor Netto,URSS,1962,10,Mediocampista,4,4,4,0,0,0.00,0,0,2,1,1,6
Igor Semshov,Rusia,2002,6,Mediocampista,2,2,0,1,0,0.00,1,0,1,0,1,22
Igor Shalimov,URSS,1990,18,Mediocampista,2,2,0,1,0,0.00,0,0,1,0,1,17
Igor Smolnikov,Rusia,2018,23,Defensor,1,1,0,4,0,0.00,0,1,0,0,1,8
Igor Stimac,Croacia,1998,4,Defensor,7,6,0,0,0,0.00,1,0,5,0,2,3
Igor Tudor,Croacia,1998,15,Defensor,3,0,0,4,0,0.00,0,0,3,0,0,3
Igor Tudor,Croacia,2006,5,Defensor,3,3,0,0,0,0.00,2,0,0,2,1,22
Igor Vrablic,Canadá,1986,10,Delantero,2,2,0,1,0,0.00,0,0,0,0,2,24
Ik Soo An,Corea del Sur,1994,13,Defensor,0,0,0,3,0,0.00,0,0,0,0,0,20
Ike Shorunmu,Nigeria,2002,1,Arquero,2,2,0,1,0,0.00,0,0,0,0,2,27
Ike Ugbo,Canadá,2022,12,Delantero,0,0,0,3,0,0.00,0,0,0,0,0,31
Ikechukwu Ezenwa,Nigeria,2018,1,Arquero,0,0,0,3,0,0.00,0,0,0,0,0,21
Iker Casillas,España,2002,1,Arquero,5,5,0,0,0,0.00,0,0,3,2,0,5
Iker Casillas,España,2006,1,Arquero,3,3,2,1,0,0.00,0,0,2,0,1,9
Iker Casillas,España,2010,1,Arquero,7,7,7,0,0,0.00,0,0,6,0,1,1
Iker Casillas,España,2014,1,Arquero,2,2,2,1,0,0.00,1,0,0,0,2,23
Il Jang Dae,Corea del Sur,1998,19,Defensor,0,0,0,3,0,0.00,0,0,0,0,0,30
Il Kap Park,Corea del Sur,1954,17,Delantero,1,1,0,1,0,0.00,0,0,0,0,1,16
Ildo Maneiro,Uruguay,1970,10,Mediocampista,6,6,0,0,1,0.17,1,0,2,1,3,4
Ilhan Mansiz,Turquía,2002,17,Delantero,7,1,0,0,3,0.43,1,0,4,1,2,3
Ilia Dyakov,Bulgaria,1986,21,Defensor,0,0,0,4,0,0.00,0,0,0,0,0,15
Ilia Tsymbalar,Rusia,1994,17,Mediocampista,2,2,0,1,0,0.00,0,0,1,0,1,18
Ilia Valov,Bulgaria,1986,22,Arquero,0,0,0,4,0,0.00,0,0,0,0,0,15
Ilian Iliev,Bulgaria,1998,11,Mediocampista,3,2,0,0,0,0.00,1,0,0,1,2,29
Ilian Kiryakov,Bulgaria,1994,16,Defensor,6,4,0,1,0,0.00,1,0,3,1,2,4
Ilias Chair,Marruecos,2022,13,Mediocampista,1,0,0,6,0,0.00,0,0,0,0,1,4
Ilie Dumitrescu,Rumania,1990,17,Delantero,2,0,0,2,0,0.00,0,0,1,0,1,12
Ilie Dumitrescu,Rumania,1994,11,Delantero,5,5,0,0,2,0.40,1,0,3,1,1,6
Ilie Dumitrescu,Rumania,1998,17,Delantero,1,1,0,3,0,0.00,0,0,0,1,0,11
Ilija Petkovic,Yugoslavia,1974,7,Mediocampista,5,4,0,1,1,0.20,0,0,1,2,2,7
Ilijas Pasic,Yugoslavia,1958,16,Delantero,0,0,0,4,0,0.00,0,0,0,0,0,8
Ilile Subaseanu,Rumania,1930,-,Delantero,0,0,0,2,0,0.00,0,0,0,0,0,8
Iliman Ndiaye,Senegal,2022,13,Delantero,3,2,0,1,0,0.00,0,0,2,0,1,10
Ilkay Gündogan,Alemania,2018,21,Mediocampista,1,0,0,2,0,0.00,0,0,1,0,0,22
Ilkay Gündogan,Alemania,2022,21,Mediocampista,3,3,0,0,1,0.33,0,0,1,1,1,17
Illiasu Shilla,Ghana,2006,7,Defensor,4,3,0,0,0,0.00,1,0,2,0,2,13
Ilya Kutepov,Rusia,2018,3,Defensor,5,5,0,0,0,0.00,1,0,2,2,1,8
Imed Ben Younes,Túnez,1998,2,Delantero,3,0,0,0,0,0.00,1,0,0,1,2,26
Imed Mhadhebi,Túnez,2002,7,Delantero,2,0,0,1,0,0.00,0,0,0,0,2,29
Imre Garaba,Hungría,1982,6,Defensor,3,3,0,0,0,0.00,0,0,1,1,1,14
Imre Garaba,Hungría,1986,6,Defensor,3,3,1,0,0,0.00,0,0,1,0,2,18
Imre Kiss,Hungría,1982,22,Arquero,0,0,0,3,0,0.00,0,0,0,0,0,14
Imre Kovacs,Hungría,1954,14,Mediocampista,0,0,0,5,0,0.00,0,0,0,0,0,2
Imre Markos,Hungría,1934,-,Delantero,2,2,0,0,0,0.00,0,0,1,0,1,6
Imre Mathesz,Hungría,1966,13,Mediocampista,2,2,0,2,0,0.00,0,0,2,0,0,6
Imrich Stacho,Checoslovaquia,1954,21,Arquero,1,1,0,1,0,0.00,0,0,0,0,1,14
Imrich Stacho,Checoslovaquia,1958,1,Arquero,0,0,0,4,0,0.00,0,0,0,0,0,9
In-beom Hwang,Corea del Sur,2022,6,Mediocampista,4,4,0,0,0,0.00,0,0,1,1,2,16
In Guk Mun,Corea del Norte,2010,11,Mediocampista,3,3,0,0,0,0.00,0,0,0,0,3,32
In Young Choi,Corea del Sur,1990,21,Arquero,3,3,0,0,0,0.00,0,0,0,0,3,22
In Young Choi,Corea del Sur,1994,1,Arquero,3,3,3,0,0,0.00,0,0,0,2,1,20
Inacio,Portugal,1986,20,Defensor,3,3,0,0,0,0.00,0,0,1,0,2,17
Inaki Williams,Ghana,2022,19,Delantero,3,3,0,0,0,0.00,1,0,1,0,2,24
Indio,Brasil,1954,19,Delantero,1,1,0,2,0,0.00,0,0,0,0,1,6
Inge Ejderstedt,Suecia,1970,21,Mediocampista,1,0,0,2,0,0.00,0,0,0,0,1,9
Inge Ejderstedt,Suecia,1974,16,Mediocampista,2,1,0,4,0,0.00,0,0,0,1,1,5
Ingemar Erlandsson,Suecia,1978,5,Defensor,3,3,0,0,0,0.00,0,0,0,1,2,13
Ingemar Haraldsson,Suecia,1958,16,Arquero,0,0,0,6,0,0.00,0,0,0,0,0,2
Ingvar Gard,Suecia,1950,-,Mediocampista,5,5,0,0,0,0.00,0,0,2,1,2,3
Ingvar Rydell,Suecia,1950,-,Delantero,1,1,0,4,0,0.00,0,0,1,0,0,3
Insayaf Abdulfattah,Iraq,1986,20,Arquero,1,1,0,2,0,0.00,0,0,0,0,1,23
Ioachim Moldoveanu,Rumania,1938,-,Delantero,1,1,0,1,0,0.00,0,0,0,0,1,9
Ioan Andone,Rumania,1990,4,Defensor,4,4,0,0,0,0.00,0,0,1,2,1,12
Ioan Lupescu,Rumania,1990,21,Mediocampista,3,3,0,1,0,0.00,1,0,1,2,0,12
Ioan Lupescu,Rumania,1994,5,Mediocampista,5,5,0,0,0,0.00,1,0,3,1,1,6
Ioan Sabau,Rumania,1990,8,Mediocampista,4,4,0,0,0,0.00,0,0,1,2,1,12
Ioannis Fetfatzidis,Grecia,2014,18,Mediocampista,2,1,0,2,0,0.00,0,0,0,1,1,13
Ion Dumitru,Rumania,1970,15,Mediocampista,3,3,0,0,0,0.00,1,0,1,0,2,10
Ion Lapusneanu,Rumania,1930,-,Arquero,2,2,0,0,0,0.00,0,0,1,0,1,8
Ion Vladoiu,Rumania,1994,16,Delantero,1,0,0,4,0,0.00,0,1,0,0,1,6
Ionica Bogdan,Rumania,1938,-,Delantero,1,1,0,1,0,0.00,0,0,0,0,1,9
Iordan Letchkov,Bulgaria,1994,9,Mediocampista,7,7,0,0,2,0.29,2,0,3,1,3,4
Iosif Czako,Rumania,1930,-,Defensor,1,1,0,1,0,0.00,0,0,0,0,1,8
Iosif Rotariu,Rumania,1990,5,Defensor,4,4,0,0,0,0.00,0,0,1,2,1,12
Iraj Danayfar,Irán,1978,2,Mediocampista,2,2,0,1,1,0.50,0,0,0,1,1,14
Iraragorri,España,1934,-,Mediocampista,2,2,0,1,2,1.00,0,0,1,1,0,5
Ireneusz Jelen,Polonia,2006,21,Delantero,3,2,0,0,0,0.00,0,0,1,0,2,21
Isaác Brizuela,México,2014,17,Mediocampista,0,0,0,4,0,0.00,0,0,0,0,0,10
Isaac Kiese Thelin,Suecia,2018,22,Delantero,4,0,0,1,0,0.00,0,0,3,0,1,7
Isaac Okoronkwo,Nigeria,2002,5,Defensor,3,3,0,0,0,0.00,0,0,0,1,2,27
Isaac Terrazas,México,1998,16,Defensor,0,0,0,4,0,0.00,0,0,0,0,0,13
Isaac Vorsah,Ghana,2010,15,Defensor,2,2,0,3,0,0.00,1,0,1,1,0,7
Isco,España,2018,22,Mediocampista,4,4,0,0,1,0.25,0,0,1,3,0,10
Isidoro Diaz,México,1962,11,Delantero,3,3,0,0,1,0.33,0,0,1,0,2,11
Isidoro Diaz,México,1966,6,Mediocampista,3,3,0,0,0,0.00,0,0,0,2,1,12
Isidoro Diaz,México,1970,16,Mediocampista,1,0,0,3,0,0.00,0,0,0,0,1,6
Isidoro San Jose,España,1978,21,Mediocampista,3,3,0,0,0,0.00,0,0,1,1,1,10
Isidoro Sota,México,1930,-,Arquero,1,1,0,2,0,0.00,0,0,0,0,1,13
Isidro Langara,España,1934,-,Delantero,2,2,0,1,1,0.50,0,0,1,1,0,5
Islam Slimani,Argelia,2014,13,Delantero,4,3,0,0,2,0.50,0,0,1,1,2,14
Ismaeel Mohammad,Catar,2022,17,Defensor,2,2,0,1,0,0.00,1,0,0,0,2,32
Ismael Díaz,Panamá,2018,10,Delantero,1,0,0,2,0,0.00,0,0,0,0,1,32
Ismael Diomande,Costa de Marfil,2014,14,Mediocampista,1,0,0,2,0,0.00,0,0,0,0,1,21
Ismael Fuentes,Chile,2010,2,Defensor,1,1,0,3,0,0.00,1,0,0,0,1,10
Ismaël Koné,Canadá,2022,15,Mediocampista,3,0,0,0,0,0.00,0,0,0,0,3,31
Ismael Tiote,Costa de Marfil,2010,9,Mediocampista,3,3,0,0,0,0.00,0,0,1,1,1,17
Ismael Tiote,Costa de Marfil,2014,9,Mediocampista,3,3,0,0,0,0.00,1,0,1,0,2,21
Ismail Feridun,Turquía,1954,9,Delantero,2,2,0,1,0,0.00,0,0,1,0,1,11
Ismail Jakobs,Senegal,2022,14,Defensor,4,3,0,0,0,0.00,1,0,2,0,2,10
Ismail Rafa At,Egipto,1934,-,Defensor,1,1,0,0,0,0.00,0,0,0,0,1,13
Ismail Youssef,Egipto,1990,7,Mediocampista,3,3,0,0,0,0.00,0,0,0,2,1,20
Ismaïla Sarr,Senegal,2018,18,Delantero,3,3,0,0,0,0.00,0,0,1,1,1,17
Ismaïla Sarr,Senegal,2022,18,Delantero,4,4,0,0,1,0.25,0,0,2,0,2,10
Israel Castro,México,2010,8,Mediocampista,1,0,0,3,0,0.00,1,0,0,0,1,14
Issam Jebali,Túnez,2022,9,Delantero,3,2,0,0,0,0.00,0,0,1,1,1,21
Istvan Avar,Hungría,1934,-,Delantero,1,1,0,1,0,0.00,0,0,0,0,1,6
Istvan Balogh,Hungría,1938,-,Mediocampista,1,1,0,3,0,0.00,0,0,1,0,0,2
Istvan Geczi,Hungría,1966,22,Arquero,0,0,0,4,0,0.00,0,0,0,0,0,6
Istvan Halasz,Hungría,1978,16,Mediocampista,1,0,0,2,0,0.00,0,0,0,0,1,15
Istvan Ilku,Hungría,1958,22,Arquero,1,1,0,3,0,0.00,0,0,1,0,0,10
Istvan Ilku,Hungría,1962,22,Arquero,1,1,0,3,0,0.00,0,0,1,0,0,5
Istvan Kocsis,Hungría,1978,3,Defensor,2,2,0,1,0,0.00,0,0,0,0,2,15
Istvan Nagy,Hungría,1962,14,Mediocampista,0,0,0,4,0,0.00,0,0,0,0,0,5
Istvan Nagy,Hungría,1966,14,Mediocampista,2,2,0,2,0,0.00,0,0,0,0,2,6
Istvan Palotas,Hungría,1934,-,Mediocampista,2,2,0,0,0,0.00,0,0,1,0,1,6
Istvan Tamassy,Hungría,1934,-,Delantero,0,0,0,2,0,0.00,0,0,0,0,0,6
Italia,Brasil,1930,-,Defensor,2,2,0,0,0,0.00,0,0,1,0,1,6
Itumeleng Khune,Sudáfrica,2010,16,Arquero,2,2,0,1,0,0.00,0,1,0,1,1,20
Itzhak Schum,Israel,1970,7,Mediocampista,3,3,0,0,0,0.00,0,0,0,2,1,12
Itzhak Vissoker,Israel,1970,1,Arquero,3,3,0,0,0,0.00,0,0,0,2,1,12
Iulian Chirita,Rumania,1994,8,Mediocampista,0,0,0,5,0,0.00,0,0,0,0,0,6
Iulian Filipescu,Rumania,1998,18,Defensor,3,3,0,1,0,0.00,2,0,2,0,1,11
Iuliu Baratky,Rumania,1938,-,Delantero,2,2,0,0,1,0.50,0,0,0,1,1,9
Iuliu Bodola,Rumania,1934,-,Delantero,1,1,0,0,0,0.00,0,0,0,0,1,12
Iuliu Bodola,Rumania,1938,-,Delantero,1,1,0,1,0,0.00,0,0,0,1,0,9
Iuliu Prassler,Rumania,1938,-,Delantero,1,1,0,1,0,0.00,0,0,0,0,1,9
Ivan Bosnjak,Croacia,2006,22,Delantero,1,0,0,2,0,0.00,0,0,0,1,0,22
Ivan Buljan,Yugoslavia,1974,2,Defensor,6,6,0,0,0,0.00,1,0,1,2,3,7
Ivan Campo,España,1998,14,Defensor,1,1,0,2,0,0.00,1,0,0,0,1,17
Ivan Cordoba,Colombia,1998,2,Defensor,0,0,0,3,0,0.00,0,0,0,0,0,21
Ivan Davidov,Bulgaria,1966,20,Mediocampista,1,1,0,2,0,0.00,0,0,0,0,1,15
Ivan Davidov,Bulgaria,1970,5,Mediocampista,1,1,0,2,0,0.00,0,0,0,0,1,13
Ivan Deyanov,Bulgaria,1966,22,Arquero,0,0,0,3,0,0.00,0,0,0,0,0,15
Ivan Dimitrov,Bulgaria,1962,3,Defensor,3,3,0,0,0,0.00,0,0,0,1,2,15
Ivan Dimitrov,Bulgaria,1970,3,Defensor,2,1,1,1,0,0.00,0,0,0,1,1,13
Ivan Ergic,Serbia y Montenegro,2006,2,Mediocampista,2,1,0,1,0,0.00,0,0,0,0,2,32
Ivan Franjic,Australia,2014,2,Defensor,1,1,0,2,0,0.00,0,0,0,0,1,30
Ivan Gudelj,Yugoslavia,1982,3,Mediocampista,3,3,0,0,1,0.33,0,0,1,1,1,16
Ivan Hasek,Checoslovaquia,1990,4,Mediocampista,5,5,5,0,1,0.20,1,0,3,0,2,6
Ivan Helguera,España,2002,4,Mediocampista,5,3,0,0,0,0.00,0,0,3,2,0,5
Ivan Horvat,Yugoslavia,1950,-,Defensor,3,3,1,0,0,0.00,0,0,2,0,1,5
Ivan Horvat,Yugoslavia,1954,5,Defensor,3,3,0,0,0,0.00,0,0,1,1,1,8
Ivan Hrdlicka,Checoslovaquia,1970,16,Mediocampista,1,1,0,2,0,0.00,0,0,0,0,1,15
Ivan Hurtado,Ecuador,2002,3,Defensor,3,3,2,0,0,0.00,0,0,1,0,2,24
Ivan Hurtado,Ecuador,2006,3,Defensor,3,3,3,1,0,0.00,1,0,2,0,1,12
Ivan Ilic,Serbia,2022,24,Mediocampista,1,0,0,2,0,0.00,0,0,0,0,1,29
Ivan Ivanov,Bulgaria,1962,18,Arquero,0,0,0,3,0,0.00,0,0,0,0,0,15
Ivan Kaviedes,Ecuador,2002,9,Delantero,2,1,0,1,0,0.00,1,0,1,0,1,24
Ivan Kaviedes,Ecuador,2006,10,Delantero,4,1,0,0,1,0.25,0,0,2,0,2,12
Ivan Klasnic,Croacia,2006,17,Delantero,3,2,0,0,0,0.00,0,0,0,2,1,22
Ivan Kolev,Bulgaria,1962,10,Delantero,3,3,0,0,0,0.00,0,0,0,1,2,15
Ivan Kolev,Bulgaria,1966,11,Delantero,2,2,0,1,0,0.00,1,0,0,0,2,15
Ivan Leko,Croacia,2006,15,Mediocampista,0,0,0,3,0,0.00,0,0,0,0,0,22
Ivan Mariz,Brasil,1930,-,Mediocampista,0,0,0,2,0,0.00,0,0,0,0,0,6
Ivan Menczel,Hungría,1962,15,Mediocampista,0,0,0,4,0,0.00,0,0,0,0,0,5
Ivan Nielsen,Dinamarca,1986,5,Defensor,3,3,0,1,0,0.00,1,0,2,0,1,9
Ivan Obradovic,Serbia,2010,16,Defensor,1,1,0,2,0,0.00,0,0,0,0,1,23
Ivan Perisic,Croacia,2014,4,Mediocampista,3,3,0,0,2,0.67,0,0,1,0,2,19
Ivan Perisic,Croacia,2018,4,Delantero,7,7,0,0,3,0.43,0,0,4,2,1,2
Ivan Perisic,Croacia,2022,4,Delantero,7,7,0,0,1,0.14,0,0,2,4,1,3
Ivan Pudar,Yugoslavia,1982,12,Arquero,0,0,0,3,0,0.00,0,0,0,0,0,16
Ivan Rakitic,Croacia,2014,7,Mediocampista,3,3,0,0,0,0.00,1,0,1,0,2,19
Ivan Rakitic,Croacia,2018,7,Mediocampista,7,6,0,0,1,0.14,1,0,4,2,1,2
Ivan Santek,Yugoslavia,1958,10,Mediocampista,0,0,0,4,0,0.00,0,0,0,0,0,8
Ivan Stoyanov,Bulgaria,1974,10,Mediocampista,1,1,0,2,0,0.00,0,0,0,0,1,12
Ivan Strinić,Croacia,2018,3,Defensor,6,6,0,1,0,0.00,1,0,3,2,1,2
Ivan Valenciano,Colombia,1994,9,Delantero,1,0,0,2,0,0.00,0,0,0,0,1,19
Ivan Vicelich,Nueva Zelanda,2010,5,Defensor,3,3,0,0,0,0.00,0,0,0,3,0,22
Ivan Vutsov,Bulgaria,1966,3,Defensor,3,3,0,0,0,0.00,0,0,0,0,3,15
Ivan Yaremchuk,URSS,1986,7,Mediocampista,3,3,0,1,1,0.33,0,0,1,1,1,10
Ivan Yaremchuk,URSS,1990,15,Mediocampista,2,0,0,1,0,0.00,0,0,1,0,1,17
Ivan Zafirov,Bulgaria,1974,2,Defensor,0,0,0,3,0,0.00,0,0,0,0,0,12
Ivan Zamorano,Chile,1998,9,Delantero,4,4,4,0,0,0.00,1,0,0,3,1,16
Ivano Blason,Italia,1950,-,Defensor,1,1,0,1,0,0.00,0,0,1,0,0,7
Ivano Bordon,Italia,1978,22,Arquero,0,0,0,7,0,0.00,0,0,0,0,0,4
Ivano Bordon,Italia,1982,12,Arquero,0,0,0,7,0,0.00,0,0,0,0,0,1
Ivar Eriksson,Suecia,1938,-,Defensor,3,3,0,0,0,0.00,0,0,1,0,2,4
Ivaylo Andonov,Bulgaria,1994,22,Delantero,0,0,0,7,0,0.00,0,0,0,0,0,4
Ivaylo Petkov,Bulgaria,1998,4,Defensor,2,2,0,1,0,0.00,0,0,0,1,1,29
Ivaylo Yordanov,Bulgaria,1994,13,Mediocampista,5,1,0,2,0,0.00,1,0,1,1,3,4
Ivaylo Yordanov,Bulgaria,1998,5,Mediocampista,2,2,0,1,0,0.00,0,0,0,1,1,29
Ive Jerolimov,Yugoslavia,1982,2,Defensor,0,0,0,3,0,0.00,0,0,0,0,0,16
Ivica Bek,Yugoslavia,1930,-,Delantero,3,3,0,0,3,1.00,0,0,2,0,1,4
Ivica Dragutinovic,Serbia y Montenegro,2006,3,Defensor,1,1,0,2,0,0.00,1,0,0,0,1,32
Ivica Ivusic,Croacia,2022,23,Arquero,0,0,0,7,0,0.00,0,0,0,0,0,3
Ivica Kralj,RF de Yugoslavia,1998,1,Arquero,4,4,0,0,0,0.00,0,0,2,1,1,10
Ivica Olic,Croacia,2002,18,Delantero,2,1,0,1,1,0.50,0,0,1,0,1,23
Ivica Olic,Croacia,2006,18,Delantero,3,1,0,0,0,0.00,0,0,0,2,1,22
Ivica Olic,Croacia,2014,18,Delantero,3,3,0,0,1,0.33,0,0,1,0,2,19
Ivica Surjak,Yugoslavia,1974,9,Delantero,6,6,0,0,2,0.33,0,0,1,2,3,7
Ivica Surjak,Yugoslavia,1982,20,Delantero,3,3,3,0,0,0.00,0,0,1,1,1,16
Ivica Vastic,Austria,1998,9,Delantero,3,1,0,0,1,0.33,1,0,0,2,1,23
Ivo Frosio,Suiza,1954,13,Mediocampista,0,0,0,4,0,0.00,0,0,0,0,0,5
Ivo Grbic,Croacia,2022,12,Arquero,0,0,0,7,0,0.00,0,0,0,0,0,3
Ivo Knoflicek,Checoslovaquia,1990,17,Delantero,5,5,0,0,0,0.00,1,0,3,0,2,6
Ivo Radovnikovic,Yugoslavia,1950,-,Mediocampista,0,0,0,3,0,0.00,0,0,0,0,0,5
Ivo Rudic,Australia,1974,16,Defensor,0,0,0,3,0,0.00,0,0,0,0,0,14
Ivo Viktor,Checoslovaquia,1970,1,Arquero,2,2,1,1,0,0.00,0,0,0,0,2,15
Ivor Allchurch,Gales,1958,10,Delantero,5,5,0,0,2,0.40,0,0,1,3,1,5
Ivor Broadis,Inglaterra,1954,8,Delantero,3,3,0,0,2,0.67,0,0,1,1,1,7
Izak Rober,Turquía,1954,6,Mediocampista,3,3,0,0,0,0.00,0,0,1,0,2,11
Izet Hajrovic,Bosnia-Herzegovina,2014,20,Mediocampista,2,2,0,1,0,0.00,0,0,0,0,2,20
J. Harting,Indias Orientales Holand.,1938,-,Arquero,0,0,0,1,0,0.00,0,0,0,0,0,15
Ja-Cheol Koo,Corea del Sur,2014,13,Mediocampista,3,3,3,0,1,0.33,1,0,0,1,2,27
Ja-Cheol Koo,Corea del Sur,2018,13,Mediocampista,2,2,0,1,0,0.00,0,0,1,0,1,19
Jaap Mol,Paises Bajos,1934,-,Delantero,0,0,0,1,0,0.00,0,0,0,0,0,9
Jaap Stam,Paises Bajos,1998,3,Defensor,7,7,0,0,0,0.00,2,0,3,3,1,4
Jabu Pule,Sudáfrica,2002,11,Mediocampista,1,0,0,2,0,0.00,0,0,1,0,0,17
Jacek Bak,Polonia,2002,20,Defensor,1,1,0,2,0,0.00,0,0,0,0,1,25
Jacek Bak,Polonia,2006,6,Defensor,3,3,3,0,0,0.00,1,0,1,0,2,21
Jacek Góralski,Polonia,2018,6,Mediocampista,2,2,0,1,0,0.00,1,0,1,0,1,25
Jacek Kazimierski,Polonia,1982,21,Arquero,0,0,0,7,0,0.00,0,0,0,0,0,3
Jacek Kazimierski,Polonia,1986,12,Arquero,0,0,0,4,0,0.00,0,0,0,0,0,14
Jacek Krzynowek,Polonia,2002,18,Mediocampista,3,3,0,0,0,0.00,1,0,1,0,2,25
Jacek Krzynowek,Polonia,2006,8,Mediocampista,3,3,0,0,0,0.00,1,0,1,0,2,21
Jacek Zielinski,Polonia,2002,3,Defensor,1,1,1,2,0,0.00,0,0,1,0,0,25
Jacinto Barquin,Cuba,1938,-,Defensor,3,3,0,0,0,0.00,0,0,1,1,1,7
Jacinto Villalba,Paraguay,1930,-,Delantero,0,0,0,2,0,0.00,0,0,0,0,0,9
Jack Butland,Inglaterra,2018,13,Arquero,0,0,0,7,0,0.00,0,0,0,0,0,4
Jack Charlton,Inglaterra,1966,5,Defensor,6,6,0,0,0,0.00,0,0,5,1,0,1
Jack Charlton,Inglaterra,1970,17,Defensor,1,1,0,3,0,0.00,0,0,1,0,0,8
Jack Grealish,Inglaterra,2022,7,Delantero,5,0,0,0,1,0.20,0,0,3,1,1,6
Jack Kelsey,Gales,1958,1,Arquero,5,5,0,0,0,0.00,0,0,1,3,1,5
Jack Reilly,Australia,1974,1,Arquero,3,3,0,0,0,0.00,0,0,0,1,2,14
Jack Samuels,Indias Orientales Holand.,1938,-,Defensor,1,1,0,0,0,0.00,0,0,0,0,1,15
Jack Wilshere,Inglaterra,2014,7,Mediocampista,2,1,0,1,0,0.00,0,0,0,1,1,26
Jackie Fatton,Suiza,1950,-,Delantero,3,3,0,0,2,0.67,0,0,1,1,1,6
Jackie Fatton,Suiza,1954,17,Delantero,4,4,0,0,1,0.25,0,0,2,0,2,5
Jackie Henderson,Escocia,1954,16,Delantero,0,0,0,2,0,0.00,0,0,0,0,0,15
Jackie Mcnamara,Escocia,1998,2,Defensor,2,1,0,1,0,0.00,0,0,0,1,1,27
Jackie Milburn,Inglaterra,1950,-,Delantero,1,1,0,2,0,0.00,0,0,0,0,1,8
Jackie Mudie,Escocia,1958,17,Delantero,3,3,0,0,1,0.33,0,0,0,1,2,14
Jackie Scott,Irlanda del Norte,1958,14,Delantero,2,2,0,3,0,0.00,0,0,1,0,1,7
Jackson Irvine,Australia,2018,22,Mediocampista,3,0,0,0,0,0.00,0,0,0,1,2,30
Jackson Irvine,Australia,2022,22,Mediocampista,4,4,0,0,0,0.00,2,0,2,0,2,11
Jackson Martinez,Colombia,2014,21,Delantero,3,2,0,2,2,0.67,0,0,3,0,0,5
Jackson Porozo,Ecuador,2022,25,Defensor,2,1,0,1,0,0.00,0,0,0,1,1,18
Jacky Peeters,Bélgica,2002,15,Defensor,3,3,0,1,0,0.00,0,0,1,1,1,14
Jacob Laursen,Dinamarca,1998,13,Defensor,1,1,0,4,0,0.00,0,0,0,0,1,8
Jacob Lekgetho,Sudáfrica,2002,5,Defensor,1,0,0,2,0,0.00,0,0,0,0,1,17
Jacques Beurlet,Bélgica,1970,13,Defensor,0,0,0,3,0,0.00,0,0,0,0,0,10
Jacques Duquesne,Bélgica,1970,22,Arquero,0,0,0,3,0,0.00,0,0,0,0,0,10
Jacques Grimonpon,Francia,1954,5,Defensor,0,0,0,2,0,0.00,0,0,0,0,0,9
Jacques Mairesse,Francia,1934,-,Defensor,1,1,0,0,0,0.00,0,0,0,0,1,9
Jacques Moeschal,Bélgica,1930,-,Delantero,2,2,0,0,0,0.00,0,0,0,0,2,11
Jacques Munaron,Bélgica,1982,22,Arquero,1,1,0,4,0,0.00,0,0,0,0,1,10
Jacques Munaron,Bélgica,1986,12,Arquero,0,0,0,7,0,0.00,0,0,0,0,0,4
Jacques Nguea,Camerún,1982,18,Delantero,2,2,0,1,0,0.00,0,0,0,2,0,17
Jacques Simon,Francia,1966,20,Delantero,2,2,0,1,0,0.00,0,0,0,0,2,13
Jacques Songoo,Camerún,1990,22,Arquero,0,0,0,5,0,0.00,0,0,0,0,0,7
Jacques Songoo,Camerún,1994,22,Arquero,1,1,0,2,0,0.00,1,0,0,0,1,22
Jacques Songoo,Camerún,1998,1,Arquero,3,3,0,0,0,0.00,0,0,0,2,1,25
Jacques Songoo,Camerún,2002,16,Arquero,0,0,0,3,0,0.00,0,0,0,0,0,20
Jae Jin Cho,Corea del Sur,2006,19,Delantero,3,3,0,0,0,0.00,0,0,1,1,1,17
Jae Sung Kim,Corea del Sur,2010,13,Mediocampista,3,1,0,1,0,0.00,0,0,1,1,1,15
Jae-sung Lee,Corea del Sur,2018,17,Mediocampista,3,3,0,0,0,0.00,1,0,1,0,2,19
Jae-sung Lee,Corea del Sur,2022,10,Mediocampista,3,3,0,1,0,0.00,0,0,1,1,1,16
Jaime Ayoví,Ecuador,2014,17,Delantero,0,0,0,3,0,0.00,0,0,0,0,0,17
Jaime Belmonte,México,1958,19,Delantero,2,2,0,1,1,0.50,0,0,0,1,1,16
Jaime Duarte,Perú,1978,2,Defensor,6,6,0,0,0,0.00,0,0,2,1,3,8
Jaime Duarte,Perú,1982,2,Defensor,3,3,0,0,0,0.00,1,0,0,2,1,20
Jaime Gomez,México,1958,13,Arquero,0,0,0,3,0,0.00,0,0,0,0,0,16
Jaime Gomez,México,1962,12,Arquero,0,0,0,3,0,0.00,0,0,0,0,0,11
Jaime Gonzales,Colombia,1962,5,Defensor,3,3,0,0,0,0.00,0,0,0,1,2,14
Jaime Graca,Portugal,1966,16,Mediocampista,6,6,0,0,0,0.00,0,0,5,0,1,3
Jaime Magalhaes,Portugal,1986,14,Mediocampista,2,1,0,1,0,0.00,0,0,0,0,2,17
Jaime Moreno,Bolivia,1994,11,Delantero,2,0,0,1,0,0.00,0,0,0,0,2,21
Jaime Ordiales,México,1998,20,Mediocampista,2,2,0,2,0,0.00,1,0,1,1,0,13
Jaime Penedo,Panamá,2018,1,Arquero,3,3,0,0,0,0.00,0,0,0,0,3,32
Jaime Portillo,El Salvador,1970,17,Delantero,1,1,0,2,0,0.00,0,0,0,0,1,16
Jaime Ramirez,Chile,1962,7,Delantero,6,6,0,0,2,0.33,0,0,4,0,2,3
Jaime Ramirez,Chile,1966,15,Delantero,0,0,0,3,0,0.00,0,0,0,0,0,13
Jaime Rodriguez,El Salvador,1982,15,Defensor,3,3,0,0,0,0.00,0,0,0,0,3,24
Jaime Salazar,México,1958,18,Mediocampista,0,0,0,3,0,0.00,0,0,0,0,0,16
Jaime Silva,Colombia,1962,9,Mediocampista,1,1,0,2,0,0.00,0,0,0,0,1,14
Jaime Villegas,Honduras,1982,3,Defensor,3,3,0,0,0,0.00,0,0,0,2,1,18
Jair,Brasil,1950,-,Delantero,5,5,0,1,2,0.40,0,0,4,0,1,2
Jair Da Costa,Brasil,1962,18,Delantero,0,0,0,6,0,0.00,0,0,0,0,0,1
Jair Marinho,Brasil,1962,12,Defensor,0,0,0,6,0,0.00,0,0,0,0,0,1
Jairo Arias,Colombia,1962,22,Delantero,1,1,0,2,0,0.00,0,0,0,0,1,14
Jairzinho,Brasil,1966,17,Delantero,3,3,0,0,0,0.00,0,0,1,0,2,11
Jairzinho,Brasil,1970,7,Delantero,6,6,0,0,7,1.17,0,0,6,0,0,1
Jairzinho,Brasil,1974,7,Delantero,7,7,0,0,2,0.29,2,0,3,2,2,4
Jakob Bender,Alemania,1934,-,Delantero,2,2,0,2,0,0.00,0,0,1,0,1,3
Jakob Poulsen,Dinamarca,2010,14,Mediocampista,2,0,0,1,0,0.00,0,0,1,0,1,24
Jakob Streitle,Alemania,1938,-,Defensor,1,1,0,1,0,0.00,0,0,0,0,1,10
Jakub Kaminski,Polonia,2022,13,Mediocampista,4,2,0,0,0,0.00,0,0,1,1,2,15
Jakub Kiwior,Polonia,2022,14,Defensor,4,4,0,0,0,0.00,1,0,1,1,2,15
Jalal Hosseini,Irán,2014,4,Defensor,3,3,0,0,0,0.00,0,0,0,1,2,28
Jamal Al Qabandi,Kuwait,1982,4,Defensor,0,0,0,3,0,0.00,0,0,0,0,0,21
Jamal Musiala,Alemania,2022,14,Mediocampista,3,3,0,0,0,0.00,0,0,1,1,1,17
Jamal Salami,Marruecos,1998,19,Mediocampista,1,0,0,2,0,0.00,0,0,1,0,0,18
Jamba,Angola,2006,3,Defensor,3,3,0,0,0,0.00,1,0,0,2,1,23
James Bannatyne,Nueva Zelanda,2010,23,Arquero,0,0,0,3,0,0.00,0,0,0,0,0,22
James Holland,Australia,2014,16,Mediocampista,0,0,0,3,0,0.00,0,0,0,0,0,30
James Holton,Escocia,1974,5,Defensor,3,3,0,0,0,0.00,1,0,1,2,0,9
James Lowery,Canadá,1986,18,Mediocampista,1,0,0,2,0,0.00,0,0,0,0,1,24
James Maddison,Inglaterra,2022,25,Mediocampista,0,0,0,5,0,0.00,0,0,0,0,0,6
James Meredith,Australia,2018,3,Defensor,0,0,0,3,0,0.00,0,0,0,0,0,30
James Milner,Inglaterra,2010,16,Mediocampista,3,3,0,1,0,0.00,1,0,1,1,1,13
James Milner,Inglaterra,2014,17,Mediocampista,1,1,0,2,0,0.00,0,0,0,1,0,26
James Obiorah,Nigeria,2002,20,Mediocampista,1,1,0,2,0,0.00,0,0,0,1,0,27
James Pantemis,Canadá,2022,16,Arquero,0,0,0,3,0,0.00,0,0,0,0,0,31
James Quinn,Irlanda del Norte,1986,9,Delantero,0,0,0,3,0,0.00,0,0,0,0,0,21
James Rodríguez,Colombia,2014,10,Mediocampista,5,4,0,0,6,1.20,1,0,4,0,1,5
James Rodríguez,Colombia,2018,10,Mediocampista,3,2,0,1,0,0.00,1,0,2,0,1,9
James Troisi,Australia,2014,14,Mediocampista,2,0,0,1,0,0.00,0,0,0,0,2,30
Jamie Carragher,Inglaterra,2006,15,Defensor,4,2,0,1,0,0.00,1,0,2,2,0,7
Jamie Carragher,Inglaterra,2010,18,Defensor,2,1,0,2,0,0.00,2,0,0,2,0,13
Jamie Maclaren,Australia,2018,14,Delantero,0,0,0,3,0,0.00,0,0,0,0,0,30
Jamie Maclaren,Australia,2022,9,Delantero,3,0,0,1,0,0.00,0,0,2,0,1,11
Jamie Vardy,Inglaterra,2018,11,Delantero,4,1,0,3,0,0.00,0,0,1,1,2,4
Jan Bartram,Dinamarca,1986,20,Mediocampista,0,0,0,4,0,0.00,0,0,0,0,0,9
Jan Bednarek,Polonia,2018,5,Defensor,3,2,0,0,1,0.33,1,0,1,0,2,25
Jan Bednarek,Polonia,2022,5,Defensor,1,0,0,3,0,0.00,0,0,0,0,1,15
Jan Berger,Checoslovaquia,1982,13,Mediocampista,2,2,0,1,0,0.00,0,0,0,1,1,19
Jan Ceulemans,Bélgica,1982,11,Delantero,5,5,0,0,0,0.00,0,0,2,1,2,10
Jan Ceulemans,Bélgica,1986,11,Mediocampista,7,7,7,0,3,0.43,1,0,2,2,3,4
Jan Ceulemans,Bélgica,1990,11,Delantero,4,3,3,0,1,0.25,0,0,2,0,2,11
Jan Diddens,Bélgica,1930,-,Mediocampista,2,2,0,0,0,0.00,0,0,0,0,2,11
Jan Dockx,Bélgica,1970,6,Mediocampista,3,3,0,0,0,0.00,0,0,1,0,2,10
Jan Domarski,Polonia,1974,19,Delantero,3,1,0,4,0,0.00,0,0,2,0,1,3
Jan Durica,Eslovaquia,2010,16,Defensor,4,4,0,0,0,0.00,1,0,1,1,2,16
Jan Eriksson,Suecia,1990,2,Defensor,0,0,0,3,0,0.00,0,0,0,0,0,21
Jan Fiala,Checoslovaquia,1982,3,Defensor,3,3,0,0,0,0.00,0,0,0,2,1,19
Jan Fjortoft,Noruega,1994,9,Delantero,2,2,0,1,0,0.00,0,0,1,0,1,17
Jan Furtok,Polonia,1986,22,Delantero,1,0,0,3,0,0.00,0,0,0,0,1,14
Jan Heintze,Dinamarca,1998,5,Defensor,5,3,0,0,0,0.00,0,0,2,1,2,8
Jan Heintze,Dinamarca,2002,5,Defensor,2,2,2,2,0,0.00,1,0,1,1,0,10
Jan Hertl,Checoslovaquia,1954,14,Mediocampista,2,2,0,0,0,0.00,0,0,0,0,2,14
Jan Hertl,Checoslovaquia,1958,15,Mediocampista,1,1,0,3,0,0.00,0,0,0,0,1,9
Jan Jalocha,Polonia,1982,7,Defensor,3,3,0,4,0,0.00,0,0,1,2,0,3
Jan Jongbloed,Paises Bajos,1974,8,Arquero,7,7,0,0,0,0.00,0,0,5,1,1,2
Jan Jongbloed,Paises Bajos,1978,8,Arquero,5,4,0,2,0,0.00,0,0,2,1,2,2
Jan Karas,Polonia,1986,9,Mediocampista,3,1,0,1,0,0.00,0,0,1,0,2,14
Jan Kocian,Checoslovaquia,1990,5,Defensor,4,4,0,1,0,0.00,1,0,3,0,1,6
Jan Koller,República Checa,2006,9,Delantero,1,1,0,2,1,1.00,0,0,1,0,0,20
Jan Kozak,Eslovaquia,2010,8,Mediocampista,1,1,0,3,0,0.00,0,0,0,0,1,16
Jan Kozak,Checoslovaquia,1982,7,Mediocampista,0,0,0,3,0,0.00,0,0,0,0,0,19
Jan Kromkamp,Paises Bajos,2006,12,Defensor,0,0,0,4,0,0.00,0,0,0,0,0,11
Jan Lala,Checoslovaquia,1962,2,Defensor,5,5,0,1,0,0.00,0,0,3,1,1,2
Jan Michaelsen,Dinamarca,2002,15,Mediocampista,0,0,0,4,0,0.00,0,0,0,0,0,10
Jan Molby,Dinamarca,1986,7,Mediocampista,4,1,0,0,0,0.00,0,0,3,0,1,9
Jan Moller,Suecia,1978,17,Arquero,0,0,0,3,0,0.00,0,0,0,0,0,13
Jan Mucha,Eslovaquia,2010,1,Arquero,4,4,0,0,0,0.00,1,0,1,1,2,16
Jan Olsson,Suecia,1970,20,Defensor,2,2,0,1,0,0.00,0,0,0,1,1,9
Jan Olsson,Suecia,1974,2,Defensor,4,4,0,2,0,0.00,0,0,1,2,1,5
Jan Pivarnik,Checoslovaquia,1970,12,Defensor,0,0,0,3,0,0.00,0,0,0,0,0,15
Jan Polak,República Checa,2006,19,Mediocampista,3,1,0,0,0,0.00,0,1,1,0,2,20
Jan Poortvliet,Paises Bajos,1978,2,Defensor,6,6,0,1,0,0.00,0,0,2,2,2,2
Jan Popluhar,Checoslovaquia,1958,16,Defensor,3,3,0,1,0,0.00,0,0,1,1,1,9
Jan Popluhar,Checoslovaquia,1962,3,Defensor,6,6,0,0,0,0.00,0,0,3,1,2,2
Jan Riha,Checoslovaquia,1938,-,Delantero,2,2,0,1,0,0.00,0,0,1,1,0,5
Jan Stejskal,Checoslovaquia,1990,1,Arquero,5,5,0,0,0,0.00,0,0,3,0,2,6
Jan Tomaszewski,Polonia,1974,2,Arquero,7,7,0,0,0,0.00,0,0,6,0,1,3
Jan Tomaszewski,Polonia,1978,1,Arquero,4,4,0,2,0,0.00,0,0,2,1,1,5
Jan Urban,Polonia,1986,8,Delantero,4,3,0,0,0,0.00,0,0,1,1,2,14
Jan Van Diepenbeek,Paises Bajos,1934,-,Defensor,0,0,0,1,0,0.00,0,0,0,0,0,9
Jan Vennegoor Of Hesselink,Paises Bajos,2006,19,Delantero,1,0,0,3,0,0.00,0,0,0,0,1,11
Jan Verheyen,Bélgica,1970,17,Mediocampista,0,0,0,3,0,0.00,0,0,0,0,0,10
Jan Vertonghen,Bélgica,2014,5,Defensor,5,4,1,0,1,0.20,1,0,4,0,1,6
Jan Vertonghen,Bélgica,2018,5,Defensor,6,6,0,1,1,0.17,2,0,5,0,1,3
Jan Vertonghen,Bélgica,2022,5,Defensor,3,3,0,0,0,0.00,0,0,1,1,1,23
Jan Wasiewicz,Polonia,1938,-,Mediocampista,0,0,0,1,0,0.00,0,0,0,0,0,11
Jan Wouters,Paises Bajos,1990,6,Mediocampista,4,4,0,0,0,0.00,1,0,0,3,1,15
Jan Wouters,Paises Bajos,1994,6,Mediocampista,4,4,0,1,0,0.00,3,0,2,0,2,7
Jan Zlocha,Checoslovaquia,1970,15,Defensor,1,1,0,2,0,0.00,0,0,0,0,1,15
Jannik Vestergaard,Dinamarca,2018,3,Defensor,0,0,0,4,0,0.00,0,0,0,0,0,11
Janos Dudas,Hungría,1934,-,Mediocampista,0,0,0,2,0,0.00,0,0,0,0,0,6
Janos Dudas,Hungría,1938,-,Mediocampista,0,0,0,4,0,0.00,0,0,0,0,0,2
Janos Farkas,Hungría,1962,16,Delantero,0,0,0,4,0,0.00,0,0,0,0,0,5
Janos Farkas,Hungría,1966,10,Delantero,4,4,0,0,1,0.25,0,0,2,0,2,6
Janos Gorocs,Hungría,1962,8,Mediocampista,2,2,0,2,0,0.00,0,0,1,1,0,5
Janusz Kupcewicz,Polonia,1978,13,Defensor,0,0,0,6,0,0.00,0,0,0,0,0,5
Janusz Kupcewicz,Polonia,1982,3,Defensor,5,5,0,2,1,0.20,0,0,3,1,1,3
Jaouhar Mnari,Túnez,2006,12,Mediocampista,3,3,0,0,1,0.33,1,0,0,1,2,24
Jared Borgetti,México,2002,9,Delantero,4,4,0,0,2,0.50,0,0,2,1,1,11
Jared Borgetti,México,2006,9,Delantero,2,2,0,2,0,0.00,0,0,1,0,1,15
Jaromir Blazek,República Checa,2006,16,Arquero,0,0,0,3,0,0.00,0,0,0,0,0,20
Jaroslav Borovicka,Checoslovaquia,1958,10,Delantero,3,3,0,1,0,0.00,0,0,1,0,2,9
Jaroslav Borovicka,Checoslovaquia,1962,20,Delantero,0,0,0,6,0,0.00,0,0,0,0,0,2
Jaroslav Boucek,Checoslovaquia,1934,-,Mediocampista,0,0,0,4,0,0.00,0,0,0,0,0,2
Jaroslav Boucek,Checoslovaquia,1938,-,Mediocampista,3,3,0,0,0,0.00,0,0,1,1,1,5
Jaroslav Burgr,Checoslovaquia,1934,-,Defensor,1,1,0,3,0,0.00,0,0,1,0,0,2
Jaroslav Burgr,Checoslovaquia,1938,-,Defensor,3,3,1,0,0,0.00,0,0,1,1,1,5
Jaroslav Kosnar,Checoslovaquia,1954,19,Delantero,0,0,0,2,0,0.00,0,0,0,0,0,14
Jaroslav Plasil,República Checa,2006,20,Mediocampista,3,3,0,0,0,0.00,0,0,1,0,2,20
Jaroslav Pollak,Checoslovaquia,1970,17,Mediocampista,1,1,0,2,0,0.00,0,0,0,0,1,15
Jasem Sultan,Kuwait,1982,9,Delantero,2,2,0,1,0,0.00,0,0,0,1,1,21
Jasmin Fejzic,Bosnia-Herzegovina,2014,12,Arquero,0,0,0,3,0,0.00,0,0,0,0,0,20
Jasmin Handanovic,Eslovenia,2010,12,Arquero,0,0,0,3,0,0.00,0,0,0,0,0,18
Jason Culina,Australia,2006,5,Mediocampista,4,4,0,0,0,0.00,1,0,1,1,2,16
Jason Culina,Australia,2010,5,Mediocampista,3,3,0,0,0,0.00,0,0,1,1,1,21
Jason Cummings,Australia,2022,25,Delantero,1,0,0,3,0,0.00,0,0,0,0,1,11
Jason Davidson,Australia,2014,3,Defensor,3,3,0,0,0,0.00,0,0,0,0,3,30
Jason Mcateer,Irlanda,1994,21,Mediocampista,4,1,0,0,0,0.00,0,0,1,1,2,16
Jason Mcateer,Irlanda,2002,7,Mediocampista,2,1,0,2,0,0.00,1,0,1,1,0,12
Jason Scotland,Trinidad y Tobago,2006,20,Delantero,0,0,0,3,0,0.00,0,0,0,0,0,27
Jasper Cillessen,Paises Bajos,2014,1,Arquero,7,7,0,0,0,0.00,0,0,5,2,0,3
Jassem Bahman,Kuwait,1982,22,Arquero,0,0,0,3,0,0.00,0,0,0,0,0,21
Jassem Gaber,Catar,2022,25,Mediocampista,0,0,0,3,0,0.00,0,0,0,0,0,32
Jau,Brasil,1938,-,Defensor,1,1,0,4,0,0.00,0,0,1,0,0,3
Javad Kazemeian,Irán,2006,17,Delantero,0,0,0,3,0,0.00,0,0,0,0,0,26
Javad Nekounam,Irán,2006,6,Mediocampista,2,2,0,1,0,0.00,2,0,0,0,2,26
Javad Nekounam,Irán,2014,6,Mediocampista,3,3,3,0,0,0.00,1,0,0,1,2,28
Javad Zarincheh,Irán,1998,17,Defensor,3,3,0,0,0,0.00,1,0,1,0,2,20
Javier Aguirre,México,1986,13,Delantero,5,5,0,0,0,0.00,1,1,3,2,0,6
Javier Ambrois,Uruguay,1954,19,Delantero,4,4,0,1,1,0.25,0,0,3,0,1,4
Javier Aquino,México,2014,20,Mediocampista,1,0,0,3,0,0.00,0,0,0,0,1,10
Javier Aquino,México,2018,20,Mediocampista,0,0,0,4,0,0.00,0,0,0,0,0,12
Javier Cardenas,México,1978,16,Mediocampista,1,1,0,2,0,0.00,0,0,0,0,1,16
Javier Fragoso,México,1966,10,Delantero,1,1,0,2,0,0.00,0,0,0,1,0,12
Javier Fragoso,México,1970,21,Delantero,4,4,0,0,1,0.25,0,0,2,1,1,6
Javier Gonzales,Perú,1970,15,Defensor,1,0,0,3,0,0.00,0,0,1,0,0,7
Javier Guzman,México,1970,14,Defensor,4,4,0,0,0,0.00,0,0,2,1,1,6
Javier Hernandez,México,2010,14,Delantero,4,1,0,0,2,0.50,1,0,1,1,2,14
Javier Hernandez,México,2014,14,Delantero,4,0,0,0,1,0.25,0,0,2,1,1,10
Javier Hernandez,México,2018,14,Delantero,4,4,0,0,1,0.25,0,0,2,0,2,12
Javier Hernandez,México,1986,19,Delantero,0,0,0,5,0,0.00,0,0,0,0,0,6
Javier Margas,Chile,1998,5,Defensor,4,4,0,0,0,0.00,0,0,0,3,1,16
Javi Martinez,España,2010,20,Mediocampista,1,0,0,6,0,0.00,0,0,1,0,0,1
Javi Martinez,España,2014,4,Mediocampista,1,1,0,2,0,0.00,0,0,0,0,1,23
Javier Mascherano,Argentina,2006,8,Mediocampista,5,5,0,0,0,0.00,2,0,3,2,0,6
Javier Mascherano,Argentina,2010,14,Mediocampista,4,4,4,1,0,0.00,2,0,3,0,1,5
Javier Mascherano,Argentina,2014,14,Mediocampista,7,7,0,0,0,0.00,1,0,5,1,1,2
Javier Mascherano,Argentina,2018,14,Mediocampista,4,4,0,0,0,0.00,2,0,1,1,2,16
Javier Pastore,Argentina,2010,23,Mediocampista,3,0,0,2,0,0.00,0,0,2,0,1,5
Javier Saviola,Argentina,2006,7,Delantero,3,3,0,2,1,0.33,1,0,3,0,0,6
Javier Toledo,Honduras,1982,8,Mediocampista,0,0,0,3,0,0.00,0,0,0,0,0,18
Javier Valdivia,México,1970,19,Delantero,4,4,0,0,2,0.50,1,0,2,1,1,6
Javier Vargas,México,1966,22,Arquero,0,0,0,3,0,0.00,0,0,0,0,0,12
Javier Zanetti,Argentina,1998,22,Defensor,5,5,0,0,1,0.20,0,0,3,1,1,6
Javier Zanetti,Argentina,2002,8,Mediocampista,3,3,0,0,0,0.00,0,0,1,1,1,18
Jawad Allahwardi,Irán,1978,5,Defensor,1,1,0,2,0,0.00,0,0,0,0,1,14
Jawad El-Yamiq,Marruecos,2022,18,Defensor,6,3,0,1,0,0.00,0,0,3,1,2,4
Jay Demerit,Estados Unidos,2010,15,Defensor,4,4,0,0,0,0.00,1,0,1,2,1,12
Jay Jay Okocha,Nigeria,1994,10,Mediocampista,3,1,0,1,0,0.00,0,0,1,0,2,9
Jay Jay Okocha,Nigeria,1998,10,Mediocampista,3,3,0,1,0,0.00,2,0,2,0,1,12
Jay Jay Okocha,Nigeria,2002,10,Mediocampista,3,3,3,0,0,0.00,0,0,0,1,2,27
Jean-Alain Boumsong,Francia,2006,2,Defensor,0,0,0,7,0,0.00,0,0,0,0,0,2
Jean Bastien,Francia,1938,-,Mediocampista,2,2,0,0,0,0.00,0,0,1,0,1,8
Jean Beausejour,Chile,2010,15,Delantero,4,4,0,0,1,0.25,0,0,2,0,2,10
Jean Beausejour,Chile,2014,15,Mediocampista,2,0,0,2,1,0.50,0,0,1,0,1,9
Jean Brichaut,Bélgica,1934,-,Delantero,0,0,0,1,0,0.00,0,0,0,0,0,15
Jean Capelle,Bélgica,1934,-,Delantero,1,1,0,0,0,0.00,0,0,0,0,1,15
Jean Capelle,Bélgica,1938,-,Delantero,0,0,0,1,0,0.00,0,0,0,0,0,13
Jean Castaneda,Francia,1982,21,Arquero,1,1,0,6,0,0.00,0,0,0,0,1,4
Jean-Charles Castelletto,Camerún,2022,21,Defensor,2,2,0,1,1,0.50,0,0,0,1,1,19
Jean Claessens,Bélgica,1934,-,Mediocampista,1,1,0,0,0,0.00,0,0,0,0,1,15
Jean Claude Desir,Haití,1974,8,Mediocampista,3,3,0,0,0,0.00,0,0,0,0,3,15
Jean Claude Pagal,Camerún,1990,13,Mediocampista,3,1,0,2,0,0.00,0,0,1,0,2,7
Jean Claude Piumi,Francia,1966,18,Mediocampista,0,0,0,3,0,0.00,0,0,0,0,0,13
Jean-Claude Schindelholz,Suiza,1966,17,Delantero,1,1,0,2,0,0.00,0,0,0,0,1,16
Jean-Daniel Akpa-Akpro,Costa de Marfil,2014,7,Defensor,0,0,0,3,0,0.00,0,0,0,0,0,21
Jean De Bie,Bélgica,1930,-,Arquero,0,0,0,2,0,0.00,0,0,0,0,0,11
Jean De Clerq,Bélgica,1930,-,Mediocampista,1,1,0,1,0,0.00,0,0,0,0,1,11
Jean Djorkaeff,Francia,1966,12,Defensor,3,3,0,0,0,0.00,0,0,0,1,2,13
Jean Fievez,Bélgica,1938,-,Delantero,0,0,0,1,0,0.00,0,0,0,0,0,13
Jean Francois De Sart,Bélgica,1990,15,Defensor,0,0,0,4,0,0.00,0,0,0,0,0,11
Jean-Francois Larios,Francia,1982,13,Mediocampista,2,2,0,5,0,0.00,0,0,0,0,2,4
Jean-Hubert Austin,Haití,1974,19,Mediocampista,0,0,0,3,0,0.00,0,0,0,0,0,15
Jean Jacques Gosso,Costa de Marfil,2010,12,Mediocampista,0,0,0,3,0,0.00,0,0,0,0,0,17
Jean-Jacques Marcel,Francia,1954,12,Mediocampista,2,2,0,0,0,0.00,0,0,1,0,1,9
Jean-Jacques Marcel,Francia,1958,12,Mediocampista,5,5,0,1,0,0.00,0,0,4,0,1,3
Jean-Jacques Tizie,Costa de Marfil,2006,1,Arquero,2,2,0,1,0,0.00,0,0,0,0,2,19
Jean Laurent,Francia,1930,-,Mediocampista,0,0,0,3,0,0.00,0,0,0,0,0,7
Jean-Luc Ettori,Francia,1982,22,Arquero,6,6,0,1,0,0.00,0,0,3,2,1,4
Jean-Maire Trappeniers,Bélgica,1970,12,Arquero,0,0,0,3,0,0.00,0,0,0,0,0,10
Jean Makoun,Camerún,2010,11,Mediocampista,3,2,0,0,0,0.00,0,0,0,0,3,31
Jean Makoun,Camerún,2014,11,Mediocampista,1,0,0,2,0,0.00,0,0,0,0,1,32
Jean-Marc Ferreri,Francia,1986,11,Mediocampista,4,1,0,3,1,0.25,0,0,3,1,0,3
Jean-Marc Guillou,Francia,1978,10,Mediocampista,1,1,0,2,0,0.00,0,0,0,0,1,12
Jean-Marie Pfaff,Bélgica,1982,1,Arquero,3,3,0,2,0,0.00,1,0,2,1,0,10
Jean-Marie Pfaff,Bélgica,1986,1,Arquero,7,7,0,0,0,0.00,1,0,2,2,3,4
Jean Nicolas,Francia,1934,-,Delantero,1,1,0,0,1,1.00,0,0,0,0,1,9
Jean Nicolas,Francia,1938,-,Delantero,2,2,0,0,2,1.00,0,0,1,0,1,8
Jean Onana,Camerún,1982,5,Defensor,3,3,0,0,0,0.00,0,0,0,3,0,17
Jean-Paul Abalo,Togo,2006,3,Defensor,2,2,2,1,0,0.00,0,1,0,0,2,30
Jean-Paul Bertrand-Demanes,Francia,1978,21,Arquero,2,2,0,1,0,0.00,0,0,0,0,2,12
Jean Petit,Francia,1978,13,Mediocampista,1,1,0,2,0,0.00,0,0,1,0,0,12
Jean Petit,Bélgica,1938,-,Defensor,0,0,0,1,0,0.00,0,0,0,0,0,13
Jean Pierre Fiala Fiala,Camerún,1994,18,Mediocampista,0,0,0,3,0,0.00,0,0,0,0,0,22
Jean-Pierre Nsame,Camerún,2022,9,Delantero,0,0,0,3,0,0.00,0,0,0,0,0,19
Jean-Pierre Papin,Francia,1986,17,Delantero,4,4,0,3,2,0.50,0,0,3,1,0,3
Jean-Pierre Tokoto,Camerún,1982,10,Delantero,3,1,0,0,0,0.00,0,0,0,3,0,17
Jean Tamini,Suiza,1950,-,Delantero,3,3,0,0,0,0.00,0,0,1,1,1,6
Jean Thissen,Bélgica,1970,3,Defensor,3,3,0,0,0,0.00,1,0,1,0,2,10
Jean Tigana,Francia,1982,14,Mediocampista,5,4,0,2,0,0.00,1,0,2,1,2,4
Jean Tigana,Francia,1986,14,Mediocampista,7,7,0,0,1,0.14,0,0,4,2,1,3
Jean Van Steen,Bélgica,1954,21,Mediocampista,0,0,0,2,0,0.00,0,0,0,0,0,12
Jean Vincent,Francia,1954,22,Delantero,2,2,0,0,1,0.50,0,0,1,0,1,9
Jean Vincent,Francia,1958,21,Delantero,6,6,0,0,1,0.17,0,0,4,0,2,3
Jeff Agoos,Estados Unidos,1998,12,Defensor,0,0,0,3,0,0.00,0,0,0,0,0,32
Jeff Agoos,Estados Unidos,2002,12,Defensor,3,3,0,2,0,0.00,1,0,1,1,1,8
Jeff Astle,Inglaterra,1970,22,Delantero,2,1,0,2,0,0.00,0,0,1,0,1,8
Jeff Van Der Linden,Bélgica,1954,18,Defensor,0,0,0,2,0,0.00,0,0,0,0,0,12
Jefferson,Brasil,2014,1,Arquero,0,0,0,7,0,0.00,0,0,0,0,0,4
Jefferson Farfán,Perú,2018,10,Delantero,2,1,0,1,0,0.00,0,0,0,0,2,20
Jefferson Lerma,Colombia,2018,16,Mediocampista,4,2,0,0,0,0.00,0,0,2,1,1,9
Jefferson Montero,Ecuador,2014,7,Mediocampista,3,3,0,0,0,0.00,1,0,1,1,1,17
Jehoshua Faigenbaum,Israel,1970,9,Delantero,3,3,0,0,0,0.00,0,0,0,2,1,12
Jeno Buzanszky,Hungría,1954,2,Defensor,5,5,0,0,0,0.00,0,0,4,0,1,2
Jeno Vincze,Hungría,1934,-,Delantero,1,1,0,1,1,1.00,0,0,1,0,0,6
Jeno Vincze,Hungría,1938,-,Delantero,2,2,0,2,0,0.00,0,0,1,0,1,2
Jens Bertelsen,Dinamarca,1986,12,Defensor,3,3,0,1,0,0.00,0,0,2,0,1,9
Jens Jeremies,Alemania,1998,13,Mediocampista,3,3,0,2,0,0.00,1,0,1,1,1,7
Jens Jeremies,Alemania,2002,16,Mediocampista,7,2,0,0,0,0.00,1,0,5,1,1,2
Jens Lehmann,Alemania,1998,22,Arquero,0,0,0,5,0,0.00,0,0,0,0,0,7
Jens Lehmann,Alemania,2002,12,Arquero,0,0,0,7,0,0.00,0,0,0,0,0,2
Jens Lehmann,Alemania,2006,1,Arquero,6,6,0,1,0,0.00,0,0,4,1,1,3
Jens Nowotny,Alemania,2006,6,Defensor,1,1,0,6,0,0.00,0,0,1,0,0,3
Jens Stryger Larsen,Dinamarca,2018,17,Defensor,3,3,0,1,0,0.00,0,0,1,2,0,11
Jens Stryger Larsen,Dinamarca,2022,17,Defensor,0,0,0,3,0,0.00,0,0,0,0,0,28
Jeong-Ho Hong,Corea del Sur,2014,20,Defensor,3,3,0,0,0,0.00,1,0,0,1,2,27
Jeong Woon Ko,Corea del Sur,1994,10,Mediocampista,3,3,0,0,0,0.00,1,0,0,2,1,20
Jeremain Lens,Paises Bajos,2014,17,Delantero,4,1,0,3,0,0.00,0,0,3,1,0,3
Jeremie Frimpong,Paises Bajos,2022,26,Defensor,0,0,0,5,0,0.00,0,0,0,0,0,5
Jeremy Brockie,Nueva Zelanda,2010,22,Delantero,1,0,0,2,0,0.00,0,0,0,1,0,22
Jeremy Christie,Nueva Zelanda,2010,21,Mediocampista,2,0,0,1,0,0.00,0,0,0,2,0,22
Jeremy Doku,Bélgica,2022,25,Delantero,1,0,0,2,0,0.00,0,0,0,1,0,23
Jeremy Sarmiento,Ecuador,2022,16,Mediocampista,3,0,0,0,0,0.00,0,0,1,1,1,18
Jeremy Toulalan,Francia,2010,14,Mediocampista,2,2,0,1,0,0.00,2,0,0,1,1,29
Jerko Leko,Croacia,2006,16,Mediocampista,2,0,0,1,0,0.00,0,0,0,1,1,22
Jermain Defoe,Inglaterra,2010,19,Delantero,3,2,0,1,1,0.33,0,0,1,1,1,13
Jermaine Jenas,Inglaterra,2006,17,Mediocampista,0,0,0,5,0,0.00,0,0,0,0,0,7
Jermaine Jones,Estados Unidos,2014,13,Mediocampista,4,4,0,0,1,0.25,1,0,1,1,2,15
Jérôme Boateng,Alemania,2010,20,Defensor,5,5,0,2,0,0.00,0,0,4,0,1,3
Jérôme Boateng,Alemania,2014,20,Defensor,7,7,0,0,0,0.00,0,0,6,1,0,1
Jérôme Boateng,Alemania,2018,17,Defensor,2,2,0,1,0,0.00,0,1,1,0,1,22
Jerome Ngom Mbekeli,Camerún,2022,2,Delantero,1,0,0,2,0,0.00,0,0,1,0,0,19
Jerry Bengtson,Honduras,2014,11,Delantero,3,3,0,0,0,0.00,1,0,0,0,3,31
Jerry Sikhosana,Sudáfrica,1998,14,Delantero,1,0,0,2,0,0.00,0,0,0,1,0,24
Jervis Drummond,Costa Rica,2002,2,Defensor,0,0,0,3,0,0.00,0,0,0,0,0,19
Jervis Drummond,Costa Rica,2006,2,Defensor,2,1,0,1,0,0.00,0,0,0,0,2,31
Jerzy Dudek,Polonia,2002,1,Arquero,2,2,0,1,0,0.00,0,0,0,0,2,25
Jerzy Gorgon,Polonia,1974,6,Defensor,7,7,0,0,1,0.14,1,0,6,0,1,3
Jerzy Gorgon,Polonia,1978,6,Defensor,5,5,0,1,0,0.00,1,0,3,1,1,5
Jes Hogh,Dinamarca,1998,4,Defensor,5,5,0,0,0,0.00,1,0,2,1,2,8
Jesper Blomqvist,Suecia,1994,21,Mediocampista,2,1,0,5,0,0.00,0,0,0,2,0,3
Jesper Christiansen,Dinamarca,2002,22,Arquero,0,0,0,4,0,0.00,0,0,0,0,0,10
Jesper Christiansen,Dinamarca,2010,22,Arquero,0,0,0,3,0,0.00,0,0,0,0,0,24
Jesper Gronkjaer,Dinamarca,2002,8,Delantero,4,3,0,0,0,0.00,0,0,2,1,1,10
Jesper Gronkjaer,Dinamarca,2010,8,Delantero,2,1,0,1,0,0.00,0,0,1,0,1,24
Jesper Lindstrom,Dinamarca,2022,25,Mediocampista,3,2,0,0,0,0.00,0,0,0,1,2,28
Jesper Olsen,Dinamarca,1986,8,Mediocampista,4,3,0,0,3,0.75,0,0,3,0,1,9
Jesse Lingard,Inglaterra,2018,7,Mediocampista,6,5,0,1,1,0.17,1,0,3,1,2,4
Jesus Arellano,México,1998,21,Delantero,4,0,0,0,0,0.00,0,0,1,2,1,13
Jesus Arellano,México,2002,21,Delantero,3,3,0,1,0,0.00,1,0,1,1,1,11
Jesus Arellano,México,2006,21,Delantero,1,0,0,3,0,0.00,0,0,0,1,0,15
Jesus Bermudez,Bolivia,1930,-,Arquero,2,2,0,0,0,0.00,0,0,0,0,2,12
Jesus Castro,México,1930,-,Delantero,0,0,0,3,0,0.00,0,0,0,0,0,13
José de Jesús Corona,México,2006,12,Arquero,0,0,0,4,0,0.00,0,0,0,0,0,15
José de Jesús Corona,México,2014,1,Arquero,0,0,0,4,0,0.00,0,0,0,0,0,10
José de Jesús Corona,México,2018,1,Arquero,0,0,0,4,0,0.00,0,0,0,0,0,12
Jesus Del Muro,México,1958,2,Defensor,3,3,0,0,0,0.00,0,0,0,1,2,16
Jesus Del Muro,México,1962,2,Defensor,3,3,0,0,0,0.00,0,0,1,0,2,11
Jesus Del Muro,México,1966,4,Defensor,1,1,0,2,0,0.00,0,0,0,0,1,12
Jesus Ferreira,Estados Unidos,2022,9,Delantero,1,1,0,3,0,0.00,0,0,0,0,1,14
Jesús Gallardo,México,2018,23,Mediocampista,4,4,0,0,0,0.00,1,0,2,0,2,12
Jesús Gallardo,México,2022,23,Defensor,3,3,0,0,0,0.00,0,0,1,1,1,22
Jesus Glaria,España,1966,6,Mediocampista,1,1,0,2,0,0.00,1,0,0,0,1,10
Jesus Goyzueta,Perú,1970,21,Arquero,0,0,0,4,0,0.00,0,0,0,0,0,7
Jesús Manuel Corona,México,2018,17,Delantero,2,0,0,2,0,0.00,0,0,1,0,1,12
Jesus Martinez,México,1978,12,Defensor,2,2,0,1,0,0.00,0,0,0,0,2,16
Jesus Navas,España,2010,22,Delantero,3,1,0,4,0,0.00,0,0,2,0,1,1
Jesus Satrustegui,España,1982,9,Delantero,4,4,0,1,0,0.00,0,0,1,2,1,12
Jesus Zamora,España,1982,10,Mediocampista,4,4,0,1,1,0.25,1,0,1,2,1,12
Jewison Bennette,Costa Rica,2022,9,Mediocampista,3,1,0,0,0,0.00,0,0,1,0,2,27
Jhegson Méndez,Ecuador,2022,20,Mediocampista,2,2,0,1,0,0.00,2,0,1,1,0,18
Johnny Palacios,Honduras,2010,4,Defensor,0,0,0,3,0,0.00,0,0,0,0,0,30
Ji Hoon Baek,Corea del Sur,2006,15,Mediocampista,0,0,0,3,0,0.00,0,0,0,0,0,17
Ji Sung Kim,Corea del Sur,1954,15,Mediocampista,1,1,0,1,0,0.00,0,0,0,0,1,16
Ji Sung Park,Corea del Sur,2002,21,Mediocampista,7,7,0,0,1,0.14,1,0,3,2,2,4
Ji Sung Park,Corea del Sur,2006,7,Mediocampista,3,3,0,0,1,0.33,0,0,1,1,1,17
Ji Sung Park,Corea del Sur,2010,7,Mediocampista,4,4,4,0,1,0.25,0,0,1,1,2,15
Jiayi Shao,China,2002,6,Mediocampista,2,0,0,1,0,0.00,0,1,0,0,2,31
Jihai Sun,China,2002,7,Defensor,1,1,0,2,0,0.00,0,0,0,0,1,31
Jilali Fadili,Marruecos,1970,13,Defensor,2,1,0,1,0,0.00,0,0,0,1,1,14
Jim Bett,Escocia,1986,10,Mediocampista,0,0,0,3,0,0.00,0,0,0,0,0,19
Jim Bett,Escocia,1990,8,Mediocampista,1,1,0,2,0,0.00,0,0,0,0,1,18
Jim Brown,Estados Unidos,1930,-,Delantero,3,3,0,0,1,0.33,0,0,2,0,1,3
Jim Cleary,Irlanda del Norte,1982,20,Mediocampista,0,0,0,5,0,0.00,0,0,0,0,0,9
Jim Gentle,Estados Unidos,1930,-,Delantero,0,0,0,3,0,0.00,0,0,0,0,0,3
Jim Leighton,Escocia,1982,22,Arquero,0,0,0,3,0,0.00,0,0,0,0,0,15
Jim Leighton,Escocia,1986,1,Arquero,3,3,0,0,0,0.00,0,0,0,1,2,19
Jim Leighton,Escocia,1990,1,Arquero,3,3,0,0,0,0.00,0,0,1,0,2,18
Jim Leighton,Escocia,1998,1,Arquero,3,3,0,0,0,0.00,0,0,0,1,2,27
Jim Platt,Irlanda del Norte,1982,17,Arquero,1,1,0,4,0,0.00,0,0,0,1,0,9
Jim Platt,Irlanda del Norte,1986,12,Arquero,0,0,0,3,0,0.00,0,0,0,0,0,21
Jim Stewart,Escocia,1974,13,Arquero,0,0,0,3,0,0.00,0,0,0,0,0,9
Jim Taylor,Inglaterra,1950,-,Defensor,0,0,0,3,0,0.00,0,0,0,0,0,8
Jimmy Armfield,Inglaterra,1962,2,Defensor,4,4,0,0,0,0.00,0,0,1,1,2,8
Jimmy Armfield,Inglaterra,1966,14,Defensor,0,0,0,6,0,0.00,0,0,0,0,0,1
Jimmy Banks,Estados Unidos,1990,4,Defensor,2,2,0,1,0,0.00,2,0,0,0,2,23
Jimmy Binning,Escocia,1954,19,Delantero,0,0,0,2,0,0.00,0,0,0,0,0,15
Jimmy Blyth,Escocia,1978,12,Arquero,0,0,0,3,0,0.00,0,0,0,0,0,11
Jimmy Conrad,Estados Unidos,2006,13,Defensor,2,1,0,1,0,0.00,0,0,0,1,1,25
Jimmy Davidson,Escocia,1954,6,Defensor,2,2,0,0,0,0.00,0,0,0,0,2,15
Jimmy Dickinson,Inglaterra,1950,-,Mediocampista,3,3,0,0,0,0.00,0,0,1,0,2,8
Jimmy Dickinson,Inglaterra,1954,6,Mediocampista,3,3,0,0,0,0.00,0,0,1,1,1,7
Jimmy Douglas,Estados Unidos,1930,-,Arquero,3,3,0,0,0,0.00,0,0,2,0,1,3
Jimmy Durmaz,Suecia,2018,21,Mediocampista,1,0,0,4,0,0.00,0,0,0,0,1,7
Jimmy Floyd Hasselbaink,Paises Bajos,1998,21,Delantero,2,1,0,5,0,0.00,0,0,0,2,0,4
Jimmy Gallagher,Estados Unidos,1930,-,Mediocampista,3,3,0,0,0,0.00,0,0,2,0,1,3
Jimmy Gallagher,Estados Unidos,1934,-,Mediocampista,0,0,0,1,0,0.00,0,0,0,0,0,16
Jimmy Greaves,Inglaterra,1962,8,Delantero,4,4,0,0,1,0.25,0,0,1,1,2,8
Jimmy Greaves,Inglaterra,1966,8,Delantero,3,3,0,3,0,0.00,0,0,2,1,0,1
Jimmy Johnstone,Escocia,1974,7,Mediocampista,0,0,0,3,0,0.00,0,0,0,0,0,9
Jimmy Mackay,Australia,1974,8,Mediocampista,3,3,0,0,0,0.00,1,0,0,1,2,14
Jimmy Mcilroy,Irlanda del Norte,1958,10,Mediocampista,5,5,0,0,0,0.00,0,0,2,1,2,7
Jimmy Milisavljevic,Australia,1974,21,Arquero,0,0,0,3,0,0.00,0,0,0,0,0,14
Jimmy Mullen,Inglaterra,1950,-,Delantero,2,2,0,1,0,0.00,0,0,1,0,1,8
Jimmy Mullen,Inglaterra,1954,17,Delantero,1,1,0,2,1,1.00,0,0,1,0,0,7
Jimmy Murray,Escocia,1958,16,Delantero,2,2,0,1,1,0.50,0,0,0,1,1,14
Jimmy Nicholl,Irlanda del Norte,1982,2,Defensor,5,5,0,0,0,0.00,0,0,1,3,1,9
Jimmy Nicholl,Irlanda del Norte,1986,2,Defensor,3,3,0,0,0,0.00,0,0,0,1,2,21
Jimmy Rooney,Australia,1974,7,Mediocampista,3,3,0,0,0,0.00,0,0,0,1,2,14
Jimmy Steward,Honduras,1982,22,Arquero,0,0,0,3,0,0.00,0,0,0,0,0,18
Jin Cheul Choi,Corea del Sur,2002,4,Defensor,6,6,0,1,0,0.00,1,0,3,2,1,4
Jin Cheul Choi,Corea del Sur,2006,4,Defensor,3,3,0,0,0,0.00,1,0,1,1,1,17
Jin Ho Cho,Corea del Sur,1994,15,Mediocampista,1,1,0,2,0,0.00,0,0,0,0,1,20
Jin-hyeon Kim,Corea del Sur,2018,21,Arquero,0,0,0,3,0,0.00,0,0,0,0,0,19
Jin Jiang,China,2002,22,Arquero,3,3,1,0,0,0.00,0,0,0,0,3,31
Jin Kyu Kim,Corea del Sur,2006,6,Defensor,2,2,0,1,0,0.00,1,0,1,0,1,17
Jin-su Kim,Corea del Sur,2022,3,Defensor,4,4,0,0,0,0.00,0,0,1,1,2,16
Jiri Cadek,Checoslovaquia,1958,3,Mediocampista,1,1,0,3,0,0.00,0,0,0,0,1,9
Jiri Feureisl,Checoslovaquia,1958,14,Delantero,3,3,0,1,1,0.33,0,0,1,1,1,9
Jiri Hledik,Checoslovaquia,1954,13,Mediocampista,1,1,0,1,0,0.00,0,0,0,0,1,14
Jiri Nemec,Checoslovaquia,1990,13,Mediocampista,0,0,0,5,0,0.00,0,0,0,0,0,6
Jiri Pesek,Checoslovaquia,1954,11,Delantero,1,1,0,1,0,0.00,0,0,0,0,1,14
Jiri Sobotka,Checoslovaquia,1934,-,Delantero,4,4,0,0,0,0.00,0,0,3,0,1,2
Jiri Stajner,República Checa,2006,17,Mediocampista,3,0,0,0,0,0.00,0,0,1,0,2,20
Jiri Tichy,Checoslovaquia,1962,12,Defensor,1,1,0,5,0,0.00,0,0,0,0,1,2
Jiri Trnka,Checoslovaquia,1954,5,Defensor,2,2,0,0,0,0.00,0,0,0,0,2,14
Jo,Brasil,2014,21,Delantero,3,1,0,4,0,0.00,1,0,0,2,1,4
Jo Backaert,Bélgica,1954,19,Mediocampista,0,0,0,2,0,0.00,0,0,0,0,0,12
Joachim Andersen,Dinamarca,2022,2,Defensor,3,3,0,0,0,0.00,0,0,0,1,2,28
Joachim Bjorklund,Suecia,1994,4,Defensor,6,6,0,1,0,0.00,0,0,3,2,1,3
Joachim Fritsche,Alemania Oriental,1974,5,Defensor,0,0,0,6,0,0.00,0,0,0,0,0,6
Joachim Streich,Alemania Oriental,1974,11,Delantero,4,4,0,2,2,0.50,1,0,1,2,1,6
Joahan Rodriguez,México,2002,18,Mediocampista,3,3,0,1,0,0.00,0,0,1,1,1,11
Joakim Maehle,Dinamarca,2022,5,Defensor,3,3,0,0,0,0.00,0,0,0,1,2,28
Joakim Nilsson,Suecia,1990,14,Mediocampista,3,3,0,0,0,0.00,1,0,0,0,3,21
Joan Capdevila,España,2010,11,Defensor,7,7,0,0,0,0.00,1,0,6,0,1,1
Joan Segarra,España,1962,20,Defensor,1,1,1,2,0,0.00,0,0,0,0,1,12
João Cancelo,Portugal,2022,20,Defensor,4,3,0,1,0,0.00,0,0,2,0,2,8
João Félix,Portugal,2022,11,Delantero,4,4,0,1,1,0.25,1,0,3,0,1,8
João Mário,Portugal,2018,10,Mediocampista,4,3,0,0,0,0.00,0,0,1,2,1,13
João Mário,Portugal,2022,17,Mediocampista,2,1,0,3,0,0.00,0,0,1,0,1,8
João Moutinho,Portugal,2014,8,Mediocampista,3,3,0,0,0,0.00,1,0,1,1,1,18
João Moutinho,Portugal,2018,8,Mediocampista,3,2,0,1,0,0.00,0,0,1,2,0,13
João Palhinha,Portugal,2022,6,Mediocampista,3,0,0,2,0,0.00,0,0,2,0,1,8
João Pereira,Portugal,2014,21,Defensor,3,3,0,0,0,0.00,1,0,1,1,1,18
Joao Pinto,Portugal,2002,8,Delantero,3,3,0,0,0,0.00,0,1,1,0,2,21
Joao Pinto,Portugal,1986,2,Defensor,0,0,0,3,0,0.00,0,0,0,0,0,17
Joao Ricardo,Angola,2006,1,Arquero,3,3,0,0,0,0.00,1,0,0,2,1,23
Joao Rojas,Ecuador,2014,9,Delantero,1,0,0,2,0,0.00,0,0,0,0,1,17
Joaquin,España,2002,22,Mediocampista,2,2,0,3,0,0.00,0,0,1,1,0,5
Joaquin,España,2006,17,Mediocampista,3,1,0,1,0,0.00,0,0,2,0,1,9
Joaquin,España,1982,8,Mediocampista,1,1,0,4,0,0.00,0,0,0,1,0,12
Joaquin Arias,Cuba,1938,-,Mediocampista,3,3,0,0,0,0.00,0,0,1,1,1,7
Joaquin Del Olmo,México,1994,14,Mediocampista,3,3,0,1,0,0.00,2,0,1,1,1,13
Joaquin Peiro,España,1962,12,Delantero,2,2,0,1,1,0.50,0,0,1,0,1,12
Joaquin Peiro,España,1966,20,Delantero,2,2,0,1,0,0.00,0,0,1,0,1,10
Joaquin Ventura,El Salvador,1982,6,Mediocampista,3,3,0,0,0,0.00,0,0,0,0,3,24
Joe Allen,Gales,2022,7,Mediocampista,2,1,0,1,0,0.00,0,0,0,0,2,30
Joe Bizera,Uruguay,2002,19,Defensor,0,0,0,3,0,0.00,0,0,0,0,0,26
Joe Cole,Inglaterra,2002,19,Mediocampista,1,0,0,4,0,0.00,0,0,0,1,0,6
Joe Cole,Inglaterra,2006,11,Mediocampista,5,5,0,0,1,0.20,0,0,3,2,0,7
Joe Cole,Inglaterra,2010,11,Mediocampista,2,0,0,2,0,0.00,0,0,1,0,1,13
Joe Corrigan,Inglaterra,1982,13,Arquero,0,0,0,5,0,0.00,0,0,0,0,0,6
Joe Didulica,Croacia,2006,12,Arquero,0,0,0,3,0,0.00,0,0,0,0,0,22
Joe Gaetjens,Estados Unidos,1950,-,Delantero,3,3,0,0,1,0.33,0,0,1,0,2,10
Joe Harper,Escocia,1978,21,Mediocampista,1,0,0,2,0,0.00,0,0,0,1,0,11
Joe Hart,Inglaterra,2010,23,Arquero,0,0,0,4,0,0.00,0,0,0,0,0,13
Joe Hart,Inglaterra,2014,1,Arquero,2,2,0,1,0,0.00,0,0,0,0,2,26
Joe Jordan,Escocia,1974,9,Delantero,3,3,0,0,2,0.67,1,0,1,2,0,9
Joe Jordan,Escocia,1978,9,Delantero,3,3,0,0,1,0.33,0,0,1,1,1,11
Joe Jordan,Escocia,1982,15,Delantero,1,1,0,2,1,1.00,0,0,0,1,0,15
Joe Maca,Estados Unidos,1950,-,Defensor,3,3,0,0,1,0.33,0,0,1,0,2,10
Joe Martinelli,Estados Unidos,1934,-,Defensor,0,0,0,1,0,0.00,0,0,0,0,0,16
Joe Max Moore,Estados Unidos,1994,15,Delantero,0,0,0,4,0,0.00,0,0,0,0,0,14
Joe Max Moore,Estados Unidos,1998,9,Delantero,2,2,0,1,0,0.00,0,0,0,0,2,32
Joe Max Moore,Estados Unidos,2002,9,Delantero,2,0,0,3,0,0.00,0,0,1,0,1,8
Joe Morrell,Gales,2022,16,Mediocampista,2,0,0,1,0,0.00,0,0,0,1,1,30
Joe Rodon,Gales,2022,6,Defensor,3,3,0,0,0,0.00,1,0,0,1,2,30
Joe Scally,Estados Unidos,2022,26,Defensor,0,0,0,4,0,0.00,0,0,0,0,0,14
Joel,Brasil,1930,-,Arquero,1,1,0,1,0,0.00,0,0,0,0,1,6
Joel,Brasil,1958,17,Delantero,2,2,0,4,0,0.00,0,0,1,1,0,1
Joel Bats,Francia,1986,1,Arquero,6,6,0,1,0,0.00,0,0,3,2,1,3
Joel Camargo,Brasil,1970,17,Defensor,0,0,0,6,0,0.00,0,0,0,0,0,1
Joel Campbell,Costa Rica,2014,9,Delantero,5,5,0,0,1,0.20,0,0,2,3,0,8
Joel Campbell,Costa Rica,2018,12,Delantero,2,1,0,1,0,0.00,1,0,0,1,1,29
Joel Campbell,Costa Rica,2022,12,Delantero,3,3,0,0,0,0.00,1,0,1,0,2,27
Joel Epalle,Camerún,2002,14,Mediocampista,0,0,0,3,0,0.00,0,0,0,0,0,20
Joel King,Australia,2022,24,Defensor,0,0,0,4,0,0.00,0,0,0,0,0,11
Joel Matip,Camerún,2010,21,Mediocampista,1,1,0,2,0,0.00,0,0,0,0,1,31
Joel Matip,Camerún,2014,21,Mediocampista,2,2,0,1,1,0.50,0,0,0,0,2,32
Joel Obi,Nigeria,2018,15,Mediocampista,0,0,0,3,0,0.00,0,0,0,0,0,21
Joel Sanchez,México,1998,3,Defensor,2,2,0,2,0,0.00,0,0,0,2,0,13
Joël Veltman,Paises Bajos,2014,13,Defensor,2,0,0,5,0,0.00,0,0,2,0,0,3
Joel Waterman,Canadá,2022,26,Defensor,0,0,0,3,0,0.00,0,0,0,0,0,31
Joerg Boehme,Alemania,2002,18,Defensor,0,0,0,7,0,0.00,0,0,0,0,0,2
Joerg Heinrich,Alemania,1998,3,Defensor,5,5,0,0,0,0.00,2,0,3,1,1,7
Johan Boskamp,Paises Bajos,1978,14,Mediocampista,1,0,0,6,0,0.00,0,0,0,0,1,2
Johan Cruyff,Paises Bajos,1974,14,Delantero,7,7,7,0,3,0.43,2,0,5,1,1,2
Johan Djourou,Suiza,2006,2,Defensor,3,1,0,1,0,0.00,1,0,1,2,0,10
Johan Djourou,Suiza,2014,20,Defensor,4,4,0,0,0,0.00,1,0,2,0,2,11
Johan Djourou,Suiza,2018,20,Defensor,1,1,0,3,0,0.00,0,0,0,0,1,14
Johan Elmander,Suecia,2006,17,Delantero,2,0,0,2,0,0.00,0,0,1,1,0,14
Johan Micoud,Francia,2002,22,Mediocampista,2,1,0,1,0,0.00,0,0,0,1,1,28
Johan Mjallby,Suecia,2002,4,Defensor,4,4,4,0,0,0.00,1,0,1,2,1,13
Johan Mojica,Colombia,2018,17,Defensor,4,4,0,0,0,0.00,1,0,2,1,1,9
Johan Neeskens,Paises Bajos,1974,13,Mediocampista,7,7,0,0,5,0.71,2,0,5,1,1,2
Johan Neeskens,Paises Bajos,1978,13,Mediocampista,5,5,0,2,0,0.00,1,0,2,1,2,2
Johan Vásquez,México,2022,5,Defensor,0,0,0,3,0,0.00,0,0,0,0,0,22
Johan Venegas,Costa Rica,2018,11,Delantero,2,2,0,1,0,0.00,0,0,0,0,2,29
Johan Venegas,Costa Rica,2022,11,Delantero,1,1,0,2,0,0.00,0,0,0,0,1,27
Johan Walem,Bélgica,2002,10,Mediocampista,3,3,0,1,1,0.33,0,0,1,1,1,14
Johanan Vallach,Israel,1970,16,Defensor,2,1,0,1,0,0.00,0,0,0,1,1,12
Jóhann Berg Gudmundsson,Islandia,2018,7,Mediocampista,2,2,0,1,0,0.00,0,0,0,1,1,28
Johann Horvath,Austria,1934,-,Delantero,2,2,2,2,2,1.00,0,0,1,0,1,4
Johann Pregesbauer,Austria,1982,17,Defensor,1,1,0,4,0,0.00,0,0,0,1,0,8
Johann Riegler,Austria,1954,18,Mediocampista,0,0,0,5,0,0.00,0,0,0,0,0,3
Johann Vogel,Suiza,2006,6,Mediocampista,4,4,4,0,0,0.00,1,0,2,2,0,10
Johann Walzhofer,Austria,1934,-,Delantero,0,0,0,4,0,0.00,0,0,0,0,0,4
Johannes Devrindt,Bélgica,1970,9,Delantero,2,1,0,1,0,0.00,0,0,1,0,1,10
John Aird,Escocia,1954,3,Defensor,2,2,0,0,0,0.00,0,0,0,0,2,15
John Aldridge,Irlanda,1990,9,Delantero,5,5,0,0,0,0.00,1,0,0,4,1,8
John Aldridge,Irlanda,1994,9,Delantero,3,1,0,1,1,0.33,0,0,1,1,1,16
John Aloisi,Australia,2006,15,Delantero,4,0,0,0,1,0.25,1,0,1,1,2,16
John Alvbage,Suecia,2006,12,Arquero,0,0,0,4,0,0.00,0,0,0,0,0,14
John Anderson,Escocia,1954,14,Arquero,0,0,0,2,0,0.00,0,0,0,0,0,15
John Aston,Inglaterra,1950,-,Defensor,2,2,0,1,0,0.00,0,0,1,0,1,8
John Barnes,Inglaterra,1986,19,Mediocampista,1,0,0,4,0,0.00,0,0,0,0,1,8
John Barnes,Inglaterra,1990,11,Mediocampista,5,5,0,2,0,0.00,0,0,3,2,0,4
John Blackley,Escocia,1974,6,Defensor,1,1,0,2,0,0.00,0,0,1,0,0,9
John Bosman,Paises Bajos,1994,12,Delantero,0,0,0,5,0,0.00,0,0,0,0,0,7
John Boye,Ghana,2014,21,Defensor,3,3,0,0,0,0.00,0,0,0,1,2,25
John Anthony Brooks,Estados Unidos,2014,6,Defensor,1,0,0,3,1,1.00,0,0,1,0,0,15
John Byrne,Irlanda,1990,20,Delantero,0,0,0,5,0,0.00,0,0,0,0,0,8
John Charles,Gales,1958,9,Delantero,4,4,0,1,1,0.25,0,0,1,3,0,5
John Collins,Escocia,1990,18,Mediocampista,0,0,0,3,0,0.00,0,0,0,0,0,18
John Collins,Escocia,1998,11,Mediocampista,3,3,0,0,1,0.33,0,0,0,1,2,27
John Connelly,Inglaterra,1962,7,Delantero,0,0,0,4,0,0.00,0,0,0,0,0,8
John Connelly,Inglaterra,1966,11,Delantero,1,1,0,5,0,0.00,0,0,0,1,0,1
John Coyle,Escocia,1958,18,Delantero,0,0,0,3,0,0.00,0,0,0,0,0,14
John De Wolf,Paises Bajos,1994,21,Defensor,0,0,0,5,0,0.00,0,0,0,0,0,7
John Doyle,Estados Unidos,1990,3,Defensor,2,2,0,1,0,0.00,0,0,0,0,2,23
John Elsworthy,Gales,1958,20,Mediocampista,0,0,0,5,0,0.00,0,0,0,0,0,5
John Eriksen,Dinamarca,1986,19,Delantero,2,0,0,2,1,0.50,0,0,1,0,1,9
John Guidetti,Suecia,2018,11,Delantero,2,0,0,3,0,0.00,1,0,0,0,2,7
John Harkes,Estados Unidos,1990,6,Mediocampista,3,3,0,0,0,0.00,0,0,0,0,3,23
John Harkes,Estados Unidos,1994,6,Mediocampista,3,3,0,1,0,0.00,2,0,1,1,1,14
John Haynes,Inglaterra,1954,21,Delantero,0,0,0,3,0,0.00,0,0,0,0,0,7
John Haynes,Inglaterra,1958,10,Delantero,4,4,0,0,1,0.25,0,0,0,3,1,11
John Haynes,Inglaterra,1962,10,Delantero,4,4,4,0,0,0.00,0,0,1,1,2,8
John Heitinga,Paises Bajos,2006,14,Defensor,3,2,0,1,0,0.00,1,0,2,0,1,11
John Heitinga,Paises Bajos,2010,3,Defensor,7,7,0,0,0,0.00,1,1,6,0,1,2
John Hewie,Escocia,1958,5,Defensor,2,2,0,1,0,0.00,0,0,0,1,1,14
John Hill,Nueva Zelanda,1982,15,Defensor,1,1,0,2,0,0.00,0,0,0,0,1,23
John Jameson,Irlanda del Norte,1982,18,Mediocampista,0,0,0,5,0,0.00,0,0,0,0,0,9
John Lozano,Colombia,1994,8,Mediocampista,1,0,0,2,1,1.00,0,0,1,0,0,19
John Lozano,Colombia,1998,8,Mediocampista,3,3,0,0,0,0.00,0,0,1,0,2,21
John Mackenzie,Escocia,1954,8,Delantero,2,2,0,0,0,0.00,0,0,0,0,2,15
John Mcclelland,Irlanda del Norte,1982,12,Defensor,5,5,0,0,0,0.00,0,0,1,3,1,9
John Mcclelland,Irlanda del Norte,1986,18,Defensor,0,0,0,3,0,0.00,0,0,0,0,0,21
John Mensah,Ghana,2006,5,Defensor,4,4,0,0,0,0.00,1,0,2,0,2,13
John Mensah,Ghana,2010,5,Defensor,4,4,4,1,0,0.00,2,0,2,1,1,7
John Moshoeu,Sudáfrica,1998,10,Mediocampista,3,3,0,0,0,0.00,0,0,0,2,1,24
John Obi Mikel,Nigeria,2014,10,Mediocampista,4,4,0,0,0,0.00,1,0,1,1,2,16
John Obi Mikel,Nigeria,2018,10,Mediocampista,3,3,3,0,0,0.00,1,0,1,0,2,21
John O'Brien,Estados Unidos,2002,5,Mediocampista,5,5,0,0,1,0.20,0,0,2,1,2,8
John O'Brien,Estados Unidos,2006,5,Mediocampista,1,0,0,2,0,0.00,0,0,0,0,1,25
John Ogu,Nigeria,2018,19,Mediocampista,0,0,0,3,0,0.00,0,0,0,0,0,21
John O'Neill,Irlanda del Norte,1982,6,Defensor,1,0,0,4,0,0.00,0,0,0,0,1,9
John O'Neill,Irlanda del Norte,1986,4,Defensor,3,3,0,0,0,0.00,0,0,0,1,2,21
John Pantsil,Ghana,2006,15,Defensor,4,4,0,0,0,0.00,1,0,2,0,2,13
John Pantsil,Ghana,2010,4,Defensor,5,5,0,0,0,0.00,1,0,2,2,1,7
John Perez,Colombia,1998,18,Mediocampista,0,0,0,3,0,0.00,0,0,0,0,0,21
John Robertson,Escocia,1978,19,Delantero,1,1,0,2,0,0.00,0,0,0,1,0,11
John Robertson,Escocia,1982,11,Delantero,3,3,0,0,1,0.33,0,0,1,1,1,15
John Sheridan,Irlanda,1990,16,Mediocampista,1,0,0,4,0,0.00,0,0,0,0,1,8
John Sheridan,Irlanda,1994,10,Mediocampista,4,4,0,0,0,0.00,0,0,1,1,2,16
John Sivebaek,Dinamarca,1986,2,Defensor,2,1,0,2,0,0.00,0,0,2,0,0,9
John Souza,Estados Unidos,1950,-,Mediocampista,2,2,0,1,0,0.00,0,0,1,0,1,10
John Stollmeyer,Estados Unidos,1990,14,Mediocampista,2,1,0,1,0,0.00,0,0,0,0,2,23
John Stones,Inglaterra,2018,5,Defensor,7,7,0,0,2,0.29,1,0,3,1,3,4
John Stones,Inglaterra,2022,5,Defensor,5,5,0,0,0,0.00,0,0,3,1,1,6
John Terry,Inglaterra,2006,6,Defensor,5,5,0,0,0,0.00,2,0,3,2,0,7
John Terry,Inglaterra,2010,6,Defensor,4,4,0,0,0,0.00,0,0,1,2,1,13
John Utaka,Nigeria,2002,21,Delantero,1,1,0,2,0,0.00,0,0,0,0,1,27
John Utaka,Nigeria,2010,7,Delantero,0,0,0,3,0,0.00,0,0,0,0,0,27
John Van Alphen,Bélgica,1938,-,Mediocampista,1,1,0,0,0,0.00,0,0,0,0,1,13
John Van Loen,Paises Bajos,1990,19,Delantero,1,0,0,3,0,0.00,0,0,0,1,0,15
John Wark,Escocia,1982,10,Mediocampista,3,3,0,0,2,0.67,0,0,1,1,1,15
John Warren,Australia,1974,9,Mediocampista,1,1,0,2,0,0.00,0,0,0,0,1,14
John Watkiss,Australia,1974,18,Defensor,0,0,0,3,0,0.00,0,0,0,0,0,14
Johnny Acosta,Costa Rica,2014,2,Defensor,2,1,0,3,0,0.00,1,0,0,2,0,8
Johnny Acosta,Costa Rica,2018,2,Defensor,3,3,0,0,0,0.00,1,0,0,1,2,29
Johnny Ekstrom,Suecia,1990,18,Delantero,2,1,0,1,1,0.50,0,0,0,0,2,21
Johnny Herrera,Chile,2014,23,Arquero,0,0,0,4,0,0.00,0,0,0,0,0,9
Johnny Leoni,Suiza,2010,21,Arquero,0,0,0,3,0,0.00,0,0,0,0,0,19
Johnny Rep,Paises Bajos,1974,16,Delantero,7,7,0,0,4,0.57,2,0,5,1,1,2
Johnny Rep,Paises Bajos,1978,16,Delantero,7,6,0,0,3,0.43,1,0,3,2,2,2
Johnny Schuth,Francia,1966,22,Arquero,0,0,0,3,0,0.00,0,0,0,0,0,13
Johnny Van 'T Schip,Paises Bajos,1990,14,Mediocampista,2,2,0,2,0,0.00,0,0,0,1,1,15
Jón Dadi Bödvarsson,Islandia,2018,22,Delantero,1,1,0,2,0,0.00,0,0,0,0,1,28
Jon Dahl Tomasson,Dinamarca,2002,9,Delantero,4,4,0,0,4,1.00,1,0,2,1,1,10
Jon Dahl Tomasson,Dinamarca,2010,9,Delantero,2,2,2,1,1,0.50,0,0,1,0,1,24
Jonas Gutierrez,Argentina,2010,17,Mediocampista,3,2,0,2,0,0.00,2,0,3,0,0,5
Jonas Hector,Alemania,2018,3,Defensor,2,2,0,1,0,0.00,0,0,1,0,1,22
Jonas Hofmann,Alemania,2022,18,Mediocampista,2,0,0,1,0,0.00,0,0,0,1,1,17
Jonas Knudsen,Dinamarca,2018,5,Defensor,1,1,0,3,0,0.00,0,0,0,1,0,11
Jonas Lössl,Dinamarca,2018,16,Arquero,0,0,0,4,0,0.00,0,0,0,0,0,11
Jonas Omlin,Suiza,2022,12,Arquero,0,0,0,4,0,0.00,0,0,0,0,0,12
Jonas Thern,Suecia,1990,16,Mediocampista,2,2,1,1,0,0.00,1,0,0,0,2,21
Jonas Thern,Suecia,1994,9,Mediocampista,5,5,5,2,0,0.00,1,1,2,2,1,3
Jonas Wind,Dinamarca,2022,19,Delantero,0,0,0,3,0,0.00,0,0,0,0,0,28
Jonathan Bornstein,Estados Unidos,2010,12,Defensor,2,2,0,2,0,0.00,0,0,1,0,1,12
Jonathan David,Canadá,2022,20,Delantero,3,2,0,0,0,0.00,0,0,0,0,3,31
Jonathan de Guzmán,Paises Bajos,2014,8,Mediocampista,3,3,0,4,0,0.00,2,0,3,0,0,3
Jonathan dos Santos,México,2018,6,Mediocampista,1,0,0,3,0,0.00,0,0,0,0,1,12
Jonathan Gould,Escocia,1998,21,Arquero,0,0,0,3,0,0.00,0,0,0,0,0,27
Jonathan Mensah,Ghana,2010,8,Defensor,3,3,0,2,0,0.00,1,0,1,1,1,7
Jonathan Mensah,Ghana,2014,19,Defensor,3,3,0,0,0,0.00,0,0,0,1,2,25
Jonathan Osorio,Canadá,2022,21,Mediocampista,3,1,0,0,0,0.00,1,0,0,0,3,31
Jonathan Santana,Paraguay,2010,11,Mediocampista,2,1,0,3,0,0.00,1,0,0,1,1,8
Jonathan Spector,Estados Unidos,2010,2,Defensor,0,0,0,4,0,0.00,0,0,0,0,0,12
Jonathan Urretaviscaya,Uruguay,2018,20,Delantero,1,0,0,4,0,0.00,0,0,0,0,1,5
Jong Boo Kim,Corea del Sur,1986,7,Delantero,2,0,0,1,1,0.50,0,0,0,1,1,20
Jong-gyu Yoon,Corea del Sur,2022,2,Defensor,0,0,0,4,0,0.00,0,0,0,0,0,16
Jong Hwan Yoon,Corea del Sur,2002,17,Mediocampista,0,0,0,7,0,0.00,0,0,0,0,0,4
Jong Hyok Cha,Corea del Norte,2010,2,Defensor,3,3,0,0,0,0.00,0,0,0,0,3,32
Jong Kap Li,Corea del Sur,1954,13,Defensor,1,1,0,1,0,0.00,0,0,0,0,1,16
Jong Son Chung,Corea del Sur,1994,2,Defensor,1,0,0,2,0,0.00,0,0,0,0,1,20
Jong Soo Chung,Corea del Sur,1986,3,Defensor,1,0,0,2,0,0.00,0,0,0,0,1,20
Jong Soo Chung,Corea del Sur,1990,13,Defensor,2,1,0,1,0,0.00,0,0,0,0,2,22
Jong Soo Ko,Corea del Sur,1998,14,Mediocampista,3,1,0,0,0,0.00,1,0,0,1,2,30
Jong Uwa Lee,Corea del Sur,1994,3,Defensor,0,0,0,3,0,0.00,0,0,0,0,0,20
Jong-Woo Park,Corea del Sur,2014,15,Mediocampista,0,0,0,3,0,0.00,0,0,0,0,0,27
Jonny Magallon,México,2010,19,Defensor,0,0,0,4,0,0.00,0,0,0,0,0,14
Jonny Williams,Gales,2022,18,Mediocampista,0,0,0,3,0,0.00,0,0,0,0,0,30
Joo-Ho Park,Corea del Sur,2014,22,Defensor,0,0,0,3,0,0.00,0,0,0,0,0,27
Joo-Ho Park,Corea del Sur,2018,6,Defensor,1,1,0,2,0,0.00,0,0,0,0,1,19
Joo Sung Kim,Corea del Sur,1986,16,Delantero,3,3,0,0,0,0.00,2,0,0,1,2,20
Joo Sung Kim,Corea del Sur,1990,16,Mediocampista,3,3,0,0,0,0.00,0,0,0,0,3,22
Joo Sung Kim,Corea del Sur,1994,9,Mediocampista,3,3,0,0,0,0.00,1,0,0,2,1,20
Joop Hiele,Paises Bajos,1990,16,Arquero,0,0,0,4,0,0.00,0,0,0,0,0,15
Joop Van Nellen,Paises Bajos,1934,-,Delantero,1,1,0,0,0,0.00,0,0,0,0,1,9
Jordan Ayew,Ghana,2014,13,Delantero,3,1,0,0,0,0.00,1,0,0,1,2,25
Jordan Ayew,Ghana,2022,9,Delantero,3,2,0,0,0,0.00,0,0,1,0,2,24
Jordan Henderson,Inglaterra,2014,14,Mediocampista,2,2,0,1,0,0.00,0,0,0,0,2,26
Jordan Henderson,Inglaterra,2018,8,Mediocampista,5,5,0,2,0,0.00,1,0,3,1,1,4
Jordan Henderson,Inglaterra,2022,8,Mediocampista,4,3,0,1,1,0.25,0,0,2,1,1,6
Jordan Morris,Estados Unidos,2022,16,Delantero,2,0,0,2,0,0.00,0,0,0,1,1,14
Jordan Pickford,Inglaterra,2018,1,Arquero,7,7,0,0,0,0.00,0,0,3,1,3,4
Jordan Pickford,Inglaterra,2022,1,Arquero,5,5,0,0,0,0.00,0,0,3,1,1,6
Jordan Veretout,Francia,2022,15,Mediocampista,1,1,0,6,0,0.00,0,0,0,0,1,2
Jordi Alba,España,2014,18,Defensor,3,3,0,0,0,0.00,0,0,1,0,2,23
Jordi Alba,España,2018,18,Defensor,4,4,0,0,0,0.00,0,0,1,3,0,10
Jordi Alba,España,2022,18,Defensor,4,3,0,0,0,0.00,0,0,1,2,1,13
Jordy Clasie,Paises Bajos,2014,16,Mediocampista,2,1,0,5,0,0.00,0,0,1,1,0,3
Jorge Andrade,Portugal,2002,13,Defensor,2,0,0,1,0,0.00,0,0,0,0,2,21
Jorge Argote,Bolivia,1930,-,Mediocampista,1,1,0,1,0,0.00,0,0,0,0,1,12
Jorge Balderrama,Bolivia,1930,-,Mediocampista,2,2,0,0,0,0.00,0,0,0,0,2,12
Jorge Barrios,Uruguay,1986,8,Mediocampista,3,3,3,1,0,0.00,0,0,0,2,1,16
Jorge Battaglia,Paraguay,1986,12,Arquero,0,0,0,4,0,0.00,0,0,0,0,0,13
Jorge Bermudez,Colombia,1998,5,Defensor,3,3,0,0,0,0.00,1,0,1,0,2,21
Jorge Bolano,Colombia,1998,14,Mediocampista,1,0,0,2,0,0.00,0,0,1,0,0,21
Jorge Borelli,Argentina,1994,15,Defensor,0,0,0,4,0,0.00,0,0,0,0,0,10
Jorge Burruchaga,Argentina,1986,7,Mediocampista,7,7,0,0,2,0.29,0,0,6,1,0,1
Jorge Burruchaga,Argentina,1990,7,Mediocampista,7,7,0,0,1,0.14,1,0,2,3,2,2
Jorge Campos,México,1994,1,Arquero,4,4,0,0,0,0.00,1,0,1,2,1,13
Jorge Campos,México,1998,1,Arquero,4,4,0,0,0,0.00,0,0,1,2,1,13
Jorge Campos,México,2002,23,Arquero,0,0,0,4,0,0.00,0,0,0,0,0,11
Jorge Campos,Paraguay,1998,21,Delantero,3,3,0,1,0,0.00,0,0,0,2,1,14
Jorge Campos,Paraguay,2002,11,Delantero,4,1,0,0,1,0.25,0,0,1,1,2,16
Jorge Carrascosa,Argentina,1974,7,Defensor,2,1,0,4,0,0.00,0,0,0,1,1,8
Jorge Claros,Honduras,2014,20,Mediocampista,3,2,0,0,0,0.00,0,0,0,0,3,31
Jorge Costa,Portugal,2002,2,Defensor,3,3,0,0,0,0.00,2,0,1,0,2,21
Jorge Da Silva,Uruguay,1986,9,Delantero,3,2,0,1,0,0.00,2,0,0,1,2,16
Jorge Fucile,Uruguay,2010,4,Defensor,5,5,0,2,0,0.00,2,0,3,1,1,4
Jorge Fucile,Uruguay,2014,4,Defensor,1,0,0,3,0,0.00,0,0,1,0,0,12
Jorge Gongora,Perú,1930,-,Delantero,0,0,0,2,0,0.00,0,0,0,0,0,10
Jorge Gonzalez,El Salvador,1982,11,Delantero,3,3,0,0,0,0.00,0,0,0,0,3,24
Jorge Guagua,Ecuador,2006,2,Defensor,3,1,0,1,0,0.00,0,0,2,0,1,12
Jorge Guagua,Ecuador,2014,2,Defensor,3,3,0,0,0,0.00,0,0,1,1,1,17
Jorge Guasch,Paraguay,1986,16,Mediocampista,4,1,0,0,0,0.00,0,0,1,2,1,13
Jorge Manicera,Uruguay,1966,3,Defensor,4,4,0,0,0,0.00,0,0,1,2,1,7
Jorge Martins,Portugal,1986,12,Arquero,0,0,0,3,0,0.00,0,0,0,0,0,17
Jorge Mendonca,Brasil,1978,19,Delantero,6,4,0,1,0,0.00,1,0,4,2,0,3
Jorge Núñez,Paraguay,2006,2,Defensor,3,2,0,0,0,0.00,1,0,1,0,2,18
Jorge Núñez,Paraguay,1986,6,Mediocampista,4,4,0,0,0,0.00,1,0,1,2,1,13
Jorge Olaechea,Perú,1982,16,Defensor,3,3,0,0,0,0.00,0,0,0,2,1,20
Jorge Olguin,Argentina,1978,15,Defensor,7,7,0,0,0,0.00,0,0,5,1,1,1
Jorge Olguin,Argentina,1982,14,Defensor,5,5,0,0,0,0.00,1,0,2,0,3,11
Jorge Otero,España,1994,3,Defensor,2,1,0,3,0,0.00,1,0,1,0,1,8
Jorge Pardon,Perú,1930,-,Arquero,1,1,0,1,0,0.00,0,0,0,0,1,10
Jorge Robledo,Chile,1950,-,Delantero,3,3,0,0,1,0.33,0,0,1,0,2,9
Jorge Rodriguez,México,1994,20,Mediocampista,3,3,0,1,0,0.00,0,0,1,2,0,13
Jorge Romero,Paraguay,1958,9,Delantero,3,3,0,0,2,0.67,0,0,1,1,1,12
Jorge Romo,México,1954,3,Defensor,2,2,0,0,0,0.00,0,0,0,0,2,13
Jorge Romo,México,1958,3,Defensor,2,2,0,1,0,0.00,0,0,0,1,1,16
Jorge Sánchez,México,2022,19,Defensor,2,2,0,1,0,0.00,1,0,1,1,0,22
Jorge Sarmiento,Perú,1930,-,Delantero,0,0,0,2,0,0.00,0,0,0,0,0,10
Jorge Socias,Chile,1974,18,Mediocampista,1,1,0,2,0,0.00,0,0,0,1,0,11
Jorge Solari,Argentina,1966,15,Delantero,4,4,0,0,0,0.00,1,0,2,1,1,5
Jorge Toro,Chile,1962,8,Mediocampista,5,5,2,1,2,0.40,0,0,4,0,1,3
Jorge Torres,México,2010,20,Mediocampista,0,0,0,4,0,0.00,0,0,0,0,0,14
Jorge Valdano,Argentina,1982,20,Delantero,2,1,0,3,0,0.00,0,0,1,0,1,11
Jorge Valdano,Argentina,1986,11,Delantero,7,7,0,0,4,0.57,1,0,6,1,0,1
Jorge Valdivia,Chile,2010,10,Mediocampista,4,2,0,0,0,0.00,1,0,2,0,2,10
Jorge Valdivia,Chile,2014,10,Mediocampista,3,1,0,1,1,0.33,0,0,2,0,1,9
Jorgen Augustsson,Suecia,1974,18,Defensor,3,2,0,3,0,0.00,0,0,1,0,2,5
Jorgen Juve,Noruega,1938,-,Defensor,0,0,0,1,0,0.00,0,0,0,0,0,12
Jorginho,Brasil,1990,2,Defensor,4,4,0,0,0,0.00,1,0,3,0,1,9
Jorginho,Brasil,1994,2,Defensor,7,7,0,0,0,0.00,1,0,5,2,0,1
Joris Mathijsen,Paises Bajos,2006,4,Defensor,3,3,0,1,0,0.00,1,0,2,0,1,11
Joris Mathijsen,Paises Bajos,2010,4,Defensor,6,6,0,1,0,0.00,1,0,5,0,1,2
Jos Van Ingelgem,Bélgica,1934,-,Mediocampista,0,0,0,1,0,0.00,0,0,0,0,0,15
Jose Alexanko,España,1982,6,Defensor,5,5,0,0,0,0.00,1,0,1,2,2,12
Jose Altafini,Brasil,1958,18,Delantero,3,3,0,3,2,0.67,0,0,2,1,0,1
Jose Altafini,Brasil,1962,9,Delantero,2,2,0,1,0,0.00,0,0,0,1,1,9
Jose Andrade,Uruguay,1930,-,Mediocampista,4,4,0,0,0,0.00,0,0,4,0,0,1
Jose Antonio,Portugal,1986,16,Defensor,1,0,0,2,0,0.00,0,0,1,0,0,17
Jose Antonio Camacho,España,1982,2,Defensor,5,5,0,0,0,0.00,1,0,1,2,2,12
Jose Antonio Camacho,España,1986,3,Defensor,5,5,5,0,0,0.00,1,0,3,1,1,7
Jose Antonio Reyes,España,2006,10,Mediocampista,1,1,0,3,0,0.00,1,0,1,0,0,9
Jose Augusto,Portugal,1966,12,Delantero,6,6,0,0,3,0.50,0,0,5,0,1,3
José Basanta,Argentina,2014,23,Defensor,2,1,0,5,0,0.00,0,0,2,0,0,2
Jose Basualdo,Argentina,1990,4,Mediocampista,7,7,0,0,0,0.00,0,0,2,3,2,2
Jose Basualdo,Argentina,1994,8,Mediocampista,1,1,0,3,0,0.00,0,0,0,0,1,10
Jose Batista,Uruguay,1986,6,Defensor,3,3,0,1,0,0.00,0,1,0,2,1,16
Jose Borbolla,México,1950,-,Delantero,1,1,0,2,0,0.00,0,0,0,0,1,12
Jose Brown,Argentina,1986,5,Defensor,7,7,0,0,1,0.14,1,0,6,1,0,1
Jose Bulnes,Honduras,1982,4,Defensor,2,2,0,1,0,0.00,0,0,0,1,1,18
Jose Bustamante,Bolivia,1930,-,Delantero,2,2,0,0,0,0.00,0,0,0,0,2,12
Jose Bustamante-Nava,Bolivia,1950,-,Defensor,1,1,1,0,0,0.00,0,0,0,0,1,13
José Calderón,Panamá,2018,12,Arquero,0,0,0,3,0,0.00,0,0,0,0,0,32
Jose Camarasa,España,1994,4,Defensor,2,1,0,3,0,0.00,1,0,1,1,0,8
Jose Cardozo,Paraguay,1998,9,Delantero,3,3,0,1,1,0.33,0,0,1,1,1,14
Jose Cardozo,Paraguay,2002,20,Delantero,3,3,0,1,0,0.00,1,0,1,0,2,16
Jose Carlos,Portugal,1966,21,Defensor,2,2,0,4,0,0.00,0,0,1,0,1,3
José Carvallo,Perú,2018,21,Arquero,0,0,0,3,0,0.00,0,0,0,0,0,20
Jose Castro,México,2006,15,Defensor,2,1,0,2,0,0.00,1,0,0,0,2,15
Jose Cevallos,Ecuador,2002,1,Arquero,3,3,0,0,0,0.00,1,0,1,0,2,24
Jose Chamot,Argentina,1994,3,Defensor,4,4,0,0,0,0.00,1,0,2,0,2,10
Jose Chamot,Argentina,1998,3,Defensor,4,3,0,1,0,0.00,2,0,2,1,1,6
Jose Chamot,Argentina,2002,22,Defensor,1,1,0,2,0,0.00,1,0,0,1,0,18
Jose Chaves,Costa Rica,1990,6,Defensor,4,4,0,0,0,0.00,0,0,2,0,2,13
José Cifuentes,Ecuador,2022,5,Mediocampista,2,0,0,1,0,0.00,0,0,1,0,1,18
Jose Cruz,Honduras,1982,17,Defensor,1,1,0,2,0,0.00,0,0,0,1,0,18
José Cubero,Costa Rica,2014,22,Mediocampista,4,0,0,1,0,0.00,1,0,2,2,0,8
Jose Cuciuffo,Argentina,1986,9,Defensor,6,6,0,1,0,0.00,1,0,5,1,0,1
Jose Del Castillo,Perú,1970,18,Delantero,0,0,0,4,0,0.00,0,0,0,0,0,7
Jose Della Torre,Argentina,1930,-,Defensor,5,5,0,0,0,0.00,0,0,4,0,1,2
Jose Fernandez,Perú,1970,14,Defensor,1,1,0,3,0,0.00,0,0,0,0,1,7
José Fernando Cuadrado,Colombia,2018,22,Arquero,0,0,0,4,0,0.00,0,0,0,0,0,9
Jose Figueroa,Honduras,1982,10,Delantero,3,3,0,0,0,0.00,0,0,0,2,1,18
Jose Fonseca,México,2006,17,Delantero,4,2,0,0,1,0.25,1,0,1,1,2,15
José Fonte,Portugal,2018,6,Defensor,4,4,0,0,0,0.00,0,0,1,2,1,13
José Fuenzalida,Chile,2014,19,Mediocampista,0,0,0,4,0,0.00,0,0,0,0,0,9
Jose Gomez,Uruguay,1974,21,Delantero,0,0,0,3,0,0.00,0,0,0,0,0,13
Jose Gonzales Ganoza,Perú,1982,12,Arquero,0,0,0,3,0,0.00,0,0,0,0,0,20
Jose Gonzalez,México,1966,13,Defensor,0,0,0,3,0,0.00,0,0,0,0,0,12
Jose Gonzalez,México,1970,17,Mediocampista,3,3,0,1,1,0.33,0,0,2,0,1,6
Jose Herrera,Uruguay,1990,4,Defensor,3,3,0,1,0,0.00,1,0,1,1,1,16
José Holebas,Grecia,2014,20,Defensor,4,4,0,0,0,0.00,0,0,1,2,1,13
Jose Huezo,El Salvador,1982,10,Mediocampista,3,3,3,0,0,0.00,0,0,0,0,3,24
Jose Iribar,España,1966,1,Arquero,3,3,0,0,0,0.00,0,0,1,0,2,10
José Izquierdo,Colombia,2018,21,Delantero,1,1,0,3,0,0.00,0,0,0,0,1,9
Jose Jaikel,Costa Rica,1990,16,Delantero,0,0,0,4,0,0.00,0,0,0,0,0,13
Jose Jovel,El Salvador,1982,3,Defensor,3,3,0,0,0,0.00,0,0,0,0,3,24
José Juan Vázquez,México,2014,23,Mediocampista,3,3,0,1,0,0.00,2,0,2,1,0,10
Jose Juncosa,España,1950,-,Delantero,1,1,0,5,0,0.00,0,0,0,0,1,4
Jose Lamadrid,México,1954,9,Delantero,2,2,0,0,1,0.50,0,0,0,0,2,13
Jose Leon Miracca,Paraguay,1930,-,Defensor,1,1,0,1,0,0.00,0,0,0,0,1,9
Jose Luis Caminero,España,1994,15,Mediocampista,4,3,0,1,3,0.75,3,0,1,2,1,8
Jose Luis Chilavert,Paraguay,1998,1,Arquero,4,4,4,0,0,0.00,1,0,1,2,1,14
Jose Luis Chilavert,Paraguay,2002,1,Arquero,3,3,3,1,0,0.00,0,0,1,0,2,16
José Luis Rodríguez,Panamá,2018,21,Mediocampista,3,3,0,0,0,0.00,0,0,0,0,3,32
José Luis Rodríguez,Uruguay,2022,26,Defensor,0,0,0,3,0,0.00,0,0,0,0,0,20
Jose Magrina,Cuba,1938,-,Delantero,2,2,0,1,1,0.50,0,0,1,1,0,7
Jose Manuel Ramos Delgado,Argentina,1958,17,Defensor,0,0,0,3,0,0.00,0,0,0,0,0,13
Jose Manuel Ramos Delgado,Argentina,1962,2,Defensor,1,1,0,2,0,0.00,0,0,0,1,0,10
Jose Maria Bakero,España,1990,16,Mediocampista,1,0,0,3,0,0.00,0,0,1,0,0,10
Jose Maria Bakero,España,1994,10,Mediocampista,4,2,0,1,0,0.00,0,0,2,1,1,8
Jose Maria Fuste,España,1966,19,Delantero,1,1,0,2,1,1.00,0,0,0,0,1,10
José María Giménez,Uruguay,2014,13,Defensor,3,3,0,1,0,0.00,1,0,2,0,1,12
José María Giménez,Uruguay,2018,2,Defensor,4,4,0,1,1,0.25,0,0,3,0,1,5
José María Giménez,Uruguay,2022,2,Defensor,3,3,0,0,0,0.00,1,0,1,1,1,20
Jose Maria Lavalle,Perú,1930,-,Delantero,2,2,0,0,0,0.00,0,0,0,0,2,10
Jose Molina,España,1998,22,Arquero,0,0,0,3,0,0.00,0,0,0,0,0,17
Jose Montiel,Paraguay,2006,17,Mediocampista,0,0,0,3,0,0.00,0,0,0,0,0,18
Jose Muguerza,España,1934,-,Mediocampista,3,3,0,0,0,0.00,0,0,1,1,1,5
Jose Munguia,El Salvador,1982,20,Arquero,0,0,0,3,0,0.00,0,0,0,0,0,24
Jose Naranjo,México,1950,-,Delantero,1,1,0,2,0,0.00,0,0,0,0,1,12
Jose Naranjo,México,1954,8,Delantero,2,2,2,0,0,0.00,0,0,0,0,2,13
Jose Nasazzi,Uruguay,1930,-,Defensor,4,4,4,0,0,0.00,0,0,4,0,0,1
Jose Navarro,México,1950,-,Delantero,1,1,0,2,0,0.00,0,0,0,0,1,12
Jose Navarro,Perú,1978,14,Defensor,2,1,0,4,0,0.00,0,0,0,0,2,8
Jose Nazar,Honduras,1982,1,Arquero,0,0,0,3,0,0.00,0,0,0,0,0,18
Jose Nehin,Argentina,1934,-,Mediocampista,1,1,0,0,0,0.00,0,0,0,0,1,9
Jose Noya,Bolivia,1930,-,Delantero,0,0,0,2,0,0.00,0,0,0,0,0,12
Jose Ochotorena,España,1990,22,Arquero,0,0,0,4,0,0.00,0,0,0,0,0,10
Jose Panizo,España,1950,-,Delantero,4,4,0,2,0,0.00,0,0,2,0,2,4
Jose Parodi,Paraguay,1958,8,Delantero,3,3,0,0,2,0.67,0,0,1,1,1,12
Jose Parra,España,1950,-,Defensor,5,5,0,1,0,0.00,0,0,2,1,2,4
Jose Pastoriza,Argentina,1966,11,Mediocampista,0,0,0,4,0,0.00,0,0,0,0,0,5
Jose Pazo,Colombia,1994,22,Arquero,0,0,0,3,0,0.00,0,0,0,0,0,19
Jose Perdomo,Uruguay,1990,5,Mediocampista,4,4,0,0,0,0.00,2,0,1,1,2,16
Jose Pereira,Portugal,1966,3,Arquero,5,5,0,1,0,0.00,0,0,4,0,1,3
Jose Perez,Colombia,1990,6,Mediocampista,0,0,0,4,0,0.00,0,0,0,0,0,14
Jose Perlaza,Ecuador,2006,5,Defensor,0,0,0,4,0,0.00,0,0,0,0,0,12
Jose Pintos,Uruguay,1990,14,Defensor,1,1,0,3,0,0.00,1,0,0,0,1,16
Jose Porras,Costa Rica,2006,18,Arquero,3,3,0,0,0,0.00,0,0,0,0,3,31
Jose Quintanilla,El Salvador,1970,6,Mediocampista,2,2,0,1,0,0.00,0,0,0,0,2,16
Jose Raul Aveiro,Paraguay,1958,20,Delantero,0,0,0,3,0,0.00,0,0,0,0,0,12
Jose Reyes,México,1978,1,Arquero,2,2,0,1,0,0.00,0,0,0,0,2,16
Jose Rivas,El Salvador,1982,13,Delantero,3,3,0,0,0,0.00,0,0,0,0,3,24
Jose Roca,México,1950,-,Defensor,3,3,0,0,0,0.00,0,0,0,0,3,12
Jose Roca,México,1954,20,Defensor,0,0,0,2,0,0.00,0,0,0,0,0,13
Jose Roca,México,1958,16,Defensor,0,0,0,3,0,0.00,0,0,0,0,0,16
Jose Rodriguez,Cuba,1938,-,Mediocampista,3,3,0,0,0,0.00,0,0,1,1,1,7
José Rojas,Chile,2014,13,Defensor,1,0,0,3,0,0.00,0,0,0,1,0,9
Jose Rugamas,El Salvador,1982,8,Mediocampista,2,2,0,1,0,0.00,0,0,0,0,2,24
Jose Ruiz,México,1930,-,Delantero,2,2,0,1,0,0.00,0,0,0,0,2,13
José Sá,Portugal,2022,12,Arquero,0,0,0,5,0,0.00,0,0,0,0,0,8
Jose Salazar,Uruguay,1986,17,Mediocampista,1,0,0,3,0,0.00,0,0,0,0,1,16
Jose Salgado,México,1994,18,Defensor,0,0,0,4,0,0.00,0,0,0,0,0,13
Jose Sanchez,España,1982,16,Mediocampista,4,2,0,1,0,0.00,1,0,1,1,2,12
Jose Sanfilippo,Argentina,1958,21,Delantero,0,0,0,3,0,0.00,0,0,0,0,0,13
Jose Sanfilippo,Argentina,1962,10,Delantero,2,2,0,1,1,0.50,0,0,1,0,1,10
Jose Santa,Colombia,1998,4,Defensor,2,2,0,1,0,0.00,2,0,1,0,1,21
Jose Santamaria,Uruguay,1954,2,Defensor,5,5,0,0,0,0.00,0,0,3,0,2,4
Jose Santamaria,Uruguay,1962,19,Defensor,2,2,0,1,0,0.00,0,0,1,0,1,12
Jose Sasia,Uruguay,1962,9,Delantero,3,3,0,0,2,0.67,0,0,1,0,2,13
Jose Sasia,Uruguay,1966,9,Delantero,2,2,0,2,0,0.00,0,0,1,1,0,7
Jose Serrizuela,Argentina,1990,18,Defensor,5,5,0,2,0,0.00,3,0,1,3,1,2
Jose Sierra,Chile,1998,10,Mediocampista,4,2,0,0,1,0.25,0,0,0,3,1,16
Jose Torres,Portugal,1966,18,Delantero,6,6,0,0,3,0.50,0,0,5,0,1,3
Jose Ufarte,España,1966,7,Delantero,1,1,0,2,0,0.00,0,0,0,0,1,10
Jose Urruzmendi,Uruguay,1966,8,Delantero,0,0,0,4,0,0.00,0,0,0,0,0,7
Jose Valencia,Argentina,1978,21,Mediocampista,4,4,0,3,0,0.00,0,0,3,0,1,1
Jose Valencia,Argentina,1982,21,Delantero,1,0,0,4,0,0.00,0,0,0,0,1,11
Jose Van Tuyne,Argentina,1982,22,Defensor,0,0,0,5,0,0.00,0,0,0,0,0,11
Jose Vantolra,México,1970,13,Defensor,4,4,0,0,0,0.00,0,0,2,1,1,6
Jose Varacka,Argentina,1958,6,Mediocampista,3,3,0,0,0,0.00,0,0,1,0,2,13
Jose Varacka,Argentina,1966,5,Mediocampista,0,0,0,4,0,0.00,0,0,0,0,0,5
Jose Velasquez,Perú,1978,6,Mediocampista,5,5,0,1,1,0.20,3,0,2,1,2,8
Jose Velasquez,Perú,1982,6,Mediocampista,3,3,0,0,0,0.00,1,0,0,2,1,20
Jose Villegas,México,1958,4,Defensor,1,1,0,2,0,0.00,0,0,0,0,1,16
Jose Villegas,México,1962,4,Defensor,1,1,0,2,0,0.00,0,0,0,0,1,11
Joseba Etxeberria,España,1998,17,Delantero,3,2,0,0,0,0.00,0,0,1,1,1,17
Josef Bican,Austria,1934,-,Delantero,4,4,0,0,1,0.25,0,0,2,0,2,4
Josef Bomba,Checoslovaquia,1962,21,Defensor,0,0,0,6,0,0.00,0,0,0,0,0,2
Josef Ctyroky,Checoslovaquia,1934,-,Defensor,4,4,0,0,0,0.00,0,0,3,0,1,2
Josef Degeorgi,Austria,1982,4,Defensor,4,4,0,1,0,0.00,1,0,2,0,2,8
Josef Gauchel,Alemania,1938,-,Delantero,1,1,0,1,1,1.00,0,0,0,1,0,10
Josef Hassmann,Austria,1934,-,Delantero,0,0,0,4,0,0.00,0,0,0,0,0,4
Josef Hickersberger,Austria,1978,7,Mediocampista,6,6,0,0,0,0.00,0,0,3,0,3,7
Josef Jelinek,Checoslovaquia,1962,11,Delantero,5,5,0,1,0,0.00,0,0,3,1,1,2
Josef Kadraba,Checoslovaquia,1962,18,Delantero,3,3,0,3,1,0.33,0,0,2,0,1,2
Josef Kostalek,Checoslovaquia,1934,-,Mediocampista,4,4,0,0,0,0.00,0,0,3,0,1,2
Josef Kostalek,Checoslovaquia,1938,-,Mediocampista,3,3,0,0,1,0.33,0,0,1,1,1,5
Josef Ludl,Checoslovaquia,1938,-,Delantero,2,2,0,1,0,0.00,0,0,0,1,1,5
Josef Majer,Checoslovaquia,1954,18,Delantero,0,0,0,2,0,0.00,0,0,0,0,0,14
Josef Masopust,Checoslovaquia,1958,5,Mediocampista,4,4,0,0,0,0.00,0,0,1,1,2,9
Josef Masopust,Checoslovaquia,1962,6,Mediocampista,6,6,0,0,1,0.17,0,0,3,1,2,2
Josef Orth,Checoslovaquia,1938,-,Defensor,0,0,0,3,0,0.00,0,0,0,0,0,5
Josef Silny,Checoslovaquia,1934,-,Delantero,1,1,0,3,0,0.00,0,0,1,0,0,2
Josef Smistik,Austria,1934,-,Mediocampista,4,4,2,0,0,0.00,0,0,2,0,2,4
Josef Stibranyi,Checoslovaquia,1962,7,Mediocampista,3,3,0,3,1,0.33,0,0,1,1,1,2
Josef Streb,Alemania,1934,-,Mediocampista,0,0,0,4,0,0.00,0,0,0,0,0,3
Josef Stroh,Austria,1934,-,Delantero,0,0,0,4,0,0.00,0,0,0,0,0,4
Josef Stroh,Austria,1938,-,Delantero,1,1,0,1,0,0.00,0,0,0,0,1,10
Josef Zeman,Checoslovaquia,1938,-,Delantero,1,1,0,2,1,1.00,0,0,1,0,0,5
Joseph Aidoo,Ghana,2022,15,Defensor,0,0,0,3,0,0.00,0,0,0,0,0,24
Joseph Alcazar,Francia,1934,-,Delantero,1,1,0,0,0,0.00,0,0,0,0,1,9
Joseph-Antoine Bell,Camerún,1982,12,Arquero,0,0,0,3,0,0.00,0,0,0,0,0,17
Joseph-Antoine Bell,Camerún,1990,1,Arquero,0,0,0,5,0,0.00,0,0,0,0,0,7
Joseph-Antoine Bell,Camerún,1994,1,Arquero,2,2,0,1,0,0.00,0,0,0,1,1,22
Joseph Bonnel,Francia,1966,4,Mediocampista,3,3,0,0,0,0.00,0,0,0,1,2,13
Joseph-Desire Job,Camerún,1998,21,Delantero,3,1,0,0,0,0.00,0,0,0,2,1,25
Joseph-Desire Job,Camerún,2002,21,Delantero,1,0,0,2,0,0.00,0,0,0,0,1,20
Joseph Elanga,Camerún,1998,2,Mediocampista,0,0,0,3,0,0.00,0,0,0,0,0,25
Joseph Enanga,Camerún,1982,19,Mediocampista,0,0,0,3,0,0.00,0,0,0,0,0,17
Joseph Gonzalez,Francia,1934,-,Defensor,0,0,0,1,0,0.00,0,0,0,0,0,9
Joseph Kamga,Camerún,1982,17,Mediocampista,0,0,0,3,0,0.00,0,0,0,0,0,17
Joseph-Marion Leandre,Haití,1974,17,Defensor,1,0,0,2,0,0.00,0,0,0,0,1,15
Joseph Mermans,Bélgica,1954,11,Delantero,2,2,2,0,0,0.00,0,0,0,1,1,12
Joseph Ndo,Camerún,1998,15,Mediocampista,3,3,0,0,0,0.00,0,0,0,2,1,25
Joseph Ndo,Camerún,2002,7,Delantero,0,0,0,3,0,0.00,0,0,0,0,0,20
Joseph Nelis,Bélgica,1938,-,Delantero,0,0,0,1,0,0.00,0,0,0,0,0,13
Joseph Vliers,Bélgica,1954,7,Delantero,0,0,0,2,0,0.00,0,0,0,0,0,12
Joseph Yobo,Nigeria,2002,2,Mediocampista,3,3,0,0,0,0.00,0,0,0,1,2,27
Joseph Yobo,Nigeria,2010,2,Defensor,3,3,2,0,0,0.00,0,0,0,1,2,27
Joseph Yobo,Nigeria,2014,2,Defensor,4,3,3,0,0,0.00,0,0,1,1,2,16
Josh Risdon,Australia,2018,19,Defensor,3,3,0,0,0,0.00,1,0,0,1,2,30
Josh Sargent,Estados Unidos,2022,24,Delantero,3,2,0,1,0,0.00,0,0,1,2,0,14
Josh Wolff,Estados Unidos,2002,15,Delantero,2,1,0,3,0,0.00,1,0,1,1,0,8
Josh Wolff,Estados Unidos,2006,16,Delantero,1,0,0,2,0,0.00,0,0,0,0,1,25
Joshua Kennedy,Australia,2006,19,Delantero,2,0,0,2,0,0.00,0,0,1,1,0,16
Joshua Kennedy,Australia,2010,9,Delantero,2,1,0,1,0,0.00,0,0,1,1,0,21
Joshua Kimmich,Alemania,2018,18,Defensor,3,3,0,0,0,0.00,0,0,1,0,2,22
Joshua Kimmich,Alemania,2022,6,Mediocampista,3,3,0,0,0,0.00,1,0,1,1,1,17
Josif Moravetz,Rumania,1934,-,Mediocampista,1,1,0,0,0,0.00,0,0,0,0,1,12
Josimar,Brasil,1986,13,Defensor,3,3,0,2,2,0.67,0,0,2,1,0,5
Josip Drmic,Suiza,2014,19,Delantero,4,3,0,0,0,0.00,0,0,2,0,2,11
Josip Drmic,Suiza,2018,19,Delantero,3,1,0,1,1,0.33,0,0,1,1,1,14
Josip Juranovic,Croacia,2022,22,Defensor,6,6,0,1,0,0.00,0,0,1,4,1,3
Josip Katalinski,Yugoslavia,1974,5,Defensor,6,6,0,0,1,0.17,2,0,1,2,3,7
Josip Pivarić,Croacia,2018,22,Defensor,4,1,0,3,0,0.00,1,0,2,2,0,2
Josip Simunic,Croacia,2002,3,Defensor,3,3,0,0,0,0.00,1,0,1,0,2,23
Josip Simunic,Croacia,2006,3,Defensor,3,3,0,0,0,0.00,0,1,0,2,1,22
Josip Skoblar,Yugoslavia,1962,11,Delantero,5,5,0,1,1,0.20,0,0,2,0,3,4
Josip Skoko,Australia,2006,8,Mediocampista,0,0,0,4,0,0.00,0,0,0,0,0,16
Josip Stanisic,Croacia,2022,2,Defensor,1,1,0,6,0,0.00,0,0,1,0,0,3
Josip Sutalo,Croacia,2022,24,Defensor,1,1,0,6,0,0.00,0,0,1,0,0,3
Josip Weber,Bélgica,1994,17,Delantero,4,3,0,0,0,0.00,1,0,2,0,2,11
Josko Gvardiol,Croacia,2022,20,Defensor,7,7,0,0,1,0.14,0,0,2,4,1,3
Jostein Flo,Noruega,1994,6,Delantero,3,3,0,0,0,0.00,0,0,1,1,1,17
Jostein Flo,Noruega,1998,16,Delantero,1,0,0,3,0,0.00,0,0,1,0,0,15
Josue,Brasil,2010,17,Mediocampista,1,0,0,4,0,0.00,0,0,0,1,0,6
Joszef Nagy,Rumania,1938,-,Delantero,0,0,0,2,0,0.00,0,0,0,0,0,9
Jovan Acimovic,Yugoslavia,1974,10,Mediocampista,6,6,1,0,0,0.00,1,0,1,2,3,7
Jozef Adamec,Checoslovaquia,1962,10,Delantero,3,3,0,3,0,0.00,0,0,1,1,1,2
Jozef Adamec,Checoslovaquia,1970,10,Delantero,3,2,0,0,0,0.00,0,0,0,0,3,15
Jozef Barmos,Checoslovaquia,1982,5,Defensor,3,3,0,0,0,0.00,0,0,0,2,1,19
Jozef Capkovic,Checoslovaquia,1970,21,Delantero,1,1,0,2,0,0.00,0,0,0,0,1,15
Jozef Chovanec,Checoslovaquia,1990,8,Mediocampista,5,5,0,0,0,0.00,1,0,3,0,2,6
Jozef Jurkanin,Checoslovaquia,1970,19,Delantero,1,1,0,2,0,0.00,0,0,0,0,1,15
Jozef Korbas,Polonia,1938,-,Delantero,0,0,0,1,0,0.00,0,0,0,0,0,11
Jozef Kukucka,Checoslovaquia,1982,15,Defensor,1,1,0,2,0,0.00,0,0,0,1,0,19
Jozef Mlynarczyk,Polonia,1982,1,Arquero,7,7,0,0,0,0.00,0,0,3,3,1,3
Jozef Mlynarczyk,Polonia,1986,1,Arquero,4,4,0,0,0,0.00,0,0,1,1,2,14
Jozef Wandzik,Polonia,1986,19,Arquero,0,0,0,4,0,0.00,0,0,0,0,0,14
Jozsef Andrusch,Hungría,1986,22,Arquero,0,0,0,3,0,0.00,0,0,0,0,0,18
Jozsef Bencsis,Hungría,1958,20,Delantero,2,2,0,2,1,0.50,0,0,1,0,1,10
Jozsef Bozsik,Hungría,1954,5,Mediocampista,5,5,2,0,0,0.00,0,0,4,0,1,2
Jozsef Bozsik,Hungría,1958,5,Mediocampista,3,3,2,1,1,0.33,0,0,0,1,2,10
Jozsef Csuhay,Hungría,1982,20,Defensor,0,0,0,3,0,0.00,0,0,0,0,0,14
Jozsef Csuhay,Hungría,1986,12,Defensor,0,0,0,3,0,0.00,0,0,0,0,0,18
Jozsef Gelei,Hungría,1966,21,Arquero,3,3,0,1,0,0.00,0,0,2,0,1,6
Jozsef Hada,Hungría,1934,-,Arquero,0,0,0,2,0,0.00,0,0,0,0,0,6
Jozsef Hada,Hungría,1938,-,Arquero,1,1,0,3,0,0.00,0,0,1,0,0,2
Jozsef Kardos,Hungría,1986,5,Defensor,3,3,0,0,0,0.00,0,0,1,0,2,18
Jozsef Kiprich,Hungría,1986,7,Delantero,2,2,0,1,0,0.00,0,0,1,0,1,18
Jozsef Nagy,Hungría,1986,16,Mediocampista,0,0,0,3,0,0.00,0,0,0,0,0,18
Jozsef Palinkas,Hungría,1938,-,Arquero,0,0,0,4,0,0.00,0,0,0,0,0,2
Jozsef Szendrei,Hungría,1986,18,Arquero,1,1,0,2,0,0.00,0,0,1,0,0,18
Jozsef Toth,Hungría,1954,7,Delantero,2,2,0,3,1,0.50,0,0,2,0,0,2
Jozsef Toth,Hungría,1978,4,Defensor,3,3,0,0,0,0.00,0,0,0,0,3,15
Jozsef Toth,Hungría,1982,4,Defensor,2,2,0,1,1,0.50,0,0,1,0,1,14
Jozsef Turay,Hungría,1938,-,Mediocampista,3,3,0,1,0,0.00,0,0,3,0,0,2
Jozsef Vago,Hungría,1934,-,Defensor,1,1,0,1,0,0.00,0,0,0,0,1,6
Jozsef Varga,Hungría,1982,19,Defensor,2,2,0,1,1,0.50,0,0,0,1,1,14
Jozsef Varga,Hungría,1986,4,Defensor,2,2,0,1,0,0.00,0,0,1,0,1,18
Jozsef Zakarias,Hungría,1954,6,Mediocampista,4,4,0,1,0,0.00,0,0,3,0,1,2
Jozy Altidore,Estados Unidos,2010,17,Delantero,4,4,0,0,0,0.00,1,0,1,2,1,12
Jozy Altidore,Estados Unidos,2014,17,Delantero,1,1,0,3,0,0.00,0,0,1,0,0,15
Juan,Brasil,2006,4,Defensor,5,5,0,0,0,0.00,2,0,4,0,1,5
Juan,Brasil,2010,4,Defensor,5,5,0,0,1,0.20,1,0,3,1,1,6
Juan Acuña,España,1950,-,Arquero,0,0,0,6,0,0.00,0,0,0,0,0,4
Juan Aguero,Paraguay,1958,7,Delantero,3,3,3,0,2,0.67,0,0,1,1,1,12
Juan Aguilera,Chile,1930,-,Delantero,1,1,0,2,0,0.00,0,0,0,0,1,5
Juan Alfonso Valle,Perú,1930,-,Mediocampista,0,0,0,2,0,0.00,0,0,0,0,0,10
Juan Alonso,Cuba,1938,-,Delantero,1,1,0,2,0,0.00,0,0,0,0,1,7
Juan Anselmo,Uruguay,1930,-,Delantero,2,2,0,2,3,1.50,0,0,2,0,0,1
Juan Antonio Senor,España,1986,7,Mediocampista,4,0,0,1,1,0.25,0,0,2,1,1,7
Juan Ayra,Cuba,1938,-,Arquero,1,1,0,2,0,0.00,0,0,1,0,0,7
Juan Barbas,Argentina,1982,3,Mediocampista,2,1,0,3,0,0.00,0,0,1,0,1,11
Juan Botasso,Argentina,1930,-,Arquero,2,2,0,3,0,0.00,0,0,1,0,1,2
Juan Burgueno,Uruguay,1950,-,Delantero,0,0,0,4,0,0.00,0,0,0,0,0,1
Juan Caceres,Perú,1978,13,Arquero,0,0,0,6,0,0.00,0,0,0,0,0,8
Juan Carlos Ablanedo,España,1986,22,Arquero,0,0,0,5,0,0.00,0,0,0,0,0,7
Juan Carlos Ablanedo,España,1990,13,Arquero,0,0,0,4,0,0.00,0,0,0,0,0,10
Juan Carlos Burbano,Ecuador,2002,14,Mediocampista,0,0,0,3,0,0.00,0,0,0,0,0,24
Juan Carlos Calvo,Uruguay,1930,-,Delantero,0,0,0,4,0,0.00,0,0,0,0,0,1
Juan Carlos Franco,Paraguay,2002,17,Defensor,2,0,0,2,0,0.00,1,0,1,1,0,16
Juan Carlos García,Honduras,2014,6,Defensor,2,1,0,1,0,0.00,0,0,0,0,2,31
Juan Carlos Gonzalez,Uruguay,1950,-,Mediocampista,2,2,0,2,0,0.00,0,0,1,1,0,1
Juan Carlos Oblitas,Perú,1978,11,Delantero,6,6,0,0,0,0.00,0,0,2,1,3,8
Juan Carlos Oblitas,Perú,1982,11,Delantero,3,3,0,0,0,0.00,0,0,0,2,1,20
Juan Carlos Paredes,Ecuador,2014,4,Defensor,3,3,0,0,0,0.00,1,0,1,1,1,17
Juan Carlos Valeron,España,2002,17,Mediocampista,4,4,0,1,1,0.25,1,0,2,2,0,5
Juan Carreno,México,1930,-,Delantero,3,3,0,0,1,0.33,0,0,0,0,3,13
Juan Castillo,Uruguay,2010,12,Arquero,0,0,0,7,0,0.00,0,0,0,0,0,4
Juan Cayasso,Costa Rica,1990,14,Delantero,4,4,0,0,1,0.25,0,0,2,0,2,13
Juan Chavez,México,1994,13,Mediocampista,1,0,0,3,0,0.00,0,0,0,1,0,13
Juan Cruz,Honduras,1982,14,Mediocampista,1,1,0,2,0,0.00,0,0,0,0,1,18
Juan Evaristo,Argentina,1930,-,Mediocampista,4,4,0,1,0,0.00,0,0,3,0,1,2
Juan Foyth,Argentina,2022,2,Defensor,1,0,0,6,0,0.00,0,0,1,0,0,1
Juan Gomez,México,1954,14,Defensor,1,1,0,1,0,0.00,0,0,0,0,1,13
Juan Gualberto Fernandez,El Salvador,1970,20,Arquero,0,0,0,3,0,0.00,0,0,0,0,0,16
Juan Guerra,Bolivia,1950,-,Delantero,0,0,0,1,0,0.00,0,0,0,0,0,13
Juan Guillermo Cuadrado,Colombia,2014,11,Mediocampista,5,5,0,0,1,0.20,0,0,4,0,1,5
Juan Guillermo Cuadrado,Colombia,2018,11,Mediocampista,4,4,0,0,1,0.25,1,0,2,1,1,9
Juan Hohberg,Uruguay,1954,8,Delantero,2,2,0,3,3,1.50,0,0,0,0,2,4
Juan Ignacio Basaguren,México,1970,20,Delantero,2,0,0,2,1,0.50,0,0,2,0,0,6
Juan Jose Rodriguez,Costa Rica,2002,14,Defensor,0,0,0,3,0,0.00,0,0,0,0,0,19
Juan Leon Canete,Paraguay,1950,-,Delantero,0,0,0,2,0,0.00,0,0,0,0,0,11
Juan Letelier,Chile,1982,9,Delantero,2,0,0,1,1,0.50,1,0,0,0,2,22
Juan Lezcano,Paraguay,1958,3,Defensor,3,3,0,0,0,0.00,0,0,1,1,1,12
Juan Machuca,Chile,1974,12,Defensor,0,0,0,3,0,0.00,0,0,0,0,0,11
Juan Manuel Alejandrez,México,1970,2,Defensor,0,0,0,4,0,0.00,0,0,0,0,0,6
Juan Manuel Asensi,España,1978,4,Mediocampista,3,3,2,0,1,0.33,0,0,1,1,1,10
Juan Mata,España,2010,13,Delantero,1,0,0,6,0,0.00,0,0,1,0,0,1
Juan Mata,España,2014,13,Delantero,1,0,0,2,1,1.00,0,0,1,0,0,23
Juan Manuel Pena,Bolivia,1994,2,Defensor,1,1,0,2,0,0.00,0,0,0,0,1,21
Juan Martinez,El Salvador,1970,9,Mediocampista,2,2,0,1,0,0.00,0,0,0,0,2,16
Juan Masnik,Uruguay,1974,3,Defensor,3,1,1,0,0,0.00,1,0,0,1,2,13
Juan Mujica,Uruguay,1970,6,Defensor,6,6,0,0,1,0.17,1,0,2,1,3,4
Juan Munante,Perú,1978,7,Delantero,6,6,0,0,0,0.00,1,0,2,1,3,8
Juan Nogues,España,1934,-,Arquero,1,1,0,2,0,0.00,0,0,0,0,1,5
Juan Oleniak,Argentina,1962,20,Delantero,2,2,0,1,0,0.00,0,0,0,1,1,10
Juan Olivares,Chile,1966,13,Arquero,3,3,0,0,0,0.00,0,0,0,1,2,13
Juan Olivares,Chile,1974,21,Arquero,0,0,0,3,0,0.00,0,0,0,0,0,11
Juan Pablo Montes,Honduras,2014,4,Defensor,0,0,0,3,0,0.00,0,0,0,0,0,31
Juan Pablo Vargas,Costa Rica,2022,3,Defensor,1,1,0,2,1,1.00,0,0,0,0,1,27
Juan Pedevilla,Argentina,1934,-,Defensor,1,1,0,0,0,0.00,0,0,0,0,1,9
Juan Quintero,Colombia,2014,20,Mediocampista,3,1,0,2,1,0.33,0,0,2,0,1,5
Juan Quintero,Colombia,2018,20,Mediocampista,4,4,0,0,1,0.25,0,0,2,1,1,9
Juan Ramirez,México,1994,3,Defensor,4,4,0,0,0,0.00,0,0,1,2,1,13
Juan Rodriguez,Chile,1974,6,Defensor,1,1,0,2,0,0.00,0,0,0,0,1,11
Juan Román Riquelme,Argentina,2006,10,Mediocampista,5,5,0,0,0,0.00,0,0,3,2,0,6
Juan Sarnari,Argentina,1966,17,Mediocampista,0,0,0,4,0,0.00,0,0,0,0,0,5
Juan Schiaffino,Uruguay,1950,-,Delantero,4,4,0,0,3,0.75,0,0,3,1,0,1
Juan Schiaffino,Uruguay,1954,10,Delantero,5,5,0,0,2,0.40,0,0,3,0,2,4
Juan Silva,Uruguay,1974,20,Delantero,0,0,0,3,0,0.00,0,0,0,0,0,13
Juan Simon,Argentina,1990,20,Defensor,7,7,0,0,0,0.00,1,0,2,3,2,2
Juan Sorin,Argentina,2002,3,Mediocampista,3,3,0,0,0,0.00,0,0,1,1,1,18
Juan Sorin,Argentina,2006,3,Defensor,4,4,4,1,0,0.00,2,0,3,1,0,6
Juan Torales,Paraguay,1986,2,Defensor,4,4,0,0,0,0.00,0,0,1,2,1,13
Juan Tunas,Cuba,1938,-,Delantero,3,3,0,0,0,0.00,0,0,1,1,1,7
Juan Valdivieso,Perú,1930,-,Arquero,1,1,0,1,0,0.00,0,0,0,0,1,10
Juan Veron,Argentina,1998,11,Mediocampista,5,5,0,0,0,0.00,1,0,3,1,1,6
Juan Veron,Argentina,2002,11,Mediocampista,3,2,2,0,0,0.00,0,0,1,1,1,18
Juan Veron,Argentina,2010,8,Mediocampista,3,2,0,2,0,0.00,0,0,3,0,0,5
Juan Zuñiga,Colombia,2014,18,Defensor,4,4,0,1,0,0.00,0,0,3,0,1,5
Juanele,España,1994,14,Delantero,0,0,0,5,0,0.00,0,0,0,0,0,8
Juanfran,España,2014,5,Defensor,1,1,0,2,0,0.00,0,0,1,0,0,23
Juanfran,España,2002,3,Defensor,3,3,0,2,0,0.00,1,0,2,1,0,5
Juanito,España,2006,20,Defensor,1,1,0,3,1,1.00,0,0,1,0,0,9
Juanito,España,1978,8,Delantero,2,2,0,1,0,0.00,0,0,1,1,0,10
Juanito,España,1982,7,Delantero,4,4,0,1,1,0.25,1,0,1,1,2,12
Jude Bellingham,Inglaterra,2022,22,Mediocampista,5,5,0,0,1,0.20,0,0,3,1,1,6
Juerg Studer,Suiza,1994,19,Defensor,1,0,0,3,0,0.00,1,0,0,0,1,15
Juergen Croy,Alemania Oriental,1974,1,Arquero,6,6,0,0,0,0.00,1,0,2,2,2,6
Juergen Grabowski,Alemania Occidental,1966,20,Delantero,0,0,0,6,0,0.00,0,0,0,0,0,2
Juergen Grabowski,Alemania Occidental,1970,20,Delantero,5,1,0,1,0,0.00,0,0,4,0,1,3
Juergen Grabowski,Alemania Occidental,1974,9,Delantero,6,5,0,1,1,0.17,0,0,5,0,1,1
Juergen Klinsmann,Alemania Occidental,1990,18,Delantero,7,7,0,0,3,0.43,1,0,5,2,0,1
Juergen Klinsmann,Alemania Occidental,1994,18,Delantero,5,5,0,0,5,1.00,2,0,3,1,1,5
Juergen Klinsmann,Alemania Occidental,1998,18,Delantero,5,5,5,0,3,0.60,1,0,3,1,1,7
Juergen Kohler,Alemania Occidental,1990,4,Defensor,4,4,0,3,0,0.00,0,0,3,1,0,1
Juergen Kohler,Alemania Occidental,1994,4,Defensor,5,5,0,0,0,0.00,1,0,3,1,1,5
Juergen Kohler,Alemania Occidental,1998,4,Defensor,4,4,0,1,0,0.00,0,0,2,1,1,7
Juergen Kurbjuhn,Alemania Occidental,1962,13,Defensor,0,0,0,4,0,0.00,0,0,0,0,0,7
Juergen Pommerenke,Alemania Oriental,1974,7,Mediocampista,3,3,0,3,0,0.00,0,0,1,1,1,6
Juergen Sommer,Estados Unidos,1994,12,Arquero,0,0,0,4,0,0.00,0,0,0,0,0,14
Juergen Sommer,Estados Unidos,1998,16,Arquero,0,0,0,3,0,0.00,0,0,0,0,0,32
Juergen Sparwasser,Alemania Oriental,1974,14,Mediocampista,6,6,0,0,1,0.17,2,0,2,2,2,6
Juergen Werner,Alemania Occidental,1962,14,Defensor,0,0,0,4,0,0.00,0,0,0,0,0,7
Julen Guerrero,España,1994,8,Mediocampista,2,2,0,3,0,0.00,0,0,1,1,0,8
Julen Guerrero,España,1998,8,Mediocampista,1,0,0,2,0,0.00,1,0,1,0,0,17
Julen Lopetegui,España,1994,22,Arquero,0,0,0,5,0,0.00,0,0,0,0,0,8
Jules Denis Onana,Camerún,1990,3,Defensor,3,3,0,2,0,0.00,2,0,2,0,1,7
Jules Koundé,Francia,2022,5,Defensor,6,5,0,1,0,0.00,1,0,5,1,0,2
Jules Pappaert,Bélgica,1934,-,Defensor,0,0,0,1,0,0.00,0,0,0,0,0,15
Jules Vandooren,Francia,1934,-,Defensor,0,0,0,1,0,0.00,0,0,0,0,0,9
Jules Vandooren,Francia,1938,-,Defensor,0,0,0,2,0,0.00,0,0,0,0,0,8
Julian Alvarez,Argentina,2022,9,Delantero,7,5,0,0,4,0.57,0,0,4,2,1,1
Julian Brandt,Alemania,2018,20,Mediocampista,3,0,0,0,0,0.00,0,0,1,0,2,22
Julian Brandt,Alemania,2022,17,Mediocampista,0,0,0,3,0,0.00,0,0,0,0,0,17
Julian Coronel,Paraguay,1986,22,Arquero,0,0,0,4,0,0.00,0,0,0,0,0,13
Julian Draxler,Alemania,2014,14,Mediocampista,1,0,0,6,0,0.00,0,0,1,0,0,1
Julian Draxler,Alemania,2018,7,Mediocampista,2,2,0,1,0,0.00,0,0,1,0,1,22
Julian Green,Estados Unidos,2014,16,Mediocampista,1,0,0,3,1,1.00,0,0,0,0,1,15
Julien Darui,Francia,1938,-,Arquero,0,0,0,2,0,0.00,0,0,0,0,0,8
Julinho,Brasil,1954,7,Delantero,3,3,0,0,2,0.67,0,0,1,1,1,6
Julio Abbadie,Uruguay,1954,7,Delantero,4,4,0,1,2,0.50,0,0,3,0,1,4
Julio Alberto,España,1986,11,Defensor,3,3,0,2,0,0.00,1,0,1,1,1,7
Julio Baldivieso,Bolivia,1994,22,Mediocampista,2,2,0,1,0,0.00,2,0,0,1,1,21
Julio Baptista,Brasil,2010,19,Mediocampista,1,1,0,4,0,0.00,0,0,0,1,0,6
Julio Baylon,Perú,1970,8,Mediocampista,2,2,0,2,0,0.00,0,0,1,0,1,7
Julio Cardenosa,España,1978,11,Mediocampista,3,3,0,0,0,0.00,0,0,1,1,1,10
Julio Cesar,Brasil,1986,14,Defensor,5,5,0,0,0,0.00,0,0,4,1,0,5
Julio Cesar,Brasil,2006,22,Arquero,0,0,0,5,0,0.00,0,0,0,0,0,5
Julio Cesar,Brasil,2010,1,Arquero,5,5,0,0,0,0.00,0,0,3,1,1,6
Julio Cesar,Brasil,2014,12,Arquero,7,7,0,0,0,0.00,1,0,3,2,2,4
Julio Cesar Arzu,Honduras,1982,21,Arquero,3,3,0,0,0,0.00,0,0,0,2,1,18
Julio Cesar Britos,Uruguay,1950,-,Delantero,0,0,0,4,0,0.00,0,0,0,0,0,1
Julio Cesar Caceres,Paraguay,2002,18,Defensor,4,4,0,0,0,0.00,1,0,1,1,2,16
Julio Cesar Caceres,Paraguay,2006,5,Defensor,3,3,0,0,0,0.00,0,0,1,0,2,18
Julio Cesar Caceres,Paraguay,2010,5,Defensor,1,1,0,4,0,0.00,0,0,0,1,0,8
Jerry Palacios,Honduras,2010,10,Delantero,2,1,0,1,0,0.00,0,0,0,1,1,30
Jerry Palacios,Honduras,2014,9,Delantero,1,0,0,2,0,0.00,1,0,0,0,1,31
Julio Cesar Enciso,Paraguay,1998,16,Mediocampista,4,4,0,0,0,0.00,1,0,1,2,1,14
Julio Cesar Jimenez,Uruguay,1974,17,Mediocampista,0,0,0,3,0,0.00,0,0,0,0,0,13
Julio Cesar Romero,Paraguay,1986,8,Mediocampista,4,4,0,0,2,0.50,1,0,1,2,1,13
Julio Cesar Uribe,Perú,1982,9,Mediocampista,3,2,0,0,0,0.00,0,0,0,2,1,20
Julio Cesar Yegros,Paraguay,1998,7,Delantero,4,0,0,0,0,0.00,0,0,1,2,1,14
Julio Cortes,Uruguay,1962,8,Mediocampista,1,1,0,2,0,0.00,0,0,0,0,1,13
Julio Cortes,Uruguay,1966,7,Mediocampista,4,4,0,0,1,0.25,0,0,1,2,1,7
Julio Cortes,Uruguay,1970,20,Mediocampista,6,5,0,0,0,0.00,1,0,2,1,3,4
Julio Cruz,Argentina,2006,20,Delantero,2,0,0,3,0,0.00,1,0,0,2,0,6
Julio Dos Santos,Paraguay,2006,19,Mediocampista,2,1,0,1,0,0.00,1,0,1,0,1,18
Julio Hernandez,El Salvador,1982,19,Arquero,0,0,0,3,0,0.00,0,0,0,0,0,24
Julio Lores,Perú,1930,-,Delantero,2,2,0,0,0,0.00,0,0,0,0,2,10
Julio Losada,Uruguay,1970,21,Delantero,2,2,0,4,0,0.00,0,0,1,0,1,4
Julio Maceiras,Uruguay,1954,12,Arquero,0,0,0,5,0,0.00,0,0,0,0,0,4
Julio Manzur,Paraguay,2006,15,Defensor,1,0,0,2,0,0.00,0,0,1,0,0,18
Julio Montero Castillo,Uruguay,1970,5,Mediocampista,6,6,0,0,0,0.00,1,0,2,1,3,4
Julio Montero Castillo,Uruguay,1974,5,Defensor,1,1,0,2,0,0.00,0,1,0,0,1,13
Julio Morales,Uruguay,1970,11,Delantero,3,3,0,3,0,0.00,0,0,1,0,2,4
Julio Mussimesi,Argentina,1958,12,Arquero,0,0,0,3,0,0.00,0,0,0,0,0,13
Julio Olarticoechea,Argentina,1982,13,Defensor,0,0,0,5,0,0.00,0,0,0,0,0,11
Julio Olarticoechea,Argentina,1986,16,Defensor,7,3,0,0,0,0.00,1,0,6,1,0,1
Julio Olarticoechea,Argentina,1990,16,Mediocampista,5,5,0,2,0,0.00,2,0,2,3,0,2
Julio Perez,Uruguay,1950,-,Delantero,4,4,0,0,1,0.25,0,0,3,1,0,1
Julio Perez,Uruguay,1954,21,Delantero,0,0,0,5,0,0.00,0,0,0,0,0,4
Julio Quintana,Perú,1930,-,Mediocampista,0,0,0,2,0,0.00,0,0,0,0,0,10
Julio Salinas,España,1986,19,Delantero,5,5,0,0,1,0.20,0,0,3,1,1,7
Julio Salinas,España,1990,19,Delantero,3,3,0,1,1,0.33,0,0,2,0,1,10
Julio Salinas,España,1994,19,Delantero,4,3,0,1,1,0.25,1,0,1,2,1,8
Julius Aghahowa,Nigeria,2002,17,Delantero,3,3,0,0,1,0.33,0,0,0,1,2,27
Julius Bielik,Checoslovaquia,1990,2,Defensor,2,0,0,3,0,0.00,0,0,1,0,1,6
Julius Hjulian,Estados Unidos,1934,-,Arquero,1,1,0,0,0,0.00,0,0,0,0,1,16
Jun-ho Son,Corea del Sur,2022,13,Mediocampista,3,0,0,1,0,0.00,0,0,1,1,1,16
Jun Il Ri,Corea del Norte,2010,3,Defensor,3,3,0,0,0,0.00,0,0,0,0,3,32
Jung Bae Park,Corea del Sur,1994,5,Defensor,3,3,0,0,0,0.00,1,0,0,2,1,20
Jung Hwan Ahn,Corea del Sur,2002,19,Mediocampista,7,4,0,0,2,0.29,1,0,3,2,2,4
Jung Hwan Ahn,Corea del Sur,2006,9,Delantero,3,0,0,0,1,0.33,1,0,1,1,1,17
Jung Hwan Ahn,Corea del Sur,2010,9,Delantero,0,0,0,4,0,0.00,0,0,0,0,0,15
Jung Moo Huh,Corea del Sur,1986,17,Mediocampista,3,3,0,0,1,0.33,1,0,0,1,2,20
Jung Soo Lee,Corea del Sur,2010,14,Defensor,4,4,0,0,2,0.50,0,0,1,1,2,15
Jung Won Seo,Corea del Sur,1994,11,Delantero,3,1,0,0,1,0.33,0,0,0,2,1,20
Jung Won Seo,Corea del Sur,1998,11,Delantero,3,2,0,0,0,0.00,0,0,0,1,2,30
Jung Woo Kim,Corea del Sur,2010,8,Mediocampista,4,4,0,0,0,0.00,1,0,1,1,2,15
Jung Yoon Noh,Corea del Sur,1994,8,Mediocampista,2,2,0,1,0,0.00,0,0,0,2,0,20
Jung Yoon Noh,Corea del Sur,1998,8,Mediocampista,1,1,0,2,0,0.00,0,0,0,0,1,30
Junichi Inamoto,Japón,2002,5,Mediocampista,4,4,0,0,2,0.50,1,0,2,1,1,9
Junichi Inamoto,Japón,2006,17,Mediocampista,2,1,0,1,0,0.00,0,0,0,1,1,29
Junichi Inamoto,Japón,2010,20,Mediocampista,2,0,0,2,0,0.00,0,0,2,0,0,9
Juninho,Brasil,1982,14,Defensor,0,0,0,5,0,0.00,0,0,0,0,0,5
Juninho Paulista,Brasil,2002,19,Mediocampista,5,4,0,2,0,0.00,0,0,5,0,0,1
Juninho Pernambucano,Brasil,2006,19,Mediocampista,3,2,0,2,1,0.33,0,0,2,0,1,5
Junior,Brasil,1982,6,Defensor,5,5,0,0,1,0.20,0,0,4,0,1,5
Junior,Brasil,1986,6,Defensor,5,5,0,0,0,0.00,0,0,4,1,0,5
Junior,Brasil,2002,16,Defensor,1,1,0,6,1,1.00,0,0,1,0,0,1
Junior Baiano,Brasil,1998,4,Defensor,7,7,0,0,0,0.00,2,0,4,1,2,2
Júnior Díaz,Costa Rica,2014,15,Defensor,5,5,0,0,0,0.00,1,0,2,3,0,8
Junior Hoilett,Canadá,2022,10,Mediocampista,3,2,0,0,0,0.00,1,0,0,0,3,31
Junya Ito,Japón,2022,14,Mediocampista,4,3,0,0,0,0.00,0,0,2,1,1,9
Junzhe Zhao,China,2002,15,Mediocampista,2,2,0,1,0,0.00,0,0,0,0,2,31
Jupp Heynckes,Alemania Occidental,1974,11,Delantero,2,2,0,5,0,0.00,0,0,2,0,0,1
Jupp Kappellmann,Alemania Occidental,1974,19,Mediocampista,0,0,0,7,0,0.00,0,0,0,0,0,1
Jupp Posipal,Alemania Occidental,1954,7,Defensor,5,5,0,1,0,0.00,0,0,4,0,1,1
Juraj Kucka,Eslovaquia,2010,19,Mediocampista,3,2,0,1,0,0.00,1,0,1,1,1,16
Jurandir,Brasil,1962,14,Defensor,0,0,0,6,0,0.00,0,0,0,0,0,1
Juri Lodygin,Rusia,2014,12,Arquero,0,0,0,3,0,0.00,0,0,0,0,0,24
Jurica Jerkovic,Yugoslavia,1974,12,Mediocampista,3,1,0,3,0,0.00,0,0,0,0,3,7
Jurica Jerkovic,Yugoslavia,1982,17,Mediocampista,0,0,0,3,0,0.00,0,0,0,0,0,16
Jurica Vranjes,Croacia,2002,16,Mediocampista,2,0,0,1,0,0.00,0,0,1,0,1,23
Jurica Vranjes,Croacia,2006,6,Mediocampista,0,0,0,3,0,0.00,0,0,0,0,0,22
Jurrïen Timber,Paises Bajos,2022,2,Defensor,4,4,0,1,0,0.00,1,0,2,2,0,5
Just Fontaine,Francia,1958,17,Delantero,6,6,0,0,13,2.17,0,0,4,0,2,3
Justice Christopher,Nigeria,2002,15,Mediocampista,3,2,0,0,0,0.00,0,0,0,1,2,27
Justin Bijlow,Paises Bajos,2022,13,Arquero,0,0,0,5,0,0.00,0,0,0,0,0,5
Justo Villar,Paraguay,2002,12,Arquero,0,0,0,4,0,0.00,0,0,0,0,0,16
Justo Villar,Paraguay,2006,1,Arquero,1,1,0,2,0,0.00,0,0,0,0,1,18
Justo Villar,Paraguay,2010,1,Arquero,5,5,4,0,0,0.00,0,0,1,3,1,8
Juvenal,Brasil,1950,-,Defensor,6,6,0,0,0,0.00,0,0,4,1,1,2
Juwon Oshaniwa,Nigeria,2014,13,Defensor,4,4,0,0,0,0.00,1,0,1,1,2,16
Kabasu Babo,Zaire,1974,11,Defensor,0,0,0,3,0,0.00,0,0,0,0,0,16
Kacmaz Akgun,Turquía,1954,18,Defensor,0,0,0,3,0,0.00,0,0,0,0,0,11
Kader Keita,Costa de Marfil,2006,18,Mediocampista,2,2,0,1,0,0.00,1,0,1,0,1,19
Kader Keita,Costa de Marfil,2010,18,Delantero,3,1,0,0,0,0.00,0,0,1,1,1,17
Kafula Ngoye,Zaire,1974,17,Mediocampista,0,0,0,3,0,0.00,0,0,0,0,0,16
Kagisho Dikgacoi,Sudáfrica,2010,13,Mediocampista,2,2,0,1,0,0.00,2,0,0,1,1,20
Kai Havertz,Alemania,2022,7,Delantero,2,1,0,1,2,1.00,0,0,1,0,1,17
Kais Ghodhbane,Túnez,1998,10,Mediocampista,3,2,0,0,0,0.00,1,0,0,1,2,26
Kais Ghodhbane,Túnez,2002,10,Mediocampista,2,2,0,1,0,0.00,1,0,0,1,1,29
Kais Ghodhbane,Túnez,2006,10,Mediocampista,3,0,0,0,0,0.00,0,0,0,1,2,24
Kaká,Brasil,2002,23,Delantero,1,0,0,6,0,0.00,0,0,1,0,0,1
Kaká,Brasil,2006,8,Mediocampista,5,5,0,0,1,0.20,0,0,4,0,1,5
Kaká,Brasil,2010,10,Mediocampista,4,4,0,1,0,0.00,1,1,3,0,1,6
Kakhi Asatiani,URSS,1970,11,Mediocampista,4,3,0,0,1,0.25,1,0,2,1,1,5
Kakoko Etepe,Zaire,1974,21,Delantero,2,2,0,1,0,0.00,0,0,0,0,2,16
Kalambay Otepa,Zaire,1974,22,Arquero,0,0,0,3,0,0.00,0,0,0,0,0,16
Kali,Angola,2006,5,Defensor,3,3,0,0,0,0.00,0,0,0,2,1,23
Kalidou Cissokho,Senegal,2002,22,Arquero,0,0,0,5,0,0.00,0,0,0,0,0,7
Kalidou Koulibaly,Senegal,2018,3,Defensor,3,3,0,0,0,0.00,0,0,1,1,1,17
Kalidou Koulibaly,Senegal,2022,3,Defensor,4,4,4,0,1,0.25,1,0,2,0,2,10
Kalle Svensson,Suecia,1950,-,Arquero,5,5,0,0,0,0.00,0,0,2,1,2,3
Kalle Svensson,Suecia,1958,1,Arquero,6,6,0,0,0,0.00,0,0,4,1,1,2
Kalman Ihasz,Hungría,1962,13,Defensor,0,0,0,4,0,0.00,0,0,0,0,0,5
Kalman Ihasz,Hungría,1966,18,Defensor,0,0,0,4,0,0.00,0,0,0,0,0,6
Kalman Kovacs,Hungría,1986,20,Delantero,1,1,0,2,0,0.00,0,0,0,0,1,18
Kalman Meszoly,Hungría,1962,3,Defensor,4,4,0,0,0,0.00,0,0,2,1,1,5
Kalman Meszoly,Hungría,1966,5,Defensor,4,4,0,0,2,0.50,0,0,2,0,2,6
Kalman Sovari,Hungría,1962,12,Defensor,0,0,0,4,0,0.00,0,0,0,0,0,5
Kalman Sovari,Hungría,1966,4,Defensor,1,1,0,3,0,0.00,0,0,0,0,1,6
Kalu Uche,Nigeria,2010,12,Mediocampista,3,2,0,0,2,0.67,0,0,0,1,2,27
Kalvin Phillips,Inglaterra,2022,14,Mediocampista,2,0,0,3,0,0.00,0,0,2,0,0,6
Kamal Miller,Canadá,2022,4,Defensor,3,3,0,0,0,0.00,1,0,0,0,3,31
Kamal Sowah,Ghana,2022,24,Mediocampista,0,0,0,3,0,0.00,0,0,0,0,0,24
Kamaldeen Sulemana,Ghana,2022,22,Mediocampista,2,0,0,1,0,0.00,1,0,1,0,1,24
Kamel Chebali,Túnez,1978,18,Defensor,0,0,0,3,0,0.00,0,0,0,0,0,9
Kamel Mansour,Egipto,1934,-,Delantero,0,0,0,1,0,0.00,0,0,0,0,0,13
Kamel Masoud,Egipto,1934,-,Arquero,1,1,0,0,0,0.00,0,0,0,0,1,13
Kamil Glik,Polonia,2018,15,Defensor,2,1,0,1,0,0.00,0,0,1,0,1,25
Kamil Glik,Polonia,2022,15,Defensor,4,4,0,0,0,0.00,0,0,1,1,2,15
Kamil Grabara,Polonia,2022,22,Arquero,0,0,0,4,0,0.00,0,0,0,0,0,15
Kamil Grosicki,Polonia,2018,11,Mediocampista,3,2,0,0,0,0.00,0,0,1,0,2,25
Kamil Grosicki,Polonia,2022,11,Mediocampista,1,0,0,3,0,0.00,0,0,0,0,1,15
Kamil Kopunek,Eslovaquia,2010,20,Mediocampista,2,0,0,2,1,0.50,1,0,1,0,1,16
Kamil Kosowski,Polonia,2006,5,Mediocampista,1,0,0,2,0,0.00,0,0,0,0,1,21
Kang Hee Choi,Corea del Sur,1990,3,Defensor,3,3,0,0,0,0.00,1,0,0,0,3,22
Kang-in Lee,Corea del Sur,2022,18,Mediocampista,4,1,0,0,0,0.00,1,0,1,1,2,16
Kanga Akale,Costa de Marfil,2006,2,Mediocampista,3,2,0,0,0,0.00,0,0,1,0,2,19
Kaoru Mitoma,Japón,2022,9,Mediocampista,4,0,0,0,0,0.00,0,0,2,1,1,9
Kara Mbodji,Senegal,2018,4,Defensor,0,0,0,3,0,0.00,0,0,0,0,0,17
Karel Burkert,Checoslovaquia,1938,-,Arquero,1,1,0,2,0,0.00,0,0,0,0,1,5
Karel Kolsky,Checoslovaquia,1938,-,Mediocampista,0,0,0,3,0,0.00,0,0,0,0,0,5
Karel Ooms,Paises Bajos,1938,-,Delantero,0,0,0,1,0,0.00,0,0,0,0,0,14
Karel Poborsky,República Checa,2006,8,Mediocampista,3,3,0,0,0,0.00,0,0,1,0,2,20
Karel Senecky,Checoslovaquia,1938,-,Delantero,1,1,0,2,0,0.00,0,0,0,0,1,5
Karel Stromsik,Checoslovaquia,1982,22,Arquero,2,1,0,1,0,0.00,0,0,0,1,1,19
Kári Árnason,Islandia,2018,14,Defensor,2,2,0,1,0,0.00,0,0,0,1,1,28
Karim Adeyemi,Alemania,2022,24,Delantero,0,0,0,3,0,0.00,0,0,0,0,0,17
Karim Ansarifard,Irán,2014,10,Delantero,1,0,0,2,0,0.00,1,0,0,0,1,28
Karim Ansarifard,Irán,2018,10,Delantero,3,2,0,0,1,0.33,1,0,1,1,1,18
Karim Ansarifard,Irán,2022,10,Delantero,2,0,0,1,0,0.00,0,0,1,0,1,26
Karim Bagheri,Irán,1998,6,Mediocampista,3,3,0,0,0,0.00,0,0,1,0,2,20
Karim Benzema,Francia,2014,10,Delantero,5,5,0,0,3,0.60,0,0,3,1,1,7
Karim Benzema,Francia,2022,19,Delantero,0,0,0,7,0,0.00,0,0,0,0,0,2
Karim Boudiaf,Catar,2022,12,Mediocampista,3,2,0,0,0,0.00,1,0,0,0,3,32
Karim El Ahmadi,Marruecos,2018,8,Mediocampista,3,3,0,0,0,0.00,2,0,0,1,2,27
Karim Essediri,Túnez,2006,2,Delantero,1,0,0,2,0,0.00,0,0,0,1,0,24
Karim Haggui,Túnez,2006,3,Defensor,3,3,0,0,0,0.00,1,0,0,1,2,24
Karim Maroc,Argelia,1982,18,Mediocampista,0,0,0,3,0,0.00,0,0,0,0,0,13
Karim Maroc,Argelia,1986,8,Mediocampista,2,2,0,1,0,0.00,0,0,0,1,1,22
Karim Matmour,Argelia,2010,13,Mediocampista,3,3,0,0,0,0.00,0,0,0,1,2,28
Karim Mohamed,Iraq,1986,13,Defensor,0,0,0,3,0,0.00,0,0,0,0,0,23
Karim Saidi,Túnez,2006,21,Defensor,0,0,0,3,0,0.00,0,0,0,0,0,24
Karim Ziani,Argelia,2010,15,Mediocampista,3,3,0,0,0,0.00,0,0,0,1,2,28
Karl Allgoewer,Alemania Occidental,1986,13,Mediocampista,0,0,0,7,0,0.00,0,0,0,0,0,2
Karl Erik Grahn,Suecia,1938,-,Mediocampista,0,0,0,3,0,0.00,0,0,0,0,0,4
Karl-Erik Palmer,Suecia,1950,-,Delantero,5,5,0,0,3,0.60,0,0,2,1,2,3
Karl Giesser,Austria,1954,14,Mediocampista,0,0,0,5,0,0.00,0,0,0,0,0,3
Karl-Heinz Foerster,Alemania Occidental,1982,4,Defensor,7,7,0,0,0,0.00,0,0,3,2,2,2
Karl-Heinz Foerster,Alemania Occidental,1986,4,Defensor,7,7,0,0,0,0.00,1,0,3,2,2,2
Karl-Heinz Metzner,Alemania Occidental,1954,11,Mediocampista,0,0,0,6,0,0.00,0,0,0,0,0,1
Karl-Heinz Rummenigge,Alemania Occidental,1978,11,Delantero,5,5,0,1,3,0.60,0,0,1,3,1,6
Karl-Heinz Rummenigge,Alemania Occidental,1982,11,Delantero,7,6,6,0,5,0.71,0,0,3,2,2,2
Karl-Heinz Rummenigge,Alemania Occidental,1986,11,Delantero,7,4,4,0,1,0.14,0,0,3,2,2,2
Karl-Heinz Schnellinger,Alemania Occidental,1958,17,Defensor,2,2,0,4,0,0.00,0,0,0,1,1,4
Karl-Heinz Schnellinger,Alemania Occidental,1962,3,Defensor,4,4,0,0,0,0.00,0,0,2,1,1,7
Karl-Heinz Schnellinger,Alemania Occidental,1966,3,Defensor,6,6,0,0,0,0.00,0,0,4,1,1,2
Karl-Heinz Schnellinger,Alemania Occidental,1970,3,Defensor,5,5,0,1,1,0.20,0,0,4,0,1,3
Karl Hohmann,Alemania,1934,-,Delantero,2,2,0,2,2,1.00,0,0,2,0,0,3
Karl-Johan Johnsson,Suecia,2018,12,Arquero,0,0,0,5,0,0.00,0,0,0,0,0,7
Karl Johnsson,Suecia,1934,-,Mediocampista,0,0,0,2,0,0.00,0,0,0,0,0,8
Karl Koller,Austria,1954,6,Mediocampista,5,5,0,0,0,0.00,0,0,4,0,1,3
Karl Koller,Austria,1958,6,Mediocampista,3,3,0,0,1,0.33,0,0,0,1,2,15
Karl Loken,Noruega,1994,15,Defensor,0,0,0,3,0,0.00,0,0,0,0,0,17
Karl Mai,Alemania Occidental,1954,8,Mediocampista,5,5,0,1,0,0.00,0,0,5,0,0,1
Karl Odermatt,Suiza,1966,15,Mediocampista,1,1,0,2,0,0.00,0,0,0,0,1,16
Karl Sesta,Austria,1934,-,Defensor,4,4,0,0,1,0.25,0,0,2,0,2,4
Karl Stotz,Austria,1954,12,Mediocampista,0,0,0,5,0,0.00,0,0,0,0,0,3
Karl Stotz,Austria,1958,16,Mediocampista,1,1,0,2,0,0.00,0,0,0,0,1,15
Karl Svensson,Suecia,2006,15,Defensor,0,0,0,4,0,0.00,0,0,0,0,0,14
Karl Toko-Ekambi,Camerún,2022,12,Delantero,3,2,0,0,0,0.00,0,0,1,1,1,19
Karl Zischek,Austria,1934,-,Delantero,4,4,0,0,1,0.25,0,0,2,0,2,4
Karlheinz Riedle,Alemania Occidental,1990,13,Delantero,4,1,0,3,0,0.00,0,0,3,1,0,1
Karlheinz Riedle,Alemania Occidental,1994,9,Delantero,2,2,0,3,1,0.50,0,0,2,0,0,5
Karol Dobias,Checoslovaquia,1970,2,Defensor,3,3,0,0,0,0.00,1,0,0,0,3,15
Karol Jokl,Checoslovaquia,1970,11,Delantero,3,2,0,0,0,0.00,0,0,0,0,3,15
Karol Linetty,Polonia,2018,8,Mediocampista,0,0,0,3,0,0.00,0,0,0,0,0,25
Karol Swiderski,Polonia,2022,16,Delantero,1,1,0,3,0,0.00,0,0,0,0,1,15
Karoly Csapo,Hungría,1978,13,Mediocampista,3,2,0,0,1,0.33,0,0,0,0,3,15
Karoly Csapo,Hungría,1982,17,Mediocampista,0,0,0,3,0,0.00,0,0,0,0,0,14
Karoly Sandor,Hungría,1958,11,Delantero,3,3,0,1,1,0.33,0,0,1,1,1,10
Karoly Sandor,Hungría,1962,7,Delantero,3,3,0,1,0,0.00,0,0,2,0,1,5
Kasey Keller,Estados Unidos,1990,18,Arquero,0,0,0,3,0,0.00,0,0,0,0,0,23
Kasey Keller,Estados Unidos,1998,18,Arquero,2,2,0,1,0,0.00,0,0,0,0,2,32
Kasey Keller,Estados Unidos,2002,18,Arquero,0,0,0,5,0,0.00,0,0,0,0,0,8
Kasey Keller,Estados Unidos,2006,18,Arquero,3,3,0,0,0,0.00,0,0,0,1,2,25
Kasper Bogelund,Dinamarca,2002,20,Defensor,2,0,0,2,0,0.00,0,0,1,0,1,10
Kasper Dolberg,Dinamarca,2018,12,Delantero,1,0,0,3,0,0.00,0,0,0,1,0,11
Kasper Dolberg,Dinamarca,2022,12,Delantero,3,1,0,0,0,0.00,0,0,0,1,2,28
Kasper Schmeichel,Dinamarca,2018,1,Arquero,4,4,0,0,0,0.00,0,0,1,3,0,11
Kasper Schmeichel,Dinamarca,2022,1,Arquero,3,3,1,0,0,0.00,0,0,0,1,2,28
Kassem Slimani,Marruecos,1970,5,Defensor,3,3,0,0,0,0.00,0,0,0,1,2,14
Katlego Mphela,Sudáfrica,2010,9,Delantero,3,3,0,0,1,0.33,0,0,1,1,1,20
Kazadi Muamba,Zaire,1974,1,Arquero,3,3,0,0,0,0.00,0,0,0,0,3,16
Kazimierz Deyna,Polonia,1974,12,Mediocampista,7,7,7,0,3,0.43,0,0,6,0,1,3
Kazimierz Deyna,Polonia,1978,12,Mediocampista,6,6,6,0,1,0.17,0,0,3,1,2,5
Kazimierz Kmiecik,Polonia,1974,21,Delantero,2,0,0,5,0,0.00,0,0,1,0,1,3
Kazimierz Lis,Polonia,1938,-,Mediocampista,0,0,0,1,0,0.00,0,0,0,0,0,11
Kazimierz Przybys,Polonia,1986,2,Defensor,2,1,0,2,0,0.00,0,0,0,1,1,14
Kazimir Gajdos,Checoslovaquia,1954,20,Delantero,0,0,0,2,0,0.00,0,0,0,0,0,14
Kazimir Gajdos,Checoslovaquia,1958,7,Delantero,0,0,0,4,0,0.00,0,0,0,0,0,9
Kazimir Hnatow,Francia,1958,9,Mediocampista,0,0,0,6,0,0.00,0,0,0,0,0,3
Kazuyuki Toda,Japón,2002,21,Mediocampista,4,4,0,0,0,0.00,2,0,2,1,1,9
Keanu Baccus,Australia,2022,26,Mediocampista,4,1,0,0,0,0.00,0,0,2,0,2,11
Kees Mijnders,Paises Bajos,1934,-,Delantero,0,0,0,1,0,0.00,0,0,0,0,0,9
Keiji Tamada,Japón,2006,20,Delantero,2,1,0,1,1,0.50,0,0,0,1,1,29
Keiji Tamada,Japón,2010,11,Delantero,2,0,0,2,0,0.00,0,0,0,1,1,9
Keisuke Honda,Japón,2010,18,Mediocampista,4,4,0,0,2,0.50,1,0,2,1,1,9
Keisuke Honda,Japón,2014,4,Delantero,3,3,0,0,1,0.33,0,0,0,1,2,29
Keisuke Honda,Japón,2018,4,Mediocampista,3,0,0,1,1,0.33,0,0,1,1,1,15
Keisuke Tsuboi,Japón,2006,19,Defensor,2,2,0,1,0,0.00,0,0,0,0,2,29
Keita Baldé,Senegal,2018,20,Delantero,1,1,0,2,0,0.00,0,0,0,0,1,17
Keith Mckay,Nueva Zelanda,1982,12,Mediocampista,3,3,0,0,0,0.00,0,0,0,0,3,23
Keith Newton,Inglaterra,1970,2,Defensor,3,3,0,1,0,0.00,0,0,2,0,1,8
Kelechi Iheanacho,Nigeria,2018,14,Delantero,3,2,0,0,0,0.00,0,0,1,0,2,21
Kellyn Acosta,Estados Unidos,2022,23,Mediocampista,2,0,0,2,0,0.00,1,0,1,1,0,14
Kelvin Jack,Trinidad y Tobago,2006,21,Arquero,1,1,0,2,0,0.00,0,0,0,0,1,27
Kembo Uba Kembo,Zaire,1974,9,Mediocampista,3,1,0,0,0,0.00,0,0,0,0,3,16
Ken Armstrong,Inglaterra,1954,19,Mediocampista,0,0,0,3,0,0.00,0,0,0,0,0,7
Ken Green,Inglaterra,1954,13,Defensor,0,0,0,3,0,0.00,0,0,0,0,0,7
Ken Jones,Gales,1958,12,Arquero,0,0,0,5,0,0.00,0,0,0,0,0,5
Ken Leek,Gales,1958,17,Delantero,0,0,0,5,0,0.00,0,0,0,0,0,5
Kendall Waston,Costa Rica,2018,19,Defensor,1,1,0,2,1,1.00,1,0,0,1,0,29
Kendall Waston,Costa Rica,2022,19,Defensor,3,2,0,0,0,0.00,0,0,1,0,2,27
Kengo Nakamura,Japón,2010,14,Mediocampista,1,0,0,3,0,0.00,0,0,0,1,0,9
Kenner Gutiérrez,Costa Rica,2018,22,Defensor,0,0,0,3,0,0.00,0,0,0,0,0,29
Kennet Andersson,Suecia,1994,19,Delantero,7,6,0,0,5,0.71,2,0,3,3,1,3
Kenneth Omeruo,Nigeria,2014,22,Defensor,4,4,0,0,0,0.00,1,0,1,1,2,16
Kenneth Omeruo,Nigeria,2018,22,Defensor,2,2,0,1,0,0.00,0,0,1,0,1,21
Kenneth Taylor,Paises Bajos,2022,24,Mediocampista,1,0,0,4,0,0.00,0,0,1,0,0,5
Kenny Burns,Escocia,1978,22,Defensor,2,2,0,1,0,0.00,0,0,0,1,1,11
Kenny Cresswell,Nueva Zelanda,1982,13,Mediocampista,3,3,0,0,0,0.00,0,0,0,0,3,23
Kenny Cunningham,Irlanda,2002,4,Defensor,2,0,0,2,0,0.00,0,0,0,2,0,12
Kenny Dalglish,Escocia,1974,8,Delantero,3,3,0,0,0,0.00,0,0,1,2,0,9
Kenny Dalglish,Escocia,1978,8,Delantero,3,3,0,0,1,0.33,0,0,1,1,1,11
Kenny Dalglish,Escocia,1982,8,Delantero,2,1,0,1,1,0.50,0,0,1,0,1,15
Kenny Sansom,Inglaterra,1982,17,Defensor,4,4,0,1,0,0.00,0,0,2,2,0,6
Kenny Sansom,Inglaterra,1986,3,Defensor,5,5,0,0,0,0.00,0,0,2,1,2,8
Kent Karlsson,Suecia,1974,3,Defensor,6,6,0,0,0,0.00,0,0,2,2,2,5
Kent Karlsson,Suecia,1978,19,Defensor,0,0,0,3,0,0.00,0,0,0,0,0,13
Kent Nielsen,Dinamarca,1986,17,Defensor,0,0,0,4,0,0.00,0,0,0,0,0,9
Kenwyne Jones,Trinidad y Tobago,2006,15,Delantero,2,1,0,1,0,0.00,1,0,0,0,2,27
Kepa Arrizabalaga,España,2018,13,Arquero,0,0,0,4,0,0.00,0,0,0,0,0,10
Kerry Dixon,Inglaterra,1986,21,Delantero,1,0,0,4,0,0.00,0,0,1,0,0,8
Keun Hak Lee,Corea del Norte,1966,9,Arquero,0,0,0,4,0,0.00,0,0,0,0,0,8
Keun-Ho Lee,Corea del Sur,2014,11,Delantero,3,0,0,0,1,0.33,0,0,0,1,2,27
Kevin Álvarez,México,2022,26,Defensor,2,1,0,1,0,0.00,0,0,1,0,1,22
Kevin De Bruyne,Bélgica,2014,7,Mediocampista,4,4,0,1,1,0.25,0,0,3,0,1,6
Kevin De Bruyne,Bélgica,2018,7,Mediocampista,6,6,0,1,1,0.17,1,0,5,0,1,3
Kevin De Bruyne,Bélgica,2022,7,Mediocampista,3,3,1,0,0,0.00,0,0,1,1,1,23
Kevin Gallacher,Escocia,1998,7,Delantero,3,3,0,0,0,0.00,1,0,0,1,2,27
Kevin Grosskreutz,Alemania,2014,2,Defensor,0,0,0,7,0,0.00,0,0,0,0,0,1
Kevin Keegan,Inglaterra,1982,7,Delantero,1,0,0,4,0,0.00,0,0,0,1,0,6
Kevin Kilbane,Irlanda,2002,11,Delantero,4,4,0,0,0,0.00,0,0,1,3,0,12
Kevin Mirallas,Bélgica,2014,11,Delantero,4,2,0,1,0,0.00,0,0,3,0,1,6
Kevin Moran,Irlanda,1990,5,Defensor,5,5,0,0,0,0.00,1,0,0,4,1,8
Kevin Moran,Irlanda,1994,4,Defensor,0,0,0,4,0,0.00,0,0,0,0,0,16
Kevin Prince Boateng,Ghana,2010,23,Delantero,5,5,0,0,1,0.20,0,0,2,2,1,7
Kevin Prince Boateng,Ghana,2014,9,Delantero,2,1,0,1,0,0.00,0,0,0,1,1,25
Kevin Rodríguez,Ecuador,2022,26,Delantero,2,0,0,1,0,0.00,0,0,1,1,0,18
Kevin Sheedy,Irlanda,1990,11,Mediocampista,5,5,0,0,1,0.20,0,0,0,4,1,8
Kevin Trapp,Alemania,2018,12,Arquero,0,0,0,3,0,0.00,0,0,0,0,0,22
Kevin Trapp,Alemania,2022,12,Arquero,0,0,0,3,0,0.00,0,0,0,0,0,17
Kew Jaliens,Paises Bajos,2006,2,Defensor,1,1,0,3,0,0.00,0,0,0,1,0,11
Keylor Navas,Costa Rica,2014,1,Arquero,5,5,0,0,0,0.00,1,0,2,3,0,8
Keylor Navas,Costa Rica,2018,1,Arquero,3,3,0,0,0,0.00,0,0,0,1,2,29
Keylor Navas,Costa Rica,2022,1,Arquero,3,3,3,0,0,0.00,0,0,1,0,2,27
Keysher Fuller,Costa Rica,2022,4,Defensor,3,3,0,0,1,0.33,0,0,1,0,2,27
Khadim N'Diaye,Senegal,2018,16,Arquero,3,3,0,0,0,0.00,0,0,1,1,1,17
Khaled Al Muwallid,Arabia Saudita,1994,14,Mediocampista,4,2,0,0,0,0.00,2,0,2,0,2,12
Khaled Al Muwallid,Arabia Saudita,1998,14,Mediocampista,2,1,0,1,0,0.00,1,0,0,0,2,28
Khaled Aziz,Arabia Saudita,2006,16,Mediocampista,3,3,0,0,0,0.00,0,0,0,1,2,28
Khaled Badra,Túnez,1998,21,Defensor,1,1,0,2,0,0.00,0,0,0,0,1,26
Khaled Badra,Túnez,2002,2,Defensor,3,3,2,0,0,0.00,1,0,0,1,2,29
Khaled Gasmi,Túnez,1978,4,Mediocampista,2,2,0,1,0,0.00,0,0,0,1,1,9
Khaleel Ghanim,Emiratos Arabes,1990,2,Defensor,3,3,0,0,0,0.00,0,1,0,0,3,24
Khalid Boulahrouz,Paises Bajos,2006,3,Defensor,4,2,0,0,0,0.00,1,1,2,1,1,11
Khalid Boulahrouz,Paises Bajos,2010,12,Defensor,2,2,0,5,0,0.00,1,0,2,0,0,2
Khalid Boutaïb,Marruecos,2018,13,Delantero,2,2,0,1,1,0.50,0,0,0,1,1,27
Khalid Ismail,Emiratos Arabes,1990,8,Mediocampista,2,2,0,1,1,0.50,0,0,0,0,2,24
Khalid Muneer,Catar,2022,18,Delantero,0,0,0,3,0,0.00,0,0,0,0,0,32
Khalil Azmi,Marruecos,1994,1,Arquero,2,2,1,1,0,0.00,0,0,0,0,2,23
Khalil Mohamed,Iraq,1986,3,Defensor,3,3,1,0,0,0.00,1,0,0,0,3,23
Khalilou Fadiga,Senegal,2002,10,Mediocampista,4,4,0,1,1,0.25,2,0,1,2,1,7
Khamis Al Dossari,Arabia Saudita,1998,16,Mediocampista,3,3,0,0,0,0.00,1,0,0,1,2,28
Khamis Al Dossari,Arabia Saudita,2002,16,Mediocampista,2,2,0,1,0,0.00,0,0,0,0,2,32
Khemais Labidi,Túnez,1978,12,Mediocampista,3,2,0,0,0,0.00,0,0,1,1,1,9
Khodadad Azizi,Irán,1998,11,Delantero,3,3,0,0,0,0.00,0,0,1,0,2,20
Khoren Oganesian,URSS,1982,10,Mediocampista,3,2,0,2,1,0.33,0,0,2,1,0,7
Khosro Heydari,Irán,2014,2,Mediocampista,3,1,0,0,0,0.00,0,0,0,1,2,28
Ki Hun Yeom,Corea del Sur,2010,19,Mediocampista,4,3,0,0,0,0.00,1,0,1,1,2,15
Ki Hyeon Seol,Corea del Sur,2002,9,Delantero,7,6,0,0,1,0.14,1,0,3,2,2,4
Ki Hyeon Seol,Corea del Sur,2006,11,Delantero,2,0,0,1,0,0.00,0,0,0,1,1,17
Ki Joo Li,Corea del Sur,1954,19,Delantero,1,1,0,1,0,0.00,0,0,0,0,1,16
Kibonge Mafu,Zaire,1974,15,Mediocampista,2,1,0,1,0,0.00,0,0,0,0,2,16
Kick Smit,Paises Bajos,1934,-,Delantero,1,1,0,0,1,1.00,0,0,0,0,1,9
Kick Smit,Paises Bajos,1938,-,Delantero,1,1,0,0,0,0.00,0,0,0,0,1,14
Kidumu Mantantu,Zaire,1974,10,Mediocampista,3,3,3,0,0,0.00,1,0,0,0,3,16
Kieffer Moore,Gales,2022,13,Delantero,3,2,0,0,0,0.00,0,0,0,1,2,30
Kieran Trippier,Inglaterra,2018,12,Defensor,6,6,0,1,1,0.17,0,0,3,1,2,4
Kieran Trippier,Inglaterra,2022,12,Defensor,3,2,0,2,0,0.00,0,0,2,1,0,6
Kieron Dyer,Inglaterra,2002,23,Mediocampista,3,0,0,2,0,0.00,0,0,1,1,1,6
Kiki Antenen,Suiza,1950,-,Delantero,2,2,0,1,1,0.50,0,0,1,0,1,6
Kiki Antenen,Suiza,1954,15,Delantero,3,3,0,1,0,0.00,0,0,1,0,2,5
Kiki Antenen,Suiza,1962,15,Delantero,3,3,3,0,0,0.00,0,0,0,0,3,16
Kiko,España,1998,19,Delantero,3,1,0,0,1,0.33,1,0,1,1,1,17
Kilasu Massamba,Zaire,1974,6,Mediocampista,3,2,0,0,0,0.00,0,0,0,0,3,16
Kim Kallstrom,Suecia,2006,16,Mediocampista,4,3,0,0,0,0.00,0,0,1,2,1,14
Kingsley Coman,Francia,2022,20,Delantero,6,1,0,1,0,0.00,0,0,4,1,1,2
Kiril Dojcinovski,Yugoslavia,1974,15,Defensor,0,0,0,6,0,0.00,0,0,0,0,0,7
Kiril Ivkov,Bulgaria,1974,19,Defensor,3,3,0,0,0,0.00,0,0,0,2,1,12
Kiril Milanov,Bulgaria,1974,14,Delantero,0,0,0,3,0,0.00,0,0,0,0,0,12
Kiril Rakarov,Bulgaria,1962,2,Defensor,2,2,2,1,0,0.00,0,0,0,0,2,15
Kisho Yano,Japón,2010,12,Delantero,1,0,0,3,0,0.00,0,0,1,0,0,9
Kjetil Rekdal,Noruega,1994,10,Mediocampista,3,1,0,0,1,0.33,0,0,1,1,1,17
Kjetil Rekdal,Noruega,1998,10,Mediocampista,4,4,0,0,1,0.25,2,0,1,2,1,15
Klaas Jan Huntelaar,Paises Bajos,2010,21,Delantero,4,0,0,3,1,0.25,0,0,4,0,0,2
Klaas Jan Huntelaar,Paises Bajos,2014,19,Delantero,3,0,0,4,1,0.33,2,0,1,2,0,3
Klas Ingesson,Suecia,1990,10,Mediocampista,3,3,0,0,0,0.00,0,0,0,0,3,21
Klas Ingesson,Suecia,1994,8,Mediocampista,7,7,0,0,0,0.00,1,0,3,3,1,3
Klaus Allofs,Alemania Occidental,1986,19,Delantero,7,7,0,0,2,0.29,1,0,3,2,2,2
Klaus Augenthaler,Alemania Occidental,1986,15,Defensor,2,2,0,5,0,0.00,0,0,1,1,0,2
Klaus Augenthaler,Alemania Occidental,1990,5,Defensor,7,7,0,0,0,0.00,0,0,5,2,0,1
Klaus Berggreen,Dinamarca,1986,9,Mediocampista,3,3,0,1,0,0.00,1,0,2,0,1,9
Klaus-Dieter Sieloff,Alemania Occidental,1966,18,Defensor,0,0,0,6,0,0.00,0,0,0,0,0,2
Klaus-Dieter Sieloff,Alemania Occidental,1970,18,Defensor,0,0,0,6,0,0.00,0,0,0,0,0,3
Klaus Fichtel,Alemania Occidental,1970,11,Defensor,5,5,0,1,0,0.00,0,0,5,0,0,3
Klaus Fischer,Alemania Occidental,1978,9,Delantero,5,4,0,1,0,0.00,0,0,1,3,1,6
Klaus Fischer,Alemania Occidental,1982,8,Delantero,6,3,0,1,2,0.33,1,0,2,2,2,2
Klaus Lindenberger,Austria,1982,22,Arquero,0,0,0,5,0,0.00,0,0,0,0,0,8
Klaus Lindenberger,Austria,1990,1,Arquero,3,3,0,0,0,0.00,1,0,1,0,2,18
Kleberson,Brasil,2002,15,Mediocampista,5,3,0,2,0,0.00,0,0,5,0,0,1
Kleberson,Brasil,2010,20,Mediocampista,1,0,0,4,0,0.00,0,0,1,0,0,6
Knut Brynildsen,Noruega,1938,-,Delantero,1,1,0,0,0,0.00,0,0,0,0,1,12
Knut Hansson,Suecia,1938,-,Delantero,0,0,0,3,0,0.00,0,0,0,0,0,4
Knut Kroon,Suecia,1934,-,Delantero,2,2,0,0,1,0.50,0,0,1,0,1,8
Knut Nordahl,Suecia,1950,-,Mediocampista,3,3,0,2,0,0.00,0,0,1,1,1,3
Ko Itakura,Japón,2022,4,Defensor,3,3,0,1,0,0.00,2,0,2,0,1,9
Kodjovi Obilale,Togo,2006,22,Arquero,0,0,0,3,0,0.00,0,0,0,0,0,30
Koebi Kuhn,Suiza,1966,11,Mediocampista,2,2,0,1,0,0.00,0,0,0,0,2,16
Koen Casteels,Bélgica,2018,13,Arquero,0,0,0,7,0,0.00,0,0,0,0,0,3
Koen Casteels,Bélgica,2022,13,Arquero,0,0,0,3,0,0.00,0,0,0,0,0,23
Koji Nakata,Japón,2002,16,Defensor,4,4,0,0,0,0.00,1,0,2,1,1,9
Koji Nakata,Japón,2006,6,Defensor,1,0,0,2,0,0.00,0,0,0,0,1,29
Koke,España,2014,17,Mediocampista,2,1,0,1,0,0.00,0,0,1,0,1,23
Koke,España,2018,8,Mediocampista,3,2,0,1,0,0.00,0,0,1,2,0,10
Koke,España,2022,8,Mediocampista,2,0,0,2,0,0.00,0,0,1,1,0,13
Kolo Toure,Costa de Marfil,2006,4,Defensor,2,2,0,1,0,0.00,0,0,0,0,2,19
Kolo Toure,Costa de Marfil,2010,4,Defensor,3,3,1,0,0,0.00,0,0,1,1,1,17
Kolo Toure,Costa de Marfil,2014,4,Defensor,1,1,0,2,0,0.00,0,0,0,0,1,21
Konrad Weise,Alemania Oriental,1974,4,Defensor,6,6,0,0,0,0.00,0,0,2,2,2,6
Konstantin Krizhevski,URSS,1958,3,Defensor,5,5,0,0,0,0.00,0,0,2,1,2,6
Konstantinos Chalkias,Grecia,2010,1,Arquero,0,0,0,3,0,0.00,0,0,0,0,0,25
Konstantinos Katsouranis,Grecia,2010,21,Mediocampista,3,3,0,0,0,0.00,1,0,1,0,2,25
Konstantinos Katsouranis,Grecia,2014,21,Mediocampista,3,2,2,1,0,0.00,0,1,0,2,1,13
Kook Chin Yung,Corea del Sur,1954,20,Delantero,1,1,0,1,0,0.00,0,0,0,0,1,16
Kook-Young Han,Corea del Sur,2014,14,Mediocampista,3,3,0,0,0,0.00,1,0,0,1,2,27
Kornel Salata,Eslovaquia,2010,21,Defensor,1,1,0,3,0,0.00,0,0,0,0,1,16
Kossi Agassa,Togo,2006,16,Arquero,3,3,0,0,0,0.00,0,0,0,0,3,30
Kosta Tomasevic,Yugoslavia,1950,-,Delantero,3,3,0,0,2,0.67,0,0,2,0,1,5
Kostadin Kostadinov,Bulgaria,1986,20,Delantero,3,1,0,1,0,0.00,0,0,0,2,1,15
Kostas Manolas,Grecia,2014,4,Defensor,4,4,0,0,0,0.00,1,0,1,2,1,13
Kostas Mitroglou,Grecia,2014,9,Delantero,3,1,0,1,0,0.00,0,0,0,2,1,13
Kosuke Nakamura,Japón,2018,23,Arquero,0,0,0,4,0,0.00,0,0,0,0,0,15
Krasimir Borisov,Bulgaria,1974,20,Delantero,1,0,0,2,0,0.00,0,0,0,0,1,12
Krassimir Balakov,Bulgaria,1994,20,Mediocampista,7,7,0,0,0,0.00,1,0,3,1,3,4
Krassimir Balakov,Bulgaria,1998,10,Mediocampista,3,3,0,0,0,0.00,0,0,0,1,2,29
Krépin Diatta,Senegal,2022,15,Mediocampista,3,3,0,1,0,0.00,0,0,1,0,2,10
Krister Kirstersson,Suecia,1970,14,Defensor,0,0,0,3,0,0.00,0,0,0,0,0,9
Kristian Henriksen,Noruega,1938,-,Mediocampista,1,1,0,0,0,0.00,0,0,0,0,1,12
Kristijan Jakic,Croacia,2022,26,Mediocampista,1,0,0,6,0,0.00,0,0,1,0,0,3
Kristoffer Nordfeldt,Suecia,2018,23,Arquero,0,0,0,5,0,0.00,0,0,0,0,0,7
Krunoslav Jurcic,Croacia,1998,21,Mediocampista,3,3,0,4,0,0.00,1,0,3,0,0,3
Krystian Bielik,Polonia,2022,6,Mediocampista,4,2,0,0,0,0.00,0,0,1,1,2,15
Krzysztof Pawlak,Polonia,1986,18,Defensor,2,2,0,2,0,0.00,0,0,1,0,1,14
Krzysztof Piatek,Polonia,2022,23,Delantero,2,0,0,2,0,0.00,0,0,1,0,1,15
Kuami Agboh,Togo,2006,8,Mediocampista,1,1,0,2,0,0.00,0,0,0,0,1,30
Kum Chol Choe,Corea del Norte,2010,12,Delantero,1,0,0,2,0,0.00,0,0,0,0,1,32
Kum Il Kim,Corea del Norte,2010,6,Mediocampista,2,0,0,1,0,0.00,0,0,0,0,2,32
Kunle Odunlami,Nigeria,2014,12,Defensor,0,0,0,4,0,0.00,0,0,0,0,0,16
Kurt Ambruster,Suiza,1966,3,Defensor,2,2,0,1,0,0.00,0,0,0,0,2,16
Kurt Axelsson,Suecia,1970,3,Defensor,3,3,0,0,0,0.00,0,0,1,1,1,9
Kurt Bernard,Costa Rica,2006,13,Delantero,1,0,0,2,0,0.00,0,0,0,0,1,31
Kurt Hamrin,Suecia,1958,7,Delantero,5,5,0,1,4,0.80,0,0,4,0,1,2
Kurt Jara,Austria,1978,11,Mediocampista,4,4,0,2,0,0.00,0,0,2,0,2,7
Kurt Jara,Austria,1982,11,Mediocampista,1,1,0,4,0,0.00,0,0,0,0,1,8
Kurt Rey,Suiza,1950,-,Defensor,0,0,0,3,0,0.00,0,0,0,0,0,6
Kurt Russ,Austria,1990,7,Defensor,2,2,0,1,0,0.00,0,0,0,0,2,18
Kurt Schmied,Austria,1954,1,Arquero,4,4,1,1,0,0.00,0,0,4,0,0,3
Kurt Schmied,Austria,1958,12,Arquero,1,1,0,2,0,0.00,0,0,0,0,1,15
Kurt Stettler,Suiza,1962,3,Arquero,0,0,0,3,0,0.00,0,0,0,0,0,16
Kurt Svanstrom,Suecia,1938,-,Mediocampista,3,3,1,0,0,0.00,0,0,1,0,2,4
Kurt Welzl,Austria,1982,20,Delantero,3,0,0,2,0,0.00,0,0,1,1,1,8
Kwadwo Asamoah,Ghana,2010,21,Mediocampista,5,5,0,0,0,0.00,0,0,2,2,1,7
Kwadwo Asamoah,Ghana,2014,20,Mediocampista,3,3,0,0,0,0.00,0,0,0,1,2,25
Kwang Chon Ri,Corea del Norte,2010,5,Defensor,3,3,0,0,0,0.00,0,0,0,0,3,32
Kwang Hyok Ri,Corea del Norte,2010,21,Defensor,0,0,0,3,0,0.00,0,0,0,0,0,32
Kwang Rae Cho,Corea del Sur,1986,4,Mediocampista,3,2,0,0,0,0.00,0,0,0,1,2,20
Kye Rowles,Australia,2022,4,Defensor,4,4,0,0,0,0.00,0,0,2,0,2,11
Kyle Beckerman,Estados Unidos,2014,15,Mediocampista,3,3,0,1,0,0.00,1,0,1,1,1,15
Kyle Walker,Inglaterra,2018,2,Defensor,5,5,0,2,0,0.00,2,0,3,1,1,4
Kyle Walker,Inglaterra,2022,2,Defensor,3,3,0,2,0,0.00,0,0,2,0,1,6
Kylian Mbappé,Francia,2018,10,Delantero,7,6,0,0,4,0.57,2,0,6,1,0,1
Kylian Mbappé,Francia,2022,10,Delantero,7,6,0,0,8,1.14,0,0,5,1,1,2
Kyong Il Kim,Corea del Norte,2010,22,Mediocampista,0,0,0,3,0,0.00,0,0,0,0,0,32
Kyriakos Karataidis,Grecia,1994,18,Defensor,1,1,0,2,0,0.00,0,0,0,0,1,24
Kyu Chong Park,Corea del Sur,1954,2,Defensor,2,2,1,0,0,0.00,0,0,0,0,2,16
Kyung Ho Chung,Corea del Sur,2006,16,Delantero,0,0,0,3,0,0.00,0,0,0,0,0,17
Kyung Hoon Park,Corea del Sur,1986,2,Defensor,3,3,0,0,0,0.00,1,0,0,1,2,20
Kyung Hoon Park,Corea del Sur,1990,2,Defensor,3,3,0,0,0,0.00,0,0,0,0,3,22
Kyung-won Kwon,Corea del Sur,2022,20,Defensor,2,1,0,2,0,0.00,0,0,1,0,1,16
Labid Khalifa,Marruecos,1986,2,Defensor,4,4,0,0,0,0.00,2,0,1,2,1,11
Ladislao Mazurkiewicz,Uruguay,1966,1,Arquero,4,4,0,0,0,0.00,0,0,1,2,1,7
Ladislao Mazurkiewicz,Uruguay,1970,1,Arquero,6,6,0,0,0,0.00,0,0,2,1,3,4
Ladislao Mazurkiewicz,Uruguay,1974,1,Arquero,3,3,2,0,0,0.00,0,0,0,1,2,13
Ladislau Raffinski,Rumania,1930,-,Mediocampista,2,2,0,0,0,0.00,0,0,1,0,1,8
Ladislau Raffinski,Rumania,1938,-,Mediocampista,2,2,0,0,0,0.00,0,0,0,1,1,9
Ladislav Jurkemik,Checoslovaquia,1982,4,Defensor,2,2,0,1,0,0.00,0,0,0,1,1,19
Ladislav Kacani,Checoslovaquia,1954,15,Delantero,2,2,0,0,0,0.00,0,0,0,0,2,14
Ladislav Kuna,Checoslovaquia,1970,9,Mediocampista,3,3,0,0,0,0.00,0,0,0,0,3,15
Ladislav Novak,Checoslovaquia,1954,4,Defensor,2,2,2,0,0,0.00,0,0,0,0,2,14
Ladislav Novak,Checoslovaquia,1958,4,Defensor,4,4,4,0,0,0.00,0,0,1,1,2,9
Ladislav Novak,Checoslovaquia,1962,4,Defensor,6,6,6,0,0,0.00,0,0,3,1,2,2
Ladislav Petras,Checoslovaquia,1970,8,Delantero,3,3,0,0,2,0.67,0,0,0,0,3,15
Ladislav Simunek,Checoslovaquia,1938,-,Delantero,2,2,0,1,0,0.00,0,0,1,1,0,5
Ladislav Vizek,Checoslovaquia,1982,9,Delantero,3,3,0,0,0,0.00,0,1,0,2,1,19
Ladislav Zenisek,Checoslovaquia,1934,-,Defensor,3,3,0,1,0,0.00,0,0,2,0,1,2
Lafuente,España,1934,-,Delantero,2,2,0,1,0,0.00,0,0,1,1,0,5
Lahcen Abrami,Marruecos,1998,15,Defensor,2,1,0,1,0,0.00,0,0,1,0,1,18
Lahcen Oudani,Marruecos,1986,14,Defensor,2,1,0,2,0,0.00,0,0,0,1,1,11
Lajos Csordas,Hungría,1954,18,Delantero,0,0,0,5,0,0.00,0,0,0,0,0,2
Lajos Detari,Hungría,1986,10,Mediocampista,3,3,0,0,1,0.33,0,0,1,0,2,18
Lajos Koranyi,Hungría,1938,-,Defensor,3,3,0,1,0,0.00,0,0,3,0,0,2
Lajos Puskas,Hungría,1966,19,Delantero,0,0,0,4,0,0.00,0,0,0,0,0,6
Lajos Tichy,Hungría,1958,8,Delantero,4,4,0,0,4,1.00,0,0,1,1,2,10
Lajos Tichy,Hungría,1962,10,Delantero,4,4,0,0,3,0.75,0,0,2,1,1,5
Lajos Tichy,Hungría,1966,16,Delantero,0,0,0,4,0,0.00,0,0,0,0,0,6
Lakhdar Belloumi,Argelia,1982,10,Mediocampista,2,2,0,1,1,0.50,0,0,1,0,1,13
Lakhdar Belloumi,Argelia,1986,10,Mediocampista,3,2,0,0,0,0.00,0,0,0,1,2,22
Lama,Angola,2006,12,Arquero,0,0,0,3,0,0.00,0,0,0,0,0,23
Lamine Ben Aziza,Túnez,1978,21,Arquero,0,0,0,3,0,0.00,0,0,0,0,0,9
Lamine Diatta,Senegal,2002,13,Defensor,5,5,0,0,0,0.00,0,0,2,2,1,7
Lamine Gassama,Senegal,2018,21,Defensor,1,1,0,2,0,0.00,0,0,0,0,1,17
Lance Davids,Sudáfrica,2010,7,Mediocampista,0,0,0,3,0,0.00,0,0,0,0,0,20
Landon Donovan,Estados Unidos,2002,21,Mediocampista,5,5,0,0,2,0.40,0,0,2,1,2,8
Landon Donovan,Estados Unidos,2006,21,Mediocampista,3,3,0,0,0,0.00,0,0,0,1,2,25
Landon Donovan,Estados Unidos,2010,10,Mediocampista,4,4,0,0,3,0.75,0,0,1,2,1,12
Landry N'Guémo,Camerún,2010,7,Mediocampista,1,1,0,2,0,0.00,0,0,0,0,1,31
Landry N'Guémo,Camerún,2014,7,Mediocampista,1,1,0,2,0,0.00,0,0,0,0,1,32
Larbi El Hadi,Argelia,1986,21,Arquero,2,1,0,1,0,0.00,0,0,0,1,1,22
Lars Bohinen,Noruega,1994,22,Mediocampista,3,2,0,0,0,0.00,0,0,1,1,1,17
Lars Eriksson,Suecia,1990,12,Arquero,0,0,0,3,0,0.00,0,0,0,0,0,21
Lars Eriksson,Suecia,1994,12,Arquero,0,0,0,7,0,0.00,0,0,0,0,0,3
Lars Hogh,Dinamarca,1986,22,Arquero,2,2,0,2,0,0.00,0,0,1,0,1,9
Lars Jacobsen,Dinamarca,2010,6,Defensor,3,3,0,0,0,0.00,0,0,1,0,2,24
Lars Ricken,Alemania,2002,10,Mediocampista,0,0,0,7,0,0.00,0,0,0,0,0,2
Lasse Schöne,Dinamarca,2018,19,Mediocampista,3,1,0,1,0,0.00,0,0,1,2,0,11
Laszlo Balint,Hungría,1978,14,Defensor,1,1,0,2,0,0.00,0,0,0,0,1,15
Laszlo Balint,Hungría,1982,3,Defensor,2,2,0,1,0,0.00,0,0,1,0,1,14
Laszlo Bodor,Hungría,1962,20,Delantero,0,0,0,4,0,0.00,0,0,0,0,0,5
Laszlo Budai,Hungría,1954,16,Delantero,2,2,0,3,0,0.00,0,0,2,0,0,2
Laszlo Budai,Hungría,1958,7,Delantero,2,2,0,2,0,0.00,0,0,1,0,1,10
Laszlo Cseh,Hungría,1938,-,Delantero,0,0,0,4,0,0.00,0,0,0,0,0,2
Laszlo Dajka,Hungría,1986,9,Mediocampista,3,1,0,0,0,0.00,0,0,1,0,2,18
Laszlo Disztl,Hungría,1986,13,Defensor,0,0,0,3,0,0.00,0,0,0,0,0,18
Laszlo Fazekas,Hungría,1978,7,Delantero,1,1,0,2,0,0.00,0,0,0,0,1,15
Laszlo Fazekas,Hungría,1982,7,Delantero,3,2,0,0,2,0.67,1,0,1,1,1,14
Laszlo Kiss,Hungría,1982,10,Delantero,3,2,0,0,3,1.00,0,0,1,1,1,14
Laszlo Kovacs,Hungría,1978,22,Arquero,0,0,0,3,0,0.00,0,0,0,0,0,15
Laszlo Lachos,Hungría,1958,16,Delantero,0,0,0,4,0,0.00,0,0,0,0,0,10
Laszlo Nagy,Hungría,1978,18,Mediocampista,3,3,0,0,0,0.00,0,0,0,0,3,15
Laszlo Pusztai,Hungría,1978,17,Delantero,2,2,0,1,0,0.00,0,0,0,0,2,15
Laszlo Sarosi,Hungría,1958,4,Defensor,4,4,0,0,0,0.00,0,0,1,1,2,10
Laszlo Sarosi,Hungría,1962,4,Defensor,4,4,1,0,0,0.00,0,0,2,1,1,5
Laszlo Sternberg,Hungría,1934,-,Defensor,2,2,2,0,0,0.00,0,0,1,0,1,6
Lauren,Camerún,1998,12,Defensor,1,0,0,2,0,0.00,0,1,0,1,0,25
Lauren,Camerún,2002,12,Mediocampista,3,3,0,0,0,0.00,1,0,1,1,1,20
Laurent Blanc,Francia,1998,5,Defensor,5,5,0,2,1,0.20,1,1,4,1,0,1
Laurent Ciman,Bélgica,2014,23,Defensor,0,0,0,5,0,0.00,0,0,0,0,0,6
Laurent Di Lorto,Francia,1938,-,Arquero,2,2,0,0,0,0.00,0,0,1,0,1,8
Laurent Grimmonprez,Bélgica,1934,-,Delantero,1,1,0,0,0,0.00,0,0,0,0,1,15
Laurent Koscielny,Francia,2014,21,Defensor,4,2,0,1,0,0.00,0,0,2,1,1,7
Laurent Robuschi,Francia,1966,19,Delantero,0,0,0,3,0,0.00,0,0,0,0,0,13
Laurie Hughes,Inglaterra,1950,-,Mediocampista,3,3,0,0,0,0.00,0,0,1,0,2,8
Laurie Scott,Inglaterra,1950,-,Defensor,0,0,0,3,0,0.00,0,0,0,0,0,8
Lauro Amado,Suiza,1938,-,Delantero,3,3,0,0,0,0.00,0,0,1,1,1,6
Lautaro Martinez,Argentina,2022,22,Delantero,6,2,0,1,0,0.00,0,0,3,2,1,1
Lav Mantula,Yugoslavia,1954,14,Mediocampista,0,0,0,3,0,0.00,0,0,0,0,0,8
Lawrence Ati-Zigi,Ghana,2022,1,Arquero,3,3,0,0,0,0.00,0,0,1,0,2,24
Lazar Sfera,Rumania,1934,-,Defensor,0,0,0,1,0,0.00,0,0,0,0,0,12
Lazar Sfera,Rumania,1938,-,Defensor,0,0,0,2,0,0.00,0,0,0,0,0,9
Lazar Szentes,Hungría,1982,12,Delantero,2,0,0,1,1,0.50,0,0,1,0,1,14
Lazare Gianessi,Francia,1954,4,Defensor,2,2,0,0,0,0.00,0,0,1,0,1,9
Lazaros Christodoulopoulos,Grecia,2014,16,Mediocampista,2,2,0,2,0,0.00,0,0,1,1,0,13
Leander Dendoncker,Bélgica,2018,23,Defensor,1,1,0,6,0,0.00,1,0,1,0,0,3
Leander Dendoncker,Bélgica,2022,19,Defensor,2,2,0,1,0,0.00,1,0,1,1,0,23
Leandro,Brasil,1982,2,Defensor,5,5,0,0,0,0.00,0,0,4,0,1,5
Leandro Cufre,Argentina,2006,17,Defensor,1,1,0,4,0,0.00,0,1,0,1,0,6
Leandro Paredes,Argentina,2022,5,Mediocampista,5,2,0,2,0,0.00,2,0,2,2,1,1
Leandro Remondini,Italia,1950,-,Defensor,1,1,0,1,0,0.00,0,0,1,0,0,7
Leandro Trossard,Bélgica,2022,17,Delantero,3,1,0,0,0,0.00,0,0,1,1,1,23
Leao,Brasil,1970,22,Arquero,0,0,0,6,0,0.00,0,0,0,0,0,1
Leao,Brasil,1974,1,Arquero,7,7,0,0,0,0.00,0,0,3,2,2,4
Leao,Brasil,1978,1,Arquero,7,7,6,0,0,0.00,0,0,4,3,0,3
Leao,Brasil,1986,22,Arquero,0,0,0,5,0,0.00,0,0,0,0,0,5
Lebo Lebo,Angola,2006,4,Defensor,0,0,0,3,0,0.00,0,0,0,0,0,23
Lebogang Morula,Sudáfrica,1998,18,Mediocampista,0,0,0,3,0,0.00,0,0,0,0,0,24
Ledley King,Inglaterra,2010,20,Defensor,1,1,0,3,0,0.00,0,0,0,1,0,13
Lee Addy,Ghana,2010,19,Defensor,3,1,0,2,0,0.00,1,0,2,1,0,7
Lee Carsley,Irlanda,2002,22,Mediocampista,1,0,0,3,0,0.00,0,0,1,0,0,12
Leen Vente,Paises Bajos,1934,-,Delantero,1,1,0,0,1,1.00,0,0,0,0,1,9
Leen Vente,Paises Bajos,1938,-,Delantero,1,1,0,0,0,0.00,0,0,0,0,1,14
Lefter Kucukandonyadis,Turquía,1954,11,Delantero,3,3,1,0,2,0.67,0,0,1,0,2,11
Leider Preciado,Colombia,1998,21,Delantero,3,1,0,0,1,0.33,0,0,1,0,2,21
Leif Engqvist,Suecia,1990,9,Mediocampista,1,0,0,2,0,0.00,0,0,0,0,1,21
Leif Eriksson,Suecia,1970,8,Mediocampista,2,2,0,1,0,0.00,0,0,1,0,1,9
Leif Malberg,Suecia,1970,15,Defensor,0,0,0,3,0,0.00,0,0,0,0,0,9
Leighton Baines,Inglaterra,2014,3,Defensor,2,2,0,1,0,0.00,0,0,0,0,2,26
Leivinha,Brasil,1974,8,Delantero,3,3,0,4,0,0.00,0,0,1,2,0,4
Len Allchurch,Gales,1958,21,Delantero,0,0,0,5,0,0.00,0,0,0,0,0,5
Len Graham,Irlanda del Norte,1958,19,Defensor,0,0,0,5,0,0.00,0,0,0,0,0,7
Lennart Bunke,Suecia,1938,-,Delantero,0,0,0,3,0,0.00,0,0,0,0,0,4
Lennart Larsson,Suecia,1978,9,Mediocampista,3,3,0,0,0,0.00,0,0,0,1,2,13
Lennart Samuelsson,Suecia,1950,-,Defensor,5,5,0,0,0,0.00,0,0,2,1,2,3
Lennart Skoglund,Suecia,1950,-,Delantero,3,3,0,2,0,0.00,0,0,1,1,1,3
Lennart Skoglund,Suecia,1958,11,Delantero,6,6,0,0,1,0.17,0,0,4,1,1,2
Leo Bertos,Nueva Zelanda,2010,11,Mediocampista,3,3,0,0,0,0.00,0,0,0,3,0,22
Leo Clijsters,Bélgica,1986,14,Defensor,2,0,0,5,0,0.00,0,0,2,0,0,4
Leo Clijsters,Bélgica,1990,4,Defensor,3,3,0,1,1,0.33,0,0,2,0,1,11
Leo Eichmann,Suiza,1966,12,Arquero,1,1,0,2,0,0.00,0,0,0,0,1,16
Leo Halle,Paises Bajos,1934,-,Arquero,0,0,0,1,0,0.00,0,0,0,0,0,9
Leo Van Der Elst,Bélgica,1986,15,Mediocampista,3,0,0,4,0,0.00,0,0,1,1,1,4
Leo Wilden,Alemania Occidental,1962,5,Defensor,0,0,0,4,0,0.00,0,0,0,0,0,7
Leon Balogun,Nigeria,2018,6,Defensor,3,3,0,0,0,0.00,1,0,1,0,2,21
Leon Glovacki,Francia,1954,17,Delantero,1,1,0,1,0,0.00,0,0,0,0,1,9
Leon Goretzka,Alemania,2018,14,Mediocampista,1,1,0,2,0,0.00,0,0,0,0,1,22
Leon Goretzka,Alemania,2022,8,Mediocampista,3,2,0,0,0,0.00,1,0,1,1,1,17
Leon Jeck,Bélgica,1970,5,Defensor,2,2,0,1,0,0.00,0,0,0,0,2,10
Leon Semmeling,Bélgica,1970,7,Mediocampista,3,3,0,0,0,0.00,0,0,1,0,2,10
Leon Villa,Colombia,1990,5,Defensor,0,0,0,4,0,0.00,0,0,0,0,0,14
Leonard Piontek,Polonia,1938,-,Delantero,1,1,0,0,0,0.00,0,0,0,0,1,11
Leonardo,Brasil,1994,16,Mediocampista,4,4,0,3,0,0.00,0,1,3,1,0,1
Leonardo,Brasil,1998,18,Mediocampista,7,6,0,0,0,0.00,1,0,4,1,2,2
Leonardo Astrada,Argentina,1998,15,Mediocampista,0,0,0,5,0,0.00,0,0,0,0,0,6
Leonardo Bonucci,Italia,2010,23,Defensor,0,0,0,3,0,0.00,0,0,0,0,0,26
Leonardo Bonucci,Italia,2014,19,Defensor,1,1,0,2,0,0.00,0,0,0,0,1,22
Leonardo Costagliola,Italia,1954,22,Arquero,0,0,0,3,0,0.00,0,0,0,0,0,10
Leonardo Cuellar,México,1978,17,Mediocampista,3,3,0,0,0,0.00,0,0,0,0,3,16
Leonardo Ferrel,Bolivia,1950,-,Mediocampista,1,1,0,0,0,0.00,0,0,0,0,1,13
Leonardo Franco,Argentina,2006,12,Arquero,1,0,0,4,0,0.00,0,0,0,1,0,6
Leonardo Gonzalez,Costa Rica,2006,12,Defensor,3,3,0,0,0,0.00,1,0,0,0,3,31
Leonardo Rodriguez,Argentina,1994,20,Mediocampista,1,1,0,3,0,0.00,1,0,0,0,1,10
Leonardo Veliz,Chile,1974,11,Delantero,3,2,0,0,0,0.00,1,0,0,2,1,11
Leonel Alvarez,Colombia,1990,14,Mediocampista,4,4,0,0,0,0.00,1,0,1,1,2,14
Leonel Alvarez,Colombia,1994,14,Mediocampista,3,3,0,0,0,0.00,2,0,1,0,2,19
Leonel Moreira,Costa Rica,2018,23,Arquero,0,0,0,3,0,0.00,0,0,0,0,0,29
Leonel Sanchez,Chile,1962,11,Delantero,6,6,0,0,4,0.67,0,0,4,0,2,3
Leonel Sanchez,Chile,1966,17,Mediocampista,3,3,3,0,0,0.00,0,0,0,1,2,13
Leongino Unzain,Paraguay,1950,-,Delantero,2,2,0,0,0,0.00,0,0,0,1,1,11
Leonid Buryak,URSS,1982,17,Mediocampista,0,0,0,5,0,0.00,0,0,0,0,0,7
Leonid Ostrovski,URSS,1958,14,Defensor,0,0,0,5,0,0.00,0,0,0,0,0,6
Leonid Ostrovski,URSS,1962,6,Defensor,4,4,0,0,0,0.00,0,0,2,1,1,6
Leonid Ostrovski,URSS,1966,3,Defensor,2,2,0,4,0,0.00,0,0,2,0,0,4
Leonid Shmuts,URSS,1970,1,Arquero,0,0,0,4,0,0.00,0,0,0,0,0,5
Leonidas,Brasil,1934,-,Delantero,1,1,0,0,1,1.00,0,0,0,0,1,14
Leonidas,Brasil,1938,-,Delantero,4,4,2,1,7,1.75,0,0,3,1,0,3
Leopold Anoul,Bélgica,1954,10,Delantero,2,2,0,0,3,1.50,0,0,0,1,1,12
Leopold Barschandt,Austria,1954,4,Defensor,4,4,0,1,0,0.00,0,0,4,0,0,3
Leopold Barschandt,Austria,1958,18,Defensor,0,0,0,3,0,0.00,0,0,0,0,0,15
Leopold Gernaey,Bélgica,1954,1,Arquero,2,2,0,0,0,0.00,0,0,0,1,1,12
Leopold Hofmann,Austria,1934,-,Mediocampista,0,0,0,4,0,0.00,0,0,0,0,0,4
Leopold Kielholz,Suiza,1934,-,Delantero,2,2,0,0,3,1.50,0,0,1,0,1,7
Leopold Kielholz,Suiza,1938,-,Delantero,0,0,0,3,0,0.00,0,0,0,0,0,6
Leopold Neumer,Alemania,1938,-,Delantero,1,1,0,1,0,0.00,0,0,0,0,1,10
Leopoldo Luque,Argentina,1978,14,Delantero,5,5,0,2,4,0.80,0,0,4,1,0,1
Leopoldo Vallejos,Chile,1974,1,Arquero,3,3,0,0,0,0.00,0,0,0,2,1,11
Leroy Fer,Paises Bajos,2014,18,Mediocampista,1,0,0,6,1,1.00,0,0,1,0,0,3
Leroy Sané,Alemania,2022,19,Mediocampista,2,1,0,1,0,0.00,0,0,1,1,0,17
Les Ferdinand,Inglaterra,1998,19,Delantero,0,0,0,4,0,0.00,0,0,0,0,0,9
Leslaw Cmikiewicz,Polonia,1974,11,Mediocampista,6,0,0,1,0,0.00,0,0,5,0,1,3
Lesmes Ii,España,1950,-,Defensor,0,0,0,6,0,0.00,0,0,0,0,0,4
Lester Morgan,Costa Rica,2002,23,Arquero,0,0,0,3,0,0.00,0,0,0,0,0,19
Lev Yashin,URSS,1958,1,Arquero,5,5,0,0,0,0.00,0,0,2,1,2,6
Lev Yashin,URSS,1962,1,Arquero,4,4,0,0,0,0.00,0,0,2,1,1,6
Lev Yashin,URSS,1966,1,Arquero,4,4,1,2,0,0.00,0,0,2,0,2,4
Lev Yashin,URSS,1970,13,Arquero,0,0,0,4,0,0.00,0,0,0,0,0,5
Li Sup Pak,Corea del Norte,1966,2,Defensor,2,2,0,2,0,0.00,0,0,0,1,1,8
Liam Fraser,Canadá,2022,8,Mediocampista,0,0,0,3,0,0.00,0,0,0,0,0,31
Liam Millar,Canadá,2022,23,Mediocampista,1,0,0,2,0,0.00,0,0,0,0,1,31
Liassine Cadamuro,Argelia,2014,17,Defensor,0,0,0,4,0,0.00,1,0,0,0,0,14
Libor Radimec,Checoslovaquia,1982,14,Defensor,2,2,0,1,0,0.00,0,0,0,1,1,19
Libor Sionko,República Checa,2006,7,Delantero,1,0,0,2,0,0.00,0,0,0,0,1,20
Lido Vieri,Italia,1970,17,Arquero,0,0,0,6,0,0.00,0,0,0,0,0,2
Liedson,Portugal,2010,9,Delantero,3,1,0,1,1,0.33,0,0,1,1,1,11
Ligorio Lopez,México,1958,21,Delantero,0,0,0,3,0,0.00,0,0,0,0,0,16
Lilian Thuram,Francia,1998,15,Defensor,6,6,0,1,2,0.33,0,0,5,1,0,1
Lilian Thuram,Francia,2002,15,Defensor,3,3,0,0,0,0.00,0,0,0,1,2,28
Lilian Thuram,Francia,2006,15,Defensor,7,7,0,0,0,0.00,1,0,4,3,0,2
Lim Saeng Lee,Corea del Sur,1998,3,Defensor,1,0,0,2,0,0.00,1,0,0,1,0,30
Lima,Brasil,1966,14,Mediocampista,3,3,0,0,0,0.00,0,0,1,0,2,11
Lino Nessi,Paraguay,1930,-,Delantero,2,2,0,0,0,0.00,0,0,1,0,1,9
Linval Dixon,Jamaica,1998,4,Defensor,0,0,0,3,0,0.00,0,0,0,0,0,22
Lionel Charbonnier,Francia,1998,22,Arquero,0,0,0,7,0,0.00,0,0,0,0,0,1
Lionel Messi,Argentina,2006,19,Delantero,3,1,0,2,1,0.33,0,0,2,1,0,6
Lionel Messi,Argentina,2010,10,Delantero,5,5,1,0,0,0.00,0,0,4,0,1,5
Lionel Messi,Argentina,2014,10,Delantero,7,7,7,0,4,0.57,0,0,5,1,1,2
Lionel Messi,Argentina,2018,10,Delantero,4,4,4,0,1,0.25,1,0,1,1,2,16
Lionel Messi,Argentina,2022,10,Delantero,7,7,7,0,7,1.00,1,0,4,2,1,1
Lionel Scaloni,Argentina,2006,13,Defensor,1,1,0,4,0,0.00,0,0,1,0,0,6
Lionello Manfredonia,Italia,1978,7,Defensor,0,0,0,7,0,0.00,0,0,0,0,0,4
Lisandro Martinez,Argentina,2022,25,Defensor,5,2,0,2,0,0.00,1,0,3,1,1,1
Liviu Ciobotariu,Rumania,1998,13,Defensor,4,4,0,0,0,0.00,1,0,2,1,1,11
Lizardo Garrido,Chile,1982,2,Defensor,2,2,0,1,0,0.00,1,0,0,0,2,22
Lizardo Nue Rodriguez,Perú,1930,-,Delantero,0,0,0,2,0,0.00,0,0,0,0,0,10
Ljubinko Drulovic,RF de Yugoslavia,1998,15,Mediocampista,0,0,0,4,0,0.00,0,0,0,0,0,10
Ljubisa Stefanovic,Yugoslavia,1930,-,Defensor,3,3,0,0,0,0.00,0,0,2,0,1,4
Ljubomir Spajic,Yugoslavia,1954,15,Mediocampista,0,0,0,3,0,0.00,0,0,0,0,0,8
Lobilo Boba,Zaire,1974,5,Defensor,3,3,0,0,0,0.00,0,0,0,0,3,16
Loco,Angola,2006,20,Defensor,3,3,0,0,0,0.00,2,0,0,2,1,23
Loïc Feudjou,Camerún,2014,1,Arquero,0,0,0,3,0,0.00,0,0,0,0,0,32
Loïc Rémy,Francia,2014,20,Delantero,2,0,0,3,0,0.00,0,0,0,1,1,7
Lois Openda,Bélgica,2022,24,Delantero,1,0,0,2,0,0.00,0,0,1,0,0,23
Lopes,Brasil,1938,-,Delantero,3,3,0,2,0,0.00,0,0,1,1,1,3
Lopez Ufarte,España,1982,11,Delantero,4,3,0,1,1,0.25,0,0,1,1,2,12
Lorenzo Buffon,Italia,1962,1,Arquero,2,2,2,1,0,0.00,0,0,1,1,0,9
Lorenzo Calonga,Paraguay,1950,-,Delantero,0,0,0,2,0,0.00,0,0,0,0,0,11
Lorenzo Fernandez,Uruguay,1930,-,Mediocampista,4,4,0,0,0,0.00,0,0,4,0,0,1
Lorenzo Insigne,Italia,2014,22,Delantero,1,0,0,2,0,0.00,0,0,0,0,1,22
Lorenzo Minotti,Italia,1994,7,Defensor,0,0,0,7,0,0.00,0,0,0,0,0,2
Lorenzo Staelens,Bélgica,1990,18,Mediocampista,1,1,0,3,0,0.00,0,0,0,0,1,11
Lorenzo Staelens,Bélgica,1994,6,Mediocampista,4,4,0,0,0,0.00,0,0,2,0,2,11
Lorenzo Staelens,Bélgica,1998,3,Defensor,3,3,0,0,0,0.00,1,0,0,3,0,19
Lothar Emmerich,Alemania Occidental,1966,11,Delantero,4,4,0,2,1,0.25,0,0,3,0,1,2
Lothar Kurbjuweit,Alemania Oriental,1974,2,Defensor,4,4,0,2,0,0.00,0,0,1,1,2,6
Lothar Matthaeus,Alemania Occidental,1982,18,Mediocampista,2,0,0,5,0,0.00,0,0,2,0,0,2
Lothar Matthaeus,Alemania Occidental,1986,8,Mediocampista,7,7,0,0,1,0.14,2,0,3,2,2,2
Lothar Matthaeus,Alemania Occidental,1990,10,Mediocampista,7,7,7,0,4,0.57,1,0,5,2,0,1
Lothar Matthaeus,Alemania Occidental,1994,10,Mediocampista,5,5,5,0,1,0.20,0,0,3,1,1,5
Lothar Matthaeus,Alemania Occidental,1998,8,Mediocampista,4,3,0,1,0,0.00,2,0,2,1,1,7
Lou Macari,Escocia,1978,16,Mediocampista,2,1,0,1,0,0.00,0,0,0,1,1,11
Louis Carre,Bélgica,1954,5,Mediocampista,2,2,0,0,0,0.00,0,0,0,1,1,12
Louis Gabrillargues,Francia,1934,-,Mediocampista,0,0,0,1,0,0.00,0,0,0,0,0,9
Louis Gobet,Suiza,1934,-,Defensor,0,0,0,2,0,0.00,0,0,0,0,0,7
Louis Mfede,Camerún,1990,10,Mediocampista,5,5,0,0,0,0.00,0,0,3,0,2,7
Louis Mfede,Camerún,1994,10,Mediocampista,3,3,0,0,0,0.00,0,0,0,1,2,22
Louis Saha,Francia,2006,14,Delantero,3,0,0,4,0,0.00,2,0,2,1,0,2
Louis Versyp,Bélgica,1930,-,Delantero,2,2,0,0,0,0.00,0,0,0,0,2,11
Louis Versyp,Bélgica,1934,-,Delantero,0,0,0,1,0,0.00,0,0,0,0,0,15
Loukas Vyntra,Grecia,2010,11,Defensor,3,3,0,0,0,0.00,0,0,1,0,2,25
Loukas Vyntra,Grecia,2014,11,Defensor,0,0,0,4,0,0.00,0,0,0,0,0,13
Lounes Gaouaoui,Argelia,2010,1,Arquero,0,0,0,3,0,0.00,0,0,0,0,0,28
Lourenco,Portugal,1966,8,Delantero,0,0,0,6,0,0.00,0,0,0,0,0,3
Love,Angola,2006,18,Delantero,1,0,0,2,0,0.00,0,0,0,1,0,23
Lovre Kalinić,Croacia,2018,12,Arquero,1,1,0,6,0,0.00,0,0,1,0,0,2
Lovro Majer,Croacia,2022,7,Mediocampista,7,1,0,0,1,0.14,0,0,2,4,1,3
Lubomir Moravcik,Checoslovaquia,1990,11,Mediocampista,5,5,0,0,0,0.00,2,1,3,0,2,6
Lubos Kubik,Checoslovaquia,1990,9,Mediocampista,4,4,0,1,1,0.25,2,0,3,0,1,6
Luboslav Penev,Bulgaria,1998,9,Delantero,3,1,0,0,0,0.00,1,0,0,1,2,29
Luc Millecamps,Bélgica,1982,3,Defensor,5,5,0,0,0,0.00,1,0,2,1,2,10
Luc Nilis,Bélgica,1994,8,Delantero,3,2,0,1,0,0.00,0,0,1,0,2,11
Luc Nilis,Bélgica,1998,10,Delantero,3,3,0,0,1,0.33,0,0,0,3,0,19
Luc Van Hoywegen,Bélgica,1954,22,Delantero,0,0,0,2,0,0.00,0,0,0,0,0,12
Luca Bucci,Italia,1994,22,Arquero,0,0,0,7,0,0.00,0,0,0,0,0,2
Luca de la Torre,Estados Unidos,2022,14,Mediocampista,0,0,0,4,0,0.00,0,0,0,0,0,14
Luca Izzeta,Argentina,1934,-,Delantero,0,0,0,1,0,0.00,0,0,0,0,0,9
Luca Marchegiani,Italia,1994,12,Arquero,3,2,0,4,0,0.00,0,0,2,1,0,2
Luca Toni,Italia,2006,9,Delantero,6,6,0,1,2,0.33,0,0,4,2,0,1
Lucas Barrios,Paraguay,2010,19,Delantero,5,3,0,0,0,0.00,0,0,1,3,1,8
Lucas Biglia,Argentina,2014,6,Mediocampista,7,3,0,0,0,0.00,1,0,5,1,1,2
Lucas Biglia,Argentina,2018,5,Mediocampista,1,1,0,3,0,0.00,0,0,0,1,0,16
Lucas Cavallini,Canadá,2022,9,Delantero,1,0,0,2,0,0.00,0,0,0,0,1,31
Lucas Digne,Francia,2014,17,Defensor,1,1,0,4,0,0.00,0,0,0,1,0,7
Lucas Hernandez,Francia,2018,21,Defensor,7,7,0,0,0,0.00,2,0,6,1,0,1
Lucas Hernandez,Francia,2022,21,Defensor,1,1,0,6,0,0.00,0,0,1,0,0,2
Lucas Neill,Australia,2006,2,Defensor,4,4,0,0,0,0.00,0,0,1,1,2,16
Lucas Neill,Australia,2010,2,Defensor,3,3,3,0,0,0.00,1,0,1,1,1,21
Lucas Paqueta,Brasil,2022,7,Mediocampista,4,4,0,1,1,0.25,0,0,3,1,0,7
Lucas Radebe,Sudáfrica,1998,19,Defensor,3,3,3,0,0,0.00,2,0,0,2,1,24
Lucas Radebe,Sudáfrica,2002,19,Defensor,3,3,3,0,1,0.33,1,0,1,1,1,17
Lucas Thwala,Sudáfrica,2010,15,Defensor,1,1,0,2,0,0.00,0,0,0,1,0,20
Lucas Torreira,Uruguay,2018,14,Mediocampista,5,3,0,0,0,0.00,0,0,4,0,1,5
Lucas Torreira,Uruguay,2022,14,Mediocampista,0,0,0,3,0,0.00,0,0,0,0,0,20
Lucas Vázquez,España,2018,11,Delantero,2,1,0,2,0,0.00,0,0,1,1,0,10
Lucian Marinescu,Rumania,1998,15,Mediocampista,4,1,0,0,0,0.00,0,0,2,1,1,11
Luciano Castellini,Italia,1974,22,Arquero,0,0,0,3,0,0.00,0,0,0,0,0,10
Luciano Re Cecconi,Italia,1974,17,Mediocampista,0,0,0,3,0,0.00,0,0,0,0,0,10
Luciano Spinosi,Italia,1974,2,Defensor,3,3,0,0,0,0.00,0,0,1,1,1,10
Lucidio Sentimenti,Italia,1950,-,Arquero,1,1,0,1,0,0.00,0,0,0,0,1,7
Lucien Jasseron,Francia,1938,-,Mediocampista,0,0,0,2,0,0.00,0,0,0,0,0,8
Lucien Laurent,Francia,1930,-,Delantero,2,2,0,1,1,0.50,0,0,1,0,1,7
Lucien Laurent,Francia,1934,-,Delantero,0,0,0,1,0,0.00,0,0,0,0,0,9
Lucien Mettomo,Camerún,2002,13,Defensor,0,0,0,3,0,0.00,0,0,0,0,0,20
Lucien Muller,Francia,1966,17,Mediocampista,0,0,0,3,0,0.00,0,0,0,0,0,13
Lucio,Brasil,2002,3,Defensor,7,7,0,0,0,0.00,0,0,7,0,0,1
Lucio,Brasil,2006,3,Defensor,5,5,0,0,0,0.00,1,0,4,0,1,5
Lucio,Brasil,2010,3,Defensor,5,5,5,0,0,0.00,0,0,3,1,1,6
Ludek Miklosko,Checoslovaquia,1990,21,Arquero,0,0,0,5,0,0.00,0,0,0,0,0,6
Ludo Coeck,Bélgica,1982,10,Mediocampista,5,5,0,0,1,0.20,0,0,2,1,2,10
Ludovic Assemoassa,Togo,2006,19,Defensor,1,1,0,2,0,0.00,0,0,0,0,1,30
Ludovic Magnin,Suiza,2006,3,Defensor,3,3,0,1,0,0.00,1,0,1,2,0,10
Ludovic Magnin,Suiza,2010,3,Defensor,0,0,0,3,0,0.00,0,0,0,0,0,19
Ludovic Satmareanu,Rumania,1970,2,Defensor,3,3,0,0,0,0.00,0,0,1,0,2,10
Ludovico Avio,Argentina,1958,19,Delantero,2,2,0,1,1,0.50,0,0,1,0,1,13
Ludwig Augustinsson,Suecia,2018,6,Defensor,5,5,0,0,1,0.20,0,0,3,0,2,7
Ludwig Goldbrunner,Alemania,1938,-,Mediocampista,1,1,0,1,0,0.00,0,0,0,0,1,10
Luigi Allemandi,Italia,1934,-,Defensor,5,5,0,0,0,0.00,0,0,4,1,0,1
Luigi Apolloni,Italia,1994,2,Defensor,3,1,0,4,0,0.00,1,0,1,2,0,2
Luigi Bertolini,Italia,1934,-,Mediocampista,4,4,0,1,0,0.00,0,0,4,0,0,1
Luigi De Agostini,Italia,1990,4,Defensor,6,4,0,1,0,0.00,1,0,5,1,0,3
Luigi Di Biagio,Italia,1998,14,Mediocampista,5,4,0,0,1,0.20,2,0,3,2,0,5
Luigi Di Biagio,Italia,2002,14,Mediocampista,1,1,0,3,0,0.00,0,0,1,0,0,15
Luigi Meroni,Italia,1966,15,Delantero,1,1,0,2,0,0.00,0,0,0,0,1,9
Luigi Radice,Italia,1962,3,Mediocampista,2,2,0,1,0,0.00,0,0,1,1,0,9
Luis Advíncula,Perú,2018,17,Defensor,3,3,0,0,0,0.00,0,0,1,0,2,20
Antonio Valencia,Ecuador,2006,16,Mediocampista,4,4,0,0,0,0.00,2,0,2,0,2,12
Antonio Valencia,Ecuador,2014,16,Mediocampista,3,3,3,0,0,0.00,1,1,1,1,1,17
Luis Arconada,España,1978,1,Arquero,0,0,0,3,0,0.00,0,0,0,0,0,10
Luis Arconada,España,1982,1,Arquero,5,5,5,0,0,0.00,0,0,1,2,2,12
Luis Artime,Argentina,1966,19,Delantero,4,4,0,0,3,0.75,1,0,2,1,1,5
Luis Caballero,Paraguay,1986,14,Defensor,0,0,0,4,0,0.00,0,0,0,0,0,13
Luis Carlos Perea,Colombia,1990,15,Defensor,4,4,0,0,0,0.00,1,0,1,1,2,14
Luis Carlos Perea,Colombia,1994,15,Defensor,2,2,0,1,0,0.00,0,0,0,0,2,19
Luis Chávez,México,2022,24,Mediocampista,3,3,0,0,1,0.33,0,0,1,1,1,22
Luis Cristaldo,Bolivia,1994,16,Defensor,2,2,0,1,0,0.00,0,1,0,1,1,21
Luis Cruz,Uruguay,1954,17,Mediocampista,5,5,0,0,0,0.00,0,0,3,0,2,4
Luis Cruzado,Perú,1970,17,Mediocampista,2,0,0,2,0,0.00,0,0,1,0,1,7
Luis Cubilla,Uruguay,1962,11,Delantero,2,2,0,1,1,0.50,0,0,1,0,1,13
Luis Cubilla,Uruguay,1970,7,Mediocampista,5,5,0,1,1,0.20,0,0,2,1,2,4
Luis Cubilla,Uruguay,1974,7,Mediocampista,2,1,0,1,0,0.00,0,0,0,0,2,13
Luis Del Sol,España,1962,5,Mediocampista,2,2,0,1,0,0.00,0,0,1,0,1,12
Luis Del Sol,España,1966,4,Mediocampista,2,2,0,1,0,0.00,0,0,1,0,1,10
Luis Enrique,España,1994,21,Mediocampista,4,4,0,1,1,0.25,1,0,1,2,1,8
Luis Enrique,España,1998,21,Mediocampista,3,3,0,0,1,0.33,0,0,1,1,1,17
Luis Enrique,España,2002,21,Mediocampista,5,3,0,0,0,0.00,0,0,3,2,0,5
Luis Ernesto Castro,Uruguay,1954,22,Delantero,0,0,0,5,0,0.00,0,0,0,0,0,4
Luis Eyzaguirre,Chile,1962,2,Defensor,6,6,0,0,0,0.00,0,0,4,0,2,3
Luis Eyzaguirre,Chile,1966,6,Defensor,1,1,0,2,0,0.00,0,0,0,0,1,13
Luis Fabiano,Brasil,2010,9,Delantero,5,5,0,0,3,0.60,1,0,3,1,1,6
Luis Fajardo,Colombia,1990,20,Mediocampista,2,2,0,2,0,0.00,0,0,0,1,1,14
Luis Fernandez,Francia,1986,9,Mediocampista,6,6,0,1,1,0.17,2,0,3,2,1,3
Luis Figo,Portugal,2002,7,Delantero,3,3,0,0,0,0.00,0,0,1,0,2,21
Luis Figo,Portugal,2006,7,Delantero,7,6,6,0,0,0.00,1,0,4,1,2,4
Luis Flores,México,1986,15,Delantero,3,3,0,2,1,0.33,0,0,2,1,0,6
Luis Galvan,Argentina,1978,7,Defensor,7,7,0,0,0,0.00,0,0,5,1,1,1
Luis Galvan,Argentina,1982,8,Defensor,5,5,0,0,0,0.00,0,0,2,0,3,11
Luis Garcia,España,2006,11,Delantero,3,2,0,1,0,0.00,0,0,2,0,1,9
Luis Garcia,México,1994,10,Delantero,4,4,0,0,2,0.50,1,1,1,2,1,13
Luis Garcia,México,1998,10,Delantero,0,0,0,4,0,0.00,0,0,0,0,0,13
Luis Garisto,Uruguay,1974,14,Defensor,2,2,0,1,0,0.00,0,0,0,1,1,13
Luis Garrido,Honduras,2014,19,Mediocampista,2,2,0,1,0,0.00,1,0,0,0,2,31
Luis Gini,Paraguay,1958,13,Defensor,0,0,0,3,0,0.00,0,0,0,0,0,12
Luis Gomez,Ecuador,2002,8,Defensor,0,0,0,3,0,0.00,0,0,0,0,0,24
Luis Gonzalez,Argentina,2006,22,Mediocampista,3,2,0,2,0,0.00,1,0,2,1,0,6
Luis Guevara Mora,El Salvador,1982,1,Arquero,3,3,0,0,0,0.00,0,0,0,0,3,24
Luis Hernandez,México,1998,15,Delantero,4,4,0,0,4,1.00,1,0,1,2,1,13
Luis Hernandez,México,2002,15,Delantero,3,0,0,1,0,0.00,1,0,2,0,1,11
Luis Herrera,Colombia,1990,4,Defensor,4,4,0,0,0,0.00,1,0,1,1,2,14
Luis Herrera,Colombia,1994,4,Defensor,3,3,0,0,0,0.00,1,0,1,0,2,19
Luis Islas,Argentina,1986,15,Arquero,0,0,0,7,0,0.00,0,0,0,0,0,1
Luis Islas,Argentina,1994,12,Arquero,4,4,0,0,0,0.00,0,0,2,0,2,10
Luis López,Honduras,2014,1,Arquero,0,0,0,3,0,0.00,0,0,0,0,0,31
Luis Maidana,Uruguay,1962,12,Arquero,0,0,0,3,0,0.00,0,0,0,0,0,13
Luis Marin,Chile,2010,23,Arquero,0,0,0,4,0,0.00,0,0,0,0,0,10
Luis Marin,España,1934,-,Mediocampista,0,0,0,3,0,0.00,0,0,0,0,0,5
Luis Marin,Costa Rica,2002,3,Defensor,3,3,0,0,0,0.00,1,0,1,1,1,19
Luis Marin,Costa Rica,2006,3,Defensor,3,3,3,0,0,0.00,2,0,0,0,3,31
Luis Mayanes,Chile,1950,-,Delantero,1,1,0,2,0,0.00,0,0,0,0,1,9
Luis Michel,México,2010,23,Arquero,0,0,0,4,0,0.00,0,0,0,0,0,14
Luis Molowny,España,1950,-,Delantero,1,1,0,5,0,0.00,0,0,0,1,0,4
Luis Monti,Argentina,1930,-,Mediocampista,4,4,0,1,2,0.50,0,0,3,0,1,2
Luis Monti,Argentina,1934,-,Mediocampista,5,5,0,0,0,0.00,0,0,4,1,0,1
Luis Muriel,Colombia,2018,14,Delantero,2,0,0,2,0,0.00,0,0,1,1,0,9
Luis Musrri,Chile,1998,18,Mediocampista,1,0,0,3,0,0.00,0,0,0,0,1,16
Luis Oliveira,Bélgica,1998,8,Delantero,3,3,0,0,0,0.00,0,0,0,3,0,19
Luis Ovalle,Panamá,2018,17,Defensor,1,1,0,2,0,0.00,0,0,0,0,1,32
Luis Paz,Colombia,1962,14,Delantero,0,0,0,3,0,0.00,0,0,0,0,0,14
Luis Pereira,Brasil,1974,2,Defensor,6,6,0,1,0,0.00,1,1,3,2,1,4
Luis Perez,México,1930,-,Delantero,2,2,0,1,0,0.00,0,0,0,0,2,13
Luis Perez,México,2006,23,Mediocampista,2,1,0,2,0,0.00,0,1,1,0,1,15
Luis Ramallo,Bolivia,1994,18,Delantero,3,3,0,0,0,0.00,0,0,0,1,2,21
Luis Ramirez,El Salvador,1982,14,Delantero,3,2,0,0,1,0.33,1,0,0,0,3,24
Luis Ramos,Uruguay,1966,20,Defensor,0,0,0,4,0,0.00,0,0,0,0,0,7
Luis Regueiro,México,1966,16,Mediocampista,0,0,0,3,0,0.00,0,0,0,0,0,12
Luis Regueiro,España,1934,-,Delantero,2,2,0,1,1,0.50,0,0,0,1,1,5
Luis Reyes Penaranda,Bolivia,1930,-,Defensor,0,0,0,2,0,0.00,0,0,0,0,0,12
Luis Reyna,Perú,1982,22,Mediocampista,0,0,0,3,0,0.00,0,0,0,0,0,20
Luis Rijo,Uruguay,1950,-,Delantero,0,0,0,4,0,0.00,0,0,0,0,0,1
Luis Romo,México,2022,7,Mediocampista,0,0,0,3,0,0.00,0,0,0,0,0,22
Luis Rubinos,Perú,1970,1,Arquero,4,4,0,0,0,0.00,0,0,2,0,2,7
Luis Salvador,México,1994,19,Delantero,1,0,0,3,0,0.00,0,0,1,0,0,13
Luis Saritama,Ecuador,2006,19,Mediocampista,0,0,0,4,0,0.00,0,0,0,0,0,12
Luis Saritama,Ecuador,2014,19,Mediocampista,0,0,0,3,0,0.00,0,0,0,0,0,17
Luis Silva,Paraguay,1958,15,Mediocampista,0,0,0,3,0,0.00,0,0,0,0,0,12
Luis Souza,Perú,1930,-,Delantero,2,2,0,0,1,0.50,0,0,0,0,2,10
Luis Suarez,Uruguay,2010,9,Delantero,6,6,0,1,3,0.50,0,1,3,2,1,4
Luis Suarez,Uruguay,2014,9,Delantero,2,2,0,2,2,1.00,0,0,2,0,0,12
Luis Suarez,Uruguay,2018,9,Delantero,5,5,0,0,2,0.40,0,0,4,0,1,5
Luis Suarez,Uruguay,2022,9,Delantero,3,2,1,0,0,0.00,1,0,1,1,1,20
Luis Suarez,España,1962,21,Mediocampista,2,2,0,1,0,0.00,0,0,1,0,1,12
Luis Suarez,España,1966,10,Mediocampista,2,2,0,1,0,0.00,0,0,1,0,1,10
Luis Tejada,Panamá,2018,18,Delantero,2,0,0,1,0,0.00,1,0,0,0,2,32
Luis Ubina,Uruguay,1966,15,Defensor,4,4,0,0,0,0.00,0,0,1,2,1,7
Luis Ubina,Uruguay,1970,4,Defensor,6,6,5,0,0,0.00,1,0,2,1,3,4
Luis Valdez,México,1994,16,Delantero,1,1,0,3,0,0.00,0,0,0,0,1,13
Luis Vargas Pena,Paraguay,1930,-,Delantero,2,2,2,0,1,0.50,0,0,1,0,1,9
Luisao,Brasil,2006,14,Defensor,0,0,0,5,0,0.00,0,0,0,0,0,5
Luisao,Brasil,2010,14,Defensor,0,0,0,5,0,0.00,0,0,0,0,0,6
Luisinho,Brasil,1934,-,Delantero,1,1,0,0,0,0.00,0,0,0,0,1,14
Luisinho,Brasil,1938,-,Delantero,2,2,0,3,0,0.00,0,0,1,0,1,3
Luiz Gustavo,Brasil,2014,17,Mediocampista,6,6,0,1,0,0.00,2,0,2,2,2,4
Luiz Luz,Brasil,1934,-,Defensor,1,1,0,0,0,0.00,0,0,0,0,1,14
Luizao,Brasil,2002,21,Delantero,2,0,0,5,0,0.00,0,0,2,0,0,1
Luizinho,Brasil,1982,4,Defensor,5,5,0,0,0,0.00,0,0,4,0,1,5
Luka Jović,Serbia,2018,19,Delantero,1,0,0,2,0,0.00,0,0,0,0,1,23
Luka Jović,Serbia,2022,11,Delantero,1,0,0,2,0,0.00,1,0,0,0,1,29
Luka Liposinovic,Yugoslavia,1958,18,Delantero,0,0,0,4,0,0.00,0,0,0,0,0,8
Luka Milivojević,Serbia,2018,4,Mediocampista,2,2,0,1,0,0.00,1,0,1,0,1,23
Luka Modric,Croacia,2006,14,Mediocampista,2,0,0,1,0,0.00,0,0,0,2,0,22
Luka Modric,Croacia,2014,10,Mediocampista,3,3,0,0,0,0.00,0,0,1,0,2,19
Luka Modric,Croacia,2018,10,Mediocampista,7,7,7,0,2,0.29,0,0,4,2,1,2
Luka Modric,Croacia,2022,10,Mediocampista,7,7,7,0,0,0.00,1,0,2,4,1,3
Luka Peruzovic,Yugoslavia,1974,14,Defensor,1,0,0,5,0,0.00,0,0,0,0,1,7
Luka Sucic,Croacia,2022,25,Mediocampista,0,0,0,7,0,0.00,0,0,0,0,0,3
Lukas Klostermann,Alemania,2022,16,Defensor,2,0,0,1,0,0.00,0,0,1,1,0,17
Lukas Lerager,Dinamarca,2018,18,Mediocampista,1,0,0,3,0,0.00,0,0,0,1,0,11
Lukas Podolski,Alemania,2006,20,Delantero,7,7,0,0,3,0.43,1,0,5,1,1,3
Lukas Podolski,Alemania,2010,10,Delantero,6,6,0,1,2,0.33,0,0,4,0,2,3
Lukas Podolski,Alemania,2014,10,Delantero,2,1,0,5,0,0.00,0,0,2,0,0,1
Lukasz Fabianski,Polonia,2006,22,Arquero,0,0,0,3,0,0.00,0,0,0,0,0,21
Lukasz Fabianski,Polonia,2018,22,Arquero,1,1,0,2,0,0.00,0,0,1,0,0,25
Lukasz Piszczek,Polonia,2018,20,Defensor,2,2,0,1,0,0.00,0,0,0,0,2,25
Lukasz Skorupski,Polonia,2022,12,Arquero,0,0,0,4,0,0.00,0,0,0,0,0,15
Lukasz Teodorczyk,Polonia,2018,14,Delantero,2,0,0,1,0,0.00,0,0,1,0,1,25
Luke Shaw,Inglaterra,2014,23,Defensor,1,1,0,2,0,0.00,0,0,0,1,0,26
Luke Shaw,Inglaterra,2022,3,Defensor,5,5,0,0,0,0.00,0,0,3,1,1,6
Luke Wilkshire,Australia,2006,20,Mediocampista,2,2,0,2,0,0.00,1,0,1,0,1,16
Luke Wilkshire,Australia,2010,8,Defensor,3,3,0,0,0,0.00,1,0,1,1,1,21
Lukman Haruna,Nigeria,2010,15,Mediocampista,2,2,0,1,0,0.00,1,0,0,0,2,27
Luuk De Jong,Paises Bajos,2022,9,Delantero,1,0,0,4,0,0.00,0,0,0,1,0,5
Maad Ibrahim,Iraq,1986,2,Defensor,1,1,0,2,0,0.00,0,0,0,0,1,23
Maarten Stekelenburg,Paises Bajos,2006,23,Arquero,0,0,0,4,0,0.00,0,0,0,0,0,11
Maarten Stekelenburg,Paises Bajos,2010,1,Arquero,7,7,0,0,0,0.00,1,0,6,0,1,2
Mabrouk Zaid,Arabia Saudita,2002,21,Arquero,0,0,0,3,0,0.00,0,0,0,0,0,32
Mabrouk Zaid,Arabia Saudita,2006,21,Arquero,3,3,0,0,0,0.00,0,0,0,1,2,28
MacBeth Sibaya,Sudáfrica,2002,6,Mediocampista,3,3,0,0,0,0.00,0,0,1,1,1,17
MacBeth Sibaya,Sudáfrica,2010,6,Mediocampista,1,1,0,2,0,0.00,0,0,1,0,0,20
MacDonald Mukansi,Sudáfrica,2002,9,Mediocampista,1,0,0,2,0,0.00,0,0,0,1,0,17
Machado,Brasil,1938,-,Defensor,4,4,0,1,0,0.00,0,0,2,1,1,3
Maciej Murawski,Polonia,2002,16,Mediocampista,1,1,0,2,0,0.00,0,0,1,0,0,25
Maciej Rybus,Polonia,2018,13,Mediocampista,2,2,0,1,0,0.00,0,0,0,0,2,25
Maciej Zurawski,Polonia,2002,19,Delantero,3,3,0,0,0,0.00,0,0,1,0,2,25
Maciej Zurawski,Polonia,2006,9,Delantero,3,3,0,0,0,0.00,0,0,1,0,2,21
Madjid Bougherra,Argelia,2010,2,Defensor,3,3,0,0,0,0.00,0,0,0,1,2,28
Madjid Bougherra,Argelia,2014,2,Defensor,3,2,2,1,0,0.00,1,0,1,0,2,14
Magdaleno Mercado,México,1966,17,Mediocampista,2,2,0,1,0,0.00,0,0,0,2,0,12
Magdy Abedelghani,Egipto,1990,8,Mediocampista,3,3,0,0,1,0.33,1,0,0,2,1,20
Magdy Tolba,Egipto,1990,16,Mediocampista,2,1,0,1,0,0.00,0,0,0,2,0,20
Magnar Isaksen,Noruega,1938,-,Delantero,1,1,0,0,0,0.00,0,0,0,0,1,12
Magnus Andersson,Suecia,1978,13,Defensor,0,0,0,3,0,0.00,0,0,0,0,0,13
Magnus Erlingmark,Suecia,1994,20,Delantero,1,0,0,6,0,0.00,0,0,1,0,0,3
Magnus Hedman,Suecia,1994,22,Arquero,0,0,0,7,0,0.00,0,0,0,0,0,3
Magnus Hedman,Suecia,2002,1,Arquero,4,4,0,0,0,0.00,0,0,1,2,1,13
Magnus Kihlstedt,Suecia,2002,12,Arquero,0,0,0,4,0,0.00,0,0,0,0,0,13
Magnus Svensson,Suecia,2002,17,Mediocampista,4,3,0,0,0,0.00,1,0,1,2,1,13
Mahboud Mubarak,Kuwait,1982,3,Defensor,3,3,0,0,0,0.00,0,0,0,1,2,21
Mahdi Cerbah,Argelia,1982,1,Arquero,3,3,0,0,0,0.00,0,0,2,0,1,13
Mahjoub Ghazouani,Marruecos,1970,11,Delantero,3,3,0,0,1,0.33,0,0,0,1,2,14
Mahmoud Guendouz,Argelia,1982,2,Defensor,3,3,0,0,0,0.00,0,0,2,0,1,13
Mahmoud Guendouz,Argelia,1986,2,Defensor,3,3,3,0,0,0.00,0,0,0,1,2,22
Trézéguet,Egipto,2018,21,Mediocampista,3,3,0,0,0,0.00,1,0,0,0,3,31
Mahmoud Kahraba,Egipto,2018,11,Delantero,3,0,0,0,0,0.00,0,0,0,0,3,31
Mahmoud Moukhtar,Egipto,1934,-,Delantero,1,1,1,0,0,0.00,0,0,0,0,1,13
Mahmoud Negro,Egipto,1934,-,Delantero,0,0,0,1,0,0.00,0,0,0,0,0,13
Mahmoud Shaker,Iraq,1986,16,Mediocampista,1,0,0,2,0,0.00,0,0,0,0,1,23
Maicon,Brasil,2010,2,Defensor,5,5,0,0,1,0.20,0,0,3,1,1,6
Maicon,Brasil,2014,23,Defensor,3,3,0,4,0,0.00,0,0,1,0,2,4
Maino Neri,Italia,1954,4,Mediocampista,2,2,0,1,0,0.00,0,0,1,0,1,10
Majed Abdullah,Arabia Saudita,1994,9,Delantero,2,2,2,2,0,0.00,0,0,1,0,1,12
Majeed Waris,Ghana,2014,18,Delantero,1,1,0,2,0,0.00,1,0,0,0,1,25
Majid Bishkar,Irán,1978,4,Delantero,0,0,0,3,0,0.00,0,0,0,0,0,14
Majid Hosseini,Irán,2018,19,Defensor,3,2,0,0,0,0.00,0,0,1,1,1,18
Majid Hosseini,Irán,2022,19,Defensor,3,3,0,0,0,0.00,1,0,1,0,2,26
Makoto Hasebe,Japón,2010,17,Mediocampista,4,4,4,0,0,0.00,0,0,2,1,1,9
Makoto Hasebe,Japón,2014,17,Mediocampista,3,3,3,0,0,0.00,1,0,0,1,2,29
Makoto Hasebe,Japón,2018,17,Mediocampista,4,3,3,0,0,0.00,1,0,1,1,2,15
Maksim Kanunnikov,Rusia,2014,6,Delantero,2,1,0,1,0,0.00,0,0,0,1,1,24
Maksym Kalinichenko,Ucrania,2006,19,Mediocampista,4,4,0,1,1,0.25,1,0,2,1,1,8
Makthar Ndiaye,Senegal,2002,23,Mediocampista,0,0,0,5,0,0.00,0,0,0,0,0,7
Mal Donaghy,Irlanda del Norte,1982,3,Defensor,4,4,0,1,0,0.00,0,1,1,2,1,9
Mal Donaghy,Irlanda del Norte,1986,3,Defensor,3,3,0,0,0,0.00,1,0,0,1,2,21
Malek Al Hawsawi,Arabia Saudita,2006,23,Delantero,3,0,0,0,0,0.00,0,0,0,1,2,28
Mamadou Loum,Senegal,2022,25,Mediocampista,0,0,0,4,0,0.00,0,0,0,0,0,10
Mamadou Sakho,Francia,2014,5,Defensor,4,4,0,1,0,0.00,0,0,2,1,1,7
Mamat Suat,Turquía,1954,8,Delantero,2,2,0,1,3,1.50,0,0,1,0,1,11
Mame Biram Diouf,Senegal,2018,9,Delantero,2,1,0,1,0,0.00,0,0,1,1,0,17
Mana Mambuene,Zaire,1974,8,Mediocampista,3,3,0,0,0,0.00,0,0,0,0,3,16
Manabu Saito,Japón,2014,20,Delantero,0,0,0,3,0,0.00,0,0,0,0,0,29
Manaf Nurudeen,Ghana,2022,16,Arquero,0,0,0,3,0,0.00,0,0,0,0,0,24
Maneca,Brasil,1950,-,Delantero,4,4,0,2,1,0.25,0,0,3,1,0,2
Manfred Kaltz,Alemania Occidental,1978,5,Defensor,6,6,0,0,0,0.00,0,0,1,4,1,6
Manfred Kaltz,Alemania Occidental,1982,20,Defensor,7,7,1,0,0,0.00,0,0,3,2,2,2
Manfred Linzmaier,Austria,1990,10,Mediocampista,1,1,0,2,0,0.00,0,0,0,0,1,18
Manfred Manglitz,Alemania Occidental,1970,21,Arquero,0,0,0,6,0,0.00,0,0,0,0,0,3
Manfred Schaefer,Australia,1974,4,Defensor,3,3,0,0,0,0.00,0,0,0,1,2,14
Manfred Zsak,Austria,1990,6,Mediocampista,3,2,0,0,0,0.00,2,0,1,0,2,18
Manga,Brasil,1966,12,Arquero,1,1,0,2,0,0.00,0,0,0,0,1,11
Maniche,Portugal,2006,18,Mediocampista,7,6,0,0,2,0.29,2,0,4,1,2,4
Manoelzinho,Brasil,1930,-,Delantero,0,0,0,2,0,0.00,0,0,0,0,0,6
Manolo,España,1990,20,Delantero,1,1,0,3,0,0.00,0,0,0,1,0,10
Mansoor Al-Harbi,Arabia Saudita,2018,2,Defensor,0,0,0,3,0,0.00,0,0,0,0,0,26
Mansour Althagafi,Arabia Saudita,2002,23,Defensor,0,0,0,3,0,0.00,0,0,0,0,0,32
Mantorras,Angola,2006,9,Delantero,2,0,0,1,0,0.00,0,0,0,1,1,23
Manuel Akanji,Suiza,2018,5,Defensor,4,4,0,0,0,0.00,0,0,1,2,1,14
Manuel Akanji,Suiza,2022,5,Defensor,4,4,0,0,1,0.25,1,0,2,0,2,12
Manuel Alvarez,Chile,1950,-,Defensor,3,3,0,0,0,0.00,0,0,1,0,2,9
Manuel Amoros,Francia,1982,2,Defensor,5,5,0,2,0,0.00,2,0,2,2,1,4
Manuel Amoros,Francia,1986,2,Defensor,7,7,0,0,1,0.14,1,0,4,2,1,3
Manuel Astorga,Chile,1962,22,Arquero,0,0,0,6,0,0.00,0,0,0,0,0,3
Manuel Camacho,México,1958,12,Arquero,0,0,0,3,0,0.00,0,0,0,0,0,16
Manuel Chorens,Cuba,1938,-,Defensor,3,3,0,0,0,0.00,0,0,1,1,1,7
Manuel da Costa,Marruecos,2018,4,Defensor,3,2,0,0,0,0.00,1,0,0,1,2,27
Manuel Duarte,Portugal,1966,15,Delantero,0,0,0,6,0,0.00,0,0,0,0,0,3
Manuel Fernandes,Portugal,2018,4,Mediocampista,1,0,0,3,0,0.00,0,0,0,0,1,13
Manuel Ferreira,Argentina,1930,-,Delantero,4,4,4,1,0,0.00,0,0,3,0,1,2
Manuel Gavilan,Paraguay,1950,-,Defensor,2,2,0,0,0,0.00,0,0,0,1,1,11
Manuel Gutierrez,México,1950,-,Defensor,2,2,0,1,0,0.00,0,0,0,0,2,12
Manuel Jimenez,España,1990,3,Defensor,2,1,0,2,0,0.00,1,0,0,1,1,10
Manuel Jimenez,España,1982,13,Defensor,0,0,0,5,0,0.00,0,0,0,0,0,12
Manuel Machuca,Chile,1950,-,Defensor,1,1,0,2,0,0.00,0,0,1,0,0,9
Manuel Munoz,Chile,1950,-,Delantero,2,2,0,1,0,0.00,0,0,0,0,2,9
Manuel Najera,México,1978,2,Defensor,0,0,0,3,0,0.00,0,0,0,0,0,16
Manuel Negrete,México,1986,22,Mediocampista,5,5,0,0,1,0.20,1,0,3,2,0,6
Manuel Neira,Chile,1998,13,Delantero,0,0,0,4,0,0.00,0,0,0,0,0,16
Manuel Neuer,Alemania,2010,1,Arquero,6,6,0,1,0,0.00,0,0,4,0,2,3
Manuel Neuer,Alemania,2014,1,Arquero,7,7,0,0,0,0.00,0,0,6,1,0,1
Manuel Neuer,Alemania,2018,1,Arquero,3,3,3,0,0,0.00,0,0,1,0,2,22
Manuel Neuer,Alemania,2022,1,Arquero,3,3,3,0,0,0.00,0,0,1,1,1,17
Manuel Rodriguez,Chile,1962,15,Defensor,2,2,0,4,0,0.00,0,0,1,0,1,3
Manuel Rojas,Chile,1982,16,Mediocampista,1,0,0,2,0,0.00,0,0,0,0,1,22
Manuel Rosas,México,1930,-,Defensor,3,3,0,0,2,0.67,0,0,0,0,3,13
Manuel Sanchis,España,1966,2,Defensor,3,3,0,0,1,0.33,0,0,1,0,2,10
Manuel Sanchis,España,1990,5,Defensor,4,4,0,0,0,0.00,0,0,2,1,1,10
Manuel Ugarte,Uruguay,2022,25,Mediocampista,0,0,0,3,0,0.00,0,0,0,0,0,20
Manuel Vidrio,México,2002,5,Defensor,4,4,0,0,0,0.00,1,0,2,1,1,11
Manus Vrauwdeunt,Paises Bajos,1934,-,Delantero,0,0,0,1,0,0.00,0,0,0,0,0,9
Maozhen Su,China,2002,12,Delantero,1,0,0,2,0,0.00,0,0,0,0,1,31
Maranon,España,1978,15,Delantero,0,0,0,3,0,0.00,0,0,0,0,0,10
Marat Izmailov,Rusia,2002,20,Mediocampista,2,2,0,1,0,0.00,0,0,1,0,1,22
Marc-André ter Stegen,Alemania,2018,22,Arquero,0,0,0,3,0,0.00,0,0,0,0,0,22
Marc-André ter Stegen,Alemania,2022,22,Arquero,0,0,0,3,0,0.00,0,0,0,0,0,17
Marc Baecke,Bélgica,1982,14,Defensor,4,3,0,1,0,0.00,0,0,2,1,1,10
Marc Berdoll,Francia,1978,14,Delantero,2,1,0,1,1,0.50,0,0,1,0,1,12
Marc De Grijse,Bélgica,1990,9,Delantero,4,4,0,0,1,0.25,0,0,2,0,2,11
Marc De Grijse,Bélgica,1994,9,Delantero,3,3,0,1,1,0.33,0,0,2,0,1,11
Marc Emmers,Bélgica,1990,6,Mediocampista,3,2,0,1,0,0.00,0,0,2,0,1,11
Marc Emmers,Bélgica,1994,15,Defensor,3,2,0,1,0,0.00,0,0,2,0,1,11
Marc Hottiger,Suiza,1994,2,Defensor,4,4,0,0,0,0.00,1,0,1,1,2,15
Marc Millecamps,Bélgica,1982,19,Mediocampista,1,0,0,4,0,0.00,0,0,0,0,1,10
Marc Overmars,Paises Bajos,1994,7,Delantero,5,4,0,0,0,0.00,0,0,3,0,2,7
Marc Overmars,Paises Bajos,1998,14,Delantero,6,4,0,1,1,0.17,0,0,3,2,1,4
Marc Planus,Francia,2010,6,Defensor,0,0,0,3,0,0.00,0,0,0,0,0,29
Marc Rieper,Dinamarca,1998,3,Defensor,5,5,0,0,1,0.20,2,0,2,1,2,8
Marc Van Der Linden,Bélgica,1990,19,Delantero,2,1,0,2,0,0.00,0,0,1,0,1,11
Marc-Vivien Foe,Camerún,1994,17,Mediocampista,3,3,0,0,0,0.00,0,0,0,1,2,22
Marc-Vivien Foe,Camerún,2002,17,Mediocampista,3,3,0,0,0,0.00,1,0,1,1,1,20
Marc Wilmots,Bélgica,1990,21,Delantero,0,0,0,4,0,0.00,0,0,0,0,0,11
Marc Wilmots,Bélgica,1994,18,Mediocampista,1,1,0,3,0,0.00,0,0,0,0,1,11
Marc Wilmots,Bélgica,1998,7,Mediocampista,3,3,0,0,2,0.67,0,0,0,3,0,19
Marc Wilmots,Bélgica,2002,7,Delantero,4,4,4,0,3,0.75,0,0,1,2,1,14
Marc Zoro,Costa de Marfil,2006,13,Defensor,0,0,0,3,0,0.00,0,0,0,0,0,19
Marcel Artelesa,Francia,1966,2,Mediocampista,3,3,3,0,0,0.00,0,0,0,1,2,13
Marcel Aubour,Francia,1966,1,Arquero,3,3,0,0,0,0.00,0,0,0,1,2,13
Marcel Capelle,Francia,1930,-,Defensor,3,3,0,0,0,0.00,0,0,1,0,2,7
Marcel Desailly,Francia,1998,8,Defensor,7,7,1,0,0,0.00,0,1,6,1,0,1
Marcel Desailly,Francia,2002,8,Defensor,3,3,3,0,0,0.00,0,0,0,1,2,28
Marcel Dries,Bélgica,1954,2,Defensor,2,2,0,0,0,0.00,0,0,0,1,1,12
Marcel Flueckiger,Suiza,1954,5,Defensor,1,1,0,3,0,0.00,0,0,1,0,0,5
Marcel Langiller,Francia,1930,-,Delantero,3,3,0,0,1,0.33,0,0,1,0,2,7
Marcel Mahouve,Camerún,1998,19,Mediocampista,1,1,0,2,0,0.00,0,0,0,1,0,25
Marcel Mauron,Suiza,1954,19,Delantero,0,0,0,4,0,0.00,0,0,0,0,0,5
Marcel Pinel,Francia,1930,-,Mediocampista,3,3,0,0,0,0.00,0,0,1,0,2,7
Marcel Vonlanden,Suiza,1962,12,Delantero,0,0,0,3,0,0.00,0,0,0,0,0,16
Marcelino,España,1978,17,Defensor,3,3,0,0,0,0.00,0,0,1,1,1,10
Marcelino,España,1966,9,Delantero,1,1,0,2,0,0.00,0,0,0,0,1,10
Marcelino Bernal,México,1994,6,Mediocampista,4,3,0,0,1,0.25,0,0,1,2,1,13
Marcelino Bernal,México,1998,6,Mediocampista,2,1,0,2,0,0.00,0,0,1,0,1,13
Marcelino Vargas,Paraguay,1950,-,Arquero,2,2,0,0,0,0.00,0,0,0,1,1,11
Marcell Jansen,Alemania,2006,2,Defensor,1,1,0,6,0,0.00,0,0,1,0,0,3
Marcell Jansen,Alemania,2010,2,Mediocampista,4,1,0,3,1,0.25,0,0,3,0,1,3
Marcelo,Brasil,2014,6,Defensor,6,6,0,1,0,0.00,0,0,3,2,1,4
Marcelo,Brasil,2018,12,Defensor,4,4,1,1,0,0.00,0,0,2,1,1,6
Marcelo Balboa,Estados Unidos,1990,17,Defensor,3,2,0,0,0,0.00,0,0,0,0,3,23
Marcelo Balboa,Estados Unidos,1994,17,Defensor,4,4,0,0,0,0.00,0,0,1,1,2,14
Marcelo Balboa,Estados Unidos,1998,17,Defensor,1,0,0,2,0,0.00,0,0,0,0,1,32
Marcelo Brozovic,Croacia,2014,14,Mediocampista,1,0,0,2,0,0.00,0,0,0,0,1,19
Marcelo Brozovic,Croacia,2018,11,Mediocampista,6,4,0,1,0,0.00,1,0,3,2,1,2
Marcelo Brozovic,Croacia,2022,11,Mediocampista,6,6,0,1,0,0.00,1,0,1,4,1,3
Marcelo Delgado,Argentina,1998,21,Delantero,0,0,0,5,0,0.00,0,0,0,0,0,6
Marcelo Díaz,Chile,2014,21,Mediocampista,4,4,0,0,0,0.00,0,0,2,1,1,9
Marcelo Gallardo,Argentina,1998,20,Mediocampista,3,1,0,2,0,0.00,0,0,2,1,0,6
Marcelo Gallardo,Argentina,2002,20,Mediocampista,0,0,0,3,0,0.00,0,0,0,0,0,18
Marcelo Pagani,Argentina,1962,9,Delantero,2,2,0,1,0,0.00,0,0,1,1,0,10
Marcelo Ramirez,Chile,1998,12,Arquero,0,0,0,4,0,0.00,0,0,0,0,0,16
Marcelo Romero,Uruguay,2002,16,Mediocampista,2,2,0,1,0,0.00,2,0,0,2,0,26
Marcelo Salas,Chile,1998,11,Delantero,4,4,0,0,4,1.00,1,0,0,3,1,16
Marcelo Torrico,Bolivia,1994,19,Arquero,0,0,0,3,0,0.00,0,0,0,0,0,21
Marcelo Trobbiani,Argentina,1986,21,Mediocampista,1,0,0,6,0,0.00,0,0,1,0,0,1
Marcelo Vega,Chile,1998,17,Mediocampista,1,0,0,3,0,0.00,0,0,0,0,1,16
Marcial Avalos,Paraguay,1950,-,Delantero,0,0,0,2,0,0.00,0,0,0,0,0,11
Marcin Baszczynski,Polonia,2006,4,Defensor,3,3,0,0,0,0.00,1,0,1,0,2,21
Marcin Zewlakow,Polonia,2002,14,Delantero,3,0,0,0,1,0.33,0,0,1,0,2,25
Marcio Santos,Brasil,1994,15,Defensor,7,7,0,0,1,0.14,0,0,5,2,0,1
Marco Abreu,Angola,2006,23,Defensor,0,0,0,3,0,0.00,0,0,0,0,0,23
Marco Amelia,Italia,2006,14,Arquero,0,0,0,7,0,0.00,0,0,0,0,0,1
Marco Antonio,Brasil,1970,6,Defensor,2,1,0,4,0,0.00,0,0,2,0,0,1
Marco Antonio,Brasil,1974,16,Defensor,0,0,0,7,0,0.00,0,0,0,0,0,4
Marco Antonio Etcheverry,Bolivia,1994,10,Mediocampista,1,0,0,2,0,0.00,0,1,0,0,1,21
Marco Antonio Sandy,Bolivia,1994,3,Defensor,3,3,0,0,0,0.00,0,0,0,1,2,21
Marco Asensio,España,2018,20,Mediocampista,3,1,0,1,0,0.00,0,0,1,2,0,10
Marco Asensio,España,2022,10,Delantero,4,3,0,0,1,0.25,0,0,1,2,1,13
Marco Bode,Alemania,2002,17,Delantero,6,3,0,1,1,0.17,0,0,4,1,1,2
Mark Bresciano,Australia,2006,23,Mediocampista,4,2,0,0,0,0.00,0,0,1,1,2,16
Mark Bresciano,Australia,2010,23,Delantero,2,2,0,1,0,0.00,0,0,1,1,0,21
Mark Bresciano,Australia,2014,23,Mediocampista,3,2,0,0,0,0.00,0,0,0,0,3,30
Marco Cornez,Chile,1982,12,Arquero,0,0,0,3,0,0.00,0,0,0,0,0,22
Marco Delvecchio,Italia,2002,18,Delantero,0,0,0,4,0,0.00,0,0,0,0,0,15
Marco Estrada,Chile,2010,13,Mediocampista,1,1,0,3,0,0.00,0,1,0,0,1,10
Marco Fabián,México,2014,8,Mediocampista,3,0,0,1,0,0.00,0,0,2,1,0,10
Marco Fabián,México,2018,8,Delantero,1,0,0,3,0,0.00,0,0,0,0,1,12
Marco Grassi,Suiza,1994,15,Delantero,1,0,0,3,0,0.00,0,0,0,0,1,15
Marco Materazzi,Italia,2002,23,Defensor,1,0,0,3,0,0.00,0,0,0,0,1,15
Marco Materazzi,Italia,2006,23,Defensor,4,3,0,3,2,0.50,0,1,3,1,0,1
Marco Padalino,Suiza,2010,14,Mediocampista,0,0,0,3,0,0.00,0,0,0,0,0,19
Marco Parolo,Italia,2014,18,Mediocampista,2,0,0,1,0,0.00,0,0,1,0,1,22
Marco Pascolo,Suiza,1994,1,Arquero,4,4,0,0,0,0.00,1,0,1,1,2,15
Marco Reus,Alemania,2018,11,Delantero,3,2,0,0,1,0.33,0,0,1,0,2,22
Marco Streller,Suiza,2006,11,Delantero,3,1,0,1,0,0.00,1,0,1,2,0,10
Marco Tardelli,Italia,1978,14,Mediocampista,6,6,0,1,0,0.00,2,0,4,1,1,4
Marco Tardelli,Italia,1982,14,Mediocampista,7,7,0,0,2,0.29,1,0,4,3,0,1
Marco Tardelli,Italia,1986,15,Mediocampista,0,0,0,4,0,0.00,0,0,0,0,0,12
Marco Van Basten,Paises Bajos,1990,9,Delantero,4,4,0,0,0,0.00,1,0,0,3,1,15
Marco Verratti,Italia,2014,23,Mediocampista,2,2,0,1,0,0.00,0,0,1,0,1,22
Marco Woelfli,Suiza,2010,12,Arquero,0,0,0,3,0,0.00,0,0,0,0,0,19
Marcos,Brasil,2002,1,Arquero,7,7,0,0,0,0.00,0,0,7,0,0,1
Marcos Acuña,Argentina,2018,8,Defensor,1,1,0,3,0,0.00,1,0,0,0,1,16
Marcos Acuña,Argentina,2022,8,Mediocampista,6,4,0,1,0,0.00,3,0,3,2,1,1
Marcos Airosa,Angola,2006,2,Defensor,0,0,0,3,0,0.00,0,0,0,0,0,23
Marcos Coll,Colombia,1962,15,Mediocampista,3,3,0,0,1,0.33,0,0,0,1,2,14
Marcos Llorente,España,2022,6,Mediocampista,1,1,0,3,0,0.00,0,0,0,1,0,13
Marcos Rivas,México,1970,7,Mediocampista,0,0,0,4,0,0.00,0,0,0,0,0,6
Marcos Rojo,Argentina,2014,16,Defensor,6,6,0,1,1,0.17,2,0,4,1,1,2
Marcos Rojo,Argentina,2018,16,Defensor,3,3,0,1,1,0.33,1,0,1,1,1,16
Marcos Senna,España,2006,16,Mediocampista,3,2,0,1,0,0.00,0,0,2,0,1,9
Marco Ureña,Costa Rica,2014,21,Delantero,4,0,0,1,1,0.25,0,0,2,2,0,8
Marco Ureña,Costa Rica,2018,21,Delantero,2,2,0,1,0,0.00,0,0,0,0,2,29
Marculeta,España,1934,-,Defensor,1,1,0,2,0,0.00,0,0,1,0,0,5
Marcus Allback,Suecia,2002,10,Delantero,4,4,0,0,0,0.00,1,0,1,2,1,13
Marcus Allback,Suecia,2006,20,Delantero,4,1,0,0,1,0.25,2,0,1,2,1,14
Marcus Berg,Suecia,2018,9,Delantero,5,5,0,0,0,0.00,0,0,3,0,2,7
Marcus Gayle,Jamaica,1998,8,Delantero,1,1,0,2,0,0.00,0,0,1,0,0,22
Marcus Hahnemann,Estados Unidos,2006,19,Arquero,0,0,0,3,0,0.00,0,0,0,0,0,25
Marcus Hahnemann,Estados Unidos,2010,23,Arquero,0,0,0,4,0,0.00,0,0,0,0,0,12
Marcus Rashford,Inglaterra,2018,19,Delantero,6,1,0,1,0,0.00,0,0,2,1,3,4
Marcus Rashford,Inglaterra,2022,11,Delantero,5,1,0,0,3,0.60,0,0,3,1,1,6
Marcus Rohdén,Suecia,2018,19,Mediocampista,0,0,0,5,0,0.00,0,0,0,0,0,7
Marcus Thuram,Francia,2022,26,Delantero,5,0,0,2,0,0.00,1,0,4,1,0,2
Marcus Tulio Tanaka,Japón,2010,4,Defensor,4,4,0,0,0,0.00,0,0,2,1,1,9
Marek Cech,Eslovaquia,2010,4,Defensor,1,1,0,3,0,0.00,0,0,0,1,0,16
Marek Dziuba,Polonia,1982,2,Defensor,5,4,0,2,0,0.00,0,0,3,1,1,3
Marek Hamsik,Eslovaquia,2010,17,Mediocampista,4,4,4,0,0,0.00,0,0,1,1,2,16
Marek Heinz,República Checa,2006,18,Delantero,1,0,0,2,0,0.00,0,0,0,0,1,20
Marek Jankulovski,República Checa,2006,6,Defensor,3,3,0,0,0,0.00,0,0,1,0,2,20
Marek Kozminski,Polonia,2002,21,Mediocampista,3,3,0,0,0,0.00,1,0,1,0,2,25
Marek Kusto,Polonia,1974,22,Delantero,0,0,0,7,0,0.00,0,0,0,0,0,3
Marek Kusto,Polonia,1978,15,Delantero,0,0,0,6,0,0.00,0,0,0,0,0,5
Marek Kusto,Polonia,1982,18,Delantero,3,0,0,4,0,0.00,0,0,0,2,1,3
Marek Ostrowski,Polonia,1986,4,Defensor,4,4,0,0,0,0.00,0,0,1,1,2,14
Marek Sapara,Eslovaquia,2010,10,Mediocampista,1,0,0,3,0,0.00,0,0,0,0,1,16
Marian Hristov,Bulgaria,1998,14,Mediocampista,2,1,0,1,0,0.00,0,0,0,0,2,29
Marian Ivan,Rumania,1994,21,Delantero,0,0,0,5,0,0.00,0,0,0,0,0,6
Marian Masny,Checoslovaquia,1982,19,Delantero,2,0,0,1,0,0.00,0,0,0,1,1,19
Mariano Andujar,Argentina,2010,21,Arquero,0,0,0,5,0,0.00,0,0,0,0,0,5
Mariano Andujar,Argentina,2014,21,Arquero,0,0,0,7,0,0.00,0,0,0,0,0,2
Mariano Pernia,España,2006,3,Defensor,3,3,0,1,0,0.00,0,0,2,0,1,9
Marijan Mrmic,Croacia,1998,12,Arquero,0,0,0,7,0,0.00,0,0,0,0,0,3
Marin Tufan,Rumania,1970,18,Delantero,0,0,0,3,0,0.00,0,0,0,0,0,10
Marinho Chagas,Brasil,1974,6,Defensor,7,7,0,0,0,0.00,1,0,3,2,2,4
Marinho Peres,Brasil,1974,3,Defensor,7,7,4,0,0,0.00,2,0,3,2,2,4
Marinko Galic,Eslovenia,2002,5,Defensor,1,1,0,2,0,0.00,0,0,0,0,1,30
Marino Klinger,Colombia,1962,17,Delantero,3,3,0,0,1,0.33,0,0,0,1,2,14
Marino Perani,Italia,1966,17,Delantero,2,2,0,1,0,0.00,0,0,1,0,1,9
Mario,Angola,2006,22,Arquero,0,0,0,3,0,0.00,0,0,0,0,0,23
Mario Alborta,Bolivia,1930,-,Delantero,2,2,0,0,0,0.00,0,0,0,0,2,12
Mario Balotelli,Italia,2014,9,Delantero,3,3,0,0,1,0.33,2,0,1,0,2,22
Mario Basler,Alemania,1994,21,Mediocampista,1,0,0,4,0,0.00,0,0,1,0,0,5
Mario Bergara,Uruguay,1962,20,Delantero,1,1,0,2,0,0.00,0,0,0,0,1,13
Mario Bertini,Italia,1970,10,Mediocampista,6,6,0,0,0,0.00,0,0,3,2,1,2
Mario Bolatti,Argentina,2010,5,Mediocampista,2,1,0,3,0,0.00,1,0,2,0,0,5
Mario Castillo,El Salvador,1982,2,Defensor,1,1,0,2,0,0.00,0,0,0,0,1,24
Mario Chaldu,Argentina,1966,14,Delantero,0,0,0,4,0,0.00,0,0,0,0,0,5
Mario David,Italia,1962,18,Defensor,1,1,0,2,0,0.00,0,0,0,0,1,9
Mario De Las Casas,Perú,1930,-,Defensor,2,2,0,0,0,0.00,0,0,0,0,2,10
Mario Eggimann,Suiza,2010,22,Defensor,1,0,0,2,0,0.00,0,0,1,0,0,19
Mario Evaristo,Argentina,1930,-,Delantero,4,4,0,1,1,0.25,0,0,3,0,1,2
Mário Fernandes,Rusia,2018,2,Defensor,5,4,0,0,1,0.20,0,0,2,2,1,8
Mario Galindo,Chile,1974,15,Defensor,0,0,0,3,0,0.00,0,0,0,0,0,11
Mario Galindo,Chile,1982,18,Defensor,1,1,0,2,0,0.00,0,0,0,0,1,22
Mario Gavranovic,Suiza,2014,17,Delantero,0,0,0,4,0,0.00,0,0,0,0,0,11
Mario Gavranovic,Suiza,2018,18,Delantero,2,1,0,2,0,0.00,0,0,1,1,0,14
Mario Genta,Italia,1938,-,Mediocampista,0,0,0,4,0,0.00,0,0,0,0,0,1
Mario Gomez,Alemania,2010,23,Delantero,4,0,0,3,0,0.00,0,0,2,0,2,3
Mario Gomez,Alemania,2018,23,Delantero,3,0,0,0,0,0.00,0,0,1,0,2,22
Mario Gonzalez,Uruguay,1974,15,Defensor,0,0,0,3,0,0.00,0,0,0,0,0,13
Mario Götze,Alemania,2014,19,Delantero,6,3,0,1,2,0.33,0,0,5,1,0,1
Mario Götze,Alemania,2022,11,Mediocampista,2,0,0,1,0,0.00,0,0,1,0,1,17
Mario Haas,Austria,1998,7,Delantero,3,1,0,0,0,0.00,0,0,0,2,1,23
Mario Kempes,Argentina,1974,13,Delantero,6,5,0,0,0,0.00,0,0,1,2,3,8
Mario Kempes,Argentina,1978,10,Delantero,7,7,0,0,6,0.86,0,0,5,1,1,1
Mario Kempes,Argentina,1982,11,Delantero,5,5,0,0,0,0.00,1,0,2,0,3,11
Mario Lepe,Chile,1962,14,Defensor,0,0,0,6,0,0.00,0,0,0,0,0,3
Mario Mandzukic,Croacia,2014,17,Delantero,2,2,0,1,2,1.00,0,0,1,0,1,19
Mario Mandzukic,Croacia,2018,17,Delantero,6,6,0,1,3,0.50,2,0,3,2,1,2
Mario Martínez,Honduras,2014,10,Mediocampista,1,0,0,2,0,0.00,0,0,0,0,1,31
Mario Medina,México,1978,20,Delantero,0,0,0,3,0,0.00,0,0,0,0,0,16
Mario Mena,Bolivia,1950,-,Delantero,0,0,0,1,0,0.00,0,0,0,0,0,13
Mario Mendez,México,2006,16,Defensor,4,4,0,0,0,0.00,0,0,1,1,2,15
Mario Mendez,Uruguay,1962,4,Defensor,3,3,0,0,0,0.00,0,0,1,0,2,13
Mario Monge,El Salvador,1970,12,Mediocampista,2,1,0,1,0,0.00,0,0,0,0,2,16
Mario Moreno,Chile,1962,18,Delantero,1,1,0,5,0,0.00,0,0,0,0,1,3
Mario Ochoa,México,1950,-,Mediocampista,2,2,0,1,0,0.00,0,0,0,0,2,12
Mario Ochoa,México,1954,21,Defensor,0,0,0,2,0,0.00,0,0,0,0,0,13
Mario Ortiz,Chile,1962,17,Mediocampista,0,0,0,6,0,0.00,0,0,0,0,0,3
Mario Osben,Chile,1982,22,Arquero,3,3,0,0,0,0.00,0,0,0,0,3,22
Mario Pasalic,Croacia,2022,15,Mediocampista,7,2,0,0,0,0.00,0,0,2,4,1,3
Mario Perazzolo,Italia,1938,-,Mediocampista,0,0,0,4,0,0.00,0,0,0,0,0,1
Mario Perez,México,1970,5,Defensor,4,4,0,0,0,0.00,0,0,2,1,1,6
Mario Perez,México,1950,-,Delantero,2,2,0,1,0,0.00,0,0,0,0,2,12
Mario Pinedo,Bolivia,1994,7,Mediocampista,0,0,0,3,0,0.00,0,0,0,0,0,21
Mario Pizziolo,Italia,1934,-,Mediocampista,2,2,0,3,0,0.00,0,0,1,1,0,1
Mario Prosperi,Suiza,1966,22,Arquero,0,0,0,3,0,0.00,0,0,0,0,0,16
Mario Regueiro,Uruguay,2002,17,Delantero,2,0,0,1,0,0.00,0,0,0,1,1,26
Mário Rui,Portugal,2018,19,Defensor,0,0,0,4,0,0.00,0,0,0,0,0,13
Mario Saralegui,Uruguay,1986,16,Mediocampista,3,1,0,1,0,0.00,1,0,0,2,1,16
Mario Sosa,Cuba,1938,-,Delantero,2,2,0,1,0,0.00,0,0,1,1,0,7
Mario Soto,Chile,1982,10,Defensor,2,1,0,1,0,0.00,0,0,0,0,2,22
Mario Stanic,Croacia,1998,13,Mediocampista,7,7,0,0,1,0.14,3,0,5,0,2,3
Mario Stanic,Croacia,2002,13,Mediocampista,2,0,0,1,0,0.00,0,0,0,0,2,23
Mario Tokic,Croacia,2006,11,Defensor,0,0,0,3,0,0.00,0,0,0,0,0,22
Mario Trejo,México,1986,2,Defensor,2,2,0,3,0,0.00,1,0,1,1,0,6
Mario Varglien,Italia,1934,-,Mediocampista,0,0,0,5,0,0.00,0,0,0,0,0,1
Mario Velarde,México,1962,20,Delantero,0,0,0,3,0,0.00,0,0,0,0,0,11
Mario Velarde,México,1970,18,Mediocampista,1,1,0,3,0,0.00,0,0,0,1,0,6
Mario Yepes,Colombia,2014,3,Defensor,4,4,4,1,0,0.00,1,0,3,0,1,5
Mario Zatelli,Francia,1938,-,Delantero,0,0,0,2,0,0.00,0,0,0,0,0,8
Marius Lacatus,Rumania,1990,7,Delantero,3,3,0,1,2,0.67,2,0,1,1,1,12
Marius Lacatus,Rumania,1998,7,Delantero,2,1,0,2,0,0.00,0,0,1,1,0,11
Marius Tresor,Francia,1978,8,Defensor,3,3,2,0,0,0.00,0,0,1,0,2,12
Marius Tresor,Francia,1982,8,Defensor,7,7,2,0,1,0.14,0,0,3,2,2,4
Mariusz Jop,Polonia,2006,2,Defensor,1,1,0,2,0,0.00,0,0,0,0,1,21
Mariusz Lewandowski,Polonia,2006,18,Defensor,2,0,0,1,0,0.00,0,0,1,0,1,21
Mark-Anthony Kaye,Canadá,2022,14,Mediocampista,1,1,0,2,0,0.00,0,0,0,0,1,31
Mark Caughey,Irlanda del Norte,1986,22,Delantero,0,0,0,3,0,0.00,0,0,0,0,0,21
Mark Fish,Sudáfrica,1998,5,Defensor,3,3,0,0,0,0.00,0,0,0,2,1,24
Mark Gonzalez,Chile,2010,11,Delantero,4,2,0,0,1,0.25,0,0,2,0,2,10
Mark Harris,Gales,2022,19,Delantero,0,0,0,3,0,0.00,0,0,0,0,0,30
Mark Hateley,Inglaterra,1986,9,Delantero,3,2,0,2,0,0.00,1,0,1,1,1,8
Mark Iuliano,Italia,2002,15,Defensor,1,1,0,3,0,0.00,0,0,0,0,1,15
Mark Kinsella,Irlanda,2002,12,Mediocampista,4,4,0,0,0,0.00,0,0,1,3,0,12
Mark Milligan,Australia,2006,22,Defensor,0,0,0,4,0,0.00,0,0,0,0,0,16
Mark Milligan,Australia,2010,20,Defensor,0,0,0,3,0,0.00,0,0,0,0,0,21
Mark Milligan,Australia,2014,5,Mediocampista,1,1,0,2,0,0.00,1,0,0,0,1,30
Mark Milligan,Australia,2018,5,Defensor,3,3,0,0,0,0.00,1,0,0,1,2,30
Mark Paston,Nueva Zelanda,2010,1,Arquero,3,3,0,0,0,0.00,0,0,0,3,0,22
Mark Schwarzer,Australia,2006,1,Arquero,3,3,0,1,0,0.00,0,0,1,0,2,16
Mark Schwarzer,Australia,2010,1,Arquero,3,3,0,0,0,0.00,0,0,1,1,1,21
Mark Van Bommel,Paises Bajos,2006,18,Mediocampista,3,3,0,1,0,0.00,2,0,2,0,1,11
Mark Van Bommel,Paises Bajos,2010,6,Mediocampista,7,7,0,0,0,0.00,2,0,6,0,1,2
Mark Viduka,Australia,2006,9,Delantero,4,4,4,0,0,0.00,0,0,1,1,2,16
Mark Wright,Inglaterra,1990,14,Defensor,6,6,0,1,1,0.17,0,0,3,2,1,4
Marko Babic,Croacia,2006,8,Mediocampista,3,3,0,0,0,0.00,0,0,0,2,1,22
Marko Dmitrović,Serbia,2018,23,Arquero,0,0,0,3,0,0.00,0,0,0,0,0,23
Marko Dmitrović,Serbia,2022,1,Arquero,0,0,0,3,0,0.00,0,0,0,0,0,29
Marko Grujić,Serbia,2018,16,Mediocampista,0,0,0,3,0,0.00,0,0,0,0,0,23
Marko Grujić,Serbia,2022,26,Mediocampista,1,0,0,2,0,0.00,0,0,0,1,0,29
Marko Livaja,Croacia,2022,14,Delantero,6,3,0,1,1,0.17,0,0,2,3,1,3
Marko Marin,Alemania,2010,21,Mediocampista,2,0,0,5,0,0.00,0,0,1,0,1,3
Marko Pantelic,Serbia,2010,9,Delantero,2,1,0,1,1,0.50,0,0,0,0,2,23
Marko Pjaca,Croacia,2018,20,Delantero,3,1,0,4,0,0.00,1,0,2,0,1,2
Marko Rehmer,Alemania,2002,3,Defensor,1,1,0,6,0,0.00,0,0,1,0,0,2
Marko Simeunovic,Eslovenia,2002,1,Arquero,2,2,0,1,0,0.00,0,0,0,0,2,30
Marko Suler,Eslovenia,2010,4,Defensor,3,3,0,0,0,0.00,1,0,1,1,1,18
Markus Babbel,Alemania,1998,14,Defensor,2,1,0,3,0,0.00,1,0,2,0,0,7
Markus Rosenberg,Suecia,2006,22,Delantero,0,0,0,4,0,0.00,0,0,0,0,0,14
Markus Schopp,Austria,1998,2,Mediocampista,1,0,0,2,0,0.00,0,0,0,1,0,23
Marlon Ayovi,Ecuador,2002,15,Defensor,3,1,0,0,0,0.00,0,0,1,0,2,24
Marlon Ayovi,Ecuador,2006,15,Mediocampista,1,1,1,3,0,0.00,0,0,0,0,1,12
Souaïbou Marou,Camerún,2022,26,Mediocampista,0,0,0,3,0,0.00,0,0,0,0,0,19
Marouane Fellaini,Bélgica,2014,8,Mediocampista,5,4,0,0,1,0.20,0,0,4,0,1,6
Marouane Fellaini,Bélgica,2018,8,Mediocampista,5,3,0,2,1,0.20,0,0,4,0,1,3
Marquinhos,Brasil,2018,13,Defensor,1,0,0,4,0,0.00,0,0,1,0,0,6
Marquinhos,Brasil,2022,4,Defensor,5,4,0,0,0,0.00,1,0,3,1,1,7
Marten de Roon,Paises Bajos,2022,15,Mediocampista,5,3,0,0,0,0.00,0,0,3,2,0,5
Martim,Brasil,1934,-,Mediocampista,1,1,1,0,0,0.00,0,0,0,0,1,14
Martim,Brasil,1938,-,Mediocampista,3,3,3,2,0,0.00,0,0,1,1,1,3
Martin Amerhauser,Austria,1998,11,Mediocampista,0,0,0,3,0,0.00,0,0,0,0,0,23
Martin Boyle,Australia,2022,6,Delantero,0,0,0,4,0,0.00,0,0,0,0,0,11
Martin Braithwaite,Dinamarca,2018,11,Delantero,4,2,0,0,0,0.00,0,0,1,3,0,11
Martin Braithwaite,Dinamarca,2022,9,Delantero,2,1,0,1,0,0.00,0,0,0,0,2,28
Martin Brunner,Suiza,1994,22,Arquero,0,0,0,4,0,0.00,0,0,0,0,0,15
Martin Buchan,Escocia,1974,14,Defensor,2,2,0,1,0,0.00,0,0,0,2,0,9
Martin Buchan,Escocia,1978,4,Defensor,3,3,0,0,0,0.00,0,0,1,1,1,11
Martin Caceres,Uruguay,2010,22,Defensor,2,2,0,5,0,0.00,1,0,0,0,2,4
Martin Caceres,Uruguay,2014,22,Defensor,4,4,0,0,0,0.00,1,0,2,0,2,12
Martin Caceres,Uruguay,2018,22,Defensor,5,5,0,0,0,0.00,0,0,4,0,1,5
Martin Caceres,Uruguay,2022,22,Defensor,1,1,0,2,0,0.00,1,0,0,1,0,20
Martín Campaña,Uruguay,2018,12,Arquero,0,0,0,5,0,0.00,0,0,0,0,0,5
Martin Dahlin,Suecia,1994,10,Delantero,5,5,0,2,4,0.80,2,0,2,2,1,3
Martin Demichelis,Argentina,2010,2,Defensor,5,5,0,0,1,0.20,0,0,4,0,1,5
Martin Demichelis,Argentina,2014,15,Defensor,3,3,0,4,0,0.00,1,0,1,1,1,2
Martin Erlic,Croacia,2022,5,Defensor,0,0,0,7,0,0.00,0,0,0,0,0,3
Martin Hiden,Austria,1998,12,Defensor,0,0,0,3,0,0.00,0,0,0,0,0,23
Martin Hoffmann,Alemania Oriental,1974,20,Delantero,6,5,0,0,1,0.17,0,0,2,2,2,6
Martin Hongla,Camerún,2022,18,Mediocampista,2,2,0,1,0,0.00,0,0,0,1,1,19
Martin Jakubko,Eslovaquia,2010,14,Delantero,1,0,0,3,0,0.00,0,0,0,0,1,16
Martin Jiranek,República Checa,2006,13,Defensor,0,0,0,3,0,0.00,0,0,0,0,0,20
Martin Jorgensen,Dinamarca,1998,21,Mediocampista,5,5,0,0,1,0.20,0,0,2,1,2,8
Martin Jorgensen,Dinamarca,2002,10,Delantero,3,1,0,1,0,0.00,0,0,2,1,0,10
Martin Jorgensen,Dinamarca,2010,10,Mediocampista,3,3,1,0,0,0.00,0,0,1,0,2,24
Martin Keown,Inglaterra,1998,18,Defensor,0,0,0,4,0,0.00,0,0,0,0,0,9
Martin Keown,Inglaterra,2002,15,Defensor,0,0,0,5,0,0.00,0,0,0,0,0,6
Martin Laursen,Dinamarca,2002,4,Defensor,4,4,0,0,0,0.00,1,0,2,1,1,10
Martin Olsson,Suecia,2018,5,Defensor,2,0,0,3,0,0.00,0,0,1,0,1,7
Martin O'Neill,Irlanda del Norte,1982,8,Mediocampista,5,5,5,0,0,0.00,0,0,1,3,1,9
Martin Palermo,Argentina,2010,18,Delantero,1,0,0,4,1,1.00,0,0,1,0,0,5
Martin Pando,Argentina,1962,8,Delantero,1,1,1,2,0,0.00,0,0,0,1,0,10
Martin Peters,Inglaterra,1966,16,Mediocampista,5,5,0,1,1,0.20,1,0,5,0,0,1
Martin Peters,Inglaterra,1970,11,Delantero,4,4,0,0,1,0.25,0,0,2,0,2,8
Martin Petras,Eslovaquia,2010,22,Defensor,1,0,0,3,0,0.00,0,0,1,0,0,16
Martin Rueda,Suiza,1994,18,Defensor,0,0,0,4,0,0.00,0,0,0,0,0,15
Martin Silva,Uruguay,2010,23,Arquero,0,0,0,7,0,0.00,0,0,0,0,0,4
Martin Silva,Uruguay,2014,23,Arquero,0,0,0,4,0,0.00,0,0,0,0,0,12
Martin Silva,Uruguay,2018,23,Arquero,0,0,0,5,0,0.00,0,0,0,0,0,5
Martin Skrtel,Eslovaquia,2010,3,Defensor,4,4,0,0,0,0.00,1,0,1,1,2,16
Martin Vazquez,España,1990,6,Mediocampista,4,4,0,0,0,0.00,0,0,2,1,1,10
Martin Ventorla,España,1934,-,Delantero,1,1,0,2,0,0.00,0,0,0,0,1,5
Martin Verges,España,1962,22,Mediocampista,2,2,0,1,0,0.00,0,0,1,0,1,12
Martin Wagner,Alemania,1994,17,Defensor,2,2,0,3,0,0.00,2,0,1,0,1,5
Marton Esterhazy,Hungría,1986,11,Delantero,3,3,0,0,1,0.33,0,0,1,0,2,18
Marvin Andrews,Trinidad y Tobago,2006,4,Defensor,0,0,0,3,0,0.00,0,0,0,0,0,27
Marvin Chávez,Honduras,2014,23,Mediocampista,2,0,0,1,0,0.00,0,0,0,0,2,31
Marvin Obando,Costa Rica,1990,5,Defensor,1,1,0,3,0,0.00,0,0,0,0,1,13
Marvin Plattenhardt,Alemania,2018,2,Defensor,1,1,0,2,0,0.00,0,0,0,0,1,22
Marwan Mohsen,Egipto,2018,9,Delantero,3,3,0,0,0,0.00,0,0,0,0,3,31
Maryan Wisnieski,Francia,1958,22,Delantero,6,6,0,0,2,0.33,0,0,4,0,2,3
Masaaki Higashiguchi,Japón,2018,12,Arquero,0,0,0,4,0,0.00,0,0,0,0,0,15
Masahiko Inoha,Japón,2014,19,Defensor,0,0,0,3,0,0.00,0,0,0,0,0,29
Masami Ihara,Japón,1998,4,Defensor,3,3,3,0,0,0.00,1,0,0,0,3,31
Masashi Nakayama,Japón,1998,9,Delantero,3,3,0,0,1,0.33,0,0,0,0,3,31
Masashi Nakayama,Japón,2002,10,Delantero,1,0,0,3,0,0.00,1,0,1,0,0,9
Masashi Oguro,Japón,2006,16,Delantero,3,0,0,0,0,0.00,0,0,0,1,2,29
Masato Morishige,Japón,2014,6,Defensor,1,1,0,2,0,0.00,1,0,0,0,1,29
Masayuki Okano,Japón,1998,14,Delantero,1,0,0,2,0,0.00,0,0,0,0,1,31
Mason Mount,Inglaterra,2022,19,Mediocampista,4,2,0,1,0,0.00,0,0,2,1,1,6
Masoud Shojaei,Irán,2006,23,Mediocampista,1,0,0,2,0,0.00,0,0,0,1,0,26
Masoud Shojaei,Irán,2014,7,Mediocampista,3,2,0,0,0,0.00,1,0,0,1,2,28
Masoud Shojaei,Irán,2018,7,Mediocampista,1,1,1,2,0,0.00,1,0,1,0,0,18
Massamasso Tchangai,Togo,2006,5,Defensor,3,3,1,0,0,0.00,1,0,0,0,3,30
Massimo Luongo,Australia,2014,21,Mediocampista,0,0,0,3,0,0.00,0,0,0,0,0,30
Massimo Luongo,Australia,2018,8,Mediocampista,0,0,0,3,0,0.00,0,0,0,0,0,30
Massimo Oddo,Italia,2006,22,Defensor,1,0,0,6,0,0.00,0,0,1,0,0,1
Mate Fenyvesi,Hungría,1958,21,Delantero,3,3,0,1,0,0.00,0,0,0,1,2,10
Mate Fenyvesi,Hungría,1962,11,Delantero,3,3,0,1,0,0.00,0,0,2,0,1,5
Mate Fenyvesi,Hungría,1966,12,Delantero,0,0,0,4,0,0.00,0,0,0,0,0,6
Matej Mavric,Eslovenia,2010,22,Defensor,0,0,0,3,0,0.00,0,0,0,0,0,18
Mateja Kezman,Serbia y Montenegro,2006,8,Delantero,2,2,0,1,0,0.00,0,1,0,0,2,32
Mateo Kovacic,Croacia,2014,20,Mediocampista,3,1,0,0,0,0.00,0,0,1,0,2,19
Mateo Kovacic,Croacia,2018,8,Mediocampista,5,1,0,2,0,0.00,0,0,3,2,0,2
Mateo Kovacic,Croacia,2022,8,Mediocampista,7,7,0,0,0,0.00,2,0,2,4,1,3
Mateus,Angola,2006,11,Mediocampista,3,3,0,0,0,0.00,0,0,0,2,1,23
Mateus Uribe,Colombia,2018,15,Mediocampista,3,1,0,1,0,0.00,0,0,2,1,0,9
Mateusz Wieteska,Polonia,2022,4,Defensor,0,0,0,4,0,0.00,0,0,0,0,0,15
Matheus Nunes,Portugal,2022,23,Mediocampista,2,1,0,3,0,0.00,0,0,1,0,1,8
Mathew Leckie,Australia,2014,7,Delantero,3,3,0,0,0,0.00,0,0,0,0,3,30
Mathew Leckie,Australia,2018,7,Delantero,3,3,0,0,0,0.00,1,0,0,1,2,30
Mathew Leckie,Australia,2022,7,Delantero,4,4,0,0,1,0.25,0,0,2,0,2,11
Mathew Ryan,Australia,2014,1,Arquero,3,3,0,0,0,0.00,0,0,0,0,3,30
Mathew Ryan,Australia,2018,1,Arquero,3,3,0,0,0,0.00,0,0,0,1,2,30
Mathew Ryan,Australia,2022,1,Arquero,4,4,4,0,0,0.00,0,0,2,0,2,11
Mathias Heidemann,Alemania,1934,-,Delantero,1,1,0,3,0,0.00,0,0,1,0,0,3
Mathias Jensen,Dinamarca,2022,7,Mediocampista,2,1,0,1,0,0.00,1,0,0,1,1,28
Mathias Kaburek,Austria,1934,-,Delantero,0,0,0,4,0,0.00,0,0,0,0,0,4
Mathías Olivera,Uruguay,2022,16,Defensor,3,3,0,0,0,0.00,1,0,1,1,1,20
Mathieu Debuchy,Francia,2014,2,Defensor,4,4,0,1,0,0.00,0,0,3,0,1,7
Mathieu Valbuena,Francia,2010,20,Delantero,1,0,0,2,0,0.00,0,0,0,0,1,29
Mathieu Valbuena,Francia,2014,8,Mediocampista,4,4,0,1,1,0.25,0,0,3,0,1,7
Mathis Bolly,Costa de Marfil,2014,6,Mediocampista,1,0,0,2,0,0.00,0,0,0,0,1,21
Matias Almeyda,Argentina,1998,5,Mediocampista,5,5,0,0,0,0.00,1,0,3,1,1,6
Matias Almeyda,Argentina,2002,5,Mediocampista,1,1,0,2,0,0.00,1,0,0,1,0,18
Matias Fernandez,Chile,2010,14,Mediocampista,2,2,0,2,0,0.00,2,0,2,0,0,10
Matias Gonzalez,Uruguay,1950,-,Defensor,4,4,0,0,0,0.00,0,0,3,1,0,1
Matías Vecino,Uruguay,2018,15,Mediocampista,5,5,0,0,0,0.00,0,0,4,0,1,5
Matías Vecino,Uruguay,2022,5,Mediocampista,3,2,0,0,0,0.00,0,0,1,1,1,20
Matías Viña,Uruguay,2022,17,Defensor,2,0,0,1,0,0.00,0,0,0,1,1,20
Mats Gren,Suecia,1990,19,Mediocampista,1,0,0,2,0,0.00,0,0,0,0,1,21
Mats Hummels,Alemania,2014,5,Defensor,6,6,0,1,2,0.33,0,0,5,1,0,1
Mats Hummels,Alemania,2018,5,Defensor,2,2,0,1,0,0.00,1,0,0,0,2,22
Mats Magnusson,Suecia,1990,20,Delantero,1,1,0,2,0,0.00,0,0,0,0,1,21
Matt Besler,Estados Unidos,2014,5,Defensor,4,4,0,0,0,0.00,0,0,1,1,2,15
Matt Elliott,Escocia,1998,18,Defensor,0,0,0,3,0,0.00,0,0,0,0,0,27
Matt Holland,Irlanda,2002,8,Mediocampista,4,4,0,0,1,0.25,0,0,1,3,0,12
Matt McKay,Australia,2014,17,Mediocampista,2,2,0,1,0,0.00,0,0,0,0,2,30
Matt Smith,Gales,2022,26,Mediocampista,0,0,0,3,0,0.00,0,0,0,0,0,30
Matt Turner,Estados Unidos,2022,1,Arquero,4,4,0,0,0,0.00,0,0,1,2,1,14
Matt Upson,Inglaterra,2010,15,Defensor,2,2,0,2,1,0.50,0,0,1,0,1,13
Matteo Darmian,Italia,2014,4,Defensor,3,3,0,0,0,0.00,0,0,1,0,2,22
Mattéo Guendouzi,Francia,2022,6,Mediocampista,1,1,0,6,0,0.00,0,0,0,0,1,2
Matthew Amoah,Ghana,2006,14,Delantero,4,4,0,0,0,0.00,0,0,2,0,2,13
Matthew Amoah,Ghana,2010,14,Delantero,2,0,0,3,0,0.00,0,0,0,1,1,7
Matthew Booth,Sudáfrica,2010,14,Defensor,0,0,0,3,0,0.00,0,0,0,0,0,20
Matthew Jurman,Australia,2018,6,Defensor,0,0,0,3,0,0.00,0,0,0,0,0,30
Matthew Spiranovic,Australia,2014,6,Defensor,3,3,0,0,0,0.00,1,0,0,0,3,30
Matthias Ginter,Alemania,2014,3,Defensor,0,0,0,7,0,0.00,0,0,0,0,0,1
Matthias Ginter,Alemania,2018,4,Defensor,0,0,0,3,0,0.00,0,0,0,0,0,22
Matthias Ginter,Alemania,2022,4,Defensor,1,0,0,2,0,0.00,0,0,1,0,0,17
Matthias Herget,Alemania Occidental,1986,5,Defensor,1,1,0,6,0,0.00,0,0,0,0,1,2
Matthias Sammer,Alemania,1994,16,Mediocampista,4,4,0,1,0,0.00,0,0,3,1,0,5
Matthias Sindelar,Austria,1934,-,Delantero,3,3,0,1,1,0.33,0,0,2,0,1,4
Matthijs De Ligt,Paises Bajos,2022,3,Defensor,2,1,0,3,0,0.00,1,0,2,0,0,5
Mattia De Sciglio,Italia,2014,2,Defensor,1,1,0,2,0,0.00,1,0,0,0,1,22
Mattia Perin,Italia,2014,13,Arquero,0,0,0,3,0,0.00,0,0,0,0,0,22
Mattias Jonson,Suecia,2002,18,Mediocampista,2,0,0,2,0,0.00,0,0,0,1,1,13
Mattias Jonson,Suecia,2006,18,Delantero,4,2,0,0,0,0.00,1,0,1,2,1,14
Matty Cash,Polonia,2022,2,Defensor,4,4,0,0,0,0.00,2,0,1,1,2,15
Mauk Weber,Paises Bajos,1934,-,Defensor,1,1,0,0,0,0.00,0,0,0,0,1,9
Mauk Weber,Paises Bajos,1938,-,Defensor,1,1,0,0,0,0.00,0,0,0,0,1,14
Maurice Edu,Estados Unidos,2010,19,Mediocampista,3,1,0,1,0,0.00,0,0,1,1,1,12
Maurice Lafont,Francia,1958,11,Mediocampista,1,1,0,5,0,0.00,0,0,1,0,0,3
Maurice Malpas,Escocia,1986,3,Defensor,2,2,0,1,0,0.00,1,0,0,0,2,19
Maurice Malpas,Escocia,1990,6,Defensor,3,3,0,0,0,0.00,0,0,1,0,2,18
Maurice Martens,Bélgica,1970,14,Defensor,0,0,0,3,0,0.00,0,0,0,0,0,10
Maurice Norman,Inglaterra,1958,16,Defensor,0,0,0,4,0,0.00,0,0,0,0,0,11
Maurice Norman,Inglaterra,1962,15,Defensor,4,4,0,0,0,0.00,0,0,1,1,2,8
Maurice Setters,Inglaterra,1958,22,Delantero,0,0,0,4,0,0.00,0,0,0,0,0,11
Mauricio Alfaro,El Salvador,1982,16,Mediocampista,1,0,0,2,0,0.00,0,0,0,0,1,24
Mauricio Aros,Chile,1998,16,Defensor,1,1,0,3,0,0.00,0,0,0,0,1,16
Mauricio Isla,Chile,2010,4,Defensor,4,4,0,0,0,0.00,0,0,2,0,2,10
Mauricio Isla,Chile,2014,4,Defensor,4,4,0,0,0,0.00,0,0,2,1,1,9
Mauricio Manzano,El Salvador,1970,14,Defensor,1,1,0,2,0,0.00,0,0,0,0,1,16
Mauricio Montero,Costa Rica,1990,20,Defensor,4,4,0,0,0,0.00,0,0,2,0,2,13
Mauricio Pineda,Argentina,1998,4,Defensor,3,1,0,2,1,0.33,0,0,2,0,1,6
Mauricio Pinilla,Chile,2014,9,Delantero,3,0,0,1,0,0.00,1,0,1,1,1,9
Mauricio Pochettino,Argentina,2002,4,Defensor,3,3,0,0,0,0.00,0,0,1,1,1,18
Mauricio Ramos,Bolivia,1994,14,Mediocampista,1,1,0,2,0,0.00,0,0,0,0,1,21
Mauricio Rodriguez,El Salvador,1970,7,Mediocampista,3,3,0,0,0,0.00,0,0,0,0,3,16
Mauricio Sabillon,Honduras,2010,16,Defensor,1,1,0,2,0,0.00,0,0,0,1,0,30
Mauricio Serna,Colombia,1994,17,Mediocampista,0,0,0,3,0,0.00,0,0,0,0,0,19
Mauricio Serna,Colombia,1998,6,Mediocampista,3,3,0,0,0,0.00,1,0,1,0,2,21
Mauricio Solis,Costa Rica,2002,8,Mediocampista,3,3,0,0,0,0.00,1,0,1,1,1,19
Mauricio Solis,Costa Rica,2006,8,Mediocampista,3,3,0,0,0,0.00,1,0,0,0,3,31
Mauricio Victorino,Uruguay,2010,6,Defensor,5,4,0,2,0,0.00,1,0,2,2,1,4
Mauricio Wright,Costa Rica,2002,4,Defensor,3,3,0,0,1,0.33,0,0,1,1,1,19
Maurinho,Brasil,1954,17,Delantero,1,1,0,2,0,0.00,0,0,0,0,1,6
Maurits De Schrijver,Bélgica,1982,15,Defensor,2,2,0,3,0,0.00,0,0,1,0,1,10
Maurizio Gaudino,Alemania,1994,15,Mediocampista,0,0,0,5,0,0.00,0,0,0,0,0,5
Mauro Bellugi,Italia,1974,14,Defensor,0,0,0,3,0,0.00,0,0,0,0,0,10
Mauro Bellugi,Italia,1978,2,Defensor,5,5,0,2,0,0.00,0,0,4,1,0,4
Mauro Camoranesi,Italia,2006,16,Mediocampista,5,4,0,2,0,0.00,2,0,4,1,0,1
Mauro Camoranesi,Italia,2010,16,Mediocampista,2,0,0,1,0,0.00,1,0,0,2,0,26
Mauro Galvao,Brasil,1986,16,Defensor,0,0,0,5,0,0.00,0,0,0,0,0,5
Mauro Galvao,Brasil,1990,21,Defensor,4,4,0,0,0,0.00,1,0,3,0,1,9
Mauro Lustrinelli,Suiza,2006,18,Delantero,2,0,0,2,0,0.00,0,0,1,1,0,10
Mauro Ramos,Brasil,1954,15,Defensor,0,0,0,3,0,0.00,0,0,0,0,0,6
Mauro Ramos,Brasil,1958,16,Defensor,0,0,0,6,0,0.00,0,0,0,0,0,1
Mauro Ramos,Brasil,1962,3,Defensor,6,6,6,0,0,0.00,0,0,5,1,0,1
Mauro Silva,Brasil,1994,5,Mediocampista,7,7,0,0,0,0.00,1,0,5,2,0,1
Mauro Tassotti,Italia,1994,9,Defensor,2,2,0,5,0,0.00,0,0,1,0,1,2
Mavuda Mafuila,Zaire,1974,18,Delantero,0,0,0,3,0,0.00,0,0,0,0,0,16
Max Gradel,Costa de Marfil,2014,15,Mediocampista,1,1,0,2,0,0.00,0,0,0,0,1,21
Max Hagmayr,Austria,1982,13,Delantero,1,1,0,4,0,0.00,0,0,0,1,0,8
Max Lorenz,Alemania Occidental,1966,16,Mediocampista,0,0,0,6,0,0.00,0,0,0,0,0,2
Max Lorenz,Alemania Occidental,1970,16,Defensor,1,0,0,5,0,0.00,1,0,1,0,0,3
Max Morlock,Alemania Occidental,1954,13,Delantero,5,5,0,1,6,1.20,0,0,5,0,0,1
Max Prieto,México,1950,-,Delantero,0,0,0,3,0,0.00,0,0,0,0,0,12
Max Tolson,Australia,1974,14,Mediocampista,0,0,0,3,0,0.00,0,0,0,0,0,14
Max Weiler,Suiza,1934,-,Defensor,0,0,0,2,0,0.00,0,0,0,0,0,7
Maxi Gómez,Uruguay,2018,18,Delantero,2,0,0,3,0,0.00,0,0,1,0,1,5
Maxi Gómez,Uruguay,2022,18,Delantero,2,0,0,1,0,0.00,0,0,1,0,1,20
Maxi Rodriguez,Argentina,2006,18,Mediocampista,5,5,0,0,3,0.60,1,0,3,2,0,6
Maxi Rodriguez,Argentina,2010,20,Mediocampista,5,4,0,0,0,0.00,0,0,4,0,1,5
Maxi Rodriguez,Argentina,2014,11,Mediocampista,2,1,0,5,0,0.00,0,0,1,1,0,2
Maxime Bossis,Francia,1978,3,Defensor,2,2,0,1,0,0.00,0,0,0,0,2,12
Maxime Bossis,Francia,1982,4,Defensor,6,6,0,1,1,0.17,0,0,3,2,1,4
Maxime Bossis,Francia,1986,6,Defensor,7,6,0,0,0,0.00,0,0,4,2,1,3
Maximiliano Meza,Argentina,2018,13,Mediocampista,4,2,0,0,0,0.00,0,0,1,1,2,16
Maximiliano Pereira,Uruguay,2010,16,Defensor,7,7,0,0,1,0.14,1,0,3,2,2,4
Maximiliano Pereira,Uruguay,2014,16,Defensor,3,2,0,1,0,0.00,0,1,1,0,2,12
Maximiliano Pereira,Uruguay,2018,16,Defensor,0,0,0,5,0,0.00,0,0,0,0,0,5
Máximo Banguera,Ecuador,2014,1,Arquero,0,0,0,3,0,0.00,0,0,0,0,0,17
Maxwell,Brasil,2014,14,Defensor,1,1,0,6,0,0.00,0,0,0,0,1,4
Maya Yoshida,Japón,2014,22,Defensor,3,3,0,0,0,0.00,1,0,0,1,2,29
Maya Yoshida,Japón,2018,22,Defensor,4,4,0,0,0,0.00,0,0,1,1,2,15
Maya Yoshida,Japón,2022,22,Defensor,4,4,4,0,0,0.00,1,0,2,1,1,9
Mayanga Maku,Zaire,1974,14,Delantero,3,2,0,0,0,0.00,0,0,0,0,3,16
Maynor Figueroa,Honduras,2010,3,Defensor,3,3,0,0,0,0.00,0,0,0,1,2,30
Maynor Figueroa,Honduras,2014,3,Defensor,3,3,0,0,0,0.00,0,0,0,0,3,31
Mazinho,Brasil,1990,18,Mediocampista,0,0,0,4,0,0.00,0,0,0,0,0,9
Mazinho,Brasil,1994,17,Mediocampista,6,4,0,1,0,0.00,2,0,4,2,0,1
Mbark Boussoufa,Marruecos,2018,14,Mediocampista,3,3,1,0,0,0.00,1,0,0,1,2,27
M'Baye Niang,Senegal,2018,19,Delantero,3,3,0,0,1,0.33,2,0,1,1,1,17
Mbo Mpenza,Bélgica,1998,9,Delantero,1,0,0,2,0,0.00,0,0,0,1,0,19
Mbo Mpenza,Bélgica,2002,22,Delantero,3,2,0,1,0,0.00,0,0,1,1,1,14
Mbungu Ekofo,Zaire,1974,19,Delantero,0,0,0,3,0,0.00,0,0,0,0,0,16
Medhi Benatia,Marruecos,2018,5,Defensor,2,2,2,1,0,0.00,1,0,0,0,2,27
Medhi Lacen,Argelia,2010,8,Mediocampista,3,3,0,0,0,0.00,2,0,0,1,2,28
Medhi Lacen,Argelia,2014,8,Mediocampista,3,1,0,1,0,0.00,0,0,1,0,2,14
Mehdi Ben Slimane,Túnez,1998,18,Delantero,3,3,0,0,0,0.00,0,0,0,1,2,26
Mehdi Carcela-González,Marruecos,2018,23,Mediocampista,1,0,0,2,0,0.00,0,0,0,0,1,27
Mehdi Mahdavikia,Irán,1998,2,Mediocampista,3,3,0,0,1,0.33,0,0,1,0,2,20
Mehdi Mahdavikia,Irán,2006,2,Mediocampista,3,3,0,0,0,0.00,0,0,0,1,2,26
Mehdi Mostefa,Argelia,2014,22,Mediocampista,2,2,0,2,0,0.00,0,0,0,0,2,14
Mehdi Nafti,Túnez,2006,8,Mediocampista,3,2,0,0,0,0.00,0,0,0,1,2,24
Mehdi Pashazadeh,Irán,1998,20,Defensor,3,3,0,0,0,0.00,0,0,1,0,2,20
Mehdi Taremi,Irán,2018,17,Delantero,3,2,0,0,0,0.00,0,0,1,1,1,18
Mehdi Taremi,Irán,2022,9,Delantero,3,3,0,0,2,0.67,0,0,1,0,2,26
Mehdi Torabi,Irán,2018,2,Mediocampista,0,0,0,3,0,0.00,0,0,0,0,0,18
Mehdi Torabi,Irán,2022,16,Mediocampista,3,0,0,0,0,0.00,0,0,1,0,2,26
Mehrdad Minavand,Irán,1998,21,Delantero,3,3,0,0,0,0.00,1,0,1,0,2,20
Mehrdad Pooladi,Irán,2014,23,Defensor,3,3,0,0,0,0.00,0,0,0,1,2,28
Mehrzad Madanchi,Irán,2006,21,Mediocampista,3,2,0,0,0,0.00,2,0,0,1,2,26
Mel Charles,Gales,1958,5,Mediocampista,5,5,0,0,0,0.00,0,0,1,3,1,5
Mel Hopkins,Gales,1958,3,Defensor,5,5,0,0,0,0.00,0,0,1,3,1,5
Melanio Baez,Paraguay,1950,-,Mediocampista,0,0,0,2,0,0.00,0,0,0,0,0,11
Melvin Brown,México,2002,20,Defensor,0,0,0,4,0,0.00,0,0,0,0,0,11
Memphis Depay,Paises Bajos,2014,21,Delantero,4,1,0,3,2,0.50,0,0,3,1,0,3
Memphis Depay,Paises Bajos,2022,10,Delantero,5,3,0,0,1,0.20,1,0,3,2,0,5
Menachem Bello,Israel,1970,3,Defensor,1,1,0,2,0,0.00,1,0,0,1,0,12
Mendonca,Angola,2006,14,Mediocampista,3,3,0,0,0,0.00,1,0,0,2,1,23
Mengalvio,Brasil,1962,17,Mediocampista,0,0,0,6,0,0.00,0,0,0,0,0,1
Mensur Mujdza,Bosnia-Herzegovina,2014,13,Mediocampista,2,2,0,1,0,0.00,0,0,0,0,2,20
Meshaal Barsham,Catar,2022,22,Arquero,2,2,0,1,0,0.00,0,0,0,0,2,32
Mesut Ozil,Alemania,2010,8,Mediocampista,7,7,0,0,1,0.14,1,0,5,0,2,3
Mesut Ozil,Alemania,2014,8,Mediocampista,7,7,0,0,1,0.14,0,0,6,1,0,1
Mesut Ozil,Alemania,2018,10,Mediocampista,2,2,0,1,0,0.00,0,0,0,0,2,22
Michael Amir Murillo,Panamá,2018,2,Defensor,2,2,0,1,0,0.00,2,0,0,0,2,32
Michael Arroyo,Ecuador,2014,15,Mediocampista,2,1,0,1,0,0.00,0,0,0,1,1,17
Michael Ballack,Alemania,2002,13,Mediocampista,6,6,0,1,3,0.50,3,0,5,1,0,2
Michael Ballack,Alemania,2006,13,Mediocampista,5,5,5,2,0,0.00,1,0,3,1,1,3
Michael Barrantes,Costa Rica,2014,11,Mediocampista,2,0,0,3,0,0.00,0,0,1,1,0,8
Michael Baur,Austria,1990,12,Mediocampista,0,0,0,3,0,0.00,0,0,0,0,0,18
Michael Beauchamp,Australia,2006,16,Defensor,0,0,0,4,0,0.00,0,0,0,0,0,16
Michael Beauchamp,Australia,2010,6,Defensor,1,1,0,2,0,0.00,1,0,1,0,0,21
Michael Bradley,Estados Unidos,2010,4,Mediocampista,4,4,0,0,1,0.25,0,0,1,2,1,12
Michael Bradley,Estados Unidos,2014,4,Mediocampista,4,4,0,0,0,0.00,0,0,1,1,2,15
Michael Carrick,Inglaterra,2006,18,Mediocampista,1,1,0,4,0,0.00,0,0,1,0,0,7
Michael Carrick,Inglaterra,2010,22,Mediocampista,0,0,0,4,0,0.00,0,0,0,0,0,13
Michael Emenalo,Nigeria,1994,19,Defensor,3,3,0,1,0,0.00,2,0,1,0,2,9
Michael Essien,Ghana,2006,8,Mediocampista,3,3,0,1,0,0.00,2,0,2,0,1,13
Michael Essien,Ghana,2014,5,Mediocampista,1,0,0,2,0,0.00,0,0,0,0,1,25
Michael Estrada,Ecuador,2022,11,Delantero,3,3,0,0,0,0.00,0,0,1,1,1,18
Michael Klein,Rumania,1990,3,Defensor,4,4,0,0,0,0.00,1,0,1,2,1,12
Michael Konsel,Austria,1990,21,Arquero,0,0,0,3,0,0.00,0,0,0,0,0,18
Michael Konsel,Austria,1998,1,Arquero,3,3,0,0,0,0.00,0,0,0,2,1,23
Michael Krohn-Dehli,Dinamarca,2018,2,Mediocampista,1,0,0,3,0,0.00,0,0,0,1,0,11
Michael Lang,Suiza,2014,6,Defensor,1,0,0,3,0,0.00,0,0,1,0,0,11
Michael Lang,Suiza,2018,6,Defensor,3,1,0,1,0,0.00,0,1,0,2,1,14
Michael Lapper,Estados Unidos,1994,2,Defensor,0,0,0,4,0,0.00,0,0,0,0,0,14
Michael Laudrup,Dinamarca,1986,11,Mediocampista,4,4,0,0,1,0.25,0,0,3,0,1,9
Michael Laudrup,Dinamarca,1998,10,Mediocampista,5,5,5,0,1,0.20,0,0,2,1,2,8
Michael Mcglinchey,Nueva Zelanda,2010,15,Mediocampista,0,0,0,3,0,0.00,0,0,0,0,0,22
Michael Owen,Inglaterra,1998,20,Delantero,4,2,0,0,2,0.50,0,0,2,1,1,9
Michael Owen,Inglaterra,2002,10,Delantero,5,5,0,0,2,0.40,0,0,2,2,1,6
Michael Owen,Inglaterra,2006,10,Delantero,3,3,0,2,0,0.00,0,0,2,1,0,7
Michael Reiziger,Paises Bajos,1998,2,Defensor,4,4,0,3,0,0.00,1,0,2,2,0,4
Michael Rodriguez,Costa Rica,2006,22,Defensor,0,0,0,3,0,0.00,0,0,0,0,0,31
Michael Schjonberg,Dinamarca,1998,2,Defensor,4,3,0,1,0,0.00,1,0,1,1,2,8
Michael Sorber,Estados Unidos,1994,16,Mediocampista,4,4,0,0,0,0.00,0,0,1,1,2,14
Michael Streiter,Austria,1990,18,Defensor,3,2,0,0,0,0.00,0,0,1,0,2,18
Michael Svensson,Suecia,2002,5,Defensor,0,0,0,4,0,0.00,0,0,0,0,0,13
Michael Tarnat,Alemania,1998,21,Mediocampista,4,3,0,1,0,0.00,2,0,2,1,1,7
Michael Uchebo,Nigeria,2014,20,Delantero,1,0,0,3,0,0.00,0,0,0,0,1,16
Michael Umaña,Costa Rica,2006,4,Defensor,3,3,0,0,0,0.00,1,0,0,0,3,31
Michael Umaña,Costa Rica,2014,4,Defensor,4,4,0,1,0,0.00,1,0,2,2,0,8
Michael Windischmann,Estados Unidos,1990,5,Defensor,3,3,3,0,0,0.00,1,0,0,0,3,23
Michail Sifakis,Grecia,2010,13,Arquero,0,0,0,3,0,0.00,0,0,0,0,0,25
Michal Benedikovic,Checoslovaquia,1954,6,Mediocampista,0,0,0,2,0,0.00,0,0,0,0,0,14
Michal Bilek,Checoslovaquia,1990,7,Defensor,5,5,0,0,2,0.40,1,0,3,0,2,6
Michał Pazdan,Polonia,2018,2,Defensor,2,2,0,1,0,0.00,0,0,0,0,2,25
Michal Skóraś,Polonia,2022,26,Mediocampista,1,0,0,3,0,0.00,0,0,0,0,1,15
Michal Zewlakow,Polonia,2002,4,Defensor,2,2,0,1,0,0.00,0,0,0,0,2,25
Michal Zewlakow,Polonia,2006,14,Defensor,3,3,0,0,0,0.00,1,0,1,0,2,21
Michel,España,1986,21,Mediocampista,5,5,0,0,0,0.00,1,0,3,1,1,7
Michel,España,1990,21,Mediocampista,4,4,0,0,4,1.00,0,0,2,1,1,10
Michel Aebischer,Suiza,2022,14,Mediocampista,1,0,0,3,0,0.00,0,0,0,0,1,12
Michel Babatunde,Nigeria,2014,18,Mediocampista,2,2,0,2,0,0.00,0,0,1,0,1,16
Michel Bastos,Brasil,2010,6,Defensor,5,5,0,0,0,0.00,1,0,3,1,1,6
Michel Bibard,Francia,1986,5,Defensor,1,1,0,6,0,0.00,0,0,1,0,0,3
Michel Brusseaux,Francia,1938,-,Delantero,0,0,0,2,0,0.00,0,0,0,0,0,8
Michel De Wolf,Bélgica,1986,4,Defensor,2,2,0,5,0,0.00,0,0,1,0,1,4
Michel De Wolf,Bélgica,1990,16,Defensor,4,4,0,0,1,0.25,0,0,2,0,2,11
Michel De Wolf,Bélgica,1994,14,Defensor,4,4,0,0,0,0.00,0,0,2,0,2,11
Michel Kaham,Camerún,1982,2,Defensor,3,3,0,0,0,0.00,0,0,0,3,0,17
Michel Leblond,Francia,1954,19,Mediocampista,0,0,0,2,0,0.00,0,0,0,0,0,9
Michel Pensee,Camerún,1998,17,Defensor,1,1,0,2,0,0.00,0,0,0,1,0,25
Michel Platini,Francia,1978,15,Mediocampista,3,2,0,0,1,0.33,1,0,1,0,2,12
Michel Platini,Francia,1982,10,Mediocampista,5,5,5,2,2,0.40,0,0,2,2,1,4
Michel Platini,Francia,1986,10,Mediocampista,6,6,6,1,2,0.33,0,0,3,2,1,3
Michel Preudhomme,Bélgica,1990,1,Arquero,4,4,0,0,0,0.00,0,0,2,0,2,11
Michel Preudhomme,Bélgica,1994,1,Arquero,4,4,0,0,0,0.00,0,0,2,0,2,11
Michel Renquin,Bélgica,1982,5,Defensor,2,2,0,3,0,0.00,0,0,0,0,2,10
Michel Renquin,Bélgica,1986,5,Defensor,5,5,0,2,0,0.00,1,0,1,2,2,4
Michel Salgado,España,2006,2,Defensor,1,1,0,3,0,0.00,0,0,1,0,0,9
Michel Vorm,Paises Bajos,2010,16,Arquero,0,0,0,7,0,0.00,0,0,0,0,0,2
Michel Vorm,Paises Bajos,2014,22,Arquero,1,0,0,6,0,0.00,0,0,1,0,0,3
Michele Andreolo,Italia,1938,-,Mediocampista,4,4,0,0,0,0.00,0,0,4,0,0,1
Michy Batshuayi,Bélgica,2018,21,Delantero,3,1,0,4,1,0.33,0,0,2,0,1,3
Michy Batshuayi,Bélgica,2022,23,Delantero,2,2,0,1,1,0.50,0,0,1,0,1,23
Mick Mc Carthy,Irlanda,1990,4,Defensor,5,5,2,0,0,0.00,0,0,0,4,1,8
Mick Mills,Inglaterra,1982,12,Defensor,5,5,5,0,0,0.00,0,0,3,2,0,6
Mickael Landreau,Francia,2006,1,Arquero,0,0,0,7,0,0.00,0,0,0,0,0,2
Mickael Landreau,Francia,2014,23,Arquero,0,0,0,5,0,0.00,0,0,0,0,0,7
Miguel,Portugal,2006,13,Defensor,6,6,0,1,0,0.00,1,0,4,1,1,4
Miguel,Portugal,2010,13,Defensor,1,1,0,3,0,0.00,0,0,1,0,0,11
Miguel Alonso,España,1982,4,Mediocampista,5,5,0,0,0,0.00,0,0,1,2,2,12
Miguel Angel,España,1978,13,Arquero,3,3,0,0,0,0.00,0,0,1,1,1,10
Miguel Angel,España,1982,22,Arquero,0,0,0,5,0,0.00,0,0,0,0,0,12
Miguel Angel Nadal,España,1994,20,Defensor,3,3,1,2,0,0.00,0,1,1,1,1,8
Miguel Angel Nadal,España,1998,20,Defensor,2,2,0,1,0,0.00,1,0,1,0,1,17
Miguel Angel Nadal,España,2002,20,Defensor,4,4,1,1,0,0.00,0,0,3,1,0,5
Miguel Angel Rimba,Bolivia,1994,4,Defensor,3,3,0,0,0,0.00,1,0,0,1,2,21
Miguel Araujo,Perú,2018,5,Defensor,0,0,0,3,0,0.00,0,0,0,0,0,20
Miguel Benitez,Paraguay,1998,15,Delantero,4,4,0,0,1,0.25,2,0,1,2,1,14
Miguel Borja,Colombia,2018,19,Delantero,1,0,0,3,0,0.00,0,0,1,0,0,9
Miguel Bossio,Uruguay,1986,5,Mediocampista,3,3,0,1,0,0.00,1,1,0,1,2,16
Miguel Brindisi,Argentina,1974,6,Mediocampista,4,3,1,2,1,0.25,0,0,1,1,2,8
Miguel Brito,Bolivia,1930,-,Mediocampista,0,0,0,2,0,0.00,0,0,0,0,0,12
Miguel Busquets,Chile,1950,-,Mediocampista,3,3,0,0,0,0.00,0,0,1,0,2,9
Miguel Calero,Colombia,1998,12,Arquero,0,0,0,3,0,0.00,0,0,0,0,0,21
Miguel Cappuccini,Uruguay,1930,-,Arquero,0,0,0,4,0,0.00,0,0,0,0,0,1
Miguel Davis,Costa Rica,1990,13,Mediocampista,0,0,0,4,0,0.00,0,0,0,0,0,13
Miguel Diaz,El Salvador,1982,18,Defensor,2,0,0,1,0,0.00,0,0,0,0,2,24
Miguel Espana,México,1986,7,Mediocampista,5,3,0,0,0,0.00,0,0,3,2,0,6
Miguel Flores,Chile,1950,-,Defensor,0,0,0,3,0,0.00,0,0,0,0,0,9
Miguel Gamboa,Chile,1982,21,Delantero,2,1,0,1,0,0.00,1,0,0,0,2,22
Miguel Guerrero,Colombia,1990,9,Delantero,0,0,0,4,0,0.00,0,0,0,0,0,14
Miguel Gutierrez,Perú,1982,14,Defensor,0,0,0,3,0,0.00,0,0,0,0,0,20
Miguel Gutierrez,México,1958,14,Defensor,2,2,0,1,0,0.00,0,0,0,1,1,16
Miguel Layún,México,2014,7,Defensor,4,4,0,0,0,0.00,0,0,2,1,1,10
Miguel Layún,México,2018,7,Mediocampista,4,3,0,0,0,0.00,1,0,2,0,2,12
Miguel Murillo,Bolivia,1930,-,Arquero,0,0,0,2,0,0.00,0,0,0,0,0,12
Miguel Neira,Chile,1982,20,Mediocampista,3,2,0,0,1,0.33,0,0,0,0,3,22
Miguel Oviedo,Argentina,1978,17,Mediocampista,1,0,0,6,0,0.00,0,0,1,0,0,1
Miguel Pardeza,España,1990,7,Delantero,1,0,0,3,0,0.00,0,0,1,0,0,10
Miguel Pinto,Chile,2010,12,Arquero,0,0,0,4,0,0.00,0,0,0,0,0,10
Miguel Ponce,México,2014,16,Defensor,0,0,0,4,0,0.00,0,0,0,0,0,10
Miguel Ramirez,Chile,1998,14,Defensor,3,1,0,1,0,0.00,1,0,0,2,1,16
Miguel Reina,España,1966,13,Arquero,0,0,0,3,0,0.00,0,0,0,0,0,10
Miguel Santoro,Argentina,1974,21,Arquero,0,0,0,6,0,0.00,0,0,0,0,0,8
Miguel Segura,Costa Rica,1990,22,Arquero,0,0,0,4,0,0.00,0,0,0,0,0,13
Miguel Tendillo,España,1982,5,Defensor,5,5,0,0,0,0.00,0,0,1,2,2,12
Miguel Trauco,Perú,2018,6,Defensor,3,3,0,0,0,0.00,0,0,1,0,2,20
Miguel Veloso,Portugal,2010,14,Mediocampista,2,0,0,2,0,0.00,0,0,1,1,0,11
Miguel Veloso,Portugal,2014,4,Mediocampista,3,3,0,0,0,0.00,0,0,1,1,1,18
Migueli,España,1978,5,Defensor,2,2,0,1,0,0.00,0,0,0,1,1,10
Mihai Ivancescu,Rumania,1970,12,Defensor,0,0,0,3,0,0.00,0,0,0,0,0,10
Mihai Mocanu,Rumania,1970,4,Defensor,3,3,0,0,0,0.00,1,0,1,0,2,10
Mihaly Biro,Hungría,1938,-,Delantero,0,0,0,4,0,0.00,0,0,0,0,0,2
Mihaly Lantos,Hungría,1954,4,Defensor,5,5,0,0,2,0.40,0,0,4,0,1,2
Mihaly Toth,Hungría,1954,20,Delantero,2,2,0,3,0,0.00,0,0,1,0,1,2
Mihaly Vasas,Hungría,1958,17,Delantero,0,0,0,4,0,0.00,0,0,0,0,0,10
Miiko Albornoz,Chile,2014,3,Defensor,0,0,0,4,0,0.00,0,0,0,0,0,9
Mikael Lustig,Suecia,2018,2,Defensor,4,4,0,1,0,0.00,2,0,3,0,1,7
Mikael Nilsson,Suecia,2006,2,Defensor,0,0,0,4,0,0.00,0,0,0,0,0,14
Mikael Nilsson,Suecia,1994,13,Defensor,0,0,0,7,0,0.00,0,0,0,0,0,3
Mikael Silvestre,Francia,2002,13,Defensor,0,0,0,3,0,0.00,0,0,0,0,0,28
Mikael Silvestre,Francia,2006,13,Defensor,1,1,0,6,0,0.00,0,0,1,0,0,2
Mike Bookie,Estados Unidos,1930,-,Mediocampista,0,0,0,3,0,0.00,0,0,0,0,0,3
Mike Burns,Estados Unidos,1994,3,Defensor,0,0,0,4,0,0.00,0,0,0,0,0,14
Mike Burns,Estados Unidos,1998,4,Defensor,2,2,0,1,0,0.00,0,0,0,0,2,32
Mike Hanke,Alemania,2006,9,Delantero,1,0,0,6,0,0.00,0,0,1,0,0,3
Mike Sweeney,Canadá,1986,11,Mediocampista,2,1,0,1,0,0.00,1,1,0,0,2,24
Mike Verstraeten,Bélgica,1998,17,Defensor,1,1,0,2,0,0.00,0,0,0,1,0,19
Mikhail Meskhi,URSS,1962,17,Delantero,3,3,0,1,0,0.00,0,0,1,1,1,6
Miki Yamane,Japón,2022,2,Defensor,1,1,0,3,0,0.00,1,0,0,0,1,9
Mikkel Beckmann,Dinamarca,2010,17,Delantero,1,0,0,2,0,0.00,0,0,0,0,1,24
Mikkel Damsgaard,Dinamarca,2022,14,Mediocampista,3,1,0,0,0,0.00,0,0,0,1,2,28
Miklos Molnar,Dinamarca,1998,9,Delantero,1,0,0,4,0,0.00,0,1,0,1,0,8
Milad Mohammadi,Irán,2018,5,Defensor,2,0,0,1,0,0.00,0,0,0,1,1,18
Milad Mohammadi,Irán,2022,5,Defensor,3,3,0,0,0,0.00,0,0,1,0,2,26
Milan Albrecht,Checoslovaquia,1970,20,Delantero,0,0,0,3,0,0.00,0,0,0,0,0,15
Milan Badelj,Croacia,2014,15,Mediocampista,0,0,0,3,0,0.00,0,0,0,0,0,19
Milan Badelj,Croacia,2018,19,Mediocampista,3,1,0,4,1,0.33,0,0,2,1,0,2
Milan Baros,República Checa,2006,15,Delantero,1,1,0,2,0,0.00,0,0,0,0,1,20
Milan Borjan,Canadá,2022,18,Arquero,3,3,1,0,0,0.00,0,0,0,0,3,31
Milan Dudic,Serbia y Montenegro,2006,15,Defensor,2,2,0,1,0,0.00,1,0,0,0,2,32
Milan Dvorak,Checoslovaquia,1958,8,Delantero,4,4,0,0,2,0.50,0,0,1,1,2,9
Milan Galic,Yugoslavia,1962,10,Delantero,6,6,5,0,3,0.50,0,0,3,0,3,4
Milan Jovanovic,Serbia,2010,14,Mediocampista,3,3,0,0,1,0.33,0,0,1,0,2,23
Milan Luhovy,Checoslovaquia,1990,18,Delantero,1,0,0,4,1,1.00,0,0,1,0,0,6
Milan Osterc,Eslovenia,2002,9,Delantero,3,2,0,0,0,0.00,0,0,0,0,3,30
Milan Rapaic,Croacia,2002,5,Mediocampista,3,2,0,0,1,0.33,0,0,1,0,2,23
Milan Rodić,Serbia,2018,14,Defensor,0,0,0,3,0,0.00,0,0,0,0,0,23
Milan Stojanovic,Yugoslavia,1930,-,Arquero,0,0,0,3,0,0.00,0,0,0,0,0,4
Milan Zekovic,Yugoslavia,1954,13,Defensor,0,0,0,3,0,0.00,0,0,0,0,0,8
Mile Jedinak,Australia,2010,15,Mediocampista,1,0,0,2,0,0.00,0,0,0,0,1,21
Mile Jedinak,Australia,2014,15,Mediocampista,3,3,3,0,1,0.33,2,0,0,0,3,30
Mile Jedinak,Australia,2018,15,Mediocampista,3,3,3,0,2,0.67,1,0,0,1,2,30
Mile Sterjovski,Australia,2006,21,Mediocampista,3,3,0,1,0,0.00,0,0,0,1,2,16
Milen Petkov,Bulgaria,1998,22,Mediocampista,0,0,0,3,0,0.00,0,0,0,0,0,29
Milenko Acimovic,Eslovenia,2002,18,Mediocampista,3,2,0,0,1,0.33,0,0,0,0,3,30
Milivoje Novakovic,Eslovenia,2010,11,Delantero,3,3,0,0,0,0.00,0,0,1,1,1,18
Milko Gaidarski,Bulgaria,1970,12,Defensor,2,2,0,1,0,0.00,0,0,0,1,1,13
Milorad Arsenijevic,Yugoslavia,1930,-,Mediocampista,3,3,0,0,0,0.00,0,0,2,0,1,4
Milorad Milutinovic,Yugoslavia,1958,14,Mediocampista,0,0,0,4,0,0.00,0,0,0,0,0,8
Milos Degenek,Australia,2018,2,Defensor,0,0,0,3,0,0.00,0,0,0,0,0,30
Milos Degenek,Australia,2022,2,Defensor,4,2,0,0,0,0.00,2,0,2,0,2,11
Milos Hrstic,Yugoslavia,1982,15,Defensor,1,1,0,2,0,0.00,0,0,0,1,0,16
Milos Krasic,Serbia,2010,17,Mediocampista,3,3,0,0,0,0.00,0,0,1,0,2,23
Milos Milutinovic,Yugoslavia,1954,18,Delantero,3,3,0,0,1,0.33,0,0,1,1,1,8
Milos Milutinovic,Yugoslavia,1958,7,Delantero,3,3,0,1,0,0.00,0,0,1,1,1,8
Milos Ninkovic,Serbia,2010,18,Mediocampista,2,2,0,1,0,0.00,1,0,1,0,1,23
Milos Sestic,Yugoslavia,1982,16,Delantero,2,0,0,1,0,0.00,0,0,1,0,1,16
Miloš Veljković,Serbia,2018,13,Defensor,1,1,0,2,0,0.00,0,0,0,0,1,23
Miloš Veljković,Serbia,2022,5,Defensor,3,3,0,0,0,0.00,0,0,0,1,2,29
Milovan Jaksic,Yugoslavia,1930,-,Arquero,3,3,0,0,0,0.00,0,0,2,0,1,4
Miloy,Angola,2006,6,Mediocampista,3,1,0,0,0,0.00,0,0,0,2,1,23
Milton Melgar,Bolivia,1994,8,Mediocampista,3,3,0,0,0,0.00,0,0,0,1,2,21
Milton Viera,Uruguay,1966,18,Delantero,3,3,0,1,0,0.00,0,0,1,2,0,7
Milutin Ivkovic,Yugoslavia,1930,-,Defensor,3,3,3,0,0,0.00,0,0,2,0,1,4
Milutin Soskic,Yugoslavia,1962,1,Arquero,6,6,0,0,0,0.00,0,0,3,0,3,4
Min-jae Kim,Corea del Sur,2022,4,Defensor,3,3,0,1,0,0.00,0,0,0,1,2,16
Min Kook Cho,Corea del Sur,1986,14,Defensor,2,1,0,1,0,0.00,0,0,0,1,1,20
Min Kook Cho,Corea del Sur,1990,15,Defensor,1,0,0,2,0,0.00,0,0,0,0,1,22
Min-kyu Song,Corea del Sur,2022,26,Mediocampista,0,0,0,4,0,0.00,0,0,0,0,0,16
Min Soo Kang,Corea del Sur,2010,23,Defensor,0,0,0,4,0,0.00,0,0,0,0,0,15
Min Sung Lee,Corea del Sur,1998,5,Defensor,3,3,0,0,0,0.00,2,0,0,1,2,30
Min Sung Lee,Corea del Sur,2002,15,Defensor,2,1,0,5,0,0.00,1,0,0,0,2,4
Min-woo Kim,Corea del Sur,2018,12,Defensor,2,1,0,1,0,0.00,0,0,0,0,2,19
Minas Hantzidis,Grecia,1994,17,Mediocampista,2,2,0,1,0,0.00,1,0,0,0,2,24
Mineiro,Brasil,2006,18,Mediocampista,0,0,0,5,0,0.00,0,0,0,0,0,5
Mingyu Ma,China,2002,9,Mediocampista,2,2,2,1,0,0.00,0,0,0,0,2,31
Mini Jakobsen,Noruega,1994,11,Delantero,3,1,0,0,0,0.00,0,0,1,1,1,17
Mini Jakobsen,Noruega,1998,11,Mediocampista,1,0,0,3,0,0.00,0,0,0,1,0,15
Miodrag Belodedici,Rumania,1994,4,Defensor,5,5,0,0,0,0.00,1,0,3,1,1,6
Miodrag Jovanovic,Yugoslavia,1950,-,Mediocampista,3,3,0,0,0,0.00,0,0,2,0,1,5
Miralem Pjanic,Bosnia-Herzegovina,2014,8,Mediocampista,3,3,0,0,1,0.33,0,0,1,0,2,20
Miran Pavlin,Eslovenia,2002,11,Mediocampista,3,3,0,0,0,0.00,2,0,0,0,3,30
Miranda,Brasil,2018,3,Defensor,5,5,2,0,0,0.00,0,0,3,1,1,6
Mirandinha,Brasil,1974,19,Delantero,4,1,0,3,0,0.00,1,0,1,1,2,4
Mircea David,Rumania,1938,-,Arquero,0,0,0,2,0,0.00,0,0,0,0,0,9
Mircea Lucescu,Rumania,1970,11,Delantero,3,3,3,0,0,0.00,0,0,1,0,2,10
Mircea Rednic,Rumania,1990,2,Defensor,4,4,0,0,0,0.00,0,0,1,2,1,12
Mirko Stojanovic,Yugoslavia,1962,19,Arquero,0,0,0,6,0,0.00,0,0,0,0,0,4
Miroslav Djukic,RF de Yugoslavia,1998,5,Defensor,0,0,0,4,0,0.00,0,0,0,0,0,10
Miroslav Justek,Polonia,1978,14,Defensor,0,0,0,6,0,0.00,0,0,0,0,0,5
Miroslav Kadlec,Checoslovaquia,1990,3,Defensor,5,5,0,0,0,0.00,1,0,3,0,2,6
Miroslav Klose,Alemania,2002,11,Delantero,7,7,0,0,5,0.71,1,0,5,1,1,2
Miroslav Klose,Alemania,2006,11,Delantero,7,7,0,0,5,0.71,0,0,5,1,1,3
Miroslav Klose,Alemania,2010,11,Delantero,5,5,0,2,4,0.80,0,1,3,0,2,3
Miroslav Klose,Alemania,2014,11,Delantero,5,3,0,2,2,0.40,0,0,4,1,0,1
Miroslav Pavlovic,Yugoslavia,1974,13,Mediocampista,1,1,0,5,0,0.00,0,0,0,0,1,7
Miroslav Stevic,RF de Yugoslavia,1998,19,Mediocampista,1,0,0,3,0,0.00,0,0,0,1,0,10
Miroslav Stoch,Eslovaquia,2010,15,Mediocampista,4,2,0,0,0,0.00,0,0,1,1,2,16
Miroslav Szymkowiak,Polonia,2006,10,Mediocampista,2,2,0,1,0,0.00,0,0,1,0,1,21
Miroslaw Bulzacki,Polonia,1974,8,Defensor,0,0,0,7,0,0.00,0,0,0,0,0,3
Mirsad Baljic,Yugoslavia,1990,18,Defensor,1,1,0,4,0,0.00,0,0,0,0,1,5
Mirto Davoine,Uruguay,1954,13,Defensor,0,0,0,5,0,0.00,0,0,0,0,0,4
Misael Escuti,Chile,1962,1,Arquero,5,5,0,1,0,0.00,0,0,3,0,2,3
Mislav Orsic,Croacia,2022,18,Delantero,6,1,0,1,1,0.17,0,0,2,3,1,3
Miso Brecko,Eslovenia,2010,2,Defensor,3,3,0,0,0,0.00,0,0,1,1,1,18
Mitchell Duke,Australia,2022,15,Delantero,4,4,0,0,1,0.25,1,0,2,0,2,11
Mitchell Langerak,Australia,2014,12,Arquero,0,0,0,3,0,0.00,0,0,0,0,0,30
Mitsuo Ogasawara,Japón,2002,19,Mediocampista,1,0,0,3,0,0.00,0,0,1,0,0,9
Mitsuo Ogasawara,Japón,2006,8,Mediocampista,2,2,0,1,0,0.00,0,0,0,1,1,29
Mix Diskerud,Estados Unidos,2014,10,Mediocampista,0,0,0,4,0,0.00,0,0,0,0,0,15
Mladen Dabanovic,Eslovenia,2002,12,Arquero,1,1,0,2,0,0.00,0,0,0,0,1,30
Mladen Krstajic,Serbia y Montenegro,2006,20,Defensor,3,3,0,0,0,0.00,1,0,0,0,3,32
Mladen Rudonja,Eslovenia,2002,13,Delantero,3,2,0,0,0,0.00,1,0,0,0,3,30
Mladen Vasilev,Bulgaria,1974,13,Delantero,1,0,0,2,0,0.00,0,0,0,1,0,12
Mo Heng Tan,Indias Orientales Holand.,1938,-,Arquero,1,1,0,0,0,0.00,0,0,0,0,1,15
Mo Johnston,Escocia,1990,7,Delantero,3,3,0,0,1,0.33,1,0,1,0,2,18
Moacir,Brasil,1958,13,Mediocampista,0,0,0,6,0,0.00,0,0,0,0,0,1
Mobi Oparaku,Nigeria,1998,2,Defensor,1,1,0,3,0,0.00,0,0,1,0,0,12
Moderato,Brasil,1930,-,Delantero,1,1,0,1,2,2.00,0,0,1,0,0,6
Modesto Denis,Paraguay,1930,-,Arquero,1,1,0,1,0,0.00,0,0,0,0,1,9
Modesto Soruco,Bolivia,1994,13,Defensor,1,1,0,2,0,0.00,0,0,0,0,1,21
Mogens Krogh,Dinamarca,1998,16,Arquero,0,0,0,5,0,0.00,0,0,0,0,0,8
Mohamadou Idrissou,Camerún,2010,17,Delantero,3,0,0,0,0,0.00,0,0,0,0,3,31
Mohamed Abdel-Shafy,Egipto,2018,13,Defensor,3,3,0,0,0,0.00,0,0,0,0,3,31
Mohamed Abdeljawad,Arabia Saudita,1994,13,Defensor,4,4,2,0,0,0.00,1,0,2,0,2,12
Mohamed Abdullah,Emiratos Arabes,1990,6,Defensor,3,3,2,0,0,0.00,0,0,0,0,3,24
Mohamed Akid,Túnez,1978,9,Delantero,3,3,0,0,0,0.00,0,0,1,1,1,9
Mohamed Al Bishi,Arabia Saudita,2006,17,Defensor,0,0,0,3,0,0.00,0,0,0,0,0,28
Mohamed Ali Ben Romdhane,Túnez,2022,15,Mediocampista,1,1,0,2,0,0.00,0,0,1,0,0,21
Mohamed Amine Ben Amor,Túnez,2018,14,Mediocampista,1,0,0,2,0,0.00,0,0,0,0,1,24
Mohamed Ben Moussa,Túnez,1978,15,Delantero,0,0,0,3,0,0.00,0,0,0,0,0,9
Mohamed Chaib,Argelia,1986,19,Defensor,0,0,0,3,0,0.00,0,0,0,0,0,22
Mohamed Drager,Túnez,2022,20,Defensor,2,2,0,1,0,0.00,0,0,0,1,1,21
Mohamed El Filali,Marruecos,1970,10,Mediocampista,3,3,0,0,0,0.00,0,0,0,1,2,14
Mohamed El-Shenawy,Egipto,2018,23,Arquero,2,2,0,1,0,0.00,0,0,0,0,2,31
Mohamed Elneny,Egipto,2018,17,Mediocampista,3,3,0,0,0,0.00,0,0,0,0,3,31
Mohamed Haris,Iraq,1986,7,Mediocampista,2,2,0,1,0,0.00,1,0,0,0,2,23
Mohamed Hazzaz,Marruecos,1970,12,Arquero,1,1,0,2,0,0.00,0,0,0,1,0,14
Mohamed Helmy,Egipto,1934,-,Mediocampista,1,1,0,0,0,0.00,0,0,0,0,1,13
Mohamed Ismail,Iraq,1986,18,Mediocampista,0,0,0,3,0,0.00,0,0,0,0,0,23
Mohamed Kaci Said,Argelia,1986,6,Mediocampista,3,3,0,0,0,0.00,0,0,0,1,2,22
Mohamed Kader,Togo,2006,17,Delantero,3,3,0,0,1,0.33,0,0,0,0,3,30
Mohamed Kanno,Arabia Saudita,2018,12,Mediocampista,1,0,0,2,0,0.00,0,0,0,0,1,26
Mohamed Kanno,Arabia Saudita,2022,23,Mediocampista,3,3,0,0,0,0.00,0,0,1,0,2,25
Mohamed Karam,Kuwait,1982,18,Mediocampista,2,2,0,1,0,0.00,0,0,0,1,1,21
Mohamed Latif,Egipto,1934,-,Mediocampista,1,1,0,0,0,0.00,0,0,0,0,1,13
Mohamed Maaroufi,Marruecos,1970,6,Mediocampista,3,3,0,0,0,0.00,0,0,0,1,2,14
Mohamed Mkacher,Túnez,2002,4,Defensor,1,1,0,2,0,0.00,0,0,0,0,1,29
Mohamed Sahil,Marruecos,1986,18,Delantero,0,0,0,4,0,0.00,0,0,0,0,0,11
Mohamed Salah,Egipto,2018,10,Delantero,2,2,0,1,2,1.00,0,0,0,0,2,31
Mohamed Salim,Emiratos Arabes,1990,16,Defensor,0,0,0,3,0,0.00,0,0,0,0,0,24
Mohamed Samadi,Marruecos,1994,21,Delantero,2,1,0,1,0,0.00,1,0,0,0,2,23
Mohamed Timoumi,Marruecos,1986,10,Mediocampista,4,4,0,0,0,0.00,1,0,1,2,1,11
Mohamed Zemmamouche,Argelia,2014,16,Arquero,0,0,0,4,0,0.00,0,0,0,0,0,14
Mohammad Al-Sahlawi,Arabia Saudita,2018,10,Delantero,2,1,0,1,0,0.00,0,0,0,0,2,26
Mohammad Al Shalhoub,Arabia Saudita,2002,10,Mediocampista,1,0,0,2,0,0.00,0,0,0,0,1,32
Mohammad Al Shalhoub,Arabia Saudita,2006,10,Mediocampista,0,0,0,3,0,0.00,0,0,0,0,0,28
Mohammad Khakpour,Irán,1998,4,Defensor,3,3,0,0,0,0.00,0,0,1,0,2,20
Mohammad Khojah,Arabia Saudita,2006,22,Arquero,0,0,0,3,0,0.00,0,0,0,0,0,28
Mohammad Mazaheri,Irán,2018,12,Arquero,0,0,0,3,0,0.00,0,0,0,0,0,18
Mohammad Nosrati,Irán,2006,20,Defensor,3,3,0,0,0,0.00,0,0,0,1,2,26
Mohammad Reza Korbekandi,Irán,1978,22,Arquero,0,0,0,3,0,0.00,0,0,0,0,0,14
Mohammad Sadeqi,Irán,1978,9,Mediocampista,3,3,0,0,0,0.00,0,0,0,1,2,14
Mohammadreza Khanzadeh,Irán,2018,13,Defensor,0,0,0,3,0,0.00,0,0,0,0,0,18
Mohammed Al-Breik,Arabia Saudita,2018,6,Defensor,3,3,0,0,0,0.00,0,0,1,0,2,26
Mohammed Al-Breik,Arabia Saudita,2022,6,Defensor,2,1,0,1,0,0.00,0,0,1,0,1,25
Mohammed Al Deayea,Arabia Saudita,1994,1,Arquero,4,4,0,0,0,0.00,1,0,2,0,2,12
Mohammed Al Deayea,Arabia Saudita,1998,1,Arquero,3,3,0,0,0,0.00,0,0,0,1,2,28
Mohammed Al Deayea,Arabia Saudita,2002,1,Arquero,3,3,2,0,0,0.00,0,0,0,0,3,32
Mohammed Al Deayea,Arabia Saudita,2006,1,Arquero,0,0,0,3,0,0.00,0,0,0,0,0,28
Mohammed Al Jahani,Arabia Saudita,1998,2,Defensor,3,3,0,0,0,0.00,1,0,0,1,2,28
Mohammed Al Jahani,Arabia Saudita,2002,2,Defensor,2,2,0,1,0,0.00,0,0,0,0,2,32
Mohammed Al Khlaiwi,Arabia Saudita,1994,3,Defensor,4,4,0,0,0,0.00,0,0,2,0,2,12
Mohammed Al Khlaiwi,Arabia Saudita,1998,3,Defensor,2,2,0,1,0,0.00,0,1,0,0,2,28
Mohammed Al-Owais,Arabia Saudita,2018,22,Arquero,1,1,0,2,0,0.00,0,0,0,0,1,26
Mohammed Al-Owais,Arabia Saudita,2022,21,Arquero,3,3,0,0,0,0.00,1,0,1,0,2,25
Mohammed Al Rubaie,Arabia Saudita,2022,1,Arquero,0,0,0,3,0,0.00,0,0,0,0,0,25
Mohammed Ameen,Arabia Saudita,2006,7,Mediocampista,2,1,0,1,0,0.00,0,0,0,1,1,28
Mohammed Babkr,Arabia Saudita,2002,22,Arquero,0,0,0,3,0,0.00,0,0,0,0,0,32
Mohammed Chaouch,Marruecos,1994,9,Delantero,2,2,0,1,1,0.50,0,0,0,0,2,23
Mohammed El Haddaoui,Marruecos,1986,15,Mediocampista,0,0,0,4,0,0.00,0,0,0,0,0,11
Mohammed Kudus,Ghana,2022,20,Mediocampista,3,3,0,0,2,0.67,1,0,1,0,2,24
Mohammed Massad,Arabia Saudita,2006,19,Mediocampista,1,0,0,2,0,0.00,0,0,0,0,1,28
Mohammed Muntari,Catar,2022,9,Delantero,3,0,0,0,1,0.33,0,0,0,0,3,32
Mohammed Noor,Arabia Saudita,2002,8,Mediocampista,2,1,0,1,0,0.00,1,0,0,0,2,32
Mohammed Noor,Arabia Saudita,2006,8,Mediocampista,3,3,0,0,0,0.00,0,0,0,1,2,28
Mohammed Rabiu,Ghana,2014,17,Mediocampista,3,3,0,0,0,0.00,1,0,0,1,2,25
Mohammed Salisu,Ghana,2022,4,Defensor,3,3,0,0,1,0.33,0,0,1,0,2,24
Mohammed Waad,Catar,2022,4,Defensor,2,0,0,1,0,0.00,0,0,0,0,2,32
Moharram Navidkia,Irán,2006,18,Mediocampista,0,0,0,3,0,0.00,0,0,0,0,0,26
Mohsen Labidi,Túnez,1978,5,Defensor,1,1,0,2,0,0.00,0,0,1,0,0,9
Mohsin Harthi,Arabia Saudita,2002,5,Defensor,0,0,0,3,0,0.00,0,0,0,0,0,32
Moisés Caicedo,Ecuador,2022,23,Mediocampista,3,3,0,0,1,0.33,1,0,1,1,1,18
Moises Jinich,México,1954,19,Delantero,0,0,0,2,0,0.00,0,0,0,0,0,13
Moisés Ramírez,Ecuador,2022,12,Arquero,0,0,0,3,0,0.00,0,0,0,0,0,18
Moises Villarroel,Chile,1998,15,Defensor,3,3,0,1,0,0.00,2,0,0,3,0,16
Mokhtar Douieb,Túnez,1978,2,Defensor,3,3,0,0,1,0.33,0,0,1,1,1,9
Mokhtar Hasni,Túnez,1978,19,Delantero,0,0,0,3,0,0.00,0,0,0,0,0,9
Mokhtar Naili,Túnez,1978,22,Arquero,3,3,0,0,0,0.00,0,0,1,1,1,9
Momcilo Djokic,Yugoslavia,1930,-,Mediocampista,3,3,0,0,0,0.00,0,0,2,0,1,4
Moneeb Josephs,Sudáfrica,2010,1,Arquero,2,1,0,1,0,0.00,0,0,1,0,1,20
Montassar Talbi,Túnez,2022,3,Defensor,3,3,0,0,0,0.00,0,0,1,1,1,21
Moon-hwan Kim,Corea del Sur,2022,15,Defensor,4,4,0,0,0,0.00,0,0,1,1,2,16
Moon Sik Choi,Corea del Sur,1994,19,Mediocampista,0,0,0,3,0,0.00,0,0,0,0,0,20
Morais,Portugal,1966,17,Defensor,3,3,0,3,0,0.00,0,0,3,0,0,3
Morato,Portugal,1986,13,Defensor,0,0,0,3,0,0.00,0,0,0,0,0,17
Mordechai Spiegler,Israel,1970,10,Delantero,3,3,3,0,1,0.33,0,0,0,2,1,12
Moreno Torricelli,Italia,1998,8,Defensor,0,0,0,5,0,0.00,0,0,0,0,0,5
Morgan De Sanctis,Italia,2010,14,Arquero,0,0,0,3,0,0.00,0,0,0,0,0,26
Morgan Schneiderlin,Francia,2014,22,Mediocampista,1,1,0,4,0,0.00,0,0,0,1,0,7
Morten Olsen,Dinamarca,1986,4,Defensor,4,4,4,0,0,0.00,0,0,3,0,1,9
Morten Wieghorst,Dinamarca,1998,14,Mediocampista,3,1,0,2,0,0.00,1,1,2,1,0,8
Morteza Pouraliganji,Irán,2018,8,Defensor,3,3,0,0,0,0.00,0,0,1,1,1,18
Morteza Pouraliganji,Irán,2022,8,Defensor,3,3,0,0,0,0.00,1,0,1,0,2,26
Moshe Romano,Israel,1970,18,Delantero,0,0,0,3,0,0.00,0,0,0,0,0,12
Mostafa Kamel Taha,Egipto,1934,-,Mediocampista,1,1,0,0,0,0.00,0,0,0,0,1,13
Motaz Hawsawi,Arabia Saudita,2018,23,Defensor,1,1,0,2,0,0.00,0,0,1,0,0,26
Motohiro Yamaguchi,Japón,1998,6,Mediocampista,3,3,0,0,0,0.00,1,0,0,0,3,31
Mouayad Al Haddad,Kuwait,1982,19,Delantero,0,0,0,3,0,0.00,0,0,0,0,0,21
Mouez Hassen,Túnez,2018,22,Arquero,1,1,0,2,0,0.00,0,0,0,0,1,24
Mouez Hassen,Túnez,2022,26,Arquero,0,0,0,3,0,0.00,0,0,0,0,0,21
Mounir Boukadida,Túnez,1998,4,Defensor,2,2,0,1,0,0.00,0,0,0,1,1,26
Mourad Amara,Argelia,1982,21,Arquero,0,0,0,3,0,0.00,0,0,0,0,0,13
Mourad Amara,Argelia,1986,22,Arquero,0,0,0,3,0,0.00,0,0,0,0,0,22
Mourad Melki,Túnez,1998,12,Delantero,0,0,0,3,0,0.00,0,0,0,0,0,26
Mourad Melki,Túnez,2002,21,Mediocampista,2,2,0,1,0,0.00,1,0,0,1,1,29
Mousa Dembélé,Bélgica,2014,19,Mediocampista,2,2,0,3,0,0.00,1,0,2,0,0,6
Mousa Dembélé,Bélgica,2018,19,Mediocampista,4,2,0,3,0,0.00,0,0,3,0,1,3
Moussa Konaté,Senegal,2018,14,Delantero,2,0,0,1,0,0.00,0,0,1,0,1,17
Moussa Ndiaye,Senegal,2002,14,Mediocampista,3,2,0,2,0,0.00,0,0,1,2,0,7
Moussa N'Diaye,Senegal,2022,10,Defensor,0,0,0,4,0,0.00,0,0,0,0,0,10
Moussa Sissoko,Francia,2014,18,Mediocampista,4,2,0,1,1,0.25,0,0,3,1,0,7
Moussa Sow,Senegal,2018,7,Delantero,0,0,0,3,0,0.00,0,0,0,0,0,17
Moussa Wagué,Senegal,2018,22,Defensor,3,2,0,0,1,0.33,0,0,1,1,1,17
Mostafa Tarek,Catar,2022,26,Mediocampista,0,0,0,3,0,0.00,0,0,0,0,0,32
Moustapha Name,Senegal,2022,24,Defensor,0,0,0,4,0,0.00,0,0,0,0,0,10
Moustapha Salifou,Togo,2006,7,Delantero,3,2,0,0,0,0.00,2,0,0,0,3,30
Mozer,Brasil,1990,13,Defensor,2,2,0,2,0,0.00,2,0,2,0,0,9
Muamer Vugdalic,Eslovenia,2002,4,Defensor,1,1,0,2,0,0.00,1,0,0,0,1,30
Mubarak Mubarak,Kuwait,1982,13,Defensor,0,0,0,3,0,0.00,0,0,0,0,0,21
Mubarak Wakaso,Ghana,2014,22,Mediocampista,2,0,0,1,0,0.00,0,0,0,1,1,25
Muepu Ilunga,Zaire,1974,2,Defensor,3,3,0,0,0,0.00,1,0,0,0,3,16
Muhamed Besic,Bosnia-Herzegovina,2014,7,Defensor,3,3,0,0,0,0.00,1,0,1,0,2,20
Muhamed Mujic,Yugoslavia,1962,16,Mediocampista,1,1,1,5,0,0.00,0,0,0,0,1,4
Muhannad Assiri,Arabia Saudita,2018,20,Delantero,2,0,0,1,0,0.00,0,0,1,0,1,26
Muhsin Musabah,Emiratos Arabes,1990,17,Arquero,3,3,0,0,0,0.00,0,0,0,0,3,24
Muller,Brasil,1986,7,Delantero,5,3,0,0,0,0.00,0,0,4,1,0,5
Muller,Brasil,1990,15,Delantero,4,3,0,0,2,0.50,0,0,3,0,1,9
Muller,Brasil,1994,19,Delantero,1,0,0,6,0,0.00,0,0,1,0,0,1
Munir El Kajoui,Marruecos,2018,12,Arquero,3,3,0,0,0,0.00,1,0,0,1,2,27
Munir El Kajoui,Marruecos,2022,12,Arquero,1,1,0,6,0,0.00,0,0,1,0,0,4
Murdo Mcleod,Escocia,1990,10,Mediocampista,2,2,0,1,0,0.00,1,0,1,0,1,18
Murtaz Khurtsilava,URSS,1966,7,Mediocampista,3,3,0,3,0,0.00,0,0,2,0,1,4
Murtaz Khurtsilava,URSS,1970,8,Defensor,3,3,0,1,0,0.00,0,0,2,0,1,5
Musaab Khidir,Catar,2022,13,Defensor,1,0,0,2,0,0.00,0,0,0,0,1,32
Mustafa Choukri,Marruecos,1970,16,Mediocampista,1,0,0,2,0,0.00,0,0,0,1,0,14
Mustafa Dahleb,Argelia,1982,15,Mediocampista,3,2,0,0,0,0.00,0,0,2,0,1,13
Mustafa El Biyaz,Marruecos,1986,4,Defensor,3,3,0,1,0,0.00,0,0,1,2,0,11
Mustafa El Hadji,Marruecos,1994,7,Mediocampista,3,1,0,0,0,0.00,0,0,0,0,3,23
Mustafa El Hadji,Marruecos,1998,7,Mediocampista,3,3,0,0,1,0.33,0,0,1,1,1,18
Mustafa Erton,Turquía,1954,4,Defensor,3,3,0,0,1,0.33,0,0,1,0,2,11
Mustafa Kouici,Argelia,1982,3,Defensor,0,0,0,3,0,0.00,0,0,0,0,0,13
Mustafa Merry,Marruecos,1986,11,Delantero,2,2,0,2,0,0.00,0,0,0,2,0,11
Mustapha El Chadili,Marruecos,1998,22,Arquero,1,1,0,2,0,0.00,0,0,1,0,0,18
Mustapha El Hadaoui,Marruecos,1986,7,Mediocampista,3,3,0,1,0,0.00,0,0,1,1,1,11
Mustapha El Hadaoui,Marruecos,1994,10,Mediocampista,1,1,1,2,0,0.00,0,0,0,0,1,23
Mutiu Adepoju,Nigeria,1994,21,Mediocampista,4,0,0,0,0,0.00,1,0,2,0,2,9
Mutiu Adepoju,Nigeria,1998,8,Mediocampista,3,3,0,1,1,0.33,1,0,2,0,1,12
Mutiu Adepoju,Nigeria,2002,8,Mediocampista,0,0,0,3,0,0.00,0,0,0,0,0,27
Muzzy Izzet,Turquía,2002,13,Mediocampista,1,0,0,6,0,0.00,0,0,0,0,1,3
Mwanza Nel Mukombo,Zaire,1974,3,Defensor,3,3,0,0,0,0.00,0,0,0,0,3,16
Mwape Mialo,Zaire,1974,16,Defensor,0,0,0,3,0,0.00,0,0,0,0,0,16
Myong Gil Kim,Corea del Norte,2010,18,Arquero,0,0,0,3,0,0.00,0,0,0,0,0,32
Myong Guk Ri,Corea del Norte,2010,1,Arquero,3,3,0,0,0,0.00,0,0,0,0,3,32
Myong Won Kim,Corea del Norte,2010,20,Arquero,0,0,0,3,0,0.00,0,0,0,0,0,32
Myung Bo Hong,Corea del Sur,1990,20,Defensor,3,3,0,0,0,0.00,0,0,0,0,3,22
Myung Bo Hong,Corea del Sur,1994,20,Defensor,3,3,0,0,2,0.67,0,0,0,2,1,20
Myung Bo Hong,Corea del Sur,1998,20,Defensor,3,3,0,0,0,0.00,0,0,0,1,2,30
Myung Bo Hong,Corea del Sur,2002,20,Defensor,7,7,7,0,0,0.00,1,0,3,2,2,4
Nabil Bentaleb,Argelia,2014,14,Mediocampista,3,3,0,1,0,0.00,1,0,1,1,1,14
Nabil Dirar,Marruecos,2018,17,Defensor,2,2,0,1,0,0.00,0,0,0,1,1,27
Nabil Fekir,Francia,2018,18,Delantero,6,0,0,1,0,0.00,0,0,5,1,0,1
Nabil Ghilas,Argelia,2014,9,Delantero,3,0,0,1,0,0.00,1,0,1,1,1,14
Nacer Abdellah,Marruecos,1994,2,Defensor,2,2,0,1,0,0.00,0,0,0,0,2,23
Nacer Chadli,Bélgica,2014,22,Mediocampista,4,1,0,1,0,0.00,0,0,3,0,1,6
Nacer Chadli,Bélgica,2018,22,Mediocampista,6,4,0,1,1,0.17,0,0,5,0,1,3
Nacho,España,2018,4,Defensor,2,2,0,2,1,0.50,0,0,0,2,0,10
Nacho Monreal,España,2018,16,Defensor,0,0,0,4,0,0.00,0,0,0,0,0,10
Nader Ghandri,Túnez,2022,5,Mediocampista,1,1,0,2,0,0.00,0,0,1,0,0,21
Nader Khani,Irán,1998,14,Mediocampista,3,3,1,0,0,0.00,0,0,1,0,2,20
Nadir Belhadj,Argelia,2010,3,Defensor,3,3,0,0,0,0.00,0,0,0,1,2,28
Nahitan Nández,Uruguay,2018,8,Mediocampista,5,4,0,0,0,0.00,0,0,4,0,1,5
Nahuel Guzmán,Argentina,2018,1,Arquero,0,0,0,4,0,0.00,0,0,0,0,0,16
Nahuel Molina,Argentina,2022,26,Defensor,7,6,0,0,1,0.14,0,0,4,2,1,1
Naif Al-Hadhrami,Catar,2022,24,Mediocampista,0,0,0,3,0,0.00,0,0,0,0,0,32
Naif Al Qadi,Arabia Saudita,2006,5,Defensor,0,0,0,3,0,0.00,0,0,0,0,0,28
Naim Fajah,Kuwait,1982,2,Defensor,3,3,0,0,0,0.00,1,0,0,1,2,21
Naim Sadavi,Irán,1998,3,Defensor,1,0,0,2,0,0.00,0,0,1,0,0,20
Naïm Sliti,Túnez,2018,23,Delantero,3,2,0,0,0,0.00,0,0,1,0,2,24
Naïm Sliti,Túnez,2022,23,Delantero,2,1,0,1,0,0.00,0,0,0,1,1,21
Nak Woon Sung,Corea del Sur,1954,10,Delantero,1,1,0,1,0,0.00,0,0,0,0,1,16
Nam Chol Pak,Corea del Norte,2010,14,Defensor,0,0,0,3,0,0.00,0,0,0,0,0,32
Nam Chol Pak,Corea del Norte,2010,4,Mediocampista,3,3,0,0,0,0.00,0,0,0,0,3,32
Nam Il Kim,Corea del Sur,2002,5,Mediocampista,5,5,0,2,0,0.00,1,0,3,2,0,4
Nam Il Kim,Corea del Sur,2006,5,Mediocampista,3,2,0,0,0,0.00,0,0,1,1,1,17
Nam Il Kim,Corea del Sur,2010,5,Mediocampista,3,0,0,1,0,0.00,1,0,1,1,1,15
Nam Sik Chung,Corea del Sur,1954,11,Mediocampista,1,1,0,1,0,0.00,0,0,0,0,1,16
Nampalys Mendy,Senegal,2022,6,Mediocampista,4,3,0,0,0,0.00,1,0,2,0,2,10
Nando,España,1950,-,Mediocampista,0,0,0,6,0,0.00,0,0,0,0,0,4
Nandor Hidegkuti,Hungría,1954,9,Delantero,4,4,0,1,4,1.00,0,0,3,0,1,2
Nandor Hidegkuti,Hungría,1958,9,Delantero,2,2,2,2,0,0.00,0,0,1,1,0,10
Ruben Amorim,Portugal,2010,17,Mediocampista,1,0,0,3,0,0.00,0,0,0,1,0,11
Ruben Amorim,Portugal,2014,20,Mediocampista,1,1,0,2,0,0.00,0,0,1,0,0,18
Naohiro Takahara,Japón,2006,9,Delantero,3,2,0,0,0,0.00,1,0,0,1,2,29
Naoki Matsuda,Japón,2002,3,Defensor,4,4,0,0,0,0.00,0,0,2,1,1,9
Naoki Soma,Japón,1998,3,Defensor,3,3,0,0,0,0.00,0,0,0,0,3,31
Naomichi Ueda,Japón,2018,2,Defensor,0,0,0,4,0,0.00,0,0,0,0,0,15
Narciso Lopez,México,1954,2,Defensor,2,2,0,0,0,0.00,0,0,0,0,2,13
Nariz,Brasil,1938,-,Defensor,1,1,0,4,0,0.00,0,0,1,0,0,3
Nasir Khamees,Emiratos Arabes,1990,14,Mediocampista,3,3,0,0,0,0.00,0,0,0,0,3,24
Nasko Sirakov,Bulgaria,1986,2,Mediocampista,4,3,0,0,1,0.25,0,0,0,2,2,15
Nasko Sirakov,Bulgaria,1994,10,Delantero,7,6,0,0,1,0.14,1,0,3,1,3,4
Nasrollah Abdollahi,Irán,1978,20,Delantero,3,3,0,0,0,0.00,0,0,0,1,2,14
Nasser Al-Dawsari,Arabia Saudita,2022,24,Mediocampista,1,0,0,2,0,0.00,0,0,0,0,1,25
Nasser Al Ghanem,Kuwait,1982,11,Mediocampista,0,0,0,3,0,0.00,0,0,0,0,0,21
Nasser Drid,Argelia,1986,1,Arquero,2,2,0,1,0,0.00,0,0,0,0,2,22
Nasser Hejazi,Irán,1978,1,Arquero,3,3,0,0,0,0.00,0,0,0,1,2,14
Nasser Nuray,Irán,1978,16,Delantero,0,0,0,3,0,0.00,0,0,0,0,0,14
Nastja Ceh,Eslovenia,2002,20,Mediocampista,2,0,0,1,0,0.00,0,1,0,0,2,30
Nat Lofthouse,Inglaterra,1954,9,Delantero,2,2,0,1,3,1.50,0,0,0,1,1,7
Natalio Perinetti,Argentina,1930,-,Delantero,1,1,0,4,0,0.00,0,0,1,0,0,2
Nathan Aké,Paises Bajos,2022,5,Defensor,5,5,0,0,0,0.00,1,0,3,2,0,5
Nathaniel Atkinson,Australia,2022,3,Defensor,1,1,0,3,0,0.00,0,0,0,0,1,11
Nawaf Al-Abed,Arabia Saudita,2022,18,Mediocampista,2,0,0,1,0,0.00,1,0,1,0,1,25
Nawaf Al-Aqidi,Arabia Saudita,2022,22,Arquero,0,0,0,3,0,0.00,0,0,0,0,0,25
Nawaf Al Temiyat,Arabia Saudita,1998,18,Mediocampista,1,1,0,2,0,0.00,0,0,0,1,0,28
Nawaf Al Temiyat,Arabia Saudita,2002,18,Mediocampista,3,3,0,0,0,0.00,1,0,0,0,3,32
Nawaf Al Temiyat,Arabia Saudita,2006,18,Mediocampista,2,1,0,1,0,0.00,1,0,0,1,1,28
Nayef Aguerd,Marruecos,2022,5,Defensor,4,4,0,3,0,0.00,0,0,2,2,0,4
Ndaye Mulamba,Zaire,1974,13,Mediocampista,2,2,0,1,0,0.00,0,1,0,0,2,16
Neco Williams,Gales,2022,3,Defensor,3,3,0,0,0,0.00,0,0,0,1,2,30
Necula Raducanu,Rumania,1970,1,Arquero,2,1,0,1,0,0.00,0,0,0,0,2,10
Neicer Reasco,Ecuador,2006,18,Defensor,3,3,0,1,0,0.00,0,0,2,0,1,12
Neil Covone,Estados Unidos,1990,21,Mediocampista,0,0,0,3,0,0.00,0,0,0,0,0,23
Neil Mochan,Escocia,1954,11,Delantero,2,2,0,0,0,0.00,0,0,0,0,2,15
Neil Sullivan,Escocia,1998,12,Arquero,0,0,0,3,0,0.00,0,0,0,0,0,27
Neil Webb,Inglaterra,1990,4,Mediocampista,1,0,0,6,0,0.00,0,0,0,0,1,4
Nejc Pecnik,Eslovenia,2010,7,Delantero,2,0,0,1,0,0.00,0,0,1,1,0,18
Nejib Ghommidh,Túnez,1978,6,Mediocampista,3,3,0,0,1,0.33,0,0,1,1,1,9
Nejib Liman,Túnez,1978,13,Delantero,0,0,0,3,0,0.00,0,0,0,0,0,9
Nelinho,Brasil,1974,14,Defensor,3,3,0,4,0,0.00,0,0,1,2,0,4
Nelinho,Brasil,1978,13,Defensor,4,3,0,3,2,0.50,1,0,2,2,0,3
Nelson,Portugal,2002,15,Arquero,0,0,0,3,0,0.00,0,0,0,0,0,21
Nelson Cuevas,Paraguay,2002,23,Delantero,2,0,0,2,2,1.00,0,0,1,0,1,16
Nelson Cuevas,Paraguay,2006,23,Delantero,2,0,0,1,1,0.50,0,0,1,0,1,18
Nelson Diaz,Uruguay,1966,13,Defensor,0,0,0,4,0,0.00,0,0,0,0,0,7
Nelson Gutierrez,Uruguay,1986,2,Defensor,4,4,0,0,0,0.00,0,0,0,2,2,16
Nelson Gutierrez,Uruguay,1990,2,Defensor,4,4,0,0,0,0.00,1,0,1,1,2,16
Nelson Lopez,Argentina,1966,13,Defensor,0,0,0,4,0,0.00,0,0,0,0,0,5
Nelson Parraguez,Chile,1998,7,Mediocampista,3,3,0,1,0,0.00,2,0,0,3,0,16
Nelson Tapia,Chile,1998,1,Arquero,4,4,0,0,0,0.00,1,0,0,3,1,16
Nelson Valdez,Paraguay,2006,18,Delantero,3,3,0,0,0,0.00,1,0,1,0,2,18
Nelson Valdez,Paraguay,2010,18,Delantero,5,4,0,0,0,0.00,0,0,1,3,1,8
Nelson Vivas,Argentina,1998,14,Defensor,4,3,0,1,0,0.00,1,0,3,1,0,6
Nemanja Gudelj,Serbia,2022,8,Mediocampista,2,1,0,1,0,0.00,2,0,0,0,2,29
Nemanja Maksimović,Serbia,2022,6,Mediocampista,3,1,0,0,0,0.00,0,0,0,1,2,29
Nemanja Matić,Serbia,2018,21,Mediocampista,3,3,0,0,0,0.00,2,0,1,0,2,23
Nemanja Radonjić,Serbia,2018,18,Delantero,2,0,0,1,0,0.00,0,0,0,0,2,23
Nemanja Radonjić,Serbia,2022,7,Delantero,3,0,0,0,0,0.00,0,0,0,1,2,29
Nemanja Vidic,Serbia y Montenegro,2006,5,Defensor,0,0,0,3,0,0.00,0,0,0,0,0,32
Nemanja Vidic,Serbia y Montenegro,2010,5,Defensor,3,3,0,0,0,0.00,1,0,1,0,2,23
Nena,Brasil,1950,-,Defensor,0,0,0,6,0,0.00,0,0,0,0,0,2
Nenad Djordjevic,Serbia y Montenegro,2006,14,Defensor,2,2,0,1,0,0.00,0,0,0,0,2,32
Nenad Milijas,Serbia,2010,11,Mediocampista,1,1,0,2,0,0.00,0,0,0,0,1,23
Nenad Stojkovic,Yugoslavia,1982,5,Defensor,3,3,0,0,0,0.00,1,0,1,1,1,16
Nery Pumpido,Argentina,1982,16,Arquero,0,0,0,5,0,0.00,0,0,0,0,0,11
Nery Pumpido,Argentina,1986,18,Arquero,7,7,0,0,0,0.00,2,0,6,1,0,1
Nery Pumpido,Argentina,1990,1,Arquero,2,2,0,5,0,0.00,0,0,1,0,1,2
Néstor Araujo,México,2022,2,Defensor,1,1,0,2,0,0.00,1,0,0,0,1,22
Nestor Carballo,Uruguay,1954,16,Defensor,2,2,0,3,0,0.00,0,0,0,0,2,4
Nestor Clausen,Argentina,1986,8,Defensor,1,1,0,6,0,0.00,0,0,1,0,0,1
Nestor Combin,Francia,1966,8,Delantero,1,1,0,2,0,0.00,0,0,0,1,0,13
Nestor Fabbri,Argentina,1990,11,Defensor,1,1,0,6,0,0.00,0,0,0,0,1,2
Nestor Goncalves,Uruguay,1962,5,Defensor,3,3,0,0,0,0.00,0,0,1,0,2,13
Nestor Goncalves,Uruguay,1966,5,Defensor,4,4,0,0,0,0.00,0,0,1,2,1,7
Nestor Lorenzo,Argentina,1990,13,Defensor,3,2,0,4,0,0.00,0,0,1,0,2,2
Nestor Ortigoza,Paraguay,2010,20,Mediocampista,1,1,0,4,0,0.00,0,0,0,1,0,8
Nestor Ortiz,Colombia,1994,13,Defensor,0,0,0,3,0,0.00,0,0,0,0,0,19
Nestor Rossi,Argentina,1958,5,Mediocampista,3,3,0,0,0,0.00,0,0,1,0,2,13
Nestor Subiat,Suiza,1994,14,Delantero,3,0,0,1,0,0.00,2,0,0,1,2,15
Nestor Togneri,Argentina,1974,19,Defensor,0,0,0,6,0,0.00,0,0,0,0,0,8
Neto,Portugal,2014,14,Defensor,0,0,0,3,0,0.00,0,0,0,0,0,18
Neven Subotic,Serbia,2010,20,Defensor,2,1,0,1,0,0.00,1,0,1,0,1,23
Neymar Jr.,Brasil,2014,10,Delantero,5,5,0,2,4,0.80,1,0,3,2,0,4
Neymar Jr.,Brasil,2018,10,Delantero,5,5,0,0,2,0.40,1,0,3,1,1,6
Neymar Jr.,Brasil,2022,10,Delantero,3,3,0,2,2,0.67,0,0,2,1,0,7
N'Golo Kanté,Francia,2018,13,Mediocampista,7,7,0,0,0,0.00,2,0,6,1,0,1
Niall Quinn,Irlanda,1990,17,Delantero,4,3,0,1,1,0.25,0,0,0,3,1,8
Niall Quinn,Irlanda,2002,17,Delantero,3,0,0,1,0,0.00,0,0,1,2,0,12
Nica Panduru,Rumania,1994,15,Mediocampista,2,0,0,3,0,0.00,1,0,0,1,1,6
Nick Di Orio,Estados Unidos,1950,-,Delantero,0,0,0,3,0,0.00,0,0,0,0,0,10
Nick Pope,Inglaterra,2018,23,Arquero,0,0,0,7,0,0.00,0,0,0,0,0,4
Nick Pope,Inglaterra,2022,13,Arquero,0,0,0,5,0,0.00,0,0,0,0,0,6
Nick Rimando,Estados Unidos,2014,22,Arquero,0,0,0,4,0,0.00,0,0,0,0,0,15
Nicklas Bendtner,Dinamarca,2010,11,Delantero,3,3,0,0,1,0.33,1,0,1,0,2,24
Nicky Butt,Inglaterra,2002,21,Mediocampista,4,4,0,1,0,0.00,0,0,2,1,1,6
Niclas Alexandersson,Suecia,2002,7,Mediocampista,4,4,0,0,1,0.25,1,0,1,2,1,13
Niclas Alexandersson,Suecia,2006,7,Mediocampista,4,4,0,0,0,0.00,1,0,1,2,1,14
Niclas Füllkrug,Alemania,2022,9,Delantero,3,0,0,0,2,0.67,0,0,1,1,1,17
Niclas Jensen,Dinamarca,2002,12,Defensor,3,2,0,1,0,0.00,1,0,2,0,1,10
Niclas Nyhlen,Suecia,1990,7,Defensor,0,0,0,3,0,0.00,0,0,0,0,0,21
Nico Claesen,Bélgica,1986,16,Delantero,7,6,0,0,3,0.43,1,0,2,2,3,4
Nico Claesen,Bélgica,1990,14,Delantero,1,0,0,3,0,0.00,0,0,0,0,1,11
Nico Elvedi,Suiza,2018,4,Defensor,0,0,0,4,0,0.00,0,0,0,0,0,14
Nico Elvedi,Suiza,2022,4,Defensor,2,2,0,2,0,0.00,1,0,1,0,1,12
Nico Schlotterbeck,Alemania,2022,23,Defensor,2,1,0,1,0,0.00,0,0,0,1,1,17
Nico Van Kerckhoven,Bélgica,1998,11,Mediocampista,1,1,0,2,0,0.00,0,0,0,1,0,19
Nico Van Kerckhoven,Bélgica,2002,5,Defensor,2,2,0,2,0,0.00,0,0,1,0,1,14
Nico Williams,España,2022,12,Delantero,4,1,0,0,0,0.00,0,0,1,2,1,13
Nicola Berti,Italia,1990,10,Mediocampista,4,3,0,3,0,0.00,2,0,4,0,0,3
Nicola Berti,Italia,1994,14,Mediocampista,7,5,0,0,0,0.00,0,0,4,2,1,2
Nicola Zalewski,Polonia,2022,21,Mediocampista,2,1,0,2,0,0.00,0,0,0,1,1,15
Nicolae Dobrin,Rumania,1970,8,Mediocampista,0,0,0,3,0,0.00,0,0,0,0,0,10
Nicolae Kovacs,Rumania,1930,-,Delantero,2,2,0,0,1,0.50,0,0,1,0,1,8
Nicolae Kovacs,Rumania,1934,-,Delantero,1,1,0,0,0,0.00,0,0,0,0,1,12
Nicolae Kovacs,Rumania,1938,-,Delantero,1,1,1,1,0,0.00,0,0,0,1,0,9
Nicolae Lupescu,Rumania,1970,3,Defensor,3,3,0,0,0,0.00,0,0,1,0,2,10
Nicolai Kiselyov,URSS,1970,12,Mediocampista,3,1,0,1,0,0.00,0,0,2,0,1,5
Nicolas Alnoudji,Camerún,2002,15,Mediocampista,0,0,0,3,0,0.00,0,0,0,0,0,20
Nicolas Anelka,Francia,2010,21,Delantero,2,2,0,1,0,0.00,0,0,0,1,1,29
Nicolas Asencio,Ecuador,2002,7,Mediocampista,1,0,0,2,0,0.00,0,0,0,0,1,24
Nicolas Burdisso,Argentina,2006,21,Defensor,3,3,0,2,0,0.00,0,0,2,1,0,6
Nicolas Burdisso,Argentina,2010,4,Defensor,5,3,0,0,0,0.00,0,0,4,0,1,5
Nicolás de la Cruz,Uruguay,2022,7,Mediocampista,2,0,0,1,0,0.00,0,0,1,1,0,20
Nicolas Dewalque,Bélgica,1970,4,Defensor,3,3,0,0,0,0.00,0,0,1,0,2,10
Nicolas Fuentes,Perú,1970,5,Defensor,4,4,0,0,0,0.00,0,0,2,0,2,7
Nicolas Jackson,Senegal,2022,7,Delantero,1,0,0,3,0,0.00,0,0,0,0,1,10
Nicolas Lodeiro,Uruguay,2010,14,Mediocampista,3,0,0,4,0,0.00,0,1,1,2,0,4
Nicolas Lodeiro,Uruguay,2014,14,Mediocampista,3,2,0,1,0,0.00,0,0,2,0,1,12
Nicolas Lombaerts,Bélgica,2014,18,Defensor,1,1,0,4,0,0.00,0,0,1,0,0,6
Nicolas Ngamaleu,Camerún,2022,6,Delantero,2,1,0,1,0,0.00,0,0,1,0,1,19
Nicolas Nkoulou,Camerún,2010,3,Defensor,3,3,0,0,0,0.00,2,0,0,0,3,31
Nicolas Nkoulou,Camerún,2014,3,Defensor,3,3,2,0,0,0.00,0,0,0,0,3,32
Nicolas Nkoulou,Camerún,2022,3,Defensor,2,2,0,1,0,0.00,1,0,0,1,1,19
Nicolas Olivera,Uruguay,2002,15,Mediocampista,0,0,0,3,0,0.00,0,0,0,0,0,26
Nicolas Otamendi,Argentina,2010,15,Defensor,3,3,0,2,0,0.00,1,0,2,0,1,5
Nicolas Otamendi,Argentina,2018,17,Defensor,4,4,0,0,0,0.00,2,0,1,1,2,16
Nicolas Otamendi,Argentina,2022,19,Defensor,7,7,0,0,0,0.00,2,0,4,2,1,1
Nicolas Tagliafico,Argentina,2018,3,Defensor,4,4,0,0,0,0.00,1,0,1,1,2,16
Nicolas Tagliafico,Argentina,2022,3,Defensor,6,3,0,1,0,0.00,0,0,3,2,1,1
Niculae Pescaru,Rumania,1970,20,Defensor,0,0,0,3,0,0.00,0,0,0,0,0,10
Niek Michel,Paises Bajos,1938,-,Arquero,0,0,0,1,0,0.00,0,0,0,0,0,14
Nigel De Jong,Paises Bajos,2010,8,Mediocampista,6,6,0,1,0,0.00,3,0,5,0,1,2
Nigel De Jong,Paises Bajos,2014,6,Mediocampista,5,5,0,2,0,0.00,0,0,4,1,0,3
Nigel Martyn,Inglaterra,1998,13,Arquero,0,0,0,4,0,0.00,0,0,0,0,0,9
Nigel Martyn,Inglaterra,2002,13,Arquero,0,0,0,5,0,0.00,0,0,0,0,0,6
Nigel Worthington,Irlanda del Norte,1986,15,Defensor,2,2,0,1,0,0.00,1,0,0,1,1,21
Niginho,Brasil,1938,-,Delantero,0,0,0,5,0,0.00,0,0,0,0,0,3
Nihat Kahveci,Turquía,2002,15,Delantero,2,0,0,5,0,0.00,0,0,1,1,0,3
Nikica Jelavic,Croacia,2014,9,Delantero,2,1,0,1,0,0.00,0,0,0,0,2,19
Nikita Rukavytsya,Australia,2010,17,Delantero,2,0,0,1,0,0.00,0,0,0,1,1,21
Nikita Simonyan,URSS,1958,9,Delantero,5,5,4,0,1,0.20,0,0,2,1,2,6
Niklas Süle,Alemania,2018,15,Defensor,1,1,0,2,0,0.00,0,0,0,0,1,22
Niklas Süle,Alemania,2022,15,Defensor,3,3,0,0,0,0.00,0,0,1,1,1,17
Niko Kovac,Croacia,2002,10,Mediocampista,3,3,0,0,0,0.00,0,0,1,0,2,23
Niko Kovac,Croacia,2006,10,Mediocampista,3,3,3,0,1,0.33,1,0,0,2,1,22
Niko Kranjcar,Croacia,2006,19,Mediocampista,3,3,0,0,0,0.00,0,0,0,2,1,22
Nikola Jovanovic,Yugoslavia,1982,14,Defensor,3,3,0,0,0,0.00,0,0,1,1,1,16
Nikola Kalinić,Croacia,2018,16,Delantero,0,0,0,7,0,0.00,0,0,0,0,0,2
Nikola Kotkov,Bulgaria,1966,14,Delantero,1,1,0,2,0,0.00,0,0,0,0,1,15
Nikola Kovachev,Bulgaria,1962,6,Mediocampista,3,3,1,0,0,0.00,0,0,0,1,2,15
Nikola Milenković,Serbia,2018,15,Defensor,3,3,0,0,0,0.00,0,0,1,0,2,23
Nikola Milenković,Serbia,2022,4,Defensor,3,3,0,0,0,0.00,2,0,0,1,2,29
Nikola Parchanov,Bulgaria,1962,20,Arquero,0,0,0,3,0,0.00,0,0,0,0,0,15
Nikola Radovic,Yugoslavia,1958,21,Defensor,0,0,0,4,0,0.00,0,0,0,0,0,8
Nikola Stipic,Yugoslavia,1962,21,Delantero,0,0,0,6,0,0.00,0,0,0,0,0,4
Nikola Vlasic,Croacia,2022,13,Mediocampista,6,1,0,1,0,0.00,0,0,2,3,1,3
Nikola Zigic,Serbia y Montenegro,2006,19,Delantero,2,1,0,1,1,0.50,0,0,0,0,2,32
Nikola Zigic,Serbia y Montenegro,2010,15,Delantero,3,3,0,0,0,0.00,1,0,1,0,2,23
Nikolaas Hoydonckx,Bélgica,1930,-,Defensor,2,2,0,0,0,0.00,0,0,0,0,2,11
Nikolai Arabov,Bulgaria,1986,3,Defensor,3,3,0,1,0,0.00,1,0,0,2,1,15
Nikolai Iliev,Bulgaria,1994,15,Defensor,0,0,0,7,0,0.00,0,0,0,0,0,4
Nikolai Larionov,URSS,1986,15,Defensor,2,2,0,2,0,0.00,0,0,1,1,0,10
Nikolai Manoshin,URSS,1962,9,Mediocampista,0,0,0,4,0,0.00,0,0,0,0,0,6
Nikos Machlas,Grecia,1994,9,Delantero,3,3,0,0,0,0.00,0,0,0,0,3,24
Nikos Nioplias,Grecia,1994,8,Mediocampista,3,3,0,0,0,0.00,0,0,0,0,3,24
Nikos Spiropoulos,Grecia,2010,4,Defensor,1,0,0,2,0,0.00,0,0,0,0,1,25
Nikos Tsiantakis,Grecia,1994,11,Mediocampista,2,1,0,1,0,0.00,0,0,0,0,2,24
Nilmar,Brasil,2010,21,Delantero,4,1,0,1,0,0.00,0,0,2,1,1,6
Nilo,Brasil,1930,-,Delantero,1,1,0,1,0,0.00,0,0,0,0,1,6
Nils Axelsson,Suecia,1934,-,Defensor,2,2,0,0,0,0.00,0,0,1,0,1,8
Nils Eriksen,Noruega,1938,-,Mediocampista,1,1,1,0,0,0.00,0,0,0,0,1,12
Nils Liedholm,Suecia,1958,4,Mediocampista,5,5,5,1,2,0.40,0,0,4,0,1,2
Nils Rosen,Suecia,1934,-,Mediocampista,2,2,2,0,0,0.00,0,0,1,0,1,8
Nilson Loyola,Perú,2018,22,Defensor,0,0,0,3,0,0.00,0,0,0,0,0,20
Nilton Santos,Brasil,1950,-,Defensor,0,0,0,6,0,0.00,0,0,0,0,0,2
Nilton Santos,Brasil,1954,3,Defensor,3,3,0,0,0,0.00,0,0,1,1,1,6
Nilton Santos,Brasil,1958,12,Defensor,6,6,0,0,1,0.17,0,0,5,1,0,1
Nilton Santos,Brasil,1962,6,Defensor,6,6,0,0,0,0.00,0,0,5,1,0,1
Nima Nakisa,Irán,1998,12,Arquero,1,1,0,2,0,0.00,0,0,0,0,1,20
Nisa Saveljic,RF de Yugoslavia,1998,14,Defensor,1,0,0,3,0,0.00,0,0,0,0,1,10
Noa Lang,Paises Bajos,2022,12,Delantero,1,0,0,4,0,0.00,1,0,0,1,0,5
Noah Okafor,Suiza,2022,19,Delantero,3,0,0,1,0,0.00,0,0,2,0,1,12
Nobby Stiles,Inglaterra,1966,4,Mediocampista,6,6,0,0,0,0.00,1,0,5,1,0,1
Nobby Stiles,Inglaterra,1970,15,Defensor,0,0,0,4,0,0.00,0,0,0,0,0,8
Nobuyuki Kojima,Japón,1998,1,Arquero,0,0,0,3,0,0.00,0,0,0,0,0,31
Noel Brotherston,Irlanda del Norte,1982,7,Delantero,2,0,0,3,0,0.00,0,0,0,2,0,9
Noel Lietaer,Francia,1934,-,Mediocampista,1,1,0,0,0,0.00,0,0,0,0,1,9
Noel Valladares,Honduras,2010,18,Arquero,3,3,1,0,0,0.00,0,0,0,1,2,30
Noel Valladares,Honduras,2014,18,Arquero,3,3,3,0,0,0.00,0,0,0,0,3,31
Norbert Eder,Alemania Occidental,1986,6,Defensor,7,7,0,0,0,0.00,1,0,3,2,2,2
Norbert Eschmann,Suiza,1954,11,Delantero,0,0,0,4,0,0.00,0,0,0,0,0,5
Norbert Eschmann,Suiza,1962,17,Delantero,2,2,0,1,0,0.00,0,0,0,0,2,16
Norbert Nigbur,Alemania Occidental,1974,21,Arquero,0,0,0,7,0,0.00,0,0,0,0,0,1
Norberto Alonso,Argentina,1978,1,Mediocampista,3,0,0,4,0,0.00,0,0,2,1,0,1
Norberto Boggio,Argentina,1958,18,Delantero,1,1,0,2,0,0.00,0,0,1,0,0,13
Norberto Menendez,Argentina,1958,9,Delantero,3,3,0,0,1,0.33,0,0,1,0,2,13
Norberto Scoponi,Argentina,1994,22,Arquero,0,0,0,4,0,0.00,0,0,0,0,0,10
Nordin Amrabat,Marruecos,2018,16,Mediocampista,3,3,0,0,0,0.00,1,0,0,1,2,27
Norio Omura,Japón,1998,5,Defensor,1,1,0,2,0,0.00,0,0,0,0,1,31
Norman Hunter,Inglaterra,1966,18,Defensor,0,0,0,6,0,0.00,0,0,0,0,0,1
Norman Hunter,Inglaterra,1970,18,Mediocampista,1,0,0,3,0,0.00,0,0,0,0,1,8
Norman Uprichard,Irlanda del Norte,1958,12,Arquero,1,1,0,4,0,0.00,0,0,1,0,0,7
Norman Whiteside,Irlanda del Norte,1982,16,Delantero,5,5,0,0,0,0.00,1,0,1,3,1,9
Norman Whiteside,Irlanda del Norte,1986,10,Delantero,3,3,0,0,1,0.33,1,0,0,1,2,21
Noronha,Brasil,1950,-,Mediocampista,1,1,0,5,0,0.00,0,0,0,1,0,2
Nouhou Tolo,Camerún,2022,25,Defensor,3,3,0,0,0,0.00,1,0,1,1,1,19
Nouma Andoire,Francia,1930,-,Defensor,0,0,0,3,0,0.00,0,0,0,0,0,7
Noureddine Bouyahyaoui,Marruecos,1986,5,Defensor,4,4,0,0,0,0.00,0,0,1,2,1,11
Noureddine Kourichi,Argelia,1982,4,Defensor,3,3,0,0,0,0.00,0,0,2,0,1,13
Noureddine Kourichi,Argelia,1986,4,Defensor,2,2,0,1,0,0.00,0,0,0,1,1,22
Noureddine Naybet,Marruecos,1994,6,Defensor,2,2,0,1,0,0.00,2,0,0,0,2,23
Noureddine Naybet,Marruecos,1998,6,Defensor,3,3,3,0,0,0.00,0,0,1,1,1,18
Noussair Mazraoui,Marruecos,2022,3,Defensor,5,5,0,2,0,0.00,0,0,2,2,1,4
Novak Tomic,Yugoslavia,1958,5,Defensor,2,2,0,2,0,0.00,0,0,1,1,0,8
Ntumba Kalala,Zaire,1974,20,Delantero,1,1,0,2,0,0.00,0,0,0,0,1,16
Nuno Gomes,Portugal,2002,21,Delantero,2,0,0,1,0,0.00,0,0,0,0,2,21
Nuno Gomes,Portugal,2006,21,Delantero,2,0,0,5,1,0.50,1,0,1,0,1,4
Nuno Mendes,Portugal,2022,19,Defensor,1,1,0,4,0,0.00,0,0,1,0,0,8
Nuno Valente,Portugal,2006,14,Defensor,6,6,0,1,0,0.00,2,0,3,1,2,4
Nwankwo Kanu,Nigeria,1998,4,Delantero,3,2,1,1,0,0.00,0,0,1,0,2,12
Nwankwo Kanu,Nigeria,2002,4,Delantero,2,1,0,1,0,0.00,0,0,0,0,2,27
Nwankwo Kanu,Nigeria,2010,4,Mediocampista,1,1,1,2,0,0.00,0,0,0,1,0,27
Nyom,Camerún,2014,22,Defensor,1,1,0,2,0,0.00,0,0,0,0,1,32
Obafemi Martins,Nigeria,2010,9,Delantero,2,0,0,1,0,0.00,0,0,0,1,1,27
Obdulio Varela,Uruguay,1950,-,Mediocampista,4,4,4,0,1,0.25,0,0,3,1,0,1
Obdulio Varela,Uruguay,1954,5,Mediocampista,3,3,3,2,1,0.33,0,0,3,0,0,4
Obeid Al Dosari,Arabia Saudita,1998,8,Delantero,1,0,0,2,0,0.00,0,0,0,0,1,28
Obeid Al Dosari,Arabia Saudita,2002,11,Delantero,1,1,0,2,0,0.00,0,0,0,0,1,32
Obid Annad,Iraq,1986,17,Defensor,1,1,0,2,0,0.00,0,0,0,0,1,23
Octacilio,Brasil,1934,-,Defensor,0,0,0,1,0,0.00,0,0,0,0,0,14
Odd Frantzen,Noruega,1938,-,Delantero,1,1,0,0,0,0.00,0,0,0,0,1,12
Oddmund Andersen,Noruega,1938,-,Defensor,0,0,0,1,0,0.00,0,0,0,0,0,12
Odilon Polleunis,Bélgica,1970,16,Delantero,2,1,0,1,0,0.00,0,0,1,0,1,10
Odion Ighalo,Nigeria,2018,9,Delantero,3,1,0,0,0,0.00,0,0,1,0,2,21
Ogenyi Onazi,Nigeria,2014,17,Mediocampista,4,4,0,0,0,0.00,0,0,1,1,2,16
Ogenyi Onazi,Nigeria,2018,17,Mediocampista,0,0,0,3,0,0.00,0,0,0,0,0,21
Oghenekaro Etebo,Nigeria,2018,8,Mediocampista,3,3,0,0,0,0.00,0,0,1,0,2,21
Ognjen Koroman,Serbia y Montenegro,2006,7,Mediocampista,2,1,0,1,0,0.00,2,0,0,0,2,32
Ognjen Petrovic,Yugoslavia,1974,21,Arquero,0,0,0,6,0,0.00,0,0,0,0,0,7
Ognjen Vranjes,Bosnia-Herzegovina,2014,6,Defensor,1,0,0,2,0,0.00,0,0,1,0,0,20
Ognjen Vukojevic,Croacia,2014,8,Mediocampista,0,0,0,3,0,0.00,0,0,0,0,0,19
Oguchi Onyewu,Estados Unidos,2006,22,Defensor,3,3,0,0,0,0.00,1,0,0,1,2,25
Oguchi Onyewu,Estados Unidos,2010,5,Defensor,2,2,0,2,0,0.00,0,0,0,2,0,12
Ohman Chehaibi,Túnez,1978,16,Delantero,0,0,0,3,0,0.00,0,0,0,0,0,9
Oivind Holmsen,Noruega,1938,-,Defensor,1,1,0,0,0,0.00,0,0,0,0,1,12
Okan Buruk,Turquía,2002,7,Mediocampista,1,0,0,6,0,0.00,0,0,1,0,0,3
Ola By Rise,Noruega,1994,13,Arquero,0,0,0,3,0,0.00,0,0,0,0,0,17
Ola Toivonen,Suecia,2018,20,Delantero,5,5,0,0,1,0.20,0,0,3,0,2,7
Olaf Heredia,México,1986,20,Arquero,0,0,0,5,0,0.00,0,0,0,0,0,6
Olaf Marschall,Alemania,1998,11,Delantero,1,0,0,4,0,0.00,0,0,0,0,1,7
Olaf Thon,Alemania Occidental,1986,16,Mediocampista,0,0,0,7,0,0.00,0,0,0,0,0,2
Olaf Thon,Alemania Occidental,1990,20,Mediocampista,2,1,0,5,0,0.00,0,0,0,2,0,1
Olaf Thon,Alemania Occidental,1998,6,Defensor,3,3,0,2,0,0.00,0,0,2,1,0,7
Ólafur Ingi Skúlason,Islandia,2018,16,Mediocampista,0,0,0,3,0,0.00,0,0,0,0,0,28
Oldrich Nejedly,Checoslovaquia,1934,-,Delantero,4,4,0,0,5,1.25,0,0,3,0,1,2
Oldrich Nejedly,Checoslovaquia,1938,-,Delantero,2,2,0,1,2,1.00,0,0,1,1,0,5
Oldrich Rulc,Checoslovaquia,1938,-,Delantero,2,2,0,1,0,0.00,0,0,1,0,1,5
Ole Gunnar Solskjaer,Noruega,1998,20,Delantero,3,1,0,1,0,0.00,0,0,1,1,1,15
Ole Qvist,Dinamarca,1986,16,Arquero,0,0,0,4,0,0.00,0,0,0,0,0,9
Oleg Blokhin,URSS,1982,11,Delantero,5,5,0,0,1,0.20,0,0,2,2,1,7
Oleg Blokhin,URSS,1986,11,Delantero,2,1,1,2,1,0.50,0,0,1,1,0,10
Oleg Gusev,Ucrania,2006,9,Mediocampista,5,5,0,0,0,0.00,0,0,2,1,2,8
Oleg Kuznetsov,URSS,1986,10,Defensor,4,4,0,0,0,0.00,0,0,2,1,1,10
Oleg Kuznetsov,URSS,1990,4,Defensor,3,3,1,0,0,0.00,0,0,1,0,2,17
Oleg Protasov,URSS,1986,18,Delantero,1,1,0,3,0,0.00,0,0,1,0,0,10
Oleg Protasov,URSS,1990,10,Delantero,3,3,0,0,1,0.33,1,0,1,0,2,17
Oleg Romantsev,URSS,1982,20,Defensor,0,0,0,5,0,0.00,0,0,0,0,0,7
Oleg Salenko,Rusia,1994,9,Delantero,3,2,0,0,6,2.00,0,0,1,0,2,18
Oleg Shatov,Rusia,2014,17,Mediocampista,3,3,0,0,0,0.00,1,0,0,2,1,24
Oleg Shelayev,Ucrania,2006,8,Mediocampista,5,4,0,0,0,0.00,1,0,2,1,2,8
Oleksandr Iatsenko,Ucrania,2006,3,Defensor,0,0,0,5,0,0.00,0,0,0,0,0,8
Oleksandr Shovkovskyi,Ucrania,2006,1,Arquero,5,5,0,0,0,0.00,0,0,2,1,2,8
Oleksiy Belik,Ucrania,2006,20,Delantero,1,0,0,4,0,0.00,0,0,0,0,1,8
Oliveira,Portugal,1986,15,Defensor,3,3,0,0,0,0.00,0,0,1,0,2,17
Oliver Bierhoff,Alemania,1998,20,Delantero,5,5,0,0,3,0.60,0,0,3,1,1,7
Oliver Bierhoff,Alemania,2002,20,Delantero,5,0,0,2,1,0.20,0,0,3,1,1,2
Oliver Bozanic,Australia,2014,13,Mediocampista,2,1,0,1,0,0.00,0,0,0,0,2,30
Oliver Christensen,Dinamarca,2022,16,Arquero,0,0,0,3,0,0.00,0,0,0,0,0,28
Oliver Eggimann,Suiza,1950,-,Mediocampista,3,3,0,0,0,0.00,0,0,1,1,1,6
Oliver Eggimann,Suiza,1954,10,Defensor,3,3,0,1,0,0.00,0,0,1,0,2,5
Oliver Kahn,Alemania,1994,22,Arquero,0,0,0,5,0,0.00,0,0,0,0,0,5
Oliver Kahn,Alemania,1998,12,Arquero,0,0,0,5,0,0.00,0,0,0,0,0,7
Oliver Kahn,Alemania,2002,1,Arquero,7,7,7,0,0,0.00,1,0,5,1,1,2
Oliver Kahn,Alemania,2006,12,Arquero,1,1,1,6,0,0.00,0,0,1,0,0,3
Oliver Kovacevic,Serbia y Montenegro,2006,12,Arquero,0,0,0,3,0,0.00,0,0,0,0,0,32
Oliver Neuville,Alemania,2002,7,Delantero,6,4,0,1,1,0.17,1,0,5,0,1,2
Oliver Neuville,Alemania,2006,10,Delantero,7,0,0,0,1,0.14,0,0,5,1,1,3
Oliver Zelenika,Croacia,2014,12,Arquero,0,0,0,3,0,0.00,0,0,0,0,0,19
Olivier Giroud,Francia,2014,9,Delantero,5,2,0,0,1,0.20,0,0,3,1,1,7
Olivier Giroud,Francia,2018,9,Delantero,7,6,0,0,0,0.00,1,0,6,1,0,1
Olivier Giroud,Francia,2022,9,Delantero,6,6,0,1,4,0.67,1,0,5,1,0,2
Olivier Mbaizo,Camerún,2022,17,Defensor,0,0,0,3,0,0.00,0,0,0,0,0,19
Olivier Ntcham,Camerún,2022,22,Mediocampista,1,0,0,2,0,0.00,0,0,1,0,0,19
Olivier Rouyer,Francia,1978,20,Delantero,2,1,0,1,0,0.00,0,0,1,0,1,12
Olle Ahlund,Suecia,1950,-,Mediocampista,0,0,0,5,0,0.00,0,0,0,0,0,3
Olle Hakansson,Suecia,1958,17,Mediocampista,0,0,0,6,0,0.00,0,0,0,0,0,2
Olle Kallgren,Suecia,1938,-,Defensor,2,2,0,1,0,0.00,0,0,1,0,1,4
Olle Nordin,Suecia,1978,18,Mediocampista,1,1,0,2,0,0.00,0,0,0,0,1,13
Olof Mellberg,Suecia,2002,2,Defensor,4,4,0,0,0,0.00,0,0,1,2,1,13
Olof Mellberg,Suecia,2006,3,Defensor,4,4,4,0,0,0.00,0,0,1,2,1,14
Omar Al Ghamdi,Arabia Saudita,2002,19,Mediocampista,0,0,0,3,0,0.00,0,0,0,0,0,32
Omar Al Ghamdi,Arabia Saudita,2006,6,Mediocampista,2,2,0,1,0,0.00,1,0,0,1,1,28
Omar Bravo,México,2006,19,Delantero,3,3,0,1,2,0.67,0,0,1,1,1,15
Omar Caetano,Uruguay,1966,6,Mediocampista,4,4,0,0,0,0.00,0,0,1,2,1,7
Omar Caetano,Uruguay,1970,16,Mediocampista,0,0,0,6,0,0.00,0,0,0,0,0,4
Omar Daf,Senegal,2002,2,Defensor,5,5,0,0,0,0.00,2,0,2,2,1,7
Omar Diallo,Senegal,2002,16,Arquero,0,0,0,5,0,0.00,0,0,0,0,0,7
Omar Gaber,Egipto,2018,4,Mediocampista,0,0,0,3,0,0.00,0,0,0,0,0,31
Omar González,Estados Unidos,2014,3,Defensor,3,2,0,1,0,0.00,1,0,0,1,2,15
Omar Hawsawi,Arabia Saudita,2018,5,Defensor,1,1,0,2,0,0.00,0,0,0,0,1,26
Omar Jebali,Túnez,1978,20,Defensor,3,3,0,0,0,0.00,0,0,1,1,1,9
Omar Larrosa,Argentina,1978,12,Mediocampista,2,1,0,5,0,0.00,1,0,2,0,0,1
Omar Mendez,Uruguay,1954,20,Delantero,1,1,0,4,0,0.00,0,0,0,0,1,4
Omar Oreste Corbatta,Argentina,1958,7,Delantero,3,3,0,0,3,1.00,0,0,1,0,2,13
Omar Sivori,Italia,1962,10,Delantero,2,2,0,1,0,0.00,0,0,1,1,0,9
Omar Tetradze,Rusia,1994,12,Defensor,1,1,0,2,0,0.00,0,0,1,0,0,18
Omer Catkic,Turquía,2002,12,Arquero,1,0,0,6,0,0.00,0,0,1,0,0,3
Omero Tognon,Italia,1950,-,Mediocampista,0,0,0,2,0,0.00,0,0,0,0,0,7
Omero Tognon,Italia,1954,5,Mediocampista,3,3,0,0,0,0.00,0,0,1,0,2,10
Omid Ebrahimi,Irán,2018,9,Mediocampista,3,3,0,0,0,0.00,1,0,1,1,1,18
Onandi Lowe,Jamaica,1998,17,Delantero,2,2,0,1,0,0.00,0,0,1,0,1,22
Onarici Nemci,Turquía,1954,20,Delantero,1,1,0,2,0,0.00,0,0,0,0,1,11
Orbelín Pineda,México,2022,17,Delantero,1,1,0,2,0,0.00,0,0,1,0,0,22
Oreco,Brasil,1958,8,Defensor,0,0,0,6,0,0.00,0,0,0,0,0,1
Orestis Karnezis,Grecia,2014,1,Arquero,4,4,0,0,0,0.00,0,0,1,2,1,13
Oribe Peralta,México,2014,19,Delantero,4,4,0,0,1,0.25,0,0,2,1,1,10
Oribe Peralta,México,2018,19,Delantero,1,0,0,3,0,0.00,0,0,0,0,1,12
Orjan Persson,Suecia,1970,11,Mediocampista,2,2,0,1,0,0.00,1,0,1,1,0,9
Orjan Persson,Suecia,1974,21,Mediocampista,2,1,0,4,0,0.00,1,0,1,1,0,5
Orlando,Brasil,1958,15,Defensor,6,6,0,0,0,0.00,0,0,5,1,0,1
Orlando,Brasil,1966,7,Defensor,1,1,1,2,0,0.00,0,0,0,0,1,11
Orlando De La Torre,Perú,1970,3,Defensor,3,3,0,1,0,0.00,0,0,2,0,1,7
Orlando Ramirez,Chile,1966,16,Delantero,0,0,0,3,0,0.00,0,0,0,0,0,13
Orvar Bergmark,Suecia,1958,2,Defensor,6,6,0,0,0,0.00,0,0,4,1,1,2
Osama Hawsawi,Arabia Saudita,2018,3,Defensor,3,3,3,0,0,0.00,0,0,1,0,2,26
Osama Oraby,Egipto,1990,18,Mediocampista,1,1,0,2,0,0.00,0,0,0,1,0,20
Oscar,Brasil,1978,3,Defensor,7,7,0,0,0,0.00,1,0,4,3,0,3
Oscar,Brasil,1982,3,Defensor,5,5,0,0,1,0.20,0,0,4,0,1,5
Oscar,Brasil,1986,3,Defensor,0,0,0,5,0,0.00,0,0,0,0,0,5
Oscar,Brasil,2014,11,Mediocampista,7,7,0,0,2,0.29,1,0,3,2,2,4
Oscar Aguilera,Paraguay,1958,10,Delantero,0,0,0,3,0,0.00,0,0,0,0,0,12
Oscar Arizaga,Perú,1982,13,Defensor,0,0,0,3,0,0.00,0,0,0,0,0,20
Óscar Bagüí,Ecuador,2014,18,Defensor,0,0,0,3,0,0.00,0,0,0,0,0,17
Oscar Bonfiglio,México,1930,-,Arquero,2,2,0,1,0,0.00,0,0,0,0,2,13
Oscar Boniek Garcia,Honduras,2010,14,Defensor,0,0,0,3,0,0.00,0,0,0,0,0,30
Oscar Boniek Garcia,Honduras,2014,14,Mediocampista,3,2,0,0,0,0.00,1,0,0,0,3,31
Oscar Calics,Argentina,1966,6,Defensor,1,1,0,3,0,0.00,0,0,1,0,0,5
Oscar Cardozo,Paraguay,2010,7,Delantero,5,2,0,0,0,0.00,0,0,1,3,1,8
Oscar Cordoba,Colombia,1994,1,Arquero,3,3,0,0,0,0.00,0,0,1,0,2,19
Oscar Cordoba,Colombia,1998,1,Arquero,0,0,0,3,0,0.00,0,0,0,0,0,21
Oscar Cortes,Colombia,1994,18,Defensor,0,0,0,3,0,0.00,0,0,0,0,0,19
Óscar Duarte,Costa Rica,2014,6,Defensor,4,4,0,1,1,0.25,0,1,2,2,0,8
Óscar Duarte,Costa Rica,2018,6,Defensor,2,2,0,1,0,0.00,0,0,0,0,2,29
Óscar Duarte,Costa Rica,2022,6,Defensor,3,3,0,0,0,0.00,1,0,1,0,2,27
Oscar Ferreiro,Argentina,1966,8,Defensor,4,4,0,0,0,0.00,0,0,2,1,1,5
Oscar Garre,Argentina,1986,13,Defensor,4,4,0,3,0,0.00,2,0,3,1,0,1
Oscar Heisserer,Francia,1938,-,Mediocampista,2,2,0,0,1,0.50,0,0,1,0,1,8
Oscar Hiljemark,Suecia,2018,15,Mediocampista,2,0,0,3,0,0.00,0,0,2,0,0,7
Oscar Lopez,Colombia,1962,11,Defensor,3,3,0,0,0,0.00,0,0,0,1,2,14
Oscar Mas,Argentina,1966,21,Delantero,4,4,0,0,0,0.00,0,0,2,1,1,5
Oscar Miguez,Uruguay,1950,-,Delantero,4,4,0,0,5,1.25,0,0,3,1,0,1
Oscar Miguez,Uruguay,1954,9,Delantero,3,3,0,2,3,1.00,0,0,3,0,0,4
Óscar Murillo,Colombia,2018,3,Defensor,1,1,0,3,0,0.00,0,0,0,0,1,9
Oscar Ortiz,Argentina,1978,16,Delantero,6,4,0,1,0,0.00,0,0,4,1,1,1
Oscar Perez,México,1998,22,Arquero,0,0,0,4,0,0.00,0,0,0,0,0,13
Oscar Perez,México,2002,1,Arquero,4,4,0,0,0,0.00,1,0,2,1,1,11
Oscar Perez,México,2010,1,Arquero,4,4,0,0,0,0.00,0,0,1,1,2,14
Oscar Ramirez,Costa Rica,1990,10,Mediocampista,4,4,0,0,0,0.00,0,0,2,0,2,13
Oscar Rojas,Chile,1982,17,Defensor,0,0,0,3,0,0.00,0,0,0,0,0,22
Oscar Rossi,Argentina,1962,13,Mediocampista,1,1,0,2,0,0.00,0,0,1,0,0,10
Oscar Ruggeri,Argentina,1986,19,Defensor,7,7,0,0,1,0.14,0,0,6,1,0,1
Oscar Ruggeri,Argentina,1990,19,Defensor,5,5,0,2,0,0.00,1,0,1,2,2,2
Oscar Ruggeri,Argentina,1994,6,Defensor,4,4,2,0,0,0.00,2,0,2,0,2,10
Oscar Sanchez,Bolivia,1994,17,Defensor,0,0,0,3,0,0.00,0,0,0,0,0,21
Oscar Ustari,Argentina,2006,23,Arquero,0,0,0,5,0,0.00,0,0,0,0,0,6
Oscar Wirth,Chile,1982,1,Arquero,0,0,0,3,0,0.00,0,0,0,0,0,22
Oscar Zubia,Uruguay,1970,19,Delantero,2,1,0,4,0,0.00,0,0,0,1,1,4
Oscarino,Brasil,1930,-,Mediocampista,0,0,0,2,0,0.00,0,0,0,0,0,6
Oskar Rauch,Suiza,1938,-,Mediocampista,0,0,0,3,0,0.00,0,0,0,0,0,6
Osman Bukari,Ghana,2022,11,Mediocampista,2,0,0,1,1,0.50,0,0,0,0,2,24
Osman Chavez,Honduras,2010,2,Defensor,3,3,0,0,0,0.00,1,0,0,1,2,30
Osman Chavez,Honduras,2014,2,Defensor,1,0,0,2,0,0.00,0,0,0,0,1,31
Osvaldo Ardiles,Argentina,1978,2,Mediocampista,6,6,0,1,0,0.00,1,0,4,1,1,1
Osvaldo Ardiles,Argentina,1982,1,Mediocampista,5,5,0,0,1,0.20,1,0,2,0,3,11
Osvaldo Castro,Chile,1974,20,Delantero,0,0,0,3,0,0.00,0,0,0,0,0,11
Osvaldo Cruz,Argentina,1958,22,Delantero,2,2,0,1,0,0.00,0,0,0,0,2,13
Osvaldo Fattori,Italia,1950,-,Mediocampista,1,1,0,1,0,0.00,0,0,1,0,0,7
Osvaldo Ramirez,Perú,1970,22,Delantero,2,0,0,2,0,0.00,0,0,1,0,1,7
Osvaldo Saez,Chile,1950,-,Mediocampista,0,0,0,3,0,0.00,0,0,0,0,0,9
Oswaldo Minda,Ecuador,2014,14,Mediocampista,2,2,0,1,0,0.00,0,0,1,1,0,17
Oswaldo Sanchez,México,1998,12,Arquero,0,0,0,4,0,0.00,0,0,0,0,0,13
Oswaldo Sanchez,México,2002,12,Arquero,0,0,0,4,0,0.00,0,0,0,0,0,11
Oswaldo Sanchez,México,2006,1,Arquero,4,4,0,0,0,0.00,0,0,1,1,2,15
Oszkar Szigeti,Hungría,1958,13,Defensor,0,0,0,4,0,0.00,0,0,0,0,0,10
Otakar Nozir,Checoslovaquia,1938,-,Mediocampista,0,0,0,3,0,0.00,0,0,0,0,0,5
Otávio Monteiro,Portugal,2022,25,Mediocampista,3,3,0,2,0,0.00,0,0,2,0,1,8
Ottmar Walter,Alemania Occidental,1954,15,Delantero,5,5,0,1,4,0.80,0,0,5,0,0,1
Otto Addo,Ghana,2006,20,Mediocampista,2,1,0,2,0,0.00,1,0,2,0,0,13
Otto Andersson,Suecia,1934,-,Defensor,0,0,0,2,0,0.00,0,0,0,0,0,8
Otto Buehler,Suiza,1934,-,Delantero,0,0,0,2,0,0.00,0,0,0,0,0,7
Otto Hemele,Checoslovaquia,1954,8,Delantero,2,2,0,0,0,0.00,0,0,0,0,2,14
Otto Konrad,Austria,1990,22,Arquero,0,0,0,3,0,0.00,0,0,0,0,0,18
Otto Siffling,Alemania,1934,-,Delantero,4,4,0,0,1,0.25,0,0,3,0,1,3
Otto Siffling,Alemania,1938,-,Delantero,0,0,0,2,0,0.00,0,0,0,0,0,10
Ottorino Sartor,Perú,1978,1,Arquero,0,0,0,6,0,0.00,0,0,0,0,0,8
Ouro-Nimini Tchagnirou,Togo,2006,1,Arquero,0,0,0,3,0,0.00,0,0,0,0,0,30
Ousmane Dembélé,Francia,2018,11,Delantero,4,2,0,3,0,0.00,0,0,3,1,0,1
Ousmane Dembélé,Francia,2022,11,Delantero,7,6,0,0,0,0.00,1,0,5,1,1,2
Ousmane Viera,Costa de Marfil,2014,2,Defensor,0,0,0,3,0,0.00,0,0,0,0,0,21
Oussama Haddadi,Túnez,2018,5,Defensor,1,1,0,2,0,0.00,0,0,1,0,0,24
Ove Grahn,Suecia,1970,10,Delantero,2,1,0,1,1,0.50,0,0,1,0,1,9
Ove Grahn,Suecia,1974,6,Mediocampista,6,6,0,0,0,0.00,2,0,2,2,2,5
Ove Kindvall,Suecia,1970,9,Delantero,3,3,0,0,0,0.00,0,0,1,1,1,9
Ove Kindvall,Suecia,1974,9,Mediocampista,2,2,0,4,0,0.00,0,0,1,1,0,5
Ove Ohlsson,Suecia,1958,22,Delantero,0,0,0,6,0,0.00,0,0,0,0,0,2
Ovidiu Stanga,Rumania,1994,20,Mediocampista,0,0,0,5,0,0.00,0,0,0,0,0,6
Ovidiu Stanga,Rumania,1998,19,Mediocampista,2,0,0,2,0,0.00,0,0,2,0,0,11
Owen Hargreaves,Inglaterra,2002,18,Mediocampista,2,2,0,3,0,0.00,0,0,1,1,0,6
Owen Hargreaves,Inglaterra,2006,16,Mediocampista,4,3,0,1,0,0.00,2,0,2,2,0,7
Oyvind Leonhardsen,Noruega,1994,8,Mediocampista,3,3,0,0,0,0.00,1,0,1,1,1,17
Oyvind Leonhardsen,Noruega,1998,8,Mediocampista,3,3,0,1,0,0.00,1,0,1,1,1,15
Pablo,España,2006,22,Defensor,3,3,0,1,0,0.00,0,0,2,0,1,9
Pablo Aimar,Argentina,2002,16,Mediocampista,3,1,0,0,0,0.00,0,0,1,1,1,18
Pablo Aimar,Argentina,2006,16,Mediocampista,3,0,0,2,0,0.00,0,0,2,1,0,6
Pablo Armero,Colombia,2014,7,Defensor,5,5,0,0,1,0.20,1,0,4,0,1,5
Pablo Barrera,México,2010,7,Delantero,3,0,0,1,0,0.00,0,0,1,0,2,14
Pablo Bengoechea,Uruguay,1990,16,Mediocampista,1,0,0,3,1,1.00,0,0,0,0,1,16
Pablo Cavallero,Argentina,1998,17,Arquero,0,0,0,5,0,0.00,0,0,0,0,0,6
Pablo Cavallero,Argentina,2002,12,Arquero,3,3,0,0,0,0.00,0,0,1,1,1,18
Pablo Centurion,Paraguay,1950,-,Arquero,0,0,0,2,0,0.00,0,0,0,0,0,11
Pablo Chinchilla,Costa Rica,2002,21,Defensor,0,0,0,3,0,0.00,0,0,0,0,0,19
Pablo Contreras,Chile,2010,5,Defensor,2,1,0,2,0,0.00,0,0,1,0,1,10
Pablo Dorado,Uruguay,1930,-,Delantero,3,3,0,1,2,0.67,0,0,3,0,0,1
Pablo Forlan,Uruguay,1966,4,Defensor,0,0,0,4,0,0.00,0,0,0,0,0,7
Pablo Forlan,Uruguay,1974,4,Defensor,3,3,0,0,0,0.00,1,0,0,1,2,13
Pablo Garcia,Uruguay,2002,5,Mediocampista,3,3,0,0,0,0.00,2,0,0,2,1,26
Pablo Larios,México,1986,1,Arquero,5,5,0,0,0,0.00,0,0,3,2,0,6
Pablo Mastroeni,Estados Unidos,2002,4,Defensor,3,3,0,2,0,0.00,2,0,2,0,1,8
Pablo Mastroeni,Estados Unidos,2006,4,Defensor,2,2,0,1,0,0.00,0,1,0,1,1,25
Pablo Pacheco,Perú,1930,-,Delantero,0,0,0,2,0,0.00,0,0,0,0,0,10
Pablo Paz,Argentina,1998,13,Defensor,1,1,0,4,0,0.00,0,0,1,0,0,6
Pablo Sarabia,España,2022,22,Delantero,1,0,0,3,0,0.00,0,0,0,1,0,13
Pablo Zabaleta,Argentina,2014,4,Defensor,7,7,0,0,0,0.00,0,0,5,1,1,2
Pacheco,Portugal,1986,7,Mediocampista,3,3,0,0,0,0.00,1,0,1,0,2,17
Pachin,España,1962,13,Defensor,2,2,0,1,0,0.00,0,0,1,0,1,12
Pal Berendy,Hungría,1958,6,Mediocampista,2,2,0,2,0,0.00,0,0,0,1,1,10
Pal Teleki,Hungría,1934,-,Delantero,1,1,0,1,1,1.00,0,0,1,0,0,6
Pal Titkos,Hungría,1938,-,Delantero,2,2,0,2,1,0.50,0,0,1,0,1,2
Pal Varhidi,Hungría,1954,13,Defensor,0,0,0,5,0,0.00,0,0,0,0,0,2
Pamplona,Brasil,1930,-,Mediocampista,0,0,0,2,0,0.00,0,0,0,0,0,6
Pan Keun Kim,Corea del Sur,1994,4,Defensor,3,3,0,0,0,0.00,0,0,0,2,1,20
Panagiotis Glykos,Grecia,2014,12,Arquero,1,0,0,3,0,0.00,0,0,1,0,0,13
Panagiotis Kone,Grecia,2014,8,Mediocampista,3,3,0,1,0,0.00,0,0,1,1,1,13
Panagiotis Tachtsidis,Grecia,2014,23,Mediocampista,0,0,0,4,0,0.00,0,0,0,0,0,13
Panayot Panayotov,Bulgaria,1962,21,Delantero,0,0,0,3,0,0.00,0,0,0,0,0,15
Pantelei Dimitrov,Bulgaria,1962,17,Mediocampista,0,0,0,3,0,0.00,0,0,0,0,0,15
Pantelis Kapetanos,Grecia,2010,20,Delantero,1,0,0,2,0,0.00,0,0,0,0,1,25
Paolo Barison,Italia,1966,3,Delantero,2,2,0,1,1,0.50,0,0,1,0,1,9
Paolo Conti,Italia,1978,12,Arquero,0,0,0,7,0,0.00,0,0,0,0,0,4
Paolo Guerrero,Perú,2018,9,Delantero,3,2,2,0,1,0.33,1,0,1,0,2,20
Paolo Hurtado,Perú,2018,7,Mediocampista,1,0,0,2,0,0.00,1,0,1,0,0,20
Paolo Maldini,Italia,1990,7,Defensor,7,7,0,0,0,0.00,0,0,6,1,0,3
Paolo Maldini,Italia,1994,5,Defensor,7,7,4,0,0,0.00,1,0,4,2,1,2
Paolo Maldini,Italia,1998,3,Defensor,5,5,5,0,0,0.00,2,0,3,2,0,5
Paolo Maldini,Italia,2002,3,Defensor,4,4,4,0,0,0.00,0,0,1,1,2,15
Paolo Montero,Uruguay,2002,4,Defensor,3,3,3,0,0,0.00,1,0,0,2,1,26
Paolo Pulici,Italia,1974,21,Delantero,0,0,0,3,0,0.00,0,0,0,0,0,10
Paolo Pulici,Italia,1978,20,Delantero,0,0,0,7,0,0.00,0,0,0,0,0,4
Paolo Rossi,Italia,1978,21,Delantero,7,7,0,0,3,0.43,0,0,4,1,2,4
Paolo Rossi,Italia,1982,20,Delantero,7,7,0,0,6,0.86,1,0,4,3,0,1
Paolo Rossi,Italia,1986,20,Delantero,0,0,0,4,0,0.00,0,0,0,0,0,12
Papa Malick Diop,Senegal,2002,4,Defensor,5,5,1,0,0,0.00,0,0,2,2,1,7
Pape Abdou Cissé,Senegal,2022,4,Defensor,3,1,0,1,0,0.00,0,0,2,0,1,10
Pape Gueye,Senegal,2022,26,Mediocampista,3,1,0,1,0,0.00,0,0,1,0,2,10
Pape Matar Sarr,Senegal,2022,17,Mediocampista,2,0,0,2,0,0.00,0,0,1,0,1,10
Pape Sarr,Senegal,2002,3,Mediocampista,1,1,0,4,0,0.00,0,0,0,1,0,7
Pape Thiaw,Senegal,2002,18,Delantero,1,1,0,4,0,0.00,1,0,1,0,0,7
Parana,Brasil,1966,21,Delantero,1,1,0,2,0,0.00,0,0,0,0,1,11
Paride Tumburus,Italia,1962,20,Mediocampista,1,1,0,2,0,0.00,0,0,0,0,1,9
Parviz Boromand,Irán,1998,22,Arquero,0,0,0,3,0,0.00,0,0,0,0,0,20
Pascal Chimbonda,Francia,2006,21,Defensor,0,0,0,7,0,0.00,0,0,0,0,0,2
Pascal Plovie,Bélgica,1990,17,Defensor,1,0,0,3,0,0.00,0,0,0,0,1,11
Pascal Renier,Bélgica,1994,22,Defensor,0,0,0,4,0,0.00,0,0,0,0,0,11
Pascal Zuberbuehler,Suiza,2006,1,Arquero,4,4,0,0,0,0.00,0,0,2,2,0,10
Pasquale De Luca,Canadá,1986,19,Mediocampista,0,0,0,3,0,0.00,0,0,0,0,0,24
Pat Bonner,Irlanda,1990,1,Arquero,5,5,0,0,0,0.00,0,0,0,4,1,8
Pat Bonner,Irlanda,1994,1,Arquero,4,4,0,0,0,0.00,0,0,1,1,2,16
Pat Jennings,Irlanda del Norte,1982,1,Arquero,4,4,0,1,0,0.00,0,0,1,2,1,9
Pat Jennings,Irlanda del Norte,1986,1,Arquero,3,3,0,0,0,0.00,0,0,0,1,2,21
Patesko,Brasil,1934,-,Delantero,1,1,0,0,0,0.00,0,0,0,0,1,14
Patesko,Brasil,1938,-,Delantero,3,3,0,2,0,0.00,0,0,2,0,1,3
Pathé Ciss,Senegal,2022,11,Mediocampista,3,2,0,1,0,0.00,1,0,2,0,1,10
Patrice Abanda,Camerún,1998,13,Defensor,0,0,0,3,0,0.00,0,0,0,0,0,25
Patrice Evra,Francia,2010,13,Defensor,2,2,2,1,0,0.00,1,0,0,1,1,29
Patrice Evra,Francia,2014,3,Defensor,4,4,0,1,0,0.00,1,0,3,0,1,7
Patrice Rio,Francia,1978,7,Defensor,1,1,0,2,0,0.00,0,0,0,0,1,12
Patricio Hernandez,Argentina,1982,12,Mediocampista,0,0,0,5,0,0.00,0,0,0,0,0,11
Patricio Urrutia,Ecuador,2006,6,Mediocampista,3,0,0,1,0,0.00,0,0,2,0,1,12
Patricio Yanez,Chile,1982,15,Delantero,3,3,0,0,0,0.00,0,0,0,0,3,22
Patrick Battiston,Francia,1978,2,Defensor,1,1,0,2,0,0.00,0,0,0,0,1,12
Patrick Battiston,Francia,1982,3,Defensor,3,2,0,4,0,0.00,0,0,1,1,1,4
Patrick Battiston,Francia,1986,4,Defensor,7,7,1,0,0,0.00,0,0,4,2,1,3
Patrick Kluivert,Paises Bajos,1998,9,Delantero,4,4,0,3,2,0.50,0,1,1,2,1,4
Patrick Mboma,Camerún,1998,10,Delantero,3,3,0,0,1,0.33,0,0,0,2,1,25
Patrick Mboma,Camerún,2002,10,Delantero,3,3,0,0,1,0.33,0,0,1,1,1,20
Patrick Mtiliga,Dinamarca,2010,23,Defensor,0,0,0,3,0,0.00,0,0,0,0,0,24
Patrick Mueller,Suiza,2006,20,Defensor,4,4,0,0,0,0.00,0,0,2,2,0,10
Patrick Pemberton,Costa Rica,2014,18,Arquero,0,0,0,5,0,0.00,0,0,0,0,0,8
Patrick Pemberton,Costa Rica,2018,18,Arquero,0,0,0,3,0,0.00,0,0,0,0,0,29
Patrick Sequeira,Costa Rica,2022,23,Arquero,0,0,0,3,0,0.00,0,0,0,0,0,27
Patrick Suffo,Camerún,2002,18,Delantero,2,0,0,1,0,0.00,0,1,0,1,1,20
Patrick Sylvestre,Suiza,1994,20,Mediocampista,1,0,0,3,0,0.00,0,0,1,0,0,15
Patrick Vervoort,Bélgica,1986,22,Defensor,5,5,0,2,0,0.00,0,0,1,2,2,4
Patrick Vervoort,Bélgica,1990,22,Defensor,3,1,0,1,1,0.33,0,0,1,0,2,11
Patrick Vieira,Francia,1998,4,Mediocampista,2,1,0,5,0,0.00,1,0,2,0,0,1
Patrick Vieira,Francia,2002,4,Mediocampista,3,3,0,0,0,0.00,0,0,0,1,2,28
Patrick Vieira,Francia,2006,4,Mediocampista,7,7,1,0,2,0.29,1,0,4,3,0,2
Patrik Andersson,Suecia,1994,3,Defensor,7,7,0,0,0,0.00,0,0,3,3,1,3
Patrik Andersson,Suecia,2002,3,Defensor,0,0,0,4,0,0.00,0,0,0,0,0,13
Patrizio Sala,Italia,1978,13,Mediocampista,1,1,0,6,0,0.00,0,0,0,0,1,4
Pau Torres,España,2022,4,Defensor,1,1,0,3,0,0.00,0,0,0,0,1,13
Paul Aebi,Suiza,1938,-,Delantero,0,0,0,3,0,0.00,0,0,0,0,0,6
Paul Aguilar,México,2010,12,Defensor,1,1,0,3,0,0.00,0,0,0,1,0,14
Paul Aguilar,México,2014,22,Defensor,4,4,0,0,0,0.00,2,0,2,1,1,10
Paul Ambrosi,Ecuador,2006,13,Defensor,1,1,0,3,0,0.00,0,0,0,0,1,12
Paul Bahoken,Camerún,1982,13,Delantero,1,0,0,2,0,0.00,0,0,0,1,0,17
Paul Breitner,Alemania Occidental,1974,3,Defensor,7,7,0,0,3,0.43,0,0,6,0,1,1
Paul Breitner,Alemania Occidental,1982,3,Mediocampista,7,7,0,0,1,0.14,0,0,3,2,2,2
Paul Caligiuri,Estados Unidos,1990,20,Defensor,3,3,0,0,1,0.33,1,0,0,0,3,23
Paul Caligiuri,Estados Unidos,1994,20,Defensor,4,4,0,0,0,0.00,1,0,1,1,2,14
Paul Dolan,Canadá,1986,22,Arquero,1,1,0,2,0,0.00,0,0,0,0,1,24
Paul Evans,Sudáfrica,1998,22,Arquero,0,0,0,3,0,0.00,0,0,0,0,0,24
Paul Gascoigne,Inglaterra,1990,19,Mediocampista,6,6,0,1,0,0.00,2,0,3,3,0,4
Paul Hall,Jamaica,1998,22,Delantero,3,3,0,0,0,0.00,0,0,1,0,2,22
Paul Halla,Austria,1954,20,Defensor,0,0,0,5,0,0.00,0,0,0,0,0,3
Paul Halla,Austria,1958,2,Defensor,1,1,0,2,0,0.00,0,0,0,0,1,15
Paul Henry,Bélgica,1938,-,Mediocampista,0,0,0,1,0,0.00,0,0,0,0,0,13
Paul Ince,Inglaterra,1998,4,Mediocampista,4,4,0,0,0,0.00,1,0,2,1,1,9
Paul James,Canadá,1986,15,Mediocampista,3,3,0,0,0,0.00,0,0,0,0,3,24
Paul Janes,Alemania,1934,-,Defensor,2,2,0,2,0,0.00,0,0,2,0,0,3
Paul Janes,Alemania,1938,-,Defensor,2,2,0,0,0,0.00,0,0,0,1,1,10
Paul Kozlicek,Austria,1958,8,Delantero,2,2,0,1,0,0.00,0,0,0,1,1,15
Paul Krumpe,Estados Unidos,1990,12,Defensor,0,0,0,3,0,0.00,0,0,0,0,0,23
Paul Lambert,Escocia,1998,14,Mediocampista,3,3,0,0,0,0.00,0,0,0,1,2,27
Paul Loga,Camerún,1994,12,Mediocampista,0,0,0,3,0,0.00,0,0,0,0,0,22
Paul Mariner,Inglaterra,1982,11,Delantero,5,5,0,0,1,0.20,1,0,3,2,0,6
Paul Mcgrath,Irlanda,1990,7,Defensor,5,5,3,0,0,0.00,1,0,0,4,1,8
Paul Mcgrath,Irlanda,1994,5,Defensor,4,4,0,0,0,0.00,0,0,1,1,2,16
Paul Mcstay,Escocia,1986,11,Mediocampista,1,1,0,2,0,0.00,0,0,0,1,0,19
Paul Mcstay,Escocia,1990,5,Mediocampista,3,2,0,0,0,0.00,0,0,1,0,2,18
Paul Mebus,Alemania Occidental,1954,9,Mediocampista,1,1,0,5,0,0.00,0,0,0,0,1,1
Paul Merson,Inglaterra,1998,15,Mediocampista,1,0,0,3,0,0.00,0,0,0,1,0,9
Paul Parker,Inglaterra,1990,12,Defensor,6,6,0,1,0,0.00,1,0,3,2,1,4
Paul Pogba,Francia,2014,19,Mediocampista,5,4,0,0,1,0.20,1,0,3,1,1,7
Paul Pogba,Francia,2018,6,Mediocampista,6,6,0,1,1,0.17,1,0,6,0,0,1
Paul Ramsey,Irlanda del Norte,1986,16,Mediocampista,0,0,0,3,0,0.00,0,0,0,0,0,21
Paul Robinson,Inglaterra,2006,1,Arquero,5,5,0,0,0,0.00,1,0,3,2,0,7
Paul Scholes,Inglaterra,1998,16,Mediocampista,4,4,0,0,1,0.25,1,0,2,1,1,9
Paul Scholes,Inglaterra,2002,8,Mediocampista,5,5,0,0,0,0.00,1,0,2,2,1,6
Paul Steiner,Alemania Occidental,1990,16,Defensor,0,0,0,7,0,0.00,0,0,0,0,0,1
Paul Sturrock,Escocia,1982,19,Delantero,0,0,0,3,0,0.00,0,0,0,0,0,15
Paul Sturrock,Escocia,1986,20,Delantero,2,2,0,1,0,0.00,0,0,0,1,1,19
Paul Van Himst,Bélgica,1970,10,Delantero,3,3,3,0,0,0.00,1,0,1,0,2,10
Paul Verhaegh,Paises Bajos,2014,12,Defensor,1,1,0,6,0,0.00,0,0,1,0,0,3
Paul Zielinski,Alemania,1934,-,Mediocampista,4,4,0,0,0,0.00,0,0,3,0,1,3
Pauleta,Portugal,2002,9,Delantero,3,3,0,0,3,1.00,0,0,1,0,2,21
Pauleta,Portugal,2006,9,Delantero,6,6,1,1,1,0.17,1,0,3,1,2,4
Paulinho,Brasil,1954,12,Defensor,0,0,0,3,0,0.00,0,0,0,0,0,6
Paulinho,Brasil,2014,8,Mediocampista,6,5,0,1,0,0.00,0,0,3,1,2,4
Paulinho,Brasil,2018,15,Mediocampista,5,5,0,0,1,0.20,0,0,3,1,1,6
Paulo Bento,Portugal,2002,17,Mediocampista,3,2,0,0,0,0.00,0,0,1,0,2,21
Paulo Cesar,Brasil,1970,18,Mediocampista,4,2,0,2,0,0.00,0,0,4,0,0,1
Paulo Cesar,Brasil,1974,11,Mediocampista,5,5,0,2,0,0.00,0,0,2,2,1,4
Paulo Da Silva,Paraguay,2006,14,Defensor,1,0,0,2,0,0.00,0,0,1,0,0,18
Paulo Da Silva,Paraguay,2010,14,Defensor,5,5,0,0,0,0.00,0,0,1,3,1,8
Paulo Dybala,Argentina,2018,21,Delantero,1,0,0,3,0,0.00,0,0,0,0,1,16
Paulo Dybala,Argentina,2022,21,Delantero,2,0,0,5,0,0.00,0,0,1,1,0,1
Paulo Ferreira,Portugal,2006,2,Defensor,3,1,0,4,0,0.00,1,0,1,0,2,4
Paulo Ferreira,Portugal,2010,3,Defensor,1,1,0,3,0,0.00,0,0,0,1,0,11
Paulo Henrique,Brasil,1966,8,Defensor,2,2,0,1,0,0.00,0,0,1,0,1,11
Paulo Isidoro,Brasil,1982,7,Mediocampista,4,0,0,1,0,0.00,0,0,3,0,1,5
Paulo Santos,Portugal,2006,22,Arquero,0,0,0,7,0,0.00,0,0,0,0,0,4
Paulo Sergio,Brasil,1994,18,Delantero,2,0,0,5,0,0.00,0,0,1,1,0,1
Paulo Sergio,Brasil,1982,12,Arquero,0,0,0,5,0,0.00,0,0,0,0,0,5
Paulo Sousa,Portugal,2002,6,Mediocampista,0,0,0,3,0,0.00,0,0,0,0,0,21
Paulo Vitor,Brasil,1986,12,Arquero,0,0,0,5,0,0.00,0,0,0,0,0,5
Paulo Wanchope,Costa Rica,2002,9,Delantero,3,3,0,0,1,0.33,0,0,1,1,1,19
Paulo Wanchope,Costa Rica,2006,9,Delantero,3,3,0,0,2,0.67,0,0,0,0,3,31
Pavel Cerny,Checoslovaquia,1938,-,Mediocampista,0,0,0,3,0,0.00,0,0,0,0,0,5
Pavel Chaloupka,Checoslovaquia,1982,16,Mediocampista,1,1,0,2,0,0.00,1,0,0,0,1,19
Pavel Kouba,Checoslovaquia,1962,22,Arquero,0,0,0,6,0,0.00,0,0,0,0,0,2
Pavel Mares,República Checa,2006,3,Defensor,0,0,0,3,0,0.00,0,0,0,0,0,20
Pavel Mogilevets,Rusia,2014,15,Mediocampista,0,0,0,3,0,0.00,0,0,0,0,0,24
Pavel Nedved,República Checa,2006,11,Mediocampista,3,3,1,0,0,0.00,0,0,1,0,2,20
Pavel Panov,Bulgaria,1974,15,Delantero,3,3,0,0,0,0.00,0,0,0,2,1,12
Pavel Pardo,México,1998,13,Defensor,3,3,0,1,0,0.00,0,1,1,1,1,13
Pavel Pardo,México,2006,8,Mediocampista,4,4,0,0,0,0.00,0,0,1,1,2,15
Pavel Yakovenko,URSS,1986,8,Mediocampista,3,3,0,1,1,0.33,0,0,1,1,1,10
Pavol Molnar,Checoslovaquia,1958,9,Delantero,3,3,0,1,0,0.00,0,0,1,1,1,9
Pavol Molnar,Checoslovaquia,1962,9,Delantero,0,0,0,6,0,0.00,0,0,0,0,0,2
Pawel Brozek,Polonia,2006,23,Delantero,3,0,0,0,0,0.00,0,0,1,0,2,21
Pawel Janas,Polonia,1982,5,Defensor,7,7,0,0,0,0.00,0,0,3,3,1,3
Pawel Kryszalowicz,Polonia,2002,9,Delantero,3,2,0,0,1,0.33,0,0,1,0,2,25
Pawel Sibik,Polonia,2002,23,Mediocampista,1,0,0,2,0,0.00,0,0,1,0,0,25
Payam Niazmand,Irán,2022,12,Arquero,0,0,0,3,0,0.00,0,0,0,0,0,26
Pedri,España,2022,26,Mediocampista,4,4,0,0,0,0.00,0,0,1,2,1,13
Pedrinho,Brasil,1982,17,Defensor,0,0,0,5,0,0.00,0,0,0,0,0,5
Pedro,España,2010,18,Delantero,5,2,0,2,0,0.00,0,0,4,0,1,1
Pedro,España,2014,11,Delantero,2,1,0,1,0,0.00,0,0,0,0,2,23
Pedro Aquino,Perú,2018,23,Mediocampista,3,1,0,0,0,0.00,1,0,1,0,2,20
Pedro Araya,Chile,1966,1,Delantero,3,3,0,0,0,0.00,0,0,0,1,2,13
Pedro Barbosa,Portugal,2002,14,Mediocampista,0,0,0,3,0,0.00,0,0,0,0,0,21
Pedro Benitez,Paraguay,1930,-,Arquero,1,1,0,1,0,0.00,0,0,1,0,0,9
Pedro Berges,Cuba,1938,-,Mediocampista,3,3,0,0,0,0.00,0,0,1,1,1,7
Pedro Cea,Uruguay,1930,-,Delantero,4,4,0,0,5,1.25,0,0,4,0,0,1
Pedro Contreras,España,2002,23,Arquero,0,0,0,5,0,0.00,0,0,0,0,0,5
Pedro Cubilla,Uruguay,1962,6,Mediocampista,0,0,0,3,0,0.00,0,0,0,0,0,13
Pedro Dellacha,Argentina,1958,2,Mediocampista,3,3,3,0,0,0.00,0,0,1,0,2,13
Pedro Ferrer,Cuba,1938,-,Delantero,1,1,0,2,0,0.00,0,0,0,0,1,7
Pedro Gallese,Perú,2018,1,Arquero,3,3,0,0,0,0.00,0,0,1,0,2,20
Pedro Geromel,Brasil,2018,4,Defensor,0,0,0,5,0,0.00,0,0,0,0,0,6
Pedro Gonzales,Perú,1970,13,Defensor,2,2,0,2,0,0.00,0,0,1,0,1,7
Pedro,Brasil,2022,25,Delantero,2,0,0,3,0,0.00,0,0,0,1,1,7
Pedro Leon,Perú,1970,9,Delantero,4,4,0,0,0,0.00,0,0,2,0,2,7
Pedro Mendes,Portugal,2010,8,Mediocampista,4,2,0,0,0,0.00,1,0,1,2,1,11
Pedro Miguel,Catar,2022,2,Defensor,3,3,0,0,0,0.00,0,0,0,0,3,32
Pedro Monzon,Argentina,1990,15,Defensor,4,3,0,3,1,0.25,2,1,2,1,1,2
Pedro Najera,México,1954,16,Mediocampista,0,0,0,2,0,0.00,0,0,0,0,0,13
Pedro Najera,México,1962,6,Mediocampista,3,3,0,0,0,0.00,0,0,1,0,2,11
Pedro Pasculli,Argentina,1986,17,Delantero,2,2,0,5,1,0.50,0,0,2,0,0,1
Pedro Petrone,Uruguay,1930,-,Delantero,1,1,0,3,0,0.00,0,0,1,0,0,1
Pedro Reyes,Chile,1998,6,Defensor,4,4,0,0,0,0.00,0,0,0,3,1,16
Pedro Rocha,Uruguay,1962,10,Mediocampista,2,2,0,1,0,0.00,0,0,1,0,1,13
Pedro Rocha,Uruguay,1966,10,Delantero,4,4,0,0,1,0.25,0,0,1,2,1,7
Pedro Rocha,Uruguay,1970,8,Mediocampista,1,1,1,5,0,0.00,0,0,1,0,0,4
Pedro Rocha,Uruguay,1974,10,Mediocampista,3,3,0,0,0,0.00,0,0,0,1,2,13
Pedro Romero,México,1962,14,Defensor,0,0,0,3,0,0.00,0,0,0,0,0,11
Pedro Sarabia,Paraguay,1998,11,Defensor,4,4,0,0,0,0.00,0,0,1,2,1,14
Pedro Sarabia,Paraguay,2002,3,Defensor,0,0,0,4,0,0.00,0,0,0,0,0,16
Pedro Soto,México,1978,22,Arquero,2,1,0,1,0,0.00,0,0,0,0,2,16
Pedro Suarez,Argentina,1930,-,Mediocampista,2,2,0,3,0,0.00,0,0,1,0,1,2
Pedro Troglio,Argentina,1990,21,Mediocampista,6,4,0,1,1,0.17,2,0,2,3,1,2
Pedro Uralde,España,1982,18,Delantero,1,0,0,4,0,0.00,0,0,0,1,0,12
Pedrosa,Brasil,1934,-,Arquero,1,1,0,0,0,0.00,0,0,0,0,1,14
Pejman Montazeri,Irán,2014,15,Defensor,3,3,0,0,0,0.00,0,0,0,1,2,28
Pejman Montazeri,Irán,2018,15,Defensor,0,0,0,3,0,0.00,0,0,0,0,0,18
Pelé,Brasil,1958,10,Delantero,4,4,0,2,6,1.50,0,0,4,0,0,1
Pelé,Brasil,1962,10,Delantero,2,2,0,4,1,0.50,0,0,1,1,0,1
Pelé,Brasil,1966,10,Delantero,2,2,0,1,1,0.50,0,0,1,0,1,11
Pelé,Brasil,1970,10,Delantero,6,6,0,0,4,0.67,0,0,6,0,0,1
Pep Guardiola,España,1994,9,Mediocampista,2,2,0,3,1,0.50,0,0,1,1,0,8
Pepe,Portugal,2010,15,Mediocampista,2,2,0,2,0,0.00,1,0,0,1,1,11
Pepe,Portugal,2014,3,Mediocampista,2,2,0,1,0,0.00,0,1,1,0,1,18
Pepe,Portugal,2018,3,Defensor,4,4,0,0,1,0.25,0,0,1,2,1,13
Pepe,Portugal,2022,3,Defensor,4,4,2,1,1,0.25,0,0,2,0,2,8
Pepe,Brasil,1958,22,Delantero,0,0,0,6,0,0.00,0,0,0,0,0,1
Pepe,Brasil,1962,11,Delantero,0,0,0,6,0,0.00,0,0,0,0,0,1
Pepe Reina,España,2006,23,Arquero,0,0,0,4,0,0.00,0,0,0,0,0,9
Pepe Reina,España,2010,23,Arquero,0,0,0,7,0,0.00,0,0,0,0,0,1
Pepe Reina,España,2014,23,Arquero,1,1,0,2,0,0.00,0,0,1,0,0,23
Pepe Reina,España,2018,23,Arquero,0,0,0,4,0,0.00,0,0,0,0,0,10
Pepi Hammerl,Austria,1958,14,Delantero,0,0,0,3,0,0.00,0,0,0,0,0,15
Per Frandsen,Dinamarca,1998,8,Mediocampista,2,0,0,3,0,0.00,0,0,2,0,0,8
Per Frimann,Dinamarca,1986,13,Mediocampista,0,0,0,4,0,0.00,0,0,0,0,0,9
Per Kroldrup,Dinamarca,2010,13,Defensor,1,1,0,2,0,0.00,1,0,0,0,1,24
Per Mertesacker,Alemania,2006,17,Defensor,6,6,0,1,0,0.00,0,0,4,1,1,3
Per Mertesacker,Alemania,2010,17,Defensor,7,7,0,0,0,0.00,0,0,5,0,2,3
Per Mertesacker,Alemania,2014,17,Defensor,6,4,0,1,0,0.00,0,0,5,1,0,1
Peracio,Brasil,1938,-,Delantero,4,4,0,1,3,0.75,0,0,2,1,1,3
Percy Rojas,Perú,1978,9,Mediocampista,3,0,0,3,0,0.00,0,0,1,0,2,8
Percy Rojas,Perú,1982,20,Mediocampista,0,0,0,3,0,0.00,0,0,0,0,0,20
Peres,Portugal,1966,6,Mediocampista,0,0,0,6,0,0.00,0,0,0,0,0,3
Perica Ognjenovic,RF de Yugoslavia,1998,21,Delantero,3,0,0,1,0,0.00,1,0,2,1,0,10
Pervis Estupiñán,Ecuador,2022,7,Defensor,3,3,0,0,0,0.00,0,0,1,1,1,18
Petar Aleksandrov,Bulgaria,1994,18,Delantero,0,0,0,7,0,0.00,0,0,0,0,0,4
Petar Houbchev,Bulgaria,1994,5,Defensor,7,7,0,0,0,0.00,1,0,3,1,3,4
Petar Krpan,Croacia,1998,2,Delantero,1,0,0,6,0,0.00,0,0,1,0,0,3
Petar Mikhtarski,Bulgaria,1994,17,Delantero,1,0,0,6,0,0.00,0,0,0,1,0,4
Petar Petrov,Bulgaria,1986,4,Defensor,3,3,0,1,0,0.00,0,0,0,1,2,15
Petar Radakovic,Yugoslavia,1962,4,Mediocampista,5,5,0,1,1,0.20,0,0,3,0,2,4
Petar Velichkov,Bulgaria,1962,13,Delantero,3,3,0,0,0,0.00,0,0,0,1,2,15
Petar Zhekov,Bulgaria,1966,10,Delantero,1,1,0,2,0,0.00,0,0,0,0,1,15
Petar Zhekov,Bulgaria,1970,9,Delantero,1,1,0,2,0,0.00,0,0,0,0,1,13
Peter Artner,Austria,1990,8,Defensor,2,2,0,1,0,0.00,0,1,1,0,1,18
Peter Beardsley,Inglaterra,1986,20,Delantero,4,3,0,1,1,0.25,0,0,2,0,2,8
Peter Beardsley,Inglaterra,1990,9,Delantero,5,3,0,2,0,0.00,1,0,2,2,1,4
Peter Bonetti,Inglaterra,1966,13,Arquero,0,0,0,6,0,0.00,0,0,0,0,0,1
Peter Bonetti,Inglaterra,1970,12,Arquero,1,1,0,3,0,0.00,0,0,0,0,1,8
Peter Brabrook,Inglaterra,1958,17,Delantero,1,1,0,3,0,0.00,0,0,0,0,1,11
Peter Broadbent,Inglaterra,1958,18,Delantero,1,1,0,3,0,0.00,0,0,0,0,1,11
Peter Cargill,Jamaica,1998,7,Mediocampista,2,1,0,1,0,0.00,1,0,0,0,2,22
Peter Cormack,Escocia,1974,15,Mediocampista,0,0,0,3,0,0.00,0,0,0,0,0,9
Peter Crouch,Inglaterra,2006,21,Delantero,4,2,0,1,1,0.25,1,0,2,2,0,7
Peter Crouch,Inglaterra,2010,9,Delantero,2,0,0,2,0,0.00,0,0,0,2,0,13
Peter Dietrich,Alemania Occidental,1970,19,Mediocampista,0,0,0,6,0,0.00,0,0,0,0,0,3
Peter Disztl,Hungría,1986,1,Arquero,2,2,0,1,0,0.00,0,0,0,0,2,18
Peter Ducke,Alemania Oriental,1974,9,Delantero,3,0,0,3,0,0.00,0,0,0,2,1,6
Peter Fieber,Checoslovaquia,1990,12,Defensor,0,0,0,5,0,0.00,0,0,0,0,0,6
Peter Hannich,Hungría,1986,15,Mediocampista,1,1,0,2,0,0.00,0,0,0,0,1,18
Peter Kjaer,Dinamarca,1998,22,Arquero,0,0,0,5,0,0.00,0,0,0,0,0,8
Peter Kjaer,Dinamarca,2002,16,Arquero,0,0,0,4,0,0.00,0,0,0,0,0,10
Peter Larsson,Suecia,1990,4,Defensor,3,3,0,0,0,0.00,0,0,0,0,3,21
Peter Lorimer,Escocia,1974,11,Delantero,3,3,0,0,1,0.33,0,0,1,2,0,9
Peter Lovenkrands,Dinamarca,2002,18,Delantero,1,0,0,3,0,0.00,0,0,0,1,0,10
Peter Madsen,Dinamarca,2002,21,Delantero,0,0,0,4,0,0.00,0,0,0,0,0,10
Peter Mcparland,Irlanda del Norte,1958,11,Delantero,5,5,0,0,5,1.00,0,0,2,1,2,7
Peter Moller,Dinamarca,1998,18,Delantero,2,2,0,3,1,0.50,0,0,1,0,1,8
Peter Odemwingie,Nigeria,2010,11,Delantero,2,1,0,1,0,0.00,0,0,0,0,2,27
Peter Odemwingie,Nigeria,2014,8,Delantero,4,3,0,0,1,0.25,0,0,1,1,2,16
Peter Ollerton,Australia,1974,13,Delantero,2,0,0,1,0,0.00,0,0,0,1,1,14
Peter Osgood,Inglaterra,1970,20,Delantero,2,0,0,2,0,0.00,0,0,2,0,0,8
Peter Palotas,Hungría,1954,19,Delantero,2,2,0,3,2,1.00,0,0,2,0,0,2
Peter Paluch,Checoslovaquia,1990,22,Arquero,0,0,0,5,0,0.00,0,0,0,0,0,6
Peter Pekarik,Eslovaquia,2010,2,Defensor,3,3,0,1,0,0.00,1,0,1,0,2,16
Peter Persidis,Austria,1978,16,Defensor,0,0,0,6,0,0.00,0,0,0,0,0,7
Peter Pietras,Estados Unidos,1934,-,Mediocampista,1,1,0,0,0,0.00,0,0,0,0,1,16
Peter Platzer,Austria,1934,-,Arquero,4,4,0,0,0,0.00,0,0,2,0,2,4
Peter Reid,Inglaterra,1986,16,Mediocampista,3,3,0,2,0,0.00,0,0,2,0,1,8
Peter Roesch,Suiza,1962,6,Defensor,0,0,0,3,0,0.00,0,0,0,0,0,16
Peter Rufai,Nigeria,1994,1,Arquero,4,4,3,0,0,0.00,0,0,2,0,2,9
Peter Rufai,Nigeria,1998,1,Arquero,4,4,0,0,0,0.00,0,0,2,0,2,12
Peter Schmeichel,Dinamarca,1998,1,Arquero,5,5,0,0,0,0.00,1,0,2,1,2,8
Peter Schoettel,Austria,1990,5,Defensor,2,2,0,1,0,0.00,0,0,0,0,2,18
Peter Schoettel,Austria,1998,3,Defensor,3,3,0,0,0,0.00,2,0,0,2,1,23
Peter Shilton,Inglaterra,1982,22,Arquero,5,5,0,0,0,0.00,0,0,3,2,0,6
Peter Shilton,Inglaterra,1986,1,Arquero,5,5,3,0,0,0.00,0,0,2,1,2,8
Peter Shilton,Inglaterra,1990,1,Arquero,7,7,2,0,0,0.00,0,0,3,3,1,4
Peter Sillett,Inglaterra,1958,14,Defensor,0,0,0,4,0,0.00,0,0,0,0,0,11
Peter Simonsen,Nueva Zelanda,1982,18,Mediocampista,0,0,0,3,0,0.00,0,0,0,0,0,23
Peter Stoeger,Austria,1998,18,Mediocampista,2,0,0,1,0,0.00,0,0,0,1,1,23
Peter Swan,Inglaterra,1962,5,Mediocampista,0,0,0,4,0,0.00,0,0,0,0,0,8
Peter Torok,Hungría,1978,2,Defensor,1,1,0,2,0,0.00,0,0,0,0,1,15
Peter Van Der Heyden,Bélgica,2002,12,Defensor,2,2,0,2,1,0.50,1,0,0,2,0,14
Peter Van Vossen,Paises Bajos,1994,19,Delantero,4,3,0,1,0,0.00,0,0,3,0,1,7
Peter Vermes,Estados Unidos,1990,10,Delantero,3,3,0,0,0,0.00,0,0,0,0,3,23
Peter Wilson,Australia,1974,3,Defensor,3,3,3,0,0,0.00,0,0,0,1,2,14
Peter Withe,Inglaterra,1982,20,Delantero,0,0,0,5,0,0.00,0,0,0,0,0,6
Petit,Portugal,2002,20,Mediocampista,3,3,0,0,0,0.00,1,0,1,0,2,21
Petit,Portugal,2006,8,Mediocampista,6,3,0,1,0,0.00,2,0,4,1,1,4
Petr Cech,República Checa,2006,1,Arquero,3,3,0,0,0,0.00,0,0,1,0,2,20
Petr Janecka,Checoslovaquia,1982,18,Delantero,3,3,0,0,0,0.00,0,0,0,2,1,19
Petter Hansson,Suecia,2006,13,Defensor,1,0,0,3,0,0.00,0,0,0,0,1,14
Phil Babb,Irlanda,1994,14,Defensor,4,4,0,0,0,0.00,0,0,1,1,2,16
Phil Foden,Inglaterra,2022,20,Mediocampista,4,3,0,1,1,0.25,0,0,3,0,1,6
Phil Jagielka,Inglaterra,2014,6,Defensor,2,2,0,1,0,0.00,0,0,0,0,2,26
Phil Jones,Inglaterra,2014,16,Defensor,1,1,0,2,0,0.00,0,0,0,1,0,26
Phil Jones,Inglaterra,2018,16,Defensor,2,2,0,5,0,0.00,0,0,0,0,2,4
Phil Masinga,Sudáfrica,1998,6,Delantero,2,1,0,1,0,0.00,0,0,0,1,1,24
Phil Slone,Estados Unidos,1930,-,Mediocampista,0,0,0,3,0,0.00,0,0,0,0,0,3
Phil Thompson,Inglaterra,1982,18,Defensor,5,5,0,0,0,0.00,0,0,3,2,0,6
Philibert Smellinckx,Bélgica,1934,-,Defensor,1,1,0,0,0,0.00,0,0,0,0,1,15
Philibert Smellinckx,Bélgica,1938,-,Defensor,0,0,0,1,0,0.00,0,0,0,0,0,13
Philip Hughes,Irlanda del Norte,1986,13,Arquero,0,0,0,3,0,0.00,0,0,0,0,0,21
Philip Neal,Inglaterra,1982,14,Defensor,2,1,0,3,0,0.00,0,0,2,0,0,6
Philipp Degen,Suiza,2006,23,Defensor,4,4,0,0,0,0.00,1,0,2,2,0,10
Philipp Köhn,Suiza,2022,24,Arquero,0,0,0,4,0,0.00,0,0,0,0,0,12
Philipp Lahm,Alemania,2006,16,Defensor,7,7,0,0,1,0.14,0,0,5,1,1,3
Philipp Lahm,Alemania,2010,16,Defensor,6,6,6,1,0,0.00,1,0,4,0,2,3
Philipp Lahm,Alemania,2014,16,Mediocampista,7,7,7,0,0,0.00,1,0,6,1,0,1
Philippe Albert,Bélgica,1990,3,Defensor,1,1,0,3,0,0.00,0,0,0,0,1,11
Philippe Albert,Bélgica,1994,4,Defensor,3,3,0,1,2,0.67,1,0,1,0,2,11
Philippe Bergeroo,Francia,1986,21,Arquero,0,0,0,7,0,0.00,0,0,0,0,0,3
Philippe Christanval,Francia,2002,5,Defensor,0,0,0,3,0,0.00,0,0,0,0,0,28
Philippe Clement,Bélgica,1998,15,Defensor,2,2,0,1,0,0.00,0,0,0,2,0,19
Philippe Coutinho,Brasil,2018,11,Mediocampista,5,5,0,0,2,0.40,1,0,3,1,1,6
Philippe Desmet,Bélgica,1986,10,Delantero,3,2,0,4,0,0.00,0,0,1,0,2,4
Philippe Gondet,Francia,1966,13,Delantero,3,3,0,0,0,0.00,0,0,0,1,2,13
Philippe Mahut,Francia,1982,7,Defensor,1,1,0,6,0,0.00,0,0,0,0,1,4
Philippe Pottier,Suiza,1962,18,Delantero,1,1,0,2,0,0.00,0,0,0,0,1,16
Philippe Senderos,Suiza,2006,4,Defensor,3,3,0,1,1,0.33,1,0,2,1,0,10
Philippe Senderos,Suiza,2010,4,Defensor,1,1,0,2,0,0.00,0,0,1,0,0,19
Philippe Senderos,Suiza,2014,4,Defensor,1,0,0,3,0,0.00,0,0,0,0,1,11
Philippe Vande Walle,Bélgica,1998,12,Arquero,1,1,0,2,0,0.00,0,0,0,1,0,19
Philippe Vercruysse,Francia,1986,15,Mediocampista,3,1,0,4,0,0.00,0,0,1,1,1,3
Philippe Vorbe,Haití,1974,7,Mediocampista,3,3,0,0,0,0.00,0,0,0,0,3,15
Phillip Cocu,Paises Bajos,1998,11,Mediocampista,7,7,1,0,2,0.29,0,0,3,3,1,4
Phillip Cocu,Paises Bajos,2006,8,Mediocampista,4,4,0,0,0,0.00,0,0,2,1,1,11
Pierino Prati,Italia,1970,22,Delantero,0,0,0,6,0,0.00,0,0,0,0,0,2
Pierluigi Casiraghi,Italia,1994,18,Delantero,3,3,0,4,0,0.00,1,0,2,1,0,2
Pierluigi Cera,Italia,1970,5,Defensor,6,6,0,0,0,0.00,0,0,3,2,1,2
Pierluigi Pizzaballa,Italia,1966,18,Arquero,0,0,0,3,0,0.00,0,0,0,0,0,9
Piero Hincapié,Ecuador,2022,3,Defensor,3,3,0,0,0,0.00,0,0,1,1,1,18
Piero Pasinati,Italia,1938,-,Delantero,1,1,0,3,0,0.00,0,0,1,0,0,1
Pierre Bayonne,Haití,1974,6,Defensor,3,3,0,0,0,0.00,2,0,0,0,3,15
Pierre Braine,Bélgica,1930,-,Mediocampista,2,2,2,0,0,0.00,0,0,0,0,2,11
Pierre Carteus,Bélgica,1970,19,Delantero,0,0,0,3,0,0.00,0,0,0,0,0,10
Pierre Dalem,Bélgica,1938,-,Mediocampista,0,0,0,1,0,0.00,0,0,0,0,0,13
Pierre-Emile Hojbjerg,Dinamarca,2022,23,Mediocampista,3,3,0,0,0,0.00,0,0,0,1,2,28
Pierre Issa,Sudáfrica,1998,21,Defensor,3,3,0,0,0,0.00,1,0,0,2,1,24
Pierre Issa,Sudáfrica,2002,13,Defensor,1,1,0,2,0,0.00,1,0,0,1,0,17
Pierre Korb,Francia,1934,-,Delantero,0,0,0,1,0,0.00,0,0,0,0,0,9
Pierre Kunde,Camerún,2022,15,Mediocampista,2,2,0,1,0,0.00,1,0,1,1,0,19
Pierre Littbarski,Alemania Occidental,1982,7,Mediocampista,7,6,0,0,2,0.29,1,0,3,2,2,2
Pierre Littbarski,Alemania Occidental,1986,7,Mediocampista,5,1,0,2,0,0.00,0,0,2,2,1,2
Pierre Littbarski,Alemania Occidental,1990,7,Mediocampista,6,3,0,1,1,0.17,0,0,5,1,0,1
Pierre Njanka,Camerún,1998,6,Defensor,3,3,0,0,1,0.33,1,0,0,2,1,25
Pierre Njanka,Camerún,2002,6,Defensor,1,0,0,2,0,0.00,0,0,1,0,0,20
Pierre Van Hooijdonk,Paises Bajos,1998,17,Delantero,3,0,0,4,1,0.33,1,0,1,1,1,4
Pierre Webo,Camerún,2010,15,Delantero,2,2,0,1,0,0.00,0,0,0,0,2,31
Pierre Webo,Camerún,2014,15,Delantero,3,0,0,0,0,0.00,0,0,0,0,3,32
Pierre Wome,Camerún,1998,3,Defensor,3,3,0,0,0,0.00,1,0,0,2,1,25
Pierre Wome,Camerún,2002,3,Defensor,3,3,0,0,0,0.00,1,0,1,1,1,20
Piet De Boer,Paises Bajos,1938,-,Delantero,0,0,0,1,0,0.00,0,0,0,0,0,14
Piet Keizer,Paises Bajos,1974,9,Delantero,1,1,0,6,0,0.00,0,0,0,1,0,2
Piet Punt,Paises Bajos,1938,-,Delantero,0,0,0,1,0,0.00,0,0,0,0,0,14
Piet Schrijvers,Paises Bajos,1974,18,Arquero,0,0,0,7,0,0.00,0,0,0,0,0,2
Piet Schrijvers,Paises Bajos,1978,1,Arquero,3,3,0,4,0,0.00,0,0,2,1,0,2
Pieter Van Den Bosch,Bélgica,1954,16,Delantero,2,2,0,0,0,0.00,0,0,0,1,1,12
Pieter Wildschut,Paises Bajos,1978,7,Defensor,3,2,0,4,0,0.00,0,0,1,1,1,2
Pietro Anastasi,Italia,1974,19,Delantero,3,2,0,0,1,0.33,0,0,1,1,1,10
Pietro Arcari,Italia,1934,-,Delantero,0,0,0,5,0,0.00,0,0,0,0,0,1
Pietro Ferraris,Italia,1938,-,Delantero,1,1,0,3,1,1.00,0,0,1,0,0,1
Pietro Rava,Italia,1938,-,Defensor,4,4,0,0,0,0.00,0,0,4,0,0,1
Pietro Serantoni,Italia,1938,-,Mediocampista,4,4,0,0,0,0.00,0,0,4,0,0,1
Pietro Vierchowod,Italia,1982,8,Defensor,0,0,0,7,0,0.00,0,0,0,0,0,1
Pietro Vierchowod,Italia,1986,8,Defensor,4,4,0,0,0,0.00,1,0,1,2,1,12
Pietro Vierchowod,Italia,1990,8,Defensor,3,1,0,4,0,0.00,0,0,3,0,0,3
Pim Doesburg,Paises Bajos,1978,19,Arquero,0,0,0,7,0,0.00,0,0,0,0,0,2
Pinga,Brasil,1954,10,Delantero,2,2,0,1,2,1.00,0,0,1,1,0,6
Pinheiro,Brasil,1954,5,Mediocampista,3,3,0,0,0,0.00,0,0,1,1,1,6
Pione Sisto,Dinamarca,2018,23,Delantero,4,3,0,0,0,0.00,1,0,1,3,0,11
Piotr Giza,Polonia,2006,20,Mediocampista,0,0,0,3,0,0.00,0,0,0,0,0,21
Piotr Mowlik,Polonia,1982,22,Arquero,0,0,0,7,0,0.00,0,0,0,0,0,3
Piotr Skrobowski,Polonia,1982,6,Defensor,0,0,0,7,0,0.00,0,0,0,0,0,3
Piotr Swierczewski,Polonia,2002,7,Mediocampista,2,2,0,1,0,0.00,2,0,0,0,2,25
Piotr Trochowski,Alemania,2010,15,Mediocampista,4,1,0,3,0,0.00,0,0,3,0,1,3
Piotr Zieliński,Polonia,2018,19,Mediocampista,3,3,0,0,0,0.00,0,0,1,0,2,25
Piotr Zieliński,Polonia,2022,20,Mediocampista,4,4,0,0,1,0.25,0,0,1,1,2,15
Pirmin Schwegler,Suiza,2010,20,Mediocampista,0,0,0,3,0,0.00,0,0,0,0,0,19
Pirri,España,1966,18,Mediocampista,2,2,0,1,1,0.50,0,0,1,0,1,10
Pirri,España,1978,18,Defensor,2,1,1,1,0,0.00,0,0,1,0,1,10
Piru Gainza,España,1950,-,Delantero,5,5,4,1,0,0.00,0,0,3,1,1,4
Pius Ikedia,Nigeria,2002,7,Delantero,3,0,0,0,0,0.00,0,0,0,1,2,27
Pius Ndiefi,Camerún,2002,11,Delantero,1,0,0,2,0,0.00,0,0,1,0,0,20
Pizzi,España,1998,9,Delantero,1,1,0,2,0,0.00,0,0,0,1,0,17
Placido Galindo,Perú,1930,-,Mediocampista,2,2,1,0,0,0.00,0,0,0,0,2,10
Plamen Getov,Bulgaria,1986,11,Mediocampista,4,4,0,0,1,0.25,0,0,0,2,2,15
Plamen Markov,Bulgaria,1986,14,Mediocampista,1,1,0,3,0,0.00,0,0,0,0,1,15
Plamen Nikolov,Bulgaria,1994,12,Arquero,1,0,0,6,0,0.00,0,0,0,0,1,4
Pleun Strik,Paises Bajos,1974,19,Mediocampista,0,0,0,7,0,0.00,0,0,0,0,0,2
Polozzi,Brasil,1978,15,Defensor,0,0,0,7,0,0.00,0,0,0,0,0,3
Poly,Brasil,1930,-,Delantero,1,1,0,1,0,0.00,0,0,0,0,1,6
Poly Van Den Bosch,Bélgica,1954,15,Delantero,1,1,0,1,0,0.00,0,0,0,0,1,12
Pontus Farnerud,Suecia,2002,19,Mediocampista,0,0,0,4,0,0.00,0,0,0,0,0,13
Pontus Jansson,Suecia,2018,18,Defensor,2,1,0,3,0,0.00,0,0,1,0,1,7
Pontus Kamark,Suecia,1994,14,Defensor,4,2,0,3,0,0.00,0,0,2,2,0,3
Poong Jo Kim,Corea del Sur,1990,1,Arquero,0,0,0,3,0,0.00,0,0,0,0,0,22
Porfirio Betancourt,Honduras,1982,9,Delantero,3,3,0,0,0,0.00,0,0,0,2,1,18
Prawitz Oberg,Suecia,1958,13,Defensor,0,0,0,6,0,0.00,0,0,0,0,0,2
Preben Elkjaer Larsen,Dinamarca,1986,10,Delantero,4,4,0,0,4,1.00,0,0,3,0,1,9
Predrag Djajic,Yugoslavia,1950,-,Mediocampista,3,3,0,0,0,0.00,0,0,2,0,1,5
Predrag Djordjevic,Serbia y Montenegro,2006,11,Mediocampista,3,3,0,0,0,0.00,0,0,0,0,3,32
Predrag Mijatovic,RF de Yugoslavia,1998,9,Delantero,4,4,0,0,1,0.25,0,0,2,1,1,10
Predrag Pasic,Yugoslavia,1982,21,Delantero,0,0,0,3,0,0.00,0,0,0,0,0,16
Predrag Rajković,Serbia,2018,12,Arquero,0,0,0,3,0,0.00,0,0,0,0,0,23
Predrag Rajković,Serbia,2022,12,Arquero,0,0,0,3,0,0.00,1,0,0,0,0,29
Predrag Spasic,Yugoslavia,1990,3,Defensor,5,5,0,0,0,0.00,0,0,3,1,1,5
Preguinho,Brasil,1930,-,Delantero,2,2,2,0,3,1.50,0,0,1,0,1,6
Preki Radosavljevic,Estados Unidos,1998,14,Mediocampista,2,0,0,1,0,0.00,0,0,0,0,2,32
Premysl Bicovsky,Checoslovaquia,1982,12,Mediocampista,2,1,0,1,0,0.00,0,0,0,2,0,19
Presnel Kimpembe,Francia,2018,3,Defensor,1,1,0,6,0,0.00,0,0,0,1,0,1
Prince Tagoe,Ghana,2010,12,Delantero,3,3,0,2,0,0.00,1,0,1,1,1,7
Prudencio Norales,Honduras,1982,13,Delantero,2,2,0,1,0,0.00,0,0,0,2,0,18
Prvoslav Mihajlovic,Yugoslavia,1950,-,Delantero,1,1,0,2,0,0.00,0,0,1,0,0,5
Przemyslaw Frankowski,Polonia,2022,24,Mediocampista,4,3,0,0,0,0.00,1,0,1,1,2,15
Pu Yang,China,2002,3,Defensor,2,1,0,1,0,0.00,1,0,0,0,2,31
Puck Van Heel,Paises Bajos,1934,-,Mediocampista,1,1,1,0,0,0.00,0,0,0,0,1,9
Puck Van Heel,Paises Bajos,1938,-,Mediocampista,1,1,1,0,0,0.00,0,0,0,0,1,14
Pyung Seok Kim,Corea del Sur,1986,12,Defensor,1,1,0,2,0,0.00,0,0,0,0,1,20
Qassim Bassim,Iraq,1986,19,Mediocampista,2,1,0,1,0,0.00,0,0,0,0,2,23
Qi An,China,2002,1,Arquero,0,0,0,3,0,0.00,0,0,0,0,0,31
Quim,Portugal,2006,12,Arquero,0,0,0,7,0,0.00,0,0,0,0,0,4
Quincoces I,España,1934,-,Defensor,3,3,1,0,0,0.00,0,0,1,1,1,5
Quincy Owusu-Abeyie,Ghana,2010,20,Delantero,2,0,0,3,0,0.00,0,0,1,1,0,7
Quini,España,1978,9,Delantero,1,0,0,2,0,0.00,0,0,0,0,1,10
Quini,España,1982,20,Delantero,3,1,0,2,0,0.00,0,0,1,0,2,12
Quinton Fortune,Sudáfrica,1998,7,Mediocampista,3,3,0,0,0,0.00,1,0,0,2,1,24
Quinton Fortune,Sudáfrica,2002,7,Mediocampista,3,3,0,0,1,0.33,0,0,1,1,1,17
Quique,España,1990,8,Defensor,0,0,0,4,0,0.00,0,0,0,0,0,10
Quique Setien,España,1986,12,Delantero,0,0,0,5,0,0.00,0,0,0,0,0,7
Quiterio Olmedo,Paraguay,1930,-,Defensor,2,2,0,0,0,0.00,0,0,1,0,1,9
R. Telwe,Indias Orientales Holand.,1938,-,Delantero,0,0,0,1,0,0.00,0,0,0,0,0,15
Rabah Madjer,Argelia,1982,11,Delantero,3,3,0,0,1,0.33,1,0,2,0,1,13
Rabah Madjer,Argelia,1986,11,Delantero,3,3,0,0,0,0.00,1,0,0,1,2,22
Rabie Yassin,Egipto,1990,3,Defensor,3,3,1,0,0,0.00,0,0,0,2,1,20
Rabiu Afolabi,Nigeria,2002,13,Defensor,0,0,0,3,0,0.00,0,0,0,0,0,27
Rabiu Afolabi,Nigeria,2010,5,Defensor,2,1,0,1,0,0.00,0,0,0,1,1,27
Rachid Azzouzi,Marruecos,1994,8,Mediocampista,3,3,0,0,0,0.00,1,0,0,0,3,23
Rachid Azzouzi,Marruecos,1998,16,Mediocampista,2,0,0,1,0,0.00,0,0,1,1,0,18
Rachid Daoudi,Marruecos,1994,11,Mediocampista,3,2,0,0,0,0.00,1,0,0,0,3,23
Rachid Harkouk,Argelia,1986,13,Delantero,2,1,0,1,0,0.00,0,0,0,1,1,22
Rachid Neqrouz,Marruecos,1994,18,Defensor,1,1,0,2,0,0.00,0,0,0,0,1,23
Rachid Neqrouz,Marruecos,1998,13,Defensor,0,0,0,3,0,0.00,0,0,0,0,0,18
Rachid Rokki,Marruecos,1998,21,Delantero,0,0,0,3,0,0.00,0,0,0,0,0,18
Radamel Falcao,Colombia,2018,9,Delantero,4,4,4,0,1,0.25,1,0,2,1,1,9
Radhi Jaidi,Túnez,2002,15,Defensor,3,3,0,0,0,0.00,0,0,0,1,2,29
Radhi Jaidi,Túnez,2006,15,Defensor,3,3,0,0,1,0.33,2,0,0,1,2,24
Radhouane Salhi,Túnez,1998,16,Arquero,0,0,0,3,0,0.00,0,0,0,0,0,26
Radivoje Ognjanovic,Yugoslavia,1958,19,Delantero,2,2,0,2,1,0.50,0,0,0,1,1,8
Radosav Petrovic,Serbia,2010,19,Mediocampista,1,0,0,2,0,0.00,0,0,1,0,0,23
Radoslav Kovac,República Checa,2006,5,Mediocampista,1,1,0,2,0,0.00,0,0,0,0,1,20
Radoslav Zabavnik,Eslovaquia,2010,5,Defensor,3,3,0,1,0,0.00,0,0,1,1,1,16
Radoslav Zdravkov,Bulgaria,1986,12,Defensor,4,3,0,0,0,0.00,0,0,0,2,2,15
Radoslaw Kaluzny,Polonia,2002,10,Mediocampista,2,2,0,1,0,0.00,0,0,0,0,2,25
Radoslaw Majdan,Polonia,2002,12,Arquero,1,1,0,2,0,0.00,1,0,1,0,0,25
Radoslaw Sobolewski,Polonia,2006,7,Mediocampista,2,2,0,1,0,0.00,0,1,0,0,2,21
Radostin Kishishev,Bulgaria,1998,2,Defensor,3,3,0,0,0,0.00,1,0,0,1,2,29
Radu Niculescu,Rumania,1998,14,Mediocampista,2,0,0,2,0,0.00,0,0,1,0,1,11
Radu Nunweiller,Rumania,1970,10,Mediocampista,3,3,0,0,0,0.00,1,0,1,0,2,10
Rafa,Portugal,2014,15,Mediocampista,0,0,0,3,0,0.00,0,0,0,0,0,18
Rafa Paz,España,1990,18,Mediocampista,2,0,0,2,0,0.00,0,0,0,1,1,10
Rafael Albrecht,Argentina,1962,17,Defensor,0,0,0,3,0,0.00,0,0,0,0,0,10
Rafael Albrecht,Argentina,1966,12,Mediocampista,3,3,0,1,0,0.00,0,1,1,1,1,5
Rafael Alkorta,España,1990,12,Defensor,1,0,0,3,0,0.00,0,0,1,0,0,10
Rafael Alkorta,España,1994,18,Defensor,4,4,0,1,0,0.00,0,0,1,2,1,8
Rafael Alkorta,España,1998,4,Defensor,3,3,0,0,0,0.00,0,0,1,1,1,17
Rafael Amador,México,1986,18,Defensor,3,3,0,2,0,0.00,0,0,2,1,0,6
Rafael Avalos,México,1954,6,Mediocampista,2,2,0,0,0,0.00,0,0,0,0,2,13
Rafael Garcia,México,2002,3,Mediocampista,1,0,0,3,0,0.00,0,0,0,1,0,11
Rafael Garcia,México,2006,20,Mediocampista,0,0,0,4,0,0.00,0,0,0,0,0,15
Rafael Gonzalez,Chile,1974,13,Defensor,0,0,0,3,0,0.00,0,0,0,0,0,11
Rafael Gordillo,España,1982,3,Defensor,5,5,0,0,0,0.00,1,0,1,2,2,12
Rafael Gordillo,España,1986,6,Mediocampista,1,1,0,4,0,0.00,0,0,1,0,0,7
Rafael Garza Gutierrez,México,1930,-,Defensor,3,3,3,0,0,0.00,0,0,0,0,3,13
Rafael Leão,Portugal,2022,15,Delantero,5,0,0,0,2,0.40,0,0,3,0,2,8
Rafael Marquez,México,2002,4,Mediocampista,4,4,4,0,0,0.00,0,1,2,1,1,11
Rafael Marquez,México,2006,4,Defensor,4,4,4,0,1,0.25,2,0,1,1,2,15
Rafael Marquez,México,2010,4,Defensor,4,4,2,0,1,0.25,1,0,1,1,2,14
Rafael Marquez,México,2014,4,Defensor,4,4,4,0,1,0.25,2,0,2,1,1,10
Rafael Marquez,México,2018,4,Defensor,3,1,1,1,0,0.00,0,0,2,0,1,12
Rafael Mendez,Bolivia,1930,-,Delantero,2,2,2,0,0,0.00,0,0,0,0,2,12
Rafael Salguero,Perú,1982,3,Defensor,3,3,0,0,0,0.00,0,0,0,2,1,20
Rafael Souto,Uruguay,1954,18,Delantero,1,1,0,4,0,0.00,0,0,0,0,1,4
Rafael Van Der Vaart,Paises Bajos,2006,10,Mediocampista,3,1,0,1,0,0.00,1,0,1,1,1,11
Rafael Van Der Vaart,Paises Bajos,2010,23,Mediocampista,5,3,0,2,0,0.00,1,0,4,0,1,2
Rafał Kurzawa,Polonia,2018,21,Mediocampista,1,1,0,2,0,0.00,0,0,1,0,0,25
Rafik Djebbour,Argelia,2010,11,Delantero,2,2,0,1,0,0.00,0,0,0,0,2,28
Rafik Halliche,Argelia,2010,5,Defensor,3,3,0,0,0,0.00,0,0,0,1,2,28
Rafik Halliche,Argelia,2014,5,Defensor,4,4,2,0,1,0.25,1,0,1,1,2,14
Rafik Saifi,Argelia,2010,10,Delantero,2,0,0,1,0,0.00,0,0,0,0,2,28
Ragnar Gustavsson,Suecia,1934,-,Delantero,2,2,0,0,0,0.00,0,0,1,0,1,8
Ragnar Sigurdsson,Islandia,2018,6,Defensor,3,3,0,0,0,0.00,0,0,0,1,2,28
Rahamim Talbi,Israel,1970,15,Delantero,1,1,0,2,0,0.00,0,0,0,0,1,12
Raheem Sterling,Inglaterra,2014,19,Delantero,3,2,0,0,0,0.00,1,0,0,1,2,26
Raheem Sterling,Inglaterra,2018,10,Delantero,6,6,0,1,0,0.00,0,0,3,1,2,4
Raheem Sterling,Inglaterra,2022,10,Delantero,3,2,0,2,1,0.33,0,0,1,1,1,6
Rahman Ahmadi,Irán,2014,1,Arquero,0,0,0,3,0,0.00,0,0,0,0,0,28
Rahman Rezaei,Irán,2006,5,Defensor,3,3,0,0,0,0.00,0,0,0,1,2,26
Rai,Brasil,1994,10,Mediocampista,5,3,3,2,1,0.20,0,0,4,1,0,1
Raimond Aumann,Alemania Occidental,1990,12,Arquero,0,0,0,7,0,0.00,0,0,0,0,0,1
Raimundo Orsi,Italia,1934,-,Delantero,5,5,0,0,3,0.60,0,0,4,1,0,1
Raimundo Rodriguez,México,1930,-,Mediocampista,1,1,0,2,0,0.00,0,0,0,0,1,13
Rainer Bonhof,Alemania Occidental,1974,16,Mediocampista,4,4,0,3,1,0.25,0,0,4,0,0,1
Rainer Bonhof,Alemania Occidental,1978,6,Mediocampista,6,6,0,0,0,0.00,1,0,1,4,1,6
Rais M'Bolhi,Argelia,2010,23,Arquero,2,2,0,1,0,0.00,0,0,0,1,1,28
Rais M'Bolhi,Argelia,2014,23,Arquero,4,4,0,0,0,0.00,0,0,1,1,2,14
Rajko Mitic,Yugoslavia,1950,-,Delantero,3,3,1,0,1,0.33,0,0,2,0,1,5
Rajko Mitic,Yugoslavia,1954,8,Delantero,3,3,2,0,0,0.00,0,0,1,1,1,8
Rajko Tavcar,Eslovenia,2002,15,Mediocampista,1,1,0,2,0,0.00,0,0,0,0,1,30
Ralf Edstrom,Suecia,1974,10,Delantero,6,6,0,0,4,0.67,0,0,2,2,2,5
Ralf Edstrom,Suecia,1978,22,Delantero,3,1,0,0,0,0.00,0,0,0,1,2,13
Ralph Tracey,Estados Unidos,1930,-,Defensor,3,3,0,0,0,0.00,0,0,2,0,1,3
Ramadan Sobhi,Egipto,2018,14,Delantero,3,0,0,0,0,0.00,0,0,0,0,3,31
Ramaz Shengelia,URSS,1982,7,Delantero,5,5,0,0,1,0.20,0,0,2,2,1,7
Rami Bedoui,Túnez,2018,6,Defensor,1,1,0,2,0,0.00,0,0,1,0,0,24
Rami Shaaban,Suecia,2006,23,Arquero,1,1,0,3,0,0.00,0,0,0,1,0,14
Ramin Rezaeian,Irán,2018,23,Defensor,3,3,0,0,0,0.00,0,0,1,1,1,18
Ramin Rezaeian,Irán,2022,23,Defensor,2,2,0,1,1,0.50,1,0,1,0,1,26
Ramires,Brasil,2010,18,Mediocampista,4,1,0,1,0,0.00,2,0,3,1,0,6
Ramires,Brasil,2014,16,Mediocampista,6,2,0,1,0,0.00,1,0,2,2,2,4
Ramiro Castillo,Bolivia,1994,20,Mediocampista,1,0,0,2,0,0.00,0,0,0,0,1,21
Ramiro Navarro,México,1966,21,Delantero,0,0,0,3,0,0.00,0,0,0,0,0,12
Ramon Abeledo,Argentina,1962,21,Delantero,0,0,0,3,0,0.00,0,0,0,0,0,10
Ramon Astudillo,Argentina,1934,-,Defensor,0,0,0,1,0,0.00,0,0,0,0,0,9
Ramón Azeez,Nigeria,2014,15,Mediocampista,1,1,0,3,0,0.00,0,0,0,1,0,16
Ramon Diaz,Argentina,1982,6,Delantero,4,2,0,1,1,0.25,0,0,1,0,3,11
Ramon Fagoaga,El Salvador,1982,5,Defensor,2,1,0,1,0,0.00,1,0,0,0,2,24
Ramon Heredia,Argentina,1974,10,Defensor,6,6,0,0,1,0.17,1,0,1,2,3,8
Ramon Hicks,Paraguay,1986,20,Delantero,2,0,0,2,0,0.00,0,0,0,2,0,13
Ramon Maradiaga,Honduras,1982,6,Mediocampista,3,3,3,0,0,0.00,1,0,0,2,1,18
Ramon Maria Caldere,España,1986,18,Mediocampista,4,3,0,1,2,0.50,1,0,3,1,0,7
Ramon Mayeregger,Paraguay,1958,1,Arquero,1,1,0,2,0,0.00,0,0,0,0,1,12
Ramon Medina Bello,Argentina,1994,11,Delantero,2,0,0,2,0,0.00,0,0,0,0,2,10
Ramon Mifflin,Perú,1970,6,Mediocampista,4,4,0,0,0,0.00,0,0,2,0,2,7
Ramon Morales,México,2002,7,Mediocampista,4,4,0,0,0,0.00,0,0,2,1,1,11
Ramon Morales,México,2006,11,Delantero,2,1,0,2,0,0.00,0,0,0,1,1,15
Ramon Muttis,Argentina,1930,-,Defensor,1,1,0,4,0,0.00,0,0,1,0,0,2
Ramon Nunez,Honduras,2010,7,Mediocampista,3,2,0,0,0,0.00,0,0,0,1,2,30
Ramon Quiroga,Perú,1978,21,Arquero,6,6,0,0,0,0.00,1,0,2,1,3,8
Ramon Quiroga,Perú,1982,21,Arquero,3,3,0,0,0,0.00,0,0,0,2,1,20
Ramon Ramirez,México,1994,5,Defensor,2,2,0,2,0,0.00,1,0,0,1,1,13
Ramon Ramirez,México,1998,7,Mediocampista,3,3,0,1,0,0.00,1,1,1,2,0,13
Randal Kolo Muani,Francia,2022,12,Delantero,3,1,0,4,1,0.33,0,0,1,1,1,2
Randall Azofeifa,Costa Rica,2006,14,Mediocampista,1,0,0,2,0,0.00,0,0,0,0,1,31
Randall Azofeifa,Costa Rica,2018,14,Mediocampista,1,0,0,2,0,0.00,0,0,0,1,0,29
Randall Brenes,Costa Rica,2014,14,Delantero,3,1,0,2,0,0.00,0,0,1,2,0,8
Randy Ragan,Canadá,1986,4,Mediocampista,3,3,0,0,0,0.00,0,0,0,0,3,24
Randy Samuel,Canadá,1986,12,Defensor,3,3,0,0,0,0.00,0,0,0,0,3,24
Ranulfo Cortes,México,1954,22,Delantero,0,0,0,2,0,0.00,0,0,0,0,0,13
Raouf Ben Aziza,Túnez,1978,11,Delantero,2,1,0,1,0,0.00,0,0,1,1,0,9
Raouf Bouzaiene,Túnez,2002,12,Defensor,3,3,0,0,1,0.33,0,0,0,1,2,29
Raoul Diagne,Francia,1938,-,Defensor,2,2,0,0,0,0.00,0,0,1,0,1,8
Raoul Lambert,Bélgica,1970,18,Delantero,2,2,0,1,2,1.00,0,0,1,0,1,10
Raphaël Guerreiro,Portugal,2018,5,Defensor,4,4,0,0,0,0.00,1,0,1,2,1,13
Raphaël Guerreiro,Portugal,2022,5,Defensor,4,3,0,1,1,0.25,0,0,3,0,1,8
Raphael Varane,Francia,2014,4,Defensor,5,4,0,0,0,0.00,0,0,3,1,1,7
Raphael Varane,Francia,2018,4,Defensor,7,7,1,0,1,0.14,0,0,6,1,0,1
Raphael Varane,Francia,2022,4,Defensor,6,6,1,1,0,0.00,0,0,4,1,1,2
Raphael Wicky,Suiza,2006,8,Mediocampista,4,4,0,0,0,0.00,1,0,2,2,0,10
Raphinha,Brasil,2022,11,Delantero,5,4,0,0,0,0.00,0,0,3,1,1,7
Rasheed Yekini,Nigeria,1994,9,Delantero,4,4,0,0,1,0.25,0,0,2,0,2,9
Rasheed Yekini,Nigeria,1998,9,Delantero,4,1,0,0,0,0.00,0,0,2,0,2,12
Rashid Sumaila,Ghana,2014,15,Defensor,0,0,0,3,0,0.00,0,0,0,0,0,25
Rasmus Kristensen,Dinamarca,2022,13,Defensor,3,3,0,0,0,0.00,1,0,0,1,2,28
Rasoul Khatibi,Irán,2006,11,Delantero,2,0,0,1,0,0.00,0,0,0,1,1,26
Ratko Colic,Yugoslavia,1950,-,Defensor,0,0,0,3,0,0.00,0,0,0,0,0,5
Ratko Svilar,Yugoslavia,1982,22,Arquero,0,0,0,3,0,0.00,0,0,0,0,0,16
Raul,España,1998,10,Delantero,3,2,0,0,1,0.33,0,0,1,1,1,17
Raul,España,2002,7,Delantero,4,4,0,1,3,0.75,0,0,3,1,0,5
Raul,España,2006,7,Delantero,4,2,2,0,1,0.25,0,0,3,0,1,9
Raul Albiol,España,2010,2,Defensor,0,0,0,7,0,0.00,0,0,0,0,0,1
Raul Albiol,España,2014,2,Defensor,1,1,0,2,0,0.00,0,0,1,0,0,23
Raul Arellano,México,1954,11,Delantero,2,2,0,0,0,0.00,0,0,0,0,2,13
Raul Belen,Argentina,1962,11,Delantero,2,2,0,1,0,0.00,0,0,1,0,1,10
Raul Cardenas,México,1954,5,Mediocampista,2,2,0,0,0,0.00,0,0,0,0,2,13
Raul Cardenas,México,1958,17,Mediocampista,2,2,0,1,0,0.00,0,0,0,1,1,16
Raul Cardenas,México,1962,5,Mediocampista,3,3,0,0,0,0.00,0,0,1,0,2,11
Raul Cordoba,México,1950,-,Arquero,0,0,0,3,0,0.00,0,0,0,0,0,12
Raul Gorriti,Perú,1978,16,Mediocampista,1,0,0,5,0,0.00,0,0,0,0,1,8
Raul Guerron,Ecuador,2002,6,Defensor,3,3,0,0,0,0.00,1,0,1,0,2,24
Raul Gutierrez,México,1994,21,Defensor,2,1,0,2,0,0.00,0,0,1,0,1,13
Raul Isiordia,México,1978,21,Delantero,1,1,0,2,0,0.00,0,0,0,0,1,16
Raúl Jiménez,México,2014,9,Delantero,1,0,0,3,0,0.00,0,0,0,1,0,10
Raúl Jiménez,México,2018,9,Delantero,2,0,0,2,0,0.00,0,0,1,0,1,12
Raúl Jiménez,México,2022,9,Delantero,3,0,0,0,0,0.00,0,0,1,1,1,22
Raul Lara,México,1998,14,Mediocampista,3,2,0,1,0,0.00,0,0,1,1,1,13
Raul Magana,El Salvador,1970,1,Arquero,3,3,0,0,0,0.00,1,0,0,0,3,16
Raul Meireles,Portugal,2010,16,Mediocampista,4,4,0,0,1,0.25,0,0,1,2,1,11
Raul Meireles,Portugal,2014,16,Mediocampista,2,2,0,1,0,0.00,0,0,0,1,1,18
Raul Ormeno,Chile,1982,14,Mediocampista,0,0,0,3,0,0.00,0,0,0,0,0,22
Raul Paez,Argentina,1962,6,Defensor,2,2,0,1,0,0.00,0,0,1,0,1,10
Raúl Ruidíaz,Perú,2018,11,Delantero,2,0,0,1,0,0.00,0,0,0,0,2,20
Raul Sanchez,Chile,1962,3,Defensor,6,6,0,0,0,0.00,0,0,4,0,2,3
Raul Servin,México,1986,17,Defensor,5,5,0,0,1,0.20,1,0,3,2,0,6
Ray Clemence,Inglaterra,1982,1,Arquero,0,0,0,5,0,0.00,0,0,0,0,0,6
Ray Houghton,Irlanda,1990,8,Mediocampista,5,5,0,0,0,0.00,0,0,0,4,1,8
Ray Houghton,Irlanda,1994,8,Mediocampista,4,4,0,0,1,0.25,1,0,1,1,2,16
Ray Richards,Australia,1974,6,Mediocampista,3,3,0,0,0,0.00,0,1,0,1,2,14
Ray Wilkins,Inglaterra,1982,19,Mediocampista,5,5,0,0,0,0.00,1,0,3,2,0,6
Ray Wilkins,Inglaterra,1986,8,Mediocampista,2,2,0,3,0,0.00,1,1,0,1,1,8
Ray Wilson,Inglaterra,1962,3,Defensor,4,4,0,0,0,0.00,0,0,1,1,2,8
Ray Wilson,Inglaterra,1966,3,Defensor,6,6,0,0,0,0.00,0,0,5,1,0,1
Raymond Ausloos,Bélgica,1954,17,Arquero,0,0,0,2,0,0.00,0,0,0,0,0,12
Raymond Bellot,Francia,1958,14,Delantero,0,0,0,6,0,0.00,0,0,0,0,0,3
Raymond Braine,Bélgica,1938,-,Delantero,1,1,0,0,0,0.00,0,0,0,0,1,13
Raymond Kaelbel,Francia,1954,6,Defensor,2,2,0,0,0,0.00,0,0,1,0,1,9
Raymond Kaelbel,Francia,1958,4,Defensor,6,6,0,0,0,0.00,0,0,4,0,2,3
Raymond Kalla,Camerún,1994,13,Defensor,3,3,0,0,0,0.00,1,0,0,1,2,22
Raymond Kalla,Camerún,1998,5,Defensor,2,2,0,1,0,0.00,0,1,0,1,1,25
Raymond Kalla,Camerún,2002,5,Defensor,3,3,0,0,0,0.00,1,0,1,1,1,20
Raymond Kopa,Francia,1954,18,Delantero,2,2,0,0,1,0.50,0,0,1,0,1,9
Raymond Kopa,Francia,1958,18,Delantero,6,6,0,0,3,0.50,0,0,4,0,2,3
Raymond Mommens,Bélgica,1982,18,Mediocampista,0,0,0,5,0,0.00,0,0,0,0,0,10
Raymond Mommens,Bélgica,1986,17,Mediocampista,1,1,0,6,0,0.00,0,0,0,0,1,4
Raymond Pasello,Suiza,1934,-,Delantero,1,1,0,1,0,0.00,0,0,1,0,0,7
Raymundo Infante,Chile,1950,-,Delantero,0,0,0,3,0,0.00,0,0,0,0,0,9
Razak Pimpong,Ghana,2006,19,Delantero,3,1,0,1,0,0.00,0,0,2,0,1,13
Redha Tukar,Arabia Saudita,2002,3,Defensor,3,3,0,0,0,0.00,0,0,0,0,3,32
Redha Tukar,Arabia Saudita,2006,3,Defensor,3,3,0,0,0,0.00,0,0,0,1,2,28
Refik Sabanadzovic,Yugoslavia,1990,16,Mediocampista,4,4,0,1,0,0.00,2,1,3,1,0,5
Reidar Kvammen,Noruega,1938,-,Delantero,1,1,0,0,0,0.00,0,0,0,0,1,12
Reinaldo,Brasil,1978,9,Delantero,3,2,0,4,1,0.33,0,0,1,2,0,3
Reinhard Lauck,Alemania Oriental,1974,13,Mediocampista,3,3,0,3,0,0.00,0,0,1,0,2,6
Reinhold Hintermaier,Austria,1982,10,Mediocampista,5,4,0,0,1,0.20,1,0,2,1,2,8
Reinhold Muenzenberg,Alemania,1934,-,Defensor,1,1,0,3,0,0.00,0,0,1,0,0,3
Reinhold Muenzenberg,Alemania,1938,-,Defensor,0,0,0,2,0,0.00,0,0,0,0,0,10
Reino Borjesson,Suecia,1958,15,Mediocampista,4,4,0,2,0,0.00,0,0,2,1,1,2
Remko Pasveer,Paises Bajos,2022,1,Arquero,0,0,0,5,0,0.00,0,0,0,0,0,5
Remo Freuler,Suiza,2018,8,Mediocampista,0,0,0,4,0,0.00,0,0,0,0,0,14
Remo Freuler,Suiza,2022,8,Mediocampista,4,4,0,0,1,0.25,0,0,2,0,2,12
Rémy Cabella,Francia,2014,7,Mediocampista,0,0,0,5,0,0.00,0,0,0,0,0,7
Renato,Brasil,1974,12,Arquero,0,0,0,7,0,0.00,0,0,0,0,0,4
Renato,Brasil,1982,19,Mediocampista,0,0,0,5,0,0.00,0,0,0,0,0,5
Renato Augusto,Brasil,2018,8,Mediocampista,3,0,0,2,1,0.33,0,0,1,1,1,6
Renato Bizzozero,Suiza,1934,-,Arquero,0,0,0,2,0,0.00,0,0,0,0,0,7
Renato Bizzozero,Suiza,1938,-,Arquero,0,0,0,3,0,0.00,0,0,0,0,0,6
Renato Gaucho,Brasil,1990,17,Delantero,1,0,0,3,0,0.00,0,0,0,0,1,9
Renato Ibarra,Ecuador,2014,5,Mediocampista,1,0,0,2,0,0.00,0,0,0,1,0,17
Renato Olmi,Italia,1938,-,Mediocampista,0,0,0,4,0,0.00,0,0,0,0,0,1
Renato Sainz,Bolivia,1930,-,Mediocampista,1,1,0,1,0,0.00,0,0,0,0,1,12
Renato Steffen,Suiza,2022,11,Defensor,1,0,0,3,0,0.00,0,0,0,0,1,12
Renato Tapia,Perú,2018,13,Mediocampista,2,2,0,1,0,0.00,1,0,1,0,1,20
Renato Zaccarelli,Italia,1978,15,Mediocampista,5,2,0,2,1,0.20,0,0,3,1,1,4
Rene Bader,Suiza,1950,-,Delantero,3,3,0,0,1,0.33,0,0,1,1,1,6
Rene Brodmann,Suiza,1966,5,Defensor,2,2,2,1,0,0.00,0,0,0,0,2,16
Rene Cabrera,Bolivia,1950,-,Mediocampista,0,0,0,1,0,0.00,0,0,0,0,0,13
Rene Dereuddre,Francia,1954,16,Delantero,2,2,0,0,0,0.00,0,0,1,0,1,9
Rene Fernandez,Bolivia,1930,-,Delantero,2,2,0,0,0,0.00,0,0,0,0,2,12
Rene Girard,Francia,1982,11,Mediocampista,5,2,0,2,1,0.20,0,0,2,1,2,4
Rene Henriksen,Dinamarca,1998,20,Defensor,0,0,0,5,0,0.00,0,0,0,0,0,8
Rene Henriksen,Dinamarca,2002,3,Defensor,4,4,2,0,0,0.00,0,0,2,1,1,10
Rene Higuita,Colombia,1990,1,Arquero,4,4,0,0,0,0.00,0,0,1,1,2,14
Rene Houseman,Argentina,1974,11,Delantero,6,4,0,0,3,0.50,1,0,1,2,3,8
Rene Houseman,Argentina,1978,9,Mediocampista,6,3,0,1,1,0.17,0,0,5,0,1,1
Rene Krhin,Eslovenia,2010,15,Mediocampista,0,0,0,3,0,0.00,0,0,0,0,0,18
Rene Llense,Francia,1934,-,Arquero,0,0,0,1,0,0.00,0,0,0,0,0,9
Rene Llense,Francia,1938,-,Arquero,0,0,0,2,0,0.00,0,0,0,0,0,8
Rene Ndjeya,Camerún,1982,4,Defensor,3,3,0,0,0,0.00,1,0,0,3,0,17
Rene Pijpers,Paises Bajos,1938,-,Mediocampista,0,0,0,1,0,0.00,0,0,0,0,0,14
Rene Quentin,Suiza,1966,16,Delantero,2,2,0,1,1,0.50,0,0,0,0,2,16
Rene Quitral,Chile,1950,-,Arquero,0,0,0,3,0,0.00,0,0,0,0,0,9
Rene Valenzuela,Chile,1982,3,Defensor,3,3,0,0,0,0.00,0,0,0,0,3,22
Rene Van De Kerkhof,Paises Bajos,1974,10,Delantero,1,0,0,6,0,0.00,0,0,0,0,1,2
Rene Van De Kerkhof,Paises Bajos,1978,10,Delantero,7,7,0,0,1,0.14,1,0,3,2,2,2
Rene Vandereycken,Bélgica,1982,7,Mediocampista,0,0,0,5,0,0.00,0,0,0,0,0,10
Rene Vandereycken,Bélgica,1986,7,Mediocampista,2,2,0,5,0,0.00,0,0,1,0,1,4
Rene Verheyen,Bélgica,1982,17,Mediocampista,1,1,0,4,0,0.00,0,0,0,0,1,10
Reneilwe Letsholonyane,Sudáfrica,2010,12,Mediocampista,2,2,0,1,0,0.00,0,0,0,1,1,20
Reto Ziegler,Suiza,2010,17,Defensor,3,3,0,0,0,0.00,1,0,1,1,1,19
Reto Ziegler,Suiza,2014,3,Defensor,0,0,0,4,0,0.00,0,0,0,0,0,11
Reuben Gabriel,Nigeria,2014,4,Mediocampista,1,0,0,3,0,0.00,0,0,0,0,1,16
Revaz Dzodzvashvili,URSS,1970,4,Defensor,3,3,0,1,0,0.00,0,0,2,0,1,5
Reza Enayati,Irán,2006,16,Delantero,0,0,0,3,0,0.00,0,0,0,0,0,26
Reza Ghoochannejhad,Irán,2014,16,Delantero,3,3,0,0,1,0.33,0,0,0,1,2,28
Reza Ghoochannejhad,Irán,2018,16,Delantero,0,0,0,3,0,0.00,0,0,0,0,0,18
Reza Haghighi,Irán,2014,8,Mediocampista,1,0,0,2,0,0.00,0,0,0,0,1,28
Reza Shahroudi,Irán,1998,16,Mediocampista,0,0,0,3,0,0.00,0,0,0,0,0,20
Rezso Somlai,Hungría,1934,-,Mediocampista,0,0,0,2,0,0.00,0,0,0,0,0,6
Riadh Bouazizi,Túnez,1998,13,Mediocampista,2,2,0,1,0,0.00,1,0,0,1,1,26
Riadh Bouazizi,Túnez,2002,13,Mediocampista,3,3,0,0,0,0.00,1,0,0,1,2,29
Riadh Bouazizi,Túnez,2006,13,Mediocampista,3,3,3,0,0,0.00,2,0,0,1,2,24
Riadh Jelassi,Túnez,1998,9,Delantero,1,0,0,2,0,0.00,0,0,0,1,0,26
Riadh Jelassi,Túnez,2002,9,Delantero,0,0,0,3,0,0.00,0,0,0,0,0,29
Ribeiro,Portugal,1986,4,Mediocampista,0,0,0,3,0,0.00,0,0,0,0,0,17
Ricardinho,Brasil,2002,7,Mediocampista,3,0,0,4,0,0.00,0,0,3,0,0,1
Ricardinho,Brasil,2006,20,Mediocampista,2,0,0,3,0,0.00,0,0,2,0,0,5
Ricardo,España,2002,13,Arquero,0,0,0,5,0,0.00,0,0,0,0,0,5
Ricardo,Portugal,2002,16,Arquero,0,0,0,3,0,0.00,0,0,0,0,0,21
Ricardo,Portugal,2006,1,Arquero,7,7,0,0,0,0.00,1,0,4,1,2,4
Ricardo Álvarez,Argentina,2014,19,Mediocampista,1,0,0,6,0,0.00,0,0,1,0,0,2
Ricardo Ávila,Panamá,2018,19,Mediocampista,2,1,0,1,0,0.00,1,0,0,0,2,32
Ricardo Bochini,Argentina,1986,3,Mediocampista,1,0,0,6,0,0.00,0,0,1,0,0,1
Ricardo Cabanas,Suiza,2006,7,Mediocampista,4,4,0,0,0,0.00,1,0,2,2,0,10
Ricardo Canales,Honduras,2010,1,Arquero,0,0,0,3,0,0.00,0,0,0,0,0,30
Ricardo Carvalho,Portugal,2006,16,Defensor,6,6,0,1,0,0.00,2,0,4,1,1,4
Ricardo Carvalho,Portugal,2010,6,Defensor,4,4,0,0,0,0.00,0,0,1,2,1,11
Ricardo Clark,Estados Unidos,2010,13,Mediocampista,2,2,0,2,0,0.00,1,0,0,1,1,12
Ricardo Costa,Portugal,2006,4,Defensor,1,1,0,6,0,0.00,1,0,0,0,1,4
Ricardo Costa,Portugal,2010,21,Defensor,2,2,0,2,0,0.00,0,1,0,1,1,11
Ricardo Costa,Portugal,2014,13,Defensor,2,1,0,1,0,0.00,0,0,0,1,1,18
Ricardo Gallego,España,1982,17,Mediocampista,1,0,0,4,0,0.00,0,0,0,0,1,12
Ricardo Gallego,España,1986,14,Mediocampista,4,4,0,1,0,0.00,0,0,3,1,0,7
Ricardo Gardner,Jamaica,1998,15,Defensor,3,3,0,0,0,0.00,0,0,1,0,2,22
Ricardo Giusti,Argentina,1986,14,Mediocampista,7,7,0,0,0,0.00,1,0,6,1,0,1
Ricardo Giusti,Argentina,1990,14,Mediocampista,4,3,0,3,0,0.00,1,1,1,3,0,2
Ricardo Gomes,Brasil,1990,3,Defensor,4,4,4,0,0,0.00,0,1,3,0,1,9
Ricardo Horta,Portugal,2022,21,Delantero,3,1,0,2,1,0.33,0,0,1,0,2,8
Ricardo Infante,Argentina,1958,20,Delantero,0,0,0,3,0,0.00,0,0,0,0,0,13
Ricardo La Volpe,Argentina,1978,13,Arquero,0,0,0,7,0,0.00,0,0,0,0,0,1
Ricardo Osorio,México,2006,5,Defensor,4,4,0,0,0,0.00,0,0,1,1,2,15
Ricardo Osorio,México,2010,5,Defensor,4,4,0,0,0,0.00,0,0,1,1,2,14
Ricardo Pavoni,Uruguay,1974,6,Defensor,3,3,0,0,1,0.33,0,0,0,1,2,13
Ricardo Pelaez Linares,México,1998,9,Delantero,3,0,0,1,2,0.67,1,0,1,1,1,13
Ricardo Pereira,Portugal,2018,15,Defensor,1,1,0,3,0,0.00,0,0,0,0,1,13
Ricardo Quaresma,Portugal,2018,20,Delantero,3,1,0,1,1,0.33,1,0,0,2,1,13
Ricardo Rocha,Brasil,1990,19,Defensor,2,2,0,2,0,0.00,1,0,1,0,1,9
Ricardo Rocha,Brasil,1994,3,Defensor,1,1,0,6,0,0.00,0,0,1,0,0,1
Ricardo Rodriguez,Suiza,2014,13,Defensor,4,4,0,0,0,0.00,0,0,2,0,2,11
Ricardo Rodriguez,Suiza,2018,13,Defensor,4,4,0,0,0,0.00,0,0,1,2,1,14
Ricardo Rodriguez,Suiza,2022,13,Defensor,4,4,0,0,0,0.00,0,0,2,0,2,12
Ricardo Rojas,Paraguay,1998,14,Defensor,0,0,0,4,0,0.00,0,0,0,0,0,14
Ricardo Tavarelli,Paraguay,2002,22,Arquero,1,1,0,3,0,0.00,1,0,0,1,0,16
Ricardo Villa,Argentina,1978,22,Mediocampista,2,0,0,5,0,0.00,1,0,1,1,0,1
Ricardo Zamora,España,1934,-,Arquero,2,2,2,1,0,0.00,0,0,1,1,0,5
Riccardo Carapellese,Italia,1950,-,Delantero,2,2,2,0,2,1.00,0,0,1,0,1,7
Riccardo Ferri,Italia,1990,6,Defensor,7,6,0,0,0,0.00,1,0,6,1,0,3
Riccardo Montolivo,Italia,2010,22,Mediocampista,3,3,0,0,0,0.00,0,0,0,2,1,26
Richard Duerr,Suiza,1962,16,Mediocampista,2,2,0,1,0,0.00,0,0,0,0,2,16
Richard Duerr,Suiza,1966,6,Mediocampista,1,1,0,2,0,0.00,0,0,0,0,1,16
Richard Dunne,Irlanda,2002,15,Defensor,0,0,0,4,0,0.00,0,0,0,0,0,12
Richard Garcia,Australia,2010,19,Delantero,2,1,0,1,0,0.00,0,0,1,0,1,21
Richard Gough,Escocia,1986,2,Defensor,3,3,0,0,0,0.00,0,0,0,1,2,19
Richard Gough,Escocia,1990,4,Defensor,1,1,0,2,0,0.00,0,0,0,0,1,18
Richard Herrmann,Alemania Occidental,1954,17,Delantero,1,1,0,5,1,1.00,0,0,0,0,1,1
Richard Kingson,Ghana,2006,22,Arquero,4,4,0,0,0,0.00,0,0,2,0,2,13
Richard Kingson,Ghana,2010,22,Arquero,5,5,1,0,0,0.00,0,0,2,2,1,7
Richard Morales,Uruguay,2002,18,Delantero,2,0,0,1,1,0.50,0,0,0,1,1,26
Richard Wilson,Nueva Zelanda,1982,1,Arquero,0,0,0,3,0,0.00,0,0,0,0,0,23
Richard Witschge,Paises Bajos,1990,11,Mediocampista,4,3,0,0,0,0.00,0,0,0,3,1,15
Richarlison,Brasil,2022,9,Delantero,4,4,0,1,3,0.75,0,0,3,1,0,7
Richart Baez,Paraguay,2002,7,Delantero,0,0,0,4,0,0.00,0,0,0,0,0,16
Richie Laryea,Canadá,2022,22,Defensor,3,2,0,0,0,0.00,0,0,0,0,3,31
Richmond Forson,Togo,2006,13,Delantero,3,2,0,0,0,0.00,0,0,0,0,3,30
Ricki Herbert,Nueva Zelanda,1982,3,Defensor,3,2,0,0,0,0.00,0,0,0,0,3,23
Rickie Lambert,Inglaterra,2014,18,Delantero,1,0,0,2,0,0.00,0,0,0,0,1,26
Ridha Ellouz,Túnez,1978,17,Defensor,0,0,0,3,0,0.00,0,0,0,0,0,9
Rigobert Song,Camerún,1994,3,Defensor,2,2,0,1,0,0.00,0,1,0,1,1,22
Rigobert Song,Camerún,1998,4,Defensor,3,3,0,0,0,0.00,2,1,0,2,1,25
Rigobert Song,Camerún,2002,4,Defensor,3,3,3,0,0,0.00,1,0,1,1,1,20
Rigobert Song,Camerún,2010,4,Defensor,1,0,0,2,0,0.00,0,0,0,0,1,31
Rigoberto Cisneros,México,1978,13,Defensor,1,1,0,2,0,0.00,0,0,0,0,1,16
Rik Coppens,Bélgica,1954,9,Delantero,2,2,0,0,1,0.50,0,0,0,1,1,12
Rildo,Brasil,1966,9,Defensor,1,1,0,2,1,1.00,0,0,0,0,1,11
Riley McGree,Australia,2022,14,Mediocampista,4,4,0,0,0,0.00,0,0,2,0,2,11
Rinat Dassayev,URSS,1982,1,Arquero,5,5,0,0,0,0.00,0,0,2,2,1,7
Rinat Dassayev,URSS,1986,1,Arquero,3,3,0,1,0,0.00,0,0,1,1,1,10
Rinat Dassayev,URSS,1990,1,Arquero,1,1,1,2,0,0.00,0,0,0,0,1,17
Rino Ferrario,Italia,1954,16,Mediocampista,0,0,0,3,0,0.00,0,0,0,0,0,10
Rinus Israel,Paises Bajos,1974,5,Defensor,3,0,0,4,0,0.00,0,0,3,0,0,2
Rio Ferdinand,Inglaterra,1998,21,Defensor,0,0,0,4,0,0.00,0,0,0,0,0,9
Rio Ferdinand,Inglaterra,2002,5,Defensor,5,5,0,0,1,0.20,1,0,2,2,1,6
Rio Ferdinand,Inglaterra,2006,5,Defensor,5,5,0,0,0,0.00,0,0,3,2,0,7
Rio Ferdinand,Inglaterra,2010,5,Defensor,0,0,0,4,0,0.00,0,0,0,0,0,13
Rio Mavuba,Francia,2014,12,Mediocampista,1,0,0,4,0,0.00,0,0,1,0,0,7
Ritsu Doan,Japón,2022,8,Mediocampista,4,2,0,0,2,0.50,0,0,2,1,1,9
Rivaldo,Brasil,1998,10,Mediocampista,7,7,0,0,3,0.43,0,0,4,1,2,2
Rivaldo,Brasil,2002,10,Mediocampista,7,7,0,0,5,0.71,0,0,7,0,0,1
Rivelino,Brasil,1970,11,Mediocampista,5,5,0,1,3,0.60,1,0,5,0,0,1
Rivelino,Brasil,1974,10,Mediocampista,7,7,0,0,3,0.43,1,0,3,2,2,4
Rivelino,Brasil,1978,10,Mediocampista,3,1,1,4,0,0.00,0,0,2,1,0,3
Riyad Mahrez,Argelia,2014,21,Delantero,1,1,0,3,0,0.00,0,0,0,0,1,14
Riyadh Sharahili,Arabia Saudita,2022,26,Mediocampista,1,0,0,2,0,0.00,0,0,0,0,1,25
Rizah Meskovic,Yugoslavia,1974,22,Arquero,0,0,0,6,0,0.00,0,0,0,0,0,7
Roald Amundsen,Noruega,1938,-,Defensor,0,0,0,1,0,0.00,0,0,0,0,0,12
Roan Wilson,Costa Rica,2022,24,Mediocampista,1,0,0,2,0,0.00,0,0,0,0,1,27
Roar Strand,Noruega,1994,19,Mediocampista,0,0,0,3,0,0.00,0,0,0,0,0,17
Roar Strand,Noruega,1998,22,Mediocampista,3,2,0,1,0,0.00,0,0,1,1,1,15
Rob Rensenbrink,Paises Bajos,1974,15,Delantero,6,6,0,1,1,0.17,0,0,5,0,1,2
Rob Rensenbrink,Paises Bajos,1978,12,Delantero,7,7,0,0,5,0.71,0,0,3,2,2,2
Rob Witschge,Paises Bajos,1994,5,Mediocampista,4,3,0,1,0,0.00,1,0,2,0,2,7
Robbie Findley,Estados Unidos,2010,20,Delantero,3,3,0,1,0,0.00,2,0,0,2,1,12
Robbie Fowler,Inglaterra,2002,9,Delantero,1,0,0,4,0,0.00,0,0,1,0,0,6
Robbie Keane,Irlanda,2002,10,Delantero,4,4,0,0,3,0.75,0,0,1,3,0,12
Robbie Kruse,Australia,2018,10,Delantero,3,3,0,0,0,0.00,0,0,0,1,2,30
Robert Almond,Nueva Zelanda,1982,6,Defensor,2,2,0,1,0,0.00,0,0,0,0,2,23
Robert Arboleda,Ecuador,2022,4,Defensor,0,0,0,3,0,0.00,0,0,0,0,0,18
Robert Ballaman,Suiza,1954,16,Delantero,4,4,0,0,4,1.00,0,0,2,0,2,5
Robert Braet,Bélgica,1938,-,Arquero,0,0,0,1,0,0.00,0,0,0,0,0,13
Robert Budzynski,Francia,1966,6,Defensor,3,3,0,0,0,0.00,0,0,0,1,2,13
Robert Defosse,Francia,1934,-,Arquero,0,0,0,1,0,0.00,0,0,0,0,0,9
Robert Dienst,Austria,1954,19,Delantero,2,2,0,3,0,0.00,0,0,2,0,0,3
Robert Dienst,Austria,1958,19,Delantero,0,0,0,3,0,0.00,0,0,0,0,0,15
Robert Earle,Jamaica,1998,16,Mediocampista,3,1,0,0,1,0.33,0,0,1,0,2,22
Robert Fleck,Escocia,1990,21,Delantero,2,1,0,1,0,0.00,0,0,1,0,1,18
Robert Gadocha,Polonia,1974,18,Delantero,7,7,0,0,0,0.00,0,0,6,0,1,3
Robert Green,Inglaterra,2010,12,Arquero,1,1,0,3,0,0.00,0,0,0,1,0,13
Robert Gumny,Polonia,2022,25,Defensor,0,0,0,4,0,0.00,0,0,0,0,0,15
Robert Herbin,Francia,1966,16,Mediocampista,2,2,0,1,0,0.00,0,0,0,1,1,13
Robert Hosp,Suiza,1966,10,Delantero,3,3,0,0,0,0.00,0,0,0,0,3,16
Robert Huth,Alemania,2006,4,Defensor,1,1,0,6,0,0.00,0,0,1,0,0,3
Robert Jarni,Yugoslavia,1990,17,Defensor,1,0,0,4,0,0.00,0,0,1,0,0,5
Robert Jarni,Yugoslavia,1998,17,Mediocampista,7,7,0,0,1,0.14,1,0,5,0,2,3
Robert Jarni,Yugoslavia,2002,17,Defensor,3,3,2,0,0,0.00,0,0,1,0,2,23
Robert Johnstone,Escocia,1954,15,Delantero,0,0,0,2,0,0.00,0,0,0,0,0,15
Robert Jonquet,Francia,1954,10,Defensor,1,1,1,1,0,0.00,0,0,0,0,1,9
Robert Jonquet,Francia,1958,10,Mediocampista,5,5,4,1,0,0.00,0,0,3,0,2,3
Robert Koerner,Austria,1954,7,Delantero,5,5,0,0,2,0.40,0,0,4,0,1,3
Robert Koren,Eslovenia,2010,8,Mediocampista,3,3,3,0,1,0.33,0,0,1,1,1,18
Robert Kovac,Croacia,2002,21,Defensor,3,3,0,0,0,0.00,1,0,1,0,2,23
Robert Kovac,Croacia,2006,4,Defensor,2,2,0,1,0,0.00,2,0,0,1,1,22
Robert Lamoot,Bélgica,1934,-,Delantero,0,0,0,1,0,0.00,0,0,0,0,0,15
Robert Lee,Inglaterra,1998,17,Mediocampista,1,0,0,3,0,0.00,0,0,1,0,0,9
Robert Lewandowski,Polonia,2018,9,Delantero,3,3,3,0,0,0.00,0,0,1,0,2,25
Robert Lewandowski,Polonia,2022,9,Delantero,4,4,4,0,2,0.50,0,0,1,1,2,15
Robert Maertens,Bélgica,1954,20,Mediocampista,0,0,0,2,0,0.00,0,0,0,0,0,12
Robert Malm,Togo,2006,11,Delantero,1,0,0,2,0,0.00,0,0,0,0,1,30
Robert Mouynet,Francia,1958,7,Defensor,0,0,0,6,0,0.00,0,0,0,0,0,3
Robert Paverick,Bélgica,1938,-,Defensor,1,1,0,0,0,0.00,0,0,0,0,1,13
Robert Pecl,Austria,1990,3,Defensor,3,3,0,0,0,0.00,2,0,1,0,2,18
Robert Pires,Francia,1998,11,Mediocampista,3,1,0,4,0,0.00,0,0,3,0,0,1
Robert Prosinecki,Yugoslavia,1990,15,Mediocampista,3,1,0,2,1,0.33,0,0,1,1,1,5
Robert Prosinecki,Yugoslavia,1998,8,Mediocampista,5,4,0,2,2,0.40,1,0,3,0,2,3
Robert Prosinecki,Yugoslavia,2002,8,Mediocampista,1,1,0,2,0,0.00,0,0,0,0,1,23
Robert Sadowsky,Rumania,1938,-,Arquero,1,1,0,1,0,0.00,0,0,0,0,1,9
Robert Sánchez,España,2022,1,Arquero,0,0,0,4,0,0.00,0,0,0,0,0,13
Robert Sara,Austria,1978,2,Defensor,6,6,6,0,0,0.00,1,0,3,0,3,7
Robert Skov,Dinamarca,2022,24,Mediocampista,1,0,0,2,0,0.00,1,0,0,0,1,28
Robert Van Kerckhoven,Bélgica,1954,14,Mediocampista,0,0,0,2,0,0.00,0,0,0,0,0,12
Robert Vittek,Eslovaquia,2010,11,Delantero,4,4,0,0,4,1.00,1,0,1,1,2,16
Roberto,España,1990,15,Mediocampista,4,4,0,0,0,0.00,1,0,2,1,1,10
Roberto,Brasil,1970,13,Delantero,2,0,0,4,0,0.00,0,0,2,0,0,1
Roberto,Brasil,1938,-,Delantero,2,2,0,3,1,0.50,0,0,2,0,0,3
Roberto Abbondanzieri,Argentina,2006,1,Arquero,5,5,0,0,0,0.00,0,0,3,2,0,6
Roberto Acuña,Paraguay,1998,10,Mediocampista,4,3,0,0,0,0.00,0,0,1,2,1,14
Roberto Acuña,Paraguay,2002,10,Mediocampista,4,4,0,0,0,0.00,1,1,1,1,2,16
Roberto Acuña,Paraguay,2006,10,Mediocampista,3,3,0,0,0,0.00,1,0,1,0,2,18
Roberto Alvarado,México,2022,25,Delantero,1,0,0,2,0,0.00,1,0,0,0,1,22
Roberto Anzolin,Italia,1966,2,Arquero,0,0,0,3,0,0.00,0,0,0,0,0,9
Roberto Ayala,Argentina,1998,2,Defensor,5,5,0,0,0,0.00,1,0,3,1,1,6
Roberto Ayala,Argentina,2002,2,Defensor,0,0,0,3,0,0.00,0,0,0,0,0,18
Roberto Ayala,Argentina,2006,2,Defensor,5,5,1,0,1,0.20,0,0,3,2,0,6
Roberto Baggio,Italia,1990,15,Delantero,5,4,0,2,2,0.40,1,0,4,1,0,3
Roberto Baggio,Italia,1994,10,Delantero,7,7,0,0,5,0.71,0,0,4,2,1,2
Roberto Baggio,Italia,1998,18,Delantero,4,2,0,1,2,0.50,0,0,2,2,0,5
Roberto Bailey,Honduras,1982,16,Mediocampista,0,0,0,3,0,0.00,0,0,0,0,0,18
Roberto Bettega,Italia,1978,18,Delantero,7,7,0,0,2,0.29,0,0,4,1,2,4
Roberto Bonano,Argentina,2002,23,Arquero,0,0,0,3,0,0.00,0,0,0,0,0,18
Roberto Boninsegna,Italia,1970,20,Delantero,6,6,0,0,2,0.33,1,0,3,2,1,2
Roberto Boninsegna,Italia,1974,20,Delantero,1,0,0,2,0,0.00,1,0,0,0,1,10
Roberto Cabañas,Paraguay,1986,9,Delantero,4,4,0,0,2,0.50,0,0,1,2,1,13
Roberto Capparelli,Bolivia,1950,-,Delantero,1,1,0,0,0,0.00,0,0,0,0,1,13
Roberto Carlos,Brasil,1998,6,Defensor,7,7,0,0,0,0.00,1,0,4,1,2,2
Roberto Carlos,Brasil,2002,6,Defensor,6,6,0,1,1,0.17,1,0,6,0,0,1
Roberto Carlos,Brasil,2006,6,Defensor,4,4,0,1,0,0.00,0,0,3,0,1,5
Roberto Cerro,Argentina,1930,-,Delantero,1,1,0,4,0,0.00,0,0,1,0,0,2
Roberto Challe,Perú,1970,7,Mediocampista,4,4,0,0,1,0.25,0,0,2,0,2,7
Roberto Cortes,Chile,1930,-,Arquero,3,3,0,0,0,0.00,0,0,2,0,1,5
Roberto Di Matteo,Italia,1998,16,Mediocampista,2,1,0,3,0,0.00,0,0,1,1,0,5
Roberto Dinamite,Brasil,1978,20,Delantero,5,5,0,2,3,0.60,1,0,4,1,0,3
Roberto Dinamite,Brasil,1982,20,Delantero,0,0,0,5,0,0.00,0,0,0,0,0,5
Roberto Donadoni,Italia,1990,17,Mediocampista,5,5,0,2,0,0.00,0,0,4,1,0,3
Roberto Donadoni,Italia,1994,16,Mediocampista,6,5,0,1,0,0.00,0,0,3,2,1,2
Roberto Fernandez,Paraguay,1986,1,Arquero,4,4,0,0,0,0.00,0,0,1,2,1,13
Roberto Firmino,Brasil,2018,20,Delantero,4,0,0,1,1,0.25,0,0,2,1,1,6
Roberto Frigerio,Suiza,1962,22,Delantero,0,0,0,3,0,0.00,0,0,0,0,0,16
Roberto Gayon,México,1930,-,Delantero,2,2,0,1,1,0.50,0,0,0,0,2,13
Roberto Hodge,Chile,1966,10,Mediocampista,0,0,0,3,0,0.00,0,0,0,0,0,13
Roberto Iraneta,Argentina,1934,-,Delantero,1,1,0,0,0,0.00,0,0,0,0,1,9
Roberto Leopardi,Uruguay,1954,6,Mediocampista,0,0,0,5,0,0.00,0,0,0,0,0,4
Roberto Mancini,Italia,1990,18,Delantero,0,0,0,7,0,0.00,0,0,0,0,0,3
Roberto Matosas,Uruguay,1970,3,Defensor,6,6,0,0,0,0.00,0,0,2,1,3,4
Roberto Mosquera,Perú,1978,12,Delantero,0,0,0,6,0,0.00,0,0,0,0,0,8
Roberto Mussi,Italia,1994,8,Defensor,3,3,0,4,0,0.00,0,0,2,1,0,2
Roberto Perfumo,Argentina,1966,4,Defensor,4,4,0,0,0,0.00,0,0,2,1,1,5
Roberto Perfumo,Argentina,1974,14,Defensor,4,4,4,2,0,0.00,2,0,1,1,2,8
Roberto Rivas,El Salvador,1970,2,Defensor,3,3,0,0,0,0.00,0,0,0,0,3,16
Roberto Rojas,Perú,1978,22,Defensor,1,1,0,5,0,0.00,0,0,0,0,1,8
Roberto Rosato,Italia,1966,21,Defensor,2,2,0,1,0,0.00,0,0,1,0,1,9
Roberto Rosato,Italia,1970,8,Defensor,6,5,0,0,0,0.00,1,0,3,2,1,2
Roberto Sensini,Argentina,1990,17,Defensor,2,2,0,5,0,0.00,1,0,0,0,2,2
Roberto Sensini,Argentina,1994,4,Defensor,3,3,0,1,0,0.00,0,0,2,0,1,10
Roberto Sensini,Argentina,1998,6,Defensor,3,3,0,2,0,0.00,1,0,2,0,1,6
Roberto Sosa,Uruguay,1962,1,Arquero,3,3,0,0,0,0.00,0,0,1,0,2,13
Roberto Sosa,Uruguay,1966,12,Arquero,0,0,0,4,0,0.00,0,0,0,0,0,7
Roberto Telch,Argentina,1974,18,Mediocampista,5,4,0,1,0,0.00,0,0,1,2,2,8
Roberto Tricella,Italia,1986,7,Defensor,0,0,0,4,0,0.00,0,0,0,0,0,12
Robin Olsen,Suecia,2018,1,Arquero,5,5,0,0,0,0.00,0,0,3,0,2,7
Robin Van Persie,Paises Bajos,2006,17,Delantero,4,4,0,0,1,0.25,0,0,2,1,1,11
Robin Van Persie,Paises Bajos,2010,9,Delantero,7,7,0,0,1,0.14,2,0,6,0,1,2
Robin Van Persie,Paises Bajos,2014,9,Delantero,6,6,6,1,4,0.67,2,0,4,2,0,3
Robinho,Brasil,2006,23,Delantero,4,1,0,1,0,0.00,1,0,3,0,1,5
Robinho,Brasil,2010,11,Delantero,4,4,0,1,2,0.50,0,0,3,0,1,6
Rodion Camataru,Rumania,1990,9,Delantero,0,0,0,4,0,0.00,0,0,0,0,0,12
Rodney Wallace,Costa Rica,2018,13,Mediocampista,1,0,0,2,0,0.00,0,0,0,1,0,29
Rodolfo Rodriguez,Uruguay,1986,1,Arquero,0,0,0,4,0,0.00,0,0,0,0,0,16
Rodolfo Cota,México,2022,12,Arquero,0,0,0,3,0,0.00,0,0,0,0,0,22
Rodolfo Dubo,Chile,1982,6,Mediocampista,3,3,0,0,0,0.00,1,0,0,0,3,22
Rodolfo Gamarra,Paraguay,2010,23,Delantero,0,0,0,5,0,0.00,0,0,0,0,0,8
Rodolfo Manzo,Perú,1978,3,Defensor,6,6,0,0,0,0.00,1,0,2,1,3,8
Rodolfo Orlandini,Argentina,1930,-,Defensor,3,3,0,2,0,0.00,0,0,3,0,0,2
Rodolfo Pini,Uruguay,1950,-,Mediocampista,0,0,0,4,0,0.00,0,0,0,0,0,1
Rodolfo Sandoval,Uruguay,1970,13,Mediocampista,1,0,0,5,0,0.00,0,0,0,0,1,4
Rodri,España,1962,17,Defensor,2,2,0,1,0,0.00,0,0,1,0,1,12
Rodri,España,2022,16,Mediocampista,4,4,0,0,0,0.00,0,0,1,2,1,13
Rodrigo Barrera,Chile,1998,21,Delantero,0,0,0,4,0,0.00,0,0,0,0,0,16
Rodrigo Bentancur,Uruguay,2018,6,Mediocampista,5,5,0,0,0,0.00,2,0,4,0,1,5
Rodrigo Bentancur,Uruguay,2022,6,Mediocampista,3,3,0,0,0,0.00,1,0,1,1,1,20
Rodrigo Cordero,Costa Rica,2002,19,Mediocampista,0,0,0,3,0,0.00,0,0,0,0,0,19
Rodrigo De Paul,Argentina,2022,7,Mediocampista,7,7,0,0,0,0.00,0,0,4,2,1,1
Rodrigo Millar,Chile,2010,20,Mediocampista,3,1,0,1,1,0.33,1,0,1,0,2,10
Rodrigo Moreno,España,2018,9,Delantero,3,0,0,1,0,0.00,0,0,1,2,0,10
Rodrigo Muñoz,Uruguay,2014,12,Arquero,0,0,0,4,0,0.00,0,0,0,0,0,12
Rodrigo Palacio,Argentina,2006,14,Delantero,1,0,0,4,0,0.00,0,0,1,0,0,6
Rodrigo Palacio,Argentina,2014,18,Delantero,5,0,0,2,0,0.00,0,0,3,1,1,2
Rodrigo Ruiz,México,1950,-,Defensor,1,1,0,2,0,0.00,0,0,0,0,1,12
Rodrigo Tello,Chile,2010,21,Mediocampista,1,0,0,3,0,0.00,0,0,0,0,1,10
Rodrigues Neto,Brasil,1978,16,Defensor,4,4,0,3,0,0.00,0,0,3,1,0,3
Rodrygo,Brasil,2022,21,Delantero,5,1,0,0,0,0.00,0,0,3,1,1,7
Rogelio Delgado,Paraguay,1986,5,Defensor,4,4,4,0,0,0.00,0,0,1,2,1,13
Rogelio Dominguez,Argentina,1962,12,Arquero,1,1,0,2,0,0.00,0,0,0,1,0,10
Rogelio Farias,Chile,1974,19,Mediocampista,2,0,0,1,0,0.00,0,0,0,2,0,11
Rogelio Funes Mori,México,2022,11,Delantero,1,0,0,2,0,0.00,0,0,1,0,0,22
Roger Bocquet,Suiza,1950,-,Defensor,3,3,1,0,0,0.00,0,0,1,1,1,6
Roger Bocquet,Suiza,1954,4,Defensor,4,4,4,0,0,0.00,0,0,2,0,2,5
Roger Byrne,Inglaterra,1954,3,Defensor,3,3,0,0,0,0.00,0,0,1,1,1,7
Roger Courtois,Francia,1934,-,Delantero,0,0,0,1,0,0.00,0,0,0,0,0,9
Roger Courtois,Francia,1938,-,Delantero,0,0,0,2,0,0.00,0,0,0,0,0,8
Roger Espinoza,Honduras,2010,13,Delantero,2,2,0,1,0,0.00,0,0,0,0,2,30
Roger Espinoza,Honduras,2014,15,Mediocampista,3,3,0,0,0,0.00,0,0,0,0,3,31
Roger Feutmba,Camerún,1990,19,Mediocampista,0,0,0,5,0,0.00,0,0,0,0,0,7
Roger Flores,Costa Rica,1990,3,Defensor,4,4,4,0,1,0.25,0,0,2,0,2,13
Roger Gomez,Costa Rica,1990,12,Mediocampista,3,3,0,1,0,0.00,2,0,2,0,1,13
Roger Hunt,Inglaterra,1962,18,Delantero,0,0,0,4,0,0.00,0,0,0,0,0,8
Roger Hunt,Inglaterra,1966,21,Delantero,6,6,0,0,3,0.50,0,0,5,1,0,1
Roger Ljung,Suecia,1990,5,Defensor,1,1,0,2,0,0.00,0,0,0,0,1,21
Roger Ljung,Suecia,1994,5,Defensor,6,6,0,1,1,0.17,2,0,2,3,1,3
Roger Marche,Francia,1954,7,Defensor,1,1,1,1,0,0.00,0,0,1,0,0,9
Roger Marche,Francia,1958,6,Defensor,1,1,1,5,0,0.00,0,0,0,0,1,3
Roger Mathis,Suiza,1954,6,Defensor,0,0,0,4,0,0.00,0,0,0,0,0,5
Roger Milla,Camerún,1982,9,Delantero,3,3,0,0,0,0.00,1,0,0,3,0,17
Roger Milla,Camerún,1990,9,Delantero,5,0,0,0,4,0.80,2,0,3,0,2,7
Roger Milla,Camerún,1994,9,Delantero,2,0,0,1,1,0.50,0,0,0,0,2,22
Roger Nilsen,Noruega,1994,14,Defensor,0,0,0,3,0,0.00,0,0,0,0,0,17
Roger Piantoni,Francia,1958,20,Delantero,5,5,0,1,3,0.60,0,0,3,0,2,3
Roger Quinche,Suiza,1950,-,Mediocampista,3,3,0,0,0,0.00,0,0,1,1,1,6
Roger Rio,Francia,1934,-,Mediocampista,1,1,0,0,0,0.00,0,0,0,0,1,9
Roger Saint-Vil,Haití,1974,15,Delantero,1,1,0,2,0,0.00,0,0,0,0,1,15
Roger Vonlanthen,Suiza,1954,22,Delantero,4,4,0,0,0,0.00,0,0,2,0,2,5
Roger Vonlanthen,Suiza,1962,20,Delantero,2,2,0,1,0,0.00,0,0,0,0,2,16
Rogerio Ceni,Brasil,2002,22,Arquero,0,0,0,7,0,0.00,0,0,0,0,0,1
Rogerio Ceni,Brasil,2006,12,Arquero,1,0,0,4,0,0.00,0,0,1,0,0,5
Roland Aman,Suecia,1978,14,Defensor,0,0,0,3,0,0.00,0,0,0,0,0,13
Roland Andersson,Suecia,1978,20,Defensor,0,0,0,3,0,0.00,0,0,0,0,0,13
Roland Grip,Suecia,1970,5,Defensor,3,3,0,0,0,0.00,0,0,1,1,1,9
Roland Grip,Suecia,1974,13,Defensor,3,2,0,3,0,0.00,0,0,1,1,1,5
Roland Hattenberger,Austria,1978,6,Mediocampista,0,0,0,6,0,0.00,0,0,0,0,0,7
Roland Hattenberger,Austria,1982,6,Mediocampista,4,4,0,1,0,0.00,1,0,2,0,2,8
Roland Nilsson,Suecia,1990,6,Defensor,3,3,0,0,0,0.00,0,0,0,0,3,21
Roland Nilsson,Suecia,1994,2,Defensor,7,7,2,0,0,0.00,1,0,3,3,1,3
Roland Sandberg,Suecia,1974,11,Delantero,6,6,0,0,2,0.33,0,0,2,2,2,5
Rolando,Portugal,2010,4,Defensor,0,0,0,4,0,0.00,0,0,0,0,0,11
Rolando Chilavert,Paraguay,1986,19,Mediocampista,0,0,0,4,0,0.00,0,0,0,0,0,13
Rolando Fonseca,Costa Rica,2002,7,Delantero,2,1,0,1,0,0.00,0,0,1,0,1,19
Rolando Garcia,Chile,1974,2,Defensor,3,3,0,0,0,0.00,1,0,0,2,1,11
Rolando Irusta,Argentina,1966,2,Arquero,0,0,0,4,0,0.00,0,0,0,0,0,5
Rolando Serrano,Colombia,1962,10,Mediocampista,2,2,0,1,0,0.00,0,0,0,1,1,14
Rolf Holmberg,Noruega,1938,-,Mediocampista,1,1,0,0,0,0.00,0,0,0,0,1,12
Rolf Johannesen,Noruega,1938,-,Defensor,1,1,0,0,0,0.00,0,0,0,0,1,12
Rolf Ruessmann,Alemania Occidental,1978,4,Defensor,6,6,0,0,0,0.00,0,0,1,4,1,6
Rolf Wuethrich,Suiza,1962,21,Mediocampista,3,3,0,0,1,0.33,0,0,0,0,3,16
Romain Saïss,Marruecos,2018,6,Defensor,2,2,0,1,0,0.00,0,0,0,1,1,27
Romain Saïss,Marruecos,2022,6,Defensor,6,6,6,1,1,0.17,1,0,3,2,1,4
Roman Bürki,Suiza,2014,21,Arquero,0,0,0,4,0,0.00,0,0,0,0,0,11
Roman Bürki,Suiza,2018,21,Arquero,0,0,0,4,0,0.00,0,0,0,0,0,14
Roman Jakobczak,Polonia,1974,15,Delantero,0,0,0,7,0,0.00,0,0,0,0,0,3
Roman Mahlich,Austria,1998,17,Mediocampista,3,3,0,0,0,0.00,0,0,0,2,1,23
Román Torres,Panamá,2018,5,Defensor,3,3,3,0,0,0.00,0,0,0,0,3,32
Roman Weidenfeller,Alemania,2014,22,Arquero,0,0,0,7,0,0.00,0,0,0,0,0,1
Roman Wojcicki,Polonia,1978,20,Defensor,0,0,0,6,0,0.00,0,0,0,0,0,5
Roman Wojcicki,Polonia,1982,12,Defensor,1,0,0,6,0,0.00,1,0,1,0,0,3
Roman Wojcicki,Polonia,1986,5,Defensor,4,4,0,0,0,0.00,1,0,1,1,2,14
Roman Zobnin,Rusia,2018,11,Mediocampista,5,5,0,0,0,0.00,1,0,2,2,1,8
Romano Fogli,Italia,1966,7,Mediocampista,1,1,0,2,0,0.00,0,0,0,0,1,9
Romaric,Costa de Marfil,2006,22,Mediocampista,1,1,0,2,0,0.00,0,0,0,0,1,19
Romaric,Costa de Marfil,2010,13,Mediocampista,3,1,0,0,1,0.33,0,0,1,1,1,17
Romario,Brasil,1990,11,Delantero,1,1,0,3,0,0.00,0,0,1,0,0,9
Romario,Brasil,1994,11,Delantero,7,7,0,0,5,0.71,0,0,5,2,0,1
Romario Ibarra,Ecuador,2022,10,Mediocampista,2,1,0,1,0,0.00,0,0,1,1,0,18
Romelu Lukaku,Bélgica,2014,9,Delantero,4,2,0,1,1,0.25,0,0,3,0,1,6
Romelu Lukaku,Bélgica,2018,9,Delantero,6,6,0,1,4,0.67,0,0,5,0,1,3
Romelu Lukaku,Bélgica,2022,9,Delantero,2,0,0,1,0,0.00,0,0,0,1,1,23
Romeo Benetti,Italia,1974,4,Mediocampista,3,3,0,0,1,0.33,1,0,1,1,1,10
Romeo Benetti,Italia,1978,10,Mediocampista,6,6,0,1,1,0.17,2,0,4,1,1,4
Romeu,Brasil,1938,-,Delantero,4,4,0,1,3,0.75,0,0,2,1,1,3
Romildo Etcheverry,Paraguay,1930,-,Mediocampista,1,1,0,1,0,0.00,0,0,0,0,1,9
Ron Flowers,Inglaterra,1962,6,Mediocampista,4,4,0,0,2,0.50,0,0,1,1,2,8
Ron Flowers,Inglaterra,1966,17,Mediocampista,0,0,0,6,0,0.00,0,0,0,0,0,1
Ron Hewitt,Gales,1958,8,Delantero,3,3,0,2,0,0.00,0,0,1,1,1,5
Ron-Robert Zieler,Alemania,2014,12,Arquero,0,0,0,7,0,0.00,0,0,0,0,0,1
Ron Springett,Inglaterra,1962,1,Arquero,4,4,0,0,0,0.00,0,0,1,1,2,8
Ron Springett,Inglaterra,1966,12,Arquero,0,0,0,6,0,0.00,0,0,0,0,0,1
Ron Staniforth,Inglaterra,1954,2,Defensor,3,3,0,0,0,0.00,0,0,1,1,1,7
Ron Vlaar,Paises Bajos,2014,2,Defensor,7,7,0,0,0,0.00,0,0,5,2,0,3
Ronald Araújo,Uruguay,2022,4,Defensor,0,0,0,3,0,0.00,0,0,0,0,0,20
Ronald Clayton,Inglaterra,1958,15,Mediocampista,1,1,0,3,0,0.00,0,0,0,0,1,11
Ronald De Boer,Paises Bajos,1994,9,Mediocampista,3,2,0,2,0,0.00,0,0,1,0,2,7
Ronald De Boer,Paises Bajos,1998,7,Mediocampista,6,6,0,1,2,0.33,0,0,3,3,0,4
Ronald Fuentes,Chile,1998,3,Defensor,4,4,0,0,0,0.00,1,0,0,3,1,16
Ronald Gomez,Costa Rica,2002,11,Delantero,3,3,0,0,2,0.67,1,0,1,1,1,19
Ronald Gomez,Costa Rica,2006,11,Delantero,3,3,0,0,1,0.33,1,0,0,0,3,31
Ronald Gonzalez,Costa Rica,1990,4,Defensor,4,4,0,0,1,0.25,1,0,2,0,2,13
Ronald Koeman,Paises Bajos,1990,4,Defensor,4,4,0,0,1,0.25,0,0,0,3,1,15
Ronald Koeman,Paises Bajos,1994,4,Defensor,5,5,5,0,0,0.00,1,0,3,0,2,7
Ronald Langon,Uruguay,1962,19,Delantero,1,1,0,2,0,0.00,0,0,1,0,0,13
Ronald Marin,Costa Rica,1990,15,Defensor,0,0,0,4,0,0.00,0,0,0,0,0,13
Rónald Matarrita,Costa Rica,2022,22,Defensor,2,0,0,1,0,0.00,0,0,0,0,2,27
Ronald Worm,Alemania Occidental,1978,19,Delantero,0,0,0,6,0,0.00,0,0,0,0,0,6
Ronaldao,Brasil,1994,4,Defensor,0,0,0,7,0,0.00,0,0,0,0,0,1
Ronaldinho,Brasil,2002,11,Mediocampista,5,5,0,2,2,0.40,1,1,5,0,0,1
Ronaldinho,Brasil,2006,10,Mediocampista,5,5,0,0,0,0.00,0,0,4,0,1,5
Ronaldo,Brasil,1994,20,Delantero,0,0,0,7,0,0.00,0,0,0,0,0,1
Ronaldo,Brasil,1998,9,Delantero,7,7,0,0,4,0.57,0,0,4,1,2,2
Ronaldo,Brasil,2002,9,Delantero,7,7,0,0,8,1.14,0,0,7,0,0,1
Ronaldo,Brasil,2006,9,Delantero,5,5,0,0,3,0.60,2,0,4,0,1,5
Ronnie Hellstrom,Suecia,1970,1,Arquero,1,1,0,2,0,0.00,0,0,0,0,1,9
Ronnie Hellstrom,Suecia,1974,1,Arquero,6,6,0,0,0,0.00,0,0,2,2,2,5
Ronnie Hellstrom,Suecia,1978,1,Arquero,3,3,0,0,0,0.00,0,0,0,1,2,13
Ronnie Whelan,Irlanda,1990,6,Mediocampista,1,0,0,4,0,0.00,0,0,0,1,0,8
Ronnie Whelan,Irlanda,1994,18,Mediocampista,1,0,0,3,0,0.00,0,0,0,1,0,16
Ronny Johnsen,Noruega,1998,3,Defensor,4,4,0,0,0,0.00,0,0,1,2,1,15
Ronny Pettersson,Suecia,1970,17,Arquero,0,0,0,3,0,0.00,0,0,0,0,0,9
Rony Martínez,Honduras,2014,16,Delantero,0,0,0,3,0,0.00,0,0,0,0,0,31
Roque Junior,Brasil,2002,4,Defensor,6,6,0,1,0,0.00,2,0,6,0,0,1
Roque Maspoli,Uruguay,1950,-,Arquero,3,3,0,1,0,0.00,0,0,2,1,0,1
Roque Maspoli,Uruguay,1954,1,Arquero,5,5,0,0,0,0.00,0,0,3,0,2,4
Roque Santa Cruz,Paraguay,2002,9,Delantero,4,4,0,0,1,0.25,1,0,1,1,2,16
Roque Santa Cruz,Paraguay,2006,9,Delantero,3,3,0,0,0,0.00,0,0,1,0,2,18
Roque Santa Cruz,Paraguay,2010,9,Delantero,5,3,0,0,0,0.00,1,0,1,3,1,8
Rory Fallon,Nueva Zelanda,2010,14,Delantero,3,3,0,0,0,0.00,1,0,0,3,0,22
Rosen Kirilov,Bulgaria,1998,21,Defensor,0,0,0,3,0,0.00,0,0,0,0,0,29
Rosendo Hernandez,España,1950,-,Delantero,2,2,0,4,0,0.00,0,0,1,0,1,4
Ross Barkley,Inglaterra,2014,21,Mediocampista,3,1,0,0,0,0.00,1,0,0,1,2,26
Rostilav Vojacek,Checoslovaquia,1982,6,Defensor,2,2,0,1,0,0.00,0,0,0,1,1,19
Rouzbeh Cheshmi,Irán,2018,4,Defensor,1,1,0,2,0,0.00,0,0,1,0,0,18
Rouzbeh Cheshmi,Irán,2022,15,Defensor,2,1,0,1,1,0.50,0,0,1,0,1,26
Roy Aitken,Escocia,1986,8,Mediocampista,3,3,0,0,0,0.00,0,0,0,1,2,19
Roy Aitken,Escocia,1990,3,Mediocampista,3,3,3,0,0,0.00,0,0,1,0,2,18
Roy Andersson,Suecia,1978,3,Defensor,3,3,0,0,0,0.00,0,0,0,1,2,13
Roy Bentley,Inglaterra,1950,-,Delantero,2,2,0,1,0,0.00,0,0,1,0,1,8
Roy Keane,Irlanda,1994,6,Mediocampista,4,4,0,0,0,0.00,1,0,1,1,2,16
Roy Keane,Irlanda,2002,6,Mediocampista,0,0,0,4,0,0.00,0,0,0,0,0,12
Roy Miller,Costa Rica,2014,19,Defensor,1,1,0,4,0,0.00,0,0,0,1,0,8
Roy Myers,Costa Rica,1990,17,Delantero,1,0,0,3,0,0.00,0,0,0,0,1,13
Roy Rea,Irlanda del Norte,1958,18,Arquero,0,0,0,5,0,0.00,0,0,0,0,0,7
Roy Vernon,Gales,1958,18,Delantero,1,1,0,4,0,0.00,0,0,0,1,0,5
Roy Wegerle,Estados Unidos,1994,10,Delantero,4,0,0,0,0,0.00,0,0,1,1,2,14
Roy Wegerle,Estados Unidos,1998,7,Mediocampista,2,1,0,1,0,0.00,0,0,0,0,2,32
Ruben Amorim,Portugal,2010,17,Mediocampista,1,0,0,3,0,0.00,0,0,0,1,0,11
Ruben Amorim,Portugal,2014,20,Mediocampista,1,1,0,2,0,0.00,0,0,1,0,0,18
Ruben Ayala,Argentina,1974,2,Delantero,6,6,0,0,1,0.17,0,0,1,2,3,8
Ruben Baraja,España,2002,8,Mediocampista,4,4,0,1,0,0.00,2,0,2,2,0,5
Ruben Bareno,Uruguay,1970,17,Delantero,1,1,0,5,0,0.00,0,0,0,1,0,4
Ruben Cano,España,1978,20,Delantero,1,1,0,2,0,0.00,0,0,0,0,1,10
Ruben Corbo,Uruguay,1974,11,Delantero,2,2,0,1,0,0.00,0,0,0,1,1,13
Ruben Correa,Perú,1970,12,Arquero,0,0,0,4,0,0.00,0,0,0,0,0,7
Rúben Dias,Portugal,2018,13,Defensor,0,0,0,4,0,0.00,0,0,0,0,0,13
Rúben Dias,Portugal,2022,4,Defensor,4,4,0,1,0,0.00,1,0,3,0,1,8
Ruben Diaz,Perú,1978,5,Defensor,4,4,0,2,0,0.00,0,0,2,1,1,8
Ruben Diaz,Perú,1982,15,Defensor,3,3,3,0,1,0.33,0,0,0,2,1,20
Ruben Galvan,Argentina,1978,8,Defensor,0,0,0,7,0,0.00,0,0,0,0,0,1
Ruben Glaria,Argentina,1974,9,Defensor,3,1,0,3,0,0.00,0,0,0,1,2,8
Ruben Gonzalez,Uruguay,1962,17,Defensor,0,0,0,3,0,0.00,0,0,0,0,0,13
Ruben Hernandez,Colombia,1990,22,Delantero,1,0,0,3,0,0.00,0,0,0,0,1,14
Ruben Loftus-Cheek,Inglaterra,2018,21,Mediocampista,4,3,0,3,0,0.00,1,0,2,0,2,4
Ruben Marcos,Chile,1966,12,Mediocampista,3,3,0,0,2,0.67,1,0,0,1,2,13
Ruben Moran,Uruguay,1950,-,Delantero,1,1,0,3,0,0.00,0,0,1,0,0,1
Ruben Navarro,Argentina,1962,15,Defensor,2,2,2,1,0,0.00,0,0,1,0,1,10
Rúben Neves,Portugal,2022,18,Mediocampista,5,4,0,0,0,0.00,1,0,3,0,2,8
Ruben Pagnanini,Argentina,1978,18,Defensor,0,0,0,7,0,0.00,0,0,0,0,0,1
Ruben Paz,Uruguay,1986,18,Mediocampista,1,0,0,3,0,0.00,0,0,0,0,1,16
Ruben Paz,Uruguay,1990,10,Mediocampista,3,3,0,1,0,0.00,0,0,1,1,1,16
Ruben Pereira,Uruguay,1990,20,Mediocampista,2,2,0,2,0,0.00,0,0,0,1,1,16
Ruben Ruiz Diaz,Paraguay,1998,22,Arquero,0,0,0,4,0,0.00,0,0,0,0,0,14
Ruben Soria,Uruguay,1962,15,Defensor,0,0,0,3,0,0.00,0,0,0,0,0,13
Ruben Sosa,Uruguay,1990,11,Delantero,4,3,0,0,0,0.00,1,0,1,1,2,16
Ruben Sosa,Argentina,1962,19,Delantero,1,1,0,2,0,0.00,0,0,0,0,1,10
Rubén Vargas,Suiza,2022,17,Delantero,4,4,0,0,0,0.00,1,0,2,0,2,12
Rubens,Brasil,1954,20,Delantero,0,0,0,3,0,0.00,0,0,0,0,0,6
Rubin Colwill,Gales,2022,25,Defensor,1,0,0,2,0,0.00,0,0,0,0,1,30
Rudi Hoffmann,Alemania Occidental,1958,18,Defensor,0,0,0,6,0,0.00,0,0,0,0,0,4
Rudi Kargus,Alemania Occidental,1978,21,Arquero,0,0,0,6,0,0.00,0,0,0,0,0,6
Rudi Smidts,Bélgica,1994,5,Defensor,4,3,0,0,0,0.00,1,0,2,0,2,11
Rudi Viertl,Austria,1934,-,Delantero,4,4,0,0,0,0.00,0,0,2,0,2,4
Rudi Voeller,Alemania Occidental,1986,9,Delantero,6,4,0,1,3,0.50,0,0,3,1,2,2
Rudi Voeller,Alemania Occidental,1990,9,Delantero,6,6,0,1,3,0.50,2,1,4,2,0,1
Rudi Voeller,Alemania Occidental,1994,13,Delantero,3,2,0,2,2,0.67,1,0,1,1,1,5
Rudolf Buerger,Rumania,1930,-,Defensor,2,2,0,0,0,0.00,0,0,1,0,1,8
Rudolf Buerger,Rumania,1938,-,Defensor,2,2,0,0,0,0.00,0,0,0,1,1,9
Rudolf Gellesch,Alemania,1938,-,Delantero,1,1,0,1,0,0.00,0,0,0,1,0,10
Rudolf Gramlich,Alemania,1934,-,Mediocampista,1,1,0,3,0,0.00,0,0,1,0,0,3
Rudolf Kotormany,Rumania,1934,-,Mediocampista,1,1,0,0,0,0.00,0,0,0,0,1,12
Rudolf Krcil,Checoslovaquia,1934,-,Mediocampista,4,4,0,0,0,0.00,0,0,3,0,1,2
Rudolf Noack,Alemania,1934,-,Delantero,1,1,0,3,1,1.00,0,0,0,0,1,3
Rudolf Raftl,Austria,1934,-,Arquero,0,0,0,4,0,0.00,0,0,0,0,0,4
Rudolf Raftl,Austria,1938,-,Arquero,2,2,0,0,0,0.00,0,0,0,1,1,10
Rudolf Szanwald,Austria,1958,1,Arquero,2,2,0,1,0,0.00,0,0,0,1,1,15
Rudolf Wetzer,Rumania,1930,-,Delantero,2,2,0,0,0,0.00,0,0,1,0,1,8
Ruedi Gyger,Suiza,1950,-,Defensor,0,0,0,3,0,0.00,0,0,0,0,0,6
Ruediger Abramczik,Alemania Occidental,1978,7,Delantero,3,3,0,3,1,0.33,1,0,0,2,1,6
Ruediger Schnuphase,Alemania Oriental,1974,6,Mediocampista,2,2,0,4,0,0.00,0,0,0,1,1,6
Rui Aguas,Portugal,1986,19,Delantero,1,0,0,2,0,0.00,0,0,0,0,1,17
Rui Costa,Portugal,2002,10,Mediocampista,2,1,0,1,1,0.50,1,0,1,0,1,21
Rui Jorge,Portugal,2002,23,Defensor,3,3,0,0,0,0.00,0,0,1,0,2,21
Rui Marques,Angola,2006,15,Defensor,2,0,0,1,0,0.00,0,0,0,2,0,23
Rui Patricio,Portugal,2014,12,Arquero,1,1,0,2,0,0.00,0,0,0,0,1,18
Rui Patricio,Portugal,2018,1,Arquero,4,4,0,0,0,0.00,0,0,1,2,1,13
Rui Patricio,Portugal,2022,1,Arquero,0,0,0,5,0,0.00,0,0,0,0,0,8
Rumen Goranov,Bulgaria,1974,1,Arquero,2,2,0,1,0,0.00,0,0,0,2,0,12
Runar Alex Runarsson,Islandia,2018,13,Arquero,0,0,0,3,0,0.00,0,0,0,0,0,28
Rune Bratseth,Noruega,1994,4,Defensor,3,3,3,0,0,0.00,0,0,1,1,1,17
Rune Carlsson,Suecia,1934,-,Mediocampista,2,2,0,0,0,0.00,0,0,1,0,1,8
Rúrik Gíslason,Islandia,2018,19,Mediocampista,2,1,0,1,0,0.00,0,0,0,1,1,28
Ruslan Nigmatullin,Rusia,2002,1,Arquero,3,3,0,0,0,0.00,0,0,1,0,2,22
Ruslan Pimenov,Rusia,2002,19,Delantero,2,2,0,1,0,0.00,1,0,1,0,1,22
Ruslan Rotan,Ucrania,2006,21,Mediocampista,3,1,0,2,0,0.00,0,0,1,1,1,8
Russell Latapy,Trinidad y Tobago,2006,10,Delantero,1,0,0,2,0,0.00,0,0,0,0,1,27
Russinho,Brasil,1930,-,Delantero,1,1,0,1,0,0.00,0,0,1,0,0,6
Rustu Recber,Turquía,2002,1,Arquero,7,7,0,0,0,0.00,1,0,4,1,2,3
Ruud Geels,Paises Bajos,1974,1,Delantero,0,0,0,7,0,0.00,0,0,0,0,0,2
Ruud Gullit,Paises Bajos,1990,10,Mediocampista,4,4,4,0,1,0.25,0,0,0,3,1,15
Ruud Hesp,Paises Bajos,1998,22,Arquero,0,0,0,7,0,0.00,0,0,0,0,0,4
Ruud Krol,Paises Bajos,1974,12,Defensor,7,7,0,0,1,0.14,0,0,5,1,1,2
Ruud Krol,Paises Bajos,1978,5,Defensor,7,7,7,0,0,0.00,1,0,3,2,2,2
Ruud Van Nistelrooij,Paises Bajos,2006,9,Delantero,3,3,0,1,1,0.33,0,0,2,1,0,11
Ruy,Brasil,1950,-,Mediocampista,1,1,0,5,0,0.00,0,0,0,1,0,2
Ryad Boudebouz,Argelia,2010,7,Mediocampista,1,1,0,2,0,0.00,0,0,0,1,0,28
Ryan Babel,Paises Bajos,2006,21,Delantero,1,0,0,3,0,0.00,0,0,0,1,0,11
Ryan Babel,Paises Bajos,2010,19,Delantero,0,0,0,7,0,0.00,0,0,0,0,0,2
Ryan McGowan,Australia,2014,19,Defensor,3,2,0,0,0,0.00,0,0,0,0,3,30
Ryan Nelsen,Nueva Zelanda,2010,6,Defensor,3,3,3,0,0,0.00,2,0,0,3,0,22
Ryong Woon Kang,Corea del Norte,1966,10,Mediocampista,1,1,0,3,0,0.00,0,0,0,0,1,8
Ryota Oshima,Japón,2018,18,Mediocampista,0,0,0,4,0,0.00,0,0,0,0,0,15
Ryszard Komornicki,Polonia,1986,13,Mediocampista,3,3,0,1,0,0.00,0,0,1,1,1,14
Ryszard Piec,Polonia,1938,-,Delantero,1,1,0,0,0,0.00,0,0,0,0,1,11
Ryszard Tarasiewicz,Polonia,1986,7,Mediocampista,1,1,0,3,0,0.00,0,0,0,0,1,14
Ryuzo Morioka,Japón,2002,4,Defensor,1,1,1,3,0,0.00,0,0,0,1,0,9
Saad Al Harthi,Arabia Saudita,2006,11,Delantero,1,1,0,2,0,0.00,0,0,0,0,1,28
Saad Al Hutti,Kuwait,1982,6,Mediocampista,3,3,3,0,0,0.00,0,0,0,1,2,21
Saad Al Sheeb,Catar,2022,1,Arquero,1,1,0,2,0,0.00,1,0,0,0,1,32
Saad Samir,Egipto,2018,20,Defensor,0,0,0,3,0,0.00,0,0,0,0,0,31
Saber Eid,Egipto,1990,15,Mediocampista,0,0,0,3,0,0.00,0,0,0,0,0,20
Saber Khalifa,Túnez,2018,19,Delantero,1,0,0,2,0,0.00,0,0,0,0,1,24
Sabri Jaballah,Túnez,1998,20,Defensor,0,0,0,3,0,0.00,0,0,0,0,0,26
Saddam Karim,Iraq,1986,9,Delantero,2,2,0,1,0,0.00,1,0,0,0,2,23
Sadegh Moharrami,Irán,2022,2,Defensor,1,1,0,2,0,0.00,0,0,0,0,1,26
Sadio Mané,Senegal,2018,10,Delantero,3,3,2,0,1,0.33,0,0,1,1,1,17
Sadouk Sassi,Túnez,1978,1,Arquero,0,0,0,3,0,0.00,0,0,0,0,0,9
Saeid Ezatolahi,Irán,2018,6,Mediocampista,2,2,0,1,0,0.00,0,0,0,1,1,18
Saeid Ezatolahi,Irán,2022,6,Mediocampista,3,2,0,0,0,0.00,0,0,1,0,2,26
Safet Susic,Yugoslavia,1982,13,Delantero,3,3,0,0,0,0.00,0,0,1,1,1,16
Safet Susic,Yugoslavia,1990,8,Mediocampista,5,5,0,0,1,0.20,0,0,3,1,1,5
Said Al Owayran,Arabia Saudita,1994,10,Delantero,4,4,0,0,1,0.25,0,0,2,0,2,12
Said Al Owayran,Arabia Saudita,1998,10,Delantero,2,2,0,1,0,0.00,0,0,0,0,2,28
Said Chiba,Marruecos,1998,8,Mediocampista,2,2,0,1,0,0.00,2,0,0,1,1,18
Said Dghay,Marruecos,1994,12,Arquero,0,0,0,3,0,0.00,0,0,0,0,0,23
Said Hussein,Iraq,1986,10,Delantero,1,1,0,2,0,0.00,0,0,0,0,1,23
Saîf-Eddine Khaoui,Túnez,2018,7,Delantero,1,1,0,2,0,0.00,0,0,0,0,1,24
Salah Assad,Argelia,1982,7,Delantero,3,3,0,0,2,0.67,0,0,2,0,1,13
Salah Assad,Argelia,1986,7,Delantero,2,2,0,1,0,0.00,0,0,0,1,1,22
Salah Karoui,Túnez,1978,14,Delantero,1,0,0,2,0,0.00,0,0,1,0,0,9
Salah Larbes,Argelia,1982,12,Defensor,2,1,0,1,0,0.00,0,0,2,0,0,13
Salaheddine Bassir,Marruecos,1998,14,Delantero,3,3,0,0,2,0.67,0,0,1,1,1,18
Salaheddine Hmied,Marruecos,1986,12,Arquero,0,0,0,4,0,0.00,0,0,0,0,0,11
Saleh Al Dawood,Arabia Saudita,1994,15,Defensor,0,0,0,4,0,0.00,0,0,0,0,0,12
Saleh Al-Shehri,Arabia Saudita,2022,11,Delantero,3,3,0,0,1,0.33,1,0,1,0,2,25
Salem Al-Dawsari,Arabia Saudita,2018,18,Mediocampista,3,3,0,0,1,0.33,0,0,1,0,2,26
Salem Al-Dawsari,Arabia Saudita,2022,10,Delantero,3,3,2,0,2,0.67,1,0,1,0,2,25
Salem Al-Hajri,Catar,2022,20,Mediocampista,0,0,0,3,0,0.00,0,0,0,0,0,32
Salif Diao,Senegal,2002,15,Mediocampista,3,3,0,2,1,0.33,1,1,1,1,1,7
Salif Sané,Senegal,2018,6,Mediocampista,3,3,0,0,0,0.00,1,0,1,1,1,17
Salis Abdul Samed,Ghana,2022,21,Mediocampista,3,3,0,0,0,0.00,0,0,1,0,2,24
Salman Al-Faraj,Arabia Saudita,2018,7,Mediocampista,3,3,0,0,1,0.33,0,0,1,0,2,26
Salman Al-Faraj,Arabia Saudita,2022,7,Mediocampista,1,1,1,2,0,0.00,0,0,1,0,0,25
Salomon Kalou,Costa de Marfil,2010,8,Delantero,3,2,0,0,1,0.33,0,0,1,1,1,17
Salomon Kalou,Costa de Marfil,2014,8,Delantero,3,2,0,0,0,0.00,1,0,1,0,2,21
Salomon Olembe,Camerún,1998,20,Mediocampista,3,2,0,0,0,0.00,0,0,0,2,1,25
Salomon Olembe,Camerún,2002,20,Defensor,3,2,0,0,0,0.00,1,0,1,1,1,20
Salvador Cabañas,Paraguay,2006,7,Mediocampista,0,0,0,3,0,0.00,0,0,0,0,0,18
Salvador Carmona,México,1998,18,Defensor,2,1,0,2,0,0.00,1,0,0,1,1,13
Salvador Carmona,México,2002,16,Defensor,4,4,0,0,0,0.00,1,0,2,1,1,11
Salvador Farfan,México,1962,16,Mediocampista,0,0,0,3,0,0.00,0,0,0,0,0,11
Salvador Flamenco Cabezas,El Salvador,1970,10,Delantero,3,3,0,0,0,0.00,1,0,0,0,3,16
Salvador Flores,Paraguay,1930,-,Defensor,1,1,0,1,0,0.00,0,0,1,0,0,9
Salvador Mariona,El Salvador,1970,3,Defensor,3,3,3,0,0,0.00,1,0,0,0,3,16
Salvador Mota,México,1954,12,Arquero,1,1,0,1,0,0.00,0,0,0,0,1,13
Salvador Reyes,México,1958,8,Delantero,3,3,0,0,0,0.00,0,0,0,1,2,16
Salvador Reyes,México,1962,8,Delantero,3,3,0,0,0,0.00,0,0,1,0,2,11
Salvador Reyes,México,1966,19,Delantero,3,3,0,0,0,0.00,0,0,0,2,1,12
Salvador Sadurni,España,1962,2,Arquero,0,0,0,3,0,0.00,0,0,0,0,0,12
Salvador Villalba,Paraguay,1958,5,Mediocampista,3,3,0,0,0,0.00,0,0,1,1,1,12
Salvatore Bagni,Italia,1986,10,Mediocampista,4,4,0,0,0,0.00,1,0,1,2,1,12
Salvatore Bocchetti,Italia,2010,13,Defensor,0,0,0,3,0,0.00,0,0,0,0,0,26
Salvatore Schillaci,Italia,1990,19,Delantero,7,5,0,0,6,0.86,0,0,6,1,0,3
Salvatore Sirigu,Italia,2014,12,Arquero,1,1,0,2,0,0.00,0,0,1,0,0,22
Sam Adekugbe,Canadá,2022,3,Defensor,3,1,0,0,0,0.00,1,0,0,0,3,31
Sam Malcolmson,Nueva Zelanda,1982,11,Defensor,1,1,0,2,0,0.00,0,0,0,0,1,23
Sam Mcilroy,Irlanda del Norte,1982,10,Mediocampista,5,5,0,0,0,0.00,1,0,1,3,1,9
Sam Mcilroy,Irlanda del Norte,1986,8,Mediocampista,3,3,3,0,0,0.00,1,0,0,1,2,21
Sam Morsy,Egipto,2018,5,Mediocampista,1,0,0,2,0,0.00,1,0,0,0,1,31
Sam Soo Kim,Corea del Sur,1986,18,Mediocampista,0,0,0,3,0,0.00,0,0,0,0,0,20
Saman Ghoddos,Irán,2018,14,Delantero,3,0,0,0,0,0.00,0,0,1,1,1,18
Saman Ghoddos,Irán,2022,14,Mediocampista,1,0,0,2,0,0.00,0,0,0,0,1,26
Sami Al Hashash,Kuwait,1982,15,Defensor,0,0,0,3,0,0.00,0,0,0,0,0,21
Sami Al Jaber,Arabia Saudita,1994,12,Delantero,2,2,0,2,1,0.50,0,0,1,0,1,12
Sami Al Jaber,Arabia Saudita,1998,9,Delantero,3,3,0,0,1,0.33,1,0,0,1,2,28
Sami Al Jaber,Arabia Saudita,2002,9,Delantero,1,1,1,2,0,0.00,0,0,0,0,1,32
Sami Al Jaber,Arabia Saudita,2006,9,Delantero,3,1,1,0,1,0.33,1,0,0,1,2,28
Sami Al-Najei,Arabia Saudita,2022,16,Mediocampista,1,1,0,2,0,0.00,0,0,0,0,1,25
Sami Khedira,Alemania,2010,6,Mediocampista,7,7,0,0,1,0.14,1,0,5,0,2,3
Sami Khedira,Alemania,2014,6,Mediocampista,5,4,0,2,1,0.20,1,0,4,1,0,1
Sami Khedira,Alemania,2018,6,Mediocampista,2,2,0,1,0,0.00,0,0,0,0,2,22
Sami Trabelsi,Túnez,1998,3,Defensor,3,3,3,0,0,0.00,0,0,0,1,2,26
Samir Handanovic,Eslovenia,2010,1,Arquero,3,3,0,0,0,0.00,0,0,1,1,1,18
Sammir,Croacia,2014,19,Mediocampista,1,1,0,2,0,0.00,0,0,1,0,0,19
Sammy Adjei,Ghana,2006,1,Arquero,0,0,0,4,0,0.00,0,0,0,0,0,13
Sammy Baird,Escocia,1958,13,Mediocampista,1,1,0,2,1,1.00,0,0,0,0,1,14
Sammy Bossut,Bélgica,2014,13,Arquero,0,0,0,5,0,0.00,0,0,0,0,0,6
Sammy Chapman,Irlanda del Norte,1958,20,Mediocampista,0,0,0,5,0,0.00,0,0,0,0,0,7
Sammy Mccrory,Irlanda del Norte,1958,15,Delantero,0,0,0,5,0,0.00,0,0,0,0,0,7
Sammy Ndjock,Camerún,2014,23,Arquero,0,0,0,3,0,0.00,0,0,0,0,0,32
Sammy Nelson,Irlanda del Norte,1982,13,Defensor,2,1,0,3,0,0.00,0,0,1,1,0,9
Samson Siasia,Nigeria,1994,12,Delantero,3,3,0,1,1,0.33,0,0,2,0,1,9
Samuel Aguilar,Paraguay,1958,12,Arquero,2,2,0,1,0,0.00,0,0,1,1,0,12
Samuel Cuburu,México,1950,-,Mediocampista,1,1,0,2,0,0.00,0,0,0,0,1,12
Samuel Ekeme,Camerún,1994,4,Defensor,0,0,0,3,0,0.00,0,0,0,0,0,22
Samuel Eto'o,Camerún,1998,11,Delantero,1,0,0,2,0,0.00,0,0,0,0,1,25
Samuel Eto'o,Camerún,2002,9,Delantero,3,3,0,0,1,0.33,0,0,1,1,1,20
Samuel Eto'o,Camerún,2010,9,Delantero,3,3,3,0,2,0.67,0,0,0,0,3,31
Samuel Eto'o,Camerún,2014,9,Delantero,1,1,1,2,0,0.00,0,0,0,0,1,32
Samúel Fridjónsson,Islandia,2018,3,Mediocampista,0,0,0,3,0,0.00,0,0,0,0,0,28
Samuel Inkoom,Ghana,2010,7,Defensor,2,2,0,3,0,0.00,0,0,1,1,0,7
Samuel Inkoom,Ghana,2014,2,Defensor,0,0,0,3,0,0.00,0,0,0,0,0,25
Samuel Ipoua,Camerún,1998,18,Delantero,2,2,0,1,0,0.00,1,0,0,1,1,25
Samuel Kuffour,Ghana,2006,4,Defensor,1,1,0,3,0,0.00,0,0,0,0,1,13
Samuel Oum Gouet,Camerún,2022,14,Mediocampista,2,1,0,1,0,0.00,0,0,0,1,1,19
Samuel Piette,Canadá,2022,6,Mediocampista,0,0,0,3,0,0.00,0,0,0,0,0,31
Samuel Umtiti,Francia,2018,5,Defensor,6,6,0,1,1,0.17,0,0,6,0,0,1
Samuel Zauber,Rumania,1930,-,Arquero,0,0,0,2,0,0.00,0,0,0,0,0,8
Sander Boschker,Paises Bajos,2010,22,Arquero,0,0,0,7,0,0.00,0,0,0,0,0,2
Sandor Biro,Hungría,1934,-,Defensor,0,0,0,2,0,0.00,0,0,0,0,0,6
Sandor Biro,Hungría,1938,-,Defensor,4,4,0,0,0,0.00,0,0,3,0,1,2
Sandor Geller,Hungría,1954,21,Arquero,0,0,0,5,0,0.00,0,0,0,0,0,2
Sandor Gujdar,Hungría,1978,1,Arquero,2,2,0,1,0,0.00,0,0,0,0,2,15
Sandor Kocsis,Hungría,1954,8,Delantero,5,5,0,0,11,2.20,0,0,4,0,1,2
Sandor Matrai,Hungría,1958,2,Defensor,4,4,0,0,0,0.00,0,0,1,1,2,10
Sandor Matrai,Hungría,1962,2,Defensor,4,4,0,0,0,0.00,0,0,2,1,1,5
Sandor Matrai,Hungría,1966,3,Defensor,4,4,0,0,0,0.00,0,0,2,0,2,6
Sandor Muller,Hungría,1982,5,Mediocampista,2,2,0,1,0,0.00,0,0,1,1,0,14
Sandor Pinter,Hungría,1978,10,Mediocampista,3,3,0,0,0,0.00,0,0,0,0,3,15
Sandor Sallai,Hungría,1982,14,Defensor,3,2,0,0,0,0.00,0,0,1,1,1,14
Sandor Sallai,Hungría,1986,2,Defensor,3,3,0,0,0,0.00,0,0,1,0,2,18
Sandor Zombori,Hungría,1978,5,Mediocampista,3,3,0,0,1,0.33,1,0,0,0,3,15
Sandro Cois,Italia,1998,13,Mediocampista,0,0,0,5,0,0.00,0,0,0,0,0,5
Sandro Mazzola,Italia,1966,14,Mediocampista,3,3,0,0,1,0.33,0,0,1,0,2,9
Sandro Mazzola,Italia,1970,15,Mediocampista,6,6,0,0,0,0.00,0,0,3,2,1,2
Sandro Mazzola,Italia,1974,7,Mediocampista,3,3,0,0,0,0.00,0,0,1,1,1,10
Sandro Salvadore,Italia,1962,4,Defensor,3,3,0,0,0,0.00,0,0,1,1,1,9
Sandro Salvadore,Italia,1966,22,Defensor,2,2,2,1,0,0.00,0,0,1,0,1,9
Sandy Jardine,Escocia,1974,2,Defensor,3,3,0,0,0,0.00,0,0,1,2,0,9
Sandy Jardine,Escocia,1978,2,Defensor,1,1,0,2,0,0.00,0,0,0,1,0,11
Sang Bum Gu,Corea del Sur,1990,17,Defensor,2,2,0,1,0,0.00,0,0,0,0,2,22
Sang Bum Gu,Corea del Sur,1994,17,Mediocampista,0,0,0,3,0,0.00,0,0,0,0,0,20
Sang Chul Yoo,Corea del Sur,1998,6,Defensor,3,3,3,0,1,0.33,0,0,0,1,2,30
Sang Chul Yoo,Corea del Sur,2002,6,Mediocampista,7,7,0,0,1,0.14,1,0,3,2,2,4
Sang-ho Na,Corea del Sur,2022,17,Mediocampista,2,1,0,2,0,0.00,0,0,0,1,1,16
Sang Hun Lee,Corea del Sur,1998,12,Defensor,1,1,0,2,0,0.00,0,0,0,1,0,30
Sang Kwon Woo,Corea del Sur,1954,9,Delantero,2,2,0,0,0,0.00,0,0,0,0,2,16
Sang Sik Kim,Corea del Sur,2006,18,Defensor,2,0,0,1,0,0.00,0,0,1,1,0,17
Sang Yi Lee,Corea del Sur,1954,5,Mediocampista,0,0,0,2,0,0.00,0,0,0,0,0,16
Sang Yoon Lee,Corea del Sur,1990,10,Mediocampista,0,0,0,3,0,0.00,0,0,0,0,0,22
Sang Yoon Lee,Corea del Sur,1998,15,Mediocampista,2,2,0,1,0,0.00,0,0,0,0,2,30
Sani Kaita,Nigeria,2010,14,Mediocampista,2,2,0,1,0,0.00,0,1,0,0,2,27
Sanny Aslund,Suecia,1978,21,Delantero,0,0,0,3,0,0.00,0,0,0,0,0,13
Santiago Arias,Colombia,2014,4,Defensor,3,1,0,2,0,0.00,0,0,3,0,0,5
Santiago Arias,Colombia,2018,4,Defensor,4,4,0,0,0,0.00,1,0,2,1,1,9
Santiago Benitez,Paraguay,1930,-,Mediocampista,1,1,0,1,0,0.00,0,0,1,0,0,9
Santiago Canizares,España,1994,13,Arquero,1,1,0,4,0,0.00,0,0,0,1,0,8
Santiago Canizares,España,1998,13,Arquero,0,0,0,3,0,0.00,0,0,0,0,0,17
Santiago Canizares,España,2006,19,Arquero,1,1,0,3,0,0.00,0,0,1,0,0,9
Santiago Cazorla,España,2014,20,Mediocampista,2,1,0,1,0,0.00,0,0,1,0,1,23
Santiago Mendez Cortes,El Salvador,1970,4,Defensor,2,1,0,1,0,0.00,0,0,0,0,2,16
Santiago Ostolaza,Uruguay,1990,8,Mediocampista,3,3,0,1,0,0.00,1,0,1,0,2,16
Santiago Santamaria,Argentina,1982,17,Delantero,2,0,0,3,0,0.00,0,0,1,0,1,11
Santiago Urquiaga,España,1982,12,Defensor,2,2,0,3,0,0.00,0,0,0,1,1,12
Santillana,España,1978,10,Delantero,2,2,0,1,0,0.00,0,0,1,1,0,10
Santillana,España,1982,19,Delantero,2,2,0,3,0,0.00,0,0,0,1,1,12
Santos,Túnez,2006,11,Delantero,1,0,0,2,0,0.00,0,0,0,0,1,24
Santos Urdinaran,Uruguay,1930,-,Delantero,1,1,0,3,0,0.00,0,0,1,0,0,1
Sao Nam Li,Corea del Sur,1954,7,Delantero,1,1,0,1,0,0.00,0,0,0,0,1,16
Saphir Taïder,Argelia,2014,19,Mediocampista,2,2,0,2,0,0.00,0,0,0,0,2,14
Sardar Azmoun,Irán,2018,20,Delantero,3,3,0,0,0,0.00,1,0,1,1,1,18
Sardar Azmoun,Irán,2022,20,Delantero,3,2,0,0,0,0.00,0,0,1,0,2,26
Sargun Burhan,Turquía,1954,10,Delantero,2,2,0,1,3,1.50,0,0,1,0,1,11
Sasa Gajser,Eslovenia,2002,14,Mediocampista,1,0,0,2,0,0.00,0,0,0,0,1,30
Sasa Ilic,Serbia y Montenegro,2006,22,Mediocampista,1,1,0,2,1,1.00,0,0,0,0,1,32
Sasa Lukic,Serbia,2022,16,Mediocampista,3,3,0,0,0,0.00,2,0,0,1,2,29
Satar Hamedani,Irán,1998,18,Mediocampista,0,0,0,3,0,0.00,0,0,0,0,0,20
Saturnino Martinez,México,1954,4,Defensor,1,1,0,1,0,0.00,0,0,0,0,1,13
Saturnino Osorio,El Salvador,1970,5,Defensor,3,3,0,0,0,0.00,0,0,0,0,3,16
Saud Abdulhamid,Arabia Saudita,2022,12,Defensor,3,3,0,0,0,0.00,1,0,1,0,2,25
Saud Kariri,Arabia Saudita,2006,14,Mediocampista,3,3,0,0,0,0.00,1,0,0,1,2,28
Saúl Ñíguez,España,2018,7,Mediocampista,0,0,0,4,0,0.00,0,0,0,0,0,10
Savo Milosevic,RF de Yugoslavia,1998,17,Delantero,2,2,0,2,0,0.00,0,0,2,0,0,10
Savo Milosevic,RF de Yugoslavia,2006,9,Delantero,3,2,2,0,0,0.00,0,0,0,0,3,32
Savvas Kofidis,Grecia,1994,19,Mediocampista,3,3,0,0,0,0.00,0,0,0,0,3,24
Sayouba Mandé,Costa de Marfil,2014,23,Arquero,0,0,0,3,0,0.00,0,0,0,0,0,21
Schubert Gambetta,Uruguay,1950,-,Defensor,2,2,0,2,0,0.00,0,0,2,0,0,1
Scot Gemmill,Escocia,1998,15,Mediocampista,0,0,0,3,0,0.00,0,0,0,0,0,27
Scott Booth,Escocia,1998,20,Delantero,1,0,0,2,0,0.00,0,0,0,0,1,27
Scott Carson,Inglaterra,2006,22,Arquero,0,0,0,5,0,0.00,0,0,0,0,0,7
Scott Chipperfield,Australia,2006,14,Defensor,4,4,0,0,0,0.00,0,0,1,1,2,16
Scott Chipperfield,Australia,2010,11,Defensor,3,1,0,0,0,0.00,0,0,1,1,1,21
Se Bok An,Corea del Norte,1966,21,Delantero,0,0,0,4,0,0.00,0,0,0,0,0,8
Se-jong Ju,Corea del Sur,2018,8,Mediocampista,2,1,0,1,0,0.00,0,0,1,0,1,19
Sead Kolasinac,Bosnia-Herzegovina,2014,5,Defensor,2,2,0,1,0,0.00,0,0,1,0,1,20
Sean Johnson,Estados Unidos,2022,25,Arquero,0,0,0,4,0,0.00,0,0,0,0,0,14
Sebastian Abreu,Uruguay,2002,13,Delantero,3,3,0,0,0,0.00,1,0,0,2,1,26
Sebastian Abreu,Uruguay,2010,13,Delantero,4,0,0,3,0,0.00,0,0,0,2,2,4
Sebastián Coates,Uruguay,2014,19,Defensor,1,0,0,3,0,0.00,0,0,1,0,0,12
Sebastián Coates,Uruguay,2018,19,Defensor,1,1,0,4,0,0.00,0,0,1,0,0,5
Sebastián Coates,Uruguay,2022,19,Defensor,2,2,0,1,0,0.00,1,0,1,0,1,20
Sebastian Eguren,Uruguay,2010,8,Mediocampista,1,0,0,6,0,0.00,0,0,0,1,0,4
Sebastian Fernandez,Uruguay,2010,21,Delantero,2,0,0,5,0,0.00,0,0,1,0,1,4
Sebastian Kehl,Alemania,2002,15,Defensor,2,1,0,5,0,0.00,1,0,2,0,0,2
Sebastian Kehl,Alemania,2006,5,Mediocampista,4,2,0,3,0,0.00,0,0,3,0,1,3
Sebastian Larsson,Suecia,2018,7,Mediocampista,4,4,0,1,0,0.00,3,0,2,0,2,7
Sebastian Mila,Polonia,2006,13,Mediocampista,0,0,0,3,0,0.00,0,0,0,0,0,21
Sebastian Rudy,Alemania,2018,19,Mediocampista,1,1,0,2,0,0.00,0,0,1,0,0,22
Sebastián Sosa,Uruguay,2022,12,Arquero,0,0,0,3,0,0.00,0,0,0,0,0,20
Sebastian Szymański,Polonia,2022,19,Mediocampista,2,2,0,2,0,0.00,0,0,0,1,1,15
Sebastiano Nela,Italia,1986,5,Defensor,0,0,0,4,0,0.00,0,0,0,0,0,12
Sebastien Bassong,Camerún,2010,5,Defensor,2,2,0,1,0,0.00,1,0,0,0,2,31
Sebastien Fournier,Suiza,1994,17,Mediocampista,0,0,0,4,0,0.00,0,0,0,0,0,15
Sebastien Squillaci,Francia,2010,17,Defensor,1,1,0,2,0,0.00,0,0,0,0,1,29
Sebastijan Cimirotic,Eslovenia,2002,21,Delantero,3,2,0,0,1,0.33,1,0,0,0,3,30
See Han Tan,Indias Orientales Holand.,1938,-,Delantero,0,0,0,1,0,0.00,0,0,0,0,0,15
Segundo Castillo,Ecuador,2006,14,Mediocampista,3,3,0,1,0,0.00,1,0,2,0,1,12
Segundo Durandal,Bolivia,1930,-,Defensor,2,2,0,0,0,0.00,0,0,0,0,2,12
Seifeddine Jaziri,Túnez,2022,19,Delantero,0,0,0,3,0,0.00,0,0,0,0,0,21
Seigo Narazaki,Japón,1998,21,Arquero,0,0,0,3,0,0.00,0,0,0,0,0,31
Seigo Narazaki,Japón,2002,12,Arquero,4,4,0,0,0,0.00,0,0,2,1,1,9
Seigo Narazaki,Japón,2006,1,Arquero,0,0,0,3,0,0.00,0,0,0,0,0,29
Seigo Narazaki,Japón,2010,1,Arquero,0,0,0,4,0,0.00,0,0,0,0,0,9
Seiichiro Maki,Japón,2006,11,Delantero,1,1,0,2,0,0.00,0,0,0,0,1,29
Sejad Salihovic,Bosnia-Herzegovina,2014,23,Mediocampista,2,0,0,1,0,0.00,0,0,1,0,1,20
Selim Amallah,Marruecos,2022,15,Mediocampista,7,4,0,0,0,0.00,1,0,3,2,2,4
Senad Lulic,Bosnia-Herzegovina,2014,16,Mediocampista,2,2,0,1,0,0.00,0,0,0,0,2,20
Senad Tiganj,Eslovenia,2002,16,Delantero,1,0,0,2,0,0.00,0,0,0,0,1,30
Senijad Ibricic,Bosnia-Herzegovina,2014,17,Mediocampista,0,0,0,3,0,0.00,0,0,0,0,0,20
Seny Dieng,Senegal,2022,1,Arquero,0,0,0,4,0,0.00,0,0,0,0,0,10
Seok-Ho Hwang,Corea del Sur,2014,6,Defensor,1,0,0,2,0,0.00,0,0,0,1,0,27
Seok Ju Ha,Corea del Sur,1994,16,Mediocampista,2,0,0,1,0,0.00,0,0,0,2,0,20
Seok Ju Ha,Corea del Sur,1998,17,Mediocampista,2,2,0,1,1,0.50,0,1,0,1,1,30
Seon-min Moon,Corea del Sur,2018,18,Mediocampista,2,2,0,1,0,0.00,1,0,1,0,1,19
Sepp Huegi,Suiza,1954,18,Delantero,3,3,0,1,6,2.00,0,0,2,0,1,5
Sepp Maier,Alemania Occidental,1966,22,Arquero,0,0,0,6,0,0.00,0,0,0,0,0,2
Sepp Maier,Alemania Occidental,1970,1,Arquero,5,5,0,1,0,0.00,0,0,4,0,1,3
Sepp Maier,Alemania Occidental,1974,1,Arquero,7,7,0,0,0,0.00,0,0,6,0,1,1
Sepp Maier,Alemania Occidental,1978,1,Arquero,6,6,0,0,0,0.00,1,0,1,4,1,6
Serdar Tasci,Alemania,2010,5,Defensor,1,0,0,6,0,0.00,0,0,1,0,0,3
Seren Turgay,Turquía,1954,1,Arquero,2,2,2,1,0,0.00,0,0,1,0,1,11
Serey Die,Costa de Marfil,2014,20,Mediocampista,3,3,0,0,0,0.00,1,0,1,0,2,21
Serge Aurier,Costa de Marfil,2014,17,Defensor,3,3,0,0,0,0.00,0,0,1,0,2,21
Serge Ducoste,Haití,1974,5,Defensor,1,1,0,2,0,0.00,0,0,0,0,1,15
Serge Gnabry,Alemania,2022,10,Delantero,3,3,0,0,1,0.33,0,0,1,1,1,17
Serge Racine,Haití,1974,13,Mediocampista,2,1,0,1,0,0.00,0,0,0,0,2,15
Sergei Aleinikov,URSS,1986,20,Mediocampista,4,4,0,0,1,0.25,0,0,2,1,1,10
Sergei Aleinikov,URSS,1990,7,Mediocampista,3,3,0,0,0,0.00,0,0,1,0,2,17
Sergei Andreyev,URSS,1982,15,Delantero,3,0,0,2,0,0.00,0,0,0,2,1,7
Sergei Baltacha,URSS,1982,5,Defensor,5,5,0,0,1,0.20,1,0,2,2,1,7
Sergei Borovski,URSS,1982,14,Defensor,3,3,0,2,0,0.00,1,0,1,2,0,7
Sergei Fokin,URSS,1990,19,Defensor,0,0,0,3,0,0.00,0,0,0,0,0,17
Sergei Gorlukovich,URSS,1990,20,Defensor,3,3,0,0,0,0.00,0,0,1,0,2,17
Sergei Gorlukovich,URSS,1994,3,Defensor,2,2,0,1,0,0.00,0,1,0,0,2,18
Sergei Ignashevich,Rusia,2014,4,Defensor,3,3,0,0,0,0.00,0,0,0,2,1,24
Sergei Ignashevich,Rusia,2018,4,Defensor,5,5,0,0,0,0.00,0,0,2,2,1,8
Sergei Kotrikadze,URSS,1962,3,Arquero,0,0,0,4,0,0.00,0,0,0,0,0,6
Sergei Krakovski,URSS,1986,22,Arquero,0,0,0,4,0,0.00,0,0,0,0,0,10
Sergei Rodionov,URSS,1982,21,Delantero,2,0,0,3,0,0.00,0,0,2,0,0,7
Sergei Rodionov,URSS,1986,14,Delantero,4,1,0,0,1,0.25,0,0,2,1,1,10
Sergei Ryzhikov,Rusia,2014,16,Arquero,0,0,0,3,0,0.00,0,0,0,0,0,24
Sergei Salnikov,URSS,1958,10,Delantero,3,3,0,2,0,0.00,0,0,1,1,1,6
Sergei Semak,Rusia,2002,17,Mediocampista,0,0,0,3,0,0.00,0,0,0,0,0,22
Sergei Yuran,Rusia,1994,22,Delantero,1,1,0,2,0,0.00,0,0,0,0,1,18
Sergej Milinković-Savić,Serbia,2018,20,Mediocampista,3,3,0,0,0,0.00,1,0,1,0,2,23
Sergej Milinković-Savić,Serbia,2022,20,Mediocampista,3,3,0,0,1,0.33,1,0,0,1,2,29
Sergi,España,1994,12,Defensor,5,5,0,0,0,0.00,0,0,2,2,1,8
Sergi,España,1998,12,Defensor,3,3,0,0,0,0.00,1,0,1,1,1,17
Serginho,Brasil,1982,9,Delantero,5,5,0,0,2,0.40,0,0,4,0,1,5
Sergiño Dest,Estados Unidos,2022,2,Defensor,4,4,0,0,0,0.00,1,0,1,2,1,14
Sergio,España,2002,18,Mediocampista,1,0,0,4,0,0.00,0,0,1,0,0,5
Sergio Agüero,Argentina,2010,16,Delantero,3,1,0,2,0,0.00,0,0,2,0,1,5
Sergio Agüero,Argentina,2014,20,Delantero,5,3,0,2,0,0.00,1,0,3,1,1,2
Sergio Agüero,Argentina,2018,19,Delantero,4,2,0,0,2,0.50,0,0,1,1,2,16
Sergio Ahumada,Chile,1974,9,Delantero,3,3,0,0,1,0.33,0,0,0,2,1,11
Sergio Almiron,Argentina,1986,1,Delantero,0,0,0,7,0,0.00,0,0,0,0,0,1
Sergio Batista,Argentina,1986,2,Mediocampista,7,7,0,0,0,0.00,1,0,6,1,0,1
Sergio Batista,Argentina,1990,2,Mediocampista,4,3,0,3,0,0.00,2,0,1,2,1,2
Sergio Berti,Argentina,1998,16,Mediocampista,2,0,0,3,0,0.00,0,0,1,1,0,6
Sergio Bertoni,Italia,1938,-,Delantero,0,0,0,4,0,0.00,0,0,0,0,0,1
Sergio Bravo,México,1954,13,Defensor,0,0,0,2,0,0.00,0,0,0,0,0,13
Sergio Busquets,España,2010,16,Mediocampista,7,7,0,0,0,0.00,1,0,6,0,1,1
Sergio Busquets,España,2014,16,Mediocampista,2,2,0,1,0,0.00,0,0,0,0,2,23
Sergio Busquets,España,2018,5,Mediocampista,4,4,0,0,0,0.00,1,0,1,3,0,10
Sergio Busquets,España,2022,5,Mediocampista,4,4,4,0,0,0.00,1,0,1,2,1,13
Sergio Cervato,Italia,1954,14,Defensor,0,0,0,3,0,0.00,0,0,0,0,0,10
Sergio Conceicao,Portugal,2002,11,Delantero,3,3,0,0,0,0.00,0,0,1,0,2,21
Sergio Gori,Italia,1970,19,Delantero,1,0,0,5,0,0.00,0,0,1,0,0,2
Sergio Goycochea,Argentina,1990,12,Arquero,6,5,0,1,0,0.00,1,0,2,3,1,2
Sergio Goycochea,Argentina,1994,1,Arquero,0,0,0,4,0,0.00,0,0,0,0,0,10
Sergio Livingstone,Chile,1950,-,Arquero,3,3,3,0,0,0.00,0,0,1,0,2,9
Sergio Martinez,Uruguay,1990,17,Delantero,1,1,0,3,0,0.00,0,0,1,0,0,16
Sergio Mendez,El Salvador,1970,19,Mediocampista,2,1,0,1,0,0.00,1,0,0,0,2,16
Sergio Mendoza,Honduras,2010,23,Defensor,2,2,0,1,0,0.00,0,0,0,0,2,30
Sergio Navarro,Chile,1962,4,Defensor,4,4,4,2,0,0.00,0,0,3,0,1,3
Sergio Ramos,España,2006,15,Defensor,3,3,0,1,0,0.00,0,0,2,0,1,9
Sergio Ramos,España,2010,15,Defensor,7,7,0,0,0,0.00,1,0,6,0,1,1
Sergio Ramos,España,2014,15,Defensor,3,3,1,0,0,0.00,1,0,1,0,2,23
Sergio Ramos,España,2018,15,Defensor,4,4,4,0,0,0.00,0,0,1,3,0,10
Sergio Rochet,Uruguay,2022,23,Arquero,3,3,0,0,0,0.00,0,0,1,1,1,20
Sergio Romero,Argentina,2010,22,Arquero,5,5,0,0,0,0.00,0,0,4,0,1,5
Sergio Romero,Argentina,2014,1,Arquero,7,7,0,0,0,0.00,0,0,5,1,1,2
Sergio Santin,Uruguay,1986,11,Mediocampista,4,4,0,0,0,0.00,1,0,0,2,2,16
Sergio Valdes,Chile,1962,13,Defensor,0,0,0,6,0,0.00,0,0,0,0,0,3
Sergio Vazquez,Argentina,1994,2,Defensor,0,0,0,4,0,0.00,0,0,0,0,0,10
Sergiy Nazarenko,Ucrania,2006,18,Mediocampista,0,0,0,5,0,0.00,0,0,0,0,0,8
Serhiy Rebrov,Ucrania,2006,11,Mediocampista,4,2,0,1,1,0.25,0,0,2,1,1,8
Seung-gyu Kim,Corea del Sur,2014,21,Arquero,1,1,0,2,0,0.00,0,0,0,0,1,27
Seung-gyu Kim,Corea del Sur,2018,1,Arquero,0,0,0,3,0,0.00,0,0,0,0,0,19
Seung-gyu Kim,Corea del Sur,2022,1,Arquero,4,4,0,0,0,0.00,0,0,1,1,2,16
Seung-ho Paik,Corea del Sur,2022,8,Mediocampista,1,0,0,3,1,1.00,0,0,0,0,1,16
Seung Hwi Im,Corea del Norte,1966,6,Mediocampista,4,4,0,0,0,0.00,0,0,1,1,2,8
Seung-hyun Jung,Corea del Sur,2018,3,Defensor,0,0,0,3,0,0.00,0,0,0,0,0,19
Seung Il Kim,Corea del Norte,1966,12,Delantero,2,2,0,2,0,0.00,0,0,0,1,1,8
Seung Kook Yang,Corea del Norte,1966,15,Delantero,2,2,0,2,1,0.50,0,0,1,0,1,8
Seung-woo Lee,Corea del Sur,2018,10,Mediocampista,2,0,0,1,0,0.00,1,0,0,0,2,19
Seung Woon Ke,Corea del Norte,1966,18,Delantero,0,0,0,4,0,0.00,0,0,0,0,0,8
Seung Yeoul Lee,Corea del Sur,2010,11,Delantero,1,0,0,3,0,0.00,0,0,1,0,0,15
Seung Zin Pak,Corea del Norte,1966,8,Delantero,4,4,4,0,2,0.50,0,0,1,1,2,8
Severino Minelli,Suiza,1934,-,Defensor,2,2,2,0,0,0.00,0,0,1,0,1,7
Severino Minelli,Suiza,1938,-,Defensor,2,2,2,1,0,0.00,0,0,1,1,0,6
Severino Reijia,España,1962,16,Defensor,1,1,0,2,0,0.00,0,0,0,0,1,12
Severino Reijia,España,1966,15,Defensor,2,2,0,1,0,0.00,0,0,1,0,1,10
Seweryn Gancarczyk,Polonia,2006,3,Defensor,0,0,0,3,0,0.00,0,0,0,0,0,21
Seydou Doumbia,Costa de Marfil,2010,7,Delantero,1,0,0,2,0,0.00,0,0,1,0,0,17
Shaka Hislop,Trinidad y Tobago,2006,1,Arquero,2,2,0,1,0,0.00,1,0,0,1,1,27
Shaker Nadhum,Iraq,1986,4,Defensor,3,3,0,0,0,0.00,1,0,0,0,3,23
Shaker Samir,Iraq,1986,5,Defensor,2,2,0,1,0,0.00,2,0,0,0,2,23
Shane Smeltz,Nueva Zelanda,2010,9,Delantero,3,3,0,0,1,0.33,0,0,0,3,0,22
Shaquell Moore,Estados Unidos,2022,18,Defensor,2,0,0,2,0,0.00,0,0,1,1,0,14
Shaun Bartlett,Sudáfrica,1998,9,Delantero,3,2,0,0,2,0.67,0,0,0,2,1,24
Shaun Wright-Phillips,Inglaterra,2010,17,Mediocampista,3,0,0,1,0,0.00,0,0,0,2,1,13
Shay Given,Irlanda,2002,1,Arquero,4,4,0,0,0,0.00,0,0,1,3,0,12
Shehu Abdullahi,Nigeria,2018,12,Defensor,1,1,0,2,0,0.00,0,0,0,0,1,21
Sherif Ekramy,Egipto,2018,16,Arquero,0,0,0,3,0,0.00,0,0,0,0,0,31
Shikabala,Egipto,2018,18,Delantero,0,0,0,3,0,0.00,0,0,0,0,0,31
Shin-Wook Kim,Corea del Sur,2014,18,Delantero,2,1,0,1,0,0.00,0,0,0,0,2,27
Shin-Wook Kim,Corea del Sur,2018,9,Delantero,1,1,0,2,0,0.00,1,0,0,0,1,19
Shinji Kagawa,Japón,2014,10,Mediocampista,3,2,0,0,0,0.00,0,0,0,1,2,29
Shinji Kagawa,Japón,2018,10,Mediocampista,3,3,0,1,1,0.33,0,0,1,1,1,15
Shinji Okazaki,Japón,2010,9,Delantero,4,0,0,0,1,0.25,0,0,2,1,1,9
Shinji Okazaki,Japón,2014,9,Delantero,3,3,0,0,1,0.33,0,0,0,1,2,29
Shinji Okazaki,Japón,2018,9,Delantero,3,1,0,1,0,0.00,0,0,1,1,1,15
Shinji Ono,Japón,1998,11,Mediocampista,1,0,0,2,0,0.00,0,0,0,0,1,31
Shinji Ono,Japón,2002,18,Mediocampista,4,4,0,0,0,0.00,0,0,2,1,1,9
Shinji Ono,Japón,2006,18,Mediocampista,1,0,0,2,0,0.00,0,0,0,0,1,29
Shkodran Mustafi,Alemania,2014,21,Defensor,3,1,0,4,0,0.00,0,0,2,1,0,1
Shmuel Rosenthal,Israel,1970,6,Defensor,3,3,0,0,0,0.00,0,0,0,2,1,12
Shogo Taniguchi,Japón,2022,3,Defensor,2,2,0,2,0,0.00,1,0,1,1,0,9
Shoja Khalilzadeh,Irán,2022,4,Defensor,0,0,0,3,0,0.00,0,0,0,0,0,26
Shoji Jo,Japón,1998,18,Delantero,3,3,0,0,0,0.00,0,0,0,0,3,31
Shola Ameobi,Nigeria,2014,23,Delantero,2,0,0,2,0,0.00,0,0,1,1,0,16
Shraga Bar,Israel,1970,2,Defensor,3,2,0,0,0,0.00,1,0,0,2,1,12
Shu-Aib Walters,Sudáfrica,2010,22,Arquero,0,0,0,3,0,0.00,0,0,0,0,0,20
Shuichi Gonda,Japón,2014,23,Arquero,0,0,0,3,0,0.00,0,0,0,0,0,29
Shuichi Gonda,Japón,2022,12,Arquero,4,4,0,0,0,0.00,0,0,2,1,1,9
Shunsuke Nakamura,Japón,2006,10,Mediocampista,3,3,0,0,1,0.33,0,0,0,1,2,29
Shunsuke Nakamura,Japón,2010,10,Mediocampista,1,0,0,3,0,0.00,0,0,0,0,1,9
Shusaku Nishikawa,Japón,2014,12,Arquero,0,0,0,3,0,0.00,0,0,0,0,0,29
Shuto Machino,Japón,2022,20,Delantero,0,0,0,4,0,0.00,0,0,0,0,0,9
Siaka Tiene,Costa de Marfil,2010,17,Defensor,2,2,0,1,0,0.00,0,0,0,1,1,17
Siboniso Gaxa,Sudáfrica,2010,2,Defensor,3,2,0,0,0,0.00,0,0,1,1,1,20
Sibusiso Zuma,Sudáfrica,2002,15,Mediocampista,3,3,0,0,0,0.00,1,0,1,1,1,17
Sidney Govou,Francia,2006,9,Delantero,4,0,0,3,0,0.00,0,0,4,0,0,2
Sidney Govou,Francia,2010,10,Delantero,3,2,0,0,0,0.00,0,0,0,1,2,29
Siegmar Waetzlich,Alemania Oriental,1974,12,Defensor,4,4,0,2,0,0.00,1,0,2,1,1,6
Sigge Parling,Suecia,1958,6,Mediocampista,6,6,0,0,0,0.00,0,0,4,1,1,2
Sigi Held,Alemania Occidental,1966,10,Delantero,6,6,0,0,1,0.17,0,0,4,1,1,2
Sigi Held,Alemania Occidental,1970,10,Delantero,3,2,0,3,0,0.00,0,0,2,0,1,3
Sigifredo Mercado,México,2002,13,Mediocampista,3,1,0,1,0,0.00,0,0,2,0,1,11
Sigmund Haringer,Alemania,1934,-,Defensor,3,3,0,1,0,0.00,0,0,2,0,1,3
Sigurd Rushfeldt,Noruega,1994,21,Delantero,1,1,0,2,0,0.00,0,0,0,0,1,17
Silas,Brasil,1986,20,Mediocampista,2,0,0,3,0,0.00,0,0,1,1,0,5
Silas,Brasil,1990,10,Mediocampista,3,0,0,1,0,0.00,0,0,2,0,1,9
Silva,Brasil,1966,19,Delantero,1,1,0,2,0,0.00,0,0,0,0,1,11
Silvan Widmer,Suiza,2022,3,Defensor,3,3,0,1,0,0.00,1,0,2,0,1,12
Silvestre Igoa,España,1950,-,Delantero,5,5,0,1,2,0.40,0,0,3,1,1,4
Silvestre Varela,Portugal,2014,18,Delantero,2,0,0,1,1,0.50,0,0,1,1,0,18
Silvio Aquino,El Salvador,1982,7,Mediocampista,0,0,0,3,0,0.00,0,0,0,0,0,24
Silvio Maric,Croacia,1998,11,Mediocampista,4,1,0,3,0,0.00,0,0,2,0,2,3
Silvio Marzolini,Argentina,1962,3,Defensor,3,3,0,0,0,0.00,0,0,1,1,1,10
Silvio Marzolini,Argentina,1966,7,Defensor,4,4,0,0,0,0.00,0,0,2,1,1,5
Silvio Piola,Italia,1938,-,Delantero,4,4,0,0,5,1.25,0,0,4,0,0,1
Silviu Bindea,Rumania,1934,-,Delantero,1,1,0,0,0,0.00,0,0,0,0,1,12
Silviu Bindea,Rumania,1938,-,Delantero,1,1,0,1,1,1.00,0,0,0,1,0,9
Silviu Lung,Rumania,1990,1,Arquero,4,4,4,0,0,0.00,0,0,1,2,1,12
Sima Milovanov,Yugoslavia,1954,16,Defensor,0,0,0,3,0,0.00,0,0,0,0,0,8
Simao,Portugal,2006,11,Delantero,7,3,0,0,1,0.14,0,0,4,1,2,4
Simao,Portugal,2010,11,Delantero,4,2,0,0,1,0.25,0,0,1,2,1,11
Sime Vrsaljko,Croacia,2014,2,Defensor,2,2,0,1,0,0.00,0,0,0,0,2,19
Sime Vrsaljko,Croacia,2018,2,Defensor,6,6,0,1,0,0.00,2,0,3,2,1,2
Simeon Nwankwo,Nigeria,2018,13,Delantero,2,0,0,1,0,0.00,0,0,0,0,2,21
Simeon Simeonov,Bulgaria,1966,21,Arquero,1,1,0,2,0,0.00,0,0,0,0,1,15
Simeon Simeonov,Bulgaria,1970,1,Arquero,2,2,0,1,0,0.00,0,0,0,0,2,13
Simeon Simeonov,Bulgaria,1974,22,Arquero,0,0,0,3,0,0.00,0,0,0,0,0,12
Simoes,Portugal,1966,11,Delantero,6,6,0,0,1,0.17,0,0,5,0,1,3
Simon Donnelly,Escocia,1998,13,Delantero,0,0,0,3,0,0.00,0,0,0,0,0,27
Simon Elliott,Nueva Zelanda,2010,7,Mediocampista,3,3,0,0,0,0.00,0,0,0,3,0,22
Simon Gopane,Sudáfrica,1998,23,Arquero,0,0,0,3,0,0.00,0,0,0,0,0,24
Simon Kjaer,Dinamarca,2010,3,Defensor,2,2,0,1,0,0.00,2,0,1,0,1,24
Simon Kjaer,Dinamarca,2018,4,Defensor,4,4,4,0,0,0.00,0,0,1,3,0,11
Simon Kjaer,Dinamarca,2022,4,Defensor,1,1,1,2,0,0.00,0,0,0,1,0,28
Simon Lecue,España,1934,-,Mediocampista,2,2,0,1,0,0.00,0,0,1,0,1,5
Simon Mignolet,Bélgica,2014,12,Arquero,0,0,0,5,0,0.00,0,0,0,0,0,6
Simon Mignolet,Bélgica,2018,12,Arquero,0,0,0,7,0,0.00,0,0,0,0,0,3
Simon Mignolet,Bélgica,2022,12,Arquero,0,0,0,3,0,0.00,0,0,0,0,0,23
Simon Ngapandouetnbu,Camerún,2022,1,Arquero,0,0,0,3,0,0.00,0,0,0,0,0,19
Simon Poulsen,Dinamarca,2010,15,Defensor,3,3,0,0,0,0.00,0,0,1,0,2,24
Simon Tchobang,Camerún,1982,22,Arquero,0,0,0,3,0,0.00,0,0,0,0,0,17
Simone Barone,Italia,2006,17,Mediocampista,2,0,0,5,0,0.00,0,0,2,0,0,1
Simone Pepe,Italia,2010,7,Mediocampista,3,3,0,0,0,0.00,1,0,0,2,1,26
Simone Perrotta,Italia,2006,20,Mediocampista,7,7,0,0,0,0.00,0,0,5,2,0,1
Sinisa Mihajlovic,RF de Yugoslavia,1998,11,Defensor,4,4,0,0,1,0.25,0,0,2,1,1,10
Sinisa Zlatkovic,Yugoslavia,1950,-,Defensor,0,0,0,3,0,0.00,0,0,0,0,0,5
Siphiwe Tshabalala,Sudáfrica,2010,8,Mediocampista,3,3,0,0,1,0.33,0,0,1,1,1,20
Sirajeddine Chihi,Túnez,1998,14,Mediocampista,3,3,0,0,0,0.00,0,0,0,1,2,26
Sirio Vernati,Suiza,1938,-,Mediocampista,3,3,0,0,0,0.00,0,0,1,1,1,6
Sirous Din Mohammadi,Irán,1998,8,Defensor,1,0,0,2,0,0.00,0,0,0,0,1,20
Siyabonga Nomvethe,Sudáfrica,2002,14,Delantero,2,2,0,1,1,0.50,1,0,1,0,1,17
Siyabonga Nomvethe,Sudáfrica,2010,18,Delantero,1,0,0,2,0,0.00,0,0,1,0,0,20
Siyabonga Sangweni,Sudáfrica,2010,21,Defensor,0,0,0,3,0,0.00,0,0,0,0,0,20
Sjef Van Run,Paises Bajos,1934,-,Defensor,1,1,0,0,0,0.00,0,0,0,0,1,9
Skander Souayah,Túnez,1998,15,Mediocampista,3,3,0,0,1,0.33,1,0,0,1,2,26
Slava Metreveli,URSS,1962,18,Delantero,1,1,0,3,0,0.00,0,0,1,0,0,6
Slava Metreveli,URSS,1966,16,Delantero,2,2,0,4,0,0.00,0,0,1,0,1,4
Slava Metreveli,URSS,1970,18,Delantero,0,0,0,4,0,0.00,0,0,0,0,0,5
Slaven Bilic,Croacia,1998,6,Defensor,7,7,0,0,0,0.00,2,0,5,0,2,3
Slavisa Jokanovic,RF de Yugoslavia,1998,4,Mediocampista,4,4,0,0,0,0.00,0,0,2,1,1,10
Slavko Svinjarevic,Yugoslavia,1962,13,Defensor,1,1,0,5,0,0.00,0,0,0,0,1,4
Sławomir Peszko,Polonia,2018,17,Mediocampista,1,0,0,2,0,0.00,0,0,1,0,0,25
Slim Benachour,Túnez,2002,18,Mediocampista,3,3,0,0,0,0.00,0,0,0,1,2,29
Slobodan Komljenovic,RF de Yugoslavia,1998,13,Defensor,3,3,0,1,2,0.67,0,0,1,1,1,10
Smahi Triki,Marruecos,1994,5,Defensor,3,3,0,0,0,0.00,0,0,0,0,3,23
Smahi Triki,Marruecos,1998,5,Defensor,1,1,0,2,0,0.00,0,0,1,0,0,18
Sobrinho,Portugal,1986,18,Defensor,0,0,0,3,0,0.00,0,0,0,0,0,17
Socrates,Brasil,1982,8,Mediocampista,5,5,5,0,2,0.40,0,0,4,0,1,5
Socrates,Brasil,1986,18,Mediocampista,5,5,0,0,2,0.40,0,0,4,1,0,5
Sofiane Boufal,Marruecos,2022,17,Mediocampista,7,7,0,0,0,0.00,1,0,3,2,2,4
Sofiane Feghouli,Argelia,2014,10,Delantero,4,4,0,0,1,0.25,0,0,1,1,2,14
Sofiane Melliti,Túnez,2006,23,Mediocampista,0,0,0,3,0,0.00,0,0,0,0,0,24
Sofyan Amrabat,Marruecos,2018,21,Mediocampista,1,0,0,2,0,0.00,0,0,0,0,1,27
Sofyan Amrabat,Marruecos,2022,4,Mediocampista,7,7,0,0,0,0.00,1,0,3,2,2,4
Sohrab Bakhtiarizadeh,Irán,2006,3,Defensor,2,1,0,1,1,0.50,0,0,0,1,1,26
Sokratis Papastathopoulos,Grecia,2010,19,Defensor,2,2,0,1,0,0.00,1,0,1,0,1,25
Sokratis Papastathopoulos,Grecia,2014,19,Defensor,4,4,0,0,1,0.25,1,0,1,2,1,13
Sol Campbell,Inglaterra,1998,2,Defensor,4,4,0,0,0,0.00,1,0,2,1,1,9
Sol Campbell,Inglaterra,2002,6,Defensor,5,5,0,0,1,0.20,1,0,2,2,1,6
Sol Campbell,Inglaterra,2006,12,Defensor,1,0,0,4,0,0.00,0,0,0,1,0,7
Sole,España,1934,-,Delantero,0,0,0,3,0,0.00,0,0,0,0,0,5
Song Chol Nam,Corea del Norte,2010,16,Defensor,1,0,0,2,0,0.00,0,0,0,0,1,32
Soo Jin Noh,Corea del Sur,1986,13,Mediocampista,1,1,0,2,0,0.00,0,0,0,1,0,20
Soo Jin Noh,Corea del Sur,1990,7,Mediocampista,2,1,0,1,0,0.00,0,0,0,0,2,22
Soon Ho Choi,Corea del Sur,1986,9,Mediocampista,2,2,0,1,1,0.50,0,0,0,0,2,20
Soon Ho Choi,Corea del Sur,1990,14,Delantero,3,3,2,0,0,0.00,1,0,0,0,3,22
Sorba Thomas,Gales,2022,22,Mediocampista,1,0,0,2,0,0.00,0,0,0,1,0,30
Soren Busk,Dinamarca,1986,3,Defensor,4,4,0,0,0,0.00,0,0,3,0,1,9
Soren Colding,Dinamarca,1998,12,Defensor,5,4,0,0,0,0.00,2,0,2,1,2,8
Soren Larsen,Dinamarca,2010,18,Delantero,1,0,0,2,0,0.00,0,0,0,0,1,24
Soren Lerby,Dinamarca,1986,6,Mediocampista,4,4,0,0,1,0.25,0,0,3,0,1,9
Sotirios Kyrgiakos,Grecia,2010,16,Defensor,2,2,0,1,0,0.00,0,0,1,0,1,25
Sotiris Ninis,Grecia,2010,18,Mediocampista,2,0,0,1,0,0.00,0,0,1,0,1,25
El Arabi Soudani,Argelia,2014,15,Delantero,3,2,0,1,0,0.00,0,0,0,1,2,14
Souleymane Bamba,Costa de Marfil,2010,22,Defensor,0,0,0,3,0,0.00,0,0,0,0,0,17
Souleymane Bamba,Costa de Marfil,2014,22,Defensor,3,3,0,0,0,0.00,1,0,1,0,2,21
Souleymane Camara,Senegal,2002,9,Delantero,1,0,0,4,0,0.00,0,0,0,1,0,7
Souleymanou Hamidou,Camerún,2010,16,Arquero,3,3,0,0,0,0.00,0,0,0,0,3,31
Spartaco Landini,Italia,1966,11,Defensor,1,1,0,2,0,0.00,0,0,0,0,1,9
Spasoje Bulajic,Eslovenia,2002,23,Defensor,2,1,0,1,0,0.00,0,0,0,0,2,30
Spiros Marangos,Grecia,1994,12,Mediocampista,2,1,0,1,0,0.00,0,0,0,0,2,24
Srboljub Krivokuca,Yugoslavia,1958,2,Arquero,1,1,0,3,0,0.00,0,0,0,0,1,8
Srboljub Krivokuca,Yugoslavia,1962,12,Arquero,0,0,0,6,0,0.00,0,0,0,0,0,4
Srdan Babic,Serbia,2022,15,Defensor,1,0,0,2,0,0.00,0,0,0,1,0,29
Srdjan Mrkusic,Yugoslavia,1950,-,Arquero,3,3,0,0,0,0.00,0,0,2,0,1,5
Srecko Katanec,Yugoslavia,1990,13,Defensor,3,3,0,2,0,0.00,1,0,2,0,1,5
Staffan Tapper,Suecia,1974,14,Mediocampista,5,5,0,1,0,0.00,0,0,1,2,2,5
Staffan Tapper,Suecia,1978,6,Mediocampista,2,2,0,1,0,0.00,0,0,0,1,1,13
Stale Solbakken,Noruega,1998,6,Mediocampista,3,1,0,1,0,0.00,0,0,0,2,1,15
Stan Anderson,Inglaterra,1962,14,Mediocampista,0,0,0,4,0,0.00,0,0,0,0,0,8
Stan Lazaridis,Australia,2006,11,Mediocampista,0,0,0,4,0,0.00,0,0,0,0,0,16
Stan Libuda,Alemania Occidental,1970,14,Delantero,5,4,0,1,1,0.20,0,0,4,0,1,3
Stan Mortensen,Inglaterra,1950,-,Delantero,3,3,0,0,1,0.33,0,0,1,0,2,8
Stan Valckx,Paises Bajos,1994,18,Defensor,4,4,0,1,0,0.00,1,0,2,0,2,7
Stanislaus Kobierski,Alemania,1934,-,Delantero,3,3,0,1,1,0.33,0,0,2,0,1,3
Stanislav Cherchesov,Rusia,1994,1,Arquero,1,1,0,2,0,0.00,0,0,1,0,0,18
Stanislav Cherchesov,Rusia,2002,12,Arquero,0,0,0,3,0,0.00,0,0,0,0,0,22
Stanislav Griga,Checoslovaquia,1990,19,Delantero,2,0,0,3,0,0.00,0,0,0,0,2,6
Stanislav Karasi,Yugoslavia,1974,18,Delantero,4,2,0,2,2,0.50,1,0,0,1,3,7
Stanislav Seman,Checoslovaquia,1982,1,Arquero,1,1,0,2,0,0.00,0,0,0,0,1,19
Stanislav Sestak,Eslovaquia,2010,9,Delantero,3,2,0,1,0,0.00,1,0,1,1,1,16
Stanislaw Baran,Polonia,1938,-,Delantero,0,0,0,1,0,0.00,0,0,0,0,0,11
Stanley Matthews,Inglaterra,1950,-,Delantero,1,1,0,2,0,0.00,0,0,0,0,1,8
Stanley Matthews,Inglaterra,1954,7,Delantero,2,2,0,1,0,0.00,0,0,0,1,1,7
Stanley Menzo,Paises Bajos,1990,22,Arquero,0,0,0,4,0,0.00,0,0,0,0,0,15
Stefan Abadzhiev,Bulgaria,1966,17,Delantero,0,0,0,3,0,0.00,0,0,0,0,0,15
Stefan Aladzhov,Bulgaria,1970,4,Defensor,1,1,0,2,0,0.00,0,0,0,0,1,13
Stefan Aladzhov,Bulgaria,1974,12,Defensor,0,0,0,3,0,0.00,0,0,0,0,0,12
Stefan Barbu,Rumania,1930,-,Delantero,2,2,0,0,0,0.00,0,0,1,0,1,8
Stefan Cambal,Checoslovaquia,1934,-,Mediocampista,4,4,0,0,0,0.00,0,0,3,0,1,2
Stefan de Vrij,Paises Bajos,2014,3,Defensor,7,7,0,0,1,0.14,1,0,5,2,0,3
Stefan de Vrij,Paises Bajos,2022,6,Defensor,0,0,0,5,0,0.00,0,0,0,0,0,5
Stefan Dobay,Rumania,1934,-,Delantero,1,1,0,0,1,1.00,0,0,0,0,1,12
Stefan Dobay,Rumania,1938,-,Delantero,2,2,1,0,2,1.00,0,0,0,1,1,9
Stefan Effenberg,Alemania,1994,20,Mediocampista,3,3,0,2,0,0.00,2,0,2,1,0,5
Stefan Kiessling,Alemania,2010,9,Delantero,2,0,0,5,0,0.00,0,0,2,0,0,3
Stefan Kuntz,Alemania,1994,11,Delantero,1,0,0,4,0,0.00,0,0,1,0,0,5
Stefan Majewski,Polonia,1982,10,Defensor,7,7,0,0,1,0.14,1,0,3,3,1,3
Stefan Majewski,Polonia,1986,10,Defensor,4,4,0,0,0,0.00,0,0,1,1,2,14
Stefan Mitrovic,Serbia,2022,13,Defensor,1,0,0,2,0,0.00,0,0,0,1,0,29
Stefan Petterson,Suecia,1990,21,Delantero,3,2,0,0,0,0.00,0,0,0,0,3,21
Stefan Preda,Rumania,1994,22,Arquero,0,0,0,5,0,0.00,0,0,0,0,0,6
Stefan Rehn,Suecia,1994,17,Mediocampista,1,0,0,6,0,0.00,0,0,0,0,1,3
Stefan Reuter,Alemania Occidental,1990,2,Defensor,6,4,0,1,0,0.00,0,0,4,2,0,1
Stefan Reuter,Alemania Occidental,1998,19,Defensor,1,1,0,4,0,0.00,0,0,1,0,0,7
Stefan Schwarz,Suecia,1990,8,Defensor,3,3,0,0,0,0.00,1,0,0,0,3,21
Stefan Schwarz,Suecia,1994,6,Mediocampista,6,6,0,1,0,0.00,1,1,3,3,0,3
Stefan Skoumal,Alemania,1938,-,Mediocampista,1,1,0,1,0,0.00,0,0,0,0,1,10
Stefan Staikov,Bulgaria,1974,21,Arquero,1,1,0,2,0,0.00,0,0,0,0,1,12
Stefan Velichkov,Bulgaria,1974,4,Defensor,3,3,0,0,0,0.00,0,0,0,2,1,12
Stefano Tacconi,Italia,1990,12,Arquero,0,0,0,7,0,0.00,0,0,0,0,0,3
Stefanos Kapino,Grecia,2014,13,Arquero,0,0,0,4,0,0.00,0,0,0,0,0,13
Steffen Freund,Alemania,1998,15,Mediocampista,0,0,0,5,0,0.00,0,0,0,0,0,7
Stelios Malezas,Grecia,2010,22,Defensor,0,0,0,3,0,0.00,0,0,0,0,0,25
Stelios Manolas,Grecia,1994,4,Defensor,1,1,0,2,0,0.00,1,0,0,0,1,24
Stellan Nilsson,Suecia,1950,-,Delantero,2,2,0,3,0,0.00,0,0,1,0,1,3
Sten Palsson,Suecia,1970,22,Delantero,1,0,0,2,0,0.00,0,0,0,1,0,9
Stephan Andersen,Dinamarca,2010,16,Arquero,0,0,0,3,0,0.00,0,0,0,0,0,24
Stephan Bruey,Francia,1958,15,Delantero,0,0,0,6,0,0.00,0,0,0,0,0,3
Stephan Engels,Alemania Occidental,1982,17,Mediocampista,0,0,0,7,0,0.00,0,0,0,0,0,2
Stephan Lehmann,Suiza,1994,12,Arquero,0,0,0,4,0,0.00,0,0,0,0,0,15
Stephan Lichtsteiner,Suiza,2010,2,Defensor,3,3,0,0,0,0.00,0,0,1,1,1,19
Stephan Lichtsteiner,Suiza,2014,2,Defensor,4,4,0,0,0,0.00,0,0,2,0,2,11
Stephan Lichtsteiner,Suiza,2018,2,Defensor,3,3,3,1,0,0.00,2,0,1,2,0,14
Stephane Chapuisat,Suiza,1994,11,Delantero,4,4,0,0,1,0.25,0,0,1,1,2,15
Stephane Demol,Bélgica,1986,21,Defensor,7,6,0,0,1,0.14,1,0,2,2,3,4
Stephane Demol,Bélgica,1990,7,Defensor,4,4,0,0,0,0.00,0,0,2,0,2,11
Stephane Grichting,Suiza,2006,13,Defensor,1,0,0,3,0,0.00,0,0,0,1,0,10
Stephane Grichting,Suiza,2010,13,Defensor,3,3,0,0,0,0.00,1,0,1,1,1,19
Stephane Guivarch,Francia,1998,9,Delantero,6,4,0,1,0,0.00,1,0,5,1,0,1
Stephane Mbia,Camerún,2010,19,Defensor,3,3,0,0,0,0.00,2,0,0,0,3,31
Stephane Mbia,Camerún,2014,17,Defensor,3,3,0,0,0,0.00,1,0,0,0,3,32
Stéphane Ruffier,Francia,2014,16,Arquero,0,0,0,5,0,0.00,0,0,0,0,0,7
Stephane Van Der Heyden,Bélgica,1994,21,Mediocampista,0,0,0,4,0,0.00,0,0,0,0,0,11
Stephen Adams,Ghana,2014,1,Arquero,0,0,0,3,0,0.00,0,0,0,0,0,25
Stephen Ahorlu,Ghana,2010,16,Arquero,0,0,0,5,0,0.00,0,0,0,0,0,7
Stephen Appiah,Ghana,2006,10,Mediocampista,4,4,4,0,1,0.25,2,0,2,0,2,13
Stephen Appiah,Ghana,2010,10,Mediocampista,3,0,0,2,0,0.00,0,0,2,1,0,7
Stephen Eustaquio,Canadá,2022,7,Mediocampista,2,2,0,1,0,0.00,0,0,0,0,2,31
Stephen Keshi,Nigeria,1994,4,Defensor,1,1,1,3,0,0.00,1,0,1,0,0,9
Stephen Malcolm,Jamaica,1998,2,Defensor,2,2,0,1,0,0.00,1,0,1,0,1,22
Stephen Nicol,Escocia,1986,13,Defensor,3,3,0,0,0,0.00,1,0,0,1,2,19
Stephen Tataw,Camerún,1990,14,Defensor,5,5,5,0,0,0.00,0,0,3,0,2,7
Stephen Tataw,Camerún,1994,14,Defensor,3,3,3,0,0,0.00,1,0,0,1,2,22
Stephen Warnock,Inglaterra,2010,13,Defensor,0,0,0,4,0,0.00,0,0,0,0,0,13
Stere Adamache,Rumania,1970,21,Arquero,2,2,0,1,0,0.00,0,0,1,0,1,10
Stern John,Trinidad y Tobago,2006,14,Delantero,3,3,0,0,0,0.00,0,0,0,1,2,27
Steve Archibald,Escocia,1982,18,Delantero,3,2,0,0,1,0.33,0,0,1,1,1,15
Steve Archibald,Escocia,1986,17,Delantero,1,1,0,2,0,0.00,1,0,0,0,1,19
Steve Bull,Inglaterra,1990,21,Delantero,4,1,0,3,0,0.00,0,0,2,2,0,4
Steve Cherundolo,Estados Unidos,2002,14,Defensor,0,0,0,5,0,0.00,0,0,0,0,0,8
Steve Cherundolo,Estados Unidos,2006,6,Defensor,3,3,0,0,0,0.00,0,0,0,1,2,25
Steve Cherundolo,Estados Unidos,2010,6,Defensor,4,4,0,0,0,0.00,2,0,1,2,1,12
Steve Coppell,Inglaterra,1982,5,Mediocampista,4,4,0,1,0,0.00,0,0,3,1,0,6
Steve Finnan,Irlanda,2002,2,Defensor,4,3,0,0,0,0.00,1,0,1,3,0,12
Steve Foster,Inglaterra,1982,6,Defensor,1,1,0,4,0,0.00,0,0,1,0,0,6
Steve Gohouri,Costa de Marfil,2010,6,Defensor,0,0,0,3,0,0.00,0,0,0,0,0,17
Steve Hodge,Inglaterra,1986,18,Mediocampista,5,3,0,0,0,0.00,1,0,2,1,2,8
Steve Hodge,Inglaterra,1990,18,Mediocampista,0,0,0,7,0,0.00,0,0,0,0,0,4
Steve Mandanda,Francia,2010,16,Arquero,0,0,0,3,0,0.00,0,0,0,0,0,29
Steve Mandanda,Francia,2018,16,Arquero,1,1,0,6,0,0.00,0,0,0,1,0,1
Steve Mandanda,Francia,2022,16,Arquero,1,1,0,6,0,0.00,0,0,0,0,1,2
Steve Mcmahon,Inglaterra,1990,16,Mediocampista,4,3,0,3,0,0.00,1,0,2,1,1,4
Steve Mcmanaman,Inglaterra,1998,11,Mediocampista,1,0,0,3,0,0.00,0,0,1,0,0,9
Steve Staunton,Irlanda,1990,3,Defensor,5,5,0,0,0,0.00,0,0,0,4,1,8
Steve Staunton,Irlanda,1994,11,Defensor,4,4,0,0,0,0.00,0,0,1,1,2,16
Steve Staunton,Irlanda,2002,5,Defensor,4,4,4,0,0,0.00,1,0,1,3,0,12
Steve Sumner,Nueva Zelanda,1982,10,Mediocampista,3,3,3,0,1,0.33,0,0,0,0,3,23
Steve Trittschuh,Estados Unidos,1990,2,Defensor,1,1,0,2,0,0.00,1,0,0,0,1,23
Steve Von Bergen,Suiza,2010,5,Defensor,3,2,0,0,0,0.00,0,0,1,1,1,19
Steve Von Bergen,Suiza,2014,5,Defensor,2,2,0,2,0,0.00,0,0,1,0,1,11
Steve Wooddin,Nueva Zelanda,1982,9,Delantero,3,3,0,0,1,0.33,0,0,0,0,3,23
Steven Beitashour,Irán,2014,20,Defensor,0,0,0,3,0,0.00,0,0,0,0,0,28
Steven Berghuis,Paises Bajos,2022,11,Mediocampista,4,1,0,1,0,0.00,1,0,2,2,0,5
Steven Bergwijn,Paises Bajos,2022,7,Delantero,4,3,0,1,0,0.00,1,0,2,2,0,5
Steven Defour,Bélgica,2014,16,Mediocampista,1,1,0,4,0,0.00,0,1,1,0,0,6
Steven Gerrard,Inglaterra,2006,4,Mediocampista,5,4,0,0,2,0.40,1,0,3,2,0,7
Steven Gerrard,Inglaterra,2010,4,Mediocampista,4,4,4,0,1,0.25,1,0,1,2,1,13
Steven Gerrard,Inglaterra,2014,4,Mediocampista,3,2,2,0,0,0.00,1,0,0,1,2,26
Steven Lustu,Dinamarca,2002,13,Defensor,0,0,0,4,0,0.00,0,0,0,0,0,10
Steven Nzonzi,Francia,2018,15,Mediocampista,5,1,0,2,0,0.00,0,0,4,1,0,1
Steven Penney,Irlanda del Norte,1986,7,Delantero,2,2,0,1,0,0.00,0,0,0,1,1,21
Steven Pienaar,Sudáfrica,2002,21,Mediocampista,0,0,0,3,0,0.00,0,0,0,0,0,17
Steven Pienaar,Sudáfrica,2010,10,Mediocampista,3,3,0,0,0,0.00,1,0,1,1,1,20
Steven Reid,Irlanda,2002,21,Delantero,2,0,0,2,0,0.00,1,0,0,2,0,12
Steven Vitoria,Canadá,2022,5,Defensor,3,3,0,0,0,0.00,1,0,0,0,3,31
Steven Zuber,Suiza,2018,14,Mediocampista,3,3,0,1,1,0.33,0,0,1,1,1,14
Stevens Bryce,Costa Rica,2002,16,Delantero,3,0,0,0,0,0.00,0,0,1,1,1,19
Stewart Downing,Inglaterra,2006,20,Mediocampista,3,0,0,2,0,0.00,0,0,3,0,0,7
Stewart Mckimmie,Escocia,1990,17,Defensor,2,1,0,1,0,0.00,0,0,0,0,2,18
Stig Bjornebye,Noruega,1994,5,Defensor,3,3,0,0,0,0.00,1,0,1,1,1,17
Stig Bjornebye,Noruega,1998,5,Defensor,4,4,0,0,0,0.00,0,0,1,2,1,15
Stig Sundqvist,Suecia,1950,-,Delantero,5,5,0,0,3,0.60,0,0,2,1,2,3
Stig Tofting,Dinamarca,1998,15,Mediocampista,2,0,0,3,0,0.00,2,0,0,0,2,8
Stig Tofting,Dinamarca,2002,2,Mediocampista,4,4,0,0,0,0.00,1,0,2,1,1,10
Stijn Schaars,Paises Bajos,2010,18,Mediocampista,0,0,0,7,0,0.00,0,0,0,0,0,2
Stipe Pletikosa,Croacia,2002,1,Arquero,3,3,0,0,0,0.00,0,0,1,0,2,23
Stipe Pletikosa,Croacia,2006,1,Arquero,3,3,0,0,0,0.00,1,0,0,2,1,22
Stipe Pletikosa,Croacia,2014,1,Arquero,3,3,0,0,0,0.00,0,0,1,0,2,19
Stjepan Bobek,Yugoslavia,1950,-,Delantero,3,3,0,0,1,0.33,0,0,2,0,1,5
Stjepan Bobek,Yugoslavia,1954,10,Delantero,2,2,1,1,0,0.00,0,0,1,0,1,8
Stjepan Deveric,Yugoslavia,1982,18,Delantero,0,0,0,3,0,0.00,0,0,0,0,0,16
Stjepan Tomas,Croacia,2002,4,Defensor,3,3,0,0,0,0.00,1,0,1,0,2,23
Stjepan Tomas,Croacia,2006,13,Defensor,1,1,0,2,0,0.00,0,0,0,1,0,22
Stoicho Mladenov,Bulgaria,1986,9,Delantero,3,3,0,1,0,0.00,0,0,0,2,1,15
Stoicho Stoilov,Bulgaria,1998,17,Mediocampista,0,0,0,3,0,0.00,0,0,0,0,0,29
Stoyan Kitov,Bulgaria,1962,4,Defensor,2,2,0,1,0,0.00,0,0,0,0,2,15
Stoyan Kitov,Bulgaria,1966,8,Mediocampista,1,1,0,2,0,0.00,0,0,0,0,1,15
Stoyan Yordanov,Bulgaria,1970,13,Arquero,1,1,0,2,0,0.00,0,0,0,1,0,13
Strahinja Erakovic,Serbia,2022,3,Defensor,0,0,0,3,0,0.00,0,0,0,0,0,29
Strahinja Pavlovic,Serbia,2022,2,Defensor,3,3,0,0,1,0.33,2,0,0,1,2,29
Stratos Apostololakis,Grecia,1994,2,Defensor,2,2,1,1,0,0.00,0,0,0,0,2,24
Stuart Holden,Estados Unidos,2010,11,Mediocampista,1,0,0,3,0,0.00,0,0,0,1,0,12
Stuart Imlach,Escocia,1958,21,Delantero,2,2,0,1,0,0.00,0,0,0,1,1,14
Stuart Kennedy,Escocia,1978,13,Defensor,2,2,0,1,0,0.00,0,0,1,0,1,11
Stuart Mccall,Escocia,1990,16,Mediocampista,3,3,0,0,1,0.33,0,0,1,0,2,18
Stuart Pearce,Inglaterra,1990,3,Defensor,6,6,0,1,0,0.00,1,0,3,3,0,4
Stuart Williams,Gales,1958,2,Defensor,5,5,0,0,0,0.00,0,0,1,3,1,5
Suad Filekovic,Eslovenia,2010,19,Defensor,0,0,0,3,0,0.00,0,0,0,0,0,18
Suk-Young Yun,Corea del Sur,2014,3,Defensor,3,3,0,0,0,0.00,0,0,0,1,2,27
Sulley Muntari,Ghana,2006,11,Mediocampista,3,3,0,1,1,0.33,3,0,1,0,2,13
Sulley Muntari,Ghana,2010,11,Mediocampista,4,1,0,1,1,0.25,0,0,1,2,1,7
Sulley Muntari,Ghana,2014,11,Mediocampista,2,2,0,1,0,0.00,2,0,0,1,1,25
Sultan Al-Ghanam,Arabia Saudita,2022,2,Defensor,3,1,0,0,0,0.00,0,0,1,0,2,25
Sun Hong Hwang,Corea del Sur,1990,18,Delantero,2,1,0,1,0,0.00,0,0,0,0,2,22
Sun Hong Hwang,Corea del Sur,1994,18,Delantero,3,3,0,0,1,0.33,0,0,0,2,1,20
Sun Hong Hwang,Corea del Sur,1998,18,Delantero,0,0,0,3,0,0.00,0,0,0,0,0,30
Sun Hong Hwang,Corea del Sur,2002,18,Delantero,5,3,0,2,1,0.20,0,0,2,2,1,4
Sunday Oliseh,Nigeria,1994,15,Mediocampista,4,4,0,0,0,0.00,2,0,2,0,2,9
Sunday Oliseh,Nigeria,1998,15,Mediocampista,4,4,0,0,1,0.25,0,0,2,0,2,12
Sune Andersson,Suecia,1950,-,Defensor,5,5,0,0,2,0.40,0,0,2,1,2,3
Sung Hyok Pak,Corea del Norte,2010,23,Mediocampista,0,0,0,3,0,0.00,0,0,0,0,0,32
Sung Ryong Jung,Corea del Sur,2010,18,Arquero,4,4,0,0,0,0.00,0,0,1,1,2,15
Sung Ryong Jung,Corea del Sur,2014,1,Arquero,2,2,0,1,0,0.00,0,0,0,1,1,27
Sung Yong Choi,Corea del Sur,1998,2,Mediocampista,3,2,0,0,0,0.00,0,0,0,1,2,30
Sung Yong Choi,Corea del Sur,2002,3,Mediocampista,0,0,0,7,0,0.00,0,0,0,0,0,4
Sung-yueng Ki,Corea del Sur,2010,16,Mediocampista,4,4,0,0,0,0.00,0,0,1,1,2,15
Sung-yueng Ki,Corea del Sur,2014,16,Mediocampista,3,3,0,0,0,0.00,1,0,0,1,2,27
Sung-yueng Ki,Corea del Sur,2018,16,Mediocampista,2,2,2,1,0,0.00,0,0,0,0,2,19
Surprise Moriri,Sudáfrica,2010,19,Mediocampista,1,0,0,2,0,0.00,0,0,0,0,1,20
Suvarte Soedarmadji,Indias Orientales Holand.,1938,-,Delantero,1,1,0,0,0,0.00,0,0,0,0,1,15
Svatopluk Pluskal,Checoslovaquia,1954,3,Mediocampista,1,1,0,1,0,0.00,0,0,0,0,1,14
Svatopluk Pluskal,Checoslovaquia,1958,6,Mediocampista,2,2,0,2,0,0.00,0,0,0,1,1,9
Svatopluk Pluskal,Checoslovaquia,1962,5,Defensor,6,6,0,0,0,0.00,0,0,3,1,2,2
Sven Andersson,Suecia,1934,-,Defensor,2,2,0,0,0,0.00,0,0,1,0,1,8
Sven Andersson,Suecia,1990,1,Arquero,0,0,0,3,0,0.00,0,0,0,0,0,21
Sven Axbom,Suecia,1958,3,Defensor,6,6,0,0,0,0.00,0,0,4,1,1,2
Sven-Gunnar Larsson,Suecia,1970,12,Arquero,2,2,0,1,0,0.00,0,0,1,1,0,9
Sven-Gunnar Larsson,Suecia,1974,12,Arquero,0,0,0,6,0,0.00,0,0,0,0,0,5
Sven Habermann,Canadá,1986,21,Arquero,0,0,0,3,0,0.00,0,0,0,0,0,24
Sven Jacobsson,Suecia,1938,-,Mediocampista,2,2,0,1,0,0.00,0,0,1,0,1,4
Sven Jonasson,Suecia,1934,-,Delantero,2,2,0,0,2,1.00,0,0,1,0,1,8
Sven Jonasson,Suecia,1938,-,Delantero,3,3,0,0,1,0.33,0,0,1,0,2,4
Sven Lindman,Suecia,1974,20,Mediocampista,0,0,0,6,0,0.00,0,0,0,0,0,5
Sven Unger,Suecia,1938,-,Delantero,0,0,0,3,0,0.00,0,0,0,0,0,4
Sven Vermant,Bélgica,2002,14,Mediocampista,1,0,0,3,0,0.00,0,0,0,1,0,14
Sverre Hansen,Noruega,1938,-,Mediocampista,0,0,0,1,0,0.00,0,0,0,0,0,12
Sverre Nordby,Noruega,1938,-,Arquero,0,0,0,1,0,0.00,0,0,0,0,0,12
Sverrir Ingi Ingason,Islandia,2018,5,Defensor,2,1,0,1,0,0.00,0,0,0,0,2,28
Syam Ben Youssef,Túnez,2018,2,Defensor,2,2,0,1,0,0.00,0,0,0,0,2,24
Syd Owen,Inglaterra,1954,5,Defensor,1,1,0,2,0,0.00,0,0,0,1,0,7
Sylvain Gbohouo,Costa de Marfil,2014,16,Arquero,0,0,0,3,0,0.00,0,0,0,0,0,21
Sylvain Ndiaye,Senegal,2002,20,Mediocampista,0,0,0,5,0,0.00,0,0,0,0,0,7
Sylvain Wiltord,Francia,2002,11,Delantero,3,3,0,0,0,0.00,0,0,0,1,2,28
Sylvain Wiltord,Francia,2006,11,Delantero,7,2,0,0,0,0.00,0,0,4,3,0,2
Sylvio Hoffmann,Brasil,1934,-,Defensor,1,1,0,0,0,0.00,0,0,0,0,1,14
Szymon Zurkowski,Polonia,2022,17,Mediocampista,0,0,0,4,0,0.00,0,0,0,0,0,15
Tab Ramos,Estados Unidos,1990,7,Mediocampista,3,3,0,0,0,0.00,0,0,0,0,3,23
Tab Ramos,Estados Unidos,1994,9,Mediocampista,4,4,0,0,0,0.00,1,0,1,1,2,14
Tab Ramos,Estados Unidos,1998,10,Mediocampista,2,1,0,1,0,0.00,0,0,0,0,2,32
Tadeas Kraus,Checoslovaquia,1954,17,Delantero,1,1,0,1,0,0.00,0,0,0,0,1,14
Tadeas Kraus,Checoslovaquia,1958,11,Delantero,1,1,0,3,0,0.00,0,0,0,0,1,9
Tadeusz Dolny,Polonia,1982,4,Defensor,0,0,0,7,0,0.00,0,0,0,0,0,3
Tae Ho Lee,Corea del Sur,1986,6,Delantero,0,0,0,3,0,0.00,0,0,0,0,0,20
Tae Ho Lee,Corea del Sur,1990,6,Delantero,1,0,0,2,0,0.00,0,0,0,0,1,22
Tae-hwan Kim,Corea del Sur,2022,23,Defensor,0,0,0,4,0,0.00,0,0,0,0,0,16
Tae-Hwi Kwak,Corea del Sur,2014,4,Defensor,0,0,0,3,0,0.00,0,0,0,0,0,27
Tae Se Jong,Corea del Norte,2010,9,Delantero,3,3,0,0,0,0.00,0,0,0,0,3,32
Tae Uk Choi,Corea del Sur,2002,8,Delantero,1,0,0,6,0,0.00,0,0,0,0,1,4
Tae Young Kim,Corea del Sur,1998,13,Defensor,3,2,0,0,0,0.00,1,0,0,1,2,30
Tae Young Kim,Corea del Sur,2002,7,Defensor,7,6,0,0,0,0.00,2,0,3,2,2,4
Taffarel,Brasil,1990,1,Arquero,4,4,0,0,0,0.00,0,0,3,0,1,9
Taffarel,Brasil,1994,1,Arquero,7,7,0,0,0,0.00,0,0,5,2,0,1
Taffarel,Brasil,1998,1,Arquero,7,7,0,0,0,0.00,0,0,4,1,2,2
Taha Yassine Khenissi,Túnez,2022,11,Delantero,2,0,0,1,0,0.00,1,0,0,1,1,21
Taher Abou Zeid,Egipto,1990,12,Mediocampista,1,0,0,2,0,0.00,0,0,0,1,0,20
Taher El Khalej,Marruecos,1994,4,Defensor,2,2,1,1,0,0.00,1,0,0,0,2,23
Taher El Khalej,Marruecos,1998,20,Defensor,3,3,0,0,0,0.00,0,0,1,1,1,18
Taisir Al-Jassim,Arabia Saudita,2018,17,Mediocampista,2,2,0,1,0,0.00,1,0,0,0,2,26
Taison,Brasil,2018,21,Delantero,0,0,0,5,0,0.00,0,0,0,0,0,6
Tajon Buchanan,Canadá,2022,11,Delantero,3,3,0,0,0,0.00,1,0,0,0,3,31
Takashi Fukunishi,Japón,2002,15,Mediocampista,1,0,0,3,0,0.00,0,0,1,0,0,9
Takashi Fukunishi,Japón,2006,15,Mediocampista,2,2,0,1,0,0.00,0,0,0,1,1,29
Takashi Hirano,Japón,1998,22,Mediocampista,2,0,0,1,0,0.00,1,0,0,0,2,31
Takashi Inui,Japón,2018,14,Mediocampista,4,3,0,0,2,0.50,1,0,1,1,2,15
Takashi Usami,Japón,2018,11,Mediocampista,2,1,0,2,0,0.00,0,0,0,1,1,15
Takayuki Morimoto,Japón,2010,19,Delantero,0,0,0,4,0,0.00,0,0,0,0,0,9
Takayuki Suzuki,Japón,2002,11,Delantero,4,3,0,0,1,0.25,0,0,2,1,1,9
Take Kubo,Japón,2022,11,Mediocampista,2,2,0,2,0,0.00,0,0,2,0,0,9
Takehiro Tomiyasu,Japón,2022,16,Defensor,3,1,0,1,0,0.00,0,0,2,1,0,9
Takuma Asano,Japón,2022,18,Delantero,4,0,0,0,1,0.25,0,0,2,1,1,9
Takumi Minamino,Japón,2022,10,Mediocampista,3,0,0,1,0,0.00,0,0,1,1,1,9
Talal Jebrin,Arabia Saudita,1994,16,Mediocampista,3,3,0,1,0,0.00,1,0,2,0,1,12
Tarcisio Burgnich,Italia,1966,5,Defensor,2,2,0,1,0,0.00,0,0,1,0,1,9
Tarcisio Burgnich,Italia,1970,2,Defensor,6,6,0,0,1,0.17,1,0,3,2,1,2
Tarcisio Burgnich,Italia,1974,6,Defensor,3,3,0,0,0,0.00,0,0,1,1,1,10
Tarek Dhiab,Túnez,1978,10,Mediocampista,3,3,0,0,0,0.00,1,0,1,1,1,9
Tarek Hamed,Egipto,2018,8,Mediocampista,3,3,0,0,0,0.00,0,0,0,0,3,31
Tarek Salman,Catar,2022,5,Defensor,1,0,0,2,0,0.00,0,0,0,0,1,32
Tarek Soliman,Egipto,1990,11,Mediocampista,1,0,0,2,0,0.00,0,0,0,0,1,20
Tarek Thabet,Túnez,1998,7,Defensor,3,1,0,0,0,0.00,0,0,0,1,2,26
Tarek Thabet,Túnez,2002,17,Defensor,0,0,0,3,0,0.00,0,0,0,0,0,29
Taribo West,Nigeria,1998,6,Defensor,4,4,0,0,0,0.00,0,0,2,0,2,12
Taribo West,Nigeria,2002,6,Defensor,2,2,0,1,0,0.00,1,0,0,0,2,27
Tariq Lamptey,Ghana,2022,2,Defensor,2,1,0,1,0,0.00,1,0,1,0,1,24
Tas Coskun,Turquía,1954,22,Delantero,1,1,0,2,0,0.00,0,0,0,0,1,11
Tassos Mitropoulos,Grecia,1994,10,Mediocampista,3,1,1,0,0,0.00,2,0,0,0,3,24
Taye Taiwo,Nigeria,2010,3,Defensor,2,2,0,1,0,0.00,0,0,0,0,2,27
Tayfur Havutcu,Turquía,2002,14,Mediocampista,3,0,0,4,0,0.00,0,0,3,0,0,3
Teboho Mokoena,Sudáfrica,2002,12,Mediocampista,3,3,0,0,1,0.33,1,0,1,1,1,17
Ted Burgin,Inglaterra,1954,12,Arquero,0,0,0,3,0,0.00,0,0,0,0,0,7
Teddy Lucic,Suecia,1994,15,Defensor,0,0,0,7,0,0.00,0,0,0,0,0,3
Teddy Lucic,Suecia,2002,16,Defensor,4,4,0,0,0,0.00,0,0,1,2,1,13
Teddy Lucic,Suecia,2006,4,Defensor,4,4,0,0,0,0.00,1,1,1,2,1,14
Teddy Sheringham,Inglaterra,1998,10,Delantero,2,2,0,2,0,0.00,0,0,1,0,1,9
Teddy Sheringham,Inglaterra,2002,17,Delantero,4,0,0,1,0,0.00,0,0,2,1,1,6
Tedj Bensaoula,Argelia,1982,9,Delantero,3,1,0,0,1,0.33,0,0,2,0,1,13
Tedj Bensaoula,Argelia,1986,12,Delantero,1,0,0,2,0,0.00,0,0,0,0,1,22
Teilherber,Indias Orientales Holand.,1938,-,Delantero,0,0,0,1,0,0.00,0,0,0,0,0,15
Teko Modise,Sudáfrica,2010,11,Mediocampista,3,2,0,0,0,0.00,0,0,1,1,1,20
Temime Lakhzami,Túnez,1978,7,Delantero,3,3,3,0,0,0.00,0,0,1,1,1,9
Tengiz Sulakvelidze,URSS,1982,2,Defensor,4,4,0,1,0,0.00,0,0,1,2,1,7
Teofilo Cubillas,Perú,1970,10,Delantero,4,4,0,0,5,1.25,0,0,2,0,2,7
Teofilo Cubillas,Perú,1978,10,Delantero,6,6,0,0,5,0.83,0,0,2,1,3,8
Teofilo Cubillas,Perú,1982,10,Mediocampista,3,3,0,0,0,0.00,0,0,0,2,1,20
Teófilo Gutiérrez,Colombia,2014,9,Delantero,4,4,0,1,1,0.25,0,0,3,0,1,5
Teofilo Spasojevic,Yugoslavia,1930,-,Mediocampista,0,0,0,3,0,0.00,0,0,0,0,0,4
Teophilo,Brasil,1930,-,Delantero,1,1,0,1,0,0.00,0,0,0,0,1,6
Terence Kongolo,Paises Bajos,2014,14,Defensor,1,0,0,6,0,0.00,0,0,1,0,0,3
Terence Moore,Canadá,1986,5,Defensor,0,0,0,3,0,0.00,0,0,0,0,0,24
Terry Butcher,Inglaterra,1982,4,Defensor,4,4,0,1,0,0.00,1,0,2,2,0,6
Terry Butcher,Inglaterra,1986,6,Defensor,5,5,0,0,0,0.00,1,0,2,1,2,8
Terry Butcher,Inglaterra,1990,6,Defensor,5,5,3,2,0,0.00,0,0,2,3,0,4
Terry Cooper,Inglaterra,1970,3,Defensor,4,4,0,0,0,0.00,0,0,2,0,2,8
Terry Fenwick,Inglaterra,1986,14,Defensor,4,4,0,1,0,0.00,3,0,1,1,2,8
Terry Mcdermott,Inglaterra,1982,10,Mediocampista,0,0,0,5,0,0.00,0,0,0,0,0,6
Terry Medwin,Gales,1958,7,Delantero,4,4,0,1,1,0.25,0,0,1,2,1,5
Terry Paine,Inglaterra,1966,19,Delantero,1,1,0,5,0,0.00,0,0,1,0,0,1
Terry Phelan,Irlanda,1994,3,Defensor,3,3,0,1,0,0.00,2,0,1,0,2,16
Teruyoshi Ito,Japón,1998,7,Mediocampista,0,0,0,3,0,0.00,0,0,0,0,0,31
Teruyuki Moniwa,Japón,2006,2,Defensor,1,0,0,2,0,0.00,1,0,0,0,1,29
Teun Koopmeiners,Paises Bajos,2022,20,Mediocampista,5,1,0,0,0,0.00,1,0,3,2,0,5
Thabang Molefe,Sudáfrica,2002,22,Defensor,1,0,0,2,0,0.00,0,0,0,0,1,17
Thabet El Batal,Egipto,1990,22,Arquero,0,0,0,3,0,0.00,0,0,0,0,0,20
Thabo Mngomeni,Sudáfrica,2002,8,Mediocampista,0,0,0,3,0,0.00,0,0,0,0,0,17
Thanasis Kolitsidakis,Grecia,1994,3,Defensor,1,1,0,2,0,0.00,0,0,0,0,1,24
Thanduyise Khuboni,Sudáfrica,2010,23,Mediocampista,1,1,0,2,0,0.00,0,0,1,0,0,20
Themba Mnguni,Sudáfrica,1998,2,Defensor,0,0,0,3,0,0.00,0,0,0,0,0,24
Theo Custers,Bélgica,1982,12,Arquero,1,1,0,4,0,0.00,0,0,0,0,1,10
Theo De Jong,Paises Bajos,1974,7,Defensor,4,0,0,3,1,0.25,0,0,2,1,1,2
Théo Hernandez,Francia,2022,22,Defensor,6,5,0,1,1,0.17,1,0,5,1,0,2
Theo Snelders,Paises Bajos,1994,22,Arquero,0,0,0,5,0,0.00,0,0,0,0,0,7
Theo Walcott,Inglaterra,2006,23,Delantero,0,0,0,5,0,0.00,0,0,0,0,0,7
Theodor Reimann,Checoslovaquia,1954,1,Arquero,1,1,0,1,0,0.00,0,0,0,0,1,14
Theodor Wagner,Austria,1954,9,Delantero,4,4,0,1,3,0.75,0,0,3,0,1,3
Theodore Nouwens,Bélgica,1930,-,Defensor,2,2,0,0,0,0.00,0,0,0,0,2,11
Theodore Whitmore,Jamaica,1998,11,Mediocampista,3,3,0,0,2,0.67,0,0,1,0,2,22
Theofanis Gekas,Grecia,2010,17,Delantero,2,2,0,1,0,0.00,0,0,1,0,1,25
Theofanis Gekas,Grecia,2014,17,Delantero,4,1,0,0,0,0.00,0,0,1,2,1,13
Theophile Abega,Camerún,1982,14,Mediocampista,3,3,0,0,0,0.00,0,0,0,3,0,17
Thiago,España,2018,10,Mediocampista,2,1,0,2,0,0.00,0,0,0,2,0,10
Thiago Almada,Argentina,2022,16,Mediocampista,1,0,0,6,0,0.00,0,0,1,0,0,1
Thiago Cionek,Polonia,2018,4,Defensor,1,1,0,2,0,0.00,0,0,0,0,1,25
Thiago Motta,Italia,2014,5,Mediocampista,3,1,0,0,0,0.00,0,0,1,0,2,22
Thiago Silva,Brasil,2010,15,Defensor,0,0,0,5,0,0.00,0,0,0,0,0,6
Thiago Silva,Brasil,2014,3,Defensor,6,6,6,1,1,0.17,3,0,3,2,1,4
Thiago Silva,Brasil,2018,2,Defensor,5,5,2,0,1,0.20,0,0,3,1,1,6
Thiago Silva,Brasil,2022,3,Defensor,4,4,4,1,0,0.00,0,0,3,1,0,7
Thibaut Courtois,Bélgica,2014,1,Arquero,5,5,0,0,0,0.00,0,0,4,0,1,6
Thibaut Courtois,Bélgica,2018,1,Arquero,7,7,1,0,0,0.00,0,0,6,0,1,3
Thibaut Courtois,Bélgica,2022,1,Arquero,3,3,0,0,0,0.00,0,0,1,1,1,23
Thierry Henry,Francia,1998,12,Delantero,6,3,0,1,3,0.50,0,0,5,1,0,1
Thierry Henry,Francia,2002,12,Delantero,2,2,0,1,0,0.00,0,1,0,1,1,28
Thierry Henry,Francia,2006,12,Delantero,7,7,0,0,3,0.43,0,0,4,3,0,2
Thierry Henry,Francia,2010,12,Delantero,2,0,0,1,0,0.00,0,0,0,1,1,29
Thierry Tusseau,Francia,1986,8,Defensor,4,2,0,3,0,0.00,0,0,3,1,0,3
Thilo Kehrer,Alemania,2022,5,Defensor,1,1,0,2,0,0.00,1,0,0,1,0,17
Thomas Ahlstrom,Suecia,1974,22,Mediocampista,2,0,0,4,0,0.00,0,0,1,0,1,5
Thomas Allofs,Alemania Occidental,1982,16,Delantero,0,0,0,7,0,0.00,0,0,0,0,0,2
Thomas Berthold,Alemania Occidental,1986,14,Defensor,6,6,0,1,0,0.00,0,1,2,2,2,2
Thomas Berthold,Alemania Occidental,1990,14,Defensor,7,7,0,0,0,0.00,1,0,5,2,0,1
Thomas Berthold,Alemania Occidental,1994,14,Defensor,5,5,0,0,0,0.00,0,0,3,1,1,5
Thomas Bickel,Suiza,1994,16,Mediocampista,3,2,0,1,0,0.00,0,0,1,1,1,15
Thomas Delaney,Dinamarca,2018,8,Mediocampista,4,4,0,0,0,0.00,1,0,1,3,0,11
Thomas Delaney,Dinamarca,2022,8,Mediocampista,1,1,0,2,0,0.00,0,0,0,1,0,28
Thomas Deng,Australia,2022,20,Defensor,0,0,0,4,0,0.00,0,0,0,0,0,11
Thomas Dooley,Estados Unidos,1994,5,Defensor,4,4,0,0,0,0.00,1,0,1,1,2,14
Thomas Dooley,Estados Unidos,1998,5,Defensor,3,3,3,0,0,0.00,0,0,0,0,3,32
Thomas Dossevi,Togo,2006,9,Mediocampista,2,1,0,1,0,0.00,0,0,0,0,2,30
Thomas Enevoldsen,Dinamarca,2010,20,Mediocampista,1,1,0,2,0,0.00,0,0,0,0,1,24
Thomas Finney,Irlanda del Norte,1982,15,Mediocampista,0,0,0,5,0,0.00,0,0,0,0,0,9
Thomas Gravesen,Dinamarca,2002,7,Mediocampista,4,4,0,0,0,0.00,0,0,2,1,1,10
Thomas Haessler,Alemania Occidental,1990,8,Mediocampista,5,5,0,2,0,0.00,0,0,3,2,0,1
Thomas Haessler,Alemania Occidental,1994,8,Mediocampista,5,5,0,0,0,0.00,1,0,3,1,1,5
Thomas Haessler,Alemania Occidental,1998,10,Mediocampista,4,4,0,1,0,0.00,1,0,3,0,1,7
Thomas Helmer,Alemania,1994,5,Defensor,3,2,0,2,0,0.00,2,0,2,0,1,5
Thomas Helmer,Alemania,1998,5,Defensor,2,2,0,3,0,0.00,0,0,2,0,0,7
Thomas Helveg,Dinamarca,1998,6,Defensor,5,5,0,0,1,0.20,1,0,2,1,2,8
Thomas Helveg,Dinamarca,2002,6,Defensor,4,4,0,0,0,0.00,1,0,2,1,1,10
Thomas Hitzlsperger,Alemania,2006,15,Mediocampista,1,0,0,6,0,0.00,0,0,1,0,0,3
Thomas Kahlenberg,Dinamarca,2010,12,Mediocampista,3,2,0,0,0,0.00,0,0,1,0,2,24
Thomas Lemar,Francia,2018,8,Delantero,1,1,0,6,0,0.00,0,0,0,1,0,1
Thomas Libiih,Camerún,1990,15,Mediocampista,2,1,0,3,0,0.00,0,0,1,0,1,7
Thomas Libiih,Camerún,1994,6,Mediocampista,3,3,0,0,0,0.00,0,0,0,1,2,22
Thomas Linke,Alemania,2002,2,Defensor,7,7,0,0,1,0.14,0,0,5,1,1,2
Thomas Meunier,Bélgica,2018,15,Defensor,5,5,0,2,1,0.20,2,0,5,0,0,3
Thomas Meunier,Bélgica,2022,15,Mediocampista,3,2,0,0,0,0.00,1,0,1,1,1,23
Thomas Müller,Alemania,2010,13,Mediocampista,6,6,0,1,5,0.83,2,0,5,0,1,3
Thomas Müller,Alemania,2014,13,Delantero,7,7,0,0,5,0.71,0,0,6,1,0,1
Thomas Müller,Alemania,2018,13,Mediocampista,3,2,0,0,0,0.00,1,0,1,0,2,22
Thomas Müller,Alemania,2022,13,Mediocampista,3,3,0,0,0,0.00,0,0,1,1,1,17
Thomas Myhre,Noruega,1998,12,Arquero,0,0,0,4,0,0.00,0,0,0,0,0,15
Thomas Nkono,Camerún,1982,1,Arquero,3,3,3,0,0,0.00,1,0,0,3,0,17
Thomas Nkono,Camerún,1990,16,Arquero,5,5,0,0,0,0.00,2,0,3,0,2,7
Thomas Nkono,Camerún,1994,21,Arquero,0,0,0,3,0,0.00,0,0,0,0,0,22
Thomas Nordahl,Suecia,1970,16,Mediocampista,1,1,0,2,0,0.00,0,0,0,1,0,9
Thomas Partey,Ghana,2022,5,Mediocampista,3,3,0,0,0,0.00,0,0,1,0,2,24
Thomas Ravelli,Suecia,1990,22,Arquero,3,3,0,0,0,0.00,0,0,0,0,3,21
Thomas Ravelli,Suecia,1994,1,Arquero,7,7,0,0,0,0.00,0,0,3,3,1,3
Thomas Sjoberg,Suecia,1978,10,Delantero,3,3,0,0,1,0.33,0,0,0,1,2,13
Thomas Sorensen,Dinamarca,2002,1,Arquero,4,4,0,0,0,0.00,0,0,2,1,1,10
Thomas Sorensen,Dinamarca,2010,1,Arquero,3,3,0,0,0,0.00,1,0,1,0,2,24
Thomas Strunz,Alemania,1994,2,Mediocampista,3,1,0,2,0,0.00,0,0,1,1,1,5
Thomas Vermaelen,Bélgica,2014,3,Defensor,1,1,0,4,0,0.00,0,0,1,0,0,6
Thomas Vermaelen,Bélgica,2018,3,Defensor,3,1,0,4,0,0.00,0,0,3,0,0,3
Thomas Wyss,Suiza,1994,21,Mediocampista,1,0,0,3,0,0.00,0,0,0,1,0,15
Thompson Oliha,Nigeria,1994,8,Mediocampista,1,0,0,3,0,0.00,0,0,0,0,1,9
Thorgan Hazard,Bélgica,2018,16,Mediocampista,2,1,0,5,0,0.00,0,0,2,0,0,3
Thorgan Hazard,Bélgica,2022,16,Mediocampista,2,1,0,1,0,0.00,0,0,0,1,1,23
Tiago,Portugal,2006,19,Mediocampista,5,3,0,2,0,0.00,0,0,4,1,0,4
Tiago,Portugal,2010,19,Mediocampista,4,3,0,0,2,0.50,2,0,1,2,1,11
Tibor Kemeny,Hungría,1934,-,Delantero,1,1,0,1,0,0.00,0,0,0,0,1,6
Tibor Nyilasi,Hungría,1978,8,Mediocampista,2,2,0,1,0,0.00,1,1,0,0,2,15
Tibor Nyilasi,Hungría,1982,8,Mediocampista,3,3,3,0,2,0.67,1,0,1,1,1,14
Tibor Rab,Hungría,1978,15,Defensor,0,0,0,3,0,0.00,0,0,0,0,0,15
Tibor Rab,Hungría,1982,13,Defensor,1,1,0,2,0,0.00,0,0,0,0,1,14
Tibor Selymes,Rumania,1994,13,Defensor,4,3,0,1,0,0.00,2,0,3,1,0,6
Tibor Selymes,Rumania,1998,20,Defensor,0,0,0,4,0,0.00,0,0,0,0,0,11
Tie Li,China,2002,8,Mediocampista,3,3,0,0,0,0.00,1,0,0,0,3,31
Tihomir Ognjanov,Yugoslavia,1950,-,Delantero,1,1,0,2,1,1.00,0,0,1,0,0,5
Tihomir Ognjanov,Yugoslavia,1954,7,Delantero,0,0,0,3,0,0.00,0,0,0,0,0,8
Tijani Babangida,Nigeria,1998,13,Delantero,4,1,0,0,1,0.25,0,0,2,0,2,12
Tim,Brasil,1938,-,Delantero,1,1,0,4,0,0.00,0,0,1,0,0,3
Tim Borowski,Alemania,2006,18,Mediocampista,6,2,0,1,0,0.00,2,0,4,1,1,3
Tim Brown,Nueva Zelanda,2010,8,Mediocampista,0,0,0,3,0,0.00,0,0,0,0,0,22
Tim Cahill,Australia,2006,4,Mediocampista,4,3,0,0,2,0.50,2,0,1,1,2,16
Tim Cahill,Australia,2010,4,Delantero,2,2,0,1,1,0.50,0,1,1,0,1,21
Tim Cahill,Australia,2014,4,Delantero,2,2,0,1,2,1.00,2,0,0,0,2,30
Tim Cahill,Australia,2018,4,Delantero,1,0,0,2,0,0.00,0,0,0,0,1,30
Tim De Cler,Paises Bajos,2006,15,Defensor,1,1,0,3,0,0.00,1,0,0,1,0,11
Tim Flowers,Inglaterra,1998,22,Arquero,0,0,0,4,0,0.00,0,0,0,0,0,9
Tim Howard,Estados Unidos,2006,1,Arquero,0,0,0,3,0,0.00,0,0,0,0,0,25
Tim Howard,Estados Unidos,2010,1,Arquero,4,4,0,0,0,0.00,0,0,1,2,1,12
Tim Howard,Estados Unidos,2014,1,Arquero,4,4,0,0,0,0.00,0,0,1,1,2,15
Tim Krul,Paises Bajos,2014,23,Arquero,1,0,0,6,0,0.00,0,0,0,1,0,3
Tim Matavz,Eslovenia,2010,23,Delantero,1,0,0,2,0,0.00,0,0,0,0,1,18
Tim Ream,Estados Unidos,2022,13,Defensor,4,4,0,0,0,0.00,1,0,1,2,1,14
Tim Weah,Estados Unidos,2022,21,Delantero,4,4,0,0,1,0.25,0,0,1,2,1,14
Tim Wiese,Alemania,2010,12,Arquero,0,0,0,7,0,0.00,0,0,0,0,0,3
Timmy Simons,Bélgica,2002,6,Mediocampista,4,3,0,0,0,0.00,0,0,1,2,1,14
Timo Hildebrand,Alemania,2006,23,Arquero,0,0,0,7,0,0.00,0,0,0,0,0,3
Timo Werner,Alemania,2018,9,Delantero,3,3,0,0,0,0.00,0,0,1,0,2,22
Timothy Castagne,Bélgica,2022,21,Mediocampista,3,3,0,0,0,0.00,0,0,1,1,1,23
Timothy Chandler,Estados Unidos,2014,21,Defensor,0,0,0,4,0,0.00,0,0,0,0,0,15
Tin Jedvaj,Croacia,2018,13,Defensor,1,1,0,6,0,0.00,1,0,1,0,0,2
Tino Lettieri,Canadá,1986,1,Arquero,2,2,0,1,0,0.00,0,0,0,0,2,24
Tino Susic,Bosnia-Herzegovina,2014,14,Mediocampista,2,1,0,1,0,0.00,0,0,1,0,1,20
Tinoco,Brasil,1934,-,Mediocampista,1,1,0,0,0,0.00,0,0,0,0,1,14
Tisir Al Antaif,Arabia Saudita,1998,22,Arquero,0,0,0,3,0,0.00,0,0,0,0,0,28
Tita,Brasil,1990,20,Delantero,0,0,0,4,0,0.00,0,0,0,0,0,9
Titus Bubernik,Checoslovaquia,1958,17,Defensor,1,1,0,3,0,0.00,0,0,0,0,1,9
Titus Bubernik,Checoslovaquia,1962,16,Mediocampista,0,0,0,6,0,0.00,0,0,0,0,0,2
Tivadar Monostori,Hungría,1958,18,Delantero,0,0,0,4,0,0.00,0,0,0,0,0,10
Tivadar Monostori,Hungría,1962,18,Delantero,1,1,0,3,0,0.00,0,0,0,1,0,5
Tjaak Pattiwael,Indias Orientales Holand.,1938,-,Defensor,1,1,0,0,0,0.00,0,0,0,0,1,15
Tobias Linderoth,Suecia,2002,6,Mediocampista,4,4,0,0,0,0.00,0,0,1,2,1,13
Tobias Linderoth,Suecia,2006,6,Mediocampista,4,4,0,0,0,0.00,1,0,1,2,1,14
Toby Alderweireld,Bélgica,2014,2,Defensor,4,4,0,1,0,0.00,2,0,3,0,1,6
Toby Alderweireld,Bélgica,2018,2,Defensor,6,6,0,1,0,0.00,2,0,5,0,1,3
Toby Alderweireld,Bélgica,2022,2,Defensor,3,3,0,0,0,0.00,0,0,1,1,1,23
Todor Diev,Bulgaria,1962,7,Mediocampista,1,1,0,2,0,0.00,0,0,0,0,1,15
Todor Kolev,Bulgaria,1970,17,Mediocampista,2,2,0,1,1,0.50,0,0,0,1,1,13
Tom Amrhein,Estados Unidos,1934,-,Mediocampista,0,0,0,1,0,0.00,0,0,0,0,0,16
Tom Baker,Gales,1958,22,Mediocampista,0,0,0,5,0,0.00,0,0,0,0,0,5
Tom Boyd,Escocia,1998,3,Defensor,3,3,0,0,0,0.00,0,0,0,1,2,27
Tom Finney,Inglaterra,1950,-,Delantero,3,3,0,0,0,0.00,0,0,1,0,2,8
Tom Finney,Inglaterra,1954,11,Delantero,3,3,0,0,1,0.33,0,0,1,1,1,7
Tom Finney,Inglaterra,1958,11,Delantero,1,1,0,3,1,1.00,0,0,0,1,0,11
Tom Florie,Estados Unidos,1930,-,Delantero,3,3,3,0,1,0.33,0,0,2,0,1,3
Tom Florie,Estados Unidos,1934,-,Delantero,1,1,0,0,0,0.00,0,0,0,0,1,16
Tom Forsyth,Escocia,1978,14,Defensor,3,2,0,0,0,0.00,0,0,1,1,1,11
Tom Lockyer,Gales,2022,17,Defensor,0,0,0,3,0,0.00,0,0,0,0,0,30
Tom Lynch,Estados Unidos,1934,-,Mediocampista,0,0,0,1,0,0.00,0,0,0,0,0,16
Tom Rogic,Australia,2018,23,Mediocampista,3,3,0,0,0,0.00,1,0,0,1,2,30
Tom Turesson,Suecia,1970,18,Delantero,2,1,0,1,1,0.50,0,0,1,1,0,9
Tomas,España,1986,2,Defensor,5,5,0,0,0,0.00,1,0,3,1,1,7
Tomas Antonelius,Suecia,2002,13,Defensor,0,0,0,4,0,0.00,0,0,0,0,0,13
Tomas Balcazar,México,1954,10,Delantero,2,2,0,0,1,0.50,0,0,0,0,2,13
Tomas Boy,México,1986,10,Mediocampista,5,5,5,0,0,0.00,0,0,3,2,0,6
Tomas Brolin,Suecia,1990,17,Delantero,3,3,0,0,1,0.33,0,0,0,0,3,21
Tomas Brolin,Suecia,1994,11,Delantero,7,7,0,0,3,0.43,1,0,3,3,1,3
Tomas Fernandez,Cuba,1938,-,Mediocampista,3,3,3,0,1,0.33,0,0,1,1,1,7
Tomas Galasek,República Checa,2006,4,Mediocampista,2,2,2,1,0,0.00,0,0,1,0,1,20
Tomas Kriz,Checoslovaquia,1982,10,Delantero,2,2,0,1,0,0.00,0,0,0,2,0,19
Tomas Ojeda,Chile,1930,-,Delantero,2,2,0,1,0,0.00,0,0,2,0,0,5
Tomas Pineda,El Salvador,1970,13,Arquero,0,0,0,3,0,0.00,0,0,0,0,0,16
Tomas Pospichal,Checoslovaquia,1962,17,Delantero,3,3,0,3,0,0.00,0,0,2,0,1,2
Tomas Rosicky,República Checa,2006,10,Mediocampista,3,3,0,0,2,0.67,1,0,1,0,2,20
Tomas Skuhravy,Checoslovaquia,1990,10,Delantero,5,5,0,0,5,1.00,1,0,3,0,2,6
Tomas Ujfalusi,República Checa,2006,21,Defensor,2,2,0,1,0,0.00,0,1,1,0,1,20
Tomasz Hajto,Polonia,2002,6,Defensor,2,2,0,1,0,0.00,1,0,0,0,2,25
Tomasz Klos,Polonia,2002,2,Defensor,2,1,0,1,0,0.00,0,0,1,0,1,25
Tomasz Kuszczak,Polonia,2006,12,Arquero,0,0,0,3,0,0.00,0,0,0,0,0,21
Tomasz Rzasa,Polonia,2002,5,Mediocampista,1,0,0,2,0,0.00,0,0,0,0,1,25
Tomasz Waldoch,Polonia,2002,15,Defensor,3,2,2,0,0,0.00,0,0,1,0,2,25
Tomi Juric,Australia,2018,9,Delantero,3,1,0,0,0,0.00,0,0,0,1,2,30
Tomislav Butina,Croacia,2002,12,Arquero,0,0,0,3,0,0.00,0,0,0,0,0,23
Tomislav Butina,Croacia,2006,23,Arquero,0,0,0,3,0,0.00,0,0,0,0,0,22
Tomislav Crnkovic,Yugoslavia,1954,3,Defensor,3,3,0,0,0,0.00,0,0,1,1,1,8
Tomislav Crnkovic,Yugoslavia,1958,4,Defensor,4,4,0,0,0,0.00,0,0,1,2,1,8
Tomislav Ivkovic,Yugoslavia,1990,1,Arquero,5,5,0,0,0,0.00,0,0,3,1,1,5
Tommy Banks,Inglaterra,1958,3,Defensor,4,4,0,0,0,0.00,0,0,0,3,1,11
Tommy Casey,Irlanda del Norte,1958,13,Delantero,2,2,0,3,0,0.00,0,0,0,1,1,7
Tommy Cassidy,Irlanda del Norte,1982,14,Mediocampista,1,0,0,4,0,0.00,0,0,1,0,0,9
Tommy Coyne,Irlanda,1994,15,Delantero,3,3,0,1,0,0.00,1,0,1,0,2,16
Tommy Docherty,Escocia,1954,5,Mediocampista,2,2,0,0,0,0.00,0,0,0,0,2,15
Tommy Docherty,Escocia,1958,10,Mediocampista,0,0,0,3,0,0.00,0,0,0,0,0,14
Tommy Hamill,Irlanda del Norte,1958,21,Defensor,0,0,0,5,0,0.00,0,0,0,0,0,7
Tommy Hutchinson,Escocia,1974,18,Mediocampista,2,0,0,1,0,0.00,0,0,1,1,0,9
Tommy Oar,Australia,2014,11,Mediocampista,3,3,0,0,0,0.00,0,0,0,0,3,30
Tommy Smith,Nueva Zelanda,2010,19,Defensor,3,3,0,0,0,0.00,1,0,0,3,0,22
Tommy Svensson,Suecia,1970,6,Mediocampista,3,3,1,0,0,0.00,0,0,1,1,1,9
Tommy Taylor,Inglaterra,1954,10,Delantero,2,2,0,1,0,0.00,0,0,1,1,0,7
Tommy Wright,Inglaterra,1970,14,Defensor,2,1,0,2,0,0.00,0,0,1,0,1,8
Tommy Younger,Escocia,1958,1,Arquero,2,2,2,1,0,0.00,0,0,0,1,1,14
Tomoaki Makino,Japón,2018,20,Defensor,1,1,0,3,0,0.00,1,0,0,0,1,15
Tomokazu Myojin,Japón,2002,20,Mediocampista,3,3,0,1,0,0.00,0,0,2,0,1,9
Toni Allemann,Suiza,1962,14,Delantero,3,3,0,0,0,0.00,0,0,0,0,3,16
Toni Kroos,Alemania,2010,18,Mediocampista,4,0,0,3,0,0.00,0,0,3,0,1,3
Toni Kroos,Alemania,2014,18,Mediocampista,7,7,0,0,2,0.29,0,0,6,1,0,1
Toni Kroos,Alemania,2018,8,Mediocampista,3,3,0,0,1,0.33,0,0,1,0,2,22
Toni Polster,Austria,1990,9,Delantero,3,3,3,0,0,0.00,0,0,1,0,2,18
Toni Polster,Austria,1998,19,Delantero,3,3,3,0,1,0.33,0,0,0,2,1,23
Toni Schall,Austria,1934,-,Delantero,2,2,0,2,1,0.50,0,0,1,0,1,4
Toni Sunjic,Bosnia-Herzegovina,2014,15,Defensor,2,2,0,1,0,0.00,0,0,1,0,1,20
Toni Turek,Alemania Occidental,1954,1,Arquero,5,5,0,1,0,0.00,0,0,5,0,0,1
Toninho,Brasil,1978,2,Defensor,6,6,0,1,0,0.00,0,0,3,3,0,3
Toninho Cerezo,Brasil,1978,5,Mediocampista,6,6,0,1,0,0.00,1,0,4,2,0,3
Toninho Cerezo,Brasil,1982,5,Mediocampista,4,4,0,1,0,0.00,0,0,3,0,1,5
Tony Adams,Inglaterra,1998,5,Defensor,4,4,0,0,0,0.00,0,0,2,1,1,9
Tony Cascarino,Irlanda,1990,10,Delantero,5,2,0,0,0,0.00,0,0,0,4,1,8
Tony Cascarino,Irlanda,1994,16,Delantero,1,0,0,3,0,0.00,0,0,0,0,1,16
Tony Dorigo,Inglaterra,1990,15,Defensor,1,1,0,6,0,0.00,0,0,0,0,1,4
Tony Lochhead,Nueva Zelanda,2010,3,Defensor,3,3,0,0,0,0.00,1,0,0,3,0,22
Tony Meola,Estados Unidos,1990,1,Arquero,3,3,0,0,0,0.00,1,0,0,0,3,23
Tony Meola,Estados Unidos,1994,1,Arquero,4,4,4,0,0,0.00,0,0,1,1,2,14
Tony Meola,Estados Unidos,2002,19,Arquero,0,0,0,5,0,0.00,0,0,0,0,0,8
Tony Popovic,Australia,2006,6,Defensor,1,1,0,3,0,0.00,0,0,0,0,1,16
Tony Sanneh,Estados Unidos,2002,22,Defensor,5,5,0,0,0,0.00,0,0,2,1,2,8
Tony Sylva,Senegal,2002,1,Arquero,5,5,0,0,0,0.00,0,0,2,2,1,7
Tony Woodcock,Inglaterra,1982,21,Delantero,2,1,0,3,0,0.00,0,0,0,2,0,6
Toon Oprinsen,Paises Bajos,1934,-,Mediocampista,0,0,0,1,0,0.00,0,0,0,0,0,9
Torbjorn Nilsson,Suecia,1978,15,Delantero,1,1,0,2,0,0.00,0,0,0,0,1,13
Tore Andre Flo,Noruega,1998,9,Delantero,4,4,0,0,1,0.25,1,0,1,2,1,15
Tore Keller,Suecia,1934,-,Delantero,2,2,0,0,0,0.00,0,0,1,0,1,8
Tore Keller,Suecia,1938,-,Delantero,2,2,2,1,3,1.50,0,0,1,0,1,4
Tore Svensson,Suecia,1958,12,Arquero,0,0,0,6,0,0.00,0,0,0,0,0,2
Torsten Frings,Alemania,2002,22,Mediocampista,7,7,0,0,0,0.00,1,0,5,1,1,2
Torsten Frings,Alemania,2006,8,Mediocampista,6,6,0,1,1,0.17,2,0,5,1,0,3
Torsten Lindberg,Suecia,1950,-,Arquero,0,0,0,5,0,0.00,0,0,0,0,0,3
Tosh Mckinlay,Escocia,1998,6,Defensor,2,0,0,1,0,0.00,0,0,0,0,2,27
Toshihide Saito,Japón,1998,16,Defensor,0,0,0,3,0,0.00,0,0,0,0,0,31
Toshihiro Aoyama,Japón,2014,14,Defensor,1,1,0,2,0,0.00,0,0,0,0,1,29
Toshihiro Hattori,Japón,1998,13,Defensor,0,0,0,3,0,0.00,0,0,0,0,0,31
Toshihiro Hattori,Japón,2002,6,Defensor,1,0,0,3,0,0.00,0,0,1,0,0,9
Tostao,Brasil,1966,20,Mediocampista,1,1,0,2,1,1.00,0,0,0,0,1,11
Tostao,Brasil,1970,9,Mediocampista,6,6,0,0,2,0.33,1,0,6,0,0,1
Toza Veselinovic,Yugoslavia,1954,21,Delantero,0,0,0,3,0,0.00,0,0,0,0,0,8
Toza Veselinovic,Yugoslavia,1958,13,Delantero,4,4,0,0,3,0.75,0,0,1,2,1,8
Tranquilino Garcete,Paraguay,1930,-,Mediocampista,1,1,0,1,0,0.00,0,0,1,0,0,9
Tranquillo Barnetta,Suiza,2006,16,Mediocampista,4,4,0,0,1,0.25,1,0,2,2,0,10
Tranquillo Barnetta,Suiza,2010,7,Mediocampista,3,2,0,0,0,0.00,1,0,1,1,1,19
Tranquillo Barnetta,Suiza,2014,7,Mediocampista,0,0,0,4,0,0.00,0,0,0,0,0,11
Trent Alexander-Arnold,Inglaterra,2018,22,Defensor,1,1,0,6,0,0.00,0,0,0,0,1,4
Trent Alexander-Arnold,Inglaterra,2022,18,Defensor,1,0,0,4,0,0.00,0,0,1,0,0,6
Trent Sainsbury,Australia,2018,20,Defensor,3,3,0,0,0,0.00,0,0,0,1,2,30
Trevor Brooking,Inglaterra,1982,3,Mediocampista,1,0,0,4,0,0.00,0,0,0,1,0,6
Trevor Edwards,Gales,1958,14,Defensor,0,0,0,5,0,0.00,0,0,0,0,0,5
Trevor Francis,Inglaterra,1982,8,Delantero,5,5,0,0,2,0.40,0,0,3,2,0,6
Trevor Sinclair,Inglaterra,2002,4,Mediocampista,4,3,0,1,0,0.00,0,0,2,1,1,6
Trevor Steven,Inglaterra,1986,17,Mediocampista,3,3,0,2,0,0.00,0,0,2,0,1,8
Trevor Steven,Inglaterra,1990,20,Mediocampista,3,1,0,4,0,0.00,0,0,1,1,1,4
Trifon Ivanov,Bulgaria,1994,3,Defensor,6,6,0,1,0,0.00,3,0,3,0,3,4
Trifon Ivanov,Bulgaria,1998,3,Defensor,3,3,3,0,0,0.00,1,0,0,1,2,29
Trols Rasmussen,Dinamarca,1986,1,Arquero,2,2,0,2,0,0.00,0,0,2,0,0,9
Tsanko Tsvetanov,Bulgaria,1994,4,Defensor,6,6,0,1,0,0.00,0,1,3,0,3,4
Tsepo Masilela,Sudáfrica,2010,3,Defensor,3,2,0,0,0,0.00,1,0,1,1,1,20
Tshinabu Wa Munda,Zaire,1974,7,Mediocampista,1,1,0,2,0,0.00,0,0,0,0,1,16
Tsonyo Vasilev,Bulgaria,1974,18,Defensor,3,3,0,0,0,0.00,1,0,0,2,1,12
Tsuneyasu Miyamoto,Japón,2002,17,Defensor,4,3,3,0,0,0.00,1,0,2,1,1,9
Tsuneyasu Miyamoto,Japón,2006,5,Defensor,2,2,2,1,0,0.00,2,0,0,1,1,29
Tubilandu Ndimbi,Zaire,1974,12,Arquero,1,0,0,2,0,0.00,0,0,0,0,1,16
Tugay Kerimoglu,Turquía,2002,8,Mediocampista,7,7,0,0,0,0.00,3,0,4,1,2,3
Tullio Grassi,Suiza,1938,-,Delantero,1,1,0,2,0,0.00,0,0,0,0,1,6
Txiki Beguiristain,España,1994,11,Delantero,1,0,0,4,1,1.00,0,0,1,0,0,8
Tyler Adams,Estados Unidos,2022,4,Mediocampista,4,4,4,0,0,0.00,1,0,1,2,1,14
Tyrell Malacia,Paises Bajos,2022,16,Defensor,0,0,0,5,0,0.00,0,0,0,0,0,5
Tyronne Ebuehi,Nigeria,2018,21,Defensor,1,0,0,2,0,0.00,0,0,1,0,0,21
Ubaldo Fillol,Argentina,1974,12,Arquero,1,1,0,5,0,0.00,0,0,0,1,0,8
Ubaldo Fillol,Argentina,1978,5,Arquero,7,7,0,0,0,0.00,0,0,5,1,1,1
Ubaldo Fillol,Argentina,1982,7,Arquero,5,5,0,0,0,0.00,0,0,2,0,3,11
Uche Nwofor,Nigeria,2014,19,Delantero,2,0,0,2,0,0.00,0,0,0,0,2,16
Uche Okafor,Nigeria,1994,20,Defensor,0,0,0,4,0,0.00,0,0,0,0,0,9
Uche Okafor,Nigeria,1998,16,Defensor,1,1,0,3,0,0.00,0,0,0,0,1,12
Uche Okechukwu,Nigeria,1994,5,Defensor,4,4,0,0,0,0.00,0,0,2,0,2,9
Uche Okechukwu,Nigeria,1998,5,Defensor,3,3,3,1,0,0.00,2,0,2,0,1,12
Ugo Ferrante,Italia,1970,6,Defensor,0,0,0,6,0,0.00,0,0,0,0,0,2
Ugo Locatelli,Italia,1938,-,Mediocampista,4,4,0,0,0,0.00,0,0,4,0,0,1
Ui-jo Hwang,Corea del Sur,2022,16,Delantero,4,1,0,0,0,0.00,0,0,1,1,2,16
Ulf Kirsten,Alemania,1994,19,Delantero,0,0,0,5,0,0.00,0,0,0,0,0,5
Ulf Kirsten,Alemania,1998,9,Delantero,4,0,0,1,0,0.00,0,0,2,1,1,7
Uli Biesinger,Alemania Occidental,1954,18,Mediocampista,0,0,0,6,0,0.00,0,0,0,0,0,1
Uli Hoeness,Alemania Occidental,1974,14,Mediocampista,7,6,0,0,1,0.14,0,0,6,0,1,1
Uli Stielike,Alemania Occidental,1982,15,Defensor,7,7,0,0,0,0.00,2,0,3,2,2,2
Ulises De La Cruz,Ecuador,2002,4,Defensor,3,3,0,0,0,0.00,1,0,1,0,2,24
Ulises De La Cruz,Ecuador,2006,4,Defensor,4,4,0,0,0,0.00,2,0,2,0,2,12
Ulises Poirier,Chile,1930,-,Defensor,1,1,0,2,0,0.00,0,0,1,0,0,5
Ulrich Rame,Francia,2002,1,Arquero,0,0,0,3,0,0.00,0,0,0,0,0,28
Ulrich Stein,Alemania Occidental,1986,12,Arquero,0,0,0,7,0,0.00,0,0,0,0,0,2
Ulrich Van Gobbel,Paises Bajos,1994,14,Defensor,1,1,0,4,0,0.00,1,0,1,0,0,7
Ulrik Jansson,Suecia,1990,11,Mediocampista,0,0,0,3,0,0.00,0,0,0,0,0,21
Umberto Caligaris,Italia,1934,-,Defensor,0,0,0,5,0,0.00,0,0,0,0,0,1
Umit Davala,Turquía,2002,22,Mediocampista,7,6,0,0,2,0.29,0,0,4,1,2,3
Umit Ozat,Turquía,2002,16,Defensor,2,2,0,5,0,0.00,0,0,0,1,1,3
Unai Simón,España,2022,23,Arquero,4,4,0,0,0,0.00,0,0,1,2,1,13
Urbano Rivera,Uruguay,1954,15,Mediocampista,0,0,0,5,0,0.00,0,0,0,0,0,4
Uriel Antuna,México,2022,21,Delantero,3,0,0,0,0,0.00,0,0,1,1,1,22
Uros Racic,Serbia,2022,19,Mediocampista,0,0,0,3,0,0.00,0,0,0,0,0,29
Uroš Spajić,Serbia,2018,5,Defensor,0,0,0,3,0,0.00,0,0,0,0,0,23
Uwa Echiejile,Nigeria,2010,21,Defensor,2,0,0,1,0,0.00,0,0,0,1,1,27
Uwe Bein,Alemania Occidental,1990,15,Mediocampista,4,4,0,3,1,0.25,0,0,3,1,0,1
Uwe Rahn,Alemania Occidental,1986,18,Mediocampista,0,0,0,7,0,0.00,0,0,0,0,0,2
Uwe Reinders,Alemania Occidental,1982,13,Delantero,3,1,0,4,1,0.33,0,0,2,1,0,2
Uwe Seeler,Alemania Occidental,1958,12,Delantero,5,5,0,1,2,0.40,0,0,2,2,1,4
Uwe Seeler,Alemania Occidental,1962,9,Delantero,4,4,0,0,2,0.50,0,0,2,1,1,7
Uwe Seeler,Alemania Occidental,1966,9,Delantero,6,6,6,0,2,0.33,0,0,4,1,1,2
Uwe Seeler,Alemania Occidental,1970,9,Delantero,6,6,6,0,3,0.50,0,0,5,0,1,3
Vaclav Horak,Checoslovaquia,1938,-,Delantero,1,1,0,2,0,0.00,0,0,0,0,1,5
Vaclav Hovorka,Checoslovaquia,1958,13,Delantero,3,3,0,1,2,0.67,0,0,1,1,1,9
Vaclav Masek,Checoslovaquia,1962,14,Delantero,1,1,0,5,1,1.00,0,0,0,0,1,2
Vaclav Migas,Checoslovaquia,1970,3,Defensor,3,3,0,0,0,0.00,0,0,0,0,3,15
Vaclav Nemecek,Checoslovaquia,1990,20,Mediocampista,3,2,0,2,0,0.00,0,0,1,0,2,6
Vadim Yevtushenko,URSS,1982,19,Delantero,0,0,0,5,0,0.00,0,0,0,0,0,7
Vadim Yevtushenko,URSS,1986,17,Delantero,3,1,0,1,0,0.00,0,0,2,0,1,10
Vagiz Khidiyatullin,URSS,1982,4,Defensor,0,0,0,5,0,0.00,0,0,0,0,0,7
Vagiz Khidiyatullin,URSS,1990,3,Defensor,3,3,0,0,0,0.00,1,0,1,0,2,17
Vahid Amiri,Irán,2018,11,Mediocampista,3,3,0,0,0,0.00,1,0,1,1,1,18
Vahid Amiri,Irán,2022,11,Mediocampista,0,0,0,3,0,0.00,0,0,0,0,0,26
Vahid Halilhodzic,Yugoslavia,1982,19,Delantero,2,0,0,1,0,0.00,0,0,1,0,1,16
Vahid Hashemian,Irán,2006,9,Delantero,3,3,0,0,0,0.00,0,0,0,1,2,26
Vahid Talebloo,Irán,2006,22,Arquero,0,0,0,3,0,0.00,0,0,0,0,0,26
Vaios Karagiannis,Grecia,1994,13,Defensor,2,2,0,1,0,0.00,1,0,0,0,2,24
Valdo,Brasil,1986,21,Mediocampista,0,0,0,5,0,0.00,0,0,0,0,0,5
Valdo,Brasil,1990,8,Mediocampista,4,4,0,0,0,0.00,0,0,3,0,1,9
Valdomiro,Brasil,1974,13,Delantero,6,5,0,1,1,0.17,0,0,3,1,2,4
Valentin Afonin,URSS,1966,5,Defensor,1,1,0,5,0,0.00,0,0,1,0,0,4
Valentin Afonin,URSS,1970,3,Defensor,3,3,0,1,0,0.00,0,0,2,0,1,5
Valentin Bubukin,URSS,1958,18,Delantero,0,0,0,5,0,0.00,0,0,0,0,0,6
Valentin Ivanov,URSS,1958,8,Delantero,5,5,0,0,1,0.20,0,0,2,1,2,6
Valentin Ivanov,URSS,1962,14,Delantero,4,4,0,0,4,1.00,0,0,2,1,1,6
Valentín Pimentel,Panamá,2018,14,Mediocampista,0,0,0,3,0,0.00,0,0,0,0,0,32
Valentin Stocker,Suiza,2014,14,Mediocampista,1,1,0,3,0,0.00,0,0,1,0,0,11
Valeri Broshin,URSS,1990,21,Mediocampista,0,0,0,3,0,0.00,0,0,0,0,0,17
Valeri Karpin,Rusia,1994,10,Mediocampista,3,2,0,0,0,0.00,1,0,1,0,2,18
Valeri Karpin,Rusia,2002,8,Mediocampista,3,3,0,0,1,0.33,0,0,1,0,2,22
Valeri Voronin,URSS,1962,12,Mediocampista,4,4,0,0,0,0.00,0,0,2,1,1,6
Valeri Voronin,URSS,1966,12,Mediocampista,5,5,0,1,0,0.00,1,0,3,0,2,4
Valeri Zikov,URSS,1970,10,Defensor,0,0,0,4,0,0.00,0,0,0,0,0,5
Valeriy Porkuyan,URSS,1966,17,Delantero,3,3,0,3,4,1.33,0,0,2,0,1,4
Valeriy Porkuyan,URSS,1970,22,Delantero,0,0,0,4,0,0.00,0,0,0,0,0,5
Valon Behrami,Suiza,2006,19,Mediocampista,1,0,0,3,0,0.00,0,0,1,0,0,10
Valon Behrami,Suiza,2010,11,Mediocampista,1,1,0,2,0,0.00,0,1,0,0,1,19
Valon Behrami,Suiza,2014,11,Mediocampista,4,4,0,0,0,0.00,0,0,2,0,2,11
Valon Behrami,Suiza,2018,11,Mediocampista,4,4,1,0,0,0.00,2,0,1,2,1,14
Valter Birsa,Eslovenia,2010,10,Mediocampista,3,3,0,0,1,0.33,1,0,1,1,1,18
Vampeta,Brasil,2002,18,Mediocampista,1,0,0,6,0,0.00,0,0,1,0,0,1
Vangelis Moras,Grecia,2010,5,Defensor,1,1,0,2,0,0.00,0,0,0,0,1,25
Vangelis Moras,Grecia,2014,5,Defensor,0,0,0,4,0,0.00,0,0,0,0,0,13
Vanja Milinković-Savić,Serbia,2022,23,Arquero,3,3,0,0,0,0.00,0,0,0,1,2,29
Vasil Dragolov,Bulgaria,1986,16,Delantero,0,0,0,4,0,0.00,0,0,0,0,0,15
Vasil Metodiev,Bulgaria,1966,12,Defensor,0,0,0,3,0,0.00,0,0,0,0,0,15
Vasil Mitkov,Bulgaria,1970,20,Delantero,2,1,0,1,0,0.00,0,0,0,1,1,13
Vasile Chiroiu,Rumania,1938,-,Defensor,1,1,0,1,0,0.00,0,0,0,1,0,9
Vasile Deheleanu,Rumania,1934,-,Mediocampista,1,1,0,0,0,0.00,0,0,0,0,1,12
Vasile Gherghely,Rumania,1970,14,Mediocampista,1,0,0,2,0,0.00,0,0,1,0,0,10
Vasileios Torosidis,Grecia,2010,15,Defensor,3,3,0,0,1,0.33,1,0,1,0,2,25
Vasileios Torosidis,Grecia,2014,15,Defensor,4,4,0,0,0,0.00,1,0,1,2,1,13
Vasili Rats,URSS,1986,21,Mediocampista,3,3,0,1,1,0.33,1,0,1,1,1,10
Vasili Rats,URSS,1990,6,Mediocampista,1,1,0,2,0,0.00,0,0,0,0,1,17
Vasilije Sijakovic,Yugoslavia,1958,3,Defensor,2,2,0,2,0,0.00,0,0,0,1,1,8
Vasilije Sijakovic,Yugoslavia,1962,14,Defensor,1,1,0,5,0,0.00,0,0,0,0,1,4
Vasilis Dimitriadis,Grecia,1994,14,Delantero,2,0,0,1,0,0.00,0,0,0,0,2,24
Vasily Danilov,URSS,1966,10,Defensor,4,4,0,2,0,0.00,0,0,2,0,2,4
Vassili Berezutski,Rusia,2014,14,Defensor,3,3,3,0,0,0.00,0,0,0,2,1,24
Vava,Brasil,1958,20,Delantero,4,4,0,2,5,1.25,0,0,3,1,0,1
Vava,Brasil,1962,19,Delantero,6,6,0,0,4,0.67,0,0,5,1,0,1
Vedad Ibisevic,Bosnia-Herzegovina,2014,9,Delantero,3,1,0,0,1,0.33,0,0,1,0,2,20
Vedran Corluka,Croacia,2014,5,Defensor,3,3,0,0,0,0.00,1,0,1,0,2,19
Vedran Corluka,Croacia,2018,5,Defensor,4,1,0,3,0,0.00,1,0,3,1,0,2
Vegard Heggem,Noruega,1998,14,Delantero,0,0,0,4,0,0.00,0,0,0,0,0,15
Velimir Zajec,Yugoslavia,1982,4,Defensor,3,3,0,0,0,0.00,0,0,1,1,1,16
Velko Yotov,Bulgaria,1994,21,Delantero,0,0,0,7,0,0.00,0,0,0,0,0,4
Velloso,Brasil,1930,-,Arquero,1,1,0,1,0,0.00,0,0,1,0,0,6
Veludo,Brasil,1954,21,Arquero,0,0,0,3,0,0.00,0,0,0,0,0,6
Venancio Ramos,Uruguay,1986,19,Delantero,4,2,0,0,0,0.00,0,0,0,2,2,16
Viacheslav Chanov,URSS,1982,22,Arquero,0,0,0,5,0,0.00,0,0,0,0,0,7
Viacheslav Daev,Rusia,2002,13,Defensor,0,0,0,3,0,0.00,0,0,0,0,0,22
Vic Crowe,Gales,1958,16,Mediocampista,0,0,0,5,0,0.00,0,0,0,0,0,5
Vicente,Portugal,1966,4,Defensor,4,4,0,2,0,0.00,0,0,4,0,0,3
Vicente Arraya,Bolivia,1950,-,Arquero,0,0,0,1,0,0.00,0,0,0,0,0,13
Vicente Asensi,España,1950,-,Defensor,1,1,0,5,0,0.00,0,0,0,0,1,4
Victor,España,1986,5,Mediocampista,5,5,0,0,0,0.00,1,0,3,1,1,7
Victor,Brasil,2014,22,Arquero,0,0,0,7,0,0.00,0,0,0,0,0,4
Victor Algaranaz,Bolivia,1950,-,Delantero,1,1,0,0,0,0.00,0,0,0,0,1,13
Victor Aristizabal,Colombia,1994,16,Delantero,0,0,0,3,0,0.00,0,0,0,0,0,19
Victor Aristizabal,Colombia,1998,15,Delantero,3,1,0,0,0,0.00,1,0,1,0,2,21
Victor Bannikov,URSS,1966,22,Arquero,0,0,0,6,0,0.00,0,0,0,0,0,4
Victor Bernardez,Honduras,2010,5,Defensor,1,1,0,2,0,0.00,0,0,0,1,0,30
Victor Bernardez,Honduras,2014,5,Defensor,3,3,0,0,0,0.00,1,0,0,0,3,31
Victor Brown,Bolivia,1950,-,Delantero,0,0,0,1,0,0.00,0,0,0,0,0,13
Victor Caceres,Paraguay,2010,15,Mediocampista,4,4,0,1,0,0.00,3,0,1,2,1,8
Victor Chanov,URSS,1982,16,Arquero,0,0,0,5,0,0.00,0,0,0,0,0,7
Victor Diogo,Uruguay,1986,4,Defensor,3,3,0,1,0,0.00,2,0,0,2,1,16
Victor Esparrago,Uruguay,1966,21,Mediocampista,0,0,0,4,0,0.00,0,0,0,0,0,7
Victor Esparrago,Uruguay,1970,9,Mediocampista,6,3,0,0,1,0.17,0,0,2,1,3,4
Victor Esparrago,Uruguay,1974,8,Mediocampista,3,3,0,0,0,0.00,1,0,0,1,2,13
Víctor Ibarbo,Colombia,2014,14,Mediocampista,3,3,0,2,0,0.00,0,0,2,0,1,5
Victor Ikpeba,Nigeria,1994,17,Delantero,0,0,0,4,0,0.00,0,0,0,0,0,9
Victor Ikpeba,Nigeria,1998,20,Delantero,3,3,0,1,1,0.33,1,0,2,0,1,12
Victor Lindelöf,Suecia,2018,3,Defensor,4,4,0,1,0,0.00,0,0,2,0,2,7
Victor Mees,Bélgica,1954,6,Mediocampista,2,2,0,0,0,0.00,0,0,0,1,1,12
Victor Morales,Chile,1930,-,Defensor,2,2,0,1,0,0.00,0,0,1,0,1,5
Victor Moses,Nigeria,2014,11,Delantero,2,2,0,2,0,0.00,0,0,0,1,1,16
Victor Moses,Nigeria,2018,11,Delantero,3,3,0,0,1,0.33,0,0,1,0,2,21
Victor Ndip,Camerún,1990,17,Defensor,4,4,0,1,0,0.00,2,0,3,0,1,7
Victor Ndip,Camerún,1994,5,Defensor,1,1,0,2,0,0.00,0,0,0,0,1,22
Victor Nelsson,Dinamarca,2022,3,Defensor,1,1,0,2,0,0.00,0,0,0,0,1,28
Victor Nunez,Costa Rica,2006,21,Delantero,0,0,0,3,0,0.00,0,0,0,0,0,31
Victor Obinna,Nigeria,2010,18,Delantero,2,1,0,1,0,0.00,0,0,0,1,1,27
Victor Rangel,México,1978,9,Delantero,3,3,0,0,1,0.33,0,0,0,0,3,16
Victor Rodriguez Andrade,Uruguay,1950,-,Mediocampista,4,4,0,0,0,0.00,0,0,3,1,0,1
Victor Rodriguez Andrade,Uruguay,1954,4,Defensor,5,5,0,0,0,0.00,0,0,3,0,2,4
Victor Ugarte,Bolivia,1950,-,Delantero,1,1,0,0,0,0.00,0,0,0,0,1,13
Victor Valdes,España,2010,12,Arquero,0,0,0,7,0,0.00,0,0,0,0,0,1
Victoriano Iriarte,Uruguay,1930,-,Delantero,4,4,0,0,2,0.50,0,0,4,0,0,1
Victoriano Leguizamon,Paraguay,1950,-,Mediocampista,2,2,0,0,0,0.00,0,0,0,1,1,11
Vidar Riseth,Noruega,1998,21,Mediocampista,4,3,0,0,0,0.00,0,0,1,2,1,15
Vidin Apostolov,Bulgaria,1966,19,Defensor,0,0,0,3,0,0.00,0,0,0,0,0,15
Vieirinha,Portugal,2014,10,Mediocampista,1,0,0,2,0,0.00,0,0,1,0,0,18
Vikash Dhorasoo,Francia,2006,8,Mediocampista,2,0,0,5,0,0.00,0,0,0,2,0,2
Viktor Chanov,URSS,1986,16,Arquero,1,1,0,3,0,0.00,0,0,1,0,0,10
Viktor Chanov,URSS,1990,16,Arquero,0,0,0,3,0,0.00,0,0,0,0,0,17
Viktor Claesson,Suecia,2018,17,Mediocampista,5,5,0,0,0,0.00,1,0,3,0,2,7
Viktor Faizulin,Rusia,2014,20,Mediocampista,3,3,0,0,0,0.00,0,0,0,2,1,24
Viktor Fischer,Dinamarca,2018,15,Delantero,1,0,0,3,0,0.00,0,0,0,1,0,11
Viktor Getmanov,URSS,1966,9,Defensor,1,1,0,5,0,0.00,0,0,1,0,0,4
Viktor Kanevski,URSS,1962,15,Delantero,2,2,0,2,0,0.00,0,0,1,1,0,6
Viktor Onopko,Rusia,1994,18,Defensor,2,2,1,1,0,0.00,0,0,1,0,1,18
Viktor Onopko,Rusia,2002,7,Defensor,3,3,3,0,0,0.00,0,0,1,0,2,22
Viktor Ponedelnik,URSS,1962,19,Delantero,4,4,0,0,2,0.50,0,0,2,1,1,6
Viktor Serebryanikov,URSS,1962,20,Delantero,0,0,0,4,0,0.00,0,0,0,0,0,6
Viktor Serebryanikov,URSS,1966,2,Delantero,2,2,0,4,0,0.00,0,0,1,0,1,4
Viktor Serebryanikov,URSS,1970,15,Mediocampista,2,2,0,2,0,0.00,0,0,1,1,0,5
Viktor Tsaryov,URSS,1958,16,Mediocampista,5,5,0,0,0,0.00,0,0,2,1,2,6
Viliam Hyravy,Checoslovaquia,1990,16,Mediocampista,0,0,0,5,0,0.00,0,0,0,0,0,6
Viliam Schrojf,Checoslovaquia,1954,22,Arquero,0,0,0,2,0,0.00,0,0,0,0,0,14
Viliam Schrojf,Checoslovaquia,1958,22,Arquero,0,0,0,4,0,0.00,0,0,0,0,0,9
Viliam Schrojf,Checoslovaquia,1962,1,Arquero,6,6,0,0,0,0.00,0,0,3,1,2,2
Vilmos Kohut,Hungría,1938,-,Delantero,2,2,0,2,1,0.50,0,0,2,0,0,2
Vince Grella,Australia,2006,13,Mediocampista,4,4,0,0,0,0.00,2,0,1,1,2,16
Vince Grella,Australia,2010,13,Mediocampista,1,1,0,2,0,0.00,0,0,0,0,1,21
Vincent Aboubakar,Camerún,2010,23,Delantero,2,0,0,1,0,0.00,0,0,0,0,2,31
Vincent Aboubakar,Camerún,2014,10,Delantero,2,2,0,1,0,0.00,0,0,0,0,2,32
Vincent Aboubakar,Camerún,2022,10,Delantero,3,1,1,0,2,0.67,0,1,1,1,1,19
Vincent Candela,Francia,1998,2,Defensor,1,1,0,6,0,0.00,0,0,1,0,0,1
Vincent Candela,Francia,2002,2,Defensor,2,1,0,1,0,0.00,0,0,0,1,1,28
Vincent Enyeama,Nigeria,2002,22,Arquero,1,1,0,2,0,0.00,0,0,0,1,0,27
Vincent Enyeama,Nigeria,2010,1,Arquero,3,3,0,0,0,0.00,1,0,0,1,2,27
Vincent Enyeama,Nigeria,2014,1,Arquero,4,4,1,0,0,0.00,0,0,1,1,2,16
Vincent Janssen,Paises Bajos,2022,18,Delantero,2,1,0,3,0,0.00,0,0,2,0,0,5
Vincent Kompany,Bélgica,2014,4,Defensor,4,4,4,1,0,0.00,1,0,3,0,1,6
Vincent Kompany,Bélgica,2018,4,Defensor,5,4,0,2,0,0.00,0,0,4,0,1,3
Vincente Perez,Argentina,1934,-,Delantero,0,0,0,1,0,0.00,0,0,0,0,0,9
Vincenzo Iaquinta,Italia,2006,15,Delantero,5,0,0,2,1,0.20,1,0,3,2,0,1
Vincenzo Iaquinta,Italia,2010,9,Delantero,3,3,0,0,1,0.33,0,0,0,2,1,26
Vincenzo Montella,Italia,2002,20,Delantero,1,0,0,3,0,0.00,1,0,0,1,0,15
Vinicius Junior,Brasil,2022,20,Delantero,4,4,0,1,1,0.25,0,0,3,1,0,7
Vintila Cossini,Rumania,1938,-,Mediocampista,1,1,0,1,0,0.00,0,0,0,1,0,9
Viola,Brasil,1994,21,Delantero,1,0,0,6,0,0.00,0,0,0,1,0,1
Viorel Moldovan,Rumania,1994,17,Delantero,0,0,0,5,0,0.00,0,0,0,0,0,6
Viorel Moldovan,Rumania,1998,9,Delantero,4,3,0,0,2,0.50,0,0,2,1,1,11
Virgil Van Dijk,Paises Bajos,2022,4,Defensor,5,5,5,0,0,0.00,0,0,3,2,0,5
Virginio Caceres,Paraguay,1986,13,Defensor,0,0,0,4,0,0.00,0,0,0,0,0,13
Virginio Rosetta,Italia,1934,-,Defensor,1,1,1,4,0,0.00,0,0,1,0,0,1
Vital Borkelmans,Bélgica,1994,3,Defensor,2,1,0,2,0,0.00,1,0,2,0,0,11
Vital Borkelmans,Bélgica,1998,5,Defensor,3,3,0,0,0,0.00,1,0,0,3,0,19
Vitali Daraselia,URSS,1982,13,Mediocampista,4,2,0,1,0,0.00,0,0,2,1,1,7
Vitali Khmelnitski,URSS,1970,21,Delantero,4,3,0,0,1,0.25,1,0,2,1,1,5
Vitinha,Portugal,2022,16,Mediocampista,3,1,0,2,0,0.00,1,0,1,0,2,8
Vitor Baia,Portugal,2002,1,Arquero,3,3,0,0,0,0.00,0,0,1,0,2,21
Vittore Gottardi,Suiza,1966,8,Delantero,2,2,0,1,0,0.00,0,0,0,0,2,16
Viv Anderson,Inglaterra,1982,2,Defensor,0,0,0,5,0,0.00,0,0,0,0,0,6
Viv Anderson,Inglaterra,1986,12,Defensor,0,0,0,5,0,0.00,0,0,0,0,0,8
Vladimir Beara,Yugoslavia,1950,-,Arquero,0,0,0,3,0,0.00,0,0,0,0,0,5
Vladimir Beara,Yugoslavia,1954,1,Arquero,3,3,0,0,0,0.00,0,0,1,1,1,8
Vladimir Beara,Yugoslavia,1958,1,Arquero,3,3,0,1,0,0.00,0,0,1,2,0,8
Vladimir Belyayev,URSS,1958,13,Arquero,0,0,0,5,0,0.00,0,0,0,0,0,6
Vladimir Beschastnykh,Rusia,1994,11,Delantero,1,0,0,2,0,0.00,0,0,1,0,0,18
Vladimir Beschastnykh,Rusia,2002,11,Delantero,3,2,0,0,1,0.33,0,0,1,0,2,22
Vladimir Bessonov,URSS,1982,8,Mediocampista,5,5,0,0,0,0.00,1,0,2,2,1,7
Vladimir Bessonov,URSS,1986,2,Defensor,3,3,0,1,0,0.00,0,0,1,1,1,10
Vladimir Bessonov,URSS,1990,2,Defensor,2,2,0,1,0,0.00,0,1,0,0,2,17
Vladimir Bigorra,Chile,1982,4,Defensor,3,3,0,0,0,0.00,0,0,0,0,3,22
Vladimir Durkovic,Yugoslavia,1962,2,Defensor,6,6,0,0,0,0.00,0,0,3,0,3,4
Vladimir Firm,Yugoslavia,1950,-,Defensor,0,0,0,3,0,0.00,0,0,0,0,0,5
Vladimir Gabulov,Rusia,2018,20,Arquero,0,0,0,5,0,0.00,0,0,0,0,0,8
Vladimir Granat,Rusia,2014,13,Defensor,0,0,0,3,0,0.00,0,0,0,0,0,24
Vladimir Granat,Rusia,2018,14,Defensor,1,0,0,4,0,0.00,0,0,0,1,0,8
Vladimir Hagara,Checoslovaquia,1970,4,Defensor,2,2,0,1,0,0.00,0,0,0,0,2,15
Vladimir Hrivnak,Checoslovaquia,1970,14,Defensor,1,1,0,2,0,0.00,0,0,0,0,1,15
Vladimir Jugovic,RF de Yugoslavia,1998,7,Mediocampista,4,4,0,0,0,0.00,0,0,2,1,1,10
Vladimir Kaplichni,URSS,1970,5,Defensor,3,3,0,1,0,0.00,0,0,1,1,1,5
Vladimir Kesarev,URSS,1958,2,Defensor,5,5,0,0,0,0.00,0,0,2,1,2,6
Vladimir Kinier,Checoslovaquia,1990,15,Defensor,1,1,0,4,0,0.00,0,0,0,0,1,6
Vladimir Kos,Checoslovaquia,1962,15,Delantero,0,0,0,6,0,0.00,0,0,0,0,0,2
Vladimir Kovacevic,Yugoslavia,1962,18,Delantero,2,2,0,4,0,0.00,0,0,1,0,1,4
Vladimir Liutyi,URSS,1990,14,Delantero,1,0,0,2,0,0.00,0,0,0,0,1,17
Vladimir Maslachenko,URSS,1958,12,Arquero,0,0,0,5,0,0.00,0,0,0,0,0,6
Vladimir Maslachenko,URSS,1962,2,Arquero,0,0,0,4,0,0.00,0,0,0,0,0,6
Vladimir Muntyan,URSS,1970,14,Mediocampista,4,4,0,0,0,0.00,0,0,2,1,1,5
Vladimir Petrovic,Yugoslavia,1974,20,Mediocampista,2,1,0,4,0,0.00,0,0,0,0,2,7
Vladimir Petrovic,Yugoslavia,1982,7,Mediocampista,3,3,0,0,1,0.33,0,0,1,1,1,16
Vladimir Ponomaryov,URSS,1966,4,Defensor,5,5,0,1,0,0.00,0,0,3,0,2,4
Vladimir Popovic,Yugoslavia,1958,11,Mediocampista,0,0,0,4,0,0.00,0,0,0,0,0,8
Vladimir Popovic,Yugoslavia,1962,6,Mediocampista,6,6,0,0,0,0.00,0,0,3,0,3,4
Vladimir Quesada,Costa Rica,1990,2,Defensor,0,0,0,4,0,0.00,0,0,0,0,0,13
Vladimir Soria,Bolivia,1994,15,Mediocampista,3,3,0,0,0,0.00,1,0,0,1,2,21
Vladimir Stojkovic,Serbia y Montenegro,2006,23,Arquero,0,0,0,3,0,0.00,0,0,0,0,0,32
Vladimir Stojkovic,Serbia y Montenegro,2010,1,Arquero,3,3,0,0,0,0.00,0,0,1,0,2,23
Vladimir Stojkovic,Serbia y Montenegro,2018,1,Arquero,3,3,0,0,0,0.00,0,0,1,0,2,23
Vladimir Vasilj,Croacia,1998,22,Arquero,0,0,0,7,0,0.00,0,0,0,0,0,3
Vladimir Vasilj,Croacia,2002,23,Arquero,0,0,0,3,0,0.00,0,0,0,0,0,23
Vladimir Weiss,Eslovaquia,2010,7,Mediocampista,3,3,0,1,0,0.00,1,0,0,1,2,16
Vladimir Weiss,Checoslovaquia,1990,14,Mediocampista,3,1,0,2,0,0.00,0,0,2,0,1,6
Vladimir Yerokhin,URSS,1958,22,Defensor,0,0,0,5,0,0.00,0,0,0,0,0,6
Vladimir Yezerskyi,Ucrania,2006,5,Defensor,1,1,0,4,0,0.00,1,0,0,0,1,8
Vladimiro Schettina,Paraguay,1986,4,Defensor,3,3,0,1,0,0.00,2,0,1,1,1,13
Vladislao Cap,Argentina,1962,18,Defensor,2,2,0,1,0,0.00,0,0,0,1,1,10
Vladislav Bogicevic,Yugoslavia,1974,6,Defensor,5,5,0,1,1,0.20,0,0,1,2,2,7
Vladislav Hlavacek,Checoslovaquia,1954,7,Delantero,2,2,0,0,0,0.00,0,0,0,0,2,14
Vladislav Ternavski,Rusia,1994,6,Defensor,2,2,0,1,0,0.00,0,0,1,0,1,18
Vladyslav Vashchuk,Ucrania,2006,17,Defensor,3,2,0,2,0,0.00,0,1,0,1,2,8
Vlastimil Kopecky,Checoslovaquia,1934,-,Mediocampista,0,0,0,4,0,0.00,0,0,0,0,0,2
Vlastimil Kopecky,Checoslovaquia,1938,-,Mediocampista,3,3,0,0,1,0.33,0,0,1,1,1,5
Vlastimil Petrzela,Checoslovaquia,1982,20,Delantero,1,0,0,2,0,0.00,0,0,0,1,0,19
Vlastimir Petkovic,Yugoslavia,1930,-,Delantero,0,0,0,3,0,0.00,0,0,0,0,0,4
Vlatko Markovic,Yugoslavia,1962,5,Defensor,6,6,0,0,0,0.00,0,0,3,0,3,4
Voin Voinov,Bulgaria,1974,7,Delantero,3,3,0,0,0,0.00,0,0,0,2,1,12
Vojislav Melic,Yugoslavia,1962,17,Delantero,2,2,0,4,1,0.50,0,0,2,0,0,4
Vojtech Bradac,Checoslovaquia,1938,-,Delantero,0,0,0,3,0,0.00,0,0,0,0,0,5
Voro,España,1994,17,Defensor,1,1,0,4,0,0.00,0,0,1,0,0,8
Vratislav Lokvenc,República Checa,2006,12,Delantero,2,1,0,1,0,0.00,2,0,1,0,1,20
Vujadin Boskov,Yugoslavia,1954,6,Mediocampista,3,3,0,0,0,0.00,0,0,1,1,1,8
Vujadin Boskov,Yugoslavia,1958,9,Mediocampista,4,4,0,0,0,0.00,0,0,1,2,1,8
Vujadin Stanojkovic,Yugoslavia,1990,2,Defensor,2,2,0,3,0,0.00,0,0,2,0,0,5
Vyacheslav Sviderskyi,Ucrania,2006,22,Defensor,3,3,0,2,0,0.00,2,0,2,0,1,8
Wagner Lopes,Japón,1998,12,Delantero,3,0,0,0,0,0.00,0,0,0,0,3,31
Wahbi Khazri,Túnez,2018,10,Delantero,3,3,2,0,2,0.67,0,0,1,0,2,24
Wahbi Khazri,Túnez,2022,10,Delantero,2,1,1,1,1,0.50,0,0,1,0,1,21
Wajdi Kechrida,Túnez,2022,21,Defensor,3,1,0,0,0,0.00,1,0,1,1,1,21
Waldemar De Britto,Brasil,1934,-,Delantero,1,1,0,0,0,0.00,0,0,0,0,1,14
Waldemar Matysik,Polonia,1982,8,Mediocampista,6,6,0,1,0,0.00,0,0,3,2,1,3
Waldemar Matysik,Polonia,1986,6,Mediocampista,3,3,0,1,0,0.00,0,0,1,1,1,14
Waldir Peres,Brasil,1974,22,Arquero,0,0,0,7,0,0.00,0,0,0,0,0,4
Waldir Peres,Brasil,1978,22,Arquero,0,0,0,7,0,0.00,0,0,0,0,0,3
Waldir Peres,Brasil,1982,1,Arquero,5,5,0,0,0,0.00,1,0,4,0,1,5
Waldo Ponce,Chile,2010,3,Defensor,3,3,0,1,0,0.00,2,0,2,0,1,10
Waldyr,Brasil,1934,-,Mediocampista,0,0,0,1,0,0.00,0,0,0,0,0,14
Walid Al Mubarak,Kuwait,1982,5,Defensor,3,3,0,0,0,0.00,0,0,0,1,2,21
Walid Cheddira,Marruecos,2022,21,Delantero,2,0,0,5,0,0.00,0,1,1,1,0,4
Walker Zimmerman,Estados Unidos,2022,3,Defensor,4,3,0,0,0,0.00,0,0,1,2,1,14
Walter Ayovi,Ecuador,2002,23,Defensor,0,0,0,3,0,0.00,0,0,0,0,0,24
Walter Ayovi,Ecuador,2014,10,Defensor,3,3,0,0,0,0.00,0,0,1,1,1,17
Walter Bahr,Estados Unidos,1950,-,Mediocampista,3,3,1,0,0,0.00,0,0,1,0,2,10
Walter Beerli,Suiza,1950,-,Delantero,0,0,0,3,0,0.00,0,0,0,0,0,6
Walter Boyd,Jamaica,1998,10,Delantero,3,0,0,0,0,0.00,0,0,1,0,2,22
Walter Brom,Polonia,1938,-,Arquero,0,0,0,1,0,0.00,0,0,0,0,0,11
Walter Centeno,Costa Rica,2002,10,Mediocampista,3,3,0,0,0,0.00,1,0,1,1,1,19
Walter Centeno,Costa Rica,2006,10,Mediocampista,3,3,0,0,0,0.00,0,0,0,0,3,31
Walter Corbo,Uruguay,1970,22,Arquero,0,0,0,6,0,0.00,0,0,0,0,0,4
Walter Dick,Estados Unidos,1934,-,Delantero,1,1,0,0,0,0.00,0,0,0,0,1,16
Walter Eich,Suiza,1954,1,Arquero,0,0,0,4,0,0.00,0,0,0,0,0,5
Walter Gargano,Uruguay,2010,5,Mediocampista,3,1,0,4,0,0.00,0,0,1,0,2,4
Walter Gargano,Uruguay,2014,5,Mediocampista,1,1,0,3,0,0.00,1,0,0,0,1,12
Walter Goulart,Brasil,1938,-,Arquero,3,3,0,2,0,0.00,0,0,1,1,1,3
Walter Haummer,Austria,1954,22,Delantero,0,0,0,5,0,0.00,0,0,0,0,0,3
Walter Horak,Austria,1958,7,Delantero,2,2,0,1,0,0.00,0,0,0,0,2,15
Walter Kogler,Austria,1998,6,Defensor,0,0,0,3,0,0.00,0,0,0,0,0,23
Walter Kollmann,Austria,1954,13,Defensor,1,1,0,4,0,0.00,0,0,1,0,0,3
Walter Kollmann,Austria,1958,15,Defensor,1,1,0,2,0,0.00,0,0,0,1,0,15
Walter Mantegazza,Uruguay,1974,18,Mediocampista,3,3,0,0,0,0.00,1,0,0,1,2,13
Walter Martinez,Honduras,2010,15,Delantero,3,1,0,0,0,0.00,0,0,0,1,2,30
Walter Meeuws,Bélgica,1982,4,Defensor,4,4,2,1,0,0.00,1,0,1,1,2,10
Walter Samuel,Argentina,2002,6,Defensor,3,3,0,0,0,0.00,1,0,1,1,1,18
Walter Samuel,Argentina,2010,13,Defensor,2,2,0,3,0,0.00,0,0,2,0,0,5
Walter Schachner,Austria,1978,18,Delantero,3,3,0,3,1,0.33,0,0,2,0,1,7
Walter Schachner,Austria,1982,7,Delantero,5,5,0,0,2,0.40,1,0,2,1,2,8
Walter Schleger,Austria,1954,8,Delantero,2,2,0,3,0,0.00,0,0,1,0,1,3
Walter Schleger,Austria,1958,13,Delantero,1,1,0,2,0,0.00,0,0,0,0,1,15
Walter Taibo,Uruguay,1966,22,Arquero,0,0,0,4,0,0.00,0,0,0,0,0,7
Walter Weiler,Suiza,1934,-,Defensor,2,2,0,0,0,0.00,0,0,1,0,1,7
Walter Zeman,Austria,1954,16,Arquero,1,1,0,4,0,0.00,0,0,0,0,1,3
Walter Zenga,Italia,1986,22,Arquero,0,0,0,4,0,0.00,0,0,0,0,0,12
Walter Zenga,Italia,1990,1,Arquero,7,7,0,0,0,0.00,0,0,6,1,0,3
Wardy Alfaro,Costa Rica,2006,23,Arquero,0,0,0,3,0,0.00,0,0,0,0,0,31
Warren Barrett,Jamaica,1998,1,Arquero,2,2,2,1,0,0.00,0,0,0,0,2,22
Washington Ortuno,Uruguay,1950,-,Mediocampista,0,0,0,4,0,0.00,0,0,0,0,0,1
Wataru Endo,Japón,2018,6,Defensor,0,0,0,4,0,0.00,0,0,0,0,0,15
Wataru Endo,Japón,2022,6,Mediocampista,4,3,0,0,0,0.00,1,0,2,1,1,9
Waylon Francis,Costa Rica,2014,12,Defensor,0,0,0,5,0,0.00,0,0,0,0,0,8
Wayne Bridge,Inglaterra,2002,14,Defensor,2,0,0,3,0,0.00,0,0,1,1,0,6
Wayne Bridge,Inglaterra,2006,14,Defensor,0,0,0,5,0,0.00,0,0,0,0,0,7
Wayne Heennesey,Gales,2022,1,Arquero,2,2,0,1,0,0.00,0,1,0,1,1,30
Wayne Rooney,Inglaterra,2006,9,Delantero,4,3,0,1,0,0.00,0,1,2,2,0,7
Wayne Rooney,Inglaterra,2010,10,Delantero,4,4,0,0,0,0.00,0,0,1,2,1,13
Wayne Rooney,Inglaterra,2014,10,Delantero,3,2,0,0,1,0.33,0,0,0,1,2,26
Wei Du,China,2002,17,Defensor,2,2,0,1,0,0.00,0,0,0,0,2,31
Weifeng Li,China,2002,14,Defensor,3,3,0,0,0,0.00,1,0,0,0,3,31
Wellington Sanchez,Ecuador,2002,21,Mediocampista,0,0,0,3,0,0.00,0,0,0,0,0,24
Werner Friese,Alemania Oriental,1974,22,Arquero,0,0,0,6,0,0.00,0,0,0,0,0,6
Werner Kohlmeyer,Alemania Occidental,1954,3,Defensor,5,5,0,1,0,0.00,0,0,4,0,1,1
Werner Kraemer,Alemania Occidental,1966,19,Delantero,1,1,0,5,0,0.00,0,0,1,0,0,2
Werner Leimgruber,Suiza,1966,14,Defensor,1,1,0,2,0,0.00,0,0,0,0,1,16
Werner Liebrich,Alemania Occidental,1954,10,Defensor,4,4,0,2,0,0.00,0,0,3,0,1,1
Werner Nilsen,Estados Unidos,1934,-,Delantero,1,1,0,0,0,0.00,0,0,0,0,1,16
Wes Brown,Inglaterra,2002,12,Defensor,0,0,0,5,0,0.00,0,0,0,0,0,6
Wesley Sneijder,Paises Bajos,2006,20,Mediocampista,4,4,0,0,0,0.00,1,0,2,1,1,11
Wesley Sneijder,Paises Bajos,2010,10,Mediocampista,7,7,0,0,5,0.71,1,0,6,0,1,2
Wesley Sneijder,Paises Bajos,2014,10,Mediocampista,6,6,0,1,1,0.17,0,0,4,2,0,3
Wesley Sonck,Bélgica,2002,9,Delantero,4,0,0,0,1,0.25,0,0,1,2,1,14
Weston McKennie,Estados Unidos,2022,8,Mediocampista,4,4,0,0,0,0.00,1,0,1,2,1,14
Weverton,Brasil,2022,12,Arquero,1,0,0,4,0,0.00,0,0,1,0,0,7
Wilbur Cush,Irlanda del Norte,1958,8,Delantero,5,5,0,0,1,0.20,0,0,2,1,2,7
Wilder Cartagena,Perú,2018,16,Mediocampista,1,0,0,2,0,0.00,0,0,1,0,0,20
Wilf Mannion,Inglaterra,1950,-,Delantero,2,2,0,1,1,0.50,0,0,1,0,1,8
Wilfred Agbonavbare,Nigeria,1994,22,Arquero,0,0,0,4,0,0.00,0,0,0,0,0,9
Wilfred Louis,Haití,1974,21,Defensor,1,1,0,2,0,0.00,0,0,0,0,1,15
Wilfred Ndidi,Nigeria,2018,4,Mediocampista,3,3,0,0,0,0.00,0,0,1,0,2,21
Wilfredo Caballero,Argentina,2018,23,Arquero,2,2,0,2,0,0.00,0,0,0,1,1,16
Wilfried Bony,Costa de Marfil,2014,12,Delantero,3,2,0,0,2,0.67,0,0,1,0,2,21
Wilfried Hannes,Alemania Occidental,1982,12,Defensor,0,0,0,7,0,0.00,0,0,0,0,0,2
Wilfried Puis,Bélgica,1970,11,Delantero,3,3,0,0,0,0.00,0,0,1,0,2,10
Wilfried Van Moer,Bélgica,1970,8,Mediocampista,3,3,0,0,2,0.67,0,0,1,0,2,10
Wilfried Van Moer,Bélgica,1982,8,Mediocampista,3,1,0,2,0,0.00,0,0,1,1,1,10
Wilhelm Gora,Polonia,1938,-,Mediocampista,1,1,0,0,0,0.00,0,0,0,0,1,11
Wilhelm Hahnemann,Alemania,1938,-,Delantero,2,2,0,0,1,0.50,0,0,0,1,1,10
Wilhelm Kreuz,Austria,1978,10,Mediocampista,6,6,0,0,0,0.00,0,0,3,0,3,7
Wilhelm Piec,Polonia,1938,-,Mediocampista,0,0,0,1,0,0.00,0,0,0,0,0,11
Willem Anderiesen,Paises Bajos,1934,-,Mediocampista,1,1,0,0,0,0.00,0,0,0,0,1,9
Willem Anderiesen,Paises Bajos,1938,-,Mediocampista,1,1,0,0,0,0.00,0,0,0,0,1,14
Willem Jackson,Sudáfrica,1998,4,Defensor,2,2,0,1,0,0.00,1,0,0,1,1,24
Willi Koslowski,Alemania Occidental,1962,7,Delantero,1,1,0,3,0,0.00,0,0,1,0,0,7
Willi Schmaus,Austria,1934,-,Defensor,0,0,0,4,0,0.00,0,0,0,0,0,4
Willi Schulz,Alemania Occidental,1962,4,Defensor,4,4,0,0,0,0.00,0,0,2,1,1,7
Willi Schulz,Alemania Occidental,1966,5,Defensor,6,6,0,0,0,0.00,0,0,4,1,1,2
Willi Schulz,Alemania Occidental,1970,5,Defensor,3,2,0,3,0,0.00,0,0,2,0,1,3
William Andem,Camerún,1998,16,Arquero,0,0,0,3,0,0.00,0,0,0,0,0,25
William Ayache,Francia,1986,3,Defensor,4,4,0,3,0,0.00,2,0,2,1,1,3
William Carvalho,Portugal,2014,6,Mediocampista,2,1,0,1,0,0.00,0,0,1,1,0,18
William Carvalho,Portugal,2018,14,Mediocampista,4,4,0,0,0,0.00,0,0,1,2,1,13
William Carvalho,Portugal,2022,14,Mediocampista,4,2,0,1,0,0.00,0,0,3,0,1,8
William Castro,Uruguay,1990,21,Mediocampista,0,0,0,4,0,0.00,0,0,0,0,0,16
William Gallas,Francia,2006,5,Defensor,7,7,0,0,0,0.00,0,0,4,3,0,2
William Gallas,Francia,2010,5,Defensor,3,3,0,0,0,0.00,0,0,0,1,2,29
William Kvist,Dinamarca,2010,5,Mediocampista,0,0,0,3,0,0.00,0,0,0,0,0,24
William Kvist,Dinamarca,2018,7,Mediocampista,1,1,0,3,0,0.00,0,0,1,0,0,11
William Martinez,Uruguay,1950,-,Defensor,0,0,0,4,0,0.00,0,0,0,0,0,1
William Martinez,Uruguay,1954,3,Defensor,5,5,2,0,0,0.00,0,0,3,0,2,4
William Martinez,Uruguay,1962,14,Defensor,0,0,0,3,0,0.00,0,0,0,0,0,13
William Mokoena,Sudáfrica,1998,20,Mediocampista,0,0,0,3,0,0.00,0,0,0,0,0,24
William Pacho,Ecuador,2022,6,Defensor,0,0,0,3,0,0.00,0,0,0,0,0,18
William Saliba,Francia,2022,17,Defensor,1,0,0,6,0,0.00,0,0,0,0,1,2
William Slater,Inglaterra,1958,6,Mediocampista,4,4,0,0,0,0.00,0,0,0,3,1,11
William Sun Sing,Costa Rica,2002,20,Delantero,0,0,0,3,0,0.00,0,0,0,0,0,19
William Troost-Ekong,Nigeria,2018,5,Defensor,3,3,0,0,0,0.00,1,0,1,0,2,21
William Zombory,Rumania,1934,-,Arquero,1,1,0,0,0,0.00,0,0,0,0,1,12
Willian,Brasil,2014,19,Mediocampista,5,1,0,2,0,0.00,0,0,1,2,2,4
Willian,Brasil,2018,19,Mediocampista,5,5,0,0,0,0.00,0,0,3,1,1,6
Willibald Kress,Alemania,1934,-,Arquero,3,3,0,1,0,0.00,0,0,2,0,1,3
Willibald Schmaus,Alemania,1938,-,Defensor,1,1,0,1,0,0.00,0,0,0,1,0,10
Willie Cunningham,Escocia,1954,2,Defensor,2,2,2,0,0,0.00,0,0,0,0,2,15
Willie Cunningham,Irlanda del Norte,1958,2,Defensor,5,5,0,0,0,0.00,0,0,2,1,2,7
Willie Donachie,Escocia,1974,16,Defensor,0,0,0,3,0,0.00,0,0,0,0,0,9
Willie Donachie,Escocia,1978,3,Defensor,2,2,0,1,0,0.00,0,0,1,1,0,11
Willie Fernie,Escocia,1954,12,Delantero,2,2,0,0,0,0.00,0,0,0,0,2,15
Willie Fernie,Escocia,1958,22,Delantero,1,1,0,2,0,0.00,0,0,0,0,1,14
Willie Johnston,Escocia,1978,11,Delantero,1,1,0,2,0,0.00,0,0,0,0,1,11
Willie Miller,Escocia,1982,6,Defensor,2,2,0,1,0,0.00,0,0,0,1,1,15
Willie Miller,Escocia,1986,6,Defensor,3,3,1,0,0,0.00,0,0,0,1,2,19
Willie Morgan,Escocia,1974,20,Delantero,2,2,0,1,0,0.00,0,0,0,2,0,9
Willie Ormond,Escocia,1954,13,Delantero,2,2,0,0,0,0.00,0,0,0,0,2,15
Willie Watson,Inglaterra,1950,-,Mediocampista,0,0,0,3,0,0.00,0,0,0,0,0,8
Willy Allemann,Suiza,1966,2,Defensor,0,0,0,3,0,0.00,0,0,0,0,0,16
Willy Busch,Alemania,1934,-,Defensor,3,3,0,1,0,0.00,0,0,2,0,1,3
Willy Giesemann,Alemania Occidental,1962,15,Mediocampista,2,2,0,2,0,0.00,0,0,1,0,1,7
Willy Huber,Suiza,1934,-,Arquero,0,0,0,2,0,0.00,0,0,0,0,0,7
Willy Huber,Suiza,1938,-,Arquero,3,3,0,0,0,0.00,0,0,1,1,1,6
Willy Jaeggi,Suiza,1934,-,Delantero,1,1,0,1,1,1.00,0,0,0,0,1,7
Willy Kernen,Suiza,1954,14,Defensor,4,4,0,0,0,0.00,0,0,2,0,2,5
Willy Kernen,Suiza,1962,4,Defensor,0,0,0,3,0,0.00,0,0,0,0,0,16
Willy Okpara,Nigeria,1998,12,Arquero,0,0,0,4,0,0.00,0,0,0,0,0,12
Willy Sagnol,Francia,2002,19,Defensor,0,0,0,3,0,0.00,0,0,0,0,0,28
Willy Sagnol,Francia,2006,19,Defensor,7,7,0,0,0,0.00,3,0,4,3,0,2
Willy Van De Kerkhof,Paises Bajos,1974,11,Mediocampista,0,0,0,7,0,0.00,0,0,0,0,0,2
Willy Van De Kerkhof,Paises Bajos,1978,11,Mediocampista,7,7,0,0,1,0.14,1,0,3,2,2,2
Willy Von Kaenel,Suiza,1934,-,Delantero,2,2,0,0,0,0.00,0,0,1,0,1,7
Wílmar Barrios,Colombia,2018,5,Mediocampista,3,2,0,1,0,0.00,2,0,1,1,1,9
Wilmar Cabrera,Uruguay,1986,21,Delantero,2,2,0,2,0,0.00,1,0,0,1,1,16
Wilmer Cabrera,Colombia,1990,18,Mediocampista,0,0,0,4,0,0.00,0,0,0,0,0,14
Wilmer Cabrera,Colombia,1998,13,Defensor,3,3,0,0,0,0.00,0,0,1,0,2,21
Wilmer Lopez,Costa Rica,2002,6,Mediocampista,3,2,0,0,0,0.00,0,0,1,1,1,19
Wilner Nazaire,Haití,1974,14,Defensor,3,3,3,0,0,0.00,0,0,0,0,3,15
Wilner Piquant,Haití,1974,2,Arquero,0,0,0,3,0,0.00,0,0,0,0,0,15
Wilson Oruma,Nigeria,1998,18,Mediocampista,1,1,0,3,1,1.00,0,0,0,0,1,12
Wilson Palacios,Honduras,2010,8,Mediocampista,3,3,0,0,0,0.00,2,0,0,1,2,30
Wilson Palacios,Honduras,2014,8,Mediocampista,2,2,0,1,0,0.00,0,1,0,0,2,31
Wilson Perez,Colombia,1994,20,Defensor,3,3,0,0,0,0.00,0,0,1,0,2,19
Wilson Piazza,Brasil,1970,3,Defensor,6,6,0,0,0,0.00,0,0,6,0,0,1
Wilson Piazza,Brasil,1974,5,Defensor,3,3,3,4,0,0.00,0,0,1,2,0,4
Wim Jansen,Paises Bajos,1974,6,Mediocampista,7,7,0,0,0,0.00,1,0,5,1,1,2
Wim Jansen,Paises Bajos,1978,6,Mediocampista,7,7,0,0,0,0.00,0,0,3,2,2,2
Wim Jonk,Paises Bajos,1994,8,Mediocampista,5,5,0,0,2,0.40,1,0,3,0,2,7
Wim Jonk,Paises Bajos,1998,6,Mediocampista,6,5,0,1,0,0.00,1,0,2,3,1,4
Wim Kieft,Paises Bajos,1990,12,Delantero,4,1,0,0,1,0.25,1,0,0,3,1,15
Wim Langendaal,Paises Bajos,1934,-,Delantero,0,0,0,1,0,0.00,0,0,0,0,0,9
Wim Rijsbergen,Paises Bajos,1974,17,Defensor,7,7,0,0,0,0.00,0,0,5,1,1,2
Wim Rijsbergen,Paises Bajos,1978,17,Defensor,3,3,0,4,0,0.00,0,0,1,1,1,2
Wim Suurbier,Paises Bajos,1974,20,Defensor,7,7,0,0,0,0.00,2,0,5,1,1,2
Wim Suurbier,Paises Bajos,1978,20,Defensor,4,3,0,3,0,0.00,1,0,1,1,2,2
Wim Van Hanegem,Paises Bajos,1974,3,Mediocampista,7,7,0,0,0,0.00,2,0,5,1,1,2
Winston Bogarde,Paises Bajos,1998,15,Defensor,2,0,0,5,0,0.00,0,0,1,1,0,4
Winston Parks,Costa Rica,2002,12,Delantero,2,0,0,1,1,0.50,0,0,0,1,1,19
Winston Reid,Nueva Zelanda,2010,4,Defensor,3,3,0,0,1,0.33,1,0,0,3,0,22
Wladyslaw Szszepaniak,Polonia,1938,-,Defensor,1,1,1,0,0,0.00,0,0,0,0,1,11
Wladyslaw Zmuda,Polonia,1974,9,Defensor,7,7,0,0,0,0.00,0,0,6,0,1,3
Wladyslaw Zmuda,Polonia,1978,9,Defensor,6,6,0,0,0,0.00,0,0,3,1,2,5
Wladyslaw Zmuda,Polonia,1982,9,Defensor,7,7,7,0,0,0.00,1,0,3,3,1,3
Wladyslaw Zmuda,Polonia,1986,3,Defensor,1,0,0,3,0,0.00,0,0,0,0,1,14
Wlodek Lubanski,Polonia,1978,19,Delantero,5,2,0,1,0,0.00,0,0,3,1,1,5
Wlodimierz Smolarek,Polonia,1982,11,Delantero,6,6,0,1,1,0.17,2,0,2,3,1,3
Wlodimierz Smolarek,Polonia,1986,11,Delantero,4,4,0,0,1,0.25,1,0,1,1,2,14
Wlodzimierz Ciolek,Polonia,1982,15,Mediocampista,4,1,0,3,1,0.25,0,0,2,1,1,3
Wlodzimierz Mazur,Polonia,1978,2,Delantero,1,0,0,5,0,0.00,0,0,0,0,1,5
Wojciech Rudy,Polonia,1978,10,Defensor,1,1,0,5,0,0.00,0,0,1,0,0,5
Wojciech Szczęsny,Polonia,2018,1,Arquero,2,2,0,1,0,0.00,0,0,0,0,2,25
Wojciech Szczęsny,Polonia,2022,1,Arquero,4,4,0,0,0,0.00,0,0,1,1,2,15
Wolfgang Blochwitz,Alemania Oriental,1974,21,Arquero,0,0,0,6,0,0.00,0,0,0,0,0,6
Wolfgang Dremmler,Alemania Occidental,1982,6,Mediocampista,7,7,0,0,0,0.00,1,0,3,2,2,2
Wolfgang Fahrian,Alemania Occidental,1962,22,Arquero,4,4,0,0,0,0.00,0,0,2,1,1,7
Wolfgang Feiersinger,Austria,1998,5,Defensor,3,3,0,0,0,0.00,1,0,0,2,1,23
Wolfgang Kleff,Alemania Occidental,1974,22,Arquero,0,0,0,7,0,0.00,0,0,0,0,0,1
Wolfgang Knaller,Austria,1998,21,Arquero,0,0,0,3,0,0.00,0,0,0,0,0,23
Wolfgang Overath,Alemania Occidental,1966,12,Mediocampista,6,6,0,0,0,0.00,1,0,4,1,1,2
Wolfgang Overath,Alemania Occidental,1970,12,Mediocampista,6,6,0,0,1,0.17,1,0,5,0,1,3
Wolfgang Overath,Alemania Occidental,1974,12,Mediocampista,7,7,0,0,2,0.29,1,0,6,0,1,1
Wolfgang Paul,Alemania Occidental,1966,17,Defensor,0,0,0,6,0,0.00,0,0,0,0,0,2
Wolfgang Peters,Alemania Occidental,1958,19,Delantero,0,0,0,6,0,0.00,0,0,0,0,0,4
Wolfgang Rolff,Alemania Occidental,1986,21,Mediocampista,2,2,0,5,0,0.00,0,0,1,0,1,2
Wolfgang Seguin,Alemania Oriental,1974,19,Mediocampista,1,1,0,5,0,0.00,0,0,0,1,0,6
Wolfgang Weber,Alemania Occidental,1966,6,Defensor,6,6,0,0,1,0.17,1,0,4,1,1,2
Wolfgang Weber,Alemania Occidental,1970,6,Defensor,2,1,0,4,0,0.00,0,0,2,0,0,3
Wolfram Loewe,Alemania Oriental,1974,8,Delantero,4,3,0,2,0,0.00,0,0,1,1,2,6
Won Hee Cho,Corea del Sur,2006,23,Defensor,0,0,0,3,0,0.00,0,0,0,0,0,17
Woo-yeong Jeong,Corea del Sur,2022,25,Mediocampista,1,1,0,3,0,0.00,0,0,0,0,1,16
Woo-young Jung,Corea del Sur,2018,15,Mediocampista,3,1,0,0,0,0.00,2,0,1,0,2,19
Woo-young Jung,Corea del Sur,2022,5,Mediocampista,4,4,0,0,0,0.00,2,0,1,1,2,16
Woon Jae Lee,Corea del Sur,1994,22,Arquero,1,0,0,2,0,0.00,0,0,0,0,1,20
Woon Jae Lee,Corea del Sur,2002,1,Arquero,7,7,0,0,0,0.00,0,0,3,2,2,4
Woon Jae Lee,Corea del Sur,2006,1,Arquero,3,3,3,0,0,0.00,0,0,1,1,1,17
Woon Jae Lee,Corea del Sur,2010,1,Arquero,0,0,0,4,0,0.00,0,0,0,0,0,15
Wout Faes,Bélgica,2022,4,Defensor,0,0,0,3,0,0.00,0,0,0,0,0,23
Wout Weghorst,Paises Bajos,2022,19,Delantero,4,0,0,1,2,0.50,1,0,2,2,0,5
Wynton Rufer,Nueva Zelanda,1982,7,Delantero,3,3,0,0,0,0.00,0,0,0,0,3,23
Xabi Alonso,España,2006,14,Mediocampista,3,3,0,1,1,0.33,0,0,2,0,1,9
Xabi Alonso,España,2010,14,Mediocampista,7,7,0,0,0,0.00,1,0,6,0,1,1
Xabi Alonso,España,2014,14,Mediocampista,3,3,0,0,1,0.33,1,0,1,0,2,23
Xavi,España,2002,19,Defensor,3,1,0,2,0,0.00,0,0,2,1,0,5
Xavi,España,2006,8,Mediocampista,4,3,0,0,0,0.00,0,0,3,0,1,9
Xavi,España,2010,8,Mediocampista,7,7,0,0,0,0.00,1,0,6,0,1,1
Xavi,España,2014,8,Mediocampista,1,1,0,2,0,0.00,0,0,0,0,1,23
Xavi Simons,Paises Bajos,2022,25,Mediocampista,1,0,0,4,0,0.00,0,0,1,0,0,5
Xavier Arreaga,Ecuador,2022,14,Defensor,0,0,0,3,0,0.00,0,0,0,0,0,18
Xavier Margairaz,Suiza,2006,5,Mediocampista,2,0,0,2,0,0.00,0,0,1,1,0,10
Xavier Stierli,Suiza,1966,19,Defensor,2,2,0,1,0,0.00,0,0,0,0,2,16
Xerxes Louis,Francia,1954,11,Mediocampista,0,0,0,2,0,0.00,0,0,0,0,0,9
Xherdan Shaqiri,Suiza,2010,23,Mediocampista,1,0,0,2,0,0.00,0,0,0,1,0,19
Xherdan Shaqiri,Suiza,2014,23,Mediocampista,4,4,0,0,3,0.75,0,0,2,0,2,11
Xherdan Shaqiri,Suiza,2018,23,Mediocampista,4,4,0,0,1,0.25,1,0,1,2,1,14
Xherdan Shaqiri,Suiza,2022,23,Mediocampista,3,3,0,1,1,0.33,0,0,2,0,1,12
Xiaopeng Li,China,2002,18,Mediocampista,3,3,0,0,0,0.00,1,0,0,0,3,31
Yacine Bentala,Argelia,1982,22,Arquero,0,0,0,3,0,0.00,0,0,0,0,0,13
Yacine Brahimi,Argelia,2014,11,Mediocampista,3,2,0,1,1,0.33,0,0,1,1,1,14
Yae Seung Park,Corea del Sur,1954,3,Defensor,1,1,0,1,0,0.00,0,0,0,0,1,16
Yahia Attitat-Allal,Marruecos,2022,25,Defensor,6,2,0,1,0,0.00,0,0,2,2,2,4
Yahya Al-Shehri,Arabia Saudita,2018,8,Mediocampista,2,1,0,1,0,0.00,0,0,1,0,1,26
Yahya Golmohammadi,Irán,2006,4,Defensor,2,2,1,1,1,0.50,1,0,0,0,2,26
Yahya Jabrane,Marruecos,2022,26,Mediocampista,2,0,0,5,0,0.00,0,0,2,0,0,4
Yair Nossovsky,Israel,1970,22,Arquero,0,0,0,3,0,0.00,0,0,0,0,0,12
Yakubu Aiyegbeni,Nigeria,2010,8,Delantero,3,3,0,0,1,0.33,0,0,0,1,2,27
Yann Sommer,Suiza,2014,12,Arquero,0,0,0,4,0,0.00,0,0,0,0,0,11
Yann Sommer,Suiza,2018,1,Arquero,4,4,0,0,0,0.00,0,0,1,2,1,14
Yann Sommer,Suiza,2022,1,Arquero,3,3,0,1,0,0.00,0,0,1,0,2,12
Yannick Carrasco,Bélgica,2018,11,Mediocampista,4,3,0,3,0,0.00,0,0,3,0,1,3
Yannick Carrasco,Bélgica,2022,11,Delantero,2,2,0,1,0,0.00,1,0,1,1,0,23
Yannick Stopyra,Francia,1986,19,Delantero,6,5,0,1,2,0.33,0,0,3,2,1,3
Yao Aziawonou,Togo,2006,6,Mediocampista,2,1,0,1,0,0.00,1,0,0,0,2,30
Yao Gao,China,2002,13,Mediocampista,0,0,0,3,0,0.00,0,0,0,0,0,31
Yao Junior Senaya,Togo,2006,18,Delantero,3,2,0,0,0,0.00,0,0,0,0,3,30
Yasser Al Kahtani,Arabia Saudita,2006,20,Delantero,2,2,0,1,1,0.50,0,0,0,1,1,28
Yasser Al-Mosailem,Arabia Saudita,2018,21,Arquero,1,1,0,2,0,0.00,0,0,1,0,0,26
Yasser Al-Shahrani,Arabia Saudita,2018,13,Defensor,3,3,0,0,0,0.00,0,0,1,0,2,26
Yasser Al-Shahrani,Arabia Saudita,2022,13,Defensor,1,1,0,2,0,0.00,0,0,1,0,0,25
Yasser Al Taifi,Arabia Saudita,1994,17,Defensor,0,0,0,4,0,0.00,0,0,0,0,0,12
Yassine Bounou,Marruecos,2018,1,Arquero,0,0,0,3,0,0.00,0,0,0,0,0,27
Yassine Bounou,Marruecos,2022,1,Arquero,6,6,0,1,0,0.00,0,0,2,2,2,4
Yassine Chikhaoui,Túnez,2006,9,Delantero,1,1,0,2,0,0.00,1,0,0,1,0,24
Yassine Meriah,Túnez,2018,4,Defensor,3,3,0,0,0,0.00,0,0,1,0,2,24
Yassine Meriah,Túnez,2022,4,Defensor,3,3,0,0,0,0.00,0,0,1,1,1,21
Yasuhito Endo,Japón,2006,4,Mediocampista,0,0,0,3,0,0.00,0,0,0,0,0,29
Yasuhito Endo,Japón,2010,7,Mediocampista,4,4,0,0,1,0.25,2,0,2,1,1,9
Yasuhito Endo,Japón,2014,7,Mediocampista,2,0,0,1,0,0.00,0,0,0,1,1,29
Yasuyuki Konno,Japón,2010,15,Defensor,1,0,0,3,0,0.00,0,0,1,0,0,9
Yasuyuki Konno,Japón,2014,15,Defensor,2,2,0,1,0,0.00,1,0,0,1,1,29
Yaya Toure,Costa de Marfil,2006,19,Mediocampista,3,3,0,0,0,0.00,0,0,1,0,2,19
Yaya Toure,Costa de Marfil,2010,19,Mediocampista,3,3,0,0,1,0.33,0,0,1,1,1,17
Yaya Toure,Costa de Marfil,2014,19,Mediocampista,3,3,2,0,0,0.00,0,0,1,0,2,21
Yazid Mansouri,Argelia,2010,6,Mediocampista,0,0,0,3,0,0.00,0,0,0,0,0,28
Yechiel Hameiri,Israel,1970,21,Arquero,0,0,0,3,0,0.00,0,0,0,0,0,12
Yehezkel Chazom,Israel,1970,13,Delantero,0,0,0,3,0,0.00,0,0,0,0,0,12
Yeltsin Tejeda,Costa Rica,2014,17,Mediocampista,5,5,0,0,0,0.00,1,0,2,3,0,8
Yeltsin Tejeda,Costa Rica,2018,17,Mediocampista,1,0,0,2,0,0.00,0,0,0,0,1,29
Yeltsin Tejeda,Costa Rica,2022,17,Mediocampista,3,3,0,0,1,0.33,0,0,1,0,2,27
Yeremi Pino,España,2022,17,Delantero,0,0,0,4,0,0.00,0,0,0,0,0,13
Yerry Mina,Colombia,2018,13,Defensor,3,3,0,1,3,1.00,0,0,2,1,0,9
Yeshaiyahu Schwager,Israel,1970,12,Defensor,3,3,0,0,0,0.00,0,0,0,2,1,12
Yildiray Basturk,Turquía,2002,10,Mediocampista,7,7,0,0,0,0.00,0,0,4,1,2,3
Yo-han Go,Corea del Sur,2018,22,Defensor,1,0,0,2,0,0.00,0,0,1,0,0,19
Yoann Gourcuff,Francia,2010,8,Mediocampista,2,2,0,1,0,0.00,0,1,0,1,1,29
Yohan Benalouane,Túnez,2018,3,Defensor,1,0,0,2,0,0.00,0,0,0,0,1,24
Yohan Cabaye,Francia,2014,6,Mediocampista,4,4,0,1,0,0.00,2,0,3,0,1,7
Yoichi Doi,Japón,2006,12,Arquero,0,0,0,3,0,0.00,0,0,0,0,0,29
Yoichiro Kakitani,Japón,2014,11,Delantero,2,0,0,1,0,0.00,0,0,0,0,2,29
Yong Dae Kim,Corea del Sur,2006,20,Arquero,0,0,0,3,0,0.00,0,0,0,0,0,17
Yong Hak An,Corea del Norte,2010,17,Mediocampista,3,3,0,0,0,0.00,0,0,0,0,3,32
Yong Hwan Chung,Corea del Sur,1986,5,Defensor,3,3,0,0,0,0.00,0,0,0,1,2,20
Yong Hwan Chung,Corea del Sur,1990,5,Defensor,1,1,1,2,0,0.00,0,0,0,0,1,22
Yong Hyung Cho,Corea del Sur,2010,4,Defensor,4,4,0,0,0,0.00,1,0,1,1,2,15
Yong Jo Hong,Corea del Norte,2010,10,Delantero,3,3,3,0,0,0.00,1,0,0,0,3,32
Yong Jun Kim,Corea del Norte,2010,15,Mediocampista,1,0,0,2,0,0.00,0,0,0,0,1,32
Yong Lee,Corea del Sur,2014,12,Defensor,3,3,0,0,0,0.00,1,0,0,1,2,27
Yong Lee,Corea del Sur,2018,2,Defensor,3,3,0,0,0,0.00,1,0,1,0,2,19
Yong Soo Choi,Corea del Sur,1998,10,Delantero,2,2,0,1,0,0.00,1,0,0,1,1,30
Yong Soo Choi,Corea del Sur,2002,11,Delantero,1,0,0,6,0,0.00,0,0,0,1,0,4
Yoon Kyung Oh,Corea del Norte,1966,13,Mediocampista,3,3,0,1,0,0.00,0,0,1,1,1,8
Yoshikatsu Kawaguchi,Japón,1998,20,Arquero,3,3,0,0,0,0.00,0,0,0,0,3,31
Yoshikatsu Kawaguchi,Japón,2002,1,Arquero,0,0,0,4,0,0.00,0,0,0,0,0,9
Yoshikatsu Kawaguchi,Japón,2006,23,Arquero,3,3,0,0,0,0.00,1,0,0,1,2,29
Yoshikatsu Kawaguchi,Japón,2010,23,Arquero,0,0,0,4,0,0.00,0,0,0,0,0,9
Yoshimar Yotún,Perú,2018,19,Mediocampista,3,3,0,0,0,0.00,1,0,1,0,2,20
Yoshinori Muto,Japón,2018,13,Delantero,1,1,0,3,0,0.00,0,0,0,0,1,15
Yoshito Okubo,Japón,2010,16,Delantero,4,4,0,0,0,0.00,0,0,2,1,1,9
Yoshito Okubo,Japón,2014,13,Delantero,3,2,0,0,0,0.00,0,0,0,1,2,29
Younès Belhanda,Marruecos,2018,10,Mediocampista,3,3,0,0,0,0.00,0,0,0,1,2,27
Young Chul Kim,Corea del Sur,2006,2,Defensor,2,2,0,1,0,0.00,1,0,1,1,0,17
Young-Gwon Kim,Corea del Sur,2014,5,Defensor,3,3,0,0,0,0.00,0,0,0,1,2,27
Young-Gwon Kim,Corea del Sur,2018,19,Defensor,3,3,0,0,1,0.33,1,0,1,0,2,19
Young-Gwon Kim,Corea del Sur,2022,19,Defensor,4,4,0,0,1,0.25,1,0,1,1,2,16
Young Il Choi,Corea del Sur,1994,12,Defensor,3,2,0,0,0,0.00,2,0,0,2,1,20
Young Il Choi,Corea del Sur,1998,4,Defensor,1,1,0,2,0,0.00,0,0,0,0,1,30
Young Jeung Cho,Corea del Sur,1986,8,Mediocampista,2,2,0,1,0,0.00,2,0,0,1,1,20
Young Jin Lee,Corea del Sur,1990,22,Mediocampista,1,1,0,2,0,0.00,0,0,0,0,1,22
Young Jin Lee,Corea del Sur,1994,6,Mediocampista,3,3,0,0,0,0.00,0,0,0,2,1,20
Young Kwang Kim,Corea del Sur,2006,21,Arquero,0,0,0,3,0,0.00,0,0,0,0,0,17
Young Kwang Kim,Corea del Sur,2010,21,Arquero,0,0,0,4,0,0.00,0,0,0,0,0,15
Young Min Hyun,Corea del Sur,2002,2,Defensor,0,0,0,7,0,0.00,0,0,0,0,0,4
Young Pyo Lee,Corea del Sur,2002,10,Mediocampista,5,5,0,2,0,0.00,0,0,2,1,2,4
Young Pyo Lee,Corea del Sur,2006,12,Defensor,3,3,0,0,0,0.00,0,0,1,1,1,17
Young Pyo Lee,Corea del Sur,2010,12,Defensor,4,4,0,0,0,0.00,0,0,1,1,2,15
Young Se Kim,Corea del Sur,1986,20,Delantero,1,1,0,2,0,0.00,0,0,0,0,1,20
Young-sun Yun,Corea del Sur,2018,5,Defensor,1,1,0,2,0,0.00,0,0,1,0,0,19
Youri Djorkaeff,Francia,1998,6,Mediocampista,7,6,0,0,1,0.14,0,0,6,1,0,1
Youri Djorkaeff,Francia,2002,6,Mediocampista,2,1,0,1,0,0.00,0,0,0,0,2,28
Youri Tielemans,Bélgica,2018,17,Mediocampista,4,2,0,3,0,0.00,1,0,4,0,0,3
Youri Tielemans,Bélgica,2022,8,Mediocampista,3,1,0,0,0,0.00,0,0,1,1,1,23
Youssef Aït Bennasser,Marruecos,2018,15,Mediocampista,0,0,0,3,0,0.00,0,0,0,0,0,27
Youssef Al Tunayan,Arabia Saudita,1998,15,Delantero,2,1,0,1,1,0.50,0,0,0,1,1,28
Youssef Chippo,Marruecos,1998,18,Mediocampista,3,3,0,0,0,0.00,1,0,1,1,1,18
Youssef En-Nesyri,Marruecos,2018,19,Delantero,1,0,0,2,1,1.00,0,0,0,1,0,27
Youssef En-Nesyri,Marruecos,2022,19,Delantero,7,7,0,0,2,0.29,0,0,3,2,2,4
Youssef Msakni,Túnez,2022,7,Delantero,2,2,2,1,0,0.00,0,0,0,1,1,21
Youssef Rossi,Marruecos,1998,4,Defensor,3,2,0,0,0,0.00,0,0,1,1,1,18
Youssouf Fofana,Francia,2022,13,Defensor,6,2,0,1,0,0.00,0,0,4,1,1,2
Youssouf Sabaly,Senegal,2018,12,Defensor,3,3,0,0,0,0.00,1,0,1,1,1,17
Youssouf Sabaly,Senegal,2022,21,Defensor,4,4,0,0,0,0.00,0,0,2,0,2,10
Youssoufa Moukoko,Alemania,2022,26,Delantero,1,0,0,2,0,0.00,0,0,0,0,1,17
Youstin Salas,Costa Rica,2022,14,Mediocampista,2,0,0,1,0,0.00,0,0,1,0,1,27
Yousuf Hassan,Catar,2022,21,Arquero,0,0,0,3,0,0.00,0,0,0,0,0,32
Yousuf Hussain,Emiratos Arabes,1990,20,Defensor,2,2,0,1,0,0.00,2,0,0,0,2,24
Yozhef Sabo,URSS,1962,11,Mediocampista,0,0,0,4,0,0.00,0,0,0,0,0,6
Yozhef Sabo,URSS,1966,8,Mediocampista,4,4,0,2,0,0.00,1,0,3,0,1,4
Yu-min Cho,Corea del Sur,2022,24,Defensor,1,0,0,3,0,0.00,0,0,1,0,0,16
Yuichi Komano,Japón,2006,3,Defensor,1,1,0,2,0,0.00,0,0,0,0,1,29
Yuichi Komano,Japón,2010,3,Defensor,4,4,0,0,0,0.00,0,0,2,1,1,9
Yuji Nakazawa,Japón,2006,22,Defensor,3,3,1,0,0,0.00,0,0,0,1,2,29
Yuji Nakazawa,Japón,2010,22,Defensor,4,4,0,0,0,0.00,0,0,2,1,1,9
Yuki Abe,Japón,2010,2,Mediocampista,4,4,0,0,0,0.00,1,0,2,1,1,9
Yuki Soma,Japón,2022,24,Mediocampista,1,1,0,3,0,0.00,0,0,0,0,1,9
Yun Kyo Oh,Corea del Sur,1986,21,Arquero,3,3,0,0,0,0.00,0,0,0,1,2,20
Yun Nam Ji,Corea del Norte,2010,8,Defensor,3,3,0,0,1,0.33,0,0,0,0,3,32
Yung Keun Choi,Corea del Sur,1954,18,Delantero,1,1,0,1,0,0.00,0,0,0,0,1,16
Yung Kil Kim,Corea del Norte,1966,19,Delantero,0,0,0,4,0,0.00,0,0,0,0,0,8
Yung Kwang Chu,Corea del Sur,1954,16,Mediocampista,1,1,0,1,0,0.00,0,0,0,0,1,16
Yung Kyoo Shin,Corea del Norte,1966,3,Defensor,4,4,0,0,0,0.00,0,0,1,1,2,8
Yung Won Ha,Corea del Norte,1966,14,Mediocampista,2,2,0,2,0,0.00,0,0,1,0,1,8
Yunlong Xu,China,2002,21,Defensor,3,3,0,0,0,0.00,1,0,0,0,3,31
Yunus Musah,Estados Unidos,2022,6,Mediocampista,4,4,0,0,0,0.00,0,0,1,2,1,14
Yuri Falin,URSS,1958,20,Delantero,1,1,0,4,0,0.00,0,0,1,0,0,6
Yuri Gavrilov,URSS,1982,9,Mediocampista,5,5,0,0,1,0.20,0,0,2,2,1,7
Yuri Kovtun,Rusia,2002,2,Defensor,3,3,0,0,0,0.00,0,0,1,0,2,22
Yuri Nikiforov,Rusia,1994,5,Defensor,3,3,0,0,0,0.00,2,0,1,0,2,18
Yuri Nikiforov,Rusia,2002,3,Defensor,3,3,0,0,0,0.00,0,0,1,0,2,22
Yuri Susloparov,URSS,1982,18,Mediocampista,1,0,0,4,0,0.00,0,0,0,0,1,7
Yuri Voinov,URSS,1958,5,Mediocampista,5,5,0,0,0,0.00,0,0,2,1,2,6
Yuri Zhirkov,Rusia,2014,18,Mediocampista,1,1,0,2,0,0.00,0,0,0,1,0,24
Yuri Zhirkov,Rusia,2018,18,Mediocampista,3,3,0,2,0,0.00,0,0,2,1,0,8
Yury Gazinsky,Rusia,2018,8,Mediocampista,4,3,0,1,1,0.25,2,0,2,1,1,8
Yussuf Ayila,Nigeria,2010,13,Mediocampista,1,1,0,2,0,0.00,1,0,0,1,0,27
Yussuf Yurary Poulsen,Dinamarca,2018,20,Delantero,3,3,0,1,1,0.33,2,0,1,2,0,11
Yussuf Yurary Poulsen,Dinamarca,2022,20,Delantero,0,0,0,3,0,0.00,0,0,0,0,0,28
Yusuf Faraj,Kuwait,1982,12,Mediocampista,1,1,0,2,0,0.00,0,0,0,0,1,21
Yutaka Akita,Japón,1998,17,Defensor,3,3,0,0,0,0.00,1,0,0,0,3,31
Yutaka Akita,Japón,2002,2,Defensor,0,0,0,4,0,0.00,0,0,0,0,0,9
Yuto Nagatomo,Japón,2010,5,Defensor,4,4,0,0,0,0.00,2,0,2,1,1,9
Yuto Nagatomo,Japón,2014,5,Defensor,3,3,0,0,0,0.00,0,0,0,1,2,29
Yuto Nagatomo,Japón,2018,5,Defensor,4,4,1,0,0,0.00,0,0,1,1,2,15
Yuto Nagatomo,Japón,2022,5,Defensor,4,4,0,0,0,0.00,0,0,2,1,1,9
Yuya Osako,Japón,2014,18,Delantero,2,2,0,1,0,0.00,0,0,0,1,1,29
Yuya Osako,Japón,2018,15,Delantero,4,3,0,0,1,0.25,0,0,1,1,2,15
Yvan Quentin,Suiza,1994,3,Defensor,4,4,0,0,0,0.00,0,0,1,1,2,15
Yves Herbert,Francia,1966,15,Mediocampista,2,2,0,1,0,0.00,0,0,0,0,2,13
Yves Vanderhaeghe,Bélgica,2002,18,Mediocampista,4,4,0,0,0,0.00,2,0,1,2,1,14
Yvon Douis,Francia,1958,16,Delantero,1,1,0,5,1,1.00,0,0,1,0,0,3
Yvon Le Roux,Francia,1986,7,Defensor,1,1,0,6,0,0.00,0,0,1,0,0,3
Yvon Mvogo,Suiza,2018,12,Arquero,0,0,0,4,0,0.00,0,0,0,0,0,14
Zabalo,España,1934,-,Defensor,1,1,0,2,0,0.00,0,0,0,0,1,5
Zafer Ozgultekin,Turquía,2002,23,Arquero,0,0,0,7,0,0.00,0,0,0,0,0,3
Zagallo,Brasil,1958,7,Delantero,6,6,0,0,1,0.17,0,0,5,1,0,1
Zagallo,Brasil,1962,21,Delantero,6,6,0,0,1,0.17,0,0,5,1,0,1
Zague,México,1994,11,Delantero,4,4,0,0,0,0.00,0,0,1,2,1,13
Zakaria Aboukhlal,Marruecos,2022,14,Mediocampista,4,0,0,3,1,0.25,0,0,3,0,1,4
Zakaria El Achraf,Marruecos,1994,22,Arquero,2,1,0,1,0,0.00,0,0,0,0,2,23
Zarko Nikolic,Yugoslavia,1962,20,Defensor,0,0,0,6,0,0.00,0,0,0,0,0,4
Zarra,España,1950,-,Delantero,6,6,1,0,4,0.67,0,0,3,1,2,4
Zbigniew Boniek,Polonia,1978,18,Delantero,6,4,0,0,2,0.33,1,0,3,1,2,5
Zbigniew Boniek,Polonia,1982,20,Delantero,6,6,0,1,4,0.67,2,0,3,3,0,3
Zbigniew Boniek,Polonia,1986,20,Delantero,4,4,4,0,0,0.00,1,0,1,1,2,14
Zbigniew Gut,Polonia,1974,5,Defensor,2,1,0,5,0,0.00,0,0,2,0,0,3
Zdenek Grygera,República Checa,2006,2,Defensor,3,3,0,0,0,0.00,1,0,1,0,2,20
Zdenek Hruska,Checoslovaquia,1982,21,Arquero,1,1,0,2,0,0.00,0,0,0,1,0,19
Zdenek Nehoda,Checoslovaquia,1982,11,Delantero,3,3,3,0,0,0.00,0,0,0,2,1,19
Zdenek Prochazka,Checoslovaquia,1954,16,Mediocampista,0,0,0,2,0,0.00,0,0,0,0,0,14
Zdenek Zikan,Checoslovaquia,1958,12,Delantero,3,3,0,1,4,1.33,0,0,1,1,1,9
Zdenko Strba,Eslovaquia,2010,6,Mediocampista,3,3,0,1,0,0.00,2,0,1,1,1,16
Zdravko Kuzmanovic,Serbia,2010,22,Mediocampista,3,2,0,0,0,0.00,1,0,1,0,2,23
Zdravko Rajkov,Yugoslavia,1958,17,Delantero,4,4,0,0,1,0.25,0,0,1,2,1,8
Zdravko Zdravkov,Bulgaria,1998,1,Arquero,3,3,0,0,0,0.00,0,0,0,1,2,29
Zdzislaw Kapka,Polonia,1974,20,Delantero,1,0,0,6,0,0.00,0,0,1,0,0,3
Zdzislaw Kostrzewa,Polonia,1978,22,Arquero,0,0,0,6,0,0.00,0,0,0,0,0,5
Ze Carlos,Brasil,1990,22,Arquero,0,0,0,4,0,0.00,0,0,0,0,0,9
Ze Carlos Ii,Brasil,1998,13,Mediocampista,1,1,0,6,0,0.00,1,0,0,1,0,2
Ze Kalanga,Angola,2006,17,Mediocampista,3,3,0,0,0,0.00,2,0,0,2,1,23
Ze Luis,Brasil,1930,-,Defensor,1,1,0,1,0,0.00,0,0,1,0,0,6
Ze Maria,Brasil,1970,21,Defensor,0,0,0,6,0,0.00,0,0,0,0,0,1
Ze Maria,Brasil,1974,4,Defensor,4,4,0,3,0,0.00,1,0,2,0,2,4
Ze Roberto,Brasil,1998,16,Mediocampista,1,0,0,6,0,0.00,0,0,1,0,0,2
Ze Roberto,Brasil,2006,11,Mediocampista,5,4,0,0,1,0.20,0,0,4,0,1,5
Ze Sergio,Brasil,1978,7,Delantero,0,0,0,7,0,0.00,0,0,0,0,0,3
Zeffiro Furiassi,Italia,1950,-,Defensor,2,2,0,0,0,0.00,0,0,1,0,1,7
Zeljko Cajkovski,Yugoslavia,1950,-,Delantero,3,3,0,0,2,0.67,0,0,2,0,1,5
Zeljko Kalac,Australia,2006,18,Arquero,1,1,0,3,0,0.00,0,0,0,1,0,16
Zeljko Matus,Yugoslavia,1962,15,Mediocampista,1,1,0,5,0,0.00,0,0,0,0,1,4
Zeljko Milinovic,Eslovenia,2002,3,Defensor,3,3,0,0,0,0.00,2,0,0,0,3,30
Zeljko Petrovic,RF de Yugoslavia,1998,16,Mediocampista,4,4,0,0,0,0.00,1,0,2,1,1,10
Zeno Debast,Bélgica,2022,26,Defensor,0,0,0,3,0,0.00,0,0,0,0,0,23
Zequinha,Brasil,1962,16,Mediocampista,0,0,0,6,0,0.00,0,0,0,0,0,1
Zetti,Brasil,1994,12,Arquero,0,0,0,7,0,0.00,0,0,0,0,0,1
Zeybek Cetin,Turquía,1954,5,Mediocampista,3,3,0,0,0,0.00,0,0,1,0,2,11
Zeze Procopio,Brasil,1938,-,Mediocampista,4,4,0,1,0,0.00,0,0,2,1,1,3
Zhivko Gospodinov,Bulgaria,1986,10,Mediocampista,3,3,0,1,0,0.00,1,0,0,2,1,15
Zhiyi Fan,China,2002,5,Defensor,1,1,0,2,0,0.00,0,0,0,0,1,31
Zico,Brasil,1978,8,Mediocampista,6,3,0,1,1,0.17,1,0,3,3,0,3
Zico,Brasil,1982,10,Mediocampista,5,5,0,0,4,0.80,0,0,4,0,1,5
Zico,Brasil,1986,10,Mediocampista,3,0,0,2,0,0.00,0,0,2,1,0,5
Zied Jaziri,Túnez,2002,5,Delantero,3,3,0,0,0,0.00,1,0,0,1,2,29
Zied Jaziri,Túnez,2006,5,Delantero,3,3,0,0,1,0.33,1,1,0,1,2,24
Zinedine Zidane,Francia,1998,10,Mediocampista,5,5,0,2,2,0.40,1,1,4,1,0,1
Zinedine Zidane,Francia,2002,10,Mediocampista,1,1,0,2,0,0.00,0,0,0,0,1,28
Zinedine Zidane,Francia,2006,10,Mediocampista,6,6,6,1,3,0.50,3,1,3,3,0,2
Zinha,México,2006,7,Mediocampista,4,1,0,0,1,0.25,1,0,1,1,2,15
Zinho,Brasil,1994,9,Mediocampista,7,7,0,0,0,0.00,1,0,5,2,0,1
Zito,Brasil,1958,19,Mediocampista,4,4,0,2,0,0.00,0,0,4,0,0,1
Zito,Brasil,1962,4,Mediocampista,6,6,0,0,1,0.17,0,0,5,1,0,1
Zito,Brasil,1966,15,Mediocampista,0,0,0,3,0,0.00,0,0,0,0,0,11
Zizinho,Brasil,1950,-,Mediocampista,4,4,0,2,2,0.50,0,0,3,0,1,2
Zlatan Ibrahimovic,Suecia,2002,21,Delantero,2,0,0,2,0,0.00,0,0,0,1,1,13
Zlatan Ibrahimovic,Suecia,2006,10,Delantero,3,3,0,1,0,0.00,0,0,1,1,1,14
Zlatan Ljubijankic,Eslovenia,2010,9,Delantero,3,2,0,0,1,0.33,0,0,1,1,1,18
Zlatko Cajkovski,Yugoslavia,1950,-,Mediocampista,2,2,1,1,0,0.00,0,0,1,0,1,5
Zlatko Cajkovski,Yugoslavia,1954,4,Mediocampista,3,3,0,0,0,0.00,0,0,1,1,1,8
Zlatko Dedic,Eslovenia,2010,14,Delantero,3,1,0,0,0,0.00,1,0,1,1,1,18
Zlatko Krmpotic,Yugoslavia,1982,6,Defensor,2,2,0,1,0,0.00,1,0,1,0,1,16
Zlatko Papec,Yugoslavia,1954,19,Delantero,0,0,0,3,0,0.00,0,0,0,0,0,8
Zlatko Vujovic,Yugoslavia,1982,11,Delantero,3,3,0,0,0,0.00,0,0,1,1,1,16
Zlatko Vujovic,Yugoslavia,1990,11,Delantero,5,5,5,0,0,0.00,1,0,3,1,1,5
Zlatko Yankov,Bulgaria,1994,6,Mediocampista,6,6,0,1,0,0.00,4,0,3,0,3,4
Zlatko Yankov,Bulgaria,1998,6,Mediocampista,2,2,0,1,0,0.00,0,0,0,1,1,29
Zlatko Zahovic,Eslovenia,2002,10,Mediocampista,1,1,0,2,0,0.00,0,0,0,0,1,30
Zoco,España,1966,5,Mediocampista,3,3,1,0,0,0.00,0,0,1,0,2,10
Zoilo Saldombide,Uruguay,1930,-,Delantero,0,0,0,4,0,0.00,0,0,0,0,0,1
Zoltan Czibor,Hungría,1954,11,Delantero,5,5,0,0,3,0.60,0,0,4,0,1,2
Zoltan Friedmanszky,Hungría,1958,19,Delantero,0,0,0,4,0,0.00,0,0,0,0,0,10
Zoltan Kereki,Hungría,1978,6,Defensor,3,3,3,0,0,0.00,0,0,0,0,3,15
Zoltan Peter,Hungría,1986,14,Defensor,1,1,0,2,0,0.00,0,0,0,0,1,18
Zoltan Varga,Hungría,1966,8,Mediocampista,0,0,0,4,0,0.00,0,0,0,0,0,6
Zoong Sun Lim,Corea del Norte,1966,5,Defensor,4,4,0,0,0,0.00,0,0,1,1,2,8
Zoran Mamic,Croacia,1998,18,Defensor,0,0,0,7,0,0.00,0,0,0,0,0,3
Zoran Mirkovic,RF de Yugoslavia,1998,2,Defensor,2,2,0,2,0,0.00,1,0,1,0,1,10
Zoran Pavlovic,Eslovenia,2002,17,Mediocampista,0,0,0,3,0,0.00,0,0,0,0,0,30
Zoran Tosic,Serbia,2010,7,Mediocampista,1,0,0,2,0,0.00,0,0,0,0,1,23
Zoran Vujovic,Yugoslavia,1982,9,Defensor,0,0,0,3,0,0.00,0,0,0,0,0,16
Zoran Vulic,Yugoslavia,1990,4,Defensor,4,2,0,1,0,0.00,1,0,2,1,1,5
Zoubeir Beya,Túnez,1998,8,Mediocampista,3,2,0,0,0,0.00,1,0,0,1,2,26
Zoubeir Beya,Túnez,2002,3,Mediocampista,3,0,0,0,0,0.00,0,0,0,1,2,29
Zozimo,Brasil,1958,9,Defensor,0,0,0,6,0,0.00,0,0,0,0,0,1
Zozimo,Brasil,1962,5,Defensor,6,6,0,0,0,0.00,0,0,5,1,0,1
Zsolt Muzsnai,Rumania,1990,20,Mediocampista,0,0,0,4,0,0.00,0,0,0,0,0,12
Zuhair Bakheet,Emiratos Arabes,1990,11,Delantero,1,0,0,2,0,0.00,0,0,0,0,1,24
Zvi Rosen,Israel,1970,5,Defensor,3,3,0,0,0,0.00,0,0,0,2,1,12
Zvjezdan Misimovic,Bosnia-Herzegovina,2014,10,Mediocampista,2,2,0,1,0,0.00,0,0,0,0,2,20
Zvonimir Boban,Croacia,1998,10,Mediocampista,6,6,6,1,0,0.00,2,0,4,0,2,3
Zvonimir Soldo,Croacia,1998,14,Defensor,6,6,0,1,0,0.00,2,0,4,0,2,3
Zvonimir Soldo,Croacia,2002,14,Mediocampista,2,2,0,1,0,0.00,0,0,1,0,1,23
Zvonimir Vukic,Serbia y Montenegro,2006,18,Mediocampista,1,0,0,2,0,0.00,0,0,0,0,1,32
Zvonko Zivkovic,Yugoslavia,1982,10,Mediocampista,0,0,0,3,0,0.00,0,0,0,0,0,16
Zygmunt Kalinowski,Polonia,1974,3,Arquero,0,0,0,7,0,0.00,0,0,0,0,0,3
Zygmunt Kukla,Polonia,1978,21,Arquero,2,2,0,4,0,0.00,0,0,1,0,1,5
Zygmunt Maszczyk,Polonia,1974,14,Mediocampista,7,7,0,0,0,0.00,0,0,6,0,1,3
