jugador,seleccion_nacionalidad,altura,fecha_nac,posicion,num_camiseta,mundiales
Aaron Clapham,Nueva Zelanda,1.72 m,15 de enero de 1987,Mediocampista,16,2010
Aaron Lawrence,Jamaica,,11 de agosto de 1970,Arquero,13,1998
Aaron Lennon,Inglaterra,1.65 m,16 de abril de 1987,Mediocampista,"19, 7","2006, 2010"
Aaron Long,Estados Unidos,1.88 m,12 de octubre de 1992,Defensor,15,2022
Aaron Mokoena,Sudáfrica,1.83 m,25 de noviembre de 1980,Defensor,4,"2002, 2010"
Aaron Mooy,Australia,1.74 m,15 de septiembre de 1990,Mediocampista,13,"2018, 2022"
Aaron Padilla,México,,10 de julio de 1942,Delantero,"8, 11","1966, 1970"
Aaron Ramsdale,Inglaterra,1.88 m,14 de mayo de 1998,Arquero,23,2022
Aaron Ramsey,Gales,1.78 m,26 de diciembre de 1990,Mediocampista,10,2022
Abdallah Lamrani,Marruecos,,1 de enero de 1946,Defensor,2,1970
Abdallah Said,Egipto,1.75 m,13 de julio de 1985,Mediocampista,19,2018
Abdé Ezzalzouli,Marruecos,1.77 m,17 de diciembre de 2001,Delantero,16,2022
Abdel Aziz Soulaymani,Marruecos,,30 de abril de 1958,Mediocampista,21,1986
Abdel Kader Ben Bouali,Francia,,25 de octubre de 1912,Defensor,-,1938
Abdel Sharli,Egipto,,,Defensor,-,1934
Abdelaziz Ben-Tifour,Francia,,25 de julio de 1927,Mediocampista,15,1954
Abdelaziz Hatem,Catar,1.82 m,1 de enero de 1990,Mediocampista,6,2022
Abdelfettah Houdani,Marruecos,,30 de julio de 1956,Arquero,22,1986
Abdelfettah Rhiati,Marruecos,,25 de febrero de 1963,Delantero,13,1986
Abdelhamid Sabiri,Marruecos,1.86 m,28 de noviembre de 1996,Mediocampista,11,2022
Abdelhamid Sadmi,Argelia,,1 de enero de 1961,Defensor,15,1986
Abdelilah Saber,Marruecos,,21 de abril de 1974,Defensor,2,1998
Abdeljalil Hadda,Marruecos,,21 de marzo de 1972,Delantero,9,1998
Abdelkader El Brazi,Marruecos,,5 de noviembre de 1964,Arquero,1,1998
Abdelkader El Khyati,Marruecos,,1 de enero de 1945,Defensor,18,1970
Abdelkader Ghezzal,Argelia,1.86 m,5 de diciembre de 1984,Delantero,9,2010
Abdelkader Horr,Argelia,,10 de noviembre de 1953,Defensor,17,1982
Abdelkader Laifaoui,Argelia,1.77 m,29 de julio de 1981,Defensor,14,2010
Abdelkarim El Hadrioui,Marruecos,,6 de marzo de 1972,Defensor,3,"1994, 1998"
Abdelkarim Hassan,Catar,1.85 m,28 de agosto de 1993,Defensor,3,2022
Abdelkarim Krimau,Marruecos,,13 de enero de 1955,Delantero,9,1986
Abdellah Bidar,Marruecos,,19 de agosto de 1967,Defensor,20,1986
Abdellah Medjadi,Argelia,,1 de diciembre de 1957,Defensor,5,1986
Abdellah Ouriaghli,Marruecos,,1 de enero de 1943,Arquero,19,1970
Abdelmajid Bourebbou,Argelia,,16 de marzo de 1951,Delantero,20,1982
Abdelmajid Bouyboud,Marruecos,,24 de octubre de 1966,Mediocampista,19,1994
Abdelmajid Dolmy,Marruecos,,19 de abril de 1953,Mediocampista,6,1986
Abdelmajid Lamriss,Marruecos,,12 de febrero de 1959,Defensor,3,1986
Abdelmoumene Djabou,Argelia,1.65 m,31 de enero de 1987,Mediocampista,18,2014
Abdelrazzak Khairi,Marruecos,,20 de noviembre de 1962,Mediocampista,17,1986
Abdelslam Laghrissi,Marruecos,,5 de enero de 1962,Delantero,17,1994
Abderrahim Ouakili,Marruecos,,11 de diciembre de 1970,Delantero,10,1998
Abderrazak Hamdallah,Marruecos,1.79 m,17 de diciembre de 1990,Delantero,9,2022
Abderrhamane Mahjoub,Francia,,25 de abril de 1929,Mediocampista,13,1954
Abdiel Arroyo,Panamá,1.87 m,13 de diciembre de 1993,Delantero,16,2018
Abdou Diallo,Senegal,1.87 m,4 de mayo de 1996,Defensor,22,2022
Abdoulaye Diallo,Senegal,1.89 m,30 de marzo de 1992,Arquero,1,2018
Abdoulaye Meite,Costa de Marfil,1.85 m,6 de octubre de 1980,Defensor,12,2006
Abdul Fatawu Issahaku,Ghana,1.77 m,8 de marzo de 2004,Delantero,7,2022
Abdul-Rahim,Iraq,,23 de mayo de 1963,Delantero,11,1986
Baba Rahman,Ghana,1.80 m,2 de julio de 1994,Defensor,17,2022
Abdulaziz Al Anbari,Kuwait,,3 de enero de 1954,Delantero,10,1982
Abdulaziz Al Balushi,Kuwait,,16 de febrero de 1960,Mediocampista,8,1982
Abdulaziz Al Janoubi,Arabia Saudita,1.76 m,21 de julio de 1974,Defensor,19,1998
Abdulaziz Khathran,Arabia Saudita,1.69 m,31 de julio de 1973,"Defensor, Mediocampista","14, 12","2002, 2006"
Abdulaziz Mohamed,Emiratos Arabes,,12 de diciembre de 1965,Delantero,9,1990
Abdulaziz Mohammed,Kuwait,,4 de diciembre de 1962,Delantero,20,1982
Abdulelah Al-Amri,Arabia Saudita,1.85 m,15 de enero de 1997,Defensor,4,2022
Abdulelah Al-Malki,Arabia Saudita,1.76 m,11 de octubre de 1994,Mediocampista,8,2022
Abdullah Al Dosari,Arabia Saudita,,1 de noviembre de 1969,Defensor,2,1994
Abdullah Al-Khaibari,Arabia Saudita,,16 de agosto de 1996,Mediocampista,15,2018
Abdullah Al-Mayouf,Arabia Saudita,1.88 m,23 de enero de 1987,Arquero,1,2018
Abdullah Alwaked Al Shahrani,Arabia Saudita,1.78 m,29 de septiembre de 1975,Mediocampista,17,2002
Abdullah Ercan,Turquía,1.82 m,8 de diciembre de 1971,Mediocampista,19,2002
Abdullah Gaman Al Dosari,Arabia Saudita,1.83 m,10 de noviembre de 1977,Delantero,15,2002
Abdullah Madu,Arabia Saudita,1.87 m,15 de julio de 1993,Defensor,3,2022
Abdullah Mayuf,Kuwait,,3 de diciembre de 1953,Defensor,14,1982
Abdullah Musa,Emiratos Arabes,,2 de marzo de 1958,Arquero,1,1990
Abdullah Otayf,Arabia Saudita,1.77 m,3 de agosto de 1992,Mediocampista,14,"2018, 2022"
Abdullah Sultan,Emiratos Arabes,,1 de octubre de 1963,Mediocampista,5,1990
Abdullah Zubromawi,Arabia Saudita,1.81 m,15 de noviembre de 1973,Defensor,4,"1994, 1998, 2002"
Abdulmalek Al-Khaibri,Arabia Saudita,1.75 m,13 de marzo de 1986,Mediocampista,11,2018
Abdulrahman Al-Aboud,Arabia Saudita,1.74 m,1 de junio de 1995,Mediocampista,20,2022
Abdulrahman Al Haddad,Emiratos Arabes,,23 de septiembre de 1966,Defensor,21,1990
Abdulrahman Fawzi,Egipto,,11 de agosto de 1909,Delantero,-,1934
Abel,Brasil,,1 de septiembre de 1952,Defensor,14,1978
Abel Aguilar,Colombia,1.86 m,6 de enero de 1985,Mediocampista,8,"2014, 2018"
Abel Balbo,Argentina,,1 de junio de 1966,Delantero,"3, 19, 18","1990, 1994, 1998"
Abel Hernández,Uruguay,1.86 m,8 de agosto de 1990,Delantero,8,2014
Abel Xavier,Portugal,1.89 m,30 de noviembre de 1972,Defensor,3,2002
Abelardo,España,1.80 m,19 de abril de 1970,Defensor,5,"1994, 1998"
Abiodun Baruwa,Nigeria,,16 de noviembre de 1974,Arquero,22,1998
Abolfazl Jalali,Irán,1.77 m,26 de junio de 1998,Defensor,25,2022
Abou Diaby,Francia,1.88 m,11 de mayo de 1986,Mediocampista,19,2010
Acacio,Brasil,,20 de enero de 1959,Arquero,12,1990
Achille Emana,Camerún,1.80 m,5 de junio de 1982,Delantero,10,2010
Achmad Nawir,Indias Orientales Holand.,,1 de enero de 1911,Mediocampista,-,1938
Achraf Dari,Marruecos,1.90 m,6 de mayo de 1999,Defensor,20,2022
Achraf Hakimi,Marruecos,1.81 m,4 de noviembre de 1998,Defensor,2,"2018, 2022"
Adalbert Desu,Rumania,,24 de marzo de 1909,Delantero,-,1930
Adalbert Pullock,Rumania,,6 de abril de 1907,Arquero,-,1934
Adalbert Steiner,Rumania,,24 de enero de 1907,Defensor,-,1930
Adalbert Zafirov,Bulgaria,,29 de septiembre de 1969,Defensor,15,1998
Adam Adam,Kuwait,,23 de septiembre de 1957,Arquero,21,1982
Adam Davies,Gales,1.85 m,17 de julio de 1992,Arquero,21,2022
Adam Federici,Australia,1.88 m,31 de enero de 1985,Arquero,12,2010
Adam Kwarasey,Ghana,1.90 m,12 de diciembre de 1987,Arquero,12,2014
Adam Lallana,Inglaterra,1.72 m,10 de mayo de 1988,Mediocampista,20,2014
Adam Matysek,Polonia,1.91 m,19 de julio de 1968,Arquero,22,2002
Adam Musial,Polonia,,18 de diciembre de 1948,Defensor,10,1974
Adam Nawalka,Polonia,,23 de octubre de 1957,Mediocampista,5,1978
Adam Taggart,Australia,1.83 m,2 de junio de 1993,Delantero,9,2014
Adam Wolanin,Estados Unidos,,13 de noviembre de 1919,Delantero,-,1950
Adama Mbengué,Senegal,1.78 m,1 de diciembre de 1993,Defensor,2,2018
Adan Godoy,Chile,,26 de noviembre de 1936,Arquero,"12, 9","1962, 1966"
Adaozinho,Brasil,,2 de abril de 1923,Delantero,-,1950
Adekanmi Olufade,Togo,1.70 m,7 de enero de 1980,Delantero,14,2006
Adel Abdelrahman,Egipto,,11 de diciembre de 1967,Delantero,19,1990
Adel Chedli,Túnez,1.76 m,16 de septiembre de 1976,Mediocampista,14,2006
Adel El Sellimi,Túnez,1.76 m,16 de noviembre de 1972,Delantero,11,"1998, 2002"
Adel Nefzi,Túnez,1.83 m,16 de marzo de 1974,Arquero,16,2006
Adelardo,España,,26 de noviembre de 1939,"Defensor, Delantero","18, 21","1962, 1966"
Adelmo Vivas,Colombia,,,Arquero,2,1962
Adem Ljajić,Serbia,1.81 m,29 de septiembre de 1991,Mediocampista,22,2018
Ademir,Brasil,,8 de noviembre de 1922,Delantero,-,1950
Ademir Da Guia,Brasil,,3 de abril de 1942,Mediocampista,18,1974
Adil Rami,Francia,1.90 m,27 de diciembre de 1985,Defensor,17,2018
Adlane Guedioura,Argelia,1.83 m,12 de noviembre de 1985,Mediocampista,17,2010
Admir Mehmedi,Suiza,1.78 m,16 de marzo de 1991,Delantero,18,2014
Adnan Al Talyani,Emiratos Arabes,,1 de octubre de 1964,Delantero,10,1990
Adnan Januzaj,Bélgica,1.80 m,5 de febrero de 1995,Mediocampista,"20, 18","2014, 2018"
Ado,Brasil,,4 de julio de 1944,Arquero,12,1970
Adolf Scherer,Checoslovaquia,,5 de mayo de 1938,Delantero,"18, 8","1958, 1962"
Adolf Stelzer,Suiza,,1 de septiembre de 1908,Defensor,-,1938
Adolfino Canete,Paraguay,,13 de septiembre de 1956,Mediocampista,10,1986
Adolfo Bautista,México,1.85 m,15 de mayo de 1979,Delantero,21,2010
Adolfo Machado,Panamá,1.83 m,14 de febrero de 1985,Defensor,13,2018
Adolfo Nef,Chile,,18 de enero de 1946,Arquero,22,1974
Adolfo Valencia,Colombia,,6 de febrero de 1968,Delantero,"11, 9","1994, 1998"
Adolfo Zeoli,Uruguay,,2 de mayo de 1962,Arquero,22,1990
Adolfo Zumelzu,Argentina,,5 de enero de 1902,Defensor,-,1930
Adolphe Hug,Suiza,,23 de septiembre de 1923,Arquero,-,1950
Adri Van Kraay,Paises Bajos,,1 de agosto de 1953,Defensor,4,1978
Adri Van Tiggelen,Paises Bajos,,16 de junio de 1957,Defensor,5,1990
Adriaan Van Male,Paises Bajos,,7 de octubre de 1910,Arquero,-,"1934, 1938"
Adrian Alston,Australia,,6 de febrero de 1949,Delantero,12,1974
Adrian Bone,Ecuador,1.88 m,24 de noviembre de 1988,Arquero,12,2014
Adrian Chavez,México,,27 de junio de 1962,Arquero,22,1994
Adrian Elrick,Nueva Zelanda,,29 de septiembre de 1949,Defensor,14,1982
Adrian Ilie,Rumania,,22 de abril de 1974,Delantero,11,1998
Adrian Knup,Suiza,,2 de julio de 1968,Delantero,9,1994
Adrian Popescu,Rumania,,26 de julio de 1960,Defensor,13,1990
Adrián Ramos,Colombia,1.85 m,22 de enero de 1986,Delantero,19,2014
Adriano,Brasil,1.89 m,17 de febrero de 1982,Delantero,7,2006
Adrien Rabiot,Francia,1.91 m,3 de abril de 1995,Mediocampista,14,2022
Adrien Silva,Portugal,1.76 m,15 de marzo de 1989,Mediocampista,23,2018
Affo Erassa,Togo,1.90 m,19 de febrero de 1983,Mediocampista,20,2006
Afonsinho,Brasil,,8 de marzo de 1914,Mediocampista,-,1938
Afriyie Acquah,Ghana,1.79 m,5 de enero de 1992,Mediocampista,6,2014
Afshin Peyravani,Irán,,6 de febrero de 1970,Defensor,5,1998
Agne Simonsson,Suecia,,19 de octubre de 1935,Delantero,9,1958
Agrebi Ben Rehaiem,Túnez,,20 de marzo de 1951,Mediocampista,8,1978
Aguilera,España,,22 de mayo de 1969,Defensor,15,1998
Agustín Canobbio,Uruguay,1.75 m,1 de octubre de 1998,Mediocampista,24,2022
Agustin Delgado,Ecuador,1.89 m,23 de diciembre de 1974,Delantero,11,"2002, 2006"
Agustin Miranda,Paraguay,,1 de enero de 1930,Defensor,17,1958
Agustin Orion,Argentina,1.87 m,26 de junio de 1981,Arquero,12,2014
Aharon Shuruk,Israel,,24 de febrero de 1946,Mediocampista,19,1970
Ahmad Alnameh,Irán,1.89 m,20 de octubre de 1982,Defensor,17,2014
Ahmad Nourollahi,Irán,1.85 m,1 de febrero de 1993,Mediocampista,21,2022
Ahmed Abedzadeh,Irán,,25 de mayo de 1966,Arquero,1,1998
Ahmed Al Bahri,Arabia Saudita,1.78 m,18 de septiembre de 1980,Defensor,15,2006
Ahmed Al Dosari,Arabia Saudita,1.75 m,25 de octubre de 1976,Defensor,"17, 12, 2","1998, 2002, 2006"
Ahmed Al Tarabulsi,Kuwait,,22 de marzo de 1947,Arquero,1,1982
Ahmed Alaaeldin,Catar,1.76 m,31 de enero de 1993,Delantero,7,2022
Ahmed Alaoui,Marruecos,,1 de enero de 1949,Delantero,17,1970
Ahmed Bahja,Marruecos,,21 de diciembre de 1970,Delantero,13,1994
Ahmed El Kass,Egipto,,8 de julio de 1965,Delantero,20,1990
Ahmed Elmohamady,Egipto,1.82 m,9 de septiembre de 1987,Defensor,3,2018
Ahmed Faras,Marruecos,,1 de enero de 1946,Delantero,9,1970
Ahmed Fathy,Egipto,1.75 m,10 de noviembre de 1984,Defensor,7,2018
Ahmed Hegazi,Egipto,1.93 m,25 de enero de 1991,Defensor,6,2018
Ahmed Issah,Ghana,1.85 m,24 de mayo de 1982,Defensor,21,2006
Ahmed Jaouachi,Túnez,1.79 m,13 de julio de 1975,Arquero,22,2002
Ahmed Jassim,Iraq,,4 de mayo de 1960,Arquero,21,1986
Ahmed Khalil,Túnez,1.78 m,8 de junio de 1991,Mediocampista,15,2018
Ahmed Madani,Arabia Saudita,,6 de enero de 1970,Defensor,5,"1994, 1998"
Ahmed Masbahi,Marruecos,,17 de enero de 1966,Defensor,14,1994
Ahmed Musa,Nigeria,1.70 m,14 de octubre de 1992,Delantero,7,"2014, 2018"
Ahmed Radhi,Iraq,,21 de marzo de 1964,Delantero,8,1986
Ahmed Ramzy,Egipto,,25 de octubre de 1965,Delantero,13,1990
Ahmed Reda Tagnaouti,Marruecos,1.86 m,5 de abril de 1996,Arquero,22,"2018, 2022"
Ahmed Shoubeir,Egipto,,28 de septiembre de 1961,Arquero,1,1990
Aissa Laidouni,Túnez,1.83 m,13 de diciembre de 1996,Mediocampista,14,2022
Aissa Mandi,Argelia,1.86 m,22 de octubre de 1991,Defensor,20,2014
Ajdin Hrustic,Australia,1.80 m,5 de julio de 1996,Mediocampista,10,2022
Ake Andersson,Suecia,,22 de abril de 1917,Delantero,-,1938
Ake Johansson,Suecia,,19 de marzo de 1928,Defensor,5,1958
Akhrik Tsveiba,URSS,,10 de septiembre de 1966,Defensor,13,1990
Akinori Nishizawa,Japón,1.80 m,18 de junio de 1976,Delantero,9,2002
Akira Kaji,Japón,1.77 m,13 de enero de 1980,Defensor,21,2006
Akira Narahashi,Japón,1.70 m,26 de noviembre de 1971,Defensor,2,1998
Akram Afif,Catar,1.76 m,18 de noviembre de 1996,Delantero,11,2022
Akwa,Angola,1.80 m,30 de mayo de 1977,Delantero,10,2006
Al Harker,Estados Unidos,,11 de abril de 1910,Defensor,-,1934
Al Hasan Al Yami,Arabia Saudita,1.73 m,21 de agosto de 1972,Delantero,20,2002
Al Roubai Ghanim,Iraq,,16 de agosto de 1961,Defensor,22,1986
Alaa Mayhoub,Egipto,,9 de enero de 1962,Mediocampista,14,1990
Alaeddine Yahia,Túnez,1.86 m,26 de septiembre de 1981,Defensor,4,2006
Alain Boghossian,Francia,1.85 m,27 de octubre de 1970,Mediocampista,14,"1998, 2002"
Alain Couriol,Francia,,24 de octubre de 1958,Delantero,16,1982
Alain Eyobo-Makongo,Camerún,,17 de octubre de 1961,Delantero,20,1982
Alain Geiger,Suiza,,5 de noviembre de 1960,Defensor,5,1994
Alain Giresse,Francia,,2 de septiembre de 1952,Mediocampista,12,"1982, 1986"
Alain Sutter,Suiza,,22 de enero de 1968,Mediocampista,7,1994
Alaixys Romao,Togo,1.80 m,18 de enero de 1984,Mediocampista,15,2006
Alan A'Court,Inglaterra,,30 de septiembre de 1934,Delantero,21,1958
Alan Ball,Inglaterra,,12 de mayo de 1945,Mediocampista,"7, 8","1966, 1970"
Alan Brazil,Escocia,,15 de junio de 1959,Delantero,9,1982
Alan Dzagoev,Rusia,1.79 m,17 de junio de 1990,Mediocampista,"10, 9","2014, 2018"
Alan Franco,Ecuador,1.75 m,21 de agosto de 1998,Mediocampista,21,2022
Alan Hansen,Escocia,,13 de junio de 1955,Defensor,5,1982
Alan Hodgkinson,Inglaterra,,16 de agosto de 1936,Arquero,"13, 12","1958, 1962"
Alan Kelly Jr.,Irlanda,1.89 m,11 de agosto de 1968,Arquero,"22, 23","1994, 2002"
Alan Kernaghan,Irlanda,,25 de abril de 1967,Defensor,13,1994
Alan Mcdonald,Irlanda del Norte,,12 de octubre de 1963,Defensor,5,1986
Alan Mcinally,Escocia,,10 de febrero de 1963,Delantero,14,1990
Alan Mcloughlin,Irlanda,,20 de abril de 1967,Mediocampista,"21, 19","1990, 1994"
Alan Mullery,Inglaterra,,23 de noviembre de 1941,Mediocampista,4,1970
Alan Peacock,Inglaterra,,29 de octubre de 1937,Delantero,19,1962
Alan Pulido,México,1.75 m,8 de marzo de 1991,Delantero,11,2014
Alan Rough,Escocia,,25 de noviembre de 1951,Arquero,"1, 22","1978, 1982, 1986"
Alan Shearer,Inglaterra,,13 de agosto de 1970,Delantero,9,1998
Alassane Ndour,Senegal,1.85 m,12 de diciembre de 1981,Defensor,5,2002
Alberigo Evani,Italia,,1 de enero de 1963,Mediocampista,17,1994
Albert Adomah,Ghana,1.85 m,13 de diciembre de 1987,Mediocampista,14,2014
Albert Bruells,Alemania Occidental,,26 de marzo de 1937,Mediocampista,"10, 7","1962, 1966"
Albert Buche,Suiza,,1 de enero de 1911,Delantero,-,1934
Albert Bunjaku,Suiza,1.78 m,29 de noviembre de 1983,Delantero,18,2010
Albert Celades,España,,29 de septiembre de 1975,Mediocampista,16,1998
Albert Ferrer,España,,6 de junio de 1970,Defensor,2,"1994, 1998"
Albert Gudmundsson,Islandia,1.77 m,15 de junio de 1997,Delantero,4,2018
Albert Guinchard,Suiza,,10 de noviembre de 1914,Mediocampista,-,"1934, 1938"
Albert Heremans,Bélgica,,13 de abril de 1906,Delantero,-,1934
Albert Luque,España,1.84 m,11 de marzo de 1978,Delantero,12,2002
Albert Nadj,Serbia y Montenegro,1.74 m,29 de octubre de 1974,Mediocampista,17,2006
Albert Quixall,Inglaterra,,9 de agosto de 1933,Delantero,16,1954
Albert Rust,Francia,,10 de octubre de 1953,Arquero,22,1986
Albert Shesternyov,URSS,,20 de junio de 1941,Defensor,"8, 6, 9","1962, 1966, 1970"
Alberto Acha,Bolivia,,3 de abril de 1920,Defensor,-,1950
Alberto Aquilani,Italia,1.86 m,7 de junio de 1984,Mediocampista,14,2014
Alberto Baeza,México,,6 de diciembre de 1938,Delantero,21,1962
Alberto Cardaccio,Uruguay,,26 de agosto de 1949,Mediocampista,16,1974
Alberto Chividini,Argentina,,23 de febrero de 1907,Defensor,-,1930
Alberto Denegri,Perú,,,Mediocampista,-,1930
Alberto Fouilloux,Chile,,22 de noviembre de 1940,Mediocampista,"10, 8","1962, 1966"
Alberto Galateo,Argentina,,1 de enero de 1913,Delantero,-,1934
Alberto Gallardo,Perú,,28 de noviembre de 1940,Delantero,11,1970
Alberto Garcia Aspe,México,1.74 m,11 de mayo de 1967,Mediocampista,8,"1994, 1998, 2002"
Alberto Gilardino,Italia,1.84 m,5 de julio de 1982,Delantero,11,"2006, 2010"
Alberto Gomez,Uruguay,,10 de junio de 1944,Delantero,18,1970
Alberto Gonzalez,Paraguay,,1 de enero de 1922,Defensor,-,1950
Alberto Gonzalez,Argentina,,21 de agosto de 1941,Delantero,"22, 16","1962, 1966"
Alberto Gorriz,España,,16 de febrero de 1958,Defensor,14,1990
Alberto Rodríguez,Perú,1.83 m,31 de marzo de 1984,Defensor,2,2018
Alberto Mariotti,Argentina,,28 de marzo de 1935,Defensor,14,1962
Alberto Medina,México,1.72 m,29 de mayo de 1983,Delantero,22,2010
Alberto Quintano,Chile,,26 de abril de 1946,Defensor,3,1974
Alberto Rodriguez,México,1.68 m,1 de abril de 1974,Defensor,22,2002
Alberto Sainz,Argentina,,13 de diciembre de 1937,Defensor,4,1962
Alberto Soria,Perú,,24 de enero de 1900,Defensor,-,1930
Alberto Tarantini,Argentina,,3 de diciembre de 1955,Defensor,"20, 18","1978, 1982"
Alberto Valentini,Chile,,25 de noviembre de 1938,Defensor,20,1966
Alberto Villalta,El Salvador,,19 de noviembre de 1947,Mediocampista,22,1970
Albin Ekdal,Suecia,1.86 m,28 de julio de 1989,Mediocampista,8,2018
Albin Kitzinger,Alemania,,1 de febrero de 1912,Mediocampista,-,1938
Alcides Ghiggia,Uruguay,,22 de diciembre de 1926,Delantero,-,1950
Alcindo,Brasil,,16 de diciembre de 1945,Delantero,18,1966
Aldair,Brasil,,30 de noviembre de 1965,Defensor,"14, 13, 3","1990, 1994, 1998"
Aldo Bobadilla,Paraguay,1.92 m,20 de abril de 1976,Arquero,22,"2006, 2010"
Aldo Campatelli,Italia,,7 de abril de 1919,Mediocampista,-,1950
Aldo Corzo,Perú,1.72 m,20 de mayo de 1989,Defensor,3,2018
Aldo Donati,Italia,,29 de septiembre de 1910,Mediocampista,-,1938
Aldo Donelli,Estados Unidos,,22 de julio de 1907,Delantero,-,1934
Aldo Maldera,Italia,,14 de octubre de 1953,Defensor,6,1978
Aldo Olivieri,Italia,,2 de octubre de 1910,Arquero,-,1938
Aldo Poy,Argentina,,14 de septiembre de 1945,Delantero,15,1974
Aldo Serena,Italia,,25 de junio de 1960,Delantero,"21, 20","1986, 1990"
Alejandro Balde,España,1.75 m,18 de octubre de 2003,Defensor,14,2022
Alejandro Bedoya,Estados Unidos,1.78 m,29 de abril de 1987,Mediocampista,11,2014
Alejandro Dominguez,México,,9 de noviembre de 1961,Mediocampista,8,1986
Alejandro Gomez,Argentina,1.67 m,15 de febrero de 1988,Mediocampista,17,2022
Alejandro Lembo,Uruguay,1.78 m,15 de febrero de 1978,Defensor,3,2002
Alejandro Mancuso,Argentina,,4 de septiembre de 1968,Mediocampista,21,1994
Alejandro Scopelli,Argentina,,12 de mayo de 1908,Delantero,-,1930
Alejandro Villanueva,Perú,,4 de junio de 1908,Delantero,-,1930
Alekos Alexandris,Grecia,,21 de octubre de 1968,Delantero,21,1994
Aleksandar Atanackovic,Yugoslavia,,29 de abril de 1920,Delantero,-,1950
Aleksandar Ivos,Yugoslavia,,28 de junio de 1931,Mediocampista,22,1962
Aleksandar Kolarov,Serbia,1.87 m,10 de noviembre de 1985,Defensor,"3, 11","2010, 2018"
Aleksandar Kostov,Bulgaria,,5 de marzo de 1938,"Delantero, Mediocampista",16,"1962, 1966"
Aleksandar Lukovic,Serbia,1.84 m,23 de octubre de 1982,Defensor,13,2010
Aleksandar Markov,Bulgaria,,17 de agosto de 1961,Defensor,13,1986
Aleksandar Mitrović,Serbia,1.89 m,16 de septiembre de 1994,Delantero,9,"2018, 2022"
Aleksandar Petakovic,Yugoslavia,,6 de febrero de 1930,Delantero,"22, 12","1954, 1958"
Aleksandar Prijović,Serbia,1.91 m,21 de abril de 1990,Delantero,8,2018
Aleksandar Radosavljevic,Eslovenia,1.81 m,25 de abril de 1979,Mediocampista,18,2010
Aleksandar Shalamanov,Bulgaria,,4 de septiembre de 1941,Defensor,2,"1966, 1970"
Aleksandar Tirnanic,Yugoslavia,,15 de julio de 1911,Delantero,-,1930
Aleksander Knavs,Eslovenia,1.90 m,5 de diciembre de 1975,Defensor,6,2002
Aleksander Seliga,Eslovenia,1.87 m,1 de febrero de 1980,Arquero,16,2010
Aleksandr Borodyuk,URSS,,30 de noviembre de 1962,"Delantero, Mediocampista","12, 13","1990, 1994"
Aleksandr Bubnov,URSS,,10 de octubre de 1955,Defensor,6,1986
Aleksandr Chivadze,URSS,,8 de abril de 1955,Defensor,3,"1982, 1986"
Aleksandr Golovin,Rusia,1.80 m,30 de mayo de 1996,Mediocampista,17,2018
Aleksandr Ivanov,URSS,,14 de abril de 1928,Delantero,17,1958
Aleksandr Mostovoi,Rusia,1.81 m,22 de agosto de 1968,Mediocampista,"19, 10","1994, 2002"
Aleksandr Samedov,Rusia,1.74 m,19 de junio de 1984,Mediocampista,19,"2014, 2018"
Aleksandr Uvarov,URSS,,13 de enero de 1960,Arquero,22,1990
Aleksandr Yerokhin,Rusia,1.95 m,13 de octubre de 1989,Mediocampista,21,2018
Aleksandr Zavarov,URSS,,20 de abril de 1961,Mediocampista,9,"1986, 1990"
Aleksei Kozlov,Rusia,1.82 m,16 de noviembre de 1986,Defensor,2,2014
Aleksei Mamykin,URSS,,29 de febrero de 1936,Delantero,16,1962
Aleksei Miranchuk,Rusia,1.82 m,17 de octubre de 1995,Delantero,15,2018
Aleksey Ionov,Rusia,1.77 m,18 de febrero de 1989,Mediocampista,21,2014
Alemao,Brasil,,22 de noviembre de 1961,Mediocampista,"15, 5","1986, 1990"
Alen Boksic,Yugoslavia,1.87 m,21 de enero de 1970,Delantero,"14, 11","1990, 2002"
Ales Ceh,Eslovenia,1.74 m,7 de abril de 1968,Mediocampista,8,2002
Alessandro Altobelli,Italia,,28 de noviembre de 1955,Delantero,18,"1982, 1986"
Alessandro Costacurta,Italia,,24 de abril de 1966,Defensor,"4, 5","1994, 1998"
Alessandro Del Piero,Italia,1.73 m,9 de noviembre de 1974,Delantero,"10, 7","1998, 2002, 2006"
Alessandro Frigerio,Suiza,,15 de noviembre de 1914,Delantero,-,1938
Alessandro Nesta,Italia,1.87 m,19 de marzo de 1976,Defensor,"6, 13","1998, 2002, 2006"
Alessandro Santos,Japón,1.78 m,20 de julio de 1977,"Defensor, Mediocampista",14,"2002, 2006"
Alessio Cerci,Italia,1.80 m,23 de julio de 1987,Delantero,11,2014
Alex Aguinaga,Ecuador,1.72 m,9 de julio de 1968,Mediocampista,10,2002
Alex Czerniatynski,Bélgica,,28 de julio de 1960,Delantero,"21, 11","1982, 1994"
Alex Graafland,Paises Bajos,,16 de abril de 1909,Delantero,-,1934
Alex Iwobi,Nigeria,1.80 m,3 de mayo de 1996,Delantero,18,2018
Alex Mcleish,Escocia,,21 de enero de 1959,Defensor,"13, 5, 2","1982, 1986, 1990"
Alex Oxlade-Chamberlain,Inglaterra,1.80 m,15 de agosto de 1993,Mediocampista,15,2014
Alex Parker,Escocia,,2 de agosto de 1935,Defensor,3,1958
Álex Rodríguez,Panamá,1.97 m,5 de agosto de 1990,Arquero,22,2018
Alex Sandro,Brasil,1.80 m,26 de enero de 1991,Defensor,6,2022
Alex Scott,Escocia,,22 de noviembre de 1937,Delantero,15,1958
Alex Stepney,Inglaterra,,18 de septiembre de 1942,Arquero,13,1970
Alex Tachie-Mensah,Ghana,1.78 m,15 de febrero de 1977,Delantero,12,2006
Alex Telles,Brasil,1.81 m,15 de diciembre de 1992,Defensor,16,2022
Alex Thepot,Francia,,30 de julio de 1906,Arquero,-,"1930, 1934"
Alex Villaplane,Francia,,12 de septiembre de 1903,Mediocampista,-,1930
Alex Wilkinson,Australia,1.87 m,13 de agosto de 1984,Defensor,22,2014
Alex Wilson,Escocia,,29 de octubre de 1933,Defensor,18,1954
Alexander Bah,Dinamarca,1.83 m,9 de diciembre de 1997,Defensor,26,2022
Alexander Djiku,Ghana,1.82 m,9 de agosto de 1994,Defensor,23,2022
Alexander Domínguez,Ecuador,1.95 m,5 de junio de 1987,Arquero,22,"2014, 2022"
Alexander Filimonov,Rusia,1.93 m,15 de octubre de 1973,Arquero,23,2002
Alexander Frei,Suiza,1.80 m,15 de julio de 1979,Delantero,9,"2006, 2010"
Alexander Horvath,Checoslovaquia,,28 de diciembre de 1938,Defensor,5,1970
Alexander Kerzhakov,Rusia,1.75 m,27 de noviembre de 1982,Delantero,"16, 11","2002, 2014"
Alexander Kokorin,Rusia,1.83 m,19 de marzo de 1991,Delantero,9,2014
Alexander Mejía,Colombia,1.78 m,10 de julio de 1988,Mediocampista,15,2014
Alexander Vencel,Checoslovaquia,,8 de febrero de 1944,Arquero,22,1970
Alexander Wood,Estados Unidos,,12 de junio de 1907,Defensor,-,1930
Alexandre Baptista,Portugal,,17 de febrero de 1941,Defensor,20,1966
Alexandre Guimaraes,Costa Rica,,7 de noviembre de 1959,Mediocampista,9,1990
Alexandre Song,Camerún,1.83 m,9 de septiembre de 1987,Mediocampista,6,"2010, 2014"
Alexandros Tziolis,Grecia,1.90 m,13 de febrero de 1985,Mediocampista,6,"2010, 2014"
Alexandros Tzorvas,Grecia,1.90 m,12 de agosto de 1982,Arquero,12,2010
Alexandru Cuedan,Rumania,,26 de septiembre de 1910,Mediocampista,-,1934
Alexandru Neagu,Rumania,,19 de julio de 1948,Mediocampista,16,1970
Alexei Smertin,Rusia,1.76 m,1 de mayo de 1975,Mediocampista,4,2002
Alexey Korneev,URSS,,6 de febrero de 1939,Defensor,13,1966
Alexi Lalas,Estados Unidos,,1 de junio de 1970,Defensor,22,"1994, 1998"
Alexis Alexiou,Grecia,,8 de septiembre de 1963,Defensor,22,1994
Alexis Alexoudis,Grecia,,20 de junio de 1972,Delantero,16,1994
Alexis Chantraine,Bélgica,,16 de marzo de 1901,Mediocampista,-,1930
Alexis Mac Allister,Argentina,1.76 m,24 de diciembre de 1998,Mediocampista,20,2022
Alexis Mendoza,Colombia,,8 de noviembre de 1961,Defensor,"21, 3","1990, 1994"
Alexis Sanchez,Chile,1.69 m,19 de diciembre de 1988,Delantero,7,"2010, 2014"
Alexis Vega,México,1.75 m,25 de noviembre de 1997,Delantero,10,2022
Alf Haland,Noruega,,23 de noviembre de 1972,Defensor,18,1994
Alf Martinsen,Noruega,,29 de diciembre de 1911,Delantero,-,1938
Alf Ramsey,Inglaterra,,22 de enero de 1920,Defensor,-,1950
Alfons Van Brandt,Bélgica,,24 de junio de 1927,Defensor,3,1954
Alfonse Peeters,Bélgica,,21 de enero de 1943,Defensor,20,1970
Alfonso,España,,26 de septiembre de 1972,Delantero,11,1998
Alfonso Dominguez,Uruguay,,24 de septiembre de 1965,Defensor,6,1990
Alfonso Lara,Chile,,27 de abril de 1946,Mediocampista,14,1974
Alfonso Lorenzo,Argentina,,,Mediocampista,-,1934
Alfonso Montemayor,México,,28 de abril de 1922,Defensor,-,1950
Alfonso Obregon,Ecuador,1.80 m,12 de mayo de 1972,Mediocampista,5,2002
Alfonso Pereira,Uruguay,,19 de octubre de 1956,Defensor,14,1986
Alfonso Portugal,México,,21 de enero de 1934,Mediocampista,5,1958
Alfonso Silva,España,,19 de marzo de 1926,Defensor,-,1950
Alfred Aston,Francia,,16 de mayo de 1912,Delantero,-,"1934, 1938"
Alfred Eisenbeisser,Rumania,,7 de abril de 1908,Mediocampista,-,1930
Alfred Finnbogason,Islandia,1.84 m,1 de febrero de 1989,Delantero,11,2018
Alfred Gomis,Senegal,1.96 m,5 de septiembre de 1993,Arquero,23,"2018, 2022"
Alfred Hortnagl,Austria,,24 de septiembre de 1966,Mediocampista,11,1990
Alfred Jaeck,Suiza,,2 de agosto de 1911,Delantero,-,1934
Alfred Kelbassa,Alemania Occidental,,21 de abril de 1925,Delantero,15,1958
Alfred Koerner,Austria,,14 de febrero de 1926,Delantero,"11, 10","1954, 1958"
Alfred Mcmichael,Irlanda del Norte,,1 de octubre de 1927,Defensor,3,1958
Alfred N'Diaye,Senegal,1.87 m,6 de marzo de 1990,Mediocampista,13,2018
Alfred Pfaff,Alemania Occidental,,16 de julio de 1926,Delantero,19,1954
Alfred Phiri,Sudáfrica,,22 de junio de 1974,Mediocampista,8,1998
Alfred Schmidt,Alemania Occidental,,5 de septiembre de 1935,Mediocampista,10,1958
Alfred Teinitzer,Austria,,29 de julio de 1929,Mediocampista,17,1954
Alfredo,Brasil,,18 de octubre de 1946,Defensor,15,1974
Alfredo De Vincenzi,Argentina,,24 de enero de 1911,Delantero,-,1934
Alfredo Del Aguila,México,,3 de enero de 1935,Delantero,7,1962
Alfredo Di Stefano,España,1.78 m,4 de julio de 1926,Delantero,6,1962
Alfredo Foni,Italia,,20 de enero de 1911,Defensor,-,1938
Alfredo Hernandez,México,,18 de junio de 1935,Mediocampista,"7, 18","1958, 1962"
Alfredo Ii,Brasil,,1 de enero de 1920,Delantero,-,1950
Alfredo Mendoza,Paraguay,,31 de diciembre de 1963,Delantero,11,1986
Alfredo Perez,Argentina,,10 de abril de 1929,Mediocampista,13,1958
Alfredo Quesada,Perú,,22 de septiembre de 1949,Mediocampista,17,1978
Alfredo Ramos,Brasil,,27 de octubre de 1924,Defensor,13,1954
Alfredo Rojas,Argentina,,20 de febrero de 1937,Delantero,"10, 18","1958, 1966"
Alfredo Sanchez,México,,,Mediocampista,-,1930
Alfredo Talavera,México,1.88 m,18 de septiembre de 1982,Arquero,"12, 1","2014, 2018, 2022"
Alfredo Tena,México,,21 de noviembre de 1956,Defensor,3,1978
Alfredo Torres,México,,31 de mayo de 1931,Delantero,7,1954
Alfredo Vasquez,El Salvador,,23 de abril de 1945,Mediocampista,8,1970
Ali Abdi,Túnez,1.77 m,20 de diciembre de 1993,Defensor,24,2022
Ali Akbar Ostad-Asadi,Irán,,17 de septiembre de 1965,Defensor,15,1998
Ali Al-Bulaihi,Arabia Saudita,1.82 m,21 de noviembre de 1989,Defensor,"4, 5","2018, 2022"
Ali Al-Hassan,Arabia Saudita,1.82 m,4 de marzo de 1997,Mediocampista,15,2022
Ali El-Said,Egipto,,10 de abril de 1908,Defensor,-,1934
Ali Asad,Catar,1.74 m,19 de enero de 1993,Mediocampista,8,2022
Ali Bencheikh,Argelia,,9 de enero de 1955,Mediocampista,6,1982
Ali Boumnijel,Túnez,1.88 m,13 de abril de 1966,Arquero,"22, 1","1998, 2002, 2006"
Ali Daei,Irán,1.92 m,21 de marzo de 1969,Delantero,10,"1998, 2006"
Ali El Khattabi,Marruecos,,17 de enero de 1977,Delantero,11,1998
Ali Fergani,Argelia,,21 de septiembre de 1952,Mediocampista,8,1982
Ali Gabr,Egipto,1.94 m,10 de enero de 1989,Defensor,2,2018
Ali Gholizadeh,Irán,1.76 m,10 de marzo de 1996,Delantero,17,2022
Ali Jamal,Iraq,,2 de febrero de 1956,Mediocampista,12,1986
Ali Kaabi,Túnez,,15 de noviembre de 1953,Defensor,3,1978
Ali Karimi,Irán,1.78 m,8 de noviembre de 1978,Mediocampista,8,2006
Ali Karimi,Irán,1.85 m,11 de febrero de 1994,Mediocampista,18,2022
Ali Latifi,Irán,,20 de febrero de 1976,Delantero,13,1998
Ali Maâloul,Túnez,1.75 m,1 de enero de 1990,Defensor,12,"2018, 2022"
Ali Parwin,Irán,,12 de octubre de 1946,Mediocampista,7,1978
Ali Reza Gheshghaian,Irán,,27 de febrero de 1954,Defensor,11,1978
Ali Reza Mansourian,Irán,,2 de diciembre de 1971,Mediocampista,7,1998
Ali Shojaei,Irán,,23 de marzo de 1953,Defensor,19,1978
Ali Thani Jumaa,Emiratos Arabes,,18 de agosto de 1968,Mediocampista,3,1990
Ali Zitouni,Túnez,1.78 m,11 de enero de 1981,Delantero,20,2002
Alidu Seidu,Ghana,1.73 m,4 de junio de 2000,Defensor,26,2022
Alim Ben Mabrouk,Argelia,,25 de junio de 1960,Mediocampista,18,1986
Aliou Cisse,Senegal,1.80 m,24 de marzo de 1976,Defensor,6,2002
Alioum Boukar,Camerún,1.80 m,3 de enero de 1972,Arquero,"22, 1","1998, 2002"
Alireza Beiranvand,Irán,1.94 m,21 de septiembre de 1992,Arquero,1,"2018, 2022"
Alireza Haghighi,Irán,1.95 m,2 de mayo de 1988,Arquero,12,2014
Alireza Jahanbakhsh,Irán,1.81 m,11 de agosto de 1993,Delantero,"9, 18, 7","2014, 2018, 2022"
Alisson,Brasil,1.93 m,2 de octubre de 1992,Arquero,1,"2018, 2022"
Alistair Johnston,Canadá,1.80 m,8 de octubre de 1998,Defensor,2,2022
Alistair Mccoist,Escocia,,24 de septiembre de 1962,Delantero,9,1990
Aljosa Asanovic,Croacia,,14 de diciembre de 1965,Mediocampista,7,1998
Allal Ben Kassou,Marruecos,,1 de enero de 1941,Arquero,1,1970
Allan Boath,Nueva Zelanda,,14 de diciembre de 1958,Mediocampista,17,1982
Allan Brown,Escocia,,12 de octubre de 1926,Delantero,10,1954
Allan Clarke,Inglaterra,,31 de julio de 1946,Delantero,21,1970
Allan Costly,Honduras,,13 de febrero de 1954,Defensor,5,1982
Allan Evans,Escocia,,12 de octubre de 1956,Defensor,17,1982
Allan Maher,Australia,,21 de julio de 1950,Arquero,22,1974
Allan Nielsen,Dinamarca,,13 de marzo de 1971,Mediocampista,7,1998
Allan Simonsen,Dinamarca,,15 de diciembre de 1952,Delantero,14,1986
Allan Thomson,Escocia,,5 de octubre de 1946,Arquero,12,1974
Allenby Chilton,Inglaterra,,16 de septiembre de 1918,Defensor,18,1954
Alloy Agu,Nigeria,,12 de julio de 1967,Arquero,16,1994
Almoez Ali,Catar,1.80 m,19 de agosto de 1996,Delantero,19,2022
Alou Diarra,Francia,1.90 m,15 de julio de 1981,Mediocampista,18,"2006, 2010"
Alpay Ozalan,Turquía,1.88 m,29 de mayo de 1973,Defensor,5,2002
Alphonse Areola,Francia,1.95 m,27 de febrero de 1993,Arquero,23,"2018, 2022"
Alphonse De Winter,Bélgica,,12 de septiembre de 1908,Mediocampista,-,1938
Alphonse-Marie Tchami,Camerún,,14 de febrero de 1971,Delantero,"16, 9","1994, 1998"
Alphonse Yombi,Camerún,,30 de junio de 1969,Defensor,12,1990
Alphonso Davies,Canadá,1.83 m,2 de noviembre de 2000,Delantero,19,2022
Altair,Brasil,,22 de enero de 1938,Defensor,"15, 6","1962, 1966"
Alvaro,Portugal,,3 de enero de 1961,Defensor,5,1986
Alvaro Arbeloa,España,1.84 m,17 de enero de 1983,Defensor,17,2010
Alvaro Fernandez,Uruguay,1.85 m,11 de octubre de 1985,Mediocampista,20,2010
Alvaro Gestido,Uruguay,,17 de mayo de 1907,Mediocampista,-,1930
Alvaro González,Uruguay,1.75 m,29 de octubre de 1984,Mediocampista,20,2014
Alvaro Mesen,Costa Rica,1.80 m,24 de diciembre de 1972,Arquero,"18, 1","2002, 2006"
Álvaro Morata,España,1.90 m,23 de octubre de 1992,Delantero,7,2022
Álvaro Odriozola,España,1.78 m,14 de diciembre de 1995,Defensor,12,2018
Alvaro Pena,Bolivia,,11 de febrero de 1966,Delantero,9,1994
Alvaro Pereira,Uruguay,1.82 m,28 de noviembre de 1985,Mediocampista,"11, 6","2010, 2014"
Alvaro Recoba,Uruguay,1.78 m,17 de marzo de 1976,Delantero,20,2002
Alvaro Saborio,Costa Rica,1.83 m,25 de marzo de 1982,Delantero,19,2006
Álvaro Zamora,Costa Rica,1.80 m,9 de marzo de 2002,Mediocampista,26,2022
Alvin Martin,Inglaterra,,29 de julio de 1958,Defensor,5,1986
Amadeo Carrizo,Argentina,,12 de junio de 1926,Arquero,1,1958
Amadeo Ortega,Paraguay,,,Delantero,-,1930
Amado Guevara,Honduras,1.76 m,2 de mayo de 1976,Mediocampista,20,2010
Amadou Onana,Bélgica,1.92 m,16 de agosto de 2001,Mediocampista,18,2022
Amancio,España,,16 de octubre de 1940,Delantero,8,1966
Amara Traore,Senegal,1.86 m,25 de septiembre de 1965,Delantero,8,2002
Amaral,Brasil,,21 de diciembre de 1954,Defensor,4,1978
Amarildo,Brasil,,29 de junio de 1939,Delantero,20,1962
Amdy Faye,Senegal,1.84 m,12 de marzo de 1977,Mediocampista,12,2002
Amedeo Amadei,Italia,,26 de julio de 1921,Delantero,-,1950
Amedeo Biavati,Italia,,4 de abril de 1915,Delantero,-,1938
Americo,Portugal,,6 de marzo de 1933,Arquero,1,1966
Americo Gallego,Argentina,,25 de abril de 1955,Mediocampista,"6, 9","1978, 1982"
Amine Harit,Marruecos,1.80 m,18 de junio de 1997,Mediocampista,18,2018
Amir Abedzadeh,Irán,1.86 m,26 de abril de 1993,Arquero,22,"2018, 2022"
Amir Hossein Sadeghi,Irán,1.80 m,6 de septiembre de 1981,Defensor,"19, 5","2006, 2014"
Amir Karic,Eslovenia,1.84 m,31 de diciembre de 1973,Mediocampista,19,2002
Amleto Frignani,Italia,,5 de marzo de 1932,Delantero,21,1954
Amr Warda,Egipto,1.76 m,17 de septiembre de 1993,Mediocampista,22,2018
Anass Zaroury,Marruecos,1.76 m,7 de noviembre de 2000,Mediocampista,10,2022
Anatoli Banishevski,URSS,,23 de febrero de 1946,Delantero,18,1966
Anatoli Demyanenko,URSS,,19 de febrero de 1959,Defensor,"6, 5","1982, 1986, 1990"
Anatoli Ilyin,URSS,,27 de junio de 1931,Delantero,11,1958
Anatoli Maslyonkin,URSS,,26 de junio de 1930,Defensor,"15, 7","1958, 1962"
Anatoli Nankov,Bulgaria,,15 de julio de 1969,Mediocampista,16,1998
Anatoli Puzach,URSS,,3 de junio de 1941,Delantero,20,1970
Anatoliy Tymoschuk,Ucrania,1.81 m,30 de marzo de 1979,Mediocampista,4,2006
Anatoly Bishovets,URSS,,23 de abril de 1946,Delantero,16,1970
Andeas Ogris,Austria,,7 de octubre de 1964,Delantero,13,1990
Anders Limpar,Suecia,,24 de septiembre de 1965,Mediocampista,"13, 16","1990, 1994"
Anders Linderoth,Suecia,,21 de marzo de 1950,Mediocampista,7,1978
Anders Rydberg,Suecia,,3 de marzo de 1903,Arquero,-,1934
Anders Svensson,Suecia,1.77 m,17 de julio de 1976,Mediocampista,8,"2002, 2006"
Anderson Polga,Brasil,1.82 m,9 de febrero de 1979,Defensor,14,2002
Anderson Santamaría,Perú,1.84 m,10 de enero de 1992,Defensor,4,2018
Andjelko Djuricic,Serbia,1.94 m,21 de noviembre de 1980,Arquero,23,2010
Andoni Zubizarreta,España,,23 de octubre de 1961,Arquero,1,"1986, 1990, 1994, 1998"
Andranik Eskandarian,Irán,,31 de diciembre de 1951,Defensor,15,1978
Andranik Teymourian,Irán,1.80 m,6 de marzo de 1983,Mediocampista,14,"2006, 2014"
Andras Torocsik,Hungría,,1 de mayo de 1955,Delantero,9,"1978, 1982"
Andras Toth,Hungría,,5 de septiembre de 1949,Delantero,19,1978
Andraz Kirm,Eslovenia,1.85 m,6 de septiembre de 1984,Mediocampista,17,2010
Andre,Portugal,,24 de diciembre de 1957,Mediocampista,21,1986
Andre,Angola,1.75 m,14 de mayo de 1978,Mediocampista,8,2006
Andre Abegglen,Suiza,,7 de marzo de 1909,Delantero,-,"1934, 1938"
André Almeida,Portugal,1.86 m,10 de septiembre de 1990,Defensor,19,2014
Andre Arendse,Sudáfrica,1.90 m,27 de junio de 1967,Arquero,16,2002
Andre Ayew,Ghana,1.75 m,17 de diciembre de 1989,Mediocampista,"13, 10","2010, 2014, 2022"
André Carrillo,Perú,1.81 m,14 de junio de 1991,Delantero,18,2018
Andre Chorda,Francia,,20 de febrero de 1938,Defensor,7,1966
Andre Cruz,Brasil,,20 de septiembre de 1968,Defensor,15,1998
André-Frank Zambo Anguissa,Camerún,1.84 m,16 de noviembre de 1995,Mediocampista,8,2022
Andre Grobety,Suiza,,22 de junio de 1933,Defensor,9,"1962, 1966"
Andre Kana-Biyik,Camerún,,1 de septiembre de 1965,Mediocampista,2,"1990, 1994"
Andre Lerond,Francia,,6 de diciembre de 1930,Defensor,5,1958
Andre Maschinot,Francia,,28 de junio de 1903,Delantero,-,1930
Andre Neury,Suiza,,3 de septiembre de 1921,Defensor,7,"1950, 1954"
André Onana,Camerún,1.90 m,2 de abril de 1996,Arquero,23,2022
Andre Ooijer,Paises Bajos,1.84 m,11 de julio de 1974,Defensor,13,"1998, 2006, 2010"
Andre Pierre Gignac,Francia,1.87 m,5 de diciembre de 1985,Delantero,11,2010
Andre Saeys,Bélgica,,20 de febrero de 1911,Delantero,-,1930
André Schürrle,Alemania,1.84 m,6 de octubre de 1990,Mediocampista,9,2014
André Silva,Portugal,1.84 m,6 de noviembre de 1995,Delantero,9,"2018, 2022"
Andre Strappe,Francia,,23 de febrero de 1928,Delantero,21,1954
Andre Tassin,Francia,,23 de febrero de 1902,Arquero,-,1930
Andre Titi Buengo,Angola,1.89 m,11 de febrero de 1980,Delantero,19,2006
Andre Vandeweyer,Bélgica,,21 de junio de 1909,Arquero,-,"1934, 1938"
Andrea Barzagli,Italia,1.86 m,8 de mayo de 1981,Defensor,"6, 15","2006, 2014"
Andrea Carnevale,Italia,,12 de enero de 1961,Delantero,16,1990
Andrea Pirlo,Italia,1.77 m,19 de mayo de 1979,Mediocampista,21,"2006, 2010, 2014"
Andreas Andersson,Suecia,1.85 m,10 de abril de 1974,Delantero,22,2002
Andreas Brehme,Alemania Occidental,,9 de noviembre de 1960,Defensor,3,"1986, 1990, 1994"
Andreas Christensen,Dinamarca,1.92 m,10 de abril de 1996,Defensor,6,"2018, 2022"
Andreas Cornelius,Dinamarca,1.95 m,16 de marzo de 1993,Delantero,21,"2018, 2022"
Andreas Granqvist,Suecia,1.92 m,16 de abril de 1985,Defensor,4,2018
Andreas Heraf,Austria,,10 de septiembre de 1967,Mediocampista,20,1998
Andreas Herzog,Austria,1.83 m,10 de septiembre de 1968,Mediocampista,"20, 10","1990, 1998"
Andreas Isaksson,Suecia,1.99 m,3 de octubre de 1981,Arquero,"23, 1","2002, 2006"
Andreas Jakobsson,Suecia,1.89 m,6 de octubre de 1972,Defensor,15,2002
Andreas Koepke,Alemania Occidental,,12 de marzo de 1962,Arquero,"22, 12, 1","1990, 1994, 1998"
Andreas Kupfer,Alemania,,7 de mayo de 1914,Mediocampista,-,1938
Andreas Moeller,Alemania Occidental,,2 de septiembre de 1967,Mediocampista,"17, 7","1990, 1994, 1998"
Andreas Reisinger,Austria,,14 de octubre de 1963,Mediocampista,16,1990
Andreas Samaris,Grecia,1.89 m,13 de junio de 1989,Mediocampista,22,2014
Andreas Skov Olsen,Dinamarca,1.87 m,29 de diciembre de 1999,Delantero,11,2022
Andrei Bal,URSS,,16 de febrero de 1958,Mediocampista,12,"1982, 1986"
Andrei Barbulescu,Rumania,,25 de marzo de 1917,Mediocampista,-,1938
Andrei Piatnitski,Rusia,,27 de septiembre de 1967,Mediocampista,7,1994
Andréi Semiónov,Rusia,1.84 m,8 de junio de 1992,Defensor,5,2018
Andrei Solomatin,Rusia,1.83 m,9 de septiembre de 1975,Mediocampista,5,2002
Andrei Zhelyazkov,Bulgaria,,9 de julio de 1952,Mediocampista,6,1986
Andrei Zygmantovich,URSS,,2 de diciembre de 1962,Defensor,17,1990
Andrej Komac,Eslovenia,1.70 m,4 de diciembre de 1979,Mediocampista,20,2010
Andrej Kramarić,Croacia,1.77 m,19 de junio de 1991,Delantero,9,"2018, 2022"
Andrej Kvasnak,Checoslovaquia,,19 de mayo de 1936,Mediocampista,"19, 6","1962, 1970"
Andrej Panadic,Yugoslavia,,9 de marzo de 1958,Defensor,21,1990
Andres Escobar,Colombia,,13 de marzo de 1967,Defensor,2,"1990, 1994"
Andres Estrada,Colombia,,12 de noviembre de 1967,Mediocampista,17,1998
Andres Guardado,México,1.67 m,28 de septiembre de 1986,"Mediocampista, Defensor",18,"2006, 2010, 2014, 2018, 2022"
Andrés Iniesta,España,1.70 m,11 de mayo de 1984,Mediocampista,"13, 6","2006, 2010, 2014, 2018"
Andres Prieto,Chile,,19 de diciembre de 1928,Delantero,-,1950
Andres Scotti,Uruguay,1.83 m,14 de diciembre de 1975,Defensor,19,2010
Andrew Auld,Estados Unidos,,26 de enero de 1900,Delantero,-,1930
Andrew Nabbout,Australia,1.78 m,17 de noviembre de 1992,Delantero,11,2018
Andrew Redmayne,Australia,1.94 m,13 de enero de 1989,Arquero,12,2022
Andrew Williams,Jamaica,,23 de septiembre de 1977,Delantero,9,1998
Andrey Lunyov,Rusia,1.89 m,13 de noviembre de 1991,Arquero,12,2018
Andrey Semenov,Rusia,1.90 m,24 de marzo de 1989,Defensor,5,2014
Andrey Yeshchenko,Rusia,1.76 m,9 de febrero de 1984,Defensor,22,2014
Andries Noppert,Paises Bajos,2.03 m,7 de abril de 1994,Arquero,23,2022
Andrija Ankovic,Yugoslavia,,16 de julio de 1937,Mediocampista,7,1962
Andrija Živković,Serbia,1.70 m,11 de julio de 1996,Mediocampista,"7, 14","2018, 2022"
Andrinua,España,,9 de mayo de 1964,Defensor,4,1990
Andriy Gusin,Ucrania,1.88 m,11 de diciembre de 1972,Mediocampista,14,2006
Andriy Nesmachnyi,Ucrania,1.82 m,28 de febrero de 1979,Defensor,2,2006
Andriy Pyatov,Ucrania,1.90 m,28 de junio de 1984,Arquero,12,2006
Andriy Rusol,Ucrania,1.82 m,16 de enero de 1983,Defensor,6,2006
Andriy Shevchenko,Ucrania,1.83 m,29 de septiembre de 1976,Delantero,7,2006
Andriy Vorobey,Ucrania,1.78 m,29 de noviembre de 1978,Delantero,16,2006
Andriy Voronin,Ucrania,1.79 m,21 de julio de 1979,Delantero,10,2006
Andrzej Buncol,Polonia,,21 de septiembre de 1959,Mediocampista,"13, 15","1982, 1986"
Andrzej Fischer,Polonia,,15 de enero de 1952,Arquero,1,1974
Andrzej Iwan,Polonia,,10 de noviembre de 1959,Delantero,"7, 19","1978, 1982"
Andrzej Palasz,Polonia,,22 de julio de 1960,"Delantero, Mediocampista","14, 16","1982, 1986"
Andrzej Szarmach,Polonia,,3 de octubre de 1950,Delantero,17,"1974, 1978, 1982"
Andrzej Zgutczynski,Polonia,,1 de enero de 1958,Delantero,17,1986
Andy Barron,Nueva Zelanda,1.78 m,24 de diciembre de 1980,Mediocampista,13,2010
Andy Boyens,Nueva Zelanda,1.92 m,18 de septiembre de 1983,Defensor,18,2010
Andy Egli,Suiza,,8 de mayo de 1958,Defensor,13,1994
Andy Goram,Escocia,,13 de abril de 1964,Arquero,12,"1986, 1990"
Andy Najar,Honduras,1.70 m,16 de marzo de 1993,Mediocampista,17,2014
Andy O'Brien,Irlanda,1.77 m,29 de junio de 1979,Defensor,20,2002
Andy Pichler,Austria,,4 de octubre de 1955,Mediocampista,12,1982
Andy Polo,Perú,1.75 m,29 de septiembre de 1994,Mediocampista,14,2018
Andy Townsend,Irlanda,,23 de julio de 1963,Mediocampista,"13, 7","1990, 1994"
Anel Hadzic,Bosnia-Herzegovina,1.86 m,16 de agosto de 1989,Mediocampista,21,2014
Anele Ngcongca,Sudáfrica,1.77 m,20 de octubre de 1987,Defensor,5,2010
Anfilogino Guarisi,Italia,,26 de diciembre de 1905,Delantero,-,1934
Angel Bargas,Argentina,,29 de octubre de 1946,Defensor,5,1974
Angel Berni,Paraguay,,9 de enero de 1931,Delantero,-,1950
Angel Bossio,Argentina,,5 de mayo de 1905,Arquero,-,1930
Angel Cabrera,Uruguay,,9 de octubre de 1939,Mediocampista,22,1962
Angel Comizzo,Argentina,,27 de abril de 1962,Arquero,1,1990
Ángel Correa,Argentina,1.74 m,9 de marzo de 1995,Delantero,15,2022
Angel Di Maria,Argentina,1.78 m,14 de febrero de 1988,Mediocampista,"7, 11","2010, 2014, 2018, 2022"
Angel Fernandez,Ecuador,1.72 m,2 de agosto de 1971,Delantero,13,2002
Angel Grippa,Argentina,,,Arquero,-,1934
Angel Labruna,Argentina,,28 de septiembre de 1918,Delantero,11,1958
Angel Melogno,Uruguay,,22 de marzo de 1905,Mediocampista,-,1930
Ángel Mena,Ecuador,1.68 m,21 de enero de 1988,Mediocampista,15,2022
Angelo Di Livio,Italia,1.73 m,26 de julio de 1966,Mediocampista,"15, 16","1998, 2002"
Angelo Domenghini,Italia,,25 de agosto de 1941,Delantero,13,1970
Angelo Palombo,Italia,1.77 m,25 de septiembre de 1981,Mediocampista,17,2010
Angelo Peruzzi,Italia,1.81 m,16 de febrero de 1970,Arquero,12,2006
Angelo Preciado,Ecuador,1.74 m,18 de febrero de 1998,Defensor,17,2022
Angelo Schiavio,Italia,,15 de octubre de 1905,Delantero,-,1934
Angelo Sormani,Italia,,3 de julio de 1939,Delantero,15,1962
Angelos Charisteas,Grecia,1.91 m,9 de febrero de 1980,Delantero,9,2010
Anibal Alzate,Colombia,,31 de enero de 1933,Defensor,4,1962
Aníbal Godoy,Panamá,1.82 m,10 de febrero de 1990,Mediocampista,20,2018
Anibal Paz,Uruguay,,18 de febrero de 1918,Arquero,-,1950
Anibal Tarabini,Argentina,,4 de agosto de 1941,Delantero,22,1966
Anice Badri,Túnez,,18 de septiembre de 1990,Delantero,9,2018
Anis Ayari,Túnez,1.81 m,16 de febrero de 1982,Defensor,19,2006
Anis Slimane,Túnez,1.88 m,16 de marzo de 2001,Delantero,25,2022
Anker Kihle,Noruega,,19 de abril de 1917,Arquero,-,1938
Ansu Fati,España,1.78 m,31 de octubre de 2002,Delantero,25,2022
Antal Kotasz,Hungría,,9 de septiembre de 1929,Mediocampista,15,1958
Antal Nagy,Hungría,,16 de junio de 1944,Delantero,20,1966
Antal Nagy,Hungría,,17 de octubre de 1956,Defensor,8,1986
Antal Roth,Hungría,,14 de septiembre de 1960,Defensor,3,1986
Antal Szabo,Hungría,,4 de septiembre de 1910,Arquero,-,"1934, 1938"
Antal Szalay,Hungría,,12 de marzo de 1912,Mediocampista,-,"1934, 1938"
Antal Szentimihalyi,Hungría,,13 de junio de 1939,Arquero,"21, 1","1962, 1966"
Ante Budimir,Croacia,1.90 m,22 de julio de 1991,Delantero,17,2022
Ante Covic,Australia,1.92 m,13 de junio de 1975,Arquero,12,2006
Ante Rebic,Croacia,1.85 m,21 de septiembre de 1993,Delantero,"16, 18","2014, 2018"
Anther Yahia,Argelia,1.85 m,21 de marzo de 1982,Defensor,4,2010
Anthony Annan,Ghana,1.71 m,21 de julio de 1986,Mediocampista,6,2010
Anthony Contreras,Costa Rica,1.80 m,29 de enero de 2000,Delantero,7,2022
Anthony De Avila,Colombia,,21 de diciembre de 1962,Delantero,7,"1994, 1998"
Anthony Hernández,Costa Rica,1.79 m,11 de octubre de 2001,Mediocampista,25,2022
Anthony Lopes,Portugal,1.84 m,1 de octubre de 1990,Arquero,12,2018
Anthony Reveillere,Francia,1.81 m,10 de noviembre de 1979,Defensor,4,2010
Anthony Seric,Croacia,1.81 m,15 de enero de 1979,"Defensor, Mediocampista","3, 2, 20","1998, 2002, 2006"
Anthony Vanden Borre,Bélgica,1.85 m,24 de octubre de 1987,Defensor,21,2014
Anthony Wolfe,Trinidad y Tobago,1.80 m,23 de diciembre de 1983,Mediocampista,23,2006
Antoine Cuissard,Francia,,19 de julio de 1924,Mediocampista,9,1954
Antoine Griezmann,Francia,1.73 m,21 de marzo de 1991,"Delantero, Mediocampista","11, 7","2014, 2018, 2022"
Antoine Semenyo,Ghana,1.72 m,7 de enero de 2000,Delantero,25,2022
Antolin Alcaraz,Paraguay,1.84 m,30 de julio de 1982,Defensor,21,2010
Anton Dobos,Rumania,,13 de octubre de 1965,Defensor,4,1998
Anton Janda,Austria,,1 de mayo de 1904,Defensor,-,1934
Anton Krasnohorsky,Checoslovaquia,,22 de octubre de 1925,Defensor,12,1954
Anton Malatinsky,Checoslovaquia,,15 de enero de 1920,Delantero,9,1954
Anton Miranchuk,Rusia,1.82 m,17 de octubre de 1995,Mediocampista,16,2018
Anton Moravcik,Checoslovaquia,,3 de junio de 1931,Mediocampista,20,1958
Anton Pfeffer,Austria,,17 de agosto de 1965,Defensor,4,"1990, 1998"
Antonee Robinson,Estados Unidos,1.82 m,8 de agosto de 1997,Defensor,5,2022
Antonello Cuccureddu,Italia,,4 de octubre de 1949,Defensor,4,1978
Antoni Galecki,Polonia,,4 de junio de 1906,Defensor,-,1938
Antoni Lyko,Polonia,,25 de julio de 1907,Delantero,-,1938
Antoni Szymanowski,Polonia,,13 de enero de 1951,Defensor,4,"1974, 1978"
Antonin Flesar,Checoslovaquia,,8 de mayo de 1944,Arquero,13,1970
Antonin Kinsky,República Checa,1.87 m,31 de mayo de 1975,Arquero,23,2006
Antonin Panenka,Checoslovaquia,,2 de diciembre de 1948,Mediocampista,8,1982
Antonin Puc,Checoslovaquia,,16 de mayo de 1907,Delantero,-,"1934, 1938"
Antonin Vodicka,Checoslovaquia,,1 de marzo de 1907,Mediocampista,-,1934
Antonio Alzamendi,Uruguay,,7 de junio de 1956,Delantero,7,"1986, 1990"
Antonio Arias,Chile,,9 de octubre de 1944,Defensor,4,1974
Antonio Benarrivo,Italia,,21 de agosto de 1968,Defensor,3,1994
Antonio Betancourt,España,,13 de marzo de 1937,Arquero,12,1966
Antonio Biosca,España,,8 de diciembre de 1948,Defensor,6,1978
Antonio Cabrera,Paraguay,,,Defensor,-,1950
Antonio Cabrini,Italia,,8 de octubre de 1957,Defensor,"3, 4","1978, 1982, 1986"
Antonio Candreva,Italia,1.80 m,28 de febrero de 1987,Mediocampista,6,2014
Antonio Carbajal,México,,7 de junio de 1929,Arquero,1,"1950, 1954, 1958, 1962, 1966"
Antonio Cassano,Italia,1.75 m,12 de julio de 1982,Delantero,10,2014
Antonio Conte,Italia,,31 de julio de 1969,Mediocampista,15,1994
Antonio De La Cruz,España,,7 de mayo de 1947,Defensor,2,1978
Antonio De La Torre,México,,21 de septiembre de 1951,Mediocampista,7,1978
Antonio Di Gennaro,Italia,,5 de octubre de 1958,Mediocampista,14,1986
Antonio Di Natale,Italia,1.70 m,13 de octubre de 1977,Delantero,10,2010
Antonio Flores,México,,13 de julio de 1923,Mediocampista,-,1950
Antonio Grecco,Bolivia,,1 de enero de 1923,Mediocampista,-,1950
Antonio Guzman,España,,2 de diciembre de 1953,Mediocampista,12,1978
Antonio Jasso,México,,11 de marzo de 1935,Delantero,19,1962
Antonio Juliano,Italia,,1 de enero de 1943,Mediocampista,"10, 18, 16","1966, 1970, 1974"
Antonio Lopez,España,1.73 m,13 de septiembre de 1981,Defensor,12,2006
Antonio Maceda,España,,16 de mayo de 1957,Defensor,"14, 4","1982, 1986"
Antonio Maquilon,Perú,,29 de noviembre de 1902,Defensor,-,1930
Antonio Moreno,Colombia,,25 de diciembre de 1970,Defensor,16,1998
Antonio Mota,México,,1 de enero de 1943,Arquero,"22, 12","1962, 1970"
Antonio Munguia,México,,27 de junio de 1942,Mediocampista,8,1970
Antonio Olmo,España,,18 de enero de 1954,Defensor,16,1978
Antonio Permunian,Suiza,,16 de agosto de 1930,Arquero,2,1962
Antonio Puchades,España,,4 de junio de 1925,Mediocampista,-,1950
Antonio Rada,Colombia,,13 de junio de 1937,Delantero,20,1962
Antonio Ramallets,España,,4 de julio de 1924,Arquero,-,1950
Antonio Rattin,Argentina,,16 de mayo de 1937,Mediocampista,"16, 10","1962, 1966"
Antonio Roma,Argentina,,13 de julio de 1932,Arquero,1,"1962, 1966"
Antonio Rüdiger,Alemania,1.90 m,3 de marzo de 1993,Defensor,"16, 2","2018, 2022"
Antonio Rukavina,Serbia,1.77 m,26 de enero de 1984,Defensor,2,"2010, 2018"
António Silva,Portugal,1.87 m,30 de octubre de 2003,Defensor,24,2022
Antonio Sousa,Portugal,,28 de abril de 1957,Mediocampista,3,1986
Antonio Valencia,Bolivia,,5 de mayo de 1925,Mediocampista,-,1950
Antonis Minou,Grecia,,4 de mayo de 1958,Arquero,1,1994
Antony,Brasil,1.72 m,24 de febrero de 2000,Delantero,19,2022
Antunez,España,,1 de noviembre de 1922,Defensor,-,1950
Anwar Sutan,Indias Orientales Holand.,,21 de marzo de 1914,Mediocampista,-,1938
Anzor Kavazashvili,URSS,,19 de julio de 1940,Arquero,"21, 2","1966, 1970"
Ao Tanaka,Japón,1.80 m,10 de septiembre de 1998,Mediocampista,17,2022
Araken,Brasil,,17 de julio de 1905,Delantero,-,1930
Aranzabal,España,,15 de marzo de 1973,Defensor,3,1998
Araquistain,España,,4 de marzo de 1937,Arquero,1,1962
Arash Borhani,Irán,1.75 m,14 de septiembre de 1983,Delantero,15,2006
Arcadio Lopez,Argentina,,15 de septiembre de 1910,Mediocampista,-,1934
Archie Gemmill,Escocia,,24 de marzo de 1947,Mediocampista,15,1978
Archie Robertson,Escocia,,15 de septiembre de 1929,Delantero,20,1958
Archie Thompson,Australia,1.71 m,23 de octubre de 1978,Delantero,17,2006
Ardian Kozniku,Croacia,,27 de octubre de 1967,Delantero,16,1998
Ardico Magnini,Italia,,21 de octubre de 1928,Defensor,13,1954
Ardon Jashari,Suiza,1.81 m,30 de julio de 2002,Mediocampista,26,2022
Argemiro,Brasil,,3 de junio de 1915,Mediocampista,-,1938
Ari Skúlason,Islandia,1.70 m,14 de mayo de 1987,Defensor,23,2018
Arie De Winter,Paises Bajos,,,Delantero,-,1938
Arie Haan,Paises Bajos,,16 de noviembre de 1948,Mediocampista,"2, 9","1974, 1978"
Arie Schoemaker,Paises Bajos,,8 de noviembre de 1911,Delantero,-,1934
Ariel,Brasil,,22 de febrero de 1910,Mediocampista,-,1934
Ariel Garce,Argentina,1.75 m,14 de julio de 1979,Defensor,12,2010
Ariel Ortega,Argentina,1.70 m,4 de marzo de 1974,"Delantero, Mediocampista","17, 10","1994, 1998, 2002"
Arif Erdem,Turquía,1.80 m,2 de enero de 1972,Delantero,6,2002
Aristide Guarneri,Italia,,7 de marzo de 1938,Defensor,8,1966
Aristide Zogbo,Costa de Marfil,1.83 m,30 de diciembre de 1981,Arquero,16,2010
Aristides Rojas,Paraguay,,12 de agosto de 1968,Delantero,8,1998
Arjen Robben,Paises Bajos,1.80 m,23 de enero de 1984,Delantero,11,"2006, 2010, 2014"
Arkadiusz Bak,Polonia,1.76 m,6 de octubre de 1974,Mediocampista,17,2002
Arkadiusz Glowacki,Polonia,1.86 m,13 de marzo de 1979,Defensor,13,2002
Arkadiusz Milik,Polonia,1.86 m,28 de febrero de 1994,Delantero,7,"2018, 2022"
Arkadiusz Radomski,Polonia,1.80 m,27 de junio de 1977,Mediocampista,16,2006
Armand Penverne,Francia,,26 de noviembre de 1926,"Defensor, Mediocampista","14, 13","1954, 1958"
Armandinho,Brasil,,6 de marzo de 1911,Delantero,-,1934
Armando Castellazzi,Italia,,7 de febrero de 1904,Mediocampista,-,1934
Armando Cooper,Panamá,1.73 m,26 de noviembre de 1987,Mediocampista,11,2018
Armando Gonzalez,Paraguay,,,Mediocampista,-,1950
Armando Manzo,México,,16 de octubre de 1958,Defensor,4,1986
Armando Segato,Italia,,3 de mayo de 1930,Mediocampista,17,1954
Armando Tobar,Chile,,7 de junio de 1938,Delantero,"21, 18","1962, 1966"
Armel Bella-Kotchap,Alemania,1.90 m,11 de diciembre de 2001,Defensor,25,2022
Arnaldo Ortelli,Suiza,,,Defensor,-,1934
Arne Brustad,Noruega,,14 de abril de 1912,Delantero,-,1938
Arne Friedrich,Alemania,1.85 m,29 de mayo de 1979,Defensor,3,"2006, 2010"
Arne Ileby,Noruega,,2 de diciembre de 1913,Delantero,-,1938
Arne Linderholm,Suecia,,22 de febrero de 1916,Mediocampista,-,1938
Arne Mansson,Suecia,,,Defensor,-,1950
Arne Nyberg,Suecia,,20 de junio de 1913,Delantero,-,1938
Arne Selmonsson,Suecia,,29 de marzo de 1931,Delantero,10,1958
Arnie Oliver,Estados Unidos,,22 de mayo de 1907,Mediocampista,-,1930
Arnold Badjou,Bélgica,,25 de junio de 1909,Arquero,-,"1930, 1934, 1938"
Arnold Wetl,Austria,,2 de febrero de 1970,Mediocampista,15,1998
Arnoldo Iguaran,Colombia,,18 de enero de 1957,Delantero,16,1990
Arnór Ingvi Traustason,Islandia,1.84 m,30 de abril de 1993,Mediocampista,21,2018
Arnost Kreuz,Checoslovaquia,,9 de mayo de 1912,Delantero,-,1938
Aron Gunnarsson,Islandia,1.78 m,22 de abril de 1989,Mediocampista,17,2018
Aron Jóhannsson,Estados Unidos,1.84 m,10 de noviembre de 1990,Delantero,9,2014
Aron Winter,Paises Bajos,,1 de marzo de 1967,Mediocampista,20,"1990, 1994, 1998"
Arouna Kone,Costa de Marfil,1.82 m,11 de noviembre de 1983,Delantero,9,2006
Arsene Auguste,Haití,,3 de febrero de 1951,Defensor,3,1974
Artem Dzyuba,Rusia,1.96 m,22 de agosto de 1988,Delantero,22,2018
Artem Milevskiy,Ucrania,1.90 m,12 de enero de 1985,Delantero,15,2006
Arthur Albiston,Escocia,,14 de julio de 1957,Defensor,15,1986
Arthur Boka,Costa de Marfil,1.66 m,2 de abril de 1983,Defensor,3,"2006, 2010, 2014"
Arthur Numan,Paises Bajos,,14 de diciembre de 1969,Defensor,"16, 5","1994, 1998"
Arthur Theate,Bélgica,1.85 m,25 de mayo de 2000,Defensor,3,2022
Artur Boruc,Polonia,1.92 m,20 de febrero de 1980,Arquero,1,2006
Artur Ceuleers,Bélgica,,28 de febrero de 1916,Delantero,-,1938
Artur Jędrzejczyk,Polonia,1.89 m,4 de noviembre de 1987,Defensor,3,"2018, 2022"
Arturo Chaires,México,,14 de marzo de 1937,Defensor,"13, 2","1962, 1966"
Arturo Coddou,Chile,,,Delantero,-,1930
Arturo Farias,Chile,,1 de noviembre de 1927,Defensor,-,1950
Arturo Fernandez,Perú,,3 de febrero de 1910,Defensor,-,1930
Arturo Torres,Chile,,20 de octubre de 1906,Mediocampista,-,1930
Arturo Vasquez,México,,26 de junio de 1949,Defensor,5,1978
Arturo Vidal,Chile,1.78 m,22 de mayo de 1987,Mediocampista,8,"2010, 2014"
Aruna Dindane,Costa de Marfil,1.74 m,26 de noviembre de 1980,Delantero,15,"2006, 2010"
Arvid Thoern,Suecia,,,Delantero,-,1934
Asa Hartford,Escocia,,24 de octubre de 1950,Mediocampista,"10, 16","1978, 1982"
Asamoah Gyan,Ghana,1.86 m,22 de noviembre de 1985,Delantero,3,"2006, 2010, 2014"
Ashkan Dejagah,Irán,1.81 m,5 de julio de 1986,Mediocampista,21,"2014, 2018"
Ashley Cole,Inglaterra,1.73 m,20 de diciembre de 1980,Defensor,3,"2002, 2006, 2010"
Ashley Young,Inglaterra,1.75 m,9 de julio de 1985,Defensor,18,2018
Ashraf Kasem,Egipto,,25 de julio de 1966,Defensor,6,1990
Asmir Avdukic,Bosnia-Herzegovina,1.90 m,13 de mayo de 1981,Arquero,22,2014
Asmir Begovic,Bosnia-Herzegovina,1.96 m,20 de junio de 1987,Arquero,1,2014
Asparukh Nikodimov,Bulgaria,,21 de agosto de 1945,"Defensor, Mediocampista","16, 17","1970, 1974"
Assim Madibo,Catar,1.68 m,22 de octubre de 1996,Mediocampista,23,2022
Assimiou Toure,Togo,1.80 m,1 de enero de 1988,Defensor,23,2006
Atanas Mikhailov,Bulgaria,,5 de julio de 1949,Delantero,9,1974
Atanas Pashev,Bulgaria,,21 de noviembre de 1963,Mediocampista,19,1986
Athanasios Prittas,Grecia,1.85 m,9 de enero de 1979,Mediocampista,23,2010
Atiba Charles,Trinidad y Tobago,1.88 m,29 de septiembre de 1977,Defensor,17,2006
Atiba Hutchinson,Canadá,1.83 m,8 de febrero de 1983,Mediocampista,13,2022
Atilio Ancheta,Uruguay,,19 de julio de 1948,Defensor,2,1970
Atilio Cremaschi,Chile,,8 de marzo de 1923,Delantero,-,1950
Atilio Demaria,Argentina,,19 de marzo de 1909,Delantero,-,"1930, 1934"
Atilio Lopez,Paraguay,,1 de enero de 1925,Delantero,-,1950
Atsushi Yanagisawa,Japón,1.77 m,27 de mayo de 1977,Delantero,13,"2002, 2006"
Atsuto Uchida,Japón,1.76 m,27 de marzo de 1988,Defensor,"6, 2","2010, 2014"
Attila,Brasil,,16 de diciembre de 1910,Delantero,-,1934
Attila Abonyi,Australia,,16 de agosto de 1946,Delantero,11,1974
Attila Kerekes,Hungría,,4 de abril de 1954,Defensor,18,1982
Attilio Ferraris,Italia,,26 de marzo de 1904,Mediocampista,-,1934
Attilio Giovannini,Italia,,30 de julio de 1924,Defensor,-,1950
August Lehmann,Suiza,,26 de enero de 1909,Defensor,-,1938
Auguste Hellemans,Bélgica,,14 de septiembre de 1907,Mediocampista,-,"1930, 1934"
Augustin Balbuena,Argentina,,1 de septiembre de 1945,Delantero,4,1974
Augustin Chantrel,Francia,,11 de noviembre de 1906,Mediocampista,-,1930
Augustin Deleanu,Rumania,,23 de agosto de 1944,Defensor,13,1970
Augustine Eguavoen,Nigeria,,19 de agosto de 1965,Defensor,"2, 17","1994, 1998"
Augustine Simo,Camerún,,18 de septiembre de 1978,Mediocampista,14,1998
Augusto,Brasil,,22 de octubre de 1920,Defensor,-,1950
Augusto Fernández,Argentina,1.77 m,10 de abril de 1986,Mediocampista,13,2014
Augusto Magli,Italia,,9 de marzo de 1923,Mediocampista,-,1950
Augusto Poroso,Ecuador,1.81 m,13 de abril de 1974,Defensor,2,2002
Aureliano Torres,Paraguay,1.78 m,16 de junio de 1982,Defensor,17,2010
Aurelien Chedjou,Camerún,1.85 m,20 de junio de 1985,Defensor,14,"2010, 2014"
Aurélien Tchouaméni,Francia,1.87 m,27 de enero de 2000,Mediocampista,8,2022
Aurelio Gonzalez,Paraguay,,25 de septiembre de 1905,Delantero,-,1930
Aurtis Whitley,Trinidad y Tobago,1.80 m,1 de mayo de 1977,Mediocampista,9,2006
Austin Ejide,Nigeria,1.86 m,8 de abril de 1984,Arquero,"12, 16","2002, 2010, 2014"
Avdija Vrsajevic,Bosnia-Herzegovina,1.79 m,6 de marzo de 1986,Mediocampista,2,2014
Avery John,Trinidad y Tobago,1.83 m,18 de junio de 1975,Defensor,3,2006
Avraam Papadopoulos,Grecia,1.86 m,3 de diciembre de 1984,Defensor,8,2010
Awer Mabil,Australia,1.79 m,15 de septiembre de 1995,Delantero,11,2022
Awwad Al Anzi,Arabia Saudita,,24 de septiembre de 1968,Mediocampista,18,1994
Axel Disasi,Francia,1.90 m,11 de marzo de 1998,Defensor,3,2022
Axel Witsel,Bélgica,1.86 m,12 de enero de 1989,Mediocampista,6,"2014, 2018, 2022"
Ayan Sadkov,Bulgaria,,26 de septiembre de 1961,Mediocampista,8,1986
Ayase Ueda,Japón,1.82 m,28 de agosto de 1998,Delantero,21,2022
Ayman Ashraf,Egipto,1.75 m,9 de abril de 1991,Defensor,12,2018
Ayman Shawky,Egipto,,9 de diciembre de 1962,Delantero,17,1990
Ayman Taher,Egipto,,7 de enero de 1966,Arquero,21,1990
Aymen Dahmen,Túnez,1.88 m,28 de enero de 1997,Arquero,16,2022
Aymen Mathlouthi,Túnez,1.82 m,14 de septiembre de 1984,Arquero,"16, 1","2018, 2022"
Aymeric Laporte,España,1.89 m,27 de mayo de 1994,Defensor,24,2022
Ayoub El Kaabi,Marruecos,1.82 m,26 de junio de 1993,Delantero,9,2018
Ayrton Preciado,Ecuador,1.81 m,17 de julio de 1994,Mediocampista,9,2022
Aytac Kadri,Turquía,,1 de enero de 1931,Delantero,21,1954
Azeddine Amanallah,Marruecos,,7 de abril de 1956,Mediocampista,16,1986
Aziz Behich,Australia,1.70 m,16 de diciembre de 1990,Defensor,16,"2018, 2022"
Aziz Bouderbala,Marruecos,,26 de diciembre de 1960,Mediocampista,8,1986
Aziz Bouhaddouz,Marruecos,1.88 m,30 de marzo de 1987,Delantero,20,2018
Aziz Fahmy,Egipto,,,Arquero,-,1934
Azubuike Egwuekwe,Nigeria,1.95 m,16 de julio de 1989,Defensor,6,2014
Azzedine Ounahi,Marruecos,1.82 m,19 de abril de 2000,Mediocampista,8,2022
Badou N'Diaye,Senegal,1.79 m,27 de octubre de 1990,Mediocampista,17,2018
Badou Zaki,Marruecos,,2 de abril de 1959,Arquero,1,1986
Badr Benoun,Marruecos,1.88 m,30 de septiembre de 1993,Defensor,24,2022
Bahram Movadat,Irán,,30 de enero de 1950,Arquero,12,1978
Bailey Wright,Australia,1.84 m,28 de julio de 1992,Defensor,8,"2014, 2022"
Bakari Sagna,Francia,1.75 m,14 de febrero de 1983,Defensor,"2, 15","2010, 2014"
Bakary Kone,Costa de Marfil,1.63 m,17 de septiembre de 1981,Delantero,14,2006
Bakhtiar Rahmani,Irán,1.78 m,23 de septiembre de 1991,Mediocampista,18,2014
Baldochi,Brasil,,14 de marzo de 1946,Defensor,14,1970
Baltazar,Brasil,,14 de enero de 1926,Delantero,9,"1950, 1954"
Bamba Dieng,Senegal,1.78 m,23 de marzo de 2000,Delantero,20,2022
Ban-suk Oh,Corea del Sur,1.89 m,20 de mayo de 1988,Defensor,4,2018
Bandeirinha,Portugal,,26 de noviembre de 1962,Defensor,11,1986
Barbosa,Brasil,,27 de marzo de 1921,Arquero,-,1950
Barry Pickering,Nueva Zelanda,,12 de diciembre de 1956,Arquero,21,1982
Bart Goor,Bélgica,1.83 m,9 de abril de 1973,Mediocampista,8,2002
Bart Mcghee,Estados Unidos,,30 de abril de 1899,Delantero,-,1930
Bartholomew Ogbeche,Nigeria,1.77 m,1 de octubre de 1984,Delantero,9,2002
Bartosz Bereszyński,Polonia,1.82 m,12 de julio de 1992,Defensor,18,"2018, 2022"
Bartosz Białkowski,Polonia,1.94 m,6 de julio de 1987,Arquero,12,2018
Bartosz Bosacki,Polonia,1.89 m,20 de diciembre de 1975,Defensor,19,2006
Bas Paauwe,Paises Bajos,,4 de octubre de 1911,Mediocampista,-,"1934, 1938"
Bassam Al-Rawi,Catar,1.75 m,16 de diciembre de 1997,Defensor,15,2022
Bassel Gorgis,Iraq,,6 de septiembre de 1961,Mediocampista,14,1986
Bassem Srarfi,Túnez,1.76 m,25 de junio de 1997,Mediocampista,18,2018
Bastian Schweinsteiger,Alemania,1.80 m,1 de agosto de 1984,Mediocampista,7,"2006, 2010, 2014"
Batatais,Brasil,,20 de mayo de 1910,Arquero,-,1938
Batista,Brasil,,8 de marzo de 1955,Mediocampista,"17, 18","1978, 1982"
Baudilio Jauregui,Uruguay,,9 de julio de 1945,Defensor,2,1974
Bauer,Brasil,,21 de noviembre de 1925,"Defensor, Mediocampista",6,"1950, 1954"
Beb Bakhuys,Paises Bajos,,16 de abril de 1909,Delantero,-,1934
Bebeto,Brasil,,16 de febrero de 1964,Delantero,"16, 7, 20","1990, 1994, 1998"
Bechir Ben Said,Túnez,1.93 m,29 de noviembre de 1992,Arquero,22,2022
Bedford Jezzard,Inglaterra,,19 de octubre de 1927,Delantero,20,1954
Behnam Seraj,Irán,,19 de junio de 1971,Delantero,19,1998
Behtash Fariba,Irán,,11 de febrero de 1955,Delantero,3,1978
Bela Bodonyi,Hungría,,14 de septiembre de 1956,Delantero,15,1982
Bela Karpati,Hungría,,30 de septiembre de 1929,Defensor,12,"1954, 1958"
Bela Katzirz,Hungría,,27 de julio de 1953,Arquero,21,1982
Bela Kuharszki,Hungría,,20 de abril de 1940,Delantero,19,1962
Bela Palfi,Yugoslavia,,16 de febrero de 1923,Mediocampista,-,1950
Bela Sarosi,Hungría,,15 de agosto de 1919,Mediocampista,-,1938
Bela Varadi,Hungría,,12 de abril de 1953,Delantero,11,1978
Belletti,Brasil,1.79 m,20 de junio de 1976,Defensor,13,2002
Bellini,Brasil,,7 de junio de 1930,Defensor,"2, 13, 4","1958, 1962, 1966"
Ben Cabango,Gales,1.86 m,30 de mayo de 2000,Defensor,24,2022
Ben Davies,Gales,1.81 m,24 de abril de 1993,Defensor,4,2022
Ben Foster,Inglaterra,1.93 m,3 de abril de 1983,Arquero,13,2014
Ben Halloran,Australia,1.80 m,14 de junio de 1992,Mediocampista,10,2014
Ben Iroha,Nigeria,,29 de noviembre de 1969,Defensor,"3, 19","1994, 1998"
Ben Olsen,Estados Unidos,1.73 m,3 de mayo de 1977,Mediocampista,14,2006
Ben Sigmund,Nueva Zelanda,1.87 m,3 de febrero de 1981,Defensor,2,2010
Ben White,Inglaterra,1.86 m,8 de octubre de 1997,Defensor,21,2022
Benedict Akwuegbu,Nigeria,1.90 m,3 de noviembre de 1974,Delantero,18,2002
Benedicto,Brasil,,10 de mayo de 1910,Delantero,-,1930
Benedicto Godoy,Bolivia,,,Delantero,-,1950
Benedikt Höwedes,Alemania,1.87 m,29 de febrero de 1988,Defensor,4,2014
Bengt Berndtsson,Suecia,,26 de enero de 1933,Delantero,21,1958
Bengt Gustavsson,Suecia,,13 de enero de 1928,Mediocampista,14,1958
Benigno Gilberto Penayo,Paraguay,,3 de abril de 1933,Delantero,18,1958
Benigno Gutierrez,Bolivia,,1 de septiembre de 1925,Delantero,-,1950
Benito Carvajales,Cuba,,1 de enero de 1913,Arquero,-,1938
Benito Lorenzi,Italia,,20 de diciembre de 1925,Delantero,11,"1950, 1954"
Benjamin Galindo,México,,11 de diciembre de 1960,Mediocampista,17,1994
Benjamin Huggel,Suiza,1.90 m,7 de julio de 1977,Mediocampista,6,2010
Benjamin Maldonado,Bolivia,,1 de enero de 1928,Delantero,-,1950
Benjamin Massing,Camerún,,20 de junio de 1962,Defensor,4,1990
Benjamin Mendy,Francia,1.85 m,17 de julio de 1994,Defensor,22,2018
Benjamin Moukandjo,Camerún,1.79 m,12 de noviembre de 1988,Delantero,8,2014
Benjamin Pavard,Francia,1.86 m,28 de marzo de 1996,Defensor,2,"2018, 2022"
Bennett Mnguni,Sudáfrica,1.69 m,18 de marzo de 1974,Mediocampista,10,2002
Benni Mccarthy,Sudáfrica,1.81 m,12 de noviembre de 1977,Delantero,17,"1998, 2002"
Benno Magnusson,Suecia,,4 de febrero de 1953,Delantero,15,1974
Benny Feilhaber,Estados Unidos,1.75 m,19 de enero de 1985,Mediocampista,22,2010
Benny Wendt,Suecia,,4 de noviembre de 1950,Delantero,11,1978
Beno Kaposzta,Hungría,,7 de junio de 1942,Defensor,2,1966
Benoit Assou-Ekotto,Camerún,1.78 m,24 de marzo de 1984,Defensor,2,"2010, 2014"
Bento,Portugal,,25 de junio de 1948,Arquero,1,1986
Benvenutto,Brasil,,8 de agosto de 1903,Mediocampista,-,1930
Beom Seok Oh,Corea del Sur,1.81 m,29 de julio de 1984,Defensor,2,2010
Beratligil Ali,Turquía,,,Defensor,14,1954
Berman Ahmet,Turquía,,,Defensor,19,1954
Bernabe Rivera,Paraguay,,,Delantero,-,1930
Bernard,Brasil,1.68 m,8 de septiembre de 1992,Mediocampista,20,2014
Bernard Bosquier,Francia,,19 de junio de 1942,Defensor,5,1966
Bernard Chiarelli,Francia,,24 de febrero de 1934,Mediocampista,8,1958
Bernard Diomede,Francia,1.70 m,23 de enero de 1974,Mediocampista,13,1998
Bernard Genghini,Francia,,18 de enero de 1958,Mediocampista,"9, 13","1982, 1986"
Bernard Lacombe,Francia,,15 de agosto de 1952,Delantero,17,"1978, 1982"
Bernard Lama,Francia,1.85 m,7 de abril de 1963,Arquero,1,1998
Bernard Mcnally,Irlanda del Norte,,17 de febrero de 1963,Mediocampista,20,1986
Bernard Parker,Sudáfrica,1.72 m,16 de marzo de 1986,Delantero,17,2010
Bernard Slaven,Irlanda,,13 de noviembre de 1960,Delantero,15,1990
Bernard Voorhoof,Bélgica,,11 de mayo de 1910,Delantero,-,"1930, 1934, 1938"
Bernard Vukas,Yugoslavia,,1 de mayo de 1927,Delantero,9,"1950, 1954"
Bernardo Redin,Colombia,,26 de febrero de 1963,Mediocampista,11,1990
Bernardo Silva,Portugal,1.73 m,10 de agosto de 1994,Mediocampista,"11, 10","2018, 2022"
Bernd Bransch,Alemania Oriental,,24 de septiembre de 1944,Defensor,3,1974
Bernd Cullmann,Alemania Occidental,,1 de noviembre de 1949,"Defensor, Mediocampista","8, 16","1974, 1978"
Bernd Dietz,Alemania Occidental,,22 de marzo de 1948,Defensor,3,1978
Bernd Foerster,Alemania Occidental,,3 de mayo de 1956,Defensor,5,1982
Bernd Franke,Alemania Occidental,,12 de febrero de 1948,Arquero,21,1982
Bernd Hoelzenbein,Alemania Occidental,,9 de marzo de 1946,Delantero,17,"1974, 1978"
Bernd Krauss,Austria,,8 de mayo de 1957,Defensor,2,1982
Bernd Patzke,Alemania Occidental,,14 de marzo de 1943,Defensor,15,"1966, 1970"
Bernd Schneider,Alemania,1.76 m,17 de noviembre de 1973,Mediocampista,19,"2002, 2006"
Bernd Thijs,Bélgica,1.86 m,28 de junio de 1978,Mediocampista,19,2002
Berni Klodt,Alemania Occidental,,26 de octubre de 1926,Delantero,"14, 13","1954, 1958"
Berry Van Aerle,Paises Bajos,,8 de diciembre de 1962,Defensor,2,1990
Bert Patenaude,Estados Unidos,,4 de noviembre de 1909,Delantero,-,1930
Bert Williams,Inglaterra,,31 de enero de 1920,Arquero,-,1950
Berti Vogts,Alemania Occidental,,30 de diciembre de 1946,Defensor,"7, 2","1970, 1974, 1978"
Bertie Peacock,Irlanda del Norte,,29 de septiembre de 1928,Mediocampista,6,1958
Bertin Ebwelle,Camerún,,11 de septiembre de 1962,Defensor,5,1990
Bertrand Crasson,Bélgica,,5 de octubre de 1971,Defensor,2,1998
Bertus Caldenhove,Paises Bajos,,19 de enero de 1914,Defensor,-,1938
Bertus De Harder,Paises Bajos,,14 de enero de 1920,Delantero,-,1938
Beto,Portugal,1.83 m,1 de mayo de 1982,Arquero,"12, 22","2010, 2014, 2018"
Beto,Portugal,1.85 m,3 de mayo de 1976,Defensor,22,2002
Bigode,Brasil,,4 de abril de 1922,Mediocampista,-,1950
Bilel El Khanouss,Marruecos,1.80 m,10 de mayo de 2004,Mediocampista,23,2022
Bilel Ifa,Túnez,1.85 m,9 de marzo de 1990,Defensor,2,2022
Bill Brown,Escocia,,8 de octubre de 1931,Arquero,2,1958
Bill Eckersley,Inglaterra,,16 de julio de 1925,Defensor,-,1950
Bill Fiedler,Estados Unidos,,10 de enero de 1910,Mediocampista,-,1934
Bill Lehmann,Estados Unidos,,20 de diciembre de 1901,Mediocampista,-,1934
Bill Mcgarry,Inglaterra,,10 de junio de 1927,Mediocampista,14,1954
Bill Mclean,Estados Unidos,,27 de enero de 1904,Delantero,-,1934
Bill Nicholson,Inglaterra,,26 de enero de 1919,Mediocampista,-,1950
Bill Tchato,Camerún,1.76 m,14 de mayo de 1975,Defensor,2,2002
Billy Bingham,Irlanda del Norte,,5 de agosto de 1931,Delantero,7,1958
Billy Bremner,Escocia,,9 de diciembre de 1942,Mediocampista,4,1974
Billy Gonsalves,Estados Unidos,,10 de agosto de 1908,Delantero,-,"1930, 1934"
Billy Hamilton,Irlanda del Norte,,9 de mayo de 1957,Delantero,"11, 19","1982, 1986"
Billy Mcclure,Nueva Zelanda,,4 de enero de 1958,Mediocampista,19,1982
Billy Mckinlay,Escocia,,22 de abril de 1969,Mediocampista,17,1998
Billy Simpson,Irlanda del Norte,,12 de diciembre de 1929,Delantero,9,1958
Billy Wright,Inglaterra,,6 de febrero de 1924,Defensor,"4, 5","1950, 1954, 1958"
Birkir Bjarnason,Islandia,1.82 m,27 de mayo de 1988,Mediocampista,8,2018
Birkir Már Saevarsson,Islandia,1.87 m,11 de noviembre de 1984,Defensor,2,2018
Bismarck,Brasil,,17 de septiembre de 1969,Mediocampista,7,1990
Bixente Lizarazu,Francia,1.69 m,9 de diciembre de 1969,Defensor,3,"1998, 2002"
Bjarne Goldbaek,Dinamarca,,6 de octubre de 1968,Mediocampista,17,1998
Bjorn Andersson,Suecia,,20 de julio de 1951,Defensor,5,1974
Bjorn Nordqvist,Suecia,,6 de octubre de 1942,Defensor,4,"1970, 1974, 1978"
Björn Sigurðarson,Islandia,1.86 m,26 de febrero de 1991,Delantero,9,2018
Blagoje Marjanovic,Yugoslavia,,9 de septiembre de 1907,Delantero,-,1930
Blaise Kouassi,Costa de Marfil,1.82 m,2 de febrero de 1975,Defensor,6,2006
Blaise Matuidi,Francia,1.75 m,9 de abril de 1987,Mediocampista,14,"2014, 2018"
Blaise Nkufo,Suiza,1.86 m,25 de mayo de 1975,Delantero,10,2010
Blas Pérez,Panamá,1.87 m,13 de marzo de 1981,Delantero,7,2018
Blerim Dzemaili,Suiza,1.79 m,12 de abril de 1986,Mediocampista,15,"2006, 2014, 2018"
Bo Kwan Hwang,Corea del Sur,,1 de marzo de 1965,Mediocampista,9,1990
Bo Kyung Kim,Corea del Sur,1.78 m,6 de octubre de 1989,Mediocampista,"6, 7","2010, 2014"
Bo Larsson,Suecia,,5 de mayo de 1944,Mediocampista,"7, 8","1970, 1974, 1978"
Bo Qu,China,1.84 m,15 de julio de 1981,Delantero,16,2002
Boa Morte,Portugal,1.80 m,4 de agosto de 1977,Delantero,15,2006
Bob Annis,Estados Unidos,,5 de septiembre de 1928,Defensor,-,1950
Bob Craddock,Estados Unidos,,5 de septiembre de 1923,Delantero,-,1950
Bob Lenarduzzi,Canadá,,1 de mayo de 1955,Defensor,2,1986
Bobby Campbell,Irlanda del Norte,,13 de septiembre de 1956,Delantero,21,1982
Bobby Charlton,Inglaterra,1.73 m,11 de octubre de 1937,"Delantero, Mediocampista","20, 11, 9","1958, 1962, 1966, 1970"
Bobby Clark,Escocia,,26 de septiembre de 1945,Arquero,20,1978
Bobby Collins,Escocia,,16 de febrero de 1931,Delantero,19,1958
Bobby Combe,Escocia,,29 de febrero de 1924,Delantero,20,1954
Bobby Convey,Estados Unidos,1.73 m,27 de mayo de 1983,Mediocampista,15,2006
Bobby Evans,Escocia,,16 de julio de 1927,"Defensor, Mediocampista","4, 9","1954, 1958"
Bobby Moore,Inglaterra,,12 de abril de 1941,Defensor,"16, 6","1962, 1966, 1970"
Bobby Robson,Inglaterra,,18 de febrero de 1933,Delantero,"8, 4","1958, 1962"
Bobby Smith,Inglaterra,,22 de febrero de 1933,Delantero,19,1958
Bobby Trainor,Irlanda del Norte,,,Delantero,22,1958
Bodo Illgner,Alemania Occidental,,7 de abril de 1967,Arquero,1,"1990, 1994"
Bogdan Stelea,Rumania,,5 de diciembre de 1967,Arquero,12,"1990, 1994, 1998"
Bohdan Masztaler,Polonia,,19 de septiembre de 1949,Mediocampista,11,1978
Bohdan Shust,Ucrania,1.89 m,4 de marzo de 1986,Arquero,23,2006
Bohumil Vesely,Checoslovaquia,,18 de junio de 1945,Mediocampista,7,1970
Bojan Isailovic,Serbia,1.92 m,25 de marzo de 1980,Arquero,12,2010
Bojan Jokic,Eslovenia,1.71 m,17 de mayo de 1986,Defensor,13,2010
Bolatli Ridvan,Turquía,,2 de diciembre de 1928,Defensor,2,1954
Boleslaw Habowski,Polonia,,13 de septiembre de 1914,Delantero,-,1938
Bonaventure Kalou,Costa de Marfil,1.82 m,12 de enero de 1978,Delantero,8,2006
Boncho Genchev,Bulgaria,,7 de julio de 1964,Mediocampista,14,1994
Boneventure Djonkep,Camerún,,20 de agosto de 1961,Delantero,18,1990
Bong Chil Kang,Corea del Norte,,7 de noviembre de 1943,Defensor,4,1966
Bong Hwan Kim,Corea del Norte,,4 de julio de 1939,Delantero,17,1966
Bong Zin Han,Corea del Norte,,2 de septiembre de 1945,Mediocampista,11,1966
Bongani Khumalo,Sudáfrica,1.84 m,6 de enero de 1987,Defensor,20,2010
Boris Gaganelov,Bulgaria,,7 de octubre de 1941,Defensor,"4, 15","1966, 1970"
Boris Kuznetsov,URSS,,14 de julio de 1928,Defensor,4,1958
Boris Zivkovic,Croacia,1.82 m,15 de noviembre de 1975,Defensor,6,2002
Borislav Mikhailov,Bulgaria,,12 de febrero de 1963,Arquero,"1, 12","1986, 1994, 1998"
Borna Barisic,Croacia,1.86 m,10 de noviembre de 1992,Defensor,3,2022
Borna Sosa,Croacia,1.87 m,21 de enero de 1998,Defensor,19,2022
Bosko Balaban,Croacia,1.80 m,15 de octubre de 1978,Delantero,"22, 21","2002, 2006"
Bostjan Cesar,Eslovenia,1.90 m,9 de julio de 1982,Defensor,5,2010
Boualem Khoukhi,Catar,1.85 m,9 de julio de 1990,Defensor,16,2022
Bouba Diop,Senegal,1.93 m,28 de enero de 1978,Mediocampista,19,2002
Boubacar Barry,Costa de Marfil,1.80 m,30 de diciembre de 1979,Arquero,"23, 1","2006, 2010, 2014"
Boudewijn Zenden,Paises Bajos,1.78 m,15 de agosto de 1976,Mediocampista,12,1998
Boujamaa Benkhrif,Marruecos,,1 de enero de 1947,Defensor,3,1970
Boulaye Dia,Senegal,1.80 m,16 de noviembre de 1996,Delantero,9,2022
Boycho Velichkov,Bulgaria,,13 de agosto de 1958,Delantero,18,1986
Bozhidar Grigorov,Bulgaria,,27 de julio de 1945,Delantero,"21, 16","1970, 1974"
Bozhidar Iskrenov,Bulgaria,,1 de agosto de 1962,Delantero,7,1986
Bozhil Kolev,Bulgaria,,20 de mayo de 1949,Mediocampista,5,1974
Bozo Broketa,Yugoslavia,,24 de diciembre de 1921,Defensor,-,1950
Brad Davis,Estados Unidos,1.80 m,8 de noviembre de 1981,Mediocampista,14,2014
Brad Friedel,Estados Unidos,1.93 m,18 de mayo de 1971,Arquero,"18, 1","1994, 1998, 2002"
Brad Guzan,Estados Unidos,1.93 m,9 de septiembre de 1984,Arquero,"18, 12","2010, 2014"
Brad Jones,Australia,1.93 m,19 de marzo de 1982,Arquero,"18, 12","2010, 2018"
Bradley Carnell,Sudáfrica,1.74 m,21 de enero de 1977,Defensor,3,2002
Branco,Brasil,,4 de abril de 1964,Defensor,"17, 6","1986, 1990, 1994"
Brandao,Brasil,,21 de abril de 1911,Mediocampista,-,1938
Brandaozinho,Brasil,,9 de junio de 1925,Defensor,4,1954
Brandon Aguilera,Costa Rica,1.79 m,28 de junio de 2003,Mediocampista,20,2022
Branislav Hrnjicek,Yugoslavia,,5 de junio de 1908,Delantero,-,1930
Branislav Ivanovic,Serbia,1.88 m,22 de febrero de 1984,Defensor,6,"2010, 2018"
Branislav Sekulic,Yugoslavia,,29 de octubre de 1906,Delantero,-,1930
Branko Brnovic,RF de Yugoslavia,,8 de agosto de 1967,Defensor,6,1998
Branko Buljevic,Australia,,6 de septiembre de 1947,Delantero,20,1974
Branko Ilic,Eslovenia,1.86 m,6 de febrero de 1983,Defensor,6,2010
Branko Kralj,Yugoslavia,,10 de marzo de 1924,Arquero,12,1954
Branko Oblak,Yugoslavia,,27 de mayo de 1947,Mediocampista,8,1974
Branko Segota,Canadá,,8 de junio de 1961,Delantero,9,1986
Branko Stankovic,Yugoslavia,,31 de octubre de 1921,Defensor,2,"1950, 1954"
Branko Strupar,Bélgica,1.90 m,9 de febrero de 1970,Delantero,20,2002
Branko Zebec,Yugoslavia,,17 de mayo de 1929,Mediocampista,"11, 6","1954, 1958"
Braulio Luna,México,1.82 m,8 de septiembre de 1974,Mediocampista,"19, 11","1998, 2002"
Braulio Musso,Chile,,24 de mayo de 1937,Delantero,19,1962
Brayan Beckeles,Honduras,1.86 m,28 de noviembre de 1985,Defensor,21,2014
Breel Embolo,Suiza,1.84 m,14 de febrero de 1997,Delantero,7,"2018, 2022"
Bremer,Brasil,1.88 m,18 de marzo de 1997,Defensor,24,2022
Brendan Augustine,Sudáfrica,,26 de octubre de 1971,Mediocampista,12,1998
Brenden Aaronson,Estados Unidos,1.77 m,22 de octubre de 2000,Mediocampista,11,2022
Brennan Johnson,Gales,1.79 m,23 de mayo de 2001,Delantero,9,2022
Brent Sancho,Trinidad y Tobago,1.85 m,13 de marzo de 1977,Defensor,5,2006
Bretislav Dolejsi,Checoslovaquia,,29 de septiembre de 1928,Arquero,19,1958
Brett Emerton,Australia,1.85 m,22 de febrero de 1979,Mediocampista,7,"2006, 2010"
Brett Holman,Australia,1.76 m,27 de marzo de 1984,Delantero,14,2010
Brian Baloyi,Sudáfrica,1.86 m,16 de marzo de 1974,Arquero,16,1998
Brian Bliss,Estados Unidos,,28 de septiembre de 1965,Mediocampista,8,1990
Brian Ching,Estados Unidos,1.82 m,24 de mayo de 1978,Delantero,11,2006
Brian Idowu,Nigeria,1.80 m,18 de mayo de 1992,Defensor,2,2018
Brian Labone,Inglaterra,,23 de enero de 1940,Defensor,5,1970
Brian Laudrup,Dinamarca,,22 de febrero de 1969,Delantero,11,1998
Brian Maisonneuve,Estados Unidos,,28 de junio de 1973,Mediocampista,19,1998
Brian Mcbride,Estados Unidos,1.85 m,19 de junio de 1972,Delantero,20,"1998, 2002, 2006"
Brian Steen Nielsen,Dinamarca,1.80 m,28 de diciembre de 1968,Mediocampista,23,2002
Brian Turner,Nueva Zelanda,,31 de julio de 1949,Delantero,4,1982
Brilhante,Brasil,,5 de noviembre de 1904,Defensor,-,1930
Brito,Brasil,,9 de agosto de 1939,Defensor,"5, 2","1966, 1970"
Britto,Brasil,,6 de mayo de 1914,Mediocampista,-,1938
Bror Mellberg,Suecia,,9 de diciembre de 1923,Delantero,20,"1950, 1958"
Brou Angoua,Costa de Marfil,1.78 m,28 de noviembre de 1986,Defensor,2,2010
Brown Ideye,Nigeria,1.80 m,10 de octubre de 1988,Delantero,10,2010
Bruce Murray,Estados Unidos,,25 de enero de 1966,Delantero,16,1990
Bruce Rioch,Escocia,,6 de septiembre de 1947,Mediocampista,6,1978
Bruce Wilson,Canadá,,20 de junio de 1951,Defensor,3,1986
Bruno Alves,Portugal,1.87 m,27 de noviembre de 1981,Defensor,2,"2010, 2014, 2018"
Bruno Belin,Yugoslavia,,16 de enero de 1929,Defensor,17,1954
Bruno Bellone,Francia,,14 de marzo de 1962,Delantero,"15, 16","1982, 1986"
Bruno Chizzo,Italia,,19 de abril de 1916,Delantero,-,1938
Bruno Conti,Italia,,13 de marzo de 1955,"Delantero, Mediocampista",16,"1982, 1986"
Bruno Engelmeier,Austria,,5 de septiembre de 1927,Arquero,22,1958
Bruno Fernandes,Portugal,1.83 m,8 de septiembre de 1994,Mediocampista,"16, 8","2018, 2022"
Bruno Guimaraes,Brasil,1.82 m,16 de noviembre de 1997,Mediocampista,17,2022
Bruno Martins Indi,Paises Bajos,1.85 m,8 de febrero de 1992,Defensor,4,2014
Bruno Mora,Italia,,24 de marzo de 1937,Delantero,7,1962
Bruno Petkovic,Croacia,1.93 m,16 de septiembre de 1994,Delantero,16,2022
Bruno Pezzey,Austria,,3 de febrero de 1955,Defensor,5,"1978, 1982"
Bruno Versavel,Bélgica,,27 de agosto de 1967,Mediocampista,5,1990
Bryan Douglas,Inglaterra,,27 de mayo de 1934,Delantero,"7, 17","1958, 1962"
Bryan Gunn,Escocia,,22 de diciembre de 1963,Arquero,22,1990
Bryan Mbeumo,Camerún,1.73 m,7 de agosto de 1999,Delantero,20,2022
Bryan Oviedo,Costa Rica,1.72 m,18 de febrero de 1990,Defensor,8,"2018, 2022"
Bryan Robson,Inglaterra,,11 de enero de 1957,Mediocampista,"16, 7","1982, 1986, 1990"
Bryan Roy,Paises Bajos,,12 de febrero de 1970,Delantero,"15, 11","1990, 1994"
Bryan Ruiz,Costa Rica,1.87 m,18 de agosto de 1985,Delantero,10,"2014, 2018, 2022"
Buanga Tshimen,Zaire,,4 de enero de 1949,Defensor,4,1974
Buenaventura Ferreira,Paraguay,,14 de julio de 1960,Mediocampista,7,1986
Bukayo Saka,Inglaterra,1.78 m,5 de septiembre de 2001,Delantero,17,2022
Bulent Korkmaz,Turquía,1.81 m,24 de noviembre de 1968,Defensor,3,2002
Bum-keun Song,Corea del Sur,1.96 m,15 de octubre de 1997,Arquero,12,2022
Bum Kun Cha,Corea del Sur,,22 de mayo de 1953,Delantero,11,1986
Bum-Young Lee,Corea del Sur,1.99 m,2 de abril de 1989,Arquero,23,2014
Byung Dae Min,Corea del Sur,,20 de febrero de 1918,Defensor,6,1954
Byung Duk Cho,Corea del Sur,,26 de mayo de 1958,Arquero,1,1986
Byung Ji Kim,Corea del Sur,1.84 m,8 de abril de 1970,Arquero,"1, 12","1998, 2002"
Byung Joo Byun,Corea del Sur,,26 de abril de 1961,"Delantero, Mediocampista","19, 11","1986, 1990"
Byung Ok Yoo,Corea del Sur,,2 de marzo de 1964,Defensor,15,1986
Cabecao,Brasil,,23 de agosto de 1930,Arquero,22,1954
Cacau,Alemania,1.80 m,27 de marzo de 1981,Delantero,19,2010
Cafu,Brasil,1.76 m,7 de junio de 1970,Defensor,"14, 2","1994, 1998, 2002, 2006"
Callum Wilson,Inglaterra,1.80 m,27 de febrero de 1992,Delantero,24,2022
Calvin Marlin,Sudáfrica,1.82 m,20 de abril de 1976,Arquero,20,2002
Cameron Carter-Vickers,Estados Unidos,1.85 m,31 de diciembre de 1997,Defensor,20,2022
Cameron Devlin,Australia,1.71 m,7 de junio de 1998,Mediocampista,17,2022
Camilo Vargas,Colombia,1.85 m,9 de marzo de 1989,Arquero,12,"2014, 2018"
Campanal I,España,,9 de diciembre de 1912,Delantero,-,1934
Canalli,Brasil,,12 de marzo de 1907,Mediocampista,-,1934
Caneira,Portugal,1.78 m,9 de febrero de 1979,Defensor,"4, 3","2002, 2006"
Capucho,Portugal,1.80 m,21 de febrero de 1972,Delantero,19,2002
Careca,Brasil,,5 de octubre de 1960,Delantero,9,"1986, 1990"
Carl Medjani,Argelia,1.84 m,15 de mayo de 1985,Defensor,"18, 12","2010, 2014"
Carl Valentine,Canadá,,4 de julio de 1958,Delantero,7,1986
Carl Valeri,Australia,1.80 m,14 de agosto de 1984,Mediocampista,16,2010
Carles Puyol,España,1.78 m,13 de abril de 1978,Defensor,5,"2002, 2006, 2010"
Carles Rexach,España,,13 de enero de 1947,Delantero,19,1978
Carlo Ancelotti,Italia,,10 de junio de 1959,Mediocampista,9,"1986, 1990"
Carlo Annovazzi,Italia,,24 de mayo de 1925,Mediocampista,-,1950
Carlo Ceresoli,Italia,,14 de junio de 1910,Arquero,-,1938
Carlo Costly,Honduras,1.90 m,18 de julio de 1982,Delantero,13,2014
Carlo Galli,Italia,,6 de marzo de 1931,Delantero,9,1954
Carlo Mattrel,Italia,,14 de abril de 1937,Arquero,12,1962
Carlo Parola,Italia,,20 de septiembre de 1921,Defensor,-,1950
Carlos,Brasil,,4 de marzo de 1956,Arquero,"12, 22, 1","1978, 1982, 1986"
Carlos Aguilera,Uruguay,,21 de septiembre de 1964,Delantero,"20, 18","1986, 1990"
Carlos Alberto,Brasil,,17 de julio de 1944,Defensor,4,1970
Carlos Sánchez,Uruguay,1.71 m,2 de diciembre de 1984,Mediocampista,5,2018
Carlos Aponte,Colombia,,24 de enero de 1939,Defensor,7,1962
Carlos Babington,Argentina,,20 de septiembre de 1949,Delantero,3,1974
Carlos Bacca,Colombia,1.80 m,8 de septiembre de 1986,Delantero,"17, 7","2014, 2018"
Carlos Blanco,México,,5 de marzo de 1927,"Delantero, Mediocampista","15, 20","1954, 1958"
Carlos Bocanegra,Estados Unidos,1.84 m,25 de mayo de 1979,Defensor,3,"2006, 2010"
Carlos Bonet,Paraguay,1.76 m,2 de octubre de 1977,Mediocampista,"15, 6","2002, 2006, 2010"
Carlos Borges,Uruguay,,14 de enero de 1932,Delantero,11,1954
Carlos Borja,Bolivia,,25 de diciembre de 1956,Mediocampista,6,1994
Carlos Cabellero,Honduras,,5 de diciembre de 1958,Delantero,18,1982
Carlos Cáceda,Perú,1.83 m,27 de septiembre de 1991,Arquero,12,2018
Carlos Calderon De La Barca,México,,2 de octubre de 1934,Delantero,9,1958
Carlos Campos,Chile,,14 de febrero de 1937,Delantero,"20, 3","1962, 1966"
Carlos Carbonero,Colombia,1.78 m,25 de julio de 1990,Mediocampista,5,2014
Carlos Carmona,Chile,1.79 m,21 de febrero de 1987,Mediocampista,6,"2010, 2014"
Carlos Carus,México,,10 de julio de 1930,Delantero,18,1954
Carlos Castro,Costa Rica,1.72 m,10 de septiembre de 1979,Defensor,22,2002
Carlos Caszely,Chile,,5 de julio de 1950,Delantero,"7, 13","1974, 1982"
Carlos Cilloniz,Perú,,1 de julio de 1910,Delantero,-,1930
Carlos Contreras,Chile,,7 de octubre de 1938,Defensor,5,1962
Carlos Correa,Uruguay,,13 de enero de 1968,Mediocampista,15,1990
Carlos De Los Cobos,México,,10 de diciembre de 1958,Mediocampista,6,1986
Carlos Edwards,Trinidad y Tobago,1.80 m,24 de octubre de 1978,Mediocampista,11,2006
Carlos Estrada,Colombia,,1 de noviembre de 1961,Delantero,7,1990
Carlos Gamarra,Paraguay,1.80 m,17 de febrero de 1971,Defensor,4,"1998, 2002, 2006"
Carlos Germano,Brasil,,14 de agosto de 1970,Arquero,12,1998
Carlos Gomez,México,,16 de agosto de 1952,Defensor,14,1978
Carlos Gonzalez,México,,12 de abril de 1935,Delantero,22,1958
Carlos Gruezo,Ecuador,1.72 m,19 de abril de 1995,Mediocampista,"23, 8","2014, 2022"
Carlos Guevara,México,,,Mediocampista,-,1950
Carlos Hermosillo,México,,24 de agosto de 1964,Delantero,"11, 7","1986, 1994"
Carlos Hernandez,Costa Rica,1.70 m,9 de abril de 1982,Mediocampista,16,2006
Carlos Hoyos,Colombia,,28 de febrero de 1962,Defensor,13,1990
Carlos Ibanez,Chile,,30 de noviembre de 1931,Delantero,-,1950
Carlos Lapetra,España,,29 de noviembre de 1938,Delantero,22,1966
Carlos Llamosa,Estados Unidos,1.80 m,30 de junio de 1969,Defensor,16,2002
Carlos Manuel,Portugal,,15 de enero de 1958,Mediocampista,6,1986
Carlos Marchena,España,1.82 m,31 de julio de 1979,Defensor,4,"2006, 2010"
Carlos Martínez,Costa Rica,1.76 m,30 de marzo de 1999,Defensor,16,2022
Carlos Morales,Paraguay,,4 de noviembre de 1968,Mediocampista,19,1998
Carlos Munoz,México,,8 de septiembre de 1962,Mediocampista,16,1986
Carlos Oliveira,Cuba,,,Delantero,-,1938
Carlos Paredes,Paraguay,1.79 m,16 de julio de 1976,Mediocampista,13,"1998, 2002, 2006"
Carlos Pavon,Honduras,1.80 m,9 de octubre de 1973,Delantero,9,2010
Carlos Peña,México,1.78 m,29 de marzo de 1990,Mediocampista,21,2014
Carlos Peucelle,Argentina,,13 de septiembre de 1908,Delantero,-,1930
Carlos Recinos,El Salvador,,30 de junio de 1950,Defensor,4,1982
Carlos Reinoso,Chile,,7 de marzo de 1945,Mediocampista,10,1974
Carlos Riolfo,Uruguay,,5 de noviembre de 1905,Mediocampista,-,1930
Carlos Rivas,Chile,,24 de mayo de 1953,Mediocampista,8,1982
Carlos Roa,Argentina,,15 de agosto de 1969,Arquero,1,1998
Carlos Rodríguez,México,1.70 m,3 de enero de 1997,Mediocampista,8,2022
Carlos Rojas,Chile,,1 de enero de 1928,Mediocampista,-,1950
Carlos Romero,Uruguay,,7 de septiembre de 1927,Mediocampista,-,1950
Carlos Salcedo,México,1.86 m,29 de septiembre de 1993,Defensor,3,2018
Carlos Salcido,México,1.76 m,2 de abril de 1980,Defensor,3,"2006, 2010, 2014"
Carlos Sánchez,Colombia,1.82 m,6 de febrero de 1986,Mediocampista,6,"2014, 2018"
Carlos Schneeberger,Chile,,21 de junio de 1902,Delantero,-,1930
Carlos Septien,México,,18 de enero de 1923,Delantero,17,"1950, 1954"
Carlos Soler,España,1.80 m,2 de enero de 1997,Mediocampista,19,2022
Carlos Spadaro,Argentina,,5 de febrero de 1902,Delantero,-,1930
Carlos Squeo,Argentina,,4 de junio de 1948,Defensor,17,1974
Carlos Tapia,Argentina,,20 de agosto de 1962,Mediocampista,20,1986
Carlos Tejas,Chile,,4 de octubre de 1974,Arquero,22,1998
Carlos Tenorio,Ecuador,1.82 m,14 de mayo de 1979,Delantero,"18, 21","2002, 2006"
Carlos Tevez,Argentina,1.73 m,5 de febrero de 1984,Delantero,11,"2006, 2010"
Carlos Trucco,Bolivia,,11 de agosto de 1957,Arquero,1,1994
Carlos Valderrama,Colombia,1.75 m,2 de septiembre de 1961,Mediocampista,10,"1990, 1994, 1998"
Carlos Valdés,Colombia,1.83 m,22 de mayo de 1985,Defensor,23,2014
Carlos Vela,México,1.79 m,1 de marzo de 1989,Delantero,11,"2010, 2018"
Carlos Vidal,Chile,,24 de febrero de 1902,Delantero,-,1930
Carmelo,España,,6 de diciembre de 1930,Arquero,3,1962
Carmelo Simeone,Argentina,,22 de septiembre de 1934,Mediocampista,9,1966
Carpegiani,Brasil,,7 de febrero de 1949,Mediocampista,17,1974
Carsten Jancker,Alemania,1.93 m,28 de agosto de 1974,Delantero,9,2002
Carsten Ramelow,Alemania,1.85 m,20 de marzo de 1974,Mediocampista,5,2002
Carvalho,Portugal,,18 de abril de 1937,Arquero,2,1966
Carvalho Leite,Brasil,,25 de junio de 1912,Delantero,-,"1930, 1934"
Casagrande,Brasil,,15 de abril de 1963,Delantero,8,1986
Casemiro,Brasil,1.95 m,23 de febrero de 1992,Mediocampista,5,"2018, 2022"
Casiano Cespedes,Paraguay,,1 de enero de 1924,Defensor,-,1950
Casiano Chavarria,Bolivia,,3 de agosto de 1901,Defensor,-,1930
Casimiro Torres,Chile,,1 de enero de 1906,Mediocampista,-,1930
Cassio,Brasil,1.95 m,6 de julio de 1987,Arquero,16,2018
Castilho,Brasil,,27 de noviembre de 1927,Arquero,"1, 22","1950, 1954, 1958, 1962"
Castor Cantero,Paraguay,,1 de enero de 1918,Mediocampista,-,1950
Catalino Rivarola,Paraguay,,30 de abril de 1965,Defensor,3,1998
Cayetano Carreras Sagueir,Paraguay,,,Delantero,-,1930
Cayetano Re,Paraguay,,7 de febrero de 1938,Delantero,21,1958
Cedric Carrasso,Francia,1.87 m,30 de diciembre de 1981,Arquero,23,2010
Cedric Djeugoue,Camerún,1.84 m,28 de agosto de 1992,Defensor,4,2014
Cédric Si Mohamed,Argelia,1.83 m,9 de enero de 1985,Arquero,1,2014
Cédric Soares,Portugal,1.72 m,31 de agosto de 1991,Defensor,21,2018
Cees Van Ierssel,Paises Bajos,,6 de diciembre de 1945,Defensor,4,1974
Celestin Delmer,Francia,,15 de febrero de 1907,Mediocampista,-,"1930, 1934"
Celestin Oliver,Francia,,12 de julio de 1930,Mediocampista,19,1958
Celestine Babayaro,Nigeria,1.72 m,29 de agosto de 1978,Defensor,3,"1998, 2002"
Celso Ayala,Paraguay,1.77 m,20 de agosto de 1970,Defensor,5,"1998, 2002"
Celso Borges,Costa Rica,1.82 m,27 de mayo de 1988,Mediocampista,5,"2014, 2018, 2022"
Celso Guity,Honduras,,7 de agosto de 1955,Delantero,19,1982
Celso Otero,Uruguay,,1 de febrero de 1958,Arquero,22,1986
Cesar,Brasil,,17 de mayo de 1945,Delantero,9,1974
Cesar,España,,29 de junio de 1920,Delantero,-,1950
César Azpilicueta,España,1.78 m,28 de agosto de 1989,Defensor,"22, 14, 2","2014, 2018, 2022"
Cesar Cueto,Perú,,16 de junio de 1952,Mediocampista,8,"1978, 1982"
Cesar Espinoza,Chile,,,Arquero,-,1930
Cesar Gutierrez,Honduras,,7 de mayo de 1954,Defensor,2,1982
Cesar Lopez Fretes,Paraguay,,21 de marzo de 1923,Delantero,-,1950
César Montes,México,1.91 m,24 de febrero de 1997,Defensor,3,2022
Cesar Ramirez,Paraguay,1.77 m,24 de marzo de 1977,Delantero,18,1998
Cesar Ruminski,Francia,,13 de junio de 1924,Arquero,2,1954
Cesar Sampaio,Brasil,,31 de marzo de 1968,Mediocampista,5,1998
Cesar Vega,Uruguay,,2 de septiembre de 1959,Defensor,13,1986
Cesar Zabala,Paraguay,,3 de junio de 1961,Defensor,3,1986
Cesare Maldini,Italia,,5 de febrero de 1932,Defensor,5,1962
Cesc Fabregas,España,1.75 m,4 de mayo de 1987,Mediocampista,"18, 10","2006, 2010, 2014"
Cestmir Patzel,Checoslovaquia,,2 de diciembre de 1914,Arquero,-,1934
Cezary Kucharski,Polonia,1.82 m,17 de febrero de 1972,Delantero,8,2002
Chaabane Merzekane,Argelia,,8 de marzo de 1959,Defensor,5,1982
Chacho,España,,14 de abril de 1911,Delantero,-,1934
Chad Deering,Estados Unidos,,2 de septiembre de 1970,Mediocampista,15,1998
Chang Gi Kang,Corea del Sur,,28 de agosto de 1927,Mediocampista,4,1954
Chang-hoon Kwon,Corea del Sur,1.74 m,30 de junio de 1994,Mediocampista,22,2022
Chang Kil Ryoo,Corea del Norte,,5 de noviembre de 1940,Delantero,20,1966
Chang Myung Lee,Corea del Norte,,2 de enero de 1947,Arquero,1,1966
Chang-Soo Kim,Corea del Sur,1.78 m,12 de septiembre de 1985,Defensor,2,2014
Chang Sun Park,Corea del Sur,,2 de febrero de 1954,Delantero,10,1986
Chaouki Ben Saada,Túnez,1.70 m,1 de julio de 1984,Delantero,17,2006
Charles Aránguiz,Chile,1.72 m,17 de abril de 1989,Mediocampista,20,2014
Charles Casali,Suiza,,27 de abril de 1923,Mediocampista,9,1954
Charles De Ketelaere,Bélgica,1.92 m,10 de marzo de 2001,Delantero,22,2022
Charles Geerts,Bélgica,,29 de octubre de 1930,Arquero,12,1954
Charles Itandje,Camerún,1.93 m,2 de noviembre de 1982,Arquero,16,2014
Charles Simons,Bélgica,,27 de junio de 1906,Mediocampista,-,1934
Charles Toube,Camerún,,22 de enero de 1958,Mediocampista,11,1982
Charles Vandewouwer,Bélgica,,7 de septiembre de 1916,Delantero,-,1938
Charlie Colombo,Estados Unidos,,20 de julio de 1920,Mediocampista,-,1950
Charlie Nicholas,Escocia,,30 de diciembre de 1961,Delantero,19,1986
Charly Elsener,Suiza,,13 de agosto de 1934,Arquero,1,"1962, 1966"
Cheikh N'Doye,Senegal,1.92 m,29 de marzo de 1986,Mediocampista,11,2018
Cheikhou Kouyaté,Senegal,1.89 m,21 de diciembre de 1989,Mediocampista,8,"2018, 2022"
Chen Yang,China,1.86 m,17 de enero de 1974,Delantero,20,2002
Chendo,España,,12 de octubre de 1961,Defensor,"15, 2","1986, 1990"
Chengying Wu,China,1.83 m,21 de abril de 1975,Defensor,4,2002
Cherif Toure Mamam,Togo,1.82 m,13 de enero de 1983,Mediocampista,10,2006
Chi An Li,Corea del Norte,,7 de julio de 1945,Delantero,22,1966
Chicao,Brasil,,30 de enero de 1949,Mediocampista,21,1978
Chico,Brasil,,7 de enero de 1923,Delantero,-,1950
Chidi Nwanu,Nigeria,,1 de enero de 1967,Defensor,6,1994
Chidi Odiah,Nigeria,1.81 m,17 de diciembre de 1983,Defensor,17,2010
Chidozie Awaziem,Nigeria,1.89 m,1 de enero de 1997,Defensor,20,2018
Chigozie Agbim,Nigeria,1.87 m,28 de noviembre de 1984,Arquero,21,2014
Chinedu Ogbuke Obasi,Nigeria,1.81 m,1 de junio de 1986,Delantero,19,2010
Chol Hyok An,Corea del Norte,1.78 m,27 de junio de 1987,Delantero,7,2010
Chol Jin Pak,Corea del Norte,1.84 m,5 de septiembre de 1985,Defensor,13,2010
Chol Myong Ri,Corea del Norte,1.73 m,18 de febrero de 1988,Mediocampista,19,2010
Chong Gug Song,Corea del Sur,1.75 m,20 de febrero de 1979,"Defensor, Mediocampista",22,"2002, 2006"
Choukri El Ouaer,Túnez,,15 de agosto de 1966,Arquero,1,1998
Chris Albright,Estados Unidos,1.85 m,14 de enero de 1979,Defensor,2,2006
Chris Gunter,Gales,1.80 m,21 de julio de 1989,Defensor,2,2022
Chris Henderson,Estados Unidos,,11 de diciembre de 1970,Mediocampista,19,1990
Chris Killen,Nueva Zelanda,1.88 m,8 de octubre de 1981,Delantero,10,2010
Chris Mepham,Gales,1.90 m,5 de noviembre de 1997,Defensor,5,2022
Chris Morris,Irlanda,,24 de diciembre de 1963,Defensor,2,1990
Chris Nicholl,Irlanda del Norte,,12 de octubre de 1946,Defensor,5,1982
Chris Smalling,Inglaterra,1.96 m,22 de noviembre de 1989,Defensor,12,2014
Chris Waddle,Inglaterra,,14 de diciembre de 1960,Mediocampista,"11, 8","1986, 1990"
Chris Wondolowski,Estados Unidos,1.85 m,28 de julio de 1983,Delantero,18,2014
Chris Wood,Nueva Zelanda,1.91 m,7 de diciembre de 1991,Delantero,20,2010
Chris Woods,Inglaterra,,14 de noviembre de 1959,Arquero,13,"1986, 1990"
Christian Abbiati,Italia,1.90 m,8 de julio de 1977,Arquero,12,2002
Christian Atsu,Ghana,1.72 m,10 de enero de 1992,Mediocampista,7,2014
Christian Bassogog,Camerún,1.78 m,18 de octubre de 1995,Delantero,11,2022
Christian Bolaños,Costa Rica,1.77 m,17 de mayo de 1984,Mediocampista,7,"2006, 2014, 2018"
Christian Cueva,Perú,1.69 m,23 de noviembre de 1991,Mediocampista,8,2018
Christian Dailly,Escocia,,23 de octubre de 1973,Defensor,22,1998
Christian Dalger,Francia,,19 de diciembre de 1949,Delantero,16,1978
Christian Dulca,Rumania,,25 de octubre de 1972,Defensor,3,1998
Christian Eriksen,Dinamarca,1.81 m,14 de febrero de 1992,Mediocampista,"21, 10","2010, 2018, 2022"
Christian Fassnachft,Suiza,1.85 m,11 de noviembre de 1993,Mediocampista,16,2022
Christian Günter,Alemania,1.84 m,28 de febrero de 1993,Defensor,20,2022
Christian Karembeu,Francia,1.78 m,3 de diciembre de 1970,Mediocampista,19,1998
Christian Keglevits,Austria,,29 de enero de 1961,Delantero,15,1990
Christian Lara,Ecuador,1.62 m,27 de abril de 1980,Mediocampista,7,2006
Christian Lopez,Francia,,15 de marzo de 1953,Defensor,6,"1978, 1982"
Christian Maggio,Italia,1.84 m,11 de febrero de 1982,Defensor,2,2010
Christian Noboa,Ecuador,1.83 m,9 de abril de 1985,Mediocampista,6,2014
Christian Norgaard,Dinamarca,1.86 m,10 de marzo de 1994,Mediocampista,15,2022
Christian Panucci,Italia,1.85 m,12 de abril de 1973,Defensor,2,2002
Christian Piot,Bélgica,,4 de octubre de 1947,Arquero,1,1970
Christian Poulsen,Dinamarca,1.82 m,28 de febrero de 1980,Mediocampista,"17, 2","2002, 2010"
Christian Pulisic,Estados Unidos,1.78 m,18 de septiembre de 1998,Delantero,10,2022
Christian Ramos,Perú,1.82 m,4 de noviembre de 1988,Defensor,15,2018
Christian Stuani,Uruguay,1.86 m,12 de octubre de 1986,Delantero,11,"2014, 2018"
Christian Vieri,Italia,1.85 m,12 de julio de 1973,Delantero,21,"1998, 2002"
Christian Wilhelmsson,Suecia,1.77 m,8 de diciembre de 1979,Mediocampista,21,2006
Christian Woerns,Alemania,1.84 m,10 de mayo de 1972,Defensor,2,1998
Christian Ziege,Alemania,1.86 m,1 de febrero de 1972,"Defensor, Mediocampista","17, 6","1998, 2002"
Christoph Kramer,Alemania,1.90 m,19 de febrero de 1991,Mediocampista,23,2014
Christoph Metzelder,Alemania,1.93 m,5 de noviembre de 1980,Defensor,21,"2002, 2006"
Christoph Spycher,Suiza,1.74 m,30 de marzo de 1978,Defensor,17,2006
Christophe Dugarry,Francia,1.88 m,24 de marzo de 1972,Delantero,21,"1998, 2002"
Christophe Ohrel,Suiza,,7 de abril de 1968,Mediocampista,8,1994
Christopher Birchall,Trinidad y Tobago,1.75 m,5 de mayo de 1984,Mediocampista,7,2006
Christopher Dawes,Jamaica,,31 de mayo de 1974,Mediocampista,3,1998
Christopher Hughton,Irlanda,,11 de diciembre de 1958,Defensor,14,1990
Christopher Sullivan,Estados Unidos,,18 de abril de 1965,Delantero,9,1990
Christopher Wooh,Camerún,1.91 m,18 de septiembre de 2001,Defensor,4,2022
Christos Karkamanis,Grecia,,22 de septiembre de 1969,Arquero,15,1994
Christos Patsatzoglou,Grecia,1.83 m,19 de marzo de 1979,Defensor,3,2010
Chu Young Park,Corea del Sur,1.83 m,10 de julio de 1985,Delantero,10,"2006, 2010, 2014"
Chul Hong,Corea del Sur,1.77 m,17 de septiembre de 1990,Defensor,14,"2018, 2022"
Chul Woo Park,Corea del Sur,,29 de septiembre de 1965,Arquero,21,1994
Chuliang Ou,China,1.80 m,26 de agosto de 1968,Arquero,23,2002
Chun Soo Lee,Corea del Sur,1.75 m,9 de julio de 1981,Delantero,14,"2002, 2006"
Chung Min Choi,Corea del Sur,,30 de agosto de 1930,Delantero,8,1954
Chung Wa Han,Corea del Sur,,3 de noviembre de 1922,Defensor,14,1954
Chung-yong Lee,Corea del Sur,1.80 m,2 de julio de 1988,Mediocampista,17,"2010, 2014"
Cicinho,Brasil,1.72 m,24 de junio de 1980,Defensor,13,2006
Cilaurren,España,,5 de noviembre de 1912,Mediocampista,-,1934
Ciriaco,España,,8 de agosto de 1904,Defensor,-,1934
Ciriaco Sforza,Suiza,,2 de marzo de 1970,Mediocampista,10,1994
Ciro Ferrara,Italia,1.82 m,11 de febrero de 1967,Defensor,5,1990
Ciro Immobile,Italia,1.85 m,20 de febrero de 1990,Delantero,17,2014
Claes Cronqvist,Suecia,,15 de octubre de 1944,"Delantero, Mediocampista","13, 19","1970, 1974"
Clarence Acuña,Chile,,8 de febrero de 1975,Mediocampista,8,1998
Clarence Goodson,Estados Unidos,1.93 m,17 de mayo de 1982,Defensor,21,2010
Clarence Seedorf,Paises Bajos,1.76 m,1 de abril de 1976,Mediocampista,10,1998
Claude Abbes,Francia,,24 de mayo de 1927,Arquero,"3, 1","1954, 1958"
Claude Barthelemy,Haití,,9 de mayo de 1945,Delantero,18,1974
Claude Makelele,Francia,1.74 m,18 de febrero de 1973,Mediocampista,"7, 6","2002, 2006"
Claude Papi,Francia,,16 de abril de 1949,Mediocampista,12,1978
Claudio Borghi,Argentina,,28 de septiembre de 1964,Mediocampista,4,1986
Claudio Bravo,Chile,1.83 m,13 de abril de 1983,Arquero,1,"2010, 2014"
Claudio Caniggia,Argentina,1.72 m,9 de enero de 1967,Delantero,"8, 7, 21","1990, 1994, 2002"
Claudio Gentile,Italia,,27 de septiembre de 1953,Defensor,"5, 6","1978, 1982"
Claudio Husain,Argentina,1.77 m,20 de noviembre de 1974,Mediocampista,15,2002
Claudio Jara,Costa Rica,,6 de mayo de 1959,Delantero,11,1990
Claudio Lezcano,Paraguay,,,Delantero,16,1958
Claudio Lopez,Argentina,1.76 m,17 de julio de 1974,Delantero,7,"1998, 2002"
Claudio Marchisio,Italia,1.79 m,19 de enero de 1986,Mediocampista,"15, 8","2010, 2014"
Claudio Morel,Paraguay,1.75 m,2 de febrero de 1978,Defensor,3,2010
Claudio Reyna,Estados Unidos,1.78 m,20 de julio de 1973,Mediocampista,"19, 21, 10","1994, 1998, 2002, 2006"
Claudio Sala,Italia,,8 de septiembre de 1947,Mediocampista,17,1978
Claudio Suarez,México,1.81 m,17 de diciembre de 1968,Defensor,2,"1994, 1998, 2006"
Claus Jensen,Dinamarca,1.83 m,29 de abril de 1977,Mediocampista,14,2002
Clayton,Túnez,1.80 m,21 de marzo de 1974,Defensor,"17, 23","1998, 2002"
Clayton Ince,Trinidad y Tobago,1.91 m,13 de julio de 1972,Arquero,22,2006
Cle Kooiman,Estados Unidos,,3 de julio de 1963,Defensor,4,1994
Clemente Rodriguez,Argentina,1.66 m,31 de julio de 1981,Defensor,3,2010
Clever Chala,Ecuador,1.80 m,29 de junio de 1971,Mediocampista,16,2002
Cliff Jones,Gales,,7 de febrero de 1935,Delantero,11,1958
Clint Dempsey,Estados Unidos,1.85 m,9 de marzo de 1983,Mediocampista,8,"2006, 2010, 2014"
Clint Mathis,Estados Unidos,1.78 m,25 de noviembre de 1976,Delantero,11,2002
Clinton Morrison,Irlanda,1.78 m,14 de mayo de 1979,Delantero,19,2002
Clodoaldo,Brasil,,26 de septiembre de 1949,Mediocampista,5,1970
Cobi Jones,Estados Unidos,1.70 m,16 de junio de 1970,Mediocampista,13,"1994, 1998, 2002"
Cody Gakpo,Paises Bajos,1.93 m,7 de mayo de 1999,Mediocampista,8,2022
Colin Baker,Gales,,18 de diciembre de 1934,Mediocampista,15,1958
Colin Bell,Inglaterra,,26 de febrero de 1946,Mediocampista,19,1970
Colin Calderwood,Escocia,,20 de enero de 1965,Defensor,4,1998
Colin Clarke,Irlanda del Norte,,30 de octubre de 1962,Delantero,17,1986
Colin Curran,Australia,,21 de agosto de 1947,Defensor,5,1974
Colin Hendry,Escocia,,7 de diciembre de 1965,Defensor,5,1998
Colin Mc Donald,Inglaterra,,15 de octubre de 1930,Arquero,1,1958
Colin Miller,Canadá,,4 de octubre de 1964,Defensor,20,1986
Colin Webster,Gales,,17 de julio de 1932,Delantero,19,1958
Collin Samuel,Trinidad y Tobago,1.75 m,27 de agosto de 1981,Delantero,12,2006
Collins Faï,Camerún,1.65 m,13 de agosto de 1992,Defensor,19,2022
Coloman Braun-Bogdan,Rumania,,13 de octubre de 1905,Delantero,-,1938
Coluna,Portugal,,6 de agosto de 1935,Mediocampista,10,1966
Comunardo Niccolai,Italia,,15 de diciembre de 1946,Defensor,7,1970
Conduelo Piriz,Uruguay,,9 de octubre de 1904,Mediocampista,-,1930
Connor Coady,Inglaterra,1.84 m,25 de febrero de 1993,Defensor,16,2022
Connor Gallagher,Inglaterra,1.83 m,6 de febrero de 2000,Mediocampista,26,2022
Connor Roberts,Gales,1.75 m,23 de septiembre de 1995,Defensor,14,2022
Conny Torstensson,Suecia,,28 de agosto de 1949,Delantero,"8, 16","1974, 1978"
Constant Djakpa,Costa de Marfil,1.77 m,17 de octubre de 1986,Defensor,18,2014
Constant Huysmans,Bélgica,,11 de octubre de 1928,Mediocampista,4,1954
Constantin Galca,Rumania,,8 de marzo de 1972,Mediocampista,"18, 5","1994, 1998"
Constantin Stanciu,Rumania,,1 de enero de 1911,Delantero,-,1930
Corentin Tolisso,Francia,1.81 m,3 de agosto de 1994,Mediocampista,12,2018
Corneel Seys,Bélgica,,12 de febrero de 1912,Defensor,-,1938
Cornel Dinu,Rumania,,2 de agosto de 1948,Defensor,5,1970
Corneliu Papura,Rumania,,5 de septiembre de 1973,Defensor,19,1994
Corneliu Robe,Rumania,,23 de mayo de 1908,Mediocampista,-,1930
Cornell Glen,Trinidad y Tobago,1.75 m,21 de octubre de 1980,Delantero,13,2006
Costant Joacim,Bélgica,,3 de marzo de 1908,Defensor,-,1934
Costantino Urbieta Sosa,Argentina,,12 de agosto de 1907,Mediocampista,-,1934
Costinha,Portugal,1.80 m,1 de diciembre de 1974,Mediocampista,6,2006
Coutinho,Brasil,,11 de junio de 1943,Delantero,9,1962
Craig Burley,Escocia,,24 de septiembre de 1971,Mediocampista,8,1998
Craig Goodwin,Australia,1.83 m,16 de diciembre de 1991,Delantero,23,2022
Craig Levein,Escocia,,22 de octubre de 1964,Defensor,15,1990
Craig Moore,Australia,1.86 m,12 de diciembre de 1975,Defensor,3,"2006, 2010"
Crescencio Gutierrez,México,,26 de octubre de 1933,Delantero,10,1958
Cris,Brasil,1.83 m,3 de junio de 1977,Defensor,15,2006
Crisanto Bosch,España,,26 de diciembre de 1907,Delantero,-,1934
Cristian Ansaldi,Argentina,1.78 m,20 de septiembre de 1986,Defensor,4,2018
Cristian Benitez,Ecuador,1.68 m,1 de mayo de 1986,Delantero,23,2006
Cristian Castaneda,Chile,,18 de septiembre de 1968,Defensor,2,1998
Cristian Gamboa,Costa Rica,1.73 m,24 de octubre de 1989,Defensor,16,"2014, 2018"
Cristian Gonzalez,Argentina,1.75 m,4 de agosto de 1974,Delantero,18,2002
Cristian Mora,Ecuador,1.85 m,26 de agosto de 1979,Arquero,12,2006
Cristian Pavón,Argentina,1.67 m,21 de enero de 1996,Mediocampista,22,2018
Cristian Riveros,Paraguay,1.79 m,16 de octubre de 1982,Mediocampista,16,"2006, 2010"
Cristian Rodríguez,Uruguay,1.75 m,30 de septiembre de 1985,Mediocampista,7,"2014, 2018"
Cristian Roldan,Estados Unidos,1.72 m,3 de junio de 1995,Mediocampista,17,2022
Cristian Romero,Argentina,1.85 m,27 de abril de 1998,Defensor,13,2022
Cristian Zaccardo,Italia,1.84 m,21 de diciembre de 1981,Defensor,2,2006
Cristian Zapata,Colombia,1.89 m,30 de septiembre de 1986,Defensor,2,"2014, 2018"
Cristiano Doni,Italia,1.85 m,1 de abril de 1973,Mediocampista,11,2002
Cristiano Ronaldo,Portugal,1.87 m,5 de febrero de 1985,Delantero,"17, 7","2006, 2010, 2014, 2018, 2022"
Cristiano Zanetti,Italia,1.80 m,10 de abril de 1977,Mediocampista,6,2002
Cristobal Ortega,México,,25 de julio de 1956,"Delantero, Mediocampista","10, 21","1978, 1986"
Cristopher Toselli,Chile,1.83 m,15 de junio de 1988,Arquero,12,2014
Cruz,Portugal,,12 de agosto de 1940,Defensor,14,1966
Cuauhtemoc Blanco,México,1.78 m,17 de enero de 1973,Delantero,"11, 10","1998, 2002, 2010"
Curro Torres,España,1.80 m,27 de diciembre de 1976,Defensor,2,2002
Curt Bergsten,Suecia,,,Delantero,-,1938
Custodio Pinto,Portugal,,9 de febrero de 1942,Mediocampista,19,1966
Cyd Gray,Trinidad y Tobago,1.73 m,21 de noviembre de 1976,Defensor,8,2006
Cyle Larin,Canadá,1.88 m,17 de abril de 1995,Delantero,17,2022
Cyril Nzama,Sudáfrica,1.82 m,26 de junio de 1974,Defensor,2,2002
Cyrille Domoraud,Costa de Marfil,1.80 m,22 de julio de 1971,Defensor,17,2006
Cyrille Makanaky,Camerún,,28 de junio de 1965,Delantero,20,1990
Czeslaw Povolny,Francia,,,Defensor,-,1938
Daaf Drok,Paises Bajos,,23 de mayo de 1914,Delantero,-,1938
Dado Prso,Croacia,1.87 m,5 de noviembre de 1974,Delantero,9,2006
Dae Shik Choi,Corea del Sur,,10 de enero de 1965,Mediocampista,14,1994
Dae-Sung Ha,Corea del Sur,1.80 m,2 de marzo de 1985,Mediocampista,8,2014
Dagoberto Fontes,Uruguay,,6 de junio de 1943,Delantero,15,1970
Daichi Kamada,Japón,1.80 m,5 de agosto de 1996,Mediocampista,15,2022
Daiki Iwamasa,Japón,1.87 m,30 de enero de 1982,Defensor,13,2010
Daisuke Ichikawa,Japón,1.81 m,14 de mayo de 1980,Mediocampista,22,2002
Daisuke Matsui,Japón,1.75 m,11 de mayo de 1981,Mediocampista,8,2010
Daizen Maeda,Japón,1.76 m,20 de octubre de 1997,Delantero,25,2022
Dale Mitchell,Canadá,,21 de abril de 1958,Delantero,14,1986
Daler Kuzyayev,Rusia,1.77 m,15 de enero de 1993,Mediocampista,7,2018
Daley Blind,Paises Bajos,1.80 m,9 de marzo de 1990,Defensor,"5, 17","2014, 2022"
Dalibor Stevanovic,Eslovenia,1.83 m,27 de septiembre de 1984,Mediocampista,21,2010
DaMarcus Beasley,Estados Unidos,1.70 m,24 de mayo de 1982,Mediocampista,"17, 7","2002, 2006, 2010, 2014"
Damas,Portugal,,8 de octubre de 1947,Arquero,22,1986
Damian Lanza,Ecuador,1.86 m,10 de abril de 1982,Arquero,22,2006
Damian Szymanski,Polonia,1.85 m,16 de junio de 1995,Mediocampista,8,2022
Damiano Tommasi,Italia,1.77 m,17 de mayo de 1974,Mediocampista,17,2002
Damien Duff,Irlanda,1.77 m,2 de marzo de 1979,Delantero,9,2002
Dan Coe,Rumania,,8 de septiembre de 1941,Defensor,6,1970
Dan Eggen,Noruega,,13 de enero de 1970,Defensor,"17, 15","1994, 1998"
Dan James,Gales,1.71 m,10 de noviembre de 1997,Delantero,20,2022
Dan Petrescu,Rumania,,22 de diciembre de 1967,Defensor,2,"1994, 1998"
Dani,España,,28 de junio de 1951,Delantero,7,1978
Dani Alves,Brasil,1.72 m,6 de mayo de 1983,Defensor,"13, 2","2010, 2014, 2022"
Dani Carvajal,España,1.73 m,11 de enero de 1992,Defensor,"2, 20","2018, 2022"
Dani Olmo,España,1.79 m,7 de mayo de 1998,Delantero,21,2022
Dani Shmulevich-Rom,Israel,,29 de noviembre de 1940,Delantero,14,1970
Daniel Afriyie,Ghana,1.70 m,26 de junio de 2001,Delantero,13,2022
Daniel Agger,Dinamarca,1.88 m,12 de diciembre de 1984,Defensor,4,2010
Daniel Agyei,Ghana,1.86 m,10 de noviembre de 1989,Arquero,1,2010
Daniel Akpeyi,Nigeria,1.87 m,3 de agosto de 1986,Arquero,16,2018
Daniel Amartey,Ghana,1.86 m,21 de diciembre de 1994,Defensor,18,2022
Daniel Amokachi,Nigeria,,30 de diciembre de 1972,Delantero,14,"1994, 1998"
Daniel Andersson,Suecia,1.78 m,28 de agosto de 1977,Mediocampista,"20, 19","2002, 2006"
Daniel Arzani,Australia,1.71 m,4 de enero de 1999,Mediocampista,17,2018
Daniel Bertoni,Argentina,,14 de marzo de 1955,Delantero,4,"1978, 1982"
Daniel Borimirov,Bulgaria,,15 de enero de 1970,Mediocampista,"11, 18","1994, 1998"
Daniel Cambronero,Costa Rica,1.80 m,8 de enero de 1986,Arquero,23,2014
Daniel Carnevali,Argentina,,4 de diciembre de 1946,Arquero,1,1974
Daniel Chacón,Costa Rica,1.83 m,11 de abril de 2001,Defensor,2,2022
Daniel Colindres,Costa Rica,1.80 m,10 de enero de 1985,Mediocampista,9,2018
Daniel Davari,Irán,1.92 m,6 de enero de 1988,Arquero,22,2014
Daniel Fernandes,Portugal,1.94 m,25 de septiembre de 1983,Arquero,22,2010
Daniel Fonseca,Uruguay,,13 de septiembre de 1969,Delantero,19,1990
Daniel Gygax,Suiza,1.79 m,28 de agosto de 1981,Delantero,10,2006
Daniel Jensen,Dinamarca,1.80 m,25 de junio de 1979,Mediocampista,7,2010
Daniel Killer,Argentina,,21 de diciembre de 1949,Defensor,11,1978
Daniel-Kofi Kyereh,Ghana,1.79 m,8 de marzo de 1996,Mediocampista,8,2022
Daniel Kome,Camerún,1.72 m,19 de mayo de 1980,Mediocampista,23,2002
Daniel Opare,Ghana,1.73 m,18 de octubre de 1990,Defensor,4,2014
Daniel Passarella,Argentina,,25 de mayo de 1953,Defensor,"19, 15, 6","1978, 1982, 1986"
Daniel Prodan,Rumania,,23 de marzo de 1972,Defensor,3,1994
Daniel Quaye,Ghana,1.78 m,25 de diciembre de 1980,Defensor,17,2006
Daniel Sanabria,Paraguay,1.82 m,8 de febrero de 1977,Defensor,19,2002
Daniel Saric,Croacia,1.78 m,4 de agosto de 1972,Defensor,15,2002
Daniel Schmid,Japón,1.97 m,3 de febrero de 1992,Arquero,23,2022
Daniel Sturridge,Inglaterra,1.88 m,1 de septiembre de 1989,Delantero,9,2014
Daniel Timofte,Rumania,,1 de octubre de 1967,Delantero,16,1990
Daniel Vallejos,Costa Rica,1.75 m,27 de mayo de 1981,Mediocampista,13,2002
Daniel van Buyten,Bélgica,1.97 m,7 de febrero de 1978,Defensor,"16, 15","2002, 2014"
Daniel Veyt,Bélgica,,9 de diciembre de 1956,Delantero,18,1986
Daniel Viteri,Ecuador,1.85 m,12 de diciembre de 1981,Arquero,22,2002
Daniel Wass,Dinamarca,1.81 m,31 de mayo de 1989,Defensor,18,2022
Daniel Xuereb,Francia,,22 de junio de 1959,Delantero,20,1986
Daniel Yeboah,Costa de Marfil,1.87 m,13 de noviembre de 1984,Arquero,23,2010
Daniele De Rossi,Italia,1.82 m,24 de julio de 1983,Mediocampista,"4, 6, 16","2006, 2010, 2014"
Daniele Massaro,Italia,,23 de mayo de 1961,"Delantero, Mediocampista","17, 19","1982, 1994"
Danijel Ljuboja,Serbia y Montenegro,1.87 m,4 de septiembre de 1978,Delantero,21,2006
Danijel Pranjic,Croacia,1.72 m,2 de diciembre de 1981,Defensor,3,2014
Danijel Subasic,Croacia,1.91 m,27 de octubre de 1984,Arquero,23,"2014, 2018"
Danilo,Brasil,1.84 m,15 de julio de 1991,Defensor,"14, 2","2018, 2022"
Danilo Aceval,Paraguay,,15 de septiembre de 1975,Arquero,12,1998
Danilo Alvim,Brasil,,3 de diciembre de 1920,Mediocampista,-,1950
Danilo Pereira,Portugal,1.88 m,9 de septiembre de 1991,Defensor,13,2022
Danilo Popivoda,Yugoslavia,,1 de mayo de 1948,Delantero,17,1974
Danilo Turcios,Honduras,1.66 m,8 de mayo de 1978,Mediocampista,19,2010
Danko Lazovic,Serbia,1.85 m,17 de mayo de 1983,Delantero,8,2010
Danny,Portugal,1.79 m,7 de agosto de 1983,Delantero,10,2010
Danny Blanchflower,Irlanda del Norte,,10 de febrero de 1926,Mediocampista,4,1958
Danny Blind,Paises Bajos,,1 de agosto de 1961,Defensor,"21, 15","1990, 1994"
Danny Boffin,Bélgica,1.73 m,10 de julio de 1965,Mediocampista,"16, 21","1994, 1998, 2002"
Danny Fonseca,Costa Rica,1.79 m,7 de noviembre de 1979,Mediocampista,6,2006
Danny Mcgrain,Escocia,,1 de mayo de 1950,Defensor,"3, 2","1974, 1982"
Danny Mills,Inglaterra,1.80 m,18 de mayo de 1977,Defensor,2,2002
Danny Rose,Inglaterra,1.73 m,2 de julio de 1990,Defensor,3,2018
Danny Shittu,Nigeria,1.90 m,2 de septiembre de 1980,Defensor,6,2010
Danny Vukovic,Australia,1.87 m,27 de marzo de 1985,Arquero,18,"2018, 2022"
Danny Ward,Gales,1.91 m,22 de junio de 1993,Arquero,12,2022
Danny Welbeck,Inglaterra,1.85 m,26 de noviembre de 1990,Delantero,"11, 14","2014, 2018"
Dante,Brasil,1.88 m,18 de octubre de 1983,Defensor,13,2014
Dante Lopez,Paraguay,1.85 m,16 de agosto de 1983,Delantero,20,2006
Danut Lupu,Rumania,,27 de febrero de 1967,Mediocampista,11,1990
Dany Nounkeu,Camerún,1.84 m,11 de abril de 1986,Defensor,5,2014
Dany Verlinden,Bélgica,,15 de agosto de 1963,Arquero,"20, 13","1994, 1998"
Dare Nibombe,Togo,1.96 m,16 de junio de 1980,Defensor,2,2006
Darijo Srna,Croacia,1.82 m,1 de mayo de 1982,Mediocampista,"2, 11","2006, 2014"
Dario,Brasil,,4 de marzo de 1946,Delantero,20,1970
Dario Jara Saguier,Paraguay,,1 de septiembre de 1926,Delantero,-,1950
Dario Rodriguez,Uruguay,1.86 m,17 de septiembre de 1974,Defensor,6,2002
Dario Rojas,Bolivia,,20 de enero de 1960,Arquero,12,1994
Dario Segovia,Paraguay,,,Defensor,14,1958
Dario Silva,Uruguay,1.78 m,2 de noviembre de 1972,Delantero,9,2002
Dario Simic,Croacia,1.80 m,12 de noviembre de 1975,Defensor,"20, 7","1998, 2002, 2006"
Dario Veron,Paraguay,1.81 m,26 de julio de 1979,Defensor,2,2010
Dario Vidosic,Australia,1.85 m,8 de abril de 1987,Mediocampista,"22, 20","2010, 2014"
Darius Vassell,Inglaterra,1.70 m,13 de junio de 1980,Delantero,20,2002
Dariusz Dudka,Polonia,1.82 m,9 de diciembre de 1983,Defensor,17,2006
Dariusz Dziekanowski,Polonia,,30 de septiembre de 1962,Mediocampista,21,1986
Dariusz Kubicki,Polonia,,6 de junio de 1963,Defensor,14,1986
Darko Kovacevic,RF de Yugoslavia,1.88 m,18 de noviembre de 1973,Delantero,22,1998
Darko Lazovic,Serbia,1.81 m,15 de septiembre de 1990,Mediocampista,22,2022
Darko Pancev,Yugoslavia,,7 de septiembre de 1965,Delantero,9,1990
Darren Anderton,Inglaterra,1.87 m,3 de marzo de 1972,Mediocampista,14,1998
Darren Jackson,Escocia,,25 de julio de 1966,Delantero,10,1998
Darryl Powell,Jamaica,,15 de noviembre de 1971,Mediocampista,20,1998
Darwin Núñez,Uruguay,1.85 m,24 de junio de 1999,Delantero,11,2022
Daryl Janmaat,Paises Bajos,1.85 m,20 de julio de 1989,Defensor,7,2014
Dave Beasant,Inglaterra,,20 de marzo de 1959,Arquero,22,1990
Dave Bowen,Gales,,7 de junio de 1928,Mediocampista,6,1958
Dave Bright,Nueva Zelanda,,29 de noviembre de 1949,Defensor,5,1982
Dave Harding,Australia,,14 de agosto de 1946,Mediocampista,17,1974
Dave Mackay,Escocia,,14 de noviembre de 1934,Mediocampista,11,1958
Dave Mulligan,Nueva Zelanda,1.73 m,24 de marzo de 1982,Mediocampista,17,2010
David Acevedo,Argentina,,20 de febrero de 1937,Defensor,15,1958
David Albelda,España,1.81 m,1 de septiembre de 1977,Mediocampista,"14, 6","2002, 2006"
David Batty,Inglaterra,,2 de diciembre de 1968,Mediocampista,8,1998
David Beckham,Inglaterra,1.83 m,2 de mayo de 1975,Mediocampista,7,"1998, 2002, 2006"
David Bueso,Honduras,,5 de mayo de 1955,Mediocampista,11,1982
David Cabrera,El Salvador,,12 de septiembre de 1945,Delantero,15,1970
David Campbell,Irlanda del Norte,,2 de junio de 1965,Mediocampista,21,1986
David Carney,Australia,1.81 m,30 de noviembre de 1983,Defensor,21,2010
David Connolly,Irlanda,1.72 m,6 de junio de 1977,Delantero,13,2002
David Cooper,Escocia,,25 de febrero de 1956,Delantero,21,1986
David de Gea,España,1.92 m,7 de noviembre de 1990,Arquero,"12, 1","2014, 2018"
David Degen,Suiza,1.83 m,15 de febrero de 1983,Delantero,14,2006
David Embe,Camerún,,13 de noviembre de 1973,Delantero,19,1994
David Guzmán,Costa Rica,1.76 m,18 de febrero de 1990,Mediocampista,20,2018
David Harvey,Escocia,,7 de febrero de 1948,Arquero,1,1974
David James,Inglaterra,1.94 m,1 de agosto de 1970,Arquero,"22, 13, 1","2002, 2006, 2010"
David Jarolim,República Checa,1.72 m,17 de mayo de 1979,Mediocampista,14,2006
David Jemmali,Túnez,1.88 m,13 de diciembre de 1974,Defensor,18,2006
David Karako,Israel,,11 de febrero de 1945,Defensor,20,1970
David Kelly,Irlanda,,25 de noviembre de 1965,Delantero,"19, 20","1990, 1994"
David Luiz,Brasil,1.89 m,22 de abril de 1987,Defensor,4,2014
David Mccreery,Irlanda del Norte,,16 de septiembre de 1957,Mediocampista,"4, 6","1982, 1986"
David Mcpherson,Escocia,,28 de enero de 1964,Defensor,19,1990
David Myrie,Costa Rica,1.85 m,1 de junio de 1988,Defensor,8,2014
David Narey,Escocia,,12 de junio de 1956,Defensor,14,"1982, 1986"
David Norman,Canadá,,6 de mayo de 1962,Mediocampista,17,1986
David Nyathi,Sudáfrica,,22 de marzo de 1969,Defensor,3,1998
David Odonkor,Alemania,1.74 m,21 de febrero de 1984,Mediocampista,22,2006
David O'Leary,Irlanda,,2 de mayo de 1958,Defensor,12,1990
David Ospina,Colombia,1.83 m,31 de agosto de 1988,Arquero,1,"2014, 2018"
David Platt,Inglaterra,,10 de junio de 1966,Mediocampista,17,1990
David Primo,Israel,,5 de mayo de 1946,Defensor,4,1970
David Provan,Escocia,,8 de mayo de 1956,Delantero,20,1982
David Raum,Alemania,1.80 m,22 de abril de 1998,Defensor,3,2022
David Raya,España,1.83 m,15 de septiembre de 1995,Arquero,13,2022
David Regis,Estados Unidos,1.80 m,2 de diciembre de 1968,Defensor,6,"1998, 2002"
David Rozehnal,República Checa,1.91 m,5 de julio de 1980,Defensor,22,2006
David Seaman,Inglaterra,1.91 m,19 de septiembre de 1963,Arquero,1,"1998, 2002"
David Silva,España,1.77 m,8 de enero de 1986,Mediocampista,21,"2010, 2014, 2018"
David Suazo,Honduras,1.83 m,5 de noviembre de 1979,Delantero,11,2010
David Trezeguet,Francia,1.87 m,15 de octubre de 1977,Delantero,20,"1998, 2002, 2006"
David Vanole,Estados Unidos,,6 de febrero de 1963,Arquero,22,1990
David Villa,España,1.75 m,3 de diciembre de 1981,Delantero,"21, 7","2006, 2010, 2014"
David Weir,Escocia,,10 de mayo de 1970,Defensor,16,1998
David Wotherspoon,Canadá,1.72 m,16 de enero de 1990,Mediocampista,24,2022
Davie Hay,Escocia,,29 de enero de 1948,Mediocampista,10,1974
Davie Mathers,Escocia,,23 de octubre de 1931,Mediocampista,17,1954
Dávinson Sánchez,Colombia,1.87 m,12 de junio de 1996,Defensor,23,2018
Davor Jozic,Yugoslavia,,22 de septiembre de 1960,Defensor,6,1990
Davor Suker,Yugoslavia,1.81 m,1 de enero de 1968,Delantero,"20, 9","1990, 1998, 2002"
Davor Vugrinec,Croacia,1.79 m,24 de marzo de 1975,Mediocampista,7,2002
Davy Klaassen,Paises Bajos,1.79 m,21 de febrero de 1993,Mediocampista,14,2022
Dawid Kownacki,Polonia,1.87 m,14 de marzo de 1997,Delantero,23,2018
Dayne St. Clair,Canadá,1.91 m,9 de mayo de 1997,Arquero,1,2022
Dayot Upamecano,Francia,1.86 m,27 de octubre de 1998,Defensor,18,2022
De Pedro,España,1.80 m,4 de agosto de 1973,Mediocampista,11,2002
De Sordi,Brasil,,14 de febrero de 1931,Defensor,14,1958
Dean Kiely,Irlanda,1.84 m,10 de octubre de 1970,Arquero,16,2002
Dean Sewell,Jamaica,,13 de abril de 1972,Defensor,12,1998
DeAndre Yedlin,Estados Unidos,1.71 m,9 de julio de 1993,Defensor,"2, 22","2014, 2022"
Declan Rice,Inglaterra,1.88 m,14 de enero de 1999,Mediocampista,4,2022
Deco,Portugal,1.75 m,27 de agosto de 1977,Mediocampista,20,"2006, 2010"
Dedryck Boyata,Bélgica,1.88 m,29 de noviembre de 1990,Defensor,20,2018
Dejan Govedarica,RF de Yugoslavia,,2 de octubre de 1969,Mediocampista,18,1998
Dejan Lovren,Croacia,1.88 m,5 de julio de 1989,Defensor,6,"2014, 2018, 2022"
Dejan Nemec,Eslovenia,1.84 m,1 de marzo de 1977,Arquero,22,2002
Dejan Savicevic,Yugoslavia,,15 de septiembre de 1966,"Delantero, Mediocampista","19, 8","1990, 1998"
Dejan Stankovic,RF de Yugoslavia,1.81 m,11 de septiembre de 1978,Mediocampista,"20, 10","1998, 2006, 2010"
Dele Adeleye,Nigeria,1.89 m,25 de diciembre de 1988,Defensor,22,2010
Dele Aiyenugba,Nigeria,1.86 m,20 de noviembre de 1983,Arquero,23,2010
Dele Alli,Inglaterra,1.88 m,11 de abril de 1996,Mediocampista,20,2018
Delfin Benitez Caceres,Paraguay,,24 de octubre de 1910,Delantero,-,1930
Delgado,Angola,1.78 m,1 de noviembre de 1979,Defensor,21,2006
Delio Gamboa,Colombia,,28 de enero de 1936,Delantero,19,1962
Delio Toledo,Paraguay,1.82 m,10 de febrero de 1976,Defensor,3,2006
Delron Buckley,Sudáfrica,1.75 m,7 de diciembre de 1977,Mediocampista,"13, 18","1998, 2002"
Demetrio Albertini,Italia,1.80 m,23 de agosto de 1971,Mediocampista,"11, 9","1994, 1998"
Demetrio Neyra,Perú,,15 de diciembre de 1908,Delantero,-,1930
Demy De Zeeuw,Paises Bajos,1.74 m,26 de mayo de 1983,Mediocampista,14,2010
Denilson,Brasil,,28 de marzo de 1943,Mediocampista,13,1966
Denilson,Brasil,1.77 m,24 de agosto de 1977,"Delantero, Mediocampista","19, 17","1998, 2002"
Denis Caniza,Paraguay,1.74 m,29 de agosto de 1974,Defensor,"20, 21, 4","1998, 2002, 2006, 2010"
Denis Cheryshev,Rusia,1.79 m,26 de diciembre de 1990,Mediocampista,6,2018
Denis Glushakov,Rusia,1.82 m,27 de enero de 1987,Mediocampista,8,2014
Denis Houf,Bélgica,,16 de febrero de 1932,Delantero,8,1954
Denis Irwin,Irlanda,,31 de octubre de 1965,Defensor,2,1994
Denis Law,Escocia,,24 de febrero de 1940,Delantero,19,1974
Denis Milar,Uruguay,,20 de junio de 1952,Delantero,19,1974
Denis Odoi,Ghana,1.78 m,27 de mayo de 1988,Defensor,3,2022
Denis Zakaria,Suiza,1.89 m,20 de noviembre de 1996,Mediocampista,"17, 6","2018, 2022"
Dennis Aogo,Alemania,1.84 m,14 de enero de 1987,Defensor,4,2010
Dennis Bergkamp,Paises Bajos,,10 de mayo de 1969,Delantero,"10, 8","1994, 1998"
Dennis Lawrence,Trinidad y Tobago,2.01 m,1 de agosto de 1974,Defensor,6,2006
Dennis Rommedahl,Dinamarca,1.78 m,22 de julio de 1978,Delantero,19,"2002, 2010"
Dennis Wilshaw,Inglaterra,,11 de marzo de 1926,Delantero,15,1954
Denny Landzaat,Paises Bajos,1.78 m,6 de mayo de 1976,Mediocampista,6,2006
Densill Theobald,Trinidad y Tobago,1.81 m,27 de junio de 1982,Mediocampista,18,2006
Denzel Dumfries,Paises Bajos,1.88 m,18 de abril de 1996,Defensor,22,2022
Deok Yeo Yoon,Corea del Sur,,25 de marzo de 1961,Defensor,4,1990
Deon Burton,Jamaica,,25 de octubre de 1976,Delantero,18,1998
Dequinha,Brasil,,19 de marzo de 1928,Mediocampista,16,1954
Derek Boateng,Ghana,1.85 m,2 de mayo de 1983,Mediocampista,9,"2006, 2010"
Derek Cornelius,Canadá,1.86 m,25 de noviembre de 1997,Defensor,25,2022
Derek Dougan,Irlanda del Norte,,20 de enero de 1938,Delantero,16,1958
Derek Johnstone,Escocia,,4 de noviembre de 1953,Delantero,17,1978
Derek Kevan,Inglaterra,,6 de marzo de 1935,Delantero,"9, 13","1958, 1962"
Derek Sullivan,Gales,,10 de agosto de 1930,Defensor,4,1958
Derek Whyte,Escocia,,31 de agosto de 1968,Defensor,19,1998
Derlis Gomez,Paraguay,1.81 m,2 de noviembre de 1972,Arquero,12,2006
Des Walker,Inglaterra,,26 de noviembre de 1965,Defensor,5,1990
Desire Bourgeois,Bélgica,,13 de diciembre de 1908,Mediocampista,-,1934
Desmond Armstrong,Estados Unidos,,2 de noviembre de 1964,Defensor,15,1990
Deuk Soo Kang,Corea del Sur,,16 de agosto de 1961,Delantero,22,1986
Devis Epassy,Camerún,1.87 m,2 de febrero de 1993,Arquero,16,2022
Dezso Bundzsak,Hungría,,3 de mayo de 1928,Delantero,10,1958
Dezso Molnar,Hungría,,2 de diciembre de 1939,Delantero,15,1966
Diafra Sakho,Senegal,1.84 m,24 de diciembre de 1989,Delantero,15,2018
Diamantino,Portugal,,3 de agosto de 1959,Delantero,17,1986
Dick Been,Paises Bajos,,,Defensor,-,1938
Dick Keith,Irlanda del Norte,,15 de mayo de 1933,Defensor,5,1958
Dick Nanninga,Paises Bajos,,17 de enero de 1949,Mediocampista,18,1978
Dickson Etuhu,Nigeria,1.91 m,8 de junio de 1982,Mediocampista,20,2010
Dida,Brasil,,16 de marzo de 1934,Delantero,21,1958
Dida,Brasil,1.95 m,7 de octubre de 1973,Arquero,"22, 12, 1","1998, 2002, 2006"
Didi,Brasil,,8 de octubre de 1928,Mediocampista,"8, 6","1954, 1958, 1962"
Didi Hamann,Alemania,1.91 m,27 de agosto de 1973,Mediocampista,"16, 8","1998, 2002"
Didier Angibeaud,Camerún,,8 de octubre de 1974,Mediocampista,8,1998
Didier Couecou,Francia,,25 de julio de 1944,Delantero,9,1966
Didier Deschamps,Francia,1.74 m,15 de octubre de 1968,Mediocampista,7,1998
Didier Drogba,Costa de Marfil,1.88 m,11 de marzo de 1978,Delantero,11,"2006, 2010, 2014"
Didier Six,Francia,,21 de agosto de 1954,Delantero,19,"1978, 1982"
Didier Ya Konan,Costa de Marfil,1.74 m,22 de mayo de 1984,Delantero,13,2014
Didier Zokora,Costa de Marfil,1.83 m,14 de diciembre de 1980,Mediocampista,5,"2006, 2010, 2014"
Diego Barreto,Paraguay,1.82 m,16 de julio de 1981,Arquero,12,2010
Diego Benaglio,Suiza,1.93 m,8 de septiembre de 1983,Arquero,"12, 1","2006, 2010, 2014"
Diego Calvo,Costa Rica,1.75 m,25 de marzo de 1991,Mediocampista,20,2014
Diego Costa,España,1.88 m,7 de octubre de 1988,Delantero,19,"2014, 2018"
Diego Florentin,Paraguay,,,Mediocampista,-,1930
Diego Forlan,Uruguay,1.81 m,19 de mayo de 1979,Delantero,"21, 10","2002, 2010, 2014"
Diego Gavilan,Paraguay,1.76 m,1 de marzo de 1980,Mediocampista,"14, 11","2002, 2006"
Diego Godin,Uruguay,1.85 m,16 de febrero de 1986,Defensor,3,"2010, 2014, 2018, 2022"
Diego Laxalt,Uruguay,1.77 m,7 de febrero de 1993,Mediocampista,17,2018
Diego Lugano,Uruguay,1.88 m,2 de noviembre de 1980,Defensor,2,"2010, 2014"
Diego Maradona,Argentina,1.65 m,30 de octubre de 1960,Mediocampista,10,"1982, 1986, 1990, 1994"
Diego Milito,Argentina,1.77 m,12 de junio de 1979,Delantero,19,2010
Diego Palacios,Ecuador,1.69 m,12 de julio de 1999,Defensor,18,2022
Diego Perez,Uruguay,1.76 m,18 de mayo de 1980,Mediocampista,15,"2010, 2014"
Diego Placente,Argentina,1.76 m,24 de abril de 1977,Defensor,13,2002
Diego Pozo,Argentina,1.83 m,16 de febrero de 1978,Arquero,1,2010
Diego Reyes,México,1.89 m,19 de septiembre de 1992,Defensor,5,2014
Diego Simeone,Argentina,1.78 m,28 de abril de 1970,Mediocampista,"14, 8","1994, 1998, 2002"
Diego Tristan,España,1.86 m,5 de enero de 1976,Delantero,10,2002
Dieter Burdenski,Alemania Occidental,,26 de noviembre de 1950,Arquero,22,1978
Dieter Herzog,Alemania Occidental,,15 de julio de 1946,Delantero,18,1974
Dieter Hoeness,Alemania Occidental,,7 de enero de 1953,Delantero,20,1986
Dieter Mueller,Alemania Occidental,,1 de abril de 1954,Delantero,14,1978
Dietmar Kuehbauer,Austria,1.72 m,4 de abril de 1971,Mediocampista,22,1998
Dimitar Dimov,Bulgaria,,13 de diciembre de 1937,Defensor,8,1962
Dimitar Kostov,Bulgaria,,27 de julio de 1936,Defensor,5,1962
Dimitar Largov,Bulgaria,,10 de septiembre de 1936,Defensor,15,1966
Dimitar Marashliev,Bulgaria,,31 de agosto de 1947,Delantero,18,1970
Dimitar Penev,Bulgaria,,12 de julio de 1945,Defensor,"5, 6","1966, 1970, 1974"
Dimitar Yakimov,Bulgaria,,12 de agosto de 1941,Delantero,"11, 13, 10","1962, 1966, 1970"
Dimitri Galiamin,Rusia,,8 de enero de 1963,Defensor,4,1994
Dimitri Petratos,Australia,1.76 m,10 de noviembre de 1992,Mediocampista,21,2018
Dimitrios Salpingidis,Grecia,1.71 m,18 de agosto de 1981,Delantero,14,"2010, 2014"
Dimitrios Saravakos,Grecia,,26 de julio de 1961,Delantero,7,1994
Dincer Mehmet,Turquía,,,Mediocampista,15,1954
Dinko Dermendzhiev,Bulgaria,,2 de junio de 1941,"Delantero, Mediocampista","19, 7, 11","1962, 1966, 1970"
Dino Baggio,Italia,,24 de julio de 1971,Mediocampista,"13, 11","1994, 1998"
Dino Sani,Brasil,,23 de mayo de 1932,Mediocampista,5,1958
Dino Zoff,Italia,,28 de febrero de 1942,Arquero,"12, 1","1970, 1974, 1978, 1982"
Diogenes Dominguez,Paraguay,,1 de enero de 1902,Delantero,-,1930
Diogenes Lara,Bolivia,,6 de abril de 1903,Mediocampista,-,1930
Diogo Costa,Portugal,1.92 m,19 de septiembre de 1999,Arquero,22,2022
Diogo Dalot,Portugal,1.84 m,18 de marzo de 1999,Defensor,2,2022
Dioniso Mejia,México,,6 de enero de 1907,Delantero,-,1930
Dionizije Dvornic,Yugoslavia,,27 de abril de 1926,Delantero,20,1954
Dirceu,Brasil,,15 de junio de 1952,"Delantero, Mediocampista","21, 11","1974, 1978, 1982"
Dirimlili Basri,Turquía,,7 de junio de 1929,Defensor,3,1954
Dirk Kuyt,Paises Bajos,1.84 m,22 de julio de 1980,Delantero,"7, 15","2006, 2010, 2014"
Dirk Medved,Bélgica,,15 de septiembre de 1968,Defensor,2,1994
Dirk Schoenaker,Paises Bajos,,30 de noviembre de 1952,Mediocampista,3,1978
Ditmar Jakobs,Alemania Occidental,,28 de agosto de 1953,Defensor,17,1986
Divock Origi,Bélgica,1.85 m,18 de abril de 1995,Delantero,17,2014
Djalma Santos,Brasil,,27 de febrero de 1929,Defensor,"2, 4","1954, 1958, 1962, 1966"
Djamal Abdoun,Argelia,1.80 m,14 de febrero de 1986,Mediocampista,22,2010
Djamel Menad,Argelia,,22 de julio de 1960,Delantero,9,1986
Djamel Mesbah,Argelia,1.80 m,9 de octubre de 1984,Defensor,"20, 6","2010, 2014"
Djamel Tlemcani,Argelia,,16 de abril de 1955,Mediocampista,19,1982
Djamel Zidane,Argelia,,28 de abril de 1955,Mediocampista,14,"1982, 1986"
Djibril Cisse,Francia,1.82 m,12 de agosto de 1981,Delantero,9,"2002, 2010"
Djibril Sidibé,Francia,1.82 m,21 de julio de 1992,Defensor,19,2018
Djibril Sow,Suiza,1.83 m,6 de febrero de 1997,Mediocampista,15,2022
Djordje Vujadinovic,Yugoslavia,,6 de diciembre de 1909,Delantero,-,1930
Djorkaeff Reasco,Ecuador,1.72 m,18 de enero de 1999,Delantero,24,2022
Dmitri Kharin,Rusia,,16 de agosto de 1968,Arquero,16,1994
Dmitri Khlestov,Rusia,1.77 m,21 de enero de 1971,Defensor,21,1994
Dmitri Kuznetsov,Rusia,,28 de agosto de 1965,Defensor,2,1994
Dmitri Popov,Rusia,,27 de febrero de 1967,Mediocampista,8,1994
Dmitri Radchenko,Rusia,,2 de diciembre de 1970,Delantero,15,1994
Dmitri Sennikov,Rusia,1.83 m,24 de junio de 1976,Defensor,18,2002
Dmitri Sychev,Rusia,1.75 m,26 de octubre de 1983,Delantero,22,2002
Dmitri Kombarov,Rusia,1.83 m,22 de enero de 1987,"Defensor, Mediocampista",23,2014
Dmitry Alenichev,Rusia,1.78 m,20 de octubre de 1972,Mediocampista,15,2002
Dmitry Khokhlov,Rusia,1.89 m,22 de diciembre de 1975,Mediocampista,21,2002
Dmytro Chigrynskyi,Ucrania,1.90 m,7 de noviembre de 1986,Defensor,13,2006
Do Heon Kim,Corea del Sur,1.75 m,14 de julio de 1982,Mediocampista,8,2006
Do Hoon Kim,Corea del Sur,1.82 m,21 de julio de 1970,Delantero,9,1998
Do Keun Kim,Corea del Sur,1.80 m,2 de marzo de 1972,Mediocampista,7,1998
Dobromir Zhechev,Bulgaria,,12 de noviembre de 1942,Defensor,"12, 6, 14, 3","1962, 1966, 1970, 1974"
Dobrosav Krstic,Yugoslavia,,5 de febrero de 1934,Mediocampista,8,1958
Doca,Brasil,,7 de marzo de 1903,Delantero,-,1930
Doctor Khumalo,Sudáfrica,,26 de junio de 1967,Mediocampista,15,1998
Domagoj Vida,Croacia,1.84 m,29 de abril de 1989,Defensor,21,"2014, 2018, 2022"
Domenico Criscito,Italia,1.75 m,30 de diciembre de 1986,Defensor,3,2010
Domingo Drummond,Honduras,,14 de abril de 1957,Defensor,12,1982
Domingo Garcia,Perú,,1 de enero de 1904,Mediocampista,-,1930
Domingo Perez,Uruguay,,7 de junio de 1936,Delantero,"7, 11","1962, 1966"
Domingo Tejera,Uruguay,,27 de julio de 1899,Defensor,-,1930
Domingos Da Guia,Brasil,,19 de noviembre de 1912,Defensor,-,1938
Dominic Adiyiah,Ghana,1.70 m,29 de noviembre de 1989,Delantero,18,2010
Dominik Livaković,Croacia,1.88 m,9 de enero de 1995,Arquero,1,"2018, 2022"
Dominique Baratelli,Francia,,26 de diciembre de 1947,Arquero,1,"1978, 1982"
Dominique Bathenay,Francia,,13 de febrero de 1954,Mediocampista,9,1978
Dominique Colonna,Francia,,4 de septiembre de 1928,Arquero,2,1958
Dominique Dropsy,Francia,,9 de diciembre de 1951,Arquero,22,1978
Dominique Herr,Suiza,,25 de octubre de 1965,Defensor,4,1994
Dominique Rocheteau,Francia,,14 de enero de 1955,Delantero,18,"1978, 1982, 1986"
Don Howe,Inglaterra,,12 de octubre de 1935,Defensor,"2, 21","1958, 1962"
Don Masson,Escocia,,26 de agosto de 1946,Mediocampista,7,1978
Donald Ford,Escocia,,25 de octubre de 1944,Mediocampista,17,1974
Dong Gook Lee,Corea del Sur,1.85 m,29 de abril de 1979,Delantero,"21, 20","1998, 2010"
Dong Jin Kim,Corea del Sur,1.84 m,29 de enero de 1982,Defensor,"3, 15","2006, 2010"
Dong Myung Seo,Corea del Sur,1.94 m,4 de mayo de 1974,Arquero,22,1998
Dong-Won Ji,Corea del Sur,1.87 m,28 de mayo de 1991,Delantero,19,2014
Dong Woon Li,Corea del Norte,,4 de julio de 1945,Defensor,16,1966
Doni,Brasil,1.94 m,22 de octubre de 1979,Arquero,22,2010
Doni Novak,Eslovenia,1.72 m,4 de septiembre de 1969,Mediocampista,7,2002
Donis Escober,Honduras,1.80 m,3 de febrero de 1981,Arquero,22,"2010, 2014"
Donovan Ricketts,Jamaica,,6 de julio de 1977,Arquero,14,1998
Doo Ik Pak,Corea del Norte,,17 de diciembre de 1943,Mediocampista,7,1966
Dook Jong Hong,Corea del Sur,,5 de mayo de 1921,Arquero,1,1954
Dorin Mateut,Rumania,,5 de agosto de 1965,Mediocampista,15,1990
Dorinel Munteanu,Rumania,,25 de junio de 1968,Mediocampista,"7, 8","1994, 1998"
Doriva,Brasil,,28 de mayo de 1972,Mediocampista,17,1998
Dorst,Indias Orientales Holand.,,,Defensor,-,1938
Doug Cowie,Escocia,,1 de mayo de 1926,Mediocampista,"7, 12","1954, 1958"
Doug Utjesenovic,Australia,,8 de octubre de 1946,Defensor,2,1974
Douglas Costa,Brasil,1.72 m,14 de septiembre de 1990,Mediocampista,7,2018
Douglas López,Costa Rica,1.80 m,21 de septiembre de 1998,Mediocampista,21,2022
Douglas Sequeira,Costa Rica,1.86 m,23 de agosto de 1977,Mediocampista,20,2006
Dragan Dzajic,Yugoslavia,,30 de mayo de 1946,Delantero,11,1974
Dragan Mihajlovic,Yugoslavia,,13 de diciembre de 1906,Defensor,-,1930
Dragan Mrdja,Serbia,1.87 m,23 de enero de 1984,Delantero,21,2010
Dragan Pantelic,Yugoslavia,,9 de diciembre de 1951,Arquero,1,1982
Dragan Stojkovic,Yugoslavia,1.75 m,3 de marzo de 1965,Mediocampista,10,"1990, 1998"
Dragoje Lekovic,Yugoslavia,,21 de noviembre de 1967,Arquero,"22, 12","1990, 1998"
Dragoljub Brnovic,Yugoslavia,,2 de noviembre de 1963,Mediocampista,7,1990
Dragomir Tosic,Yugoslavia,,8 de noviembre de 1909,Defensor,-,1930
Dragoslav Jevric,Serbia y Montenegro,1.86 m,8 de julio de 1974,Arquero,1,2006
Dragoslav Sekularac,Yugoslavia,,30 de noviembre de 1937,Mediocampista,"15, 8","1958, 1962"
Dragutin Najdanovic,Yugoslavia,,15 de abril de 1908,Delantero,-,1930
Drazen Jerkovic,Yugoslavia,,6 de agosto de 1936,Delantero,"22, 9","1958, 1962"
Drazen Ladic,Croacia,,1 de enero de 1963,Arquero,1,1998
Drazen Muzinic,Yugoslavia,,25 de enero de 1953,Defensor,4,1974
Dries Mertens,Bélgica,1.69 m,6 de mayo de 1987,Delantero,14,"2014, 2018, 2022"
Driss Bamous,Marruecos,,15 de diciembre de 1942,Mediocampista,8,1970
Driss Ben Zekri,Marruecos,,31 de diciembre de 1970,Arquero,12,1998
Driss Kanoussi,Marruecos,,1 de enero de 1939,Defensor,4,1970
Du Ri Cha,Corea del Sur,1.81 m,25 de julio de 1980,"Defensor, Delantero","16, 22","2002, 2010"
Duberty Araoz,Bolivia,,21 de diciembre de 1920,Mediocampista,-,1950
Duda,Portugal,1.75 m,27 de junio de 1980,Defensor,5,2010
Duilio Davino,México,1.79 m,21 de marzo de 1976,Defensor,5,1998
Duje Ćaleta-Car,Croacia,1.92 m,17 de septiembre de 1996,Defensor,15,2018
Dumitru Pavlovici,Rumania,,26 de abril de 1912,Arquero,-,1938
Dumitru Stangaciu,Rumania,,9 de agosto de 1964,Arquero,1,1998
Duncan Cole,Nueva Zelanda,,12 de julio de 1958,Mediocampista,8,1982
Dunga,Brasil,,31 de octubre de 1963,Mediocampista,"4, 8","1990, 1994, 1998"
Durrent Brown,Jamaica,,7 de agosto de 1964,Defensor,21,1998
Dusan Bajevic,Yugoslavia,,10 de diciembre de 1948,Delantero,19,1974
Dusan Basta,Serbia y Montenegro,1.83 m,18 de agosto de 1984,Defensor,13,2006
Dusan Kuciak,Eslovaquia,1.95 m,21 de mayo de 1985,Arquero,23,2010
Dusan Pernis,Eslovaquia,1.90 m,28 de noviembre de 1984,Arquero,12,2010
Dusan Petkovic,Serbia y Montenegro,1.88 m,13 de junio de 1974,Defensor,16,2006
Dušan Tadić,Serbia,1.81 m,20 de noviembre de 1988,Mediocampista,10,"2018, 2022"
Dusan Vlahovic,Serbia,1.90 m,28 de enero de 2000,Delantero,18,2022
Duško Tošić,Serbia,1.84 m,19 de enero de 1985,Defensor,3,2018
Dwight Yorke,Trinidad y Tobago,1.82 m,3 de noviembre de 1971,Delantero,19,2006
Dylan Bronn,Túnez,1.86 m,19 de junio de 1995,Defensor,"11, 6","2018, 2022"
Dylan Levitt,Gales,1.80 m,17 de noviembre de 2000,Mediocampista,23,2022
Eamonn Bannon,Escocia,,18 de abril de 1958,Mediocampista,9,1986
Earnie Stewart,Estados Unidos,1.75 m,28 de marzo de 1969,"Delantero, Mediocampista",8,"1994, 1998, 2002"
Ebbe Sand,Dinamarca,1.83 m,19 de julio de 1972,Delantero,"19, 11","1998, 2002"
Eberardo Villalobos,Chile,,1 de abril de 1908,Delantero,-,1930
Eberhard Vogel,Alemania Oriental,,8 de abril de 1943,Delantero,15,1974
Ebi Smolarek,Polonia,1.76 m,9 de enero de 1981,Mediocampista,15,2006
Ebrahim Kassempoor,Irán,,24 de agosto de 1956,Mediocampista,8,1978
Ebrahim Mirzapour,Irán,1.92 m,16 de septiembre de 1978,Arquero,1,2006
Echeberria,España,,24 de marzo de 1940,Defensor,7,1962
Ed Czerkiewicz,Estados Unidos,,8 de julio de 1912,Defensor,-,1934
Ed De Goey,Paises Bajos,,20 de diciembre de 1966,Arquero,"1, 18","1994, 1998"
Ed Mcilvenny,Estados Unidos,,21 de octubre de 1924,Mediocampista,-,1950
Ed Souza,Estados Unidos,,22 de septiembre de 1921,Delantero,-,1950
Edder Delgado,Honduras,1.76 m,20 de noviembre de 1986,Mediocampista,12,2014
Eddie Baily,Inglaterra,,6 de agosto de 1925,Delantero,-,1950
Eddie Clamp,Inglaterra,,14 de septiembre de 1934,Defensor,4,1958
Eddie Ditchburn,Inglaterra,,24 de octubre de 1921,Arquero,-,1950
Eddie Hopkinson,Inglaterra,,29 de octubre de 1935,Arquero,12,1958
Eddie Johnson,Estados Unidos,1.87 m,31 de marzo de 1984,Delantero,9,2006
Eddie Lewis,Estados Unidos,1.78 m,17 de mayo de 1974,"Defensor, Mediocampista",7,"2002, 2006"
Eddie Mcgoldrick,Irlanda,,30 de abril de 1965,Mediocampista,17,1994
Eddie Pope,Estados Unidos,1.83 m,24 de diciembre de 1973,Defensor,"3, 23","1998, 2002, 2006"
Eddie Turnbull,Escocia,,12 de abril de 1923,Delantero,8,1958
Eddy Antoine,Haití,,27 de agosto de 1949,Mediocampista,9,1974
Eddy Treijtel,Paises Bajos,,28 de mayo de 1946,Arquero,21,1974
Edelmiro Arevalo,Paraguay,,7 de enero de 1929,Defensor,2,1958
Eden Hazard,Bélgica,1.73 m,7 de enero de 1991,"Delantero, Mediocampista",10,"2014, 2018, 2022"
Eder,Brasil,,25 de mayo de 1957,Mediocampista,11,1982
Eder,Portugal,1.88 m,22 de diciembre de 1987,Delantero,11,2014
Eder Alvarez Balanta,Colombia,1.81 m,28 de febrero de 1993,Defensor,16,2014
Eder Militao,Brasil,1.86 m,18 de enero de 1998,Defensor,14,2022
Ederson,Brasil,1.88 m,17 de agosto de 1993,Arquero,23,"2018, 2022"
Edevaldo,Brasil,,28 de enero de 1958,Defensor,13,1982
Edgar Aguilera,Paraguay,,28 de julio de 1975,Mediocampista,6,1998
Edgar Alvarez,Honduras,1.70 m,18 de enero de 1980,Mediocampista,17,2010
Edgar Barreto,Paraguay,1.78 m,15 de julio de 1984,Mediocampista,8,"2006, 2010"
Edgar Benitez,Paraguay,1.76 m,8 de noviembre de 1987,Delantero,10,2010
Edgar Davids,Paises Bajos,1.68 m,13 de marzo de 1973,Mediocampista,16,1998
Édgar Joel Bárcenas,Panamá,,23 de octubre de 1993,Mediocampista,8,2018
Edgar Salli,Camerún,1.63 m,17 de agosto de 1992,Delantero,20,2014
Edgardo Bauza,Argentina,,26 de enero de 1958,Defensor,5,1990
Edgardo Gonzalez,Uruguay,,30 de septiembre de 1936,Mediocampista,16,1962
Edhem Sljivo,Yugoslavia,,16 de marzo de 1950,Mediocampista,8,1982
Edilson,Brasil,1.68 m,17 de septiembre de 1970,Delantero,20,2002
Edimilson Fernandes,Suiza,1.90 m,15 de abril de 1996,Mediocampista,2,2022
Edin Dzeko,Bosnia-Herzegovina,1.93 m,17 de marzo de 1986,Delantero,11,2014
Edin Visca,Bosnia-Herzegovina,1.72 m,17 de febrero de 1990,Delantero,19,2014
Edinho,Brasil,,5 de junio de 1955,Defensor,"6, 16, 4","1978, 1982, 1986"
Edinson Cavani,Uruguay,1.84 m,14 de febrero de 1987,Delantero,"7, 21","2010, 2014, 2018, 2022"
Edison Flores,Perú,1.67 m,14 de mayo de 1994,Mediocampista,20,2018
Edison Mendez,Ecuador,1.75 m,16 de marzo de 1979,Mediocampista,"19, 8","2002, 2006, 2014"
Edivaldo,Brasil,,13 de abril de 1962,Delantero,11,1986
Edmilson,Brasil,1.86 m,10 de julio de 1976,Defensor,5,2002
Edmond Baraffe,Francia,,19 de octubre de 1942,Delantero,3,1966
Edmond Delfour,Francia,,1 de noviembre de 1907,"Delantero, Mediocampista",-,"1930, 1934, 1938"
Edmond Enoka,Camerún,,17 de diciembre de 1955,Defensor,3,1982
Edmond Loichot,Suiza,,,Mediocampista,-,1934
Edmund Conen,Alemania,,10 de noviembre de 1914,Delantero,-,1934
Edmund Giemsa,Polonia,,16 de octubre de 1912,Defensor,-,1938
Edmund Tworz,Polonia,,1 de enero de 1914,Defensor,-,1938
Edmundo,Brasil,,2 de abril de 1971,Delantero,21,1998
Edmundo Piaggio,Argentina,,3 de octubre de 1910,Mediocampista,-,1930
Edouard Mendy,Senegal,1.94 m,1 de marzo de 1992,Arquero,16,2022
Edson,Angola,1.75 m,2 de marzo de 1980,Mediocampista,13,2006
Edson,Brasil,,3 de julio de 1959,Defensor,2,1986
Edson Álvarez,México,1.80 m,24 de octubre de 1997,Defensor,"21, 4","2018, 2022"
Edson Braafheid,Paises Bajos,1.74 m,8 de abril de 1983,Defensor,15,2010
Edson Buddle,Estados Unidos,1.85 m,21 de mayo de 1981,Delantero,14,2010
Edu,Brasil,,6 de agosto de 1949,Delantero,"22, 19, 20","1966, 1970, 1974"
Eduard Dubinski,URSS,,6 de abril de 1935,Defensor,4,1962
Eduard Krieger,Austria,,16 de diciembre de 1946,Mediocampista,12,1978
Eduard Malofeyev,URSS,,2 de junio de 1942,Delantero,19,1966
Eduard Markarov,URSS,,20 de junio de 1942,Delantero,20,1966
Eduardo,Portugal,1.87 m,19 de septiembre de 1982,Arquero,1,"2010, 2014"
Eduardo,Croacia,1.78 m,25 de febrero de 1983,Delantero,22,2014
Eduardo Acevedo,Uruguay,,25 de septiembre de 1959,Defensor,3,1986
Eduardo Astengo,Perú,,,Mediocampista,-,1930
Eduardo Bonvallet,Chile,,13 de enero de 1955,Mediocampista,7,1982
Eduardo Camavinga,Francia,1.82 m,10 de noviembre de 2002,Mediocampista,25,2022
Eduardo Espinoza,México,,12 de abril de 1965,Mediocampista,15,1994
Eduardo Gutierrez,Bolivia,,17 de enero de 1925,Arquero,-,1950
Eduardo Laing,Honduras,,27 de diciembre de 1958,Delantero,7,1982
Eduardo Malasquez,Perú,,13 de octubre de 1957,Mediocampista,18,1982
Eduardo Nino,Colombia,,8 de agosto de 1967,Arquero,12,1990
Eduardo Pereira,Uruguay,,21 de marzo de 1954,Arquero,12,1990
Eduardo Ramos,México,,8 de noviembre de 1949,Defensor,4,1978
Eduardo Reyes Ortiz,Bolivia,,1 de enero de 1907,Delantero,-,1930
Eduardo Salvio,Argentina,1.72 m,13 de julio de 1990,Mediocampista,18,2018
Eduardo Vargas,Chile,1.75 m,20 de noviembre de 1989,Delantero,11,2014
Edward Madejski,Polonia,,11 de agosto de 1914,Arquero,-,1938
Edwin Tenorio,Ecuador,1.72 m,16 de junio de 1976,Mediocampista,20,"2002, 2006"
Edwin Van Der Sar,Paises Bajos,1.95 m,29 de octubre de 1970,Arquero,"13, 1","1994, 1998, 2006"
Edwin Villafuerte,Ecuador,1.86 m,12 de marzo de 1979,Arquero,1,2006
Efan Ekoku,Nigeria,1.85 m,8 de junio de 1967,Delantero,18,1994
Efe Ambrose,Nigeria,1.90 m,18 de octubre de 1988,Defensor,5,2014
Efetobore Sodje,Nigeria,1.85 m,5 de octubre de 1972,Defensor,16,2002
Efrain Amezcua,México,,3 de agosto de 1907,Mediocampista,-,1930
Efrain Juarez,México,1.75 m,22 de febrero de 1988,Defensor,16,2010
Efrain Sanchez,Colombia,,26 de febrero de 1926,Arquero,1,1962
Egidio Arevalo,Uruguay,1.68 m,1 de enero de 1982,Mediocampista,17,"2010, 2014"
Egil Ostenstad,Noruega,,2 de enero de 1972,Delantero,18,1998
Egisto Pandolfini,Italia,,19 de febrero de 1926,Delantero,8,"1950, 1954"
Egon Jonsson,Suecia,,8 de octubre de 1921,Delantero,-,1950
Egor Titov,Rusia,1.82 m,29 de mayo de 1976,Mediocampista,9,2002
Ehsan Hajsafi,Irán,1.78 m,25 de febrero de 1990,Mediocampista,3,"2014, 2018, 2022"
Eiji Kawashima,Japón,1.85 m,20 de marzo de 1983,Arquero,"21, 1","2010, 2014, 2018, 2022"
Eike Immel,Alemania Occidental,,27 de noviembre de 1960,Arquero,22,"1982, 1986"
Eissa Meer,Emiratos Arabes,,16 de julio de 1967,Defensor,19,1990
Eisuke Nakanishi,Japón,,23 de junio de 1973,Defensor,19,1998
Eivar Widlund,Suecia,,1 de enero de 1906,Arquero,-,1934
Ejike Uzoenyi,Nigeria,1.68 m,23 de marzo de 1988,Mediocampista,3,2014
Eken Bulent,Turquía,,26 de octubre de 1923,Defensor,13,1954
El Hadji Diouf,Senegal,1.80 m,15 de enero de 1981,Delantero,11,2002
El-Winsh,Egipto,,1 de junio de 1995,Defensor,15,2018
Eladio,España,,18 de noviembre de 1940,Defensor,3,1966
Eladio Reyes,Perú,,8 de enero de 1948,Mediocampista,19,1970
Eladio Rojas,Chile,,8 de noviembre de 1934,Mediocampista,6,1962
Elano,Brasil,1.74 m,14 de junio de 1981,Mediocampista,7,2010
Elderson Echiéjilé,Nigeria,1.84 m,20 de enero de 1988,Defensor,3,2018
Eli Ben Rimoz,Israel,,1 de enero de 1947,Delantero,17,1970
Eliaquim Mangala,Francia,1.87 m,13 de febrero de 1991,Defensor,13,2014
Elias Atmatzidis,Grecia,,24 de abril de 1969,Arquero,20,1994
Elias Figueroa,Chile,,25 de octubre de 1946,Defensor,"7, 5","1966, 1974, 1982"
Elias Munoz,México,,3 de noviembre de 1941,Delantero,18,1966
Eligio Antonio Insfran,Paraguay,,,Delantero,22,1958
Eligio Echague,Paraguay,,1 de enero de 1931,Defensor,6,1958
Elioro Paredes,Paraguay,,,Defensor,-,1950
Eliseo Alvarez,Uruguay,,9 de agosto de 1940,"Defensor, Mediocampista","18, 16","1962, 1966"
Eliseo Insfran,Paraguay,,,Delantero,19,1958
Eliseo Mourino,Argentina,,2 de junio de 1927,Mediocampista,16,1958
Eliseo Prado,Argentina,,17 de septiembre de 1929,Delantero,8,1958
Eliseo Rivero,Uruguay,,27 de diciembre de 1957,Defensor,15,1986
Elisha Owusu,Ghana,1.82 m,7 de noviembre de 1997,Mediocampista,6,2022
Eljero Elia,Paises Bajos,1.77 m,13 de febrero de 1987,Delantero,17,2010
Ellyes Skhiri,Túnez,1.85 m,10 de mayo de 1995,Mediocampista,17,"2018, 2022"
Elmer Angel Acevedo,El Salvador,,24 de febrero de 1946,Delantero,21,1970
Eloy,España,,10 de julio de 1964,Delantero,20,1986
Eloy Campos,Perú,,31 de mayo de 1942,Defensor,2,1970
Elvedin Dzinic,Eslovenia,1.89 m,25 de agosto de 1985,Defensor,3,2010
Ely Do Amparo,Brasil,,14 de mayo de 1921,"Defensor, Mediocampista",14,"1950, 1954"
Ely Tacchella,Suiza,,25 de mayo de 1936,Defensor,"8, 20","1962, 1966"
Elzo,Brasil,,22 de enero de 1961,Mediocampista,19,1986
Emeka Ezeugo,Nigeria,,16 de diciembre de 1965,Defensor,13,1994
Emerich Dembrovschi,Rumania,,6 de octubre de 1945,Mediocampista,7,1970
Emerich Vogl,Rumania,,12 de agosto de 1905,"Defensor, Mediocampista",-,"1930, 1934"
Emerse Fae,Costa de Marfil,1.73 m,24 de enero de 1984,Mediocampista,7,2006
Emerson,Brasil,1.82 m,4 de abril de 1976,Mediocampista,"11, 5","1998, 2006"
Emil Forsberg,Suecia,1.79 m,23 de octubre de 1991,Mediocampista,10,2018
Emil Hallfredsson,Islandia,1.85 m,19 de julio de 1984,Mediocampista,20,2018
Emil Kostadinov,Bulgaria,,12 de agosto de 1967,Delantero,7,"1994, 1998"
Emil Krafth,Suecia,1.81 m,2 de agosto de 1994,Defensor,16,2018
Emil Kremenliev,Bulgaria,,13 de agosto de 1969,Defensor,2,1994
Emil Pazicky,Checoslovaquia,,14 de octubre de 1927,Delantero,10,1954
Emil Sandoi,Rumania,,1 de marzo de 1965,Defensor,19,1990
Emile Heskey,Inglaterra,1.88 m,11 de enero de 1978,Delantero,"11, 21","2002, 2010"
Emile Mbouh,Camerún,,30 de mayo de 1966,Mediocampista,8,"1990, 1994"
Emile Mpenza,Bélgica,1.77 m,4 de julio de 1978,Delantero,20,1998
Emile Stynen,Bélgica,,2 de noviembre de 1907,Mediocampista,-,1938
Emile Veinante,Francia,,12 de junio de 1907,"Delantero, Mediocampista",-,"1930, 1934, 1938"
Emiliano Martinez,Argentina,1.95 m,1 de septiembre de 1992,Arquero,23,2022
Emilio Alvarez,Uruguay,,10 de febrero de 1939,"Defensor, Mediocampista","3, 14","1962, 1966"
Emilio Butragueño,España,,22 de julio de 1963,Delantero,9,"1986, 1990"
Emilio Caprile,Italia,,30 de septiembre de 1928,Delantero,-,1950
Emilio Izaguirre,Honduras,1.78 m,10 de mayo de 1986,Defensor,"21, 7","2010, 2014"
Emilio Recoba,Uruguay,,3 de noviembre de 1904,Defensor,-,1930
Emir Mkademi,Túnez,1.78 m,20 de agosto de 1978,Defensor,19,2002
Emir Spahic,Bosnia-Herzegovina,1.83 m,18 de agosto de 1980,Defensor,4,2014
Emlyn Hughes,Inglaterra,,28 de agosto de 1947,Mediocampista,16,1970
Emmanuel Adebayor,Togo,1.90 m,26 de febrero de 1984,Delantero,4,2006
Emmanuel Agyemang-Badu,Ghana,1.73 m,2 de diciembre de 1990,Defensor,8,2014
Emmanuel Amunike,Nigeria,,25 de diciembre de 1970,Mediocampista,11,1994
Emmanuel Eboue,Costa de Marfil,1.78 m,4 de junio de 1983,Defensor,21,"2006, 2010"
Emmanuel Emenike,Nigeria,1.82 m,10 de mayo de 1987,Delantero,9,2014
Emmanuel Kone,Costa de Marfil,1.77 m,31 de diciembre de 1986,Mediocampista,14,2010
Emmanuel Kunde,Camerún,,15 de julio de 1956,Defensor,6,"1982, 1990"
Emmanuel Maboang,Camerún,,27 de noviembre de 1968,Mediocampista,"21, 11","1990, 1994"
Emmanuel Olisadebe,Polonia,1.80 m,22 de diciembre de 1978,Delantero,11,2002
Emmanuel Pappoe,Ghana,1.77 m,3 de marzo de 1981,Defensor,6,2006
Emmanuel Petit,Francia,1.85 m,22 de septiembre de 1970,Mediocampista,17,"1998, 2002"
Emmanuel Sanon,Haití,,25 de junio de 1951,Delantero,20,1974
Emre Asik,Turquía,1.85 m,13 de diciembre de 1973,Defensor,2,2002
Emre Belozoglu,Turquía,1.71 m,7 de septiembre de 1980,Mediocampista,21,2002
Engelbert Kraus,Alemania Occidental,,30 de julio de 1934,Delantero,17,1962
Enhua Zhang,China,1.83 m,11 de mayo de 1974,Defensor,2,2002
Enner Valencia,Ecuador,1.77 m,4 de noviembre de 1989,Delantero,13,"2014, 2022"
Enrico Albertosi,Italia,,2 de noviembre de 1939,Arquero,"13, 1, 12","1962, 1966, 1970, 1974"
Enrico Chiesa,Italia,,29 de diciembre de 1970,Delantero,20,1998
Enrique Avalos,Paraguay,,1 de enero de 1922,Delantero,-,1950
Enrique Ballestrero,Uruguay,,18 de enero de 1905,Arquero,-,1930
Enrique Borja,México,,30 de diciembre de 1945,Delantero,"20, 9","1966, 1970"
Enrique Chazarreta,Argentina,,29 de julio de 1947,Mediocampista,8,1974
Enrique Chimento,Argentina,,,Defensor,-,1934
Enrique Collar,España,,2 de noviembre de 1934,Delantero,4,1962
Enrique Guaita,Italia,,15 de julio de 1910,Delantero,-,1934
Enrique Lopez Zarza,México,,25 de octubre de 1958,Delantero,8,1978
Enrique Romero,España,1.83 m,23 de junio de 1971,Defensor,15,2002
Enrique Saura,España,,2 de agosto de 1954,Mediocampista,15,1982
Enrique Sesma,México,,22 de abril de 1927,Delantero,11,1958
Enrique Vera,Paraguay,1.78 m,10 de marzo de 1979,Mediocampista,13,2010
Enrique Wolff,Argentina,,21 de febrero de 1949,Defensor,20,1974
Enver Hadziabdic,Yugoslavia,,6 de noviembre de 1945,Defensor,3,1974
Enver Maric,Yugoslavia,,23 de abril de 1948,Arquero,1,1974
Enzo Ebosse,Camerún,1.85 m,11 de marzo de 1999,Defensor,24,2022
Enzo Escobar,Chile,,10 de noviembre de 1951,Defensor,19,1982
Enzo Fernandez,Argentina,1.78 m,17 de enero de 2001,Mediocampista,24,2022
Enzo Francescoli,Uruguay,1.81 m,12 de noviembre de 1961,Mediocampista,"10, 9","1986, 1990"
Enzo Pérez,Argentina,1.77 m,21 de febrero de 1986,Mediocampista,"8, 15","2014, 2018"
Enzo Robotti,Italia,,15 de junio de 1935,Defensor,16,1962
Enzo Scifo,Bélgica,,19 de febrero de 1966,Mediocampista,"8, 10, 14","1986, 1990, 1994, 1998"
Enzo Trossero,Argentina,,23 de mayo de 1953,Defensor,19,1982
Ephrem Mbom,Camerún,,18 de julio de 1954,Defensor,7,1982
Eraldo Monzeglio,Italia,,5 de mayo de 1906,Defensor,-,"1934, 1938"
Eraldo Pecci,Italia,,12 de abril de 1955,Mediocampista,11,1978
Eray Cömert,Suiza,1.83 m,4 de febrero de 1998,Defensor,18,2022
Erdem Naci,Turquía,,28 de enero de 1931,Defensor,17,1954
Eren Derdiyok,Suiza,1.90 m,12 de junio de 1988,Delantero,19,2010
Ergun Penbe,Turquía,1.78 m,17 de mayo de 1972,Mediocampista,18,2002
Eric Abidal,Francia,1.80 m,11 de septiembre de 1979,Defensor,3,"2006, 2010"
Eric Addo,Ghana,1.82 m,12 de noviembre de 1978,Mediocampista,18,2006
Eric Akoto,Togo,1.92 m,20 de julio de 1980,Defensor,12,2006
Eric Caldow,Escocia,,14 de mayo de 1934,Defensor,4,1958
Eric Maxim Choupo Moting,Camerún,1.91 m,23 de marzo de 1989,Delantero,13,"2010, 2014, 2022"
Eric Deflandre,Bélgica,1.79 m,2 de agosto de 1973,Defensor,"22, 2","1998, 2002"
Eric Dier,Inglaterra,1.88 m,15 de enero de 1994,Mediocampista,"4, 15","2018, 2022"
Eric Djemba Djemba,Camerún,1.74 m,4 de mayo de 1981,Delantero,19,2002
Eric Eichmann,Estados Unidos,,7 de mayo de 1965,Delantero,13,1990
Eric Ejiofor,Nigeria,1.85 m,21 de julio de 1979,Defensor,19,2002
Eric García,España,1.82 m,9 de enero de 2001,Defensor,3,2022
Eric Gerets,Bélgica,,18 de mayo de 1954,Defensor,2,"1982, 1986, 1990"
Eric Van Meir,Bélgica,1.86 m,28 de febrero de 1968,Defensor,"19, 4","1994, 1998, 2002"
Eric Wynalda,Estados Unidos,,9 de junio de 1969,Delantero,11,"1990, 1994, 1998"
Erich Beer,Alemania Occidental,,9 de diciembre de 1946,Mediocampista,15,1978
Erich Hamann,Alemania Oriental,,27 de noviembre de 1944,Mediocampista,17,1974
Erich Juskowiak,Alemania Occidental,,7 de septiembre de 1926,Defensor,3,1958
Erich Obermayer,Austria,,23 de enero de 1953,Defensor,3,"1978, 1982"
Erich Probst,Austria,,5 de diciembre de 1927,Delantero,10,1954
Erich Schaedler,Escocia,,6 de agosto de 1949,Defensor,22,1974
Erick Davis,Panamá,1.79 m,31 de marzo de 1991,Defensor,15,2018
Érick Gutiérrez,México,1.76 m,15 de junio de 1995,Mediocampista,"5, 14","2018, 2022"
Erick Lonnis,Costa Rica,1.82 m,9 de septiembre de 1965,Arquero,1,2002
Erik Almgren,Suecia,,28 de enero de 1908,Mediocampista,-,1938
Erik Durm,Alemania,1.83 m,12 de mayo de 1992,Defensor,15,2014
Erik Edman,Suecia,1.79 m,11 de noviembre de 1978,Defensor,"14, 5","2002, 2006"
Erik Granath,Suecia,,,Defensor,-,1934
Erik Hoftun,Noruega,,3 de marzo de 1969,Defensor,19,1998
Erik Jendrisek,Eslovaquia,1.76 m,26 de octubre de 1986,Delantero,18,2010
Erik Mykland,Noruega,,21 de julio de 1971,Mediocampista,7,"1994, 1998"
Erik Nilsson,Suecia,,6 de agosto de 1916,Defensor,-,"1938, 1950"
Erik Persson,Suecia,,19 de noviembre de 1909,Delantero,-,1938
Erik Thorstvedt,Noruega,,28 de octubre de 1962,Arquero,1,1994
Erland Johnsen,Noruega,,5 de abril de 1967,Defensor,3,1994
Ermes Muccinelli,Italia,,28 de julio de 1927,Delantero,7,"1950, 1954"
Ermin Bicakcic,Bosnia-Herzegovina,1.85 m,24 de enero de 1990,Defensor,3,2014
Ermindo Onega,Argentina,,4 de abril de 1939,Delantero,20,1966
Ernest Ebongue,Camerún,,15 de mayo de 1962,Delantero,21,1982
Ernest Lehner,Alemania,,7 de noviembre de 1912,Delantero,-,"1934, 1938"
Ernest Liberati,Francia,,22 de marzo de 1908,Delantero,-,1930
Ernest Schultz,Francia,,29 de enero de 1931,Delantero,20,1954
Ernest Wilimowski,Polonia,,23 de junio de 1916,Delantero,-,1938
Ernesto,Portugal,,6 de julio de 1937,Delantero,7,1966
Ernesto Albarracin,Argentina,,,Mediocampista,-,1934
Ernesto Aparicio,El Salvador,,28 de diciembre de 1948,Delantero,11,1970
Ernesto Belis,Argentina,,1 de febrero de 1909,Defensor,-,1934
Ernesto Chaparro,Chile,,4 de enero de 1901,Defensor,-,1930
Ernesto Cisneros,México,,26 de octubre de 1940,Mediocampista,9,1966
Ernesto Labarthe,Perú,,2 de junio de 1956,Mediocampista,18,1978
Ernesto Mascheroni,Uruguay,,21 de noviembre de 1907,Defensor,-,1930
Ernesto Vidal,Uruguay,,15 de noviembre de 1921,Delantero,-,1950
Ernie Brandts,Paises Bajos,,3 de febrero de 1956,Defensor,22,1978
Ernie Campbell,Australia,,20 de octubre de 1949,Delantero,19,1974
Ernie Copland,Escocia,,,Delantero,21,1954
Erno Solymosi,Hungría,,21 de septiembre de 1940,Defensor,5,1962
Ernst Aigner,Austria,,31 de octubre de 1966,Defensor,2,1990
Ernst Albrecht,Alemania,,12 de noviembre de 1907,Mediocampista,-,1934
Ernst Andersson,Suecia,,26 de marzo de 1909,Mediocampista,-,1934
Ernst Baumeister,Austria,,22 de enero de 1957,Mediocampista,"20, 14","1978, 1982"
Ernst Frick,Suiza,,,Mediocampista,-,1934
Ernst Happel,Austria,,29 de noviembre de 1925,Defensor,3,"1954, 1958"
Ernst Hufschmid,Suiza,,4 de febrero de 1913,Mediocampista,-,1934
Ernst Jean-Joseph,Haití,,11 de junio de 1948,Defensor,12,1974
Ernst Kozlicek,Austria,,27 de enero de 1931,Mediocampista,17,1958
Ernst Loertscher,Suiza,,15 de marzo de 1913,Mediocampista,-,1938
Ernst Ocwirk,Austria,,7 de marzo de 1926,Mediocampista,5,1954
Ernst Stojaspal,Austria,,14 de enero de 1925,Delantero,21,1954
Erol Keskin,Turquía,,2 de marzo de 1927,Delantero,7,1954
Ersoy Sukru,Turquía,,14 de enero de 1934,Arquero,12,1954
Ervin Katnic,Yugoslavia,,,Mediocampista,-,1950
Erwin Ballabio,Suiza,,20 de octubre de 1918,Arquero,-,1938
Erwin Fuchsbichler,Austria,,27 de marzo de 1952,Arquero,21,1978
Erwin Hochstrasser,Suiza,,,Delantero,-,1934
Erwin Koeman,Paises Bajos,,20 de septiembre de 1961,Mediocampista,7,1990
Erwin Nyc,Polonia,,24 de mayo de 1914,Mediocampista,-,1938
Erwin Sanchez,Bolivia,,19 de octubre de 1969,Mediocampista,21,1994
Erwin Van Den Daele,Bélgica,,5 de marzo de 1945,Mediocampista,15,1970
Erwin Vandenbergh,Bélgica,,26 de enero de 1959,Delantero,9,"1982, 1986"
Espen Baardsen,Noruega,,7 de diciembre de 1977,Arquero,13,1998
Essaïd Belkalem,Argelia,1.90 m,1 de enero de 1989,Defensor,4,2014
Essam El-Hadary,Egipto,1.88 m,15 de enero de 1973,Arquero,1,2018
Estanislao Basora,España,,18 de noviembre de 1926,Delantero,-,1950
Estanislao Struway,Paraguay,1.76 m,25 de junio de 1968,Mediocampista,6,2002
Esteban Alvarado,Costa Rica,1.93 m,28 de abril de 1989,Arquero,18,2022
Esteban Cambiasso,Argentina,1.78 m,18 de agosto de 1980,Mediocampista,5,2006
Esteban Granados,Costa Rica,1.83 m,25 de octubre de 1985,Mediocampista,13,2014
Esteban Paredes,Chile,1.79 m,1 de agosto de 1980,Delantero,22,"2010, 2014"
Ethan Ampadu,Gales,1.83 m,14 de septiembre de 2000,Defensor,15,2022
Ethan Horvath,Estados Unidos,1.93 m,9 de junio de 1995,Arquero,12,2022
Etienne Mattler,Francia,,25 de diciembre de 1905,Defensor,-,"1930, 1934, 1938"
Eufemio Cabral,Paraguay,,21 de marzo de 1955,Defensor,15,1986
Eugen Meier,Suiza,,30 de abril de 1930,"Delantero, Mediocampista","20, 11","1954, 1962"
Eugen Rupf,Suiza,,,Delantero,-,1938
Eugen Walachek,Suiza,,20 de junio de 1916,Delantero,-,1938
Eugene Ekeke,Camerún,,30 de mayo de 1960,Delantero,11,1990
Eugene Galekovic,Australia,1.86 m,12 de junio de 1981,Arquero,18,2014
Eugene Parlier,Suiza,,13 de febrero de 1929,Arquero,2,1954
Eugenio Corrodi,Suiza,,2 de julio de 1922,Arquero,-,1950
Eugenio Leal,España,,13 de mayo de 1953,Mediocampista,14,1978
Eugenio Mena,Chile,1.78 m,18 de julio de 1988,Defensor,2,2014
Eul Yong Lee,Corea del Sur,1.76 m,8 de septiembre de 1975,Mediocampista,13,"2002, 2006"
Eulogio Martinez,España,,11 de marzo de 1935,Delantero,15,1962
Eun Sung Choi,Corea del Sur,1.84 m,5 de abril de 1971,Arquero,23,2002
Eusebio,Portugal,,25 de enero de 1942,Delantero,13,1966
Eusebio Acasuzo,Perú,,8 de abril de 1952,Arquero,1,1982
Eusebio Diaz,Paraguay,,1 de enero de 1901,Mediocampista,-,1930
Eusebio Escobar,Colombia,,,Delantero,18,1962
Eusebio Tejera,Uruguay,,6 de enero de 1922,Defensor,14,"1950, 1954"
Eustaquio Chamorro,Paraguay,,,Defensor,-,1930
Evans Wise,Trinidad y Tobago,1.75 m,23 de noviembre de 1973,Delantero,16,2006
Evaristo Isasi,Paraguay,,26 de octubre de 1955,Delantero,18,1986
Ever Banega,Argentina,1.74 m,29 de junio de 1988,Mediocampista,7,2018
Ever Palacios,Colombia,,18 de enero de 1969,Defensor,3,1998
Everaldo,Brasil,,11 de septiembre de 1944,Defensor,16,1970
Everton Ribeiro,Brasil,1.74 m,10 de abril de 1989,Mediocampista,22,2022
Evgeni Lovchev,URSS,,29 de enero de 1949,Defensor,6,1970
Evgeni Yanchovski,Bulgaria,,5 de septiembre de 1939,Mediocampista,18,1966
Ewald Cebula,Polonia,,22 de marzo de 1917,Delantero,-,1938
Ewald Dytko,Polonia,,18 de octubre de 1914,Mediocampista,-,1938
Exequiel Palacios,Argentina,1.77 m,5 de octubre de 1998,Mediocampista,14,2022
Eyong Enoh,Camerún,1.80 m,23 de marzo de 1986,Mediocampista,18,"2010, 2014"
Ezequiel Garay,Argentina,1.89 m,10 de octubre de 1986,Defensor,2,2014
Ezequiel Lavezzi,Argentina,1.73 m,3 de mayo de 1985,Delantero,22,2014
Ezio Pascutti,Italia,,1 de junio de 1937,Delantero,"17, 16","1962, 1966"
Fabian Cancelarich,Argentina,,30 de diciembre de 1965,Arquero,22,1990
Fabian Carini,Uruguay,1.89 m,26 de diciembre de 1979,Arquero,1,2002
Fabian Delph,Inglaterra,1.74 m,21 de noviembre de 1989,Defensor,17,2018
Fabian Estay,Chile,,5 de octubre de 1968,Mediocampista,20,1998
Fabian Frei,Suiza,1.83 m,8 de enero de 1989,Mediocampista,20,2022
Fabian Johnson,Estados Unidos,1.83 m,11 de diciembre de 1987,Defensor,23,2014
Fabian O'Neill,Uruguay,1.85 m,14 de octubre de 1973,Delantero,10,2002
Fabian Orellana,Chile,1.68 m,27 de enero de 1986,Delantero,"16, 14","2010, 2014"
Fabian Rieder,Suiza,1.81 m,16 de febrero de 2002,Mediocampista,25,2022
Fabian Schär,Suiza,1.86 m,20 de diciembre de 1991,Defensor,22,"2014, 2018, 2022"
Fabien Barthez,Francia,1.82 m,28 de junio de 1971,Arquero,16,"1998, 2002, 2006"
Fabinho,Brasil,1.88 m,23 de octubre de 1993,Mediocampista,15,2022
Fabio Cannavaro,Italia,1.75 m,13 de septiembre de 1973,Defensor,"4, 5","1998, 2002, 2006, 2010"
Fabio Capello,Italia,,18 de junio de 1946,Mediocampista,8,1974
Fabio Coentrao,Portugal,1.81 m,11 de marzo de 1988,Defensor,"23, 5","2010, 2014"
Fabio Coltorti,Suiza,1.97 m,3 de diciembre de 1980,Arquero,21,2006
Fabio Grosso,Italia,1.90 m,28 de noviembre de 1977,Defensor,3,2006
Fabio Quagliarella,Italia,1.80 m,31 de enero de 1983,Delantero,18,2010
Fabrice Olinga,Camerún,1.72 m,12 de mayo de 1996,Delantero,19,2014
Fabricio Coloccini,Argentina,1.83 m,22 de enero de 1982,Defensor,4,2006
Fabrizio Poletti,Italia,,13 de julio de 1943,Defensor,4,1970
Facundo Pellistri,Uruguay,1.74 m,20 de diciembre de 2001,Delantero,8,2022
Facundo Torres,Uruguay,1.75 m,13 de abril de 2000,Delantero,20,2022
Fadel Jilal,Marruecos,,4 de marzo de 1964,Defensor,19,1986
Fadil Megharia,Argelia,,23 de mayo de 1961,Defensor,20,1986
Fagner,Brasil,1.68 m,11 de junio de 1989,Defensor,22,2018
Fahad Abdulrahman,Emiratos Arabes,,10 de octubre de 1962,Mediocampista,18,1990
Fahad Al Bishi,Arabia Saudita,,10 de septiembre de 1965,Mediocampista,8,1994
Fahad Al Ghesheyan,Arabia Saudita,,1 de agosto de 1973,Delantero,7,1994
Fahad Al Mehalel,Arabia Saudita,,11 de noviembre de 1970,Delantero,11,"1994, 1998"
Fahad Al-Muwallad,Arabia Saudita,1.67 m,14 de septiembre de 1994,Mediocampista,19,2018
Fahad Khamees,Emiratos Arabes,,24 de enero de 1962,Delantero,7,1990
Fahrudin Jusufi,Yugoslavia,,8 de diciembre de 1939,Defensor,3,1962
Fahrudin Omerovic,Yugoslavia,,26 de agosto de 1961,Arquero,12,1990
Faisal Al Dakhil,Kuwait,,13 de agosto de 1957,Delantero,16,1982
Fakhreddine Ben Youssef,Túnez,1.92 m,23 de junio de 1991,Delantero,8,2018
Falcao,Brasil,,16 de octubre de 1953,Mediocampista,"15, 5","1982, 1986"
Famara Diéhiou,Senegal,1.92 m,15 de diciembre de 1992,Delantero,19,2022
Faouzi Chaouchi,Argelia,1.80 m,5 de diciembre de 1984,Arquero,16,2010
Faouzi Ghoulam,Argelia,1.86 m,1 de febrero de 1991,Defensor,3,2014
Faouzi Mansouri,Argelia,,17 de enero de 1956,Defensor,16,"1982, 1986"
Farid Díaz,Colombia,1.70 m,20 de julio de 1983,Defensor,18,2018
Farid Mondragon,Colombia,1.88 m,21 de junio de 1971,Arquero,"12, 22","1994, 1998, 2014"
Farouk Ben Mustapha,Túnez,1.94 m,1 de julio de 1989,Arquero,1,2018
Faruk Hadzibegic,Yugoslavia,,7 de octubre de 1957,Defensor,5,1990
Fatau Dauda,Ghana,1.80 m,6 de abril de 1985,Arquero,16,2014
Fathi Chebel,Argelia,,19 de agosto de 1956,Mediocampista,3,1986
Fathi Matar,Kuwait,,23 de mayo de 1955,Mediocampista,7,1982
Fatih Akyel,Turquía,1.80 m,26 de diciembre de 1977,Defensor,4,2002
Faustino Alonso,Paraguay,,15 de febrero de 1961,Delantero,21,1986
Faustino Asprilla,Colombia,1.76 m,10 de noviembre de 1969,Delantero,"21, 11","1994, 1998"
Fausto,Brasil,,28 de enero de 1905,Mediocampista,-,1930
Fawzi Benkhalidi,Argelia,,3 de febrero de 1963,Mediocampista,17,1986
Fay Coyle,Irlanda del Norte,,1 de abril de 1924,Delantero,17,1958
Faycal Ben Ahmed,Túnez,,7 de marzo de 1973,Mediocampista,19,1998
Fayçal Fajr,Marruecos,1.78 m,1 de agosto de 1988,Mediocampista,11,2018
Fede,España,,11 de mayo de 1908,Delantero,-,1934
Federico Edwards,Argentina,,27 de enero de 1931,Defensor,14,1958
Federico Elduayen,Uruguay,1.81 m,25 de junio de 1977,Arquero,23,2002
Federico Fazio,Argentina,1.95 m,17 de marzo de 1987,Defensor,6,2018
Federico Fernández,Argentina,1.90 m,21 de febrero de 1989,Defensor,17,2014
Federico Magallanes,Uruguay,1.81 m,22 de agosto de 1976,Delantero,11,2002
Federico Marchetti,Italia,1.88 m,7 de febrero de 1983,Arquero,12,2010
Federico Sacchi,Argentina,,9 de agosto de 1936,Mediocampista,5,1962
Federico Vairo,Argentina,,27 de enero de 1930,Defensor,3,1958
Federico Valverde,Uruguay,1.82 m,22 de julio de 1998,Mediocampista,15,2022
Federico Wilde,Argentina,,1 de enero de 1909,Delantero,-,1934
Felice Borel,Italia,,5 de abril de 1914,Delantero,-,1934
Felice Soldini,Suiza,,1 de enero de 1915,Defensor,-,1950
Feliciano Rivilla,España,,21 de agosto de 1936,Defensor,"11, 14","1962, 1966"
Felipe Baloy,Panamá,1.84 m,24 de febrero de 1981,Defensor,23,2018
Felipe Caicedo,Ecuador,1.87 m,5 de septiembre de 1988,Delantero,11,2014
Felipe Gutierrez,Chile,1.70 m,8 de octubre de 1990,Mediocampista,16,2014
Felipe Melo,Brasil,1.83 m,26 de junio de 1983,Mediocampista,5,2010
Felipe Minambres,España,,29 de abril de 1965,Mediocampista,16,1994
Felipe Olivares,México,,5 de febrero de 1910,Delantero,-,1930
Felipe Revelez,Uruguay,,30 de septiembre de 1959,Defensor,13,1990
Felipe Rosas,México,,5 de febrero de 1910,Mediocampista,-,1930
Felipe Ruvalcaba,México,,16 de febrero de 1941,"Delantero, Mediocampista","17, 7","1962, 1966"
Felipe Zetter,México,,3 de julio de 1923,Defensor,-,1950
Felix,Brasil,,24 de diciembre de 1937,Arquero,1,1970
Felix Borja,Ecuador,1.80 m,2 de abril de 1983,Delantero,9,2006
Felix Cruz,México,,4 de abril de 1961,Defensor,14,1986
Felix Fernandez,México,,11 de enero de 1967,Arquero,12,1994
Felix Healey,Irlanda del Norte,,27 de septiembre de 1955,Delantero,19,1982
Felix Magath,Alemania Occidental,,26 de julio de 1953,Mediocampista,"14, 10","1982, 1986"
Felix Salinas,Perú,,11 de mayo de 1939,Defensor,16,1970
Félix Torres,Ecuador,1.87 m,11 de enero de 1997,Defensor,2,2022
Felix Welkenhuysen,Bélgica,,12 de diciembre de 1908,Mediocampista,-,1934
Femi Opabunmi,Nigeria,1.70 m,3 de marzo de 1985,Delantero,23,2002
Ferdinand Coly,Senegal,1.79 m,10 de septiembre de 1973,Defensor,17,2002
Ferdinand Daucik,Checoslovaquia,,31 de mayo de 1910,Defensor,-,1938
Ferdinando Riva,Suiza,,3 de julio de 1930,Delantero,21,1954
Ferenc Bene,Hungría,,17 de diciembre de 1944,Delantero,7,1966
Ferenc Csongradi,Hungría,,29 de marzo de 1956,Mediocampista,16,1982
Ferenc Fulop,Hungría,,22 de febrero de 1955,Mediocampista,20,1978
Ferenc Machos,Hungría,,30 de junio de 1932,Delantero,17,1954
Ferenc Meszaros,Hungría,,11 de abril de 1950,Arquero,"21, 1","1978, 1982"
Ferenc Puskas,Hungría,1.70 m,2 de abril de 1927,Delantero,"10, 14","1954, 1962"
Ferenc Sas,Hungría,,1 de enero de 1915,Delantero,-,1938
Ferenc Sipos,Hungría,,13 de diciembre de 1932,"Defensor, Mediocampista","3, 6","1958, 1962, 1966"
Ferenc Szojka,Hungría,,7 de abril de 1931,"Defensor, Mediocampista","15, 14","1954, 1958"
Ferid Chouchane,Túnez,,19 de abril de 1973,Defensor,6,1998
Ferjani Sassi,Túnez,1.86 m,18 de marzo de 1992,Mediocampista,13,"2018, 2022"
Fernand Adams,Bélgica,,3 de mayo de 1903,Delantero,-,1930
Fernand Buyle,Bélgica,,3 de marzo de 1918,Delantero,-,1938
Fernand Jaccard,Suiza,,8 de octubre de 1907,Mediocampista,-,1934
Fernandinho,Brasil,1.76 m,4 de mayo de 1985,Mediocampista,"5, 17","2014, 2018"
Fernando,España,,11 de septiembre de 1965,Mediocampista,10,1990
Fernando Alvez,Uruguay,,4 de septiembre de 1959,Arquero,"12, 1","1986, 1990"
Fernando Caceres,Argentina,,7 de febrero de 1969,Defensor,13,1994
Fernando Campos,Chile,,1 de enero de 1921,Mediocampista,-,1950
Fernando Clavijo,Estados Unidos,,23 de enero de 1956,Defensor,21,1994
Fernando Cornejo,Chile,,28 de enero de 1969,Mediocampista,19,1998
Fernando De Napoli,Italia,,15 de marzo de 1964,Mediocampista,"13, 11","1986, 1990"
Fernando Fernando Couto,Portugal,1.84 m,2 de agosto de 1969,Defensor,5,2002
Fernando Gago,Argentina,1.78 m,10 de abril de 1986,Mediocampista,5,2014
Fernando Giudicelli,Brasil,,1 de marzo de 1906,Mediocampista,-,1930
Fernando Hierro,España,1.87 m,23 de marzo de 1968,Defensor,"17, 6","1990, 1994, 1998, 2002"
Fernando Llorente,España,1.94 m,26 de febrero de 1985,Delantero,19,2010
Fernando Meira,Portugal,1.92 m,5 de junio de 1978,Defensor,5,2006
Fernando Morena,Uruguay,,2 de febrero de 1952,Delantero,9,1974
Fernando Morientes,España,1.82 m,5 de abril de 1976,Delantero,"7, 9","1998, 2002"
Fernando Muslera,Uruguay,1.90 m,16 de junio de 1986,Arquero,1,"2010, 2014, 2018, 2022"
Fernando Olivella,España,,22 de junio de 1936,Defensor,16,1966
Fernando Paternoster,Argentina,,24 de mayo de 1903,Defensor,-,1930
Fernando Quirarte,México,,7 de julio de 1961,Defensor,3,1986
Fernando Redondo,Argentina,,6 de junio de 1969,Mediocampista,5,1994
Fernando Riera,Chile,,27 de junio de 1920,Delantero,-,1950
Fernando Roldan,Chile,,1 de enero de 1921,Defensor,-,1950
Fernando Torres,España,1.86 m,20 de marzo de 1984,Delantero,9,"2006, 2010, 2014"
Ferran Torres,España,1.84 m,29 de febrero de 2000,Delantero,11,2022
Ferydoon Zandi,Irán,1.84 m,26 de abril de 1979,Mediocampista,7,2006
Festa,Portugal,,21 de julio de 1939,Defensor,22,1966
Fidel Escobar,Panamá,1.81 m,9 de enero de 1995,Defensor,4,2018
Fidel Martínez,Ecuador,1.76 m,15 de febrero de 1990,Mediocampista,20,2014
Fidelis,Brasil,,13 de marzo de 1944,Defensor,3,1966
Figueiredo,Angola,1.70 m,28 de noviembre de 1972,Mediocampista,7,2006
Filip Bradarić,Croacia,1.85 m,11 de enero de 1992,Mediocampista,14,2018
Filip De Wilde,Bélgica,,5 de julio de 1964,Arquero,"20, 12, 1","1990, 1994, 1998"
Filip Djuricic,Serbia,1.76 m,30 de enero de 1992,Delantero,21,2022
Filip Helander,Suecia,1.92 m,22 de abril de 1993,Defensor,14,2018
Filip Holosko,Eslovaquia,1.86 m,17 de enero de 1984,Delantero,13,2010
Filip Kostić,Serbia,1.84 m,1 de noviembre de 1992,Mediocampista,17,"2018, 2022"
Filip Mladenovic,Serbia,1.81 m,15 de agosto de 1991,Defensor,25,2022
Filipe Luís,Brasil,1.83 m,9 de agosto de 1985,Defensor,6,2018
Filippo Inzaghi,Italia,1.81 m,9 de agosto de 1973,Delantero,"19, 9, 18","1998, 2002, 2006"
Finidi George,Nigeria,1.87 m,15 de abril de 1971,"Delantero, Mediocampista",7,"1994, 1998"
Firas Al-Buraikan,Arabia Saudita,1.81 m,14 de mayo de 2000,Delantero,9,2022
Fitzroy Simpson,Jamaica,,26 de febrero de 1970,Mediocampista,6,1998
Flavio,Angola,1.75 m,30 de diciembre de 1979,Delantero,16,2006
Flavius Domide,Rumania,,11 de mayo de 1946,Delantero,19,1970
Flemming Christensen,Dinamarca,,10 de abril de 1958,Delantero,18,1986
Florea Dumitrache,Rumania,,22 de mayo de 1948,Delantero,9,1970
Florencio Amarilla,Paraguay,,3 de enero de 1935,Delantero,11,1958
Florent Malouda,Francia,1.84 m,13 de junio de 1980,Mediocampista,"7, 15","2006, 2010"
Florian Albert,Hungría,,15 de septiembre de 1941,Delantero,9,"1962, 1966"
Florian Thauvin,Francia,1.79 m,26 de enero de 1993,Delantero,20,2018
Florin Prunea,Rumania,,8 de agosto de 1968,Arquero,"1, 22","1994, 1998"
Florin Raducioiu,Rumania,,17 de marzo de 1970,Delantero,"14, 9","1990, 1994"
Fodé Ballo-Toure,Senegal,1.82 m,3 de enero de 1997,Defensor,12,2022
Fontana,Brasil,,31 de diciembre de 1940,Defensor,15,1970
Formose Mendy,Senegal,1.91 m,2 de enero de 2001,Defensor,2,2022
Fortes,Brasil,,9 de septiembre de 1901,Mediocampista,-,1930
Foued Kadir,Argelia,1.80 m,5 de diciembre de 1983,Mediocampista,21,2010
Fouzi Al Shehri,Arabia Saudita,1.73 m,15 de mayo de 1980,Defensor,6,2002
Fran Karacic,Australia,1.81 m,12 de mayo de 1996,Defensor,5,2022
Francesco Coco,Italia,1.81 m,8 de enero de 1977,Defensor,4,2002
Francesco Graziani,Italia,,16 de diciembre de 1952,Delantero,19,"1978, 1982"
Francesco Janich,Italia,,27 de marzo de 1937,Defensor,"19, 9","1962, 1966"
Francesco Moriero,Italia,,31 de marzo de 1969,Mediocampista,17,1998
Francesco Morini,Italia,,12 de agosto de 1944,Defensor,5,1974
Francesco Rizzo,Italia,,30 de mayo de 1943,Mediocampista,20,1966
Francesco Toldo,Italia,1.96 m,2 de diciembre de 1971,Arquero,"1, 22","1998, 2002"
Francesco Totti,Italia,1.80 m,27 de septiembre de 1976,"Delantero, Mediocampista",10,"2002, 2006"
Francis Lee,Inglaterra,,29 de abril de 1944,Delantero,7,1970
Francis Ryan,Estados Unidos,,10 de enero de 1908,Delantero,-,1934
Francis Uzoho,Nigeria,1.96 m,28 de octubre de 1998,Arquero,23,2018
Francisco,España,,1 de noviembre de 1962,Mediocampista,17,1986
Francisco Aguirre,Paraguay,,1 de enero de 1908,Mediocampista,-,1930
Francisco Alcaraz,Paraguay,,4 de octubre de 1960,Mediocampista,17,1986
Francisco Arce,Paraguay,1.78 m,2 de abril de 1971,Defensor,2,"1998, 2002"
Francisco Calvo,Costa Rica,1.80 m,8 de julio de 1992,Defensor,15,"2018, 2022"
Francisco Camera,Uruguay,,1 de enero de 1942,Defensor,14,1970
Francisco Carrasco,España,,6 de marzo de 1959,Delantero,10,1986
Francisco Castrejon,México,,11 de junio de 1947,Arquero,22,1970
Francisco Cruz,México,,24 de mayo de 1966,Delantero,5,1986
Francisco Flores,México,,12 de febrero de 1926,Mediocampista,6,1958
Francisco Gabriel De Anda,México,1.88 m,5 de junio de 1971,Defensor,2,2002
Francisco Gento,España,,21 de octubre de 1933,Delantero,"9, 11","1962, 1966"
Francisco Garza Gutierrez,México,,14 de marzo de 1904,Defensor,-,1930
Francisco Hernandez,El Salvador,,11 de diciembre de 1958,Delantero,9,1982
Francisco Hernandez,México,,,Mediocampista,-,1950
Francisco Jara,México,,3 de febrero de 1941,Delantero,11,1966
Francisco Lombardo,Argentina,,11 de junio de 1925,Defensor,4,1958
Francisco Montes,México,,28 de junio de 1942,Defensor,4,1970
Francisco Osorto,El Salvador,,20 de marzo de 1957,Defensor,12,1982
Francisco Palencia,México,1.75 m,28 de abril de 1973,Delantero,17,"1998, 2002"
Francisco Rodrigues,Brasil,,27 de junio de 1925,Delantero,11,"1950, 1954"
Francisco Rodriguez,México,1.91 m,20 de octubre de 1981,Defensor,"22, 2","2006, 2010, 2014"
Francisco Rojas,Chile,,22 de julio de 1974,Defensor,4,1998
Francisco Rua,Argentina,,4 de febrero de 1911,Delantero,-,1934
Francisco Sa,Argentina,,25 de octubre de 1945,Defensor,16,1974
Francisco Silva,Chile,1.78 m,11 de febrero de 1986,Mediocampista,5,2014
Francisco Sosa,Paraguay,,,Delantero,-,1950
Francisco Torres,Estados Unidos,1.68 m,29 de octubre de 1987,Mediocampista,16,2010
Francisco Uria,España,,1 de febrero de 1950,Defensor,3,1978
Francisco Urroz,Chile,,,Defensor,-,1950
Francisco Urruticoechea,España,,17 de febrero de 1952,Arquero,"22, 21, 13","1978, 1982, 1986"
Francisco Valdes,Chile,,19 de marzo de 1943,"Mediocampista, Delantero","19, 8","1966, 1974"
Francisco Varallo,Argentina,,5 de febrero de 1910,Delantero,-,1930
Francisco Villaroya,España,,6 de agosto de 1966,Mediocampista,11,1990
Francisco Zuluaga,Colombia,,4 de febrero de 1929,Defensor,3,1962
Franck Atsou,Togo,1.88 m,1 de agosto de 1978,Mediocampista,21,2006
Franck Ribery,Francia,1.75 m,7 de abril de 1983,"Delantero, Mediocampista","22, 7","2006, 2010"
Franco Armani,Argentina,1.89 m,16 de octubre de 1986,Arquero,"12, 1","2018, 2022"
Franco Baresi,Italia,,8 de mayo de 1960,Defensor,"2, 6","1982, 1990, 1994"
Franco Causio,Italia,,1 de febrero de 1949,Mediocampista,"18, 16, 15","1974, 1978, 1982"
Franco Navarro,Perú,,10 de noviembre de 1961,Delantero,17,1982
Franco Selvaggi,Italia,,15 de mayo de 1953,Delantero,21,1982
Franco Tancredi,Italia,,10 de enero de 1955,Arquero,12,1986
Francois Bourbotte,Francia,,24 de febrero de 1913,Defensor,-,1938
Francois Bracci,Francia,,3 de noviembre de 1951,Defensor,5,1978
Francois De Vries,Bélgica,,21 de agosto de 1913,Delantero,-,1934
Francois Janssens,Bélgica,,25 de septiembre de 1945,Delantero,21,1970
Francois Ledent,Bélgica,,8 de noviembre de 1907,Delantero,-,1934
François Moubandje,Suiza,1.82 m,21 de junio de 1990,Defensor,3,2018
Francois Ndoumbe Lea,Camerún,,30 de enero de 1954,Defensor,15,1982
Francois Omam-Biyik,Camerún,,21 de mayo de 1966,Delantero,7,"1990, 1994, 1998"
Francois Remetter,Francia,,8 de agosto de 1928,Arquero,"1, 3","1954, 1958"
Francois Van Der Elst,Bélgica,,1 de diciembre de 1954,Delantero,13,1982
Franjo Vladic,Yugoslavia,,19 de octubre de 1951,Mediocampista,16,1974
Frank Arnesen,Dinamarca,,30 de septiembre de 1956,Mediocampista,15,1986
Frank Baumann,Alemania,1.87 m,29 de octubre de 1975,Defensor,4,2002
Frank Borghi,Estados Unidos,,9 de abril de 1925,Arquero,-,1950
Frank De Boer,Paises Bajos,,15 de mayo de 1970,Defensor,"2, 4","1994, 1998"
Frank Gray,Escocia,,27 de octubre de 1954,Defensor,3,1982
Frank Klopas,Estados Unidos,,1 de septiembre de 1966,Delantero,14,1994
Frank Lampard,Inglaterra,1.83 m,20 de junio de 1978,Mediocampista,8,"2006, 2010, 2014"
Frank Leboeuf,Francia,1.83 m,22 de enero de 1968,Defensor,18,"1998, 2002"
Frank Mcavennie,Escocia,,22 de noviembre de 1959,Delantero,16,1986
Frank Mill,Alemania Occidental,,23 de julio de 1958,Delantero,11,1990
Frank Rijkaard,Paises Bajos,,30 de septiembre de 1962,Mediocampista,3,"1990, 1994"
Frank Sechehaye,Suiza,,3 de noviembre de 1907,Arquero,-,1934
Frank Sinclair,Jamaica,,3 de diciembre de 1971,Defensor,19,1998
Frank Stapleton,Irlanda,,10 de julio de 1956,Delantero,18,1990
Frank Van Hattum,Nueva Zelanda,,17 de noviembre de 1958,Arquero,22,1982
Frank Vaughn,Estados Unidos,,18 de febrero de 1902,Defensor,-,1930
Frank Vercauteren,Bélgica,,28 de octubre de 1956,Mediocampista,6,"1982, 1986"
Frank Wallace,Estados Unidos,,15 de julio de 1922,Delantero,-,1950
Frank Wels,Paises Bajos,,21 de febrero de 1909,Delantero,-,"1934, 1938"
Frankie Hejduk,Estados Unidos,1.74 m,5 de agosto de 1974,"Defensor, Mediocampista",2,"1998, 2002"
Franky Van Der Elst,Bélgica,,30 de abril de 1961,"Defensor, Mediocampista","3, 8, 7, 6","1986, 1990, 1994, 1998"
Franky Vandendriessche,Bélgica,1.85 m,7 de abril de 1971,Arquero,13,2002
Frans Gommers,Bélgica,,5 de abril de 1917,Defensor,-,1938
Frans Hogenbirk,Paises Bajos,,,Mediocampista,-,1938
Frans Hukon,Indias Orientales Holand.,,1 de enero de 1917,Defensor,-,1938
Frans Meeng,Indias Orientales Holand.,,1 de enero de 1914,Mediocampista,-,1938
Frans Peeraer,Bélgica,,15 de febrero de 1913,Mediocampista,-,1934
Frans Van Der Veen,Paises Bajos,,25 de marzo de 1919,Delantero,-,1938
Frantisek Jakubec,Checoslovaquia,,12 de abril de 1956,Defensor,2,1982
Frantisek Junek,Checoslovaquia,,17 de enero de 1907,Delantero,-,1934
Frantisek Planicka,Checoslovaquia,,2 de junio de 1904,Arquero,-,"1934, 1938"
Frantisek Safranek,Checoslovaquia,,2 de enero de 1931,Defensor,"2, 21","1954, 1958"
Frantisek Schmucker,Checoslovaquia,,28 de enero de 1940,Arquero,13,1962
Frantisek Stambacher,Checoslovaquia,,13 de febrero de 1953,Mediocampista,17,1982
Frantisek Straka,Checoslovaquia,,28 de mayo de 1958,Defensor,6,1990
Frantisek Svoboda,Checoslovaquia,,5 de julio de 1905,Delantero,-,1934
Frantisek Vesely,Checoslovaquia,,7 de diciembre de 1943,Mediocampista,18,1970
Franz Beckenbauer,Alemania Occidental,1.81 m,11 de septiembre de 1945,"Defensor, Mediocampista","4, 5","1966, 1970, 1974"
Franz Cisar,Austria,,28 de noviembre de 1908,Defensor,-,1934
Franz Dienert,Alemania,,1 de enero de 1900,Delantero,-,1934
Franz Oberacher,Austria,,24 de marzo de 1954,Delantero,17,1978
Franz Pelikan,Austria,,6 de noviembre de 1925,Arquero,15,1954
Franz Swoboda,Austria,,15 de febrero de 1933,Defensor,4,1958
Franz Wagner,Austria,,23 de septiembre de 1911,Mediocampista,-,"1934, 1938"
Franz Wohlfahrt,Austria,,1 de julio de 1964,Arquero,16,1998
Fraser Forster,Inglaterra,2.01 m,17 de marzo de 1988,Arquero,22,2014
Frechaut,Portugal,1.84 m,24 de septiembre de 1977,Defensor,18,2002
Fred,Brasil,1.85 m,3 de octubre de 1983,Delantero,"21, 9","2006, 2014"
Fred Martin,Escocia,,13 de mayo de 1929,Arquero,1,1954
Fred,Brasil,1.69 m,5 de marzo de 1993,Mediocampista,"18, 8","2018, 2022"
Freddy Rincon,Colombia,,14 de agosto de 1966,"Delantero, Mediocampista",19,"1990, 1994, 1998"
Frederic Herpoel,Bélgica,1.83 m,16 de agosto de 1974,Arquero,23,2002
Frederico,Portugal,,6 de abril de 1957,Defensor,8,1986
Frederik Ronnow,Dinamarca,1.90 m,4 de agosto de 1992,Arquero,22,"2018, 2022"
Frederik Schram,Islandia,1.98 m,19 de enero de 1995,Arquero,12,2018
Fredrik Ljungberg,Suecia,1.76 m,16 de abril de 1977,Mediocampista,9,"2002, 2006"
Fredrik Stenman,Suecia,1.87 m,2 de junio de 1983,Defensor,14,2006
Fredy Bickel,Suiza,,12 de mayo de 1918,Delantero,-,"1938, 1950"
Fredy Guarín,Colombia,1.83 m,30 de junio de 1986,Mediocampista,13,2014
Frenkie de Jong,Paises Bajos,1.81 m,12 de mayo de 1997,Mediocampista,21,2022
Friaca,Brasil,,20 de octubre de 1924,Delantero,-,1950
Frickson Erazo,Ecuador,1.90 m,5 de mayo de 1988,Defensor,3,2014
Friedel Lutz,Alemania Occidental,,21 de enero de 1939,Defensor,14,1966
Friederich Franzl,Austria,,6 de marzo de 1905,Arquero,-,1934
Friedl Koncilia,Austria,,25 de febrero de 1948,Arquero,1,"1978, 1982"
Fritz Andre,Haití,,18 de septiembre de 1946,Defensor,4,1974
Fritz Buchloh,Alemania,,26 de noviembre de 1909,Arquero,-,"1934, 1938"
Fritz Herkenrath,Alemania Occidental,,9 de septiembre de 1928,Arquero,1,1958
Fritz Kehl,Suiza,,12 de julio de 1937,Defensor,10,1962
Fritz Keller,Francia,,21 de agosto de 1913,Delantero,-,1934
Fritz Kuenzli,Suiza,,8 de enero de 1946,Delantero,13,1966
Fritz Laband,Alemania Occidental,,1 de noviembre de 1925,Defensor,2,1954
Fritz Leandre,Haití,,13 de marzo de 1948,Delantero,16,1974
Fritz Morf,Suiza,,29 de enero de 1928,Defensor,5,1962
Fritz Szepan,Alemania,,2 de septiembre de 1907,Delantero,-,"1934, 1938"
Fritz Wagner,Suiza,,,Delantero,-,1938
Fritz Walter,Alemania Occidental,,31 de octubre de 1920,Mediocampista,"16, 9","1954, 1958"
Frode Grodas,Noruega,,24 de octubre de 1964,Arquero,"12, 1","1994, 1998"
Fryedryk Szerfke,Polonia,,7 de septiembre de 1909,Delantero,-,1938
Fuad Amin,Arabia Saudita,,13 de octubre de 1972,Mediocampista,6,"1994, 1998"
Fulvio Collovati,Italia,,9 de mayo de 1957,Defensor,"5, 4","1982, 1986"
Fulvio Nesti,Italia,,8 de junio de 1925,Mediocampista,6,1954
Futre,Portugal,,28 de febrero de 1966,Delantero,10,1986
Fyodor Kudryashov,Rusia,1.81 m,5 de abril de 1987,Defensor,13,2018
Fyodor Smolov,Rusia,1.87 m,9 de febrero de 1990,Delantero,10,2018
G. Faulhaber,Indias Orientales Holand.,,,Mediocampista,-,1938
G. Van Den Burgh,Indias Orientales Holand.,,,Defensor,-,1938
Gabelo Conejo,Costa Rica,1.78 m,1 de enero de 1960,Arquero,1,1990
Gabor Poloskei,Hungría,,11 de octubre de 1961,Delantero,11,1982
Gabor Szabo,Hungría,,14 de octubre de 1902,Delantero,-,1934
Gabriel Achilier,Ecuador,1.82 m,24 de marzo de 1985,Defensor,21,2014
Gabriel Alonso,España,,9 de noviembre de 1923,Defensor,-,1950
Gabriel Badilla,Costa Rica,1.81 m,30 de junio de 1984,Defensor,17,2006
Gabriel Batistuta,Argentina,1.85 m,1 de febrero de 1969,Delantero,9,"1994, 1998, 2002"
Gabriel Caballero,México,1.73 m,5 de febrero de 1971,Mediocampista,19,2002
Gabriel Calderon,Argentina,,7 de febrero de 1960,"Delantero, Mediocampista","5, 6","1982, 1990"
Gabriel De Michele,Francia,,6 de marzo de 1941,Defensor,11,1966
Gabriel Enrique Gómez,Panamá,1.83 m,29 de mayo de 1984,Mediocampista,6,2018
Gabriel Gomez,Colombia,,8 de diciembre de 1959,Mediocampista,"8, 6","1990, 1994"
Gabriel Heinze,Argentina,1.78 m,19 de abril de 1978,Defensor,6,"2006, 2010"
Gabriel Jesus,Brasil,1.75 m,3 de abril de 1997,Delantero,"9, 18","2018, 2022"
Gabriel Martinelli,Brasil,1.78 m,18 de junio de 2001,Delantero,26,2022
Gabriel Mercado,Argentina,1.80 m,17 de marzo de 1987,Defensor,2,2018
Gabriel Milito,Argentina,1.77 m,7 de septiembre de 1980,Defensor,15,2006
Gabriel Nunez,México,,6 de febrero de 1942,Defensor,14,1966
Gabriel Paletta,Italia,1.90 m,15 de febrero de 1986,Defensor,20,2014
Gabriel Popescu,Rumania,,25 de diciembre de 1973,Mediocampista,16,1998
Gabriel Torres,Panamá,1.80 m,31 de octubre de 1988,Delantero,9,2018
Gabriele Oriali,Italia,,25 de noviembre de 1952,Mediocampista,13,1982
Gael Clichy,Francia,1.81 m,26 de julio de 1985,Defensor,22,2010
Gael Givet,Francia,1.81 m,9 de octubre de 1981,Defensor,17,2006
Gaël Ondoua,Camerún,1.85 m,4 de noviembre de 1995,Mediocampista,5,2022
Gaetan Bong,Camerún,1.83 m,25 de abril de 1988,Defensor,12,2010
Gaetan Englebert,Bélgica,1.78 m,11 de junio de 1976,Mediocampista,17,2002
Gaetano Scirea,Italia,,25 de mayo de 1953,Defensor,"8, 7, 6","1978, 1982, 1986"
Gaizka Mendieta,España,1.73 m,27 de marzo de 1974,Mediocampista,16,2002
Gaku Shibasaki,Japón,1.75 m,28 de mayo de 1992,Mediocampista,7,"2018, 2022"
Galimzyan Khusainov,URSS,,27 de junio de 1937,Delantero,"21, 15","1962, 1966"
Gallego,España,,4 de marzo de 1944,Mediocampista,17,1966
Gamal Abdelhamid,Egipto,,24 de noviembre de 1957,Mediocampista,10,1990
Garang Kuol,Australia,1.77 m,15 de septiembre de 2004,Delantero,21,2022
Garay,España,,10 de septiembre de 1930,Mediocampista,8,1962
Garba Lawal,Nigeria,1.83 m,22 de mayo de 1974,Mediocampista,11,"1998, 2002"
Gareth Bale,Gales,1.86 m,16 de julio de 1989,Delantero,11,2022
Gareth Barry,Inglaterra,1.80 m,23 de febrero de 1981,Mediocampista,14,2010
Gareth Southgate,Inglaterra,1.84 m,3 de septiembre de 1970,Defensor,"6, 16","1998, 2002"
Garrincha,Brasil,1.69 m,28 de octubre de 1933,Delantero,"11, 7, 16","1958, 1962, 1966"
Gary A. Stevens,Inglaterra,,30 de marzo de 1962,Defensor,15,1986
Gary Bailey,Inglaterra,,9 de agosto de 1958,Arquero,22,1986
Gary Breen,Irlanda,1.90 m,12 de diciembre de 1973,Defensor,14,2002
Gary Cahill,Inglaterra,1.91 m,19 de diciembre de 1985,Defensor,"5, 15","2014, 2018"
Gary Gillespie,Escocia,,5 de julio de 1960,Defensor,11,1990
Gary Kelly,Irlanda,1.73 m,9 de julio de 1974,Defensor,"12, 18","1994, 2002"
Gary Lineker,Inglaterra,,30 de noviembre de 1960,Delantero,10,"1986, 1990"
Gary Manuel,Australia,,20 de febrero de 1950,Delantero,10,1974
Gary Mcallister,Escocia,,25 de diciembre de 1964,Mediocampista,20,1990
Gary Medel,Chile,1.71 m,3 de agosto de 1987,Defensor,17,"2010, 2014"
Gary Neville,Inglaterra,1.80 m,18 de febrero de 1975,Defensor,"12, 2","1998, 2006"
Gary Stevens,Inglaterra,,27 de marzo de 1963,Defensor,2,"1986, 1990"
Gastón Ramírez,Uruguay,1.83 m,2 de diciembre de 1990,Mediocampista,18,2014
Gastón Silva,Uruguay,1.85 m,5 de marzo de 1994,Defensor,13,2018
Gaston Taument,Paises Bajos,,1 de octubre de 1970,Delantero,17,1994
Gavi,España,1.73 m,5 de agosto de 2004,Mediocampista,9,2022
Gavril Balint,Rumania,,3 de enero de 1963,Delantero,18,1990
Geert De Vlieger,Bélgica,1.86 m,16 de octubre de 1971,Arquero,1,2002
Gejus Van Der Meulen,Paises Bajos,,23 de enero de 1903,Arquero,-,1934
Gelson Fernandes,Suiza,1.83 m,2 de septiembre de 1986,Mediocampista,16,"2010, 2014, 2018"
Gelson Martins,Portugal,1.70 m,11 de mayo de 1995,Delantero,18,2018
Gen Shoji,Japón,1.82 m,11 de diciembre de 1992,Defensor,3,2018
Genaro Sermeno,El Salvador,,28 de noviembre de 1948,Mediocampista,16,1970
Genki Haraguchi,Japón,1.77 m,9 de mayo de 1991,Mediocampista,8,2018
Gennadi Gusarov,URSS,,11 de marzo de 1937,Delantero,"19, 13","1958, 1962"
Gennadi Litovchenko,URSS,,11 de septiembre de 1963,Mediocampista,"13, 8","1986, 1990"
Gennadi Logofet,URSS,,15 de abril de 1942,Defensor,7,1970
Gennadi Morozov,URSS,,30 de diciembre de 1962,Defensor,4,1986
Gennadi Yevryuzhikhin,URSS,,4 de febrero de 1944,Delantero,17,1970
Gennaro Gattuso,Italia,1.77 m,9 de enero de 1978,Mediocampista,8,"2002, 2006, 2010"
Genrikh Fedosov,URSS,,6 de diciembre de 1932,Delantero,21,1958
Genwei Yu,China,1.80 m,19 de agosto de 1976,Mediocampista,11,2002
Geoff Cameron,Estados Unidos,1.91 m,11 de julio de 1985,Defensor,20,2014
Geoff Coombes,Estados Unidos,,23 de abril de 1919,Defensor,-,1950
Geoff Hurst,Inglaterra,,8 de diciembre de 1941,Delantero,10,"1966, 1970"
Georg Braun,Austria,,22 de febrero de 1907,Delantero,-,1934
Georg Stollenwerk,Alemania Occidental,,19 de diciembre de 1930,Defensor,7,1958
George Borba,Israel,,12 de julio de 1944,Delantero,11,1970
George Burley,Escocia,,3 de junio de 1956,Defensor,21,1982
George Cohen,Inglaterra,,22 de octubre de 1939,Defensor,2,1966
George Dunlop,Irlanda del Norte,,16 de enero de 1956,Arquero,22,1982
George Eastham,Inglaterra,,23 de septiembre de 1936,"Delantero, Mediocampista","20, 22","1962, 1966"
George Hamilton,Escocia,,7 de diciembre de 1917,Delantero,9,1954
George Koumantarakis,Sudáfrica,1.93 m,27 de marzo de 1974,Delantero,23,2002
George Moorhouse,Estados Unidos,,4 de mayo de 1901,Defensor,-,"1930, 1934"
George Owu,Ghana,1.79 m,7 de julio de 1982,Arquero,16,2006
George Pakos,Canadá,,14 de agosto de 1952,Mediocampista,13,1986
George Welcome,Honduras,1.92 m,9 de marzo de 1985,Delantero,12,2010
George Wood,Escocia,,26 de septiembre de 1952,Arquero,12,1982
Georges Aeby,Suiza,,10 de septiembre de 1913,Delantero,-,1938
Georges Beaucourt,Francia,,15 de abril de 1912,Defensor,-,1934
Georges Bregy,Suiza,,17 de enero de 1958,Mediocampista,6,1994
Georges Carnus,Francia,,13 de agosto de 1942,Arquero,21,1966
Georges Grun,Bélgica,,25 de enero de 1962,Defensor,13,"1986, 1990, 1994"
Georges Heylens,Bélgica,,8 de agosto de 1941,Defensor,2,1970
Georges-Kévin Nkoudou,Camerún,1.72 m,13 de febrero de 1995,Defensor,7,2022
Georges Mandjeck,Camerún,1.81 m,9 de diciembre de 1988,Mediocampista,20,2010
Georges Mouyeme,Camerún,,15 de abril de 1971,Delantero,20,1994
Georges Putmans,Bélgica,,29 de mayo de 1914,Mediocampista,-,1934
Georges Stuber,Suiza,,11 de mayo de 1925,Arquero,3,"1950, 1954"
Georges Verriest,Francia,,15 de julio de 1909,Mediocampista,-,1934
Georges Vuilleumier,Suiza,,21 de septiembre de 1944,Delantero,21,1966
Georgi Asparukhov,Bulgaria,,4 de mayo de 1943,Delantero,"15, 9, 19","1962, 1966, 1970"
Georgi Bachev,Bulgaria,,18 de abril de 1977,Mediocampista,19,1998
Georgi Denev,Bulgaria,,18 de abril de 1950,Delantero,11,1974
Georgi Dimitrov,Bulgaria,,14 de enero de 1959,Defensor,5,1986
Georgi Georgiev,Bulgaria,,10 de octubre de 1963,Mediocampista,19,1994
Georgi Ivanov,Bulgaria,,2 de julio de 1976,Delantero,20,1998
Georgi Kamenski,Bulgaria,,3 de septiembre de 1947,Arquero,22,1970
Georgi Naidenov,Bulgaria,,21 de diciembre de 1931,Arquero,1,"1962, 1966"
Georgi Nikolov,Bulgaria,,,Defensor,22,1962
Georgi Popov,Bulgaria,,14 de julio de 1944,Delantero,7,1970
Georgi Sichinava,URSS,,15 de septiembre de 1944,Mediocampista,14,1966
Georgi Sokolov,Bulgaria,,19 de junio de 1942,Delantero,14,1962
Georgi Yordanov,Bulgaria,,21 de julio de 1963,Mediocampista,15,1986
Georginio Wijnaldum,Paises Bajos,1.73 m,11 de noviembre de 1990,Mediocampista,20,2014
Georgios Karagounis,Grecia,1.76 m,6 de marzo de 1977,Mediocampista,10,"2010, 2014"
Georgios Samaras,Grecia,1.92 m,21 de febrero de 1985,Delantero,7,"2010, 2014"
Georgy Schennikov,Rusia,1.78 m,27 de abril de 1991,Defensor,3,2014
Geovanis Cassiani,Colombia,,10 de enero de 1970,Defensor,17,1990
Geovanni Jara,Costa Rica,1.75 m,20 de julio de 1969,Defensor,18,1990
Gerald Asamoah,Alemania,1.80 m,3 de octubre de 1978,Delantero,14,"2002, 2006"
Gerald Glatzmayer,Austria,,13 de diciembre de 1968,Mediocampista,19,1990
Gerald Messlender,Austria,,1 de octubre de 1961,Defensor,16,1982
Gerald Peyton,Irlanda,,20 de mayo de 1956,Arquero,22,1990
Gerald Vanenburg,Paises Bajos,,5 de marzo de 1964,Mediocampista,8,1990
Gerard Delbeke,Bélgica,,1 de septiembre de 1903,Delantero,-,1930
Gerard Gnanhouan,Costa de Marfil,1.82 m,12 de febrero de 1979,Arquero,16,2006
Gerard Hausser,Francia,,18 de marzo de 1939,Delantero,14,1966
Gerard Janvion,Francia,,21 de agosto de 1953,Defensor,"4, 5","1978, 1982"
Gerard Joseph,Haití,,22 de octubre de 1949,Arquero,22,1974
Gerard Piqué,España,1.94 m,2 de febrero de 1987,Defensor,3,"2010, 2014, 2018"
Gerard Plessers,Bélgica,,30 de marzo de 1959,Defensor,16,1982
Gerard Soler,Francia,,29 de mayo de 1954,Delantero,20,1982
Gerard Wodarz,Polonia,,10 de agosto de 1913,Delantero,-,1938
Gerardo Arteaga,México,1.75 m,7 de septiembre de 1998,Defensor,6,2022
Gerardo Lugo,México,,13 de marzo de 1955,Mediocampista,18,1978
Gerardo Romero,Paraguay,,1 de enero de 1906,Delantero,-,1930
Gerardo Torrado,México,1.73 m,30 de abril de 1979,Mediocampista,6,"2002, 2006, 2010"
Gerd Kische,Alemania Oriental,,23 de octubre de 1951,Defensor,18,1974
Gerd Mueller,Alemania Occidental,,3 de noviembre de 1945,Delantero,13,"1970, 1974"
Gerd Zewe,Alemania Occidental,,13 de junio de 1950,Mediocampista,18,1978
Geremi,Camerún,1.80 m,20 de diciembre de 1978,Defensor,8,"2002, 2010"
Gerhard Breitenberger,Austria,,14 de octubre de 1954,Defensor,4,1978
Gerhard Hanappi,Austria,,16 de febrero de 1929,Defensor,"2, 5","1954, 1958"
Gerhard Lusenti,Suiza,,24 de abril de 1921,Defensor,-,1950
Gerhard Rodax,Austria,,29 de agosto de 1965,Delantero,14,1990
German Aceros,Colombia,,30 de septiembre de 1938,Delantero,13,1962
German Apukthin,URSS,,12 de junio de 1936,Delantero,7,1958
German Burgos,Argentina,1.88 m,16 de abril de 1969,Arquero,"12, 1","1998, 2002"
German Chavarria,Costa Rica,,19 de marzo de 1958,Mediocampista,8,1990
German Leguia,Perú,,2 de enero de 1954,Delantero,"15, 5","1978, 1982"
German Pezzella,Argentina,1.90 m,27 de junio de 1991,Defensor,6,2022
German Villa,México,1.71 m,2 de abril de 1973,Mediocampista,"4, 14","1998, 2002"
Germano,Brasil,,14 de marzo de 1911,Arquero,-,1934
Germano,Portugal,,18 de enero de 1933,Defensor,5,1966
Gernot Jurtin,Austria,,9 de septiembre de 1955,Delantero,18,1982
Geronimo Barbadillo,Perú,,24 de septiembre de 1952,Delantero,7,1982
Geronimo Rulli,Argentina,1.89 m,20 de mayo de 1992,Arquero,12,2022
Gerry Armstrong,Irlanda del Norte,,23 de mayo de 1954,Delantero,"9, 14","1982, 1986"
Gerry Byrne,Inglaterra,,29 de agosto de 1938,Defensor,15,1966
Gerry Gray,Canadá,,20 de enero de 1961,Mediocampista,8,1986
Gerry Hitchens,Inglaterra,,8 de octubre de 1934,Delantero,9,1962
Gerson,Brasil,,11 de enero de 1941,Mediocampista,"11, 8","1966, 1970"
Gerson Torres,Costa Rica,1.76 m,28 de agosto de 1997,Mediocampista,13,2022
Gert Verheyen,Bélgica,1.89 m,20 de septiembre de 1970,Mediocampista,"18, 11","1998, 2002"
Gervinho,Costa de Marfil,1.79 m,27 de mayo de 1987,Delantero,10,"2010, 2014"
Geza Gulyas,Hungría,,23 de marzo de 1933,Arquero,22,1954
Geza Kalocsay,Checoslovaquia,,30 de mayo de 1913,Delantero,-,1934
Geza Toldi,Hungría,,11 de febrero de 1909,Delantero,-,"1934, 1938"
Ghafoor Jahani,Irán,,18 de junio de 1950,Delantero,17,1978
Ghailene Chaalali,Túnez,1.79 m,28 de febrero de 1994,Mediocampista,"20, 18","2018, 2022"
Ghandi Said,Marruecos,,1 de enero de 1947,Mediocampista,7,1970
Ghanim Mubarak,Emiratos Arabes,,3 de septiembre de 1963,Defensor,4,1990
Gharib Amzine,Marruecos,,3 de mayo de 1973,Mediocampista,17,1998
Ghasem Haddadifar,Irán,1.80 m,12 de julio de 1983,Mediocampista,11,2014
Gheorghe Albu,Rumania,,18 de noviembre de 1909,Defensor,-,1934
Gheorghe Ciolac,Rumania,,10 de agosto de 1908,Delantero,-,1934
Gheorghe Craioveanu,Rumania,,14 de febrero de 1968,Delantero,21,1998
Gheorghe Gornea,Rumania,,2 de agosto de 1944,Arquero,22,1970
Gheorghe Hagi,Rumania,,5 de febrero de 1965,Mediocampista,10,"1990, 1994, 1998"
Gheorghe Liliac,Rumania,,22 de abril de 1959,Arquero,22,1990
Gheorghe Mihali,Rumania,,9 de diciembre de 1965,Defensor,14,1994
Gheorghe Popescu,Rumania,,9 de octubre de 1967,"Defensor, Mediocampista",6,"1990, 1994, 1998"
Gheorghe Rasinaru,Rumania,,10 de febrero de 1915,Mediocampista,-,1938
Gheorghe Tataru,Rumania,,5 de mayo de 1948,Delantero,17,1970
Gi Dong Jeong,Corea del Sur,,13 de mayo de 1961,Arquero,19,1990
Giacinto Facchetti,Italia,,18 de julio de 1942,Defensor,"6, 3","1966, 1970, 1974"
Giacomo Bulgarelli,Italia,,24 de octubre de 1940,"Delantero, Mediocampista","22, 4","1962, 1966"
Giacomo Losi,Italia,,10 de septiembre de 1935,Defensor,2,1962
Giacomo Mari,Italia,,17 de octubre de 1924,Mediocampista,15,"1950, 1954"
Giampaolo Menichelli,Italia,,29 de junio de 1938,Delantero,11,1962
Giampaolo Pazzini,Italia,1.80 m,2 de agosto de 1984,Delantero,20,2010
Giampiero Boniperti,Italia,,4 de julio de 1928,Delantero,19,"1950, 1954"
Giampiero Combi,Italia,,20 de noviembre de 1902,Arquero,-,1934
Giampiero Marini,Italia,,25 de febrero de 1951,Mediocampista,11,1982
Giancarlo Antognoni,Italia,,1 de abril de 1954,Mediocampista,9,"1978, 1982"
Giancarlo De Sisti,Italia,,13 de marzo de 1943,Mediocampista,16,1970
Giancarlo Gonzalez,Costa Rica,1.91 m,8 de febrero de 1988,Defensor,3,"2014, 2018"
Giancarlo Marocchi,Italia,,4 de julio de 1965,Mediocampista,14,1990
Gianfranco Leoncini,Italia,,25 de septiembre de 1939,Mediocampista,12,1966
Gianfranco Zola,Italia,,5 de julio de 1966,Mediocampista,21,1994
Gianluca Pagliuca,Italia,,18 de diciembre de 1966,Arquero,"22, 1, 12","1990, 1994, 1998"
Gianluca Pessotto,Italia,,11 de agosto de 1970,Defensor,7,1998
Gianluca Vialli,Italia,,9 de julio de 1964,Delantero,"17, 21","1986, 1990"
Gianluca Zambrotta,Italia,1.81 m,19 de febrero de 1977,"Defensor, Mediocampista",19,"2002, 2006, 2010"
Gianluigi Buffon,Italia,1.91 m,28 de enero de 1978,Arquero,"22, 1","1998, 2002, 2006, 2010, 2014"
Gianni Guigou,Uruguay,1.75 m,22 de febrero de 1975,Mediocampista,7,2002
Gianni Rivera,Italia,,18 de agosto de 1943,"Delantero, Mediocampista","14, 19, 10","1962, 1966, 1970, 1974"
Giannis Kalitzakis,Grecia,,10 de febrero de 1966,Defensor,5,1994
Giannis Maniatis,Grecia,1.76 m,12 de octubre de 1986,Mediocampista,2,2014
Gideon Mensah,Ghana,1.78 m,18 de julio de 1998,Defensor,14,2022
Gigi Riva,Italia,1.82 m,7 de noviembre de 1944,Delantero,11,"1970, 1974"
Gil,Brasil,,24 de diciembre de 1950,Delantero,18,1978
Gilbert Bodart,Bélgica,,2 de septiembre de 1962,Arquero,"20, 12","1986, 1990"
Gilbert Fesselet,Suiza,,16 de abril de 1928,Mediocampista,12,1954
Gilbert Merrick,Inglaterra,,26 de enero de 1922,Arquero,1,1954
Gilbert Rey,Suiza,,30 de octubre de 1930,Delantero,19,1962
Gilberto Martinez,Costa Rica,1.74 m,1 de octubre de 1979,Defensor,5,"2002, 2006"
Gilberto Melo,Brasil,1.80 m,25 de abril de 1976,Defensor,16,"2006, 2010"
Gilberto Silva,Brasil,1.90 m,7 de octubre de 1976,Mediocampista,"8, 17","2002, 2006, 2010"
Gilberto Yearwood,Honduras,,15 de marzo de 1956,Mediocampista,20,1982
Gildardo Gomez,Colombia,,13 de octubre de 1963,Defensor,3,1990
Gilles Yapi Yapo,Costa de Marfil,1.71 m,30 de enero de 1982,Mediocampista,10,2006
Gilmar,Brasil,,22 de agosto de 1930,Arquero,"3, 1","1958, 1962, 1966"
Gilmar Rinaldi,Brasil,,13 de enero de 1959,Arquero,22,1994
Gino Cappello,Italia,,2 de junio de 1920,Delantero,10,"1950, 1954"
Gino Colaussi,Italia,,4 de marzo de 1914,Delantero,-,1938
Gino Gardassanich,Estados Unidos,,26 de noviembre de 1922,Arquero,-,1950
Gino Pariani,Estados Unidos,,21 de febrero de 1928,Delantero,-,1950
Gino Pivatelli,Italia,,27 de marzo de 1933,Delantero,18,1954
Giora Spiegel,Israel,,27 de julio de 1947,Mediocampista,8,1970
Giorgian De Arrascaeta,Uruguay,1.77 m,1 de junio de 1994,Mediocampista,10,"2018, 2022"
Giorgio Chiellini,Italia,1.92 m,14 de agosto de 1984,Defensor,"4, 3","2010, 2014"
Giorgio Chinaglia,Italia,,24 de enero de 1947,Delantero,9,1974
Giorgio Ferrini,Italia,,18 de agosto de 1939,Mediocampista,21,1962
Giorgio Ghezzi,Italia,,10 de julio de 1930,Arquero,1,1954
Giorgio Puia,Italia,,8 de marzo de 1938,Defensor,9,1970
Giorgios Tzavellas,Grecia,1.83 m,26 de noviembre de 1987,Defensor,3,2014
Giotis Tsalouchidis,Grecia,,30 de marzo de 1963,Mediocampista,6,1994
Giourkas Seitaridis,Grecia,1.85 m,4 de junio de 1981,Defensor,2,2010
Giovani dos Santos,México,1.75 m,11 de mayo de 1989,"Mediocampista, Delantero","17, 10","2010, 2014, 2018"
Giovani Lo Celso,Argentina,1.77 m,9 de abril de 1996,Mediocampista,20,2018
Giovanni,Brasil,,4 de febrero de 1972,Mediocampista,7,1998
Giovanni Ferrari,Italia,,6 de diciembre de 1907,Mediocampista,-,"1934, 1938"
Giovanni Galli,Italia,,29 de abril de 1958,Arquero,"22, 1","1982, 1986"
Giovanni Giacomazzi,Italia,,18 de enero de 1928,Defensor,3,1954
Giovanni Ibarra,Ecuador,1.79 m,8 de septiembre de 1969,Arquero,12,2002
Giovanni Lodetti,Italia,,10 de agosto de 1942,Mediocampista,13,1966
Giovanni Reyna,Estados Unidos,1.85 m,13 de noviembre de 2002,Delantero,7,2022
Giovanni Sio,Costa de Marfil,1.80 m,31 de marzo de 1989,Delantero,21,2014
Giovanni Trapattoni,Italia,,17 de marzo de 1939,Mediocampista,6,1962
Giovanni Van Bronckhorst,Paises Bajos,1.78 m,5 de febrero de 1975,"Defensor, Mediocampista","19, 5","1998, 2006, 2010"
Giovanni Viola,Italia,,20 de junio de 1925,Arquero,12,1954
Giovanny Espinoza,Ecuador,1.84 m,12 de abril de 1977,Defensor,17,"2002, 2006"
Giuseppe Baresi,Italia,,7 de febrero de 1958,Mediocampista,11,1986
Giuseppe Bergomi,Italia,,22 de diciembre de 1963,Defensor,"3, 2","1982, 1986, 1990, 1998"
Giuseppe Bossi,Suiza,,29 de agosto de 1911,Delantero,-,1934
Giuseppe Casari,Italia,,10 de abril de 1922,Arquero,-,1950
Giuseppe Cavanna,Italia,,18 de noviembre de 1905,Arquero,-,1934
Giuseppe Dossena,Italia,,2 de mayo de 1958,Mediocampista,10,1982
Giuseppe Furino,Italia,,5 de julio de 1946,Mediocampista,21,1970
Giuseppe Galderisi,Italia,,22 de marzo de 1963,Delantero,19,1986
Giuseppe Giannini,Italia,,20 de agosto de 1964,Mediocampista,13,1990
Giuseppe Meazza,Italia,,23 de agosto de 1910,"Delantero, Mediocampista",-,"1934, 1938"
Giuseppe Moro,Italia,,16 de enero de 1921,Arquero,-,1950
Giuseppe Sabadini,Italia,,26 de marzo de 1949,Defensor,13,1974
Giuseppe Signori,Italia,,17 de febrero de 1968,Delantero,20,1994
Giuseppe Wilson,Italia,,27 de octubre de 1945,Defensor,15,1974
Givi Chokheli,URSS,,27 de junio de 1937,Defensor,5,1962
Givili Nodiya,URSS,,2 de enero de 1948,Delantero,19,1970
Glen Adam,Nueva Zelanda,,22 de mayo de 1959,Defensor,16,1982
Glen De Boeck,Bélgica,1.90 m,22 de agosto de 1971,Defensor,"16, 3","1998, 2002"
Glen Dods,Nueva Zelanda,,7 de julio de 1957,Defensor,2,1982
Glen Johnson,Inglaterra,1.78 m,23 de agosto de 1984,Defensor,2,"2010, 2014"
Glen Moss,Nueva Zelanda,1.88 m,19 de enero de 1983,Arquero,12,2010
Glenn Hoddle,Inglaterra,,27 de octubre de 1957,Mediocampista,"9, 4","1982, 1986"
Glenn Hysen,Suecia,,30 de octubre de 1959,Defensor,3,1990
Glenn Stromberg,Suecia,,5 de enero de 1960,Mediocampista,15,1990
Godfrey Oboabona,Nigeria,1.86 m,16 de agosto de 1990,Defensor,14,2014
Godwin Okpara,Nigeria,1.77 m,20 de septiembre de 1972,Mediocampista,21,1998
Goikoetxea,España,1.85 m,23 de agosto de 1956,Defensor,8,1986
Goikoetxea,España,,21 de octubre de 1965,Mediocampista,7,1994
Gojko Kacar,Serbia,1.85 m,26 de enero de 1987,Mediocampista,4,2010
Gokhan Inler,Suiza,1.83 m,27 de junio de 1984,Mediocampista,8,"2010, 2014"
Gomes,Brasil,1.91 m,15 de febrero de 1981,Arquero,12,2010
Gomes,Portugal,,22 de noviembre de 1956,Delantero,9,1986
Gonçalo Guedes,Portugal,1.79 m,29 de noviembre de 1996,Delantero,17,2018
Gonçalo Ramos,Portugal,1.85 m,20 de junio de 2001,Delantero,26,2022
Goncalves,Brasil,,22 de junio de 1966,Defensor,14,1998
Gonzalo De Los Santos,Uruguay,1.86 m,19 de julio de 1976,Mediocampista,22,2002
Gonzalo Fierro,Chile,1.71 m,21 de marzo de 1983,Mediocampista,19,2010
Gonzalo Higuain,Argentina,1.84 m,10 de diciembre de 1987,Delantero,9,"2010, 2014, 2018"
Gonzalo Jara,Chile,1.77 m,29 de agosto de 1985,Defensor,18,"2010, 2014"
Gonzalo Montiel,Argentina,1.75 m,1 de enero de 1997,Defensor,4,2022
Gonzalo Pineda,México,1.77 m,19 de octubre de 1982,Defensor,14,2006
Gonzalo Plata,Ecuador,1.78 m,1 de noviembre de 2000,Mediocampista,19,2022
Gonzalo Sorondo,Uruguay,1.90 m,9 de octubre de 1979,Defensor,14,2002
Gonzalvo Ii,España,,16 de enero de 1920,Defensor,-,1950
Gonzalvo Iii,España,,22 de marzo de 1922,Mediocampista,-,1950
Goran Djorovic,RF de Yugoslavia,,11 de noviembre de 1971,Defensor,3,1998
Goran Gavrancic,Serbia y Montenegro,1.91 m,2 de agosto de 1978,Defensor,6,2006
Goran Hagberg,Suecia,,8 de noviembre de 1947,Arquero,"17, 12","1974, 1978"
Goran Juric,Croacia,,5 de febrero de 1963,Defensor,5,1998
Goran Nicklasson,Suecia,,20 de agosto de 1942,Mediocampista,19,1970
Goran Sankovic,Eslovenia,1.85 m,18 de junio de 1979,Defensor,2,2002
Goran Sorloth,Noruega,,16 de julio de 1962,Delantero,16,1994
Goran Vlaovic,Croacia,1.78 m,7 de agosto de 1972,Delantero,19,"1998, 2002"
Gordan Irovic,Yugoslavia,,,Arquero,20,1958
Gordan Vidovic,Bélgica,,23 de junio de 1968,Defensor,4,1998
Gordon Banks,Inglaterra,,30 de diciembre de 1937,Arquero,"22, 1","1962, 1966, 1970"
Gordon Durie,Escocia,,6 de diciembre de 1965,Delantero,"13, 9","1990, 1998"
Gordon Mcqueen,Escocia,,26 de junio de 1952,Defensor,"21, 5","1974, 1978"
Gordon Schildenfeld,Croacia,1.91 m,18 de marzo de 1985,Defensor,13,2014
Gordon Strachan,Escocia,,9 de febrero de 1957,Mediocampista,7,"1982, 1986"
Gorostiza,España,,15 de febrero de 1909,Delantero,-,1934
Gosho Ginchev,Bulgaria,,2 de febrero de 1969,Defensor,13,1998
Gosta Dunker,Suecia,,16 de septiembre de 1905,Delantero,-,1934
Gosta Lofgren,Suecia,,29 de agosto de 1923,Delantero,18,1958
Gotoku Sakai,Japón,1.76 m,14 de marzo de 1991,Defensor,"3, 21","2014, 2018"
Gracia,España,,27 de marzo de 1932,Defensor,10,1962
Graeme Le Saux,Inglaterra,,17 de octubre de 1968,Defensor,3,1998
Graeme Rutjes,Paises Bajos,,26 de marzo de 1960,Defensor,13,1990
Graeme Sharp,Escocia,,16 de octubre de 1960,Delantero,18,1986
Graeme Souness,Escocia,,6 de mayo de 1953,Mediocampista,"18, 4","1978, 1982, 1986"
Grafite,Brasil,1.89 m,2 de abril de 1979,Delantero,23,2010
Graham Leggatt,Escocia,,20 de junio de 1934,Delantero,14,1958
Graham Rix,Inglaterra,,23 de octubre de 1957,Mediocampista,15,1982
Graham Vearncombe,Gales,,28 de marzo de 1934,Arquero,13,1958
Graham Zusi,Estados Unidos,1.78 m,18 de agosto de 1986,Mediocampista,19,2014
Granit Xhaka,Suiza,1.83 m,27 de septiembre de 1992,Mediocampista,10,"2014, 2018, 2022"
Grant Turner,Nueva Zelanda,,7 de octubre de 1958,Delantero,20,1982
Gratian Sepi,Rumania,,30 de diciembre de 1910,Delantero,-,1934
Gregg Berhalter,Estados Unidos,1.86 m,1 de agosto de 1973,Defensor,"3, 12","2002, 2006"
Gregoire Mbida,Camerún,,27 de enero de 1952,Mediocampista,8,1982
Gregor Kobel,Suiza,1.94 m,6 de diciembre de 1997,Arquero,21,2022
Gregorio Gomez,México,,26 de junio de 1924,Defensor,-,1950
Gregory Coupet,Francia,1.81 m,31 de diciembre de 1972,Arquero,23,"2002, 2006"
Gregory Ion,Canadá,,12 de marzo de 1963,Mediocampista,16,1986
Gregory Van Der Wiel,Paises Bajos,1.80 m,3 de febrero de 1988,Defensor,2,2010
Grzegorz Krychowiak,Polonia,1.86 m,29 de enero de 1990,Mediocampista,10,"2018, 2022"
Grzegorz Lato,Polonia,,8 de abril de 1950,Delantero,16,"1974, 1978, 1982"
Grzegorz Rasiak,Polonia,1.90 m,12 de enero de 1979,Delantero,11,2006
Guadalupe Velazquez,México,,12 de agosto de 1923,Delantero,-,1950
Gue-sung Cho,Corea del Sur,1.88 m,25 de enero de 1998,Delantero,9,2022
Guenter Bernard,Alemania Occidental,,4 de noviembre de 1939,Arquero,21,1966
Guenter Hermann,Alemania Occidental,,1 de septiembre de 1939,Delantero,18,1962
Guenter Netzer,Alemania Occidental,,14 de septiembre de 1944,Mediocampista,10,1974
Guenther Hermann,Alemania Occidental,,5 de diciembre de 1960,Mediocampista,21,1990
Guido Alvarenga,Paraguay,1.70 m,24 de agosto de 1970,Mediocampista,8,2002
Guido Buchwald,Alemania Occidental,,24 de enero de 1961,Defensor,6,"1990, 1994"
Guido Gratton,Italia,,23 de septiembre de 1932,Mediocampista,20,1954
Guido Masetti,Italia,,22 de noviembre de 1907,Arquero,-,"1934, 1938"
Guido Rodriguez,Argentina,1.86 m,12 de abril de 1994,Mediocampista,18,2022
Guido Vincenzi,Italia,,14 de julio de 1932,Defensor,2,1954
Guillaume Bieganski,Francia,,3 de noviembre de 1932,Defensor,8,1954
Guillermo Amor,España,,4 de diciembre de 1967,Mediocampista,18,1998
Guillermo Arellano,Chile,,21 de agosto de 1908,Delantero,-,1930
Guillermo Castro,El Salvador,,25 de junio de 1940,Defensor,18,1970
Guillermo Diaz,Chile,,29 de diciembre de 1930,Delantero,-,1950
Guillermo Escalada,Uruguay,,24 de abril de 1936,Delantero,23,1962
Guillermo Franco,México,1.82 m,3 de noviembre de 1976,Delantero,"10, 9","2006, 2010"
Guillermo Hernandez,México,,25 de junio de 1942,"Defensor, Mediocampista","15, 6","1966, 1970"
Guillermo La Rosa,Perú,,6 de junio de 1952,Delantero,19,"1978, 1982"
Guillermo Mendizabal,México,,8 de octubre de 1954,Mediocampista,6,1978
Guillermo Ochoa,México,1.85 m,13 de julio de 1985,Arquero,13,"2006, 2010, 2014, 2018, 2022"
Guillermo Ortiz,México,,25 de junio de 1940,Delantero,10,1962
Guillermo Paez,Chile,,18 de abril de 1945,Mediocampista,16,1974
Guillermo Ragazzone,El Salvador,,5 de enero de 1956,Delantero,17,1982
Guillermo Riveros,Chile,,10 de febrero de 1902,Defensor,-,1930
Guillermo Saavedra,Chile,,5 de noviembre de 1903,Mediocampista,-,1930
Guillermo Sepulveda,México,,28 de febrero de 1934,Defensor,"15, 3","1958, 1962"
Guillermo Stabile,Argentina,,17 de enero de 1906,Delantero,-,1930
Guillermo Subiabre,Chile,,25 de febrero de 1903,Delantero,-,1930
Guillermo Varela,Uruguay,1.73 m,24 de marzo de 1993,Defensor,"4, 13","2018, 2022"
Guillermo Yavar,Chile,,26 de marzo de 1943,"Delantero, Mediocampista","22, 17","1966, 1974"
Gumercindo Gomez,Bolivia,,1 de enero de 1907,Delantero,-,1930
Gunar Nedim,Turquía,,,Defensor,16,1954
Gunnar Andreassen,Noruega,,15 de enero de 1913,Mediocampista,-,1938
Gunnar Gren,Suecia,,31 de octubre de 1920,Mediocampista,8,1958
Gunnar Halle,Noruega,,11 de agosto de 1965,Defensor,2,"1994, 1998"
Gunnar Jansson,Suecia,,,Delantero,-,1934
Gunnar Johansson Ii,Suecia,,29 de febrero de 1924,Defensor,-,1950
Gunnar Olsson,Suecia,,19 de julio de 1908,Delantero,-,1934
Gunter Happich,Austria,,28 de enero de 1952,Mediocampista,13,1978
Gunter Sawitzki,Alemania Occidental,,22 de noviembre de 1932,Arquero,21,"1958, 1962"
Gustav Mraz,Checoslovaquia,,11 de septiembre de 1934,Defensor,2,1958
Gustav Sjoberg,Suecia,,23 de marzo de 1913,Arquero,-,1938
Gustav Svensson,Suecia,1.84 m,7 de febrero de 1987,Mediocampista,13,2018
Gustav Wetterstrom,Suecia,,15 de octubre de 1911,Delantero,-,1938
Gustave Jordan,Francia,,21 de febrero de 1909,Mediocampista,-,1938
Gustavo De Simone,Uruguay,,23 de abril de 1948,Defensor,13,1974
Gustavo Dezotti,Argentina,,14 de febrero de 1964,Delantero,9,1990
Gustavo Fernandez,Uruguay,,16 de febrero de 1952,Arquero,22,1974
Gustavo Lopez,Argentina,1.74 m,13 de abril de 1973,Delantero,17,2002
Gustavo Mendez,Uruguay,1.76 m,3 de febrero de 1971,Defensor,2,2002
Gustavo Morinigo,Paraguay,1.78 m,23 de enero de 1977,Mediocampista,16,2002
Gustavo Moscoso,Chile,,10 de agosto de 1955,Delantero,11,1982
Gustavo Munua,Uruguay,1.86 m,27 de enero de 1978,Arquero,12,2002
Gustavo Pena,México,,22 de noviembre de 1942,Defensor,3,"1966, 1970"
Gustavo Quinteros,Bolivia,,15 de febrero de 1965,Defensor,5,1994
Gustavo Varela,Uruguay,1.72 m,14 de mayo de 1978,Mediocampista,8,2002
Gusztav Szepesi,Hungría,,17 de julio de 1939,Defensor,17,1966
Guy Demel,Costa de Marfil,1.91 m,13 de junio de 1981,"Defensor, Mediocampista",20,"2006, 2010"
Guy Francois,Haití,,18 de septiembre de 1947,Mediocampista,10,1974
Guy Ndy,Camerún,1.85 m,28 de febrero de 1986,Arquero,22,2010
Guy Saint-Vil,Haití,,21 de octubre de 1942,Delantero,11,1974
Guy Vandersmissen,Bélgica,,25 de diciembre de 1957,Delantero,20,1982
Gylfi Sigurdsson,Islandia,1.85 m,8 de septiembre de 1989,Mediocampista,10,2018
Gyorgy Bognar,Hungría,,5 de noviembre de 1961,Delantero,19,1986
Gyorgy Sarosi,Hungría,,16 de septiembre de 1912,Delantero,-,"1934, 1938"
Gyorgy Szucs,Hungría,,23 de abril de 1912,Mediocampista,-,"1934, 1938"
Gyozo Burcsa,Hungría,,13 de marzo de 1954,Mediocampista,17,1986
Gyozo Martos,Hungría,,15 de diciembre de 1949,Defensor,"12, 2","1978, 1982"
Gyula Futo,Hungría,,29 de diciembre de 1908,Defensor,-,1934
Gyula Grosics,Hungría,,4 de febrero de 1926,Arquero,1,"1954, 1958, 1962"
Gyula Hajszan,Hungría,,9 de octubre de 1961,Delantero,21,1986
Gyula Lazar,Hungría,,24 de enero de 1911,Mediocampista,-,"1934, 1938"
Gyula Lorant,Hungría,,6 de febrero de 1923,Mediocampista,3,1954
Gyula Polgar,Hungría,,8 de febrero de 1912,"Defensor, Mediocampista",-,"1934, 1938"
Gyula Rakosi,Hungría,,9 de octubre de 1938,Delantero,"17, 11","1962, 1966"
Gyula Zsengeller,Hungría,,27 de diciembre de 1915,Delantero,-,1938
Hababi El Arbi,Marruecos,,12 de agosto de 1967,Mediocampista,15,1994
Habib Bellaid,Argelia,1.89 m,28 de marzo de 1986,Defensor,12,2010
Habib Beye,Senegal,1.82 m,19 de octubre de 1977,Defensor,21,2002
Habib Mohamed,Ghana,1.78 m,10 de diciembre de 1983,Defensor,13,2006
Hadi Dahane,Marruecos,,1 de enero de 1946,Mediocampista,15,1970
Hae Won Chung,Corea del Sur,,1 de julio de 1959,Mediocampista,8,1990
Hafez Kasseb,Egipto,,,Mediocampista,-,1934
Haidong Hao,China,1.75 m,25 de agosto de 1970,Delantero,10,2002
Haitham Asiri,Arabia Saudita,1.73 m,25 de marzo de 2001,Delantero,25,2022
Haji Wright,Estados Unidos,1.91 m,27 de marzo de 1998,Delantero,19,2022
Hakan Mild,Suecia,1.82 m,14 de junio de 1971,Mediocampista,18,1994
Hakan Sukur,Turquía,1.91 m,1 de septiembre de 1971,Delantero,9,2002
Hakan Unsal,Turquía,1.78 m,14 de mayo de 1973,Defensor,20,2002
Hakan Yakin,Suiza,1.80 m,22 de febrero de 1977,Mediocampista,"22, 15","2006, 2010"
Hakim Ziyech,Marruecos,1.81 m,19 de marzo de 1993,Mediocampista,7,"2018, 2022"
Hamad Al Montashari,Arabia Saudita,1.81 m,22 de junio de 1982,Defensor,4,2006
Hamdi Kasraoui,Túnez,1.92 m,18 de enero de 1983,Arquero,22,2006
Hamdi Marzouki,Túnez,1.82 m,23 de enero de 1977,Defensor,14,2002
Hamdi Nagguez,Túnez,1.95 m,28 de octubre de 1992,Defensor,21,2018
Hamed Namouchi,Túnez,1.83 m,14 de febrero de 1984,Mediocampista,20,2006
Hamid Estili,Irán,,1 de abril de 1967,Mediocampista,9,1998
Hamid Majid Taymouri,Irán,,3 de junio de 1953,Delantero,13,1978
Hamilton Ricard,Colombia,,12 de enero de 1974,Delantero,20,1998
Haminu Draman,Ghana,1.73 m,1 de abril de 1986,Mediocampista,23,2006
Hammoudi Raad,Iraq,,20 de abril de 1958,Arquero,1,1986
Hamud Al Shemmari,Kuwait,,26 de septiembre de 1960,Defensor,17,1982
Hamza Falatah,Arabia Saudita,1.78 m,8 de octubre de 1972,Delantero,20,1994
Hamza Mendyl,Marruecos,1.79 m,21 de octubre de 1997,Defensor,3,2018
Hamza Saleh,Arabia Saudita,,19 de abril de 1967,Mediocampista,"19, 20","1994, 1998"
Hannes Halldorsson,Islandia,1.93 m,27 de abril de 1984,Arquero,1,2018
Hannes Reinmayr,Austria,,23 de agosto de 1969,Delantero,14,1998
Hannibal Mejbri,Túnez,1.77 m,21 de enero de 2003,Mediocampista,8,2022
Hans Agbo,Camerún,,26 de septiembre de 1967,Defensor,15,1994
Hans Bauer,Alemania Occidental,,28 de julio de 1927,Defensor,4,1954
Hans Buzek,Austria,,22 de mayo de 1938,Delantero,9,1958
Hans Ciesclarczyk,Alemania Occidental,,3 de mayo de 1937,Delantero,14,1958
Hans Dihanich,Austria,,24 de octubre de 1958,Mediocampista,15,1982
Hans-Georg Schwarzenbeck,Alemania Occidental,,3 de abril de 1948,Defensor,"4, 12","1974, 1978"
Hans Gillhaus,Paises Bajos,,5 de noviembre de 1963,Delantero,17,1990
Hans Jakob,Alemania,,16 de junio de 1908,Arquero,-,"1934, 1938"
Hans Jeppsson,Suecia,,10 de mayo de 1925,Delantero,-,1950
Hans-Joerg Butt,Alemania,1.91 m,28 de mayo de 1974,Arquero,"23, 22","2002, 2010"
Hans-Juergen Kreische,Alemania Oriental,,19 de julio de 1947,Mediocampista,10,1974
Hans Krankl,Austria,,14 de febrero de 1953,Delantero,9,"1978, 1982"
Hans Mock,Alemania,,9 de diciembre de 1906,Mediocampista,-,1938
Hans Nowak,Alemania Occidental,,9 de agosto de 1937,Defensor,12,1962
Hans Pesser,Alemania,,7 de noviembre de 1911,Delantero,-,1938
Hans-Peter Briegel,Alemania Occidental,,11 de octubre de 1955,Defensor,2,"1982, 1986"
Hans-Peter Friedlaender,Suiza,,6 de noviembre de 1920,Delantero,-,1950
Hans Pfluegler,Alemania Occidental,,27 de marzo de 1960,Defensor,19,1990
Hans Pirkner,Austria,,25 de marzo de 1946,Delantero,19,1978
Hans-Ruedi Fuhrer,Suiza,,24 de diciembre de 1937,Defensor,7,1966
Hans Sarpei,Ghana,1.78 m,28 de junio de 1976,Defensor,2,"2006, 2010"
Hans Schaefer,Alemania Occidental,,19 de octubre de 1927,Delantero,"20, 11","1954, 1958, 1962"
Hans Schwartz,Alemania,,1 de marzo de 1913,Defensor,-,1934
Hans Selander,Suecia,,15 de marzo de 1945,Defensor,2,1970
Hans Siegenthaler,Suiza,,1 de enero de 1923,Delantero,-,1950
Hans Sturm,Alemania Occidental,,3 de septiembre de 1935,"Delantero, Mediocampista",16,"1958, 1962"
Hans Taihuttu,Indias Orientales Holand.,,1 de enero de 1909,Delantero,-,1938
Hans Tilkowski,Alemania Occidental,,12 de julio de 1935,Arquero,1,"1962, 1966"
Hans Urbanek,Austria,,10 de octubre de 1910,Mediocampista,-,1934
Hans Van Breukelen,Paises Bajos,,4 de octubre de 1956,Arquero,1,1990
Hans Vanaken,Bélgica,1.95 m,24 de agosto de 1992,Mediocampista,20,2022
Hans Vonk,Sudáfrica,1.96 m,30 de enero de 1970,Arquero,1,"1998, 2002"
Hans Weber,Suiza,,8 de septiembre de 1934,Mediocampista,13,1962
Hansi Mueller,Alemania Occidental,,27 de julio de 1957,Mediocampista,"20, 10","1978, 1982"
Hany Kamel,Egipto,,,Delantero,-,1934
Hany Ramzy,Egipto,,10 de marzo de 1969,Defensor,4,1990
Harald Cerny,Austria,1.77 m,13 de septiembre de 1973,Mediocampista,13,1998
Harald Irmscher,Alemania Oriental,,12 de febrero de 1946,Mediocampista,16,1974
Harald Konopka,Alemania Occidental,,18 de noviembre de 1952,Defensor,13,1978
Harald Schumacher,Alemania Occidental,,6 de marzo de 1954,Arquero,1,"1982, 1986"
Haris Medunjanin,Bosnia-Herzegovina,1.88 m,8 de marzo de 1985,Mediocampista,18,2014
Haris Seferovic,Suiza,1.86 m,22 de febrero de 1992,Delantero,9,"2014, 2018, 2022"
Harold Cummings,Panamá,1.80 m,3 de enero de 1992,Defensor,3,2018
Harold Wallace,Costa Rica,1.75 m,7 de septiembre de 1975,Defensor,15,"2002, 2006"
Harrison Afful,Ghana,1.70 m,24 de junio de 1986,Defensor,23,2014
Harry Andersson,Suecia,,7 de marzo de 1913,Delantero,-,1938
Harry Gregg,Irlanda del Norte,,25 de octubre de 1932,Arquero,1,1958
Harry Haddock,Escocia,,26 de julio de 1925,Defensor,6,1958
Harry Hooper,Inglaterra,,14 de junio de 1933,Delantero,22,1954
Harry Kane,Inglaterra,1.88 m,28 de julio de 1993,Delantero,9,"2018, 2022"
Harry Keough,Estados Unidos,,15 de noviembre de 1927,Defensor,-,1950
Harry Kewell,Australia,1.83 m,22 de septiembre de 1978,Delantero,10,"2006, 2010"
Harry Lubse,Paises Bajos,,23 de septiembre de 1951,Delantero,21,1978
Harry Maguire,Inglaterra,1.93 m,5 de marzo de 1993,Defensor,6,"2018, 2022"
Harry Nilsson,Suecia,,,Defensor,-,1938
Harry Souttar,Australia,1.98 m,22 de octubre de 1998,Defensor,19,2022
Harry Vos,Paises Bajos,,4 de septiembre de 1946,Defensor,22,1974
Harry Williams,Australia,,7 de mayo de 1951,Defensor,15,1974
Harry Wilson,Gales,1.73 m,22 de marzo de 1997,Mediocampista,8,2022
Hasan Sas,Turquía,1.76 m,1 de agosto de 1976,Delantero,11,2002
Hashem Beikzadeh,Irán,1.89 m,22 de enero de 1984,Defensor,19,2014
Hashem Natik,Iraq,,15 de enero de 1960,Defensor,15,1986
Hassan Abdulqader,Emiratos Arabes,,15 de abril de 1962,Arquero,22,1990
Hassan Al Far,Egipto,,1 de enero de 1913,Mediocampista,-,1934
Hassan Al-Haydos,Catar,1.74 m,11 de diciembre de 1990,Delantero,10,2022
Hassan Gabsi,Túnez,1.71 m,23 de febrero de 1974,Mediocampista,8,2002
Hassan Kachloul,Marruecos,,19 de febrero de 1973,Mediocampista,20,1994
Hassan Mohamed,Emiratos Arabes,,23 de agosto de 1962,Mediocampista,13,1990
Hassan Nader,Marruecos,,8 de julio de 1965,Delantero,16,1994
Hassan Naibagha,Irán,,17 de septiembre de 1950,Mediocampista,6,1978
Hassan Nazari,Irán,,19 de agosto de 1955,Defensor,14,1978
Hassan Ragab,Egipto,,1 de enero de 1909,Mediocampista,-,1934
Hassan Roudbarian,Irán,1.82 m,6 de julio de 1978,Arquero,12,2006
Hassan Rowshan,Irán,,2 de junio de 1955,Delantero,10,1978
Hassan Tambakti,Arabia Saudita,1.82 m,9 de febrero de 1999,Defensor,17,2022
Hassan Yebda,Argelia,1.88 m,14 de mayo de 1984,Mediocampista,"19, 7","2010, 2014"
Hasse Borg,Suecia,,4 de agosto de 1953,Defensor,2,1978
Hassen Bejaoui,Túnez,1.88 m,14 de febrero de 1976,Arquero,16,2002
Hatem Trabelsi,Túnez,1.80 m,25 de enero de 1977,Defensor,"5, 6","1998, 2002, 2006"
Hattan Bahebri,Arabia Saudita,1.72 m,16 de julio de 1992,Mediocampista,"9, 19","2018, 2022"
Havard Flo,Noruega,,4 de abril de 1970,Delantero,17,1998
Haykel Guemamdia,Túnez,1.82 m,22 de diciembre de 1981,Delantero,7,2006
Hector Baley,Argentina,,16 de noviembre de 1950,Arquero,"3, 2","1978, 1982"
Hector Castro,Uruguay,,29 de noviembre de 1904,Delantero,-,1930
Hector Cazenave,Francia,,1 de enero de 1914,Defensor,-,1938
Hector Chumpitaz,Perú,,12 de abril de 1944,Defensor,4,"1970, 1978"
Hector De Bourgoing,Francia,,23 de julio de 1934,Delantero,10,1966
Hector Echeverri,Colombia,,10 de abril de 1938,Defensor,8,1962
Hector Enrique,Argentina,,26 de abril de 1962,Mediocampista,12,1986
Hector Facundo,Argentina,,2 de noviembre de 1937,Delantero,7,1962
Hector Freschi,Argentina,,22 de mayo de 1911,Arquero,-,1934
Hector Gonzales,Colombia,,7 de julio de 1937,Delantero,21,1962
Hector Hernandez,México,,6 de diciembre de 1935,Delantero,9,1962
Héctor Herrera,México,1.80 m,19 de abril de 1990,Mediocampista,"6, 16","2014, 2018, 2022"
Hector Marchena,Costa Rica,,4 de enero de 1965,Mediocampista,19,1990
Hector Moreno,México,1.82 m,17 de enero de 1988,Defensor,15,"2010, 2014, 2018, 2022"
Hector Ortiz,México,,20 de diciembre de 1928,Mediocampista,-,1950
Hector Pulido,México,,15 de diciembre de 1942,Mediocampista,15,1970
Hector Saavedra,Bolivia,,,Mediocampista,-,1950
Hector Salva,Uruguay,,27 de noviembre de 1939,Delantero,17,1966
Hector Santos,Uruguay,,29 de octubre de 1944,Arquero,12,"1970, 1974"
Hector Scarone,Uruguay,,26 de noviembre de 1898,Delantero,-,1930
Hector Silva,Uruguay,,1 de febrero de 1940,"Delantero, Mediocampista","21, 19","1962, 1966"
Hector Socorro,Cuba,,26 de junio de 1912,Delantero,-,1938
Hector Vilches,Uruguay,,14 de febrero de 1926,Defensor,-,1950
Hector Yazalde,Argentina,,29 de mayo de 1946,Delantero,22,1974
Hector Zelada,Argentina,,30 de abril de 1957,Arquero,22,1986
Hector Zelaya,Honduras,,12 de julio de 1957,Mediocampista,15,1982
Hedwiges Maduro,Paises Bajos,1.85 m,13 de febrero de 1985,Mediocampista,16,2006
Hee-chan Hwang,Corea del Sur,1.77 m,26 de enero de 1996,Delantero,11,"2018, 2022"
Heimo Pfeifenberger,Austria,,29 de diciembre de 1966,"Delantero, Mediocampista","17, 8","1990, 1998"
Heinrich Strasser,Austria,,26 de octubre de 1948,Defensor,14,1978
Heinz Baeni,Suiza,,18 de noviembre de 1936,Mediocampista,4,1966
Heinz Bigler,Suiza,,21 de diciembre de 1925,Mediocampista,8,1954
Heinz Flohe,Alemania Occidental,,28 de enero de 1948,Mediocampista,"15, 10","1974, 1978"
Heinz Hornig,Alemania Occidental,,28 de septiembre de 1937,Delantero,13,1966
Heinz Kubsch,Alemania Occidental,,20 de julio de 1930,Arquero,21,1954
Heinz Kwiatkowski,Alemania Occidental,,16 de julio de 1926,Arquero,22,"1954, 1958"
Heinz Schneiter,Suiza,,12 de abril de 1935,Defensor,"7, 18","1962, 1966"
Heinz Strehl,Alemania Occidental,,20 de julio de 1938,Delantero,19,1962
Heinz Vollmar,Alemania Occidental,,26 de abril de 1936,Delantero,20,1962
Heinz Wewers,Alemania Occidental,,27 de julio de 1927,Defensor,5,1958
Helder Postiga,Portugal,1.82 m,2 de agosto de 1982,Delantero,23,"2006, 2014"
Helman Mkhalele,Sudáfrica,1.75 m,20 de octubre de 1969,Mediocampista,11,1998
Helmut Haller,Alemania Occidental,,21 de julio de 1939,Mediocampista,8,"1962, 1966, 1970"
Helmut Kremers,Alemania Occidental,,24 de marzo de 1949,Defensor,20,1974
Helmut Rahn,Alemania Occidental,,16 de agosto de 1929,Delantero,"12, 8","1954, 1958"
Helmut Senekowitsch,Austria,,22 de octubre de 1933,Delantero,11,1958
Hendrikus Plenter,Paises Bajos,,,Defensor,-,1938
Hendry Thomas,Honduras,1.80 m,23 de febrero de 1985,Mediocampista,6,2010
Henk Fraeser,Paises Bajos,,7 de julio de 1966,Defensor,18,1990
Henk Pellikaan,Paises Bajos,,10 de noviembre de 1910,Mediocampista,-,1934
Henk Sommers,Indias Orientales Holand.,,,Delantero,-,1938
Henk Timmer,Paises Bajos,1.88 m,3 de diciembre de 1971,Arquero,22,2006
Henk Van Spaandonck,Paises Bajos,,25 de junio de 1913,Delantero,-,1938
Hennes Loehr,Alemania Occidental,,5 de julio de 1942,Delantero,17,1970
Henning Berg,Noruega,,1 de septiembre de 1969,Defensor,"20, 4","1994, 1998"
Henock Abrahamsson,Suecia,,29 de octubre de 1909,Arquero,-,1938
Henri Bedimo,Camerún,1.80 m,4 de junio de 1984,Defensor,12,2014
Henri Camara,Senegal,1.76 m,10 de mayo de 1977,Delantero,7,2002
Henri De Deken,Bélgica,,3 de agosto de 1907,Defensor,-,1930
Henri Dirickx,Bélgica,,7 de julio de 1927,Defensor,13,1954
Henri Isemborghs,Bélgica,,30 de enero de 1914,Delantero,-,1938
Henri Michel,Francia,,28 de octubre de 1947,Mediocampista,11,1978
Henrik Andersen,Dinamarca,,7 de mayo de 1965,Defensor,21,1986
Henrik Dalsgaard,Dinamarca,1.92 m,27 de julio de 1989,Defensor,14,2018
Henrik Larsson,Suecia,1.77 m,20 de septiembre de 1971,Delantero,"7, 11","1994, 2002, 2006"
Henrique,Brasil,1.85 m,14 de octubre de 1986,Defensor,15,2014
Henry Cockburn,Inglaterra,,14 de septiembre de 1921,Delantero,-,1950
Henry Francillon,Haití,,26 de mayo de 1946,Arquero,1,1974
Henry Johansen,Noruega,,21 de julio de 1904,Arquero,-,1938
Henry Kallgren,Suecia,,13 de marzo de 1931,Delantero,19,1958
Henry Martin,México,1.80 m,18 de noviembre de 1992,Delantero,20,2022
Henryk Kasperczak,Polonia,,10 de julio de 1946,Mediocampista,"13, 8","1974, 1978"
Henryk Maculewicz,Polonia,,24 de abril de 1950,Defensor,3,1978
Henryk Wieczorek,Polonia,,14 de diciembre de 1949,Mediocampista,7,1974
Herbert Erhardt,Alemania Occidental,,6 de julio de 1930,Defensor,"5, 2","1954, 1958, 1962"
Herbert Feurer,Austria,,14 de enero de 1954,Arquero,21,1982
Herbert Ninaus,Austria,,31 de marzo de 1937,Delantero,20,1958
Herbert Prohaska,Austria,,8 de agosto de 1955,Mediocampista,8,"1978, 1982"
Herbert Wimmer,Alemania Occidental,,9 de noviembre de 1944,Mediocampista,7,1974
Herbert Zimmermann,Alemania Occidental,,1 de julio de 1954,Defensor,8,1978
Hercules,Brasil,,2 de julio de 1912,Delantero,-,1938
Herculez Gomez,Estados Unidos,1.78 m,6 de abril de 1982,Delantero,9,2010
Heribert Weber,Austria,,28 de junio de 1955,Defensor,"15, 19","1978, 1982"
Herman Gaviria,Colombia,,27 de noviembre de 1969,Mediocampista,5,1994
Herman Rapp,Estados Unidos,,1 de enero de 1907,Defensor,-,1934
Hermann Nuber,Alemania Occidental,,10 de octubre de 1935,Defensor,20,1958
Hermann Springer,Suiza,,4 de diciembre de 1908,Mediocampista,-,1938
Hermidio Barrantes,Costa Rica,,2 de septiembre de 1964,Arquero,21,1990
Hermogenes,Brasil,,4 de noviembre de 1908,Mediocampista,-,1930
Hernan Carvallo,Chile,,19 de agosto de 1922,Mediocampista,-,1950
Hernan Crespo,Argentina,1.84 m,5 de julio de 1975,Delantero,"19, 9","1998, 2002, 2006"
Hernan Diaz,Argentina,,26 de febrero de 1965,Defensor,16,1994
Hernán Galíndez,Ecuador,1.89 m,30 de marzo de 1987,Arquero,1,2022
Hernan Medford,Costa Rica,1.77 m,23 de mayo de 1968,Delantero,"7, 17","1990, 2002"
Hernando Tovar,Colombia,,,Mediocampista,12,1962
Hernanes,Brasil,1.80 m,29 de mayo de 1985,Mediocampista,18,2014
Hesham Yakan,Egipto,,10 de agosto de 1962,Mediocampista,5,1990
Heung Chul Han,Corea del Sur,,17 de noviembre de 1930,Arquero,12,1954
Heung-Min Son,Corea del Sur,1.83 m,8 de julio de 1992,Delantero,"9, 7","2014, 2018, 2022"
Heung Sil Lee,Corea del Sur,,10 de julio de 1961,Mediocampista,12,1990
Hidemasa Morita,Japón,1.77 m,10 de mayo de 1995,Mediocampista,13,2022
Hidetoshi Nakata,Japón,1.75 m,22 de enero de 1977,Mediocampista,"8, 7","1998, 2002, 2006"
Hilario,España,,8 de diciembre de 1905,Mediocampista,-,1934
Hilario,Portugal,,19 de marzo de 1939,Defensor,9,1966
Hilario Lopez,México,,18 de noviembre de 1907,Delantero,-,1930
Hilarion Osorio,Paraguay,,,Delantero,-,1950
Hipolito Rincon,España,,28 de abril de 1957,Delantero,16,1986
Hiroaki Morishima,Japón,1.68 m,30 de abril de 1972,Mediocampista,"15, 8","1998, 2002"
Hiroki Ito,Japón,1.88 m,12 de mayo de 1999,Defensor,26,2022
Hiroki Sakai,Japón,1.85 m,12 de abril de 1990,Defensor,"21, 19","2014, 2018, 2022"
Hiroshi Kiyotake,Japón,1.72 m,12 de noviembre de 1989,Mediocampista,8,2014
Hiroshi Nanami,Japón,1.77 m,28 de noviembre de 1972,Mediocampista,10,1998
Hirving Lozano,México,1.76 m,30 de julio de 1995,Delantero,22,"2018, 2022"
Hitoshi Sogahata,Japón,1.87 m,2 de agosto de 1979,Arquero,23,2002
Hjalmar Andresen,Noruega,,18 de julio de 1914,Delantero,-,1938
Ho Lee,Corea del Sur,1.82 m,22 de octubre de 1984,Mediocampista,17,2006
Hocine Yahi,Argelia,,25 de abril de 1960,Mediocampista,13,1982
Holger Badstuber,Alemania,1.90 m,13 de marzo de 1989,Defensor,14,2010
Holger Hieronymus,Alemania Occidental,,22 de febrero de 1959,Defensor,19,1982
Hólmar Örn Eyjólfsson,Islandia,1.88 m,6 de agosto de 1990,Defensor,15,2018
Homam Ahmed,Catar,1.88 m,25 de agosto de 1999,Defensor,14,2022
Hong Djien Tan,Indias Orientales Holand.,,12 de enero de 1916,Delantero,-,1938
Hong Gi Shin,Corea del Sur,,4 de mayo de 1968,Defensor,7,1994
Hong Qi,China,1.78 m,3 de junio de 1976,Mediocampista,19,2002
Honorino Landa,Chile,,1 de junio de 1942,Delantero,"9, 11","1962, 1966"
Horacio Casarin,México,,25 de mayo de 1918,Delantero,-,1950
Horacio Lopez Salgado,México,,15 de septiembre de 1948,Delantero,10,1970
Horacio Munoz,Chile,,,Delantero,-,1930
Horacio Troche,Uruguay,,4 de febrero de 1935,Defensor,2,"1962, 1966"
Hördur Magnússon,Islandia,1.90 m,11 de febrero de 1993,Defensor,18,2018
Horst-Dieter Hoettges,Alemania Occidental,,10 de septiembre de 1943,Defensor,"2, 6","1966, 1970, 1974"
Horst Eckel,Alemania Occidental,,8 de febrero de 1932,"Delantero, Mediocampista","6, 4","1954, 1958"
Horst Hrubesch,Alemania Occidental,,17 de abril de 1951,Delantero,9,1982
Horst Szymaniak,Alemania Occidental,,29 de agosto de 1934,Mediocampista,6,"1958, 1962"
Horst Wolter,Alemania Occidental,,8 de junio de 1942,Arquero,22,1970
Hossam Hassan,Egipto,1.72 m,10 de agosto de 1966,Delantero,9,1990
Hossein Hosseini,Irán,1.87 m,30 de junio de 1992,Arquero,24,2022
Hossein Kaabi,Irán,1.67 m,23 de septiembre de 1985,Defensor,13,2006
Hossein Kanaani,Irán,1.88 m,23 de marzo de 1994,Defensor,13,2022
Hossein Mahini,Irán,1.84 m,16 de septiembre de 1986,Defensor,13,2014
Hotaru Yamaguchi,Japón,1.73 m,6 de octubre de 1990,Mediocampista,16,"2014, 2018"
Houmane Jarir,Marruecos,,1 de enero de 1945,Delantero,14,1970
Housain Al-Mogahwi,Arabia Saudita,1.73 m,24 de marzo de 1988,Mediocampista,16,2018
Hristo Bonev,Bulgaria,,3 de febrero de 1947,Mediocampista,8,"1970, 1974"
Hristo Iliev,Bulgaria,,11 de mayo de 1936,Delantero,9,1962
Hristo Kolev,Bulgaria,,21 de septiembre de 1964,Mediocampista,17,1986
Hristo Stoichkov,Bulgaria,,8 de febrero de 1966,Delantero,8,"1994, 1998"
Hubert Baumgartner,Austria,,25 de febrero de 1955,Arquero,22,1978
Hugo Almeida,Portugal,1.93 m,23 de mayo de 1984,Delantero,"18, 9","2010, 2014"
Hugo Ayala,México,1.83 m,31 de marzo de 1987,Defensor,2,2018
Hugo Berly,Chile,,31 de diciembre de 1941,Defensor,2,1966
Hugo Brizuela,Paraguay,1.73 m,8 de febrero de 1970,Delantero,17,1998
Hugo Broos,Bélgica,,10 de abril de 1952,Defensor,19,1986
Hugo Campagnaro,Argentina,1.81 m,27 de junio de 1980,Defensor,3,2014
Hugo De Leon,Uruguay,,27 de febrero de 1958,Defensor,3,1990
Hugo Gastulo,Perú,,9 de enero de 1958,Defensor,4,1982
Hugo Gatti,Argentina,,19 de agosto de 1944,Arquero,3,1966
Hugo Guillamón,España,1.78 m,31 de enero de 2000,Defensor,15,2022
Hugo Hovenkamp,Paises Bajos,,5 de octubre de 1950,Defensor,15,1978
Hugo Lloris,Francia,1.88 m,26 de diciembre de 1986,Arquero,1,"2010, 2014, 2018, 2022"
Hugo Perez,Estados Unidos,,8 de noviembre de 1963,Mediocampista,7,1994
Hugo Perez,Argentina,,6 de octubre de 1968,Mediocampista,18,1994
Hugo Rodriguez,México,,14 de marzo de 1959,Delantero,19,1978
Hugo Sánchez,México,1.75 m,11 de julio de 1958,Delantero,"11, 9","1978, 1986, 1994"
Hugo Sotil,Perú,,18 de mayo de 1946,"Delantero, Mediocampista",20,"1970, 1978"
Hugo Viana,Portugal,1.79 m,15 de enero de 1983,Mediocampista,"12, 10","2002, 2006"
Hugo Villanueva,Chile,,9 de abril de 1939,Defensor,21,1966
Hulk,Brasil,1.80 m,25 de julio de 1986,Delantero,7,2014
Humberto Cruz,Chile,,8 de diciembre de 1939,"Defensor, Mediocampista","16, 4","1962, 1966"
Humberto Donoso,Chile,,9 de octubre de 1938,Defensor,5,1966
Humberto Elgueta,Chile,,,Mediocampista,-,1930
Humberto Maschio,Italia,,20 de febrero de 1933,Delantero,8,1962
Humberto Suazo,Chile,1.71 m,10 de mayo de 1981,Delantero,9,2010
Humberto Tozzi,Brasil,,4 de febrero de 1934,Delantero,18,1954
Hussain Ghuloum,Emiratos Arabes,,24 de septiembre de 1969,Delantero,12,1990
Hussein Al Sadeq,Arabia Saudita,1.82 m,15 de octubre de 1973,Arquero,21,"1994, 1998"
Hussein Al Sulaimani,Arabia Saudita,1.74 m,21 de enero de 1977,Defensor,13,"1998, 2002, 2006"
Hussein Ali,Iraq,,5 de mayo de 1961,Mediocampista,6,1986
Hussein Faraki,Irán,,19 de abril de 1956,Delantero,18,1978
Hussein Kazerani,Irán,,13 de abril de 1947,Defensor,21,1978
Hyun-soo Jang,Corea del Sur,1.79 m,1 de enero de 1993,Defensor,20,2018
Hyeon-woo Jo,Corea del Sur,1.90 m,25 de septiembre de 1991,Arquero,"23, 21","2018, 2022"
Hyung Il Kim,Corea del Sur,1.87 m,27 de abril de 1984,Defensor,3,2010
Hyung Seok Jang,Corea del Sur,1.82 m,7 de julio de 1972,Defensor,16,1998
Iacob Felecan,Rumania,,1 de enero de 1914,Defensor,-,1938
Iago Aspas,España,1.76 m,1 de agosto de 1987,Delantero,17,2018
Ian Bridge,Canadá,,18 de septiembre de 1959,Defensor,6,1986
Ian Callaghan,Inglaterra,,10 de abril de 1942,Mediocampista,20,1966
Ian Cox,Trinidad y Tobago,1.83 m,25 de marzo de 1971,Defensor,2,2006
Ian Goodison,Jamaica,,21 de noviembre de 1972,Defensor,5,1998
Ian Harte,Irlanda,1.77 m,31 de agosto de 1977,Defensor,3,2002
Ian Mccoll,Escocia,,7 de junio de 1927,Defensor,7,1958
Ian Mcmillan,Escocia,,18 de marzo de 1931,Delantero,22,1954
Ian Smith,Costa Rica,1.77 m,6 de marzo de 1998,Defensor,4,2018
Ian Stewart,Irlanda del Norte,,10 de septiembre de 1961,Delantero,11,1986
Ibrahim Afellay,Paises Bajos,1.84 m,2 de abril de 1986,Mediocampista,20,2010
Ibrahim Al Harbi,Arabia Saudita,,10 de julio de 1975,Mediocampista,12,1998
Ibrahim Al Helwa,Arabia Saudita,,18 de agosto de 1972,Arquero,22,1994
Ibrahim Al Shahrani,Arabia Saudita,1.72 m,21 de julio de 1974,Mediocampista,7,"1998, 2002"
Ibrahim Aoudou,Camerún,,23 de agosto de 1955,Defensor,16,1982
Ibrahim Ayew,Ghana,1.76 m,16 de abril de 1988,Defensor,17,2010
Ibrahim Danlad,Ghana,1.81 m,2 de diciembre de 2002,Arquero,12,2022
Ibrahim Halim,Egipto,,10 de febrero de 1910,Mediocampista,-,1934
Ibrahim Hassan,Egipto,,10 de agosto de 1966,Defensor,2,1990
Ibrahim Meer,Emiratos Arabes,,16 de julio de 1967,Defensor,15,1990
Ibrahima Konaté,Francia,1.94 m,25 de mayo de 1999,Defensor,24,2022
Idriss Kameni,Camerún,1.85 m,18 de febrero de 1984,Arquero,"22, 1","2002, 2010"
Idrissa Gana Gueye,Senegal,1.74 m,26 de septiembre de 1989,Mediocampista,5,"2018, 2022"
Ifeanyi Udeze,Nigeria,1.79 m,21 de julio de 1980,Defensor,14,2002
Ignace Kowalczyk,Francia,,27 de diciembre de 1913,Delantero,-,1938
Ignacio Achucarro,Paraguay,,31 de julio de 1936,Defensor,4,1958
Ignacio Ambriz,México,1.77 m,7 de febrero de 1965,Defensor,4,1994
Ignacio Calderon,México,,13 de diciembre de 1943,Arquero,"12, 1","1966, 1970"
Ignacio Calle,Colombia,,,Defensor,6,1962
Ignacio Eizaguirre,España,,7 de noviembre de 1920,Arquero,-,1950
Ignacio Flores,México,,31 de julio de 1953,Defensor,15,1978
Ignacio Gonzalez,Uruguay,1.80 m,14 de mayo de 1982,Mediocampista,18,2010
Ignacio Jauregui,México,,31 de julio de 1938,Defensor,"15, 5","1962, 1966"
Ignacio Perez,Colombia,,,Delantero,16,1962
Ignacio Prieto,Chile,,23 de septiembre de 1943,Mediocampista,14,1966
Ignacio Rodriguez,México,,12 de junio de 1956,Arquero,12,1986
Ignaz Puschnik,Austria,,5 de febrero de 1934,Mediocampista,21,1958
Ignazio Abate,Italia,1.80 m,12 de noviembre de 1986,Defensor,7,2014
Igor Akinfeev,Rusia,1.86 m,8 de abril de 1986,Arquero,1,"2014, 2018"
Igor Belanov,URSS,,25 de septiembre de 1960,Delantero,19,1986
Igor Chislenko,URSS,,4 de enero de 1939,Delantero,"22, 11","1962, 1966"
Igor Chugainov,Rusia,1.87 m,6 de abril de 1970,Defensor,14,2002
Igor Denisov,Rusia,1.76 m,17 de mayo de 1984,Mediocampista,7,2014
Igor Dobrovolskyi,URSS,,27 de agosto de 1967,Delantero,11,1990
Igor Duljaj,Serbia y Montenegro,1.75 m,29 de octubre de 1979,Mediocampista,4,2006
Igor Korneev,Rusia,,4 de septiembre de 1967,Mediocampista,14,1994
Igor Lediakhov,Rusia,,22 de mayo de 1968,Mediocampista,20,1994
Igor Netto,URSS,,9 de enero de 1930,Mediocampista,"6, 10","1958, 1962"
Igor Semshov,Rusia,1.69 m,6 de abril de 1978,Mediocampista,6,2002
Igor Shalimov,URSS,,2 de febrero de 1969,Mediocampista,18,1990
Igor Smolnikov,Rusia,1.78 m,8 de agosto de 1988,Defensor,23,2018
Igor Stimac,Croacia,1.87 m,6 de septiembre de 1967,Defensor,4,1998
Igor Tudor,Croacia,1.93 m,16 de abril de 1978,Defensor,"15, 5","1998, 2006"
Igor Vrablic,Canadá,,19 de julio de 1965,Delantero,10,1986
Ik Soo An,Corea del Sur,,6 de mayo de 1965,Defensor,13,1994
Ike Shorunmu,Nigeria,1.86 m,16 de octubre de 1967,Arquero,1,2002
Ike Ugbo,Canadá,1.85 m,21 de septiembre de 1998,Delantero,12,2022
Ikechukwu Ezenwa,Nigeria,1.86 m,16 de octubre de 1988,Arquero,1,2018
Iker Casillas,España,1.84 m,20 de mayo de 1981,Arquero,1,"2002, 2006, 2010, 2014"
Il Jang Dae,Corea del Sur,1.84 m,9 de marzo de 1975,Defensor,19,1998
Il Kap Park,Corea del Sur,,21 de marzo de 1926,Delantero,17,1954
Ildo Maneiro,Uruguay,,4 de agosto de 1947,Mediocampista,10,1970
Ilhan Mansiz,Turquía,1.84 m,10 de agosto de 1975,Delantero,17,2002
Ilia Dyakov,Bulgaria,,28 de septiembre de 1963,Defensor,21,1986
Ilia Tsymbalar,Rusia,,17 de junio de 1969,Mediocampista,17,1994
Ilia Valov,Bulgaria,,29 de diciembre de 1961,Arquero,22,1986
Ilian Iliev,Bulgaria,,2 de julio de 1968,Mediocampista,11,1998
Ilian Kiryakov,Bulgaria,,4 de agosto de 1967,Defensor,16,1994
Ilias Chair,Marruecos,1.64 m,30 de octubre de 1997,Delantero,13,2022
Ilie Dumitrescu,Rumania,,6 de enero de 1969,Delantero,"17, 11","1990, 1994, 1998"
Ilija Petkovic,Yugoslavia,,22 de septiembre de 1945,Mediocampista,7,1974
Ilijas Pasic,Yugoslavia,,10 de mayo de 1934,Delantero,16,1958
Ilile Subaseanu,Rumania,,1 de enero de 1906,Delantero,-,1930
Iliman Ndiaye,Senegal,1.80 m,6 de marzo de 2000,Delantero,13,2022
Ilkay Gündogan,Alemania,1.80 m,24 de octubre de 1990,Mediocampista,21,"2018, 2022"
Illiasu Shilla,Ghana,1.88 m,26 de octubre de 1982,Defensor,7,2006
Ilya Kutepov,Rusia,1.92 m,29 de julio de 1993,Defensor,3,2018
Imed Ben Younes,Túnez,,16 de junio de 1974,Delantero,2,1998
Imed Mhadhebi,Túnez,1.75 m,22 de marzo de 1976,Delantero,7,2002
Imre Garaba,Hungría,,29 de julio de 1958,Defensor,6,"1982, 1986"
Imre Kiss,Hungría,,10 de agosto de 1957,Arquero,22,1982
Imre Kovacs,Hungría,,16 de noviembre de 1921,Mediocampista,14,1954
Imre Markos,Hungría,,9 de junio de 1908,Delantero,-,1934
Imre Mathesz,Hungría,,25 de marzo de 1937,Mediocampista,13,1966
Imrich Stacho,Checoslovaquia,,4 de noviembre de 1931,Arquero,"21, 1","1954, 1958"
In-beom Hwang,Corea del Sur,1.77 m,20 de septiembre de 1996,Mediocampista,6,2022
In Guk Mun,Corea del Norte,1.67 m,29 de septiembre de 1978,Mediocampista,11,2010
In Young Choi,Corea del Sur,,5 de marzo de 1962,Arquero,"21, 1","1990, 1994"
Inacio,Portugal,,1 de febrero de 1955,Defensor,20,1986
Inaki Williams,Ghana,1.86 m,15 de junio de 1994,Delantero,19,2022
Indio,Brasil,,1 de marzo de 1931,Delantero,19,1954
Inge Ejderstedt,Suecia,,24 de diciembre de 1946,Mediocampista,"21, 16","1970, 1974"
Ingemar Erlandsson,Suecia,,16 de noviembre de 1957,Defensor,5,1978
Ingemar Haraldsson,Suecia,,3 de febrero de 1928,Arquero,16,1958
Ingvar Gard,Suecia,,6 de octubre de 1921,Mediocampista,-,1950
Ingvar Rydell,Suecia,,7 de mayo de 1922,Delantero,-,1950
Insayaf Abdulfattah,Iraq,,2 de febrero de 1951,Arquero,20,1986
Ioachim Moldoveanu,Rumania,,1 de enero de 1913,Delantero,-,1938
Ioan Andone,Rumania,,15 de marzo de 1960,Defensor,4,1990
Ioan Lupescu,Rumania,,9 de diciembre de 1968,Mediocampista,"21, 5","1990, 1994"
Ioan Sabau,Rumania,,12 de febrero de 1968,Mediocampista,8,1990
Ioannis Fetfatzidis,Grecia,1.65 m,21 de diciembre de 1990,Mediocampista,18,2014
Ion Dumitru,Rumania,,2 de enero de 1950,Mediocampista,15,1970
Ion Lapusneanu,Rumania,,8 de diciembre de 1908,Arquero,-,1930
Ion Vladoiu,Rumania,,5 de noviembre de 1968,Delantero,16,1994
Ionica Bogdan,Rumania,,6 de marzo de 1915,Delantero,-,1938
Iordan Letchkov,Bulgaria,,9 de julio de 1967,Mediocampista,9,1994
Iosif Czako,Rumania,,11 de junio de 1906,Defensor,-,1930
Iosif Rotariu,Rumania,,27 de septiembre de 1962,Defensor,5,1990
Iraj Danayfar,Irán,,19 de marzo de 1951,Mediocampista,2,1978
Iraragorri,España,,16 de marzo de 1912,Mediocampista,-,1934
Ireneusz Jelen,Polonia,1.84 m,9 de abril de 1981,Delantero,21,2006
Isaác Brizuela,México,1.75 m,28 de agosto de 1990,Mediocampista,17,2014
Isaac Kiese Thelin,Suecia,1.89 m,24 de junio de 1992,Delantero,22,2018
Isaac Okoronkwo,Nigeria,1.82 m,1 de mayo de 1978,Defensor,5,2002
Isaac Terrazas,México,,23 de enero de 1973,Defensor,16,1998
Isaac Vorsah,Ghana,1.80 m,21 de junio de 1988,Defensor,15,2010
Isco,España,1.76 m,21 de abril de 1992,Delantero,22,2018
Isidoro Diaz,México,,14 de marzo de 1940,"Delantero, Mediocampista","11, 6, 16","1962, 1966, 1970"
Isidoro San Jose,España,,27 de octubre de 1955,Mediocampista,21,1978
Isidoro Sota,México,,4 de febrero de 1902,Arquero,-,1930
Isidro Langara,España,,15 de mayo de 1912,Delantero,-,1934
Islam Slimani,Argelia,1.86 m,18 de junio de 1988,Delantero,13,2014
Ismaeel Mohammad,Catar,1.72 m,5 de abril de 1990,Mediocampista,17,2022
Ismael Díaz,Panamá,1.81 m,12 de mayo de 1997,Delantero,10,2018
Ismael Diomande,Costa de Marfil,1.81 m,28 de agosto de 1992,Mediocampista,14,2014
Ismael Fuentes,Chile,1.81 m,4 de agosto de 1981,Defensor,2,2010
Ismaël Koné,Canadá,1.88 m,16 de junio de 2002,Mediocampista,15,2022
Ismael Tiote,Costa de Marfil,1.75 m,21 de junio de 1986,Mediocampista,9,"2010, 2014"
Ismail Feridun,Turquía,,5 de abril de 1933,Delantero,9,1954
Ismail Jakobs,Senegal,1.84 m,17 de agosto de 1999,Defensor,14,2022
Ismail Rafa At,Egipto,,1 de enero de 1908,Defensor,-,1934
Ismail Youssef,Egipto,,28 de junio de 1964,Mediocampista,7,1990
Ismaïla Sarr,Senegal,1.75 m,25 de febrero de 1998,Delantero,18,"2018, 2022"
Israel Castro,México,1.75 m,20 de diciembre de 1980,Mediocampista,8,2010
Issam Jebali,Túnez,1.82 m,25 de enero de 1991,Delantero,9,2022
Istvan Avar,Hungría,,27 de mayo de 1905,Delantero,-,1934
Istvan Balogh,Hungría,,21 de septiembre de 1916,Mediocampista,-,1938
Istvan Geczi,Hungría,,13 de junio de 1944,Arquero,22,1966
Istvan Halasz,Hungría,,12 de octubre de 1951,Mediocampista,16,1978
Istvan Ilku,Hungría,,6 de marzo de 1933,Arquero,22,"1958, 1962"
Istvan Kocsis,Hungría,,6 de octubre de 1949,Defensor,3,1978
Istvan Nagy,Hungría,,14 de abril de 1939,Mediocampista,14,"1962, 1966"
Istvan Palotas,Hungría,,5 de marzo de 1908,Mediocampista,-,1934
Istvan Tamassy,Hungría,,1 de enero de 1911,Delantero,-,1934
Italia,Brasil,,22 de mayo de 1907,Defensor,-,1930
Itumeleng Khune,Sudáfrica,1.80 m,20 de junio de 1987,Arquero,16,2010
Itzhak Schum,Israel,,1 de septiembre de 1948,Mediocampista,7,1970
Itzhak Vissoker,Israel,,18 de septiembre de 1944,Arquero,1,1970
Iulian Chirita,Rumania,,2 de febrero de 1967,Mediocampista,8,1994
Iulian Filipescu,Rumania,,29 de marzo de 1974,Defensor,18,1998
Iuliu Baratky,Rumania,,14 de mayo de 1910,Delantero,-,1938
Iuliu Bodola,Rumania,,26 de febrero de 1912,Delantero,-,"1934, 1938"
Iuliu Prassler,Rumania,,1 de enero de 1916,Delantero,-,1938
Ivan Bosnjak,Croacia,1.78 m,6 de febrero de 1979,Delantero,22,2006
Ivan Buljan,Yugoslavia,,11 de diciembre de 1949,Defensor,2,1974
Ivan Campo,España,,21 de febrero de 1974,Defensor,14,1998
Ivan Cordoba,Colombia,1.73 m,11 de agosto de 1976,Defensor,2,1998
Ivan Davidov,Bulgaria,,5 de octubre de 1943,Mediocampista,"20, 5","1966, 1970"
Ivan Deyanov,Bulgaria,,16 de diciembre de 1937,Arquero,22,1966
Ivan Dimitrov,Bulgaria,,14 de mayo de 1935,Defensor,3,"1962, 1970"
Ivan Ergic,Serbia y Montenegro,1.85 m,21 de enero de 1981,Mediocampista,2,2006
Ivan Franjic,Australia,1.80 m,10 de septiembre de 1987,Defensor,2,2014
Ivan Gudelj,Yugoslavia,,21 de septiembre de 1960,Mediocampista,3,1982
Ivan Hasek,Checoslovaquia,,6 de septiembre de 1963,Mediocampista,4,1990
Ivan Helguera,España,1.84 m,28 de marzo de 1975,Mediocampista,4,2002
Ivan Horvat,Yugoslavia,,16 de julio de 1926,Defensor,5,"1950, 1954"
Ivan Hrdlicka,Checoslovaquia,,20 de noviembre de 1943,Mediocampista,16,1970
Ivan Hurtado,Ecuador,1.80 m,16 de agosto de 1974,Defensor,3,"2002, 2006"
Ivan Ilic,Serbia,1.82 m,17 de marzo de 2001,Mediocampista,24,2022
Ivan Ivanov,Bulgaria,,,Arquero,18,1962
Ivan Kaviedes,Ecuador,1.82 m,24 de octubre de 1977,Delantero,"9, 10","2002, 2006"
Ivan Klasnic,Croacia,1.86 m,29 de enero de 1980,Delantero,17,2006
Ivan Kolev,Bulgaria,,1 de noviembre de 1930,Delantero,"10, 11","1962, 1966"
Ivan Leko,Croacia,1.79 m,7 de febrero de 1978,Mediocampista,15,2006
Ivan Mariz,Brasil,,16 de mayo de 1910,Mediocampista,-,1930
Ivan Menczel,Hungría,,14 de diciembre de 1941,Mediocampista,15,1962
Ivan Nielsen,Dinamarca,,9 de octubre de 1956,Defensor,5,1986
Ivan Obradovic,Serbia,1.81 m,25 de julio de 1988,Defensor,16,2010
Ivan Perisic,Croacia,1.87 m,2 de febrero de 1989,"Delantero, Mediocampista",4,"2014, 2018, 2022"
Ivan Pudar,Yugoslavia,,16 de agosto de 1961,Arquero,12,1982
Ivan Rakitic,Croacia,1.84 m,10 de marzo de 1988,Mediocampista,7,"2014, 2018"
Ivan Santek,Yugoslavia,,23 de abril de 1932,Mediocampista,10,1958
Ivan Stoyanov,Bulgaria,,20 de enero de 1949,Mediocampista,10,1974
Ivan Strinić,Croacia,1.86 m,17 de julio de 1987,Defensor,3,2018
Ivan Valenciano,Colombia,,18 de marzo de 1972,Delantero,9,1994
Ivan Vicelich,Nueva Zelanda,1.93 m,3 de septiembre de 1976,Defensor,5,2010
Ivan Vutsov,Bulgaria,,14 de diciembre de 1939,Defensor,3,1966
Ivan Yaremchuk,URSS,,19 de marzo de 1962,Mediocampista,"7, 15","1986, 1990"
Ivan Zafirov,Bulgaria,,30 de diciembre de 1947,Defensor,2,1974
Ivan Zamorano,Chile,,18 de enero de 1967,Delantero,9,1998
Ivano Blason,Italia,,24 de mayo de 1923,Defensor,-,1950
Ivano Bordon,Italia,1.86 m,13 de abril de 1951,Arquero,"22, 12","1978, 1982"
Ivar Eriksson,Suecia,,25 de diciembre de 1909,Defensor,-,1938
Ivaylo Andonov,Bulgaria,,14 de agosto de 1967,Delantero,22,1994
Ivaylo Petkov,Bulgaria,,24 de marzo de 1976,Defensor,4,1998
Ivaylo Yordanov,Bulgaria,,22 de abril de 1968,Mediocampista,"13, 5","1994, 1998"
Ive Jerolimov,Yugoslavia,,30 de marzo de 1958,Defensor,2,1982
Ivica Bek,Yugoslavia,,29 de octubre de 1909,Delantero,-,1930
Ivica Dragutinovic,Serbia y Montenegro,1.84 m,13 de noviembre de 1975,Defensor,3,2006
Ivica Ivusic,Croacia,1.95 m,1 de febrero de 1995,Arquero,23,2022
Ivica Kralj,RF de Yugoslavia,,26 de marzo de 1973,Arquero,1,1998
Ivica Olic,Croacia,1.83 m,14 de septiembre de 1979,Delantero,18,"2002, 2006, 2014"
Ivica Surjak,Yugoslavia,,23 de marzo de 1953,Delantero,"9, 20","1974, 1982"
Ivica Vastic,Austria,1.83 m,29 de septiembre de 1969,Delantero,9,1998
Ivo Frosio,Suiza,,27 de abril de 1930,Mediocampista,13,1954
Ivo Grbic,Croacia,1.95 m,18 de enero de 1996,Arquero,12,2022
Ivo Knoflicek,Checoslovaquia,,23 de febrero de 1962,Delantero,17,1990
Ivo Radovnikovic,Yugoslavia,,,Mediocampista,-,1950
Ivo Rudic,Australia,,24 de enero de 1942,Defensor,16,1974
Ivo Viktor,Checoslovaquia,,21 de mayo de 1942,Arquero,1,1970
Ivor Allchurch,Gales,,16 de octubre de 1929,Delantero,10,1958
Ivor Broadis,Inglaterra,,18 de diciembre de 1922,Delantero,8,1954
Izak Rober,Turquía,,21 de diciembre de 1930,Mediocampista,6,1954
Izet Hajrovic,Bosnia-Herzegovina,1.77 m,4 de agosto de 1991,Mediocampista,20,2014
J. Harting,Indias Orientales Holand.,,,Arquero,-,1938
Ja-Cheol Koo,Corea del Sur,1.83 m,27 de febrero de 1989,Mediocampista,13,"2014, 2018"
Jaap Mol,Paises Bajos,,3 de febrero de 1912,Delantero,-,1934
Jaap Stam,Paises Bajos,,17 de julio de 1972,Defensor,3,1998
Jabu Pule,Sudáfrica,1.68 m,11 de julio de 1980,Mediocampista,11,2002
Jacek Bak,Polonia,1.87 m,24 de marzo de 1973,Defensor,"20, 6","2002, 2006"
Jacek Góralski,Polonia,1.72 m,21 de septiembre de 1992,Mediocampista,6,2018
Jacek Kazimierski,Polonia,,17 de agosto de 1959,Arquero,"21, 12","1982, 1986"
Jacek Krzynowek,Polonia,1.80 m,15 de mayo de 1976,Mediocampista,"18, 8","2002, 2006"
Jacek Zielinski,Polonia,1.84 m,10 de octubre de 1967,Defensor,3,2002
Jacinto Barquin,Cuba,,3 de septiembre de 1915,Defensor,-,1938
Jacinto Villalba,Paraguay,,,Delantero,-,1930
Jack Butland,Inglaterra,1.96 m,10 de marzo de 1993,Arquero,13,2018
Jack Charlton,Inglaterra,,8 de mayo de 1935,Defensor,"5, 17","1966, 1970"
Jack Grealish,Inglaterra,1.75 m,10 de septiembre de 1995,Delantero,7,2022
Jack Kelsey,Gales,,19 de noviembre de 1929,Arquero,1,1958
Jack Reilly,Australia,,27 de agosto de 1945,Arquero,1,1974
Jack Samuels,Indias Orientales Holand.,,1 de enero de 1912,Defensor,-,1938
Jack Wilshere,Inglaterra,1.72 m,1 de enero de 1992,Mediocampista,7,2014
Jackie Fatton,Suiza,,19 de diciembre de 1925,Delantero,17,"1950, 1954"
Jackie Henderson,Escocia,,17 de enero de 1932,Delantero,16,1954
Jackie Mcnamara,Escocia,,24 de octubre de 1973,Defensor,2,1998
Jackie Milburn,Inglaterra,,11 de mayo de 1924,Delantero,-,1950
Jackie Mudie,Escocia,,10 de abril de 1930,Delantero,17,1958
Jackie Scott,Irlanda del Norte,,22 de diciembre de 1933,Delantero,14,1958
Jackson Irvine,Australia,1.89 m,7 de marzo de 1993,Mediocampista,22,"2018, 2022"
Jackson Martinez,Colombia,1.85 m,3 de octubre de 1986,Delantero,21,2014
Jackson Porozo,Ecuador,1.91 m,4 de agosto de 2000,Defensor,25,2022
Jacky Peeters,Bélgica,1.84 m,13 de diciembre de 1969,Defensor,15,2002
Jacob Laursen,Dinamarca,,6 de octubre de 1971,Defensor,13,1998
Jacob Lekgetho,Sudáfrica,1.71 m,24 de marzo de 1974,Defensor,5,2002
Jacques Beurlet,Bélgica,,21 de diciembre de 1944,Defensor,13,1970
Jacques Duquesne,Bélgica,,22 de abril de 1940,Arquero,22,1970
Jacques Grimonpon,Francia,,30 de julio de 1925,Defensor,5,1954
Jacques Mairesse,Francia,,27 de febrero de 1904,Defensor,-,1934
Jacques Moeschal,Bélgica,,6 de septiembre de 1900,Delantero,-,1930
Jacques Munaron,Bélgica,,8 de septiembre de 1956,Arquero,"22, 12","1982, 1986"
Jacques Nguea,Camerún,,8 de noviembre de 1955,Delantero,18,1982
Jacques Simon,Francia,,25 de marzo de 1941,Delantero,20,1966
Jacques Songoo,Camerún,1.82 m,17 de marzo de 1964,Arquero,"22, 1, 16","1990, 1994, 1998, 2002"
Jae Jin Cho,Corea del Sur,1.85 m,9 de julio de 1981,Delantero,19,2006
Jae Sung Kim,Corea del Sur,1.80 m,3 de octubre de 1983,Mediocampista,13,2010
Jae-sung Lee,Corea del Sur,1.80 m,10 de agosto de 1992,Mediocampista,"17, 10","2018, 2022"
Jaime Ayoví,Ecuador,1.83 m,21 de febrero de 1988,Delantero,17,2014
Jaime Belmonte,México,,8 de octubre de 1934,Delantero,19,1958
Jaime Duarte,Perú,,27 de febrero de 1955,Defensor,2,"1978, 1982"
Jaime Gomez,México,,29 de diciembre de 1929,Arquero,"13, 12","1958, 1962"
Jaime Gonzales,Colombia,,1 de abril de 1938,Defensor,5,1962
Jaime Graca,Portugal,,10 de enero de 1942,Mediocampista,16,1966
Jaime Magalhaes,Portugal,,10 de julio de 1962,Mediocampista,14,1986
Jaime Moreno,Bolivia,,19 de enero de 1974,Delantero,11,1994
Jaime Ordiales,México,,23 de diciembre de 1962,Mediocampista,20,1998
Jaime Penedo,Panamá,1.86 m,26 de septiembre de 1981,Arquero,1,2018
Jaime Portillo,El Salvador,,18 de septiembre de 1947,Delantero,17,1970
Jaime Ramirez,Chile,,14 de agosto de 1931,Delantero,"7, 15","1962, 1966"
Jaime Rodriguez,El Salvador,,17 de enero de 1959,Defensor,15,1982
Jaime Salazar,México,,6 de febrero de 1931,Mediocampista,18,1958
Jaime Silva,Colombia,,10 de octubre de 1935,Mediocampista,9,1962
Jaime Villegas,Honduras,,5 de julio de 1950,Defensor,3,1982
Jair,Brasil,,21 de marzo de 1921,Delantero,-,1950
Jair Da Costa,Brasil,,9 de julio de 1940,Delantero,18,1962
Jair Marinho,Brasil,,17 de julio de 1936,Defensor,12,1962
Jairo Arias,Colombia,,2 de noviembre de 1938,Delantero,22,1962
Jairzinho,Brasil,,25 de diciembre de 1944,Delantero,"17, 7","1966, 1970, 1974"
Jakob Bender,Alemania,,23 de marzo de 1910,Delantero,-,1934
Jakob Poulsen,Dinamarca,1.85 m,7 de julio de 1983,Mediocampista,14,2010
Jakob Streitle,Alemania,,11 de diciembre de 1916,Defensor,-,1938
Jakub Kaminski,Polonia,1.79 m,5 de junio de 2002,Mediocampista,13,2022
Jakub Kiwior,Polonia,1.89 m,15 de febrero de 2000,Defensor,14,2022
Jalal Hosseini,Irán,1.88 m,3 de febrero de 1982,Defensor,4,2014
Jamal Al Qabandi,Kuwait,,7 de abril de 1959,Defensor,4,1982
Jamal Musiala,Alemania,1.84 m,26 de febrero de 2003,Mediocampista,14,2022
Jamal Salami,Marruecos,,6 de octubre de 1970,Mediocampista,19,1998
Jamba,Angola,1.82 m,10 de julio de 1977,Defensor,3,2006
James Bannatyne,Nueva Zelanda,1.95 m,30 de junio de 1975,Arquero,23,2010
James Holland,Australia,1.80 m,15 de mayo de 1989,Mediocampista,16,2014
James Holton,Escocia,,11 de abril de 1951,Defensor,5,1974
James Lowery,Canadá,,15 de enero de 1961,Mediocampista,18,1986
James Maddison,Inglaterra,1.75 m,23 de noviembre de 1996,Mediocampista,25,2022
James Meredith,Australia,1.85 m,4 de abril de 1988,Defensor,3,2018
James Milner,Inglaterra,1.70 m,4 de enero de 1986,Mediocampista,"16, 17","2010, 2014"
James Obiorah,Nigeria,1.79 m,24 de agosto de 1978,Mediocampista,20,2002
James Pantemis,Canadá,1.85 m,21 de febrero de 1997,Arquero,16,2022
James Quinn,Irlanda del Norte,,18 de noviembre de 1959,Delantero,9,1986
James Rodríguez,Colombia,1.80 m,12 de julio de 1991,Mediocampista,10,"2014, 2018"
James Troisi,Australia,1.77 m,3 de julio de 1988,Mediocampista,14,2014
Jamie Carragher,Inglaterra,1.85 m,28 de enero de 1978,Defensor,"15, 18","2006, 2010"
Jamie Maclaren,Australia,1.79 m,29 de julio de 1993,Delantero,"14, 9","2018, 2022"
Jamie Vardy,Inglaterra,1.79 m,11 de enero de 1997,Delantero,11,2018
Jan Bartram,Dinamarca,,6 de marzo de 1962,Mediocampista,20,1986
Jan Bednarek,Polonia,1.89 m,12 de abril de 1996,Defensor,5,"2018, 2022"
Jan Berger,Checoslovaquia,,27 de noviembre de 1955,Mediocampista,13,1982
Jan Ceulemans,Bélgica,,28 de febrero de 1957,"Delantero, Mediocampista",11,"1982, 1986, 1990"
Jan Diddens,Bélgica,,14 de septiembre de 1906,Mediocampista,-,1930
Jan Dockx,Bélgica,,24 de mayo de 1941,Mediocampista,6,1970
Jan Domarski,Polonia,,28 de octubre de 1946,Delantero,19,1974
Jan Durica,Eslovaquia,1.87 m,10 de diciembre de 1981,Defensor,16,2010
Jan Eriksson,Suecia,,24 de agosto de 1967,Defensor,2,1990
Jan Fiala,Checoslovaquia,,19 de mayo de 1956,Defensor,3,1982
Jan Fjortoft,Noruega,,10 de enero de 1967,Delantero,9,1994
Jan Furtok,Polonia,,9 de marzo de 1962,Delantero,22,1986
Jan Heintze,Dinamarca,1.70 m,17 de agosto de 1963,Defensor,5,"1998, 2002"
Jan Hertl,Checoslovaquia,,23 de enero de 1929,Mediocampista,"14, 15","1954, 1958"
Jan Jalocha,Polonia,,18 de julio de 1957,Defensor,7,1982
Jan Jongbloed,Paises Bajos,,25 de noviembre de 1940,Arquero,8,"1974, 1978"
Jan Karas,Polonia,,17 de marzo de 1959,Mediocampista,9,1986
Jan Kocian,Checoslovaquia,,13 de marzo de 1958,Defensor,5,1990
Jan Koller,República Checa,2.02 m,30 de marzo de 1973,Delantero,9,2006
Jan Kozak,Eslovaquia,1.92 m,22 de abril de 1980,Mediocampista,8,2010
Jan Kozak,Checoslovaquia,,17 de abril de 1954,Mediocampista,7,1982
Jan Kromkamp,Paises Bajos,1.84 m,17 de agosto de 1980,Defensor,12,2006
Jan Lala,Checoslovaquia,,10 de septiembre de 1936,Defensor,2,1962
Jan Michaelsen,Dinamarca,1.82 m,28 de noviembre de 1970,Mediocampista,15,2002
Jan Molby,Dinamarca,,4 de julio de 1963,Mediocampista,7,1986
Jan Moller,Suecia,,17 de septiembre de 1953,Arquero,17,1978
Jan Mucha,Eslovaquia,1.89 m,5 de diciembre de 1982,Arquero,1,2010
Jan Olsson,Suecia,,30 de marzo de 1942,Defensor,"20, 2","1970, 1974"
Jan Pivarnik,Checoslovaquia,,13 de noviembre de 1947,Defensor,12,1970
Jan Polak,República Checa,1.81 m,14 de marzo de 1981,Mediocampista,19,2006
Jan Poortvliet,Paises Bajos,,21 de septiembre de 1955,Defensor,2,1978
Jan Popluhar,Checoslovaquia,,12 de agosto de 1935,Defensor,"16, 3","1958, 1962"
Jan Riha,Checoslovaquia,,11 de enero de 1915,Delantero,-,1938
Jan Stejskal,Checoslovaquia,,15 de enero de 1962,Arquero,1,1990
Jan Tomaszewski,Polonia,,9 de enero de 1948,Arquero,"2, 1","1974, 1978"
Jan Urban,Polonia,,14 de mayo de 1962,Delantero,8,1986
Jan Van Diepenbeek,Paises Bajos,,5 de agosto de 1903,Defensor,-,1934
Jan Vennegoor Of Hesselink,Paises Bajos,1.90 m,7 de noviembre de 1978,Delantero,19,2006
Jan Verheyen,Bélgica,,9 de julio de 1944,Mediocampista,17,1970
Jan Vertonghen,Bélgica,1.89 m,24 de abril de 1987,Defensor,5,"2014, 2018, 2022"
Jan Wasiewicz,Polonia,,6 de enero de 1911,Mediocampista,-,1938
Jan Wouters,Paises Bajos,,17 de julio de 1960,Mediocampista,6,"1990, 1994"
Jan Zlocha,Checoslovaquia,,24 de marzo de 1942,Defensor,15,1970
Jannik Vestergaard,Dinamarca,1.99 m,3 de agosto de 1992,Defensor,3,2018
Janos Dudas,Hungría,,1 de enero de 1911,Mediocampista,-,"1934, 1938"
Janos Farkas,Hungría,,27 de marzo de 1942,Delantero,"16, 10","1962, 1966"
Janos Gorocs,Hungría,,8 de mayo de 1939,Mediocampista,8,1962
Janusz Kupcewicz,Polonia,,9 de diciembre de 1955,Defensor,"13, 3","1978, 1982"
Jaouhar Mnari,Túnez,1.83 m,8 de noviembre de 1976,Mediocampista,12,2006
Jared Borgetti,México,1.82 m,14 de agosto de 1973,Delantero,9,"2002, 2006"
Jaromir Blazek,República Checa,1.88 m,29 de diciembre de 1972,Arquero,16,2006
Jaroslav Borovicka,Checoslovaquia,,26 de enero de 1931,Delantero,"10, 20","1958, 1962"
Jaroslav Boucek,Checoslovaquia,,13 de noviembre de 1912,Mediocampista,-,"1934, 1938"
Jaroslav Burgr,Checoslovaquia,,7 de marzo de 1906,Defensor,-,"1934, 1938"
Jaroslav Kosnar,Checoslovaquia,,17 de agosto de 1930,Delantero,19,1954
Jaroslav Plasil,República Checa,1.83 m,5 de enero de 1982,Mediocampista,20,2006
Jaroslav Pollak,Checoslovaquia,,11 de julio de 1947,Mediocampista,17,1970
Jasem Sultan,Kuwait,,25 de octubre de 1953,Delantero,9,1982
Jasmin Fejzic,Bosnia-Herzegovina,1.97 m,15 de mayo de 1986,Arquero,12,2014
Jasmin Handanovic,Eslovenia,1.97 m,28 de enero de 1978,Arquero,12,2010
Jason Culina,Australia,1.75 m,5 de agosto de 1980,Mediocampista,5,"2006, 2010"
Jason Cummings,Australia,1.78 m,1 de agosto de 1995,Delantero,25,2022
Jason Davidson,Australia,1.80 m,29 de junio de 1991,Defensor,3,2014
Jason Mcateer,Irlanda,1.77 m,18 de junio de 1971,Mediocampista,"21, 7","1994, 2002"
Jason Scotland,Trinidad y Tobago,1.75 m,18 de febrero de 1979,Delantero,20,2006
Jasper Cillessen,Paises Bajos,1.88 m,20 de abril de 1989,Arquero,1,2014
Jassem Bahman,Kuwait,,15 de febrero de 1958,Arquero,22,1982
Jassem Gaber,Catar,1.82 m,20 de febrero de 2002,Delantero,25,2022
Jau,Brasil,,7 de diciembre de 1909,Defensor,-,1938
Javad Kazemeian,Irán,1.74 m,23 de abril de 1981,Delantero,17,2006
Javad Nekounam,Irán,1.80 m,7 de septiembre de 1980,Mediocampista,6,"2006, 2014"
Javad Zarincheh,Irán,,23 de julio de 1966,Defensor,17,1998
Javier Aguirre,México,,1 de diciembre de 1958,Delantero,13,1986
Javier Ambrois,Uruguay,,9 de mayo de 1932,Delantero,19,1954
Javier Aquino,México,1.65 m,11 de febrero de 1990,Mediocampista,20,"2014, 2018"
Javier Cardenas,México,,8 de diciembre de 1952,Mediocampista,16,1978
Javier Fragoso,México,,19 de abril de 1942,Delantero,"10, 21","1966, 1970"
Javier Gonzales,Perú,,11 de mayo de 1939,Defensor,15,1970
Javier Guzman,México,,9 de enero de 1945,Defensor,14,1970
Javier Hernandez,México,1.75 m,1 de junio de 1988,Delantero,14,"2010, 2014, 2018"
Javier Hernandez,México,,1 de agosto de 1961,Delantero,19,1986
Javier Margas,Chile,,10 de mayo de 1969,Defensor,5,1998
Javi Martinez,España,1.90 m,2 de septiembre de 1988,Mediocampista,"20, 4","2010, 2014"
Javier Mascherano,Argentina,1.71 m,8 de junio de 1984,Mediocampista,"8, 14","2006, 2010, 2014, 2018"
Javier Pastore,Argentina,1.73 m,20 de junio de 1989,Mediocampista,23,2010
Javier Saviola,Argentina,1.68 m,11 de diciembre de 1981,Delantero,7,2006
Javier Toledo,Honduras,,30 de septiembre de 1959,Mediocampista,8,1982
Javier Valdivia,México,,4 de diciembre de 1941,Delantero,19,1970
Javier Vargas,México,,22 de noviembre de 1941,Arquero,22,1966
Javier Zanetti,Argentina,1.78 m,10 de agosto de 1973,"Defensor, Mediocampista","22, 8","1998, 2002"
Jawad Allahwardi,Irán,,16 de julio de 1954,Defensor,5,1978
Jawad El-Yamiq,Marruecos,1.93 m,29 de febrero de 1992,Defensor,18,2022
Jay Demerit,Estados Unidos,1.80 m,4 de diciembre de 1979,Defensor,15,2010
Jay Jay Okocha,Nigeria,1.75 m,14 de agosto de 1973,Mediocampista,10,"1994, 1998, 2002"
Jean-Alain Boumsong,Francia,1.90 m,14 de diciembre de 1979,Defensor,2,2006
Jean Bastien,Francia,,21 de junio de 1915,Mediocampista,-,1938
Jean Beausejour,Chile,1.78 m,1 de junio de 1984,Delantero,15,"2010, 2014"
Jean Brichaut,Bélgica,,29 de julio de 1911,Delantero,-,1934
Jean Capelle,Bélgica,,26 de octubre de 1913,Delantero,-,"1934, 1938"
Jean Castaneda,Francia,,20 de marzo de 1957,Arquero,21,1982
Jean-Charles Castelletto,Camerún,1.86 m,26 de enero de 1995,Defensor,21,2022
Jean Claessens,Bélgica,,18 de junio de 1908,Mediocampista,-,1934
Jean Claude Desir,Haití,,8 de agosto de 1946,Mediocampista,8,1974
Jean Claude Pagal,Camerún,,15 de septiembre de 1964,Mediocampista,13,1990
Jean Claude Piumi,Francia,,27 de mayo de 1940,Mediocampista,18,1966
Jean-Claude Schindelholz,Suiza,,11 de octubre de 1940,Delantero,17,1966
Jean-Daniel Akpa-Akpro,Costa de Marfil,1.80 m,11 de octubre de 1992,Defensor,7,2014
Jean De Bie,Bélgica,,18 de mayo de 1892,Arquero,-,1930
Jean De Clerq,Bélgica,,17 de mayo de 1905,Mediocampista,-,1930
Jean Djorkaeff,Francia,,27 de octubre de 1939,Defensor,12,1966
Jean Fievez,Bélgica,,30 de noviembre de 1910,Delantero,-,1938
Jean Francois De Sart,Bélgica,,18 de diciembre de 1961,Defensor,15,1990
Jean-Francois Larios,Francia,,27 de agosto de 1956,Mediocampista,13,1982
Jean-Hubert Austin,Haití,,23 de febrero de 1950,Mediocampista,19,1974
Jean Jacques Gosso,Costa de Marfil,1.77 m,15 de marzo de 1983,Mediocampista,12,2010
Jean-Jacques Marcel,Francia,,13 de junio de 1931,Mediocampista,12,"1954, 1958"
Jean-Jacques Tizie,Costa de Marfil,1.83 m,7 de septiembre de 1972,Arquero,1,2006
Jean Laurent,Francia,,30 de diciembre de 1906,Mediocampista,-,1930
Jean-Luc Ettori,Francia,,29 de julio de 1955,Arquero,22,1982
Jean-Maire Trappeniers,Bélgica,,13 de enero de 1942,Arquero,12,1970
Jean Makoun,Camerún,1.70 m,29 de mayo de 1983,Mediocampista,11,"2010, 2014"
Jean-Marc Ferreri,Francia,,26 de diciembre de 1962,Mediocampista,11,1986
Jean-Marc Guillou,Francia,,20 de diciembre de 1945,Mediocampista,10,1978
Jean-Marie Pfaff,Bélgica,,4 de diciembre de 1953,Arquero,1,"1982, 1986"
Jean Nicolas,Francia,,9 de junio de 1913,Delantero,-,"1934, 1938"
Jean Onana,Camerún,,13 de octubre de 1951,Defensor,5,1982
Jean-Paul Abalo,Togo,1.77 m,26 de junio de 1975,Defensor,3,2006
Jean-Paul Bertrand-Demanes,Francia,,13 de mayo de 1952,Arquero,21,1978
Jean Petit,Francia,,25 de septiembre de 1949,Mediocampista,13,1978
Jean Petit,Bélgica,,25 de febrero de 1914,Defensor,-,1938
Jean Pierre Fiala Fiala,Camerún,,22 de abril de 1969,Mediocampista,18,1994
Jean-Pierre Nsame,Camerún,1.88 m,1 de mayo de 1993,Delantero,9,2022
Jean-Pierre Papin,Francia,,5 de noviembre de 1963,Delantero,17,1986
Jean-Pierre Tokoto,Camerún,,26 de enero de 1948,Delantero,10,1982
Jean Tamini,Suiza,,9 de diciembre de 1919,Delantero,-,1950
Jean Thissen,Bélgica,,21 de abril de 1946,Defensor,3,1970
Jean Tigana,Francia,,23 de junio de 1955,Mediocampista,14,"1982, 1986"
Jean Van Steen,Bélgica,,2 de junio de 1929,Mediocampista,21,1954
Jean Vincent,Francia,,29 de noviembre de 1930,Delantero,"22, 21","1954, 1958"
Jeff Agoos,Estados Unidos,1.83 m,2 de mayo de 1968,Defensor,12,"1998, 2002"
Jeff Astle,Inglaterra,,13 de mayo de 1942,Delantero,22,1970
Jeff Van Der Linden,Bélgica,,2 de noviembre de 1927,Defensor,18,1954
Jefferson,Brasil,1.88 m,20 de enero de 1983,Arquero,1,2014
Jefferson Farfán,Perú,1.78 m,26 de octubre de 1984,Delantero,10,2018
Jefferson Lerma,Colombia,1.82 m,25 de octubre de 1994,Mediocampista,16,2018
Jefferson Montero,Ecuador,1.73 m,1 de septiembre de 1989,Mediocampista,7,2014
Jehoshua Faigenbaum,Israel,,5 de diciembre de 1947,Delantero,9,1970
Jeno Buzanszky,Hungría,,4 de mayo de 1925,Defensor,2,1954
Jeno Vincze,Hungría,,20 de noviembre de 1908,Delantero,-,"1934, 1938"
Jens Bertelsen,Dinamarca,,15 de febrero de 1952,Defensor,12,1986
Jens Jeremies,Alemania,1.77 m,5 de marzo de 1974,Mediocampista,"13, 16","1998, 2002"
Jens Lehmann,Alemania,1.90 m,10 de noviembre de 1969,Arquero,"22, 12, 1","1998, 2002, 2006"
Jens Nowotny,Alemania,1.84 m,11 de enero de 1974,Defensor,6,2006
Jens Stryger Larsen,Dinamarca,1.82 m,21 de febrero de 1991,Defensor,17,"2018, 2022"
Jeong-Ho Hong,Corea del Sur,1.86 m,12 de agosto de 1989,Defensor,20,2014
Jeong Woon Ko,Corea del Sur,,27 de junio de 1966,Mediocampista,10,1994
Jeremain Lens,Paises Bajos,1.78 m,24 de noviembre de 1987,Delantero,17,2014
Jeremie Frimpong,Paises Bajos,1.71 m,10 de diciembre de 2000,Defensor,26,2022
Jeremy Brockie,Nueva Zelanda,1.82 m,7 de octubre de 1987,Delantero,22,2010
Jeremy Christie,Nueva Zelanda,1.80 m,22 de mayo de 1983,Mediocampista,21,2010
Jeremy Doku,Bélgica,1.73 m,27 de mayo de 2002,Delantero,25,2022
Jeremy Sarmiento,Ecuador,1.78 m,16 de junio de 2002,Mediocampista,16,2022
Jeremy Toulalan,Francia,1.83 m,10 de septiembre de 1983,Mediocampista,14,2010
Jerko Leko,Croacia,1.86 m,9 de abril de 1980,Mediocampista,16,2006
Jermain Defoe,Inglaterra,1.70 m,7 de octubre de 1982,Delantero,19,2010
Jermaine Jenas,Inglaterra,1.80 m,18 de febrero de 1983,Mediocampista,17,2006
Jermaine Jones,Estados Unidos,1.83 m,16 de julio de 1981,Mediocampista,13,2014
Jérôme Boateng,Alemania,1.92 m,3 de septiembre de 1988,Defensor,"20, 17","2010, 2014, 2018"
Jerome Ngom Mbekeli,Camerún,1.74 m,30 de septiembre de 1998,Delantero,2,2022
Jerry Bengtson,Honduras,1.87 m,8 de abril de 1987,Delantero,11,2014
Jerry Sikhosana,Sudáfrica,,8 de junio de 1969,Delantero,14,1998
Jervis Drummond,Costa Rica,1.72 m,8 de septiembre de 1976,Defensor,2,"2002, 2006"
Jerzy Dudek,Polonia,1.87 m,23 de marzo de 1973,Arquero,1,2002
Jerzy Gorgon,Polonia,,18 de julio de 1949,Defensor,6,"1974, 1978"
Jes Hogh,Dinamarca,,7 de mayo de 1966,Defensor,4,1998
Jesper Blomqvist,Suecia,,5 de febrero de 1974,Mediocampista,21,1994
Jesper Christiansen,Dinamarca,1.92 m,24 de abril de 1978,Arquero,22,"2002, 2010"
Jesper Gronkjaer,Dinamarca,1.87 m,12 de agosto de 1977,Delantero,8,"2002, 2010"
Jesper Lindstrom,Dinamarca,1.82 m,29 de febrero de 2000,Delantero,25,2022
Jesper Olsen,Dinamarca,,20 de marzo de 1961,Mediocampista,8,1986
Jesse Lingard,Inglaterra,1.75 m,15 de diciembre de 1992,Mediocampista,7,2018
Jesus Arellano,México,1.71 m,8 de mayo de 1973,Delantero,21,"1998, 2002, 2006"
Jesus Bermudez,Bolivia,,1 de enero de 1902,Arquero,-,1930
Jesus Castro,México,,,Delantero,-,1930
José de Jesús Corona,México,1.84 m,26 de enero de 1981,Arquero,"12, 1","2006, 2014, 2018"
Jesus Del Muro,México,,30 de noviembre de 1937,Defensor,"2, 4","1958, 1962, 1966"
Jesus Ferreira,Estados Unidos,1.75 m,24 de diciembre de 2000,Delantero,9,2022
Jesús Gallardo,México,1.74 m,15 de agosto de 1994,Defensor,23,"2018, 2022"
Jesus Glaria,España,,2 de enero de 1942,Mediocampista,6,1966
Jesus Goyzueta,Perú,,1 de enero de 1947,Arquero,21,1970
Jesús Manuel Corona,México,1.73 m,6 de enero de 1993,Delantero,17,2018
Jesus Martinez,México,,7 de junio de 1952,Defensor,12,1978
Jesus Navas,España,1.72 m,21 de noviembre de 1985,Delantero,22,2010
Jesus Satrustegui,España,,12 de enero de 1954,Delantero,9,1982
Jesus Zamora,España,,1 de enero de 1955,Mediocampista,10,1982
Jewison Bennette,Costa Rica,1.73 m,15 de junio de 2004,Mediocampista,9,2022
Jhegson Méndez,Ecuador,1.75 m,26 de abril de 1997,Mediocampista,20,2022
Johnny Palacios,Honduras,1.82 m,20 de diciembre de 1986,Defensor,4,2010
Ji Hoon Baek,Corea del Sur,1.75 m,28 de febrero de 1985,Mediocampista,15,2006
Ji Sung Kim,Corea del Sur,,7 de noviembre de 1924,Mediocampista,15,1954
Ji Sung Park,Corea del Sur,1.75 m,25 de febrero de 1981,Mediocampista,"21, 7","2002, 2006, 2010"
Jiayi Shao,China,1.86 m,10 de abril de 1980,Mediocampista,6,2002
Jihai Sun,China,1.82 m,30 de septiembre de 1977,Defensor,7,2002
Jilali Fadili,Marruecos,,1 de enero de 1940,Defensor,13,1970
Jim Bett,Escocia,,25 de noviembre de 1959,Mediocampista,"10, 8","1986, 1990"
Jim Brown,Estados Unidos,,31 de diciembre de 1908,Delantero,-,1930
Jim Cleary,Irlanda del Norte,,27 de mayo de 1956,Mediocampista,20,1982
Jim Gentle,Estados Unidos,,21 de julio de 1904,Delantero,-,1930
Jim Leighton,Escocia,,24 de julio de 1958,Arquero,"22, 1","1982, 1986, 1990, 1998"
Jim Platt,Irlanda del Norte,,26 de enero de 1952,Arquero,"17, 12","1982, 1986"
Jim Stewart,Escocia,,9 de marzo de 1954,Arquero,13,1974
Jim Taylor,Inglaterra,,5 de noviembre de 1917,Defensor,-,1950
Jimmy Armfield,Inglaterra,,21 de septiembre de 1935,Defensor,"2, 14","1962, 1966"
Jimmy Banks,Estados Unidos,,2 de septiembre de 1964,Defensor,4,1990
Jimmy Binning,Escocia,,25 de julio de 1927,Delantero,19,1954
Jimmy Blyth,Escocia,,2 de febrero de 1955,Arquero,12,1978
Jimmy Conrad,Estados Unidos,1.88 m,12 de febrero de 1977,Defensor,13,2006
Jimmy Davidson,Escocia,,8 de noviembre de 1925,Defensor,6,1954
Jimmy Dickinson,Inglaterra,,24 de abril de 1925,Mediocampista,6,"1950, 1954"
Jimmy Douglas,Estados Unidos,,12 de enero de 1898,Arquero,-,1930
Jimmy Durmaz,Suecia,1.80 m,22 de marzo de 1989,Mediocampista,21,2018
Jimmy Floyd Hasselbaink,Paises Bajos,,27 de marzo de 1972,Delantero,21,1998
Jimmy Gallagher,Estados Unidos,,7 de junio de 1901,Mediocampista,-,"1930, 1934"
Jimmy Greaves,Inglaterra,,20 de febrero de 1940,Delantero,8,"1962, 1966"
Jimmy Johnstone,Escocia,,30 de septiembre de 1944,Mediocampista,7,1974
Jimmy Mackay,Australia,,19 de diciembre de 1943,Mediocampista,8,1974
Jimmy Mcilroy,Irlanda del Norte,,25 de octubre de 1931,Mediocampista,10,1958
Jimmy Milisavljevic,Australia,,15 de abril de 1951,Arquero,21,1974
Jimmy Mullen,Inglaterra,,6 de enero de 1923,Delantero,17,"1950, 1954"
Jimmy Murray,Escocia,,4 de febrero de 1933,Delantero,16,1958
Jimmy Nicholl,Irlanda del Norte,,28 de diciembre de 1956,Defensor,2,"1982, 1986"
Jimmy Rooney,Australia,,10 de octubre de 1945,Mediocampista,7,1974
Jimmy Steward,Honduras,,9 de diciembre de 1946,Arquero,22,1982
Jin Cheul Choi,Corea del Sur,1.87 m,26 de marzo de 1971,Defensor,4,"2002, 2006"
Jin Ho Cho,Corea del Sur,,2 de agosto de 1973,Mediocampista,15,1994
Jin-hyeon Kim,Corea del Sur,1.92 m,6 de julio de 1987,Arquero,21,2018
Jin Jiang,China,1.98 m,7 de octubre de 1969,Arquero,22,2002
Jin Kyu Kim,Corea del Sur,1.84 m,16 de febrero de 1985,Defensor,6,2006
Jin-su Kim,Corea del Sur,1.77 m,13 de junio de 1992,Defensor,3,2022
Jiri Cadek,Checoslovaquia,,7 de diciembre de 1935,Mediocampista,3,1958
Jiri Feureisl,Checoslovaquia,,3 de octubre de 1931,Delantero,14,1958
Jiri Hledik,Checoslovaquia,,19 de abril de 1929,Mediocampista,13,1954
Jiri Nemec,Checoslovaquia,,15 de mayo de 1966,Mediocampista,13,1990
Jiri Pesek,Checoslovaquia,,4 de junio de 1927,Delantero,11,1954
Jiri Sobotka,Checoslovaquia,,6 de junio de 1911,Delantero,-,1934
Jiri Stajner,República Checa,1.85 m,27 de mayo de 1976,Mediocampista,17,2006
Jiri Tichy,Checoslovaquia,,6 de diciembre de 1933,Defensor,12,1962
Jiri Trnka,Checoslovaquia,,2 de diciembre de 1926,Defensor,5,1954
Jo,Brasil,1.89 m,20 de marzo de 1987,Delantero,21,2014
Jo Backaert,Bélgica,,5 de agosto de 1921,Mediocampista,19,1954
Joachim Andersen,Dinamarca,1.92 m,31 de mayo de 1996,Defensor,2,2022
Joachim Bjorklund,Suecia,1.85 m,15 de marzo de 1971,Defensor,4,1994
Joachim Fritsche,Alemania Oriental,,28 de octubre de 1951,Defensor,5,1974
Joachim Streich,Alemania Oriental,,13 de abril de 1951,Delantero,11,1974
Joahan Rodriguez,México,1.76 m,15 de agosto de 1975,Mediocampista,18,2002
Joakim Maehle,Dinamarca,1.85 m,20 de mayo de 1997,Defensor,5,2022
Joakim Nilsson,Suecia,,31 de marzo de 1966,Mediocampista,14,1990
Joan Capdevila,España,1.82 m,3 de febrero de 1978,Defensor,11,2010
Joan Segarra,España,,15 de noviembre de 1927,Defensor,20,1962
João Cancelo,Portugal,1.82 m,27 de mayo de 1994,Defensor,20,2022
João Félix,Portugal,1.81 m,10 de noviembre de 1999,Delantero,11,2022
João Mário,Portugal,1.79 m,19 de enero de 1993,Mediocampista,"10, 17","2018, 2022"
João Moutinho,Portugal,1.70 m,15 de septiembre de 1986,Mediocampista,8,"2014, 2018"
João Palhinha,Portugal,1.90 m,9 de julio de 1995,Mediocampista,6,2022
João Pereira,Portugal,1.72 m,25 de febrero de 1984,Defensor,21,2014
Joao Pinto,Portugal,1.71 m,19 de agosto de 1971,Delantero,8,2002
Joao Pinto,Portugal,,21 de noviembre de 1961,Defensor,2,1986
Joao Ricardo,Angola,1.80 m,7 de enero de 1970,Arquero,1,2006
Joao Rojas,Ecuador,1.72 m,14 de junio de 1989,Delantero,9,2014
Joaquin,España,1.79 m,21 de julio de 1981,Mediocampista,"22, 17","2002, 2006"
Joaquin,España,,9 de junio de 1956,Mediocampista,8,1982
Joaquin Arias,Cuba,,12 de noviembre de 1914,Mediocampista,-,1938
Joaquin Del Olmo,México,1.73 m,20 de abril de 1969,Mediocampista,14,1994
Joaquin Peiro,España,,29 de enero de 1936,Delantero,"12, 20","1962, 1966"
Joaquin Ventura,El Salvador,,27 de octubre de 1956,Mediocampista,6,1982
Joe Allen,Gales,1.70 m,14 de marzo de 1990,Mediocampista,7,2022
Joe Bizera,Uruguay,1.81 m,17 de mayo de 1980,Defensor,19,2002
Joe Cole,Inglaterra,1.75 m,8 de noviembre de 1981,Mediocampista,"19, 11","2002, 2006, 2010"
Joe Corrigan,Inglaterra,,18 de noviembre de 1948,Arquero,13,1982
Joe Didulica,Croacia,1.91 m,14 de octubre de 1977,Arquero,12,2006
Joe Gaetjens,Estados Unidos,,19 de marzo de 1924,Delantero,-,1950
Joe Harper,Escocia,,11 de enero de 1948,Mediocampista,21,1978
Joe Hart,Inglaterra,1.91 m,19 de abril de 1987,Arquero,"23, 1","2010, 2014"
Joe Jordan,Escocia,,15 de diciembre de 1951,Delantero,"9, 15","1974, 1978, 1982"
Joe Maca,Estados Unidos,,28 de septiembre de 1920,Defensor,-,1950
Joe Martinelli,Estados Unidos,,1 de enero de 1916,Defensor,-,1934
Joe Max Moore,Estados Unidos,1.75 m,23 de febrero de 1971,Delantero,"15, 9","1994, 1998, 2002"
Joe Morrell,Gales,1.85 m,3 de enero de 1997,Mediocampista,16,2022
Joe Rodon,Gales,1.93 m,22 de octubre de 1997,Defensor,6,2022
Joe Scally,Estados Unidos,1.84 m,31 de diciembre de 2002,Defensor,26,2022
Joel,Brasil,,1 de mayo de 1904,Arquero,-,1930
Joel,Brasil,,23 de noviembre de 1931,Delantero,17,1958
Joel Bats,Francia,,4 de enero de 1957,Arquero,1,1986
Joel Camargo,Brasil,,18 de septiembre de 1946,Defensor,17,1970
Joel Campbell,Costa Rica,1.78 m,26 de junio de 1992,Delantero,"9, 12","2014, 2018, 2022"
Joel Epalle,Camerún,1.69 m,20 de febrero de 1978,Mediocampista,14,2002
Joel King,Australia,1.79 m,30 de octubre de 2000,Defensor,24,2022
Joel Matip,Camerún,1.94 m,8 de agosto de 1991,Mediocampista,21,"2010, 2014"
Joel Obi,Nigeria,1.77 m,22 de mayo de 1991,Mediocampista,15,2018
Joel Sanchez,México,,17 de agosto de 1974,Defensor,3,1998
Joël Veltman,Paises Bajos,1.83 m,15 de enero de 1992,Defensor,13,2014
Joel Waterman,Canadá,1.85 m,24 de enero de 1996,Defensor,26,2022
Joerg Boehme,Alemania,1.78 m,22 de enero de 1974,Defensor,18,2002
Joerg Heinrich,Alemania,,6 de diciembre de 1969,Defensor,3,1998
Johan Boskamp,Paises Bajos,,21 de octubre de 1948,Mediocampista,14,1978
Johan Cruyff,Paises Bajos,1.78 m,25 de abril de 1947,Delantero,14,1974
Johan Djourou,Suiza,1.92 m,18 de enero de 1987,Defensor,"2, 20","2006, 2014, 2018"
Johan Elmander,Suecia,1.88 m,27 de mayo de 1981,Delantero,17,2006
Johan Micoud,Francia,1.88 m,24 de julio de 1973,Mediocampista,22,2002
Johan Mjallby,Suecia,1.86 m,9 de febrero de 1971,Defensor,4,2002
Johan Mojica,Colombia,1.79 m,21 de agosto de 1992,Defensor,17,2018
Johan Neeskens,Paises Bajos,,15 de septiembre de 1951,Mediocampista,13,"1974, 1978"
Johan Vásquez,México,1.82 m,22 de octubre de 1998,Defensor,5,2022
Johan Venegas,Costa Rica,1.83 m,27 de noviembre de 1988,Delantero,11,"2018, 2022"
Johan Walem,Bélgica,1.69 m,1 de febrero de 1972,Mediocampista,10,2002
Johanan Vallach,Israel,,14 de mayo de 1945,Defensor,16,1970
Jóhann Berg Gudmundsson,Islandia,1.78 m,27 de octubre de 1990,Mediocampista,7,2018
Johann Horvath,Austria,,20 de mayo de 1903,Delantero,-,1934
Johann Pregesbauer,Austria,,8 de junio de 1958,Defensor,17,1982
Johann Riegler,Austria,,17 de julio de 1929,Mediocampista,18,1954
Johann Vogel,Suiza,1.75 m,8 de marzo de 1977,Mediocampista,6,2006
Johann Walzhofer,Austria,,23 de marzo de 1906,Delantero,-,1934
Johannes Devrindt,Bélgica,,14 de abril de 1944,Delantero,9,1970
John Aird,Escocia,,18 de febrero de 1926,Defensor,3,1954
John Aldridge,Irlanda,,18 de septiembre de 1958,Delantero,9,"1990, 1994"
John Aloisi,Australia,1.88 m,5 de febrero de 1976,Delantero,15,2006
John Alvbage,Suecia,1.87 m,10 de agosto de 1982,Arquero,12,2006
John Anderson,Escocia,,8 de diciembre de 1929,Arquero,14,1954
John Aston,Inglaterra,,3 de septiembre de 1921,Defensor,-,1950
John Barnes,Inglaterra,,7 de noviembre de 1963,Mediocampista,"19, 11","1986, 1990"
John Blackley,Escocia,,12 de mayo de 1948,Defensor,6,1974
John Bosman,Paises Bajos,,1 de febrero de 1965,Delantero,12,1994
John Boye,Ghana,1.84 m,23 de abril de 1987,Defensor,21,2014
John Anthony Brooks,Estados Unidos,1.93 m,28 de enero de 1993,Defensor,6,2014
John Byrne,Irlanda,,1 de febrero de 1961,Delantero,20,1990
John Charles,Gales,,27 de diciembre de 1931,Delantero,9,1958
John Collins,Escocia,,31 de enero de 1968,Mediocampista,"18, 11","1990, 1998"
John Connelly,Inglaterra,,18 de julio de 1938,Delantero,"7, 11","1962, 1966"
John Coyle,Escocia,,28 de septiembre de 1932,Delantero,18,1958
John De Wolf,Paises Bajos,,10 de diciembre de 1962,Defensor,21,1994
John Doyle,Estados Unidos,,16 de marzo de 1966,Defensor,3,1990
John Elsworthy,Gales,,26 de julio de 1931,Mediocampista,20,1958
John Eriksen,Dinamarca,,20 de noviembre de 1957,Delantero,19,1986
John Guidetti,Suecia,1.85 m,15 de abril de 1992,Delantero,11,2018
John Harkes,Estados Unidos,,8 de marzo de 1967,Mediocampista,6,"1990, 1994"
John Haynes,Inglaterra,,17 de octubre de 1934,Delantero,"21, 10","1954, 1958, 1962"
John Heitinga,Paises Bajos,1.82 m,15 de noviembre de 1983,Defensor,"14, 3","2006, 2010"
John Hewie,Escocia,,12 de diciembre de 1928,Defensor,5,1958
John Hill,Nueva Zelanda,,7 de enero de 1950,Defensor,15,1982
John Jameson,Irlanda del Norte,,11 de marzo de 1958,Mediocampista,18,1982
John Lozano,Colombia,1.90 m,30 de marzo de 1972,Mediocampista,8,"1994, 1998"
John Mackenzie,Escocia,,4 de septiembre de 1925,Delantero,8,1954
John Mcclelland,Irlanda del Norte,,7 de diciembre de 1955,Defensor,"12, 18","1982, 1986"
John Mensah,Ghana,1.77 m,29 de noviembre de 1982,Defensor,5,"2006, 2010"
John Moshoeu,Sudáfrica,1.77 m,18 de diciembre de 1965,Mediocampista,10,1998
John Obi Mikel,Nigeria,1.88 m,22 de abril de 1987,Mediocampista,10,"2014, 2018"
John O'Brien,Estados Unidos,1.78 m,29 de agosto de 1977,Mediocampista,5,"2002, 2006"
John Ogu,Nigeria,1.92 m,20 de abril de 1988,Mediocampista,19,2018
John O'Neill,Irlanda del Norte,,11 de marzo de 1958,Defensor,"6, 4","1982, 1986"
John Pantsil,Ghana,1.78 m,15 de junio de 1981,Defensor,"15, 4","2006, 2010"
John Perez,Colombia,,21 de febrero de 1970,Mediocampista,18,1998
John Robertson,Escocia,,20 de enero de 1953,Delantero,"19, 11","1978, 1982"
John Sheridan,Irlanda,,1 de octubre de 1964,Mediocampista,"16, 10","1990, 1994"
John Sivebaek,Dinamarca,,25 de octubre de 1961,Defensor,2,1986
John Souza,Estados Unidos,,12 de julio de 1920,Mediocampista,-,1950
John Stollmeyer,Estados Unidos,,25 de octubre de 1962,Mediocampista,14,1990
John Stones,Inglaterra,1.88 m,28 de mayo de 1994,Defensor,5,"2018, 2022"
John Terry,Inglaterra,1.87 m,7 de diciembre de 1980,Defensor,6,"2006, 2010"
John Utaka,Nigeria,1.79 m,8 de enero de 1982,Delantero,"21, 7","2002, 2010"
John Van Alphen,Bélgica,,17 de junio de 1914,Mediocampista,-,1938
John Van Loen,Paises Bajos,,4 de febrero de 1965,Delantero,19,1990
John Wark,Escocia,,4 de agosto de 1957,Mediocampista,10,1982
John Warren,Australia,,17 de mayo de 1943,Mediocampista,9,1974
John Watkiss,Australia,,28 de marzo de 1941,Defensor,18,1974
Johnny Acosta,Costa Rica,1.76 m,21 de julio de 1983,Defensor,2,"2014, 2018"
Johnny Ekstrom,Suecia,,5 de marzo de 1965,Delantero,18,1990
Johnny Herrera,Chile,1.84 m,9 de mayo de 1981,Arquero,23,2014
Johnny Leoni,Suiza,1.89 m,30 de junio de 1984,Arquero,21,2010
Johnny Rep,Paises Bajos,,25 de noviembre de 1951,Delantero,16,"1974, 1978"
Johnny Schuth,Francia,,7 de diciembre de 1941,Arquero,22,1966
Johnny Van 'T Schip,Paises Bajos,,30 de diciembre de 1963,Mediocampista,14,1990
Jón Dadi Bödvarsson,Islandia,1.90 m,25 de mayo de 1992,Delantero,22,2018
Jon Dahl Tomasson,Dinamarca,1.82 m,29 de agosto de 1976,Delantero,9,"2002, 2010"
Jonas Gutierrez,Argentina,1.82 m,5 de julio de 1983,Mediocampista,17,2010
Jonas Hector,Alemania,1.85 m,27 de mayo de 1990,Defensor,3,2018
Jonas Hofmann,Alemania,1.76 m,14 de julio de 1992,Mediocampista,18,2022
Jonas Knudsen,Dinamarca,1.85 m,16 de septiembre de 1992,Defensor,5,2018
Jonas Lössl,Dinamarca,1.95 m,1 de febrero de 1989,Arquero,16,2018
Jonas Omlin,Suiza,1.90 m,10 de enero de 1994,Arquero,12,2022
Jonas Thern,Suecia,,20 de marzo de 1967,Mediocampista,"16, 9","1990, 1994"
Jonas Wind,Dinamarca,1.90 m,7 de febrero de 1999,Delantero,19,2022
Jonathan Bornstein,Estados Unidos,1.75 m,7 de noviembre de 1984,Defensor,12,2010
Jonathan David,Canadá,1.75 m,14 de enero de 2000,Delantero,20,2022
Jonathan de Guzmán,Paises Bajos,1.74 m,13 de septiembre de 1987,Mediocampista,8,2014
Jonathan dos Santos,México,1.73 m,26 de abril de 1990,Mediocampista,6,2018
Jonathan Gould,Escocia,,18 de julio de 1968,Arquero,21,1998
Jonathan Mensah,Ghana,1.82 m,13 de julio de 1990,Defensor,"8, 19","2010, 2014"
Jonathan Osorio,Canadá,1.75 m,12 de junio de 1992,Mediocampista,21,2022
Jonathan Santana,Paraguay,1.81 m,19 de octubre de 1981,Mediocampista,11,2010
Jonathan Spector,Estados Unidos,1.83 m,1 de marzo de 1986,Defensor,2,2010
Jonathan Urretaviscaya,Uruguay,1.74 m,19 de marzo de 1990,Mediocampista,20,2018
Jong Boo Kim,Corea del Sur,,3 de noviembre de 1965,Delantero,7,1986
Jong-gyu Yoon,Corea del Sur,1.73 m,20 de marzo de 1998,Defensor,2,2022
Jong Hwan Yoon,Corea del Sur,1.73 m,16 de febrero de 1973,Mediocampista,17,2002
Jong Hyok Cha,Corea del Norte,1.78 m,25 de septiembre de 1985,Defensor,2,2010
Jong Kap Li,Corea del Sur,,18 de marzo de 1920,Defensor,13,1954
Jong Son Chung,Corea del Sur,,20 de marzo de 1966,Defensor,2,1994
Jong Soo Chung,Corea del Sur,,27 de marzo de 1961,Defensor,"3, 13","1986, 1990"
Jong Soo Ko,Corea del Sur,,30 de octubre de 1978,Mediocampista,14,1998
Jong Uwa Lee,Corea del Sur,,20 de julio de 1963,Defensor,3,1994
Jong-Woo Park,Corea del Sur,1.80 m,10 de marzo de 1989,Mediocampista,15,2014
Jonny Magallon,México,1.78 m,21 de noviembre de 1981,Defensor,19,2010
Jonny Williams,Gales,1.68 m,9 de octubre de 1993,Mediocampista,18,2022
Joo-Ho Park,Corea del Sur,1.76 m,16 de enero de 1987,Defensor,"22, 6","2014, 2018"
Joo Sung Kim,Corea del Sur,,17 de enero de 1966,"Delantero, Mediocampista","16, 9","1986, 1990, 1994"
Joop Hiele,Paises Bajos,,25 de diciembre de 1958,Arquero,16,1990
Joop Van Nellen,Paises Bajos,,15 de marzo de 1910,Delantero,-,1934
Jordan Ayew,Ghana,1.82 m,11 de septiembre de 1991,Delantero,"13, 9","2014, 2022"
Jordan Henderson,Inglaterra,1.83 m,17 de junio de 1990,Mediocampista,"14, 8","2014, 2018, 2022"
Jordan Morris,Estados Unidos,1.83 m,26 de octubre de 1994,Delantero,16,2022
Jordan Pickford,Inglaterra,1.85 m,7 de marzo de 1994,Arquero,1,"2018, 2022"
Jordan Veretout,Francia,1.77 m,1 de marzo de 1993,Mediocampista,15,2022
Jordi Alba,España,1.70 m,21 de marzo de 1989,Defensor,18,"2014, 2018, 2022"
Jordy Clasie,Paises Bajos,1.69 m,27 de junio de 1991,Mediocampista,16,2014
Jorge Andrade,Portugal,1.84 m,9 de abril de 1978,Defensor,13,2002
Jorge Argote,Bolivia,,1 de enero de 1906,Mediocampista,-,1930
Jorge Balderrama,Bolivia,,12 de diciembre de 1906,Mediocampista,-,1930
Jorge Barrios,Uruguay,,24 de enero de 1961,Mediocampista,8,1986
Jorge Battaglia,Paraguay,,12 de mayo de 1960,Arquero,12,1986
Jorge Bermudez,Colombia,,18 de junio de 1971,Defensor,5,1998
Jorge Bolano,Colombia,1.72 m,28 de abril de 1977,Mediocampista,14,1998
Jorge Borelli,Argentina,,2 de noviembre de 1964,Defensor,15,1994
Jorge Burruchaga,Argentina,,9 de octubre de 1962,Mediocampista,7,"1986, 1990"
Jorge Campos,México,1.75 m,15 de octubre de 1966,Arquero,"1, 23","1994, 1998, 2002"
Jorge Campos,Paraguay,1.75 m,11 de agosto de 1970,Delantero,"21, 11","1998, 2002"
Jorge Carrascosa,Argentina,,15 de agosto de 1948,Defensor,7,1974
Jorge Claros,Honduras,1.76 m,8 de enero de 1986,Mediocampista,20,2014
Jorge Costa,Portugal,1.88 m,14 de octubre de 1971,Defensor,2,2002
Jorge Da Silva,Uruguay,,11 de diciembre de 1961,Delantero,9,1986
Jorge Fucile,Uruguay,1.77 m,19 de noviembre de 1984,Defensor,4,"2010, 2014"
Jorge Gongora,Perú,,12 de octubre de 1906,Delantero,-,1930
Jorge Gonzalez,El Salvador,,13 de mayo de 1958,Delantero,11,1982
Jorge Guagua,Ecuador,1.79 m,28 de septiembre de 1981,Defensor,2,"2006, 2014"
Jorge Guasch,Paraguay,,17 de enero de 1961,Mediocampista,16,1986
Jorge Manicera,Uruguay,,4 de noviembre de 1938,Defensor,3,1966
Jorge Martins,Portugal,,22 de agosto de 1954,Arquero,12,1986
Jorge Mendonca,Brasil,,6 de junio de 1954,Delantero,19,1978
Jorge Núñez,Paraguay,1.76 m,22 de enero de 1978,Defensor,2,2006
Jorge Núñez,Paraguay,,18 de octubre de 1961,Mediocampista,6,1986
Jorge Olaechea,Perú,,27 de agosto de 1956,Defensor,16,1982
Jorge Olguin,Argentina,,17 de mayo de 1952,Defensor,"15, 14","1978, 1982"
Jorge Otero,España,,28 de enero de 1969,Defensor,3,1994
Jorge Pardon,Perú,,4 de marzo de 1905,Arquero,-,1930
Jorge Robledo,Chile,,14 de abril de 1926,Delantero,-,1950
Jorge Rodriguez,México,,18 de abril de 1968,Mediocampista,20,1994
Jorge Romero,Paraguay,,23 de septiembre de 1937,Delantero,9,1958
Jorge Romo,México,,20 de abril de 1923,Defensor,3,"1954, 1958"
Jorge Sánchez,México,1.70 m,10 de diciembre de 1997,Defensor,19,2022
Jorge Sarmiento,Perú,,2 de noviembre de 1900,Delantero,-,1930
Jorge Socias,Chile,,6 de octubre de 1951,Mediocampista,18,1974
Jorge Solari,Argentina,,11 de noviembre de 1941,Delantero,15,1966
Jorge Toro,Chile,,10 de enero de 1939,Mediocampista,8,1962
Jorge Torres,México,1.82 m,16 de enero de 1988,Mediocampista,20,2010
Jorge Valdano,Argentina,,4 de octubre de 1955,Delantero,"20, 11","1982, 1986"
Jorge Valdivia,Chile,1.73 m,19 de octubre de 1983,Mediocampista,10,"2010, 2014"
Jorgen Augustsson,Suecia,,28 de octubre de 1952,Defensor,18,1974
Jorgen Juve,Noruega,,22 de noviembre de 1906,Defensor,-,1938
Jorginho,Brasil,,17 de agosto de 1964,Defensor,2,"1990, 1994"
Joris Mathijsen,Paises Bajos,1.82 m,5 de abril de 1980,Defensor,4,"2006, 2010"
Jos Van Ingelgem,Bélgica,,23 de enero de 1919,Mediocampista,-,1934
Jose Alexanko,España,,19 de septiembre de 1956,Defensor,6,1982
Jose Altafini,Brasil,,24 de julio de 1938,Delantero,"18, 9","1958, 1962"
Jose Andrade,Uruguay,,22 de noviembre de 1901,Mediocampista,-,1930
Jose Antonio,Portugal,,29 de octubre de 1957,Defensor,16,1986
Jose Antonio Camacho,España,,8 de junio de 1955,Defensor,"2, 3","1982, 1986"
Jose Antonio Reyes,España,1.75 m,1 de septiembre de 1983,Mediocampista,10,2006
Jose Augusto,Portugal,,13 de abril de 1937,Delantero,12,1966
José Basanta,Argentina,1.88 m,3 de abril de 1984,Defensor,23,2014
Jose Basualdo,Argentina,,20 de junio de 1963,Mediocampista,"4, 8","1990, 1994"
Jose Batista,Uruguay,,6 de marzo de 1962,Defensor,6,1986
Jose Borbolla,México,,31 de enero de 1920,Delantero,-,1950
Jose Brown,Argentina,,10 de noviembre de 1956,Defensor,5,1986
Jose Bulnes,Honduras,,21 de octubre de 1946,Defensor,4,1982
Jose Bustamante,Bolivia,,1 de enero de 1907,Delantero,-,1930
Jose Bustamante-Nava,Bolivia,,5 de marzo de 1922,Defensor,-,1950
José Calderón,Panamá,1.87 m,14 de agosto de 1985,Arquero,12,2018
Jose Camarasa,España,,27 de septiembre de 1967,Defensor,4,1994
Jose Cardozo,Paraguay,1.83 m,19 de marzo de 1971,Delantero,"9, 20","1998, 2002"
Jose Carlos,Portugal,,22 de septiembre de 1941,Defensor,21,1966
José Carvallo,Perú,1.83 m,1 de marzo de 1986,Arquero,21,2018
Jose Castro,México,1.73 m,11 de agosto de 1980,Defensor,15,2006
Jose Cevallos,Ecuador,1.82 m,17 de abril de 1971,Arquero,1,2002
Jose Chamot,Argentina,1.85 m,17 de mayo de 1969,Defensor,"3, 22","1994, 1998, 2002"
Jose Chaves,Costa Rica,,3 de septiembre de 1958,Defensor,6,1990
José Cifuentes,Ecuador,1.78 m,12 de marzo de 1999,Mediocampista,5,2022
Jose Cruz,Honduras,,12 de junio de 1949,Defensor,17,1982
José Cubero,Costa Rica,1.80 m,14 de febrero de 1987,Mediocampista,22,2014
Jose Cuciuffo,Argentina,,1 de febrero de 1961,Defensor,9,1986
Jose Del Castillo,Perú,,1 de enero de 1943,Delantero,18,1970
Jose Della Torre,Argentina,,23 de marzo de 1906,Defensor,-,1930
Jose Fernandez,Perú,,14 de febrero de 1939,Defensor,14,1970
José Fernando Cuadrado,Colombia,,1 de junio de 1985,Arquero,22,2018
Jose Figueroa,Honduras,,15 de diciembre de 1959,Delantero,10,1982
Jose Fonseca,México,1.84 m,2 de octubre de 1979,Delantero,17,2006
José Fonte,Portugal,1.87 m,22 de diciembre de 1983,Defensor,6,2018
José Fuenzalida,Chile,1.68 m,22 de febrero de 1985,Mediocampista,19,2014
Jose Gomez,Uruguay,,23 de octubre de 1949,Delantero,21,1974
Jose Gonzales Ganoza,Perú,,10 de julio de 1954,Arquero,12,1982
Jose Gonzalez,México,,14 de septiembre de 1942,"Defensor, Mediocampista","13, 17","1966, 1970"
Jose Herrera,Uruguay,,17 de junio de 1965,Defensor,4,1990
José Holebas,Grecia,1.84 m,27 de junio de 1984,Defensor,20,2014
Jose Huezo,El Salvador,,6 de junio de 1956,Mediocampista,10,1982
Jose Iribar,España,,1 de marzo de 1943,Arquero,1,1966
José Izquierdo,Colombia,1.71 m,7 de julio de 1992,Delantero,21,2018
Jose Jaikel,Costa Rica,,3 de abril de 1966,Delantero,16,1990
Jose Jovel,El Salvador,,26 de mayo de 1951,Defensor,3,1982
José Juan Vázquez,México,1.66 m,14 de marzo de 1988,Mediocampista,23,2014
Jose Juncosa,España,,2 de febrero de 1922,Delantero,-,1950
Jose Lamadrid,México,,3 de julio de 1930,Delantero,9,1954
Jose Leon Miracca,Paraguay,,23 de septiembre de 1903,Defensor,-,1930
Jose Luis Caminero,España,,8 de noviembre de 1967,Mediocampista,15,1994
Jose Luis Chilavert,Paraguay,1.94 m,27 de julio de 1965,Arquero,1,"1998, 2002"
José Luis Rodríguez,Panamá,,19 de junio de 1998,Mediocampista,21,2018
José Luis Rodríguez,Uruguay,1.83 m,14 de marzo de 1997,Defensor,26,2022
Jose Magrina,Cuba,,20 de marzo de 1912,Delantero,-,1938
Jose Manuel Ramos Delgado,Argentina,,26 de agosto de 1935,Defensor,"17, 2","1958, 1962"
Jose Maria Bakero,España,,11 de febrero de 1963,Mediocampista,"16, 10","1990, 1994"
Jose Maria Fuste,España,,15 de abril de 1941,Delantero,19,1966
José María Giménez,Uruguay,1.85 m,20 de enero de 1995,Defensor,"13, 2","2014, 2018, 2022"
Jose Maria Lavalle,Perú,,5 de junio de 1911,Delantero,-,1930
Jose Molina,España,,8 de agosto de 1970,Arquero,22,1998
Jose Montiel,Paraguay,1.75 m,19 de marzo de 1988,Mediocampista,17,2006
Jose Muguerza,España,,15 de septiembre de 1911,Mediocampista,-,1934
Jose Munguia,El Salvador,,28 de octubre de 1959,Arquero,20,1982
Jose Naranjo,México,,19 de marzo de 1926,Delantero,8,"1950, 1954"
Jose Nasazzi,Uruguay,,24 de mayo de 1901,Defensor,-,1930
Jose Navarro,México,,,Delantero,-,1950
Jose Navarro,Perú,,24 de septiembre de 1948,Defensor,14,1978
Jose Nazar,Honduras,,7 de septiembre de 1953,Arquero,1,1982
Jose Nehin,Argentina,,1 de enero de 1911,Mediocampista,-,1934
Jose Noya,Bolivia,,,Delantero,-,1930
Jose Ochotorena,España,,16 de enero de 1961,Arquero,22,1990
Jose Panizo,España,,6 de febrero de 1922,Delantero,-,1950
Jose Parodi,Paraguay,,30 de agosto de 1932,Delantero,8,1958
Jose Parra,España,,28 de agosto de 1925,Defensor,-,1950
Jose Pastoriza,Argentina,,23 de mayo de 1942,Mediocampista,11,1966
Jose Pazo,Colombia,,4 de abril de 1964,Arquero,22,1994
Jose Perdomo,Uruguay,,5 de enero de 1965,Mediocampista,5,1990
Jose Pereira,Portugal,,15 de septiembre de 1931,Arquero,3,1966
Jose Perez,Colombia,,24 de octubre de 1963,Mediocampista,6,1990
Jose Perlaza,Ecuador,1.93 m,6 de octubre de 1981,Defensor,5,2006
Jose Pintos,Uruguay,,25 de marzo de 1964,Defensor,14,1990
Jose Porras,Costa Rica,1.84 m,8 de noviembre de 1970,Arquero,18,2006
Jose Quintanilla,El Salvador,,29 de octubre de 1947,Mediocampista,6,1970
Jose Raul Aveiro,Paraguay,,18 de julio de 1936,Delantero,20,1958
Jose Reyes,México,,12 de octubre de 1955,Arquero,1,1978
Jose Rivas,El Salvador,,12 de mayo de 1958,Delantero,13,1982
Jose Roca,México,,24 de mayo de 1928,Defensor,"20, 16","1950, 1954, 1958"
Jose Rodriguez,Cuba,,,Mediocampista,-,1938
José Rojas,Chile,1.76 m,23 de junio de 1983,Defensor,13,2014
Jose Rugamas,El Salvador,,5 de junio de 1953,Mediocampista,8,1982
Jose Ruiz,México,,1 de enero de 1904,Delantero,-,1930
José Sá,Portugal,1.92 m,17 de enero de 1993,Arquero,12,2022
Jose Salazar,Uruguay,,26 de octubre de 1963,Mediocampista,17,1986
Jose Salgado,México,,3 de abril de 1966,Defensor,18,1994
Jose Sanchez,España,,8 de octubre de 1956,Mediocampista,16,1982
Jose Sanfilippo,Argentina,,4 de mayo de 1935,Delantero,"21, 10","1958, 1962"
Jose Santa,Colombia,,12 de septiembre de 1970,Defensor,4,1998
Jose Santamaria,Uruguay,,31 de julio de 1929,Defensor,"2, 19","1954, 1962"
Jose Sasia,Uruguay,,27 de diciembre de 1933,Delantero,9,"1962, 1966"
Jose Serrizuela,Argentina,,10 de junio de 1962,Defensor,18,1990
Jose Sierra,Chile,,5 de diciembre de 1968,Mediocampista,10,1998
Jose Torres,Portugal,,8 de septiembre de 1938,Delantero,18,1966
Jose Ufarte,España,,17 de mayo de 1941,Delantero,7,1966
Jose Urruzmendi,Uruguay,,25 de agosto de 1944,Delantero,8,1966
Jose Valencia,Argentina,,3 de octubre de 1955,"Delantero, Mediocampista",21,"1978, 1982"
Jose Van Tuyne,Argentina,,13 de diciembre de 1954,Defensor,22,1982
Jose Vantolra,México,,30 de marzo de 1943,Defensor,13,1970
Jose Varacka,Argentina,,27 de mayo de 1932,Mediocampista,"6, 5","1958, 1966"
Jose Velasquez,Perú,,4 de junio de 1952,Mediocampista,6,"1978, 1982"
Jose Villegas,México,,20 de junio de 1934,Defensor,4,"1958, 1962"
Joseba Etxeberria,España,1.77 m,5 de septiembre de 1977,Delantero,17,1998
Josef Bican,Austria,,25 de septiembre de 1913,Delantero,-,1934
Josef Bomba,Checoslovaquia,,30 de marzo de 1939,Defensor,21,1962
Josef Ctyroky,Checoslovaquia,,30 de septiembre de 1906,Defensor,-,1934
Josef Degeorgi,Austria,,19 de enero de 1960,Defensor,4,1982
Josef Gauchel,Alemania,,11 de septiembre de 1916,Delantero,-,1938
Josef Hassmann,Austria,,21 de mayo de 1910,Delantero,-,1934
Josef Hickersberger,Austria,,27 de abril de 1948,Mediocampista,7,1978
Josef Jelinek,Checoslovaquia,,9 de enero de 1942,Delantero,11,1962
Josef Kadraba,Checoslovaquia,,29 de septiembre de 1933,Delantero,18,1962
Josef Kostalek,Checoslovaquia,,31 de agosto de 1909,Mediocampista,-,"1934, 1938"
Josef Ludl,Checoslovaquia,,3 de junio de 1916,Delantero,-,1938
Josef Majer,Checoslovaquia,,8 de junio de 1925,Delantero,18,1954
Josef Masopust,Checoslovaquia,,9 de febrero de 1931,Mediocampista,"5, 6","1958, 1962"
Josef Orth,Checoslovaquia,,,Defensor,-,1938
Josef Silny,Checoslovaquia,,23 de enero de 1902,Delantero,-,1934
Josef Smistik,Austria,,28 de noviembre de 1905,Mediocampista,-,1934
Josef Stibranyi,Checoslovaquia,,11 de abril de 1940,Mediocampista,7,1962
Josef Streb,Alemania,,16 de abril de 1912,Mediocampista,-,1934
Josef Stroh,Austria,,5 de marzo de 1913,Delantero,-,"1934, 1938"
Josef Zeman,Checoslovaquia,,23 de enero de 1915,Delantero,-,1938
Joseph Aidoo,Ghana,1.84 m,29 de septiembre de 1995,Defensor,15,2022
Joseph Alcazar,Francia,,15 de junio de 1911,Delantero,-,1934
Joseph-Antoine Bell,Camerún,,8 de octubre de 1954,Arquero,"12, 1","1982, 1990, 1994"
Joseph Bonnel,Francia,,4 de enero de 1939,Mediocampista,4,1966
Joseph-Desire Job,Camerún,1.80 m,1 de diciembre de 1977,Delantero,21,"1998, 2002"
Joseph Elanga,Camerún,,2 de mayo de 1979,Mediocampista,2,1998
Joseph Enanga,Camerún,,18 de noviembre de 1956,Mediocampista,19,1982
Joseph Gonzalez,Francia,,19 de febrero de 1907,Defensor,-,1934
Joseph Kamga,Camerún,,17 de agosto de 1953,Mediocampista,17,1982
Joseph-Marion Leandre,Haití,,9 de mayo de 1945,Defensor,17,1974
Joseph Mermans,Bélgica,,16 de febrero de 1922,Delantero,11,1954
Joseph Ndo,Camerún,1.79 m,28 de abril de 1976,"Delantero, Mediocampista","15, 7","1998, 2002"
Joseph Nelis,Bélgica,,1 de abril de 1917,Delantero,-,1938
Joseph Vliers,Bélgica,,18 de diciembre de 1932,Delantero,7,1954
Joseph Yobo,Nigeria,1.85 m,6 de septiembre de 1980,"Defensor, Mediocampista",2,"2002, 2010, 2014"
Josh Risdon,Australia,1.76 m,27 de julio de 1992,Defensor,19,2018
Josh Sargent,Estados Unidos,1.85 m,20 de febrero de 2000,Delantero,24,2022
Josh Wolff,Estados Unidos,1.75 m,25 de febrero de 1977,Delantero,"15, 16","2002, 2006"
Joshua Kennedy,Australia,1.92 m,20 de agosto de 1982,Delantero,"19, 9","2006, 2010"
Joshua Kimmich,Alemania,1.77 m,8 de febrero de 1995,Defensor,"18, 6","2018, 2022"
Josif Moravetz,Rumania,,14 de enero de 1911,Mediocampista,-,1934
Josimar,Brasil,,19 de septiembre de 1961,Defensor,13,1986
Josip Drmic,Suiza,1.84 m,8 de agosto de 1992,Delantero,19,"2014, 2018"
Josip Juranovic,Croacia,1.73 m,16 de agosto de 1995,Defensor,22,2022
Josip Katalinski,Yugoslavia,,12 de mayo de 1948,Defensor,5,1974
Josip Pivarić,Croacia,1.76 m,29 de enero de 1989,Defensor,22,2018
Josip Simunic,Croacia,1.95 m,18 de febrero de 1978,Defensor,3,"2002, 2006"
Josip Skoblar,Yugoslavia,,12 de marzo de 1941,Delantero,11,1962
Josip Skoko,Australia,1.77 m,10 de diciembre de 1975,Mediocampista,8,2006
Josip Stanisic,Croacia,1.86 m,2 de abril de 2000,Defensor,2,2022
Josip Sutalo,Croacia,1.90 m,28 de febrero de 2000,Defensor,24,2022
Josip Weber,Bélgica,,16 de noviembre de 1964,Delantero,17,1994
Josko Gvardiol,Croacia,1.85 m,23 de enero de 2002,Defensor,20,2022
Jostein Flo,Noruega,,3 de octubre de 1964,Delantero,"6, 16","1994, 1998"
Josue,Brasil,1.69 m,19 de julio de 1979,Mediocampista,17,2010
Joszef Nagy,Rumania,,,Delantero,-,1938
Jovan Acimovic,Yugoslavia,,21 de junio de 1948,Mediocampista,10,1974
Jozef Adamec,Checoslovaquia,,26 de febrero de 1942,Delantero,10,"1962, 1970"
Jozef Barmos,Checoslovaquia,,28 de agosto de 1954,Defensor,5,1982
Jozef Capkovic,Checoslovaquia,,11 de enero de 1948,Delantero,21,1970
Jozef Chovanec,Checoslovaquia,,7 de marzo de 1960,Mediocampista,8,1990
Jozef Jurkanin,Checoslovaquia,,5 de marzo de 1949,Delantero,19,1970
Jozef Korbas,Polonia,,11 de noviembre de 1914,Delantero,-,1938
Jozef Kukucka,Checoslovaquia,,13 de marzo de 1957,Defensor,15,1982
Jozef Mlynarczyk,Polonia,,20 de septiembre de 1953,Arquero,1,"1982, 1986"
Jozef Wandzik,Polonia,,13 de agosto de 1963,Arquero,19,1986
Jozsef Andrusch,Hungría,,31 de marzo de 1956,Arquero,22,1986
Jozsef Bencsis,Hungría,,6 de agosto de 1933,Delantero,20,1958
Jozsef Bozsik,Hungría,,28 de noviembre de 1925,Mediocampista,5,"1954, 1958"
Jozsef Csuhay,Hungría,,12 de julio de 1957,Defensor,"20, 12","1982, 1986"
Jozsef Gelei,Hungría,,29 de junio de 1938,Arquero,21,1966
Jozsef Hada,Hungría,,2 de marzo de 1911,Arquero,-,"1934, 1938"
Jozsef Kardos,Hungría,,22 de marzo de 1960,Defensor,5,1986
Jozsef Kiprich,Hungría,,6 de septiembre de 1963,Delantero,7,1986
Jozsef Nagy,Hungría,,21 de octubre de 1960,Mediocampista,16,1986
Jozsef Palinkas,Hungría,,1 de enero de 1912,Arquero,-,1938
Jozsef Szendrei,Hungría,,25 de abril de 1954,Arquero,18,1986
Jozsef Toth,Hungría,,16 de mayo de 1929,Delantero,7,1954
Jozsef Toth,Hungría,,2 de diciembre de 1951,Defensor,4,"1978, 1982"
Jozsef Turay,Hungría,,1 de marzo de 1905,Mediocampista,-,1938
Jozsef Vago,Hungría,,1 de enero de 1906,Defensor,-,1934
Jozsef Varga,Hungría,,9 de octubre de 1954,Defensor,"19, 4","1982, 1986"
Jozsef Zakarias,Hungría,,25 de marzo de 1924,Mediocampista,6,1954
Jozy Altidore,Estados Unidos,1.85 m,6 de noviembre de 1989,Delantero,17,"2010, 2014"
Juan,Brasil,1.82 m,1 de febrero de 1979,Defensor,4,"2006, 2010"
Juan Acuña,España,,14 de febrero de 1923,Arquero,-,1950
Juan Aguero,Paraguay,,24 de junio de 1935,Delantero,7,1958
Juan Aguilera,Chile,,,Delantero,-,1930
Juan Alfonso Valle,Perú,,1 de enero de 1905,Mediocampista,-,1930
Juan Alonso,Cuba,,1 de enero de 1911,Delantero,-,1938
Juan Anselmo,Uruguay,,30 de abril de 1902,Delantero,-,1930
Juan Antonio Senor,España,,26 de agosto de 1958,Mediocampista,7,1986
Juan Ayra,Cuba,,1 de enero de 1911,Arquero,-,1938
Juan Barbas,Argentina,,23 de agosto de 1959,Mediocampista,3,1982
Juan Botasso,Argentina,,23 de octubre de 1908,Arquero,-,1930
Juan Burgueno,Uruguay,,1 de enero de 1923,Delantero,-,1950
Juan Caceres,Perú,,27 de diciembre de 1949,Arquero,13,1978
Juan Carlos Ablanedo,España,,2 de septiembre de 1963,Arquero,"22, 13","1986, 1990"
Juan Carlos Burbano,Ecuador,1.74 m,15 de febrero de 1969,Mediocampista,14,2002
Juan Carlos Calvo,Uruguay,,26 de junio de 1906,Delantero,-,1930
Juan Carlos Franco,Paraguay,1.79 m,17 de abril de 1973,Defensor,17,2002
Juan Carlos García,Honduras,1.88 m,8 de marzo de 1988,Defensor,6,2014
Juan Carlos Gonzalez,Uruguay,,22 de agosto de 1924,Mediocampista,-,1950
Juan Carlos Oblitas,Perú,,16 de febrero de 1951,Delantero,11,"1978, 1982"
Juan Carlos Paredes,Ecuador,1.74 m,8 de junio de 1987,Defensor,4,2014
Juan Carlos Valeron,España,1.80 m,17 de junio de 1975,Mediocampista,17,2002
Juan Carreno,México,,14 de agosto de 1907,Delantero,-,1930
Juan Castillo,Uruguay,1.81 m,17 de abril de 1978,Arquero,12,2010
Juan Cayasso,Costa Rica,,24 de junio de 1961,Delantero,14,1990
Juan Chavez,México,,18 de enero de 1967,Mediocampista,13,1994
Juan Cruz,Honduras,,27 de febrero de 1959,Mediocampista,14,1982
Juan Evaristo,Argentina,,20 de junio de 1902,Mediocampista,-,1930
Juan Foyth,Argentina,1.88 m,12 de enero de 1998,Defensor,2,2022
Juan Gomez,México,,26 de junio de 1924,Defensor,14,1954
Juan Gualberto Fernandez,El Salvador,,12 de julio de 1941,Arquero,20,1970
Juan Guerra,Bolivia,,,Delantero,-,1950
Juan Guillermo Cuadrado,Colombia,1.76 m,26 de mayo de 1988,Mediocampista,11,"2014, 2018"
Juan Hohberg,Uruguay,1.78 m,19 de junio de 1926,Delantero,8,1954
Juan Ignacio Basaguren,México,,21 de julio de 1944,Delantero,20,1970
Juan Jose Rodriguez,Costa Rica,1.78 m,23 de junio de 1967,Defensor,14,2002
Juan Leon Canete,Paraguay,,,Delantero,-,1950
Juan Letelier,Chile,,20 de mayo de 1959,Delantero,9,1982
Juan Lezcano,Paraguay,,5 de abril de 1937,Defensor,3,1958
Juan Machuca,Chile,,7 de marzo de 1951,Defensor,12,1974
Juan Manuel Alejandrez,México,,15 de noviembre de 1943,Defensor,2,1970
Juan Manuel Asensi,España,,23 de septiembre de 1949,Mediocampista,4,1978
Juan Mata,España,1.74 m,28 de abril de 1988,Delantero,13,"2010, 2014"
Juan Manuel Pena,Bolivia,,17 de enero de 1973,Defensor,2,1994
Juan Martinez,El Salvador,,20 de abril de 1948,Mediocampista,9,1970
Juan Masnik,Uruguay,,2 de marzo de 1943,Defensor,3,1974
Juan Mujica,Uruguay,,22 de diciembre de 1944,Defensor,6,1970
Juan Munante,Perú,,12 de julio de 1948,Delantero,7,1978
Juan Nogues,España,,28 de marzo de 1909,Arquero,-,1934
Juan Oleniak,Argentina,,6 de marzo de 1942,Delantero,20,1962
Juan Olivares,Chile,,20 de febrero de 1941,Arquero,"13, 21","1966, 1974"
Juan Pablo Montes,Honduras,1.91 m,26 de octubre de 1985,Defensor,4,2014
Juan Pablo Vargas,Costa Rica,1.92 m,6 de junio de 1995,Defensor,3,2022
Juan Pedevilla,Argentina,,6 de junio de 1909,Defensor,-,1934
Juan Quintero,Colombia,1.69 m,18 de enero de 1993,Mediocampista,20,"2014, 2018"
Juan Ramirez,México,,8 de marzo de 1969,Defensor,3,1994
Juan Rodriguez,Chile,,16 de enero de 1944,Defensor,6,1974
Juan Román Riquelme,Argentina,1.82 m,24 de junio de 1978,Mediocampista,10,2006
Juan Sarnari,Argentina,,22 de enero de 1942,Mediocampista,17,1966
Juan Schiaffino,Uruguay,,28 de julio de 1925,Delantero,10,"1950, 1954"
Juan Silva,Uruguay,,30 de agosto de 1948,Delantero,20,1974
Juan Simon,Argentina,,2 de marzo de 1960,Defensor,20,1990
Juan Sorin,Argentina,1.73 m,5 de mayo de 1976,"Defensor, Mediocampista",3,"2002, 2006"
Juan Torales,Paraguay,,9 de marzo de 1956,Defensor,2,1986
Juan Tunas,Cuba,,1 de enero de 1913,Delantero,-,1938
Juan Valdivieso,Perú,,6 de mayo de 1910,Arquero,-,1930
Juan Veron,Argentina,1.86 m,9 de marzo de 1975,Mediocampista,"11, 8","1998, 2002, 2010"
Juan Zuñiga,Colombia,1.72 m,14 de diciembre de 1985,Defensor,18,2014
Juanele,España,,10 de abril de 1971,Delantero,14,1994
Juanfran,España,1.80 m,9 de enero de 1985,Defensor,5,2014
Juanfran,España,1.83 m,15 de julio de 1976,Defensor,3,2002
Juanito,España,1.79 m,23 de julio de 1976,Defensor,20,2006
Juanito,España,,10 de noviembre de 1954,Delantero,"8, 7","1978, 1982"
Jude Bellingham,Inglaterra,1.86 m,29 de junio de 2003,Mediocampista,22,2022
Juerg Studer,Suiza,,8 de septiembre de 1966,Defensor,19,1994
Juergen Croy,Alemania Oriental,,19 de octubre de 1946,Arquero,1,1974
Juergen Grabowski,Alemania Occidental,,7 de julio de 1944,Delantero,"20, 9","1966, 1970, 1974"
Juergen Klinsmann,Alemania Occidental,,30 de julio de 1964,Delantero,18,"1990, 1994, 1998"
Juergen Kohler,Alemania Occidental,,6 de octubre de 1965,Defensor,4,"1990, 1994, 1998"
Juergen Kurbjuhn,Alemania Occidental,,26 de julio de 1940,Defensor,13,1962
Juergen Pommerenke,Alemania Oriental,,22 de enero de 1953,Mediocampista,7,1974
Juergen Sommer,Estados Unidos,,27 de febrero de 1969,Arquero,"12, 16","1994, 1998"
Juergen Sparwasser,Alemania Oriental,,4 de junio de 1948,Mediocampista,14,1974
Juergen Werner,Alemania Occidental,,15 de agosto de 1935,Defensor,14,1962
Julen Guerrero,España,,7 de enero de 1974,Mediocampista,8,"1994, 1998"
Julen Lopetegui,España,,28 de agosto de 1966,Arquero,22,1994
Jules Denis Onana,Camerún,,12 de junio de 1964,Defensor,3,1990
Jules Koundé,Francia,1.78 m,12 de noviembre de 1998,Defensor,5,2022
Jules Pappaert,Bélgica,,5 de noviembre de 1905,Defensor,-,1934
Jules Vandooren,Francia,,30 de diciembre de 1908,Defensor,-,"1934, 1938"
Julian Alvarez,Argentina,1.70 m,31 de enero de 2000,Delantero,9,2022
Julian Brandt,Alemania,1.83 m,2 de mayo de 1996,Mediocampista,"20, 17","2018, 2022"
Julian Coronel,Paraguay,,23 de octubre de 1958,Arquero,22,1986
Julian Draxler,Alemania,1.85 m,20 de septiembre de 1993,Mediocampista,"14, 7","2014, 2018"
Julian Green,Estados Unidos,1.72 m,6 de junio de 1995,Mediocampista,16,2014
Julien Darui,Francia,,16 de febrero de 1916,Arquero,-,1938
Julinho,Brasil,,29 de julio de 1929,Delantero,7,1954
Julio Abbadie,Uruguay,,7 de septiembre de 1930,Delantero,7,1954
Julio Alberto,España,,7 de octubre de 1958,Defensor,11,1986
Julio Baldivieso,Bolivia,,2 de diciembre de 1971,Mediocampista,22,1994
Julio Baptista,Brasil,1.85 m,1 de octubre de 1981,Mediocampista,19,2010
Julio Baylon,Perú,,10 de diciembre de 1947,Mediocampista,8,1970
Julio Cardenosa,España,,27 de octubre de 1949,Mediocampista,11,1978
Julio Cesar,Brasil,,8 de marzo de 1963,Defensor,14,1986
Julio Cesar,Brasil,1.86 m,3 de septiembre de 1979,Arquero,"22, 1, 12","2006, 2010, 2014"
Julio Cesar Arzu,Honduras,,5 de junio de 1954,Arquero,21,1982
Julio Cesar Britos,Uruguay,,18 de mayo de 1926,Delantero,-,1950
Julio Cesar Caceres,Paraguay,1.81 m,5 de octubre de 1979,Defensor,"18, 5","2002, 2006, 2010"
Jerry Palacios,Honduras,1.81 m,1 de noviembre de 1981,Delantero,"10, 9","2010, 2014"
Julio Cesar Enciso,Paraguay,1.74 m,5 de agosto de 1974,Mediocampista,16,1998
Julio Cesar Jimenez,Uruguay,,27 de agosto de 1954,Mediocampista,17,1974
Julio Cesar Romero,Paraguay,,28 de agosto de 1960,Mediocampista,8,1986
Julio Cesar Uribe,Perú,,9 de mayo de 1958,Mediocampista,9,1982
Julio Cesar Yegros,Paraguay,,31 de enero de 1971,Delantero,7,1998
Julio Cortes,Uruguay,,29 de marzo de 1941,Mediocampista,"8, 7, 20","1962, 1966, 1970"
Julio Cruz,Argentina,1.90 m,10 de octubre de 1974,Delantero,20,2006
Julio Dos Santos,Paraguay,1.90 m,7 de mayo de 1983,Mediocampista,19,2006
Julio Hernandez,El Salvador,,31 de enero de 1958,Arquero,19,1982
Julio Lores,Perú,,15 de septiembre de 1908,Delantero,-,1930
Julio Losada,Uruguay,,16 de junio de 1950,Delantero,21,1970
Julio Maceiras,Uruguay,,22 de abril de 1926,Arquero,12,1954
Julio Manzur,Paraguay,1.85 m,22 de enero de 1981,Defensor,15,2006
Julio Montero Castillo,Uruguay,,25 de abril de 1944,"Defensor, Mediocampista",5,"1970, 1974"
Julio Morales,Uruguay,,16 de febrero de 1945,Delantero,11,1970
Julio Mussimesi,Argentina,,9 de julio de 1923,Arquero,12,1958
Julio Olarticoechea,Argentina,,18 de octubre de 1958,"Defensor, Mediocampista","13, 16","1982, 1986, 1990"
Julio Perez,Uruguay,,19 de junio de 1926,Delantero,21,"1950, 1954"
Julio Quintana,Perú,,1 de enero de 1904,Mediocampista,-,1930
Julio Salinas,España,1.88 m,11 de septiembre de 1962,Delantero,19,"1986, 1990, 1994"
Julius Aghahowa,Nigeria,1.78 m,12 de febrero de 1982,Delantero,17,2002
Julius Bielik,Checoslovaquia,,8 de marzo de 1962,Defensor,2,1990
Julius Hjulian,Estados Unidos,,15 de marzo de 1903,Arquero,-,1934
Jun-ho Son,Corea del Sur,1.78 m,12 de mayo de 1992,Mediocampista,13,2022
Jun Il Ri,Corea del Norte,1.78 m,24 de agosto de 1987,Defensor,3,2010
Jung Bae Park,Corea del Sur,,19 de febrero de 1967,Defensor,5,1994
Jung Hwan Ahn,Corea del Sur,1.77 m,27 de enero de 1976,"Delantero, Mediocampista","19, 9","2002, 2006, 2010"
Jung Moo Huh,Corea del Sur,,13 de enero de 1955,Mediocampista,17,1986
Jung Soo Lee,Corea del Sur,1.85 m,8 de enero de 1980,Defensor,14,2010
Jung Won Seo,Corea del Sur,1.72 m,17 de diciembre de 1970,Delantero,11,"1994, 1998"
Jung Woo Kim,Corea del Sur,1.83 m,9 de mayo de 1982,Mediocampista,8,2010
Jung Yoon Noh,Corea del Sur,1.72 m,28 de marzo de 1971,Mediocampista,8,"1994, 1998"
Junichi Inamoto,Japón,1.81 m,18 de septiembre de 1979,Mediocampista,"5, 17, 20","2002, 2006, 2010"
Juninho,Brasil,,29 de agosto de 1958,Defensor,14,1982
Juninho Paulista,Brasil,1.65 m,22 de febrero de 1973,Mediocampista,19,2002
Juninho Pernambucano,Brasil,1.78 m,30 de enero de 1975,Mediocampista,19,2006
Junior,Brasil,,29 de junio de 1954,Defensor,6,"1982, 1986"
Junior,Brasil,1.73 m,20 de junio de 1973,Defensor,16,2002
Junior Baiano,Brasil,,14 de marzo de 1970,Defensor,4,1998
Júnior Díaz,Costa Rica,1.85 m,12 de septiembre de 1983,Defensor,15,2014
Junior Hoilett,Canadá,1.74 m,5 de junio de 1990,Delantero,10,2022
Junya Ito,Japón,1.76 m,9 de marzo de 1993,Mediocampista,14,2022
Junzhe Zhao,China,1.80 m,18 de abril de 1979,Mediocampista,15,2002
Jupp Heynckes,Alemania Occidental,,9 de mayo de 1945,Delantero,11,1974
Jupp Kappellmann,Alemania Occidental,,19 de diciembre de 1949,Mediocampista,19,1974
Jupp Posipal,Alemania Occidental,,20 de junio de 1927,Defensor,7,1954
Juraj Kucka,Eslovaquia,1.86 m,26 de febrero de 1987,Mediocampista,19,2010
Jurandir,Brasil,,12 de noviembre de 1940,Defensor,14,1962
Juri Lodygin,Rusia,1.87 m,26 de mayo de 1990,Arquero,12,2014
Jurica Jerkovic,Yugoslavia,,25 de febrero de 1950,Mediocampista,"12, 17","1974, 1982"
Jurica Vranjes,Croacia,1.84 m,31 de enero de 1980,Mediocampista,"16, 6","2002, 2006"
Jurrïen Timber,Paises Bajos,1.79 m,17 de junio de 2001,Defensor,2,2022
Just Fontaine,Francia,,18 de agosto de 1933,Delantero,17,1958
Justice Christopher,Nigeria,1.78 m,24 de diciembre de 1981,Mediocampista,15,2002
Justin Bijlow,Paises Bajos,1.88 m,22 de enero de 1998,Arquero,13,2022
Justo Villar,Paraguay,1.80 m,30 de junio de 1977,Arquero,"12, 1","2002, 2006, 2010"
Juvenal,Brasil,,27 de noviembre de 1923,Defensor,-,1950
Juwon Oshaniwa,Nigeria,1.84 m,14 de septiembre de 1990,Defensor,13,2014
Kabasu Babo,Zaire,,4 de marzo de 1950,Defensor,11,1974
Kacmaz Akgun,Turquía,,,Defensor,18,1954
Kader Keita,Costa de Marfil,1.84 m,6 de agosto de 1981,"Delantero, Mediocampista",18,"2006, 2010"
Kafula Ngoye,Zaire,,11 de noviembre de 1945,Mediocampista,17,1974
Kagisho Dikgacoi,Sudáfrica,1.80 m,24 de noviembre de 1984,Mediocampista,13,2010
Kai Havertz,Alemania,1.90 m,11 de junio de 1999,Mediocampista,7,2022
Kais Ghodhbane,Túnez,1.83 m,7 de enero de 1976,Mediocampista,10,"1998, 2002, 2006"
Kaká,Brasil,1.86 m,22 de abril de 1982,"Mediocampista, Delantero","23, 8, 10","2002, 2006, 2010"
Kakhi Asatiani,URSS,,1 de enero de 1947,Mediocampista,11,1970
Kakoko Etepe,Zaire,,22 de noviembre de 1950,Delantero,21,1974
Kalambay Otepa,Zaire,,12 de noviembre de 1948,Arquero,22,1974
Kali,Angola,1.87 m,11 de octubre de 1978,Defensor,5,2006
Kalidou Cissokho,Senegal,1.71 m,14 de diciembre de 1972,Arquero,22,2002
Kalidou Koulibaly,Senegal,1.95 m,20 de junio de 1991,Defensor,3,"2018, 2022"
Kalle Svensson,Suecia,,11 de noviembre de 1925,Arquero,1,"1950, 1958"
Kalman Ihasz,Hungría,,6 de diciembre de 1941,Defensor,"13, 18","1962, 1966"
Kalman Kovacs,Hungría,,11 de septiembre de 1965,Delantero,20,1986
Kalman Meszoly,Hungría,,16 de julio de 1941,Defensor,"3, 5","1962, 1966"
Kalman Sovari,Hungría,,21 de diciembre de 1940,Defensor,"12, 4","1962, 1966"
Kalu Uche,Nigeria,1.71 m,15 de noviembre de 1982,Mediocampista,12,2010
Kalvin Phillips,Inglaterra,1.78 m,2 de diciembre de 1995,Mediocampista,14,2022
Kamal Miller,Canadá,1.83 m,16 de mayo de 1997,Defensor,4,2022
Kamal Sowah,Ghana,1.79 m,9 de enero de 2000,Delantero,24,2022
Kamaldeen Sulemana,Ghana,1.74 m,15 de febrero de 2002,Delantero,22,2022
Kamel Chebali,Túnez,,9 de marzo de 1954,Defensor,18,1978
Kamel Mansour,Egipto,,2 de agosto de 1914,Delantero,-,1934
Kamel Masoud,Egipto,,2 de agosto de 1914,Arquero,-,1934
Kamil Glik,Polonia,1.90 m,3 de febrero de 1988,Defensor,15,"2018, 2022"
Kamil Grabara,Polonia,1.95 m,8 de enero de 1999,Arquero,22,2022
Kamil Grosicki,Polonia,1.80 m,8 de junio de 1988,Mediocampista,11,"2018, 2022"
Kamil Kopunek,Eslovaquia,1.80 m,18 de mayo de 1984,Mediocampista,20,2010
Kamil Kosowski,Polonia,1.86 m,30 de agosto de 1977,Mediocampista,5,2006
Kang Hee Choi,Corea del Sur,,12 de abril de 1959,Defensor,3,1990
Kang-in Lee,Corea del Sur,1.73 m,19 de febrero de 2001,Mediocampista,18,2022
Kanga Akale,Costa de Marfil,1.78 m,7 de marzo de 1981,Mediocampista,2,2006
Kaoru Mitoma,Japón,1.78 m,20 de mayo de 1997,Mediocampista,9,2022
Kara Mbodji,Senegal,1.92 m,11 de noviembre de 1989,Defensor,4,2018
Karel Burkert,Checoslovaquia,,1 de diciembre de 1909,Arquero,-,1938
Karel Kolsky,Checoslovaquia,,21 de septiembre de 1914,Mediocampista,-,1938
Karel Ooms,Paises Bajos,,,Delantero,-,1938
Karel Poborsky,República Checa,1.75 m,30 de marzo de 1972,Mediocampista,8,2006
Karel Senecky,Checoslovaquia,,17 de marzo de 1919,Delantero,-,1938
Karel Stromsik,Checoslovaquia,,12 de abril de 1958,Arquero,22,1982
Kári Árnason,Islandia,1.91 m,13 de octubre de 1982,Defensor,14,2018
Karim Adeyemi,Alemania,1.80 m,18 de enero de 2002,Mediocampista,24,2022
Karim Ansarifard,Irán,1.86 m,3 de abril de 1990,Delantero,10,"2014, 2018, 2022"
Karim Bagheri,Irán,1.87 m,20 de febrero de 1974,Mediocampista,6,1998
Karim Benzema,Francia,1.85 m,19 de diciembre de 1987,Delantero,"10, 19","2014, 2022"
Karim Boudiaf,Catar,1.90 m,16 de septiembre de 1990,Mediocampista,12,2022
Karim El Ahmadi,Marruecos,1.85 m,27 de enero de 1985,Mediocampista,8,2018
Karim Essediri,Túnez,1.85 m,29 de julio de 1979,Delantero,2,2006
Karim Haggui,Túnez,1.88 m,20 de enero de 1984,Defensor,3,2006
Karim Maroc,Argelia,,5 de marzo de 1958,Mediocampista,"18, 8","1982, 1986"
Karim Matmour,Argelia,1.81 m,25 de junio de 1985,Mediocampista,13,2010
Karim Mohamed,Iraq,,1 de abril de 1960,Defensor,13,1986
Karim Saidi,Túnez,1.84 m,24 de marzo de 1983,Defensor,21,2006
Karim Ziani,Argelia,1.68 m,17 de agosto de 1982,Mediocampista,15,2010
Karl Allgoewer,Alemania Occidental,,5 de enero de 1957,Mediocampista,13,1986
Karl Erik Grahn,Suecia,,5 de noviembre de 1914,Mediocampista,-,1938
Karl-Erik Palmer,Suecia,,17 de abril de 1929,Delantero,-,1950
Karl Giesser,Austria,,29 de octubre de 1928,Mediocampista,14,1954
Karl-Heinz Foerster,Alemania Occidental,,25 de julio de 1958,Defensor,4,"1982, 1986"
Karl-Heinz Metzner,Alemania Occidental,,9 de enero de 1923,Mediocampista,11,1954
Karl-Heinz Rummenigge,Alemania Occidental,,25 de septiembre de 1955,Delantero,11,"1978, 1982, 1986"
Karl-Heinz Schnellinger,Alemania Occidental,,31 de marzo de 1939,Defensor,"17, 3","1958, 1962, 1966, 1970"
Karl Hohmann,Alemania,,18 de junio de 1908,Delantero,-,1934
Karl-Johan Johnsson,Suecia,1.87 m,28 de enero de 1990,Arquero,12,2018
Karl Johnsson,Suecia,,,Mediocampista,-,1934
Karl Koller,Austria,,9 de febrero de 1929,Mediocampista,6,"1954, 1958"
Karl Loken,Noruega,,14 de agosto de 1966,Defensor,15,1994
Karl Mai,Alemania Occidental,,27 de julio de 1928,Mediocampista,8,1954
Karl Odermatt,Suiza,,17 de diciembre de 1942,Mediocampista,15,1966
Karl Sesta,Austria,,18 de marzo de 1906,Defensor,-,1934
Karl Stotz,Austria,,27 de marzo de 1927,Mediocampista,"12, 16","1954, 1958"
Karl Svensson,Suecia,1.89 m,21 de marzo de 1984,Defensor,15,2006
Karl Toko-Ekambi,Camerún,1.83 m,14 de septiembre de 1992,Delantero,12,2022
Karl Zischek,Austria,,28 de agosto de 1910,Delantero,-,1934
Karlheinz Riedle,Alemania Occidental,,16 de septiembre de 1965,Delantero,"13, 9","1990, 1994"
Karol Dobias,Checoslovaquia,,18 de diciembre de 1947,Defensor,2,1970
Karol Jokl,Checoslovaquia,,29 de agosto de 1945,Delantero,11,1970
Karol Linetty,Polonia,1.76 m,2 de febrero de 1995,Mediocampista,8,2018
Karol Swiderski,Polonia,1.84 m,23 de enero de 1997,Delantero,16,2022
Karoly Csapo,Hungría,,23 de febrero de 1952,Mediocampista,"13, 17","1978, 1982"
Karoly Sandor,Hungría,,29 de noviembre de 1928,Delantero,"11, 7","1958, 1962"
Kasey Keller,Estados Unidos,1.88 m,29 de noviembre de 1969,Arquero,18,"1990, 1998, 2002, 2006"
Kasper Bogelund,Dinamarca,1.80 m,8 de octubre de 1980,Defensor,20,2002
Kasper Dolberg,Dinamarca,1.87 m,6 de octubre de 1997,Delantero,12,"2018, 2022"
Kasper Schmeichel,Dinamarca,1.90 m,5 de noviembre de 1986,Arquero,1,"2018, 2022"
Kassem Slimani,Marruecos,,1 de enero de 1948,Defensor,5,1970
Katlego Mphela,Sudáfrica,1.80 m,29 de noviembre de 1984,Delantero,9,2010
Kazadi Muamba,Zaire,,6 de marzo de 1947,Arquero,1,1974
Kazimierz Deyna,Polonia,,23 de octubre de 1947,Mediocampista,12,"1974, 1978"
Kazimierz Kmiecik,Polonia,,19 de septiembre de 1951,Delantero,21,1974
Kazimierz Lis,Polonia,,9 de abril de 1910,Mediocampista,-,1938
Kazimierz Przybys,Polonia,,11 de julio de 1960,Defensor,2,1986
Kazimir Gajdos,Checoslovaquia,,28 de marzo de 1934,Delantero,"20, 7","1954, 1958"
Kazimir Hnatow,Francia,,9 de enero de 1929,Mediocampista,9,1958
Kazuyuki Toda,Japón,1.78 m,30 de diciembre de 1977,Mediocampista,21,2002
Keanu Baccus,Australia,1.78 m,7 de junio de 1998,Mediocampista,26,2022
Kees Mijnders,Paises Bajos,,28 de septiembre de 1912,Delantero,-,1934
Keiji Tamada,Japón,1.73 m,11 de abril de 1980,Delantero,"20, 11","2006, 2010"
Keisuke Honda,Japón,1.82 m,13 de junio de 1986,Mediocampista,"18, 4","2010, 2014, 2018"
Keisuke Tsuboi,Japón,1.79 m,16 de septiembre de 1979,Defensor,19,2006
Keita Baldé,Senegal,1.84 m,8 de marzo de 1995,Delantero,20,2018
Keith Mckay,Nueva Zelanda,,8 de diciembre de 1956,Mediocampista,12,1982
Keith Newton,Inglaterra,,23 de junio de 1941,Defensor,2,1970
Kelechi Iheanacho,Nigeria,1.87 m,3 de octubre de 1996,Delantero,14,2018
Kellyn Acosta,Estados Unidos,1.77 m,24 de julio de 1995,Mediocampista,23,2022
Kelvin Jack,Trinidad y Tobago,1.93 m,29 de abril de 1976,Arquero,21,2006
Kembo Uba Kembo,Zaire,,27 de diciembre de 1947,Mediocampista,9,1974
Ken Armstrong,Inglaterra,,3 de junio de 1924,Mediocampista,19,1954
Ken Green,Inglaterra,,27 de abril de 1924,Defensor,13,1954
Ken Jones,Gales,,2 de enero de 1936,Arquero,12,1958
Ken Leek,Gales,,26 de julio de 1935,Delantero,17,1958
Kendall Waston,Costa Rica,1.96 m,1 de enero de 1988,Defensor,19,"2018, 2022"
Kengo Nakamura,Japón,1.75 m,31 de octubre de 1980,Mediocampista,14,2010
Kenner Gutiérrez,Costa Rica,1.79 m,9 de junio de 1989,Defensor,22,2018
Kennet Andersson,Suecia,,6 de octubre de 1967,Delantero,19,1994
Kenneth Omeruo,Nigeria,1.85 m,17 de octubre de 1993,Defensor,22,"2014, 2018"
Kenneth Taylor,Paises Bajos,1.82 m,16 de mayo de 2002,Mediocampista,24,2022
Kenny Burns,Escocia,,23 de septiembre de 1953,Defensor,22,1978
Kenny Cresswell,Nueva Zelanda,,4 de junio de 1958,Mediocampista,13,1982
Kenny Cunningham,Irlanda,1.83 m,28 de junio de 1971,Defensor,4,2002
Kenny Dalglish,Escocia,,4 de marzo de 1951,Delantero,8,"1974, 1978, 1982"
Kenny Sansom,Inglaterra,,26 de septiembre de 1958,Defensor,"17, 3","1982, 1986"
Kent Karlsson,Suecia,,25 de noviembre de 1945,Defensor,"3, 19","1974, 1978"
Kent Nielsen,Dinamarca,,28 de diciembre de 1961,Defensor,17,1986
Kenwyne Jones,Trinidad y Tobago,1.88 m,5 de octubre de 1984,Delantero,15,2006
Kepa Arrizabalaga,España,1.89 m,3 de octubre de 1994,Arquero,13,2018
Kerry Dixon,Inglaterra,,24 de julio de 1961,Delantero,21,1986
Keun Hak Lee,Corea del Norte,,7 de julio de 1940,Arquero,9,1966
Keun-Ho Lee,Corea del Sur,1.76 m,11 de abril de 1985,Delantero,11,2014
Kevin Álvarez,México,1.76 m,15 de enero de 1999,Defensor,26,2022
Kevin De Bruyne,Bélgica,1.81 m,28 de junio de 1991,Mediocampista,7,"2014, 2018, 2022"
Kevin Gallacher,Escocia,,23 de noviembre de 1966,Delantero,7,1998
Kevin Grosskreutz,Alemania,1.86 m,19 de julio de 1988,Defensor,2,2014
Kevin Keegan,Inglaterra,,14 de febrero de 1951,Delantero,7,1982
Kevin Kilbane,Irlanda,1.85 m,1 de febrero de 1977,Delantero,11,2002
Kevin Mirallas,Bélgica,1.82 m,5 de octubre de 1987,Delantero,11,2014
Kevin Moran,Irlanda,,29 de abril de 1956,Defensor,"5, 4","1990, 1994"
Kevin Prince Boateng,Ghana,1.82 m,6 de marzo de 1987,Delantero,"23, 9","2010, 2014"
Kevin Rodríguez,Ecuador,1.90 m,4 de marzo de 2000,Delantero,26,2022
Kevin Sheedy,Irlanda,,21 de octubre de 1959,Mediocampista,11,1990
Kevin Trapp,Alemania,1.89 m,8 de julio de 1990,Arquero,12,"2018, 2022"
Kew Jaliens,Paises Bajos,1.83 m,15 de septiembre de 1978,Defensor,2,2006
Keylor Navas,Costa Rica,1.85 m,15 de diciembre de 1986,Arquero,1,"2014, 2018, 2022"
Keysher Fuller,Costa Rica,1.83 m,12 de julio de 1994,Defensor,4,2022
Khadim N'Diaye,Senegal,1.85 m,30 de noviembre de 1984,Arquero,16,2018
Khaled Al Muwallid,Arabia Saudita,,23 de noviembre de 1971,Mediocampista,14,"1994, 1998"
Khaled Aziz,Arabia Saudita,1.72 m,14 de julio de 1981,Mediocampista,16,2006
Khaled Badra,Túnez,1.85 m,8 de abril de 1973,Defensor,"21, 2","1998, 2002"
Khaled Gasmi,Túnez,,8 de abril de 1953,Mediocampista,4,1978
Khaleel Ghanim,Emiratos Arabes,,12 de noviembre de 1964,Defensor,2,1990
Khalid Boulahrouz,Paises Bajos,1.84 m,28 de diciembre de 1981,Defensor,"3, 12","2006, 2010"
Khalid Boutaïb,Marruecos,1.90 m,24 de abril de 1987,Delantero,13,2018
Khalid Ismail,Emiratos Arabes,,7 de julio de 1965,Mediocampista,8,1990
Khalid Muneer,Catar,1.74 m,24 de febrero de 1998,Delantero,18,2022
Khalil Azmi,Marruecos,,23 de agosto de 1964,Arquero,1,1994
Khalil Mohamed,Iraq,,6 de septiembre de 1958,Defensor,3,1986
Khalilou Fadiga,Senegal,1.83 m,30 de diciembre de 1974,Mediocampista,10,2002
Khamis Al Dossari,Arabia Saudita,1.78 m,8 de septiembre de 1973,Mediocampista,16,"1998, 2002"
Khemais Labidi,Túnez,,30 de agosto de 1950,Mediocampista,12,1978
Khodadad Azizi,Irán,1.70 m,22 de junio de 1971,Delantero,11,1998
Khoren Oganesian,URSS,,10 de enero de 1955,Mediocampista,10,1982
Khosro Heydari,Irán,1.74 m,14 de septiembre de 1983,Mediocampista,2,2014
Ki Hun Yeom,Corea del Sur,1.82 m,30 de marzo de 1983,Mediocampista,19,2010
Ki Hyeon Seol,Corea del Sur,1.84 m,8 de enero de 1979,Delantero,"9, 11","2002, 2006"
Ki Joo Li,Corea del Sur,,12 de noviembre de 1926,Delantero,19,1954
Kibonge Mafu,Zaire,,12 de febrero de 1945,Mediocampista,15,1974
Kick Smit,Paises Bajos,,3 de noviembre de 1911,Delantero,-,"1934, 1938"
Kidumu Mantantu,Zaire,,17 de noviembre de 1946,Mediocampista,10,1974
Kieffer Moore,Gales,1.96 m,8 de agosto de 1992,Delantero,13,2022
Kieran Trippier,Inglaterra,1.78 m,19 de septiembre de 1990,Defensor,12,"2018, 2022"
Kieron Dyer,Inglaterra,1.70 m,29 de diciembre de 1978,Mediocampista,23,2002
Kiki Antenen,Suiza,1.74 m,3 de noviembre de 1929,Delantero,15,"1950, 1954, 1962"
Kiko,España,,26 de abril de 1972,Delantero,19,1998
Kilasu Massamba,Zaire,,22 de diciembre de 1950,Mediocampista,6,1974
Kim Kallstrom,Suecia,1.81 m,24 de agosto de 1982,Mediocampista,16,2006
Kingsley Coman,Francia,1.80 m,13 de junio de 1996,Delantero,20,2022
Kiril Dojcinovski,Yugoslavia,,17 de octubre de 1943,Defensor,15,1974
Kiril Ivkov,Bulgaria,,21 de junio de 1946,Defensor,19,1974
Kiril Milanov,Bulgaria,,17 de octubre de 1948,Delantero,14,1974
Kiril Rakarov,Bulgaria,,24 de mayo de 1932,Defensor,2,1962
Kisho Yano,Japón,1.85 m,5 de abril de 1984,Delantero,12,2010
Kjetil Rekdal,Noruega,,6 de noviembre de 1968,Mediocampista,10,"1994, 1998"
Klaas Jan Huntelaar,Paises Bajos,1.85 m,12 de agosto de 1983,Delantero,"21, 19","2010, 2014"
Klas Ingesson,Suecia,,20 de agosto de 1968,Mediocampista,"10, 8","1990, 1994"
Klaus Allofs,Alemania Occidental,,5 de diciembre de 1956,Delantero,19,1986
Klaus Augenthaler,Alemania Occidental,,26 de septiembre de 1957,Defensor,"15, 5","1986, 1990"
Klaus Berggreen,Dinamarca,,3 de febrero de 1958,Mediocampista,9,1986
Klaus-Dieter Sieloff,Alemania Occidental,,27 de febrero de 1942,Defensor,18,"1966, 1970"
Klaus Fichtel,Alemania Occidental,,19 de noviembre de 1944,Defensor,11,1970
Klaus Fischer,Alemania Occidental,,27 de diciembre de 1949,Delantero,"9, 8","1978, 1982"
Klaus Lindenberger,Austria,,28 de mayo de 1957,Arquero,"22, 1","1982, 1990"
Kleberson,Brasil,1.75 m,19 de junio de 1979,Mediocampista,"15, 20","2002, 2010"
Knut Brynildsen,Noruega,,23 de julio de 1917,Delantero,-,1938
Knut Hansson,Suecia,,9 de mayo de 1911,Delantero,-,1938
Knut Kroon,Suecia,,19 de junio de 1906,Delantero,-,1934
Knut Nordahl,Suecia,,13 de enero de 1920,Mediocampista,-,1950
Ko Itakura,Japón,1.86 m,27 de enero de 1997,Defensor,4,2022
Kodjovi Obilale,Togo,1.93 m,8 de octubre de 1984,Arquero,22,2006
Koebi Kuhn,Suiza,,12 de octubre de 1943,Mediocampista,11,1966
Koen Casteels,Bélgica,1.97 m,25 de junio de 1992,Arquero,13,"2018, 2022"
Koji Nakata,Japón,1.82 m,9 de julio de 1979,Defensor,"16, 6","2002, 2006"
Koke,España,1.76 m,8 de enero de 1992,Mediocampista,"17, 8","2014, 2018, 2022"
Kolo Toure,Costa de Marfil,1.83 m,19 de marzo de 1981,Defensor,4,"2006, 2010, 2014"
Konrad Weise,Alemania Oriental,,17 de agosto de 1951,Defensor,4,1974
Konstantin Krizhevski,URSS,,20 de febrero de 1926,Defensor,3,1958
Konstantinos Chalkias,Grecia,1.98 m,30 de mayo de 1974,Arquero,1,2010
Konstantinos Katsouranis,Grecia,1.83 m,21 de junio de 1979,Mediocampista,21,"2010, 2014"
Kook Chin Yung,Corea del Sur,,2 de enero de 1917,Delantero,20,1954
Kook-Young Han,Corea del Sur,1.83 m,19 de abril de 1990,Mediocampista,14,2014
Kornel Salata,Eslovaquia,1.90 m,24 de enero de 1985,Defensor,21,2010
Kossi Agassa,Togo,1.90 m,2 de julio de 1978,Arquero,16,2006
Kosta Tomasevic,Yugoslavia,,25 de julio de 1923,Delantero,-,1950
Kostadin Kostadinov,Bulgaria,,25 de junio de 1959,Delantero,20,1986
Kostas Manolas,Grecia,1.88 m,14 de junio de 1991,Defensor,4,2014
Kostas Mitroglou,Grecia,1.88 m,12 de marzo de 1988,Delantero,9,2014
Kosuke Nakamura,Japón,1.85 m,27 de febrero de 1995,Arquero,23,2018
Krasimir Borisov,Bulgaria,,8 de abril de 1950,Delantero,20,1974
Krassimir Balakov,Bulgaria,,29 de marzo de 1966,Mediocampista,"20, 10","1994, 1998"
Krépin Diatta,Senegal,1.73 m,25 de febrero de 1999,Mediocampista,15,2022
Krister Kirstersson,Suecia,,25 de julio de 1942,Defensor,14,1970
Kristian Henriksen,Noruega,,3 de marzo de 1911,Mediocampista,-,1938
Kristijan Jakic,Croacia,1.81 m,24 de mayo de 1997,Mediocampista,26,2022
Kristoffer Nordfeldt,Suecia,1.90 m,23 de junio de 1989,Arquero,23,2018
Krunoslav Jurcic,Croacia,,26 de noviembre de 1969,Mediocampista,21,1998
Krystian Bielik,Polonia,1.89 m,4 de enero de 1998,Mediocampista,6,2022
Krzysztof Pawlak,Polonia,,12 de febrero de 1958,Defensor,18,1986
Krzysztof Piatek,Polonia,1.83 m,1 de julio de 1995,Delantero,23,2022
Kuami Agboh,Togo,1.77 m,28 de diciembre de 1977,Mediocampista,8,2006
Kum Chol Choe,Corea del Norte,1.78 m,9 de febrero de 1987,Delantero,12,2010
Kum Il Kim,Corea del Norte,1.70 m,10 de octubre de 1987,Mediocampista,6,2010
Kunle Odunlami,Nigeria,1.87 m,30 de abril de 1991,Defensor,12,2014
Kurt Ambruster,Suiza,,16 de septiembre de 1934,Defensor,3,1966
Kurt Axelsson,Suecia,,10 de noviembre de 1941,Defensor,3,1970
Kurt Bernard,Costa Rica,1.85 m,8 de diciembre de 1977,Delantero,13,2006
Kurt Hamrin,Suecia,,19 de noviembre de 1934,Delantero,7,1958
Kurt Jara,Austria,,14 de octubre de 1950,Mediocampista,11,"1978, 1982"
Kurt Rey,Suiza,,1 de enero de 1923,Defensor,-,1950
Kurt Russ,Austria,,23 de noviembre de 1964,Defensor,7,1990
Kurt Schmied,Austria,,14 de junio de 1926,Arquero,"1, 12","1954, 1958"
Kurt Stettler,Suiza,,21 de agosto de 1932,Arquero,3,1962
Kurt Svanstrom,Suecia,,24 de marzo de 1915,Mediocampista,-,1938
Kurt Welzl,Austria,,6 de noviembre de 1954,Delantero,20,1982
Kwadwo Asamoah,Ghana,1.68 m,9 de diciembre de 1988,Mediocampista,"21, 20","2010, 2014"
Kwang Chon Ri,Corea del Norte,1.83 m,4 de septiembre de 1985,Defensor,5,2010
Kwang Hyok Ri,Corea del Norte,1.78 m,17 de agosto de 1987,Defensor,21,2010
Kwang Rae Cho,Corea del Sur,,19 de marzo de 1954,Mediocampista,4,1986
Kye Rowles,Australia,1.85 m,24 de junio de 1998,Defensor,4,2022
Kyle Beckerman,Estados Unidos,1.82 m,23 de abril de 1982,Mediocampista,15,2014
Kyle Walker,Inglaterra,1.78 m,28 de mayo de 1990,Defensor,2,"2018, 2022"
Kylian Mbappé,Francia,1.78 m,20 de diciembre de 1998,Delantero,10,"2018, 2022"
Kyong Il Kim,Corea del Norte,1.74 m,11 de diciembre de 1988,Mediocampista,22,2010
Kyriakos Karataidis,Grecia,,4 de julio de 1965,Defensor,18,1994
Kyu Chong Park,Corea del Sur,,12 de junio de 1924,Defensor,2,1954
Kyung Ho Chung,Corea del Sur,1.79 m,22 de mayo de 1980,Delantero,16,2006
Kyung Hoon Park,Corea del Sur,,19 de enero de 1961,Defensor,2,"1986, 1990"
Kyung-won Kwon,Corea del Sur,1.87 m,31 de enero de 1992,Defensor,20,2022
Labid Khalifa,Marruecos,,1 de enero de 1955,Defensor,2,1986
Ladislao Mazurkiewicz,Uruguay,,14 de febrero de 1945,Arquero,1,"1966, 1970, 1974"
Ladislau Raffinski,Rumania,,23 de abril de 1905,Mediocampista,-,"1930, 1938"
Ladislav Jurkemik,Checoslovaquia,,20 de julio de 1953,Defensor,4,1982
Ladislav Kacani,Checoslovaquia,,1 de abril de 1931,Delantero,15,1954
Ladislav Kuna,Checoslovaquia,,3 de abril de 1947,Mediocampista,9,1970
Ladislav Novak,Checoslovaquia,,5 de diciembre de 1931,Defensor,4,"1954, 1958, 1962"
Ladislav Petras,Checoslovaquia,,1 de diciembre de 1946,Delantero,8,1970
Ladislav Simunek,Checoslovaquia,,4 de octubre de 1916,Delantero,-,1938
Ladislav Vizek,Checoslovaquia,,22 de enero de 1955,Delantero,9,1982
Ladislav Zenisek,Checoslovaquia,,7 de marzo de 1904,Defensor,-,1934
Lafuente,España,,31 de diciembre de 1907,Delantero,-,1934
Lahcen Abrami,Marruecos,,31 de diciembre de 1969,Defensor,15,1998
Lahcen Oudani,Marruecos,,14 de julio de 1959,Defensor,14,1986
Lajos Csordas,Hungría,,6 de octubre de 1932,Delantero,18,1954
Lajos Detari,Hungría,,24 de abril de 1963,Mediocampista,10,1986
Lajos Koranyi,Hungría,,15 de mayo de 1907,Defensor,-,1938
Lajos Puskas,Hungría,,3 de agosto de 1944,Delantero,19,1966
Lajos Tichy,Hungría,,21 de marzo de 1935,Delantero,"8, 10, 16","1958, 1962, 1966"
Lakhdar Belloumi,Argelia,,29 de diciembre de 1958,Mediocampista,10,"1982, 1986"
Lama,Angola,1.87 m,1 de febrero de 1981,Arquero,12,2006
Lamine Ben Aziza,Túnez,,10 de noviembre de 1952,Arquero,21,1978
Lamine Diatta,Senegal,1.84 m,2 de julio de 1975,Defensor,13,2002
Lamine Gassama,Senegal,1.81 m,20 de octubre de 1989,Defensor,21,2018
Lance Davids,Sudáfrica,1.71 m,11 de abril de 1985,Mediocampista,7,2010
Landon Donovan,Estados Unidos,1.73 m,4 de marzo de 1982,Mediocampista,"21, 10","2002, 2006, 2010"
Landry N'Guémo,Camerún,1.72 m,28 de noviembre de 1985,Mediocampista,7,"2010, 2014"
Larbi El Hadi,Argelia,,27 de mayo de 1961,Arquero,21,1986
Lars Bohinen,Noruega,,8 de septiembre de 1969,Mediocampista,22,1994
Lars Eriksson,Suecia,,21 de septiembre de 1965,Arquero,12,"1990, 1994"
Lars Hogh,Dinamarca,,14 de enero de 1959,Arquero,22,1986
Lars Jacobsen,Dinamarca,1.84 m,20 de septiembre de 1979,Defensor,6,2010
Lars Ricken,Alemania,1.78 m,10 de julio de 1976,Mediocampista,10,2002
Lasse Schöne,Dinamarca,1.78 m,27 de mayo de 1986,Mediocampista,19,2018
Laszlo Balint,Hungría,,1 de febrero de 1948,Defensor,"14, 3","1978, 1982"
Laszlo Bodor,Hungría,,17 de agosto de 1933,Delantero,20,1962
Laszlo Budai,Hungría,,19 de julio de 1928,Delantero,"16, 7","1954, 1958"
Laszlo Cseh,Hungría,,1 de enero de 1910,Delantero,-,1938
Laszlo Dajka,Hungría,,29 de abril de 1959,Mediocampista,9,1986
Laszlo Disztl,Hungría,,4 de junio de 1962,Defensor,13,1986
Laszlo Fazekas,Hungría,,15 de octubre de 1947,Delantero,7,"1978, 1982"
Laszlo Kiss,Hungría,,12 de marzo de 1956,Delantero,10,1982
Laszlo Kovacs,Hungría,,24 de abril de 1951,Arquero,22,1978
Laszlo Lachos,Hungría,,,Delantero,16,1958
Laszlo Nagy,Hungría,,21 de octubre de 1949,Mediocampista,18,1978
Laszlo Pusztai,Hungría,,1 de marzo de 1946,Delantero,17,1978
Laszlo Sarosi,Hungría,,27 de febrero de 1932,Defensor,4,"1958, 1962"
Laszlo Sternberg,Hungría,,28 de mayo de 1905,Defensor,-,1934
Lauren,Camerún,1.80 m,19 de enero de 1977,"Defensor, Mediocampista",12,"1998, 2002"
Laurent Blanc,Francia,1.90 m,19 de noviembre de 1965,Defensor,5,1998
Laurent Ciman,Bélgica,1.80 m,5 de agosto de 1985,Defensor,23,2014
Laurent Di Lorto,Francia,,1 de enero de 1909,Arquero,-,1938
Laurent Grimmonprez,Bélgica,,14 de diciembre de 1902,Delantero,-,1934
Laurent Koscielny,Francia,1.85 m,10 de septiembre de 1985,Defensor,21,2014
Laurent Robuschi,Francia,,5 de octubre de 1935,Delantero,19,1966
Laurie Hughes,Inglaterra,,2 de marzo de 1924,Mediocampista,-,1950
Laurie Scott,Inglaterra,,23 de abril de 1917,Defensor,-,1950
Lauro Amado,Suiza,,15 de marzo de 1912,Delantero,-,1938
Lautaro Martinez,Argentina,1.74 m,22 de agosto de 1997,Delantero,22,2022
Lav Mantula,Yugoslavia,,8 de diciembre de 1928,Mediocampista,14,1954
Lawrence Ati-Zigi,Ghana,1.88 m,29 de noviembre de 1996,Arquero,1,2022
Lazar Sfera,Rumania,,29 de abril de 1909,Defensor,-,"1934, 1938"
Lazar Szentes,Hungría,,12 de diciembre de 1955,Delantero,12,1982
Lazare Gianessi,Francia,,9 de noviembre de 1925,Defensor,4,1954
Lazaros Christodoulopoulos,Grecia,1.83 m,19 de diciembre de 1986,Mediocampista,16,2014
Leander Dendoncker,Bélgica,1.88 m,15 de abril de 1995,Mediocampista,"23, 19","2018, 2022"
Leandro,Brasil,,17 de marzo de 1959,Defensor,2,1982
Leandro Cufre,Argentina,1.77 m,9 de mayo de 1978,Defensor,17,2006
Leandro Paredes,Argentina,1.82 m,29 de junio de 1994,Mediocampista,5,2022
Leandro Remondini,Italia,,17 de noviembre de 1917,Defensor,-,1950
Leandro Trossard,Bélgica,1.72 m,4 de diciembre de 1994,Delantero,17,2022
Leao,Brasil,,11 de julio de 1949,Arquero,"22, 1","1970, 1974, 1978, 1986"
Lebo Lebo,Angola,1.87 m,29 de mayo de 1977,Defensor,4,2006
Lebogang Morula,Sudáfrica,,22 de diciembre de 1968,Mediocampista,18,1998
Ledley King,Inglaterra,1.88 m,12 de octubre de 1980,Defensor,20,2010
Lee Addy,Ghana,1.78 m,26 de septiembre de 1985,Defensor,19,2010
Lee Carsley,Irlanda,1.77 m,28 de febrero de 1974,Mediocampista,22,2002
Leen Vente,Paises Bajos,,14 de mayo de 1911,Delantero,-,"1934, 1938"
Lefter Kucukandonyadis,Turquía,,22 de diciembre de 1925,Delantero,11,1954
Leider Preciado,Colombia,1.80 m,26 de febrero de 1977,Delantero,21,1998
Leif Engqvist,Suecia,,30 de julio de 1962,Mediocampista,9,1990
Leif Eriksson,Suecia,,20 de marzo de 1942,Mediocampista,8,1970
Leif Malberg,Suecia,,1 de septiembre de 1945,Defensor,15,1970
Leighton Baines,Inglaterra,1.70 m,11 de diciembre de 1984,Defensor,3,2014
Leivinha,Brasil,,11 de septiembre de 1949,Delantero,8,1974
Len Allchurch,Gales,,12 de septiembre de 1933,Delantero,21,1958
Len Graham,Irlanda del Norte,,17 de octubre de 1925,Defensor,19,1958
Lennart Bunke,Suecia,,,Delantero,-,1938
Lennart Larsson,Suecia,,9 de julio de 1953,Mediocampista,9,1978
Lennart Samuelsson,Suecia,,7 de julio de 1924,Defensor,-,1950
Lennart Skoglund,Suecia,,24 de diciembre de 1929,Delantero,11,"1950, 1958"
Leo Bertos,Nueva Zelanda,1.77 m,20 de diciembre de 1981,Mediocampista,11,2010
Leo Clijsters,Bélgica,,6 de noviembre de 1956,Defensor,"14, 4","1986, 1990"
Leo Eichmann,Suiza,,24 de diciembre de 1936,Arquero,12,1966
Leo Halle,Paises Bajos,,26 de enero de 1906,Arquero,-,1934
Leo Van Der Elst,Bélgica,,7 de enero de 1962,Mediocampista,15,1986
Leo Wilden,Alemania Occidental,,3 de julio de 1936,Defensor,5,1962
Leon Balogun,Nigeria,1.90 m,28 de junio de 1988,Defensor,6,2018
Leon Glovacki,Francia,,19 de febrero de 1928,Delantero,17,1954
Leon Goretzka,Alemania,1.89 m,6 de febrero de 1995,Mediocampista,"14, 8","2018, 2022"
Leon Jeck,Bélgica,,9 de febrero de 1947,Defensor,5,1970
Leon Semmeling,Bélgica,,4 de enero de 1940,Mediocampista,7,1970
Leon Villa,Colombia,,12 de enero de 1960,Defensor,5,1990
Leonard Piontek,Polonia,,3 de octubre de 1913,Delantero,-,1938
Leonardo,Brasil,,5 de septiembre de 1969,Mediocampista,"16, 18","1994, 1998"
Leonardo Astrada,Argentina,,6 de enero de 1970,Mediocampista,15,1998
Leonardo Bonucci,Italia,1.90 m,1 de mayo de 1987,Defensor,"23, 19","2010, 2014"
Leonardo Costagliola,Italia,,27 de octubre de 1921,Arquero,22,1954
Leonardo Cuellar,México,,14 de enero de 1952,Mediocampista,17,1978
Leonardo Ferrel,Bolivia,,7 de julio de 1923,Mediocampista,-,1950
Leonardo Franco,Argentina,1.88 m,20 de mayo de 1977,Arquero,12,2006
Leonardo Gonzalez,Costa Rica,1.86 m,21 de noviembre de 1980,Defensor,12,2006
Leonardo Rodriguez,Argentina,,27 de agosto de 1966,Mediocampista,20,1994
Leonardo Veliz,Chile,,3 de septiembre de 1945,Delantero,11,1974
Leonel Alvarez,Colombia,,30 de julio de 1965,Mediocampista,14,"1990, 1994"
Leonel Moreira,Costa Rica,1.80 m,4 de abril de 1990,Arquero,23,2018
Leonel Sanchez,Chile,,25 de abril de 1936,"Delantero, Mediocampista","11, 17","1962, 1966"
Leongino Unzain,Paraguay,,16 de mayo de 1925,Delantero,-,1950
Leonid Buryak,URSS,,10 de julio de 1953,Mediocampista,17,1982
Leonid Ostrovski,URSS,,17 de enero de 1936,Defensor,"14, 6, 3","1958, 1962, 1966"
Leonid Shmuts,URSS,,8 de octubre de 1948,Arquero,1,1970
Leonidas,Brasil,,6 de septiembre de 1913,Delantero,-,"1934, 1938"
Leopold Anoul,Bélgica,,19 de agosto de 1922,Delantero,10,1954
Leopold Barschandt,Austria,,12 de agosto de 1925,Defensor,"4, 18","1954, 1958"
Leopold Gernaey,Bélgica,,25 de febrero de 1927,Arquero,1,1954
Leopold Hofmann,Austria,,31 de octubre de 1905,Mediocampista,-,1934
Leopold Kielholz,Suiza,,9 de junio de 1911,Delantero,-,"1934, 1938"
Leopold Neumer,Alemania,,8 de febrero de 1919,Delantero,-,1938
Leopoldo Luque,Argentina,,3 de mayo de 1949,Delantero,14,1978
Leopoldo Vallejos,Chile,,16 de julio de 1944,Arquero,1,1974
Leroy Fer,Paises Bajos,1.88 m,5 de enero de 1990,Mediocampista,18,2014
Leroy Sané,Alemania,1.83 m,11 de enero de 1996,Mediocampista,19,2022
Les Ferdinand,Inglaterra,,18 de diciembre de 1966,Delantero,19,1998
Leslaw Cmikiewicz,Polonia,,25 de agosto de 1948,Mediocampista,11,1974
Lesmes Ii,España,,9 de noviembre de 1926,Defensor,-,1950
Lester Morgan,Costa Rica,1.82 m,2 de mayo de 1976,Arquero,23,2002
Lev Yashin,URSS,,22 de octubre de 1929,Arquero,"1, 13","1958, 1962, 1966, 1970"
Li Sup Pak,Corea del Norte,,6 de enero de 1944,Defensor,2,1966
Liam Fraser,Canadá,1.85 m,13 de febrero de 1998,Mediocampista,8,2022
Liam Millar,Canadá,1.76 m,27 de septiembre de 1999,Delantero,23,2022
Liassine Cadamuro,Argelia,1.86 m,5 de marzo de 1988,Defensor,17,2014
Libor Radimec,Checoslovaquia,,22 de mayo de 1950,Defensor,14,1982
Libor Sionko,República Checa,1.75 m,1 de febrero de 1977,Delantero,7,2006
Lido Vieri,Italia,,16 de julio de 1939,Arquero,17,1970
Liedson,Portugal,1.73 m,17 de diciembre de 1977,Delantero,9,2010
Ligorio Lopez,México,,3 de julio de 1933,Delantero,21,1958
Lilian Thuram,Francia,1.85 m,1 de enero de 1972,Defensor,15,"1998, 2002, 2006"
Lim Saeng Lee,Corea del Sur,1.82 m,18 de noviembre de 1971,Defensor,3,1998
Lima,Brasil,,18 de enero de 1942,Mediocampista,14,1966
Lino Nessi,Paraguay,,1 de enero de 1904,Delantero,-,1930
Linval Dixon,Jamaica,,14 de septiembre de 1971,Defensor,4,1998
Lionel Charbonnier,Francia,1.81 m,25 de octubre de 1966,Arquero,22,1998
Lionel Messi,Argentina,1.70 m,24 de junio de 1987,Delantero,"19, 10","2006, 2010, 2014, 2018, 2022"
Lionel Scaloni,Argentina,1.82 m,16 de mayo de 1978,Defensor,13,2006
Lionello Manfredonia,Italia,,27 de noviembre de 1956,Defensor,7,1978
Lisandro Martinez,Argentina,1.75 m,18 de enero de 1998,Defensor,25,2022
Liviu Ciobotariu,Rumania,,26 de marzo de 1971,Defensor,13,1998
Lizardo Garrido,Chile,,25 de agosto de 1957,Defensor,2,1982
Lizardo Nue Rodriguez,Perú,,30 de agosto de 1910,Delantero,-,1930
Ljubinko Drulovic,RF de Yugoslavia,,11 de septiembre de 1968,Mediocampista,15,1998
Ljubisa Stefanovic,Yugoslavia,,4 de enero de 1910,Defensor,-,1930
Ljubomir Spajic,Yugoslavia,,7 de marzo de 1926,Mediocampista,15,1954
Lobilo Boba,Zaire,,10 de abril de 1950,Defensor,5,1974
Loco,Angola,1.80 m,25 de diciembre de 1984,Defensor,20,2006
Loïc Feudjou,Camerún,1.82 m,14 de abril de 1992,Arquero,1,2014
Loïc Rémy,Francia,1.84 m,2 de enero de 1987,Delantero,20,2014
Lois Openda,Bélgica,1.75 m,16 de febrero de 2000,Delantero,24,2022
Lopes,Brasil,,1 de noviembre de 1910,Delantero,-,1938
Lopez Ufarte,España,,19 de abril de 1958,Delantero,11,1982
Lorenzo Buffon,Italia,,19 de diciembre de 1929,Arquero,1,1962
Lorenzo Calonga,Paraguay,,,Delantero,-,1950
Lorenzo Fernandez,Uruguay,,20 de mayo de 1900,Mediocampista,-,1930
Lorenzo Insigne,Italia,1.63 m,4 de junio de 1991,Delantero,22,2014
Lorenzo Minotti,Italia,,8 de febrero de 1967,Defensor,7,1994
Lorenzo Staelens,Bélgica,,30 de abril de 1964,"Defensor, Mediocampista","18, 6, 3","1990, 1994, 1998"
Lothar Emmerich,Alemania Occidental,,29 de noviembre de 1941,Delantero,11,1966
Lothar Kurbjuweit,Alemania Oriental,,6 de noviembre de 1950,Defensor,2,1974
Lothar Matthaeus,Alemania Occidental,,21 de marzo de 1961,Mediocampista,"18, 8, 10","1982, 1986, 1990, 1994, 1998"
Lou Macari,Escocia,,7 de junio de 1949,Mediocampista,16,1978
Louis Carre,Bélgica,,7 de enero de 1925,Mediocampista,5,1954
Louis Gabrillargues,Francia,,16 de junio de 1914,Mediocampista,-,1934
Louis Gobet,Suiza,,28 de octubre de 1908,Defensor,-,1934
Louis Mfede,Camerún,,26 de febrero de 1961,Mediocampista,10,"1990, 1994"
Louis Saha,Francia,1.84 m,8 de agosto de 1978,Delantero,14,2006
Louis Versyp,Bélgica,,5 de diciembre de 1908,Delantero,-,"1930, 1934"
Loukas Vyntra,Grecia,1.84 m,5 de febrero de 1981,Defensor,11,"2010, 2014"
Lounes Gaouaoui,Argelia,1.88 m,28 de septiembre de 1977,Arquero,1,2010
Lourenco,Portugal,,8 de abril de 1942,Delantero,8,1966
Love,Angola,1.78 m,14 de marzo de 1979,Delantero,18,2006
Lovre Kalinić,Croacia,2.01 m,3 de abril de 1990,Arquero,12,2018
Lovro Majer,Croacia,1.78 m,17 de enero de 1998,Mediocampista,7,2022
Lubomir Moravcik,Checoslovaquia,,22 de junio de 1965,Mediocampista,11,1990
Lubos Kubik,Checoslovaquia,,20 de enero de 1964,Mediocampista,9,1990
Luboslav Penev,Bulgaria,,31 de agosto de 1966,Delantero,9,1998
Luc Millecamps,Bélgica,,10 de septiembre de 1951,Defensor,3,1982
Luc Nilis,Bélgica,,25 de mayo de 1967,Delantero,"8, 10","1994, 1998"
Luc Van Hoywegen,Bélgica,,1 de enero de 1929,Delantero,22,1954
Luca Bucci,Italia,,13 de marzo de 1969,Arquero,22,1994
Luca de la Torre,Estados Unidos,1.78 m,23 de mayo de 1998,Mediocampista,14,2022
Luca Izzeta,Argentina,,,Delantero,-,1934
Luca Marchegiani,Italia,,22 de febrero de 1966,Arquero,12,1994
Luca Toni,Italia,1.94 m,26 de mayo de 1977,Delantero,9,2006
Lucas Barrios,Paraguay,1.87 m,13 de noviembre de 1984,Delantero,19,2010
Lucas Biglia,Argentina,1.78 m,30 de enero de 1986,Mediocampista,"6, 5","2014, 2018"
Lucas Cavallini,Canadá,1.80 m,28 de diciembre de 1992,Delantero,9,2022
Lucas Digne,Francia,1.78 m,20 de julio de 1993,Defensor,17,2014
Lucas Hernandez,Francia,1.84 m,14 de febrero de 1996,Defensor,21,"2018, 2022"
Lucas Neill,Australia,1.85 m,9 de marzo de 1978,Defensor,2,"2006, 2010"
Lucas Paqueta,Brasil,1.80 m,27 de agosto de 1997,Mediocampista,7,2022
Lucas Radebe,Sudáfrica,1.85 m,12 de abril de 1969,Defensor,19,"1998, 2002"
Lucas Thwala,Sudáfrica,1.70 m,19 de octubre de 1981,Defensor,15,2010
Lucas Torreira,Uruguay,1.68 m,11 de febrero de 1996,Mediocampista,14,"2018, 2022"
Lucas Vázquez,España,1.73 m,1 de julio de 1991,Delantero,11,2018
Lucian Marinescu,Rumania,,24 de junio de 1972,Mediocampista,15,1998
Luciano Castellini,Italia,,12 de diciembre de 1945,Arquero,22,1974
Luciano Re Cecconi,Italia,,1 de diciembre de 1948,Mediocampista,17,1974
Luciano Spinosi,Italia,,9 de mayo de 1950,Defensor,2,1974
Lucidio Sentimenti,Italia,,1 de julio de 1920,Arquero,-,1950
Lucien Jasseron,Francia,,29 de diciembre de 1913,Mediocampista,-,1938
Lucien Laurent,Francia,,10 de diciembre de 1907,Delantero,-,"1930, 1934"
Lucien Mettomo,Camerún,1.83 m,19 de abril de 1977,Defensor,13,2002
Lucien Muller,Francia,,3 de septiembre de 1934,Mediocampista,17,1966
Lucio,Brasil,1.88 m,8 de mayo de 1978,Defensor,3,"2002, 2006, 2010"
Ludek Miklosko,Checoslovaquia,,9 de diciembre de 1961,Arquero,21,1990
Ludo Coeck,Bélgica,,25 de septiembre de 1955,Mediocampista,10,1982
Ludovic Assemoassa,Togo,1.84 m,18 de septiembre de 1980,Defensor,19,2006
Ludovic Magnin,Suiza,1.86 m,20 de abril de 1979,Defensor,3,"2006, 2010"
Ludovic Satmareanu,Rumania,,21 de febrero de 1944,Defensor,2,1970
Ludovico Avio,Argentina,,6 de octubre de 1931,Delantero,19,1958
Ludwig Augustinsson,Suecia,1.81 m,21 de abril de 1994,Defensor,6,2018
Ludwig Goldbrunner,Alemania,,5 de marzo de 1908,Mediocampista,-,1938
Luigi Allemandi,Italia,,8 de noviembre de 1903,Defensor,-,1934
Luigi Apolloni,Italia,,2 de mayo de 1967,Defensor,2,1994
Luigi Bertolini,Italia,,13 de septiembre de 1904,Mediocampista,-,1934
Luigi De Agostini,Italia,,7 de abril de 1961,Defensor,4,1990
Luigi Di Biagio,Italia,1.77 m,3 de junio de 1971,Mediocampista,14,"1998, 2002"
Luigi Meroni,Italia,,24 de febrero de 1943,Delantero,15,1966
Luigi Radice,Italia,,15 de enero de 1935,Mediocampista,3,1962
Luis Advíncula,Perú,1.77 m,2 de marzo de 1990,Defensor,17,2018
Antonio Valencia,Ecuador,1.80 m,4 de agosto de 1985,Mediocampista,16,"2006, 2014"
Luis Arconada,España,,26 de junio de 1954,Arquero,1,"1978, 1982"
Luis Artime,Argentina,,2 de diciembre de 1938,Delantero,19,1966
Luis Caballero,Paraguay,,17 de septiembre de 1962,Defensor,14,1986
Luis Carlos Perea,Colombia,,29 de diciembre de 1963,Defensor,15,"1990, 1994"
Luis Chávez,México,1.78 m,15 de enero de 1996,Mediocampista,24,2022
Luis Cristaldo,Bolivia,,31 de agosto de 1969,Defensor,16,1994
Luis Cruz,Uruguay,,28 de abril de 1925,Mediocampista,17,1954
Luis Cruzado,Perú,,6 de julio de 1941,Mediocampista,17,1970
Luis Cubilla,Uruguay,,28 de marzo de 1940,"Delantero, Mediocampista","11, 7","1962, 1970, 1974"
Luis Del Sol,España,,6 de abril de 1935,Mediocampista,"5, 4","1962, 1966"
Luis Enrique,España,1.80 m,8 de mayo de 1970,Mediocampista,21,"1994, 1998, 2002"
Luis Ernesto Castro,Uruguay,,31 de julio de 1921,Delantero,22,1954
Luis Eyzaguirre,Chile,,22 de junio de 1939,Defensor,"2, 6","1962, 1966"
Luis Fabiano,Brasil,1.86 m,8 de noviembre de 1980,Delantero,9,2010
Luis Fajardo,Colombia,,18 de agosto de 1963,Mediocampista,20,1990
Luis Fernandez,Francia,,2 de octubre de 1959,Mediocampista,9,1986
Luis Figo,Portugal,1.80 m,4 de noviembre de 1972,Delantero,7,"2002, 2006"
Luis Flores,México,,8 de agosto de 1962,Delantero,15,1986
Luis Galvan,Argentina,,24 de febrero de 1948,Defensor,"7, 8","1978, 1982"
Luis Garcia,España,1.76 m,24 de junio de 1978,Delantero,11,2006
Luis Garcia,México,,1 de junio de 1969,Delantero,10,"1994, 1998"
Luis Garisto,Uruguay,,3 de diciembre de 1945,Defensor,14,1974
Luis Garrido,Honduras,1.70 m,5 de noviembre de 1990,Mediocampista,19,2014
Luis Gini,Paraguay,,,Defensor,13,1958
Luis Gomez,Ecuador,1.72 m,20 de abril de 1972,Defensor,8,2002
Luis Gonzalez,Argentina,1.85 m,19 de enero de 1981,Mediocampista,22,2006
Luis Guevara Mora,El Salvador,,2 de septiembre de 1961,Arquero,1,1982
Luis Hernandez,México,1.72 m,22 de diciembre de 1968,Delantero,15,"1998, 2002"
Luis Herrera,Colombia,,12 de junio de 1962,Defensor,4,"1990, 1994"
Luis Islas,Argentina,,22 de diciembre de 1965,Arquero,"15, 12","1986, 1994"
Luis López,Honduras,1.80 m,13 de septiembre de 1993,Arquero,1,2014
Luis Maidana,Uruguay,,24 de febrero de 1934,Arquero,12,1962
Luis Marin,Chile,1.86 m,18 de mayo de 1983,Arquero,23,2010
Luis Marin,España,,4 de septiembre de 1906,Mediocampista,-,1934
Luis Marin,Costa Rica,1.80 m,10 de agosto de 1974,Defensor,3,"2002, 2006"
Luis Mayanes,Chile,,15 de enero de 1925,Delantero,-,1950
Luis Michel,México,1.83 m,21 de julio de 1979,Arquero,23,2010
Luis Molowny,España,,12 de mayo de 1925,Delantero,-,1950
Luis Monti,Argentina,,15 de mayo de 1901,Mediocampista,-,"1930, 1934"
Luis Muriel,Colombia,1.78 m,16 de abril de 1991,Delantero,14,2018
Luis Musrri,Chile,,24 de diciembre de 1968,Mediocampista,18,1998
Luis Oliveira,Bélgica,,24 de marzo de 1969,Delantero,8,1998
Luis Ovalle,Panamá,1.77 m,7 de septiembre de 1988,Defensor,17,2018
Luis Paz,Colombia,,,Delantero,14,1962
Luis Pereira,Brasil,,21 de junio de 1949,Defensor,2,1974
Luis Perez,México,,1 de enero de 1907,Delantero,-,1930
Luis Perez,México,1.70 m,12 de enero de 1981,Mediocampista,23,2006
Luis Ramallo,Bolivia,,4 de julio de 1961,Delantero,18,1994
Luis Ramirez,El Salvador,,6 de enero de 1954,Delantero,14,1982
Luis Ramos,Uruguay,,9 de octubre de 1939,Defensor,20,1966
Luis Regueiro,México,,22 de diciembre de 1943,Mediocampista,16,1966
Luis Regueiro,España,,1 de julio de 1908,Delantero,-,1934
Luis Reyes Penaranda,Bolivia,,,Defensor,-,1930
Luis Reyna,Perú,,6 de mayo de 1959,Mediocampista,22,1982
Luis Rijo,Uruguay,,28 de septiembre de 1927,Delantero,-,1950
Luis Romo,México,1.83 m,5 de junio de 1995,Mediocampista,7,2022
Luis Rubinos,Perú,,31 de diciembre de 1940,Arquero,1,1970
Luis Salvador,México,,26 de febrero de 1968,Delantero,19,1994
Luis Saritama,Ecuador,1.75 m,20 de octubre de 1983,Mediocampista,19,"2006, 2014"
Luis Silva,Paraguay,,,Mediocampista,15,1958
Luis Souza,Perú,,6 de octubre de 1908,Delantero,-,1930
Luis Suarez,Uruguay,1.82 m,24 de enero de 1987,Delantero,9,"2010, 2014, 2018, 2022"
Luis Suarez,España,,2 de mayo de 1935,Mediocampista,"21, 10","1962, 1966"
Luis Tejada,Panamá,1.84 m,28 de marzo de 1982,Delantero,18,2018
Luis Ubina,Uruguay,,7 de junio de 1940,Defensor,"15, 4","1966, 1970"
Luis Valdez,México,,1 de julio de 1965,Delantero,16,1994
Luis Vargas Pena,Paraguay,,1 de enero de 1905,Delantero,-,1930
Luisao,Brasil,1.93 m,13 de febrero de 1981,Defensor,14,"2006, 2010"
Luisinho,Brasil,,29 de marzo de 1911,Delantero,-,"1934, 1938"
Luiz Gustavo,Brasil,1.87 m,23 de julio de 1987,Mediocampista,17,2014
Luiz Luz,Brasil,,29 de noviembre de 1909,Defensor,-,1934
Luizao,Brasil,1.76 m,14 de noviembre de 1975,Delantero,21,2002
Luizinho,Brasil,,22 de octubre de 1958,Defensor,4,1982
Luka Jović,Serbia,1.81 m,23 de diciembre de 1997,Delantero,"19, 11","2018, 2022"
Luka Liposinovic,Yugoslavia,,12 de mayo de 1933,Delantero,18,1958
Luka Milivojević,Serbia,1.86 m,7 de abril de 1991,Mediocampista,4,2018
Luka Modric,Croacia,1.72 m,9 de septiembre de 1985,Mediocampista,"14, 10","2006, 2014, 2018, 2022"
Luka Peruzovic,Yugoslavia,,26 de febrero de 1952,Defensor,14,1974
Luka Sucic,Croacia,1.85 m,8 de septiembre de 2002,Mediocampista,25,2022
Lukas Klostermann,Alemania,1.87 m,3 de junio de 1996,Defensor,16,2022
Lukas Lerager,Dinamarca,1.83 m,12 de julio de 1993,Mediocampista,18,2018
Lukas Podolski,Alemania,1.80 m,4 de junio de 1985,Delantero,"20, 10","2006, 2010, 2014"
Lukasz Fabianski,Polonia,1.90 m,18 de abril de 1985,Arquero,22,"2006, 2018"
Lukasz Piszczek,Polonia,1.84 m,3 de junio de 1985,Defensor,20,2018
Lukasz Skorupski,Polonia,1.87 m,5 de mayo de 1991,Arquero,12,2022
Lukasz Teodorczyk,Polonia,1.85 m,3 de junio de 1991,Delantero,14,2018
Luke Shaw,Inglaterra,1.85 m,12 de julio de 1995,Defensor,"23, 3","2014, 2022"
Luke Wilkshire,Australia,1.77 m,2 de octubre de 1981,"Defensor, Mediocampista","20, 8","2006, 2010"
Lukman Haruna,Nigeria,1.77 m,4 de diciembre de 1990,Mediocampista,15,2010
Luuk De Jong,Paises Bajos,1.88 m,27 de agosto de 1990,Delantero,9,2022
Maad Ibrahim,Iraq,,30 de junio de 1960,Defensor,2,1986
Maarten Stekelenburg,Paises Bajos,1.97 m,22 de septiembre de 1982,Arquero,"23, 1","2006, 2010"
Mabrouk Zaid,Arabia Saudita,1.85 m,11 de febrero de 1979,Arquero,21,"2002, 2006"
MacBeth Sibaya,Sudáfrica,1.76 m,25 de noviembre de 1977,Mediocampista,6,"2002, 2010"
MacDonald Mukansi,Sudáfrica,1.76 m,26 de mayo de 1975,Mediocampista,9,2002
Machado,Brasil,,1 de enero de 1909,Defensor,-,1938
Maciej Murawski,Polonia,1.85 m,20 de febrero de 1974,Mediocampista,16,2002
Maciej Rybus,Polonia,1.73 m,19 de agosto de 1989,Defensor,13,2018
Maciej Zurawski,Polonia,1.80 m,12 de septiembre de 1976,Delantero,"19, 9","2002, 2006"
Madjid Bougherra,Argelia,1.90 m,7 de octubre de 1982,Defensor,2,"2010, 2014"
Magdaleno Mercado,México,,4 de abril de 1944,Mediocampista,17,1966
Magdy Abedelghani,Egipto,,27 de julio de 1959,Mediocampista,8,1990
Magdy Tolba,Egipto,,24 de febrero de 1964,Mediocampista,16,1990
Magnar Isaksen,Noruega,,13 de octubre de 1910,Delantero,-,1938
Magnus Andersson,Suecia,,23 de abril de 1958,Defensor,13,1978
Magnus Erlingmark,Suecia,,8 de julio de 1968,Delantero,20,1994
Magnus Hedman,Suecia,1.93 m,19 de marzo de 1973,Arquero,"22, 1","1994, 2002"
Magnus Kihlstedt,Suecia,1.90 m,29 de febrero de 1972,Arquero,12,2002
Magnus Svensson,Suecia,1.72 m,10 de marzo de 1969,Mediocampista,17,2002
Mahboud Mubarak,Kuwait,,17 de septiembre de 1955,Defensor,3,1982
Mahdi Cerbah,Argelia,,3 de enero de 1953,Arquero,1,1982
Mahjoub Ghazouani,Marruecos,,1 de enero de 1948,Delantero,11,1970
Mahmoud Guendouz,Argelia,,24 de febrero de 1953,Defensor,2,"1982, 1986"
Trézéguet,Egipto,1.79 m,1 de octubre de 1994,Mediocampista,21,2018
Mahmoud Kahraba,Egipto,1.82 m,13 de abril de 1994,Mediocampista,11,2018
Mahmoud Moukhtar,Egipto,,23 de diciembre de 1907,Delantero,-,1934
Mahmoud Negro,Egipto,,,Delantero,-,1934
Mahmoud Shaker,Iraq,,5 de mayo de 1960,Mediocampista,16,1986
Maicon,Brasil,1.86 m,26 de julio de 1981,Defensor,"2, 23","2010, 2014"
Maino Neri,Italia,,30 de junio de 1924,Mediocampista,4,1954
Majed Abdullah,Arabia Saudita,,1 de noviembre de 1959,Delantero,9,1994
Majeed Waris,Ghana,1.72 m,19 de septiembre de 1991,Delantero,18,2014
Majid Bishkar,Irán,,6 de agosto de 1956,Delantero,4,1978
Majid Hosseini,Irán,1.87 m,20 de junio de 1996,Defensor,19,"2018, 2022"
Makoto Hasebe,Japón,1.77 m,18 de enero de 1984,Mediocampista,17,"2010, 2014, 2018"
Maksim Kanunnikov,Rusia,1.83 m,14 de julio de 1991,Delantero,6,2014
Maksym Kalinichenko,Ucrania,1.76 m,26 de enero de 1979,Mediocampista,19,2006
Makthar Ndiaye,Senegal,1.75 m,31 de diciembre de 1981,Mediocampista,23,2002
Mal Donaghy,Irlanda del Norte,,13 de septiembre de 1957,Defensor,3,"1982, 1986"
Malek Al Hawsawi,Arabia Saudita,1.78 m,10 de agosto de 1981,Delantero,23,2006
Mamadou Loum,Senegal,1.93 m,30 de diciembre de 1996,Mediocampista,25,2022
Mamadou Sakho,Francia,1.87 m,13 de febrero de 1990,Defensor,5,2014
Mamat Suat,Turquía,,8 de noviembre de 1930,Delantero,8,1954
Mame Biram Diouf,Senegal,1.85 m,19 de diciembre de 1987,Delantero,9,2018
Mana Mambuene,Zaire,,10 de octubre de 1947,Mediocampista,8,1974
Manabu Saito,Japón,1.69 m,4 de abril de 1990,Delantero,20,2014
Manaf Nurudeen,Ghana,1.90 m,8 de febrero de 1999,Arquero,16,2022
Maneca,Brasil,,28 de enero de 1926,Delantero,-,1950
Manfred Kaltz,Alemania Occidental,,6 de enero de 1953,Defensor,"5, 20","1978, 1982"
Manfred Linzmaier,Austria,,27 de agosto de 1962,Mediocampista,10,1990
Manfred Manglitz,Alemania Occidental,,8 de marzo de 1940,Arquero,21,1970
Manfred Schaefer,Australia,,12 de febrero de 1943,Defensor,4,1974
Manfred Zsak,Austria,,22 de diciembre de 1964,Mediocampista,6,1990
Manga,Brasil,,26 de abril de 1937,Arquero,12,1966
Maniche,Portugal,1.79 m,11 de noviembre de 1977,Mediocampista,18,2006
Manoelzinho,Brasil,,22 de agosto de 1907,Delantero,-,1930
Manolo,España,,17 de enero de 1965,Delantero,20,1990
Mansoor Al-Harbi,Arabia Saudita,1.70 m,19 de octubre de 1987,Defensor,2,2018
Mansour Althagafi,Arabia Saudita,1.76 m,14 de enero de 1979,Defensor,23,2002
Mantorras,Angola,1.78 m,18 de marzo de 1982,Delantero,9,2006
Manuel Akanji,Suiza,1.86 m,19 de julio de 1995,Defensor,5,"2018, 2022"
Manuel Alvarez,Chile,,23 de mayo de 1928,Defensor,-,1950
Manuel Amoros,Francia,,1 de febrero de 1962,Defensor,2,"1982, 1986"
Manuel Astorga,Chile,,16 de marzo de 1943,Arquero,22,1962
Manuel Camacho,México,,29 de abril de 1929,Arquero,12,1958
Manuel Chorens,Cuba,,22 de enero de 1916,Defensor,-,1938
Manuel da Costa,Marruecos,1.94 m,6 de mayo de 1986,Defensor,4,2018
Manuel Duarte,Portugal,,20 de mayo de 1943,Delantero,15,1966
Manuel Fernandes,Portugal,1.75 m,5 de febrero de 1986,Mediocampista,4,2018
Manuel Ferreira,Argentina,,22 de octubre de 1905,Delantero,-,1930
Manuel Gavilan,Paraguay,,1 de enero de 1921,Defensor,-,1950
Manuel Gutierrez,México,,8 de abril de 1920,Defensor,-,1950
Manuel Jimenez,España,,26 de enero de 1964,Defensor,3,1990
Manuel Jimenez,España,,27 de octubre de 1956,Defensor,13,1982
Manuel Machuca,Chile,,1 de enero de 1924,Defensor,-,1950
Manuel Munoz,Chile,,28 de abril de 1928,Delantero,-,1950
Manuel Najera,México,,20 de diciembre de 1952,Defensor,2,1978
Manuel Negrete,México,,11 de marzo de 1959,Mediocampista,22,1986
Manuel Neira,Chile,,12 de octubre de 1977,Delantero,13,1998
Manuel Neuer,Alemania,1.93 m,27 de marzo de 1986,Arquero,1,"2010, 2014, 2018, 2022"
Manuel Rodriguez,Chile,,18 de enero de 1938,Defensor,15,1962
Manuel Rojas,Chile,,13 de junio de 1954,Mediocampista,16,1982
Manuel Rosas,México,,17 de abril de 1912,Defensor,-,1930
Manuel Sanchis,España,,26 de marzo de 1938,Defensor,2,1966
Manuel Sanchis,España,,23 de mayo de 1965,Defensor,5,1990
Manuel Ugarte,Uruguay,1.82 m,11 de abril de 2001,Mediocampista,25,2022
Manuel Vidrio,México,1.84 m,23 de agosto de 1972,Defensor,5,2002
Manus Vrauwdeunt,Paises Bajos,,29 de abril de 1914,Delantero,-,1934
Maozhen Su,China,1.86 m,30 de julio de 1972,Delantero,12,2002
Maranon,España,,23 de julio de 1948,Delantero,15,1978
Marat Izmailov,Rusia,1.72 m,21 de septiembre de 1982,Mediocampista,20,2002
Marc-André ter Stegen,Alemania,1.87 m,30 de abril de 1992,Arquero,22,"2018, 2022"
Marc Baecke,Bélgica,,24 de julio de 1956,Defensor,14,1982
Marc Berdoll,Francia,,6 de abril de 1953,Delantero,14,1978
Marc De Grijse,Bélgica,,4 de septiembre de 1965,Delantero,9,"1990, 1994"
Marc Emmers,Bélgica,,25 de febrero de 1966,"Defensor, Mediocampista","6, 15","1990, 1994"
Marc Hottiger,Suiza,,7 de noviembre de 1967,Defensor,2,1994
Marc Millecamps,Bélgica,,9 de octubre de 1950,Mediocampista,19,1982
Marc Overmars,Paises Bajos,,29 de marzo de 1973,Delantero,"7, 14","1994, 1998"
Marc Planus,Francia,1.83 m,7 de marzo de 1982,Defensor,6,2010
Marc Rieper,Dinamarca,,5 de junio de 1968,Defensor,3,1998
Marc Van Der Linden,Bélgica,,4 de febrero de 1964,Delantero,19,1990
Marc-Vivien Foe,Camerún,1.94 m,1 de mayo de 1975,Mediocampista,17,"1994, 2002"
Marc Wilmots,Bélgica,1.84 m,22 de febrero de 1969,"Delantero, Mediocampista","21, 18, 7","1990, 1994, 1998, 2002"
Marc Zoro,Costa de Marfil,1.82 m,27 de diciembre de 1983,Defensor,13,2006
Marcel Artelesa,Francia,,2 de julio de 1938,Mediocampista,2,1966
Marcel Aubour,Francia,,17 de junio de 1940,Arquero,1,1966
Marcel Capelle,Francia,,11 de diciembre de 1904,Defensor,-,1930
Marcel Desailly,Francia,1.84 m,7 de septiembre de 1968,Defensor,8,"1998, 2002"
Marcel Dries,Bélgica,,19 de septiembre de 1929,Defensor,2,1954
Marcel Flueckiger,Suiza,,20 de septiembre de 1929,Defensor,5,1954
Marcel Langiller,Francia,,2 de junio de 1908,Delantero,-,1930
Marcel Mahouve,Camerún,,16 de enero de 1973,Mediocampista,19,1998
Marcel Mauron,Suiza,,25 de marzo de 1929,Delantero,19,1954
Marcel Pinel,Francia,,8 de julio de 1908,Mediocampista,-,1930
Marcel Vonlanden,Suiza,,8 de septiembre de 1933,Delantero,12,1962
Marcelino,España,,13 de agosto de 1955,Defensor,17,1978
Marcelino,España,,29 de abril de 1940,Delantero,9,1966
Marcelino Bernal,México,,27 de mayo de 1962,Mediocampista,6,"1994, 1998"
Marcelino Vargas,Paraguay,,1 de enero de 1921,Arquero,-,1950
Marcell Jansen,Alemania,1.90 m,4 de noviembre de 1985,"Defensor, Mediocampista",2,"2006, 2010"
Marcelo,Brasil,1.74 m,12 de mayo de 1988,Defensor,"6, 12","2014, 2018"
Marcelo Balboa,Estados Unidos,,8 de agosto de 1967,Defensor,17,"1990, 1994, 1998"
Marcelo Brozovic,Croacia,1.81 m,16 de noviembre de 1992,Mediocampista,"14, 11","2014, 2018, 2022"
Marcelo Delgado,Argentina,,24 de marzo de 1973,Delantero,21,1998
Marcelo Díaz,Chile,1.68 m,30 de diciembre de 1986,Mediocampista,21,2014
Marcelo Gallardo,Argentina,1.69 m,18 de enero de 1976,Mediocampista,20,"1998, 2002"
Marcelo Pagani,Argentina,,19 de agosto de 1941,Delantero,9,1962
Marcelo Ramirez,Chile,,29 de mayo de 1965,Arquero,12,1998
Marcelo Romero,Uruguay,1.76 m,4 de julio de 1976,Mediocampista,16,2002
Marcelo Salas,Chile,,24 de diciembre de 1974,Delantero,11,1998
Marcelo Torrico,Bolivia,,11 de enero de 1972,Arquero,19,1994
Marcelo Trobbiani,Argentina,,17 de febrero de 1955,Mediocampista,21,1986
Marcelo Vega,Chile,,12 de agosto de 1971,Mediocampista,17,1998
Marcial Avalos,Paraguay,,,Delantero,-,1950
Marcin Baszczynski,Polonia,1.83 m,7 de junio de 1977,Defensor,4,2006
Marcin Zewlakow,Polonia,1.83 m,22 de abril de 1976,Delantero,14,2002
Marcio Santos,Brasil,,15 de septiembre de 1969,Defensor,15,1994
Marco Abreu,Angola,1.80 m,8 de diciembre de 1974,Defensor,23,2006
Marco Amelia,Italia,1.90 m,2 de abril de 1982,Arquero,14,2006
Marco Antonio,Brasil,,6 de febrero de 1951,Defensor,"6, 16","1970, 1974"
Marco Antonio Etcheverry,Bolivia,,26 de septiembre de 1970,Mediocampista,10,1994
Marco Antonio Sandy,Bolivia,,29 de agosto de 1971,Defensor,3,1994
Marco Asensio,España,1.75 m,21 de enero de 1996,Delantero,"20, 10","2018, 2022"
Marco Bode,Alemania,1.89 m,23 de julio de 1969,Delantero,17,2002
Mark Bresciano,Australia,1.82 m,11 de febrero de 1980,"Delantero, Mediocampista",23,"2006, 2010, 2014"
Marco Cornez,Chile,,15 de octubre de 1957,Arquero,12,1982
Marco Delvecchio,Italia,1.86 m,7 de abril de 1973,Delantero,18,2002
Marco Estrada,Chile,1.74 m,28 de mayo de 1983,Mediocampista,13,2010
Marco Fabián,México,1.70 m,21 de julio de 1989,Mediocampista,8,"2014, 2018"
Marco Grassi,Suiza,,8 de agosto de 1968,Delantero,15,1994
Marco Materazzi,Italia,1.93 m,19 de agosto de 1973,Defensor,23,"2002, 2006"
Marco Padalino,Suiza,1.77 m,8 de diciembre de 1983,Mediocampista,14,2010
Marco Parolo,Italia,1.86 m,25 de enero de 1985,Mediocampista,18,2014
Marco Pascolo,Suiza,,9 de mayo de 1966,Arquero,1,1994
Marco Reus,Alemania,1.80 m,31 de mayo de 1989,"Delantero, Mediocampista",11,2018
Marco Streller,Suiza,1.95 m,18 de junio de 1981,Delantero,11,2006
Marco Tardelli,Italia,,24 de septiembre de 1954,Mediocampista,"14, 15","1978, 1982, 1986"
Marco Van Basten,Paises Bajos,,31 de octubre de 1964,Delantero,9,1990
Marco Verratti,Italia,1.65 m,5 de noviembre de 1992,Mediocampista,23,2014
Marco Woelfli,Suiza,1.85 m,22 de agosto de 1982,Arquero,12,2010
Marcos,Brasil,1.93 m,4 de agosto de 1973,Arquero,1,2002
Marcos Acuña,Argentina,1.72 m,28 de octubre de 1991,Defensor,8,"2018, 2022"
Marcos Airosa,Angola,1.78 m,6 de agosto de 1984,Defensor,2,2006
Marcos Coll,Colombia,,23 de agosto de 1935,Mediocampista,15,1962
Marcos Llorente,España,1.84 m,30 de enero de 1995,Mediocampista,6,2022
Marcos Rivas,México,,19 de septiembre de 1945,Mediocampista,7,1970
Marcos Rojo,Argentina,1.84 m,20 de marzo de 1990,Defensor,16,"2014, 2018"
Marcos Senna,España,1.77 m,17 de julio de 1976,Mediocampista,16,2006
Marco Ureña,Costa Rica,1.79 m,5 de marzo de 1990,Delantero,21,"2014, 2018"
Marculeta,España,,24 de septiembre de 1907,Defensor,-,1934
Marcus Allback,Suecia,1.80 m,5 de julio de 1973,Delantero,"10, 20","2002, 2006"
Marcus Berg,Suecia,1.84 m,17 de agosto de 1986,Delantero,9,2018
Marcus Gayle,Jamaica,,27 de septiembre de 1970,Delantero,8,1998
Marcus Hahnemann,Estados Unidos,1.92 m,15 de junio de 1972,Arquero,"19, 23","2006, 2010"
Marcus Rashford,Inglaterra,1.80 m,31 de octubre de 1997,Delantero,"19, 11","2018, 2022"
Marcus Rohdén,Suecia,1.82 m,11 de mayo de 1991,Mediocampista,19,2018
Marcus Thuram,Francia,1.92 m,6 de agosto de 1997,Delantero,26,2022
Marcus Tulio Tanaka,Japón,1.85 m,24 de abril de 1981,Defensor,4,2010
Marek Cech,Eslovaquia,1.81 m,26 de enero de 1983,Defensor,4,2010
Marek Dziuba,Polonia,,19 de diciembre de 1955,Defensor,2,1982
Marek Hamsik,Eslovaquia,1.84 m,27 de julio de 1987,Mediocampista,17,2010
Marek Heinz,República Checa,1.88 m,4 de agosto de 1977,Delantero,18,2006
Marek Jankulovski,República Checa,1.84 m,9 de mayo de 1977,Defensor,6,2006
Marek Kozminski,Polonia,1.78 m,7 de febrero de 1971,Mediocampista,21,2002
Marek Kusto,Polonia,,29 de abril de 1954,Delantero,"22, 15, 18","1974, 1978, 1982"
Marek Ostrowski,Polonia,,22 de noviembre de 1959,Defensor,4,1986
Marek Sapara,Eslovaquia,1.76 m,31 de julio de 1982,Mediocampista,10,2010
Marian Hristov,Bulgaria,,29 de julio de 1973,Mediocampista,14,1998
Marian Ivan,Rumania,,1 de junio de 1969,Delantero,21,1994
Marian Masny,Checoslovaquia,,13 de agosto de 1950,Delantero,19,1982
Mariano Andujar,Argentina,1.80 m,30 de julio de 1983,Arquero,21,"2010, 2014"
Mariano Pernia,España,1.77 m,4 de mayo de 1977,Defensor,3,2006
Marijan Mrmic,Croacia,,6 de mayo de 1965,Arquero,12,1998
Marin Tufan,Rumania,,14 de octubre de 1942,Delantero,18,1970
Marinho Chagas,Brasil,,8 de febrero de 1952,Defensor,6,1974
Marinho Peres,Brasil,,19 de marzo de 1947,Defensor,3,1974
Marinko Galic,Eslovenia,1.75 m,22 de abril de 1970,Defensor,5,2002
Marino Klinger,Colombia,,7 de febrero de 1936,Delantero,17,1962
Marino Perani,Italia,,27 de octubre de 1939,Delantero,17,1966
Mario,Angola,1.84 m,1 de junio de 1985,Arquero,22,2006
Mario Alborta,Bolivia,,19 de septiembre de 1910,Delantero,-,1930
Mario Balotelli,Italia,1.89 m,12 de agosto de 1990,Delantero,9,2014
Mario Basler,Alemania,,18 de diciembre de 1968,Mediocampista,21,1994
Mario Bergara,Uruguay,,1 de diciembre de 1937,Delantero,20,1962
Mario Bertini,Italia,,7 de enero de 1944,Mediocampista,10,1970
Mario Bolatti,Argentina,1.89 m,17 de febrero de 1985,Mediocampista,5,2010
Mario Castillo,El Salvador,,30 de octubre de 1951,Defensor,2,1982
Mario Chaldu,Argentina,,6 de junio de 1942,Delantero,14,1966
Mario David,Italia,,13 de marzo de 1934,Defensor,18,1962
Mario De Las Casas,Perú,,12 de agosto de 1905,Defensor,-,1930
Mario Eggimann,Suiza,1.84 m,24 de enero de 1981,Defensor,22,2010
Mario Evaristo,Argentina,,10 de diciembre de 1908,Delantero,-,1930
Mário Fernandes,Rusia,1.89 m,19 de septiembre de 1990,Defensor,2,2018
Mario Galindo,Chile,,10 de agosto de 1951,Defensor,"15, 18","1974, 1982"
Mario Gavranovic,Suiza,1.75 m,24 de noviembre de 1989,Delantero,"17, 18","2014, 2018"
Mario Genta,Italia,,1 de marzo de 1912,Mediocampista,-,1938
Mario Gomez,Alemania,1.89 m,10 de julio de 1985,Delantero,23,"2010, 2018"
Mario Gonzalez,Uruguay,,27 de mayo de 1950,Defensor,15,1974
Mario Götze,Alemania,1.76 m,3 de junio de 1992,Mediocampista,"19, 11","2014, 2022"
Mario Haas,Austria,1.78 m,16 de septiembre de 1974,Delantero,7,1998
Mario Kempes,Argentina,,15 de julio de 1954,Delantero,"13, 10, 11","1974, 1978, 1982"
Mario Lepe,Chile,,14 de abril de 1940,Defensor,14,1962
Mario Mandzukic,Croacia,1.87 m,21 de mayo de 1986,Delantero,17,"2014, 2018"
Mario Martínez,Honduras,1.73 m,30 de julio de 1989,Mediocampista,10,2014
Mario Medina,México,,2 de septiembre de 1952,Delantero,20,1978
Mario Mena,Bolivia,,28 de julio de 1928,Delantero,-,1950
Mario Mendez,México,1.75 m,1 de junio de 1979,Defensor,16,2006
Mario Mendez,Uruguay,,11 de mayo de 1938,Defensor,4,1962
Mario Monge,El Salvador,,27 de noviembre de 1938,Mediocampista,12,1970
Mario Moreno,Chile,,31 de diciembre de 1935,Delantero,18,1962
Mario Ochoa,México,,1 de enero de 1927,"Defensor, Mediocampista",21,"1950, 1954"
Mario Ortiz,Chile,,28 de enero de 1936,Mediocampista,17,1962
Mario Osben,Chile,,14 de julio de 1950,Arquero,22,1982
Mario Pasalic,Croacia,1.89 m,9 de febrero de 1995,Mediocampista,15,2022
Mario Perazzolo,Italia,,7 de junio de 1911,Mediocampista,-,1938
Mario Perez,México,,30 de diciembre de 1946,Defensor,5,1970
Mario Perez,México,,19 de febrero de 1927,Delantero,-,1950
Mario Pinedo,Bolivia,,9 de abril de 1964,Mediocampista,7,1994
Mario Pizziolo,Italia,,7 de diciembre de 1909,Mediocampista,-,1934
Mario Prosperi,Suiza,,4 de agosto de 1945,Arquero,22,1966
Mario Regueiro,Uruguay,1.78 m,14 de septiembre de 1978,Delantero,17,2002
Mário Rui,Portugal,1.68 m,27 de mayo de 1991,Defensor,19,2018
Mario Saralegui,Uruguay,,24 de abril de 1959,Mediocampista,16,1986
Mario Sosa,Cuba,,1 de enero de 1910,Delantero,-,1938
Mario Soto,Chile,,10 de julio de 1950,Defensor,10,1982
Mario Stanic,Croacia,1.87 m,10 de abril de 1972,Mediocampista,13,"1998, 2002"
Mario Tokic,Croacia,1.80 m,23 de julio de 1975,Defensor,11,2006
Mario Trejo,México,,18 de septiembre de 1961,Defensor,2,1986
Mario Varglien,Italia,,16 de diciembre de 1905,Mediocampista,-,1934
Mario Velarde,México,,29 de marzo de 1940,"Delantero, Mediocampista","20, 18","1962, 1970"
Mario Yepes,Colombia,1.86 m,13 de enero de 1976,Defensor,3,2014
Mario Zatelli,Francia,,21 de diciembre de 1912,Delantero,-,1938
Marius Lacatus,Rumania,,5 de abril de 1964,Delantero,7,"1990, 1998"
Marius Tresor,Francia,,15 de enero de 1950,Defensor,8,"1978, 1982"
Mariusz Jop,Polonia,1.88 m,3 de agosto de 1978,Defensor,2,2006
Mariusz Lewandowski,Polonia,1.85 m,18 de mayo de 1979,Defensor,18,2006
Mark-Anthony Kaye,Canadá,1.85 m,2 de diciembre de 1994,Mediocampista,14,2022
Mark Caughey,Irlanda del Norte,,27 de agosto de 1960,Delantero,22,1986
Mark Fish,Sudáfrica,1.87 m,14 de marzo de 1974,Defensor,5,1998
Mark Gonzalez,Chile,1.75 m,10 de julio de 1984,Delantero,11,2010
Mark Harris,Gales,1.82 m,29 de diciembre de 1998,Delantero,19,2022
Mark Hateley,Inglaterra,,7 de noviembre de 1961,Delantero,9,1986
Mark Iuliano,Italia,1.87 m,12 de agosto de 1973,Defensor,15,2002
Mark Kinsella,Irlanda,1.76 m,12 de agosto de 1972,Mediocampista,12,2002
Mark Milligan,Australia,1.78 m,4 de agosto de 1985,Mediocampista,"22, 20, 5","2006, 2010, 2014, 2018"
Mark Paston,Nueva Zelanda,1.95 m,13 de diciembre de 1976,Arquero,1,2010
Mark Schwarzer,Australia,1.96 m,6 de octubre de 1972,Arquero,1,"2006, 2010"
Mark Van Bommel,Paises Bajos,1.87 m,22 de abril de 1977,Mediocampista,"18, 6","2006, 2010"
Mark Viduka,Australia,1.88 m,9 de octubre de 1975,Delantero,9,2006
Mark Wright,Inglaterra,,1 de agosto de 1963,Defensor,14,1990
Marko Babic,Croacia,1.86 m,28 de enero de 1981,Mediocampista,8,2006
Marko Dmitrović,Serbia,1.94 m,24 de enero de 1992,Arquero,"23, 1","2018, 2022"
Marko Grujić,Serbia,1.91 m,13 de abril de 1996,Mediocampista,"16, 26","2018, 2022"
Marko Livaja,Croacia,1.82 m,26 de agosto de 1993,Delantero,14,2022
Marko Marin,Alemania,1.69 m,13 de marzo de 1989,Mediocampista,21,2010
Marko Pantelic,Serbia,1.81 m,15 de septiembre de 1978,Delantero,9,2010
Marko Pjaca,Croacia,1.86 m,6 de mayo de 1995,Delantero,20,2018
Marko Rehmer,Alemania,1.87 m,29 de abril de 1972,Defensor,3,2002
Marko Simeunovic,Eslovenia,1.90 m,6 de diciembre de 1967,Arquero,1,2002
Marko Suler,Eslovenia,1.87 m,9 de marzo de 1983,Defensor,4,2010
Markus Babbel,Alemania,1.88 m,8 de septiembre de 1972,Defensor,14,1998
Markus Rosenberg,Suecia,1.84 m,27 de septiembre de 1982,Delantero,22,2006
Markus Schopp,Austria,1.88 m,22 de febrero de 1974,Mediocampista,2,1998
Marlon Ayovi,Ecuador,1.74 m,27 de septiembre de 1971,"Defensor, Mediocampista",15,"2002, 2006"
Souaïbou Marou,Camerún,1.80 m,3 de diciembre de 2000,Delantero,26,2022
Marouane Fellaini,Bélgica,1.94 m,22 de noviembre de 1987,Mediocampista,8,"2014, 2018"
Marquinhos,Brasil,1.83 m,14 de mayo de 1994,Defensor,"13, 4","2018, 2022"
Marten de Roon,Paises Bajos,1.86 m,29 de marzo de 1991,Mediocampista,15,2022
Martim,Brasil,,2 de marzo de 1911,Mediocampista,-,"1934, 1938"
Martin Amerhauser,Austria,1.80 m,23 de julio de 1974,Mediocampista,11,1998
Martin Boyle,Australia,1.72 m,25 de abril de 1993,Delantero,6,2022
Martin Braithwaite,Dinamarca,1.80 m,5 de junio de 1991,Delantero,"11, 9","2018, 2022"
Martin Brunner,Suiza,,23 de abril de 1963,Arquero,22,1994
Martin Buchan,Escocia,,6 de marzo de 1949,Defensor,"14, 4","1974, 1978"
Martin Caceres,Uruguay,1.78 m,7 de abril de 1987,Defensor,22,"2010, 2014, 2018, 2022"
Martín Campaña,Uruguay,1.87 m,29 de mayo de 1989,Arquero,12,2018
Martin Dahlin,Suecia,,16 de abril de 1968,Delantero,10,1994
Martin Demichelis,Argentina,1.84 m,20 de diciembre de 1980,Defensor,"2, 15","2010, 2014"
Martin Erlic,Croacia,1.92 m,24 de enero de 1998,Defensor,5,2022
Martin Hiden,Austria,1.81 m,11 de marzo de 1973,Defensor,12,1998
Martin Hoffmann,Alemania Oriental,,22 de marzo de 1955,Delantero,20,1974
Martin Hongla,Camerún,1.82 m,16 de marzo de 1998,Mediocampista,18,2022
Martin Jakubko,Eslovaquia,1.93 m,26 de febrero de 1980,Delantero,14,2010
Martin Jiranek,República Checa,1.83 m,25 de mayo de 1979,Defensor,13,2006
Martin Jorgensen,Dinamarca,1.80 m,6 de octubre de 1975,"Delantero, Mediocampista","21, 10","1998, 2002, 2010"
Martin Keown,Inglaterra,1.86 m,24 de julio de 1966,Defensor,"18, 15","1998, 2002"
Martin Laursen,Dinamarca,1.90 m,26 de julio de 1977,Defensor,4,2002
Martin Olsson,Suecia,1.70 m,17 de mayo de 1988,Defensor,5,2018
Martin O'Neill,Irlanda del Norte,,1 de marzo de 1952,Mediocampista,8,1982
Martin Palermo,Argentina,1.88 m,7 de noviembre de 1973,Delantero,18,2010
Martin Pando,Argentina,,26 de diciembre de 1934,Delantero,8,1962
Martin Peters,Inglaterra,,8 de noviembre de 1943,"Delantero, Mediocampista","16, 11","1966, 1970"
Martin Petras,Eslovaquia,1.87 m,2 de noviembre de 1979,Defensor,22,2010
Martin Rueda,Suiza,,9 de enero de 1963,Defensor,18,1994
Martin Silva,Uruguay,1.87 m,25 de marzo de 1983,Arquero,23,"2010, 2014, 2018"
Martin Skrtel,Eslovaquia,1.88 m,15 de diciembre de 1984,Defensor,3,2010
Martin Vazquez,España,,25 de septiembre de 1965,Mediocampista,6,1990
Martin Ventorla,España,,16 de diciembre de 1906,Delantero,-,1934
Martin Verges,España,,8 de marzo de 1934,Mediocampista,22,1962
Martin Wagner,Alemania,,24 de febrero de 1968,Defensor,17,1994
Marton Esterhazy,Hungría,,9 de abril de 1956,Delantero,11,1986
Marvin Andrews,Trinidad y Tobago,1.87 m,22 de diciembre de 1975,Defensor,4,2006
Marvin Chávez,Honduras,1.65 m,3 de noviembre de 1983,Mediocampista,23,2014
Marvin Obando,Costa Rica,,4 de abril de 1960,Defensor,5,1990
Marvin Plattenhardt,Alemania,1.81 m,26 de enero de 1992,Defensor,2,2018
Marwan Mohsen,Egipto,1.87 m,26 de enero de 1989,Delantero,9,2018
Maryan Wisnieski,Francia,,1 de febrero de 1937,Delantero,22,1958
Masaaki Higashiguchi,Japón,1.84 m,12 de mayo de 1986,Arquero,12,2018
Masahiko Inoha,Japón,1.79 m,28 de agosto de 1985,Defensor,19,2014
Masami Ihara,Japón,,18 de septiembre de 1967,Defensor,4,1998
Masashi Nakayama,Japón,1.78 m,23 de septiembre de 1967,Delantero,"9, 10","1998, 2002"
Masashi Oguro,Japón,1.77 m,4 de mayo de 1980,Delantero,16,2006
Masato Morishige,Japón,1.83 m,21 de mayo de 1987,Defensor,6,2014
Masayuki Okano,Japón,1.75 m,25 de julio de 1972,Delantero,14,1998
Mason Mount,Inglaterra,1.80 m,10 de enero de 1999,Mediocampista,19,2022
Masoud Shojaei,Irán,1.84 m,9 de junio de 1984,Mediocampista,"23, 7","2006, 2014, 2018"
Massamasso Tchangai,Togo,1.83 m,8 de agosto de 1978,Defensor,5,2006
Massimo Luongo,Australia,1.76 m,25 de septiembre de 1992,Mediocampista,"21, 8","2014, 2018"
Massimo Oddo,Italia,1.82 m,14 de junio de 1976,Defensor,22,2006
Mate Fenyvesi,Hungría,,20 de septiembre de 1933,Delantero,"21, 11, 12","1958, 1962, 1966"
Matej Mavric,Eslovenia,1.86 m,29 de enero de 1979,Defensor,22,2010
Mateja Kezman,Serbia y Montenegro,1.80 m,12 de abril de 1979,Delantero,8,2006
Mateo Kovacic,Croacia,1.77 m,6 de mayo de 1994,Mediocampista,"20, 8","2014, 2018, 2022"
Mateus,Angola,1.74 m,18 de junio de 1984,Mediocampista,11,2006
Mateus Uribe,Colombia,1.82 m,21 de marzo de 1991,Mediocampista,15,2018
Mateusz Wieteska,Polonia,1.87 m,11 de febrero de 1997,Defensor,4,2022
Matheus Nunes,Portugal,1.81 m,27 de agosto de 1998,Mediocampista,23,2022
Mathew Leckie,Australia,1.81 m,4 de febrero de 1991,Delantero,7,"2014, 2018, 2022"
Mathew Ryan,Australia,1.84 m,8 de abril de 1992,Arquero,1,"2014, 2018, 2022"
Mathias Heidemann,Alemania,,7 de febrero de 1912,Delantero,-,1934
Mathias Jensen,Dinamarca,1.80 m,1 de enero de 1996,Mediocampista,7,2022
Mathias Kaburek,Austria,,9 de febrero de 1911,Delantero,-,1934
Mathías Olivera,Uruguay,1.74 m,31 de octubre de 1997,Defensor,16,2022
Mathieu Debuchy,Francia,1.76 m,28 de julio de 1985,Defensor,2,2014
Mathieu Valbuena,Francia,1.67 m,28 de septiembre de 1984,Delantero,"20, 8","2010, 2014"
Mathis Bolly,Costa de Marfil,1.85 m,14 de noviembre de 1990,Mediocampista,6,2014
Matias Almeyda,Argentina,1.74 m,21 de diciembre de 1973,Mediocampista,5,"1998, 2002"
Matias Fernandez,Chile,1.76 m,15 de mayo de 1986,Mediocampista,14,2010
Matias Gonzalez,Uruguay,,6 de agosto de 1925,Defensor,-,1950
Matías Vecino,Uruguay,1.89 m,24 de agosto de 1991,Mediocampista,"15, 5","2018, 2022"
Matías Viña,Uruguay,1.80 m,9 de noviembre de 1997,Defensor,17,2022
Mats Gren,Suecia,,20 de diciembre de 1963,Mediocampista,19,1990
Mats Hummels,Alemania,1.92 m,16 de diciembre de 1988,Defensor,5,"2014, 2018"
Mats Magnusson,Suecia,,10 de julio de 1963,Delantero,20,1990
Matt Besler,Estados Unidos,1.83 m,11 de febrero de 1987,Defensor,5,2014
Matt Elliott,Escocia,,1 de noviembre de 1968,Defensor,18,1998
Matt Holland,Irlanda,1.75 m,11 de abril de 1974,Mediocampista,8,2002
Matt McKay,Australia,1.71 m,11 de enero de 1983,Mediocampista,17,2014
Matt Smith,Gales,1.75 m,22 de noviembre de 1999,Mediocampista,26,2022
Matt Turner,Estados Unidos,1.90 m,24 de junio de 1994,Arquero,1,2022
Matt Upson,Inglaterra,1.85 m,18 de abril de 1979,Defensor,15,2010
Matteo Darmian,Italia,1.82 m,2 de diciembre de 1989,Defensor,4,2014
Mattéo Guendouzi,Francia,1.84 m,14 de abril de 1999,Mediocampista,6,2022
Matthew Amoah,Ghana,1.75 m,24 de octubre de 1980,Delantero,14,"2006, 2010"
Matthew Booth,Sudáfrica,1.98 m,14 de marzo de 1977,Defensor,14,2010
Matthew Jurman,Australia,1.90 m,8 de diciembre de 1989,Defensor,6,2018
Matthew Spiranovic,Australia,1.93 m,27 de junio de 1988,Defensor,6,2014
Matthias Ginter,Alemania,1.89 m,19 de enero de 1994,Defensor,"3, 4","2014, 2018, 2022"
Matthias Herget,Alemania Occidental,,14 de noviembre de 1955,Defensor,5,1986
Matthias Sammer,Alemania,,5 de septiembre de 1967,Mediocampista,16,1994
Matthias Sindelar,Austria,,10 de febrero de 1903,Delantero,-,1934
Matthijs De Ligt,Paises Bajos,1.87 m,12 de agosto de 1999,Defensor,3,2022
Mattia De Sciglio,Italia,1.83 m,20 de octubre de 1992,Defensor,2,2014
Mattia Perin,Italia,1.88 m,10 de noviembre de 1992,Arquero,13,2014
Mattias Jonson,Suecia,1.78 m,16 de enero de 1974,"Delantero, Mediocampista",18,"2002, 2006"
Matty Cash,Polonia,1.85 m,7 de agosto de 1997,Defensor,2,2022
Mauk Weber,Paises Bajos,,13 de marzo de 1914,Defensor,-,"1934, 1938"
Maurice Edu,Estados Unidos,1.83 m,18 de abril de 1986,Mediocampista,19,2010
Maurice Lafont,Francia,,13 de septiembre de 1927,Mediocampista,11,1958
Maurice Malpas,Escocia,,3 de agosto de 1962,Defensor,"3, 6","1986, 1990"
Maurice Martens,Bélgica,,5 de junio de 1947,Defensor,14,1970
Maurice Norman,Inglaterra,,8 de mayo de 1934,Defensor,"16, 15","1958, 1962"
Maurice Setters,Inglaterra,,16 de diciembre de 1936,Delantero,22,1958
Mauricio Alfaro,El Salvador,,13 de febrero de 1956,Mediocampista,16,1982
Mauricio Aros,Chile,,9 de marzo de 1976,Defensor,16,1998
Mauricio Isla,Chile,1.77 m,12 de junio de 1988,Defensor,4,"2010, 2014"
Mauricio Manzano,El Salvador,,30 de septiembre de 1943,Defensor,14,1970
Mauricio Montero,Costa Rica,,19 de octubre de 1963,Defensor,20,1990
Mauricio Pineda,Argentina,,13 de julio de 1975,Defensor,4,1998
Mauricio Pinilla,Chile,1.85 m,4 de febrero de 1984,Delantero,9,2014
Mauricio Pochettino,Argentina,1.82 m,2 de marzo de 1972,Defensor,4,2002
Mauricio Ramos,Bolivia,,23 de septiembre de 1969,Mediocampista,14,1994
Mauricio Rodriguez,El Salvador,,12 de septiembre de 1945,Mediocampista,7,1970
Mauricio Sabillon,Honduras,1.80 m,11 de noviembre de 1978,Defensor,16,2010
Mauricio Serna,Colombia,,22 de enero de 1968,Mediocampista,"17, 6","1994, 1998"
Mauricio Solis,Costa Rica,1.77 m,13 de diciembre de 1972,Mediocampista,8,"2002, 2006"
Mauricio Victorino,Uruguay,1.82 m,11 de octubre de 1982,Defensor,6,2010
Mauricio Wright,Costa Rica,1.91 m,20 de diciembre de 1970,Defensor,4,2002
Maurinho,Brasil,,6 de junio de 1933,Delantero,17,1954
Maurits De Schrijver,Bélgica,,26 de junio de 1951,Defensor,15,1982
Maurizio Gaudino,Alemania,,12 de diciembre de 1966,Mediocampista,15,1994
Mauro Bellugi,Italia,,7 de febrero de 1950,Defensor,"14, 2","1974, 1978"
Mauro Camoranesi,Italia,1.74 m,4 de octubre de 1976,Mediocampista,16,"2006, 2010"
Mauro Galvao,Brasil,,19 de diciembre de 1961,Defensor,"16, 21","1986, 1990"
Mauro Lustrinelli,Suiza,1.73 m,26 de febrero de 1976,Delantero,18,2006
Mauro Ramos,Brasil,,30 de agosto de 1930,Defensor,"15, 16, 3","1954, 1958, 1962"
Mauro Silva,Brasil,1.80 m,12 de enero de 1968,Mediocampista,5,1994
Mauro Tassotti,Italia,,19 de enero de 1960,Defensor,9,1994
Mavuda Mafuila,Zaire,,15 de diciembre de 1949,Delantero,18,1974
Max Gradel,Costa de Marfil,1.75 m,30 de noviembre de 1987,Mediocampista,15,2014
Max Hagmayr,Austria,,16 de noviembre de 1956,Delantero,13,1982
Max Lorenz,Alemania Occidental,,19 de agosto de 1939,"Defensor, Mediocampista",16,"1966, 1970"
Max Morlock,Alemania Occidental,,11 de mayo de 1925,Delantero,13,1954
Max Prieto,México,,28 de marzo de 1919,Delantero,-,1950
Max Tolson,Australia,,18 de julio de 1945,Mediocampista,14,1974
Max Weiler,Suiza,,25 de septiembre de 1900,Defensor,-,1934
Maxi Gómez,Uruguay,1.86 m,14 de agosto de 1996,Delantero,18,"2018, 2022"
Maxi Rodriguez,Argentina,1.73 m,2 de enero de 1981,Mediocampista,"18, 20, 11","2006, 2010, 2014"
Maxime Bossis,Francia,,26 de junio de 1955,Defensor,"3, 4, 6","1978, 1982, 1986"
Maximiliano Meza,Argentina,1.80 m,15 de enero de 1992,Mediocampista,13,2018
Maximiliano Pereira,Uruguay,1.73 m,8 de junio de 1984,Defensor,16,"2010, 2014, 2018"
Máximo Banguera,Ecuador,1.88 m,16 de diciembre de 1985,Arquero,1,2014
Maxwell,Brasil,1.76 m,27 de agosto de 1981,Defensor,14,2014
Maya Yoshida,Japón,1.89 m,24 de agosto de 1988,Defensor,22,"2014, 2018, 2022"
Mayanga Maku,Zaire,,31 de octubre de 1948,Delantero,14,1974
Maynor Figueroa,Honduras,1.82 m,2 de mayo de 1983,Defensor,3,"2010, 2014"
Mazinho,Brasil,,8 de abril de 1966,Mediocampista,"18, 17","1990, 1994"
Mbark Boussoufa,Marruecos,1.67 m,17 de agosto de 1984,Mediocampista,14,2018
M'Baye Niang,Senegal,1.84 m,19 de diciembre de 1994,Delantero,19,2018
Mbo Mpenza,Bélgica,1.75 m,4 de diciembre de 1976,Delantero,"9, 22","1998, 2002"
Mbungu Ekofo,Zaire,,24 de noviembre de 1948,Delantero,19,1974
Medhi Benatia,Marruecos,1.89 m,17 de abril de 1987,Defensor,5,2018
Medhi Lacen,Argelia,1.78 m,15 de marzo de 1984,Mediocampista,8,"2010, 2014"
Mehdi Ben Slimane,Túnez,,1 de enero de 1974,Delantero,18,1998
Mehdi Carcela-González,Marruecos,1.79 m,1 de julio de 1989,Mediocampista,23,2018
Mehdi Mahdavikia,Irán,1.76 m,24 de julio de 1977,Mediocampista,2,"1998, 2006"
Mehdi Mostefa,Argelia,1.81 m,30 de agosto de 1983,Mediocampista,22,2014
Mehdi Nafti,Túnez,1.78 m,28 de noviembre de 1978,Mediocampista,8,2006
Mehdi Pashazadeh,Irán,,27 de diciembre de 1973,Defensor,20,1998
Mehdi Taremi,Irán,1.85 m,18 de julio de 1992,Delantero,"17, 9","2018, 2022"
Mehdi Torabi,Irán,1.80 m,10 de septiembre de 1994,Mediocampista,"2, 16","2018, 2022"
Mehrdad Minavand,Irán,,30 de noviembre de 1975,Delantero,21,1998
Mehrdad Pooladi,Irán,1.81 m,26 de febrero de 1987,Defensor,23,2014
Mehrzad Madanchi,Irán,1.80 m,10 de enero de 1985,Mediocampista,21,2006
Mel Charles,Gales,,14 de mayo de 1935,Mediocampista,5,1958
Mel Hopkins,Gales,,7 de noviembre de 1934,Defensor,3,1958
Melanio Baez,Paraguay,,,Mediocampista,-,1950
Melvin Brown,México,1.74 m,28 de enero de 1979,Defensor,20,2002
Memphis Depay,Paises Bajos,1.78 m,13 de febrero de 1994,Delantero,"21, 10","2014, 2022"
Menachem Bello,Israel,,26 de diciembre de 1947,Defensor,3,1970
Mendonca,Angola,1.72 m,9 de octubre de 1982,Mediocampista,14,2006
Mengalvio,Brasil,,17 de diciembre de 1939,Mediocampista,17,1962
Mensur Mujdza,Bosnia-Herzegovina,1.84 m,28 de marzo de 1984,Mediocampista,13,2014
Meshaal Barsham,Catar,1.80 m,14 de febrero de 1998,Arquero,22,2022
Mesut Ozil,Alemania,1.82 m,15 de octubre de 1988,Mediocampista,"8, 10","2010, 2014, 2018"
Michael Amir Murillo,Panamá,1.83 m,11 de febrero de 1996,Defensor,2,2018
Michael Arroyo,Ecuador,1.77 m,23 de abril de 1987,Mediocampista,15,2014
Michael Ballack,Alemania,1.89 m,26 de septiembre de 1976,Mediocampista,13,"2002, 2006"
Michael Barrantes,Costa Rica,1.77 m,4 de octubre de 1983,Mediocampista,11,2014
Michael Baur,Austria,,16 de abril de 1969,Mediocampista,12,1990
Michael Beauchamp,Australia,1.91 m,8 de marzo de 1981,Defensor,"16, 6","2006, 2010"
Michael Bradley,Estados Unidos,1.85 m,31 de julio de 1987,Mediocampista,4,"2010, 2014"
Michael Carrick,Inglaterra,1.85 m,28 de julio de 1981,Mediocampista,"18, 22","2006, 2010"
Michael Emenalo,Nigeria,,14 de julio de 1965,Defensor,19,1994
Michael Essien,Ghana,1.80 m,3 de diciembre de 1982,Mediocampista,"8, 5","2006, 2014"
Michael Estrada,Ecuador,1.87 m,7 de abril de 1996,Delantero,11,2022
Michael Klein,Rumania,,10 de octubre de 1959,Defensor,3,1990
Michael Konsel,Austria,,6 de marzo de 1962,Arquero,"21, 1","1990, 1998"
Michael Krohn-Dehli,Dinamarca,1.71 m,6 de junio de 1983,Mediocampista,2,2018
Michael Lang,Suiza,1.84 m,8 de febrero de 1991,Defensor,6,"2014, 2018"
Michael Lapper,Estados Unidos,,28 de agosto de 1970,Defensor,2,1994
Michael Laudrup,Dinamarca,,15 de junio de 1964,Mediocampista,"11, 10","1986, 1998"
Michael Mcglinchey,Nueva Zelanda,1.73 m,7 de enero de 1987,Mediocampista,15,2010
Michael Owen,Inglaterra,1.72 m,14 de diciembre de 1979,Delantero,"20, 10","1998, 2002, 2006"
Michael Reiziger,Paises Bajos,,3 de mayo de 1973,Defensor,2,1998
Michael Rodriguez,Costa Rica,1.74 m,30 de diciembre de 1981,Defensor,22,2006
Michael Schjonberg,Dinamarca,,19 de enero de 1967,Defensor,2,1998
Michael Sorber,Estados Unidos,,14 de mayo de 1971,Mediocampista,16,1994
Michael Streiter,Austria,,19 de enero de 1966,Defensor,18,1990
Michael Svensson,Suecia,1.89 m,25 de noviembre de 1975,Defensor,5,2002
Michael Tarnat,Alemania,,27 de octubre de 1969,Mediocampista,21,1998
Michael Uchebo,Nigeria,1.94 m,3 de febrero de 1990,Delantero,20,2014
Michael Umaña,Costa Rica,1.83 m,16 de julio de 1982,Defensor,4,"2006, 2014"
Michael Windischmann,Estados Unidos,,6 de diciembre de 1965,Defensor,5,1990
Michail Sifakis,Grecia,1.86 m,9 de septiembre de 1984,Arquero,13,2010
Michal Benedikovic,Checoslovaquia,,31 de mayo de 1923,Mediocampista,6,1954
Michal Bilek,Checoslovaquia,,13 de abril de 1965,Defensor,7,1990
Michał Pazdan,Polonia,1.81 m,21 de septiembre de 1987,Defensor,2,2018
Michal Skóraś,Polonia,1.72 m,15 de junio de 2000,Mediocampista,26,2022
Michal Zewlakow,Polonia,1.83 m,22 de abril de 1976,Defensor,"4, 14","2002, 2006"
Michel,España,,23 de marzo de 1963,Mediocampista,21,"1986, 1990"
Michel Aebischer,Suiza,1.83 m,6 de enero de 1997,Mediocampista,14,2022
Michel Babatunde,Nigeria,1.79 m,24 de diciembre de 1992,Mediocampista,18,2014
Michel Bastos,Brasil,1.79 m,2 de agosto de 1983,Defensor,6,2010
Michel Bibard,Francia,,30 de noviembre de 1958,Defensor,5,1986
Michel Brusseaux,Francia,,19 de marzo de 1913,Delantero,-,1938
Michel De Wolf,Bélgica,,19 de enero de 1958,Defensor,"4, 16, 14","1986, 1990, 1994"
Michel Kaham,Camerún,,1 de junio de 1952,Defensor,2,1982
Michel Leblond,Francia,,10 de mayo de 1932,Mediocampista,19,1954
Michel Pensee,Camerún,,16 de junio de 1973,Defensor,17,1998
Michel Platini,Francia,1.79 m,21 de junio de 1955,Mediocampista,"15, 10","1978, 1982, 1986"
Michel Preudhomme,Bélgica,,24 de enero de 1959,Arquero,1,"1990, 1994"
Michel Renquin,Bélgica,,3 de noviembre de 1955,Defensor,5,"1982, 1986"
Michel Salgado,España,1.73 m,22 de octubre de 1975,Defensor,2,2006
Michel Vorm,Paises Bajos,1.82 m,20 de octubre de 1983,Arquero,"16, 22","2010, 2014"
Michele Andreolo,Italia,1.69 m,6 de septiembre de 1912,Mediocampista,-,1938
Michy Batshuayi,Bélgica,1.85 m,2 de octubre de 1993,Delantero,"21, 23","2018, 2022"
Mick Mc Carthy,Irlanda,,7 de febrero de 1959,Defensor,4,1990
Mick Mills,Inglaterra,,4 de enero de 1949,Defensor,12,1982
Mickael Landreau,Francia,1.84 m,14 de mayo de 1979,Arquero,"1, 23","2006, 2014"
Miguel,Portugal,1.75 m,4 de enero de 1980,Defensor,13,"2006, 2010"
Miguel Alonso,España,,1 de febrero de 1953,Mediocampista,4,1982
Miguel Angel,España,,24 de diciembre de 1947,Arquero,"13, 22","1978, 1982"
Miguel Angel Nadal,España,1.87 m,28 de julio de 1966,Defensor,20,"1994, 1998, 2002"
Miguel Angel Rimba,Bolivia,,1 de noviembre de 1967,Defensor,4,1994
Miguel Araujo,Perú,1.78 m,24 de octubre de 1994,Defensor,5,2018
Miguel Benitez,Paraguay,,19 de mayo de 1970,Delantero,15,1998
Miguel Borja,Colombia,1.83 m,26 de enero de 1993,Delantero,19,2018
Miguel Bossio,Uruguay,,10 de febrero de 1960,Mediocampista,5,1986
Miguel Brindisi,Argentina,,8 de octubre de 1950,Mediocampista,6,1974
Miguel Brito,Bolivia,,,Mediocampista,-,1930
Miguel Busquets,Chile,,15 de octubre de 1920,Mediocampista,-,1950
Miguel Calero,Colombia,1.89 m,14 de abril de 1971,Arquero,12,1998
Miguel Cappuccini,Uruguay,,5 de enero de 1904,Arquero,-,1930
Miguel Davis,Costa Rica,,18 de junio de 1966,Mediocampista,13,1990
Miguel Diaz,El Salvador,,27 de enero de 1957,Defensor,18,1982
Miguel Espana,México,,4 de abril de 1961,Mediocampista,7,1986
Miguel Flores,Chile,,,Defensor,-,1950
Miguel Gamboa,Chile,,21 de junio de 1951,Delantero,21,1982
Miguel Guerrero,Colombia,,7 de septiembre de 1967,Delantero,9,1990
Miguel Gutierrez,Perú,,19 de noviembre de 1956,Defensor,14,1982
Miguel Gutierrez,México,,7 de mayo de 1931,Defensor,14,1958
Miguel Layún,México,1.76 m,25 de junio de 1988,Defensor,7,"2014, 2018"
Miguel Murillo,Bolivia,,,Arquero,-,1930
Miguel Neira,Chile,,9 de octubre de 1952,Mediocampista,20,1982
Miguel Oviedo,Argentina,,12 de octubre de 1950,Mediocampista,17,1978
Miguel Pardeza,España,,8 de febrero de 1965,Delantero,7,1990
Miguel Pinto,Chile,1.80 m,4 de julio de 1983,Arquero,12,2010
Miguel Ponce,México,1.76 m,12 de abril de 1989,Defensor,16,2014
Miguel Ramirez,Chile,,11 de junio de 1970,Defensor,14,1998
Miguel Reina,España,,21 de enero de 1946,Arquero,13,1966
Miguel Santoro,Argentina,,27 de febrero de 1942,Arquero,21,1974
Miguel Segura,Costa Rica,,2 de septiembre de 1963,Arquero,22,1990
Miguel Tendillo,España,,1 de febrero de 1961,Defensor,5,1982
Miguel Trauco,Perú,1.70 m,27 de agosto de 1992,Defensor,6,2018
Miguel Veloso,Portugal,1.81 m,11 de mayo de 1986,Mediocampista,"14, 4","2010, 2014"
Migueli,España,,19 de diciembre de 1951,Defensor,5,1978
Mihai Ivancescu,Rumania,,22 de marzo de 1942,Defensor,12,1970
Mihai Mocanu,Rumania,,24 de febrero de 1942,Defensor,4,1970
Mihaly Biro,Hungría,,,Delantero,-,1938
Mihaly Lantos,Hungría,,29 de septiembre de 1928,Defensor,4,1954
Mihaly Toth,Hungría,,14 de septiembre de 1926,Delantero,20,1954
Mihaly Vasas,Hungría,,1 de enero de 1933,Delantero,17,1958
Miiko Albornoz,Chile,1.80 m,30 de noviembre de 1990,Defensor,3,2014
Mikael Lustig,Suecia,1.91 m,13 de diciembre de 1986,Defensor,2,2018
Mikael Nilsson,Suecia,1.82 m,24 de junio de 1978,Defensor,2,2006
Mikael Nilsson,Suecia,,28 de septiembre de 1968,Defensor,13,1994
Mikael Silvestre,Francia,1.83 m,9 de agosto de 1977,Defensor,13,"2002, 2006"
Mike Bookie,Estados Unidos,,12 de septiembre de 1904,Mediocampista,-,1930
Mike Burns,Estados Unidos,,14 de septiembre de 1970,Defensor,"3, 4","1994, 1998"
Mike Hanke,Alemania,1.84 m,5 de noviembre de 1983,Delantero,9,2006
Mike Sweeney,Canadá,,25 de diciembre de 1959,Mediocampista,11,1986
Mike Verstraeten,Bélgica,,12 de agosto de 1967,Defensor,17,1998
Mikhail Meskhi,URSS,,12 de enero de 1937,Delantero,17,1962
Miki Yamane,Japón,1.78 m,22 de diciembre de 1993,Defensor,2,2022
Mikkel Beckmann,Dinamarca,1.78 m,24 de octubre de 1983,Delantero,17,2010
Mikkel Damsgaard,Dinamarca,1.80 m,3 de julio de 2000,Delantero,14,2022
Miklos Molnar,Dinamarca,,10 de abril de 1970,Delantero,9,1998
Milad Mohammadi,Irán,1.78 m,29 de septiembre de 1993,Defensor,5,"2018, 2022"
Milan Albrecht,Checoslovaquia,,16 de julio de 1950,Delantero,20,1970
Milan Badelj,Croacia,1.86 m,25 de febrero de 1989,Mediocampista,"15, 19","2014, 2018"
Milan Baros,República Checa,1.81 m,28 de octubre de 1981,Delantero,15,2006
Milan Borjan,Canadá,1.95 m,23 de octubre de 1987,Arquero,18,2022
Milan Dudic,Serbia y Montenegro,1.83 m,1 de noviembre de 1979,Defensor,15,2006
Milan Dvorak,Checoslovaquia,,19 de noviembre de 1934,Delantero,8,1958
Milan Galic,Yugoslavia,,8 de marzo de 1938,Delantero,10,1962
Milan Jovanovic,Serbia,1.83 m,18 de abril de 1981,Mediocampista,14,2010
Milan Luhovy,Checoslovaquia,,1 de enero de 1963,Delantero,18,1990
Milan Osterc,Eslovenia,1.84 m,4 de julio de 1975,Delantero,9,2002
Milan Rapaic,Croacia,1.83 m,16 de agosto de 1973,Mediocampista,5,2002
Milan Rodić,Serbia,1.85 m,2 de abril de 1991,Defensor,14,2018
Milan Stojanovic,Yugoslavia,,,Arquero,-,1930
Milan Zekovic,Yugoslavia,,15 de noviembre de 1925,Defensor,13,1954
Mile Jedinak,Australia,1.88 m,3 de agosto de 1984,Mediocampista,15,"2010, 2014, 2018"
Mile Sterjovski,Australia,1.80 m,27 de mayo de 1979,Mediocampista,21,2006
Milen Petkov,Bulgaria,,12 de enero de 1974,Mediocampista,22,1998
Milenko Acimovic,Eslovenia,1.86 m,15 de febrero de 1977,Mediocampista,18,2002
Milivoje Novakovic,Eslovenia,1.91 m,18 de mayo de 1979,Delantero,11,2010
Milko Gaidarski,Bulgaria,,18 de marzo de 1946,Defensor,12,1970
Milorad Arsenijevic,Yugoslavia,,6 de junio de 1906,Mediocampista,-,1930
Milorad Milutinovic,Yugoslavia,,,Mediocampista,14,1958
Milos Degenek,Australia,1.87 m,28 de abril de 1994,Defensor,2,"2018, 2022"
Milos Hrstic,Yugoslavia,,20 de noviembre de 1955,Defensor,15,1982
Milos Krasic,Serbia,1.85 m,1 de noviembre de 1984,Mediocampista,17,2010
Milos Milutinovic,Yugoslavia,,5 de febrero de 1933,Delantero,"18, 7","1954, 1958"
Milos Ninkovic,Serbia,1.79 m,25 de diciembre de 1984,Mediocampista,18,2010
Milos Sestic,Yugoslavia,,8 de agosto de 1956,Delantero,16,1982
Miloš Veljković,Serbia,1.88 m,26 de septiembre de 1995,Defensor,"13, 5","2018, 2022"
Milovan Jaksic,Yugoslavia,,21 de septiembre de 1909,Arquero,-,1930
Miloy,Angola,1.82 m,27 de mayo de 1981,Mediocampista,6,2006
Milton Melgar,Bolivia,,20 de septiembre de 1959,Mediocampista,8,1994
Milton Viera,Uruguay,,11 de mayo de 1946,Delantero,18,1966
Milutin Ivkovic,Yugoslavia,,3 de marzo de 1906,Defensor,-,1930
Milutin Soskic,Yugoslavia,,31 de diciembre de 1937,Arquero,1,1962
Min-jae Kim,Corea del Sur,1.89 m,15 de noviembre de 1996,Defensor,4,2022
Min Kook Cho,Corea del Sur,,5 de julio de 1963,Defensor,"14, 15","1986, 1990"
Min-kyu Song,Corea del Sur,1.79 m,12 de septiembre de 1999,Mediocampista,26,2022
Min Soo Kang,Corea del Sur,1.86 m,14 de febrero de 1986,Defensor,23,2010
Min Sung Lee,Corea del Sur,1.83 m,23 de junio de 1973,Defensor,"5, 15","1998, 2002"
Min-woo Kim,Corea del Sur,1.72 m,25 de febrero de 1990,Defensor,12,2018
Minas Hantzidis,Grecia,,4 de julio de 1966,Mediocampista,17,1994
Mineiro,Brasil,1.69 m,2 de agosto de 1975,Mediocampista,18,2006
Mingyu Ma,China,1.76 m,10 de agosto de 1972,Mediocampista,9,2002
Mini Jakobsen,Noruega,,8 de noviembre de 1965,"Delantero, Mediocampista",11,"1994, 1998"
Miodrag Belodedici,Rumania,,20 de mayo de 1964,Defensor,4,1994
Miodrag Jovanovic,Yugoslavia,,17 de enero de 1922,Mediocampista,-,1950
Miralem Pjanic,Bosnia-Herzegovina,1.80 m,2 de abril de 1990,Mediocampista,8,2014
Miran Pavlin,Eslovenia,1.87 m,8 de octubre de 1971,Mediocampista,11,2002
Miranda,Brasil,1.86 m,7 de septiembre de 1984,Defensor,3,2018
Mirandinha,Brasil,,26 de febrero de 1952,Delantero,19,1974
Mircea David,Rumania,,16 de octubre de 1914,Arquero,-,1938
Mircea Lucescu,Rumania,,29 de julio de 1945,Delantero,11,1970
Mircea Rednic,Rumania,,9 de abril de 1962,Defensor,2,1990
Mirko Stojanovic,Yugoslavia,,11 de junio de 1939,Arquero,19,1962
Miroslav Djukic,RF de Yugoslavia,,19 de febrero de 1966,Defensor,5,1998
Miroslav Justek,Polonia,,23 de septiembre de 1948,Defensor,14,1978
Miroslav Kadlec,Checoslovaquia,,22 de junio de 1964,Defensor,3,1990
Miroslav Klose,Alemania,1.82 m,9 de junio de 1978,Delantero,11,"2002, 2006, 2010, 2014"
Miroslav Pavlovic,Yugoslavia,,15 de diciembre de 1942,Mediocampista,13,1974
Miroslav Stevic,RF de Yugoslavia,,7 de enero de 1970,Mediocampista,19,1998
Miroslav Stoch,Eslovaquia,1.68 m,19 de octubre de 1989,Mediocampista,15,2010
Miroslav Szymkowiak,Polonia,1.79 m,12 de noviembre de 1976,Mediocampista,10,2006
Miroslaw Bulzacki,Polonia,,23 de octubre de 1951,Defensor,8,1974
Mirsad Baljic,Yugoslavia,,4 de marzo de 1962,Defensor,18,1990
Mirto Davoine,Uruguay,,13 de febrero de 1933,Defensor,13,1954
Misael Escuti,Chile,,20 de diciembre de 1926,Arquero,1,1962
Mislav Orsic,Croacia,1.79 m,29 de diciembre de 1992,Delantero,18,2022
Miso Brecko,Eslovenia,1.72 m,1 de mayo de 1984,Defensor,2,2010
Mitchell Duke,Australia,1.82 m,18 de enero de 1991,Delantero,15,2022
Mitchell Langerak,Australia,1.91 m,22 de agosto de 1988,Arquero,12,2014
Mitsuo Ogasawara,Japón,1.73 m,5 de abril de 1979,Mediocampista,"19, 8","2002, 2006"
Mix Diskerud,Estados Unidos,1.84 m,2 de octubre de 1990,Mediocampista,10,2014
Mladen Dabanovic,Eslovenia,1.96 m,13 de septiembre de 1971,Arquero,12,2002
Mladen Krstajic,Serbia y Montenegro,1.91 m,4 de marzo de 1974,Defensor,20,2006
Mladen Rudonja,Eslovenia,1.75 m,26 de julio de 1971,Delantero,13,2002
Mladen Vasilev,Bulgaria,,29 de julio de 1947,Delantero,13,1974
Mo Heng Tan,Indias Orientales Holand.,,28 de febrero de 1913,Arquero,-,1938
Mo Johnston,Escocia,,13 de abril de 1963,Delantero,7,1990
Moacir,Brasil,,18 de mayo de 1936,Mediocampista,13,1958
Mobi Oparaku,Nigeria,,1 de diciembre de 1976,Defensor,2,1998
Moderato,Brasil,,14 de julio de 1902,Delantero,-,1930
Modesto Denis,Paraguay,,1 de enero de 1901,Arquero,-,1930
Modesto Soruco,Bolivia,,12 de febrero de 1966,Defensor,13,1994
Mogens Krogh,Dinamarca,,31 de octubre de 1963,Arquero,16,1998
Mohamadou Idrissou,Camerún,1.90 m,8 de marzo de 1980,Delantero,17,2010
Mohamed Abdel-Shafy,Egipto,1.75 m,1 de julio de 1985,Defensor,13,2018
Mohamed Abdeljawad,Arabia Saudita,,28 de noviembre de 1962,Defensor,13,1994
Mohamed Abdullah,Emiratos Arabes,,1 de octubre de 1963,Defensor,6,1990
Mohamed Akid,Túnez,,5 de julio de 1949,Delantero,9,1978
Mohamed Al Bishi,Arabia Saudita,1.83 m,3 de mayo de 1987,Defensor,17,2006
Mohamed Ali Ben Romdhane,Túnez,1.82 m,6 de septiembre de 1999,Mediocampista,15,2022
Mohamed Amine Ben Amor,Túnez,1.80 m,3 de mayo de 1992,Mediocampista,14,2018
Mohamed Ben Moussa,Túnez,,5 de abril de 1954,Delantero,15,1978
Mohamed Chaib,Argelia,,20 de mayo de 1958,Defensor,19,1986
Mohamed Drager,Túnez,1.80 m,25 de junio de 1996,Defensor,20,2022
Mohamed El Filali,Marruecos,,9 de julio de 1945,Mediocampista,10,1970
Mohamed El-Shenawy,Egipto,1.91 m,18 de diciembre de 1988,Arquero,23,2018
Mohamed Elneny,Egipto,1.80 m,11 de julio de 1992,Mediocampista,17,2018
Mohamed Haris,Iraq,,3 de marzo de 1958,Mediocampista,7,1986
Mohamed Hazzaz,Marruecos,,1 de enero de 1945,Arquero,12,1970
Mohamed Helmy,Egipto,,13 de febrero de 1912,Mediocampista,-,1934
Mohamed Ismail,Iraq,,17 de abril de 1962,Mediocampista,18,1986
Mohamed Kaci Said,Argelia,,2 de mayo de 1958,Mediocampista,6,1986
Mohamed Kader,Togo,1.74 m,8 de abril de 1979,Delantero,17,2006
Mohamed Kanno,Arabia Saudita,1.92 m,22 de septiembre de 1994,Mediocampista,"12, 23","2018, 2022"
Mohamed Karam,Kuwait,,1 de enero de 1955,Mediocampista,18,1982
Mohamed Latif,Egipto,,23 de octubre de 1909,Mediocampista,-,1934
Mohamed Maaroufi,Marruecos,,1 de enero de 1947,Mediocampista,6,1970
Mohamed Mkacher,Túnez,1.80 m,25 de mayo de 1975,Defensor,4,2002
Mohamed Sahil,Marruecos,,11 de octubre de 1963,Delantero,18,1986
Mohamed Salah,Egipto,1.75 m,15 de junio de 1992,Delantero,10,2018
Mohamed Salim,Emiratos Arabes,,13 de enero de 1968,Defensor,16,1990
Mohamed Samadi,Marruecos,,21 de marzo de 1970,Delantero,21,1994
Mohamed Timoumi,Marruecos,,15 de enero de 1960,Mediocampista,10,1986
Mohamed Zemmamouche,Argelia,1.86 m,19 de marzo de 1985,Arquero,16,2014
Mohammad Al-Sahlawi,Arabia Saudita,1.80 m,10 de enero de 1987,Delantero,10,2018
Mohammad Al Shalhoub,Arabia Saudita,1.63 m,8 de diciembre de 1980,Mediocampista,10,"2002, 2006"
Mohammad Khakpour,Irán,,20 de febrero de 1969,Defensor,4,1998
Mohammad Khojah,Arabia Saudita,1.89 m,15 de marzo de 1982,Arquero,22,2006
Mohammad Mazaheri,Irán,1.91 m,18 de mayo de 1989,Arquero,12,2018
Mohammad Nosrati,Irán,1.80 m,11 de enero de 1982,Defensor,20,2006
Mohammad Reza Korbekandi,Irán,,27 de enero de 1953,Arquero,22,1978
Mohammad Sadeqi,Irán,,17 de marzo de 1951,Mediocampista,9,1978
Mohammadreza Khanzadeh,Irán,1.84 m,11 de mayo de 1991,Defensor,13,2018
Mohammed Al-Breik,Arabia Saudita,1.73 m,15 de septiembre de 1992,Defensor,6,"2018, 2022"
Mohammed Al Deayea,Arabia Saudita,1.88 m,2 de agosto de 1972,Arquero,1,"1994, 1998, 2002, 2006"
Mohammed Al Jahani,Arabia Saudita,1.77 m,28 de septiembre de 1974,Defensor,2,"1998, 2002"
Mohammed Al Khlaiwi,Arabia Saudita,,21 de agosto de 1971,Defensor,3,"1994, 1998"
Mohammed Al-Owais,Arabia Saudita,1.85 m,10 de octubre de 1991,Arquero,"22, 21","2018, 2022"
Mohammed Al Rubaie,Arabia Saudita,1.90 m,14 de agosto de 1997,Arquero,1,2022
Mohammed Ameen,Arabia Saudita,1.75 m,29 de abril de 1980,Mediocampista,7,2006
Mohammed Babkr,Arabia Saudita,1.86 m,15 de enero de 1973,Arquero,22,2002
Mohammed Chaouch,Marruecos,,12 de diciembre de 1966,Delantero,9,1994
Mohammed El Haddaoui,Marruecos,,21 de octubre de 1964,Mediocampista,15,1986
Mohammed Kudus,Ghana,1.75 m,2 de agosto de 2000,Mediocampista,20,2022
Mohammed Massad,Arabia Saudita,1.76 m,17 de febrero de 1983,Mediocampista,19,2006
Mohammed Muntari,Catar,1.82 m,20 de diciembre de 1993,Delantero,9,2022
Mohammed Noor,Arabia Saudita,1.86 m,26 de febrero de 1978,Mediocampista,8,"2002, 2006"
Mohammed Rabiu,Ghana,1.88 m,31 de diciembre de 1989,Mediocampista,17,2014
Mohammed Salisu,Ghana,1.91 m,17 de abril de 1999,Defensor,4,2022
Mohammed Waad,Catar,1.83 m,18 de septiembre de 1999,Mediocampista,4,2022
Moharram Navidkia,Irán,1.81 m,1 de noviembre de 1982,Mediocampista,18,2006
Mohsen Labidi,Túnez,,15 de enero de 1954,Defensor,5,1978
Mohsin Harthi,Arabia Saudita,1.84 m,17 de julio de 1976,Defensor,5,2002
Moisés Caicedo,Ecuador,1.78 m,2 de noviembre de 2001,Mediocampista,23,2022
Moises Jinich,México,,,Delantero,19,1954
Moisés Ramírez,Ecuador,1.85 m,9 de septiembre de 2000,Arquero,12,2022
Moises Villarroel,Chile,,12 de febrero de 1976,Defensor,15,1998
Mokhtar Douieb,Túnez,,23 de marzo de 1952,Defensor,2,1978
Mokhtar Hasni,Túnez,,19 de marzo de 1952,Delantero,19,1978
Mokhtar Naili,Túnez,,3 de septiembre de 1953,Arquero,22,1978
Momcilo Djokic,Yugoslavia,,27 de febrero de 1911,Mediocampista,-,1930
Moneeb Josephs,Sudáfrica,1.84 m,19 de mayo de 1980,Arquero,1,2010
Montassar Talbi,Túnez,1.90 m,26 de mayo de 1998,Defensor,3,2022
Moon-hwan Kim,Corea del Sur,1.73 m,1 de agosto de 1995,Defensor,15,2022
Moon Sik Choi,Corea del Sur,,6 de enero de 1971,Mediocampista,19,1994
Morais,Portugal,,6 de marzo de 1935,Defensor,17,1966
Morato,Portugal,,6 de noviembre de 1964,Defensor,13,1986
Mordechai Spiegler,Israel,,19 de agosto de 1944,Delantero,10,1970
Moreno Torricelli,Italia,,23 de enero de 1970,Defensor,8,1998
Morgan De Sanctis,Italia,1.90 m,26 de marzo de 1977,Arquero,14,2010
Morgan Schneiderlin,Francia,1.81 m,8 de noviembre de 1989,Mediocampista,22,2014
Morten Olsen,Dinamarca,,14 de agosto de 1949,Defensor,4,1986
Morten Wieghorst,Dinamarca,,25 de febrero de 1971,Mediocampista,14,1998
Morteza Pouraliganji,Irán,1.85 m,19 de abril de 1992,Defensor,8,"2018, 2022"
Moshe Romano,Israel,,6 de mayo de 1946,Delantero,18,1970
Mostafa Kamel Taha,Egipto,,,Mediocampista,-,1934
Motaz Hawsawi,Arabia Saudita,1.79 m,17 de febrero de 1992,Defensor,23,2018
Motohiro Yamaguchi,Japón,,29 de enero de 1969,Mediocampista,6,1998
Mouayad Al Haddad,Kuwait,,1 de enero de 1960,Delantero,19,1982
Mouez Hassen,Túnez,1.86 m,5 de marzo de 1995,Arquero,"22, 26","2018, 2022"
Mounir Boukadida,Túnez,1.85 m,24 de octubre de 1967,Defensor,4,1998
Mourad Amara,Argelia,,19 de febrero de 1959,Arquero,"21, 22","1982, 1986"
Mourad Melki,Túnez,1.78 m,9 de mayo de 1975,Mediocampista,"12, 21","1998, 2002"
Mousa Dembélé,Bélgica,1.85 m,16 de julio de 1987,Mediocampista,19,"2014, 2018"
Moussa Konaté,Senegal,1.83 m,3 de abril de 1993,Delantero,14,2018
Moussa Ndiaye,Senegal,1.80 m,20 de febrero de 1979,Mediocampista,14,2002
Moussa N'Diaye,Senegal,1.78 m,18 de junio de 2002,Defensor,10,2022
Moussa Sissoko,Francia,1.87 m,18 de agosto de 1989,Mediocampista,18,2014
Moussa Sow,Senegal,1.80 m,19 de enero de 1986,Delantero,7,2018
Moussa Wagué,Senegal,1.77 m,4 de octubre de 1998,Defensor,22,2018
Mostafa Tarek,Catar,1.74 m,28 de marzo de 2001,Mediocampista,26,2022
Moustapha Name,Senegal,1.83 m,5 de mayo de 1995,Mediocampista,24,2022
Moustapha Salifou,Togo,1.80 m,1 de junio de 1983,Delantero,7,2006
Mozer,Brasil,,19 de septiembre de 1960,Defensor,13,1990
Muamer Vugdalic,Eslovenia,1.90 m,25 de agosto de 1977,Defensor,4,2002
Mubarak Mubarak,Kuwait,,1 de enero de 1961,Defensor,13,1982
Mubarak Wakaso,Ghana,1.71 m,25 de julio de 1990,Mediocampista,22,2014
Muepu Ilunga,Zaire,,22 de agosto de 1949,Defensor,2,1974
Muhamed Besic,Bosnia-Herzegovina,1.80 m,10 de septiembre de 1992,Defensor,7,2014
Muhamed Mujic,Yugoslavia,,25 de abril de 1932,Mediocampista,16,1962
Muhannad Assiri,Arabia Saudita,1.87 m,14 de octubre de 1986,Delantero,20,2018
Muhsin Musabah,Emiratos Arabes,,1 de enero de 1964,Arquero,17,1990
Muller,Brasil,,31 de enero de 1966,Delantero,"7, 15, 19","1986, 1990, 1994"
Munir El Kajoui,Marruecos,1.90 m,10 de mayo de 1989,Arquero,12,"2018, 2022"
Murdo Mcleod,Escocia,,24 de septiembre de 1958,Mediocampista,10,1990
Murtaz Khurtsilava,URSS,,5 de enero de 1943,"Defensor, Mediocampista","7, 8","1966, 1970"
Musaab Khidir,Catar,1.76 m,1 de enero de 1993,Defensor,13,2022
Mustafa Choukri,Marruecos,,1 de enero de 1945,Mediocampista,16,1970
Mustafa Dahleb,Argelia,,8 de febrero de 1952,Mediocampista,15,1982
Mustafa El Biyaz,Marruecos,,12 de diciembre de 1960,Defensor,4,1986
Mustafa El Hadji,Marruecos,,16 de noviembre de 1971,Mediocampista,7,"1994, 1998"
Mustafa Erton,Turquía,,21 de abril de 1926,Defensor,4,1954
Mustafa Kouici,Argelia,,16 de abril de 1954,Defensor,3,1982
Mustafa Merry,Marruecos,,21 de abril de 1958,Delantero,11,1986
Mustapha El Chadili,Marruecos,1.70 m,14 de febrero de 1973,Arquero,22,1998
Mustapha El Hadaoui,Marruecos,,28 de julio de 1961,Mediocampista,"7, 10","1986, 1994"
Mutiu Adepoju,Nigeria,1.80 m,22 de diciembre de 1970,Mediocampista,"21, 8","1994, 1998, 2002"
Muzzy Izzet,Turquía,1.77 m,31 de octubre de 1974,Mediocampista,13,2002
Mwanza Nel Mukombo,Zaire,,17 de diciembre de 1945,Defensor,3,1974
Mwape Mialo,Zaire,,30 de diciembre de 1951,Defensor,16,1974
Myong Gil Kim,Corea del Norte,1.81 m,16 de octubre de 1984,Arquero,18,2010
Myong Guk Ri,Corea del Norte,1.87 m,9 de septiembre de 1986,Arquero,1,2010
Myong Won Kim,Corea del Norte,1.80 m,15 de julio de 1983,Arquero,20,2010
Myung Bo Hong,Corea del Sur,1.81 m,12 de febrero de 1969,Defensor,20,"1990, 1994, 1998, 2002"
Nabil Bentaleb,Argelia,1.87 m,24 de noviembre de 1994,Mediocampista,14,2014
Nabil Dirar,Marruecos,1.87 m,25 de febrero de 1986,Defensor,17,2018
Nabil Fekir,Francia,1.73 m,18 de julio de 1993,Delantero,18,2018
Nabil Ghilas,Argelia,1.83 m,20 de abril de 1990,Delantero,9,2014
Nacer Abdellah,Marruecos,,3 de marzo de 1966,Defensor,2,1994
Nacer Chadli,Bélgica,1.87 m,2 de agosto de 1989,Mediocampista,22,"2014, 2018"
Nacho,España,1.79 m,18 de enero de 1990,Defensor,4,2018
Nacho Monreal,España,1.79 m,26 de febrero de 1986,Defensor,16,2018
Nader Ghandri,Túnez,1.96 m,18 de febrero de 1995,Defensor,5,2022
Nader Khani,Irán,,23 de agosto de 1963,Mediocampista,14,1998
Nadir Belhadj,Argelia,1.80 m,18 de junio de 1982,Defensor,3,2010
Nahitan Nández,Uruguay,1.71 m,28 de diciembre de 1995,Mediocampista,8,2018
Nahuel Guzmán,Argentina,1.92 m,10 de febrero de 1986,Arquero,1,2018
Nahuel Molina,Argentina,1.78 m,6 de abril de 1998,Defensor,26,2022
Naif Al-Hadhrami,Catar,1.80 m,18 de julio de 2001,Delantero,24,2022
Naif Al Qadi,Arabia Saudita,1.76 m,3 de abril de 1979,Defensor,5,2006
Naim Fajah,Kuwait,,1 de octubre de 1957,Defensor,2,1982
Naim Sadavi,Irán,,16 de junio de 1969,Defensor,3,1998
Naïm Sliti,Túnez,1.73 m,27 de julio de 1992,Mediocampista,23,"2018, 2022"
Nak Woon Sung,Corea del Sur,,2 de febrero de 1926,Delantero,10,1954
Nam Chol Pak,Corea del Norte,1.83 m,3 de octubre de 1988,Defensor,14,2010
Nam Chol Pak,Corea del Norte,1.72 m,2 de julio de 1985,Mediocampista,4,2010
Nam Il Kim,Corea del Sur,1.80 m,14 de marzo de 1977,Mediocampista,5,"2002, 2006, 2010"
Nam Sik Chung,Corea del Sur,,16 de febrero de 1917,Mediocampista,11,1954
Nampalys Mendy,Senegal,1.67 m,23 de junio de 1992,Mediocampista,6,2022
Nando,España,,1 de febrero de 1921,Mediocampista,-,1950
Nandor Hidegkuti,Hungría,,3 de marzo de 1922,Delantero,9,"1954, 1958"
Ruben Amorim,Portugal,1.80 m,27 de enero de 1985,Mediocampista,"17, 20","2010, 2014"
Naohiro Takahara,Japón,1.80 m,4 de junio de 1979,Delantero,9,2006
Naoki Matsuda,Japón,1.83 m,14 de marzo de 1977,Defensor,3,2002
Naoki Soma,Japón,,19 de julio de 1971,Defensor,3,1998
Naomichi Ueda,Japón,1.86 m,24 de octubre de 1994,Defensor,2,2018
Narciso Lopez,México,,18 de agosto de 1928,Defensor,2,1954
Nariz,Brasil,,8 de febrero de 1912,Defensor,-,1938
Nasir Khamees,Emiratos Arabes,,2 de agosto de 1965,Mediocampista,14,1990
Nasko Sirakov,Bulgaria,,26 de abril de 1962,"Delantero, Mediocampista","2, 10","1986, 1994"
Nasrollah Abdollahi,Irán,,2 de octubre de 1950,Delantero,20,1978
Nasser Al-Dawsari,Arabia Saudita,1.78 m,19 de diciembre de 1998,Mediocampista,24,2022
Nasser Al Ghanem,Kuwait,,4 de abril de 1961,Mediocampista,11,1982
Nasser Drid,Argelia,,22 de enero de 1957,Arquero,1,1986
Nasser Hejazi,Irán,,19 de diciembre de 1949,Arquero,1,1978
Nasser Nuray,Irán,,9 de julio de 1956,Delantero,16,1978
Nastja Ceh,Eslovenia,1.81 m,26 de enero de 1978,Mediocampista,20,2002
Nat Lofthouse,Inglaterra,,27 de agosto de 1925,Delantero,9,1954
Natalio Perinetti,Argentina,,28 de diciembre de 1900,Delantero,-,1930
Nathan Aké,Paises Bajos,1.80 m,18 de febrero de 1995,Defensor,5,2022
Nathaniel Atkinson,Australia,1.81 m,13 de junio de 1999,Defensor,3,2022
Nawaf Al-Abed,Arabia Saudita,1.69 m,26 de enero de 1990,Delantero,18,2022
Nawaf Al-Aqidi,Arabia Saudita,1.86 m,10 de mayo de 2000,Arquero,22,2022
Nawaf Al Temiyat,Arabia Saudita,1.76 m,28 de junio de 1976,Mediocampista,18,"1998, 2002, 2006"
Nayef Aguerd,Marruecos,1.90 m,30 de marzo de 1996,Defensor,5,2022
Ndaye Mulamba,Zaire,,4 de noviembre de 1948,Mediocampista,13,1974
Neco Williams,Gales,1.83 m,13 de abril de 2001,Defensor,3,2022
Necula Raducanu,Rumania,,10 de mayo de 1946,Arquero,1,1970
Neicer Reasco,Ecuador,1.71 m,23 de julio de 1977,Defensor,18,2006
Neil Covone,Estados Unidos,,31 de agosto de 1969,Mediocampista,21,1990
Neil Mochan,Escocia,,6 de abril de 1927,Delantero,11,1954
Neil Sullivan,Escocia,,24 de febrero de 1970,Arquero,12,1998
Neil Webb,Inglaterra,,30 de julio de 1963,Mediocampista,4,1990
Nejc Pecnik,Eslovenia,1.87 m,3 de enero de 1986,Delantero,7,2010
Nejib Ghommidh,Túnez,,12 de marzo de 1953,Mediocampista,6,1978
Nejib Liman,Túnez,,12 de junio de 1953,Delantero,13,1978
Nelinho,Brasil,,26 de julio de 1950,Defensor,"14, 13","1974, 1978"
Nelson,Portugal,1.87 m,20 de octubre de 1975,Arquero,15,2002
Nelson Cuevas,Paraguay,1.76 m,10 de enero de 1980,Delantero,23,"2002, 2006"
Nelson Diaz,Uruguay,,12 de enero de 1942,Defensor,13,1966
Nelson Gutierrez,Uruguay,,13 de abril de 1962,Defensor,2,"1986, 1990"
Nelson Lopez,Argentina,,24 de junio de 1941,Defensor,13,1966
Nelson Parraguez,Chile,,5 de abril de 1971,Mediocampista,7,1998
Nelson Tapia,Chile,,22 de septiembre de 1966,Arquero,1,1998
Nelson Valdez,Paraguay,1.78 m,28 de noviembre de 1983,Delantero,18,"2006, 2010"
Nelson Vivas,Argentina,1.66 m,18 de octubre de 1969,Defensor,14,1998
Nemanja Gudelj,Serbia,1.87 m,16 de noviembre de 1991,Mediocampista,8,2022
Nemanja Maksimović,Serbia,1.89 m,26 de enero de 1995,Mediocampista,6,2022
Nemanja Matić,Serbia,1.94 m,1 de agosto de 1988,Mediocampista,21,2018
Nemanja Radonjić,Serbia,1.85 m,15 de febrero de 1996,Mediocampista,"18, 7","2018, 2022"
Nemanja Vidic,Serbia y Montenegro,1.85 m,21 de octubre de 1981,Defensor,5,"2006, 2010"
Nena,Brasil,,11 de julio de 1923,Defensor,-,1950
Nenad Djordjevic,Serbia y Montenegro,1.83 m,7 de agosto de 1979,Defensor,14,2006
Nenad Milijas,Serbia,1.82 m,30 de abril de 1983,Mediocampista,11,2010
Nenad Stojkovic,Yugoslavia,,26 de mayo de 1956,Defensor,5,1982
Nery Pumpido,Argentina,,30 de julio de 1957,Arquero,"16, 18, 1","1982, 1986, 1990"
Néstor Araujo,México,1.87 m,29 de agosto de 1991,Defensor,2,2022
Nestor Carballo,Uruguay,,3 de febrero de 1929,Defensor,16,1954
Nestor Clausen,Argentina,,29 de septiembre de 1962,Defensor,8,1986
Nestor Combin,Francia,,29 de diciembre de 1940,Delantero,8,1966
Nestor Fabbri,Argentina,,29 de abril de 1968,Defensor,11,1990
Nestor Goncalves,Uruguay,,27 de abril de 1936,Defensor,5,"1962, 1966"
Nestor Lorenzo,Argentina,,28 de febrero de 1966,Defensor,13,1990
Nestor Ortigoza,Paraguay,1.80 m,7 de octubre de 1984,Mediocampista,20,2010
Nestor Ortiz,Colombia,,26 de septiembre de 1968,Defensor,13,1994
Nestor Rossi,Argentina,,10 de mayo de 1925,Mediocampista,5,1958
Nestor Subiat,Suiza,,23 de abril de 1966,Delantero,14,1994
Nestor Togneri,Argentina,,27 de noviembre de 1942,Defensor,19,1974
Neto,Portugal,1.87 m,26 de mayo de 1988,Defensor,14,2014
Neven Subotic,Serbia,1.93 m,10 de diciembre de 1988,Defensor,20,2010
Neymar Jr.,Brasil,1.75 m,5 de febrero de 1992,Delantero,10,"2014, 2018, 2022"
N'Golo Kanté,Francia,1.68 m,29 de marzo de 1991,Mediocampista,13,2018
Niall Quinn,Irlanda,1.95 m,6 de octubre de 1966,Delantero,17,"1990, 2002"
Nica Panduru,Rumania,,11 de julio de 1970,Mediocampista,15,1994
Nick Di Orio,Estados Unidos,,4 de febrero de 1921,Delantero,-,1950
Nick Pope,Inglaterra,1.91 m,19 de abril de 1992,Arquero,"23, 13","2018, 2022"
Nick Rimando,Estados Unidos,1.78 m,17 de junio de 1979,Arquero,22,2014
Nicklas Bendtner,Dinamarca,1.94 m,16 de enero de 1988,Delantero,11,2010
Nicky Butt,Inglaterra,1.79 m,21 de enero de 1975,Mediocampista,21,2002
Niclas Alexandersson,Suecia,1.81 m,29 de diciembre de 1971,Mediocampista,7,"2002, 2006"
Niclas Füllkrug,Alemania,1.88 m,9 de febrero de 1993,Delantero,9,2022
Niclas Jensen,Dinamarca,1.80 m,17 de agosto de 1974,Defensor,12,2002
Niclas Nyhlen,Suecia,,21 de marzo de 1966,Defensor,7,1990
Nico Claesen,Bélgica,,1 de octubre de 1962,Delantero,"16, 14","1986, 1990"
Nico Elvedi,Suiza,1.87 m,30 de septiembre de 1996,Defensor,4,"2018, 2022"
Nico Schlotterbeck,Alemania,1.91 m,1 de diciembre de 1999,Defensor,23,2022
Nico Van Kerckhoven,Bélgica,1.90 m,14 de diciembre de 1970,"Defensor, Mediocampista","11, 5","1998, 2002"
Nico Williams,España,1.81 m,12 de julio de 2002,Delantero,12,2022
Nicola Berti,Italia,,14 de abril de 1967,Mediocampista,"10, 14","1990, 1994"
Nicola Zalewski,Polonia,1.75 m,23 de enero de 2002,Defensor,21,2022
Nicolae Dobrin,Rumania,,26 de agosto de 1947,Mediocampista,8,1970
Nicolae Kovacs,Rumania,,29 de diciembre de 1911,Delantero,-,"1930, 1934, 1938"
Nicolae Lupescu,Rumania,,17 de diciembre de 1940,Defensor,3,1970
Nicolai Kiselyov,URSS,,29 de enero de 1946,Mediocampista,12,1970
Nicolas Alnoudji,Camerún,1.85 m,9 de diciembre de 1979,Mediocampista,15,2002
Nicolas Anelka,Francia,1.85 m,14 de marzo de 1979,Delantero,21,2010
Nicolas Asencio,Ecuador,1.70 m,26 de abril de 1975,Mediocampista,7,2002
Nicolas Burdisso,Argentina,1.74 m,12 de abril de 1981,Defensor,"21, 4","2006, 2010"
Nicolás de la Cruz,Uruguay,1.67 m,1 de junio de 1997,Mediocampista,7,2022
Nicolas Dewalque,Bélgica,,20 de septiembre de 1945,Defensor,4,1970
Nicolas Fuentes,Perú,,20 de diciembre de 1941,Defensor,5,1970
Nicolas Jackson,Senegal,1.86 m,20 de junio de 2001,Delantero,7,2022
Nicolas Lodeiro,Uruguay,1.73 m,21 de marzo de 1989,Mediocampista,14,"2010, 2014"
Nicolas Lombaerts,Bélgica,1.84 m,20 de marzo de 1985,Defensor,18,2014
Nicolas Ngamaleu,Camerún,1.81 m,9 de julio de 1994,Mediocampista,6,2022
Nicolas Nkoulou,Camerún,1.85 m,27 de marzo de 1990,Defensor,3,"2010, 2014, 2022"
Nicolas Olivera,Uruguay,1.66 m,30 de mayo de 1978,Mediocampista,15,2002
Nicolas Otamendi,Argentina,1.83 m,12 de febrero de 1988,Defensor,"15, 17, 19","2010, 2018, 2022"
Nicolas Tagliafico,Argentina,1.72 m,31 de agosto de 1992,Defensor,3,"2018, 2022"
Niculae Pescaru,Rumania,,27 de marzo de 1943,Defensor,20,1970
Niek Michel,Paises Bajos,,30 de septiembre de 1912,Arquero,-,1938
Nigel De Jong,Paises Bajos,1.74 m,30 de noviembre de 1984,Mediocampista,"8, 6","2010, 2014"
Nigel Martyn,Inglaterra,1.87 m,11 de agosto de 1966,Arquero,13,"1998, 2002"
Nigel Worthington,Irlanda del Norte,,4 de noviembre de 1961,Defensor,15,1986
Niginho,Brasil,,12 de febrero de 1912,Delantero,-,1938
Nihat Kahveci,Turquía,1.75 m,23 de noviembre de 1979,Delantero,15,2002
Nikica Jelavic,Croacia,1.87 m,27 de agosto de 1985,Delantero,9,2014
Nikita Rukavytsya,Australia,1.83 m,22 de junio de 1987,Delantero,17,2010
Nikita Simonyan,URSS,,12 de octubre de 1926,Delantero,9,1958
Niklas Süle,Alemania,1.95 m,3 de septiembre de 1995,Defensor,15,"2018, 2022"
Niko Kovac,Croacia,1.78 m,15 de octubre de 1971,Mediocampista,10,"2002, 2006"
Niko Kranjcar,Croacia,1.85 m,13 de agosto de 1984,Mediocampista,19,2006
Nikola Jovanovic,Yugoslavia,,18 de septiembre de 1952,Defensor,14,1982
Nikola Kalinić,Croacia,1.87 m,5 de enero de 1988,Delantero,16,2018
Nikola Kotkov,Bulgaria,,9 de diciembre de 1938,Delantero,14,1966
Nikola Kovachev,Bulgaria,,4 de junio de 1934,Mediocampista,6,1962
Nikola Milenković,Serbia,1.95 m,12 de octubre de 1997,Defensor,"15, 4","2018, 2022"
Nikola Parchanov,Bulgaria,,19 de junio de 1930,Arquero,20,1962
Nikola Radovic,Yugoslavia,,20 de octubre de 1933,Defensor,21,1958
Nikola Stipic,Yugoslavia,,18 de diciembre de 1937,Delantero,21,1962
Nikola Vlasic,Croacia,1.78 m,4 de octubre de 1997,Mediocampista,13,2022
Nikola Zigic,Serbia y Montenegro,2.02 m,25 de septiembre de 1980,Delantero,"19, 15","2006, 2010"
Nikolaas Hoydonckx,Bélgica,,29 de diciembre de 1900,Defensor,-,1930
Nikolai Arabov,Bulgaria,,14 de noviembre de 1953,Defensor,3,1986
Nikolai Iliev,Bulgaria,,31 de marzo de 1964,Defensor,15,1994
Nikolai Larionov,URSS,,19 de febrero de 1957,Defensor,15,1986
Nikolai Manoshin,URSS,,6 de marzo de 1938,Mediocampista,9,1962
Nikos Machlas,Grecia,,16 de junio de 1973,Delantero,9,1994
Nikos Nioplias,Grecia,,17 de enero de 1965,Mediocampista,8,1994
Nikos Spiropoulos,Grecia,1.71 m,10 de octubre de 1983,Defensor,4,2010
Nikos Tsiantakis,Grecia,,20 de octubre de 1963,Mediocampista,11,1994
Nilmar,Brasil,1.80 m,14 de julio de 1984,Delantero,21,2010
Nilo,Brasil,,3 de abril de 1903,Delantero,-,1930
Nils Axelsson,Suecia,,18 de enero de 1906,Defensor,-,1934
Nils Eriksen,Noruega,,5 de marzo de 1911,Mediocampista,-,1938
Nils Liedholm,Suecia,,8 de octubre de 1922,Mediocampista,4,1958
Nils Rosen,Suecia,,22 de mayo de 1902,Mediocampista,-,1934
Nilson Loyola,Perú,1.75 m,26 de octubre de 1994,Defensor,22,2018
Nilton Santos,Brasil,,16 de mayo de 1925,Defensor,"3, 12, 6","1950, 1954, 1958, 1962"
Nima Nakisa,Irán,,1 de mayo de 1975,Arquero,12,1998
Nisa Saveljic,RF de Yugoslavia,,27 de marzo de 1970,Defensor,14,1998
Noa Lang,Paises Bajos,1.76 m,17 de junio de 1999,Delantero,12,2022
Noah Okafor,Suiza,1.85 m,24 de mayo de 2000,Delantero,19,2022
Nobby Stiles,Inglaterra,,18 de mayo de 1942,"Defensor, Mediocampista","4, 15","1966, 1970"
Nobuyuki Kojima,Japón,,17 de enero de 1966,Arquero,1,1998
Noel Brotherston,Irlanda del Norte,,18 de noviembre de 1956,Delantero,7,1982
Noel Lietaer,Francia,,17 de noviembre de 1908,Mediocampista,-,1934
Noel Valladares,Honduras,1.79 m,3 de mayo de 1977,Arquero,18,"2010, 2014"
Norbert Eder,Alemania Occidental,,7 de noviembre de 1955,Defensor,6,1986
Norbert Eschmann,Suiza,,19 de septiembre de 1933,Delantero,"11, 17","1954, 1962"
Norbert Nigbur,Alemania Occidental,,8 de mayo de 1948,Arquero,21,1974
Norberto Alonso,Argentina,,4 de enero de 1953,Mediocampista,1,1978
Norberto Boggio,Argentina,,11 de agosto de 1931,Delantero,18,1958
Norberto Menendez,Argentina,,14 de diciembre de 1936,Delantero,9,1958
Norberto Scoponi,Argentina,,13 de enero de 1961,Arquero,22,1994
Nordin Amrabat,Marruecos,1.78 m,31 de marzo de 1987,Mediocampista,16,2018
Norio Omura,Japón,,6 de septiembre de 1969,Defensor,5,1998
Norman Hunter,Inglaterra,,29 de octubre de 1943,"Defensor, Mediocampista",18,"1966, 1970"
Norman Uprichard,Irlanda del Norte,,20 de abril de 1928,Arquero,12,1958
Norman Whiteside,Irlanda del Norte,,7 de mayo de 1965,Delantero,"16, 10","1982, 1986"
Noronha,Brasil,,25 de septiembre de 1918,Mediocampista,-,1950
Nouhou Tolo,Camerún,1.78 m,23 de junio de 1997,Defensor,25,2022
Nouma Andoire,Francia,,19 de marzo de 1908,Defensor,-,1930
Noureddine Bouyahyaoui,Marruecos,,7 de enero de 1955,Defensor,5,1986
Noureddine Kourichi,Argelia,,12 de abril de 1954,Defensor,4,"1982, 1986"
Noureddine Naybet,Marruecos,,10 de febrero de 1970,Defensor,6,"1994, 1998"
Noussair Mazraoui,Marruecos,1.83 m,14 de noviembre de 1997,Defensor,3,2022
Novak Tomic,Yugoslavia,,7 de enero de 1936,Defensor,5,1958
Ntumba Kalala,Zaire,,7 de enero de 1949,Delantero,20,1974
Nuno Gomes,Portugal,1.81 m,5 de julio de 1976,Delantero,21,"2002, 2006"
Nuno Mendes,Portugal,1.76 m,19 de junio de 2002,Defensor,19,2022
Nuno Valente,Portugal,1.82 m,12 de septiembre de 1974,Defensor,14,2006
Nwankwo Kanu,Nigeria,1.97 m,1 de agosto de 1976,"Delantero, Mediocampista",4,"1998, 2002, 2010"
Nyom,Camerún,1.93 m,10 de mayo de 1988,Defensor,22,2014
Obafemi Martins,Nigeria,1.70 m,28 de octubre de 1984,Delantero,9,2010
Obdulio Varela,Uruguay,,20 de septiembre de 1917,Mediocampista,5,"1950, 1954"
Obeid Al Dosari,Arabia Saudita,1.74 m,2 de octubre de 1975,Delantero,"8, 11","1998, 2002"
Obid Annad,Iraq,,3 de agosto de 1955,Defensor,17,1986
Octacilio,Brasil,,21 de noviembre de 1909,Defensor,-,1934
Odd Frantzen,Noruega,,20 de enero de 1913,Delantero,-,1938
Oddmund Andersen,Noruega,,21 de diciembre de 1915,Defensor,-,1938
Odilon Polleunis,Bélgica,,1 de mayo de 1943,Delantero,16,1970
Odion Ighalo,Nigeria,1.81 m,16 de junio de 1989,Delantero,9,2018
Ogenyi Onazi,Nigeria,1.73 m,25 de diciembre de 1992,Mediocampista,17,"2014, 2018"
Oghenekaro Etebo,Nigeria,1.72 m,9 de noviembre de 1995,Mediocampista,8,2018
Ognjen Koroman,Serbia y Montenegro,1.79 m,19 de septiembre de 1978,Mediocampista,7,2006
Ognjen Petrovic,Yugoslavia,,2 de enero de 1948,Arquero,21,1974
Ognjen Vranjes,Bosnia-Herzegovina,1.85 m,24 de octubre de 1989,Defensor,6,2014
Ognjen Vukojevic,Croacia,1.84 m,20 de diciembre de 1983,Mediocampista,8,2014
Oguchi Onyewu,Estados Unidos,1.92 m,13 de mayo de 1982,Defensor,"22, 5","2006, 2010"
Ohman Chehaibi,Túnez,,23 de diciembre de 1954,Delantero,16,1978
Oivind Holmsen,Noruega,,28 de abril de 1912,Defensor,-,1938
Okan Buruk,Turquía,1.69 m,19 de octubre de 1973,Mediocampista,7,2002
Ola By Rise,Noruega,,14 de noviembre de 1960,Arquero,13,1994
Ola Toivonen,Suecia,1.91 m,3 de julio de 1986,Delantero,20,2018
Olaf Heredia,México,,19 de octubre de 1957,Arquero,20,1986
Olaf Marschall,Alemania,,19 de marzo de 1966,Delantero,11,1998
Olaf Thon,Alemania Occidental,,1 de mayo de 1966,"Defensor, Mediocampista","16, 20, 6","1986, 1990, 1998"
Ólafur Ingi Skúlason,Islandia,1.83 m,1 de abril de 1983,Mediocampista,16,2018
Oldrich Nejedly,Checoslovaquia,,26 de diciembre de 1909,Delantero,-,"1934, 1938"
Oldrich Rulc,Checoslovaquia,,28 de marzo de 1911,Delantero,-,1938
Ole Gunnar Solskjaer,Noruega,,26 de febrero de 1973,Delantero,20,1998
Ole Qvist,Dinamarca,,25 de febrero de 1950,Arquero,16,1986
Oleg Blokhin,URSS,,5 de noviembre de 1952,Delantero,11,"1982, 1986"
Oleg Gusev,Ucrania,1.79 m,25 de abril de 1983,Mediocampista,9,2006
Oleg Kuznetsov,URSS,,22 de marzo de 1963,Defensor,"10, 4","1986, 1990"
Oleg Protasov,URSS,,4 de febrero de 1964,Delantero,"18, 10","1986, 1990"
Oleg Romantsev,URSS,,4 de enero de 1954,Defensor,20,1982
Oleg Salenko,Rusia,,25 de octubre de 1969,Delantero,9,1994
Oleg Shatov,Rusia,1.73 m,29 de julio de 1990,Mediocampista,17,2014
Oleg Shelayev,Ucrania,1.81 m,5 de noviembre de 1976,Mediocampista,8,2006
Oleksandr Iatsenko,Ucrania,1.80 m,24 de febrero de 1985,Defensor,3,2006
Oleksandr Shovkovskyi,Ucrania,1.91 m,2 de enero de 1975,Arquero,1,2006
Oleksiy Belik,Ucrania,1.84 m,15 de febrero de 1981,Delantero,20,2006
Oliveira,Portugal,,8 de junio de 1958,Defensor,15,1986
Oliver Bierhoff,Alemania,1.91 m,1 de mayo de 1968,Delantero,20,"1998, 2002"
Oliver Bozanic,Australia,1.77 m,8 de enero de 1989,Mediocampista,13,2014
Oliver Christensen,Dinamarca,1.90 m,22 de marzo de 1999,Arquero,16,2022
Oliver Eggimann,Suiza,,28 de enero de 1919,"Defensor, Mediocampista",10,"1950, 1954"
Oliver Kahn,Alemania,1.88 m,15 de junio de 1969,Arquero,"22, 12, 1","1994, 1998, 2002, 2006"
Oliver Kovacevic,Serbia y Montenegro,1.86 m,29 de octubre de 1974,Arquero,12,2006
Oliver Neuville,Alemania,1.71 m,1 de mayo de 1973,Delantero,"7, 10","2002, 2006"
Oliver Zelenika,Croacia,1.92 m,14 de mayo de 1993,Arquero,12,2014
Olivier Giroud,Francia,1.93 m,30 de septiembre de 1986,Delantero,9,"2014, 2018, 2022"
Olivier Mbaizo,Camerún,1.78 m,15 de agosto de 1997,Defensor,17,2022
Olivier Ntcham,Camerún,1.80 m,9 de febrero de 1996,Mediocampista,22,2022
Olivier Rouyer,Francia,,1 de diciembre de 1955,Delantero,20,1978
Olle Ahlund,Suecia,,22 de agosto de 1920,Mediocampista,-,1950
Olle Hakansson,Suecia,,22 de febrero de 1927,Mediocampista,17,1958
Olle Kallgren,Suecia,,7 de septiembre de 1907,Defensor,-,1938
Olle Nordin,Suecia,,23 de noviembre de 1949,Mediocampista,18,1978
Olof Mellberg,Suecia,1.84 m,3 de septiembre de 1977,Defensor,"2, 3","2002, 2006"
Omar Al Ghamdi,Arabia Saudita,1.70 m,11 de abril de 1979,Mediocampista,"19, 6","2002, 2006"
Omar Bravo,México,1.74 m,4 de marzo de 1980,Delantero,19,2006
Omar Caetano,Uruguay,,8 de noviembre de 1938,Mediocampista,"6, 16","1966, 1970"
Omar Daf,Senegal,1.77 m,12 de febrero de 1977,Defensor,2,2002
Omar Diallo,Senegal,1.87 m,28 de septiembre de 1972,Arquero,16,2002
Omar Gaber,Egipto,1.74 m,30 de enero de 1992,Defensor,4,2018
Omar González,Estados Unidos,1.96 m,11 de octubre de 1988,Defensor,3,2014
Omar Hawsawi,Arabia Saudita,1.84 m,27 de septiembre de 1985,Defensor,5,2018
Omar Jebali,Túnez,,24 de diciembre de 1956,Defensor,20,1978
Omar Larrosa,Argentina,,18 de noviembre de 1947,Mediocampista,12,1978
Omar Mendez,Uruguay,,7 de agosto de 1934,Delantero,20,1954
Omar Oreste Corbatta,Argentina,,11 de marzo de 1936,Delantero,7,1958
Omar Sivori,Italia,,2 de octubre de 1935,Delantero,10,1962
Omar Tetradze,Rusia,,13 de octubre de 1969,Defensor,12,1994
Omer Catkic,Turquía,1.73 m,15 de octubre de 1974,Arquero,12,2002
Omero Tognon,Italia,,3 de marzo de 1924,Mediocampista,5,"1950, 1954"
Omid Ebrahimi,Irán,1.79 m,15 de septiembre de 1987,Mediocampista,9,2018
Onandi Lowe,Jamaica,,2 de diciembre de 1973,Delantero,17,1998
Onarici Nemci,Turquía,,2 de noviembre de 1925,Delantero,20,1954
Orbelín Pineda,México,1.69 m,24 de marzo de 1996,Mediocampista,17,2022
Oreco,Brasil,,13 de junio de 1932,Defensor,8,1958
Orestis Karnezis,Grecia,1.88 m,11 de mayo de 1985,Arquero,1,2014
Oribe Peralta,México,1.80 m,12 de enero de 1984,Delantero,19,"2014, 2018"
Orjan Persson,Suecia,,27 de agosto de 1942,Mediocampista,"11, 21","1970, 1974"
Orlando,Brasil,,20 de septiembre de 1935,Defensor,"15, 7","1958, 1966"
Orlando De La Torre,Perú,,21 de noviembre de 1943,Defensor,3,1970
Orlando Ramirez,Chile,,7 de mayo de 1943,Delantero,16,1966
Orvar Bergmark,Suecia,,16 de noviembre de 1930,Defensor,2,1958
Osama Hawsawi,Arabia Saudita,1.87 m,31 de marzo de 1984,Defensor,3,2018
Osama Oraby,Egipto,,25 de enero de 1962,Mediocampista,18,1990
Oscar,Brasil,,20 de junio de 1954,Defensor,3,"1978, 1982, 1986"
Oscar,Brasil,1.80 m,9 de septiembre de 1991,Mediocampista,11,2014
Oscar Aguilera,Paraguay,,11 de marzo de 1935,Delantero,10,1958
Oscar Arizaga,Perú,,20 de agosto de 1957,Defensor,13,1982
Óscar Bagüí,Ecuador,1.73 m,10 de diciembre de 1982,Defensor,18,2014
Oscar Bonfiglio,México,,5 de octubre de 1905,Arquero,-,1930
Oscar Boniek Garcia,Honduras,1.76 m,4 de septiembre de 1984,Defensor,14,"2010, 2014"
Oscar Calics,Argentina,,18 de noviembre de 1939,Defensor,6,1966
Oscar Cardozo,Paraguay,1.92 m,20 de mayo de 1983,Delantero,7,2010
Oscar Cordoba,Colombia,1.86 m,3 de febrero de 1970,Arquero,1,"1994, 1998"
Oscar Cortes,Colombia,,19 de octubre de 1968,Defensor,18,1994
Óscar Duarte,Costa Rica,1.86 m,3 de junio de 1989,Defensor,6,"2014, 2018, 2022"
Oscar Ferreiro,Argentina,,25 de abril de 1935,Defensor,8,1966
Oscar Garre,Argentina,,9 de diciembre de 1956,Defensor,13,1986
Oscar Heisserer,Francia,,18 de julio de 1914,Mediocampista,-,1938
Oscar Hiljemark,Suecia,1.84 m,28 de junio de 1992,Mediocampista,15,2018
Oscar Lopez,Colombia,,2 de abril de 1939,Defensor,11,1962
Oscar Mas,Argentina,,29 de octubre de 1946,Delantero,21,1966
Oscar Miguez,Uruguay,,5 de diciembre de 1927,Delantero,9,"1950, 1954"
Óscar Murillo,Colombia,1.84 m,18 de abril de 1988,Defensor,3,2018
Oscar Ortiz,Argentina,,8 de abril de 1953,Delantero,16,1978
Oscar Perez,México,1.71 m,1 de febrero de 1973,"Arquero, Defensor","22, 1","1998, 2002, 2010"
Oscar Ramirez,Costa Rica,1.64 m,8 de diciembre de 1964,Mediocampista,10,1990
Oscar Rojas,Chile,,15 de noviembre de 1958,Defensor,17,1982
Oscar Rossi,Argentina,,27 de julio de 1930,Mediocampista,13,1962
Oscar Ruggeri,Argentina,,26 de enero de 1962,Defensor,"19, 6","1986, 1990, 1994"
Oscar Sanchez,Bolivia,,16 de julio de 1971,Defensor,17,1994
Oscar Ustari,Argentina,1.84 m,3 de julio de 1986,Arquero,23,2006
Oscar Wirth,Chile,,5 de noviembre de 1955,Arquero,1,1982
Oscar Zubia,Uruguay,,8 de febrero de 1946,Delantero,19,1970
Oscarino,Brasil,,17 de enero de 1907,Mediocampista,-,1930
Oskar Rauch,Suiza,,,Mediocampista,-,1938
Osman Bukari,Ghana,1.70 m,13 de diciembre de 1998,Delantero,11,2022
Osman Chavez,Honduras,1.87 m,29 de julio de 1984,Defensor,2,"2010, 2014"
Osvaldo Ardiles,Argentina,,3 de agosto de 1952,Mediocampista,"2, 1","1978, 1982"
Osvaldo Castro,Chile,,14 de abril de 1947,Delantero,20,1974
Osvaldo Cruz,Argentina,,29 de mayo de 1931,Delantero,22,1958
Osvaldo Fattori,Italia,,22 de junio de 1922,Mediocampista,-,1950
Osvaldo Ramirez,Perú,,28 de marzo de 1947,Delantero,22,1970
Osvaldo Saez,Chile,,,Mediocampista,-,1950
Oswaldo Minda,Ecuador,1.83 m,26 de julio de 1983,Mediocampista,14,2014
Oswaldo Sanchez,México,1.84 m,21 de septiembre de 1973,Arquero,"12, 1","1998, 2002, 2006"
Oszkar Szigeti,Hungría,,1 de enero de 1933,Defensor,13,1958
Otakar Nozir,Checoslovaquia,,12 de marzo de 1917,Mediocampista,-,1938
Otávio Monteiro,Portugal,1.72 m,9 de febrero de 1995,Mediocampista,25,2022
Ottmar Walter,Alemania Occidental,,6 de marzo de 1924,Delantero,15,1954
Otto Addo,Ghana,1.88 m,9 de junio de 1975,Mediocampista,20,2006
Otto Andersson,Suecia,,7 de mayo de 1910,Defensor,-,1934
Otto Buehler,Suiza,,,Delantero,-,1934
Otto Hemele,Checoslovaquia,,22 de enero de 1926,Delantero,8,1954
Otto Konrad,Austria,,1 de noviembre de 1964,Arquero,22,1990
Otto Siffling,Alemania,,3 de agosto de 1912,Delantero,-,"1934, 1938"
Ottorino Sartor,Perú,,18 de septiembre de 1945,Arquero,1,1978
Ouro-Nimini Tchagnirou,Togo,1.90 m,31 de diciembre de 1977,Arquero,1,2006
Ousmane Dembélé,Francia,1.79 m,15 de mayo de 1997,Delantero,11,"2018, 2022"
Ousmane Viera,Costa de Marfil,1.86 m,21 de diciembre de 1986,Defensor,2,2014
Oussama Haddadi,Túnez,1.88 m,28 de enero de 1992,Defensor,5,2018
Ove Grahn,Suecia,,9 de mayo de 1943,"Delantero, Mediocampista","10, 6","1970, 1974"
Ove Kindvall,Suecia,,16 de mayo de 1943,"Delantero, Mediocampista",9,"1970, 1974"
Ove Ohlsson,Suecia,,19 de agosto de 1938,Delantero,22,1958
Ovidiu Stanga,Rumania,,5 de diciembre de 1972,Mediocampista,"20, 19","1994, 1998"
Owen Hargreaves,Inglaterra,1.80 m,20 de enero de 1981,Mediocampista,"18, 16","2002, 2006"
Oyvind Leonhardsen,Noruega,,17 de agosto de 1970,Mediocampista,8,"1994, 1998"
Pablo,España,1.92 m,3 de agosto de 1981,Defensor,22,2006
Pablo Aimar,Argentina,1.70 m,3 de noviembre de 1979,Mediocampista,16,"2002, 2006"
Pablo Armero,Colombia,1.74 m,2 de noviembre de 1986,Defensor,7,2014
Pablo Barrera,México,1.72 m,21 de junio de 1987,Delantero,7,2010
Pablo Bengoechea,Uruguay,,27 de junio de 1965,Mediocampista,16,1990
Pablo Cavallero,Argentina,1.88 m,13 de abril de 1974,Arquero,"17, 12","1998, 2002"
Pablo Centurion,Paraguay,,,Arquero,-,1950
Pablo Chinchilla,Costa Rica,1.86 m,21 de diciembre de 1978,Defensor,21,2002
Pablo Contreras,Chile,1.78 m,11 de septiembre de 1978,Defensor,5,2010
Pablo Dorado,Uruguay,,22 de junio de 1908,Delantero,-,1930
Pablo Forlan,Uruguay,,14 de julio de 1945,Defensor,4,"1966, 1974"
Pablo Garcia,Uruguay,1.86 m,11 de mayo de 1977,Mediocampista,5,2002
Pablo Larios,México,,31 de julio de 1960,Arquero,1,1986
Pablo Mastroeni,Estados Unidos,1.78 m,29 de agosto de 1976,Defensor,4,"2002, 2006"
Pablo Pacheco,Perú,,,Delantero,-,1930
Pablo Paz,Argentina,,27 de enero de 1973,Defensor,13,1998
Pablo Sarabia,España,1.79 m,11 de mayo de 1992,Delantero,22,2022
Pablo Zabaleta,Argentina,1.74 m,16 de enero de 1985,Defensor,4,2014
Pacheco,Portugal,,22 de julio de 1958,Mediocampista,7,1986
Pachin,España,,28 de diciembre de 1938,Defensor,13,1962
Pal Berendy,Hungría,,30 de noviembre de 1932,Mediocampista,6,1958
Pal Teleki,Hungría,,5 de marzo de 1906,Delantero,-,1934
Pal Titkos,Hungría,,8 de enero de 1908,Delantero,-,1938
Pal Varhidi,Hungría,,6 de noviembre de 1931,Defensor,13,1954
Pamplona,Brasil,,24 de marzo de 1904,Mediocampista,-,1930
Pan Keun Kim,Corea del Sur,,5 de marzo de 1966,Defensor,4,1994
Panagiotis Glykos,Grecia,1.87 m,10 de octubre de 1986,Arquero,12,2014
Panagiotis Kone,Grecia,1.84 m,26 de julio de 1987,Mediocampista,8,2014
Panagiotis Tachtsidis,Grecia,1.93 m,15 de enero de 1991,Mediocampista,23,2014
Panayot Panayotov,Bulgaria,,30 de diciembre de 1930,Delantero,21,1962
Pantelei Dimitrov,Bulgaria,,14 de mayo de 1935,Mediocampista,17,1962
Pantelis Kapetanos,Grecia,1.90 m,8 de junio de 1983,Delantero,20,2010
Paolo Barison,Italia,,23 de junio de 1936,Delantero,3,1966
Paolo Conti,Italia,,1 de abril de 1950,Arquero,12,1978
Paolo Guerrero,Perú,1.85 m,1 de enero de 1984,Delantero,9,2018
Paolo Hurtado,Perú,1.77 m,27 de julio de 1990,Mediocampista,7,2018
Paolo Maldini,Italia,1.86 m,26 de junio de 1968,Defensor,"7, 5, 3","1990, 1994, 1998, 2002"
Paolo Montero,Uruguay,1.79 m,3 de septiembre de 1971,Defensor,4,2002
Paolo Pulici,Italia,,27 de abril de 1950,Delantero,"21, 20","1974, 1978"
Paolo Rossi,Italia,,23 de septiembre de 1956,Delantero,"21, 20","1978, 1982, 1986"
Papa Malick Diop,Senegal,1.87 m,29 de diciembre de 1974,Defensor,4,2002
Pape Abdou Cissé,Senegal,1.92 m,14 de septiembre de 1995,Defensor,4,2022
Pape Gueye,Senegal,1.89 m,24 de enero de 1999,Mediocampista,26,2022
Pape Matar Sarr,Senegal,1.85 m,14 de septiembre de 2002,Mediocampista,17,2022
Pape Sarr,Senegal,1.80 m,7 de diciembre de 1977,Mediocampista,3,2002
Pape Thiaw,Senegal,1.83 m,5 de febrero de 1981,Delantero,18,2002
Parana,Brasil,,21 de marzo de 1942,Delantero,21,1966
Paride Tumburus,Italia,,8 de marzo de 1939,Mediocampista,20,1962
Parviz Boromand,Irán,,11 de septiembre de 1972,Arquero,22,1998
Pascal Chimbonda,Francia,1.82 m,21 de febrero de 1979,Defensor,21,2006
Pascal Plovie,Bélgica,,7 de mayo de 1965,Defensor,17,1990
Pascal Renier,Bélgica,,3 de agosto de 1971,Defensor,22,1994
Pascal Zuberbuehler,Suiza,1.97 m,8 de enero de 1971,Arquero,1,2006
Pasquale De Luca,Canadá,,26 de mayo de 1962,Mediocampista,19,1986
Pat Bonner,Irlanda,,24 de mayo de 1960,Arquero,1,"1990, 1994"
Pat Jennings,Irlanda del Norte,,12 de junio de 1945,Arquero,1,"1982, 1986"
Patesko,Brasil,,12 de noviembre de 1910,Delantero,-,"1934, 1938"
Pathé Ciss,Senegal,1.86 m,16 de marzo de 1994,Mediocampista,11,2022
Patrice Abanda,Camerún,1.85 m,3 de agosto de 1978,Defensor,13,1998
Patrice Evra,Francia,1.71 m,15 de mayo de 1981,Defensor,"13, 3","2010, 2014"
Patrice Rio,Francia,,15 de agosto de 1948,Defensor,7,1978
Patricio Hernandez,Argentina,,16 de agosto de 1956,Mediocampista,12,1982
Patricio Urrutia,Ecuador,1.78 m,15 de octubre de 1977,Mediocampista,6,2006
Patricio Yanez,Chile,,20 de enero de 1961,Delantero,15,1982
Patrick Battiston,Francia,,12 de marzo de 1957,Defensor,"2, 3, 4","1978, 1982, 1986"
Patrick Kluivert,Paises Bajos,,1 de julio de 1976,Delantero,9,1998
Patrick Mboma,Camerún,1.85 m,15 de noviembre de 1970,Delantero,10,"1998, 2002"
Patrick Mtiliga,Dinamarca,1.70 m,28 de enero de 1981,Defensor,23,2010
Patrick Mueller,Suiza,1.82 m,17 de diciembre de 1976,Defensor,20,2006
Patrick Pemberton,Costa Rica,1.78 m,24 de abril de 1982,Arquero,18,"2014, 2018"
Patrick Sequeira,Costa Rica,1.90 m,1 de marzo de 1999,Arquero,23,2022
Patrick Suffo,Camerún,1.76 m,17 de enero de 1978,Delantero,18,2002
Patrick Sylvestre,Suiza,,1 de septiembre de 1968,Mediocampista,20,1994
Patrick Vervoort,Bélgica,,17 de enero de 1965,Defensor,22,"1986, 1990"
Patrick Vieira,Francia,1.93 m,23 de junio de 1976,Mediocampista,4,"1998, 2002, 2006"
Patrik Andersson,Suecia,1.85 m,18 de agosto de 1971,Defensor,3,"1994, 2002"
Patrizio Sala,Italia,,16 de junio de 1955,Mediocampista,13,1978
Pau Torres,España,1.91 m,16 de enero de 1997,Defensor,4,2022
Paul Aebi,Suiza,,10 de septiembre de 1910,Delantero,-,1938
Paul Aguilar,México,1.78 m,6 de marzo de 1986,Defensor,"12, 22","2010, 2014"
Paul Ambrosi,Ecuador,1.77 m,14 de octubre de 1980,Defensor,13,2006
Paul Bahoken,Camerún,,7 de julio de 1955,Delantero,13,1982
Paul Breitner,Alemania Occidental,,5 de septiembre de 1951,"Defensor, Mediocampista",3,"1974, 1982"
Paul Caligiuri,Estados Unidos,,9 de marzo de 1964,Defensor,20,"1990, 1994"
Paul Dolan,Canadá,,16 de abril de 1966,Arquero,22,1986
Paul Evans,Sudáfrica,,28 de diciembre de 1973,Arquero,22,1998
Paul Gascoigne,Inglaterra,,27 de mayo de 1967,Mediocampista,19,1990
Paul Hall,Jamaica,,3 de julio de 1972,Delantero,22,1998
Paul Halla,Austria,,10 de abril de 1931,Defensor,"20, 2","1954, 1958"
Paul Henry,Bélgica,,6 de septiembre de 1912,Mediocampista,-,1938
Paul Ince,Inglaterra,,21 de octubre de 1967,Mediocampista,4,1998
Paul James,Canadá,,11 de noviembre de 1963,Mediocampista,15,1986
Paul Janes,Alemania,,11 de marzo de 1912,Defensor,-,"1934, 1938"
Paul Kozlicek,Austria,,22 de julio de 1937,Delantero,8,1958
Paul Krumpe,Estados Unidos,,4 de marzo de 1963,Defensor,12,1990
Paul Lambert,Escocia,,7 de agosto de 1969,Mediocampista,14,1998
Paul Loga,Camerún,,14 de agosto de 1969,Mediocampista,12,1994
Paul Mariner,Inglaterra,,22 de mayo de 1953,Delantero,11,1982
Paul Mcgrath,Irlanda,,4 de diciembre de 1959,Defensor,"7, 5","1990, 1994"
Paul Mcstay,Escocia,,22 de octubre de 1964,Mediocampista,"11, 5","1986, 1990"
Paul Mebus,Alemania Occidental,,9 de junio de 1920,Mediocampista,9,1954
Paul Merson,Inglaterra,,20 de marzo de 1968,Mediocampista,15,1998
Paul Parker,Inglaterra,,4 de abril de 1964,Defensor,12,1990
Paul Pogba,Francia,1.90 m,15 de marzo de 1993,Mediocampista,"19, 6","2014, 2018"
Paul Ramsey,Irlanda del Norte,,3 de septiembre de 1962,Mediocampista,16,1986
Paul Robinson,Inglaterra,1.93 m,15 de octubre de 1979,Arquero,1,2006
Paul Scholes,Inglaterra,1.70 m,16 de noviembre de 1974,Mediocampista,"16, 8","1998, 2002"
Paul Steiner,Alemania Occidental,,23 de enero de 1957,Defensor,16,1990
Paul Sturrock,Escocia,,10 de octubre de 1956,Delantero,"19, 20","1982, 1986"
Paul Van Himst,Bélgica,,2 de octubre de 1943,Delantero,10,1970
Paul Verhaegh,Paises Bajos,1.78 m,1 de septiembre de 1983,Defensor,12,2014
Paul Zielinski,Alemania,,20 de noviembre de 1911,Mediocampista,-,1934
Pauleta,Portugal,1.81 m,28 de abril de 1973,Delantero,9,"2002, 2006"
Paulinho,Brasil,,15 de abril de 1932,Defensor,12,1954
Paulinho,Brasil,1.80 m,25 de julio de 1988,Mediocampista,"8, 15","2014, 2018"
Paulo Bento,Portugal,1.75 m,20 de junio de 1969,Mediocampista,17,2002
Paulo Cesar,Brasil,,16 de junio de 1949,Mediocampista,"18, 11","1970, 1974"
Paulo Da Silva,Paraguay,1.84 m,1 de febrero de 1980,Defensor,14,"2006, 2010"
Paulo Dybala,Argentina,1.77 m,15 de noviembre de 1993,Delantero,21,"2018, 2022"
Paulo Ferreira,Portugal,1.81 m,18 de enero de 1979,Defensor,"2, 3","2006, 2010"
Paulo Henrique,Brasil,,5 de enero de 1943,Defensor,8,1966
Paulo Isidoro,Brasil,,3 de agosto de 1953,Mediocampista,7,1982
Paulo Santos,Portugal,1.84 m,11 de diciembre de 1972,Arquero,22,2006
Paulo Sergio,Brasil,,2 de junio de 1969,Delantero,18,1994
Paulo Sergio,Brasil,,24 de julio de 1954,Arquero,12,1982
Paulo Sousa,Portugal,1.77 m,30 de agosto de 1970,Mediocampista,6,2002
Paulo Vitor,Brasil,,7 de junio de 1957,Arquero,12,1986
Paulo Wanchope,Costa Rica,1.82 m,31 de julio de 1976,Delantero,9,"2002, 2006"
Pavel Cerny,Checoslovaquia,,,Mediocampista,-,1938
Pavel Chaloupka,Checoslovaquia,,4 de mayo de 1959,Mediocampista,16,1982
Pavel Kouba,Checoslovaquia,,1 de septiembre de 1938,Arquero,22,1962
Pavel Mares,República Checa,1.85 m,18 de enero de 1976,Defensor,3,2006
Pavel Mogilevets,Rusia,1.83 m,25 de enero de 1993,Mediocampista,15,2014
Pavel Nedved,República Checa,1.75 m,30 de agosto de 1972,Mediocampista,11,2006
Pavel Panov,Bulgaria,,14 de septiembre de 1950,Delantero,15,1974
Pavel Pardo,México,1.74 m,26 de julio de 1976,"Defensor, Mediocampista","13, 8","1998, 2006"
Pavel Yakovenko,URSS,,19 de diciembre de 1964,Mediocampista,8,1986
Pavol Molnar,Checoslovaquia,,13 de febrero de 1936,Delantero,9,"1958, 1962"
Pawel Brozek,Polonia,1.80 m,21 de abril de 1983,Delantero,23,2006
Pawel Janas,Polonia,,4 de marzo de 1953,Defensor,5,1982
Pawel Kryszalowicz,Polonia,1.83 m,23 de junio de 1974,Delantero,9,2002
Pawel Sibik,Polonia,1.80 m,15 de febrero de 1971,Mediocampista,23,2002
Payam Niazmand,Irán,1.94 m,6 de abril de 1995,Arquero,12,2022
Pedri,España,1.74 m,25 de noviembre de 2002,Mediocampista,26,2022
Pedrinho,Brasil,,22 de octubre de 1957,Defensor,17,1982
Pedro,España,1.69 m,28 de julio de 1987,Delantero,"18, 11","2010, 2014"
Pedro Aquino,Perú,1.74 m,13 de abril de 1995,Mediocampista,23,2018
Pedro Araya,Chile,,23 de enero de 1942,Delantero,1,1966
Pedro Barbosa,Portugal,1.82 m,6 de agosto de 1970,Mediocampista,14,2002
Pedro Benitez,Paraguay,,,Arquero,-,1930
Pedro Berges,Cuba,,1 de enero de 1906,Mediocampista,-,1938
Pedro Cea,Uruguay,,1 de septiembre de 1900,Delantero,-,1930
Pedro Contreras,España,1.80 m,7 de enero de 1972,Arquero,23,2002
Pedro Cubilla,Uruguay,,25 de mayo de 1933,Mediocampista,6,1962
Pedro Dellacha,Argentina,,9 de julio de 1926,Mediocampista,2,1958
Pedro Ferrer,Cuba,,1 de enero de 1908,Delantero,-,1938
Pedro Gallese,Perú,1.88 m,23 de abril de 1990,Arquero,1,2018
Pedro Geromel,Brasil,1.90 m,21 de septiembre de 1985,Defensor,4,2018
Pedro Gonzales,Perú,,19 de mayo de 1943,Defensor,13,1970
Pedro,Brasil,1.85 m,20 de junio de 1997,Delantero,25,2022
Pedro Leon,Perú,,26 de marzo de 1943,Delantero,9,1970
Pedro Mendes,Portugal,1.77 m,26 de febrero de 1979,Mediocampista,8,2010
Pedro Miguel,Catar,1.80 m,6 de agosto de 1990,Defensor,2,2022
Pedro Monzon,Argentina,,23 de febrero de 1962,Defensor,15,1990
Pedro Najera,México,,3 de febrero de 1929,Mediocampista,"16, 6","1954, 1962"
Pedro Pasculli,Argentina,,17 de mayo de 1960,Delantero,17,1986
Pedro Petrone,Uruguay,,11 de mayo de 1905,Delantero,-,1930
Pedro Reyes,Chile,,13 de noviembre de 1972,Defensor,6,1998
Pedro Rocha,Uruguay,,3 de diciembre de 1942,"Delantero, Mediocampista","10, 8","1962, 1966, 1970, 1974"
Pedro Romero,México,,12 de abril de 1937,Defensor,14,1962
Pedro Sarabia,Paraguay,1.81 m,5 de julio de 1975,Defensor,"11, 3","1998, 2002"
Pedro Soto,México,,22 de octubre de 1952,Arquero,22,1978
Pedro Suarez,Argentina,,21 de diciembre de 1909,Mediocampista,-,1930
Pedro Troglio,Argentina,,28 de julio de 1965,Mediocampista,21,1990
Pedro Uralde,España,,2 de marzo de 1958,Delantero,18,1982
Pedrosa,Brasil,,8 de julio de 1913,Arquero,-,1934
Pejman Montazeri,Irán,1.89 m,6 de septiembre de 1983,Defensor,15,"2014, 2018"
Pelé,Brasil,1.73 m,23 de octubre de 1940,Delantero,10,"1958, 1962, 1966, 1970"
Pep Guardiola,España,1.80 m,18 de enero de 1971,Mediocampista,9,1994
Pepe,Portugal,1.87 m,26 de febrero de 1983,"Defensor, Mediocampista","15, 3","2010, 2014, 2018, 2022"
Pepe,Brasil,,25 de febrero de 1935,Delantero,"22, 11","1958, 1962"
Pepe Reina,España,1.87 m,31 de agosto de 1982,Arquero,23,"2006, 2010, 2014, 2018"
Pepi Hammerl,Austria,,22 de enero de 1931,Delantero,14,1958
Per Frandsen,Dinamarca,,6 de febrero de 1970,Mediocampista,8,1998
Per Frimann,Dinamarca,,4 de junio de 1962,Mediocampista,13,1986
Per Kroldrup,Dinamarca,1.94 m,31 de julio de 1979,Defensor,13,2010
Per Mertesacker,Alemania,1.96 m,29 de septiembre de 1984,Defensor,17,"2006, 2010, 2014"
Peracio,Brasil,,2 de noviembre de 1917,Delantero,-,1938
Percy Rojas,Perú,1.76 m,16 de septiembre de 1949,Mediocampista,"9, 20","1978, 1982"
Peres,Portugal,,8 de enero de 1942,Mediocampista,6,1966
Perica Ognjenovic,RF de Yugoslavia,,24 de febrero de 1977,Delantero,21,1998
Pervis Estupiñán,Ecuador,1.75 m,21 de enero de 1998,Defensor,7,2022
Petar Aleksandrov,Bulgaria,,7 de diciembre de 1962,Delantero,18,1994
Petar Houbchev,Bulgaria,,26 de febrero de 1964,Defensor,5,1994
Petar Krpan,Croacia,,1 de julio de 1974,Delantero,2,1998
Petar Mikhtarski,Bulgaria,,15 de julio de 1966,Delantero,17,1994
Petar Petrov,Bulgaria,,20 de febrero de 1961,Defensor,4,1986
Petar Radakovic,Yugoslavia,,2 de febrero de 1937,Mediocampista,4,1962
Petar Velichkov,Bulgaria,,8 de agosto de 1940,Delantero,13,1962
Petar Zhekov,Bulgaria,,10 de octubre de 1944,Delantero,"10, 9","1966, 1970"
Peter Artner,Austria,,20 de mayo de 1966,Defensor,8,1990
Peter Beardsley,Inglaterra,,18 de enero de 1961,Delantero,"20, 9","1986, 1990"
Peter Bonetti,Inglaterra,,27 de septiembre de 1941,Arquero,"13, 12","1966, 1970"
Peter Brabrook,Inglaterra,,8 de noviembre de 1937,Delantero,17,1958
Peter Broadbent,Inglaterra,,15 de mayo de 1933,Delantero,18,1958
Peter Cargill,Jamaica,,2 de marzo de 1964,Mediocampista,7,1998
Peter Cormack,Escocia,,17 de julio de 1946,Mediocampista,15,1974
Peter Crouch,Inglaterra,2.01 m,30 de enero de 1981,Delantero,"21, 9","2006, 2010"
Peter Dietrich,Alemania Occidental,,6 de marzo de 1944,Mediocampista,19,1970
Peter Disztl,Hungría,,30 de marzo de 1960,Arquero,1,1986
Peter Ducke,Alemania Oriental,,14 de octubre de 1941,Delantero,9,1974
Peter Fieber,Checoslovaquia,,16 de mayo de 1964,Defensor,12,1990
Peter Hannich,Hungría,,30 de marzo de 1957,Mediocampista,15,1986
Peter Kjaer,Dinamarca,1.87 m,5 de noviembre de 1965,Arquero,"22, 16","1998, 2002"
Peter Larsson,Suecia,,8 de marzo de 1961,Defensor,4,1990
Peter Lorimer,Escocia,,14 de diciembre de 1946,Delantero,11,1974
Peter Lovenkrands,Dinamarca,1.81 m,29 de enero de 1980,Delantero,18,2002
Peter Madsen,Dinamarca,1.83 m,26 de abril de 1978,Delantero,21,2002
Peter Mcparland,Irlanda del Norte,,25 de abril de 1934,Delantero,11,1958
Peter Moller,Dinamarca,1.90 m,23 de marzo de 1972,Delantero,18,1998
Peter Odemwingie,Nigeria,1.81 m,15 de julio de 1981,Delantero,"11, 8","2010, 2014"
Peter Ollerton,Australia,,20 de mayo de 1951,Delantero,13,1974
Peter Osgood,Inglaterra,,20 de febrero de 1947,Delantero,20,1970
Peter Palotas,Hungría,,27 de junio de 1929,Delantero,19,1954
Peter Paluch,Checoslovaquia,,17 de febrero de 1958,Arquero,22,1990
Peter Pekarik,Eslovaquia,1.76 m,30 de octubre de 1986,Defensor,2,2010
Peter Persidis,Austria,,8 de marzo de 1947,Defensor,16,1978
Peter Pietras,Estados Unidos,,21 de abril de 1908,Mediocampista,-,1934
Peter Platzer,Austria,,29 de mayo de 1910,Arquero,-,1934
Peter Reid,Inglaterra,,20 de junio de 1956,Mediocampista,16,1986
Peter Roesch,Suiza,,14 de septiembre de 1930,Defensor,6,1962
Peter Rufai,Nigeria,,24 de agosto de 1963,Arquero,1,"1994, 1998"
Peter Schmeichel,Dinamarca,,18 de noviembre de 1963,Arquero,1,1998
Peter Schoettel,Austria,,26 de marzo de 1967,Defensor,"5, 3","1990, 1998"
Peter Shilton,Inglaterra,,18 de septiembre de 1949,Arquero,"22, 1","1982, 1986, 1990"
Peter Sillett,Inglaterra,,1 de febrero de 1933,Defensor,14,1958
Peter Simonsen,Nueva Zelanda,,17 de abril de 1959,Mediocampista,18,1982
Peter Stoeger,Austria,,11 de abril de 1966,Mediocampista,18,1998
Peter Swan,Inglaterra,,8 de octubre de 1936,Mediocampista,5,1962
Peter Torok,Hungría,,18 de abril de 1951,Defensor,2,1978
Peter Van Der Heyden,Bélgica,1.83 m,16 de julio de 1976,Defensor,12,2002
Peter Van Vossen,Paises Bajos,,21 de abril de 1968,Delantero,19,1994
Peter Vermes,Estados Unidos,,21 de noviembre de 1966,Delantero,10,1990
Peter Wilson,Australia,,15 de septiembre de 1947,Defensor,3,1974
Peter Withe,Inglaterra,,30 de agosto de 1951,Delantero,20,1982
Petit,Portugal,1.78 m,25 de septiembre de 1976,Mediocampista,"20, 8","2002, 2006"
Petr Cech,República Checa,1.97 m,20 de mayo de 1982,Arquero,1,2006
Petr Janecka,Checoslovaquia,,25 de noviembre de 1957,Delantero,18,1982
Petter Hansson,Suecia,1.86 m,14 de diciembre de 1976,Defensor,13,2006
Phil Babb,Irlanda,,30 de noviembre de 1970,Defensor,14,1994
Phil Foden,Inglaterra,1.71 m,28 de mayo de 2000,Mediocampista,20,2022
Phil Jagielka,Inglaterra,1.83 m,17 de agosto de 1982,Defensor,6,2014
Phil Jones,Inglaterra,1.80 m,21 de febrero de 1992,Defensor,16,"2014, 2018"
Phil Masinga,Sudáfrica,1.87 m,28 de junio de 1969,Delantero,6,1998
Phil Slone,Estados Unidos,,20 de enero de 1907,Mediocampista,-,1930
Phil Thompson,Inglaterra,,21 de enero de 1954,Defensor,18,1982
Philibert Smellinckx,Bélgica,,17 de enero de 1911,Defensor,-,"1934, 1938"
Philip Hughes,Irlanda del Norte,,19 de noviembre de 1964,Arquero,13,1986
Philip Neal,Inglaterra,,20 de febrero de 1951,Defensor,14,1982
Philipp Degen,Suiza,1.84 m,15 de febrero de 1983,Defensor,23,2006
Philipp Köhn,Suiza,1.90 m,2 de abril de 1998,Arquero,24,2022
Philipp Lahm,Alemania,1.70 m,11 de noviembre de 1983,Defensor,16,"2006, 2010, 2014"
Philippe Albert,Bélgica,,10 de agosto de 1967,Defensor,"3, 4","1990, 1994"
Philippe Bergeroo,Francia,,13 de enero de 1954,Arquero,21,1986
Philippe Christanval,Francia,1.85 m,31 de agosto de 1978,Defensor,5,2002
Philippe Clement,Bélgica,1.90 m,22 de marzo de 1974,Defensor,15,1998
Philippe Coutinho,Brasil,1.72 m,12 de junio de 1992,Mediocampista,11,2018
Philippe Desmet,Bélgica,,29 de noviembre de 1958,Delantero,10,1986
Philippe Gondet,Francia,,17 de mayo de 1942,Delantero,13,1966
Philippe Mahut,Francia,,4 de marzo de 1956,Defensor,7,1982
Philippe Pottier,Suiza,,9 de julio de 1938,Delantero,18,1962
Philippe Senderos,Suiza,1.90 m,14 de febrero de 1985,Defensor,4,"2006, 2010, 2014"
Philippe Vande Walle,Bélgica,,22 de diciembre de 1961,Arquero,12,1998
Philippe Vercruysse,Francia,,28 de enero de 1962,Mediocampista,15,1986
Philippe Vorbe,Haití,,14 de septiembre de 1947,Mediocampista,7,1974
Phillip Cocu,Paises Bajos,1.82 m,29 de octubre de 1970,Mediocampista,"11, 8","1998, 2006"
Pierino Prati,Italia,,13 de diciembre de 1946,Delantero,22,1970
Pierluigi Casiraghi,Italia,,4 de marzo de 1969,Delantero,18,1994
Pierluigi Cera,Italia,,25 de febrero de 1941,Defensor,5,1970
Pierluigi Pizzaballa,Italia,,14 de septiembre de 1939,Arquero,18,1966
Piero Hincapié,Ecuador,1.83 m,9 de enero de 2002,Defensor,3,2022
Piero Pasinati,Italia,,21 de julio de 1910,Delantero,-,1938
Pierre Bayonne,Haití,,11 de junio de 1949,Defensor,6,1974
Pierre Braine,Bélgica,,26 de octubre de 1900,Mediocampista,-,1930
Pierre Carteus,Bélgica,,24 de septiembre de 1943,Delantero,19,1970
Pierre Dalem,Bélgica,,16 de marzo de 1912,Mediocampista,-,1938
Pierre-Emile Hojbjerg,Dinamarca,1.87 m,5 de agosto de 1995,Mediocampista,23,2022
Pierre Issa,Sudáfrica,1.95 m,11 de septiembre de 1975,Defensor,"21, 13","1998, 2002"
Pierre Korb,Francia,,20 de abril de 1908,Delantero,-,1934
Pierre Kunde,Camerún,1.80 m,26 de julio de 1995,Mediocampista,15,2022
Pierre Littbarski,Alemania Occidental,,16 de abril de 1960,Mediocampista,7,"1982, 1986, 1990"
Pierre Njanka,Camerún,1.81 m,15 de marzo de 1975,Defensor,6,"1998, 2002"
Pierre Van Hooijdonk,Paises Bajos,1.93 m,29 de noviembre de 1969,Delantero,17,1998
Pierre Webo,Camerún,1.80 m,20 de enero de 1982,Delantero,15,"2010, 2014"
Pierre Wome,Camerún,1.78 m,26 de marzo de 1979,Defensor,3,"1998, 2002"
Piet De Boer,Paises Bajos,,10 de octubre de 1919,Delantero,-,1938
Piet Keizer,Paises Bajos,,14 de junio de 1943,Delantero,9,1974
Piet Punt,Paises Bajos,,6 de febrero de 1909,Delantero,-,1938
Piet Schrijvers,Paises Bajos,,15 de diciembre de 1946,Arquero,"18, 1","1974, 1978"
Pieter Van Den Bosch,Bélgica,,31 de octubre de 1927,Delantero,16,1954
Pieter Wildschut,Paises Bajos,,25 de octubre de 1957,Defensor,7,1978
Pietro Anastasi,Italia,,7 de abril de 1948,Delantero,19,1974
Pietro Arcari,Italia,,2 de diciembre de 1909,Delantero,-,1934
Pietro Ferraris,Italia,,15 de febrero de 1912,Delantero,-,1938
Pietro Rava,Italia,,12 de enero de 1916,Defensor,-,1938
Pietro Serantoni,Italia,,12 de diciembre de 1916,Mediocampista,-,1938
Pietro Vierchowod,Italia,,6 de abril de 1959,Defensor,8,"1982, 1986, 1990"
Pim Doesburg,Paises Bajos,,28 de octubre de 1943,Arquero,19,1978
Pinga,Brasil,,11 de febrero de 1924,Delantero,10,1954
Pinheiro,Brasil,,13 de enero de 1932,Mediocampista,5,1954
Pione Sisto,Dinamarca,1.71 m,4 de febrero de 1995,Mediocampista,23,2018
Piotr Giza,Polonia,1.79 m,28 de febrero de 1980,Mediocampista,20,2006
Piotr Mowlik,Polonia,,21 de abril de 1951,Arquero,22,1982
Piotr Skrobowski,Polonia,,16 de octubre de 1961,Defensor,6,1982
Piotr Swierczewski,Polonia,1.80 m,8 de abril de 1972,Mediocampista,7,2002
Piotr Trochowski,Alemania,1.68 m,22 de marzo de 1984,Mediocampista,15,2010
Piotr Zieliński,Polonia,1.77 m,20 de mayo de 1994,Mediocampista,"19, 20","2018, 2022"
Pirmin Schwegler,Suiza,1.78 m,9 de marzo de 1987,Mediocampista,20,2010
Pirri,España,,11 de marzo de 1945,"Defensor, Mediocampista",18,"1966, 1978"
Piru Gainza,España,,28 de mayo de 1922,Delantero,-,1950
Pius Ikedia,Nigeria,1.66 m,11 de julio de 1980,Delantero,7,2002
Pius Ndiefi,Camerún,1.74 m,5 de julio de 1975,Delantero,11,2002
Pizzi,España,,7 de junio de 1968,Delantero,9,1998
Placido Galindo,Perú,,9 de marzo de 1902,Mediocampista,-,1930
Plamen Getov,Bulgaria,,4 de marzo de 1959,Mediocampista,11,1986
Plamen Markov,Bulgaria,,11 de septiembre de 1957,Mediocampista,14,1986
Plamen Nikolov,Bulgaria,,20 de agosto de 1961,Arquero,12,1994
Pleun Strik,Paises Bajos,,27 de mayo de 1944,Mediocampista,19,1974
Polozzi,Brasil,,1 de octubre de 1955,Defensor,15,1978
Poly,Brasil,,26 de enero de 1909,Delantero,-,1930
Poly Van Den Bosch,Bélgica,,30 de abril de 1926,Delantero,15,1954
Pontus Farnerud,Suecia,1.80 m,4 de junio de 1980,Mediocampista,19,2002
Pontus Jansson,Suecia,1.90 m,13 de febrero de 1991,Defensor,18,2018
Pontus Kamark,Suecia,1.77 m,5 de abril de 1969,Defensor,14,1994
Poong Jo Kim,Corea del Sur,,1 de octubre de 1961,Arquero,1,1990
Porfirio Betancourt,Honduras,,10 de octubre de 1957,Delantero,9,1982
Prawitz Oberg,Suecia,,16 de noviembre de 1930,Defensor,13,1958
Preben Elkjaer Larsen,Dinamarca,,11 de septiembre de 1957,Delantero,10,1986
Predrag Djajic,Yugoslavia,,1 de mayo de 1922,Mediocampista,-,1950
Predrag Djordjevic,Serbia y Montenegro,1.84 m,4 de agosto de 1972,Mediocampista,11,2006
Predrag Mijatovic,RF de Yugoslavia,,19 de enero de 1969,Delantero,9,1998
Predrag Pasic,Yugoslavia,,18 de octubre de 1958,Delantero,21,1982
Predrag Rajković,Serbia,1.91 m,31 de octubre de 1995,Arquero,12,"2018, 2022"
Predrag Spasic,Yugoslavia,,29 de septiembre de 1965,Defensor,3,1990
Preguinho,Brasil,,8 de febrero de 1905,Delantero,-,1930
Preki Radosavljevic,Estados Unidos,1.75 m,24 de junio de 1963,Mediocampista,14,1998
Premysl Bicovsky,Checoslovaquia,,18 de agosto de 1950,Mediocampista,12,1982
Presnel Kimpembe,Francia,1.89 m,13 de agosto de 1995,Defensor,3,2018
Prince Tagoe,Ghana,1.79 m,9 de noviembre de 1986,Delantero,12,2010
Prudencio Norales,Honduras,,20 de abril de 1956,Delantero,13,1982
Prvoslav Mihajlovic,Yugoslavia,,13 de abril de 1921,Delantero,-,1950
Przemyslaw Frankowski,Polonia,1.75 m,12 de abril de 1995,Mediocampista,24,2022
Pu Yang,China,1.79 m,30 de marzo de 1978,Defensor,3,2002
Puck Van Heel,Paises Bajos,,21 de enero de 1904,Mediocampista,-,"1934, 1938"
Pyung Seok Kim,Corea del Sur,,22 de septiembre de 1958,Defensor,12,1986
Qassim Bassim,Iraq,,22 de marzo de 1959,Mediocampista,19,1986
Qi An,China,1.92 m,21 de junio de 1981,Arquero,1,2002
Quim,Portugal,1.84 m,13 de noviembre de 1975,Arquero,12,2006
Quincoces I,España,,17 de julio de 1905,Defensor,-,1934
Quincy Owusu-Abeyie,Ghana,1.80 m,15 de abril de 1986,Delantero,20,2010
Quini,España,,23 de septiembre de 1949,Delantero,"9, 20","1978, 1982"
Quinton Fortune,Sudáfrica,1.82 m,21 de mayo de 1977,Mediocampista,7,"1998, 2002"
Quique,España,,5 de febrero de 1965,Defensor,8,1990
Quique Setien,España,,27 de septiembre de 1958,Delantero,12,1986
Quiterio Olmedo,Paraguay,,21 de diciembre de 1907,Defensor,-,1930
R. Telwe,Indias Orientales Holand.,,,Delantero,-,1938
Rabah Madjer,Argelia,,15 de febrero de 1958,Delantero,11,"1982, 1986"
Rabie Yassin,Egipto,,7 de septiembre de 1960,Defensor,3,1990
Rabiu Afolabi,Nigeria,1.83 m,18 de abril de 1980,Defensor,"13, 5","2002, 2010"
Rachid Azzouzi,Marruecos,,10 de enero de 1971,Mediocampista,"8, 16","1994, 1998"
Rachid Daoudi,Marruecos,,21 de febrero de 1966,Mediocampista,11,1994
Rachid Harkouk,Argelia,,19 de mayo de 1956,Delantero,13,1986
Rachid Neqrouz,Marruecos,,10 de abril de 1972,Defensor,"18, 13","1994, 1998"
Rachid Rokki,Marruecos,,8 de noviembre de 1974,Delantero,21,1998
Radamel Falcao,Colombia,1.77 m,10 de febrero de 1986,Delantero,9,2018
Radhi Jaidi,Túnez,1.92 m,30 de agosto de 1975,Defensor,15,"2002, 2006"
Radhouane Salhi,Túnez,,18 de diciembre de 1967,Arquero,16,1998
Radivoje Ognjanovic,Yugoslavia,,1 de julio de 1938,Delantero,19,1958
Radosav Petrovic,Serbia,1.93 m,8 de marzo de 1989,Mediocampista,19,2010
Radoslav Kovac,República Checa,1.88 m,27 de noviembre de 1979,Mediocampista,5,2006
Radoslav Zabavnik,Eslovaquia,1.80 m,16 de septiembre de 1980,Defensor,5,2010
Radoslav Zdravkov,Bulgaria,,30 de julio de 1956,Defensor,12,1986
Radoslaw Kaluzny,Polonia,1.91 m,2 de febrero de 1974,Mediocampista,10,2002
Radoslaw Majdan,Polonia,1.85 m,10 de mayo de 1972,Arquero,12,2002
Radoslaw Sobolewski,Polonia,1.82 m,13 de diciembre de 1976,Mediocampista,7,2006
Radostin Kishishev,Bulgaria,,30 de julio de 1974,Defensor,2,1998
Radu Niculescu,Rumania,,2 de marzo de 1975,Mediocampista,14,1998
Radu Nunweiller,Rumania,,16 de noviembre de 1944,Mediocampista,10,1970
Rafa,Portugal,1.70 m,17 de mayo de 1993,Mediocampista,15,2014
Rafa Paz,España,,2 de agosto de 1965,Mediocampista,18,1990
Rafael Albrecht,Argentina,,23 de agosto de 1941,"Defensor, Mediocampista","17, 12","1962, 1966"
Rafael Alkorta,España,,16 de septiembre de 1968,Defensor,"12, 18, 4","1990, 1994, 1998"
Rafael Amador,México,,16 de noviembre de 1957,Defensor,18,1986
Rafael Avalos,México,,1 de enero de 1926,Mediocampista,6,1954
Rafael Garcia,México,1.75 m,14 de agosto de 1974,Mediocampista,"3, 20","2002, 2006"
Rafael Gonzalez,Chile,,24 de abril de 1950,Defensor,13,1974
Rafael Gordillo,España,,24 de febrero de 1957,"Defensor, Mediocampista","3, 6","1982, 1986"
Rafael Garza Gutierrez,México,,13 de diciembre de 1896,Defensor,-,1930
Rafael Leão,Portugal,1.88 m,10 de junio de 1999,Delantero,15,2022
Rafael Marquez,México,1.85 m,13 de febrero de 1979,"Defensor, Mediocampista",4,"2002, 2006, 2010, 2014, 2018"
Rafael Mendez,Bolivia,,1 de enero de 1904,Delantero,-,1930
Rafael Salguero,Perú,,10 de agosto de 1951,Defensor,3,1982
Rafael Souto,Uruguay,,24 de octubre de 1930,Delantero,18,1954
Rafael Van Der Vaart,Paises Bajos,1.75 m,11 de febrero de 1983,Mediocampista,"10, 23","2006, 2010"
Rafał Kurzawa,Polonia,1.82 m,29 de enero de 1993,Mediocampista,21,2018
Rafik Djebbour,Argelia,1.85 m,8 de marzo de 1984,Delantero,11,2010
Rafik Halliche,Argelia,1.87 m,2 de septiembre de 1986,Defensor,5,"2010, 2014"
Rafik Saifi,Argelia,1.78 m,7 de febrero de 1975,Delantero,10,2010
Ragnar Gustavsson,Suecia,,28 de septiembre de 1907,Delantero,-,1934
Ragnar Sigurdsson,Islandia,1.87 m,19 de junio de 1986,Defensor,6,2018
Rahamim Talbi,Israel,,17 de mayo de 1943,Delantero,15,1970
Raheem Sterling,Inglaterra,1.70 m,8 de diciembre de 1994,"Delantero, Mediocampista","19, 10","2014, 2018, 2022"
Rahman Ahmadi,Irán,1.84 m,30 de julio de 1980,Arquero,1,2014
Rahman Rezaei,Irán,1.78 m,20 de febrero de 1975,Defensor,5,2006
Rai,Brasil,,15 de mayo de 1965,Mediocampista,10,1994
Raimond Aumann,Alemania Occidental,,12 de octubre de 1963,Arquero,12,1990
Raimundo Orsi,Italia,,2 de diciembre de 1901,Delantero,-,1934
Raimundo Rodriguez,México,,15 de abril de 1905,Mediocampista,-,1930
Rainer Bonhof,Alemania Occidental,,29 de marzo de 1952,Mediocampista,"16, 6","1974, 1978"
Rais M'Bolhi,Argelia,1.90 m,25 de abril de 1986,Arquero,23,"2010, 2014"
Rajko Mitic,Yugoslavia,,19 de noviembre de 1922,Delantero,8,"1950, 1954"
Rajko Tavcar,Eslovenia,1.80 m,21 de julio de 1974,Mediocampista,15,2002
Ralf Edstrom,Suecia,,7 de octubre de 1952,Delantero,"10, 22","1974, 1978"
Ralph Tracey,Estados Unidos,,23 de diciembre de 1904,Defensor,-,1930
Ramadan Sobhi,Egipto,1.83 m,23 de enero de 1997,Mediocampista,14,2018
Ramaz Shengelia,URSS,,1 de enero de 1957,Delantero,7,1982
Rami Bedoui,Túnez,1.87 m,19 de enero de 1990,Defensor,6,2018
Rami Shaaban,Suecia,1.93 m,30 de junio de 1975,Arquero,23,2006
Ramin Rezaeian,Irán,1.84 m,21 de marzo de 1990,Defensor,23,"2018, 2022"
Ramires,Brasil,1.79 m,24 de marzo de 1987,Mediocampista,"18, 16","2010, 2014"
Ramiro Castillo,Bolivia,,27 de marzo de 1966,Mediocampista,20,1994
Ramiro Navarro,México,,25 de mayo de 1943,Delantero,21,1966
Ramon Abeledo,Argentina,,24 de septiembre de 1937,Delantero,21,1962
Ramon Astudillo,Argentina,,,Defensor,-,1934
Ramón Azeez,Nigeria,1.69 m,12 de diciembre de 1992,Mediocampista,15,2014
Ramon Diaz,Argentina,,29 de agosto de 1959,Delantero,6,1982
Ramon Fagoaga,El Salvador,,12 de enero de 1952,Defensor,5,1982
Ramon Heredia,Argentina,,26 de febrero de 1951,Defensor,10,1974
Ramon Hicks,Paraguay,,30 de mayo de 1960,Delantero,20,1986
Ramon Maradiaga,Honduras,,30 de octubre de 1954,Mediocampista,6,1982
Ramon Maria Caldere,España,,16 de enero de 1959,Mediocampista,18,1986
Ramon Mayeregger,Paraguay,,19 de febrero de 1934,Arquero,1,1958
Ramon Medina Bello,Argentina,,29 de abril de 1966,Delantero,11,1994
Ramon Mifflin,Perú,,5 de abril de 1947,Mediocampista,6,1970
Ramon Morales,México,1.68 m,10 de octubre de 1975,"Delantero, Mediocampista","7, 11","2002, 2006"
Ramon Muttis,Argentina,,12 de marzo de 1899,Defensor,-,1930
Ramon Nunez,Honduras,1.69 m,14 de noviembre de 1985,Mediocampista,7,2010
Ramon Quiroga,Perú,,23 de julio de 1950,Arquero,21,"1978, 1982"
Ramon Ramirez,México,,5 de diciembre de 1969,"Defensor, Mediocampista","5, 7","1994, 1998"
Randal Kolo Muani,Francia,1.87 m,5 de diciembre de 1998,Delantero,12,2022
Randall Azofeifa,Costa Rica,1.82 m,30 de diciembre de 1984,Mediocampista,14,"2006, 2018"
Randall Brenes,Costa Rica,1.73 m,13 de agosto de 1983,Delantero,14,2014
Randy Ragan,Canadá,,7 de junio de 1959,Mediocampista,4,1986
Randy Samuel,Canadá,,23 de diciembre de 1963,Defensor,12,1986
Ranulfo Cortes,México,,,Delantero,22,1954
Raouf Ben Aziza,Túnez,,23 de septiembre de 1953,Delantero,11,1978
Raouf Bouzaiene,Túnez,1.74 m,16 de agosto de 1970,Defensor,12,2002
Raoul Diagne,Francia,,10 de noviembre de 1910,Defensor,-,1938
Raoul Lambert,Bélgica,,20 de octubre de 1944,Delantero,18,1970
Raphaël Guerreiro,Portugal,1.70 m,22 de diciembre de 1993,Defensor,5,"2018, 2022"
Raphael Varane,Francia,1.91 m,25 de abril de 1993,Defensor,4,"2014, 2018, 2022"
Raphael Wicky,Suiza,1.78 m,26 de abril de 1977,Mediocampista,8,2006
Raphinha,Brasil,1.76 m,14 de diciembre de 1996,Delantero,11,2022
Rasheed Yekini,Nigeria,,23 de octubre de 1963,Delantero,9,"1994, 1998"
Rashid Sumaila,Ghana,1.82 m,18 de diciembre de 1992,Defensor,15,2014
Rasmus Kristensen,Dinamarca,1.87 m,11 de julio de 1997,Defensor,13,2022
Rasoul Khatibi,Irán,1.72 m,22 de septiembre de 1978,Delantero,11,2006
Ratko Colic,Yugoslavia,,17 de marzo de 1918,Defensor,-,1950
Ratko Svilar,Yugoslavia,,6 de mayo de 1950,Arquero,22,1982
Raul,España,1.80 m,27 de junio de 1977,Delantero,"10, 7","1998, 2002, 2006"
Raul Albiol,España,1.87 m,4 de septiembre de 1985,Defensor,2,"2010, 2014"
Raul Arellano,México,,28 de febrero de 1935,Delantero,11,1954
Raul Belen,Argentina,,1 de julio de 1931,Delantero,11,1962
Raul Cardenas,México,,30 de octubre de 1928,Mediocampista,"5, 17","1954, 1958, 1962"
Raul Cordoba,México,,,Arquero,-,1950
Raul Gorriti,Perú,,10 de octubre de 1956,Mediocampista,16,1978
Raul Guerron,Ecuador,1.84 m,12 de octubre de 1976,Defensor,6,2002
Raul Gutierrez,México,,16 de octubre de 1966,Defensor,21,1994
Raul Isiordia,México,,22 de diciembre de 1952,Delantero,21,1978
Raúl Jiménez,México,1.88 m,5 de mayo de 1991,Delantero,9,"2014, 2018, 2022"
Raul Lara,México,,28 de febrero de 1973,Mediocampista,14,1998
Raul Magana,El Salvador,,24 de febrero de 1940,Arquero,1,1970
Raul Meireles,Portugal,1.79 m,17 de marzo de 1983,Mediocampista,16,"2010, 2014"
Raul Ormeno,Chile,,21 de junio de 1958,Mediocampista,14,1982
Raul Paez,Argentina,,26 de mayo de 1937,Defensor,6,1962
Raúl Ruidíaz,Perú,1.67 m,25 de julio de 1990,Delantero,11,2018
Raul Sanchez,Chile,,26 de octubre de 1933,Defensor,3,1962
Raul Servin,México,,29 de abril de 1963,Defensor,17,1986
Ray Clemence,Inglaterra,,5 de agosto de 1948,Arquero,1,1982
Ray Houghton,Irlanda,,9 de enero de 1962,Mediocampista,8,"1990, 1994"
Ray Richards,Australia,,18 de mayo de 1946,Mediocampista,6,1974
Ray Wilkins,Inglaterra,,14 de septiembre de 1956,Mediocampista,"19, 8","1982, 1986"
Ray Wilson,Inglaterra,,17 de diciembre de 1934,Defensor,3,"1962, 1966"
Raymond Ausloos,Bélgica,,3 de febrero de 1930,Arquero,17,1954
Raymond Bellot,Francia,,6 de septiembre de 1929,Delantero,14,1958
Raymond Braine,Bélgica,,28 de abril de 1907,Delantero,-,1938
Raymond Kaelbel,Francia,,31 de enero de 1932,Defensor,"6, 4","1954, 1958"
Raymond Kalla,Camerún,1.92 m,22 de abril de 1975,Defensor,"13, 5","1994, 1998, 2002"
Raymond Kopa,Francia,,13 de octubre de 1931,Delantero,18,"1954, 1958"
Raymond Mommens,Bélgica,,27 de diciembre de 1958,Mediocampista,"18, 17","1982, 1986"
Raymond Pasello,Suiza,,12 de enero de 1905,Delantero,-,1934
Raymundo Infante,Chile,,,Delantero,-,1950
Razak Pimpong,Ghana,1.73 m,30 de diciembre de 1982,Delantero,19,2006
Redha Tukar,Arabia Saudita,1.79 m,29 de noviembre de 1975,Defensor,3,"2002, 2006"
Refik Sabanadzovic,Yugoslavia,,2 de agosto de 1965,Mediocampista,16,1990
Reidar Kvammen,Noruega,,23 de julio de 1914,Delantero,-,1938
Reinaldo,Brasil,,11 de enero de 1957,Delantero,9,1978
Reinhard Lauck,Alemania Oriental,,16 de septiembre de 1946,Mediocampista,13,1974
Reinhold Hintermaier,Austria,,14 de febrero de 1956,Mediocampista,10,1982
Reinhold Muenzenberg,Alemania,,25 de enero de 1909,Defensor,-,"1934, 1938"
Reino Borjesson,Suecia,,4 de febrero de 1929,Mediocampista,15,1958
Remko Pasveer,Paises Bajos,1.88 m,8 de noviembre de 1983,Arquero,1,2022
Remo Freuler,Suiza,1.81 m,15 de abril de 1992,Mediocampista,8,"2018, 2022"
Rémy Cabella,Francia,1.72 m,8 de marzo de 1990,Mediocampista,7,2014
Renato,Brasil,,5 de diciembre de 1944,Arquero,12,1974
Renato,Brasil,,21 de febrero de 1957,Mediocampista,19,1982
Renato Augusto,Brasil,1.86 m,8 de febrero de 1988,Mediocampista,8,2018
Renato Bizzozero,Suiza,,1 de enero de 1912,Arquero,-,"1934, 1938"
Renato Gaucho,Brasil,,9 de septiembre de 1962,Delantero,17,1990
Renato Ibarra,Ecuador,1.75 m,20 de enero de 1991,Mediocampista,5,2014
Renato Olmi,Italia,,12 de julio de 1914,Mediocampista,-,1938
Renato Sainz,Bolivia,,14 de diciembre de 1899,Mediocampista,-,1930
Renato Steffen,Suiza,1.70 m,3 de noviembre de 1991,Delantero,11,2022
Renato Tapia,Perú,1.82 m,28 de julio de 1995,Mediocampista,13,2018
Renato Zaccarelli,Italia,,18 de enero de 1951,Mediocampista,15,1978
Rene Bader,Suiza,,7 de agosto de 1922,Delantero,-,1950
Rene Brodmann,Suiza,,25 de octubre de 1933,Defensor,5,1966
Rene Cabrera,Bolivia,,,Mediocampista,-,1950
Rene Dereuddre,Francia,,22 de junio de 1930,Delantero,16,1954
Rene Fernandez,Bolivia,,1 de enero de 1906,Delantero,-,1930
Rene Girard,Francia,,4 de abril de 1954,Mediocampista,11,1982
Rene Henriksen,Dinamarca,1.83 m,27 de agosto de 1969,Defensor,"20, 3","1998, 2002"
Rene Higuita,Colombia,,27 de agosto de 1966,Arquero,1,1990
Rene Houseman,Argentina,,19 de julio de 1953,"Delantero, Mediocampista","11, 9","1974, 1978"
Rene Krhin,Eslovenia,1.84 m,21 de mayo de 1990,Mediocampista,15,2010
Rene Llense,Francia,,14 de julio de 1913,Arquero,-,"1934, 1938"
Rene Ndjeya,Camerún,,9 de octubre de 1953,Defensor,4,1982
Rene Pijpers,Paises Bajos,,15 de septiembre de 1917,Mediocampista,-,1938
Rene Quentin,Suiza,,5 de agosto de 1943,Delantero,16,1966
Rene Quitral,Chile,,,Arquero,-,1950
Rene Valenzuela,Chile,,20 de abril de 1955,Defensor,3,1982
Rene Van De Kerkhof,Paises Bajos,,16 de septiembre de 1951,Delantero,10,"1974, 1978"
Rene Vandereycken,Bélgica,,22 de julio de 1953,Mediocampista,7,"1982, 1986"
Rene Verheyen,Bélgica,,20 de marzo de 1952,Mediocampista,17,1982
Reneilwe Letsholonyane,Sudáfrica,1.73 m,9 de junio de 1982,Mediocampista,12,2010
Reto Ziegler,Suiza,1.83 m,16 de enero de 1986,Defensor,"17, 3","2010, 2014"
Reuben Gabriel,Nigeria,1.95 m,25 de septiembre de 1990,Mediocampista,4,2014
Revaz Dzodzvashvili,URSS,,15 de abril de 1945,Defensor,4,1970
Reza Enayati,Irán,1.78 m,23 de septiembre de 1976,Delantero,16,2006
Reza Ghoochannejhad,Irán,1.80 m,20 de septiembre de 1987,Delantero,16,"2014, 2018"
Reza Haghighi,Irán,1.97 m,1 de enero de 1989,Mediocampista,8,2014
Reza Shahroudi,Irán,,21 de febrero de 1972,Mediocampista,16,1998
Rezso Somlai,Hungría,,1 de enero de 1911,Mediocampista,-,1934
Riadh Bouazizi,Túnez,1.86 m,8 de abril de 1973,Mediocampista,13,"1998, 2002, 2006"
Riadh Jelassi,Túnez,1.75 m,7 de julio de 1971,Delantero,9,"1998, 2002"
Ribeiro,Portugal,,2 de noviembre de 1957,Mediocampista,4,1986
Ricardinho,Brasil,1.76 m,23 de mayo de 1976,Mediocampista,"7, 20","2002, 2006"
Ricardo,España,1.87 m,30 de diciembre de 1971,Arquero,13,2002
Ricardo,Portugal,1.88 m,11 de febrero de 1976,Arquero,"16, 1","2002, 2006"
Ricardo Álvarez,Argentina,1.88 m,12 de abril de 1988,Mediocampista,19,2014
Ricardo Ávila,Panamá,,4 de enero de 1997,Mediocampista,19,2018
Ricardo Bochini,Argentina,,25 de enero de 1954,Mediocampista,3,1986
Ricardo Cabanas,Suiza,1.73 m,17 de enero de 1979,Mediocampista,7,2006
Ricardo Canales,Honduras,1.80 m,30 de mayo de 1982,Arquero,1,2010
Ricardo Carvalho,Portugal,1.83 m,18 de mayo de 1978,Defensor,"16, 6","2006, 2010"
Ricardo Clark,Estados Unidos,1.78 m,10 de febrero de 1983,Mediocampista,13,2010
Ricardo Costa,Portugal,1.83 m,16 de mayo de 1981,Defensor,"4, 21, 13","2006, 2010, 2014"
Ricardo Gallego,España,,8 de febrero de 1959,Mediocampista,"17, 14","1982, 1986"
Ricardo Gardner,Jamaica,,25 de septiembre de 1978,Defensor,15,1998
Ricardo Giusti,Argentina,,11 de diciembre de 1956,Mediocampista,14,"1986, 1990"
Ricardo Gomes,Brasil,,13 de diciembre de 1964,Defensor,3,1990
Ricardo Horta,Portugal,1.73 m,15 de septiembre de 1994,Delantero,21,2022
Ricardo Infante,Argentina,,21 de junio de 1924,Delantero,20,1958
Ricardo La Volpe,Argentina,,6 de febrero de 1952,Arquero,13,1978
Ricardo Osorio,México,1.73 m,30 de marzo de 1980,Defensor,5,"2006, 2010"
Ricardo Pavoni,Uruguay,,8 de julio de 1943,Defensor,6,1974
Ricardo Pelaez Linares,México,,14 de marzo de 1963,Delantero,9,1998
Ricardo Pereira,Portugal,1.75 m,6 de octubre de 1993,Defensor,15,2018
Ricardo Quaresma,Portugal,1.75 m,26 de septiembre de 1983,Delantero,20,2018
Ricardo Rocha,Brasil,,11 de septiembre de 1962,Defensor,"19, 3","1990, 1994"
Ricardo Rodriguez,Suiza,1.80 m,25 de agosto de 1992,Defensor,13,"2014, 2018, 2022"
Ricardo Rojas,Paraguay,,26 de enero de 1971,Defensor,14,1998
Ricardo Tavarelli,Paraguay,1.82 m,2 de agosto de 1970,Arquero,22,2002
Ricardo Villa,Argentina,,18 de agosto de 1952,Mediocampista,22,1978
Ricardo Zamora,España,,21 de enero de 1901,Arquero,-,1934
Riccardo Carapellese,Italia,,1 de julio de 1922,Delantero,-,1950
Riccardo Ferri,Italia,,20 de agosto de 1963,Defensor,6,1990
Riccardo Montolivo,Italia,1.81 m,18 de enero de 1985,Mediocampista,22,2010
Richard Duerr,Suiza,,1 de diciembre de 1938,Mediocampista,"16, 6","1962, 1966"
Richard Dunne,Irlanda,1.87 m,21 de septiembre de 1979,Defensor,15,2002
Richard Garcia,Australia,1.80 m,4 de septiembre de 1981,Delantero,19,2010
Richard Gough,Escocia,,5 de abril de 1962,Defensor,"2, 4","1986, 1990"
Richard Herrmann,Alemania Occidental,,28 de enero de 1923,Delantero,17,1954
Richard Kingson,Ghana,1.82 m,13 de junio de 1978,Arquero,22,"2006, 2010"
Richard Morales,Uruguay,1.97 m,21 de febrero de 1975,Delantero,18,2002
Richard Wilson,Nueva Zelanda,,8 de mayo de 1956,Arquero,1,1982
Richard Witschge,Paises Bajos,,20 de septiembre de 1969,Mediocampista,11,1990
Richarlison,Brasil,1.84 m,10 de mayo de 1997,Delantero,9,2022
Richart Baez,Paraguay,1.80 m,31 de julio de 1973,Delantero,7,2002
Richie Laryea,Canadá,1.75 m,7 de enero de 1995,Defensor,22,2022
Richmond Forson,Togo,1.80 m,23 de mayo de 1980,Delantero,13,2006
Ricki Herbert,Nueva Zelanda,,10 de abril de 1961,Defensor,3,1982
Rickie Lambert,Inglaterra,1.87 m,16 de febrero de 1982,Delantero,18,2014
Ridha Ellouz,Túnez,,27 de abril de 1953,Defensor,17,1978
Rigobert Song,Camerún,1.85 m,1 de julio de 1976,Defensor,"3, 4","1994, 1998, 2002, 2010"
Rigoberto Cisneros,México,,15 de agosto de 1953,Defensor,13,1978
Rik Coppens,Bélgica,,29 de abril de 1930,Delantero,9,1954
Rildo,Brasil,,23 de enero de 1942,Defensor,9,1966
Riley McGree,Australia,1.78 m,2 de noviembre de 1998,Mediocampista,14,2022
Rinat Dassayev,URSS,,13 de junio de 1957,Arquero,1,"1982, 1986, 1990"
Rino Ferrario,Italia,,7 de diciembre de 1926,Mediocampista,16,1954
Rinus Israel,Paises Bajos,,19 de marzo de 1942,Defensor,5,1974
Rio Ferdinand,Inglaterra,1.88 m,7 de noviembre de 1978,Defensor,"21, 5","1998, 2002, 2006, 2010"
Rio Mavuba,Francia,1.71 m,6 de marzo de 1984,Mediocampista,12,2014
Ritsu Doan,Japón,1.72 m,16 de junio de 1998,Mediocampista,8,2022
Rivaldo,Brasil,1.86 m,19 de abril de 1972,Mediocampista,10,"1998, 2002"
Rivelino,Brasil,,1 de enero de 1946,Mediocampista,"11, 10","1970, 1974, 1978"
Riyad Mahrez,Argelia,1.79 m,21 de febrero de 1991,Delantero,21,2014
Riyadh Sharahili,Arabia Saudita,1.84 m,28 de abril de 1993,Mediocampista,26,2022
Rizah Meskovic,Yugoslavia,,10 de agosto de 1947,Arquero,22,1974
Roald Amundsen,Noruega,,1 de junio de 1903,Defensor,-,1938
Roan Wilson,Costa Rica,1.84 m,1 de mayo de 2002,Mediocampista,24,2022
Roar Strand,Noruega,,2 de febrero de 1970,Mediocampista,"19, 22","1994, 1998"
Rob Rensenbrink,Paises Bajos,,3 de julio de 1947,Delantero,"15, 12","1974, 1978"
Rob Witschge,Paises Bajos,,22 de agosto de 1966,Mediocampista,5,1994
Robbie Findley,Estados Unidos,1.75 m,4 de agosto de 1985,Delantero,20,2010
Robbie Fowler,Inglaterra,1.76 m,9 de abril de 1975,Delantero,9,2002
Robbie Keane,Irlanda,1.76 m,8 de julio de 1980,Delantero,10,2002
Robbie Kruse,Australia,1.79 m,5 de octubre de 1988,Delantero,10,2018
Robert Almond,Nueva Zelanda,,16 de abril de 1951,Defensor,6,1982
Robert Arboleda,Ecuador,1.89 m,22 de octubre de 1991,Defensor,4,2022
Robert Ballaman,Suiza,,21 de junio de 1926,Delantero,16,1954
Robert Braet,Bélgica,,11 de febrero de 1912,Arquero,-,1938
Robert Budzynski,Francia,,21 de mayo de 1940,Defensor,6,1966
Robert Defosse,Francia,,16 de junio de 1909,Arquero,-,1934
Robert Dienst,Austria,,1 de marzo de 1928,Delantero,19,"1954, 1958"
Robert Earle,Jamaica,,27 de enero de 1965,Mediocampista,16,1998
Robert Fleck,Escocia,,11 de agosto de 1965,Delantero,21,1990
Robert Gadocha,Polonia,,10 de enero de 1946,Delantero,18,1974
Robert Green,Inglaterra,1.87 m,18 de enero de 1980,Arquero,12,2010
Robert Gumny,Polonia,1.82 m,4 de junio de 1998,Defensor,25,2022
Robert Herbin,Francia,,30 de marzo de 1939,Mediocampista,16,1966
Robert Hosp,Suiza,,13 de diciembre de 1939,Delantero,10,1966
Robert Huth,Alemania,1.91 m,18 de agosto de 1984,Defensor,4,2006
Robert Jarni,Yugoslavia,1.80 m,26 de octubre de 1968,"Defensor, Mediocampista",17,"1990, 1998, 2002"
Robert Johnstone,Escocia,,7 de septiembre de 1929,Delantero,15,1954
Robert Jonquet,Francia,,3 de mayo de 1925,"Defensor, Mediocampista",10,"1954, 1958"
Robert Koerner,Austria,,21 de agosto de 1924,Delantero,7,1954
Robert Koren,Eslovenia,1.73 m,20 de septiembre de 1980,Mediocampista,8,2010
Robert Kovac,Croacia,1.82 m,6 de abril de 1974,Defensor,"21, 4","2002, 2006"
Robert Lamoot,Bélgica,,18 de marzo de 1911,Delantero,-,1934
Robert Lee,Inglaterra,,1 de febrero de 1966,Mediocampista,17,1998
Robert Lewandowski,Polonia,1.85 m,21 de agosto de 1988,Delantero,9,"2018, 2022"
Robert Maertens,Bélgica,,24 de enero de 1930,Mediocampista,20,1954
Robert Malm,Togo,1.79 m,21 de agosto de 1973,Delantero,11,2006
Robert Mouynet,Francia,,25 de marzo de 1930,Defensor,7,1958
Robert Paverick,Bélgica,,29 de noviembre de 1912,Defensor,-,1938
Robert Pecl,Austria,,15 de noviembre de 1965,Defensor,3,1990
Robert Pires,Francia,1.80 m,29 de octubre de 1973,Mediocampista,11,1998
Robert Prosinecki,Yugoslavia,1.82 m,12 de enero de 1969,Mediocampista,"15, 8","1990, 1998, 2002"
Robert Sadowsky,Rumania,,16 de agosto de 1914,Arquero,-,1938
Robert Sánchez,España,1.97 m,18 de noviembre de 1997,Arquero,1,2022
Robert Sara,Austria,,9 de junio de 1946,Defensor,2,1978
Robert Skov,Dinamarca,1.83 m,20 de mayo de 1996,Mediocampista,24,2022
Robert Van Kerckhoven,Bélgica,,1 de enero de 1924,Mediocampista,14,1954
Robert Vittek,Eslovaquia,1.88 m,1 de abril de 1982,Delantero,11,2010
Roberto,España,,5 de julio de 1962,Mediocampista,15,1990
Roberto,Brasil,,31 de julio de 1944,Delantero,13,1970
Roberto,Brasil,,20 de junio de 1912,Delantero,-,1938
Roberto Abbondanzieri,Argentina,1.86 m,19 de agosto de 1972,Arquero,1,2006
Roberto Acuña,Paraguay,1.75 m,25 de marzo de 1972,Mediocampista,10,"1998, 2002, 2006"
Roberto Alvarado,México,1.76 m,7 de septiembre de 1998,Mediocampista,25,2022
Roberto Anzolin,Italia,,18 de abril de 1938,Arquero,2,1966
Roberto Ayala,Argentina,1.77 m,14 de abril de 1973,Defensor,2,"1998, 2002, 2006"
Roberto Baggio,Italia,1.74 m,18 de febrero de 1967,Delantero,"15, 10, 18","1990, 1994, 1998"
Roberto Bailey,Honduras,,10 de agosto de 1952,Mediocampista,16,1982
Roberto Bettega,Italia,,27 de diciembre de 1950,Delantero,18,1978
Roberto Bonano,Argentina,1.86 m,24 de enero de 1970,Arquero,23,2002
Roberto Boninsegna,Italia,,13 de noviembre de 1943,Delantero,20,"1970, 1974"
Roberto Cabañas,Paraguay,,11 de abril de 1961,Delantero,9,1986
Roberto Capparelli,Bolivia,,18 de noviembre de 1921,Delantero,-,1950
Roberto Carlos,Brasil,1.68 m,10 de abril de 1973,Defensor,6,"1998, 2002, 2006"
Roberto Cerro,Argentina,,23 de febrero de 1907,Delantero,-,1930
Roberto Challe,Perú,,24 de noviembre de 1946,Mediocampista,7,1970
Roberto Cortes,Chile,,2 de febrero de 1905,Arquero,-,1930
Roberto Di Matteo,Italia,,29 de mayo de 1970,Mediocampista,16,1998
Roberto Dinamite,Brasil,,13 de abril de 1954,Delantero,20,"1978, 1982"
Roberto Donadoni,Italia,,9 de septiembre de 1963,Mediocampista,"17, 16","1990, 1994"
Roberto Fernandez,Paraguay,,9 de julio de 1954,Arquero,1,1986
Roberto Firmino,Brasil,1.80 m,2 de octubre de 1991,Delantero,20,2018
Roberto Frigerio,Suiza,,16 de noviembre de 1938,Delantero,22,1962
Roberto Gayon,México,,1 de enero de 1905,Delantero,-,1930
Roberto Hodge,Chile,,30 de julio de 1944,Mediocampista,10,1966
Roberto Iraneta,Argentina,,21 de marzo de 1915,Delantero,-,1934
Roberto Leopardi,Uruguay,,19 de julio de 1933,Mediocampista,6,1954
Roberto Mancini,Italia,,27 de noviembre de 1964,Delantero,18,1990
Roberto Matosas,Uruguay,,11 de mayo de 1940,Defensor,3,1970
Roberto Mosquera,Perú,,21 de junio de 1956,Delantero,12,1978
Roberto Mussi,Italia,,25 de agosto de 1963,Defensor,8,1994
Roberto Perfumo,Argentina,,3 de octubre de 1942,Defensor,"4, 14","1966, 1974"
Roberto Rivas,El Salvador,,17 de julio de 1941,Defensor,2,1970
Roberto Rojas,Perú,,26 de octubre de 1955,Defensor,22,1978
Roberto Rosato,Italia,,18 de agosto de 1943,Defensor,"21, 8","1966, 1970"
Roberto Sensini,Argentina,1.78 m,12 de octubre de 1966,Defensor,"17, 4, 6","1990, 1994, 1998"
Roberto Sosa,Uruguay,,14 de junio de 1935,Arquero,"1, 12","1962, 1966"
Roberto Telch,Argentina,,6 de noviembre de 1943,Mediocampista,18,1974
Roberto Tricella,Italia,,18 de marzo de 1959,Defensor,7,1986
Robin Olsen,Suecia,1.98 m,8 de enero de 1990,Arquero,1,2018
Robin Van Persie,Paises Bajos,1.83 m,6 de agosto de 1983,Delantero,"17, 9","2006, 2010, 2014"
Robinho,Brasil,1.75 m,25 de enero de 1984,Delantero,"23, 11","2006, 2010"
Rodion Camataru,Rumania,,22 de junio de 1958,Delantero,9,1990
Rodney Wallace,Costa Rica,,17 de junio de 1988,Mediocampista,13,2018
Rodolfo Rodriguez,Uruguay,,20 de enero de 1956,Arquero,1,1986
Rodolfo Cota,México,1.88 m,3 de julio de 1987,Arquero,12,2022
Rodolfo Dubo,Chile,,11 de septiembre de 1953,Mediocampista,6,1982
Rodolfo Gamarra,Paraguay,1.68 m,10 de diciembre de 1988,Delantero,23,2010
Rodolfo Manzo,Perú,,5 de junio de 1949,Defensor,3,1978
Rodolfo Orlandini,Argentina,,1 de enero de 1905,Defensor,-,1930
Rodolfo Pini,Uruguay,,1 de enero de 1926,Mediocampista,-,1950
Rodolfo Sandoval,Uruguay,,4 de octubre de 1948,Mediocampista,13,1970
Rodri,España,,8 de marzo de 1934,Defensor,17,1962
Rodri,España,1.90 m,22 de junio de 1996,Mediocampista,16,2022
Rodrigo Barrera,Chile,,30 de marzo de 1970,Delantero,21,1998
Rodrigo Bentancur,Uruguay,1.87 m,25 de junio de 1997,Mediocampista,6,"2018, 2022"
Rodrigo Cordero,Costa Rica,1.73 m,4 de diciembre de 1973,Mediocampista,19,2002
Rodrigo De Paul,Argentina,1.80 m,24 de mayo de 1994,Mediocampista,7,2022
Rodrigo Millar,Chile,1.82 m,3 de noviembre de 1981,Mediocampista,20,2010
Rodrigo Moreno,España,1.82 m,6 de marzo de 1991,Delantero,9,2018
Rodrigo Muñoz,Uruguay,1.84 m,22 de enero de 1982,Arquero,12,2014
Rodrigo Palacio,Argentina,1.76 m,5 de febrero de 1982,Delantero,"14, 18","2006, 2014"
Rodrigo Ruiz,México,,14 de abril de 1923,Defensor,-,1950
Rodrigo Tello,Chile,1.71 m,14 de octubre de 1979,Mediocampista,21,2010
Rodrigues Neto,Brasil,,6 de diciembre de 1949,Defensor,16,1978
Rodrygo,Brasil,1.74 m,9 de enero de 2001,Delantero,21,2022
Rogelio Delgado,Paraguay,,12 de octubre de 1959,Defensor,5,1986
Rogelio Dominguez,Argentina,,9 de marzo de 1931,Arquero,12,1962
Rogelio Farias,Chile,,13 de agosto de 1949,Mediocampista,19,1974
Rogelio Funes Mori,México,1.86 m,5 de marzo de 1991,Delantero,11,2022
Roger Bocquet,Suiza,,9 de abril de 1921,Defensor,4,"1950, 1954"
Roger Byrne,Inglaterra,,8 de febrero de 1929,Defensor,3,1954
Roger Courtois,Francia,,30 de mayo de 1912,Delantero,-,"1934, 1938"
Roger Espinoza,Honduras,1.78 m,25 de octubre de 1986,Delantero,"13, 15","2010, 2014"
Roger Feutmba,Camerún,,31 de octubre de 1965,Mediocampista,19,1990
Roger Flores,Costa Rica,,26 de mayo de 1959,Defensor,3,1990
Roger Gomez,Costa Rica,,7 de febrero de 1965,Mediocampista,12,1990
Roger Hunt,Inglaterra,,20 de julio de 1938,Delantero,"18, 21","1962, 1966"
Roger Ljung,Suecia,,8 de enero de 1966,Defensor,5,"1990, 1994"
Roger Marche,Francia,,5 de marzo de 1924,Defensor,"7, 6","1954, 1958"
Roger Mathis,Suiza,,4 de abril de 1921,Defensor,6,1954
Roger Milla,Camerún,,20 de mayo de 1952,Delantero,9,"1982, 1990, 1994"
Roger Nilsen,Noruega,,8 de agosto de 1969,Defensor,14,1994
Roger Piantoni,Francia,,26 de diciembre de 1931,Delantero,20,1958
Roger Quinche,Suiza,,22 de julio de 1922,Mediocampista,-,1950
Roger Rio,Francia,,13 de febrero de 1913,Mediocampista,-,1934
Roger Saint-Vil,Haití,,8 de diciembre de 1949,Delantero,15,1974
Roger Vonlanthen,Suiza,,5 de diciembre de 1930,Delantero,"22, 20","1954, 1962"
Rogerio Ceni,Brasil,1.88 m,22 de enero de 1973,Arquero,"22, 12","2002, 2006"
Roland Aman,Suecia,,30 de enero de 1957,Defensor,14,1978
Roland Andersson,Suecia,,28 de marzo de 1950,Defensor,20,1978
Roland Grip,Suecia,,1 de enero de 1941,Defensor,"5, 13","1970, 1974"
Roland Hattenberger,Austria,,7 de diciembre de 1948,Mediocampista,6,"1978, 1982"
Roland Nilsson,Suecia,,27 de noviembre de 1963,Defensor,"6, 2","1990, 1994"
Roland Sandberg,Suecia,,16 de diciembre de 1946,Delantero,11,1974
Rolando,Portugal,1.89 m,31 de agosto de 1985,Defensor,4,2010
Rolando Chilavert,Paraguay,,22 de mayo de 1961,Mediocampista,19,1986
Rolando Fonseca,Costa Rica,1.78 m,6 de agosto de 1974,Delantero,7,2002
Rolando Garcia,Chile,,15 de diciembre de 1942,Defensor,2,1974
Rolando Irusta,Argentina,,27 de marzo de 1938,Arquero,2,1966
Rolando Serrano,Colombia,,13 de noviembre de 1938,Mediocampista,10,1962
Rolf Holmberg,Noruega,,24 de agosto de 1914,Mediocampista,-,1938
Rolf Johannesen,Noruega,,15 de marzo de 1910,Defensor,-,1938
Rolf Ruessmann,Alemania Occidental,,13 de octubre de 1950,Defensor,4,1978
Rolf Wuethrich,Suiza,,4 de septiembre de 1938,Mediocampista,21,1962
Romain Saïss,Marruecos,1.90 m,26 de marzo de 1990,Defensor,6,"2018, 2022"
Roman Bürki,Suiza,1.87 m,14 de noviembre de 1990,Arquero,21,"2014, 2018"
Roman Jakobczak,Polonia,,26 de febrero de 1946,Delantero,15,1974
Roman Mahlich,Austria,,17 de septiembre de 1971,Mediocampista,17,1998
Román Torres,Panamá,1.88 m,20 de marzo de 1986,Defensor,5,2018
Roman Weidenfeller,Alemania,1.88 m,6 de agosto de 1980,Arquero,22,2014
Roman Wojcicki,Polonia,,8 de enero de 1958,Defensor,"20, 12, 5","1978, 1982, 1986"
Roman Zobnin,Rusia,1.82 m,11 de febrero de 1994,Mediocampista,11,2018
Romano Fogli,Italia,,21 de enero de 1938,Mediocampista,7,1966
Romaric,Costa de Marfil,1.87 m,4 de junio de 1983,Mediocampista,"22, 13","2006, 2010"
Romario,Brasil,1.69 m,29 de enero de 1966,Delantero,11,"1990, 1994"
Romario Ibarra,Ecuador,1.75 m,24 de septiembre de 1994,Mediocampista,10,2022
Romelu Lukaku,Bélgica,1.90 m,13 de mayo de 1993,Delantero,9,"2014, 2018, 2022"
Romeo Benetti,Italia,,20 de octubre de 1945,Mediocampista,"4, 10","1974, 1978"
Romeu,Brasil,,26 de marzo de 1911,Delantero,-,1938
Romildo Etcheverry,Paraguay,,1 de enero de 1907,Mediocampista,-,1930
Ron Flowers,Inglaterra,,28 de julio de 1934,Mediocampista,"6, 17","1962, 1966"
Ron Hewitt,Gales,,21 de junio de 1928,Delantero,8,1958
Ron-Robert Zieler,Alemania,1.85 m,12 de enero de 1989,Arquero,12,2014
Ron Springett,Inglaterra,,22 de julio de 1935,Arquero,"1, 12","1962, 1966"
Ron Staniforth,Inglaterra,,13 de abril de 1924,Defensor,2,1954
Ron Vlaar,Paises Bajos,1.89 m,16 de febrero de 1985,Defensor,2,2014
Ronald Araújo,Uruguay,1.85 m,7 de marzo de 1999,Defensor,4,2022
Ronald Clayton,Inglaterra,,5 de agosto de 1934,Mediocampista,15,1958
Ronald De Boer,Paises Bajos,,15 de mayo de 1970,Mediocampista,"9, 7","1994, 1998"
Ronald Fuentes,Chile,,22 de junio de 1969,Defensor,3,1998
Ronald Gomez,Costa Rica,1.83 m,24 de enero de 1975,Delantero,11,"2002, 2006"
Ronald Gonzalez,Costa Rica,1.81 m,8 de agosto de 1970,Defensor,4,1990
Ronald Koeman,Paises Bajos,,21 de marzo de 1963,Defensor,4,"1990, 1994"
Ronald Langon,Uruguay,,6 de agosto de 1939,Delantero,19,1962
Ronald Marin,Costa Rica,,2 de noviembre de 1962,Defensor,15,1990
Rónald Matarrita,Costa Rica,1.75 m,9 de julio de 1994,Defensor,22,2022
Ronald Worm,Alemania Occidental,,7 de octubre de 1953,Delantero,19,1978
Ronaldao,Brasil,,19 de junio de 1965,Defensor,4,1994
Ronaldinho,Brasil,1.83 m,21 de marzo de 1980,Mediocampista,"11, 10","2002, 2006"
Ronaldo,Brasil,1.83 m,22 de septiembre de 1976,Delantero,"20, 9","1994, 1998, 2002, 2006"
Ronnie Hellstrom,Suecia,,21 de febrero de 1949,Arquero,1,"1970, 1974, 1978"
Ronnie Whelan,Irlanda,,25 de septiembre de 1961,Mediocampista,"6, 18","1990, 1994"
Ronny Johnsen,Noruega,,10 de junio de 1969,Defensor,3,1998
Ronny Pettersson,Suecia,,26 de abril de 1940,Arquero,17,1970
Rony Martínez,Honduras,1.80 m,16 de agosto de 1988,Delantero,16,2014
Roque Junior,Brasil,1.86 m,31 de agosto de 1976,Defensor,4,2002
Roque Maspoli,Uruguay,,12 de octubre de 1917,Arquero,1,"1950, 1954"
Roque Santa Cruz,Paraguay,1.91 m,16 de agosto de 1981,Delantero,9,"2002, 2006, 2010"
Rory Fallon,Nueva Zelanda,1.91 m,20 de marzo de 1982,Delantero,14,2010
Rosen Kirilov,Bulgaria,,4 de enero de 1973,Defensor,21,1998
Rosendo Hernandez,España,,1 de marzo de 1921,Delantero,-,1950
Ross Barkley,Inglaterra,1.88 m,5 de diciembre de 1993,Mediocampista,21,2014
Rostilav Vojacek,Checoslovaquia,,23 de febrero de 1949,Defensor,6,1982
Rouzbeh Cheshmi,Irán,1.94 m,24 de julio de 1993,Defensor,"4, 15","2018, 2022"
Roy Aitken,Escocia,,24 de noviembre de 1958,Mediocampista,"8, 3","1986, 1990"
Roy Andersson,Suecia,,2 de agosto de 1949,Defensor,3,1978
Roy Bentley,Inglaterra,,17 de mayo de 1924,Delantero,-,1950
Roy Keane,Irlanda,1.79 m,10 de agosto de 1971,Mediocampista,6,"1994, 2002"
Roy Miller,Costa Rica,1.86 m,24 de noviembre de 1984,Defensor,19,2014
Roy Myers,Costa Rica,,13 de abril de 1969,Delantero,17,1990
Roy Rea,Irlanda del Norte,,1 de enero de 1933,Arquero,18,1958
Roy Vernon,Gales,,14 de abril de 1937,Delantero,18,1958
Roy Wegerle,Estados Unidos,,19 de marzo de 1964,"Delantero, Mediocampista","10, 7","1994, 1998"
Ruben Amorim,Portugal,1.80 m,27 de enero de 1985,Mediocampista,"17, 20","2010, 2014"
Ruben Ayala,Argentina,,8 de enero de 1950,Delantero,2,1974
Ruben Baraja,España,1.80 m,11 de julio de 1975,Mediocampista,8,2002
Ruben Bareno,Uruguay,,23 de enero de 1944,Delantero,17,1970
Ruben Cano,España,,5 de febrero de 1951,Delantero,20,1978
Ruben Corbo,Uruguay,,20 de enero de 1952,Delantero,11,1974
Ruben Correa,Perú,,25 de julio de 1941,Arquero,12,1970
Rúben Dias,Portugal,1.87 m,14 de mayo de 1997,Defensor,"13, 4","2018, 2022"
Ruben Diaz,Perú,,17 de abril de 1952,Defensor,"5, 15","1978, 1982"
Ruben Galvan,Argentina,,7 de abril de 1952,Defensor,8,1978
Ruben Glaria,Argentina,,10 de marzo de 1948,Defensor,9,1974
Ruben Gonzalez,Uruguay,,17 de julio de 1939,Defensor,17,1962
Ruben Hernandez,Colombia,,19 de febrero de 1965,Delantero,22,1990
Ruben Loftus-Cheek,Inglaterra,1.91 m,23 de enero de 1996,Mediocampista,21,2018
Ruben Marcos,Chile,,6 de diciembre de 1942,Mediocampista,12,1966
Ruben Moran,Uruguay,,6 de agosto de 1930,Delantero,-,1950
Ruben Navarro,Argentina,,30 de marzo de 1933,Defensor,15,1962
Rúben Neves,Portugal,1.80 m,13 de marzo de 1997,Mediocampista,18,2022
Ruben Pagnanini,Argentina,,31 de enero de 1949,Defensor,18,1978
Ruben Paz,Uruguay,,8 de agosto de 1959,Mediocampista,"18, 10","1986, 1990"
Ruben Pereira,Uruguay,,28 de enero de 1968,Mediocampista,20,1990
Ruben Ruiz Diaz,Paraguay,,11 de noviembre de 1969,Arquero,22,1998
Ruben Soria,Uruguay,,1 de enero de 1935,Defensor,15,1962
Ruben Sosa,Uruguay,,25 de abril de 1966,Delantero,11,1990
Ruben Sosa,Argentina,,14 de noviembre de 1936,Delantero,19,1962
Rubén Vargas,Suiza,1.79 m,5 de agosto de 1998,Mediocampista,17,2022
Rubens,Brasil,,24 de noviembre de 1928,Delantero,20,1954
Rubin Colwill,Gales,1.69 m,27 de abril de 2002,Mediocampista,25,2022
Rudi Hoffmann,Alemania Occidental,,11 de febrero de 1935,Defensor,18,1958
Rudi Kargus,Alemania Occidental,,15 de agosto de 1952,Arquero,21,1978
Rudi Smidts,Bélgica,,12 de agosto de 1963,Defensor,5,1994
Rudi Viertl,Austria,,12 de noviembre de 1902,Delantero,-,1934
Rudi Voeller,Alemania Occidental,,13 de abril de 1960,Delantero,"9, 13","1986, 1990, 1994"
Rudolf Buerger,Rumania,,31 de octubre de 1908,Defensor,-,"1930, 1938"
Rudolf Gellesch,Alemania,,1 de mayo de 1914,Delantero,-,1938
Rudolf Gramlich,Alemania,,6 de junio de 1908,Mediocampista,-,1934
Rudolf Kotormany,Rumania,,23 de enero de 1911,Mediocampista,-,1934
Rudolf Krcil,Checoslovaquia,,5 de marzo de 1906,Mediocampista,-,1934
Rudolf Noack,Alemania,,30 de marzo de 1913,Delantero,-,1934
Rudolf Raftl,Austria,,7 de febrero de 1911,Arquero,-,"1934, 1938"
Rudolf Szanwald,Austria,,6 de julio de 1931,Arquero,1,1958
Rudolf Wetzer,Rumania,,17 de marzo de 1901,Delantero,-,1930
Ruedi Gyger,Suiza,,16 de abril de 1920,Defensor,-,1950
Ruediger Abramczik,Alemania Occidental,,18 de febrero de 1956,Delantero,7,1978
Ruediger Schnuphase,Alemania Oriental,,23 de enero de 1954,Mediocampista,6,1974
Rui Aguas,Portugal,,28 de abril de 1960,Delantero,19,1986
Rui Costa,Portugal,1.80 m,29 de marzo de 1972,Mediocampista,10,2002
Rui Jorge,Portugal,1.73 m,27 de marzo de 1973,Defensor,23,2002
Rui Marques,Angola,1.85 m,3 de septiembre de 1977,Defensor,15,2006
Rui Patricio,Portugal,1.89 m,15 de febrero de 1988,Arquero,"12, 1","2014, 2018, 2022"
Rumen Goranov,Bulgaria,,17 de marzo de 1950,Arquero,1,1974
Runar Alex Runarsson,Islandia,1.88 m,18 de febrero de 1995,Arquero,13,2018
Rune Bratseth,Noruega,,19 de marzo de 1961,Defensor,4,1994
Rune Carlsson,Suecia,,1 de octubre de 1909,Mediocampista,-,1934
Rúrik Gíslason,Islandia,1.84 m,25 de febrero de 1988,Mediocampista,19,2018
Ruslan Nigmatullin,Rusia,1.88 m,7 de octubre de 1974,Arquero,1,2002
Ruslan Pimenov,Rusia,1.79 m,25 de noviembre de 1981,Delantero,19,2002
Ruslan Rotan,Ucrania,1.76 m,29 de octubre de 1981,Mediocampista,21,2006
Russell Latapy,Trinidad y Tobago,1.83 m,2 de agosto de 1968,Delantero,10,2006
Russinho,Brasil,,18 de diciembre de 1902,Delantero,-,1930
Rustu Recber,Turquía,1.86 m,10 de mayo de 1973,Arquero,1,2002
Ruud Geels,Paises Bajos,,28 de julio de 1948,Delantero,1,1974
Ruud Gullit,Paises Bajos,,1 de septiembre de 1962,Mediocampista,10,1990
Ruud Hesp,Paises Bajos,,31 de octubre de 1965,Arquero,22,1998
Ruud Krol,Paises Bajos,,24 de marzo de 1949,Defensor,"12, 5","1974, 1978"
Ruud Van Nistelrooij,Paises Bajos,1.88 m,1 de julio de 1976,Delantero,9,2006
Ruy,Brasil,,2 de febrero de 1922,Mediocampista,-,1950
Ryad Boudebouz,Argelia,1.78 m,19 de febrero de 1990,Mediocampista,7,2010
Ryan Babel,Paises Bajos,1.85 m,19 de diciembre de 1986,Delantero,"21, 19","2006, 2010"
Ryan McGowan,Australia,1.91 m,15 de agosto de 1989,Defensor,19,2014
Ryan Nelsen,Nueva Zelanda,1.85 m,18 de octubre de 1977,Defensor,6,2010
Ryong Woon Kang,Corea del Norte,,25 de abril de 1942,Mediocampista,10,1966
Ryota Oshima,Japón,1.68 m,23 de enero de 1993,Mediocampista,18,2018
Ryszard Komornicki,Polonia,,14 de agosto de 1959,Mediocampista,13,1986
Ryszard Piec,Polonia,,17 de agosto de 1913,Delantero,-,1938
Ryszard Tarasiewicz,Polonia,,27 de abril de 1962,Mediocampista,7,1986
Ryuzo Morioka,Japón,1.80 m,7 de octubre de 1975,Defensor,4,2002
Saad Al Harthi,Arabia Saudita,1.78 m,3 de febrero de 1984,Delantero,11,2006
Saad Al Hutti,Kuwait,,24 de mayo de 1954,Mediocampista,6,1982
Saad Al Sheeb,Catar,1.88 m,19 de febrero de 1990,Arquero,1,2022
Saad Samir,Egipto,1.85 m,1 de abril de 1989,Defensor,20,2018
Saber Eid,Egipto,,1 de mayo de 1959,Mediocampista,15,1990
Saber Khalifa,Túnez,,14 de octubre de 1986,Delantero,19,2018
Sabri Jaballah,Túnez,,28 de junio de 1973,Defensor,20,1998
Saddam Karim,Iraq,,26 de mayo de 1960,Delantero,9,1986
Sadegh Moharrami,Irán,1.74 m,1 de marzo de 1996,Defensor,2,2022
Sadio Mané,Senegal,1.74 m,10 de abril de 1992,Delantero,10,2018
Sadouk Sassi,Túnez,,15 de noviembre de 1945,Arquero,1,1978
Saeid Ezatolahi,Irán,1.90 m,1 de octubre de 1996,Mediocampista,6,"2018, 2022"
Safet Susic,Yugoslavia,,13 de abril de 1955,"Delantero, Mediocampista","13, 8","1982, 1990"
Said Al Owayran,Arabia Saudita,,19 de agosto de 1967,Delantero,10,"1994, 1998"
Said Chiba,Marruecos,,28 de septiembre de 1970,Mediocampista,8,1998
Said Dghay,Marruecos,,14 de enero de 1964,Arquero,12,1994
Said Hussein,Iraq,,21 de enero de 1958,Delantero,10,1986
Saîf-Eddine Khaoui,Túnez,1.80 m,27 de abril de 1995,Mediocampista,7,2018
Salah Assad,Argelia,,10 de junio de 1958,Delantero,7,"1982, 1986"
Salah Karoui,Túnez,,11 de septiembre de 1951,Delantero,14,1978
Salah Larbes,Argelia,,16 de septiembre de 1952,Defensor,12,1982
Salaheddine Bassir,Marruecos,,5 de septiembre de 1972,Delantero,14,1998
Salaheddine Hmied,Marruecos,,1 de septiembre de 1961,Arquero,12,1986
Saleh Al Dawood,Arabia Saudita,,24 de septiembre de 1968,Defensor,15,1994
Saleh Al-Shehri,Arabia Saudita,1.84 m,1 de noviembre de 1993,Delantero,11,2022
Salem Al-Dawsari,Arabia Saudita,1.72 m,19 de agosto de 1991,Mediocampista,"18, 10","2018, 2022"
Salem Al-Hajri,Catar,1.83 m,10 de abril de 1996,Mediocampista,20,2022
Salif Diao,Senegal,1.84 m,10 de febrero de 1977,Mediocampista,15,2002
Salif Sané,Senegal,1.94 m,25 de agosto de 1990,Defensor,6,2018
Salis Abdul Samed,Ghana,1.79 m,26 de marzo de 2000,Mediocampista,21,2022
Salman Al-Faraj,Arabia Saudita,1.80 m,1 de agosto de 1989,Mediocampista,7,"2018, 2022"
Salomon Kalou,Costa de Marfil,1.75 m,5 de agosto de 1985,Delantero,8,"2010, 2014"
Salomon Olembe,Camerún,1.71 m,8 de diciembre de 1980,"Defensor, Mediocampista",20,"1998, 2002"
Salvador Cabañas,Paraguay,1.73 m,5 de agosto de 1980,Mediocampista,7,2006
Salvador Carmona,México,1.76 m,22 de agosto de 1975,Defensor,"18, 16","1998, 2002"
Salvador Farfan,México,,22 de junio de 1932,Mediocampista,16,1962
Salvador Flamenco Cabezas,El Salvador,,28 de febrero de 1947,Delantero,10,1970
Salvador Flores,Paraguay,,1 de enero de 1906,Defensor,-,1930
Salvador Mariona,El Salvador,,16 de diciembre de 1943,Defensor,3,1970
Salvador Mota,México,,1 de enero de 1923,Arquero,12,1954
Salvador Reyes,México,,20 de septiembre de 1936,Delantero,"8, 19","1958, 1962, 1966"
Salvador Sadurni,España,,3 de abril de 1941,Arquero,2,1962
Salvador Villalba,Paraguay,,29 de agosto de 1924,Mediocampista,5,1958
Salvatore Bagni,Italia,,25 de septiembre de 1956,Mediocampista,10,1986
Salvatore Bocchetti,Italia,1.78 m,30 de noviembre de 1986,Defensor,13,2010
Salvatore Schillaci,Italia,,1 de diciembre de 1964,Delantero,19,1990
Salvatore Sirigu,Italia,1.92 m,12 de enero de 1987,Arquero,12,2014
Sam Adekugbe,Canadá,1.75 m,16 de enero de 1995,Defensor,3,2022
Sam Malcolmson,Nueva Zelanda,,2 de abril de 1948,Defensor,11,1982
Sam Mcilroy,Irlanda del Norte,,2 de agosto de 1954,Mediocampista,"10, 8","1982, 1986"
Sam Morsy,Egipto,1.75 m,10 de septiembre de 1991,Mediocampista,5,2018
Sam Soo Kim,Corea del Sur,,8 de febrero de 1963,Mediocampista,18,1986
Saman Ghoddos,Irán,1.75 m,6 de septiembre de 1993,Mediocampista,14,"2018, 2022"
Sami Al Hashash,Kuwait,,15 de septiembre de 1959,Defensor,15,1982
Sami Al Jaber,Arabia Saudita,1.76 m,11 de diciembre de 1972,Delantero,"12, 9","1994, 1998, 2002, 2006"
Sami Al-Najei,Arabia Saudita,1.76 m,7 de febrero de 1997,Mediocampista,16,2022
Sami Khedira,Alemania,1.89 m,4 de abril de 1987,Mediocampista,6,"2010, 2014, 2018"
Sami Trabelsi,Túnez,,4 de febrero de 1968,Defensor,3,1998
Samir Handanovic,Eslovenia,1.93 m,14 de julio de 1984,Arquero,1,2010
Sammir,Croacia,1.78 m,23 de abril de 1987,Mediocampista,19,2014
Sammy Adjei,Ghana,1.86 m,1 de septiembre de 1980,Arquero,1,2006
Sammy Baird,Escocia,,13 de mayo de 1930,Mediocampista,13,1958
Sammy Bossut,Bélgica,1.87 m,11 de agosto de 1985,Arquero,13,2014
Sammy Chapman,Irlanda del Norte,,16 de febrero de 1938,Mediocampista,20,1958
Sammy Mccrory,Irlanda del Norte,,,Delantero,15,1958
Sammy Ndjock,Camerún,1.90 m,25 de febrero de 1990,Arquero,23,2014
Sammy Nelson,Irlanda del Norte,,1 de abril de 1949,Defensor,13,1982
Samson Siasia,Nigeria,1.92 m,14 de agosto de 1967,Delantero,12,1994
Samuel Aguilar,Paraguay,,1 de enero de 1934,Arquero,12,1958
Samuel Cuburu,México,,20 de febrero de 1928,Mediocampista,-,1950
Samuel Ekeme,Camerún,,12 de julio de 1966,Defensor,4,1994
Samuel Eto'o,Camerún,1.80 m,10 de marzo de 1981,Delantero,"11, 9","1998, 2002, 2010, 2014"
Samúel Fridjónsson,Islandia,1.86 m,22 de febrero de 1996,Defensor,3,2018
Samuel Inkoom,Ghana,1.79 m,1 de junio de 1989,Defensor,"7, 2","2010, 2014"
Samuel Ipoua,Camerún,,1 de marzo de 1973,Delantero,18,1998
Samuel Kuffour,Ghana,1.78 m,3 de septiembre de 1976,Defensor,4,2006
Samuel Oum Gouet,Camerún,1.85 m,14 de diciembre de 1997,Mediocampista,14,2022
Samuel Piette,Canadá,1.71 m,12 de noviembre de 1994,Mediocampista,6,2022
Samuel Umtiti,Francia,1.82 m,14 de noviembre de 1993,Defensor,5,2018
Samuel Zauber,Rumania,,1 de enero de 1901,Arquero,-,1930
Sander Boschker,Paises Bajos,1.85 m,20 de octubre de 1970,Arquero,22,2010
Sandor Biro,Hungría,,19 de agosto de 1911,Defensor,-,"1934, 1938"
Sandor Geller,Hungría,,12 de julio de 1925,Arquero,21,1954
Sandor Gujdar,Hungría,,8 de noviembre de 1951,Arquero,1,1978
Sandor Kocsis,Hungría,,21 de septiembre de 1929,Delantero,8,1954
Sandor Matrai,Hungría,,20 de noviembre de 1932,Defensor,"2, 3","1958, 1962, 1966"
Sandor Muller,Hungría,,21 de septiembre de 1948,Mediocampista,5,1982
Sandor Pinter,Hungría,,18 de julio de 1950,Mediocampista,10,1978
Sandor Sallai,Hungría,,26 de marzo de 1960,Defensor,"14, 2","1982, 1986"
Sandor Zombori,Hungría,,31 de octubre de 1951,Mediocampista,5,1978
Sandro Cois,Italia,,9 de junio de 1972,Mediocampista,13,1998
Sandro Mazzola,Italia,,8 de noviembre de 1942,Mediocampista,"14, 15, 7","1966, 1970, 1974"
Sandro Salvadore,Italia,,29 de noviembre de 1939,Defensor,"4, 22","1962, 1966"
Sandy Jardine,Escocia,,31 de diciembre de 1948,Defensor,2,"1974, 1978"
Sang Bum Gu,Corea del Sur,,15 de junio de 1964,"Defensor, Mediocampista",17,"1990, 1994"
Sang Chul Yoo,Corea del Sur,1.84 m,18 de octubre de 1971,"Defensor, Mediocampista",6,"1998, 2002"
Sang-ho Na,Corea del Sur,1.73 m,12 de agosto de 1996,Mediocampista,17,2022
Sang Hun Lee,Corea del Sur,1.84 m,11 de octubre de 1975,Defensor,12,1998
Sang Kwon Woo,Corea del Sur,,2 de febrero de 1926,Delantero,9,1954
Sang Sik Kim,Corea del Sur,1.84 m,17 de diciembre de 1976,Defensor,18,2006
Sang Yi Lee,Corea del Sur,,1 de enero de 1922,Mediocampista,5,1954
Sang Yoon Lee,Corea del Sur,1.79 m,10 de abril de 1969,Mediocampista,"10, 15","1990, 1998"
Sani Kaita,Nigeria,1.80 m,2 de mayo de 1986,Mediocampista,14,2010
Sanny Aslund,Suecia,,29 de agosto de 1952,Delantero,21,1978
Santiago Arias,Colombia,1.80 m,13 de enero de 1992,Defensor,4,"2014, 2018"
Santiago Benitez,Paraguay,,1 de enero de 1903,Mediocampista,-,1930
Santiago Canizares,España,1.81 m,18 de diciembre de 1969,Arquero,"13, 19","1994, 1998, 2006"
Santiago Cazorla,España,1.63 m,13 de diciembre de 1984,Mediocampista,20,2014
Santiago Mendez Cortes,El Salvador,,19 de enero de 1945,Defensor,4,1970
Santiago Ostolaza,Uruguay,,10 de julio de 1962,Mediocampista,8,1990
Santiago Santamaria,Argentina,,22 de agosto de 1952,Delantero,17,1982
Santiago Urquiaga,España,,14 de abril de 1958,Defensor,12,1982
Santillana,España,,23 de agosto de 1952,Delantero,"10, 19","1978, 1982"
Santos,Túnez,1.72 m,20 de marzo de 1979,Delantero,11,2006
Santos Urdinaran,Uruguay,,30 de marzo de 1900,Delantero,-,1930
Sao Nam Li,Corea del Sur,,1 de enero de 1927,Delantero,7,1954
Saphir Taïder,Argelia,1.80 m,29 de febrero de 1992,Mediocampista,19,2014
Sardar Azmoun,Irán,1.86 m,1 de enero de 1995,Delantero,20,"2018, 2022"
Sargun Burhan,Turquía,,11 de febrero de 1929,Delantero,10,1954
Sasa Gajser,Eslovenia,1.79 m,11 de febrero de 1974,Mediocampista,14,2002
Sasa Ilic,Serbia y Montenegro,1.78 m,30 de diciembre de 1977,Mediocampista,22,2006
Sasa Lukic,Serbia,1.83 m,13 de agosto de 1996,Mediocampista,16,2022
Satar Hamedani,Irán,,6 de junio de 1974,Mediocampista,18,1998
Saturnino Martinez,México,,1 de enero de 1928,Defensor,4,1954
Saturnino Osorio,El Salvador,,6 de enero de 1945,Defensor,5,1970
Saud Abdulhamid,Arabia Saudita,1.71 m,18 de julio de 1999,Defensor,12,2022
Saud Kariri,Arabia Saudita,1.84 m,8 de julio de 1980,Mediocampista,14,2006
Saúl Ñíguez,España,1.84 m,21 de noviembre de 1994,Mediocampista,7,2018
Savo Milosevic,RF de Yugoslavia,1.87 m,2 de septiembre de 1973,Delantero,"17, 9","1998, 2006"
Savvas Kofidis,Grecia,,21 de marzo de 1961,Mediocampista,19,1994
Sayouba Mandé,Costa de Marfil,1.93 m,15 de junio de 1993,Arquero,23,2014
Schubert Gambetta,Uruguay,,14 de abril de 1920,Defensor,-,1950
Scot Gemmill,Escocia,,2 de enero de 1971,Mediocampista,15,1998
Scott Booth,Escocia,,16 de diciembre de 1971,Delantero,20,1998
Scott Carson,Inglaterra,1.90 m,3 de septiembre de 1985,Arquero,22,2006
Scott Chipperfield,Australia,1.80 m,30 de diciembre de 1975,Defensor,"14, 11","2006, 2010"
Se Bok An,Corea del Norte,,29 de octubre de 1946,Delantero,21,1966
Se-jong Ju,Corea del Sur,1.76 m,30 de octubre de 1990,Mediocampista,8,2018
Sead Kolasinac,Bosnia-Herzegovina,1.83 m,20 de junio de 1993,Defensor,5,2014
Sean Johnson,Estados Unidos,1.90 m,31 de mayo de 1989,Arquero,25,2022
Sebastian Abreu,Uruguay,1.93 m,17 de octubre de 1976,Delantero,13,"2002, 2010"
Sebastián Coates,Uruguay,1.96 m,7 de octubre de 1990,Defensor,19,"2014, 2018, 2022"
Sebastian Eguren,Uruguay,1.86 m,8 de enero de 1981,Mediocampista,8,2010
Sebastian Fernandez,Uruguay,1.67 m,23 de mayo de 1985,Delantero,21,2010
Sebastian Kehl,Alemania,1.86 m,13 de febrero de 1980,"Defensor, Mediocampista","15, 5","2002, 2006"
Sebastian Larsson,Suecia,1.78 m,6 de junio de 1985,Mediocampista,7,2018
Sebastian Mila,Polonia,1.78 m,10 de julio de 1982,Mediocampista,13,2006
Sebastian Rudy,Alemania,1.79 m,28 de febrero de 1990,Mediocampista,19,2018
Sebastián Sosa,Uruguay,1.84 m,19 de agosto de 1986,Arquero,12,2022
Sebastian Szymański,Polonia,1.74 m,10 de mayo de 1999,Mediocampista,19,2022
Sebastiano Nela,Italia,,13 de marzo de 1961,Defensor,5,1986
Sebastien Bassong,Camerún,1.87 m,9 de julio de 1986,Defensor,5,2010
Sebastien Fournier,Suiza,,27 de junio de 1971,Mediocampista,17,1994
Sebastien Squillaci,Francia,1.84 m,11 de agosto de 1980,Defensor,17,2010
Sebastijan Cimirotic,Eslovenia,1.84 m,14 de septiembre de 1974,Delantero,21,2002
See Han Tan,Indias Orientales Holand.,,1 de enero de 1910,Delantero,-,1938
Segundo Castillo,Ecuador,1.79 m,15 de mayo de 1982,Mediocampista,14,2006
Segundo Durandal,Bolivia,,17 de marzo de 1907,Defensor,-,1930
Seifeddine Jaziri,Túnez,1.80 m,12 de febrero de 1993,Delantero,19,2022
Seigo Narazaki,Japón,1.86 m,15 de abril de 1976,Arquero,"21, 12, 1","1998, 2002, 2006, 2010"
Seiichiro Maki,Japón,1.84 m,7 de agosto de 1980,Delantero,11,2006
Sejad Salihovic,Bosnia-Herzegovina,1.82 m,8 de octubre de 1984,Mediocampista,23,2014
Selim Amallah,Marruecos,1.86 m,15 de noviembre de 1996,Mediocampista,15,2022
Senad Lulic,Bosnia-Herzegovina,1.83 m,18 de junio de 1986,Mediocampista,16,2014
Senad Tiganj,Eslovenia,1.79 m,28 de agosto de 1975,Delantero,16,2002
Senijad Ibricic,Bosnia-Herzegovina,1.82 m,26 de septiembre de 1985,Mediocampista,17,2014
Seny Dieng,Senegal,1.95 m,23 de noviembre de 1994,Arquero,1,2022
Seok-Ho Hwang,Corea del Sur,1.82 m,27 de junio de 1989,Defensor,6,2014
Seok Ju Ha,Corea del Sur,1.74 m,20 de febrero de 1968,Mediocampista,"16, 17","1994, 1998"
Seon-min Moon,Corea del Sur,1.72 m,9 de junio de 1992,Mediocampista,18,2018
Sepp Huegi,Suiza,,23 de enero de 1930,Delantero,18,1954
Sepp Maier,Alemania Occidental,,28 de febrero de 1944,Arquero,"22, 1","1966, 1970, 1974, 1978"
Serdar Tasci,Alemania,1.86 m,24 de abril de 1987,Defensor,5,2010
Seren Turgay,Turquía,,15 de mayo de 1932,Arquero,1,1954
Serey Die,Costa de Marfil,1.79 m,7 de noviembre de 1984,Mediocampista,20,2014
Serge Aurier,Costa de Marfil,1.74 m,24 de diciembre de 1992,Defensor,17,2014
Serge Ducoste,Haití,,4 de febrero de 1944,Defensor,5,1974
Serge Gnabry,Alemania,1.76 m,14 de julio de 1995,Mediocampista,10,2022
Serge Racine,Haití,,9 de octubre de 1951,Mediocampista,13,1974
Sergei Aleinikov,URSS,,7 de noviembre de 1961,Mediocampista,"20, 7","1986, 1990"
Sergei Andreyev,URSS,,16 de mayo de 1956,Delantero,15,1982
Sergei Baltacha,URSS,,17 de febrero de 1958,Defensor,5,1982
Sergei Borovski,URSS,,29 de enero de 1956,Defensor,14,1982
Sergei Fokin,URSS,,26 de julio de 1961,Defensor,19,1990
Sergei Gorlukovich,URSS,,18 de noviembre de 1961,Defensor,"20, 3","1990, 1994"
Sergei Ignashevich,Rusia,1.86 m,4 de julio de 1979,Defensor,4,"2014, 2018"
Sergei Kotrikadze,URSS,,9 de agosto de 1936,Arquero,3,1962
Sergei Krakovski,URSS,,11 de agosto de 1960,Arquero,22,1986
Sergei Rodionov,URSS,,3 de septiembre de 1962,Delantero,"21, 14","1982, 1986"
Sergei Ryzhikov,Rusia,1.94 m,19 de septiembre de 1980,Arquero,16,2014
Sergei Salnikov,URSS,,13 de septiembre de 1925,Delantero,10,1958
Sergei Semak,Rusia,1.70 m,27 de febrero de 1976,Mediocampista,17,2002
Sergei Yuran,Rusia,,11 de junio de 1969,Delantero,22,1994
Sergej Milinković-Savić,Serbia,1.92 m,27 de febrero de 1995,Mediocampista,20,"2018, 2022"
Sergi,España,1.74 m,28 de diciembre de 1971,Defensor,12,"1994, 1998"
Serginho,Brasil,,23 de diciembre de 1953,Delantero,9,1982
Sergiño Dest,Estados Unidos,1.73 m,3 de noviembre de 2000,Defensor,2,2022
Sergio,España,1.80 m,10 de noviembre de 1976,Mediocampista,18,2002
Sergio Agüero,Argentina,1.70 m,2 de junio de 1988,Delantero,"16, 20, 19","2010, 2014, 2018"
Sergio Ahumada,Chile,,2 de octubre de 1948,Delantero,9,1974
Sergio Almiron,Argentina,,18 de noviembre de 1958,Delantero,1,1986
Sergio Batista,Argentina,,9 de noviembre de 1962,Mediocampista,2,"1986, 1990"
Sergio Berti,Argentina,,17 de febrero de 1969,Mediocampista,16,1998
Sergio Bertoni,Italia,,23 de septiembre de 1915,Delantero,-,1938
Sergio Bravo,México,,1 de enero de 1927,Defensor,13,1954
Sergio Busquets,España,1.89 m,16 de julio de 1988,Mediocampista,"16, 5","2010, 2014, 2018, 2022"
Sergio Cervato,Italia,,23 de marzo de 1929,Defensor,14,1954
Sergio Conceicao,Portugal,1.77 m,15 de noviembre de 1974,Delantero,11,2002
Sergio Gori,Italia,,24 de febrero de 1946,Delantero,19,1970
Sergio Goycochea,Argentina,,17 de octubre de 1963,Arquero,"12, 1","1990, 1994"
Sergio Livingstone,Chile,,26 de marzo de 1920,Arquero,-,1950
Sergio Martinez,Uruguay,,15 de febrero de 1969,Delantero,17,1990
Sergio Mendez,El Salvador,,14 de febrero de 1942,Mediocampista,19,1970
Sergio Mendoza,Honduras,1.77 m,23 de mayo de 1981,Defensor,23,2010
Sergio Navarro,Chile,,20 de noviembre de 1936,Defensor,4,1962
Sergio Ramos,España,1.84 m,30 de marzo de 1986,Defensor,15,"2006, 2010, 2014, 2018"
Sergio Rochet,Uruguay,1.89 m,23 de marzo de 1993,Arquero,23,2022
Sergio Romero,Argentina,1.91 m,22 de febrero de 1987,Arquero,"22, 1","2010, 2014"
Sergio Santin,Uruguay,,6 de agosto de 1956,Mediocampista,11,1986
Sergio Valdes,Chile,,22 de junio de 1935,Defensor,13,1962
Sergio Vazquez,Argentina,,23 de noviembre de 1965,Defensor,2,1994
Sergiy Nazarenko,Ucrania,1.76 m,16 de febrero de 1980,Mediocampista,18,2006
Serhiy Rebrov,Ucrania,1.75 m,3 de junio de 1974,Mediocampista,11,2006
Seung-gyu Kim,Corea del Sur,1.87 m,30 de septiembre de 1990,Arquero,"21, 1","2014, 2018, 2022"
Seung-ho Paik,Corea del Sur,1.82 m,17 de marzo de 1997,Mediocampista,8,2022
Seung Hwi Im,Corea del Norte,,3 de febrero de 1946,Mediocampista,6,1966
Seung-hyun Jung,Corea del Sur,1.90 m,3 de abril de 1994,Defensor,3,2018
Seung Il Kim,Corea del Norte,,2 de septiembre de 1945,Delantero,12,1966
Seung Kook Yang,Corea del Norte,,19 de agosto de 1944,Delantero,15,1966
Seung-woo Lee,Corea del Sur,1.70 m,6 de enero de 1998,Mediocampista,10,2018
Seung Woon Ke,Corea del Norte,,26 de diciembre de 1943,Delantero,18,1966
Seung Yeoul Lee,Corea del Sur,1.83 m,6 de marzo de 1989,Delantero,11,2010
Seung Zin Pak,Corea del Norte,,11 de enero de 1941,Delantero,8,1966
Severino Minelli,Suiza,,6 de septiembre de 1909,Defensor,-,"1934, 1938"
Severino Reijia,España,,25 de noviembre de 1938,Defensor,"16, 15","1962, 1966"
Seweryn Gancarczyk,Polonia,1.81 m,22 de noviembre de 1981,Defensor,3,2006
Seydou Doumbia,Costa de Marfil,1.83 m,31 de diciembre de 1987,Delantero,7,2010
Shaka Hislop,Trinidad y Tobago,1.93 m,22 de febrero de 1969,Arquero,1,2006
Shaker Nadhum,Iraq,,13 de abril de 1958,Defensor,4,1986
Shaker Samir,Iraq,,28 de febrero de 1958,Defensor,5,1986
Shane Smeltz,Nueva Zelanda,1.84 m,29 de septiembre de 1981,Delantero,9,2010
Shaquell Moore,Estados Unidos,1.80 m,2 de noviembre de 1996,Defensor,18,2022
Shaun Bartlett,Sudáfrica,,31 de octubre de 1972,Delantero,9,1998
Shaun Wright-Phillips,Inglaterra,1.68 m,25 de octubre de 1981,Mediocampista,17,2010
Shay Given,Irlanda,1.87 m,20 de abril de 1976,Arquero,1,2002
Shehu Abdullahi,Nigeria,1.70 m,12 de marzo de 1993,Defensor,12,2018
Sherif Ekramy,Egipto,1.91 m,10 de julio de 1983,Arquero,16,2018
Shikabala,Egipto,1.83 m,5 de marzo de 1986,Mediocampista,18,2018
Shin-Wook Kim,Corea del Sur,1.98 m,14 de abril de 1988,Delantero,"18, 9","2014, 2018"
Shinji Kagawa,Japón,1.72 m,17 de marzo de 1989,Mediocampista,10,"2014, 2018"
Shinji Okazaki,Japón,1.74 m,16 de abril de 1986,Delantero,9,"2010, 2014, 2018"
Shinji Ono,Japón,1.75 m,27 de septiembre de 1979,Mediocampista,"11, 18","1998, 2002, 2006"
Shkodran Mustafi,Alemania,1.84 m,17 de abril de 1992,Defensor,21,2014
Shmuel Rosenthal,Israel,,22 de abril de 1947,Defensor,6,1970
Shogo Taniguchi,Japón,1.83 m,15 de julio de 1991,Defensor,3,2022
Shoja Khalilzadeh,Irán,1.79 m,14 de mayo de 1989,Defensor,4,2022
Shoji Jo,Japón,,17 de junio de 1975,Delantero,18,1998
Shola Ameobi,Nigeria,1.88 m,12 de octubre de 1981,Delantero,23,2014
Shraga Bar,Israel,,24 de marzo de 1948,Defensor,2,1970
Shu-Aib Walters,Sudáfrica,1.88 m,26 de diciembre de 1981,Arquero,22,2010
Shuichi Gonda,Japón,1.87 m,3 de marzo de 1989,Arquero,"23, 12","2014, 2022"
Shunsuke Nakamura,Japón,1.78 m,24 de junio de 1978,Mediocampista,10,"2006, 2010"
Shusaku Nishikawa,Japón,1.83 m,18 de junio de 1986,Arquero,12,2014
Shuto Machino,Japón,1.85 m,30 de septiembre de 1999,Delantero,20,2022
Siaka Tiene,Costa de Marfil,1.76 m,22 de febrero de 1982,Defensor,17,2010
Siboniso Gaxa,Sudáfrica,1.78 m,6 de abril de 1984,Defensor,2,2010
Sibusiso Zuma,Sudáfrica,1.80 m,23 de junio de 1975,Mediocampista,15,2002
Sidney Govou,Francia,1.75 m,27 de julio de 1979,Delantero,"9, 10","2006, 2010"
Siegmar Waetzlich,Alemania Oriental,,16 de noviembre de 1947,Defensor,12,1974
Sigge Parling,Suecia,,26 de marzo de 1930,Mediocampista,6,1958
Sigi Held,Alemania Occidental,,7 de agosto de 1942,Delantero,10,"1966, 1970"
Sigifredo Mercado,México,1.83 m,21 de diciembre de 1968,Mediocampista,13,2002
Sigmund Haringer,Alemania,,9 de diciembre de 1908,Defensor,-,1934
Sigurd Rushfeldt,Noruega,,11 de diciembre de 1972,Delantero,21,1994
Silas,Brasil,,27 de agosto de 1965,Mediocampista,"20, 10","1986, 1990"
Silva,Brasil,,2 de enero de 1940,Delantero,19,1966
Silvan Widmer,Suiza,1.83 m,5 de marzo de 1993,Defensor,3,2022
Silvestre Igoa,España,,5 de septiembre de 1920,Delantero,-,1950
Silvestre Varela,Portugal,1.80 m,2 de febrero de 1985,Delantero,18,2014
Silvio Aquino,El Salvador,,30 de junio de 1949,Mediocampista,7,1982
Silvio Maric,Croacia,,20 de marzo de 1975,Mediocampista,11,1998
Silvio Marzolini,Argentina,,4 de octubre de 1940,Defensor,"3, 7","1962, 1966"
Silvio Piola,Italia,,29 de septiembre de 1913,Delantero,-,1938
Silviu Bindea,Rumania,,24 de octubre de 1912,Delantero,-,"1934, 1938"
Silviu Lung,Rumania,,9 de septiembre de 1956,Arquero,1,1990
Sima Milovanov,Yugoslavia,,10 de abril de 1923,Defensor,16,1954
Simao,Portugal,1.70 m,31 de octubre de 1979,Delantero,11,"2006, 2010"
Sime Vrsaljko,Croacia,1.83 m,10 de enero de 1992,Defensor,2,"2014, 2018"
Simeon Nwankwo,Nigeria,1.98 m,7 de mayo de 1992,Delantero,13,2018
Simeon Simeonov,Bulgaria,,26 de abril de 1946,Arquero,"21, 1, 22","1966, 1970, 1974"
Simoes,Portugal,,14 de diciembre de 1943,Delantero,11,1966
Simon Donnelly,Escocia,,1 de diciembre de 1974,Delantero,13,1998
Simon Elliott,Nueva Zelanda,1.80 m,10 de junio de 1974,Mediocampista,7,2010
Simon Gopane,Sudáfrica,,26 de diciembre de 1970,Arquero,23,1998
Simon Kjaer,Dinamarca,1.91 m,26 de marzo de 1989,Defensor,"3, 4","2010, 2018, 2022"
Simon Lecue,España,,11 de febrero de 1912,Mediocampista,-,1934
Simon Mignolet,Bélgica,1.93 m,6 de marzo de 1988,Arquero,12,"2014, 2018, 2022"
Simon Ngapandouetnbu,Camerún,1.86 m,12 de abril de 2003,Arquero,1,2022
Simon Poulsen,Dinamarca,1.87 m,7 de abril de 1984,Defensor,15,2010
Simon Tchobang,Camerún,,31 de agosto de 1951,Arquero,22,1982
Simone Barone,Italia,1.80 m,30 de abril de 1978,Mediocampista,17,2006
Simone Pepe,Italia,1.79 m,30 de agosto de 1983,Mediocampista,7,2010
Simone Perrotta,Italia,1.78 m,17 de septiembre de 1977,Mediocampista,20,2006
Sinisa Mihajlovic,RF de Yugoslavia,,20 de febrero de 1969,Defensor,11,1998
Sinisa Zlatkovic,Yugoslavia,,,Defensor,-,1950
Siphiwe Tshabalala,Sudáfrica,1.70 m,25 de septiembre de 1984,Mediocampista,8,2010
Sirajeddine Chihi,Túnez,,16 de abril de 1970,Mediocampista,14,1998
Sirio Vernati,Suiza,,12 de mayo de 1907,Mediocampista,-,1938
Sirous Din Mohammadi,Irán,,2 de julio de 1970,Defensor,8,1998
Siyabonga Nomvethe,Sudáfrica,1.78 m,2 de diciembre de 1977,Delantero,"14, 18","2002, 2010"
Siyabonga Sangweni,Sudáfrica,1.82 m,29 de septiembre de 1981,Defensor,21,2010
Sjef Van Run,Paises Bajos,,12 de enero de 1904,Defensor,-,1934
Skander Souayah,Túnez,,20 de noviembre de 1972,Mediocampista,15,1998
Slava Metreveli,URSS,,30 de mayo de 1936,Delantero,"18, 16","1962, 1966, 1970"
Slaven Bilic,Croacia,,11 de septiembre de 1968,Defensor,6,1998
Slavisa Jokanovic,RF de Yugoslavia,,16 de agosto de 1968,Mediocampista,4,1998
Slavko Svinjarevic,Yugoslavia,,6 de abril de 1935,Defensor,13,1962
Sławomir Peszko,Polonia,1.73 m,19 de febrero de 1985,Mediocampista,17,2018
Slim Benachour,Túnez,1.70 m,8 de septiembre de 1981,Mediocampista,18,2002
Slobodan Komljenovic,RF de Yugoslavia,,2 de enero de 1971,Defensor,13,1998
Smahi Triki,Marruecos,,1 de agosto de 1967,Defensor,5,"1994, 1998"
Sobrinho,Portugal,,5 de mayo de 1961,Defensor,18,1986
Socrates,Brasil,,19 de febrero de 1954,Mediocampista,"8, 18","1982, 1986"
Sofiane Boufal,Marruecos,1.70 m,17 de septiembre de 1993,Delantero,17,2022
Sofiane Feghouli,Argelia,1.78 m,26 de diciembre de 1989,Mediocampista,10,2014
Sofiane Melliti,Túnez,1.78 m,18 de agosto de 1978,Mediocampista,23,2006
Sofyan Amrabat,Marruecos,1.83 m,21 de agosto de 1996,Mediocampista,"21, 4","2018, 2022"
Sohrab Bakhtiarizadeh,Irán,1.85 m,11 de septiembre de 1977,Defensor,3,2006
Sokratis Papastathopoulos,Grecia,1.86 m,9 de junio de 1988,Defensor,19,"2010, 2014"
Sol Campbell,Inglaterra,1.88 m,18 de septiembre de 1974,Defensor,"2, 6, 12","1998, 2002, 2006"
Sole,España,,7 de mayo de 1905,Delantero,-,1934
Song Chol Nam,Corea del Norte,1.78 m,7 de mayo de 1982,Defensor,16,2010
Soo Jin Noh,Corea del Sur,,10 de febrero de 1962,Mediocampista,"13, 7","1986, 1990"
Soon Ho Choi,Corea del Sur,,10 de enero de 1962,"Delantero, Mediocampista","9, 14","1986, 1990"
Sorba Thomas,Gales,1.85 m,25 de enero de 1999,Mediocampista,22,2022
Soren Busk,Dinamarca,,10 de abril de 1953,Defensor,3,1986
Soren Colding,Dinamarca,,2 de septiembre de 1972,Defensor,12,1998
Soren Larsen,Dinamarca,1.94 m,6 de septiembre de 1981,Delantero,18,2010
Soren Lerby,Dinamarca,,1 de febrero de 1958,Mediocampista,6,1986
Sotirios Kyrgiakos,Grecia,1.92 m,23 de julio de 1979,Defensor,16,2010
Sotiris Ninis,Grecia,1.73 m,3 de abril de 1990,Mediocampista,18,2010
El Arabi Soudani,Argelia,1.77 m,25 de noviembre de 1987,Delantero,15,2014
Souleymane Bamba,Costa de Marfil,1.90 m,13 de enero de 1985,Defensor,22,"2010, 2014"
Souleymane Camara,Senegal,1.74 m,22 de diciembre de 1982,Delantero,9,2002
Souleymanou Hamidou,Camerún,1.87 m,22 de noviembre de 1973,Arquero,16,2010
Spartaco Landini,Italia,,31 de enero de 1944,Defensor,11,1966
Spasoje Bulajic,Eslovenia,1.88 m,24 de noviembre de 1975,Defensor,23,2002
Spiros Marangos,Grecia,,20 de febrero de 1967,Mediocampista,12,1994
Srboljub Krivokuca,Yugoslavia,,14 de marzo de 1928,Arquero,"2, 12","1958, 1962"
Srdan Babic,Serbia,1.95 m,22 de abril de 1996,Defensor,15,2022
Srdjan Mrkusic,Yugoslavia,,26 de mayo de 1915,Arquero,-,1950
Srecko Katanec,Yugoslavia,,16 de julio de 1963,Defensor,13,1990
Staffan Tapper,Suecia,,10 de julio de 1948,Mediocampista,"14, 6","1974, 1978"
Stale Solbakken,Noruega,,27 de febrero de 1968,Mediocampista,6,1998
Stan Anderson,Inglaterra,,27 de febrero de 1934,Mediocampista,14,1962
Stan Lazaridis,Australia,1.75 m,16 de agosto de 1972,Mediocampista,11,2006
Stan Libuda,Alemania Occidental,,10 de octubre de 1943,Delantero,14,1970
Stan Mortensen,Inglaterra,,26 de mayo de 1921,Delantero,-,1950
Stan Valckx,Paises Bajos,,20 de octubre de 1963,Defensor,18,1994
Stanislaus Kobierski,Alemania,,15 de noviembre de 1910,Delantero,-,1934
Stanislav Cherchesov,Rusia,1.83 m,2 de septiembre de 1963,Arquero,"1, 12","1994, 2002"
Stanislav Griga,Checoslovaquia,,4 de noviembre de 1961,Delantero,19,1990
Stanislav Karasi,Yugoslavia,,8 de noviembre de 1946,Delantero,18,1974
Stanislav Seman,Checoslovaquia,,8 de agosto de 1952,Arquero,1,1982
Stanislav Sestak,Eslovaquia,1.78 m,16 de diciembre de 1982,Delantero,9,2010
Stanislaw Baran,Polonia,,20 de abril de 1920,Delantero,-,1938
Stanley Matthews,Inglaterra,,1 de febrero de 1915,Delantero,7,"1950, 1954"
Stanley Menzo,Paises Bajos,,15 de octubre de 1963,Arquero,22,1990
Stefan Abadzhiev,Bulgaria,,3 de julio de 1934,Delantero,17,1966
Stefan Aladzhov,Bulgaria,,18 de octubre de 1947,Defensor,"4, 12","1970, 1974"
Stefan Barbu,Rumania,,2 de marzo de 1908,Delantero,-,1930
Stefan Cambal,Checoslovaquia,,17 de diciembre de 1908,Mediocampista,-,1934
Stefan de Vrij,Paises Bajos,1.90 m,5 de febrero de 1992,Defensor,"3, 6","2014, 2022"
Stefan Dobay,Rumania,,26 de septiembre de 1909,Delantero,-,"1934, 1938"
Stefan Effenberg,Alemania,,2 de agosto de 1968,Mediocampista,20,1994
Stefan Kiessling,Alemania,1.91 m,25 de enero de 1984,Delantero,9,2010
Stefan Kuntz,Alemania,,30 de octubre de 1962,Delantero,11,1994
Stefan Majewski,Polonia,,31 de enero de 1956,Defensor,10,"1982, 1986"
Stefan Mitrovic,Serbia,1.89 m,22 de mayo de 1990,Defensor,13,2022
Stefan Petterson,Suecia,,22 de marzo de 1963,Delantero,21,1990
Stefan Preda,Rumania,,18 de junio de 1970,Arquero,22,1994
Stefan Rehn,Suecia,,22 de septiembre de 1966,Mediocampista,17,1994
Stefan Reuter,Alemania Occidental,,16 de octubre de 1966,Defensor,"2, 19","1990, 1998"
Stefan Schwarz,Suecia,,18 de abril de 1969,"Defensor, Mediocampista","8, 6","1990, 1994"
Stefan Skoumal,Alemania,,29 de noviembre de 1909,Mediocampista,-,1938
Stefan Staikov,Bulgaria,,3 de octubre de 1949,Arquero,21,1974
Stefan Velichkov,Bulgaria,,15 de febrero de 1949,Defensor,4,1974
Stefano Tacconi,Italia,,13 de mayo de 1957,Arquero,12,1990
Stefanos Kapino,Grecia,1.98 m,18 de marzo de 1994,Arquero,13,2014
Steffen Freund,Alemania,,19 de enero de 1970,Mediocampista,15,1998
Stelios Malezas,Grecia,1.92 m,11 de marzo de 1985,Defensor,22,2010
Stelios Manolas,Grecia,,13 de julio de 1961,Defensor,4,1994
Stellan Nilsson,Suecia,,28 de mayo de 1922,Delantero,-,1950
Sten Palsson,Suecia,,4 de diciembre de 1945,Delantero,22,1970
Stephan Andersen,Dinamarca,1.88 m,26 de noviembre de 1981,Arquero,16,2010
Stephan Bruey,Francia,,1 de diciembre de 1932,Delantero,15,1958
Stephan Engels,Alemania Occidental,,6 de septiembre de 1960,Mediocampista,17,1982
Stephan Lehmann,Suiza,,15 de agosto de 1963,Arquero,12,1994
Stephan Lichtsteiner,Suiza,1.80 m,16 de enero de 1984,"Defensor, Mediocampista",2,"2010, 2014, 2018"
Stephane Chapuisat,Suiza,,28 de junio de 1969,Delantero,11,1994
Stephane Demol,Bélgica,,11 de marzo de 1966,Defensor,"21, 7","1986, 1990"
Stephane Grichting,Suiza,1.86 m,30 de marzo de 1979,Defensor,13,"2006, 2010"
Stephane Guivarch,Francia,1.85 m,6 de septiembre de 1970,Delantero,9,1998
Stephane Mbia,Camerún,1.90 m,20 de mayo de 1986,Defensor,"19, 17","2010, 2014"
Stéphane Ruffier,Francia,1.87 m,27 de septiembre de 1986,Arquero,16,2014
Stephane Van Der Heyden,Bélgica,,3 de julio de 1969,Mediocampista,21,1994
Stephen Adams,Ghana,1.86 m,28 de septiembre de 1984,Arquero,1,2014
Stephen Ahorlu,Ghana,1.79 m,5 de septiembre de 1988,Arquero,16,2010
Stephen Appiah,Ghana,1.78 m,24 de diciembre de 1980,Mediocampista,10,"2006, 2010"
Stephen Eustaquio,Canadá,1.78 m,21 de diciembre de 1996,Mediocampista,7,2022
Stephen Keshi,Nigeria,,23 de enero de 1962,Defensor,4,1994
Stephen Malcolm,Jamaica,,2 de mayo de 1970,Defensor,2,1998
Stephen Nicol,Escocia,,11 de diciembre de 1961,Defensor,13,1986
Stephen Tataw,Camerún,,31 de marzo de 1963,Defensor,14,"1990, 1994"
Stephen Warnock,Inglaterra,1.75 m,12 de diciembre de 1981,Defensor,13,2010
Stere Adamache,Rumania,,17 de agosto de 1941,Arquero,21,1970
Stern John,Trinidad y Tobago,1.80 m,30 de octubre de 1976,Delantero,14,2006
Steve Archibald,Escocia,,27 de septiembre de 1956,Delantero,"18, 17","1982, 1986"
Steve Bull,Inglaterra,,28 de marzo de 1965,Delantero,21,1990
Steve Cherundolo,Estados Unidos,1.68 m,19 de febrero de 1979,Defensor,"14, 6","2002, 2006, 2010"
Steve Coppell,Inglaterra,,9 de julio de 1955,Mediocampista,5,1982
Steve Finnan,Irlanda,1.83 m,20 de abril de 1976,Defensor,2,2002
Steve Foster,Inglaterra,,24 de septiembre de 1957,Defensor,6,1982
Steve Gohouri,Costa de Marfil,1.87 m,8 de febrero de 1981,Defensor,6,2010
Steve Hodge,Inglaterra,,25 de octubre de 1962,Mediocampista,18,"1986, 1990"
Steve Mandanda,Francia,1.87 m,28 de marzo de 1985,Arquero,16,"2010, 2018, 2022"
Steve Mcmahon,Inglaterra,,20 de agosto de 1961,Mediocampista,16,1990
Steve Mcmanaman,Inglaterra,1.84 m,11 de febrero de 1972,Mediocampista,11,1998
Steve Staunton,Irlanda,1.83 m,19 de enero de 1969,Defensor,"3, 11, 5","1990, 1994, 2002"
Steve Sumner,Nueva Zelanda,,2 de abril de 1955,Mediocampista,10,1982
Steve Trittschuh,Estados Unidos,,24 de abril de 1965,Defensor,2,1990
Steve Von Bergen,Suiza,1.83 m,10 de junio de 1983,Defensor,5,"2010, 2014"
Steve Wooddin,Nueva Zelanda,,16 de enero de 1955,Delantero,9,1982
Steven Beitashour,Irán,1.78 m,1 de febrero de 1987,Defensor,20,2014
Steven Berghuis,Paises Bajos,1.82 m,19 de diciembre de 1991,Mediocampista,11,2022
Steven Bergwijn,Paises Bajos,1.75 m,8 de octubre de 1997,Delantero,7,2022
Steven Defour,Bélgica,1.73 m,15 de abril de 1988,Mediocampista,16,2014
Steven Gerrard,Inglaterra,1.85 m,30 de mayo de 1980,Mediocampista,4,"2006, 2010, 2014"
Steven Lustu,Dinamarca,1.85 m,13 de abril de 1971,Defensor,13,2002
Steven Nzonzi,Francia,1.96 m,15 de diciembre de 1988,Mediocampista,15,2018
Steven Penney,Irlanda del Norte,,16 de enero de 1964,Delantero,7,1986
Steven Pienaar,Sudáfrica,1.73 m,17 de marzo de 1982,Mediocampista,"21, 10","2002, 2010"
Steven Reid,Irlanda,1.80 m,10 de marzo de 1981,Delantero,21,2002
Steven Vitoria,Canadá,1.95 m,11 de enero de 1987,Defensor,5,2022
Steven Zuber,Suiza,1.82 m,17 de agosto de 1991,Mediocampista,14,2018
Stevens Bryce,Costa Rica,1.70 m,16 de agosto de 1977,Delantero,16,2002
Stewart Downing,Inglaterra,1.82 m,22 de julio de 1984,Mediocampista,20,2006
Stewart Mckimmie,Escocia,,27 de octubre de 1962,Defensor,17,1990
Stig Bjornebye,Noruega,,11 de diciembre de 1969,Defensor,5,"1994, 1998"
Stig Sundqvist,Suecia,,19 de julio de 1922,Delantero,-,1950
Stig Tofting,Dinamarca,1.73 m,14 de agosto de 1969,Mediocampista,"15, 2","1998, 2002"
Stijn Schaars,Paises Bajos,1.78 m,11 de enero de 1984,Mediocampista,18,2010
Stipe Pletikosa,Croacia,1.93 m,8 de enero de 1979,Arquero,1,"2002, 2006, 2014"
Stjepan Bobek,Yugoslavia,,3 de diciembre de 1923,Delantero,10,"1950, 1954"
Stjepan Deveric,Yugoslavia,,20 de agosto de 1961,Delantero,18,1982
Stjepan Tomas,Croacia,1.86 m,6 de marzo de 1976,Defensor,"4, 13","2002, 2006"
Stoicho Mladenov,Bulgaria,,12 de abril de 1957,Delantero,9,1986
Stoicho Stoilov,Bulgaria,,15 de octubre de 1971,Mediocampista,17,1998
Stoyan Kitov,Bulgaria,,27 de agosto de 1938,"Defensor, Mediocampista","4, 8","1962, 1966"
Stoyan Yordanov,Bulgaria,,29 de enero de 1944,Arquero,13,1970
Strahinja Erakovic,Serbia,1.84 m,22 de enero de 2001,Defensor,3,2022
Strahinja Pavlovic,Serbia,1.94 m,24 de mayo de 2001,Defensor,2,2022
Stratos Apostololakis,Grecia,,11 de mayo de 1964,Defensor,2,1994
Stuart Holden,Estados Unidos,1.78 m,1 de agosto de 1985,Mediocampista,11,2010
Stuart Imlach,Escocia,,6 de enero de 1932,Delantero,21,1958
Stuart Kennedy,Escocia,,31 de mayo de 1953,Defensor,13,1978
Stuart Mccall,Escocia,,10 de junio de 1964,Mediocampista,16,1990
Stuart Pearce,Inglaterra,,24 de abril de 1962,Defensor,3,1990
Stuart Williams,Gales,,9 de julio de 1930,Defensor,2,1958
Suad Filekovic,Eslovenia,1.90 m,16 de septiembre de 1978,Defensor,19,2010
Suk-Young Yun,Corea del Sur,1.82 m,13 de febrero de 1990,Defensor,3,2014
Sulley Muntari,Ghana,1.80 m,27 de agosto de 1984,Mediocampista,11,"2006, 2010, 2014"
Sultan Al-Ghanam,Arabia Saudita,1.73 m,6 de mayo de 1994,Defensor,2,2022
Sun Hong Hwang,Corea del Sur,1.83 m,14 de julio de 1968,Delantero,18,"1990, 1994, 1998, 2002"
Sunday Oliseh,Nigeria,1.83 m,14 de septiembre de 1974,Mediocampista,15,"1994, 1998"
Sune Andersson,Suecia,,27 de febrero de 1921,Defensor,-,1950
Sung Hyok Pak,Corea del Norte,1.75 m,30 de mayo de 1990,Mediocampista,23,2010
Sung Ryong Jung,Corea del Sur,1.90 m,4 de enero de 1985,Arquero,"18, 1","2010, 2014"
Sung Yong Choi,Corea del Sur,1.73 m,25 de diciembre de 1975,Mediocampista,"2, 3","1998, 2002"
Sung-yueng Ki,Corea del Sur,1.87 m,24 de enero de 1989,Mediocampista,16,"2010, 2014, 2018"
Surprise Moriri,Sudáfrica,1.73 m,20 de marzo de 1980,Mediocampista,19,2010
Suvarte Soedarmadji,Indias Orientales Holand.,,6 de diciembre de 1915,Delantero,-,1938
Svatopluk Pluskal,Checoslovaquia,,28 de octubre de 1930,"Defensor, Mediocampista","3, 6, 5","1954, 1958, 1962"
Sven Andersson,Suecia,,14 de febrero de 1907,Defensor,-,1934
Sven Andersson,Suecia,,6 de octubre de 1963,Arquero,1,1990
Sven Axbom,Suecia,,15 de octubre de 1926,Defensor,3,1958
Sven-Gunnar Larsson,Suecia,,10 de mayo de 1940,Arquero,12,"1970, 1974"
Sven Habermann,Canadá,,3 de noviembre de 1961,Arquero,21,1986
Sven Jacobsson,Suecia,,17 de abril de 1914,Mediocampista,-,1938
Sven Jonasson,Suecia,,9 de julio de 1909,Delantero,-,"1934, 1938"
Sven Lindman,Suecia,,19 de abril de 1942,Mediocampista,20,1974
Sven Unger,Suecia,,,Delantero,-,1938
Sven Vermant,Bélgica,1.83 m,4 de abril de 1973,Mediocampista,14,2002
Sverre Hansen,Noruega,,23 de junio de 1913,Mediocampista,-,1938
Sverre Nordby,Noruega,,13 de marzo de 1910,Arquero,-,1938
Sverrir Ingi Ingason,Islandia,1.88 m,5 de julio de 1993,Defensor,5,2018
Syam Ben Youssef,Túnez,1.89 m,31 de marzo de 1989,Defensor,2,2018
Syd Owen,Inglaterra,,28 de febrero de 1922,Defensor,5,1954
Sylvain Gbohouo,Costa de Marfil,,29 de octubre de 1988,Arquero,16,2014
Sylvain Ndiaye,Senegal,1.78 m,25 de junio de 1976,Mediocampista,20,2002
Sylvain Wiltord,Francia,1.73 m,10 de mayo de 1974,Delantero,11,"2002, 2006"
Sylvio Hoffmann,Brasil,,11 de mayo de 1905,Defensor,-,1934
Szymon Zurkowski,Polonia,1.85 m,25 de septiembre de 1997,Mediocampista,17,2022
Tab Ramos,Estados Unidos,,21 de septiembre de 1966,Mediocampista,"7, 9, 10","1990, 1994, 1998"
Tadeas Kraus,Checoslovaquia,,22 de octubre de 1932,Delantero,"17, 11","1954, 1958"
Tadeusz Dolny,Polonia,,7 de mayo de 1958,Defensor,4,1982
Tae Ho Lee,Corea del Sur,,29 de enero de 1961,Delantero,6,"1986, 1990"
Tae-hwan Kim,Corea del Sur,1.77 m,24 de julio de 1989,Defensor,23,2022
Tae-Hwi Kwak,Corea del Sur,1.88 m,8 de julio de 1981,Defensor,4,2014
Tae Se Jong,Corea del Norte,1.81 m,2 de marzo de 1984,Delantero,9,2010
Tae Uk Choi,Corea del Sur,1.73 m,13 de marzo de 1981,Delantero,8,2002
Tae Young Kim,Corea del Sur,1.80 m,8 de noviembre de 1970,Defensor,"13, 7","1998, 2002"
Taffarel,Brasil,,8 de mayo de 1966,Arquero,1,"1990, 1994, 1998"
Taha Yassine Khenissi,Túnez,1.80 m,6 de enero de 1992,Delantero,11,2022
Taher Abou Zeid,Egipto,,1 de abril de 1962,Mediocampista,12,1990
Taher El Khalej,Marruecos,,16 de junio de 1968,Defensor,"4, 20","1994, 1998"
Taisir Al-Jassim,Arabia Saudita,1.70 m,25 de julio de 1984,Mediocampista,17,2018
Taison,Brasil,1.72 m,13 de enero de 1988,Delantero,21,2018
Tajon Buchanan,Canadá,1.83 m,8 de febrero de 1999,Delantero,11,2022
Takashi Fukunishi,Japón,1.81 m,1 de septiembre de 1976,Mediocampista,15,"2002, 2006"
Takashi Hirano,Japón,,15 de julio de 1974,Mediocampista,22,1998
Takashi Inui,Japón,1.69 m,2 de junio de 1988,Mediocampista,14,2018
Takashi Usami,Japón,1.78 m,6 de abril de 1992,Mediocampista,11,2018
Takayuki Morimoto,Japón,1.80 m,7 de mayo de 1988,Delantero,19,2010
Takayuki Suzuki,Japón,1.82 m,5 de junio de 1976,Delantero,11,2002
Take Kubo,Japón,1.73 m,4 de junio de 2001,Mediocampista,11,2022
Takehiro Tomiyasu,Japón,1.87 m,5 de noviembre de 1998,Defensor,16,2022
Takuma Asano,Japón,1.73 m,10 de noviembre de 1994,Delantero,18,2022
Takumi Minamino,Japón,1.74 m,16 de enero de 1995,Mediocampista,10,2022
Talal Jebrin,Arabia Saudita,,25 de septiembre de 1973,Mediocampista,16,1994
Tarcisio Burgnich,Italia,,25 de abril de 1939,Defensor,"5, 2, 6","1966, 1970, 1974"
Tarek Dhiab,Túnez,,15 de julio de 1954,Mediocampista,10,1978
Tarek Hamed,Egipto,1.65 m,24 de octubre de 1988,Mediocampista,8,2018
Tarek Salman,Catar,1.79 m,5 de diciembre de 1997,Defensor,5,2022
Tarek Soliman,Egipto,,24 de enero de 1962,Mediocampista,11,1990
Tarek Thabet,Túnez,1.76 m,16 de agosto de 1971,Defensor,"7, 17","1998, 2002"
Taribo West,Nigeria,1.86 m,26 de marzo de 1974,Defensor,6,"1998, 2002"
Tariq Lamptey,Ghana,1.70 m,30 de septiembre de 2000,Defensor,2,2022
Tas Coskun,Turquía,,23 de abril de 1935,Delantero,22,1954
Tassos Mitropoulos,Grecia,,23 de agosto de 1957,Mediocampista,10,1994
Taye Taiwo,Nigeria,1.88 m,16 de abril de 1985,Defensor,3,2010
Tayfur Havutcu,Turquía,1.80 m,23 de abril de 1970,Mediocampista,14,2002
Teboho Mokoena,Sudáfrica,1.79 m,10 de julio de 1974,Mediocampista,12,2002
Ted Burgin,Inglaterra,,29 de abril de 1927,Arquero,12,1954
Teddy Lucic,Suecia,1.87 m,15 de abril de 1973,Defensor,"15, 16, 4","1994, 2002, 2006"
Teddy Sheringham,Inglaterra,1.83 m,2 de abril de 1966,Delantero,"10, 17","1998, 2002"
Tedj Bensaoula,Argelia,,1 de diciembre de 1954,Delantero,"9, 12","1982, 1986"
Teilherber,Indias Orientales Holand.,,,Delantero,-,1938
Teko Modise,Sudáfrica,1.72 m,22 de diciembre de 1982,Mediocampista,11,2010
Temime Lakhzami,Túnez,,1 de enero de 1949,Delantero,7,1978
Tengiz Sulakvelidze,URSS,,23 de julio de 1956,Defensor,2,1982
Teofilo Cubillas,Perú,,8 de marzo de 1949,"Delantero, Mediocampista",10,"1970, 1978, 1982"
Teófilo Gutiérrez,Colombia,1.78 m,17 de mayo de 1985,Delantero,9,2014
Teofilo Spasojevic,Yugoslavia,,21 de enero de 1909,Mediocampista,-,1930
Teophilo,Brasil,,11 de abril de 1900,Delantero,-,1930
Terence Kongolo,Paises Bajos,1.83 m,14 de febrero de 1994,Defensor,14,2014
Terence Moore,Canadá,,2 de junio de 1958,Defensor,5,1986
Terry Butcher,Inglaterra,,28 de diciembre de 1958,Defensor,"4, 6","1982, 1986, 1990"
Terry Cooper,Inglaterra,,12 de julio de 1944,Defensor,3,1970
Terry Fenwick,Inglaterra,,17 de noviembre de 1959,Defensor,14,1986
Terry Mcdermott,Inglaterra,,8 de diciembre de 1951,Mediocampista,10,1982
Terry Medwin,Gales,,25 de septiembre de 1932,Delantero,7,1958
Terry Paine,Inglaterra,,23 de marzo de 1939,Delantero,19,1966
Terry Phelan,Irlanda,,16 de marzo de 1967,Defensor,3,1994
Teruyoshi Ito,Japón,1.68 m,31 de agosto de 1974,Mediocampista,7,1998
Teruyuki Moniwa,Japón,1.81 m,8 de septiembre de 1981,Defensor,2,2006
Teun Koopmeiners,Paises Bajos,1.84 m,28 de febrero de 1998,Mediocampista,20,2022
Thabang Molefe,Sudáfrica,1.80 m,11 de abril de 1979,Defensor,22,2002
Thabet El Batal,Egipto,,16 de septiembre de 1953,Arquero,22,1990
Thabo Mngomeni,Sudáfrica,1.69 m,24 de junio de 1969,Mediocampista,8,2002
Thanasis Kolitsidakis,Grecia,,20 de noviembre de 1966,Defensor,3,1994
Thanduyise Khuboni,Sudáfrica,1.81 m,23 de mayo de 1986,Mediocampista,23,2010
Themba Mnguni,Sudáfrica,,16 de diciembre de 1973,Defensor,2,1998
Theo Custers,Bélgica,,10 de agosto de 1950,Arquero,12,1982
Theo De Jong,Paises Bajos,,11 de agosto de 1947,Defensor,7,1974
Théo Hernandez,Francia,1.84 m,6 de octubre de 1997,Defensor,22,2022
Theo Snelders,Paises Bajos,,7 de diciembre de 1963,Arquero,22,1994
Theo Walcott,Inglaterra,1.76 m,16 de marzo de 1989,Delantero,23,2006
Theodor Reimann,Checoslovaquia,,10 de febrero de 1921,Arquero,1,1954
Theodor Wagner,Austria,,6 de agosto de 1927,Delantero,9,1954
Theodore Nouwens,Bélgica,,17 de febrero de 1908,Defensor,-,1930
Theodore Whitmore,Jamaica,,5 de agosto de 1972,Mediocampista,11,1998
Theofanis Gekas,Grecia,1.79 m,23 de mayo de 1980,Delantero,17,"2010, 2014"
Theophile Abega,Camerún,,9 de julio de 1954,Mediocampista,14,1982
Thiago,España,1.72 m,11 de abril de 1991,Mediocampista,10,2018
Thiago Almada,Argentina,1.71 m,26 de abril de 2001,Mediocampista,16,2022
Thiago Cionek,Polonia,1.84 m,21 de abril de 1986,Defensor,4,2018
Thiago Motta,Italia,1.87 m,28 de agosto de 1982,Mediocampista,5,2014
Thiago Silva,Brasil,1.83 m,22 de septiembre de 1984,Defensor,"15, 3, 2","2010, 2014, 2018, 2022"
Thibaut Courtois,Bélgica,1.99 m,11 de mayo de 1992,Arquero,1,"2014, 2018, 2022"
Thierry Henry,Francia,1.88 m,17 de agosto de 1977,Delantero,12,"1998, 2002, 2006, 2010"
Thierry Tusseau,Francia,,19 de enero de 1958,Defensor,8,1986
Thilo Kehrer,Alemania,1.86 m,21 de septiembre de 1996,Defensor,5,2022
Thomas Ahlstrom,Suecia,,17 de julio de 1952,Mediocampista,22,1974
Thomas Allofs,Alemania Occidental,,17 de noviembre de 1959,Delantero,16,1982
Thomas Berthold,Alemania Occidental,,12 de noviembre de 1964,Defensor,14,"1986, 1990, 1994"
Thomas Bickel,Suiza,,6 de octubre de 1963,Mediocampista,16,1994
Thomas Delaney,Dinamarca,1.80 m,3 de septiembre de 1991,Mediocampista,8,"2018, 2022"
Thomas Deng,Australia,1.78 m,20 de marzo de 1997,Defensor,20,2022
Thomas Dooley,Estados Unidos,,12 de mayo de 1961,Defensor,5,"1994, 1998"
Thomas Dossevi,Togo,1.83 m,6 de marzo de 1979,Mediocampista,9,2006
Thomas Enevoldsen,Dinamarca,1.82 m,27 de julio de 1987,Mediocampista,20,2010
Thomas Finney,Irlanda del Norte,,6 de noviembre de 1952,Mediocampista,15,1982
Thomas Gravesen,Dinamarca,1.78 m,11 de marzo de 1976,Mediocampista,7,2002
Thomas Haessler,Alemania Occidental,,30 de mayo de 1966,Mediocampista,"8, 10","1990, 1994, 1998"
Thomas Helmer,Alemania,,21 de abril de 1965,Defensor,5,"1994, 1998"
Thomas Helveg,Dinamarca,1.79 m,24 de junio de 1971,Defensor,6,"1998, 2002"
Thomas Hitzlsperger,Alemania,1.83 m,5 de abril de 1982,Mediocampista,15,2006
Thomas Kahlenberg,Dinamarca,1.85 m,20 de marzo de 1983,Mediocampista,12,2010
Thomas Lemar,Francia,1.70 m,12 de noviembre de 1995,Mediocampista,8,2018
Thomas Libiih,Camerún,,17 de noviembre de 1967,Mediocampista,"15, 6","1990, 1994"
Thomas Linke,Alemania,1.83 m,26 de diciembre de 1969,Defensor,2,2002
Thomas Meunier,Bélgica,1.90 m,12 de septiembre de 1991,Defensor,15,"2018, 2022"
Thomas Müller,Alemania,1.85 m,13 de septiembre de 1989,"Delantero, Mediocampista",13,"2010, 2014, 2018, 2022"
Thomas Myhre,Noruega,,16 de octubre de 1973,Arquero,12,1998
Thomas Nkono,Camerún,,20 de julio de 1956,Arquero,"1, 16, 21","1982, 1990, 1994"
Thomas Nordahl,Suecia,,24 de mayo de 1946,Mediocampista,16,1970
Thomas Partey,Ghana,1.85 m,13 de junio de 1993,Mediocampista,5,2022
Thomas Ravelli,Suecia,,13 de agosto de 1959,Arquero,"22, 1","1990, 1994"
Thomas Sjoberg,Suecia,,6 de julio de 1952,Delantero,10,1978
Thomas Sorensen,Dinamarca,1.85 m,12 de junio de 1976,Arquero,1,"2002, 2010"
Thomas Strunz,Alemania,,25 de abril de 1968,Mediocampista,2,1994
Thomas Vermaelen,Bélgica,1.82 m,14 de noviembre de 1985,Defensor,3,"2014, 2018"
Thomas Wyss,Suiza,,29 de agosto de 1966,Mediocampista,21,1994
Thompson Oliha,Nigeria,,4 de octubre de 1968,Mediocampista,8,1994
Thorgan Hazard,Bélgica,1.74 m,29 de marzo de 1993,Delantero,16,"2018, 2022"
Tiago,Portugal,1.83 m,2 de mayo de 1981,Mediocampista,19,"2006, 2010"
Tibor Kemeny,Hungría,,5 de marzo de 1913,Delantero,-,1934
Tibor Nyilasi,Hungría,,18 de enero de 1955,Mediocampista,8,"1978, 1982"
Tibor Rab,Hungría,,2 de octubre de 1955,Defensor,"15, 13","1978, 1982"
Tibor Selymes,Rumania,,14 de mayo de 1970,Defensor,"13, 20","1994, 1998"
Tie Li,China,1.83 m,18 de septiembre de 1977,Mediocampista,8,2002
Tihomir Ognjanov,Yugoslavia,,2 de marzo de 1927,Delantero,7,"1950, 1954"
Tijani Babangida,Nigeria,1.69 m,25 de septiembre de 1973,Delantero,13,1998
Tim,Brasil,,20 de diciembre de 1905,Delantero,-,1938
Tim Borowski,Alemania,1.94 m,2 de mayo de 1980,Mediocampista,18,2006
Tim Brown,Nueva Zelanda,1.85 m,6 de marzo de 1981,Mediocampista,8,2010
Tim Cahill,Australia,1.80 m,6 de diciembre de 1979,"Delantero, Mediocampista",4,"2006, 2010, 2014, 2018"
Tim De Cler,Paises Bajos,1.79 m,8 de noviembre de 1978,Defensor,15,2006
Tim Flowers,Inglaterra,,3 de febrero de 1967,Arquero,22,1998
Tim Howard,Estados Unidos,1.87 m,6 de marzo de 1979,Arquero,1,"2006, 2010, 2014"
Tim Krul,Paises Bajos,1.88 m,3 de abril de 1988,Arquero,23,2014
Tim Matavz,Eslovenia,1.90 m,13 de enero de 1989,Delantero,23,2010
Tim Ream,Estados Unidos,1.85 m,5 de octubre de 1987,Defensor,13,2022
Tim Weah,Estados Unidos,1.82 m,22 de febrero de 2000,Delantero,21,2022
Tim Wiese,Alemania,1.93 m,17 de diciembre de 1981,Arquero,12,2010
Timmy Simons,Bélgica,1.86 m,11 de diciembre de 1976,Mediocampista,6,2002
Timo Hildebrand,Alemania,1.85 m,5 de abril de 1979,Arquero,23,2006
Timo Werner,Alemania,1.81 m,6 de marzo de 1996,Delantero,9,2018
Timothy Castagne,Bélgica,1.85 m,5 de diciembre de 1995,Mediocampista,21,2022
Timothy Chandler,Estados Unidos,1.86 m,29 de marzo de 1990,Defensor,21,2014
Tin Jedvaj,Croacia,1.84 m,28 de noviembre de 1995,Defensor,13,2018
Tino Lettieri,Canadá,,27 de septiembre de 1957,Arquero,1,1986
Tino Susic,Bosnia-Herzegovina,1.86 m,13 de febrero de 1992,Mediocampista,14,2014
Tinoco,Brasil,,2 de diciembre de 1904,Mediocampista,-,1934
Tisir Al Antaif,Arabia Saudita,1.83 m,16 de febrero de 1974,Arquero,22,1998
Tita,Brasil,,1 de abril de 1958,Delantero,20,1990
Titus Bubernik,Checoslovaquia,,12 de octubre de 1933,"Defensor, Mediocampista","17, 16","1958, 1962"
Tivadar Monostori,Hungría,,24 de marzo de 1936,Delantero,18,"1958, 1962"
Tjaak Pattiwael,Indias Orientales Holand.,,23 de febrero de 1914,Defensor,-,1938
Tobias Linderoth,Suecia,1.77 m,21 de abril de 1979,Mediocampista,6,"2002, 2006"
Toby Alderweireld,Bélgica,1.86 m,2 de marzo de 1989,Defensor,2,"2014, 2018, 2022"
Todor Diev,Bulgaria,,28 de enero de 1934,Mediocampista,7,1962
Todor Kolev,Bulgaria,,29 de abril de 1942,Mediocampista,17,1970
Tom Amrhein,Estados Unidos,,1 de enero de 1911,Mediocampista,-,1934
Tom Baker,Gales,,6 de abril de 1936,Mediocampista,22,1958
Tom Boyd,Escocia,,24 de noviembre de 1965,Defensor,3,1998
Tom Finney,Inglaterra,,5 de abril de 1922,Delantero,11,"1950, 1954, 1958"
Tom Florie,Estados Unidos,,6 de septiembre de 1897,Delantero,-,"1930, 1934"
Tom Forsyth,Escocia,,23 de enero de 1949,Defensor,14,1978
Tom Lockyer,Gales,1.85 m,3 de diciembre de 1994,Defensor,17,2022
Tom Lynch,Estados Unidos,,,Mediocampista,-,1934
Tom Rogic,Australia,1.88 m,16 de noviembre de 1992,Mediocampista,23,2018
Tom Turesson,Suecia,,17 de mayo de 1942,Delantero,18,1970
Tomas,España,,9 de agosto de 1960,Defensor,2,1986
Tomas Antonelius,Suecia,1.79 m,7 de mayo de 1973,Defensor,13,2002
Tomas Balcazar,México,,21 de diciembre de 1931,Delantero,10,1954
Tomas Boy,México,,6 de junio de 1952,Mediocampista,10,1986
Tomas Brolin,Suecia,,29 de noviembre de 1969,Delantero,"17, 11","1990, 1994"
Tomas Fernandez,Cuba,,1 de enero de 1915,Mediocampista,-,1938
Tomas Galasek,República Checa,1.80 m,15 de enero de 1973,Mediocampista,4,2006
Tomas Kriz,Checoslovaquia,,17 de marzo de 1959,Delantero,10,1982
Tomas Ojeda,Chile,,20 de abril de 1910,Delantero,-,1930
Tomas Pineda,El Salvador,,1 de enero de 1939,Arquero,13,1970
Tomas Pospichal,Checoslovaquia,,26 de junio de 1936,Delantero,17,1962
Tomas Rosicky,República Checa,1.75 m,4 de octubre de 1980,Mediocampista,10,2006
Tomas Skuhravy,Checoslovaquia,,7 de septiembre de 1965,Delantero,10,1990
Tomas Ujfalusi,República Checa,1.85 m,24 de marzo de 1978,Defensor,21,2006
Tomasz Hajto,Polonia,1.87 m,16 de octubre de 1972,Defensor,6,2002
Tomasz Klos,Polonia,1.86 m,7 de marzo de 1973,Defensor,2,2002
Tomasz Kuszczak,Polonia,1.91 m,20 de marzo de 1982,Arquero,12,2006
Tomasz Rzasa,Polonia,1.81 m,11 de marzo de 1973,Mediocampista,5,2002
Tomasz Waldoch,Polonia,1.87 m,10 de mayo de 1971,Defensor,15,2002
Tomi Juric,Australia,1.91 m,22 de julio de 1991,Delantero,9,2018
Tomislav Butina,Croacia,1.91 m,30 de marzo de 1974,Arquero,"12, 23","2002, 2006"
Tomislav Crnkovic,Yugoslavia,,17 de junio de 1929,Defensor,"3, 4","1954, 1958"
Tomislav Ivkovic,Yugoslavia,,11 de agosto de 1960,Arquero,1,1990
Tommy Banks,Inglaterra,,10 de noviembre de 1929,Defensor,3,1958
Tommy Casey,Irlanda del Norte,,11 de marzo de 1930,Delantero,13,1958
Tommy Cassidy,Irlanda del Norte,,18 de noviembre de 1950,Mediocampista,14,1982
Tommy Coyne,Irlanda,,14 de noviembre de 1962,Delantero,15,1994
Tommy Docherty,Escocia,,24 de abril de 1928,Mediocampista,"5, 10","1954, 1958"
Tommy Hamill,Irlanda del Norte,,,Defensor,21,1958
Tommy Hutchinson,Escocia,,22 de septiembre de 1947,Mediocampista,18,1974
Tommy Oar,Australia,1.70 m,10 de diciembre de 1991,Mediocampista,11,2014
Tommy Smith,Nueva Zelanda,1.87 m,31 de marzo de 1990,Defensor,19,2010
Tommy Svensson,Suecia,,4 de marzo de 1945,Mediocampista,6,1970
Tommy Taylor,Inglaterra,,29 de enero de 1932,Delantero,10,1954
Tommy Wright,Inglaterra,,21 de octubre de 1944,Defensor,14,1970
Tommy Younger,Escocia,,10 de abril de 1930,Arquero,1,1958
Tomoaki Makino,Japón,1.82 m,11 de mayo de 1987,Defensor,20,2018
Tomokazu Myojin,Japón,1.73 m,24 de enero de 1978,Mediocampista,20,2002
Toni Allemann,Suiza,,6 de enero de 1936,Delantero,14,1962
Toni Kroos,Alemania,1.82 m,4 de enero de 1990,Mediocampista,"18, 8","2010, 2014, 2018"
Toni Polster,Austria,,10 de marzo de 1964,Delantero,"9, 19","1990, 1998"
Toni Schall,Austria,,22 de junio de 1907,Delantero,-,1934
Toni Sunjic,Bosnia-Herzegovina,1.92 m,15 de diciembre de 1988,Defensor,15,2014
Toni Turek,Alemania Occidental,,18 de enero de 1919,Arquero,1,1954
Toninho,Brasil,,7 de junio de 1948,Defensor,2,1978
Toninho Cerezo,Brasil,,21 de abril de 1955,Mediocampista,5,"1978, 1982"
Tony Adams,Inglaterra,,10 de octubre de 1966,Defensor,5,1998
Tony Cascarino,Irlanda,,1 de septiembre de 1962,Delantero,"10, 16","1990, 1994"
Tony Dorigo,Inglaterra,,31 de diciembre de 1965,Defensor,15,1990
Tony Lochhead,Nueva Zelanda,1.83 m,12 de enero de 1982,Defensor,3,2010
Tony Meola,Estados Unidos,1.85 m,21 de febrero de 1969,Arquero,"1, 19","1990, 1994, 2002"
Tony Popovic,Australia,1.93 m,4 de julio de 1973,Defensor,6,2006
Tony Sanneh,Estados Unidos,1.88 m,1 de junio de 1971,Defensor,22,2002
Tony Sylva,Senegal,1.85 m,17 de mayo de 1975,Arquero,1,2002
Tony Woodcock,Inglaterra,,6 de diciembre de 1955,Delantero,21,1982
Toon Oprinsen,Paises Bajos,,25 de noviembre de 1910,Mediocampista,-,1934
Torbjorn Nilsson,Suecia,,9 de julio de 1954,Delantero,15,1978
Tore Andre Flo,Noruega,,15 de junio de 1973,Delantero,9,1998
Tore Keller,Suecia,,4 de enero de 1905,Delantero,-,"1934, 1938"
Tore Svensson,Suecia,,6 de diciembre de 1927,Arquero,12,1958
Torsten Frings,Alemania,1.82 m,22 de noviembre de 1976,Mediocampista,"22, 8","2002, 2006"
Torsten Lindberg,Suecia,,14 de abril de 1917,Arquero,-,1950
Tosh Mckinlay,Escocia,,3 de diciembre de 1964,Defensor,6,1998
Toshihide Saito,Japón,,20 de abril de 1973,Defensor,16,1998
Toshihiro Aoyama,Japón,1.74 m,22 de febrero de 1986,Defensor,14,2014
Toshihiro Hattori,Japón,1.78 m,23 de septiembre de 1973,Defensor,"13, 6","1998, 2002"
Tostao,Brasil,,25 de enero de 1947,Mediocampista,"20, 9","1966, 1970"
Toza Veselinovic,Yugoslavia,,22 de octubre de 1930,Delantero,"21, 13","1954, 1958"
Tranquilino Garcete,Paraguay,,1 de enero de 1907,Mediocampista,-,1930
Tranquillo Barnetta,Suiza,1.76 m,22 de mayo de 1985,Mediocampista,"16, 7","2006, 2010, 2014"
Trent Alexander-Arnold,Inglaterra,1.75 m,7 de octubre de 1998,Defensor,"22, 18","2018, 2022"
Trent Sainsbury,Australia,1.83 m,5 de enero de 1992,Defensor,20,2018
Trevor Brooking,Inglaterra,,2 de octubre de 1948,Mediocampista,3,1982
Trevor Edwards,Gales,,24 de enero de 1937,Defensor,14,1958
Trevor Francis,Inglaterra,,19 de abril de 1954,Delantero,8,1982
Trevor Sinclair,Inglaterra,1.77 m,2 de marzo de 1973,Mediocampista,4,2002
Trevor Steven,Inglaterra,,21 de septiembre de 1963,Mediocampista,"17, 20","1986, 1990"
Trifon Ivanov,Bulgaria,,27 de julio de 1965,Defensor,3,"1994, 1998"
Trols Rasmussen,Dinamarca,,7 de abril de 1961,Arquero,1,1986
Tsanko Tsvetanov,Bulgaria,,6 de enero de 1970,Defensor,4,1994
Tsepo Masilela,Sudáfrica,1.74 m,5 de mayo de 1985,Defensor,3,2010
Tshinabu Wa Munda,Zaire,,8 de mayo de 1946,Mediocampista,7,1974
Tsonyo Vasilev,Bulgaria,,7 de enero de 1952,Defensor,18,1974
Tsuneyasu Miyamoto,Japón,1.76 m,7 de febrero de 1977,Defensor,"17, 5","2002, 2006"
Tubilandu Ndimbi,Zaire,,15 de marzo de 1948,Arquero,12,1974
Tugay Kerimoglu,Turquía,1.75 m,24 de agosto de 1970,Mediocampista,8,2002
Tullio Grassi,Suiza,,5 de febrero de 1910,Delantero,-,1938
Txiki Beguiristain,España,,12 de agosto de 1964,Delantero,11,1994
Tyler Adams,Estados Unidos,1.75 m,14 de febrero de 1999,Mediocampista,4,2022
Tyrell Malacia,Paises Bajos,1.70 m,17 de agosto de 1999,Defensor,16,2022
Tyronne Ebuehi,Nigeria,1.87 m,16 de diciembre de 1995,Defensor,21,2018
Ubaldo Fillol,Argentina,,21 de julio de 1950,Arquero,"12, 5, 7","1974, 1978, 1982"
Uche Nwofor,Nigeria,1.84 m,17 de septiembre de 1991,Delantero,19,2014
Uche Okafor,Nigeria,,8 de agosto de 1967,Defensor,"20, 16","1994, 1998"
Uche Okechukwu,Nigeria,,27 de septiembre de 1967,Defensor,5,"1994, 1998"
Ugo Ferrante,Italia,,18 de julio de 1945,Defensor,6,1970
Ugo Locatelli,Italia,,5 de febrero de 1916,Mediocampista,-,1938
Ui-jo Hwang,Corea del Sur,1.84 m,28 de agosto de 1992,Delantero,16,2022
Ulf Kirsten,Alemania,,4 de diciembre de 1965,Delantero,"19, 9","1994, 1998"
Uli Biesinger,Alemania Occidental,,6 de agosto de 1933,Mediocampista,18,1954
Uli Hoeness,Alemania Occidental,,5 de enero de 1952,Mediocampista,14,1974
Uli Stielike,Alemania Occidental,,15 de noviembre de 1954,Defensor,15,1982
Ulises De La Cruz,Ecuador,1.78 m,8 de febrero de 1974,Defensor,4,"2002, 2006"
Ulises Poirier,Chile,,2 de febrero de 1897,Defensor,-,1930
Ulrich Rame,Francia,1.87 m,19 de septiembre de 1972,Arquero,1,2002
Ulrich Stein,Alemania Occidental,,23 de octubre de 1954,Arquero,12,1986
Ulrich Van Gobbel,Paises Bajos,,16 de enero de 1971,Defensor,14,1994
Ulrik Jansson,Suecia,,2 de febrero de 1968,Mediocampista,11,1990
Umberto Caligaris,Italia,,26 de julio de 1901,Defensor,-,1934
Umit Davala,Turquía,1.86 m,30 de julio de 1973,Mediocampista,22,2002
Umit Ozat,Turquía,1.83 m,30 de octubre de 1976,Defensor,16,2002
Unai Simón,España,1.90 m,11 de junio de 1997,Arquero,23,2022
Urbano Rivera,Uruguay,,1 de abril de 1926,Mediocampista,15,1954
Uriel Antuna,México,1.67 m,21 de agosto de 1997,Mediocampista,21,2022
Uros Racic,Serbia,1.93 m,17 de marzo de 1998,Mediocampista,19,2022
Uroš Spajić,Serbia,1.88 m,13 de febrero de 1993,Defensor,5,2018
Uwa Echiejile,Nigeria,1.98 m,20 de enero de 1988,Defensor,21,2010
Uwe Bein,Alemania Occidental,,26 de septiembre de 1960,Mediocampista,15,1990
Uwe Rahn,Alemania Occidental,,21 de mayo de 1962,Mediocampista,18,1986
Uwe Reinders,Alemania Occidental,,19 de enero de 1955,Delantero,13,1982
Uwe Seeler,Alemania Occidental,,5 de noviembre de 1936,Delantero,"12, 9","1958, 1962, 1966, 1970"
Vaclav Horak,Checoslovaquia,,27 de septiembre de 1912,Delantero,-,1938
Vaclav Hovorka,Checoslovaquia,,19 de septiembre de 1931,Delantero,13,1958
Vaclav Masek,Checoslovaquia,,21 de marzo de 1941,Delantero,14,1962
Vaclav Migas,Checoslovaquia,,16 de septiembre de 1944,Defensor,3,1970
Vaclav Nemecek,Checoslovaquia,,25 de enero de 1967,Mediocampista,20,1990
Vadim Yevtushenko,URSS,,1 de enero de 1958,Delantero,"19, 17","1982, 1986"
Vagiz Khidiyatullin,URSS,,3 de marzo de 1959,Defensor,"4, 3","1982, 1990"
Vahid Amiri,Irán,1.79 m,2 de abril de 1988,Mediocampista,11,"2018, 2022"
Vahid Halilhodzic,Yugoslavia,,15 de octubre de 1952,Delantero,19,1982
Vahid Hashemian,Irán,1.82 m,21 de julio de 1976,Delantero,9,2006
Vahid Talebloo,Irán,1.85 m,26 de mayo de 1982,Arquero,22,2006
Vaios Karagiannis,Grecia,,25 de junio de 1968,Defensor,13,1994
Valdo,Brasil,,12 de enero de 1964,Mediocampista,"21, 8","1986, 1990"
Valdomiro,Brasil,,17 de febrero de 1946,Delantero,13,1974
Valentin Afonin,URSS,,22 de diciembre de 1939,Defensor,"5, 3","1966, 1970"
Valentin Bubukin,URSS,,23 de abril de 1933,Delantero,18,1958
Valentin Ivanov,URSS,,19 de noviembre de 1934,Delantero,"8, 14","1958, 1962"
Valentín Pimentel,Panamá,1.85 m,30 de mayo de 1991,Mediocampista,14,2018
Valentin Stocker,Suiza,1.78 m,12 de abril de 1989,Mediocampista,14,2014
Valeri Broshin,URSS,,19 de octubre de 1962,Mediocampista,21,1990
Valeri Karpin,Rusia,1.85 m,2 de febrero de 1969,Mediocampista,"10, 8","1994, 2002"
Valeri Voronin,URSS,,17 de julio de 1939,Mediocampista,12,"1962, 1966"
Valeri Zikov,URSS,,24 de febrero de 1944,Defensor,10,1970
Valeriy Porkuyan,URSS,,4 de octubre de 1944,Delantero,"17, 22","1966, 1970"
Valon Behrami,Suiza,1.84 m,19 de abril de 1985,Mediocampista,"19, 11","2006, 2010, 2014, 2018"
Valter Birsa,Eslovenia,1.80 m,7 de agosto de 1986,Mediocampista,10,2010
Vampeta,Brasil,1.82 m,13 de marzo de 1974,Mediocampista,18,2002
Vangelis Moras,Grecia,1.93 m,26 de agosto de 1981,Defensor,5,"2010, 2014"
Vanja Milinković-Savić,Serbia,2.02 m,20 de febrero de 1997,Arquero,23,2022
Vasil Dragolov,Bulgaria,,17 de agosto de 1962,Delantero,16,1986
Vasil Metodiev,Bulgaria,,6 de enero de 1935,Defensor,12,1966
Vasil Mitkov,Bulgaria,,17 de septiembre de 1943,Delantero,20,1970
Vasile Chiroiu,Rumania,,13 de agosto de 1910,Defensor,-,1938
Vasile Deheleanu,Rumania,,12 de agosto de 1910,Mediocampista,-,1934
Vasile Gherghely,Rumania,,28 de octubre de 1941,Mediocampista,14,1970
Vasileios Torosidis,Grecia,1.85 m,10 de junio de 1985,Defensor,15,"2010, 2014"
Vasili Rats,URSS,,25 de marzo de 1961,Mediocampista,"21, 6","1986, 1990"
Vasilije Sijakovic,Yugoslavia,,31 de julio de 1929,Defensor,"3, 14","1958, 1962"
Vasilis Dimitriadis,Grecia,,1 de febrero de 1966,Delantero,14,1994
Vasily Danilov,URSS,,13 de mayo de 1941,Defensor,10,1966
Vassili Berezutski,Rusia,1.89 m,20 de junio de 1982,Defensor,14,2014
Vava,Brasil,,12 de noviembre de 1934,Delantero,"20, 19","1958, 1962"
Vedad Ibisevic,Bosnia-Herzegovina,1.88 m,6 de agosto de 1984,Delantero,9,2014
Vedran Corluka,Croacia,1.93 m,5 de febrero de 1986,Defensor,5,"2014, 2018"
Vegard Heggem,Noruega,,13 de julio de 1975,Delantero,14,1998
Velimir Zajec,Yugoslavia,,12 de febrero de 1956,Defensor,4,1982
Velko Yotov,Bulgaria,,26 de agosto de 1970,Delantero,21,1994
Velloso,Brasil,,25 de septiembre de 1908,Arquero,-,1930
Veludo,Brasil,,7 de agosto de 1930,Arquero,21,1954
Venancio Ramos,Uruguay,,20 de junio de 1959,Delantero,19,1986
Viacheslav Chanov,URSS,,23 de octubre de 1951,Arquero,22,1982
Viacheslav Daev,Rusia,1.85 m,6 de septiembre de 1972,Defensor,13,2002
Vic Crowe,Gales,,31 de enero de 1932,Mediocampista,16,1958
Vicente,Portugal,,24 de septiembre de 1935,Defensor,4,1966
Vicente Arraya,Bolivia,,25 de enero de 1922,Arquero,-,1950
Vicente Asensi,España,,28 de enero de 1919,Defensor,-,1950
Victor,España,,15 de marzo de 1957,Mediocampista,5,1986
Victor,Brasil,1.93 m,21 de enero de 1983,Arquero,22,2014
Victor Algaranaz,Bolivia,,6 de abril de 1924,Delantero,-,1950
Victor Aristizabal,Colombia,1.76 m,9 de diciembre de 1971,Delantero,"16, 15","1994, 1998"
Victor Bannikov,URSS,,28 de abril de 1938,Arquero,22,1966
Victor Bernardez,Honduras,1.87 m,24 de mayo de 1982,Defensor,5,"2010, 2014"
Victor Brown,Bolivia,,7 de marzo de 1927,Delantero,-,1950
Victor Caceres,Paraguay,1.86 m,25 de marzo de 1985,Mediocampista,15,2010
Victor Chanov,URSS,,21 de julio de 1959,Arquero,16,1982
Victor Diogo,Uruguay,,9 de abril de 1958,Defensor,4,1986
Victor Esparrago,Uruguay,,6 de octubre de 1944,Mediocampista,"21, 9, 8","1966, 1970, 1974"
Víctor Ibarbo,Colombia,1.88 m,19 de mayo de 1990,Mediocampista,14,2014
Victor Ikpeba,Nigeria,1.74 m,12 de junio de 1973,Delantero,"17, 20","1994, 1998"
Victor Lindelöf,Suecia,1.87 m,17 de julio de 1994,Defensor,3,2018
Victor Mees,Bélgica,,26 de enero de 1927,Mediocampista,6,1954
Victor Morales,Chile,,10 de mayo de 1905,Defensor,-,1930
Victor Moses,Nigeria,1.78 m,12 de diciembre de 1990,"Mediocampista, Delantero",11,"2014, 2018"
Victor Ndip,Camerún,,18 de agosto de 1967,Defensor,"17, 5","1990, 1994"
Victor Nelsson,Dinamarca,1.85 m,14 de octubre de 1998,Defensor,3,2022
Victor Nunez,Costa Rica,1.78 m,15 de abril de 1980,Delantero,21,2006
Victor Obinna,Nigeria,1.78 m,25 de marzo de 1987,Delantero,18,2010
Victor Rangel,México,,11 de marzo de 1957,Delantero,9,1978
Victor Rodriguez Andrade,Uruguay,,14 de febrero de 1927,"Defensor, Mediocampista",4,"1950, 1954"
Victor Ugarte,Bolivia,,5 de mayo de 1926,Delantero,-,1950
Victor Valdes,España,1.83 m,14 de enero de 1982,Arquero,12,2010
Victoriano Iriarte,Uruguay,,1 de noviembre de 1902,Delantero,-,1930
Victoriano Leguizamon,Paraguay,,1 de enero de 1923,Mediocampista,-,1950
Vidar Riseth,Noruega,,21 de abril de 1972,Mediocampista,21,1998
Vidin Apostolov,Bulgaria,,17 de octubre de 1941,Defensor,19,1966
Vieirinha,Portugal,1.73 m,24 de enero de 1986,Mediocampista,10,2014
Vikash Dhorasoo,Francia,1.68 m,10 de octubre de 1973,Mediocampista,8,2006
Viktor Chanov,URSS,,21 de julio de 1959,Arquero,16,"1986, 1990"
Viktor Claesson,Suecia,1.83 m,2 de enero de 1992,Mediocampista,17,2018
Viktor Faizulin,Rusia,1.82 m,22 de abril de 1986,Mediocampista,20,2014
Viktor Fischer,Dinamarca,1.80 m,9 de junio de 1994,Mediocampista,15,2018
Viktor Getmanov,URSS,,4 de mayo de 1940,Defensor,9,1966
Viktor Kanevski,URSS,,3 de octubre de 1936,Delantero,15,1962
Viktor Onopko,Rusia,1.89 m,14 de octubre de 1969,Defensor,"18, 7","1994, 2002"
Viktor Ponedelnik,URSS,,22 de mayo de 1937,Delantero,19,1962
Viktor Serebryanikov,URSS,,29 de marzo de 1940,"Delantero, Mediocampista","20, 2, 15","1962, 1966, 1970"
Viktor Tsaryov,URSS,,2 de junio de 1931,Mediocampista,16,1958
Viliam Hyravy,Checoslovaquia,,26 de noviembre de 1962,Mediocampista,16,1990
Viliam Schrojf,Checoslovaquia,,2 de agosto de 1931,Arquero,"22, 1","1954, 1958, 1962"
Vilmos Kohut,Hungría,,17 de julio de 1906,Delantero,-,1938
Vince Grella,Australia,1.83 m,5 de octubre de 1979,Mediocampista,13,"2006, 2010"
Vincent Aboubakar,Camerún,1.76 m,22 de enero de 1992,Delantero,"23, 10","2010, 2014, 2022"
Vincent Candela,Francia,1.80 m,24 de octubre de 1973,Defensor,2,"1998, 2002"
Vincent Enyeama,Nigeria,1.85 m,29 de agosto de 1982,Arquero,"22, 1","2002, 2010, 2014"
Vincent Janssen,Paises Bajos,1.84 m,15 de junio de 1994,Delantero,18,2022
Vincent Kompany,Bélgica,1.90 m,10 de abril de 1986,Defensor,4,"2014, 2018"
Vincente Perez,Argentina,,,Delantero,-,1934
Vincenzo Iaquinta,Italia,1.86 m,21 de noviembre de 1979,Delantero,"15, 9","2006, 2010"
Vincenzo Montella,Italia,1.72 m,18 de junio de 1974,Delantero,20,2002
Vinicius Junior,Brasil,1.76 m,12 de julio de 2000,Delantero,20,2022
Vintila Cossini,Rumania,,21 de noviembre de 1913,Mediocampista,-,1938
Viola,Brasil,,1 de enero de 1969,Delantero,21,1994
Viorel Moldovan,Rumania,,8 de agosto de 1972,Delantero,"17, 9","1994, 1998"
Virgil Van Dijk,Paises Bajos,1.95 m,8 de julio de 1991,Defensor,4,2022
Virginio Caceres,Paraguay,,21 de mayo de 1962,Defensor,13,1986
Virginio Rosetta,Italia,,25 de febrero de 1902,Defensor,-,1934
Vital Borkelmans,Bélgica,,1 de junio de 1963,Defensor,"3, 5","1994, 1998"
Vitali Daraselia,URSS,,9 de octubre de 1957,Mediocampista,13,1982
Vitali Khmelnitski,URSS,,12 de junio de 1943,Delantero,21,1970
Vitinha,Portugal,1.72 m,13 de febrero de 2000,Mediocampista,16,2022
Vitor Baia,Portugal,1.84 m,15 de octubre de 1969,Arquero,1,2002
Vittore Gottardi,Suiza,,24 de septiembre de 1941,Delantero,8,1966
Viv Anderson,Inglaterra,,29 de julio de 1956,Defensor,"2, 12","1982, 1986"
Vladimir Beara,Yugoslavia,,2 de noviembre de 1928,Arquero,1,"1950, 1954, 1958"
Vladimir Belyayev,URSS,,,Arquero,13,1958
Vladimir Beschastnykh,Rusia,1.87 m,1 de abril de 1974,Delantero,11,"1994, 2002"
Vladimir Bessonov,URSS,,5 de marzo de 1958,"Defensor, Mediocampista","8, 2","1982, 1986, 1990"
Vladimir Bigorra,Chile,,9 de agosto de 1954,Defensor,4,1982
Vladimir Durkovic,Yugoslavia,,6 de noviembre de 1937,Defensor,2,1962
Vladimir Firm,Yugoslavia,,1 de enero de 1923,Defensor,-,1950
Vladimir Gabulov,Rusia,1.90 m,19 de octubre de 1983,Arquero,20,2018
Vladimir Granat,Rusia,1.84 m,22 de mayo de 1987,Defensor,"13, 14","2014, 2018"
Vladimir Hagara,Checoslovaquia,,7 de noviembre de 1943,Defensor,4,1970
Vladimir Hrivnak,Checoslovaquia,,23 de abril de 1945,Defensor,14,1970
Vladimir Jugovic,RF de Yugoslavia,,30 de agosto de 1969,Mediocampista,7,1998
Vladimir Kaplichni,URSS,,26 de febrero de 1944,Defensor,5,1970
Vladimir Kesarev,URSS,,26 de febrero de 1930,Defensor,2,1958
Vladimir Kinier,Checoslovaquia,,6 de abril de 1958,Defensor,15,1990
Vladimir Kos,Checoslovaquia,,9 de agosto de 1935,Delantero,15,1962
Vladimir Kovacevic,Yugoslavia,,7 de enero de 1940,Delantero,18,1962
Vladimir Liutyi,URSS,,20 de abril de 1962,Delantero,14,1990
Vladimir Maslachenko,URSS,,5 de marzo de 1936,Arquero,"12, 2","1958, 1962"
Vladimir Muntyan,URSS,,14 de septiembre de 1946,Mediocampista,14,1970
Vladimir Petrovic,Yugoslavia,,1 de julio de 1955,Mediocampista,"20, 7","1974, 1982"
Vladimir Ponomaryov,URSS,,18 de febrero de 1940,Defensor,4,1966
Vladimir Popovic,Yugoslavia,,17 de marzo de 1935,Mediocampista,"11, 6","1958, 1962"
Vladimir Quesada,Costa Rica,,12 de mayo de 1966,Defensor,2,1990
Vladimir Soria,Bolivia,,15 de julio de 1964,Mediocampista,15,1994
Vladimir Stojkovic,Serbia y Montenegro,1.95 m,28 de julio de 1983,Arquero,"23, 1","2006, 2010, 2018"
Vladimir Vasilj,Croacia,1.88 m,6 de julio de 1975,Arquero,"22, 23","1998, 2002"
Vladimir Weiss,Eslovaquia,1.76 m,30 de noviembre de 1989,Mediocampista,7,2010
Vladimir Weiss,Checoslovaquia,,22 de septiembre de 1964,Mediocampista,14,1990
Vladimir Yerokhin,URSS,,10 de abril de 1930,Defensor,22,1958
Vladimir Yezerskyi,Ucrania,1.83 m,15 de noviembre de 1976,Defensor,5,2006
Vladimiro Schettina,Paraguay,,8 de octubre de 1955,Defensor,4,1986
Vladislao Cap,Argentina,,5 de julio de 1934,Defensor,18,1962
Vladislav Bogicevic,Yugoslavia,,7 de noviembre de 1950,Defensor,6,1974
Vladislav Hlavacek,Checoslovaquia,,26 de junio de 1925,Delantero,7,1954
Vladislav Ternavski,Rusia,,2 de mayo de 1969,Defensor,6,1994
Vladyslav Vashchuk,Ucrania,1.80 m,2 de enero de 1975,Defensor,17,2006
Vlastimil Kopecky,Checoslovaquia,,14 de octubre de 1912,Mediocampista,-,"1934, 1938"
Vlastimil Petrzela,Checoslovaquia,,20 de julio de 1953,Delantero,20,1982
Vlastimir Petkovic,Yugoslavia,,,Delantero,-,1930
Vlatko Markovic,Yugoslavia,,1 de enero de 1937,Defensor,5,1962
Voin Voinov,Bulgaria,,7 de septiembre de 1952,Delantero,7,1974
Vojislav Melic,Yugoslavia,,5 de enero de 1940,Delantero,17,1962
Vojtech Bradac,Checoslovaquia,,6 de octubre de 1913,Delantero,-,1938
Voro,España,,9 de octubre de 1963,Defensor,17,1994
Vratislav Lokvenc,República Checa,1.96 m,27 de septiembre de 1973,Delantero,12,2006
Vujadin Boskov,Yugoslavia,,16 de mayo de 1931,Mediocampista,"6, 9","1954, 1958"
Vujadin Stanojkovic,Yugoslavia,,10 de septiembre de 1963,Defensor,2,1990
Vyacheslav Sviderskyi,Ucrania,1.85 m,1 de enero de 1979,Defensor,22,2006
Wagner Lopes,Japón,,29 de enero de 1969,Delantero,12,1998
Wahbi Khazri,Túnez,1.82 m,8 de febrero de 1991,Mediocampista,10,"2018, 2022"
Wajdi Kechrida,Túnez,1.77 m,5 de noviembre de 1995,Defensor,21,2022
Waldemar De Britto,Brasil,,17 de mayo de 1913,Delantero,-,1934
Waldemar Matysik,Polonia,,27 de septiembre de 1961,Mediocampista,"8, 6","1982, 1986"
Waldir Peres,Brasil,,2 de enero de 1951,Arquero,"22, 1","1974, 1978, 1982"
Waldo Ponce,Chile,1.83 m,4 de diciembre de 1982,Defensor,3,2010
Waldyr,Brasil,,21 de marzo de 1912,Mediocampista,-,1934
Walid Al Mubarak,Kuwait,,18 de noviembre de 1959,Defensor,5,1982
Walid Cheddira,Marruecos,1.87 m,22 de enero de 1998,Delantero,21,2022
Walker Zimmerman,Estados Unidos,1.90 m,19 de mayo de 1993,Defensor,3,2022
Walter Ayovi,Ecuador,1.71 m,11 de agosto de 1979,Defensor,"23, 10","2002, 2014"
Walter Bahr,Estados Unidos,,1 de abril de 1927,Mediocampista,-,1950
Walter Beerli,Suiza,,23 de julio de 1928,Delantero,-,1950
Walter Boyd,Jamaica,,1 de enero de 1972,Delantero,10,1998
Walter Brom,Polonia,,14 de febrero de 1921,Arquero,-,1938
Walter Centeno,Costa Rica,1.74 m,6 de octubre de 1974,Mediocampista,10,"2002, 2006"
Walter Corbo,Uruguay,,2 de mayo de 1949,Arquero,22,1970
Walter Dick,Estados Unidos,,20 de septiembre de 1905,Delantero,-,1934
Walter Eich,Suiza,,27 de mayo de 1925,Arquero,1,1954
Walter Gargano,Uruguay,1.68 m,23 de julio de 1984,Mediocampista,5,"2010, 2014"
Walter Goulart,Brasil,,17 de junio de 1912,Arquero,-,1938
Walter Haummer,Austria,,22 de noviembre de 1928,Delantero,22,1954
Walter Horak,Austria,,1 de junio de 1931,Delantero,7,1958
Walter Kogler,Austria,,12 de diciembre de 1967,Defensor,6,1998
Walter Kollmann,Austria,,17 de junio de 1932,Defensor,"13, 15","1954, 1958"
Walter Mantegazza,Uruguay,,17 de junio de 1952,Mediocampista,18,1974
Walter Martinez,Honduras,1.66 m,24 de marzo de 1982,Delantero,15,2010
Walter Meeuws,Bélgica,,11 de julio de 1951,Defensor,4,1982
Walter Samuel,Argentina,1.82 m,23 de marzo de 1978,Defensor,"6, 13","2002, 2010"
Walter Schachner,Austria,,1 de febrero de 1957,Delantero,"18, 7","1978, 1982"
Walter Schleger,Austria,,19 de septiembre de 1929,Delantero,"8, 13","1954, 1958"
Walter Taibo,Uruguay,,7 de marzo de 1931,Arquero,22,1966
Walter Weiler,Suiza,,4 de diciembre de 1903,Defensor,-,1934
Walter Zeman,Austria,,1 de mayo de 1927,Arquero,16,1954
Walter Zenga,Italia,,28 de abril de 1960,Arquero,"22, 1","1986, 1990"
Wardy Alfaro,Costa Rica,1.80 m,31 de diciembre de 1977,Arquero,23,2006
Warren Barrett,Jamaica,,7 de septiembre de 1970,Arquero,1,1998
Washington Ortuno,Uruguay,,13 de mayo de 1928,Mediocampista,-,1950
Wataru Endo,Japón,1.78 m,9 de febrero de 1993,Defensor,6,"2018, 2022"
Waylon Francis,Costa Rica,1.77 m,20 de septiembre de 1990,Defensor,12,2014
Wayne Bridge,Inglaterra,1.77 m,5 de agosto de 1980,Defensor,14,"2002, 2006"
Wayne Heennesey,Gales,1.98 m,24 de enero de 1987,Arquero,1,2022
Wayne Rooney,Inglaterra,1.76 m,24 de octubre de 1985,Delantero,"9, 10","2006, 2010, 2014"
Wei Du,China,1.87 m,9 de febrero de 1982,Defensor,17,2002
Weifeng Li,China,1.82 m,26 de enero de 1978,Defensor,14,2002
Wellington Sanchez,Ecuador,1.82 m,19 de junio de 1974,Mediocampista,21,2002
Werner Friese,Alemania Oriental,,30 de marzo de 1946,Arquero,22,1974
Werner Kohlmeyer,Alemania Occidental,,19 de abril de 1924,Defensor,3,1954
Werner Kraemer,Alemania Occidental,,23 de enero de 1940,Delantero,19,1966
Werner Leimgruber,Suiza,,2 de septiembre de 1934,Defensor,14,1966
Werner Liebrich,Alemania Occidental,,18 de enero de 1927,Defensor,10,1954
Werner Nilsen,Estados Unidos,,24 de febrero de 1904,Delantero,-,1934
Wes Brown,Inglaterra,1.85 m,13 de octubre de 1979,Defensor,12,2002
Wesley Sneijder,Paises Bajos,1.70 m,9 de junio de 1984,Mediocampista,"20, 10","2006, 2010, 2014"
Wesley Sonck,Bélgica,1.74 m,9 de agosto de 1978,Delantero,9,2002
Weston McKennie,Estados Unidos,1.85 m,28 de agosto de 1998,Mediocampista,8,2022
Weverton,Brasil,1.89 m,13 de diciembre de 1987,Arquero,12,2022
Wilbur Cush,Irlanda del Norte,,10 de junio de 1928,Delantero,8,1958
Wilder Cartagena,Perú,1.80 m,23 de septiembre de 1994,Mediocampista,16,2018
Wilf Mannion,Inglaterra,,16 de mayo de 1918,Delantero,-,1950
Wilfred Agbonavbare,Nigeria,,5 de octubre de 1966,Arquero,22,1994
Wilfred Louis,Haití,,25 de octubre de 1949,Defensor,21,1974
Wilfred Ndidi,Nigeria,1.87 m,16 de diciembre de 1996,Mediocampista,4,2018
Wilfredo Caballero,Argentina,1.86 m,28 de septiembre de 1981,Arquero,23,2018
Wilfried Bony,Costa de Marfil,1.82 m,10 de diciembre de 1988,Delantero,12,2014
Wilfried Hannes,Alemania Occidental,,17 de mayo de 1957,Defensor,12,1982
Wilfried Puis,Bélgica,,18 de febrero de 1943,Delantero,11,1970
Wilfried Van Moer,Bélgica,,1 de marzo de 1945,Mediocampista,8,"1970, 1982"
Wilhelm Gora,Polonia,,18 de enero de 1916,Mediocampista,-,1938
Wilhelm Hahnemann,Alemania,,14 de abril de 1914,Delantero,-,1938
Wilhelm Kreuz,Austria,,29 de mayo de 1949,Mediocampista,10,1978
Wilhelm Piec,Polonia,,7 de enero de 1915,Mediocampista,-,1938
Willem Anderiesen,Paises Bajos,,27 de noviembre de 1903,Mediocampista,-,"1934, 1938"
Willem Jackson,Sudáfrica,,26 de marzo de 1972,Defensor,4,1998
Willi Koslowski,Alemania Occidental,,17 de febrero de 1937,Delantero,7,1962
Willi Schmaus,Austria,,16 de junio de 1911,Defensor,-,1934
Willi Schulz,Alemania Occidental,,4 de octubre de 1938,Defensor,"4, 5","1962, 1966, 1970"
William Andem,Camerún,,14 de junio de 1968,Arquero,16,1998
William Ayache,Francia,,10 de enero de 1961,Defensor,3,1986
William Carvalho,Portugal,1.90 m,7 de abril de 1992,Mediocampista,"6, 14","2014, 2018, 2022"
William Castro,Uruguay,,22 de mayo de 1962,Mediocampista,21,1990
William Gallas,Francia,1.81 m,17 de agosto de 1977,Defensor,5,"2006, 2010"
William Kvist,Dinamarca,1.85 m,24 de febrero de 1985,Mediocampista,"5, 7","2010, 2018"
William Martinez,Uruguay,,13 de enero de 1928,Defensor,"3, 14","1950, 1954, 1962"
William Mokoena,Sudáfrica,,31 de marzo de 1975,Mediocampista,20,1998
William Pacho,Ecuador,1.88 m,16 de octubre de 2001,Defensor,6,2022
William Saliba,Francia,1.92 m,24 de marzo de 2001,Defensor,17,2022
William Slater,Inglaterra,,29 de abril de 1927,Mediocampista,6,1958
William Sun Sing,Costa Rica,1.84 m,12 de mayo de 1977,Delantero,20,2002
William Troost-Ekong,Nigeria,1.91 m,1 de septiembre de 1993,Defensor,5,2018
William Zombory,Rumania,,11 de enero de 1906,Arquero,-,1934
Willian,Brasil,1.74 m,9 de agosto de 1988,Mediocampista,19,"2014, 2018"
Willibald Kress,Alemania,,13 de noviembre de 1906,Arquero,-,1934
Willibald Schmaus,Alemania,,16 de junio de 1911,Defensor,-,1938
Willie Cunningham,Escocia,,22 de febrero de 1925,Defensor,2,1954
Willie Cunningham,Irlanda del Norte,,20 de febrero de 1930,Defensor,2,1958
Willie Donachie,Escocia,,5 de octubre de 1951,Defensor,"16, 3","1974, 1978"
Willie Fernie,Escocia,,22 de noviembre de 1928,Delantero,"12, 22","1954, 1958"
Willie Johnston,Escocia,,19 de diciembre de 1946,Delantero,11,1978
Willie Miller,Escocia,,2 de mayo de 1955,Defensor,6,"1982, 1986"
Willie Morgan,Escocia,,2 de octubre de 1944,Delantero,20,1974
Willie Ormond,Escocia,,23 de febrero de 1927,Delantero,13,1954
Willie Watson,Inglaterra,,3 de marzo de 1920,Mediocampista,-,1950
Willy Allemann,Suiza,,10 de junio de 1942,Defensor,2,1966
Willy Busch,Alemania,,4 de enero de 1907,Defensor,-,1934
Willy Giesemann,Alemania Occidental,,2 de septiembre de 1937,Mediocampista,15,1962
Willy Huber,Suiza,,17 de diciembre de 1913,Arquero,-,"1934, 1938"
Willy Jaeggi,Suiza,,28 de julio de 1906,Delantero,-,1934
Willy Kernen,Suiza,,6 de agosto de 1929,Defensor,"14, 4","1954, 1962"
Willy Okpara,Nigeria,,7 de mayo de 1968,Arquero,12,1998
Willy Sagnol,Francia,1.80 m,18 de marzo de 1977,Defensor,19,"2002, 2006"
Willy Van De Kerkhof,Paises Bajos,,16 de septiembre de 1951,Mediocampista,11,"1974, 1978"
Willy Von Kaenel,Suiza,,30 de octubre de 1909,Delantero,-,1934
Wílmar Barrios,Colombia,1.78 m,16 de octubre de 1993,Mediocampista,5,2018
Wilmar Cabrera,Uruguay,,31 de julio de 1959,Delantero,21,1986
Wilmer Cabrera,Colombia,,15 de septiembre de 1967,"Defensor, Mediocampista","18, 13","1990, 1998"
Wilmer Lopez,Costa Rica,1.73 m,3 de agosto de 1971,Mediocampista,6,2002
Wilner Nazaire,Haití,,30 de marzo de 1950,Defensor,14,1974
Wilner Piquant,Haití,,4 de diciembre de 1951,Arquero,2,1974
Wilson Oruma,Nigeria,,30 de diciembre de 1976,Mediocampista,18,1998
Wilson Palacios,Honduras,1.76 m,29 de julio de 1984,Mediocampista,8,"2010, 2014"
Wilson Perez,Colombia,,9 de agosto de 1967,Defensor,20,1994
Wilson Piazza,Brasil,,25 de febrero de 1943,Defensor,"3, 5","1970, 1974"
Wim Jansen,Paises Bajos,,28 de octubre de 1946,Mediocampista,6,"1974, 1978"
Wim Jonk,Paises Bajos,,12 de octubre de 1966,Mediocampista,"8, 6","1994, 1998"
Wim Kieft,Paises Bajos,,12 de noviembre de 1962,Delantero,12,1990
Wim Langendaal,Paises Bajos,,13 de abril de 1909,Delantero,-,1934
Wim Rijsbergen,Paises Bajos,,18 de enero de 1952,Defensor,17,"1974, 1978"
Wim Suurbier,Paises Bajos,,16 de enero de 1945,Defensor,20,"1974, 1978"
Wim Van Hanegem,Paises Bajos,,20 de febrero de 1944,Mediocampista,3,1974
Winston Bogarde,Paises Bajos,,22 de octubre de 1970,Defensor,15,1998
Winston Parks,Costa Rica,1.82 m,12 de octubre de 1981,Delantero,12,2002
Winston Reid,Nueva Zelanda,1.90 m,3 de julio de 1988,Defensor,4,2010
Wladyslaw Szszepaniak,Polonia,,19 de mayo de 1910,Defensor,-,1938
Wladyslaw Zmuda,Polonia,,6 de junio de 1954,Defensor,"9, 3","1974, 1978, 1982, 1986"
Wlodek Lubanski,Polonia,,28 de febrero de 1947,Delantero,19,1978
Wlodimierz Smolarek,Polonia,,16 de julio de 1957,Delantero,11,"1982, 1986"
Wlodzimierz Ciolek,Polonia,,24 de marzo de 1956,Mediocampista,15,1982
Wlodzimierz Mazur,Polonia,,18 de abril de 1954,Delantero,2,1978
Wojciech Rudy,Polonia,,24 de octubre de 1952,Defensor,10,1978
Wojciech Szczęsny,Polonia,1.95 m,18 de abril de 1990,Arquero,1,"2018, 2022"
Wolfgang Blochwitz,Alemania Oriental,,8 de febrero de 1941,Arquero,21,1974
Wolfgang Dremmler,Alemania Occidental,,12 de julio de 1954,Mediocampista,6,1982
Wolfgang Fahrian,Alemania Occidental,,31 de mayo de 1941,Arquero,22,1962
Wolfgang Feiersinger,Austria,,30 de enero de 1965,Defensor,5,1998
Wolfgang Kleff,Alemania Occidental,,16 de noviembre de 1946,Arquero,22,1974
Wolfgang Knaller,Austria,,9 de octubre de 1961,Arquero,21,1998
Wolfgang Overath,Alemania Occidental,,29 de septiembre de 1943,Mediocampista,12,"1966, 1970, 1974"
Wolfgang Paul,Alemania Occidental,1.86 m,25 de enero de 1940,Defensor,17,1966
Wolfgang Peters,Alemania Occidental,,8 de enero de 1929,Delantero,19,1958
Wolfgang Rolff,Alemania Occidental,,26 de diciembre de 1959,Mediocampista,21,1986
Wolfgang Seguin,Alemania Oriental,,14 de septiembre de 1945,Mediocampista,19,1974
Wolfgang Weber,Alemania Occidental,,26 de junio de 1944,Defensor,6,"1966, 1970"
Wolfram Loewe,Alemania Oriental,,14 de mayo de 1945,Delantero,8,1974
Won Hee Cho,Corea del Sur,1.77 m,17 de abril de 1983,Defensor,23,2006
Woo-yeong Jeong,Corea del Sur,1.80 m,20 de septiembre de 1999,Mediocampista,25,2022
Woo-young Jung,Corea del Sur,1.86 m,4 de septiembre de 1989,Mediocampista,15,2018
Woo-young Jung,Corea del Sur,1.88 m,14 de diciembre de 1989,Mediocampista,5,2022
Woon Jae Lee,Corea del Sur,1.82 m,26 de abril de 1973,Arquero,"22, 1","1994, 2002, 2006, 2010"
Wout Faes,Bélgica,1.87 m,3 de abril de 1998,Defensor,4,2022
Wout Weghorst,Paises Bajos,1.97 m,7 de agosto de 1992,Delantero,19,2022
Wynton Rufer,Nueva Zelanda,,29 de diciembre de 1962,Delantero,7,1982
Xabi Alonso,España,1.83 m,25 de noviembre de 1981,Mediocampista,14,"2006, 2010, 2014"
Xavi,España,1.70 m,25 de enero de 1980,Mediocampista,"19, 8","2002, 2006, 2010, 2014"
Xavi Simons,Paises Bajos,1.79 m,21 de abril de 2003,Mediocampista,25,2022
Xavier Arreaga,Ecuador,1.84 m,28 de septiembre de 1994,Defensor,14,2022
Xavier Margairaz,Suiza,1.85 m,7 de enero de 1984,Mediocampista,5,2006
Xavier Stierli,Suiza,,29 de octubre de 1940,Defensor,19,1966
Xerxes Louis,Francia,,31 de octubre de 1926,Mediocampista,11,1954
Xherdan Shaqiri,Suiza,1.69 m,10 de octubre de 1991,Mediocampista,23,"2010, 2014, 2018, 2022"
Xiaopeng Li,China,1.82 m,5 de noviembre de 1976,Mediocampista,18,2002
Yacine Bentala,Argelia,,24 de septiembre de 1955,Arquero,22,1982
Yacine Brahimi,Argelia,1.75 m,8 de febrero de 1990,Mediocampista,11,2014
Yae Seung Park,Corea del Sur,,1 de abril de 1923,Defensor,3,1954
Yahia Attitat-Allal,Marruecos,1.76 m,2 de marzo de 1995,Defensor,25,2022
Yahya Al-Shehri,Arabia Saudita,1.64 m,26 de junio de 1990,Mediocampista,8,2018
Yahya Golmohammadi,Irán,1.78 m,19 de marzo de 1971,Defensor,4,2006
Yahya Jabrane,Marruecos,1.83 m,18 de junio de 1991,Mediocampista,26,2022
Yair Nossovsky,Israel,,29 de junio de 1937,Arquero,22,1970
Yakubu Aiyegbeni,Nigeria,1.88 m,22 de noviembre de 1982,Delantero,8,2010
Yann Sommer,Suiza,1.83 m,17 de diciembre de 1988,Arquero,"12, 1","2014, 2018, 2022"
Yannick Carrasco,Bélgica,1.80 m,4 de septiembre de 1993,Mediocampista,11,"2018, 2022"
Yannick Stopyra,Francia,,9 de enero de 1961,Delantero,19,1986
Yao Aziawonou,Togo,1.85 m,30 de noviembre de 1979,Mediocampista,6,2006
Yao Gao,China,1.85 m,13 de julio de 1977,Mediocampista,13,2002
Yao Junior Senaya,Togo,1.67 m,19 de abril de 1984,Delantero,18,2006
Yasser Al Kahtani,Arabia Saudita,1.66 m,10 de octubre de 1982,Delantero,20,2006
Yasser Al-Mosailem,Arabia Saudita,1.87 m,27 de febrero de 1984,Arquero,21,2018
Yasser Al-Shahrani,Arabia Saudita,1.71 m,25 de mayo de 1992,Defensor,13,"2018, 2022"
Yasser Al Taifi,Arabia Saudita,,10 de mayo de 1971,Defensor,17,1994
Yassine Bounou,Marruecos,1.90 m,5 de abril de 1991,Arquero,1,"2018, 2022"
Yassine Chikhaoui,Túnez,1.87 m,22 de septiembre de 1986,Delantero,9,2006
Yassine Meriah,Túnez,1.83 m,2 de julio de 1993,Defensor,4,"2018, 2022"
Yasuhito Endo,Japón,1.78 m,28 de enero de 1980,Mediocampista,"4, 7","2006, 2010, 2014"
Yasuyuki Konno,Japón,1.78 m,25 de enero de 1983,Defensor,15,"2010, 2014"
Yaya Toure,Costa de Marfil,1.89 m,13 de mayo de 1983,Mediocampista,19,"2006, 2010, 2014"
Yazid Mansouri,Argelia,1.75 m,25 de febrero de 1978,Mediocampista,6,2010
Yechiel Hameiri,Israel,,20 de agosto de 1949,Arquero,21,1970
Yehezkel Chazom,Israel,,1 de enero de 1947,Delantero,13,1970
Yeltsin Tejeda,Costa Rica,1.79 m,17 de marzo de 1992,Mediocampista,17,"2014, 2018, 2022"
Yeremi Pino,España,1.72 m,20 de octubre de 2002,Delantero,17,2022
Yerry Mina,Colombia,1.95 m,23 de septiembre de 1994,Defensor,13,2018
Yeshaiyahu Schwager,Israel,,10 de febrero de 1946,Defensor,12,1970
Yildiray Basturk,Turquía,1.68 m,24 de diciembre de 1978,Mediocampista,10,2002
Yo-han Go,Corea del Sur,1.70 m,10 de marzo de 1988,Defensor,22,2018
Yoann Gourcuff,Francia,1.85 m,11 de julio de 1986,Mediocampista,8,2010
Yohan Benalouane,Túnez,1.87 m,28 de marzo de 1987,Defensor,3,2018
Yohan Cabaye,Francia,1.75 m,14 de enero de 1986,Mediocampista,6,2014
Yoichi Doi,Japón,1.84 m,25 de julio de 1973,Arquero,12,2006
Yoichiro Kakitani,Japón,1.77 m,3 de enero de 1990,Delantero,11,2014
Yong Dae Kim,Corea del Sur,1.86 m,11 de octubre de 1979,Arquero,20,2006
Yong Hak An,Corea del Norte,1.82 m,25 de octubre de 1978,Mediocampista,17,2010
Yong Hwan Chung,Corea del Sur,,10 de febrero de 1960,Defensor,5,"1986, 1990"
Yong Hyung Cho,Corea del Sur,1.82 m,3 de noviembre de 1983,Defensor,4,2010
Yong Jo Hong,Corea del Norte,1.74 m,22 de mayo de 1982,Delantero,10,2010
Yong Jun Kim,Corea del Norte,1.82 m,19 de julio de 1983,Mediocampista,15,2010
Yong Lee,Corea del Sur,1.80 m,24 de diciembre de 1986,Defensor,"12, 2","2014, 2018"
Yong Soo Choi,Corea del Sur,1.84 m,10 de septiembre de 1973,Delantero,"10, 11","1998, 2002"
Yoon Kyung Oh,Corea del Norte,,6 de agosto de 1941,Mediocampista,13,1966
Yoshikatsu Kawaguchi,Japón,1.80 m,15 de agosto de 1975,Arquero,"20, 1, 23","1998, 2002, 2006, 2010"
Yoshimar Yotún,Perú,1.71 m,7 de abril de 1990,Mediocampista,19,2018
Yoshinori Muto,Japón,1.78 m,15 de julio de 1992,Delantero,13,2018
Yoshito Okubo,Japón,1.70 m,9 de junio de 1982,Delantero,"16, 13","2010, 2014"
Younès Belhanda,Marruecos,1.77 m,25 de febrero de 1990,Mediocampista,10,2018
Young Chul Kim,Corea del Sur,1.83 m,30 de junio de 1976,Defensor,2,2006
Young-Gwon Kim,Corea del Sur,1.86 m,27 de febrero de 1990,Defensor,"5, 19","2014, 2018, 2022"
Young Il Choi,Corea del Sur,,25 de abril de 1966,Defensor,"12, 4","1994, 1998"
Young Jeung Cho,Corea del Sur,,18 de agosto de 1954,Mediocampista,8,1986
Young Jin Lee,Corea del Sur,,27 de octubre de 1963,Mediocampista,"22, 6","1990, 1994"
Young Kwang Kim,Corea del Sur,1.84 m,28 de junio de 1983,Arquero,21,"2006, 2010"
Young Min Hyun,Corea del Sur,1.79 m,25 de diciembre de 1979,Defensor,2,2002
Young Pyo Lee,Corea del Sur,1.77 m,23 de abril de 1977,"Defensor, Mediocampista","10, 12","2002, 2006, 2010"
Young Se Kim,Corea del Sur,,21 de abril de 1960,Delantero,20,1986
Young-sun Yun,Corea del Sur,1.85 m,4 de octubre de 1988,Defensor,5,2018
Youri Djorkaeff,Francia,1.79 m,9 de marzo de 1968,Mediocampista,6,"1998, 2002"
Youri Tielemans,Bélgica,1.76 m,7 de mayo de 1997,Mediocampista,"17, 8","2018, 2022"
Youssef Aït Bennasser,Marruecos,1.84 m,7 de julio de 1996,Mediocampista,15,2018
Youssef Al Tunayan,Arabia Saudita,,18 de noviembre de 1963,Delantero,15,1998
Youssef Chippo,Marruecos,1.74 m,10 de mayo de 1973,Mediocampista,18,1998
Youssef En-Nesyri,Marruecos,1.88 m,1 de junio de 1997,Delantero,19,"2018, 2022"
Youssef Msakni,Túnez,1.75 m,28 de octubre de 1990,Delantero,7,2022
Youssef Rossi,Marruecos,,28 de junio de 1973,Defensor,4,1998
Youssouf Fofana,Francia,1.78 m,10 de enero de 1999,Mediocampista,13,2022
Youssouf Sabaly,Senegal,1.74 m,5 de marzo de 1993,Defensor,"12, 21","2018, 2022"
Youssoufa Moukoko,Alemania,1.79 m,20 de noviembre de 2004,Delantero,26,2022
Youstin Salas,Costa Rica,1.73 m,17 de junio de 1996,Mediocampista,14,2022
Yousuf Hassan,Catar,1.86 m,24 de mayo de 1996,Arquero,21,2022
Yousuf Hussain,Emiratos Arabes,,8 de julio de 1965,Defensor,20,1990
Yozhef Sabo,URSS,,29 de febrero de 1940,Mediocampista,"11, 8","1962, 1966"
Yu-min Cho,Corea del Sur,1.82 m,17 de noviembre de 1996,Defensor,24,2022
Yuichi Komano,Japón,1.71 m,25 de julio de 1981,Defensor,3,"2006, 2010"
Yuji Nakazawa,Japón,1.87 m,25 de febrero de 1978,Defensor,22,"2006, 2010"
Yuki Abe,Japón,1.77 m,6 de septiembre de 1981,Mediocampista,2,2010
Yuki Soma,Japón,1.66 m,25 de febrero de 1997,Mediocampista,24,2022
Yun Kyo Oh,Corea del Sur,,25 de mayo de 1960,Arquero,21,1986
Yun Nam Ji,Corea del Norte,1.72 m,20 de noviembre de 1976,Defensor,8,2010
Yung Keun Choi,Corea del Sur,,8 de febrero de 1923,Delantero,18,1954
Yung Kil Kim,Corea del Norte,,29 de enero de 1944,Delantero,19,1966
Yung Kwang Chu,Corea del Sur,,15 de julio de 1931,Mediocampista,16,1954
Yung Kyoo Shin,Corea del Norte,,30 de marzo de 1942,Defensor,3,1966
Yung Won Ha,Corea del Norte,,20 de abril de 1942,Mediocampista,14,1966
Yunlong Xu,China,1.81 m,17 de febrero de 1979,Defensor,21,2002
Yunus Musah,Estados Unidos,1.77 m,29 de noviembre de 2002,Mediocampista,6,2022
Yuri Falin,URSS,,2 de abril de 1937,Delantero,20,1958
Yuri Gavrilov,URSS,,3 de mayo de 1953,Mediocampista,9,1982
Yuri Kovtun,Rusia,1.89 m,5 de enero de 1970,Defensor,2,2002
Yuri Nikiforov,Rusia,1.88 m,16 de septiembre de 1970,Defensor,"5, 3","1994, 2002"
Yuri Susloparov,URSS,,14 de agosto de 1958,Mediocampista,18,1982
Yuri Voinov,URSS,,29 de noviembre de 1931,Mediocampista,5,1958
Yuri Zhirkov,Rusia,1.85 m,20 de agosto de 1983,Mediocampista,18,"2014, 2018"
Yury Gazinsky,Rusia,1.84 m,20 de julio de 1989,Mediocampista,8,2018
Yussuf Ayila,Nigeria,1.79 m,4 de noviembre de 1984,Mediocampista,13,2010
Yussuf Yurary Poulsen,Dinamarca,1.93 m,15 de junio de 1994,Delantero,20,"2018, 2022"
Yusuf Faraj,Kuwait,,20 de septiembre de 1958,Mediocampista,12,1982
Yutaka Akita,Japón,1.80 m,6 de agosto de 1970,Defensor,"17, 2","1998, 2002"
Yuto Nagatomo,Japón,1.70 m,12 de septiembre de 1986,Defensor,5,"2010, 2014, 2018, 2022"
Yuya Osako,Japón,1.82 m,18 de mayo de 1990,Delantero,"18, 15","2014, 2018"
Yvan Quentin,Suiza,,2 de mayo de 1970,Defensor,3,1994
Yves Herbert,Francia,,17 de agosto de 1945,Mediocampista,15,1966
Yves Vanderhaeghe,Bélgica,1.80 m,30 de enero de 1970,Mediocampista,18,2002
Yvon Douis,Francia,,16 de mayo de 1935,Delantero,16,1958
Yvon Le Roux,Francia,,19 de abril de 1960,Defensor,7,1986
Yvon Mvogo,Suiza,1.88 m,6 de junio de 1994,Arquero,12,2018
Zabalo,España,,10 de junio de 1910,Defensor,-,1934
Zafer Ozgultekin,Turquía,1.83 m,10 de marzo de 1975,Arquero,23,2002
Zagallo,Brasil,,9 de agosto de 1931,Delantero,"7, 21","1958, 1962"
Zague,México,1.92 m,23 de mayo de 1967,Delantero,11,1994
Zakaria Aboukhlal,Marruecos,1.79 m,18 de febrero de 2000,Delantero,14,2022
Zakaria El Achraf,Marruecos,,17 de junio de 1966,Arquero,22,1994
Zarko Nikolic,Yugoslavia,,16 de octubre de 1936,Defensor,20,1962
Zarra,España,,20 de enero de 1921,Delantero,-,1950
Zbigniew Boniek,Polonia,,3 de marzo de 1956,Delantero,"18, 20","1978, 1982, 1986"
Zbigniew Gut,Polonia,,17 de abril de 1949,Defensor,5,1974
Zdenek Grygera,República Checa,1.85 m,14 de mayo de 1980,Defensor,2,2006
Zdenek Hruska,Checoslovaquia,,25 de julio de 1954,Arquero,21,1982
Zdenek Nehoda,Checoslovaquia,,9 de mayo de 1952,Delantero,11,1982
Zdenek Prochazka,Checoslovaquia,,12 de enero de 1928,Mediocampista,16,1954
Zdenek Zikan,Checoslovaquia,,10 de noviembre de 1937,Delantero,12,1958
Zdenko Strba,Eslovaquia,1.87 m,9 de junio de 1976,Mediocampista,6,2010
Zdravko Kuzmanovic,Serbia,1.87 m,22 de septiembre de 1987,Mediocampista,22,2010
Zdravko Rajkov,Yugoslavia,,5 de diciembre de 1927,Delantero,17,1958
Zdravko Zdravkov,Bulgaria,,4 de octubre de 1970,Arquero,1,1998
Zdzislaw Kapka,Polonia,,7 de diciembre de 1954,Delantero,20,1974
Zdzislaw Kostrzewa,Polonia,,26 de octubre de 1955,Arquero,22,1978
Ze Carlos,Brasil,,7 de febrero de 1962,Arquero,22,1990
Ze Carlos Ii,Brasil,,14 de noviembre de 1967,Mediocampista,13,1998
Ze Kalanga,Angola,1.75 m,12 de octubre de 1983,Mediocampista,17,2006
Ze Luis,Brasil,,16 de noviembre de 1904,Defensor,-,1930
Ze Maria,Brasil,,18 de mayo de 1949,Defensor,"21, 4","1970, 1974"
Ze Roberto,Brasil,1.72 m,6 de julio de 1974,Mediocampista,"16, 11","1998, 2006"
Ze Sergio,Brasil,,8 de marzo de 1957,Delantero,7,1978
Zeffiro Furiassi,Italia,,19 de enero de 1923,Defensor,-,1950
Zeljko Cajkovski,Yugoslavia,,5 de mayo de 1925,Delantero,-,1950
Zeljko Kalac,Australia,2.02 m,16 de diciembre de 1972,Arquero,18,2006
Zeljko Matus,Yugoslavia,,9 de agosto de 1935,Mediocampista,15,1962
Zeljko Milinovic,Eslovenia,1.88 m,12 de octubre de 1969,Defensor,3,2002
Zeljko Petrovic,RF de Yugoslavia,,13 de noviembre de 1965,Mediocampista,16,1998
Zeno Debast,Bélgica,1.89 m,24 de octubre de 2003,Defensor,26,2022
Zequinha,Brasil,,18 de noviembre de 1934,Mediocampista,16,1962
Zetti,Brasil,,10 de enero de 1965,Arquero,12,1994
Zeybek Cetin,Turquía,,12 de septiembre de 1932,Mediocampista,5,1954
Zeze Procopio,Brasil,,12 de agosto de 1913,Mediocampista,-,1938
Zhivko Gospodinov,Bulgaria,,6 de septiembre de 1957,Mediocampista,10,1986
Zhiyi Fan,China,1.83 m,22 de enero de 1970,Defensor,5,2002
Zico,Brasil,,3 de marzo de 1953,Mediocampista,"8, 10","1978, 1982, 1986"
Zied Jaziri,Túnez,1.71 m,12 de julio de 1978,Delantero,5,"2002, 2006"
Zinedine Zidane,Francia,1.85 m,23 de junio de 1972,Mediocampista,10,"1998, 2002, 2006"
Zinha,México,1.63 m,23 de mayo de 1976,Mediocampista,7,2006
Zinho,Brasil,,17 de junio de 1967,Mediocampista,9,1994
Zito,Brasil,,8 de agosto de 1932,Mediocampista,"19, 4, 15","1958, 1962, 1966"
Zizinho,Brasil,,14 de septiembre de 1921,Mediocampista,-,1950
Zlatan Ibrahimovic,Suecia,1.95 m,3 de octubre de 1981,Delantero,"21, 10","2002, 2006"
Zlatan Ljubijankic,Eslovenia,1.85 m,15 de diciembre de 1983,Delantero,9,2010
Zlatko Cajkovski,Yugoslavia,,24 de noviembre de 1923,Mediocampista,4,"1950, 1954"
Zlatko Dedic,Eslovenia,1.72 m,5 de octubre de 1984,Delantero,14,2010
Zlatko Krmpotic,Yugoslavia,,7 de agosto de 1958,Defensor,6,1982
Zlatko Papec,Yugoslavia,,17 de enero de 1934,Delantero,19,1954
Zlatko Vujovic,Yugoslavia,,26 de agosto de 1958,Delantero,11,"1982, 1990"
Zlatko Yankov,Bulgaria,,7 de junio de 1966,Mediocampista,6,"1994, 1998"
Zlatko Zahovic,Eslovenia,1.80 m,1 de febrero de 1971,Mediocampista,10,2002
Zoco,España,,31 de julio de 1939,Mediocampista,5,1966
Zoilo Saldombide,Uruguay,,18 de marzo de 1905,Delantero,-,1930
Zoltan Czibor,Hungría,,23 de agosto de 1929,Delantero,11,1954
Zoltan Friedmanszky,Hungría,,22 de octubre de 1934,Delantero,19,1958
Zoltan Kereki,Hungría,,13 de julio de 1953,Defensor,6,1978
Zoltan Peter,Hungría,,23 de marzo de 1958,Defensor,14,1986
Zoltan Varga,Hungría,,1 de enero de 1945,Mediocampista,8,1966
Zoong Sun Lim,Corea del Norte,,16 de julio de 1943,Defensor,5,1966
Zoran Mamic,Croacia,,30 de septiembre de 1971,Defensor,18,1998
Zoran Mirkovic,RF de Yugoslavia,,21 de septiembre de 1971,Defensor,2,1998
Zoran Pavlovic,Eslovenia,1.90 m,27 de junio de 1976,Mediocampista,17,2002
Zoran Tosic,Serbia,1.71 m,28 de abril de 1987,Mediocampista,7,2010
Zoran Vujovic,Yugoslavia,,26 de agosto de 1958,Defensor,9,1982
Zoran Vulic,Yugoslavia,,4 de octubre de 1961,Defensor,4,1990
Zoubeir Beya,Túnez,1.78 m,15 de mayo de 1971,Mediocampista,"8, 3","1998, 2002"
Zozimo,Brasil,,19 de junio de 1932,Defensor,"9, 5","1958, 1962"
Zsolt Muzsnai,Rumania,,20 de junio de 1965,Mediocampista,20,1990
Zuhair Bakheet,Emiratos Arabes,,13 de julio de 1967,Delantero,11,1990
Zvi Rosen,Israel,,23 de junio de 1947,Defensor,5,1970
Zvjezdan Misimovic,Bosnia-Herzegovina,1.80 m,5 de junio de 1982,Mediocampista,10,2014
Zvonimir Boban,Croacia,,8 de octubre de 1968,Mediocampista,10,1998
Zvonimir Soldo,Croacia,1.89 m,2 de noviembre de 1967,"Defensor, Mediocampista",14,"1998, 2002"
Zvonimir Vukic,Serbia y Montenegro,1.82 m,19 de julio de 1979,Mediocampista,18,2006
Zvonko Zivkovic,Yugoslavia,,31 de octubre de 1959,Mediocampista,10,1982
Zygmunt Kalinowski,Polonia,,2 de mayo de 1949,Arquero,3,1974
Zygmunt Kukla,Polonia,,21 de enero de 1948,Arquero,21,1978
Zygmunt Maszczyk,Polonia,,3 de mayo de 1945,Mediocampista,14,1974
