id_jugador,nombre,anio,camiseta,posicion,jugo,jugo_titular,capitan,no_jugo,goles,prom_goles,tarjeta_amarilla,tarjeta_roja,pg,pe,pp,pos_final
1,Gabriel Achilier,2014,21,Defensor,2,0,0,1,0,0.0,0,0,1,1,0,17
2,Alex Aguinaga,2002,10,Mediocampista,3,1,1,0,0,0.0,0,0,1,0,2,24
3,Paul Ambrosi,2006,13,Defensor,1,1,0,3,0,0.0,0,0,0,0,1,12
4,Robert Arboleda,2022,4,Defensor,0,0,0,3,0,0.0,0,0,0,0,0,18
5,Xavier Arreaga,2022,14,Defensor,0,0,0,3,0,0.0,0,0,0,0,0,18
6,Michael Arroyo,2014,15,Mediocampista,2,1,0,1,0,0.0,0,0,0,1,1,17
7,Nicolas Asencio,2002,7,Mediocampista,1,0,0,2,0,0.0,0,0,0,0,1,24
8,Jaime Ayoví,2014,17,Delantero,0,0,0,3,0,0.0,0,0,0,0,0,17
9,Marlon Ayovi,2002,15,Defensor,3,1,0,0,0,0.0,0,0,1,0,2,24
9,Marlon Ayovi,2006,15,Mediocampista,1,1,1,3,0,0.0,0,0,0,0,1,12
10,Walter Ayovi,2002,23,Defensor,0,0,0,3,0,0.0,0,0,0,0,0,24
10,Walter Ayovi,2014,10,Defensor,3,3,0,0,0,0.0,0,0,1,1,1,17
11,Óscar Bagüí,2014,18,Defensor,0,0,0,3,0,0.0,0,0,0,0,0,17
12,Máximo Banguera,2014,1,Arquero,0,0,0,3,0,0.0,0,0,0,0,0,17
13,Cristian Benitez,2006,23,Delantero,1,0,0,3,0,0.0,0,0,0,0,1,12
14,Adrian Bone,2014,12,Arquero,0,0,0,3,0,0.0,0,0,0,0,0,17
15,Felix Borja,2006,9,Delantero,1,1,0,3,0,0.0,0,0,0,0,1,12
16,Juan Carlos Burbano,2002,14,Mediocampista,0,0,0,3,0,0.0,0,0,0,0,0,24
17,Felipe Caicedo,2014,11,Delantero,3,2,0,0,0,0.0,0,0,1,1,1,17
18,Moisés Caicedo,2022,23,Mediocampista,3,3,0,0,1,0.33,1,0,1,1,1,18
19,Segundo Castillo,2006,14,Mediocampista,3,3,0,1,0,0.0,1,0,2,0,1,12
20,Jose Cevallos,2002,1,Arquero,3,3,0,0,0,0.0,1,0,1,0,2,24
21,Clever Chala,2002,16,Mediocampista,3,3,0,0,0,0.0,2,0,1,0,2,24
22,José Cifuentes,2022,5,Mediocampista,2,0,0,1,0,0.0,0,0,1,0,1,18
23,Ulises De La Cruz,2002,4,Defensor,3,3,0,0,0,0.0,1,0,1,0,2,24
24,Agustin Delgado,2002,11,Delantero,3,3,0,0,1,0.33,1,0,1,0,2,24
24,Agustin Delgado,2006,11,Delantero,3,3,0,1,2,0.67,0,0,2,0,1,12
25,Alexander Domínguez,2014,22,Arquero,3,3,0,0,0,0.0,0,0,1,1,1,17
25,Alexander Domínguez,2022,22,Arquero,0,0,0,3,0,0.0,0,0,0,0,0,18
26,Frickson Erazo,2014,3,Defensor,3,3,0,0,0,0.0,1,0,1,1,1,17
27,Giovanny Espinoza,2002,17,Defensor,0,0,0,3,0,0.0,0,0,0,0,0,24
27,Giovanny Espinoza,2006,17,Defensor,4,4,0,0,0,0.0,0,0,2,0,2,12
28,Michael Estrada,2022,11,Delantero,3,3,0,0,0,0.0,0,0,1,1,1,18
29,Pervis Estupiñán,2022,7,Defensor,3,3,0,0,0,0.0,0,0,1,1,1,18
30,Angel Fernandez,2002,13,Delantero,0,0,0,3,0,0.0,0,0,0,0,0,24
31,Alan Franco,2022,21,Mediocampista,2,1,0,1,0,0.0,0,0,1,0,1,18
32,Hernán Galíndez,2022,1,Arquero,3,3,0,0,0,0.0,0,0,1,1,1,18
33,Luis Gomez,2002,8,Defensor,0,0,0,3,0,0.0,0,0,0,0,0,24
34,Carlos Gruezo,2014,23,Mediocampista,2,1,0,1,0,0.0,0,0,1,0,1,17
34,Carlos Gruezo,2022,8,Mediocampista,1,1,0,2,0,0.0,0,0,0,0,1,18
35,Jorge Guagua,2006,2,Defensor,3,1,0,1,0,0.0,0,0,2,0,1,12
35,Jorge Guagua,2014,2,Defensor,3,3,0,0,0,0.0,0,0,1,1,1,17
36,Raul Guerron,2002,6,Defensor,3,3,0,0,0,0.0,1,0,1,0,2,24
37,Piero Hincapié,2022,3,Defensor,3,3,0,0,0,0.0,0,0,1,1,1,18
38,Ivan Hurtado,2002,3,Defensor,3,3,2,0,0,0.0,0,0,1,0,2,24
38,Ivan Hurtado,2006,3,Defensor,3,3,3,1,0,0.0,1,0,2,0,1,12
39,Giovanni Ibarra,2002,12,Arquero,0,0,0,3,0,0.0,0,0,0,0,0,24
40,Renato Ibarra,2014,5,Mediocampista,1,0,0,2,0,0.0,0,0,0,1,0,17
41,Romario Ibarra,2022,10,Mediocampista,2,1,0,1,0,0.0,0,0,1,1,0,18
42,Ivan Kaviedes,2002,9,Delantero,2,1,0,1,0,0.0,1,0,1,0,1,24
42,Ivan Kaviedes,2006,10,Delantero,4,1,0,0,1,0.25,0,0,2,0,2,12
43,Damian Lanza,2006,22,Arquero,0,0,0,4,0,0.0,0,0,0,0,0,12
44,Christian Lara,2006,7,Mediocampista,2,0,0,2,0,0.0,0,0,0,0,2,12
45,Fidel Martínez,2014,20,Mediocampista,0,0,0,3,0,0.0,0,0,0,0,0,17
46,Ángel Mena,2022,15,Mediocampista,0,0,0,3,0,0.0,0,0,0,0,0,18
47,Edison Mendez,2002,19,Mediocampista,3,3,0,0,1,0.33,0,0,1,0,2,24
47,Edison Mendez,2006,8,Mediocampista,4,4,0,0,0,0.0,1,0,2,0,2,12
47,Edison Mendez,2014,8,Mediocampista,1,0,0,2,0,0.0,0,0,1,0,0,17
48,Jhegson Méndez,2022,20,Mediocampista,2,2,0,1,0,0.0,2,0,1,1,0,18
49,Oswaldo Minda,2014,14,Mediocampista,2,2,0,1,0,0.0,0,0,1,1,0,17
50,Jefferson Montero,2014,7,Mediocampista,3,3,0,0,0,0.0,1,0,1,1,1,17
51,Cristian Mora,2006,12,Arquero,4,4,0,0,0,0.0,1,0,2,0,2,12
52,Christian Noboa,2014,6,Mediocampista,3,3,0,0,0,0.0,0,0,1,1,1,17
53,Alfonso Obregon,2002,5,Mediocampista,3,3,0,0,0,0.0,0,0,1,0,2,24
54,William Pacho,2022,6,Defensor,0,0,0,3,0,0.0,0,0,0,0,0,18
55,Diego Palacios,2022,18,Defensor,0,0,0,3,0,0.0,0,0,0,0,0,18
56,Juan Carlos Paredes,2014,4,Defensor,3,3,0,0,0,0.0,1,0,1,1,1,17
57,Jose Perlaza,2006,5,Defensor,0,0,0,4,0,0.0,0,0,0,0,0,12
58,Gonzalo Plata,2022,19,Mediocampista,3,3,0,0,0,0.0,0,0,1,1,1,18
59,Augusto Poroso,2002,2,Defensor,3,3,0,0,0,0.0,1,0,1,0,2,24
60,Jackson Porozo,2022,25,Defensor,2,1,0,1,0,0.0,0,0,0,1,1,18
61,Angelo Preciado,2022,17,Defensor,3,3,0,0,0,0.0,0,0,1,1,1,18
62,Ayrton Preciado,2022,9,Mediocampista,0,0,0,3,0,0.0,0,0,0,0,0,18
63,Moisés Ramírez,2022,12,Arquero,0,0,0,3,0,0.0,0,0,0,0,0,18
64,Djorkaeff Reasco,2022,24,Delantero,1,0,0,2,0,0.0,0,0,0,0,1,18
65,Neicer Reasco,2006,18,Defensor,3,3,0,1,0,0.0,0,0,2,0,1,12
66,Kevin Rodríguez,2022,26,Delantero,2,0,0,1,0,0.0,0,0,1,1,0,18
67,Joao Rojas,2014,9,Delantero,1,0,0,2,0,0.0,0,0,0,0,1,17
69,Luis Saritama,2006,19,Mediocampista,0,0,0,4,0,0.0,0,0,0,0,0,12
69,Luis Saritama,2014,19,Mediocampista,0,0,0,3,0,0.0,0,0,0,0,0,17
70,Jeremy Sarmiento,2022,16,Mediocampista,3,0,0,0,0,0.0,0,0,1,1,1,18
71,Carlos Tenorio,2002,18,Delantero,3,1,0,0,0,0.0,1,0,1,0,2,24
71,Carlos Tenorio,2006,21,Delantero,3,3,0,1,2,0.67,1,0,2,0,1,12
73,Félix Torres,2022,2,Defensor,3,3,0,0,0,0.0,0,0,1,1,1,18
74,Patricio Urrutia,2006,6,Mediocampista,3,0,0,1,0,0.0,0,0,2,0,1,12
75,Antonio Valencia,1950,-,Mediocampista,1,1,0,0,0,0.0,0,0,0,0,1,13
75,Antonio Valencia,2006,16,Mediocampista,4,4,0,0,0,0.0,2,0,2,0,2,12
76,Enner Valencia,2014,13,Delantero,3,3,0,0,3,1.0,1,0,1,1,1,17
76,Enner Valencia,2022,13,Delantero,3,3,3,0,3,1.0,0,0,1,1,1,18
77,Edwin Villafuerte,2006,1,Arquero,0,0,0,4,0,0.0,0,0,0,0,0,12
78,Daniel Viteri,2002,22,Arquero,0,0,0,3,0,0.0,0,0,0,0,0,24
79,Yuki Abe,2010,2,Mediocampista,4,4,0,0,0,0.0,1,0,2,1,1,9
80,Yutaka Akita,1998,17,Defensor,3,3,0,0,0,0.0,1,0,0,0,3,31
80,Yutaka Akita,2002,2,Defensor,0,0,0,4,0,0.0,0,0,0,0,0,9
81,Toshihiro Aoyama,2014,14,Defensor,1,1,0,2,0,0.0,0,0,0,0,1,29
82,Takuma Asano,2022,18,Delantero,4,0,0,0,1,0.25,0,0,2,1,1,9
83,Ritsu Doan,2022,8,Mediocampista,4,2,0,0,2,0.5,0,0,2,1,1,9
84,Yoichi Doi,2006,12,Arquero,0,0,0,3,0,0.0,0,0,0,0,0,29
85,Wataru Endo,2018,6,Defensor,0,0,0,4,0,0.0,0,0,0,0,0,15
85,Wataru Endo,2022,6,Mediocampista,4,3,0,0,0,0.0,1,0,2,1,1,9
86,Yasuhito Endo,2006,4,Mediocampista,0,0,0,3,0,0.0,0,0,0,0,0,29
86,Yasuhito Endo,2010,7,Mediocampista,4,4,0,0,1,0.25,2,0,2,1,1,9
86,Yasuhito Endo,2014,7,Mediocampista,2,0,0,1,0,0.0,0,0,0,1,1,29
87,Takashi Fukunishi,2002,15,Mediocampista,1,0,0,3,0,0.0,0,0,1,0,0,9
87,Takashi Fukunishi,2006,15,Mediocampista,2,2,0,1,0,0.0,0,0,0,1,1,29
88,Shuichi Gonda,2014,23,Arquero,0,0,0,3,0,0.0,0,0,0,0,0,29
88,Shuichi Gonda,2022,12,Arquero,4,4,0,0,0,0.0,0,0,2,1,1,9
89,Genki Haraguchi,2018,8,Mediocampista,3,3,0,1,1,0.33,0,0,1,1,1,15
90,Makoto Hasebe,2010,17,Mediocampista,4,4,4,0,0,0.0,0,0,2,1,1,9
90,Makoto Hasebe,2014,17,Mediocampista,3,3,3,0,0,0.0,1,0,0,1,2,29
90,Makoto Hasebe,2018,17,Mediocampista,4,3,3,0,0,0.0,1,0,1,1,2,15
91,Toshihiro Hattori,1998,13,Defensor,0,0,0,3,0,0.0,0,0,0,0,0,31
91,Toshihiro Hattori,2002,6,Defensor,1,0,0,3,0,0.0,0,0,1,0,0,9
92,Masaaki Higashiguchi,2018,12,Arquero,0,0,0,4,0,0.0,0,0,0,0,0,15
93,Takashi Hirano,1998,22,Mediocampista,2,0,0,1,0,0.0,1,0,0,0,2,31
94,Keisuke Honda,2010,18,Mediocampista,4,4,0,0,2,0.5,1,0,2,1,1,9
94,Keisuke Honda,2014,4,Delantero,3,3,0,0,1,0.33,0,0,0,1,2,29
94,Keisuke Honda,2018,4,Mediocampista,3,0,0,1,1,0.33,0,0,1,1,1,15
95,Daisuke Ichikawa,2002,22,Mediocampista,3,1,0,1,0,0.0,0,0,1,1,1,9
96,Masami Ihara,1998,4,Defensor,3,3,3,0,0,0.0,1,0,0,0,3,31
97,Junichi Inamoto,2002,5,Mediocampista,4,4,0,0,2,0.5,1,0,2,1,1,9
97,Junichi Inamoto,2006,17,Mediocampista,2,1,0,1,0,0.0,0,0,0,1,1,29
97,Junichi Inamoto,2010,20,Mediocampista,2,0,0,2,0,0.0,0,0,2,0,0,9
98,Masahiko Inoha,2014,19,Defensor,0,0,0,3,0,0.0,0,0,0,0,0,29
99,Takashi Inui,2018,14,Mediocampista,4,3,0,0,2,0.5,1,0,1,1,2,15
100,Ko Itakura,2022,4,Defensor,3,3,0,1,0,0.0,2,0,2,0,1,9
101,Hiroki Ito,2022,26,Defensor,1,0,0,3,0,0.0,0,0,0,0,1,9
102,Junya Ito,2022,14,Mediocampista,4,3,0,0,0,0.0,0,0,2,1,1,9
103,Teruyoshi Ito,1998,7,Mediocampista,0,0,0,3,0,0.0,0,0,0,0,0,31
104,Daiki Iwamasa,2010,13,Defensor,0,0,0,4,0,0.0,0,0,0,0,0,9
105,Shoji Jo,1998,18,Delantero,3,3,0,0,0,0.0,0,0,0,0,3,31
106,Shinji Kagawa,2014,10,Mediocampista,3,2,0,0,0,0.0,0,0,0,1,2,29
106,Shinji Kagawa,2018,10,Mediocampista,3,3,0,1,1,0.33,0,0,1,1,1,15
107,Akira Kaji,2006,21,Defensor,2,2,0,1,0,0.0,1,0,0,1,1,29
108,Yoichiro Kakitani,2014,11,Delantero,2,0,0,1,0,0.0,0,0,0,0,2,29
109,Daichi Kamada,2022,15,Mediocampista,4,4,0,0,0,0.0,0,0,2,1,1,9
110,Yoshikatsu Kawaguchi,1998,20,Arquero,3,3,0,0,0,0.0,0,0,0,0,3,31
110,Yoshikatsu Kawaguchi,2002,1,Arquero,0,0,0,4,0,0.0,0,0,0,0,0,9
110,Yoshikatsu Kawaguchi,2006,23,Arquero,3,3,0,0,0,0.0,1,0,0,1,2,29
110,Yoshikatsu Kawaguchi,2010,23,Arquero,0,0,0,4,0,0.0,0,0,0,0,0,9
111,Eiji Kawashima,2010,21,Arquero,4,4,0,0,0,0.0,0,0,2,1,1,9
111,Eiji Kawashima,2014,1,Arquero,3,3,0,0,0,0.0,0,0,0,1,2,29
111,Eiji Kawashima,2018,1,Arquero,4,4,0,0,0,0.0,1,0,1,1,2,15
111,Eiji Kawashima,2022,1,Arquero,0,0,0,4,0,0.0,0,0,0,0,0,9
112,Hiroshi Kiyotake,2014,8,Mediocampista,1,0,0,2,0,0.0,0,0,0,0,1,29
113,Nobuyuki Kojima,1998,1,Arquero,0,0,0,3,0,0.0,0,0,0,0,0,31
114,Yuichi Komano,2006,3,Defensor,1,1,0,2,0,0.0,0,0,0,0,1,29
114,Yuichi Komano,2010,3,Defensor,4,4,0,0,0,0.0,0,0,2,1,1,9
115,Yasuyuki Konno,2010,15,Defensor,1,0,0,3,0,0.0,0,0,1,0,0,9
115,Yasuyuki Konno,2014,15,Defensor,2,2,0,1,0,0.0,1,0,0,1,1,29
116,Take Kubo,2022,11,Mediocampista,2,2,0,2,0,0.0,0,0,2,0,0,9
117,Wagner Lopes,1998,12,Delantero,3,0,0,0,0,0.0,0,0,0,0,3,31
118,Shuto Machino,2022,20,Delantero,0,0,0,4,0,0.0,0,0,0,0,0,9
119,Daizen Maeda,2022,25,Delantero,3,3,0,1,1,0.33,0,0,2,1,0,9
120,Seiichiro Maki,2006,11,Delantero,1,1,0,2,0,0.0,0,0,0,0,1,29
121,Tomoaki Makino,2018,20,Defensor,1,1,0,3,0,0.0,1,0,0,0,1,15
122,Naoki Matsuda,2002,3,Defensor,4,4,0,0,0,0.0,0,0,2,1,1,9
123,Daisuke Matsui,2010,8,Mediocampista,4,4,0,0,0,0.0,1,0,2,1,1,9
124,Takumi Minamino,2022,10,Mediocampista,3,0,0,1,0,0.0,0,0,1,1,1,9
125,Kaoru Mitoma,2022,9,Mediocampista,4,0,0,0,0,0.0,0,0,2,1,1,9
126,Tsuneyasu Miyamoto,2002,17,Defensor,4,3,3,0,0,0.0,1,0,2,1,1,9
126,Tsuneyasu Miyamoto,2006,5,Defensor,2,2,2,1,0,0.0,2,0,0,1,1,29
127,Teruyuki Moniwa,2006,2,Defensor,1,0,0,2,0,0.0,1,0,0,0,1,29
128,Takayuki Morimoto,2010,19,Delantero,0,0,0,4,0,0.0,0,0,0,0,0,9
129,Ryuzo Morioka,2002,4,Defensor,1,1,1,3,0,0.0,0,0,0,1,0,9
130,Masato Morishige,2014,6,Defensor,1,1,0,2,0,0.0,1,0,0,0,1,29
131,Hiroaki Morishima,1998,15,Mediocampista,1,0,0,2,0,0.0,0,0,0,0,1,31
131,Hiroaki Morishima,2002,8,Mediocampista,3,0,0,1,1,0.33,0,0,1,1,1,9
132,Hidemasa Morita,2022,13,Mediocampista,3,3,0,1,0,0.0,0,0,1,1,1,9
133,Yoshinori Muto,2018,13,Delantero,1,1,0,3,0,0.0,0,0,0,0,1,15
134,Tomokazu Myojin,2002,20,Mediocampista,3,3,0,1,0,0.0,0,0,2,0,1,9
135,Yuto Nagatomo,2010,5,Defensor,4,4,0,0,0,0.0,2,0,2,1,1,9
135,Yuto Nagatomo,2014,5,Defensor,3,3,0,0,0,0.0,0,0,0,1,2,29
135,Yuto Nagatomo,2018,5,Defensor,4,4,1,0,0,0.0,0,0,1,1,2,15
135,Yuto Nagatomo,2022,5,Defensor,4,4,0,0,0,0.0,0,0,2,1,1,9
136,Kengo Nakamura,2010,14,Mediocampista,1,0,0,3,0,0.0,0,0,0,1,0,9
137,Kosuke Nakamura,2018,23,Arquero,0,0,0,4,0,0.0,0,0,0,0,0,15
138,Shunsuke Nakamura,2006,10,Mediocampista,3,3,0,0,1,0.33,0,0,0,1,2,29
138,Shunsuke Nakamura,2010,10,Mediocampista,1,0,0,3,0,0.0,0,0,0,0,1,9
139,Eisuke Nakanishi,1998,19,Defensor,2,2,0,1,0,0.0,2,0,0,0,2,31
140,Hidetoshi Nakata,1998,8,Mediocampista,3,3,0,0,0,0.0,0,0,0,0,3,31
140,Hidetoshi Nakata,2002,7,Mediocampista,4,4,0,0,1,0.25,0,0,2,1,1,9
140,Hidetoshi Nakata,2006,7,Mediocampista,3,3,0,0,0,0.0,0,0,0,1,2,29
142,Masashi Nakayama,1998,9,Delantero,3,3,0,0,1,0.33,0,0,0,0,3,31
142,Masashi Nakayama,2002,10,Delantero,1,0,0,3,0,0.0,1,0,1,0,0,9
143,Yuji Nakazawa,2006,22,Defensor,3,3,1,0,0,0.0,0,0,0,1,2,29
143,Yuji Nakazawa,2010,22,Defensor,4,4,0,0,0,0.0,0,0,2,1,1,9
144,Hiroshi Nanami,1998,10,Mediocampista,3,3,0,0,0,0.0,1,0,0,0,3,31
145,Akira Narahashi,1998,2,Defensor,3,3,0,0,0,0.0,0,0,0,0,3,31
146,Seigo Narazaki,1998,21,Arquero,0,0,0,3,0,0.0,0,0,0,0,0,31
146,Seigo Narazaki,2002,12,Arquero,4,4,0,0,0,0.0,0,0,2,1,1,9
146,Seigo Narazaki,2006,1,Arquero,0,0,0,3,0,0.0,0,0,0,0,0,29
146,Seigo Narazaki,2010,1,Arquero,0,0,0,4,0,0.0,0,0,0,0,0,9
147,Shusaku Nishikawa,2014,12,Arquero,0,0,0,3,0,0.0,0,0,0,0,0,29
148,Akinori Nishizawa,2002,9,Delantero,1,1,0,3,0,0.0,0,0,0,0,1,9
149,Mitsuo Ogasawara,2002,19,Mediocampista,1,0,0,3,0,0.0,0,0,1,0,0,9
149,Mitsuo Ogasawara,2006,8,Mediocampista,2,2,0,1,0,0.0,0,0,0,1,1,29
150,Masashi Oguro,2006,16,Delantero,3,0,0,0,0,0.0,0,0,0,1,2,29
151,Masayuki Okano,1998,14,Delantero,1,0,0,2,0,0.0,0,0,0,0,1,31
152,Shinji Okazaki,2010,9,Delantero,4,0,0,0,1,0.25,0,0,2,1,1,9
152,Shinji Okazaki,2014,9,Delantero,3,3,0,0,1,0.33,0,0,0,1,2,29
152,Shinji Okazaki,2018,9,Delantero,3,1,0,1,0,0.0,0,0,1,1,1,15
153,Yoshito Okubo,2010,16,Delantero,4,4,0,0,0,0.0,0,0,2,1,1,9
153,Yoshito Okubo,2014,13,Delantero,3,2,0,0,0,0.0,0,0,0,1,2,29
154,Norio Omura,1998,5,Defensor,1,1,0,2,0,0.0,0,0,0,0,1,31
155,Shinji Ono,1998,11,Mediocampista,1,0,0,2,0,0.0,0,0,0,0,1,31
155,Shinji Ono,2002,18,Mediocampista,4,4,0,0,0,0.0,0,0,2,1,1,9
155,Shinji Ono,2006,18,Mediocampista,1,0,0,2,0,0.0,0,0,0,0,1,29
156,Yuya Osako,2014,18,Delantero,2,2,0,1,0,0.0,0,0,0,1,1,29
156,Yuya Osako,2018,15,Delantero,4,3,0,0,1,0.25,0,0,1,1,2,15
157,Ryota Oshima,2018,18,Mediocampista,0,0,0,4,0,0.0,0,0,0,0,0,15
158,Manabu Saito,2014,20,Delantero,0,0,0,3,0,0.0,0,0,0,0,0,29
159,Toshihide Saito,1998,16,Defensor,0,0,0,3,0,0.0,0,0,0,0,0,31
160,Gotoku Sakai,2014,3,Defensor,0,0,0,3,0,0.0,0,0,0,0,0,29
160,Gotoku Sakai,2018,21,Defensor,1,1,0,3,0,0.0,0,0,0,0,1,15
161,Hiroki Sakai,2014,21,Defensor,0,0,0,3,0,0.0,0,0,0,0,0,29
161,Hiroki Sakai,2018,19,Defensor,4,4,0,0,0,0.0,0,0,1,1,2,15
161,Hiroki Sakai,2022,19,Defensor,2,1,0,2,0,0.0,0,0,1,1,0,9
162,Alessandro Santos,2002,14,Mediocampista,2,1,0,2,0,0.0,0,0,0,1,1,9
162,Alessandro Santos,2006,14,Defensor,3,3,0,0,0,0.0,1,0,0,1,2,29
163,Daniel Schmid,2022,23,Arquero,0,0,0,4,0,0.0,0,0,0,0,0,9
164,Gaku Shibasaki,2018,7,Mediocampista,4,4,0,0,0,0.0,1,0,1,1,2,15
164,Gaku Shibasaki,2022,7,Mediocampista,0,0,0,4,0,0.0,0,0,0,0,0,9
165,Gen Shoji,2018,3,Defensor,3,3,0,1,0,0.0,0,0,1,1,1,15
166,Hitoshi Sogahata,2002,23,Arquero,0,0,0,4,0,0.0,0,0,0,0,0,9
167,Naoki Soma,1998,3,Defensor,3,3,0,0,0,0.0,0,0,0,0,3,31
168,Yuki Soma,2022,24,Mediocampista,1,1,0,3,0,0.0,0,0,0,0,1,9
169,Takayuki Suzuki,2002,11,Delantero,4,3,0,0,1,0.25,0,0,2,1,1,9
170,Naohiro Takahara,2006,9,Delantero,3,2,0,0,0,0.0,1,0,0,1,2,29
171,Keiji Tamada,2006,20,Delantero,2,1,0,1,1,0.5,0,0,0,1,1,29
171,Keiji Tamada,2010,11,Delantero,2,0,0,2,0,0.0,0,0,0,1,1,9
172,Ao Tanaka,2022,17,Mediocampista,3,2,0,1,1,0.33,0,0,2,1,0,9
173,Marcus Tulio Tanaka,2010,4,Defensor,4,4,0,0,0,0.0,0,0,2,1,1,9
174,Shogo Taniguchi,2022,3,Defensor,2,2,0,2,0,0.0,1,0,1,1,0,9
175,Kazuyuki Toda,2002,21,Mediocampista,4,4,0,0,0,0.0,2,0,2,1,1,9
176,Takehiro Tomiyasu,2022,16,Defensor,3,1,0,1,0,0.0,0,0,2,1,0,9
177,Keisuke Tsuboi,2006,19,Defensor,2,2,0,1,0,0.0,0,0,0,0,2,29
178,Atsuto Uchida,2010,6,Defensor,0,0,0,4,0,0.0,0,0,0,0,0,9
178,Atsuto Uchida,2014,2,Defensor,3,3,0,0,0,0.0,0,0,0,1,2,29
179,Ayase Ueda,2022,21,Delantero,1,1,0,3,0,0.0,0,0,0,0,1,9
180,Naomichi Ueda,2018,2,Defensor,0,0,0,4,0,0.0,0,0,0,0,0,15
181,Takashi Usami,2018,11,Mediocampista,2,1,0,2,0,0.0,0,0,0,1,1,15
182,Hotaru Yamaguchi,2014,16,Mediocampista,3,2,0,0,0,0.0,0,0,0,1,2,29
182,Hotaru Yamaguchi,2018,16,Mediocampista,3,1,0,1,0,0.0,0,0,1,0,2,15
183,Motohiro Yamaguchi,1998,6,Mediocampista,3,3,0,0,0,0.0,1,0,0,0,3,31
184,Miki Yamane,2022,2,Defensor,1,1,0,3,0,0.0,1,0,0,0,1,9
185,Atsushi Yanagisawa,2002,13,Delantero,3,3,0,1,0,0.0,0,0,2,1,0,9
185,Atsushi Yanagisawa,2006,13,Delantero,2,2,0,1,0,0.0,0,0,0,1,1,29
186,Kisho Yano,2010,12,Delantero,1,0,0,3,0,0.0,0,0,1,0,0,9
187,Maya Yoshida,2014,22,Defensor,3,3,0,0,0,0.0,1,0,0,1,2,29
187,Maya Yoshida,2018,22,Defensor,4,4,0,0,0,0.0,0,0,1,1,2,15
187,Maya Yoshida,2022,22,Defensor,4,4,4,0,0,0.0,1,0,2,1,1,9
188,Edgar Alvarez,2010,17,Mediocampista,2,2,0,1,0,0.0,0,0,0,1,1,30
189,Julio Cesar Arzu,1982,21,Arquero,3,3,0,0,0,0.0,0,0,0,2,1,18
190,Roberto Bailey,1982,16,Mediocampista,0,0,0,3,0,0.0,0,0,0,0,0,18
191,Brayan Beckeles,2014,21,Defensor,3,3,0,0,0,0.0,0,0,0,0,3,31
192,Jerry Bengtson,2014,11,Delantero,3,3,0,0,0,0.0,1,0,0,0,3,31
193,Victor Bernardez,2010,5,Defensor,1,1,0,2,0,0.0,0,0,0,1,0,30
193,Victor Bernardez,2014,5,Defensor,3,3,0,0,0,0.0,1,0,0,0,3,31
194,Porfirio Betancourt,1982,9,Delantero,3,3,0,0,0,0.0,0,0,0,2,1,18
195,David Bueso,1982,11,Mediocampista,0,0,0,3,0,0.0,0,0,0,0,0,18
196,Jose Bulnes,1982,4,Defensor,2,2,0,1,0,0.0,0,0,0,1,1,18
197,Carlos Cabellero,1982,18,Delantero,1,0,0,2,0,0.0,0,0,0,1,0,18
198,Ricardo Canales,2010,1,Arquero,0,0,0,3,0,0.0,0,0,0,0,0,30
199,Marvin Chávez,2014,23,Mediocampista,2,0,0,1,0,0.0,0,0,0,0,2,31
200,Osman Chavez,2010,2,Defensor,3,3,0,0,0,0.0,1,0,0,1,2,30
200,Osman Chavez,2014,2,Defensor,1,0,0,2,0,0.0,0,0,0,0,1,31
201,Jorge Claros,2014,20,Mediocampista,3,2,0,0,0,0.0,0,0,0,0,3,31
202,Allan Costly,1982,5,Defensor,3,3,0,0,0,0.0,0,0,0,2,1,18
203,Carlo Costly,2014,13,Delantero,3,3,0,0,1,0.33,0,0,0,0,3,31
204,Jose Cruz,1982,17,Defensor,1,1,0,2,0,0.0,0,0,0,1,0,18
205,Juan Cruz,1982,14,Mediocampista,1,1,0,2,0,0.0,0,0,0,0,1,18
206,Edder Delgado,2014,12,Mediocampista,0,0,0,3,0,0.0,0,0,0,0,0,31
207,Domingo Drummond,1982,12,Defensor,1,1,0,2,0,0.0,0,0,0,0,1,18
208,Donis Escober,2010,22,Arquero,0,0,0,3,0,0.0,0,0,0,0,0,30
208,Donis Escober,2014,22,Arquero,0,0,0,3,0,0.0,0,0,0,0,0,31
209,Roger Espinoza,2010,13,Delantero,2,2,0,1,0,0.0,0,0,0,0,2,30
209,Roger Espinoza,2014,15,Mediocampista,3,3,0,0,0,0.0,0,0,0,0,3,31
210,Jose Figueroa,1982,10,Delantero,3,3,0,0,0,0.0,0,0,0,2,1,18
211,Maynor Figueroa,2010,3,Defensor,3,3,0,0,0,0.0,0,0,0,1,2,30
211,Maynor Figueroa,2014,3,Defensor,3,3,0,0,0,0.0,0,0,0,0,3,31
212,Juan Carlos García,2014,6,Defensor,2,1,0,1,0,0.0,0,0,0,0,2,31
213,Oscar Boniek Garcia,2010,14,Defensor,0,0,0,3,0,0.0,0,0,0,0,0,30
213,Oscar Boniek Garcia,2014,14,Mediocampista,3,2,0,0,0,0.0,1,0,0,0,3,31
214,Luis Garrido,2014,19,Mediocampista,2,2,0,1,0,0.0,1,0,0,0,2,31
215,Amado Guevara,2010,20,Mediocampista,2,2,2,1,0,0.0,0,0,0,0,2,30
216,Celso Guity,1982,19,Delantero,0,0,0,3,0,0.0,0,0,0,0,0,18
217,Cesar Gutierrez,1982,2,Defensor,2,2,0,1,0,0.0,0,0,0,2,0,18
218,Emilio Izaguirre,2010,21,Defensor,2,2,0,1,0,0.0,1,0,0,0,2,30
218,Emilio Izaguirre,2014,7,Defensor,2,2,0,1,0,0.0,0,0,0,0,2,31
219,Eduardo Laing,1982,7,Delantero,2,0,0,1,1,0.5,0,0,0,1,1,18
220,Luis López,2014,1,Arquero,0,0,0,3,0,0.0,0,0,0,0,0,31
221,Ramon Maradiaga,1982,6,Mediocampista,3,3,3,0,0,0.0,1,0,0,2,1,18
222,Mario Martínez,2014,10,Mediocampista,1,0,0,2,0,0.0,0,0,0,0,1,31
225,Sergio Mendoza,2010,23,Defensor,2,2,0,1,0,0.0,0,0,0,0,2,30
226,Juan Pablo Montes,2014,4,Defensor,0,0,0,3,0,0.0,0,0,0,0,0,31
227,Andy Najar,2014,17,Mediocampista,2,1,0,1,0,0.0,0,0,0,0,2,31
228,Jose Nazar,1982,1,Arquero,0,0,0,3,0,0.0,0,0,0,0,0,18
229,Prudencio Norales,1982,13,Delantero,2,2,0,1,0,0.0,0,0,0,2,0,18
230,Ramon Nunez,2010,7,Mediocampista,3,2,0,0,0,0.0,0,0,0,1,2,30
231,Jerry Palacios,2010,10,Delantero,2,1,0,1,0,0.0,0,0,0,1,1,30
231,Jerry Palacios,2014,9,Delantero,1,0,0,2,0,0.0,1,0,0,0,1,31
232,Johnny Palacios,2010,4,Defensor,0,0,0,3,0,0.0,0,0,0,0,0,30
233,Wilson Palacios,2010,8,Mediocampista,3,3,0,0,0,0.0,2,0,0,1,2,30
233,Wilson Palacios,2014,8,Mediocampista,2,2,0,1,0,0.0,0,1,0,0,2,31
234,Carlos Pavon,2010,9,Delantero,1,1,0,2,0,0.0,0,0,0,0,1,30
235,Mauricio Sabillon,2010,16,Defensor,1,1,0,2,0,0.0,0,0,0,1,0,30
236,Jimmy Steward,1982,22,Arquero,0,0,0,3,0,0.0,0,0,0,0,0,18
237,David Suazo,2010,11,Delantero,2,2,0,1,0,0.0,1,0,0,1,1,30
238,Hendry Thomas,2010,6,Mediocampista,2,1,0,1,0,0.0,1,0,0,1,1,30
239,Javier Toledo,1982,8,Mediocampista,0,0,0,3,0,0.0,0,0,0,0,0,18
240,Danilo Turcios,2010,19,Mediocampista,2,1,0,1,0,0.0,1,0,0,1,1,30
241,Noel Valladares,2010,18,Arquero,3,3,1,0,0,0.0,0,0,0,1,2,30
241,Noel Valladares,2014,18,Arquero,3,3,3,0,0,0.0,0,0,0,0,3,31
242,Jaime Villegas,1982,3,Defensor,3,3,0,0,0,0.0,0,0,0,2,1,18
243,George Welcome,2010,12,Delantero,3,0,0,0,0,0.0,0,0,0,1,2,30
244,Gilberto Yearwood,1982,20,Mediocampista,3,3,0,0,0,0.0,0,1,0,2,1,18
245,Hector Zelaya,1982,15,Mediocampista,3,3,0,0,1,0.33,0,0,0,2,1,18
246,Valentin Afonin,1966,5,Defensor,1,1,0,5,0,0.0,0,0,1,0,0,4
246,Valentin Afonin,1970,3,Defensor,3,3,0,1,0,0.0,0,0,2,0,1,5
247,Igor Akinfeev,2014,1,Arquero,3,3,0,0,0,0.0,0,0,0,2,1,24
247,Igor Akinfeev,2018,1,Arquero,5,5,5,0,0,0.0,0,0,2,2,1,8
248,Sergei Aleinikov,1986,20,Mediocampista,4,4,0,0,1,0.25,0,0,2,1,1,10
248,Sergei Aleinikov,1990,7,Mediocampista,3,3,0,0,0,0.0,0,0,1,0,2,17
249,Dmitry Alenichev,2002,15,Mediocampista,2,1,0,1,0,0.0,2,0,1,0,1,22
250,Sergei Andreyev,1982,15,Delantero,3,0,0,2,0,0.0,0,0,0,2,1,7
251,German Apukthin,1958,7,Delantero,1,1,0,4,0,0.0,0,0,1,0,0,6
252,Kakhi Asatiani,1970,11,Mediocampista,4,3,0,0,1,0.25,1,0,2,1,1,5
253,Andrei Bal,1982,12,Mediocampista,4,4,0,1,1,0.25,0,0,2,1,1,7
253,Andrei Bal,1986,12,Mediocampista,2,2,0,2,0,0.0,0,0,1,0,1,10
254,Sergei Baltacha,1982,5,Defensor,5,5,0,0,1,0.2,1,0,2,2,1,7
255,Anatoli Banishevski,1966,18,Delantero,5,5,0,1,1,0.2,0,0,3,0,2,4
256,Victor Bannikov,1966,22,Arquero,0,0,0,6,0,0.0,0,0,0,0,0,4
257,Igor Belanov,1986,19,Delantero,4,3,0,0,4,1.0,1,0,2,1,1,10
258,Vladimir Belyayev,1958,13,Arquero,0,0,0,5,0,0.0,0,0,0,0,0,6
259,Vassili Berezutski,2014,14,Defensor,3,3,3,0,0,0.0,0,0,0,2,1,24
260,Vladimir Beschastnykh,1994,11,Delantero,1,0,0,2,0,0.0,0,0,1,0,0,18
260,Vladimir Beschastnykh,2002,11,Delantero,3,2,0,0,1,0.33,0,0,1,0,2,22
261,Vladimir Bessonov,1982,8,Mediocampista,5,5,0,0,0,0.0,1,0,2,2,1,7
261,Vladimir Bessonov,1986,2,Defensor,3,3,0,1,0,0.0,0,0,1,1,1,10
261,Vladimir Bessonov,1990,2,Defensor,2,2,0,1,0,0.0,0,1,0,0,2,17
262,Anatoly Bishovets,1970,16,Delantero,4,4,0,0,4,1.0,1,0,2,1,1,5
263,Oleg Blokhin,1982,11,Delantero,5,5,0,0,1,0.2,0,0,2,2,1,7
263,Oleg Blokhin,1986,11,Delantero,2,1,1,2,1,0.5,0,0,1,1,0,10
264,Aleksandr Borodyuk,1990,12,Delantero,1,0,0,2,0,0.0,0,0,0,0,1,17
264,Aleksandr Borodyuk,1994,13,Mediocampista,2,1,0,1,0,0.0,0,0,0,0,2,18
265,Sergei Borovski,1982,14,Defensor,3,3,0,2,0,0.0,1,0,1,2,0,7
266,Valeri Broshin,1990,21,Mediocampista,0,0,0,3,0,0.0,0,0,0,0,0,17
267,Aleksandr Bubnov,1986,6,Defensor,1,1,0,3,0,0.0,0,0,1,0,0,10
268,Valentin Bubukin,1958,18,Delantero,0,0,0,5,0,0.0,0,0,0,0,0,6
269,Leonid Buryak,1982,17,Mediocampista,0,0,0,5,0,0.0,0,0,0,0,0,7
270,Viacheslav Chanov,1982,22,Arquero,0,0,0,5,0,0.0,0,0,0,0,0,7
271,Victor Chanov,1982,16,Arquero,0,0,0,5,0,0.0,0,0,0,0,0,7
272,Viktor Chanov,1986,16,Arquero,1,1,0,3,0,0.0,0,0,1,0,0,10
272,Viktor Chanov,1990,16,Arquero,0,0,0,3,0,0.0,0,0,0,0,0,17
273,Stanislav Cherchesov,1994,1,Arquero,1,1,0,2,0,0.0,0,0,1,0,0,18
273,Stanislav Cherchesov,2002,12,Arquero,0,0,0,3,0,0.0,0,0,0,0,0,22
274,Denis Cheryshev,2018,6,Mediocampista,5,3,0,0,4,0.8,0,0,2,2,1,8
275,Igor Chislenko,1962,22,Delantero,3,3,0,1,2,0.67,0,0,1,1,1,6
275,Igor Chislenko,1966,11,Delantero,4,4,0,2,2,0.5,0,1,3,0,1,4
276,Aleksandr Chivadze,1982,3,Defensor,5,5,5,0,1,0.2,1,0,2,2,1,7
276,Aleksandr Chivadze,1986,3,Defensor,0,0,0,4,0,0.0,0,0,0,0,0,10
277,Givi Chokheli,1962,5,Defensor,3,3,0,1,0,0.0,0,0,1,1,1,6
278,Igor Chugainov,2002,14,Defensor,0,0,0,3,0,0.0,0,0,0,0,0,22
279,Viacheslav Daev,2002,13,Defensor,0,0,0,3,0,0.0,0,0,0,0,0,22
280,Vasily Danilov,1966,10,Defensor,4,4,0,2,0,0.0,0,0,2,0,2,4
281,Vitali Daraselia,1982,13,Mediocampista,4,2,0,1,0,0.0,0,0,2,1,1,7
282,Rinat Dassayev,1982,1,Arquero,5,5,0,0,0,0.0,0,0,2,2,1,7
282,Rinat Dassayev,1986,1,Arquero,3,3,0,1,0,0.0,0,0,1,1,1,10
282,Rinat Dassayev,1990,1,Arquero,1,1,1,2,0,0.0,0,0,0,0,1,17
283,Anatoli Demyanenko,1982,6,Defensor,5,5,0,0,0,0.0,0,0,2,2,1,7
283,Anatoli Demyanenko,1986,5,Defensor,3,3,3,1,0,0.0,0,0,1,1,1,10
283,Anatoli Demyanenko,1990,5,Defensor,1,1,1,2,0,0.0,0,0,1,0,0,17
284,Igor Denisov,2014,7,Mediocampista,2,0,0,1,0,0.0,0,0,0,2,0,24
285,Igor Dobrovolskyi,1990,11,Delantero,3,3,0,0,1,0.33,0,0,1,0,2,17
286,Eduard Dubinski,1962,4,Defensor,1,1,0,3,0,0.0,0,0,1,0,0,6
287,Alan Dzagoev,2014,10,Mediocampista,3,0,0,0,0,0.0,0,0,0,2,1,24
287,Alan Dzagoev,2018,9,Mediocampista,2,1,0,3,0,0.0,0,0,1,1,0,8
288,Revaz Dzodzvashvili,1970,4,Defensor,3,3,0,1,0,0.0,0,0,2,0,1,5
289,Artem Dzyuba,2018,22,Delantero,5,4,0,0,3,0.6,0,0,2,2,1,8
290,Viktor Faizulin,2014,20,Mediocampista,3,3,0,0,0,0.0,0,0,0,2,1,24
291,Yuri Falin,1958,20,Delantero,1,1,0,4,0,0.0,0,0,1,0,0,6
292,Genrikh Fedosov,1958,21,Delantero,0,0,0,5,0,0.0,0,0,0,0,0,6
293,Mário Fernandes,2018,2,Defensor,5,4,0,0,1,0.2,0,0,2,2,1,8
294,Alexander Filimonov,2002,23,Arquero,0,0,0,3,0,0.0,0,0,0,0,0,22
295,Sergei Fokin,1990,19,Defensor,0,0,0,3,0,0.0,0,0,0,0,0,17
296,Vladimir Gabulov,2018,20,Arquero,0,0,0,5,0,0.0,0,0,0,0,0,8
297,Dimitri Galiamin,1994,4,Defensor,1,0,0,2,0,0.0,0,0,0,0,1,18
298,Yuri Gavrilov,1982,9,Mediocampista,5,5,0,0,1,0.2,0,0,2,2,1,7
299,Yury Gazinsky,2018,8,Mediocampista,4,3,0,1,1,0.25,2,0,2,1,1,8
300,Viktor Getmanov,1966,9,Defensor,1,1,0,5,0,0.0,0,0,1,0,0,4
301,Denis Glushakov,2014,8,Mediocampista,3,3,0,0,0,0.0,1,0,0,2,1,24
302,Aleksandr Golovin,2018,17,Mediocampista,4,4,0,1,1,0.25,1,0,2,2,0,8
303,Sergei Gorlukovich,1990,20,Defensor,3,3,0,0,0,0.0,0,0,1,0,2,17
303,Sergei Gorlukovich,1994,3,Defensor,2,2,0,1,0,0.0,0,1,0,0,2,18
304,Vladimir Granat,2014,13,Defensor,0,0,0,3,0,0.0,0,0,0,0,0,24
304,Vladimir Granat,2018,14,Defensor,1,0,0,4,0,0.0,0,0,0,1,0,8
305,Gennadi Gusarov,1958,19,Delantero,0,0,0,5,0,0.0,0,0,0,0,0,6
305,Gennadi Gusarov,1962,13,Delantero,0,0,0,4,0,0.0,0,0,0,0,0,6
306,Sergei Ignashevich,2014,4,Defensor,3,3,0,0,0,0.0,0,0,0,2,1,24
306,Sergei Ignashevich,2018,4,Defensor,5,5,0,0,0,0.0,0,0,2,2,1,8
307,Anatoli Ilyin,1958,11,Delantero,5,5,0,0,2,0.4,0,0,2,1,2,6
308,Aleksey Ionov,2014,21,Mediocampista,0,0,0,3,0,0.0,0,0,0,0,0,24
309,Aleksandr Ivanov,1958,17,Delantero,4,4,0,1,1,0.25,0,0,1,1,2,6
310,Valentin Ivanov,1958,8,Delantero,5,5,0,0,1,0.2,0,0,2,1,2,6
310,Valentin Ivanov,1962,14,Delantero,4,4,0,0,4,1.0,0,0,2,1,1,6
311,Marat Izmailov,2002,20,Mediocampista,2,2,0,1,0,0.0,0,0,1,0,1,22
312,Viktor Kanevski,1962,15,Delantero,2,2,0,2,0,0.0,0,0,1,1,0,6
313,Maksim Kanunnikov,2014,6,Delantero,2,1,0,1,0,0.0,0,0,0,1,1,24
314,Vladimir Kaplichni,1970,5,Defensor,3,3,0,1,0,0.0,0,0,1,1,1,5
315,Valeri Karpin,1994,10,Mediocampista,3,2,0,0,0,0.0,1,0,1,0,2,18
315,Valeri Karpin,2002,8,Mediocampista,3,3,0,0,1,0.33,0,0,1,0,2,22
316,Anzor Kavazashvili,1966,21,Arquero,2,2,0,4,0,0.0,0,0,2,0,0,4
316,Anzor Kavazashvili,1970,2,Arquero,4,4,0,0,0,0.0,0,0,2,1,1,5
317,Alexander Kerzhakov,2002,16,Delantero,1,0,0,2,0,0.0,0,0,0,0,1,22
317,Alexander Kerzhakov,2014,11,Delantero,3,1,0,0,1,0.33,0,0,0,2,1,24
318,Vladimir Kesarev,1958,2,Defensor,5,5,0,0,0,0.0,0,0,2,1,2,6
319,Dmitri Kharin,1994,16,Arquero,2,2,2,1,0,0.0,1,0,0,0,2,18
320,Vagiz Khidiyatullin,1982,4,Defensor,0,0,0,5,0,0.0,0,0,0,0,0,7
320,Vagiz Khidiyatullin,1990,3,Defensor,3,3,0,0,0,0.0,1,0,1,0,2,17
321,Dmitri Khlestov,1994,21,Defensor,3,3,0,0,0,0.0,2,0,1,0,2,18
322,Vitali Khmelnitski,1970,21,Delantero,4,3,0,0,1,0.25,1,0,2,1,1,5
323,Dmitry Khokhlov,2002,21,Mediocampista,3,1,0,0,0,0.0,1,0,1,0,2,22
324,Murtaz Khurtsilava,1966,7,Mediocampista,3,3,0,3,0,0.0,0,0,2,0,1,4
324,Murtaz Khurtsilava,1970,8,Defensor,3,3,0,1,0,0.0,0,0,2,0,1,5
325,Galimzyan Khusainov,1962,21,Delantero,1,1,0,3,0,0.0,0,0,1,0,0,6
325,Galimzyan Khusainov,1966,15,Delantero,4,4,0,2,0,0.0,1,0,3,0,1,4
326,Nicolai Kiselyov,1970,12,Mediocampista,3,1,0,1,0,0.0,0,0,2,0,1,5
327,Alexander Kokorin,2014,9,Delantero,3,3,0,0,1,0.33,0,0,0,2,1,24
328,Dmitri Kombarov,2014,23,Mediocampista,3,3,0,0,0,0.0,1,0,0,2,1,24
329,Alexey Korneev,1966,13,Defensor,2,2,0,4,0,0.0,0,0,1,0,1,4
330,Igor Korneev,1994,14,Mediocampista,1,1,0,2,0,0.0,0,0,1,0,0,18
331,Sergei Kotrikadze,1962,3,Arquero,0,0,0,4,0,0.0,0,0,0,0,0,6
332,Yuri Kovtun,2002,2,Defensor,3,3,0,0,0,0.0,0,0,1,0,2,22
333,Aleksei Kozlov,2014,2,Defensor,2,2,0,1,0,0.0,1,0,0,1,1,24
334,Sergei Krakovski,1986,22,Arquero,0,0,0,4,0,0.0,0,0,0,0,0,10
335,Konstantin Krizhevski,1958,3,Defensor,5,5,0,0,0,0.0,0,0,2,1,2,6
336,Fyodor Kudryashov,2018,13,Defensor,4,3,0,1,0,0.0,0,0,1,2,1,8
337,Ilya Kutepov,2018,3,Defensor,5,5,0,0,0,0.0,1,0,2,2,1,8
338,Boris Kuznetsov,1958,4,Defensor,5,5,0,0,0,0.0,0,0,2,1,2,6
339,Dmitri Kuznetsov,1994,2,Defensor,2,2,0,1,0,0.0,1,0,0,0,2,18
340,Oleg Kuznetsov,1986,10,Defensor,4,4,0,0,0,0.0,0,0,2,1,1,10
340,Oleg Kuznetsov,1990,4,Defensor,3,3,1,0,0,0.0,0,0,1,0,2,17
341,Daler Kuzyayev,2018,7,Mediocampista,5,2,0,0,0,0.0,0,0,2,2,1,8
342,Nikolai Larionov,1986,15,Defensor,2,2,0,2,0,0.0,0,0,1,1,0,10
343,Igor Lediakhov,1994,20,Mediocampista,1,1,0,2,0,0.0,0,0,1,0,0,18
344,Gennadi Litovchenko,1986,13,Mediocampista,1,1,0,3,0,0.0,0,0,1,0,0,10
344,Gennadi Litovchenko,1990,8,Mediocampista,3,2,0,0,0,0.0,0,0,1,0,2,17
345,Vladimir Liutyi,1990,14,Delantero,1,0,0,2,0,0.0,0,0,0,0,1,17
346,Juri Lodygin,2014,12,Arquero,0,0,0,3,0,0.0,0,0,0,0,0,24
347,Gennadi Logofet,1970,7,Defensor,2,1,0,2,0,0.0,1,0,0,1,1,5
348,Evgeni Lovchev,1970,6,Defensor,2,1,0,2,0,0.0,1,0,1,1,0,5
349,Andrey Lunyov,2018,12,Arquero,0,0,0,5,0,0.0,0,0,0,0,0,8
350,Eduard Malofeyev,1966,19,Delantero,5,5,0,1,3,0.6,0,0,3,0,2,4
351,Aleksei Mamykin,1962,16,Delantero,2,2,0,2,1,0.5,0,0,1,0,1,6
352,Nikolai Manoshin,1962,9,Mediocampista,0,0,0,4,0,0.0,0,0,0,0,0,6
353,Eduard Markarov,1966,20,Delantero,1,1,0,5,0,0.0,0,0,1,0,0,4
354,Vladimir Maslachenko,1958,12,Arquero,0,0,0,5,0,0.0,0,0,0,0,0,6
354,Vladimir Maslachenko,1962,2,Arquero,0,0,0,4,0,0.0,0,0,0,0,0,6
355,Anatoli Maslyonkin,1958,15,Defensor,0,0,0,5,0,0.0,0,0,0,0,0,6
355,Anatoli Maslyonkin,1962,7,Defensor,4,4,0,0,0,0.0,0,0,2,1,1,6
356,Mikhail Meskhi,1962,17,Delantero,3,3,0,1,0,0.0,0,0,1,1,1,6
357,Slava Metreveli,1962,18,Delantero,1,1,0,3,0,0.0,0,0,1,0,0,6
357,Slava Metreveli,1966,16,Delantero,2,2,0,4,0,0.0,0,0,1,0,1,4
357,Slava Metreveli,1970,18,Delantero,0,0,0,4,0,0.0,0,0,0,0,0,5
358,Aleksei Miranchuk,2018,15,Mediocampista,1,1,0,4,0,0.0,0,0,0,0,1,8
360,Pavel Mogilevets,2014,15,Mediocampista,0,0,0,3,0,0.0,0,0,0,0,0,24
361,Gennadi Morozov,1986,4,Defensor,1,1,0,3,0,0.0,0,0,1,0,0,10
362,Aleksandr Mostovoi,1994,19,Mediocampista,1,1,0,2,0,0.0,0,0,0,0,1,18
362,Aleksandr Mostovoi,2002,10,Mediocampista,0,0,0,3,0,0.0,0,0,0,0,0,22
363,Vladimir Muntyan,1970,14,Mediocampista,4,4,0,0,0,0.0,0,0,2,1,1,5
364,Igor Netto,1958,6,Mediocampista,1,1,1,4,0,0.0,0,0,0,0,1,6
364,Igor Netto,1962,10,Mediocampista,4,4,4,0,0,0.0,0,0,2,1,1,6
365,Ruslan Nigmatullin,2002,1,Arquero,3,3,0,0,0,0.0,0,0,1,0,2,22
366,Yuri Nikiforov,1994,5,Defensor,3,3,0,0,0,0.0,2,0,1,0,2,18
366,Yuri Nikiforov,2002,3,Defensor,3,3,0,0,0,0.0,0,0,1,0,2,22
367,Givili Nodiya,1970,19,Delantero,1,1,0,3,0,0.0,1,0,0,1,0,5
368,Khoren Oganesian,1982,10,Mediocampista,3,2,0,2,1,0.33,0,0,2,1,0,7
369,Viktor Onopko,1994,18,Defensor,2,2,1,1,0,0.0,0,0,1,0,1,18
369,Viktor Onopko,2002,7,Defensor,3,3,3,0,0,0.0,0,0,1,0,2,22
370,Leonid Ostrovski,1958,14,Defensor,0,0,0,5,0,0.0,0,0,0,0,0,6
370,Leonid Ostrovski,1962,6,Defensor,4,4,0,0,0,0.0,0,0,2,1,1,6
370,Leonid Ostrovski,1966,3,Defensor,2,2,0,4,0,0.0,0,0,2,0,0,4
371,Andrei Piatnitski,1994,7,Mediocampista,1,1,0,2,0,0.0,0,0,0,0,1,18
372,Ruslan Pimenov,2002,19,Delantero,2,2,0,1,0,0.0,1,0,1,0,1,22
373,Viktor Ponedelnik,1962,19,Delantero,4,4,0,0,2,0.5,0,0,2,1,1,6
374,Vladimir Ponomaryov,1966,4,Defensor,5,5,0,1,0,0.0,0,0,3,0,2,4
375,Dmitri Popov,1994,8,Mediocampista,1,1,0,2,0,0.0,0,0,0,0,1,18
376,Valeriy Porkuyan,1966,17,Delantero,3,3,0,3,4,1.33,0,0,2,0,1,4
376,Valeriy Porkuyan,1970,22,Delantero,0,0,0,4,0,0.0,0,0,0,0,0,5
377,Oleg Protasov,1986,18,Delantero,1,1,0,3,0,0.0,0,0,1,0,0,10
377,Oleg Protasov,1990,10,Delantero,3,3,0,0,1,0.33,1,0,1,0,2,17
378,Anatoli Puzach,1970,20,Delantero,2,1,0,2,0,0.0,0,0,1,1,0,5
379,Dmitri Radchenko,1994,15,Delantero,3,2,0,0,1,0.33,0,0,1,0,2,18
380,Vasili Rats,1986,21,Mediocampista,3,3,0,1,1,0.33,1,0,1,1,1,10
380,Vasili Rats,1990,6,Mediocampista,1,1,0,2,0,0.0,0,0,0,0,1,17
381,Sergei Rodionov,1982,21,Delantero,2,0,0,3,0,0.0,0,0,2,0,0,7
381,Sergei Rodionov,1986,14,Delantero,4,1,0,0,1,0.25,0,0,2,1,1,10
382,Oleg Romantsev,1982,20,Defensor,0,0,0,5,0,0.0,0,0,0,0,0,7
383,Sergei Ryzhikov,2014,16,Arquero,0,0,0,3,0,0.0,0,0,0,0,0,24
384,Yozhef Sabo,1962,11,Mediocampista,0,0,0,4,0,0.0,0,0,0,0,0,6
384,Yozhef Sabo,1966,8,Mediocampista,4,4,0,2,0,0.0,1,0,3,0,1,4
385,Oleg Salenko,1994,9,Delantero,3,2,0,0,6,2.0,0,0,1,0,2,18
386,Sergei Salnikov,1958,10,Delantero,3,3,0,2,0,0.0,0,0,1,1,1,6
387,Aleksandr Samedov,2014,19,Mediocampista,3,3,0,0,0,0.0,0,0,0,2,1,24
387,Aleksandr Samedov,2018,19,Mediocampista,5,5,0,0,0,0.0,0,0,2,2,1,8
388,Georgy Schennikov,2014,3,Defensor,0,0,0,3,0,0.0,0,0,0,0,0,24
389,Sergei Semak,2002,17,Mediocampista,0,0,0,3,0,0.0,0,0,0,0,0,22
390,Andrey Semenov,2014,5,Defensor,0,0,0,3,0,0.0,0,0,0,0,0,24
391,Andréi Semiónov,2018,5,Defensor,0,0,0,5,0,0.0,0,0,0,0,0,8
392,Igor Semshov,2002,6,Mediocampista,2,2,0,1,0,0.0,1,0,1,0,1,22
393,Dmitri Sennikov,2002,18,Defensor,1,0,0,2,0,0.0,1,0,0,0,1,22
394,Viktor Serebryanikov,1962,20,Delantero,0,0,0,4,0,0.0,0,0,0,0,0,6
394,Viktor Serebryanikov,1966,2,Delantero,2,2,0,4,0,0.0,0,0,1,0,1,4
394,Viktor Serebryanikov,1970,15,Mediocampista,2,2,0,2,0,0.0,0,0,1,1,0,5
395,Igor Shalimov,1990,18,Mediocampista,2,2,0,1,0,0.0,0,0,1,0,1,17
396,Oleg Shatov,2014,17,Mediocampista,3,3,0,0,0,0.0,1,0,0,2,1,24
397,Ramaz Shengelia,1982,7,Delantero,5,5,0,0,1,0.2,0,0,2,2,1,7
398,Albert Shesternyov,1962,8,Defensor,0,0,0,4,0,0.0,0,0,0,0,0,6
398,Albert Shesternyov,1966,6,Defensor,5,5,5,1,0,0.0,0,0,4,0,1,4
398,Albert Shesternyov,1970,9,Defensor,4,4,4,0,0,0.0,0,0,2,1,1,5
399,Leonid Shmuts,1970,1,Arquero,0,0,0,4,0,0.0,0,0,0,0,0,5
400,Georgi Sichinava,1966,14,Mediocampista,2,2,0,4,0,0.0,0,0,1,0,1,4
401,Nikita Simonyan,1958,9,Delantero,5,5,4,0,1,0.2,0,0,2,1,2,6
402,Alexei Smertin,2002,4,Mediocampista,2,2,0,1,0,0.0,1,0,0,0,2,22
403,Igor Smolnikov,2018,23,Defensor,1,1,0,4,0,0.0,0,1,0,0,1,8
404,Fyodor Smolov,2018,10,Delantero,5,1,0,0,0,0.0,1,0,2,2,1,8
405,Andrei Solomatin,2002,5,Mediocampista,3,3,0,0,0,0.0,2,0,1,0,2,22
406,Tengiz Sulakvelidze,1982,2,Defensor,4,4,0,1,0,0.0,0,0,1,2,1,7
407,Yuri Susloparov,1982,18,Mediocampista,1,0,0,4,0,0.0,0,0,0,0,1,7
408,Dmitri Sychev,2002,22,Delantero,3,0,0,0,1,0.33,0,0,1,0,2,22
409,Vladislav Ternavski,1994,6,Defensor,2,2,0,1,0,0.0,0,0,1,0,1,18
410,Omar Tetradze,1994,12,Defensor,1,1,0,2,0,0.0,0,0,1,0,0,18
411,Egor Titov,2002,9,Mediocampista,3,3,0,0,1,0.33,0,0,1,0,2,22
412,Viktor Tsaryov,1958,16,Mediocampista,5,5,0,0,0,0.0,0,0,2,1,2,6
413,Akhrik Tsveiba,1990,13,Defensor,0,0,0,3,0,0.0,0,0,0,0,0,17
414,Ilia Tsymbalar,1994,17,Mediocampista,2,2,0,1,0,0.0,0,0,1,0,1,18
415,Aleksandr Uvarov,1990,22,Arquero,2,2,0,1,0,0.0,0,0,1,0,1,17
416,Yuri Voinov,1958,5,Mediocampista,5,5,0,0,0,0.0,0,0,2,1,2,6
417,Valeri Voronin,1962,12,Mediocampista,4,4,0,0,0,0.0,0,0,2,1,1,6
417,Valeri Voronin,1966,12,Mediocampista,5,5,0,1,0,0.0,1,0,3,0,2,4
418,Pavel Yakovenko,1986,8,Mediocampista,3,3,0,1,1,0.33,0,0,1,1,1,10
419,Ivan Yaremchuk,1986,7,Mediocampista,3,3,0,1,1,0.33,0,0,1,1,1,10
419,Ivan Yaremchuk,1990,15,Mediocampista,2,0,0,1,0,0.0,0,0,1,0,1,17
420,Lev Yashin,1958,1,Arquero,5,5,0,0,0,0.0,0,0,2,1,2,6
420,Lev Yashin,1962,1,Arquero,4,4,0,0,0,0.0,0,0,2,1,1,6
420,Lev Yashin,1966,1,Arquero,4,4,1,2,0,0.0,0,0,2,0,2,4
420,Lev Yashin,1970,13,Arquero,0,0,0,4,0,0.0,0,0,0,0,0,5
421,Aleksandr Yerokhin,2018,21,Mediocampista,2,0,0,3,0,0.0,0,0,0,2,0,8
422,Vladimir Yerokhin,1958,22,Defensor,0,0,0,5,0,0.0,0,0,0,0,0,6
423,Andrey Yeshchenko,2014,22,Defensor,2,1,0,1,0,0.0,0,0,0,1,1,24
424,Gennadi Yevryuzhikhin,1970,17,Delantero,4,3,0,0,0,0.0,0,0,2,1,1,5
425,Vadim Yevtushenko,1982,19,Delantero,0,0,0,5,0,0.0,0,0,0,0,0,7
425,Vadim Yevtushenko,1986,17,Delantero,3,1,0,1,0,0.0,0,0,2,0,1,10
426,Sergei Yuran,1994,22,Delantero,1,1,0,2,0,0.0,0,0,0,0,1,18
427,Aleksandr Zavarov,1986,9,Mediocampista,4,3,0,0,1,0.25,0,0,2,1,1,10
427,Aleksandr Zavarov,1990,9,Mediocampista,3,2,0,0,1,0.33,0,0,1,0,2,17
428,Yuri Zhirkov,2014,18,Mediocampista,1,1,0,2,0,0.0,0,0,0,1,0,24
428,Yuri Zhirkov,2018,18,Mediocampista,3,3,0,2,0,0.0,0,0,2,1,0,8
429,Valeri Zikov,1970,10,Defensor,0,0,0,4,0,0.0,0,0,0,0,0,5
430,Roman Zobnin,2018,11,Mediocampista,5,5,0,0,0,0.0,1,0,2,2,1,8
431,Andrei Zygmantovich,1990,17,Defensor,2,2,0,1,1,0.5,1,0,1,0,1,17
432,Jozef Adamec,1962,10,Delantero,3,3,0,3,0,0.0,0,0,1,1,1,2
432,Jozef Adamec,1970,10,Delantero,3,2,0,0,0,0.0,0,0,0,0,3,15
433,Milan Albrecht,1970,20,Delantero,0,0,0,3,0,0.0,0,0,0,0,0,15
434,Jozef Barmos,1982,5,Defensor,3,3,0,0,0,0.0,0,0,0,2,1,19
435,Milan Baros,2006,15,Delantero,1,1,0,2,0,0.0,0,0,0,0,1,20
436,Michal Benedikovic,1954,6,Mediocampista,0,0,0,2,0,0.0,0,0,0,0,0,14
437,Jan Berger,1982,13,Mediocampista,2,2,0,1,0,0.0,0,0,0,1,1,19
438,Premysl Bicovsky,1982,12,Mediocampista,2,1,0,1,0,0.0,0,0,0,2,0,19
439,Julius Bielik,1990,2,Defensor,2,0,0,3,0,0.0,0,0,1,0,1,6
440,Michal Bilek,1990,7,Defensor,5,5,0,0,2,0.4,1,0,3,0,2,6
441,Jaromir Blazek,2006,16,Arquero,0,0,0,3,0,0.0,0,0,0,0,0,20
442,Josef Bomba,1962,21,Defensor,0,0,0,6,0,0.0,0,0,0,0,0,2
443,Jaroslav Borovicka,1958,10,Delantero,3,3,0,1,0,0.0,0,0,1,0,2,9
443,Jaroslav Borovicka,1962,20,Delantero,0,0,0,6,0,0.0,0,0,0,0,0,2
444,Jaroslav Boucek,1934,-,Mediocampista,0,0,0,4,0,0.0,0,0,0,0,0,2
444,Jaroslav Boucek,1938,-,Mediocampista,3,3,0,0,0,0.0,0,0,1,1,1,5
445,Vojtech Bradac,1938,-,Delantero,0,0,0,3,0,0.0,0,0,0,0,0,5
446,Titus Bubernik,1958,17,Defensor,1,1,0,3,0,0.0,0,0,0,0,1,9
446,Titus Bubernik,1962,16,Mediocampista,0,0,0,6,0,0.0,0,0,0,0,0,2
447,Jaroslav Burgr,1934,-,Defensor,1,1,0,3,0,0.0,0,0,1,0,0,2
447,Jaroslav Burgr,1938,-,Defensor,3,3,1,0,0,0.0,0,0,1,1,1,5
448,Karel Burkert,1938,-,Arquero,1,1,0,2,0,0.0,0,0,0,0,1,5
449,Jiri Cadek,1958,3,Mediocampista,1,1,0,3,0,0.0,0,0,0,0,1,9
450,Stefan Cambal,1934,-,Mediocampista,4,4,0,0,0,0.0,0,0,3,0,1,2
451,Jozef Capkovic,1970,21,Delantero,1,1,0,2,0,0.0,0,0,0,0,1,15
452,Petr Cech,2006,1,Arquero,3,3,0,0,0,0.0,0,0,1,0,2,20
453,Pavel Cerny,1938,-,Mediocampista,0,0,0,3,0,0.0,0,0,0,0,0,5
454,Pavel Chaloupka,1982,16,Mediocampista,1,1,0,2,0,0.0,1,0,0,0,1,19
455,Jozef Chovanec,1990,8,Mediocampista,5,5,0,0,0,0.0,1,0,3,0,2,6
456,Josef Ctyroky,1934,-,Defensor,4,4,0,0,0,0.0,0,0,3,0,1,2
457,Ferdinand Daucik,1938,-,Defensor,3,3,0,0,0,0.0,0,0,1,1,1,5
458,Karol Dobias,1970,2,Defensor,3,3,0,0,0,0.0,1,0,0,0,3,15
459,Bretislav Dolejsi,1958,19,Arquero,4,4,0,0,0,0.0,0,0,1,1,2,9
460,Milan Dvorak,1958,8,Delantero,4,4,0,0,2,0.5,0,0,1,1,2,9
461,Jiri Feureisl,1958,14,Delantero,3,3,0,1,1,0.33,0,0,1,1,1,9
462,Jan Fiala,1982,3,Defensor,3,3,0,0,0,0.0,0,0,0,2,1,19
463,Peter Fieber,1990,12,Defensor,0,0,0,5,0,0.0,0,0,0,0,0,6
464,Antonin Flesar,1970,13,Arquero,0,0,0,3,0,0.0,0,0,0,0,0,15
465,Kazimir Gajdos,1954,20,Delantero,0,0,0,2,0,0.0,0,0,0,0,0,14
465,Kazimir Gajdos,1958,7,Delantero,0,0,0,4,0,0.0,0,0,0,0,0,9
466,Tomas Galasek,2006,4,Mediocampista,2,2,2,1,0,0.0,0,0,1,0,1,20
467,Stanislav Griga,1990,19,Delantero,2,0,0,3,0,0.0,0,0,0,0,2,6
468,Zdenek Grygera,2006,2,Defensor,3,3,0,0,0,0.0,1,0,1,0,2,20
469,Vladimir Hagara,1970,4,Defensor,2,2,0,1,0,0.0,0,0,0,0,2,15
470,Ivan Hasek,1990,4,Mediocampista,5,5,5,0,1,0.2,1,0,3,0,2,6
471,Marek Heinz,2006,18,Delantero,1,0,0,2,0,0.0,0,0,0,0,1,20
472,Otto Hemele,1954,8,Delantero,2,2,0,0,0,0.0,0,0,0,0,2,14
473,Jan Hertl,1954,14,Mediocampista,2,2,0,0,0,0.0,0,0,0,0,2,14
473,Jan Hertl,1958,15,Mediocampista,1,1,0,3,0,0.0,0,0,0,0,1,9
474,Vladislav Hlavacek,1954,7,Delantero,2,2,0,0,0,0.0,0,0,0,0,2,14
475,Jiri Hledik,1954,13,Mediocampista,1,1,0,1,0,0.0,0,0,0,0,1,14
476,Vaclav Horak,1938,-,Delantero,1,1,0,2,0,0.0,0,0,0,0,1,5
477,Alexander Horvath,1970,5,Defensor,2,2,2,1,0,0.0,1,0,0,0,2,15
478,Vaclav Hovorka,1958,13,Delantero,3,3,0,1,2,0.67,0,0,1,1,1,9
479,Ivan Hrdlicka,1970,16,Mediocampista,1,1,0,2,0,0.0,0,0,0,0,1,15
480,Vladimir Hrivnak,1970,14,Defensor,1,1,0,2,0,0.0,0,0,0,0,1,15
481,Zdenek Hruska,1982,21,Arquero,1,1,0,2,0,0.0,0,0,0,1,0,19
482,Viliam Hyravy,1990,16,Mediocampista,0,0,0,5,0,0.0,0,0,0,0,0,6
483,Frantisek Jakubec,1982,2,Defensor,0,0,0,3,0,0.0,0,0,0,0,0,19
484,Petr Janecka,1982,18,Delantero,3,3,0,0,0,0.0,0,0,0,2,1,19
485,Marek Jankulovski,2006,6,Defensor,3,3,0,0,0,0.0,0,0,1,0,2,20
486,David Jarolim,2006,14,Mediocampista,1,0,0,2,0,0.0,0,0,0,0,1,20
487,Josef Jelinek,1962,11,Delantero,5,5,0,1,0,0.0,0,0,3,1,1,2
488,Martin Jiranek,2006,13,Defensor,0,0,0,3,0,0.0,0,0,0,0,0,20
489,Karol Jokl,1970,11,Delantero,3,2,0,0,0,0.0,0,0,0,0,3,15
490,Frantisek Junek,1934,-,Delantero,4,4,0,0,0,0.0,0,0,3,0,1,2
491,Jozef Jurkanin,1970,19,Delantero,1,1,0,2,0,0.0,0,0,0,0,1,15
492,Ladislav Jurkemik,1982,4,Defensor,2,2,0,1,0,0.0,0,0,0,1,1,19
493,Ladislav Kacani,1954,15,Delantero,2,2,0,0,0,0.0,0,0,0,0,2,14
494,Miroslav Kadlec,1990,3,Defensor,5,5,0,0,0,0.0,1,0,3,0,2,6
495,Josef Kadraba,1962,18,Delantero,3,3,0,3,1,0.33,0,0,2,0,1,2
496,Geza Kalocsay,1934,-,Delantero,0,0,0,4,0,0.0,0,0,0,0,0,2
497,Vladimir Kinier,1990,15,Defensor,1,1,0,4,0,0.0,0,0,0,0,1,6
498,Antonin Kinsky,2006,23,Arquero,0,0,0,3,0,0.0,0,0,0,0,0,20
499,Ivo Knoflicek,1990,17,Delantero,5,5,0,0,0,0.0,1,0,3,0,2,6
500,Jan Kocian,1990,5,Defensor,4,4,0,1,0,0.0,1,0,3,0,1,6
501,Jan Koller,2006,9,Delantero,1,1,0,2,1,1.0,0,0,1,0,0,20
502,Karel Kolsky,1938,-,Mediocampista,0,0,0,3,0,0.0,0,0,0,0,0,5
503,Vlastimil Kopecky,1934,-,Mediocampista,0,0,0,4,0,0.0,0,0,0,0,0,2
503,Vlastimil Kopecky,1938,-,Mediocampista,3,3,0,0,1,0.33,0,0,1,1,1,5
504,Vladimir Kos,1962,15,Delantero,0,0,0,6,0,0.0,0,0,0,0,0,2
505,Jaroslav Kosnar,1954,19,Delantero,0,0,0,2,0,0.0,0,0,0,0,0,14
506,Josef Kostalek,1934,-,Mediocampista,4,4,0,0,0,0.0,0,0,3,0,1,2
506,Josef Kostalek,1938,-,Mediocampista,3,3,0,0,1,0.33,0,0,1,1,1,5
507,Pavel Kouba,1962,22,Arquero,0,0,0,6,0,0.0,0,0,0,0,0,2
510,Anton Krasnohorsky,1954,12,Defensor,0,0,0,2,0,0.0,0,0,0,0,0,14
511,Tadeas Kraus,1954,17,Delantero,1,1,0,1,0,0.0,0,0,0,0,1,14
511,Tadeas Kraus,1958,11,Delantero,1,1,0,3,0,0.0,0,0,0,0,1,9
512,Rudolf Krcil,1934,-,Mediocampista,4,4,0,0,0,0.0,0,0,3,0,1,2
513,Arnost Kreuz,1938,-,Delantero,1,1,0,2,0,0.0,0,0,0,0,1,5
514,Tomas Kriz,1982,10,Delantero,2,2,0,1,0,0.0,0,0,0,2,0,19
515,Lubos Kubik,1990,9,Mediocampista,4,4,0,1,1,0.25,2,0,3,0,1,6
516,Jozef Kukucka,1982,15,Defensor,1,1,0,2,0,0.0,0,0,0,1,0,19
517,Ladislav Kuna,1970,9,Mediocampista,3,3,0,0,0,0.0,0,0,0,0,3,15
518,Andrej Kvasnak,1962,19,Mediocampista,6,6,0,0,0,0.0,0,0,3,1,2,2
518,Andrej Kvasnak,1970,6,Mediocampista,2,1,0,1,0,0.0,1,0,0,0,2,15
519,Jan Lala,1962,2,Defensor,5,5,0,1,0,0.0,0,0,3,1,1,2
520,Vratislav Lokvenc,2006,12,Delantero,2,1,0,1,0,0.0,2,0,1,0,1,20
521,Josef Ludl,1938,-,Delantero,2,2,0,1,0,0.0,0,0,0,1,1,5
522,Milan Luhovy,1990,18,Delantero,1,0,0,4,1,1.0,0,0,1,0,0,6
523,Josef Majer,1954,18,Delantero,0,0,0,2,0,0.0,0,0,0,0,0,14
524,Anton Malatinsky,1954,9,Delantero,0,0,0,2,0,0.0,0,0,0,0,0,14
525,Pavel Mares,2006,3,Defensor,0,0,0,3,0,0.0,0,0,0,0,0,20
526,Vaclav Masek,1962,14,Delantero,1,1,0,5,1,1.0,0,0,0,0,1,2
527,Marian Masny,1982,19,Delantero,2,0,0,1,0,0.0,0,0,0,1,1,19
528,Josef Masopust,1958,5,Mediocampista,4,4,0,0,0,0.0,0,0,1,1,2,9
528,Josef Masopust,1962,6,Mediocampista,6,6,0,0,1,0.17,0,0,3,1,2,2
529,Vaclav Migas,1970,3,Defensor,3,3,0,0,0,0.0,0,0,0,0,3,15
530,Ludek Miklosko,1990,21,Arquero,0,0,0,5,0,0.0,0,0,0,0,0,6
531,Pavol Molnar,1958,9,Delantero,3,3,0,1,0,0.0,0,0,1,1,1,9
531,Pavol Molnar,1962,9,Delantero,0,0,0,6,0,0.0,0,0,0,0,0,2
532,Anton Moravcik,1958,20,Mediocampista,0,0,0,4,0,0.0,0,0,0,0,0,9
533,Lubomir Moravcik,1990,11,Mediocampista,5,5,0,0,0,0.0,2,1,3,0,2,6
534,Gustav Mraz,1958,2,Defensor,4,4,0,0,0,0.0,0,0,1,1,2,9
535,Pavel Nedved,2006,11,Mediocampista,3,3,1,0,0,0.0,0,0,1,0,2,20
536,Zdenek Nehoda,1982,11,Delantero,3,3,3,0,0,0.0,0,0,0,2,1,19
537,Oldrich Nejedly,1934,-,Delantero,4,4,0,0,5,1.25,0,0,3,0,1,2
537,Oldrich Nejedly,1938,-,Delantero,2,2,0,1,2,1.0,0,0,1,1,0,5
538,Jiri Nemec,1990,13,Mediocampista,0,0,0,5,0,0.0,0,0,0,0,0,6
539,Vaclav Nemecek,1990,20,Mediocampista,3,2,0,2,0,0.0,0,0,1,0,2,6
540,Ladislav Novak,1954,4,Defensor,2,2,2,0,0,0.0,0,0,0,0,2,14
540,Ladislav Novak,1958,4,Defensor,4,4,4,0,0,0.0,0,0,1,1,2,9
540,Ladislav Novak,1962,4,Defensor,6,6,6,0,0,0.0,0,0,3,1,2,2
541,Otakar Nozir,1938,-,Mediocampista,0,0,0,3,0,0.0,0,0,0,0,0,5
542,Josef Orth,1938,-,Defensor,0,0,0,3,0,0.0,0,0,0,0,0,5
543,Peter Paluch,1990,22,Arquero,0,0,0,5,0,0.0,0,0,0,0,0,6
544,Antonin Panenka,1982,8,Mediocampista,2,1,0,1,2,1.0,1,0,0,2,0,19
545,Cestmir Patzel,1934,-,Arquero,0,0,0,4,0,0.0,0,0,0,0,0,2
546,Emil Pazicky,1954,10,Delantero,2,2,0,0,0,0.0,0,0,0,0,2,14
547,Jiri Pesek,1954,11,Delantero,1,1,0,1,0,0.0,0,0,0,0,1,14
548,Ladislav Petras,1970,8,Delantero,3,3,0,0,2,0.67,0,0,0,0,3,15
549,Vlastimil Petrzela,1982,20,Delantero,1,0,0,2,0,0.0,0,0,0,1,0,19
550,Jan Pivarnik,1970,12,Defensor,0,0,0,3,0,0.0,0,0,0,0,0,15
551,Frantisek Planicka,1934,-,Arquero,4,4,4,0,0,0.0,0,0,3,0,1,2
551,Frantisek Planicka,1938,-,Arquero,2,2,2,1,0,0.0,0,0,1,1,0,5
552,Jaroslav Plasil,2006,20,Mediocampista,3,3,0,0,0,0.0,0,0,1,0,2,20
553,Svatopluk Pluskal,1954,3,Mediocampista,1,1,0,1,0,0.0,0,0,0,0,1,14
553,Svatopluk Pluskal,1958,6,Mediocampista,2,2,0,2,0,0.0,0,0,0,1,1,9
553,Svatopluk Pluskal,1962,5,Defensor,6,6,0,0,0,0.0,0,0,3,1,2,2
554,Karel Poborsky,2006,8,Mediocampista,3,3,0,0,0,0.0,0,0,1,0,2,20
555,Jan Polak,2006,19,Mediocampista,3,1,0,0,0,0.0,0,1,1,0,2,20
556,Jaroslav Pollak,1970,17,Mediocampista,1,1,0,2,0,0.0,0,0,0,0,1,15
557,Jan Popluhar,1958,16,Defensor,3,3,0,1,0,0.0,0,0,1,1,1,9
557,Jan Popluhar,1962,3,Defensor,6,6,0,0,0,0.0,0,0,3,1,2,2
558,Tomas Pospichal,1962,17,Delantero,3,3,0,3,0,0.0,0,0,2,0,1,2
559,Zdenek Prochazka,1954,16,Mediocampista,0,0,0,2,0,0.0,0,0,0,0,0,14
560,Antonin Puc,1934,-,Delantero,4,4,0,0,2,0.5,0,0,3,0,1,2
560,Antonin Puc,1938,-,Delantero,1,1,0,2,0,0.0,0,0,0,1,0,5
561,Libor Radimec,1982,14,Defensor,2,2,0,1,0,0.0,0,0,0,1,1,19
562,Theodor Reimann,1954,1,Arquero,1,1,0,1,0,0.0,0,0,0,0,1,14
563,Jan Riha,1938,-,Delantero,2,2,0,1,0,0.0,0,0,1,1,0,5
564,Tomas Rosicky,2006,10,Mediocampista,3,3,0,0,2,0.67,1,0,1,0,2,20
565,David Rozehnal,2006,22,Defensor,3,3,0,0,0,0.0,1,0,1,0,2,20
566,Oldrich Rulc,1938,-,Delantero,2,2,0,1,0,0.0,0,0,1,0,1,5
567,Frantisek Safranek,1954,2,Defensor,2,2,0,0,0,0.0,0,0,0,0,2,14
567,Frantisek Safranek,1958,21,Defensor,0,0,0,4,0,0.0,0,0,0,0,0,9
568,Adolf Scherer,1958,18,Delantero,0,0,0,4,0,0.0,0,0,0,0,0,9
568,Adolf Scherer,1962,8,Delantero,6,6,0,0,3,0.5,0,0,3,1,2,2
569,Frantisek Schmucker,1962,13,Arquero,0,0,0,6,0,0.0,0,0,0,0,0,2
570,Viliam Schrojf,1954,22,Arquero,0,0,0,2,0,0.0,0,0,0,0,0,14
570,Viliam Schrojf,1958,22,Arquero,0,0,0,4,0,0.0,0,0,0,0,0,9
570,Viliam Schrojf,1962,1,Arquero,6,6,0,0,0,0.0,0,0,3,1,2,2
571,Stanislav Seman,1982,1,Arquero,1,1,0,2,0,0.0,0,0,0,0,1,19
572,Karel Senecky,1938,-,Delantero,1,1,0,2,0,0.0,0,0,0,0,1,5
573,Josef Silny,1934,-,Delantero,1,1,0,3,0,0.0,0,0,1,0,0,2
574,Ladislav Simunek,1938,-,Delantero,2,2,0,1,0,0.0,0,0,1,1,0,5
575,Libor Sionko,2006,7,Delantero,1,0,0,2,0,0.0,0,0,0,0,1,20
576,Tomas Skuhravy,1990,10,Delantero,5,5,0,0,5,1.0,1,0,3,0,2,6
577,Jiri Sobotka,1934,-,Delantero,4,4,0,0,0,0.0,0,0,3,0,1,2
578,Imrich Stacho,1954,21,Arquero,1,1,0,1,0,0.0,0,0,0,0,1,14
578,Imrich Stacho,1958,1,Arquero,0,0,0,4,0,0.0,0,0,0,0,0,9
579,Jiri Stajner,2006,17,Mediocampista,3,0,0,0,0,0.0,0,0,1,0,2,20
580,Frantisek Stambacher,1982,17,Mediocampista,1,1,0,2,0,0.0,0,0,0,1,0,19
581,Jan Stejskal,1990,1,Arquero,5,5,0,0,0,0.0,0,0,3,0,2,6
582,Josef Stibranyi,1962,7,Mediocampista,3,3,0,3,1,0.33,0,0,1,1,1,2
583,Frantisek Straka,1990,6,Defensor,3,3,0,2,0,0.0,2,0,2,0,1,6
584,Karel Stromsik,1982,22,Arquero,2,1,0,1,0,0.0,0,0,0,1,1,19
585,Frantisek Svoboda,1934,-,Delantero,3,3,0,1,2,0.67,0,0,2,0,1,2
586,Jiri Tichy,1962,12,Defensor,1,1,0,5,0,0.0,0,0,0,0,1,2
587,Jiri Trnka,1954,5,Defensor,2,2,0,0,0,0.0,0,0,0,0,2,14
588,Tomas Ujfalusi,2006,21,Defensor,2,2,0,1,0,0.0,0,1,1,0,1,20
589,Alexander Vencel,1970,22,Arquero,1,1,0,2,0,0.0,0,0,0,0,1,15
590,Bohumil Vesely,1970,7,Mediocampista,2,1,0,1,0,0.0,0,0,0,0,2,15
592,Ivo Viktor,1970,1,Arquero,2,2,1,1,0,0.0,0,0,0,0,2,15
593,Ladislav Vizek,1982,9,Delantero,3,3,0,0,0,0.0,0,1,0,2,1,19
594,Antonin Vodicka,1934,-,Mediocampista,0,0,0,4,0,0.0,0,0,0,0,0,2
595,Rostilav Vojacek,1982,6,Defensor,2,2,0,1,0,0.0,0,0,0,1,1,19
597,Josef Zeman,1938,-,Delantero,1,1,0,2,1,1.0,0,0,1,0,0,5
598,Ladislav Zenisek,1934,-,Defensor,3,3,0,1,0,0.0,0,0,2,0,1,2
599,Zdenek Zikan,1958,12,Delantero,3,3,0,1,4,1.33,0,0,1,1,1,9
600,Jan Zlocha,1970,15,Defensor,1,1,0,2,0,0.0,0,0,0,0,1,15
601,Marvin Andrews,2006,4,Defensor,0,0,0,3,0,0.0,0,0,0,0,0,27
602,Christopher Birchall,2006,7,Mediocampista,3,3,0,0,0,0.0,0,0,0,1,2,27
603,Atiba Charles,2006,17,Defensor,0,0,0,3,0,0.0,0,0,0,0,0,27
604,Ian Cox,2006,2,Defensor,0,0,0,3,0,0.0,0,0,0,0,0,27
605,Carlos Edwards,2006,11,Mediocampista,3,3,0,0,0,0.0,0,0,0,1,2,27
606,Cornell Glen,2006,13,Delantero,3,1,0,0,0,0.0,0,0,0,1,2,27
607,Cyd Gray,2006,8,Defensor,2,2,0,1,0,0.0,1,0,0,1,1,27
608,Shaka Hislop,2006,1,Arquero,2,2,0,1,0,0.0,1,0,0,1,1,27
609,Clayton Ince,2006,22,Arquero,0,0,0,3,0,0.0,0,0,0,0,0,27
610,Kelvin Jack,2006,21,Arquero,1,1,0,2,0,0.0,0,0,0,0,1,27
611,Avery John,2006,3,Defensor,2,2,0,1,0,0.0,0,1,0,1,1,27
612,Stern John,2006,14,Delantero,3,3,0,0,0,0.0,0,0,0,1,2,27
613,Kenwyne Jones,2006,15,Delantero,2,1,0,1,0,0.0,1,0,0,0,2,27
614,Russell Latapy,2006,10,Delantero,1,0,0,2,0,0.0,0,0,0,0,1,27
615,Dennis Lawrence,2006,6,Defensor,3,3,0,0,0,0.0,0,0,0,1,2,27
616,Collin Samuel,2006,12,Delantero,1,1,0,2,0,0.0,0,0,0,1,0,27
617,Brent Sancho,2006,5,Defensor,3,3,0,0,0,0.0,1,0,0,1,2,27
618,Jason Scotland,2006,20,Delantero,0,0,0,3,0,0.0,0,0,0,0,0,27
619,Densill Theobald,2006,18,Mediocampista,3,3,0,0,0,0.0,1,0,0,1,2,27
620,Aurtis Whitley,2006,9,Mediocampista,3,2,0,0,0,0.0,2,0,0,1,2,27
621,Evans Wise,2006,16,Delantero,2,0,0,1,0,0.0,0,0,0,0,2,27
622,Anthony Wolfe,2006,23,Mediocampista,0,0,0,3,0,0.0,0,0,0,0,0,27
623,Dwight Yorke,2006,19,Delantero,3,3,3,0,0,0.0,1,0,0,1,2,27
624,Clarence Acuña,1998,8,Mediocampista,4,4,0,0,0,0.0,1,0,0,3,1,16
625,Juan Aguilera,1930,-,Delantero,1,1,0,2,0,0.0,0,0,0,0,1,5
626,Sergio Ahumada,1974,9,Delantero,3,3,0,0,1,0.33,0,0,0,2,1,11
627,Miiko Albornoz,2014,3,Defensor,0,0,0,4,0,0.0,0,0,0,0,0,9
628,Manuel Alvarez,1950,-,Defensor,3,3,0,0,0,0.0,0,0,1,0,2,9
629,Charles Aránguiz,2014,20,Mediocampista,4,4,0,0,1,0.25,1,0,2,1,1,9
630,Pedro Araya,1966,1,Delantero,3,3,0,0,0,0.0,0,0,0,1,2,13
631,Guillermo Arellano,1930,-,Delantero,1,1,0,2,0,0.0,0,0,0,0,1,5
632,Antonio Arias,1974,4,Defensor,3,3,0,0,0,0.0,0,0,0,2,1,11
633,Mauricio Aros,1998,16,Defensor,1,1,0,3,0,0.0,0,0,0,0,1,16
634,Manuel Astorga,1962,22,Arquero,0,0,0,6,0,0.0,0,0,0,0,0,3
635,Rodrigo Barrera,1998,21,Delantero,0,0,0,4,0,0.0,0,0,0,0,0,16
636,Jean Beausejour,2010,15,Delantero,4,4,0,0,1,0.25,0,0,2,0,2,10
636,Jean Beausejour,2014,15,Mediocampista,2,0,0,2,1,0.5,0,0,1,0,1,9
637,Hugo Berly,1966,2,Defensor,0,0,0,3,0,0.0,0,0,0,0,0,13
638,Vladimir Bigorra,1982,4,Defensor,3,3,0,0,0,0.0,0,0,0,0,3,22
639,Eduardo Bonvallet,1982,7,Mediocampista,3,3,0,0,0,0.0,0,0,0,0,3,22
640,Claudio Bravo,2010,1,Arquero,4,4,4,0,0,0.0,0,0,2,0,2,10
640,Claudio Bravo,2014,1,Arquero,4,4,4,0,0,0.0,0,0,2,1,1,9
641,Miguel Busquets,1950,-,Mediocampista,3,3,0,0,0,0.0,0,0,1,0,2,9
642,Carlos Campos,1962,20,Delantero,1,1,0,5,0,0.0,0,0,1,0,0,3
642,Carlos Campos,1966,3,Delantero,0,0,0,3,0,0.0,0,0,0,0,0,13
643,Fernando Campos,1950,-,Mediocampista,0,0,0,3,0,0.0,0,0,0,0,0,9
644,Carlos Carmona,2010,6,Mediocampista,3,3,0,1,0,0.0,2,0,2,0,1,10
644,Carlos Carmona,2014,6,Mediocampista,1,0,0,3,0,0.0,0,0,1,0,0,9
645,Hernan Carvallo,1950,-,Mediocampista,2,2,0,1,0,0.0,0,0,0,0,2,9
646,Cristian Castaneda,1998,2,Defensor,1,0,0,3,0,0.0,0,0,0,1,0,16
647,Osvaldo Castro,1974,20,Delantero,0,0,0,3,0,0.0,0,0,0,0,0,11
648,Carlos Caszely,1974,7,Delantero,2,2,0,1,0,0.0,1,1,0,1,1,11
648,Carlos Caszely,1982,13,Delantero,2,2,0,1,0,0.0,0,0,0,0,2,22
649,Ernesto Chaparro,1930,-,Defensor,2,2,0,1,0,0.0,0,0,1,0,1,5
650,Arturo Coddou,1930,-,Delantero,0,0,0,3,0,0.0,0,0,0,0,0,5
651,Carlos Contreras,1962,5,Defensor,5,5,0,1,0,0.0,0,0,3,0,2,3
652,Pablo Contreras,2010,5,Defensor,2,1,0,2,0,0.0,0,0,1,0,1,10
653,Fernando Cornejo,1998,19,Mediocampista,3,1,0,1,0,0.0,0,0,0,2,1,16
654,Marco Cornez,1982,12,Arquero,0,0,0,3,0,0.0,0,0,0,0,0,22
655,Roberto Cortes,1930,-,Arquero,3,3,0,0,0,0.0,0,0,2,0,1,5
656,Atilio Cremaschi,1950,-,Delantero,3,3,0,0,2,0.67,0,0,1,0,2,9
657,Humberto Cruz,1962,16,Defensor,1,1,0,5,0,0.0,0,0,1,0,0,3
658,Guillermo Diaz,1950,-,Delantero,2,2,0,1,0,0.0,0,0,0,0,2,9
659,Marcelo Díaz,2014,21,Mediocampista,4,4,0,0,0,0.0,0,0,2,1,1,9
660,Humberto Donoso,1966,5,Defensor,0,0,0,3,0,0.0,0,0,0,0,0,13
661,Rodolfo Dubo,1982,6,Mediocampista,3,3,0,0,0,0.0,1,0,0,0,3,22
662,Humberto Elgueta,1930,-,Mediocampista,1,1,0,2,0,0.0,0,0,1,0,0,5
663,Enzo Escobar,1982,19,Defensor,0,0,0,3,0,0.0,0,0,0,0,0,22
664,Misael Escuti,1962,1,Arquero,5,5,0,1,0,0.0,0,0,3,0,2,3
665,Cesar Espinoza,1930,-,Arquero,0,0,0,3,0,0.0,0,0,0,0,0,5
666,Fabian Estay,1998,20,Mediocampista,4,2,0,0,0,0.0,1,0,0,3,1,16
667,Marco Estrada,2010,13,Mediocampista,1,1,0,3,0,0.0,0,1,0,0,1,10
668,Luis Eyzaguirre,1962,2,Defensor,6,6,0,0,0,0.0,0,0,4,0,2,3
668,Luis Eyzaguirre,1966,6,Defensor,1,1,0,2,0,0.0,0,0,0,0,1,13
669,Arturo Farias,1950,-,Defensor,3,3,0,0,0,0.0,0,0,1,0,2,9
670,Rogelio Farias,1974,19,Mediocampista,2,0,0,1,0,0.0,0,0,0,2,0,11
671,Matias Fernandez,2010,14,Mediocampista,2,2,0,2,0,0.0,2,0,2,0,0,10
672,Gonzalo Fierro,2010,19,Mediocampista,0,0,0,4,0,0.0,0,0,0,0,0,10
673,Elias Figueroa,1966,7,Defensor,3,3,0,0,0,0.0,0,0,0,1,2,13
673,Elias Figueroa,1974,5,Defensor,3,3,0,0,0,0.0,0,0,0,2,1,11
673,Elias Figueroa,1982,5,Defensor,3,3,3,0,0,0.0,0,0,0,0,3,22
674,Miguel Flores,1950,-,Defensor,0,0,0,3,0,0.0,0,0,0,0,0,9
675,Alberto Fouilloux,1962,10,Mediocampista,2,2,0,4,0,0.0,0,0,2,0,0,3
675,Alberto Fouilloux,1966,8,Mediocampista,2,2,0,1,0,0.0,0,0,0,1,1,13
676,Ismael Fuentes,2010,2,Defensor,1,1,0,3,0,0.0,1,0,0,0,1,10
677,Ronald Fuentes,1998,3,Defensor,4,4,0,0,0,0.0,1,0,0,3,1,16
678,José Fuenzalida,2014,19,Mediocampista,0,0,0,4,0,0.0,0,0,0,0,0,9
679,Mario Galindo,1974,15,Defensor,0,0,0,3,0,0.0,0,0,0,0,0,11
679,Mario Galindo,1982,18,Defensor,1,1,0,2,0,0.0,0,0,0,0,1,22
680,Miguel Gamboa,1982,21,Delantero,2,1,0,1,0,0.0,1,0,0,0,2,22
681,Rolando Garcia,1974,2,Defensor,3,3,0,0,0,0.0,1,0,0,2,1,11
682,Lizardo Garrido,1982,2,Defensor,2,2,0,1,0,0.0,1,0,0,0,2,22
683,Adan Godoy,1962,12,Arquero,1,1,0,5,0,0.0,0,0,1,0,0,3
683,Adan Godoy,1966,9,Arquero,0,0,0,3,0,0.0,0,0,0,0,0,13
684,Mark Gonzalez,2010,11,Delantero,4,2,0,0,1,0.25,0,0,2,0,2,10
685,Rafael Gonzalez,1974,13,Defensor,0,0,0,3,0,0.0,0,0,0,0,0,11
686,Felipe Gutierrez,2014,16,Mediocampista,4,1,0,0,0,0.0,0,0,2,1,1,9
687,Johnny Herrera,2014,23,Arquero,0,0,0,4,0,0.0,0,0,0,0,0,9
688,Roberto Hodge,1966,10,Mediocampista,0,0,0,3,0,0.0,0,0,0,0,0,13
689,Carlos Ibanez,1950,-,Delantero,1,1,0,2,0,0.0,0,0,1,0,0,9
690,Raymundo Infante,1950,-,Delantero,0,0,0,3,0,0.0,0,0,0,0,0,9
691,Mauricio Isla,2010,4,Defensor,4,4,0,0,0,0.0,0,0,2,0,2,10
691,Mauricio Isla,2014,4,Defensor,4,4,0,0,0,0.0,0,0,2,1,1,9
692,Gonzalo Jara,2010,18,Defensor,4,3,0,0,0,0.0,0,0,2,0,2,10
692,Gonzalo Jara,2014,18,Defensor,4,4,0,0,0,0.0,0,0,2,1,1,9
693,Honorino Landa,1962,9,Delantero,5,5,0,1,0,0.0,0,0,3,0,2,3
693,Honorino Landa,1966,11,Delantero,2,2,0,1,0,0.0,0,0,0,1,1,13
694,Alfonso Lara,1974,14,Mediocampista,1,0,0,2,0,0.0,0,0,0,0,1,11
695,Mario Lepe,1962,14,Defensor,0,0,0,6,0,0.0,0,0,0,0,0,3
696,Juan Letelier,1982,9,Delantero,2,0,0,1,1,0.5,1,0,0,0,2,22
697,Sergio Livingstone,1950,-,Arquero,3,3,3,0,0,0.0,0,0,1,0,2,9
698,Juan Machuca,1974,12,Defensor,0,0,0,3,0,0.0,0,0,0,0,0,11
699,Manuel Machuca,1950,-,Defensor,1,1,0,2,0,0.0,0,0,1,0,0,9
700,Ruben Marcos,1966,12,Mediocampista,3,3,0,0,2,0.67,1,0,0,1,2,13
701,Javier Margas,1998,5,Defensor,4,4,0,0,0,0.0,0,0,0,3,1,16
703,Luis Mayanes,1950,-,Delantero,1,1,0,2,0,0.0,0,0,0,0,1,9
704,Gary Medel,2010,17,Defensor,3,3,0,1,0,0.0,2,0,2,0,1,10
704,Gary Medel,2014,17,Defensor,4,4,0,0,0,0.0,0,0,2,1,1,9
705,Eugenio Mena,2014,2,Defensor,4,4,0,0,0,0.0,2,0,2,1,1,9
706,Rodrigo Millar,2010,20,Mediocampista,3,1,0,1,1,0.33,1,0,1,0,2,10
707,Victor Morales,1930,-,Defensor,2,2,0,1,0,0.0,0,0,1,0,1,5
708,Mario Moreno,1962,18,Delantero,1,1,0,5,0,0.0,0,0,0,0,1,3
709,Gustavo Moscoso,1982,11,Delantero,3,3,0,0,1,0.33,0,0,0,0,3,22
710,Horacio Munoz,1930,-,Delantero,0,0,0,3,0,0.0,0,0,0,0,0,5
711,Manuel Munoz,1950,-,Delantero,2,2,0,1,0,0.0,0,0,0,0,2,9
712,Luis Musrri,1998,18,Mediocampista,1,0,0,3,0,0.0,0,0,0,0,1,16
713,Braulio Musso,1962,19,Delantero,0,0,0,6,0,0.0,0,0,0,0,0,3
714,Sergio Navarro,1962,4,Defensor,4,4,4,2,0,0.0,0,0,3,0,1,3
715,Adolfo Nef,1974,22,Arquero,0,0,0,3,0,0.0,0,0,0,0,0,11
716,Manuel Neira,1998,13,Delantero,0,0,0,4,0,0.0,0,0,0,0,0,16
717,Miguel Neira,1982,20,Mediocampista,3,2,0,0,1,0.33,0,0,0,0,3,22
718,Tomas Ojeda,1930,-,Delantero,2,2,0,1,0,0.0,0,0,2,0,0,5
719,Juan Olivares,1966,13,Arquero,3,3,0,0,0,0.0,0,0,0,1,2,13
719,Juan Olivares,1974,21,Arquero,0,0,0,3,0,0.0,0,0,0,0,0,11
720,Fabian Orellana,2010,16,Delantero,1,0,0,3,0,0.0,0,0,0,0,1,10
720,Fabian Orellana,2014,14,Delantero,0,0,0,4,0,0.0,0,0,0,0,0,9
721,Raul Ormeno,1982,14,Mediocampista,0,0,0,3,0,0.0,0,0,0,0,0,22
722,Mario Ortiz,1962,17,Mediocampista,0,0,0,6,0,0.0,0,0,0,0,0,3
723,Mario Osben,1982,22,Arquero,3,3,0,0,0,0.0,0,0,0,0,3,22
724,Guillermo Paez,1974,16,Mediocampista,3,3,0,0,0,0.0,1,0,0,2,1,11
725,Esteban Paredes,2010,22,Delantero,2,0,0,2,0,0.0,0,0,1,0,1,10
725,Esteban Paredes,2014,22,Delantero,0,0,0,4,0,0.0,0,0,0,0,0,9
726,Nelson Parraguez,1998,7,Mediocampista,3,3,0,1,0,0.0,2,0,0,3,0,16
727,Mauricio Pinilla,2014,9,Delantero,3,0,0,1,0,0.0,1,0,1,1,1,9
728,Miguel Pinto,2010,12,Arquero,0,0,0,4,0,0.0,0,0,0,0,0,10
729,Ulises Poirier,1930,-,Defensor,1,1,0,2,0,0.0,0,0,1,0,0,5
730,Waldo Ponce,2010,3,Defensor,3,3,0,1,0,0.0,2,0,2,0,1,10
731,Andres Prieto,1950,-,Delantero,2,2,0,1,1,0.5,0,0,1,0,1,9
732,Ignacio Prieto,1966,14,Mediocampista,3,3,0,0,0,0.0,0,0,0,1,2,13
733,Alberto Quintano,1974,3,Defensor,3,3,0,0,0,0.0,0,0,0,2,1,11
734,Rene Quitral,1950,-,Arquero,0,0,0,3,0,0.0,0,0,0,0,0,9
735,Jaime Ramirez,1962,7,Delantero,6,6,0,0,2,0.33,0,0,4,0,2,3
735,Jaime Ramirez,1966,15,Delantero,0,0,0,3,0,0.0,0,0,0,0,0,13
736,Marcelo Ramirez,1998,12,Arquero,0,0,0,4,0,0.0,0,0,0,0,0,16
737,Miguel Ramirez,1998,14,Defensor,3,1,0,1,0,0.0,1,0,0,2,1,16
738,Orlando Ramirez,1966,16,Delantero,0,0,0,3,0,0.0,0,0,0,0,0,13
739,Carlos Reinoso,1974,10,Mediocampista,3,3,0,0,0,0.0,1,0,0,2,1,11
740,Pedro Reyes,1998,6,Defensor,4,4,0,0,0,0.0,0,0,0,3,1,16
741,Fernando Riera,1950,-,Delantero,1,1,0,2,1,1.0,0,0,1,0,0,9
742,Carlos Rivas,1982,8,Mediocampista,0,0,0,3,0,0.0,0,0,0,0,0,22
743,Guillermo Riveros,1930,-,Defensor,1,1,0,2,0,0.0,0,0,1,0,0,5
744,Jorge Robledo,1950,-,Delantero,3,3,0,0,1,0.33,0,0,1,0,2,9
745,Juan Rodriguez,1974,6,Defensor,1,1,0,2,0,0.0,0,0,0,0,1,11
746,Manuel Rodriguez,1962,15,Defensor,2,2,0,4,0,0.0,0,0,1,0,1,3
747,Carlos Rojas,1950,-,Mediocampista,1,1,0,2,0,0.0,0,0,1,0,0,9
748,Eladio Rojas,1962,6,Mediocampista,6,6,0,0,2,0.33,0,0,4,0,2,3
749,Francisco Rojas,1998,4,Defensor,3,3,0,1,0,0.0,2,0,0,3,0,16
750,José Rojas,2014,13,Defensor,1,0,0,3,0,0.0,0,0,0,1,0,9
751,Manuel Rojas,1982,16,Mediocampista,1,0,0,2,0,0.0,0,0,0,0,1,22
752,Oscar Rojas,1982,17,Defensor,0,0,0,3,0,0.0,0,0,0,0,0,22
753,Fernando Roldan,1950,-,Defensor,2,2,0,1,0,0.0,0,0,0,0,2,9
754,Guillermo Saavedra,1930,-,Mediocampista,3,3,0,0,0,0.0,0,0,2,0,1,5
755,Osvaldo Saez,1950,-,Mediocampista,0,0,0,3,0,0.0,0,0,0,0,0,9
756,Marcelo Salas,1998,11,Delantero,4,4,0,0,4,1.0,1,0,0,3,1,16
757,Alexis Sanchez,2010,7,Delantero,4,4,0,0,0,0.0,0,0,2,0,2,10
757,Alexis Sanchez,2014,7,Delantero,4,4,0,0,2,0.5,0,0,2,1,1,9
758,Leonel Sanchez,1962,11,Delantero,6,6,0,0,4,0.67,0,0,4,0,2,3
758,Leonel Sanchez,1966,17,Mediocampista,3,3,3,0,0,0.0,0,0,0,1,2,13
759,Raul Sanchez,1962,3,Defensor,6,6,0,0,0,0.0,0,0,4,0,2,3
760,Carlos Schneeberger,1930,-,Delantero,2,2,2,1,0,0.0,0,0,2,0,0,5
761,Jose Sierra,1998,10,Mediocampista,4,2,0,0,1,0.25,0,0,0,3,1,16
762,Francisco Silva,2014,5,Mediocampista,3,3,0,1,0,0.0,2,0,1,1,1,9
763,Jorge Socias,1974,18,Mediocampista,1,1,0,2,0,0.0,0,0,0,1,0,11
764,Mario Soto,1982,10,Defensor,2,1,0,1,0,0.0,0,0,0,0,2,22
765,Humberto Suazo,2010,9,Delantero,2,2,0,2,0,0.0,1,0,1,0,1,10
766,Guillermo Subiabre,1930,-,Delantero,3,3,1,0,2,0.67,0,0,2,0,1,5
767,Nelson Tapia,1998,1,Arquero,4,4,0,0,0,0.0,1,0,0,3,1,16
768,Carlos Tejas,1998,22,Arquero,0,0,0,4,0,0.0,0,0,0,0,0,16
769,Rodrigo Tello,2010,21,Mediocampista,1,0,0,3,0,0.0,0,0,0,0,1,10
770,Armando Tobar,1962,21,Delantero,4,4,0,2,0,0.0,0,0,2,0,2,3
770,Armando Tobar,1966,18,Delantero,1,1,0,2,0,0.0,0,0,0,0,1,13
771,Jorge Toro,1962,8,Mediocampista,5,5,2,1,2,0.4,0,0,4,0,1,3
772,Arturo Torres,1930,-,Mediocampista,3,3,0,0,0,0.0,0,0,2,0,1,5
773,Casimiro Torres,1930,-,Mediocampista,2,2,0,1,0,0.0,0,0,1,0,1,5
774,Cristopher Toselli,2014,12,Arquero,0,0,0,4,0,0.0,0,0,0,0,0,9
775,Francisco Urroz,1950,-,Defensor,0,0,0,3,0,0.0,0,0,0,0,0,9
776,Francisco Valdes,1966,19,Delantero,0,0,0,1,0,0.0,0,0,0,0,0,13
776,Francisco Valdes,1974,8,Mediocampista,3,3,3,0,0,0.0,0,0,0,2,1,11
777,Sergio Valdes,1962,13,Defensor,0,0,0,6,0,0.0,0,0,0,0,0,3
778,Jorge Valdivia,2010,10,Mediocampista,4,2,0,0,0,0.0,1,0,2,0,2,10
778,Jorge Valdivia,2014,10,Mediocampista,3,1,0,1,1,0.33,0,0,2,0,1,9
779,Alberto Valentini,1966,20,Defensor,2,2,0,1,0,0.0,0,0,0,1,1,13
780,Rene Valenzuela,1982,3,Defensor,3,3,0,0,0,0.0,0,0,0,0,3,22
781,Leopoldo Vallejos,1974,1,Arquero,3,3,0,0,0,0.0,0,0,0,2,1,11
782,Eduardo Vargas,2014,11,Delantero,4,4,0,0,1,0.25,0,0,2,1,1,9
783,Marcelo Vega,1998,17,Mediocampista,1,0,0,3,0,0.0,0,0,0,0,1,16
784,Leonardo Veliz,1974,11,Delantero,3,2,0,0,0,0.0,1,0,0,2,1,11
785,Arturo Vidal,2010,8,Mediocampista,4,4,0,0,0,0.0,1,0,2,0,2,10
785,Arturo Vidal,2014,8,Mediocampista,3,3,0,1,0,0.0,1,0,2,1,0,9
786,Carlos Vidal,1930,-,Delantero,3,3,0,0,2,0.67,0,0,2,0,1,5
787,Eberardo Villalobos,1930,-,Delantero,3,3,0,0,0,0.0,0,0,2,0,1,5
788,Hugo Villanueva,1966,21,Defensor,3,3,0,0,0,0.0,0,0,0,1,2,13
789,Moises Villarroel,1998,15,Defensor,3,3,0,1,0,0.0,2,0,0,3,0,16
790,Oscar Wirth,1982,1,Arquero,0,0,0,3,0,0.0,0,0,0,0,0,22
791,Patricio Yanez,1982,15,Delantero,3,3,0,0,0,0.0,0,0,0,0,3,22
792,Guillermo Yavar,1966,22,Delantero,1,1,0,2,0,0.0,0,0,0,0,1,13
792,Guillermo Yavar,1974,17,Mediocampista,2,0,0,1,0,0.0,0,0,0,2,0,11
793,Ivan Zamorano,1998,9,Delantero,4,4,4,0,0,0.0,1,0,0,3,1,16
794,Marek Cech,2010,4,Defensor,1,1,0,3,0,0.0,0,0,0,1,0,16
795,Jan Durica,2010,16,Defensor,4,4,0,0,0,0.0,1,0,1,1,2,16
796,Marek Hamsik,2010,17,Mediocampista,4,4,4,0,0,0.0,0,0,1,1,2,16
797,Filip Holosko,2010,13,Delantero,2,0,0,2,0,0.0,0,0,0,1,1,16
798,Martin Jakubko,2010,14,Delantero,1,0,0,3,0,0.0,0,0,0,0,1,16
799,Erik Jendrisek,2010,18,Delantero,3,3,0,1,0,0.0,0,0,1,1,1,16
800,Kamil Kopunek,2010,20,Mediocampista,2,0,0,2,1,0.5,1,0,1,0,1,16
801,Jan Kozak,1982,7,Mediocampista,0,0,0,3,0,0.0,0,0,0,0,0,19
801,Jan Kozak,2010,8,Mediocampista,1,1,0,3,0,0.0,0,0,0,0,1,16
802,Dusan Kuciak,2010,23,Arquero,0,0,0,4,0,0.0,0,0,0,0,0,16
803,Juraj Kucka,2010,19,Mediocampista,3,2,0,1,0,0.0,1,0,1,1,1,16
804,Jan Mucha,2010,1,Arquero,4,4,0,0,0,0.0,1,0,1,1,2,16
805,Peter Pekarik,2010,2,Defensor,3,3,0,1,0,0.0,1,0,1,0,2,16
806,Dusan Pernis,2010,12,Arquero,0,0,0,4,0,0.0,0,0,0,0,0,16
807,Martin Petras,2010,22,Defensor,1,0,0,3,0,0.0,0,0,1,0,0,16
808,Kornel Salata,2010,21,Defensor,1,1,0,3,0,0.0,0,0,0,0,1,16
809,Marek Sapara,2010,10,Mediocampista,1,0,0,3,0,0.0,0,0,0,0,1,16
810,Stanislav Sestak,2010,9,Delantero,3,2,0,1,0,0.0,1,0,1,1,1,16
811,Martin Skrtel,2010,3,Defensor,4,4,0,0,0,0.0,1,0,1,1,2,16
812,Miroslav Stoch,2010,15,Mediocampista,4,2,0,0,0,0.0,0,0,1,1,2,16
813,Zdenko Strba,2010,6,Mediocampista,3,3,0,1,0,0.0,2,0,1,1,1,16
814,Robert Vittek,2010,11,Delantero,4,4,0,0,4,1.0,1,0,1,1,2,16
815,Vladimir Weiss,1990,14,Mediocampista,3,1,0,2,0,0.0,0,0,2,0,1,6
815,Vladimir Weiss,2010,7,Mediocampista,3,3,0,1,0,0.0,1,0,0,1,2,16
816,Radoslav Zabavnik,2010,5,Defensor,3,3,0,1,0,0.0,0,0,1,1,1,16
817,Elmer Angel Acevedo,1970,21,Delantero,0,0,0,3,0,0.0,0,0,0,0,0,16
818,Mauricio Alfaro,1982,16,Mediocampista,1,0,0,2,0,0.0,0,0,0,0,1,24
819,Ernesto Aparicio,1970,11,Delantero,3,2,0,0,0,0.0,0,0,0,0,3,16
820,Silvio Aquino,1982,7,Mediocampista,0,0,0,3,0,0.0,0,0,0,0,0,24
821,David Cabrera,1970,15,Delantero,0,0,0,3,0,0.0,0,0,0,0,0,16
822,Mario Castillo,1982,2,Defensor,1,1,0,2,0,0.0,0,0,0,0,1,24
823,Guillermo Castro,1970,18,Defensor,1,1,0,2,0,0.0,0,0,0,0,1,16
824,Miguel Diaz,1982,18,Defensor,2,0,0,1,0,0.0,0,0,0,0,2,24
825,Ramon Fagoaga,1982,5,Defensor,2,1,0,1,0,0.0,1,0,0,0,2,24
826,Juan Gualberto Fernandez,1970,20,Arquero,0,0,0,3,0,0.0,0,0,0,0,0,16
827,Salvador Flamenco Cabezas,1970,10,Delantero,3,3,0,0,0,0.0,1,0,0,0,3,16
828,Jorge Gonzalez,1982,11,Delantero,3,3,0,0,0,0.0,0,0,0,0,3,24
829,Luis Guevara Mora,1982,1,Arquero,3,3,0,0,0,0.0,0,0,0,0,3,24
831,Julio Hernandez,1982,19,Arquero,0,0,0,3,0,0.0,0,0,0,0,0,24
832,Jose Huezo,1982,10,Mediocampista,3,3,3,0,0,0.0,0,0,0,0,3,24
833,Jose Jovel,1982,3,Defensor,3,3,0,0,0,0.0,0,0,0,0,3,24
834,Raul Magana,1970,1,Arquero,3,3,0,0,0,0.0,1,0,0,0,3,16
835,Mauricio Manzano,1970,14,Defensor,1,1,0,2,0,0.0,0,0,0,0,1,16
836,Salvador Mariona,1970,3,Defensor,3,3,3,0,0,0.0,1,0,0,0,3,16
837,Juan Martinez,1970,9,Mediocampista,2,2,0,1,0,0.0,0,0,0,0,2,16
838,Sergio Mendez,1970,19,Mediocampista,2,1,0,1,0,0.0,1,0,0,0,2,16
839,Santiago Mendez Cortes,1970,4,Defensor,2,1,0,1,0,0.0,0,0,0,0,2,16
840,Mario Monge,1970,12,Mediocampista,2,1,0,1,0,0.0,0,0,0,0,2,16
841,Jose Munguia,1982,20,Arquero,0,0,0,3,0,0.0,0,0,0,0,0,24
842,Saturnino Osorio,1970,5,Defensor,3,3,0,0,0,0.0,0,0,0,0,3,16
843,Francisco Osorto,1982,12,Defensor,2,2,0,1,0,0.0,2,0,0,0,2,24
844,Tomas Pineda,1970,13,Arquero,0,0,0,3,0,0.0,0,0,0,0,0,16
845,Jaime Portillo,1970,17,Delantero,1,1,0,2,0,0.0,0,0,0,0,1,16
846,Jose Quintanilla,1970,6,Mediocampista,2,2,0,1,0,0.0,0,0,0,0,2,16
847,Guillermo Ragazzone,1982,17,Delantero,0,0,0,3,0,0.0,0,0,0,0,0,24
848,Luis Ramirez,1982,14,Delantero,3,2,0,0,1,0.33,1,0,0,0,3,24
849,Carlos Recinos,1982,4,Defensor,3,3,0,0,0,0.0,1,0,0,0,3,24
850,Jose Rivas,1982,13,Delantero,3,3,0,0,0,0.0,0,0,0,0,3,24
851,Roberto Rivas,1970,2,Defensor,3,3,0,0,0,0.0,0,0,0,0,3,16
852,Jaime Rodriguez,1982,15,Defensor,3,3,0,0,0,0.0,0,0,0,0,3,24
853,Mauricio Rodriguez,1970,7,Mediocampista,3,3,0,0,0,0.0,0,0,0,0,3,16
854,Jose Rugamas,1982,8,Mediocampista,2,2,0,1,0,0.0,0,0,0,0,2,24
855,Genaro Sermeno,1970,16,Mediocampista,2,0,0,1,0,0.0,0,0,0,0,2,16
856,Alfredo Vasquez,1970,8,Mediocampista,3,3,0,0,0,0.0,0,0,0,0,3,16
857,Joaquin Ventura,1982,6,Mediocampista,3,3,0,0,0,0.0,0,0,0,0,3,24
858,Alberto Villalta,1970,22,Mediocampista,0,0,0,3,0,0.0,0,0,0,0,0,16
859,Patrice Abanda,1998,13,Defensor,0,0,0,3,0,0.0,0,0,0,0,0,25
860,Theophile Abega,1982,14,Mediocampista,3,3,0,0,0,0.0,0,0,0,3,0,17
861,Vincent Aboubakar,2010,23,Delantero,2,0,0,1,0,0.0,0,0,0,0,2,31
861,Vincent Aboubakar,2014,10,Delantero,2,2,0,1,0,0.0,0,0,0,0,2,32
861,Vincent Aboubakar,2022,10,Delantero,3,1,1,0,2,0.67,0,1,1,1,1,19
862,Hans Agbo,1994,15,Defensor,3,3,0,0,0,0.0,0,0,0,1,2,22
863,Nicolas Alnoudji,2002,15,Mediocampista,0,0,0,3,0,0.0,0,0,0,0,0,20
864,William Andem,1998,16,Arquero,0,0,0,3,0,0.0,0,0,0,0,0,25
865,Didier Angibeaud,1998,8,Mediocampista,3,2,0,0,0,0.0,1,0,0,2,1,25
866,Ibrahim Aoudou,1982,16,Defensor,3,3,0,0,0,0.0,1,0,0,3,0,17
867,Benoit Assou-Ekotto,2010,2,Defensor,3,3,0,0,0,0.0,0,0,0,0,3,31
867,Benoit Assou-Ekotto,2014,2,Defensor,2,2,0,1,0,0.0,0,0,0,0,2,32
868,Paul Bahoken,1982,13,Delantero,1,0,0,2,0,0.0,0,0,0,1,0,17
869,Christian Bassogog,2022,11,Delantero,1,0,0,2,0,0.0,1,0,0,1,0,19
870,Sebastien Bassong,2010,5,Defensor,2,2,0,1,0,0.0,1,0,0,0,2,31
871,Henri Bedimo,2014,12,Defensor,1,1,0,2,0,0.0,0,0,0,0,1,32
872,Joseph-Antoine Bell,1982,12,Arquero,0,0,0,3,0,0.0,0,0,0,0,0,17
872,Joseph-Antoine Bell,1990,1,Arquero,0,0,0,5,0,0.0,0,0,0,0,0,7
872,Joseph-Antoine Bell,1994,1,Arquero,2,2,0,1,0,0.0,0,0,0,1,1,22
873,Gaetan Bong,2010,12,Defensor,1,1,0,2,0,0.0,0,0,0,0,1,31
874,Alioum Boukar,1998,22,Arquero,0,0,0,3,0,0.0,0,0,0,0,0,25
874,Alioum Boukar,2002,1,Arquero,3,3,0,0,0,0.0,0,0,1,1,1,20
875,Jean-Charles Castelletto,2022,21,Defensor,2,2,0,1,1,0.5,0,0,0,1,1,19
876,Aurelien Chedjou,2010,14,Defensor,1,1,0,2,0,0.0,0,0,0,0,1,31
876,Aurelien Chedjou,2014,14,Defensor,2,2,0,1,0,0.0,0,0,0,0,2,32
877,Eric Maxim Choupo Moting,2010,13,Delantero,2,2,0,1,0,0.0,0,0,0,0,2,31
877,Eric Maxim Choupo Moting,2014,13,Delantero,3,3,0,0,0,0.0,0,0,0,0,3,32
877,Eric Maxim Choupo Moting,2022,13,Delantero,3,3,2,0,1,0.33,0,0,1,1,1,19
878,Eric Djemba Djemba,2002,19,Delantero,0,0,0,3,0,0.0,0,0,0,0,0,20
879,Cedric Djeugoue,2014,4,Defensor,1,1,0,2,0,0.0,0,0,0,0,1,32
880,Boneventure Djonkep,1990,18,Delantero,1,0,0,4,0,0.0,0,0,1,0,0,7
881,Ernest Ebongue,1982,21,Delantero,0,0,0,3,0,0.0,0,0,0,0,0,17
882,Enzo Ebosse,2022,24,Defensor,1,1,0,2,0,0.0,0,0,1,0,0,19
883,Bertin Ebwelle,1990,5,Defensor,5,5,0,0,0,0.0,0,0,3,0,2,7
884,Eugene Ekeke,1990,11,Delantero,1,0,0,4,1,1.0,0,0,0,0,1,7
885,Samuel Ekeme,1994,4,Defensor,0,0,0,3,0,0.0,0,0,0,0,0,22
886,Joseph Elanga,1998,2,Mediocampista,0,0,0,3,0,0.0,0,0,0,0,0,25
887,Achille Emana,2010,10,Delantero,2,1,0,1,0,0.0,0,0,0,0,2,31
888,David Embe,1994,19,Delantero,3,3,0,0,1,0.33,0,0,0,1,2,22
889,Joseph Enanga,1982,19,Mediocampista,0,0,0,3,0,0.0,0,0,0,0,0,17
890,Eyong Enoh,2010,18,Mediocampista,2,2,0,1,0,0.0,0,0,0,0,2,31
890,Eyong Enoh,2014,18,Mediocampista,3,3,0,0,0,0.0,1,0,0,0,3,32
891,Edmond Enoka,1982,3,Defensor,0,0,0,3,0,0.0,0,0,0,0,0,17
892,Joel Epalle,2002,14,Mediocampista,0,0,0,3,0,0.0,0,0,0,0,0,20
893,Devis Epassy,2022,16,Arquero,2,2,0,1,0,0.0,0,0,1,1,0,19
894,Samuel Eto'o,1998,11,Delantero,1,0,0,2,0,0.0,0,0,0,0,1,25
894,Samuel Eto'o,2002,9,Delantero,3,3,0,0,1,0.33,0,0,1,1,1,20
894,Samuel Eto'o,2010,9,Delantero,3,3,3,0,2,0.67,0,0,0,0,3,31
894,Samuel Eto'o,2014,9,Delantero,1,1,1,2,0,0.0,0,0,0,0,1,32
895,Alain Eyobo-Makongo,1982,20,Delantero,0,0,0,3,0,0.0,0,0,0,0,0,17
896,Collins Faï,2022,19,Defensor,3,3,0,0,0,0.0,2,0,1,1,1,19
897,Loïc Feudjou,2014,1,Arquero,0,0,0,3,0,0.0,0,0,0,0,0,32
898,Roger Feutmba,1990,19,Mediocampista,0,0,0,5,0,0.0,0,0,0,0,0,7
899,Jean Pierre Fiala Fiala,1994,18,Mediocampista,0,0,0,3,0,0.0,0,0,0,0,0,22
900,Marc-Vivien Foe,1994,17,Mediocampista,3,3,0,0,0,0.0,0,0,0,1,2,22
900,Marc-Vivien Foe,2002,17,Mediocampista,3,3,0,0,0,0.0,1,0,1,1,1,20
901,Geremi,2002,8,Defensor,3,3,0,0,0,0.0,1,0,1,1,1,20
901,Geremi,2010,8,Defensor,3,2,0,0,0,0.0,0,0,0,0,3,31
902,Souleymanou Hamidou,2010,16,Arquero,3,3,0,0,0,0.0,0,0,0,0,3,31
903,Martin Hongla,2022,18,Mediocampista,2,2,0,1,0,0.0,0,0,0,1,1,19
904,Mohamadou Idrissou,2010,17,Delantero,3,0,0,0,0,0.0,0,0,0,0,3,31
905,Samuel Ipoua,1998,18,Delantero,2,2,0,1,0,0.0,1,0,0,1,1,25
906,Charles Itandje,2014,16,Arquero,3,3,0,0,0,0.0,0,0,0,0,3,32
907,Joseph-Desire Job,1998,21,Delantero,3,1,0,0,0,0.0,0,0,0,2,1,25
907,Joseph-Desire Job,2002,21,Delantero,1,0,0,2,0,0.0,0,0,0,0,1,20
908,Michel Kaham,1982,2,Defensor,3,3,0,0,0,0.0,0,0,0,3,0,17
909,Raymond Kalla,1994,13,Defensor,3,3,0,0,0,0.0,1,0,0,1,2,22
909,Raymond Kalla,1998,5,Defensor,2,2,0,1,0,0.0,0,1,0,1,1,25
909,Raymond Kalla,2002,5,Defensor,3,3,0,0,0,0.0,1,0,1,1,1,20
910,Idriss Kameni,2002,22,Arquero,0,0,0,3,0,0.0,0,0,0,0,0,20
910,Idriss Kameni,2010,1,Arquero,0,0,0,3,0,0.0,0,0,0,0,0,31
911,Joseph Kamga,1982,17,Mediocampista,0,0,0,3,0,0.0,0,0,0,0,0,17
912,Andre Kana-Biyik,1990,2,Mediocampista,3,3,0,2,0,0.0,2,1,2,0,1,7
912,Andre Kana-Biyik,1994,2,Mediocampista,1,1,0,2,0,0.0,1,0,0,0,1,22
913,Daniel Kome,2002,23,Mediocampista,2,1,0,1,0,0.0,0,0,1,0,1,20
914,Emmanuel Kunde,1982,6,Defensor,3,3,0,0,0,0.0,0,0,0,3,0,17
914,Emmanuel Kunde,1990,6,Defensor,4,4,0,1,1,0.25,0,0,2,0,2,7
915,Pierre Kunde,2022,15,Mediocampista,2,2,0,1,0,0.0,1,0,1,1,0,19
916,Lauren,1998,12,Defensor,1,0,0,2,0,0.0,0,1,0,1,0,25
916,Lauren,2002,12,Mediocampista,3,3,0,0,0,0.0,1,0,1,1,1,20
917,Thomas Libiih,1990,15,Mediocampista,2,1,0,3,0,0.0,0,0,1,0,1,7
917,Thomas Libiih,1994,6,Mediocampista,3,3,0,0,0,0.0,0,0,0,1,2,22
918,Paul Loga,1994,12,Mediocampista,0,0,0,3,0,0.0,0,0,0,0,0,22
919,Emmanuel Maboang,1990,21,Mediocampista,3,3,0,2,0,0.0,0,0,2,0,1,7
919,Emmanuel Maboang,1994,11,Mediocampista,2,0,0,1,0,0.0,0,0,0,1,1,22
920,Marcel Mahouve,1998,19,Mediocampista,1,1,0,2,0,0.0,0,0,0,1,0,25
921,Cyrille Makanaky,1990,20,Delantero,5,5,0,0,0,0.0,0,0,3,0,2,7
922,Jean Makoun,2010,11,Mediocampista,3,2,0,0,0,0.0,0,0,0,0,3,31
922,Jean Makoun,2014,11,Mediocampista,1,0,0,2,0,0.0,0,0,0,0,1,32
923,Georges Mandjeck,2010,20,Mediocampista,0,0,0,3,0,0.0,0,0,0,0,0,31
924,Souaïbou Marou,2022,26,Mediocampista,0,0,0,3,0,0.0,0,0,0,0,0,19
925,Benjamin Massing,1990,4,Defensor,2,2,0,3,0,0.0,2,1,1,0,1,7
926,Joel Matip,2010,21,Mediocampista,1,1,0,2,0,0.0,0,0,0,0,1,31
926,Joel Matip,2014,21,Mediocampista,2,2,0,1,1,0.5,0,0,0,0,2,32
927,Olivier Mbaizo,2022,17,Defensor,0,0,0,3,0,0.0,0,0,0,0,0,19
928,Bryan Mbeumo,2022,20,Delantero,3,3,0,0,0,0.0,0,0,1,1,1,19
929,Stephane Mbia,2010,19,Defensor,3,3,0,0,0,0.0,2,0,0,0,3,31
929,Stephane Mbia,2014,17,Defensor,3,3,0,0,0,0.0,1,0,0,0,3,32
930,Gregoire Mbida,1982,8,Mediocampista,3,3,0,0,1,0.33,0,0,0,3,0,17
931,Ephrem Mbom,1982,7,Defensor,3,3,0,0,0,0.0,0,0,0,3,0,17
932,Patrick Mboma,1998,10,Delantero,3,3,0,0,1,0.33,0,0,0,2,1,25
932,Patrick Mboma,2002,10,Delantero,3,3,0,0,1,0.33,0,0,1,1,1,20
933,Emile Mbouh,1990,8,Mediocampista,4,4,0,1,0,0.0,2,0,3,0,1,7
933,Emile Mbouh,1994,8,Mediocampista,2,2,0,1,0,0.0,1,0,0,1,1,22
934,Lucien Mettomo,2002,13,Defensor,0,0,0,3,0,0.0,0,0,0,0,0,20
935,Louis Mfede,1990,10,Mediocampista,5,5,0,0,0,0.0,0,0,3,0,2,7
935,Louis Mfede,1994,10,Mediocampista,3,3,0,0,0,0.0,0,0,0,1,2,22
936,Roger Milla,1982,9,Delantero,3,3,0,0,0,0.0,1,0,0,3,0,17
936,Roger Milla,1990,9,Delantero,5,0,0,0,4,0.8,2,0,3,0,2,7
936,Roger Milla,1994,9,Delantero,2,0,0,1,1,0.5,0,0,0,0,2,22
937,Benjamin Moukandjo,2014,8,Delantero,3,3,0,0,0,0.0,0,0,0,0,3,32
938,Georges Mouyeme,1994,20,Delantero,1,0,0,2,0,0.0,0,0,0,1,0,22
939,Landry N'Guémo,2010,7,Mediocampista,1,1,0,2,0,0.0,0,0,0,0,1,31
939,Landry N'Guémo,2014,7,Mediocampista,1,1,0,2,0,0.0,0,0,0,0,1,32
940,Pius Ndiefi,2002,11,Delantero,1,0,0,2,0,0.0,0,0,1,0,0,20
941,Victor Ndip,1990,17,Defensor,4,4,0,1,0,0.0,2,0,3,0,1,7
941,Victor Ndip,1994,5,Defensor,1,1,0,2,0,0.0,0,0,0,0,1,22
942,Rene Ndjeya,1982,4,Defensor,3,3,0,0,0,0.0,1,0,0,3,0,17
943,Sammy Ndjock,2014,23,Arquero,0,0,0,3,0,0.0,0,0,0,0,0,32
944,Joseph Ndo,1998,15,Mediocampista,3,3,0,0,0,0.0,0,0,0,2,1,25
944,Joseph Ndo,2002,7,Delantero,0,0,0,3,0,0.0,0,0,0,0,0,20
945,Francois Ndoumbe Lea,1982,15,Defensor,0,0,0,3,0,0.0,0,0,0,0,0,17
946,Guy Ndy,2010,22,Arquero,0,0,0,3,0,0.0,0,0,0,0,0,31
947,Nicolas Ngamaleu,2022,6,Delantero,2,1,0,1,0,0.0,0,0,1,0,1,19
948,Simon Ngapandouetnbu,2022,1,Arquero,0,0,0,3,0,0.0,0,0,0,0,0,19
949,Jerome Ngom Mbekeli,2022,2,Delantero,1,0,0,2,0,0.0,0,0,1,0,0,19
950,Jacques Nguea,1982,18,Delantero,2,2,0,1,0,0.0,0,0,0,2,0,17
951,Pierre Njanka,1998,6,Defensor,3,3,0,0,1,0.33,1,0,0,2,1,25
951,Pierre Njanka,2002,6,Defensor,1,0,0,2,0,0.0,0,0,1,0,0,20
952,Thomas Nkono,1982,1,Arquero,3,3,3,0,0,0.0,1,0,0,3,0,17
952,Thomas Nkono,1990,16,Arquero,5,5,0,0,0,0.0,2,0,3,0,2,7
952,Thomas Nkono,1994,21,Arquero,0,0,0,3,0,0.0,0,0,0,0,0,22
953,Georges-Kévin Nkoudou,2022,7,Mediocampista,2,0,0,1,0,0.0,0,0,0,1,1,19
954,Nicolas Nkoulou,2010,3,Defensor,3,3,0,0,0,0.0,2,0,0,0,3,31
954,Nicolas Nkoulou,2014,3,Defensor,3,3,2,0,0,0.0,0,0,0,0,3,32
954,Nicolas Nkoulou,2022,3,Defensor,2,2,0,1,0,0.0,1,0,0,1,1,19
955,Dany Nounkeu,2014,5,Defensor,2,0,0,1,0,0.0,1,0,0,0,2,32
956,Jean-Pierre Nsame,2022,9,Delantero,0,0,0,3,0,0.0,0,0,0,0,0,19
957,Olivier Ntcham,2022,22,Mediocampista,1,0,0,2,0,0.0,0,0,1,0,0,19
958,Nyom,2014,22,Defensor,1,1,0,2,0,0.0,0,0,0,0,1,32
959,Salomon Olembe,1998,20,Mediocampista,3,2,0,0,0,0.0,0,0,0,2,1,25
959,Salomon Olembe,2002,20,Defensor,3,2,0,0,0,0.0,1,0,1,1,1,20
960,Fabrice Olinga,2014,19,Delantero,0,0,0,3,0,0.0,0,0,0,0,0,32
961,Francois Omam-Biyik,1990,7,Delantero,5,5,0,0,1,0.2,0,0,3,0,2,7
961,Francois Omam-Biyik,1994,7,Delantero,3,3,0,0,1,0.33,0,0,0,1,2,22
961,Francois Omam-Biyik,1998,7,Delantero,3,3,3,0,0,0.0,0,0,0,2,1,25
963,Jean Onana,1982,5,Defensor,3,3,0,0,0,0.0,0,0,0,3,0,17
964,Jules Denis Onana,1990,3,Defensor,3,3,0,2,0,0.0,2,0,2,0,1,7
965,Gaël Ondoua,2022,5,Mediocampista,2,0,0,1,0,0.0,0,0,0,1,1,19
966,Samuel Oum Gouet,2022,14,Mediocampista,2,1,0,1,0,0.0,0,0,0,1,1,19
967,Jean Claude Pagal,1990,13,Mediocampista,3,1,0,2,0,0.0,0,0,1,0,2,7
968,Michel Pensee,1998,17,Defensor,1,1,0,2,0,0.0,0,0,0,1,0,25
969,Edgar Salli,2014,20,Delantero,2,0,0,1,0,0.0,1,0,0,0,2,32
970,Augustine Simo,1998,14,Mediocampista,1,1,0,2,0,0.0,0,0,0,1,0,25
971,Alexandre Song,2010,6,Mediocampista,1,1,0,2,0,0.0,0,0,0,0,1,31
971,Alexandre Song,2014,6,Mediocampista,2,2,0,1,0,0.0,0,1,0,0,2,32
972,Rigobert Song,1994,3,Defensor,2,2,0,1,0,0.0,0,1,0,1,1,22
972,Rigobert Song,1998,4,Defensor,3,3,0,0,0,0.0,2,1,0,2,1,25
972,Rigobert Song,2002,4,Defensor,3,3,3,0,0,0.0,1,0,1,1,1,20
972,Rigobert Song,2010,4,Defensor,1,0,0,2,0,0.0,0,0,0,0,1,31
973,Jacques Songoo,1990,22,Arquero,0,0,0,5,0,0.0,0,0,0,0,0,7
973,Jacques Songoo,1994,22,Arquero,1,1,0,2,0,0.0,1,0,0,0,1,22
973,Jacques Songoo,1998,1,Arquero,3,3,0,0,0,0.0,0,0,0,2,1,25
973,Jacques Songoo,2002,16,Arquero,0,0,0,3,0,0.0,0,0,0,0,0,20
974,Patrick Suffo,2002,18,Delantero,2,0,0,1,0,0.0,0,1,0,1,1,20
975,Stephen Tataw,1990,14,Defensor,5,5,5,0,0,0.0,0,0,3,0,2,7
975,Stephen Tataw,1994,14,Defensor,3,3,3,0,0,0.0,1,0,0,1,2,22
976,Alphonse-Marie Tchami,1994,16,Delantero,1,0,0,2,0,0.0,0,0,0,0,1,22
976,Alphonse-Marie Tchami,1998,9,Delantero,3,0,0,0,0,0.0,0,0,0,2,1,25
977,Bill Tchato,2002,2,Defensor,3,3,0,0,0,0.0,1,0,1,1,1,20
978,Simon Tchobang,1982,22,Arquero,0,0,0,3,0,0.0,0,0,0,0,0,17
979,Karl Toko-Ekambi,2022,12,Delantero,3,2,0,0,0,0.0,0,0,1,1,1,19
980,Jean-Pierre Tokoto,1982,10,Delantero,3,1,0,0,0,0.0,0,0,0,3,0,17
981,Nouhou Tolo,2022,25,Defensor,3,3,0,0,0,0.0,1,0,1,1,1,19
982,Charles Toube,1982,11,Mediocampista,0,0,0,3,0,0.0,0,0,0,0,0,17
983,Pierre Webo,2010,15,Delantero,2,2,0,1,0,0.0,0,0,0,0,2,31
983,Pierre Webo,2014,15,Delantero,3,0,0,0,0,0.0,0,0,0,0,3,32
984,Pierre Wome,1998,3,Defensor,3,3,0,0,0,0.0,1,0,0,2,1,25
984,Pierre Wome,2002,3,Defensor,3,3,0,0,0,0.0,1,0,1,1,1,20
985,Christopher Wooh,2022,4,Defensor,1,1,0,2,0,0.0,0,0,1,0,0,19
986,Alphonse Yombi,1990,12,Defensor,0,0,0,5,0,0.0,0,0,0,0,0,7
987,André-Frank Zambo Anguissa,2022,8,Mediocampista,3,3,0,0,0,0.0,0,0,1,1,1,19
988,Shraga Bar,1970,2,Defensor,3,2,0,0,0,0.0,1,0,0,2,1,12
989,Menachem Bello,1970,3,Defensor,1,1,0,2,0,0.0,1,0,0,1,0,12
990,Eli Ben Rimoz,1970,17,Delantero,0,0,0,3,0,0.0,0,0,0,0,0,12
991,George Borba,1970,11,Delantero,0,0,0,3,0,0.0,0,0,0,0,0,12
992,Yehezkel Chazom,1970,13,Delantero,0,0,0,3,0,0.0,0,0,0,0,0,12
993,Jehoshua Faigenbaum,1970,9,Delantero,3,3,0,0,0,0.0,0,0,0,2,1,12
994,Yechiel Hameiri,1970,21,Arquero,0,0,0,3,0,0.0,0,0,0,0,0,12
995,David Karako,1970,20,Defensor,0,0,0,3,0,0.0,0,0,0,0,0,12
996,Yair Nossovsky,1970,22,Arquero,0,0,0,3,0,0.0,0,0,0,0,0,12
997,David Primo,1970,4,Defensor,3,3,0,0,0,0.0,2,0,0,2,1,12
998,Moshe Romano,1970,18,Delantero,0,0,0,3,0,0.0,0,0,0,0,0,12
999,Zvi Rosen,1970,5,Defensor,3,3,0,0,0,0.0,0,0,0,2,1,12
1000,Shmuel Rosenthal,1970,6,Defensor,3,3,0,0,0,0.0,0,0,0,2,1,12
1001,Itzhak Schum,1970,7,Mediocampista,3,3,0,0,0,0.0,0,0,0,2,1,12
1002,Yeshaiyahu Schwager,1970,12,Defensor,3,3,0,0,0,0.0,0,0,0,2,1,12
1003,Dani Shmulevich-Rom,1970,14,Delantero,2,1,0,1,0,0.0,0,0,0,1,1,12
1004,Aharon Shuruk,1970,19,Mediocampista,1,0,0,2,0,0.0,0,0,0,1,0,12
1005,Giora Spiegel,1970,8,Mediocampista,3,3,0,0,0,0.0,0,0,0,2,1,12
1006,Mordechai Spiegler,1970,10,Delantero,3,3,3,0,1,0.33,0,0,0,2,1,12
1007,Rahamim Talbi,1970,15,Delantero,1,1,0,2,0,0.0,0,0,0,0,1,12
1008,Johanan Vallach,1970,16,Defensor,2,1,0,1,0,0.0,0,0,0,1,1,12
1009,Itzhak Vissoker,1970,1,Arquero,3,3,0,0,0,0.0,0,0,0,2,1,12
1010,Keita Baldé,2018,20,Delantero,1,1,0,2,0,0.0,0,0,0,0,1,17
1011,Fodé Ballo-Toure,2022,12,Defensor,1,0,0,3,0,0.0,0,0,0,0,1,10
1012,Habib Beye,2002,21,Defensor,3,0,0,2,0,0.0,1,0,1,2,0,7
1013,Henri Camara,2002,7,Delantero,4,3,0,1,2,0.5,1,0,1,2,1,7
1015,Pathé Ciss,2022,11,Mediocampista,3,2,0,1,0,0.0,1,0,2,0,1,10
1016,Aliou Cisse,2002,6,Defensor,4,4,4,1,0,0.0,2,0,2,1,1,7
1017,Pape Abdou Cissé,2022,4,Defensor,3,1,0,1,0,0.0,0,0,2,0,1,10
1018,Kalidou Cissokho,2002,22,Arquero,0,0,0,5,0,0.0,0,0,0,0,0,7
1019,Ferdinand Coly,2002,17,Defensor,5,5,0,0,0,0.0,2,0,2,2,1,7
1020,Omar Daf,2002,2,Defensor,5,5,0,0,0,0.0,2,0,2,2,1,7
1021,Boulaye Dia,2022,9,Delantero,4,4,0,0,1,0.25,1,0,2,0,2,10
1022,Abdou Diallo,2022,22,Defensor,4,4,0,0,0,0.0,0,0,2,0,2,10
1023,Abdoulaye Diallo,2018,1,Arquero,0,0,0,3,0,0.0,0,0,0,0,0,17
1024,Omar Diallo,2002,16,Arquero,0,0,0,5,0,0.0,0,0,0,0,0,7
1025,Salif Diao,2002,15,Mediocampista,3,3,0,2,1,0.33,1,1,1,1,1,7
1026,Krépin Diatta,2022,15,Mediocampista,3,3,0,1,0,0.0,0,0,1,0,2,10
1027,Lamine Diatta,2002,13,Defensor,5,5,0,0,0,0.0,0,0,2,2,1,7
1028,Famara Diéhiou,2022,19,Delantero,2,1,0,2,1,0.5,0,0,1,0,1,10
1029,Bamba Dieng,2022,20,Delantero,4,0,0,0,1,0.25,0,0,2,0,2,10
1030,Seny Dieng,2022,1,Arquero,0,0,0,4,0,0.0,0,0,0,0,0,10
1031,Bouba Diop,2002,19,Mediocampista,5,5,0,0,3,0.6,1,0,2,2,1,7
1032,Papa Malick Diop,2002,4,Defensor,5,5,1,0,0,0.0,0,0,2,2,1,7
1033,El Hadji Diouf,2002,11,Delantero,5,5,0,0,0,0.0,1,0,2,2,1,7
1034,Mame Biram Diouf,2018,9,Delantero,2,1,0,1,0,0.0,0,0,1,1,0,17
1035,Khalilou Fadiga,2002,10,Mediocampista,4,4,0,1,1,0.25,2,0,1,2,1,7
1036,Amdy Faye,2002,12,Mediocampista,2,1,0,3,0,0.0,0,0,1,1,0,7
1037,Lamine Gassama,2018,21,Defensor,1,1,0,2,0,0.0,0,0,0,0,1,17
1038,Alfred Gomis,2018,23,Arquero,0,0,0,3,0,0.0,0,0,0,0,0,17
1038,Alfred Gomis,2022,23,Arquero,0,0,0,4,0,0.0,0,0,0,0,0,10
1039,Idrissa Gana Gueye,2018,5,Mediocampista,3,3,0,0,0,0.0,1,0,1,1,1,17
1039,Idrissa Gana Gueye,2022,5,Mediocampista,3,3,0,1,0,0.0,2,0,2,0,1,10
1040,Pape Gueye,2022,26,Mediocampista,3,1,0,1,0,0.0,0,0,1,0,2,10
1041,Nicolas Jackson,2022,7,Delantero,1,0,0,3,0,0.0,0,0,0,0,1,10
1042,Ismail Jakobs,2022,14,Defensor,4,3,0,0,0,0.0,1,0,2,0,2,10
1043,Moussa Konaté,2018,14,Delantero,2,0,0,1,0,0.0,0,0,1,0,1,17
1044,Kalidou Koulibaly,2018,3,Defensor,3,3,0,0,0,0.0,0,0,1,1,1,17
1044,Kalidou Koulibaly,2022,3,Defensor,4,4,4,0,1,0.25,1,0,2,0,2,10
1045,Cheikhou Kouyaté,2018,8,Mediocampista,3,1,1,0,0,0.0,0,0,1,1,1,17
1045,Cheikhou Kouyaté,2022,8,Defensor,1,1,0,3,0,0.0,0,0,0,0,1,10
1046,Mamadou Loum,2022,25,Mediocampista,0,0,0,4,0,0.0,0,0,0,0,0,10
1047,Sadio Mané,2018,10,Delantero,3,3,2,0,1,0.33,0,0,1,1,1,17
1048,Adama Mbengué,2018,2,Defensor,0,0,0,3,0,0.0,0,0,0,0,0,17
1049,Kara Mbodji,2018,4,Defensor,0,0,0,3,0,0.0,0,0,0,0,0,17
1050,Edouard Mendy,2022,16,Arquero,4,4,0,0,0,0.0,0,0,2,0,2,10
1053,Alfred N'Diaye,2018,13,Mediocampista,2,2,0,1,0,0.0,0,0,1,1,0,17
1055,Khadim N'Diaye,2018,16,Arquero,3,3,0,0,0,0.0,0,0,1,1,1,17
1056,Moussa N'Diaye,2022,10,Defensor,0,0,0,4,0,0.0,0,0,0,0,0,10
1057,Cheikh N'Doye,2018,11,Mediocampista,2,0,0,1,0,0.0,1,0,1,1,0,17
1058,Moustapha Name,2022,24,Defensor,0,0,0,4,0,0.0,0,0,0,0,0,10
1059,Iliman Ndiaye,2022,13,Delantero,3,2,0,1,0,0.0,0,0,2,0,1,10
1060,Makthar Ndiaye,2002,23,Mediocampista,0,0,0,5,0,0.0,0,0,0,0,0,7
1061,Moussa Ndiaye,2002,14,Mediocampista,3,2,0,2,0,0.0,0,0,1,2,0,7
1062,Sylvain Ndiaye,2002,20,Mediocampista,0,0,0,5,0,0.0,0,0,0,0,0,7
1063,Alassane Ndour,2002,5,Defensor,1,1,0,4,0,0.0,0,0,0,1,0,7
1064,M'Baye Niang,2018,19,Delantero,3,3,0,0,1,0.33,2,0,1,1,1,17
1065,Youssouf Sabaly,2018,12,Defensor,3,3,0,0,0,0.0,1,0,1,1,1,17
1065,Youssouf Sabaly,2022,21,Defensor,4,4,0,0,0,0.0,0,0,2,0,2,10
1066,Diafra Sakho,2018,15,Delantero,1,0,0,2,0,0.0,0,0,0,0,1,17
1067,Salif Sané,2018,6,Mediocampista,3,3,0,0,0,0.0,1,0,1,1,1,17
1068,Ismaïla Sarr,2018,18,Delantero,3,3,0,0,0,0.0,0,0,1,1,1,17
1068,Ismaïla Sarr,2022,18,Delantero,4,4,0,0,1,0.25,0,0,2,0,2,10
1069,Pape Sarr,2002,3,Mediocampista,1,1,0,4,0,0.0,0,0,0,1,0,7
1071,Moussa Sow,2018,7,Delantero,0,0,0,3,0,0.0,0,0,0,0,0,17
1072,Tony Sylva,2002,1,Arquero,5,5,0,0,0,0.0,0,0,2,2,1,7
1073,Pape Thiaw,2002,18,Delantero,1,1,0,4,0,0.0,1,0,1,0,0,7
1074,Amara Traore,2002,8,Delantero,0,0,0,5,0,0.0,0,0,0,0,0,7
1075,Moussa Wagué,2018,22,Defensor,3,2,0,0,1,0.33,0,0,1,1,1,17
1076,Aljosa Asanovic,1998,7,Mediocampista,7,7,0,0,0,0.0,2,0,5,0,2,3
1077,Marko Babic,2006,8,Mediocampista,3,3,0,0,0,0.0,0,0,0,2,1,22
1078,Milan Badelj,2014,15,Mediocampista,0,0,0,3,0,0.0,0,0,0,0,0,19
1078,Milan Badelj,2018,19,Mediocampista,3,1,0,4,1,0.33,0,0,2,1,0,2
1079,Bosko Balaban,2002,22,Delantero,0,0,0,3,0,0.0,0,0,0,0,0,23
1079,Bosko Balaban,2006,21,Delantero,0,0,0,3,0,0.0,0,0,0,0,0,22
1080,Borna Barisic,2022,3,Defensor,1,1,0,6,0,0.0,1,0,0,1,0,3
1081,Slaven Bilic,1998,6,Defensor,7,7,0,0,0,0.0,2,0,5,0,2,3
1082,Zvonimir Boban,1998,10,Mediocampista,6,6,6,1,0,0.0,2,0,4,0,2,3
1084,Ivan Bosnjak,2006,22,Delantero,1,0,0,2,0,0.0,0,0,0,1,0,22
1085,Filip Bradarić,2018,14,Mediocampista,1,0,0,6,0,0.0,0,0,1,0,0,2
1086,Marcelo Brozovic,2014,14,Mediocampista,1,0,0,2,0,0.0,0,0,0,0,1,19
1086,Marcelo Brozovic,2018,11,Mediocampista,6,4,0,1,0,0.0,1,0,3,2,1,2
1086,Marcelo Brozovic,2022,11,Mediocampista,6,6,0,1,0,0.0,1,0,1,4,1,3
1087,Ante Budimir,2022,17,Delantero,2,0,0,5,0,0.0,0,0,0,2,0,3
1088,Tomislav Butina,2002,12,Arquero,0,0,0,3,0,0.0,0,0,0,0,0,23
1088,Tomislav Butina,2006,23,Arquero,0,0,0,3,0,0.0,0,0,0,0,0,22
1089,Duje Ćaleta-Car,2018,15,Defensor,1,1,0,6,0,0.0,0,0,1,0,0,2
1090,Vedran Corluka,2014,5,Defensor,3,3,0,0,0,0.0,1,0,1,0,2,19
1090,Vedran Corluka,2018,5,Defensor,4,1,0,3,0,0.0,1,0,3,1,0,2
1091,Joe Didulica,2006,12,Arquero,0,0,0,3,0,0.0,0,0,0,0,0,22
1093,Martin Erlic,2022,5,Defensor,0,0,0,7,0,0.0,0,0,0,0,0,3
1094,Ivo Grbic,2022,12,Arquero,0,0,0,7,0,0.0,0,0,0,0,0,3
1095,Josko Gvardiol,2022,20,Defensor,7,7,0,0,1,0.14,0,0,2,4,1,3
1096,Ivica Ivusic,2022,23,Arquero,0,0,0,7,0,0.0,0,0,0,0,0,3
1097,Kristijan Jakic,2022,26,Mediocampista,1,0,0,6,0,0.0,0,0,1,0,0,3
1099,Tin Jedvaj,2018,13,Defensor,1,1,0,6,0,0.0,1,0,1,0,0,2
1100,Nikica Jelavic,2014,9,Delantero,2,1,0,1,0,0.0,0,0,0,0,2,19
1101,Josip Juranovic,2022,22,Defensor,6,6,0,1,0,0.0,0,0,1,4,1,3
1102,Krunoslav Jurcic,1998,21,Mediocampista,3,3,0,4,0,0.0,1,0,3,0,0,3
1103,Goran Juric,1998,5,Defensor,0,0,0,7,0,0.0,0,0,0,0,0,3
1104,Lovre Kalinić,2018,12,Arquero,1,1,0,6,0,0.0,0,0,1,0,0,2
1106,Ivan Klasnic,2006,17,Delantero,3,2,0,0,0,0.0,0,0,0,2,1,22
1107,Niko Kovac,2002,10,Mediocampista,3,3,0,0,0,0.0,0,0,1,0,2,23
1107,Niko Kovac,2006,10,Mediocampista,3,3,3,0,1,0.33,1,0,0,2,1,22
1109,Mateo Kovacic,2014,20,Mediocampista,3,1,0,0,0,0.0,0,0,1,0,2,19
1109,Mateo Kovacic,2018,8,Mediocampista,5,1,0,2,0,0.0,0,0,3,2,0,2
1109,Mateo Kovacic,2022,8,Mediocampista,7,7,0,0,0,0.0,2,0,2,4,1,3
1110,Ardian Kozniku,1998,16,Delantero,0,0,0,7,0,0.0,0,0,0,0,0,3
1111,Andrej Kramarić,2018,9,Delantero,7,3,0,0,1,0.14,0,0,4,2,1,2
1111,Andrej Kramarić,2022,9,Delantero,7,7,0,0,2,0.29,0,0,2,4,1,3
1112,Niko Kranjcar,2006,19,Mediocampista,3,3,0,0,0,0.0,0,0,0,2,1,22
1113,Petar Krpan,1998,2,Delantero,1,0,0,6,0,0.0,0,0,1,0,0,3
1114,Drazen Ladic,1998,1,Arquero,7,7,0,0,0,0.0,0,0,5,0,2,3
1115,Ivan Leko,2006,15,Mediocampista,0,0,0,3,0,0.0,0,0,0,0,0,22
1116,Jerko Leko,2006,16,Mediocampista,2,0,0,1,0,0.0,0,0,0,1,1,22
1117,Marko Livaja,2022,14,Delantero,6,3,0,1,1,0.17,0,0,2,3,1,3
1118,Dominik Livaković,2018,1,Arquero,0,0,0,7,0,0.0,0,0,0,0,0,2
1118,Dominik Livaković,2022,1,Arquero,7,7,0,0,0,0.0,1,0,2,4,1,3
1119,Dejan Lovren,2014,6,Defensor,3,3,0,0,0,0.0,1,0,1,0,2,19
1119,Dejan Lovren,2018,6,Defensor,7,6,0,0,0,0.0,1,0,4,2,1,2
1119,Dejan Lovren,2022,6,Defensor,6,6,0,1,0,0.0,1,0,1,4,1,3
1120,Lovro Majer,2022,7,Mediocampista,7,1,0,0,1,0.14,0,0,2,4,1,3
1121,Zoran Mamic,1998,18,Defensor,0,0,0,7,0,0.0,0,0,0,0,0,3
1122,Mario Mandzukic,2014,17,Delantero,2,2,0,1,2,1.0,0,0,1,0,1,19
1122,Mario Mandzukic,2018,17,Delantero,6,6,0,1,3,0.5,2,0,3,2,1,2
1123,Silvio Maric,1998,11,Mediocampista,4,1,0,3,0,0.0,0,0,2,0,2,3
1124,Luka Modric,2006,14,Mediocampista,2,0,0,1,0,0.0,0,0,0,2,0,22
1124,Luka Modric,2014,10,Mediocampista,3,3,0,0,0,0.0,0,0,1,0,2,19
1124,Luka Modric,2018,10,Mediocampista,7,7,7,0,2,0.29,0,0,4,2,1,2
1124,Luka Modric,2022,10,Mediocampista,7,7,7,0,0,0.0,1,0,2,4,1,3
1125,Marijan Mrmic,1998,12,Arquero,0,0,0,7,0,0.0,0,0,0,0,0,3
1126,Ivica Olic,2002,18,Delantero,2,1,0,1,1,0.5,0,0,1,0,1,23
1126,Ivica Olic,2006,18,Delantero,3,1,0,0,0,0.0,0,0,0,2,1,22
1126,Ivica Olic,2014,18,Delantero,3,3,0,0,1,0.33,0,0,1,0,2,19
1127,Mislav Orsic,2022,18,Delantero,6,1,0,1,1,0.17,0,0,2,3,1,3
1128,Mario Pasalic,2022,15,Mediocampista,7,2,0,0,0,0.0,0,0,2,4,1,3
1129,Ivan Perisic,2014,4,Mediocampista,3,3,0,0,2,0.67,0,0,1,0,2,19
1129,Ivan Perisic,2018,4,Delantero,7,7,0,0,3,0.43,0,0,4,2,1,2
1129,Ivan Perisic,2022,4,Delantero,7,7,0,0,1,0.14,0,0,2,4,1,3
1130,Bruno Petkovic,2022,16,Delantero,6,1,0,1,1,0.17,1,0,2,3,1,3
1131,Josip Pivarić,2018,22,Defensor,4,1,0,3,0,0.0,1,0,2,2,0,2
1132,Marko Pjaca,2018,20,Delantero,3,1,0,4,0,0.0,1,0,2,0,1,2
1133,Stipe Pletikosa,2002,1,Arquero,3,3,0,0,0,0.0,0,0,1,0,2,23
1133,Stipe Pletikosa,2006,1,Arquero,3,3,0,0,0,0.0,1,0,0,2,1,22
1133,Stipe Pletikosa,2014,1,Arquero,3,3,0,0,0,0.0,0,0,1,0,2,19
1134,Danijel Pranjic,2014,3,Defensor,2,2,0,1,0,0.0,0,0,1,0,1,19
1136,Dado Prso,2006,9,Delantero,3,3,0,0,0,0.0,0,0,0,2,1,22
1137,Ivan Rakitic,2014,7,Mediocampista,3,3,0,0,0,0.0,1,0,1,0,2,19
1137,Ivan Rakitic,2018,7,Mediocampista,7,6,0,0,1,0.14,1,0,4,2,1,2
1138,Milan Rapaic,2002,5,Mediocampista,3,2,0,0,1,0.33,0,0,1,0,2,23
1139,Ante Rebic,2014,16,Delantero,2,0,0,1,0,0.0,0,1,1,0,1,19
1139,Ante Rebic,2018,18,Delantero,6,6,0,1,1,0.17,2,0,3,2,1,2
1140,Sammir,2014,19,Mediocampista,1,1,0,2,0,0.0,0,0,1,0,0,19
1141,Daniel Saric,2002,15,Defensor,3,2,0,0,0,0.0,0,0,1,0,2,23
1142,Gordon Schildenfeld,2014,13,Defensor,0,0,0,3,0,0.0,0,0,0,0,0,19
1143,Anthony Seric,1998,3,Mediocampista,0,0,0,7,0,0.0,0,0,0,0,0,3
1143,Anthony Seric,2002,2,Defensor,0,0,0,3,0,0.0,0,0,0,0,0,23
1143,Anthony Seric,2006,20,Mediocampista,0,0,0,3,0,0.0,0,0,0,0,0,22
1144,Dario Simic,1998,20,Defensor,6,6,0,1,0,0.0,3,0,4,0,2,3
1144,Dario Simic,2002,20,Defensor,2,1,0,1,0,0.0,0,0,1,0,1,23
1144,Dario Simic,2006,7,Defensor,3,3,0,0,0,0.0,0,1,0,2,1,22
1145,Josip Simunic,2002,3,Defensor,3,3,0,0,0,0.0,1,0,1,0,2,23
1145,Josip Simunic,2006,3,Defensor,3,3,0,0,0,0.0,0,1,0,2,1,22
1146,Zvonimir Soldo,1998,14,Defensor,6,6,0,1,0,0.0,2,0,4,0,2,3
1146,Zvonimir Soldo,2002,14,Mediocampista,2,2,0,1,0,0.0,0,0,1,0,1,23
1147,Borna Sosa,2022,19,Defensor,5,5,0,2,0,0.0,0,0,1,3,1,3
1148,Darijo Srna,2006,2,Mediocampista,3,3,0,0,1,0.33,1,0,0,2,1,22
1148,Darijo Srna,2014,11,Defensor,3,3,3,0,0,0.0,0,0,1,0,2,19
1149,Mario Stanic,1998,13,Mediocampista,7,7,0,0,1,0.14,3,0,5,0,2,3
1149,Mario Stanic,2002,13,Mediocampista,2,0,0,1,0,0.0,0,0,0,0,2,23
1150,Josip Stanisic,2022,2,Defensor,1,1,0,6,0,0.0,0,0,1,0,0,3
1151,Igor Stimac,1998,4,Defensor,7,6,0,0,0,0.0,1,0,5,0,2,3
1152,Ivan Strinić,2018,3,Defensor,6,6,0,1,0,0.0,1,0,3,2,1,2
1153,Danijel Subasic,2014,23,Arquero,0,0,0,3,0,0.0,0,0,0,0,0,19
1153,Danijel Subasic,2018,23,Arquero,6,6,0,1,0,0.0,0,0,3,2,1,2
1154,Luka Sucic,2022,25,Mediocampista,0,0,0,7,0,0.0,0,0,0,0,0,3
1156,Josip Sutalo,2022,24,Defensor,1,1,0,6,0,0.0,0,0,1,0,0,3
1157,Mario Tokic,2006,11,Defensor,0,0,0,3,0,0.0,0,0,0,0,0,22
1158,Stjepan Tomas,2002,4,Defensor,3,3,0,0,0,0.0,1,0,1,0,2,23
1158,Stjepan Tomas,2006,13,Defensor,1,1,0,2,0,0.0,0,0,0,1,0,22
1159,Igor Tudor,1998,15,Defensor,3,0,0,4,0,0.0,0,0,3,0,0,3
1159,Igor Tudor,2006,5,Defensor,3,3,0,0,0,0.0,2,0,0,2,1,22
1160,Vladimir Vasilj,1998,22,Arquero,0,0,0,7,0,0.0,0,0,0,0,0,3
1160,Vladimir Vasilj,2002,23,Arquero,0,0,0,3,0,0.0,0,0,0,0,0,23
1161,Domagoj Vida,2014,21,Defensor,0,0,0,3,0,0.0,0,0,0,0,0,19
1161,Domagoj Vida,2018,21,Defensor,6,6,0,1,1,0.17,1,0,3,2,1,2
1161,Domagoj Vida,2022,21,Defensor,0,0,0,7,0,0.0,0,0,0,0,0,3
1162,Goran Vlaovic,1998,19,Delantero,7,3,0,0,1,0.14,0,0,5,0,2,3
1162,Goran Vlaovic,2002,19,Delantero,0,0,0,3,0,0.0,0,0,0,0,0,23
1163,Nikola Vlasic,2022,13,Mediocampista,6,1,0,1,0,0.0,0,0,2,3,1,3
1164,Jurica Vranjes,2002,16,Mediocampista,2,0,0,1,0,0.0,0,0,1,0,1,23
1164,Jurica Vranjes,2006,6,Mediocampista,0,0,0,3,0,0.0,0,0,0,0,0,22
1165,Sime Vrsaljko,2014,2,Defensor,2,2,0,1,0,0.0,0,0,0,0,2,19
1165,Sime Vrsaljko,2018,2,Defensor,6,6,0,1,0,0.0,2,0,3,2,1,2
1166,Davor Vugrinec,2002,7,Mediocampista,2,1,0,1,0,0.0,0,0,1,0,1,23
1167,Ognjen Vukojevic,2014,8,Mediocampista,0,0,0,3,0,0.0,0,0,0,0,0,19
1168,Oliver Zelenika,2014,12,Arquero,0,0,0,3,0,0.0,0,0,0,0,0,19
1169,Boris Zivkovic,2002,6,Defensor,1,1,0,2,0,0.0,1,0,0,0,1,23
1170,Abdul-Rahim,1986,11,Delantero,3,0,0,0,0,0.0,0,0,0,0,3,23
1171,Al Roubai Ghanim,1986,22,Defensor,3,3,0,0,0,0.0,0,0,0,0,3,23
1172,Ali Jamal,1986,12,Mediocampista,0,0,0,3,0,0.0,0,0,0,0,0,23
1173,Bassel Gorgis,1986,14,Mediocampista,2,2,0,1,0,0.0,0,1,0,0,2,23
1174,Hammoudi Raad,1986,1,Arquero,2,2,2,1,0,0.0,1,0,0,0,2,23
1175,Hashem Natik,1986,15,Defensor,3,3,0,0,0,0.0,1,0,0,0,3,23
1176,Hussein Ali,1986,6,Mediocampista,3,3,0,0,0,0.0,0,0,0,0,3,23
1177,Maad Ibrahim,1986,2,Defensor,1,1,0,2,0,0.0,0,0,0,0,1,23
1178,Insayaf Abdulfattah,1986,20,Arquero,1,1,0,2,0,0.0,0,0,0,0,1,23
1179,Ahmed Jassim,1986,21,Arquero,0,0,0,3,0,0.0,0,0,0,0,0,23
1180,Karim Mohamed,1986,13,Defensor,0,0,0,3,0,0.0,0,0,0,0,0,23
1181,Khalil Mohamed,1986,3,Defensor,3,3,1,0,0,0.0,1,0,0,0,3,23
1182,Mahmoud Shaker,1986,16,Mediocampista,1,0,0,2,0,0.0,0,0,0,0,1,23
1183,Mohamed Haris,1986,7,Mediocampista,2,2,0,1,0,0.0,1,0,0,0,2,23
1184,Mohamed Ismail,1986,18,Mediocampista,0,0,0,3,0,0.0,0,0,0,0,0,23
1185,Obid Annad,1986,17,Defensor,1,1,0,2,0,0.0,0,0,0,0,1,23
1186,Qassim Bassim,1986,19,Mediocampista,2,1,0,1,0,0.0,0,0,0,0,2,23
1187,Ahmed Radhi,1986,8,Delantero,3,3,0,0,1,0.33,0,0,0,0,3,23
1188,Saddam Karim,1986,9,Delantero,2,2,0,1,0,0.0,1,0,0,0,2,23
1189,Said Hussein,1986,10,Delantero,1,1,0,2,0,0.0,0,0,0,0,1,23
1190,Shaker Nadhum,1986,4,Defensor,3,3,0,0,0,0.0,1,0,0,0,3,23
1191,Shaker Samir,1986,5,Defensor,2,2,0,1,0,0.0,2,0,0,0,2,23
1192,Alan A'Court,1958,21,Delantero,3,3,0,1,0,0.0,0,0,0,2,1,11
1193,Tony Adams,1998,5,Defensor,4,4,0,0,0,0.0,0,0,2,1,1,9
1194,Trent Alexander-Arnold,2018,22,Defensor,1,1,0,6,0,0.0,0,0,0,0,1,4
1194,Trent Alexander-Arnold,2022,18,Defensor,1,0,0,4,0,0.0,0,0,1,0,0,6
1195,Dele Alli,2018,20,Mediocampista,5,4,0,2,1,0.2,0,0,2,1,2,4
1196,Stan Anderson,1962,14,Mediocampista,0,0,0,4,0,0.0,0,0,0,0,0,8
1197,Viv Anderson,1982,2,Defensor,0,0,0,5,0,0.0,0,0,0,0,0,6
1197,Viv Anderson,1986,12,Defensor,0,0,0,5,0,0.0,0,0,0,0,0,8
1198,Darren Anderton,1998,14,Mediocampista,4,4,0,0,1,0.25,0,0,2,1,1,9
1199,Jimmy Armfield,1962,2,Defensor,4,4,0,0,0,0.0,0,0,1,1,2,8
1199,Jimmy Armfield,1966,14,Defensor,0,0,0,6,0,0.0,0,0,0,0,0,1
1200,Ken Armstrong,1954,19,Mediocampista,0,0,0,3,0,0.0,0,0,0,0,0,7
1201,Jeff Astle,1970,22,Delantero,2,1,0,2,0,0.0,0,0,1,0,1,8
1202,John Aston,1950,-,Defensor,2,2,0,1,0,0.0,0,0,1,0,1,8
1203,Gary Bailey,1986,22,Arquero,0,0,0,5,0,0.0,0,0,0,0,0,8
1204,Eddie Baily,1950,-,Delantero,1,1,0,2,0,0.0,0,0,0,0,1,8
1205,Leighton Baines,2014,3,Defensor,2,2,0,1,0,0.0,0,0,0,0,2,26
1206,Alan Ball,1966,7,Mediocampista,4,4,0,2,0,0.0,0,0,3,1,0,1
1206,Alan Ball,1970,8,Mediocampista,4,3,0,0,0,0.0,0,0,2,0,2,8
1207,Gordon Banks,1962,22,Arquero,0,0,0,4,0,0.0,0,0,0,0,0,8
1207,Gordon Banks,1966,1,Arquero,6,6,0,0,0,0.0,0,0,5,1,0,1
1207,Gordon Banks,1970,1,Arquero,3,3,0,1,0,0.0,0,0,2,0,1,8
1208,Tommy Banks,1958,3,Defensor,4,4,0,0,0,0.0,0,0,0,3,1,11
1209,Ross Barkley,2014,21,Mediocampista,3,1,0,0,0,0.0,1,0,0,1,2,26
1210,John Barnes,1986,19,Mediocampista,1,0,0,4,0,0.0,0,0,0,0,1,8
1210,John Barnes,1990,11,Mediocampista,5,5,0,2,0,0.0,0,0,3,2,0,4
1211,Gareth Barry,2010,14,Mediocampista,3,3,0,1,0,0.0,0,0,1,1,1,13
1212,David Batty,1998,8,Mediocampista,4,2,0,0,0,0.0,0,0,2,1,1,9
1213,Peter Beardsley,1986,20,Delantero,4,3,0,1,1,0.25,0,0,2,0,2,8
1213,Peter Beardsley,1990,9,Delantero,5,3,0,2,0,0.0,1,0,2,2,1,4
1214,Dave Beasant,1990,22,Arquero,0,0,0,7,0,0.0,0,0,0,0,0,4
1215,David Beckham,1998,7,Mediocampista,3,2,0,1,1,0.33,0,1,1,1,1,9
1215,David Beckham,2002,7,Mediocampista,5,5,5,0,1,0.2,0,0,2,2,1,6
1215,David Beckham,2006,7,Mediocampista,5,5,5,0,1,0.2,0,0,3,2,0,7
1216,Colin Bell,1970,19,Mediocampista,3,1,0,1,0,0.0,0,0,1,0,2,8
1217,Jude Bellingham,2022,22,Mediocampista,5,5,0,0,1,0.2,0,0,3,1,1,6
1218,Roy Bentley,1950,-,Delantero,2,2,0,1,0,0.0,0,0,1,0,1,8
1219,Peter Bonetti,1966,13,Arquero,0,0,0,6,0,0.0,0,0,0,0,0,1
1219,Peter Bonetti,1970,12,Arquero,1,1,0,3,0,0.0,0,0,0,0,1,8
1220,Peter Brabrook,1958,17,Delantero,1,1,0,3,0,0.0,0,0,0,0,1,11
1221,Wayne Bridge,2002,14,Defensor,2,0,0,3,0,0.0,0,0,1,1,0,6
1221,Wayne Bridge,2006,14,Defensor,0,0,0,5,0,0.0,0,0,0,0,0,7
1222,Peter Broadbent,1958,18,Delantero,1,1,0,3,0,0.0,0,0,0,0,1,11
1223,Ivor Broadis,1954,8,Delantero,3,3,0,0,2,0.67,0,0,1,1,1,7
1224,Trevor Brooking,1982,3,Mediocampista,1,0,0,4,0,0.0,0,0,0,1,0,6
1225,Wes Brown,2002,12,Defensor,0,0,0,5,0,0.0,0,0,0,0,0,6
1226,Steve Bull,1990,21,Delantero,4,1,0,3,0,0.0,0,0,2,2,0,4
1227,Ted Burgin,1954,12,Arquero,0,0,0,3,0,0.0,0,0,0,0,0,7
1228,Terry Butcher,1982,4,Defensor,4,4,0,1,0,0.0,1,0,2,2,0,6
1228,Terry Butcher,1986,6,Defensor,5,5,0,0,0,0.0,1,0,2,1,2,8
1228,Terry Butcher,1990,6,Defensor,5,5,3,2,0,0.0,0,0,2,3,0,4
1229,Jack Butland,2018,13,Arquero,0,0,0,7,0,0.0,0,0,0,0,0,4
1230,Nicky Butt,2002,21,Mediocampista,4,4,0,1,0,0.0,0,0,2,1,1,6
1231,Gerry Byrne,1966,15,Defensor,0,0,0,6,0,0.0,0,0,0,0,0,1
1232,Roger Byrne,1954,3,Defensor,3,3,0,0,0,0.0,0,0,1,1,1,7
1233,Gary Cahill,2014,5,Defensor,3,3,0,0,0,0.0,0,0,0,1,2,26
1233,Gary Cahill,2018,15,Defensor,1,1,0,6,0,0.0,0,0,0,0,1,4
1234,Ian Callaghan,1966,20,Mediocampista,1,1,0,5,0,0.0,0,0,1,0,0,1
1235,Sol Campbell,1998,2,Defensor,4,4,0,0,0,0.0,1,0,2,1,1,9
1235,Sol Campbell,2002,6,Defensor,5,5,0,0,1,0.2,1,0,2,2,1,6
1235,Sol Campbell,2006,12,Defensor,1,0,0,4,0,0.0,0,0,0,1,0,7
1236,Jamie Carragher,2006,15,Defensor,4,2,0,1,0,0.0,1,0,2,2,0,7
1236,Jamie Carragher,2010,18,Defensor,2,1,0,2,0,0.0,2,0,0,2,0,13
1237,Michael Carrick,2006,18,Mediocampista,1,1,0,4,0,0.0,0,0,1,0,0,7
1237,Michael Carrick,2010,22,Mediocampista,0,0,0,4,0,0.0,0,0,0,0,0,13
1238,Scott Carson,2006,22,Arquero,0,0,0,5,0,0.0,0,0,0,0,0,7
1239,Bobby Charlton,1958,20,Delantero,0,0,0,4,0,0.0,0,0,0,0,0,11
1239,Bobby Charlton,1962,11,Delantero,4,4,0,0,1,0.25,0,0,1,1,2,8
1239,Bobby Charlton,1966,9,Delantero,6,6,0,0,3,0.5,0,0,5,1,0,1
1239,Bobby Charlton,1970,9,Mediocampista,4,4,0,0,0,0.0,0,0,2,0,2,8
1241,Allenby Chilton,1954,18,Defensor,0,0,0,3,0,0.0,0,0,0,0,0,7
1242,Eddie Clamp,1958,4,Defensor,3,3,0,1,0,0.0,0,0,0,3,0,11
1243,Allan Clarke,1970,21,Delantero,1,1,0,3,1,1.0,0,0,1,0,0,8
1244,Ronald Clayton,1958,15,Mediocampista,1,1,0,3,0,0.0,0,0,0,0,1,11
1245,Ray Clemence,1982,1,Arquero,0,0,0,5,0,0.0,0,0,0,0,0,6
1246,Connor Coady,2022,16,Defensor,0,0,0,5,0,0.0,0,0,0,0,0,6
1247,Henry Cockburn,1950,-,Delantero,0,0,0,3,0,0.0,0,0,0,0,0,8
1248,George Cohen,1966,2,Defensor,6,6,0,0,0,0.0,0,0,5,1,0,1
1249,Ashley Cole,2002,3,Defensor,5,5,0,0,0,0.0,1,0,2,2,1,6
1249,Ashley Cole,2006,3,Defensor,5,5,0,0,0,0.0,0,0,3,2,0,7
1249,Ashley Cole,2010,3,Defensor,4,4,0,0,0,0.0,0,0,1,2,1,13
1250,Joe Cole,2002,19,Mediocampista,1,0,0,4,0,0.0,0,0,0,1,0,6
1250,Joe Cole,2006,11,Mediocampista,5,5,0,0,1,0.2,0,0,3,2,0,7
1250,Joe Cole,2010,11,Mediocampista,2,0,0,2,0,0.0,0,0,1,0,1,13
1251,John Connelly,1962,7,Delantero,0,0,0,4,0,0.0,0,0,0,0,0,8
1251,John Connelly,1966,11,Delantero,1,1,0,5,0,0.0,0,0,0,1,0,1
1252,Terry Cooper,1970,3,Defensor,4,4,0,0,0,0.0,0,0,2,0,2,8
1253,Steve Coppell,1982,5,Mediocampista,4,4,0,1,0,0.0,0,0,3,1,0,6
1254,Joe Corrigan,1982,13,Arquero,0,0,0,5,0,0.0,0,0,0,0,0,6
1255,Peter Crouch,2006,21,Delantero,4,2,0,1,1,0.25,1,0,2,2,0,7
1255,Peter Crouch,2010,9,Delantero,2,0,0,2,0,0.0,0,0,0,2,0,13
1256,Jermain Defoe,2010,19,Delantero,3,2,0,1,1,0.33,0,0,1,1,1,13
1257,Fabian Delph,2018,17,Defensor,4,2,0,3,0,0.0,0,0,2,0,2,4
1258,Jimmy Dickinson,1950,-,Mediocampista,3,3,0,0,0,0.0,0,0,1,0,2,8
1258,Jimmy Dickinson,1954,6,Mediocampista,3,3,0,0,0,0.0,0,0,1,1,1,7
1259,Eric Dier,2018,4,Mediocampista,6,2,1,1,0,0.0,0,0,2,1,3,4
1259,Eric Dier,2022,15,Defensor,2,0,0,3,0,0.0,0,0,2,0,0,6
1260,Eddie Ditchburn,1950,-,Arquero,0,0,0,3,0,0.0,0,0,0,0,0,8
1261,Kerry Dixon,1986,21,Delantero,1,0,0,4,0,0.0,0,0,1,0,0,8
1262,Tony Dorigo,1990,15,Defensor,1,1,0,6,0,0.0,0,0,0,0,1,4
1263,Bryan Douglas,1958,7,Delantero,3,3,0,1,0,0.0,0,0,0,3,0,11
1263,Bryan Douglas,1962,17,Delantero,4,4,0,0,0,0.0,0,0,1,1,2,8
1264,Stewart Downing,2006,20,Mediocampista,3,0,0,2,0,0.0,0,0,3,0,0,7
1265,Kieron Dyer,2002,23,Mediocampista,3,0,0,2,0,0.0,0,0,1,1,1,6
1266,George Eastham,1962,20,Mediocampista,0,0,0,4,0,0.0,0,0,0,0,0,8
1266,George Eastham,1966,22,Delantero,0,0,0,6,0,0.0,0,0,0,0,0,1
1267,Bill Eckersley,1950,-,Defensor,1,1,0,2,0,0.0,0,0,0,0,1,8
1268,Terry Fenwick,1986,14,Defensor,4,4,0,1,0,0.0,3,0,1,1,2,8
1269,Les Ferdinand,1998,19,Delantero,0,0,0,4,0,0.0,0,0,0,0,0,9
1270,Rio Ferdinand,1998,21,Defensor,0,0,0,4,0,0.0,0,0,0,0,0,9
1270,Rio Ferdinand,2002,5,Defensor,5,5,0,0,1,0.2,1,0,2,2,1,6
1270,Rio Ferdinand,2006,5,Defensor,5,5,0,0,0,0.0,0,0,3,2,0,7
1270,Rio Ferdinand,2010,5,Defensor,0,0,0,4,0,0.0,0,0,0,0,0,13
1271,Tom Finney,1950,-,Delantero,3,3,0,0,0,0.0,0,0,1,0,2,8
1271,Tom Finney,1954,11,Delantero,3,3,0,0,1,0.33,0,0,1,1,1,7
1271,Tom Finney,1958,11,Delantero,1,1,0,3,1,1.0,0,0,0,1,0,11
1272,Ron Flowers,1962,6,Mediocampista,4,4,0,0,2,0.5,0,0,1,1,2,8
1272,Ron Flowers,1966,17,Mediocampista,0,0,0,6,0,0.0,0,0,0,0,0,1
1273,Tim Flowers,1998,22,Arquero,0,0,0,4,0,0.0,0,0,0,0,0,9
1274,Phil Foden,2022,20,Mediocampista,4,3,0,1,1,0.25,0,0,3,0,1,6
1275,Fraser Forster,2014,22,Arquero,0,0,0,3,0,0.0,0,0,0,0,0,26
1276,Ben Foster,2014,13,Arquero,1,1,0,2,0,0.0,0,0,0,1,0,26
1277,Steve Foster,1982,6,Defensor,1,1,0,4,0,0.0,0,0,1,0,0,6
1278,Robbie Fowler,2002,9,Delantero,1,0,0,4,0,0.0,0,0,1,0,0,6
1279,Trevor Francis,1982,8,Delantero,5,5,0,0,2,0.4,0,0,3,2,0,6
1280,Connor Gallagher,2022,26,Mediocampista,0,0,0,5,0,0.0,0,0,0,0,0,6
1281,Paul Gascoigne,1990,19,Mediocampista,6,6,0,1,0,0.0,2,0,3,3,0,4
1282,Steven Gerrard,2006,4,Mediocampista,5,4,0,0,2,0.4,1,0,3,2,0,7
1282,Steven Gerrard,2010,4,Mediocampista,4,4,4,0,1,0.25,1,0,1,2,1,13
1282,Steven Gerrard,2014,4,Mediocampista,3,2,2,0,0,0.0,1,0,0,1,2,26
1283,Jack Grealish,2022,7,Delantero,5,0,0,0,1,0.2,0,0,3,1,1,6
1284,Jimmy Greaves,1962,8,Delantero,4,4,0,0,1,0.25,0,0,1,1,2,8
1284,Jimmy Greaves,1966,8,Delantero,3,3,0,3,0,0.0,0,0,2,1,0,1
1285,Ken Green,1954,13,Defensor,0,0,0,3,0,0.0,0,0,0,0,0,7
1286,Robert Green,2010,12,Arquero,1,1,0,3,0,0.0,0,0,0,1,0,13
1287,Owen Hargreaves,2002,18,Mediocampista,2,2,0,3,0,0.0,0,0,1,1,0,6
1287,Owen Hargreaves,2006,16,Mediocampista,4,3,0,1,0,0.0,2,0,2,2,0,7
1288,Joe Hart,2010,23,Arquero,0,0,0,4,0,0.0,0,0,0,0,0,13
1288,Joe Hart,2014,1,Arquero,2,2,0,1,0,0.0,0,0,0,0,2,26
1289,Mark Hateley,1986,9,Delantero,3,2,0,2,0,0.0,1,0,1,1,1,8
1290,John Haynes,1954,21,Delantero,0,0,0,3,0,0.0,0,0,0,0,0,7
1290,John Haynes,1958,10,Delantero,4,4,0,0,1,0.25,0,0,0,3,1,11
1290,John Haynes,1962,10,Delantero,4,4,4,0,0,0.0,0,0,1,1,2,8
1291,Jordan Henderson,2014,14,Mediocampista,2,2,0,1,0,0.0,0,0,0,0,2,26
1291,Jordan Henderson,2018,8,Mediocampista,5,5,0,2,0,0.0,1,0,3,1,1,4
1291,Jordan Henderson,2022,8,Mediocampista,4,3,0,1,1,0.25,0,0,2,1,1,6
1292,Emile Heskey,2002,11,Delantero,5,5,0,0,1,0.2,1,0,2,2,1,6
1292,Emile Heskey,2010,21,Delantero,4,2,0,0,0,0.0,0,0,1,2,1,13
1293,Gerry Hitchens,1962,9,Delantero,2,2,0,2,1,0.5,0,0,0,0,2,8
1294,Glenn Hoddle,1982,9,Mediocampista,2,1,0,3,0,0.0,0,0,2,0,0,6
1294,Glenn Hoddle,1986,4,Mediocampista,5,5,0,0,0,0.0,0,0,2,1,2,8
1295,Steve Hodge,1986,18,Mediocampista,5,3,0,0,0,0.0,1,0,2,1,2,8
1295,Steve Hodge,1990,18,Mediocampista,0,0,0,7,0,0.0,0,0,0,0,0,4
1296,Alan Hodgkinson,1958,13,Arquero,0,0,0,4,0,0.0,0,0,0,0,0,11
1296,Alan Hodgkinson,1962,12,Arquero,0,0,0,4,0,0.0,0,0,0,0,0,8
1297,Harry Hooper,1954,22,Delantero,0,0,0,3,0,0.0,0,0,0,0,0,7
1298,Eddie Hopkinson,1958,12,Arquero,0,0,0,4,0,0.0,0,0,0,0,0,11
1299,Don Howe,1958,2,Defensor,4,4,0,0,0,0.0,0,0,0,3,1,11
1299,Don Howe,1962,21,Defensor,0,0,0,4,0,0.0,0,0,0,0,0,8
1300,Emlyn Hughes,1970,16,Mediocampista,0,0,0,4,0,0.0,0,0,0,0,0,8
1301,Laurie Hughes,1950,-,Mediocampista,3,3,0,0,0,0.0,0,0,1,0,2,8
1302,Roger Hunt,1962,18,Delantero,0,0,0,4,0,0.0,0,0,0,0,0,8
1302,Roger Hunt,1966,21,Delantero,6,6,0,0,3,0.5,0,0,5,1,0,1
1303,Norman Hunter,1966,18,Defensor,0,0,0,6,0,0.0,0,0,0,0,0,1
1303,Norman Hunter,1970,18,Mediocampista,1,0,0,3,0,0.0,0,0,0,0,1,8
1304,Geoff Hurst,1966,10,Delantero,3,3,0,3,4,1.33,0,0,3,0,0,1
1304,Geoff Hurst,1970,10,Delantero,3,3,0,1,1,0.33,0,0,1,0,2,8
1305,Paul Ince,1998,4,Mediocampista,4,4,0,0,0,0.0,1,0,2,1,1,9
1306,Phil Jagielka,2014,6,Defensor,2,2,0,1,0,0.0,0,0,0,0,2,26
1307,David James,2002,22,Arquero,0,0,0,5,0,0.0,0,0,0,0,0,6
1307,David James,2006,13,Arquero,0,0,0,5,0,0.0,0,0,0,0,0,7
1307,David James,2010,1,Arquero,3,3,0,1,0,0.0,0,0,1,1,1,13
1308,Jermaine Jenas,2006,17,Mediocampista,0,0,0,5,0,0.0,0,0,0,0,0,7
1309,Bedford Jezzard,1954,20,Delantero,0,0,0,3,0,0.0,0,0,0,0,0,7
1310,Glen Johnson,2010,2,Defensor,4,4,0,0,0,0.0,2,0,1,2,1,13
1310,Glen Johnson,2014,2,Defensor,2,2,0,1,0,0.0,0,0,0,0,2,26
1312,Harry Kane,2018,9,Delantero,6,6,6,1,6,1.0,0,0,3,1,2,4
1312,Harry Kane,2022,9,Delantero,5,5,5,0,2,0.4,0,0,3,1,1,6
1313,Kevin Keegan,1982,7,Delantero,1,0,0,4,0,0.0,0,0,0,1,0,6
1314,Martin Keown,1998,18,Defensor,0,0,0,4,0,0.0,0,0,0,0,0,9
1314,Martin Keown,2002,15,Defensor,0,0,0,5,0,0.0,0,0,0,0,0,6
1315,Derek Kevan,1958,9,Delantero,4,4,0,0,2,0.5,0,0,0,3,1,11
1315,Derek Kevan,1962,13,Delantero,0,0,0,4,0,0.0,0,0,0,0,0,8
1316,Ledley King,2010,20,Defensor,1,1,0,3,0,0.0,0,0,0,1,0,13
1317,Brian Labone,1970,5,Defensor,3,3,0,1,0,0.0,0,0,1,0,2,8
1318,Adam Lallana,2014,20,Mediocampista,3,1,0,0,0,0.0,1,0,0,1,2,26
1319,Rickie Lambert,2014,18,Delantero,1,0,0,2,0,0.0,0,0,0,0,1,26
1320,Frank Lampard,2006,8,Mediocampista,5,5,0,0,0,0.0,1,0,3,2,0,7
1320,Frank Lampard,2010,8,Mediocampista,4,4,0,0,0,0.0,0,0,1,2,1,13
1320,Frank Lampard,2014,8,Mediocampista,1,1,1,2,0,0.0,0,0,0,1,0,26
1321,Graeme Le Saux,1998,3,Defensor,4,4,0,0,0,0.0,0,0,2,1,1,9
1322,Francis Lee,1970,7,Delantero,3,3,0,1,0,0.0,2,0,1,0,2,8
1324,Aaron Lennon,2006,19,Mediocampista,3,0,0,2,0,0.0,0,0,2,1,0,7
1324,Aaron Lennon,2010,7,Mediocampista,2,2,0,2,0,0.0,0,0,0,2,0,13
1325,Gary Lineker,1986,10,Delantero,5,5,0,0,6,1.2,0,0,2,1,2,8
1325,Gary Lineker,1990,10,Delantero,7,7,0,0,4,0.57,0,0,3,3,1,4
1326,Jesse Lingard,2018,7,Mediocampista,6,5,0,1,1,0.17,1,0,3,1,2,4
1327,Nat Lofthouse,1954,9,Delantero,2,2,0,1,3,1.5,0,0,0,1,1,7
1328,Ruben Loftus-Cheek,2018,21,Mediocampista,4,3,0,3,0,0.0,1,0,2,0,2,4
1329,James Maddison,2022,25,Mediocampista,0,0,0,5,0,0.0,0,0,0,0,0,6
1330,Harry Maguire,2018,6,Defensor,7,6,0,0,1,0.14,2,0,3,1,3,4
1330,Harry Maguire,2022,6,Defensor,5,5,0,0,0,0.0,1,0,3,1,1,6
1331,Wilf Mannion,1950,-,Delantero,2,2,0,1,1,0.5,0,0,1,0,1,8
1332,Paul Mariner,1982,11,Delantero,5,5,0,0,1,0.2,1,0,3,2,0,6
1333,Alvin Martin,1986,5,Defensor,1,1,0,4,0,0.0,1,0,1,0,0,8
1334,Nigel Martyn,1998,13,Arquero,0,0,0,4,0,0.0,0,0,0,0,0,9
1334,Nigel Martyn,2002,13,Arquero,0,0,0,5,0,0.0,0,0,0,0,0,6
1335,Stanley Matthews,1950,-,Delantero,1,1,0,2,0,0.0,0,0,0,0,1,8
1335,Stanley Matthews,1954,7,Delantero,2,2,0,1,0,0.0,0,0,0,1,1,7
1336,Colin Mc Donald,1958,1,Arquero,4,4,0,0,0,0.0,0,0,0,3,1,11
1337,Terry Mcdermott,1982,10,Mediocampista,0,0,0,5,0,0.0,0,0,0,0,0,6
1338,Bill Mcgarry,1954,14,Mediocampista,2,2,0,1,0,0.0,0,0,1,0,1,7
1339,Steve Mcmahon,1990,16,Mediocampista,4,3,0,3,0,0.0,1,0,2,1,1,4
1340,Steve Mcmanaman,1998,11,Mediocampista,1,0,0,3,0,0.0,0,0,1,0,0,9
1341,Gilbert Merrick,1954,1,Arquero,3,3,0,0,0,0.0,0,0,1,1,1,7
1342,Paul Merson,1998,15,Mediocampista,1,0,0,3,0,0.0,0,0,0,1,0,9
1343,Jackie Milburn,1950,-,Delantero,1,1,0,2,0,0.0,0,0,0,0,1,8
1344,Danny Mills,2002,2,Defensor,5,5,0,0,0,0.0,1,0,2,2,1,6
1345,Mick Mills,1982,12,Defensor,5,5,5,0,0,0.0,0,0,3,2,0,6
1346,James Milner,2010,16,Mediocampista,3,3,0,1,0,0.0,1,0,1,1,1,13
1346,James Milner,2014,17,Mediocampista,1,1,0,2,0,0.0,0,0,0,1,0,26
1347,Bobby Moore,1962,16,Defensor,4,4,0,0,0,0.0,0,0,1,1,2,8
1347,Bobby Moore,1966,6,Defensor,6,6,6,0,0,0.0,0,0,5,1,0,1
1347,Bobby Moore,1970,6,Defensor,4,4,4,0,0,0.0,0,0,2,0,2,8
1348,Stan Mortensen,1950,-,Delantero,3,3,0,0,1,0.33,0,0,1,0,2,8
1349,Mason Mount,2022,19,Mediocampista,4,2,0,1,0,0.0,0,0,2,1,1,6
1350,Jimmy Mullen,1950,-,Delantero,2,2,0,1,0,0.0,0,0,1,0,1,8
1350,Jimmy Mullen,1954,17,Delantero,1,1,0,2,1,1.0,0,0,1,0,0,7
1351,Alan Mullery,1970,4,Mediocampista,4,4,0,0,1,0.25,0,0,2,0,2,8
1352,Philip Neal,1982,14,Defensor,2,1,0,3,0,0.0,0,0,2,0,0,6
1353,Gary Neville,1998,12,Defensor,3,3,0,1,0,0.0,0,0,1,1,1,9
1353,Gary Neville,2006,2,Defensor,2,2,0,3,0,0.0,0,0,1,1,0,7
1354,Keith Newton,1970,2,Defensor,3,3,0,1,0,0.0,0,0,2,0,1,8
1355,Bill Nicholson,1950,-,Mediocampista,0,0,0,3,0,0.0,0,0,0,0,0,8
1356,Maurice Norman,1958,16,Defensor,0,0,0,4,0,0.0,0,0,0,0,0,11
1356,Maurice Norman,1962,15,Defensor,4,4,0,0,0,0.0,0,0,1,1,2,8
1357,Peter Osgood,1970,20,Delantero,2,0,0,2,0,0.0,0,0,2,0,0,8
1358,Michael Owen,1998,20,Delantero,4,2,0,0,2,0.5,0,0,2,1,1,9
1358,Michael Owen,2002,10,Delantero,5,5,0,0,2,0.4,0,0,2,2,1,6
1358,Michael Owen,2006,10,Delantero,3,3,0,2,0,0.0,0,0,2,1,0,7
1359,Syd Owen,1954,5,Defensor,1,1,0,2,0,0.0,0,0,0,1,0,7
1360,Alex Oxlade-Chamberlain,2014,15,Mediocampista,0,0,0,3,0,0.0,0,0,0,0,0,26
1361,Terry Paine,1966,19,Delantero,1,1,0,5,0,0.0,0,0,1,0,0,1
1362,Paul Parker,1990,12,Defensor,6,6,0,1,0,0.0,1,0,3,2,1,4
1363,Alan Peacock,1962,19,Delantero,2,2,0,2,0,0.0,0,0,1,1,0,8
1364,Stuart Pearce,1990,3,Defensor,6,6,0,1,0,0.0,1,0,3,3,0,4
1365,Martin Peters,1966,16,Mediocampista,5,5,0,1,1,0.2,1,0,5,0,0,1
1365,Martin Peters,1970,11,Delantero,4,4,0,0,1,0.25,0,0,2,0,2,8
1366,Kalvin Phillips,2022,14,Mediocampista,2,0,0,3,0,0.0,0,0,2,0,0,6
1367,Jordan Pickford,2018,1,Arquero,7,7,0,0,0,0.0,0,0,3,1,3,4
1367,Jordan Pickford,2022,1,Arquero,5,5,0,0,0,0.0,0,0,3,1,1,6
1368,David Platt,1990,17,Mediocampista,6,3,0,1,3,0.5,0,0,3,2,1,4
1369,Nick Pope,2018,23,Arquero,0,0,0,7,0,0.0,0,0,0,0,0,4
1369,Nick Pope,2022,13,Arquero,0,0,0,5,0,0.0,0,0,0,0,0,6
1370,Albert Quixall,1954,16,Delantero,0,0,0,3,0,0.0,0,0,0,0,0,7
1371,Aaron Ramsdale,2022,23,Arquero,0,0,0,5,0,0.0,0,0,0,0,0,6
1372,Alf Ramsey,1950,-,Defensor,3,3,0,0,0,0.0,0,0,1,0,2,8
1373,Marcus Rashford,2018,19,Delantero,6,1,0,1,0,0.0,0,0,2,1,3,4
1373,Marcus Rashford,2022,11,Delantero,5,1,0,0,3,0.6,0,0,3,1,1,6
1374,Peter Reid,1986,16,Mediocampista,3,3,0,2,0,0.0,0,0,2,0,1,8
1375,Declan Rice,2022,4,Mediocampista,5,5,0,0,0,0.0,0,0,3,1,1,6
1376,Graham Rix,1982,15,Mediocampista,5,5,0,0,0,0.0,0,0,3,2,0,6
1377,Paul Robinson,2006,1,Arquero,5,5,0,0,0,0.0,1,0,3,2,0,7
1378,Bobby Robson,1958,8,Delantero,3,3,0,1,0,0.0,0,0,0,3,0,11
1378,Bobby Robson,1962,4,Delantero,0,0,0,4,0,0.0,0,0,0,0,0,8
1379,Bryan Robson,1982,16,Mediocampista,4,4,0,1,2,0.5,0,0,2,2,0,6
1379,Bryan Robson,1986,7,Mediocampista,2,2,2,3,0,0.0,0,0,0,1,1,8
1379,Bryan Robson,1990,7,Mediocampista,2,2,2,5,0,0.0,0,0,0,2,0,4
1380,Wayne Rooney,2006,9,Delantero,4,3,0,1,0,0.0,0,1,2,2,0,7
1380,Wayne Rooney,2010,10,Delantero,4,4,0,0,0,0.0,0,0,1,2,1,13
1380,Wayne Rooney,2014,10,Delantero,3,2,0,0,1,0.33,0,0,0,1,2,26
1381,Danny Rose,2018,3,Defensor,5,2,0,2,0,0.0,0,0,1,1,3,4
1382,Bukayo Saka,2022,17,Delantero,4,4,0,1,3,0.75,0,0,2,1,1,6
1383,Kenny Sansom,1982,17,Defensor,4,4,0,1,0,0.0,0,0,2,2,0,6
1383,Kenny Sansom,1986,3,Defensor,5,5,0,0,0,0.0,0,0,2,1,2,8
1384,Paul Scholes,1998,16,Mediocampista,4,4,0,0,1,0.25,1,0,2,1,1,9
1384,Paul Scholes,2002,8,Mediocampista,5,5,0,0,0,0.0,1,0,2,2,1,6
1385,Laurie Scott,1950,-,Defensor,0,0,0,3,0,0.0,0,0,0,0,0,8
1386,David Seaman,1998,1,Arquero,4,4,0,0,0,0.0,1,0,2,1,1,9
1386,David Seaman,2002,1,Arquero,5,5,0,0,0,0.0,0,0,2,2,1,6
1387,Maurice Setters,1958,22,Delantero,0,0,0,4,0,0.0,0,0,0,0,0,11
1388,Luke Shaw,2014,23,Defensor,1,1,0,2,0,0.0,0,0,0,1,0,26
1388,Luke Shaw,2022,3,Defensor,5,5,0,0,0,0.0,0,0,3,1,1,6
1389,Alan Shearer,1998,9,Delantero,4,4,4,0,2,0.5,1,0,2,1,1,9
1390,Teddy Sheringham,1998,10,Delantero,2,2,0,2,0,0.0,0,0,1,0,1,9
1390,Teddy Sheringham,2002,17,Delantero,4,0,0,1,0,0.0,0,0,2,1,1,6
1391,Peter Shilton,1982,22,Arquero,5,5,0,0,0,0.0,0,0,3,2,0,6
1391,Peter Shilton,1986,1,Arquero,5,5,3,0,0,0.0,0,0,2,1,2,8
1391,Peter Shilton,1990,1,Arquero,7,7,2,0,0,0.0,0,0,3,3,1,4
1392,Peter Sillett,1958,14,Defensor,0,0,0,4,0,0.0,0,0,0,0,0,11
1393,Trevor Sinclair,2002,4,Mediocampista,4,3,0,1,0,0.0,0,0,2,1,1,6
1394,William Slater,1958,6,Mediocampista,4,4,0,0,0,0.0,0,0,0,3,1,11
1395,Chris Smalling,2014,12,Defensor,1,1,0,2,0,0.0,0,0,0,1,0,26
1396,Bobby Smith,1958,19,Delantero,0,0,0,4,0,0.0,0,0,0,0,0,11
1397,Gareth Southgate,1998,6,Defensor,2,1,0,2,0,0.0,0,0,1,1,0,9
1397,Gareth Southgate,2002,16,Defensor,0,0,0,5,0,0.0,0,0,0,0,0,6
1398,Ron Springett,1962,1,Arquero,4,4,0,0,0,0.0,0,0,1,1,2,8
1398,Ron Springett,1966,12,Arquero,0,0,0,6,0,0.0,0,0,0,0,0,1
1399,Ron Staniforth,1954,2,Defensor,3,3,0,0,0,0.0,0,0,1,1,1,7
1400,Alex Stepney,1970,13,Arquero,0,0,0,4,0,0.0,0,0,0,0,0,8
1401,Raheem Sterling,2014,19,Delantero,3,2,0,0,0,0.0,1,0,0,1,2,26
1401,Raheem Sterling,2018,10,Delantero,6,6,0,1,0,0.0,0,0,3,1,2,4
1401,Raheem Sterling,2022,10,Delantero,3,2,0,2,1,0.33,0,0,1,1,1,6
1402,Trevor Steven,1986,17,Mediocampista,3,3,0,2,0,0.0,0,0,2,0,1,8
1402,Trevor Steven,1990,20,Mediocampista,3,1,0,4,0,0.0,0,0,1,1,1,4
1403,Gary Stevens,1986,2,Defensor,5,5,0,0,0,0.0,0,0,2,1,2,8
1403,Gary Stevens,1990,2,Defensor,2,2,0,5,0,0.0,0,0,0,1,1,4
1404,Gary A. Stevens,1986,15,Defensor,2,0,0,3,0,0.0,0,0,1,1,0,8
1405,Nobby Stiles,1966,4,Mediocampista,6,6,0,0,0,0.0,1,0,5,1,0,1
1405,Nobby Stiles,1970,15,Defensor,0,0,0,4,0,0.0,0,0,0,0,0,8
1406,John Stones,2018,5,Defensor,7,7,0,0,2,0.29,1,0,3,1,3,4
1406,John Stones,2022,5,Defensor,5,5,0,0,0,0.0,0,0,3,1,1,6
1407,Daniel Sturridge,2014,9,Delantero,3,3,0,0,1,0.33,0,0,0,1,2,26
1408,Peter Swan,1962,5,Mediocampista,0,0,0,4,0,0.0,0,0,0,0,0,8
1409,Jim Taylor,1950,-,Defensor,0,0,0,3,0,0.0,0,0,0,0,0,8
1410,Tommy Taylor,1954,10,Delantero,2,2,0,1,0,0.0,0,0,1,1,0,7
1411,John Terry,2006,6,Defensor,5,5,0,0,0,0.0,2,0,3,2,0,7
1411,John Terry,2010,6,Defensor,4,4,0,0,0,0.0,0,0,1,2,1,13
1412,Phil Thompson,1982,18,Defensor,5,5,0,0,0,0.0,0,0,3,2,0,6
1413,Kieran Trippier,2018,12,Defensor,6,6,0,1,1,0.17,0,0,3,1,2,4
1413,Kieran Trippier,2022,12,Defensor,3,2,0,2,0,0.0,0,0,2,1,0,6
1414,Matt Upson,2010,15,Defensor,2,2,0,2,1,0.5,0,0,1,0,1,13
1415,Jamie Vardy,2018,11,Delantero,4,1,0,3,0,0.0,0,0,1,1,2,4
1416,Darius Vassell,2002,20,Delantero,3,1,0,2,0,0.0,0,0,0,2,1,6
1417,Chris Waddle,1986,11,Mediocampista,4,2,0,1,0,0.0,0,0,1,1,2,8
1417,Chris Waddle,1990,8,Mediocampista,7,6,0,0,0,0.0,0,0,3,3,1,4
1418,Theo Walcott,2006,23,Delantero,0,0,0,5,0,0.0,0,0,0,0,0,7
1419,Des Walker,1990,5,Defensor,7,7,0,0,0,0.0,0,0,3,3,1,4
1420,Kyle Walker,2018,2,Defensor,5,5,0,2,0,0.0,2,0,3,1,1,4
1420,Kyle Walker,2022,2,Defensor,3,3,0,2,0,0.0,0,0,2,0,1,6
1421,Stephen Warnock,2010,13,Defensor,0,0,0,4,0,0.0,0,0,0,0,0,13
1422,Willie Watson,1950,-,Mediocampista,0,0,0,3,0,0.0,0,0,0,0,0,8
1423,Neil Webb,1990,4,Mediocampista,1,0,0,6,0,0.0,0,0,0,0,1,4
1424,Danny Welbeck,2014,11,Delantero,2,2,0,1,0,0.0,0,0,0,0,2,26
1424,Danny Welbeck,2018,14,Delantero,1,0,0,6,0,0.0,0,0,0,0,1,4
1425,Ben White,2022,21,Defensor,0,0,0,5,0,0.0,0,0,0,0,0,6
1426,Ray Wilkins,1982,19,Mediocampista,5,5,0,0,0,0.0,1,0,3,2,0,6
1426,Ray Wilkins,1986,8,Mediocampista,2,2,0,3,0,0.0,1,1,0,1,1,8
1427,Bert Williams,1950,-,Arquero,3,3,0,0,0,0.0,0,0,1,0,2,8
1428,Dennis Wilshaw,1954,15,Delantero,2,2,0,1,1,0.5,0,0,1,0,1,7
1429,Jack Wilshere,2014,7,Mediocampista,2,1,0,1,0,0.0,0,0,0,1,1,26
1430,Callum Wilson,2022,24,Delantero,2,0,0,3,0,0.0,0,0,2,0,0,6
1431,Ray Wilson,1962,3,Defensor,4,4,0,0,0,0.0,0,0,1,1,2,8
1431,Ray Wilson,1966,3,Defensor,6,6,0,0,0,0.0,0,0,5,1,0,1
1432,Peter Withe,1982,20,Delantero,0,0,0,5,0,0.0,0,0,0,0,0,6
1433,Tony Woodcock,1982,21,Delantero,2,1,0,3,0,0.0,0,0,0,2,0,6
1434,Chris Woods,1986,13,Arquero,0,0,0,5,0,0.0,0,0,0,0,0,8
1434,Chris Woods,1990,13,Arquero,0,0,0,7,0,0.0,0,0,0,0,0,4
1435,Billy Wright,1950,-,Defensor,3,3,3,0,0,0.0,0,0,1,0,2,8
1435,Billy Wright,1954,4,Defensor,3,3,3,0,0,0.0,0,0,1,1,1,7
1435,Billy Wright,1958,5,Defensor,4,4,4,0,0,0.0,0,0,0,3,1,11
1436,Mark Wright,1990,14,Defensor,6,6,0,1,1,0.17,0,0,3,2,1,4
1437,Tommy Wright,1970,14,Defensor,2,1,0,2,0,0.0,0,0,1,0,1,8
1438,Shaun Wright-Phillips,2010,17,Mediocampista,3,0,0,1,0,0.0,0,0,0,2,1,13
1439,Ashley Young,2018,18,Defensor,5,5,0,2,0,0.0,0,0,3,1,1,4
1440,Salis Abdul Samed,2022,21,Mediocampista,3,3,0,0,0,0.0,0,0,1,0,2,24
1441,Afriyie Acquah,2014,6,Mediocampista,1,0,0,2,0,0.0,0,0,0,0,1,25
1442,Stephen Adams,2014,1,Arquero,0,0,0,3,0,0.0,0,0,0,0,0,25
1443,Eric Addo,2006,18,Mediocampista,4,2,0,0,0,0.0,1,0,2,0,2,13
1444,Otto Addo,2006,20,Mediocampista,2,1,0,2,0,0.0,1,0,2,0,0,13
1445,Lee Addy,2010,19,Defensor,3,1,0,2,0,0.0,1,0,2,1,0,7
1446,Dominic Adiyiah,2010,18,Delantero,2,0,0,3,0,0.0,0,0,0,1,1,7
1447,Sammy Adjei,2006,1,Arquero,0,0,0,4,0,0.0,0,0,0,0,0,13
1448,Albert Adomah,2014,14,Mediocampista,1,0,0,2,0,0.0,0,0,0,0,1,25
1449,Harrison Afful,2014,23,Defensor,2,2,0,1,0,0.0,1,0,0,1,1,25
1450,Daniel Afriyie,2022,13,Mediocampista,0,0,0,3,0,0.0,0,0,0,0,0,24
1451,Daniel Agyei,2010,1,Arquero,0,0,0,5,0,0.0,0,0,0,0,0,7
1452,Emmanuel Agyemang-Badu,2014,8,Mediocampista,2,1,0,1,0,0.0,0,0,0,1,1,25
1453,Stephen Ahorlu,2010,16,Arquero,0,0,0,5,0,0.0,0,0,0,0,0,7
1454,Joseph Aidoo,2022,15,Defensor,0,0,0,3,0,0.0,0,0,0,0,0,24
1455,Daniel Amartey,2022,18,Defensor,3,3,0,0,0,0.0,1,0,1,0,2,24
1456,Matthew Amoah,2006,14,Delantero,4,4,0,0,0,0.0,0,0,2,0,2,13
1456,Matthew Amoah,2010,14,Delantero,2,0,0,3,0,0.0,0,0,0,1,1,7
1457,Anthony Annan,2010,6,Mediocampista,5,5,0,0,0,0.0,1,0,2,2,1,7
1458,Stephen Appiah,2006,10,Mediocampista,4,4,4,0,1,0.25,2,0,2,0,2,13
1458,Stephen Appiah,2010,10,Mediocampista,3,0,0,2,0,0.0,0,0,2,1,0,7
1459,Kwadwo Asamoah,2010,21,Mediocampista,5,5,0,0,0,0.0,0,0,2,2,1,7
1459,Kwadwo Asamoah,2014,20,Mediocampista,3,3,0,0,0,0.0,0,0,0,1,2,25
1460,Lawrence Ati-Zigi,2022,1,Arquero,3,3,0,0,0,0.0,0,0,1,0,2,24
1461,Christian Atsu,2014,7,Mediocampista,3,3,0,0,0,0.0,0,0,0,1,2,25
1462,Andre Ayew,2010,13,Mediocampista,4,4,0,1,0,0.0,2,0,2,1,1,7
1462,Andre Ayew,2014,10,Mediocampista,3,3,0,0,2,0.67,0,0,0,1,2,25
1462,Andre Ayew,2022,10,Delantero,3,3,3,0,1,0.33,1,0,1,0,2,24
1463,Ibrahim Ayew,2010,17,Defensor,0,0,0,5,0,0.0,0,0,0,0,0,7
1464,Jordan Ayew,2014,13,Delantero,3,1,0,0,0,0.0,1,0,0,1,2,25
1464,Jordan Ayew,2022,9,Delantero,3,2,0,0,0,0.0,0,0,1,0,2,24
1465,Derek Boateng,2006,9,Mediocampista,3,1,0,1,0,0.0,1,0,2,0,1,13
1465,Derek Boateng,2010,9,Mediocampista,0,0,0,5,0,0.0,0,0,0,0,0,7
1466,Kevin Prince Boateng,2010,23,Delantero,5,5,0,0,1,0.2,0,0,2,2,1,7
1466,Kevin Prince Boateng,2014,9,Delantero,2,1,0,1,0,0.0,0,0,0,1,1,25
1467,John Boye,2014,21,Defensor,3,3,0,0,0,0.0,0,0,0,1,2,25
1468,Osman Bukari,2022,11,Mediocampista,2,0,0,1,1,0.5,0,0,0,0,2,24
1469,Ibrahim Danlad,2022,12,Arquero,0,0,0,3,0,0.0,0,0,0,0,0,24
1470,Fatau Dauda,2014,16,Arquero,2,2,0,1,0,0.0,0,0,0,1,1,25
1471,Alexander Djiku,2022,23,Defensor,2,1,0,1,0,0.0,0,0,1,0,1,24
1472,Haminu Draman,2006,23,Mediocampista,2,2,0,2,1,0.5,0,0,1,0,1,13
1473,Michael Essien,2006,8,Mediocampista,3,3,0,1,0,0.0,2,0,2,0,1,13
1473,Michael Essien,2014,5,Mediocampista,1,0,0,2,0,0.0,0,0,0,0,1,25
1474,Asamoah Gyan,2006,3,Delantero,3,3,0,1,1,0.33,2,1,1,0,2,13
1474,Asamoah Gyan,2010,3,Delantero,5,5,0,0,3,0.6,0,0,2,2,1,7
1474,Asamoah Gyan,2014,3,Delantero,3,3,3,0,2,0.67,0,0,0,1,2,25
1475,Samuel Inkoom,2010,7,Defensor,2,2,0,3,0,0.0,0,0,1,1,0,7
1475,Samuel Inkoom,2014,2,Defensor,0,0,0,3,0,0.0,0,0,0,0,0,25
1476,Ahmed Issah,2006,21,Defensor,0,0,0,4,0,0.0,0,0,0,0,0,13
1477,Abdul Fatawu Issahaku,2022,7,Mediocampista,1,0,0,2,0,0.0,0,0,0,0,1,24
1478,Richard Kingson,2006,22,Arquero,4,4,0,0,0,0.0,0,0,2,0,2,13
1478,Richard Kingson,2010,22,Arquero,5,5,1,0,0,0.0,0,0,2,2,1,7
1479,Mohammed Kudus,2022,20,Mediocampista,3,3,0,0,2,0.67,1,0,1,0,2,24
1480,Samuel Kuffour,2006,4,Defensor,1,1,0,3,0,0.0,0,0,0,0,1,13
1481,Adam Kwarasey,2014,12,Arquero,1,1,0,2,0,0.0,0,0,0,0,1,25
1482,Daniel-Kofi Kyereh,2022,8,Mediocampista,3,0,0,0,0,0.0,0,0,1,0,2,24
1483,Tariq Lamptey,2022,2,Defensor,2,1,0,1,0,0.0,1,0,1,0,1,24
1484,Gideon Mensah,2022,14,Defensor,1,1,0,2,0,0.0,0,0,1,0,0,24
1485,John Mensah,2006,5,Defensor,4,4,0,0,0,0.0,1,0,2,0,2,13
1485,John Mensah,2010,5,Defensor,4,4,4,1,0,0.0,2,0,2,1,1,7
1486,Jonathan Mensah,2014,19,Defensor,3,3,0,0,0,0.0,0,0,0,1,2,25
1487,Habib Mohamed,2006,13,Defensor,2,2,0,2,0,0.0,1,0,2,0,0,13
1488,Sulley Muntari,2006,11,Mediocampista,3,3,0,1,1,0.33,3,0,1,0,2,13
1488,Sulley Muntari,2010,11,Mediocampista,4,1,0,1,1,0.25,0,0,1,2,1,7
1488,Sulley Muntari,2014,11,Mediocampista,2,2,0,1,0,0.0,2,0,0,1,1,25
1489,Manaf Nurudeen,2022,16,Arquero,0,0,0,3,0,0.0,0,0,0,0,0,24
1490,Denis Odoi,2022,3,Defensor,1,0,0,2,0,0.0,0,0,1,0,0,24
1491,Daniel Opare,2014,4,Defensor,1,1,0,2,0,0.0,0,0,0,0,1,25
1492,George Owu,2006,16,Arquero,0,0,0,4,0,0.0,0,0,0,0,0,13
1493,Elisha Owusu,2022,6,Mediocampista,0,0,0,3,0,0.0,0,0,0,0,0,24
1494,Quincy Owusu-Abeyie,2010,20,Delantero,2,0,0,3,0,0.0,0,0,1,1,0,7
1495,John Pantsil,2006,15,Defensor,4,4,0,0,0,0.0,1,0,2,0,2,13
1495,John Pantsil,2010,4,Defensor,5,5,0,0,0,0.0,1,0,2,2,1,7
1496,Emmanuel Pappoe,2006,6,Defensor,2,2,0,2,0,0.0,0,0,0,0,2,13
1497,Thomas Partey,2022,5,Mediocampista,3,3,0,0,0,0.0,0,0,1,0,2,24
1498,Razak Pimpong,2006,19,Delantero,3,1,0,1,0,0.0,0,0,2,0,1,13
1499,Daniel Quaye,2006,17,Defensor,0,0,0,4,0,0.0,0,0,0,0,0,13
1500,Mohammed Rabiu,2014,17,Mediocampista,3,3,0,0,0,0.0,1,0,0,1,2,25
1501,Baba Rahman,2022,17,Defensor,3,2,0,0,0,0.0,0,0,1,0,2,24
1502,Mohammed Salisu,2022,4,Defensor,3,3,0,0,1,0.33,0,0,1,0,2,24
1503,Hans Sarpei,2006,2,Defensor,0,0,0,4,0,0.0,0,0,0,0,0,13
1503,Hans Sarpei,2010,2,Defensor,5,5,0,0,0,0.0,1,0,2,2,1,7
1504,Alidu Seidu,2022,26,Defensor,2,2,0,1,0,0.0,2,0,0,0,2,24
1505,Antoine Semenyo,2022,25,Delantero,2,0,0,1,0,0.0,0,0,0,0,2,24
1506,Illiasu Shilla,2006,7,Defensor,4,3,0,0,0,0.0,1,0,2,0,2,13
1507,Kamal Sowah,2022,24,Mediocampista,0,0,0,3,0,0.0,0,0,0,0,0,24
1508,Kamaldeen Sulemana,2022,22,Mediocampista,2,0,0,1,0,0.0,1,0,1,0,1,24
1509,Rashid Sumaila,2014,15,Defensor,0,0,0,3,0,0.0,0,0,0,0,0,25
1510,Alex Tachie-Mensah,2006,12,Delantero,3,0,0,1,0,0.0,0,0,1,0,2,13
1511,Prince Tagoe,2010,12,Delantero,3,3,0,2,0,0.0,1,0,1,1,1,7
1512,Isaac Vorsah,2010,15,Defensor,2,2,0,3,0,0.0,1,0,1,1,0,7
1513,Mubarak Wakaso,2014,22,Mediocampista,2,0,0,1,0,0.0,0,0,0,1,1,25
1514,Majeed Waris,2014,18,Delantero,1,1,0,2,0,0.0,1,0,0,0,1,25
1515,Inaki Williams,2022,19,Delantero,3,3,0,0,0,0.0,1,0,1,0,2,24
1516,Abel,1978,14,Defensor,0,0,0,7,0,0.0,0,0,0,0,0,3
1517,Acacio,1990,12,Arquero,0,0,0,4,0,0.0,0,0,0,0,0,9
1518,Adaozinho,1950,-,Delantero,0,0,0,6,0,0.0,0,0,0,0,0,2
1519,Ademir,1950,-,Delantero,6,6,0,0,9,1.5,0,0,4,1,1,2
1520,Ademir Da Guia,1974,18,Mediocampista,1,1,0,6,0,0.0,0,0,0,0,1,4
1521,Ado,1970,12,Arquero,0,0,0,6,0,0.0,0,0,0,0,0,1
1522,Adriano,2006,7,Delantero,4,3,0,1,2,0.5,1,0,3,0,1,5
1523,Afonsinho,1938,-,Mediocampista,4,4,0,1,0,0.0,0,0,2,1,1,3
1524,Alcindo,1966,18,Delantero,2,2,0,1,0,0.0,0,0,1,0,1,11
1525,Aldair,1990,14,Defensor,0,0,0,4,0,0.0,0,0,0,0,0,9
1525,Aldair,1994,13,Defensor,7,6,0,0,0,0.0,1,0,5,2,0,1
1525,Aldair,1998,3,Defensor,6,6,0,1,0,0.0,2,0,4,1,1,2
1526,Alemao,1986,15,Mediocampista,5,5,0,0,0,0.0,0,0,4,1,0,5
1526,Alemao,1990,5,Mediocampista,4,4,0,0,0,0.0,0,0,3,0,1,9
1527,Alfredo,1974,15,Defensor,1,1,0,6,0,0.0,0,0,0,0,1,4
1528,Alfredo Ii,1950,-,Delantero,1,1,0,5,1,1.0,0,0,0,1,0,2
1529,Alfredo Ramos,1954,13,Defensor,0,0,0,3,0,0.0,0,0,0,0,0,6
1530,Alisson,2018,1,Arquero,5,5,0,0,0,0.0,0,0,3,1,1,6
1530,Alisson,2022,1,Arquero,4,4,0,1,0,0.0,0,0,3,1,0,7
1532,Altair,1962,15,Defensor,0,0,0,6,0,0.0,0,0,0,0,0,1
1532,Altair,1966,6,Defensor,2,2,0,1,0,0.0,0,0,1,0,1,11
1533,Dani Alves,2010,13,Defensor,5,3,0,0,0,0.0,0,0,3,1,1,6
1533,Dani Alves,2014,2,Defensor,4,4,0,3,0,0.0,1,0,2,2,0,4
1533,Dani Alves,2022,13,Defensor,2,1,1,3,0,0.0,0,0,1,0,1,7
1534,Amaral,1978,4,Defensor,7,7,0,0,0,0.0,0,0,4,3,0,3
1535,Amarildo,1962,20,Delantero,4,4,0,2,3,0.75,0,0,4,0,0,1
1536,Anderson Polga,2002,14,Defensor,2,2,0,5,0,0.0,0,0,2,0,0,1
1537,Andre Cruz,1998,15,Defensor,0,0,0,7,0,0.0,0,0,0,0,0,2
1538,Antony,2022,19,Delantero,4,1,0,1,0,0.0,0,0,2,1,1,7
1539,Araken,1930,-,Delantero,1,1,0,1,0,0.0,0,0,0,0,1,6
1540,Argemiro,1938,-,Mediocampista,1,1,0,4,0,0.0,0,0,1,0,0,3
1541,Ariel,1934,-,Mediocampista,0,0,0,1,0,0.0,0,0,0,0,0,14
1542,Armandinho,1934,-,Delantero,1,1,0,0,0,0.0,0,0,0,0,1,14
1543,Attila,1934,-,Delantero,0,0,0,1,0,0.0,0,0,0,0,0,14
1544,Augusto,1950,-,Defensor,6,6,6,0,0,0.0,0,0,4,1,1,2
1545,Baldochi,1970,14,Defensor,0,0,0,6,0,0.0,0,0,0,0,0,1
1546,Baltazar,1950,-,Delantero,2,2,0,4,2,1.0,0,0,1,1,0,2
1546,Baltazar,1954,9,Delantero,2,2,0,1,1,0.5,0,0,1,1,0,6
1547,Barbosa,1950,-,Arquero,6,6,0,0,0,0.0,0,0,4,1,1,2
1548,Batatais,1938,-,Arquero,2,2,0,3,0,0.0,0,0,2,0,0,3
1549,Batista,1978,17,Mediocampista,7,7,0,0,0,0.0,1,0,4,3,0,3
1549,Batista,1982,18,Mediocampista,1,0,0,4,0,0.0,0,0,1,0,0,5
1550,Bauer,1950,-,Mediocampista,5,5,0,1,0,0.0,0,0,3,1,1,2
1550,Bauer,1954,6,Defensor,3,3,3,0,0,0.0,0,0,1,1,1,6
1551,Bebeto,1990,16,Delantero,1,0,0,3,0,0.0,0,0,1,0,0,9
1551,Bebeto,1994,7,Delantero,7,7,0,0,3,0.43,0,0,5,2,0,1
1551,Bebeto,1998,20,Delantero,7,7,0,0,3,0.43,0,0,4,1,2,2
1552,Belletti,2002,13,Defensor,1,0,0,6,0,0.0,0,0,1,0,0,1
1553,Bellini,1958,2,Defensor,6,6,6,0,0,0.0,0,0,5,1,0,1
1553,Bellini,1962,13,Defensor,0,0,0,6,0,0.0,0,0,0,0,0,1
1553,Bellini,1966,4,Defensor,2,2,2,1,0,0.0,0,0,1,0,1,11
1554,Benedicto,1930,-,Delantero,1,1,0,1,0,0.0,0,0,1,0,0,6
1555,Benvenutto,1930,-,Mediocampista,0,0,0,2,0,0.0,0,0,0,0,0,6
1556,Bernard,2014,20,Mediocampista,3,1,0,4,0,0.0,0,0,1,1,1,4
1557,Bigode,1950,-,Mediocampista,5,5,0,1,0,0.0,0,0,4,0,1,2
1558,Bismarck,1990,7,Mediocampista,0,0,0,4,0,0.0,0,0,0,0,0,9
1559,Branco,1986,17,Defensor,5,5,0,0,0,0.0,1,0,4,1,0,5
1559,Branco,1990,6,Defensor,4,4,0,0,0,0.0,1,0,3,0,1,9
1559,Branco,1994,6,Defensor,3,3,0,4,1,0.33,0,0,2,1,0,1
1560,Brandao,1938,-,Mediocampista,2,2,0,3,0,0.0,0,0,2,0,0,3
1561,Brandaozinho,1954,4,Defensor,3,3,0,0,0,0.0,0,0,1,1,1,6
1562,Bremer,2022,24,Defensor,2,1,0,3,0,0.0,0,0,1,0,1,7
1563,Brilhante,1930,-,Defensor,1,1,0,1,0,0.0,0,0,0,0,1,6
1564,Brito,1966,5,Defensor,1,1,0,2,0,0.0,0,0,0,0,1,11
1564,Brito,1970,2,Defensor,6,6,0,0,0,0.0,0,0,6,0,0,1
1565,Britto,1938,-,Mediocampista,1,1,0,4,0,0.0,0,0,1,0,0,3
1566,Cabecao,1954,22,Arquero,0,0,0,3,0,0.0,0,0,0,0,0,6
1567,Cafu,1994,14,Defensor,3,0,0,4,0,0.0,1,0,2,1,0,1
1567,Cafu,1998,2,Defensor,6,6,0,1,0,0.0,2,0,4,0,2,2
1567,Cafu,2002,2,Defensor,7,7,7,0,0,0.0,1,0,7,0,0,1
1567,Cafu,2006,2,Defensor,4,4,4,1,0,0.0,2,0,3,0,1,5
1568,Canalli,1934,-,Mediocampista,1,1,0,0,0,0.0,0,0,0,0,1,14
1569,Careca,1986,9,Delantero,5,5,0,0,5,1.0,1,0,4,1,0,5
1569,Careca,1990,9,Delantero,4,4,0,0,2,0.5,0,0,3,0,1,9
1570,Carlos,1978,12,Arquero,0,0,0,7,0,0.0,0,0,0,0,0,3
1570,Carlos,1982,22,Arquero,0,0,0,5,0,0.0,0,0,0,0,0,5
1570,Carlos,1986,1,Arquero,5,5,0,0,0,0.0,0,0,4,1,0,5
1571,Carlos Alberto,1970,4,Defensor,6,6,6,0,1,0.17,1,0,6,0,0,1
1572,Carlos Germano,1998,12,Arquero,0,0,0,7,0,0.0,0,0,0,0,0,2
1573,Carpegiani,1974,17,Mediocampista,6,5,0,1,0,0.0,1,0,3,1,2,4
1574,Carvalho Leite,1930,-,Delantero,1,1,0,1,0,0.0,0,0,1,0,0,6
1574,Carvalho Leite,1934,-,Delantero,0,0,0,1,0,0.0,0,0,0,0,0,14
1575,Casagrande,1986,8,Delantero,3,2,0,2,0,0.0,0,0,3,0,0,5
1576,Casemiro,2018,5,Mediocampista,4,4,0,1,0,0.0,2,0,3,1,0,6
1576,Casemiro,2022,5,Mediocampista,4,4,0,1,1,0.25,1,0,3,1,0,7
1577,Cassio,2018,16,Arquero,0,0,0,5,0,0.0,0,0,0,0,0,6
1578,Castilho,1950,-,Arquero,0,0,0,6,0,0.0,0,0,0,0,0,2
1578,Castilho,1954,1,Arquero,3,3,0,0,0,0.0,0,0,1,1,1,6
1578,Castilho,1958,1,Arquero,0,0,0,6,0,0.0,0,0,0,0,0,1
1578,Castilho,1962,22,Arquero,0,0,0,6,0,0.0,0,0,0,0,0,1
1580,Cesar Sampaio,1998,5,Mediocampista,6,6,0,1,3,0.5,3,0,4,1,1,2
1581,Chicao,1978,21,Mediocampista,3,1,0,4,0,0.0,1,0,2,1,0,3
1582,Chico,1950,-,Delantero,4,4,0,2,4,1.0,0,0,3,0,1,2
1583,Cicinho,2006,13,Defensor,2,1,0,3,0,0.0,0,0,1,0,1,5
1584,Clodoaldo,1970,5,Mediocampista,6,6,0,0,1,0.17,0,0,6,0,0,1
1585,Coutinho,1962,9,Delantero,0,0,0,6,0,0.0,0,0,0,0,0,1
1586,Cris,2006,15,Defensor,0,0,0,5,0,0.0,0,0,0,0,0,5
1587,Danilo,2018,14,Defensor,1,1,0,4,0,0.0,0,0,0,1,0,6
1587,Danilo,2022,2,Defensor,3,3,0,2,0,0.0,1,0,2,1,0,7
1588,Danilo Alvim,1950,-,Mediocampista,5,5,0,1,0,0.0,0,0,4,0,1,2
1589,Dante,2014,13,Defensor,1,1,0,6,0,0.0,1,0,0,0,1,4
1590,Dario,1970,20,Delantero,0,0,0,6,0,0.0,0,0,0,0,0,1
1591,David Luiz,2014,4,Defensor,7,7,1,0,2,0.29,0,0,3,2,2,4
1592,De Sordi,1958,14,Defensor,5,5,0,1,0,0.0,0,0,4,1,0,1
1593,Denilson,1966,13,Mediocampista,2,2,0,1,0,0.0,1,0,1,0,1,11
1593,Denilson,1998,19,Mediocampista,7,1,0,0,0,0.0,0,0,4,1,2,2
1593,Denilson,2002,17,Delantero,5,0,0,2,0,0.0,1,0,5,0,0,1
1594,Dequinha,1954,16,Mediocampista,0,0,0,3,0,0.0,0,0,0,0,0,6
1595,Dida,1958,21,Delantero,1,1,0,5,0,0.0,0,0,1,0,0,1
1595,Dida,1998,22,Arquero,0,0,0,7,0,0.0,0,0,0,0,0,2
1595,Dida,2002,12,Arquero,0,0,0,7,0,0.0,0,0,0,0,0,1
1595,Dida,2006,1,Arquero,5,5,1,0,0,0.0,0,0,4,0,1,5
1596,Didi,1954,8,Mediocampista,3,3,0,0,2,0.67,0,0,1,1,1,6
1596,Didi,1958,6,Mediocampista,6,6,0,0,1,0.17,0,0,5,1,0,1
1596,Didi,1962,8,Mediocampista,6,6,0,0,0,0.0,0,0,5,1,0,1
1597,Dino Sani,1958,5,Mediocampista,2,2,0,4,0,0.0,0,0,1,1,0,1
1598,Dirceu,1974,21,Mediocampista,4,4,0,3,0,0.0,1,0,2,0,2,4
1598,Dirceu,1978,11,Mediocampista,7,6,0,0,3,0.43,0,0,4,3,0,3
1598,Dirceu,1982,21,Delantero,1,1,0,4,0,0.0,0,0,1,0,0,5
1599,Djalma Santos,1954,2,Defensor,3,3,0,0,1,0.33,0,0,1,1,1,6
1599,Djalma Santos,1958,4,Defensor,1,1,0,5,0,0.0,0,0,1,0,0,1
1599,Djalma Santos,1962,2,Defensor,6,6,0,0,0,0.0,0,0,5,1,0,1
1599,Djalma Santos,1966,2,Defensor,2,2,0,1,0,0.0,0,0,1,0,1,11
1600,Doca,1930,-,Delantero,0,0,0,2,0,0.0,0,0,0,0,0,6
1601,Domingos Da Guia,1938,-,Defensor,4,4,0,1,0,0.0,0,0,2,1,1,3
1602,Doni,2010,22,Arquero,0,0,0,5,0,0.0,0,0,0,0,0,6
1603,Doriva,1998,17,Mediocampista,1,0,0,6,0,0.0,0,0,1,0,0,2
1605,Dunga,1990,4,Mediocampista,4,4,0,0,0,0.0,1,0,3,0,1,9
1605,Dunga,1994,8,Mediocampista,7,7,4,0,0,0.0,1,0,5,2,0,1
1605,Dunga,1998,8,Mediocampista,7,7,7,0,0,0.0,0,0,4,1,2,2
1606,Eder,1982,11,Mediocampista,5,5,0,0,2,0.4,0,0,4,0,1,5
1606,Eder,2014,11,Delantero,3,1,0,0,0,0.0,0,0,1,1,1,18
1607,Ederson,2018,23,Arquero,0,0,0,5,0,0.0,0,0,0,0,0,6
1607,Ederson,2022,23,Arquero,1,1,0,4,0,0.0,0,0,0,0,1,7
1608,Edevaldo,1982,13,Defensor,1,0,0,4,0,0.0,0,0,1,0,0,5
1609,Edilson,2002,20,Delantero,4,2,0,3,0,0.0,0,0,4,0,0,1
1610,Edinho,1978,6,Defensor,3,2,0,4,0,0.0,1,0,0,3,0,3
1610,Edinho,1982,16,Defensor,1,0,0,4,0,0.0,0,0,1,0,0,5
1610,Edinho,1986,4,Defensor,5,5,5,0,1,0.2,1,0,4,1,0,5
1611,Edivaldo,1986,11,Delantero,0,0,0,5,0,0.0,0,0,0,0,0,5
1612,Edmilson,2002,5,Defensor,6,6,0,1,1,0.17,0,0,6,0,0,1
1613,Edmundo,1998,21,Delantero,2,0,0,5,0,0.0,0,0,1,0,1,2
1615,Edu,1966,22,Delantero,0,0,0,3,0,0.0,0,0,0,0,0,11
1615,Edu,1970,19,Delantero,1,0,0,5,0,0.0,0,0,1,0,0,1
1615,Edu,1974,20,Delantero,1,1,0,6,0,0.0,0,0,1,0,0,4
1616,Elano,2010,7,Mediocampista,2,2,0,3,2,1.0,0,0,2,0,0,6
1617,Ely Do Amparo,1950,-,Defensor,1,1,0,5,0,0.0,0,0,1,0,0,2
1617,Ely Do Amparo,1954,14,Mediocampista,0,0,0,3,0,0.0,0,0,0,0,0,6
1618,Elzo,1986,19,Mediocampista,5,5,0,0,0,0.0,0,0,4,1,0,5
1619,Emerson,1998,11,Mediocampista,2,0,0,5,0,0.0,0,0,1,1,0,2
1619,Emerson,2006,5,Mediocampista,3,3,0,2,0,0.0,1,0,3,0,0,5
1620,Everaldo,1970,16,Defensor,5,5,0,1,0,0.0,0,0,5,0,0,1
1621,Fabinho,2022,15,Mediocampista,1,1,0,4,0,0.0,0,0,0,0,1,7
1622,Fagner,2018,22,Defensor,4,4,0,1,0,0.0,1,0,3,0,1,6
1623,Falcao,1982,15,Mediocampista,5,5,0,0,3,0.6,1,0,4,0,1,5
1623,Falcao,1986,5,Mediocampista,2,0,0,3,0,0.0,0,0,2,0,0,5
1624,Fausto,1930,-,Mediocampista,2,2,0,0,0,0.0,0,0,1,0,1,6
1625,Felipe Melo,2010,5,Mediocampista,4,4,0,1,0,0.0,1,0,2,1,1,6
1626,Felix,1970,1,Arquero,6,6,0,0,0,0.0,0,0,6,0,0,1
1627,Fernandinho,2014,5,Mediocampista,5,3,0,2,1,0.2,1,0,2,1,2,4
1627,Fernandinho,2018,17,Mediocampista,5,1,0,0,0,0.0,1,0,3,1,1,6
1628,Fernando Giudicelli,1930,-,Mediocampista,2,2,0,0,0,0.0,0,0,1,0,1,6
1629,Fidelis,1966,3,Defensor,1,1,0,2,0,0.0,0,0,0,0,1,11
1630,Filipe Luís,2018,6,Defensor,2,1,0,3,0,0.0,1,0,2,0,0,6
1631,Fontana,1970,15,Defensor,1,1,0,5,0,0.0,0,0,1,0,0,1
1632,Fortes,1930,-,Mediocampista,0,0,0,2,0,0.0,0,0,0,0,0,6
1633,Francisco Rodrigues,1950,-,Delantero,0,0,0,6,0,0.0,0,0,0,0,0,2
1633,Francisco Rodrigues,1954,11,Delantero,2,2,0,1,0,0.0,0,0,1,1,0,6
1634,Fred,2006,21,Delantero,1,0,0,4,1,1.0,0,0,1,0,0,5
1634,Fred,2014,9,Delantero,6,6,0,1,1,0.17,0,0,3,2,1,4
1634,Fred,2018,18,Mediocampista,0,0,0,5,0,0.0,0,0,0,0,0,6
1634,Fred,2022,8,Mediocampista,4,2,0,1,0,0.0,1,0,2,1,1,7
1635,Friaca,1950,-,Delantero,4,4,0,2,1,0.25,0,0,2,1,1,2
1636,Gabriel Jesus,2018,9,Delantero,5,5,0,0,0,0.0,0,0,3,1,1,6
1636,Gabriel Jesus,2022,18,Delantero,3,1,0,2,0,0.0,0,0,2,0,1,7
1637,Garrincha,1958,11,Delantero,4,4,0,2,0,0.0,0,0,4,0,0,1
1637,Garrincha,1962,7,Delantero,6,6,0,0,4,0.67,0,0,5,1,0,1
1637,Garrincha,1966,16,Delantero,2,2,0,1,1,0.5,0,0,1,0,1,11
1639,Pedro Geromel,2018,4,Defensor,0,0,0,5,0,0.0,0,0,0,0,0,6
1640,Gerson,1966,11,Mediocampista,1,1,0,2,0,0.0,0,0,0,0,1,11
1640,Gerson,1970,8,Mediocampista,4,4,0,2,1,0.25,1,0,4,0,0,1
1641,Gil,1978,18,Delantero,7,6,0,0,0,0.0,0,0,4,3,0,3
1642,Gilberto Melo,2006,16,Defensor,1,1,0,4,1,1.0,1,0,1,0,0,5
1643,Gilberto Silva,2002,8,Mediocampista,7,7,0,0,0,0.0,1,0,7,0,0,1
1643,Gilberto Silva,2006,17,Mediocampista,4,2,0,1,0,0.0,0,0,3,0,1,5
1643,Gilberto Silva,2010,8,Mediocampista,5,5,0,0,0,0.0,0,0,3,1,1,6
1644,Gilmar,1958,3,Arquero,6,6,0,0,0,0.0,0,0,5,1,0,1
1644,Gilmar,1962,1,Arquero,6,6,0,0,0,0.0,0,0,5,1,0,1
1644,Gilmar,1966,1,Arquero,2,2,0,1,0,0.0,0,0,1,0,1,11
1645,Gilmar Rinaldi,1994,22,Arquero,0,0,0,7,0,0.0,0,0,0,0,0,1
1646,Giovanni,1998,7,Mediocampista,1,1,0,6,0,0.0,0,0,1,0,0,2
1648,Goncalves,1998,14,Defensor,2,1,0,5,0,0.0,0,0,1,0,1,2
1649,Grafite,2010,23,Delantero,1,0,0,4,0,0.0,0,0,0,1,0,6
1650,Bruno Guimaraes,2022,17,Mediocampista,2,0,0,3,0,0.0,1,0,1,0,1,7
1651,Henrique,2014,15,Defensor,1,0,0,6,0,0.0,0,0,1,0,0,4
1652,Hercules,1938,-,Delantero,2,2,0,3,0,0.0,0,0,1,1,0,3
1653,Hermogenes,1930,-,Mediocampista,2,2,0,0,0,0.0,0,0,1,0,1,6
1654,Hernanes,2014,18,Mediocampista,3,0,0,4,0,0.0,0,0,2,0,1,4
1655,Hulk,2014,7,Delantero,6,5,0,1,0,0.0,1,0,3,1,2,4
1656,Humberto Tozzi,1954,18,Delantero,1,1,0,2,0,0.0,0,0,0,0,1,6
1657,Indio,1954,19,Delantero,1,1,0,2,0,0.0,0,0,0,0,1,6
1658,Italia,1930,-,Defensor,2,2,0,0,0,0.0,0,0,1,0,1,6
1659,Ivan Mariz,1930,-,Mediocampista,0,0,0,2,0,0.0,0,0,0,0,0,6
1660,Jair,1950,-,Delantero,5,5,0,1,2,0.4,0,0,4,0,1,2
1661,Jair Da Costa,1962,18,Delantero,0,0,0,6,0,0.0,0,0,0,0,0,1
1662,Jair Marinho,1962,12,Defensor,0,0,0,6,0,0.0,0,0,0,0,0,1
1663,Jairzinho,1966,17,Delantero,3,3,0,0,0,0.0,0,0,1,0,2,11
1663,Jairzinho,1970,7,Delantero,6,6,0,0,7,1.17,0,0,6,0,0,1
1663,Jairzinho,1974,7,Delantero,7,7,0,0,2,0.29,2,0,3,2,2,4
1664,Jau,1938,-,Defensor,1,1,0,4,0,0.0,0,0,1,0,0,3
1665,Jefferson,2014,1,Arquero,0,0,0,7,0,0.0,0,0,0,0,0,4
1666,Jo,2014,21,Delantero,3,1,0,4,0,0.0,1,0,0,2,1,4
1667,Joel,1930,-,Arquero,1,1,0,1,0,0.0,0,0,0,0,1,6
1667,Joel,1958,17,Delantero,2,2,0,4,0,0.0,0,0,1,1,0,1
1668,Joel Camargo,1970,17,Defensor,0,0,0,6,0,0.0,0,0,0,0,0,1
1669,Jorge Mendonca,1978,19,Delantero,6,4,0,1,0,0.0,1,0,4,2,0,3
1670,Jorginho,1990,2,Defensor,4,4,0,0,0,0.0,1,0,3,0,1,9
1670,Jorginho,1994,2,Defensor,7,7,0,0,0,0.0,1,0,5,2,0,1
1671,Josimar,1986,13,Defensor,3,3,0,2,2,0.67,0,0,2,1,0,5
1672,Josue,2010,17,Mediocampista,1,0,0,4,0,0.0,0,0,0,1,0,6
1673,Juan,2006,4,Defensor,5,5,0,0,0,0.0,2,0,4,0,1,5
1673,Juan,2010,4,Defensor,5,5,0,0,1,0.2,1,0,3,1,1,6
1674,Julinho,1954,7,Delantero,3,3,0,0,2,0.67,0,0,1,1,1,6
1675,Julio Baptista,2010,19,Mediocampista,1,1,0,4,0,0.0,0,0,0,1,0,6
1676,Julio Cesar,1986,14,Defensor,5,5,0,0,0,0.0,0,0,4,1,0,5
1676,Julio Cesar,2006,22,Arquero,0,0,0,5,0,0.0,0,0,0,0,0,5
1676,Julio Cesar,2010,1,Arquero,5,5,0,0,0,0.0,0,0,3,1,1,6
1676,Julio Cesar,2014,12,Arquero,7,7,0,0,0,0.0,1,0,3,2,2,4
1677,Juninho,1982,14,Defensor,0,0,0,5,0,0.0,0,0,0,0,0,5
1678,Juninho Paulista,2002,19,Mediocampista,5,4,0,2,0,0.0,0,0,5,0,0,1
1679,Juninho Pernambucano,2006,19,Mediocampista,3,2,0,2,1,0.33,0,0,2,0,1,5
1680,Junior,1982,6,Defensor,5,5,0,0,1,0.2,0,0,4,0,1,5
1680,Junior,1986,6,Defensor,5,5,0,0,0,0.0,0,0,4,1,0,5
1680,Junior,2002,16,Defensor,1,1,0,6,1,1.0,0,0,1,0,0,1
1681,Junior Baiano,1998,4,Defensor,7,7,0,0,0,0.0,2,0,4,1,2,2
1682,Jurandir,1962,14,Defensor,0,0,0,6,0,0.0,0,0,0,0,0,1
1683,Juvenal,1950,-,Defensor,6,6,0,0,0,0.0,0,0,4,1,1,2
1684,Kaká,2002,23,Delantero,1,0,0,6,0,0.0,0,0,1,0,0,1
1684,Kaká,2006,8,Mediocampista,5,5,0,0,1,0.2,0,0,4,0,1,5
1684,Kaká,2010,10,Mediocampista,4,4,0,1,0,0.0,1,1,3,0,1,6
1685,Kleberson,2002,15,Mediocampista,5,3,0,2,0,0.0,0,0,5,0,0,1
1685,Kleberson,2010,20,Mediocampista,1,0,0,4,0,0.0,0,0,1,0,0,6
1686,Leandro,1982,2,Defensor,5,5,0,0,0,0.0,0,0,4,0,1,5
1687,Leao,1970,22,Arquero,0,0,0,6,0,0.0,0,0,0,0,0,1
1687,Leao,1974,1,Arquero,7,7,0,0,0,0.0,0,0,3,2,2,4
1687,Leao,1978,1,Arquero,7,7,6,0,0,0.0,0,0,4,3,0,3
1687,Leao,1986,22,Arquero,0,0,0,5,0,0.0,0,0,0,0,0,5
1688,Leivinha,1974,8,Delantero,3,3,0,4,0,0.0,0,0,1,2,0,4
1689,Leonardo,1994,16,Mediocampista,4,4,0,3,0,0.0,0,1,3,1,0,1
1689,Leonardo,1998,18,Mediocampista,7,6,0,0,0,0.0,1,0,4,1,2,2
1690,Leonidas,1934,-,Delantero,1,1,0,0,1,1.0,0,0,0,0,1,14
1690,Leonidas,1938,-,Delantero,4,4,2,1,7,1.75,0,0,3,1,0,3
1691,Lima,1966,14,Mediocampista,3,3,0,0,0,0.0,0,0,1,0,2,11
1692,Lopes,1938,-,Delantero,3,3,0,2,0,0.0,0,0,1,1,1,3
1693,Lucio,2002,3,Defensor,7,7,0,0,0,0.0,0,0,7,0,0,1
1693,Lucio,2006,3,Defensor,5,5,0,0,0,0.0,1,0,4,0,1,5
1693,Lucio,2010,3,Defensor,5,5,5,0,0,0.0,0,0,3,1,1,6
1694,Luis Fabiano,2010,9,Delantero,5,5,0,0,3,0.6,1,0,3,1,1,6
1695,Luis Pereira,1974,2,Defensor,6,6,0,1,0,0.0,1,1,3,2,1,4
1696,Luisao,2006,14,Defensor,0,0,0,5,0,0.0,0,0,0,0,0,5
1696,Luisao,2010,14,Defensor,0,0,0,5,0,0.0,0,0,0,0,0,6
1697,Luisinho,1934,-,Delantero,1,1,0,0,0,0.0,0,0,0,0,1,14
1697,Luisinho,1938,-,Delantero,2,2,0,3,0,0.0,0,0,1,0,1,3
1698,Luiz Gustavo,2014,17,Mediocampista,6,6,0,1,0,0.0,2,0,2,2,2,4
1699,Luiz Luz,1934,-,Defensor,1,1,0,0,0,0.0,0,0,0,0,1,14
1700,Luizao,2002,21,Delantero,2,0,0,5,0,0.0,0,0,2,0,0,1
1701,Luizinho,1982,4,Defensor,5,5,0,0,0,0.0,0,0,4,0,1,5
1702,Machado,1938,-,Defensor,4,4,0,1,0,0.0,0,0,2,1,1,3
1703,Maicon,2010,2,Defensor,5,5,0,0,1,0.2,0,0,3,1,1,6
1703,Maicon,2014,23,Defensor,3,3,0,4,0,0.0,0,0,1,0,2,4
1704,Maneca,1950,-,Delantero,4,4,0,2,1,0.25,0,0,3,1,0,2
1705,Manga,1966,12,Arquero,1,1,0,2,0,0.0,0,0,0,0,1,11
1706,Manoelzinho,1930,-,Delantero,0,0,0,2,0,0.0,0,0,0,0,0,6
1707,Marcelo,2014,6,Defensor,6,6,0,1,0,0.0,0,0,3,2,1,4
1707,Marcelo,2018,12,Defensor,4,4,1,1,0,0.0,0,0,2,1,1,6
1708,Marcio Santos,1994,15,Defensor,7,7,0,0,1,0.14,0,0,5,2,0,1
1709,Marco Antonio,1970,6,Defensor,2,1,0,4,0,0.0,0,0,2,0,0,1
1709,Marco Antonio,1974,16,Defensor,0,0,0,7,0,0.0,0,0,0,0,0,4
1710,Marcos,2002,1,Arquero,7,7,0,0,0,0.0,0,0,7,0,0,1
1711,Marinho Chagas,1974,6,Defensor,7,7,0,0,0,0.0,1,0,3,2,2,4
1712,Marinho Peres,1974,3,Defensor,7,7,4,0,0,0.0,2,0,3,2,2,4
1713,Marquinhos,2018,13,Defensor,1,0,0,4,0,0.0,0,0,1,0,0,6
1713,Marquinhos,2022,4,Defensor,5,4,0,0,0,0.0,1,0,3,1,1,7
1714,Martim,1934,-,Mediocampista,1,1,1,0,0,0.0,0,0,0,0,1,14
1714,Martim,1938,-,Mediocampista,3,3,3,2,0,0.0,0,0,1,1,1,3
1715,Gabriel Martinelli,2022,26,Delantero,3,1,0,2,0,0.0,0,0,2,0,1,7
1716,Maurinho,1954,17,Delantero,1,1,0,2,0,0.0,0,0,0,0,1,6
1717,Mauro Galvao,1986,16,Defensor,0,0,0,5,0,0.0,0,0,0,0,0,5
1717,Mauro Galvao,1990,21,Defensor,4,4,0,0,0,0.0,1,0,3,0,1,9
1718,Mauro Ramos,1954,15,Defensor,0,0,0,3,0,0.0,0,0,0,0,0,6
1718,Mauro Ramos,1958,16,Defensor,0,0,0,6,0,0.0,0,0,0,0,0,1
1718,Mauro Ramos,1962,3,Defensor,6,6,6,0,0,0.0,0,0,5,1,0,1
1719,Mauro Silva,1994,5,Mediocampista,7,7,0,0,0,0.0,1,0,5,2,0,1
1720,Maxwell,2014,14,Defensor,1,1,0,6,0,0.0,0,0,0,0,1,4
1721,Mazinho,1990,18,Mediocampista,0,0,0,4,0,0.0,0,0,0,0,0,9
1721,Mazinho,1994,17,Mediocampista,6,4,0,1,0,0.0,2,0,4,2,0,1
1722,Mengalvio,1962,17,Mediocampista,0,0,0,6,0,0.0,0,0,0,0,0,1
1723,Michel Bastos,2010,6,Defensor,5,5,0,0,0,0.0,1,0,3,1,1,6
1724,Eder Militao,2022,14,Defensor,4,4,0,1,0,0.0,1,0,2,1,1,7
1725,Mineiro,2006,18,Mediocampista,0,0,0,5,0,0.0,0,0,0,0,0,5
1726,Miranda,2018,3,Defensor,5,5,2,0,0,0.0,0,0,3,1,1,6
1727,Mirandinha,1974,19,Delantero,4,1,0,3,0,0.0,1,0,1,1,2,4
1728,Moacir,1958,13,Mediocampista,0,0,0,6,0,0.0,0,0,0,0,0,1
1729,Moderato,1930,-,Delantero,1,1,0,1,2,2.0,0,0,1,0,0,6
1730,Mozer,1990,13,Defensor,2,2,0,2,0,0.0,2,0,2,0,0,9
1731,Muller,1986,7,Delantero,5,3,0,0,0,0.0,0,0,4,1,0,5
1731,Muller,1990,15,Delantero,4,3,0,0,2,0.5,0,0,3,0,1,9
1731,Muller,1994,19,Delantero,1,0,0,6,0,0.0,0,0,1,0,0,1
1732,Nariz,1938,-,Defensor,1,1,0,4,0,0.0,0,0,1,0,0,3
1733,Nelinho,1974,14,Defensor,3,3,0,4,0,0.0,0,0,1,2,0,4
1733,Nelinho,1978,13,Defensor,4,3,0,3,2,0.5,1,0,2,2,0,3
1734,Nena,1950,-,Defensor,0,0,0,6,0,0.0,0,0,0,0,0,2
1735,Neymar Jr.,2014,10,Delantero,5,5,0,2,4,0.8,1,0,3,2,0,4
1735,Neymar Jr.,2018,10,Delantero,5,5,0,0,2,0.4,1,0,3,1,1,6
1735,Neymar Jr.,2022,10,Delantero,3,3,0,2,2,0.67,0,0,2,1,0,7
1736,Niginho,1938,-,Delantero,0,0,0,5,0,0.0,0,0,0,0,0,3
1737,Nilmar,2010,21,Delantero,4,1,0,1,0,0.0,0,0,2,1,1,6
1738,Nilo,1930,-,Delantero,1,1,0,1,0,0.0,0,0,0,0,1,6
1739,Nilton Santos,1950,-,Defensor,0,0,0,6,0,0.0,0,0,0,0,0,2
1740,Noronha,1950,-,Mediocampista,1,1,0,5,0,0.0,0,0,0,1,0,2
1741,Octacilio,1934,-,Defensor,0,0,0,1,0,0.0,0,0,0,0,0,14
1742,Oreco,1958,8,Defensor,0,0,0,6,0,0.0,0,0,0,0,0,1
1743,Orlando,1958,15,Defensor,6,6,0,0,0,0.0,0,0,5,1,0,1
1743,Orlando,1966,7,Defensor,1,1,1,2,0,0.0,0,0,0,0,1,11
1744,Oscar,1978,3,Defensor,7,7,0,0,0,0.0,1,0,4,3,0,3
1744,Oscar,1982,3,Defensor,5,5,0,0,1,0.2,0,0,4,0,1,5
1744,Oscar,1986,3,Defensor,0,0,0,5,0,0.0,0,0,0,0,0,5
1744,Oscar,2014,11,Mediocampista,7,7,0,0,2,0.29,1,0,3,2,2,4
1745,Oscarino,1930,-,Mediocampista,0,0,0,2,0,0.0,0,0,0,0,0,6
1746,Pamplona,1930,-,Mediocampista,0,0,0,2,0,0.0,0,0,0,0,0,6
1747,Lucas Paqueta,2022,7,Mediocampista,4,4,0,1,1,0.25,0,0,3,1,0,7
1748,Parana,1966,21,Delantero,1,1,0,2,0,0.0,0,0,0,0,1,11
1749,Patesko,1934,-,Delantero,1,1,0,0,0,0.0,0,0,0,0,1,14
1749,Patesko,1938,-,Delantero,3,3,0,2,0,0.0,0,0,2,0,1,3
1750,Paulinho,1954,12,Defensor,0,0,0,3,0,0.0,0,0,0,0,0,6
1750,Paulinho,2014,8,Mediocampista,6,5,0,1,0,0.0,0,0,3,1,2,4
1750,Paulinho,2018,15,Mediocampista,5,5,0,0,1,0.2,0,0,3,1,1,6
1751,Paulo Cesar,1970,18,Mediocampista,4,2,0,2,0,0.0,0,0,4,0,0,1
1751,Paulo Cesar,1974,11,Mediocampista,5,5,0,2,0,0.0,0,0,2,2,1,4
1752,Paulo Henrique,1966,8,Defensor,2,2,0,1,0,0.0,0,0,1,0,1,11
1753,Paulo Isidoro,1982,7,Mediocampista,4,0,0,1,0,0.0,0,0,3,0,1,5
1754,Paulo Sergio,1982,12,Arquero,0,0,0,5,0,0.0,0,0,0,0,0,5
1754,Paulo Sergio,1994,18,Delantero,2,0,0,5,0,0.0,0,0,1,1,0,1
1755,Paulo Vitor,1986,12,Arquero,0,0,0,5,0,0.0,0,0,0,0,0,5
1756,Pedrinho,1982,17,Defensor,0,0,0,5,0,0.0,0,0,0,0,0,5
1758,Pedrosa,1934,-,Arquero,1,1,0,0,0,0.0,0,0,0,0,1,14
1759,Pelé,1958,10,Delantero,4,4,0,2,6,1.5,0,0,4,0,0,1
1759,Pelé,1962,10,Delantero,2,2,0,4,1,0.5,0,0,1,1,0,1
1759,Pelé,1966,10,Delantero,2,2,0,1,1,0.5,0,0,1,0,1,11
1759,Pelé,1970,10,Delantero,6,6,0,0,4,0.67,0,0,6,0,0,1
1760,Pepe,1958,22,Delantero,0,0,0,6,0,0.0,0,0,0,0,0,1
1760,Pepe,1962,11,Delantero,0,0,0,6,0,0.0,0,0,0,0,0,1
1760,Pepe,2010,15,Mediocampista,2,2,0,2,0,0.0,1,0,0,1,1,11
1760,Pepe,2014,3,Mediocampista,2,2,0,1,0,0.0,0,1,1,0,1,18
1760,Pepe,2018,3,Defensor,4,4,0,0,1,0.25,0,0,1,2,1,13
1760,Pepe,2022,3,Defensor,4,4,2,1,1,0.25,0,0,2,0,2,8
1761,Peracio,1938,-,Delantero,4,4,0,1,3,0.75,0,0,2,1,1,3
1762,Philippe Coutinho,2018,11,Mediocampista,5,5,0,0,2,0.4,1,0,3,1,1,6
1763,Pinga,1954,10,Delantero,2,2,0,1,2,1.0,0,0,1,1,0,6
1764,Pinheiro,1954,5,Mediocampista,3,3,0,0,0,0.0,0,0,1,1,1,6
1765,Polozzi,1978,15,Defensor,0,0,0,7,0,0.0,0,0,0,0,0,3
1766,Poly,1930,-,Delantero,1,1,0,1,0,0.0,0,0,0,0,1,6
1767,Preguinho,1930,-,Delantero,2,2,2,0,3,1.5,0,0,1,0,1,6
1768,Rai,1994,10,Mediocampista,5,3,3,2,1,0.2,0,0,4,1,0,1
1769,Ramires,2010,18,Mediocampista,4,1,0,1,0,0.0,2,0,3,1,0,6
1769,Ramires,2014,16,Mediocampista,6,2,0,1,0,0.0,1,0,2,2,2,4
1770,Raphinha,2022,11,Delantero,5,4,0,0,0,0.0,0,0,3,1,1,7
1771,Reinaldo,1978,9,Delantero,3,2,0,4,1,0.33,0,0,1,2,0,3
1772,Renato,1974,12,Arquero,0,0,0,7,0,0.0,0,0,0,0,0,4
1772,Renato,1982,19,Mediocampista,0,0,0,5,0,0.0,0,0,0,0,0,5
1773,Renato Augusto,2018,8,Mediocampista,3,0,0,2,1,0.33,0,0,1,1,1,6
1774,Renato Gaucho,1990,17,Delantero,1,0,0,3,0,0.0,0,0,0,0,1,9
1775,Everton Ribeiro,2022,22,Mediocampista,1,0,0,4,0,0.0,0,0,0,0,1,7
1776,Ricardinho,2002,7,Mediocampista,3,0,0,4,0,0.0,0,0,3,0,0,1
1776,Ricardinho,2006,20,Mediocampista,2,0,0,3,0,0.0,0,0,2,0,0,5
1777,Ricardo Gomes,1990,3,Defensor,4,4,4,0,0,0.0,0,1,3,0,1,9
1778,Ricardo Rocha,1990,19,Defensor,2,2,0,2,0,0.0,1,0,1,0,1,9
1778,Ricardo Rocha,1994,3,Defensor,1,1,0,6,0,0.0,0,0,1,0,0,1
1779,Richarlison,2022,9,Delantero,4,4,0,1,3,0.75,0,0,3,1,0,7
1780,Rildo,1966,9,Defensor,1,1,0,2,1,1.0,0,0,0,0,1,11
1781,Rivaldo,1998,10,Mediocampista,7,7,0,0,3,0.43,0,0,4,1,2,2
1781,Rivaldo,2002,10,Mediocampista,7,7,0,0,5,0.71,0,0,7,0,0,1
1782,Rivelino,1970,11,Mediocampista,5,5,0,1,3,0.6,1,0,5,0,0,1
1782,Rivelino,1974,10,Mediocampista,7,7,0,0,3,0.43,1,0,3,2,2,4
1782,Rivelino,1978,10,Mediocampista,3,1,1,4,0,0.0,0,0,2,1,0,3
1784,Roberto Carlos,1998,6,Defensor,7,7,0,0,0,0.0,1,0,4,1,2,2
1784,Roberto Carlos,2002,6,Defensor,6,6,0,1,1,0.17,1,0,6,0,0,1
1784,Roberto Carlos,2006,6,Defensor,4,4,0,1,0,0.0,0,0,3,0,1,5
1785,Roberto Dinamite,1978,20,Delantero,5,5,0,2,3,0.6,1,0,4,1,0,3
1785,Roberto Dinamite,1982,20,Delantero,0,0,0,5,0,0.0,0,0,0,0,0,5
1786,Roberto Firmino,2018,20,Delantero,4,0,0,1,1,0.25,0,0,2,1,1,6
1787,Robinho,2006,23,Delantero,4,1,0,1,0,0.0,1,0,3,0,1,5
1787,Robinho,2010,11,Delantero,4,4,0,1,2,0.5,0,0,3,0,1,6
1788,Rodrigues Neto,1978,16,Defensor,4,4,0,3,0,0.0,0,0,3,1,0,3
1789,Rodrygo,2022,21,Delantero,5,1,0,0,0,0.0,0,0,3,1,1,7
1790,Rogerio Ceni,2002,22,Arquero,0,0,0,7,0,0.0,0,0,0,0,0,1
1790,Rogerio Ceni,2006,12,Arquero,1,0,0,4,0,0.0,0,0,1,0,0,5
1791,Romario,1990,11,Delantero,1,1,0,3,0,0.0,0,0,1,0,0,9
1791,Romario,1994,11,Delantero,7,7,0,0,5,0.71,0,0,5,2,0,1
1792,Romeu,1938,-,Delantero,4,4,0,1,3,0.75,0,0,2,1,1,3
1793,Ronaldao,1994,4,Defensor,0,0,0,7,0,0.0,0,0,0,0,0,1
1794,Ronaldinho,2002,11,Mediocampista,5,5,0,2,2,0.4,1,1,5,0,0,1
1794,Ronaldinho,2006,10,Mediocampista,5,5,0,0,0,0.0,0,0,4,0,1,5
1795,Ronaldo,1994,20,Delantero,0,0,0,7,0,0.0,0,0,0,0,0,1
1795,Ronaldo,1998,9,Delantero,7,7,0,0,4,0.57,0,0,4,1,2,2
1795,Ronaldo,2002,9,Delantero,7,7,0,0,8,1.14,0,0,7,0,0,1
1796,Roque Junior,2002,4,Defensor,6,6,0,1,0,0.0,2,0,6,0,0,1
1797,Rubens,1954,20,Delantero,0,0,0,3,0,0.0,0,0,0,0,0,6
1798,Russinho,1930,-,Delantero,1,1,0,1,0,0.0,0,0,1,0,0,6
1799,Ruy,1950,-,Mediocampista,1,1,0,5,0,0.0,0,0,0,1,0,2
1800,Alex Sandro,2022,6,Defensor,3,2,0,2,0,0.0,0,0,2,1,0,7
1801,Serginho,1982,9,Delantero,5,5,0,0,2,0.4,0,0,4,0,1,5
1802,Silas,1986,20,Mediocampista,2,0,0,3,0,0.0,0,0,1,1,0,5
1802,Silas,1990,10,Mediocampista,3,0,0,1,0,0.0,0,0,2,0,1,9
1803,Silva,1966,19,Delantero,1,1,0,2,0,0.0,0,0,0,0,1,11
1804,Thiago Silva,2010,15,Defensor,0,0,0,5,0,0.0,0,0,0,0,0,6
1804,Thiago Silva,2014,3,Defensor,6,6,6,1,1,0.17,3,0,3,2,1,4
1804,Thiago Silva,2018,2,Defensor,5,5,2,0,1,0.2,0,0,3,1,1,6
1804,Thiago Silva,2022,3,Defensor,4,4,4,1,0,0.0,0,0,3,1,0,7
1805,Socrates,1982,8,Mediocampista,5,5,5,0,2,0.4,0,0,4,0,1,5
1805,Socrates,1986,18,Mediocampista,5,5,0,0,2,0.4,0,0,4,1,0,5
1806,Sylvio Hoffmann,1934,-,Defensor,1,1,0,0,0,0.0,0,0,0,0,1,14
1807,Taffarel,1990,1,Arquero,4,4,0,0,0,0.0,0,0,3,0,1,9
1807,Taffarel,1994,1,Arquero,7,7,0,0,0,0.0,0,0,5,2,0,1
1807,Taffarel,1998,1,Arquero,7,7,0,0,0,0.0,0,0,4,1,2,2
1808,Taison,2018,21,Delantero,0,0,0,5,0,0.0,0,0,0,0,0,6
1809,Alex Telles,2022,16,Defensor,2,1,0,3,0,0.0,0,0,1,0,1,7
1810,Teophilo,1930,-,Delantero,1,1,0,1,0,0.0,0,0,0,0,1,6
1811,Tim,1938,-,Delantero,1,1,0,4,0,0.0,0,0,1,0,0,3
1812,Tinoco,1934,-,Mediocampista,1,1,0,0,0,0.0,0,0,0,0,1,14
1813,Tita,1990,20,Delantero,0,0,0,4,0,0.0,0,0,0,0,0,9
1814,Toninho,1978,2,Defensor,6,6,0,1,0,0.0,0,0,3,3,0,3
1815,Toninho Cerezo,1978,5,Mediocampista,6,6,0,1,0,0.0,1,0,4,2,0,3
1815,Toninho Cerezo,1982,5,Mediocampista,4,4,0,1,0,0.0,0,0,3,0,1,5
1816,Tostao,1966,20,Mediocampista,1,1,0,2,1,1.0,0,0,0,0,1,11
1816,Tostao,1970,9,Mediocampista,6,6,0,0,2,0.33,1,0,6,0,0,1
1817,Valdo,1986,21,Mediocampista,0,0,0,5,0,0.0,0,0,0,0,0,5
1817,Valdo,1990,8,Mediocampista,4,4,0,0,0,0.0,0,0,3,0,1,9
1818,Valdomiro,1974,13,Delantero,6,5,0,1,1,0.17,0,0,3,1,2,4
1819,Vampeta,2002,18,Mediocampista,1,0,0,6,0,0.0,0,0,1,0,0,1
1820,Vava,1958,20,Delantero,4,4,0,2,5,1.25,0,0,3,1,0,1
1820,Vava,1962,19,Delantero,6,6,0,0,4,0.67,0,0,5,1,0,1
1821,Velloso,1930,-,Arquero,1,1,0,1,0,0.0,0,0,1,0,0,6
1822,Veludo,1954,21,Arquero,0,0,0,3,0,0.0,0,0,0,0,0,6
1824,Vinicius Junior,2022,20,Delantero,4,4,0,1,1,0.25,0,0,3,1,0,7
1825,Viola,1994,21,Delantero,1,0,0,6,0,0.0,0,0,0,1,0,1
1826,Waldemar De Britto,1934,-,Delantero,1,1,0,0,0,0.0,0,0,0,0,1,14
1827,Waldir Peres,1974,22,Arquero,0,0,0,7,0,0.0,0,0,0,0,0,4
1827,Waldir Peres,1978,22,Arquero,0,0,0,7,0,0.0,0,0,0,0,0,3
1827,Waldir Peres,1982,1,Arquero,5,5,0,0,0,0.0,1,0,4,0,1,5
1828,Waldyr,1934,-,Mediocampista,0,0,0,1,0,0.0,0,0,0,0,0,14
1829,Walter Goulart,1938,-,Arquero,3,3,0,2,0,0.0,0,0,1,1,1,3
1830,Weverton,2022,12,Arquero,1,0,0,4,0,0.0,0,0,1,0,0,7
1831,Willian,2014,19,Mediocampista,5,1,0,2,0,0.0,0,0,1,2,2,4
1831,Willian,2018,19,Mediocampista,5,5,0,0,0,0.0,0,0,3,1,1,6
1832,Wilson Piazza,1970,3,Defensor,6,6,0,0,0,0.0,0,0,6,0,0,1
1832,Wilson Piazza,1974,5,Defensor,3,3,3,4,0,0.0,0,0,1,2,0,4
1833,Zagallo,1958,7,Delantero,6,6,0,0,1,0.17,0,0,5,1,0,1
1833,Zagallo,1962,21,Delantero,6,6,0,0,1,0.17,0,0,5,1,0,1
1834,Ze Carlos,1990,22,Arquero,0,0,0,4,0,0.0,0,0,0,0,0,9
1835,Ze Carlos Ii,1998,13,Mediocampista,1,1,0,6,0,0.0,1,0,0,1,0,2
1836,Ze Luis,1930,-,Defensor,1,1,0,1,0,0.0,0,0,1,0,0,6
1837,Ze Maria,1970,21,Defensor,0,0,0,6,0,0.0,0,0,0,0,0,1
1837,Ze Maria,1974,4,Defensor,4,4,0,3,0,0.0,1,0,2,0,2,4
1838,Ze Roberto,1998,16,Mediocampista,1,0,0,6,0,0.0,0,0,1,0,0,2
1838,Ze Roberto,2006,11,Mediocampista,5,4,0,0,1,0.2,0,0,4,0,1,5
1839,Ze Sergio,1978,7,Delantero,0,0,0,7,0,0.0,0,0,0,0,0,3
1840,Zequinha,1962,16,Mediocampista,0,0,0,6,0,0.0,0,0,0,0,0,1
1841,Zetti,1994,12,Arquero,0,0,0,7,0,0.0,0,0,0,0,0,1
1842,Zeze Procopio,1938,-,Mediocampista,4,4,0,1,0,0.0,0,0,2,1,1,3
1843,Zico,1978,8,Mediocampista,6,3,0,1,1,0.17,1,0,3,3,0,3
1843,Zico,1982,10,Mediocampista,5,5,0,0,4,0.8,0,0,4,0,1,5
1843,Zico,1986,10,Mediocampista,3,0,0,2,0,0.0,0,0,2,1,0,5
1844,Zinho,1994,9,Mediocampista,7,7,0,0,0,0.0,1,0,5,2,0,1
1845,Zito,1958,19,Mediocampista,4,4,0,2,0,0.0,0,0,4,0,0,1
1845,Zito,1962,4,Mediocampista,6,6,0,0,1,0.17,0,0,5,1,0,1
1845,Zito,1966,15,Mediocampista,0,0,0,3,0,0.0,0,0,0,0,0,11
1846,Zizinho,1950,-,Mediocampista,4,4,0,2,2,0.5,0,0,3,0,1,2
1847,Zozimo,1958,9,Defensor,0,0,0,6,0,0.0,0,0,0,0,0,1
1847,Zozimo,1962,5,Defensor,6,6,0,0,0,0.0,0,0,5,1,0,1
1848,Stere Adamache,1970,21,Arquero,2,2,0,1,0,0.0,0,0,1,0,1,10
1849,Gheorghe Albu,1934,-,Defensor,1,1,0,0,0,0.0,0,0,0,0,1,12
1850,Ioan Andone,1990,4,Defensor,4,4,0,0,0,0.0,0,0,1,2,1,12
1851,Gavril Balint,1990,18,Delantero,4,2,0,0,2,0.5,0,0,1,2,1,12
1852,Iuliu Baratky,1938,-,Delantero,2,2,0,0,1,0.5,0,0,0,1,1,9
1853,Stefan Barbu,1930,-,Delantero,2,2,0,0,0,0.0,0,0,1,0,1,8
1854,Andrei Barbulescu,1938,-,Mediocampista,1,1,0,1,0,0.0,0,0,0,0,1,9
1855,Miodrag Belodedici,1994,4,Defensor,5,5,0,0,0,0.0,1,0,3,1,1,6
1856,Silviu Bindea,1934,-,Delantero,1,1,0,0,0,0.0,0,0,0,0,1,12
1856,Silviu Bindea,1938,-,Delantero,1,1,0,1,1,1.0,0,0,0,1,0,9
1857,Iuliu Bodola,1934,-,Delantero,1,1,0,0,0,0.0,0,0,0,0,1,12
1857,Iuliu Bodola,1938,-,Delantero,1,1,0,1,0,0.0,0,0,0,1,0,9
1858,Ionica Bogdan,1938,-,Delantero,1,1,0,1,0,0.0,0,0,0,0,1,9
1859,Coloman Braun-Bogdan,1938,-,Delantero,0,0,0,2,0,0.0,0,0,0,0,0,9
1860,Rudolf Buerger,1930,-,Defensor,2,2,0,0,0,0.0,0,0,1,0,1,8
1860,Rudolf Buerger,1938,-,Defensor,2,2,0,0,0,0.0,0,0,0,1,1,9
1861,Rodion Camataru,1990,9,Delantero,0,0,0,4,0,0.0,0,0,0,0,0,12
1862,Iulian Chirita,1994,8,Mediocampista,0,0,0,5,0,0.0,0,0,0,0,0,6
1863,Vasile Chiroiu,1938,-,Defensor,1,1,0,1,0,0.0,0,0,0,1,0,9
1864,Liviu Ciobotariu,1998,13,Defensor,4,4,0,0,0,0.0,1,0,2,1,1,11
1865,Gheorghe Ciolac,1934,-,Delantero,0,0,0,1,0,0.0,0,0,0,0,0,12
1866,Dan Coe,1970,6,Defensor,0,0,0,3,0,0.0,0,0,0,0,0,10
1867,Vintila Cossini,1938,-,Mediocampista,1,1,0,1,0,0.0,0,0,0,1,0,9
1868,Gheorghe Craioveanu,1998,21,Delantero,1,0,0,3,0,0.0,0,0,0,0,1,11
1869,Alexandru Cuedan,1934,-,Mediocampista,0,0,0,1,0,0.0,0,0,0,0,0,12
1870,Iosif Czako,1930,-,Defensor,1,1,0,1,0,0.0,0,0,0,0,1,8
1871,Mircea David,1938,-,Arquero,0,0,0,2,0,0.0,0,0,0,0,0,9
1872,Vasile Deheleanu,1934,-,Mediocampista,1,1,0,0,0,0.0,0,0,0,0,1,12
1873,Augustin Deleanu,1970,13,Defensor,0,0,0,3,0,0.0,0,0,0,0,0,10
1874,Emerich Dembrovschi,1970,7,Mediocampista,3,3,0,0,1,0.33,0,0,1,0,2,10
1875,Adalbert Desu,1930,-,Delantero,2,2,0,0,1,0.5,0,0,1,0,1,8
1876,Cornel Dinu,1970,5,Defensor,3,3,0,0,0,0.0,0,0,1,0,2,10
1877,Stefan Dobay,1934,-,Delantero,1,1,0,0,1,1.0,0,0,0,0,1,12
1877,Stefan Dobay,1938,-,Delantero,2,2,1,0,2,1.0,0,0,0,1,1,9
1878,Anton Dobos,1998,4,Defensor,1,1,0,3,0,0.0,0,0,0,1,0,11
1879,Nicolae Dobrin,1970,8,Mediocampista,0,0,0,3,0,0.0,0,0,0,0,0,10
1880,Flavius Domide,1970,19,Delantero,0,0,0,3,0,0.0,0,0,0,0,0,10
1881,Christian Dulca,1998,3,Defensor,1,1,0,3,0,0.0,0,0,0,1,0,11
1882,Florea Dumitrache,1970,9,Delantero,3,3,0,0,2,0.67,0,0,1,0,2,10
1883,Ilie Dumitrescu,1990,17,Delantero,2,0,0,2,0,0.0,0,0,1,0,1,12
1883,Ilie Dumitrescu,1994,11,Delantero,5,5,0,0,2,0.4,1,0,3,1,1,6
1883,Ilie Dumitrescu,1998,17,Delantero,1,1,0,3,0,0.0,0,0,0,1,0,11
1884,Ion Dumitru,1970,15,Mediocampista,3,3,0,0,0,0.0,1,0,1,0,2,10
1885,Alfred Eisenbeisser,1930,-,Mediocampista,2,2,0,0,0,0.0,0,0,1,0,1,8
1886,Iacob Felecan,1938,-,Defensor,1,1,0,1,0,0.0,0,0,0,0,1,9
1887,Iulian Filipescu,1998,18,Defensor,3,3,0,1,0,0.0,2,0,2,0,1,11
1888,Constantin Galca,1994,18,Mediocampista,2,0,0,3,0,0.0,0,0,2,0,0,6
1888,Constantin Galca,1998,5,Mediocampista,4,4,0,0,0,0.0,0,0,2,1,1,11
1889,Vasile Gherghely,1970,14,Mediocampista,1,0,0,2,0,0.0,0,0,1,0,0,10
1890,Gheorghe Gornea,1970,22,Arquero,0,0,0,3,0,0.0,0,0,0,0,0,10
1891,Gheorghe Hagi,1990,10,Mediocampista,3,3,0,1,0,0.0,2,0,0,2,1,12
1891,Gheorghe Hagi,1994,10,Mediocampista,5,5,5,0,3,0.6,0,0,3,1,1,6
1891,Gheorghe Hagi,1998,10,Mediocampista,4,4,4,0,0,0.0,1,0,2,1,1,11
1892,Adrian Ilie,1998,11,Delantero,4,3,0,0,1,0.25,1,0,2,1,1,11
1893,Marian Ivan,1994,21,Delantero,0,0,0,5,0,0.0,0,0,0,0,0,6
1894,Mihai Ivancescu,1970,12,Defensor,0,0,0,3,0,0.0,0,0,0,0,0,10
1895,Michael Klein,1990,3,Defensor,4,4,0,0,0,0.0,1,0,1,2,1,12
1896,Rudolf Kotormany,1934,-,Mediocampista,1,1,0,0,0,0.0,0,0,0,0,1,12
1897,Nicolae Kovacs,1930,-,Delantero,2,2,0,0,1,0.5,0,0,1,0,1,8
1897,Nicolae Kovacs,1934,-,Delantero,1,1,0,0,0,0.0,0,0,0,0,1,12
1897,Nicolae Kovacs,1938,-,Delantero,1,1,1,1,0,0.0,0,0,0,1,0,9
1898,Marius Lacatus,1990,7,Delantero,3,3,0,1,2,0.67,2,0,1,1,1,12
1898,Marius Lacatus,1998,7,Delantero,2,1,0,2,0,0.0,0,0,1,1,0,11
1899,Ion Lapusneanu,1930,-,Arquero,2,2,0,0,0,0.0,0,0,1,0,1,8
1900,Gheorghe Liliac,1990,22,Arquero,0,0,0,4,0,0.0,0,0,0,0,0,12
1901,Mircea Lucescu,1970,11,Delantero,3,3,3,0,0,0.0,0,0,1,0,2,10
1902,Silviu Lung,1990,1,Arquero,4,4,4,0,0,0.0,0,0,1,2,1,12
1903,Ioan Lupescu,1990,21,Mediocampista,3,3,0,1,0,0.0,1,0,1,2,0,12
1903,Ioan Lupescu,1994,5,Mediocampista,5,5,0,0,0,0.0,1,0,3,1,1,6
1904,Nicolae Lupescu,1970,3,Defensor,3,3,0,0,0,0.0,0,0,1,0,2,10
1905,Danut Lupu,1990,11,Mediocampista,2,0,0,2,0,0.0,1,0,0,2,0,12
1906,Lucian Marinescu,1998,15,Mediocampista,4,1,0,0,0,0.0,0,0,2,1,1,11
1907,Dorin Mateut,1990,15,Mediocampista,1,0,0,3,0,0.0,0,0,0,1,0,12
1908,Gheorghe Mihali,1994,14,Defensor,4,3,0,1,0,0.0,1,0,3,0,1,6
1909,Mihai Mocanu,1970,4,Defensor,3,3,0,0,0,0.0,1,0,1,0,2,10
1910,Viorel Moldovan,1994,17,Delantero,0,0,0,5,0,0.0,0,0,0,0,0,6
1910,Viorel Moldovan,1998,9,Delantero,4,3,0,0,2,0.5,0,0,2,1,1,11
1911,Ioachim Moldoveanu,1938,-,Delantero,1,1,0,1,0,0.0,0,0,0,0,1,9
1912,Josif Moravetz,1934,-,Mediocampista,1,1,0,0,0,0.0,0,0,0,0,1,12
1913,Dorinel Munteanu,1994,7,Mediocampista,5,5,0,0,0,0.0,0,0,3,1,1,6
1913,Dorinel Munteanu,1998,8,Mediocampista,4,4,0,0,0,0.0,1,0,2,1,1,11
1914,Zsolt Muzsnai,1990,20,Mediocampista,0,0,0,4,0,0.0,0,0,0,0,0,12
1915,Joszef Nagy,1938,-,Delantero,0,0,0,2,0,0.0,0,0,0,0,0,9
1916,Alexandru Neagu,1970,16,Mediocampista,3,2,0,0,1,0.33,0,0,1,0,2,10
1917,Radu Niculescu,1998,14,Mediocampista,2,0,0,2,0,0.0,0,0,1,0,1,11
1918,Radu Nunweiller,1970,10,Mediocampista,3,3,0,0,0,0.0,1,0,1,0,2,10
1919,Nica Panduru,1994,15,Mediocampista,2,0,0,3,0,0.0,1,0,0,1,1,6
1920,Corneliu Papura,1994,19,Defensor,2,0,0,3,0,0.0,0,0,2,0,0,6
1921,Dumitru Pavlovici,1938,-,Arquero,1,1,0,1,0,0.0,0,0,0,1,0,9
1922,Niculae Pescaru,1970,20,Defensor,0,0,0,3,0,0.0,0,0,0,0,0,10
1923,Dan Petrescu,1994,2,Defensor,5,5,0,0,1,0.2,1,0,3,1,1,6
1923,Dan Petrescu,1998,2,Defensor,4,4,0,0,1,0.25,2,0,2,1,1,11
1924,Adrian Popescu,1990,13,Defensor,0,0,0,4,0,0.0,0,0,0,0,0,12
1925,Gabriel Popescu,1998,16,Mediocampista,3,3,0,1,0,0.0,0,0,2,0,1,11
1926,Gheorghe Popescu,1994,6,Defensor,5,5,0,0,0,0.0,2,0,3,1,1,6
1927,Iuliu Prassler,1938,-,Delantero,1,1,0,1,0,0.0,0,0,0,0,1,9
1928,Stefan Preda,1994,22,Arquero,0,0,0,5,0,0.0,0,0,0,0,0,6
1929,Daniel Prodan,1994,3,Defensor,5,5,0,0,0,0.0,0,0,3,1,1,6
1930,Florin Prunea,1994,1,Arquero,3,3,0,2,0,0.0,0,0,2,1,0,6
1930,Florin Prunea,1998,22,Arquero,0,0,0,4,0,0.0,0,0,0,0,0,11
1931,Adalbert Pullock,1934,-,Arquero,0,0,0,1,0,0.0,0,0,0,0,0,12
1932,Necula Raducanu,1970,1,Arquero,2,1,0,1,0,0.0,0,0,0,0,2,10
1933,Florin Raducioiu,1990,14,Delantero,3,3,0,1,0,0.0,0,0,1,1,1,12
1933,Florin Raducioiu,1994,9,Delantero,4,4,0,1,4,1.0,2,0,2,1,1,6
1934,Ladislau Raffinski,1930,-,Mediocampista,2,2,0,0,0,0.0,0,0,1,0,1,8
1934,Ladislau Raffinski,1938,-,Mediocampista,2,2,0,0,0,0.0,0,0,0,1,1,9
1935,Gheorghe Rasinaru,1938,-,Mediocampista,2,2,0,0,0,0.0,0,0,0,1,1,9
1936,Mircea Rednic,1990,2,Defensor,4,4,0,0,0,0.0,0,0,1,2,1,12
1937,Corneliu Robe,1930,-,Mediocampista,1,1,0,1,0,0.0,0,0,0,0,1,8
1938,Iosif Rotariu,1990,5,Defensor,4,4,0,0,0,0.0,0,0,1,2,1,12
1939,Ioan Sabau,1990,8,Mediocampista,4,4,0,0,0,0.0,0,0,1,2,1,12
1940,Robert Sadowsky,1938,-,Arquero,1,1,0,1,0,0.0,0,0,0,0,1,9
1941,Emil Sandoi,1990,19,Defensor,0,0,0,4,0,0.0,0,0,0,0,0,12
1942,Ludovic Satmareanu,1970,2,Defensor,3,3,0,0,0,0.0,0,0,1,0,2,10
1943,Tibor Selymes,1994,13,Defensor,4,3,0,1,0,0.0,2,0,3,1,0,6
1943,Tibor Selymes,1998,20,Defensor,0,0,0,4,0,0.0,0,0,0,0,0,11
1944,Gratian Sepi,1934,-,Delantero,1,1,0,0,0,0.0,0,0,0,0,1,12
1945,Lazar Sfera,1934,-,Defensor,0,0,0,1,0,0.0,0,0,0,0,0,12
1945,Lazar Sfera,1938,-,Defensor,0,0,0,2,0,0.0,0,0,0,0,0,9
1946,Constantin Stanciu,1930,-,Delantero,1,1,0,1,1,1.0,0,0,1,0,0,8
1947,Ovidiu Stanga,1994,20,Mediocampista,0,0,0,5,0,0.0,0,0,0,0,0,6
1947,Ovidiu Stanga,1998,19,Mediocampista,2,0,0,2,0,0.0,0,0,2,0,0,11
1948,Dumitru Stangaciu,1998,1,Arquero,0,0,0,4,0,0.0,0,0,0,0,0,11
1949,Adalbert Steiner,1930,-,Defensor,1,1,0,1,0,0.0,0,0,1,0,0,8
1950,Bogdan Stelea,1990,12,Arquero,0,0,0,4,0,0.0,0,0,0,0,0,12
1950,Bogdan Stelea,1994,12,Arquero,2,2,0,3,0,0.0,0,0,1,0,1,6
1950,Bogdan Stelea,1998,12,Arquero,4,4,0,0,0,0.0,0,0,2,1,1,11
1951,Ilile Subaseanu,1930,-,Delantero,0,0,0,2,0,0.0,0,0,0,0,0,8
1952,Gheorghe Tataru,1970,17,Delantero,3,1,0,0,0,0.0,0,0,1,0,2,10
1953,Daniel Timofte,1990,16,Delantero,3,2,0,1,0,0.0,0,0,1,1,1,12
1954,Marin Tufan,1970,18,Delantero,0,0,0,3,0,0.0,0,0,0,0,0,10
1955,Ion Vladoiu,1994,16,Delantero,1,0,0,4,0,0.0,0,1,0,0,1,6
1956,Emerich Vogl,1930,-,Defensor,2,2,2,0,0,0.0,0,0,1,0,1,8
1956,Emerich Vogl,1934,-,Mediocampista,1,1,1,0,0,0.0,0,0,0,0,1,12
1957,Rudolf Wetzer,1930,-,Delantero,2,2,0,0,0,0.0,0,0,1,0,1,8
1958,Samuel Zauber,1930,-,Arquero,0,0,0,2,0,0.0,0,0,0,0,0,8
1959,William Zombory,1934,-,Arquero,1,1,0,0,0,0.0,0,0,0,0,1,12
1960,Johnny Acosta,2014,2,Defensor,2,1,0,3,0,0.0,1,0,0,2,0,8
1960,Johnny Acosta,2018,2,Defensor,3,3,0,0,0,0.0,1,0,0,1,2,29
1961,Brandon Aguilera,2022,20,Mediocampista,3,1,0,0,0,0.0,0,0,1,0,2,27
1962,Wardy Alfaro,2006,23,Arquero,0,0,0,3,0,0.0,0,0,0,0,0,31
1963,Esteban Alvarado,2022,18,Arquero,0,0,0,3,0,0.0,0,0,0,0,0,27
1964,Randall Azofeifa,2006,14,Mediocampista,1,0,0,2,0,0.0,0,0,0,0,1,31
1964,Randall Azofeifa,2018,14,Mediocampista,1,0,0,2,0,0.0,0,0,0,1,0,29
1965,Gabriel Badilla,2006,17,Defensor,1,1,0,2,0,0.0,1,0,0,0,1,31
1966,Hermidio Barrantes,1990,21,Arquero,1,1,0,3,0,0.0,0,0,0,0,1,13
1967,Michael Barrantes,2014,11,Mediocampista,2,0,0,3,0,0.0,0,0,1,1,0,8
1968,Jewison Bennette,2022,9,Mediocampista,3,1,0,0,0,0.0,0,0,1,0,2,27
1969,Kurt Bernard,2006,13,Delantero,1,0,0,2,0,0.0,0,0,0,0,1,31
1970,Christian Bolaños,2006,7,Mediocampista,2,1,0,1,0,0.0,0,0,0,0,2,31
1970,Christian Bolaños,2014,7,Mediocampista,5,4,0,0,0,0.0,0,0,2,3,0,8
1970,Christian Bolaños,2018,7,Mediocampista,2,0,0,1,0,0.0,0,0,0,0,2,29
1971,Celso Borges,2014,5,Mediocampista,5,5,0,0,0,0.0,0,0,2,3,0,8
1971,Celso Borges,2018,5,Mediocampista,3,3,0,0,0,0.0,0,0,0,1,2,29
1971,Celso Borges,2022,5,Mediocampista,3,3,0,0,0,0.0,1,0,1,0,2,27
1972,Randall Brenes,2014,14,Delantero,3,1,0,2,0,0.0,0,0,1,2,0,8
1973,Stevens Bryce,2002,16,Delantero,3,0,0,0,0,0.0,0,0,1,1,1,19
1974,Diego Calvo,2014,20,Mediocampista,0,0,0,5,0,0.0,0,0,0,0,0,8
1975,Francisco Calvo,2018,15,Defensor,2,1,0,1,0,0.0,1,0,0,0,2,29
1975,Francisco Calvo,2022,15,Defensor,2,2,0,1,0,0.0,2,0,1,0,1,27
1976,Daniel Cambronero,2014,23,Arquero,0,0,0,5,0,0.0,0,0,0,0,0,8
1977,Joel Campbell,2014,9,Delantero,5,5,0,0,1,0.2,0,0,2,3,0,8
1977,Joel Campbell,2018,12,Delantero,2,1,0,1,0,0.0,1,0,0,1,1,29
1977,Joel Campbell,2022,12,Delantero,3,3,0,0,0,0.0,1,0,1,0,2,27
1978,Carlos Castro,2002,22,Defensor,3,3,0,0,0,0.0,1,0,1,1,1,19
1979,Juan Cayasso,1990,14,Delantero,4,4,0,0,1,0.25,0,0,2,0,2,13
1980,Walter Centeno,2002,10,Mediocampista,3,3,0,0,0,0.0,1,0,1,1,1,19
1980,Walter Centeno,2006,10,Mediocampista,3,3,0,0,0,0.0,0,0,0,0,3,31
1981,Daniel Chacón,2022,2,Mediocampista,1,0,0,2,0,0.0,0,0,1,0,0,27
1982,German Chavarria,1990,8,Mediocampista,4,4,0,0,0,0.0,0,0,2,0,2,13
1983,Jose Chaves,1990,6,Defensor,4,4,0,0,0,0.0,0,0,2,0,2,13
1984,Pablo Chinchilla,2002,21,Defensor,0,0,0,3,0,0.0,0,0,0,0,0,19
1985,Daniel Colindres,2018,9,Mediocampista,2,1,0,1,0,0.0,0,0,0,1,1,29
1986,Gabelo Conejo,1990,1,Arquero,3,3,0,1,0,0.0,0,0,2,0,1,13
1987,Anthony Contreras,2022,7,Delantero,3,2,0,0,0,0.0,1,0,1,0,2,27
1988,Rodrigo Cordero,2002,19,Mediocampista,0,0,0,3,0,0.0,0,0,0,0,0,19
1989,José Cubero,2014,22,Mediocampista,4,0,0,1,0,0.0,1,0,2,2,0,8
1990,Miguel Davis,1990,13,Mediocampista,0,0,0,4,0,0.0,0,0,0,0,0,13
1991,Júnior Díaz,2014,15,Defensor,5,5,0,0,0,0.0,1,0,2,3,0,8
1992,Jervis Drummond,2002,2,Defensor,0,0,0,3,0,0.0,0,0,0,0,0,19
1992,Jervis Drummond,2006,2,Defensor,2,1,0,1,0,0.0,0,0,0,0,2,31
1993,Óscar Duarte,2014,6,Defensor,4,4,0,1,1,0.25,0,1,2,2,0,8
1993,Óscar Duarte,2018,6,Defensor,2,2,0,1,0,0.0,0,0,0,0,2,29
1993,Óscar Duarte,2022,6,Defensor,3,3,0,0,0,0.0,1,0,1,0,2,27
1994,Roger Flores,1990,3,Defensor,4,4,4,0,1,0.25,0,0,2,0,2,13
1995,Danny Fonseca,2006,6,Mediocampista,2,2,0,1,0,0.0,1,0,0,0,2,31
1996,Rolando Fonseca,2002,7,Delantero,2,1,0,1,0,0.0,0,0,1,0,1,19
1997,Waylon Francis,2014,12,Defensor,0,0,0,5,0,0.0,0,0,0,0,0,8
1998,Keysher Fuller,2022,4,Defensor,3,3,0,0,1,0.33,0,0,1,0,2,27
1999,Cristian Gamboa,2014,16,Defensor,5,5,0,0,0,0.0,0,0,2,3,0,8
1999,Cristian Gamboa,2018,16,Defensor,3,3,0,0,0,0.0,1,0,0,1,2,29
2000,Roger Gomez,1990,12,Mediocampista,3,3,0,1,0,0.0,2,0,2,0,1,13
2001,Ronald Gomez,2006,11,Delantero,3,3,0,0,1,0.33,1,0,0,0,3,31
2002,Giancarlo Gonzalez,2014,3,Defensor,5,5,0,0,0,0.0,2,0,2,3,0,8
2002,Giancarlo Gonzalez,2018,3,Defensor,3,3,0,0,0,0.0,0,0,0,1,2,29
2003,Leonardo Gonzalez,2006,12,Defensor,3,3,0,0,0,0.0,1,0,0,0,3,31
2004,Ronald Gonzalez,1990,4,Defensor,4,4,0,0,1,0.25,1,0,2,0,2,13
2005,Esteban Granados,2014,13,Mediocampista,0,0,0,5,0,0.0,1,0,0,0,0,8
2006,Alexandre Guimaraes,1990,9,Mediocampista,3,0,0,1,0,0.0,0,0,1,0,2,13
2007,Kenner Gutiérrez,2018,22,Defensor,0,0,0,3,0,0.0,0,0,0,0,0,29
2008,David Guzmán,2018,20,Mediocampista,3,3,0,0,0,0.0,1,0,0,1,2,29
2009,Anthony Hernández,2022,25,Mediocampista,0,0,0,3,0,0.0,0,0,0,0,0,27
2010,Carlos Hernandez,2006,16,Mediocampista,2,0,0,1,0,0.0,0,0,0,0,2,31
2011,Jose Jaikel,1990,16,Delantero,0,0,0,4,0,0.0,0,0,0,0,0,13
2012,Claudio Jara,1990,11,Delantero,4,4,0,0,0,0.0,1,0,2,0,2,13
2013,Geovanni Jara,1990,18,Defensor,0,0,0,4,0,0.0,0,0,0,0,0,13
2014,Erick Lonnis,2002,1,Arquero,3,3,3,0,0,0.0,0,0,1,1,1,19
2015,Douglas López,2022,21,Mediocampista,0,0,0,3,0,0.0,0,0,0,0,0,27
2016,Wilmer Lopez,2002,6,Mediocampista,3,2,0,0,0,0.0,0,0,1,1,1,19
2017,Hector Marchena,1990,19,Mediocampista,4,4,0,0,0,0.0,2,0,2,0,2,13
2019,Ronald Marin,1990,15,Defensor,0,0,0,4,0,0.0,0,0,0,0,0,13
2020,Carlos Martínez,2022,16,Defensor,1,1,0,2,0,0.0,0,0,0,0,1,27
2021,Gilberto Martinez,2002,5,Defensor,3,3,0,0,0,0.0,1,0,1,1,1,19
2021,Gilberto Martinez,2006,5,Defensor,1,1,0,2,0,0.0,0,0,0,0,1,31
2022,Rónald Matarrita,2022,22,Defensor,2,0,0,1,0,0.0,0,0,0,0,2,27
2023,Hernan Medford,1990,7,Delantero,3,0,0,1,1,0.33,0,0,2,0,1,13
2023,Hernan Medford,2002,17,Delantero,2,0,0,1,0,0.0,0,0,1,1,0,19
2024,Alvaro Mesen,2002,18,Arquero,0,0,0,3,0,0.0,0,0,0,0,0,19
2024,Alvaro Mesen,2006,1,Arquero,0,0,0,3,0,0.0,0,0,0,0,0,31
2025,Roy Miller,2014,19,Defensor,1,1,0,4,0,0.0,0,0,0,1,0,8
2026,Mauricio Montero,1990,20,Defensor,4,4,0,0,0,0.0,0,0,2,0,2,13
2027,Leonel Moreira,2018,23,Arquero,0,0,0,3,0,0.0,0,0,0,0,0,29
2028,Lester Morgan,2002,23,Arquero,0,0,0,3,0,0.0,0,0,0,0,0,19
2029,Roy Myers,1990,17,Delantero,1,0,0,3,0,0.0,0,0,0,0,1,13
2030,David Myrie,2014,8,Defensor,1,0,0,4,0,0.0,0,0,0,1,0,8
2031,Keylor Navas,2014,1,Arquero,5,5,0,0,0,0.0,1,0,2,3,0,8
2031,Keylor Navas,2018,1,Arquero,3,3,0,0,0,0.0,0,0,0,1,2,29
2031,Keylor Navas,2022,1,Arquero,3,3,3,0,0,0.0,0,0,1,0,2,27
2032,Victor Nunez,2006,21,Delantero,0,0,0,3,0,0.0,0,0,0,0,0,31
2033,Marvin Obando,1990,5,Defensor,1,1,0,3,0,0.0,0,0,0,0,1,13
2034,Bryan Oviedo,2018,8,Defensor,2,2,0,1,0,0.0,0,0,0,1,1,29
2034,Bryan Oviedo,2022,8,Defensor,3,3,0,0,0,0.0,0,0,1,0,2,27
2035,Winston Parks,2002,12,Delantero,2,0,0,1,1,0.5,0,0,0,1,1,19
2036,Patrick Pemberton,2014,18,Arquero,0,0,0,5,0,0.0,0,0,0,0,0,8
2036,Patrick Pemberton,2018,18,Arquero,0,0,0,3,0,0.0,0,0,0,0,0,29
2037,Jose Porras,2006,18,Arquero,3,3,0,0,0,0.0,0,0,0,0,3,31
2038,Vladimir Quesada,1990,2,Defensor,0,0,0,4,0,0.0,0,0,0,0,0,13
2039,Oscar Ramirez,1990,10,Mediocampista,4,4,0,0,0,0.0,0,0,2,0,2,13
2040,Juan Jose Rodriguez,2002,14,Defensor,0,0,0,3,0,0.0,0,0,0,0,0,19
2041,Michael Rodriguez,2006,22,Defensor,0,0,0,3,0,0.0,0,0,0,0,0,31
2042,Bryan Ruiz,2014,10,Delantero,5,5,5,0,2,0.4,1,0,2,3,0,8
2042,Bryan Ruiz,2018,10,Mediocampista,3,3,3,0,0,0.0,0,0,0,1,2,29
2042,Bryan Ruiz,2022,10,Mediocampista,1,0,0,2,0,0.0,0,0,0,0,1,27
2043,Alvaro Saborio,2006,19,Delantero,2,0,0,1,0,0.0,0,0,0,0,2,31
2044,Youstin Salas,2022,14,Mediocampista,2,0,0,1,0,0.0,0,0,1,0,1,27
2045,Miguel Segura,1990,22,Arquero,0,0,0,4,0,0.0,0,0,0,0,0,13
2046,Douglas Sequeira,2006,20,Mediocampista,2,2,0,1,0,0.0,0,0,0,0,2,31
2047,Patrick Sequeira,2022,23,Arquero,0,0,0,3,0,0.0,0,0,0,0,0,27
2048,Ian Smith,2018,4,Defensor,1,0,0,2,0,0.0,0,0,0,1,0,29
2049,Mauricio Solis,2002,8,Mediocampista,3,3,0,0,0,0.0,1,0,1,1,1,19
2049,Mauricio Solis,2006,8,Mediocampista,3,3,0,0,0,0.0,1,0,0,0,3,31
2050,William Sun Sing,2002,20,Delantero,0,0,0,3,0,0.0,0,0,0,0,0,19
2051,Yeltsin Tejeda,2014,17,Mediocampista,5,5,0,0,0,0.0,1,0,2,3,0,8
2051,Yeltsin Tejeda,2018,17,Mediocampista,1,0,0,2,0,0.0,0,0,0,0,1,29
2051,Yeltsin Tejeda,2022,17,Mediocampista,3,3,0,0,1,0.33,0,0,1,0,2,27
2052,Gerson Torres,2022,13,Mediocampista,1,1,0,2,0,0.0,0,0,1,0,0,27
2053,Michael Umaña,2006,4,Defensor,3,3,0,0,0,0.0,1,0,0,0,3,31
2053,Michael Umaña,2014,4,Defensor,4,4,0,1,0,0.0,1,0,2,2,0,8
2054,Marco Ureña,2014,21,Delantero,4,0,0,1,1,0.25,0,0,2,2,0,8
2054,Marco Ureña,2018,21,Delantero,2,2,0,1,0,0.0,0,0,0,0,2,29
2055,Daniel Vallejos,2002,13,Mediocampista,0,0,0,3,0,0.0,0,0,0,0,0,19
2056,Juan Pablo Vargas,2022,3,Defensor,1,1,0,2,1,1.0,0,0,0,0,1,27
2057,Johan Venegas,2018,11,Delantero,2,2,0,1,0,0.0,0,0,0,0,2,29
2057,Johan Venegas,2022,11,Delantero,1,1,0,2,0,0.0,0,0,0,0,1,27
2058,Harold Wallace,2002,15,Defensor,3,3,0,0,0,0.0,0,0,1,1,1,19
2058,Harold Wallace,2006,15,Defensor,2,1,0,1,0,0.0,0,0,0,0,2,31
2059,Rodney Wallace,2018,13,Mediocampista,1,0,0,2,0,0.0,0,0,0,1,0,29
2060,Paulo Wanchope,2002,9,Delantero,3,3,0,0,1,0.33,0,0,1,1,1,19
2060,Paulo Wanchope,2006,9,Delantero,3,3,0,0,2,0.67,0,0,0,0,3,31
2061,Kendall Waston,2018,19,Defensor,1,1,0,2,1,1.0,1,0,0,1,0,29
2061,Kendall Waston,2022,19,Defensor,3,2,0,0,0,0.0,0,0,1,0,2,27
2062,Roan Wilson,2022,24,Mediocampista,1,0,0,2,0,0.0,0,0,0,0,1,27
2063,Mauricio Wright,2002,4,Defensor,3,3,0,0,1,0.33,0,0,1,1,1,19
2064,Álvaro Zamora,2022,26,Mediocampista,1,0,0,2,0,0.0,0,0,0,0,1,27
2065,Mohamed Abdel-Shafy,2018,13,Defensor,3,3,0,0,0,0.0,0,0,0,0,3,31
2066,Gamal Abdelhamid,1990,10,Mediocampista,3,2,2,0,0,0.0,0,0,0,2,1,20
2067,Adel Abdelrahman,1990,19,Delantero,2,0,0,1,0,0.0,0,0,0,1,1,20
2068,Magdy Abedelghani,1990,8,Mediocampista,3,3,0,0,1,0.33,1,0,0,2,1,20
2069,Taher Abou Zeid,1990,12,Mediocampista,1,0,0,2,0,0.0,0,0,0,1,0,20
2070,Hassan Al Far,1934,-,Mediocampista,1,1,0,0,0,0.0,0,0,0,0,1,13
2071,Ayman Ashraf,2018,12,Defensor,0,0,0,3,0,0.0,0,0,0,0,0,31
2072,Saber Eid,1990,15,Mediocampista,0,0,0,3,0,0.0,0,0,0,0,0,20
2073,Sherif Ekramy,2018,16,Arquero,0,0,0,3,0,0.0,0,0,0,0,0,31
2074,Thabet El Batal,1990,22,Arquero,0,0,0,3,0,0.0,0,0,0,0,0,20
2075,Ahmed El Kass,1990,20,Delantero,3,3,0,0,0,0.0,0,0,0,2,1,20
2076,Essam El-Hadary,2018,1,Arquero,1,1,1,2,0,0.0,0,0,0,0,1,31
2077,Ali El-Said,1934,-,Defensor,1,1,0,0,0,0.0,0,0,0,0,1,13
2078,Mohamed El-Shenawy,2018,23,Arquero,2,2,0,1,0,0.0,0,0,0,0,2,31
2079,El-Winsh,2018,15,Defensor,0,0,0,3,0,0.0,0,0,0,0,0,31
2080,Ahmed Elmohamady,2018,3,Defensor,0,0,0,3,0,0.0,0,0,0,0,0,31
2081,Mohamed Elneny,2018,17,Mediocampista,3,3,0,0,0,0.0,0,0,0,0,3,31
2082,Aziz Fahmy,1934,-,Arquero,0,0,0,1,0,0.0,0,0,0,0,0,13
2083,Ahmed Fathy,2018,7,Defensor,3,3,2,0,0,0.0,1,0,0,0,3,31
2084,Abdulrahman Fawzi,1934,-,Delantero,1,1,0,0,2,2.0,0,0,0,0,1,13
2085,Omar Gaber,2018,4,Mediocampista,0,0,0,3,0,0.0,0,0,0,0,0,31
2086,Ali Gabr,2018,2,Defensor,3,3,0,0,0,0.0,1,0,0,0,3,31
2087,Ibrahim Halim,1934,-,Mediocampista,0,0,0,1,0,0.0,0,0,0,0,0,13
2088,Tarek Hamed,2018,8,Mediocampista,3,3,0,0,0,0.0,0,0,0,0,3,31
2089,Hossam Hassan,1990,9,Delantero,3,3,0,0,0,0.0,0,0,0,2,1,20
2091,Ahmed Hegazi,2018,6,Defensor,3,3,0,0,0,0.0,1,0,0,0,3,31
2092,Mohamed Helmy,1934,-,Mediocampista,1,1,0,0,0,0.0,0,0,0,0,1,13
2093,Mahmoud Kahraba,2018,11,Delantero,3,0,0,0,0,0.0,0,0,0,0,3,31
2094,Hany Kamel,1934,-,Delantero,0,0,0,1,0,0.0,0,0,0,0,0,13
2095,Mostafa Kamel Taha,1934,-,Mediocampista,1,1,0,0,0,0.0,0,0,0,0,1,13
2096,Ashraf Kasem,1990,6,Defensor,0,0,0,3,0,0.0,0,0,0,0,0,20
2097,Hafez Kasseb,1934,-,Mediocampista,0,0,0,1,0,0.0,0,0,0,0,0,13
2098,Mohamed Latif,1934,-,Mediocampista,1,1,0,0,0,0.0,0,0,0,0,1,13
2099,Kamel Mansour,1934,-,Delantero,0,0,0,1,0,0.0,0,0,0,0,0,13
2100,Kamel Masoud,1934,-,Arquero,1,1,0,0,0,0.0,0,0,0,0,1,13
2101,Alaa Mayhoub,1990,14,Mediocampista,0,0,0,3,0,0.0,0,0,0,0,0,20
2102,Marwan Mohsen,2018,9,Delantero,3,3,0,0,0,0.0,0,0,0,0,3,31
2103,Sam Morsy,2018,5,Mediocampista,1,0,0,2,0,0.0,1,0,0,0,1,31
2104,Mahmoud Moukhtar,1934,-,Delantero,1,1,1,0,0,0.0,0,0,0,0,1,13
2105,Mahmoud Negro,1934,-,Delantero,0,0,0,1,0,0.0,0,0,0,0,0,13
2106,Osama Oraby,1990,18,Mediocampista,1,1,0,2,0,0.0,0,0,0,1,0,20
2107,Ismail Rafa At,1934,-,Defensor,1,1,0,0,0,0.0,0,0,0,0,1,13
2108,Hassan Ragab,1934,-,Mediocampista,1,1,0,0,0,0.0,0,0,0,0,1,13
2109,Ahmed Ramzy,1990,13,Delantero,2,2,0,1,0,0.0,1,0,0,1,1,20
2111,Abdallah Said,2018,19,Mediocampista,3,3,0,0,0,0.0,0,0,0,0,3,31
2112,Mohamed Salah,2018,10,Delantero,2,2,0,1,2,1.0,0,0,0,0,2,31
2113,Saad Samir,2018,20,Defensor,0,0,0,3,0,0.0,0,0,0,0,0,31
2114,Abdel Sharli,1934,-,Defensor,1,1,0,0,0,0.0,0,0,0,0,1,13
2115,Ayman Shawky,1990,17,Delantero,0,0,0,3,0,0.0,0,0,0,0,0,20
2116,Shikabala,2018,18,Delantero,0,0,0,3,0,0.0,0,0,0,0,0,31
2117,Ahmed Shoubeir,1990,1,Arquero,3,3,0,0,0,0.0,1,0,0,2,1,20
2118,Ramadan Sobhi,2018,14,Delantero,3,0,0,0,0,0.0,0,0,0,0,3,31
2119,Tarek Soliman,1990,11,Mediocampista,1,0,0,2,0,0.0,0,0,0,0,1,20
2120,Ayman Taher,1990,21,Arquero,0,0,0,3,0,0.0,0,0,0,0,0,20
2121,Magdy Tolba,1990,16,Mediocampista,2,1,0,1,0,0.0,0,0,0,2,0,20
2122,Trézéguet,2018,21,Mediocampista,3,3,0,0,0,0.0,1,0,0,0,3,31
2123,Amr Warda,2018,22,Delantero,3,1,0,0,0,0.0,0,0,0,0,3,31
2124,Hesham Yakan,1990,5,Mediocampista,3,3,0,0,0,0.0,0,0,0,2,1,20
2125,Rabie Yassin,1990,3,Defensor,3,3,1,0,0,0.0,0,0,0,2,1,20
2126,Ismail Youssef,1990,7,Mediocampista,3,3,0,0,0,0.0,0,0,0,2,1,20
2127,Eusebio Acasuzo,1982,1,Arquero,0,0,0,3,0,0.0,0,0,0,0,0,20
2128,Luis Advíncula,2018,17,Defensor,3,3,0,0,0,0.0,0,0,1,0,2,20
2129,Pedro Aquino,2018,23,Mediocampista,3,1,0,0,0,0.0,1,0,1,0,2,20
2130,Miguel Araujo,2018,5,Defensor,0,0,0,3,0,0.0,0,0,0,0,0,20
2131,Oscar Arizaga,1982,13,Defensor,0,0,0,3,0,0.0,0,0,0,0,0,20
2132,Eduardo Astengo,1930,-,Mediocampista,1,1,0,1,0,0.0,0,0,0,0,1,10
2133,Geronimo Barbadillo,1982,7,Delantero,3,1,0,0,0,0.0,0,0,0,2,1,20
2134,Julio Baylon,1970,8,Mediocampista,2,2,0,2,0,0.0,0,0,1,0,1,7
2135,Carlos Cáceda,2018,12,Arquero,0,0,0,3,0,0.0,0,0,0,0,0,20
2136,Juan Caceres,1978,13,Arquero,0,0,0,6,0,0.0,0,0,0,0,0,8
2137,Eloy Campos,1970,2,Defensor,2,2,0,2,0,0.0,0,0,1,0,1,7
2138,André Carrillo,2018,18,Delantero,3,3,0,0,1,0.33,0,0,1,0,2,20
2139,Wilder Cartagena,2018,16,Mediocampista,1,0,0,2,0,0.0,0,0,1,0,0,20
2140,José Carvallo,2018,21,Arquero,0,0,0,3,0,0.0,0,0,0,0,0,20
2141,Roberto Challe,1970,7,Mediocampista,4,4,0,0,1,0.25,0,0,2,0,2,7
2142,Hector Chumpitaz,1970,4,Defensor,4,4,4,0,1,0.25,0,0,2,0,2,7
2142,Hector Chumpitaz,1978,4,Defensor,6,6,6,0,0,0.0,0,0,2,1,3,8
2143,Carlos Cilloniz,1930,-,Delantero,0,0,0,2,0,0.0,0,0,0,0,0,10
2144,Ruben Correa,1970,12,Arquero,0,0,0,4,0,0.0,0,0,0,0,0,7
2145,Aldo Corzo,2018,3,Defensor,0,0,0,3,0,0.0,0,0,0,0,0,20
2146,Luis Cruzado,1970,17,Mediocampista,2,0,0,2,0,0.0,0,0,1,0,1,7
2147,Teofilo Cubillas,1970,10,Delantero,4,4,0,0,5,1.25,0,0,2,0,2,7
2147,Teofilo Cubillas,1978,10,Delantero,6,6,0,0,5,0.83,0,0,2,1,3,8
2147,Teofilo Cubillas,1982,10,Mediocampista,3,3,0,0,0,0.0,0,0,0,2,1,20
2148,Cesar Cueto,1978,8,Mediocampista,6,6,0,0,1,0.17,0,0,2,1,3,8
2148,Cesar Cueto,1982,8,Mediocampista,3,3,0,0,0,0.0,0,0,0,2,1,20
2149,Christian Cueva,2018,8,Mediocampista,3,3,0,0,0,0.0,0,0,1,0,2,20
2150,Orlando De La Torre,1970,3,Defensor,3,3,0,1,0,0.0,0,0,2,0,1,7
2151,Mario De Las Casas,1930,-,Defensor,2,2,0,0,0,0.0,0,0,0,0,2,10
2152,Jose Del Castillo,1970,18,Delantero,0,0,0,4,0,0.0,0,0,0,0,0,7
2153,Alberto Denegri,1930,-,Mediocampista,2,2,0,0,0,0.0,0,0,0,0,2,10
2154,Ruben Diaz,1978,5,Defensor,4,4,0,2,0,0.0,0,0,2,1,1,8
2155,Jaime Duarte,1978,2,Defensor,6,6,0,0,0,0.0,0,0,2,1,3,8
2155,Jaime Duarte,1982,2,Defensor,3,3,0,0,0,0.0,1,0,0,2,1,20
2156,Jefferson Farfán,2018,10,Delantero,2,1,0,1,0,0.0,0,0,0,0,2,20
2157,Arturo Fernandez,1930,-,Defensor,0,0,0,2,0,0.0,0,0,0,0,0,10
2158,Jose Fernandez,1970,14,Defensor,1,1,0,3,0,0.0,0,0,0,0,1,7
2159,Edison Flores,2018,20,Delantero,3,3,0,0,0,0.0,0,0,1,0,2,20
2160,Nicolas Fuentes,1970,5,Defensor,4,4,0,0,0,0.0,0,0,2,0,2,7
2161,Placido Galindo,1930,-,Mediocampista,2,2,1,0,0,0.0,0,0,0,0,2,10
2162,Alberto Gallardo,1970,11,Delantero,4,4,0,0,2,0.5,0,0,2,0,2,7
2163,Pedro Gallese,2018,1,Arquero,3,3,0,0,0,0.0,0,0,1,0,2,20
2164,Domingo Garcia,1930,-,Mediocampista,1,1,0,1,0,0.0,0,0,0,0,1,10
2165,Hugo Gastulo,1982,4,Defensor,0,0,0,3,0,0.0,0,0,0,0,0,20
2166,Jorge Gongora,1930,-,Delantero,0,0,0,2,0,0.0,0,0,0,0,0,10
2167,Javier Gonzales,1970,15,Defensor,1,0,0,3,0,0.0,0,0,1,0,0,7
2168,Pedro Gonzales,1970,13,Defensor,2,2,0,2,0,0.0,0,0,1,0,1,7
2169,Jose Gonzales Ganoza,1982,12,Arquero,0,0,0,3,0,0.0,0,0,0,0,0,20
2170,Raul Gorriti,1978,16,Mediocampista,1,0,0,5,0,0.0,0,0,0,0,1,8
2171,Jesus Goyzueta,1970,21,Arquero,0,0,0,4,0,0.0,0,0,0,0,0,7
2172,Paolo Guerrero,2018,9,Delantero,3,2,2,0,1,0.33,1,0,1,0,2,20
2174,Paolo Hurtado,2018,7,Mediocampista,1,0,0,2,0,0.0,1,0,1,0,0,20
2175,Guillermo La Rosa,1978,19,Delantero,5,5,0,1,0,0.0,0,0,2,1,2,8
2175,Guillermo La Rosa,1982,19,Delantero,3,1,0,0,1,0.33,0,0,0,2,1,20
2176,Ernesto Labarthe,1978,18,Mediocampista,0,0,0,6,0,0.0,0,0,0,0,0,8
2177,Jose Maria Lavalle,1930,-,Delantero,2,2,0,0,0,0.0,0,0,0,0,2,10
2178,German Leguia,1978,15,Delantero,1,0,0,5,0,0.0,0,0,1,0,0,8
2178,German Leguia,1982,5,Delantero,3,2,0,0,0,0.0,0,0,0,2,1,20
2179,Pedro Leon,1970,9,Delantero,4,4,0,0,0,0.0,0,0,2,0,2,7
2180,Julio Lores,1930,-,Delantero,2,2,0,0,0,0.0,0,0,0,0,2,10
2181,Nilson Loyola,2018,22,Defensor,0,0,0,3,0,0.0,0,0,0,0,0,20
2182,Eduardo Malasquez,1982,18,Mediocampista,0,0,0,3,0,0.0,0,0,0,0,0,20
2183,Rodolfo Manzo,1978,3,Defensor,6,6,0,0,0,0.0,1,0,2,1,3,8
2184,Antonio Maquilon,1930,-,Defensor,1,1,1,1,0,0.0,0,0,0,0,1,10
2185,Ramon Mifflin,1970,6,Mediocampista,4,4,0,0,0,0.0,0,0,2,0,2,7
2186,Roberto Mosquera,1978,12,Delantero,0,0,0,6,0,0.0,0,0,0,0,0,8
2187,Juan Munante,1978,7,Delantero,6,6,0,0,0,0.0,1,0,2,1,3,8
2188,Franco Navarro,1982,17,Delantero,0,0,0,3,0,0.0,0,0,0,0,0,20
2190,Demetrio Neyra,1930,-,Delantero,2,2,0,0,0,0.0,0,0,0,0,2,10
2191,Lizardo Nue Rodriguez,1930,-,Delantero,0,0,0,2,0,0.0,0,0,0,0,0,10
2192,Juan Carlos Oblitas,1978,11,Delantero,6,6,0,0,0,0.0,0,0,2,1,3,8
2192,Juan Carlos Oblitas,1982,11,Delantero,3,3,0,0,0,0.0,0,0,0,2,1,20
2193,Jorge Olaechea,1982,16,Defensor,3,3,0,0,0,0.0,0,0,0,2,1,20
2194,Pablo Pacheco,1930,-,Delantero,0,0,0,2,0,0.0,0,0,0,0,0,10
2195,Jorge Pardon,1930,-,Arquero,1,1,0,1,0,0.0,0,0,0,0,1,10
2196,Andy Polo,2018,14,Mediocampista,0,0,0,3,0,0.0,0,0,0,0,0,20
2197,Alfredo Quesada,1978,17,Mediocampista,2,2,0,4,0,0.0,1,0,0,0,2,8
2198,Julio Quintana,1930,-,Mediocampista,0,0,0,2,0,0.0,0,0,0,0,0,10
2199,Ramon Quiroga,1978,21,Arquero,6,6,0,0,0,0.0,1,0,2,1,3,8
2199,Ramon Quiroga,1982,21,Arquero,3,3,0,0,0,0.0,0,0,0,2,1,20
2200,Osvaldo Ramirez,1970,22,Delantero,2,0,0,2,0,0.0,0,0,1,0,1,7
2201,Christian Ramos,2018,15,Defensor,3,3,0,0,0,0.0,0,0,1,0,2,20
2202,Eladio Reyes,1970,19,Mediocampista,1,0,0,3,0,0.0,0,0,0,0,1,7
2203,Luis Reyna,1982,22,Mediocampista,0,0,0,3,0,0.0,0,0,0,0,0,20
2204,Alberto Rodríguez,2018,2,Defensor,2,2,1,1,0,0.0,0,0,0,0,2,20
2205,Percy Rojas,1978,9,Mediocampista,3,0,0,3,0,0.0,0,0,1,0,2,8
2205,Percy Rojas,1982,20,Mediocampista,0,0,0,3,0,0.0,0,0,0,0,0,20
2206,Roberto Rojas,1978,22,Defensor,1,1,0,5,0,0.0,0,0,0,0,1,8
2207,Luis Rubinos,1970,1,Arquero,4,4,0,0,0,0.0,0,0,2,0,2,7
2208,Raúl Ruidíaz,2018,11,Delantero,2,0,0,1,0,0.0,0,0,0,0,2,20
2209,Rafael Salguero,1982,3,Defensor,3,3,0,0,0,0.0,0,0,0,2,1,20
2210,Felix Salinas,1970,16,Defensor,0,0,0,4,0,0.0,0,0,0,0,0,7
2211,Anderson Santamaría,2018,4,Defensor,2,1,0,1,0,0.0,0,0,1,0,1,20
2212,Jorge Sarmiento,1930,-,Delantero,0,0,0,2,0,0.0,0,0,0,0,0,10
2213,Ottorino Sartor,1978,1,Arquero,0,0,0,6,0,0.0,0,0,0,0,0,8
2214,Alberto Soria,1930,-,Defensor,1,1,0,1,0,0.0,0,0,0,0,1,10
2215,Hugo Sotil,1970,20,Delantero,4,2,0,0,0,0.0,0,0,2,0,2,7
2215,Hugo Sotil,1978,20,Mediocampista,4,0,0,2,0,0.0,0,0,2,1,1,8
2216,Luis Souza,1930,-,Delantero,2,2,0,0,1,0.5,0,0,0,0,2,10
2217,Renato Tapia,2018,13,Mediocampista,2,2,0,1,0,0.0,1,0,1,0,1,20
2218,Miguel Trauco,2018,6,Defensor,3,3,0,0,0,0.0,0,0,1,0,2,20
2219,Julio Cesar Uribe,1982,9,Mediocampista,3,2,0,0,0,0.0,0,0,0,2,1,20
2220,Juan Valdivieso,1930,-,Arquero,1,1,0,1,0,0.0,0,0,0,0,1,10
2221,Juan Alfonso Valle,1930,-,Mediocampista,0,0,0,2,0,0.0,0,0,0,0,0,10
2222,Jose Velasquez,1978,6,Mediocampista,5,5,0,1,1,0.2,3,0,2,1,2,8
2222,Jose Velasquez,1982,6,Mediocampista,3,3,0,0,0,0.0,1,0,0,2,1,20
2223,Alejandro Villanueva,1930,-,Delantero,2,2,0,0,0,0.0,0,0,0,0,2,10
2224,Yoshimar Yotún,2018,19,Mediocampista,3,3,0,0,0,0.0,1,0,1,0,2,20
2225,Gerry Armstrong,1982,9,Delantero,5,5,0,0,3,0.6,0,0,1,3,1,9
2225,Gerry Armstrong,1986,14,Delantero,1,0,0,2,0,0.0,0,0,0,0,1,21
2226,Billy Bingham,1958,7,Delantero,5,5,0,0,0,0.0,0,0,2,1,2,7
2227,Danny Blanchflower,1958,4,Mediocampista,5,5,5,0,0,0.0,0,0,2,1,2,7
2228,Noel Brotherston,1982,7,Delantero,2,0,0,3,0,0.0,0,0,0,2,0,9
2229,Bobby Campbell,1982,21,Delantero,0,0,0,5,0,0.0,0,0,0,0,0,9
2230,David Campbell,1986,21,Mediocampista,1,1,0,2,0,0.0,0,0,0,0,1,21
2231,Tommy Casey,1958,13,Delantero,2,2,0,3,0,0.0,0,0,0,1,1,7
2232,Tommy Cassidy,1982,14,Mediocampista,1,0,0,4,0,0.0,0,0,1,0,0,9
2233,Mark Caughey,1986,22,Delantero,0,0,0,3,0,0.0,0,0,0,0,0,21
2234,Sammy Chapman,1958,20,Mediocampista,0,0,0,5,0,0.0,0,0,0,0,0,7
2235,Colin Clarke,1986,17,Delantero,3,2,0,0,1,0.33,0,0,0,1,2,21
2236,Jim Cleary,1982,20,Mediocampista,0,0,0,5,0,0.0,0,0,0,0,0,9
2237,Fay Coyle,1958,17,Delantero,1,1,0,4,0,0.0,0,0,0,0,1,7
2238,Willie Cunningham,1954,2,Defensor,2,2,2,0,0,0.0,0,0,0,0,2,15
2238,Willie Cunningham,1958,2,Defensor,5,5,0,0,0,0.0,0,0,2,1,2,7
2239,Wilbur Cush,1958,8,Delantero,5,5,0,0,1,0.2,0,0,2,1,2,7
2240,Mal Donaghy,1982,3,Defensor,4,4,0,1,0,0.0,0,1,1,2,1,9
2240,Mal Donaghy,1986,3,Defensor,3,3,0,0,0,0.0,1,0,0,1,2,21
2241,Derek Dougan,1958,16,Delantero,1,1,0,4,0,0.0,0,0,1,0,0,7
2242,George Dunlop,1982,22,Arquero,0,0,0,5,0,0.0,0,0,0,0,0,9
2243,Thomas Finney,1982,15,Mediocampista,0,0,0,5,0,0.0,0,0,0,0,0,9
2244,Len Graham,1958,19,Defensor,0,0,0,5,0,0.0,0,0,0,0,0,7
2245,Harry Gregg,1958,1,Arquero,4,4,0,1,0,0.0,0,0,1,1,2,7
2246,Tommy Hamill,1958,21,Defensor,0,0,0,5,0,0.0,0,0,0,0,0,7
2247,Billy Hamilton,1982,11,Delantero,5,5,0,0,2,0.4,2,0,1,3,1,9
2247,Billy Hamilton,1986,19,Delantero,3,1,0,0,0,0.0,1,0,0,1,2,21
2248,Felix Healey,1982,19,Delantero,1,0,0,4,0,0.0,0,0,0,1,0,9
2249,Philip Hughes,1986,13,Arquero,0,0,0,3,0,0.0,0,0,0,0,0,21
2250,John Jameson,1982,18,Mediocampista,0,0,0,5,0,0.0,0,0,0,0,0,9
2251,Pat Jennings,1982,1,Arquero,4,4,0,1,0,0.0,0,0,1,2,1,9
2251,Pat Jennings,1986,1,Arquero,3,3,0,0,0,0.0,0,0,0,1,2,21
2252,Dick Keith,1958,5,Defensor,5,5,0,0,0,0.0,0,0,2,1,2,7
2253,John Mcclelland,1982,12,Defensor,5,5,0,0,0,0.0,0,0,1,3,1,9
2253,John Mcclelland,1986,18,Defensor,0,0,0,3,0,0.0,0,0,0,0,0,21
2254,David Mccreery,1982,4,Mediocampista,5,5,0,0,0,0.0,0,0,1,3,1,9
2254,David Mccreery,1986,6,Mediocampista,3,3,0,0,0,0.0,0,0,0,1,2,21
2255,Sammy Mccrory,1958,15,Delantero,0,0,0,5,0,0.0,0,0,0,0,0,7
2256,Alan Mcdonald,1986,5,Defensor,3,3,0,0,0,0.0,0,0,0,1,2,21
2257,Jimmy Mcilroy,1958,10,Mediocampista,5,5,0,0,0,0.0,0,0,2,1,2,7
2258,Sam Mcilroy,1982,10,Mediocampista,5,5,0,0,0,0.0,1,0,1,3,1,9
2258,Sam Mcilroy,1986,8,Mediocampista,3,3,3,0,0,0.0,1,0,0,1,2,21
2259,Alfred Mcmichael,1958,3,Defensor,5,5,0,0,0,0.0,0,0,2,1,2,7
2260,Bernard Mcnally,1986,20,Mediocampista,0,0,0,3,0,0.0,0,0,0,0,0,21
2261,Peter Mcparland,1958,11,Delantero,5,5,0,0,5,1.0,0,0,2,1,2,7
2262,Sammy Nelson,1982,13,Defensor,2,1,0,3,0,0.0,0,0,1,1,0,9
2263,Chris Nicholl,1982,5,Defensor,5,5,0,0,0,0.0,0,0,1,3,1,9
2264,Jimmy Nicholl,1982,2,Defensor,5,5,0,0,0,0.0,0,0,1,3,1,9
2264,Jimmy Nicholl,1986,2,Defensor,3,3,0,0,0,0.0,0,0,0,1,2,21
2265,John O'Neill,1982,6,Defensor,1,0,0,4,0,0.0,0,0,0,0,1,9
2265,John O'Neill,1986,4,Defensor,3,3,0,0,0,0.0,0,0,0,1,2,21
2266,Martin O'Neill,1982,8,Mediocampista,5,5,5,0,0,0.0,0,0,1,3,1,9
2267,Bertie Peacock,1958,6,Mediocampista,4,4,0,1,0,0.0,0,0,2,1,1,7
2268,Steven Penney,1986,7,Delantero,2,2,0,1,0,0.0,0,0,0,1,1,21
2269,Jim Platt,1982,17,Arquero,1,1,0,4,0,0.0,0,0,0,1,0,9
2269,Jim Platt,1986,12,Arquero,0,0,0,3,0,0.0,0,0,0,0,0,21
2270,James Quinn,1986,9,Delantero,0,0,0,3,0,0.0,0,0,0,0,0,21
2271,Paul Ramsey,1986,16,Mediocampista,0,0,0,3,0,0.0,0,0,0,0,0,21
2272,Roy Rea,1958,18,Arquero,0,0,0,5,0,0.0,0,0,0,0,0,7
2273,Jackie Scott,1958,14,Delantero,2,2,0,3,0,0.0,0,0,1,0,1,7
2274,Billy Simpson,1958,9,Delantero,0,0,0,5,0,0.0,0,0,0,0,0,7
2275,Ian Stewart,1986,11,Delantero,3,1,0,0,0,0.0,0,0,0,1,2,21
2276,Bobby Trainor,1958,22,Delantero,0,0,0,5,0,0.0,0,0,0,0,0,7
2277,Norman Uprichard,1958,12,Arquero,1,1,0,4,0,0.0,0,0,1,0,0,7
2278,Norman Whiteside,1982,16,Delantero,5,5,0,0,0,0.0,1,0,1,3,1,9
2278,Norman Whiteside,1986,10,Delantero,3,3,0,0,1,0.33,1,0,0,1,2,21
2279,Nigel Worthington,1986,15,Defensor,2,2,0,1,0,0.0,1,0,0,1,1,21
2280,John Aird,1954,3,Defensor,2,2,0,0,0,0.0,0,0,0,0,2,15
2281,Roy Aitken,1986,8,Mediocampista,3,3,0,0,0,0.0,0,0,0,1,2,19
2281,Roy Aitken,1990,3,Mediocampista,3,3,3,0,0,0.0,0,0,1,0,2,18
2282,Arthur Albiston,1986,15,Defensor,1,1,0,2,0,0.0,0,0,0,1,0,19
2283,John Anderson,1954,14,Arquero,0,0,0,2,0,0.0,0,0,0,0,0,15
2284,Steve Archibald,1982,18,Delantero,3,2,0,0,1,0.33,0,0,1,1,1,15
2284,Steve Archibald,1986,17,Delantero,1,1,0,2,0,0.0,1,0,0,0,1,19
2285,Sammy Baird,1958,13,Mediocampista,1,1,0,2,1,1.0,0,0,0,0,1,14
2286,Eamonn Bannon,1986,9,Mediocampista,2,1,0,1,0,0.0,1,0,0,0,2,19
2287,Jim Bett,1986,10,Mediocampista,0,0,0,3,0,0.0,0,0,0,0,0,19
2287,Jim Bett,1990,8,Mediocampista,1,1,0,2,0,0.0,0,0,0,0,1,18
2288,Jimmy Binning,1954,19,Delantero,0,0,0,2,0,0.0,0,0,0,0,0,15
2289,John Blackley,1974,6,Defensor,1,1,0,2,0,0.0,0,0,1,0,0,9
2290,Jimmy Blyth,1978,12,Arquero,0,0,0,3,0,0.0,0,0,0,0,0,11
2291,Scott Booth,1998,20,Delantero,1,0,0,2,0,0.0,0,0,0,0,1,27
2292,Tom Boyd,1998,3,Defensor,3,3,0,0,0,0.0,0,0,0,1,2,27
2293,Alan Brazil,1982,9,Delantero,2,1,0,1,0,0.0,0,0,1,1,0,15
2294,Billy Bremner,1974,4,Mediocampista,3,3,3,0,0,0.0,0,0,1,2,0,9
2295,Allan Brown,1954,10,Delantero,2,2,0,0,0,0.0,0,0,0,0,2,15
2296,Bill Brown,1958,2,Arquero,1,1,0,2,0,0.0,0,0,0,0,1,14
2297,Martin Buchan,1974,14,Defensor,2,2,0,1,0,0.0,0,0,0,2,0,9
2297,Martin Buchan,1978,4,Defensor,3,3,0,0,0,0.0,0,0,1,1,1,11
2298,Craig Burley,1998,8,Mediocampista,3,3,0,0,1,0.33,0,1,0,1,2,27
2299,George Burley,1982,21,Defensor,0,0,0,3,0,0.0,0,0,0,0,0,15
2300,Kenny Burns,1978,22,Defensor,2,2,0,1,0,0.0,0,0,0,1,1,11
2301,Colin Calderwood,1998,4,Defensor,2,2,0,1,0,0.0,0,0,0,1,1,27
2302,Eric Caldow,1958,4,Defensor,3,3,0,0,0,0.0,0,0,0,1,2,14
2303,Bobby Clark,1978,20,Arquero,0,0,0,3,0,0.0,0,0,0,0,0,11
2304,Bobby Collins,1958,19,Delantero,3,3,0,0,1,0.33,0,0,0,1,2,14
2305,John Collins,1990,18,Mediocampista,0,0,0,3,0,0.0,0,0,0,0,0,18
2305,John Collins,1998,11,Mediocampista,3,3,0,0,1,0.33,0,0,0,1,2,27
2306,Bobby Combe,1954,20,Delantero,0,0,0,2,0,0.0,0,0,0,0,0,15
2307,David Cooper,1986,21,Delantero,2,0,0,1,0,0.0,0,0,0,1,1,19
2308,Ernie Copland,1954,21,Delantero,0,0,0,2,0,0.0,0,0,0,0,0,15
2309,Peter Cormack,1974,15,Mediocampista,0,0,0,3,0,0.0,0,0,0,0,0,9
2310,Doug Cowie,1954,7,Mediocampista,2,2,0,0,0,0.0,0,0,0,0,2,15
2310,Doug Cowie,1958,12,Mediocampista,2,2,0,1,0,0.0,0,0,0,1,1,14
2313,Christian Dailly,1998,22,Defensor,3,3,0,0,0,0.0,0,0,0,1,2,27
2314,Kenny Dalglish,1974,8,Delantero,3,3,0,0,0,0.0,0,0,1,2,0,9
2314,Kenny Dalglish,1978,8,Delantero,3,3,0,0,1,0.33,0,0,1,1,1,11
2314,Kenny Dalglish,1982,8,Delantero,2,1,0,1,1,0.5,0,0,1,0,1,15
2315,Jimmy Davidson,1954,6,Defensor,2,2,0,0,0,0.0,0,0,0,0,2,15
2316,Tommy Docherty,1954,5,Mediocampista,2,2,0,0,0,0.0,0,0,0,0,2,15
2316,Tommy Docherty,1958,10,Mediocampista,0,0,0,3,0,0.0,0,0,0,0,0,14
2317,Willie Donachie,1974,16,Defensor,0,0,0,3,0,0.0,0,0,0,0,0,9
2317,Willie Donachie,1978,3,Defensor,2,2,0,1,0,0.0,0,0,1,1,0,11
2318,Simon Donnelly,1998,13,Delantero,0,0,0,3,0,0.0,0,0,0,0,0,27
2319,Gordon Durie,1990,13,Delantero,1,1,0,2,0,0.0,0,0,1,0,0,18
2319,Gordon Durie,1998,9,Delantero,3,3,0,0,0,0.0,1,0,0,1,2,27
2320,Matt Elliott,1998,18,Defensor,0,0,0,3,0,0.0,0,0,0,0,0,27
2321,Allan Evans,1982,17,Defensor,1,1,0,2,0,0.0,0,0,1,0,0,15
2322,Bobby Evans,1954,4,Mediocampista,0,0,0,2,0,0.0,0,0,0,0,0,15
2322,Bobby Evans,1958,9,Defensor,3,3,1,0,0,0.0,0,0,0,1,2,14
2323,Willie Fernie,1954,12,Delantero,2,2,0,0,0,0.0,0,0,0,0,2,15
2323,Willie Fernie,1958,22,Delantero,1,1,0,2,0,0.0,0,0,0,0,1,14
2324,Robert Fleck,1990,21,Delantero,2,1,0,1,0,0.0,0,0,1,0,1,18
2325,Donald Ford,1974,17,Mediocampista,0,0,0,3,0,0.0,0,0,0,0,0,9
2326,Tom Forsyth,1978,14,Defensor,3,2,0,0,0,0.0,0,0,1,1,1,11
2327,Kevin Gallacher,1998,7,Delantero,3,3,0,0,0,0.0,1,0,0,1,2,27
2328,Archie Gemmill,1978,15,Mediocampista,3,2,1,0,2,0.67,1,0,1,1,1,11
2329,Scot Gemmill,1998,15,Mediocampista,0,0,0,3,0,0.0,0,0,0,0,0,27
2330,Gary Gillespie,1990,11,Defensor,1,0,0,2,0,0.0,0,0,0,0,1,18
2331,Andy Goram,1986,12,Arquero,0,0,0,3,0,0.0,0,0,0,0,0,19
2331,Andy Goram,1990,12,Arquero,0,0,0,3,0,0.0,0,0,0,0,0,18
2332,Richard Gough,1986,2,Defensor,3,3,0,0,0,0.0,0,0,0,1,2,19
2332,Richard Gough,1990,4,Defensor,1,1,0,2,0,0.0,0,0,0,0,1,18
2333,Jonathan Gould,1998,21,Arquero,0,0,0,3,0,0.0,0,0,0,0,0,27
2334,Frank Gray,1982,3,Defensor,3,3,0,0,0,0.0,0,0,1,1,1,15
2335,Bryan Gunn,1990,22,Arquero,0,0,0,3,0,0.0,0,0,0,0,0,18
2336,Harry Haddock,1958,6,Defensor,0,0,0,3,0,0.0,0,0,0,0,0,14
2337,George Hamilton,1954,9,Delantero,0,0,0,2,0,0.0,0,0,0,0,0,15
2338,Alan Hansen,1982,5,Defensor,3,3,0,0,0,0.0,0,0,1,1,1,15
2339,Joe Harper,1978,21,Mediocampista,1,0,0,2,0,0.0,0,0,0,1,0,11
2340,Asa Hartford,1978,10,Mediocampista,3,3,0,0,0,0.0,0,0,1,1,1,11
2340,Asa Hartford,1982,16,Mediocampista,1,1,0,2,0,0.0,0,0,0,0,1,15
2341,David Harvey,1974,1,Arquero,3,3,0,0,0,0.0,0,0,1,2,0,9
2342,Davie Hay,1974,10,Mediocampista,3,3,0,0,0,0.0,1,0,1,2,0,9
2343,Jackie Henderson,1954,16,Delantero,0,0,0,2,0,0.0,0,0,0,0,0,15
2344,Colin Hendry,1998,5,Defensor,3,3,3,0,0,0.0,0,0,0,1,2,27
2345,John Hewie,1958,5,Defensor,2,2,0,1,0,0.0,0,0,0,1,1,14
2346,James Holton,1974,5,Defensor,3,3,0,0,0,0.0,1,0,1,2,0,9
2347,Tommy Hutchinson,1974,18,Mediocampista,2,0,0,1,0,0.0,0,0,1,1,0,9
2348,Stuart Imlach,1958,21,Delantero,2,2,0,1,0,0.0,0,0,0,1,1,14
2349,Darren Jackson,1998,10,Delantero,2,2,0,1,0,0.0,2,0,0,1,1,27
2350,Sandy Jardine,1974,2,Defensor,3,3,0,0,0,0.0,0,0,1,2,0,9
2350,Sandy Jardine,1978,2,Defensor,1,1,0,2,0,0.0,0,0,0,1,0,11
2351,Mo Johnston,1990,7,Delantero,3,3,0,0,1,0.33,1,0,1,0,2,18
2352,Willie Johnston,1978,11,Delantero,1,1,0,2,0,0.0,0,0,0,0,1,11
2353,Derek Johnstone,1978,17,Delantero,0,0,0,3,0,0.0,0,0,0,0,0,11
2354,Jimmy Johnstone,1974,7,Mediocampista,0,0,0,3,0,0.0,0,0,0,0,0,9
2355,Robert Johnstone,1954,15,Delantero,0,0,0,2,0,0.0,0,0,0,0,0,15
2356,Joe Jordan,1974,9,Delantero,3,3,0,0,2,0.67,1,0,1,2,0,9
2356,Joe Jordan,1978,9,Delantero,3,3,0,0,1,0.33,0,0,1,1,1,11
2356,Joe Jordan,1982,15,Delantero,1,1,0,2,1,1.0,0,0,0,1,0,15
2357,Stuart Kennedy,1978,13,Defensor,2,2,0,1,0,0.0,0,0,1,0,1,11
2358,Paul Lambert,1998,14,Mediocampista,3,3,0,0,0,0.0,0,0,0,1,2,27
2359,Denis Law,1974,19,Delantero,1,1,0,2,0,0.0,0,0,1,0,0,9
2360,Graham Leggatt,1958,14,Delantero,2,2,0,1,0,0.0,0,0,0,1,1,14
2361,Jim Leighton,1982,22,Arquero,0,0,0,3,0,0.0,0,0,0,0,0,15
2361,Jim Leighton,1986,1,Arquero,3,3,0,0,0,0.0,0,0,0,1,2,19
2361,Jim Leighton,1990,1,Arquero,3,3,0,0,0,0.0,0,0,1,0,2,18
2361,Jim Leighton,1998,1,Arquero,3,3,0,0,0,0.0,0,0,0,1,2,27
2362,Craig Levein,1990,15,Defensor,1,1,0,2,0,0.0,0,0,1,0,0,18
2363,Peter Lorimer,1974,11,Delantero,3,3,0,0,1,0.33,0,0,1,2,0,9
2364,Lou Macari,1978,16,Mediocampista,2,1,0,1,0,0.0,0,0,0,1,1,11
2365,Dave Mackay,1958,11,Mediocampista,1,1,0,2,0,0.0,0,0,0,0,1,14
2366,John Mackenzie,1954,8,Delantero,2,2,0,0,0,0.0,0,0,0,0,2,15
2367,Maurice Malpas,1986,3,Defensor,2,2,0,1,0,0.0,1,0,0,0,2,19
2367,Maurice Malpas,1990,6,Defensor,3,3,0,0,0,0.0,0,0,1,0,2,18
2368,Fred Martin,1954,1,Arquero,2,2,0,0,0,0.0,0,0,0,0,2,15
2369,Don Masson,1978,7,Mediocampista,1,1,0,2,0,0.0,0,0,0,0,1,11
2370,Davie Mathers,1954,17,Mediocampista,0,0,0,2,0,0.0,0,0,0,0,0,15
2371,Gary Mcallister,1990,20,Mediocampista,0,0,0,3,0,0.0,0,0,0,0,0,18
2372,Frank Mcavennie,1986,16,Delantero,2,0,0,1,0,0.0,0,0,0,0,2,19
2373,Stuart Mccall,1990,16,Mediocampista,3,3,0,0,1,0.33,0,0,1,0,2,18
2374,Alistair Mccoist,1990,9,Delantero,3,1,0,0,0,0.0,0,0,1,0,2,18
2375,Ian Mccoll,1958,7,Defensor,0,0,0,3,0,0.0,0,0,0,0,0,14
2376,Danny Mcgrain,1974,3,Defensor,3,3,0,0,0,0.0,0,0,1,2,0,9
2376,Danny Mcgrain,1982,2,Defensor,2,1,1,1,0,0.0,0,0,1,1,0,15
2377,Alan Mcinally,1990,14,Delantero,1,1,0,2,0,0.0,0,0,0,0,1,18
2378,Stewart Mckimmie,1990,17,Defensor,2,1,0,1,0,0.0,0,0,0,0,2,18
2379,Billy Mckinlay,1998,17,Mediocampista,1,0,0,2,0,0.0,0,0,0,0,1,27
2380,Tosh Mckinlay,1998,6,Defensor,2,0,0,1,0,0.0,0,0,0,0,2,27
2381,Alex Mcleish,1982,13,Defensor,1,0,0,2,0,0.0,0,0,0,0,1,15
2381,Alex Mcleish,1986,5,Defensor,1,1,0,2,0,0.0,0,0,0,0,1,19
2381,Alex Mcleish,1990,2,Defensor,3,3,0,0,0,0.0,0,0,1,0,2,18
2382,Murdo Mcleod,1990,10,Mediocampista,2,2,0,1,0,0.0,1,0,1,0,1,18
2383,Ian Mcmillan,1954,22,Delantero,0,0,0,2,0,0.0,0,0,0,0,0,15
2384,Jackie Mcnamara,1998,2,Defensor,2,1,0,1,0,0.0,0,0,0,1,1,27
2385,David Mcpherson,1990,19,Defensor,3,3,0,0,0,0.0,1,0,1,0,2,18
2386,Gordon Mcqueen,1974,21,Defensor,0,0,0,3,0,0.0,0,0,0,0,0,9
2386,Gordon Mcqueen,1978,5,Defensor,0,0,0,3,0,0.0,0,0,0,0,0,11
2387,Paul Mcstay,1986,11,Mediocampista,1,1,0,2,0,0.0,0,0,0,1,0,19
2387,Paul Mcstay,1990,5,Mediocampista,3,2,0,0,0,0.0,0,0,1,0,2,18
2388,Willie Miller,1982,6,Defensor,2,2,0,1,0,0.0,0,0,0,1,1,15
2388,Willie Miller,1986,6,Defensor,3,3,1,0,0,0.0,0,0,0,1,2,19
2389,Neil Mochan,1954,11,Delantero,2,2,0,0,0,0.0,0,0,0,0,2,15
2390,Willie Morgan,1974,20,Delantero,2,2,0,1,0,0.0,0,0,0,2,0,9
2391,Jackie Mudie,1958,17,Delantero,3,3,0,0,1,0.33,0,0,0,1,2,14
2392,Jimmy Murray,1958,16,Delantero,2,2,0,1,1,0.5,0,0,0,1,1,14
2393,David Narey,1982,14,Defensor,3,2,0,0,1,0.33,0,0,1,1,1,15
2393,David Narey,1986,14,Defensor,2,2,0,1,0,0.0,1,0,0,1,1,19
2394,Charlie Nicholas,1986,19,Delantero,2,1,0,1,0,0.0,0,0,0,1,1,19
2395,Stephen Nicol,1986,13,Defensor,3,3,0,0,0,0.0,1,0,0,1,2,19
2396,Willie Ormond,1954,13,Delantero,2,2,0,0,0,0.0,0,0,0,0,2,15
2397,Alex Parker,1958,3,Defensor,1,1,0,2,0,0.0,0,0,0,0,1,14
2398,David Provan,1982,20,Delantero,0,0,0,3,0,0.0,0,0,0,0,0,15
2399,Bruce Rioch,1978,6,Mediocampista,2,2,2,1,0,0.0,0,0,1,0,1,11
2400,Archie Robertson,1958,20,Delantero,1,1,0,2,0,0.0,0,0,0,0,1,14
2401,John Robertson,1978,19,Delantero,1,1,0,2,0,0.0,0,0,0,1,0,11
2401,John Robertson,1982,11,Delantero,3,3,0,0,1,0.33,0,0,1,1,1,15
2402,Alan Rough,1978,1,Arquero,3,3,0,0,0,0.0,0,0,1,1,1,11
2402,Alan Rough,1982,1,Arquero,3,3,0,0,0,0.0,0,0,1,1,1,15
2402,Alan Rough,1986,22,Arquero,0,0,0,3,0,0.0,0,0,0,0,0,19
2403,Erich Schaedler,1974,22,Defensor,0,0,0,3,0,0.0,0,0,0,0,0,9
2404,Alex Scott,1958,15,Delantero,0,0,0,3,0,0.0,0,0,0,0,0,14
2405,Graeme Sharp,1986,18,Delantero,1,1,0,2,0,0.0,0,0,0,1,0,19
2406,Graeme Souness,1978,18,Mediocampista,1,1,0,2,0,0.0,0,0,1,0,0,11
2406,Graeme Souness,1982,4,Mediocampista,3,3,2,0,1,0.33,1,0,1,1,1,15
2406,Graeme Souness,1986,4,Mediocampista,2,2,2,1,0,0.0,0,0,0,0,2,19
2407,Jim Stewart,1974,13,Arquero,0,0,0,3,0,0.0,0,0,0,0,0,9
2408,Gordon Strachan,1982,7,Mediocampista,3,3,0,0,0,0.0,0,0,1,1,1,15
2408,Gordon Strachan,1986,7,Mediocampista,3,3,0,0,1,0.33,0,0,0,1,2,19
2409,Paul Sturrock,1982,19,Delantero,0,0,0,3,0,0.0,0,0,0,0,0,15
2409,Paul Sturrock,1986,20,Delantero,2,2,0,1,0,0.0,0,0,0,1,1,19
2410,Neil Sullivan,1998,12,Arquero,0,0,0,3,0,0.0,0,0,0,0,0,27
2411,Allan Thomson,1974,12,Arquero,0,0,0,3,0,0.0,0,0,0,0,0,9
2412,Eddie Turnbull,1958,8,Delantero,3,3,0,0,0,0.0,0,0,0,1,2,14
2413,John Wark,1982,10,Mediocampista,3,3,0,0,2,0.67,0,0,1,1,1,15
2414,David Weir,1998,16,Defensor,2,1,0,1,0,0.0,0,0,0,1,1,27
2415,Derek Whyte,1998,19,Defensor,0,0,0,3,0,0.0,0,0,0,0,0,27
2416,Alex Wilson,1954,18,Defensor,0,0,0,2,0,0.0,0,0,0,0,0,15
2417,George Wood,1982,12,Arquero,0,0,0,3,0,0.0,0,0,0,0,0,15
2418,Tommy Younger,1958,1,Arquero,2,2,2,1,0,0.0,0,0,0,1,1,14
2419,Juan Alonso,1938,-,Delantero,1,1,0,2,0,0.0,0,0,0,0,1,7
2420,Joaquin Arias,1938,-,Mediocampista,3,3,0,0,0,0.0,0,0,1,1,1,7
2421,Juan Ayra,1938,-,Arquero,1,1,0,2,0,0.0,0,0,1,0,0,7
2422,Jacinto Barquin,1938,-,Defensor,3,3,0,0,0,0.0,0,0,1,1,1,7
2423,Pedro Berges,1938,-,Mediocampista,3,3,0,0,0,0.0,0,0,1,1,1,7
2424,Benito Carvajales,1938,-,Arquero,2,2,0,1,0,0.0,0,0,0,1,1,7
2425,Manuel Chorens,1938,-,Defensor,3,3,0,0,0,0.0,0,0,1,1,1,7
2426,Tomas Fernandez,1938,-,Mediocampista,3,3,3,0,1,0.33,0,0,1,1,1,7
2427,Pedro Ferrer,1938,-,Delantero,1,1,0,2,0,0.0,0,0,0,0,1,7
2428,Jose Magrina,1938,-,Delantero,2,2,0,1,1,0.5,0,0,1,1,0,7
2429,Carlos Oliveira,1938,-,Delantero,0,0,0,3,0,0.0,0,0,0,0,0,7
2430,Jose Rodriguez,1938,-,Mediocampista,3,3,0,0,0,0.0,0,0,1,1,1,7
2431,Hector Socorro,1938,-,Delantero,3,3,0,0,3,1.0,0,0,1,1,1,7
2432,Mario Sosa,1938,-,Delantero,2,2,0,1,0,0.0,0,0,1,1,0,7
2433,Juan Tunas,1938,-,Delantero,3,3,0,0,0,0.0,0,0,1,1,1,7
2434,Fritz Andre,1974,4,Defensor,1,1,0,2,0,0.0,0,0,0,0,1,15
2435,Eddy Antoine,1974,9,Mediocampista,3,3,0,0,0,0.0,0,0,0,0,3,15
2436,Arsene Auguste,1974,3,Defensor,2,2,0,1,0,0.0,0,0,0,0,2,15
2437,Jean-Hubert Austin,1974,19,Mediocampista,0,0,0,3,0,0.0,0,0,0,0,0,15
2438,Claude Barthelemy,1974,18,Delantero,2,0,0,1,0,0.0,0,0,0,0,2,15
2439,Pierre Bayonne,1974,6,Defensor,3,3,0,0,0,0.0,2,0,0,0,3,15
2440,Jean Claude Desir,1974,8,Mediocampista,3,3,0,0,0,0.0,0,0,0,0,3,15
2441,Serge Ducoste,1974,5,Defensor,1,1,0,2,0,0.0,0,0,0,0,1,15
2442,Henry Francillon,1974,1,Arquero,3,3,0,0,0,0.0,0,0,0,0,3,15
2443,Guy Francois,1974,10,Mediocampista,2,2,0,1,0,0.0,0,0,0,0,2,15
2444,Ernst Jean-Joseph,1974,12,Defensor,1,1,0,2,0,0.0,0,0,0,0,1,15
2445,Gerard Joseph,1974,22,Arquero,0,0,0,3,0,0.0,0,0,0,0,0,15
2446,Fritz Leandre,1974,16,Delantero,1,0,0,2,0,0.0,1,0,0,0,1,15
2447,Joseph-Marion Leandre,1974,17,Defensor,1,0,0,2,0,0.0,0,0,0,0,1,15
2448,Wilfred Louis,1974,21,Defensor,1,1,0,2,0,0.0,0,0,0,0,1,15
2449,Wilner Nazaire,1974,14,Defensor,3,3,3,0,0,0.0,0,0,0,0,3,15
2450,Wilner Piquant,1974,2,Arquero,0,0,0,3,0,0.0,0,0,0,0,0,15
2451,Serge Racine,1974,13,Mediocampista,2,1,0,1,0,0.0,0,0,0,0,2,15
2452,Guy Saint-Vil,1974,11,Delantero,2,2,0,1,0,0.0,0,0,0,0,2,15
2453,Roger Saint-Vil,1974,15,Delantero,1,1,0,2,0,0.0,0,0,0,0,1,15
2454,Emmanuel Sanon,1974,20,Delantero,3,3,0,0,2,0.67,0,0,0,0,3,15
2455,Philippe Vorbe,1974,7,Mediocampista,3,3,0,0,0,0.0,0,0,0,0,3,15
2456,Sam Adekugbe,2022,3,Defensor,3,1,0,0,0,0.0,1,0,0,0,3,31
2457,Milan Borjan,2022,18,Arquero,3,3,1,0,0,0.0,0,0,0,0,3,31
2458,Ian Bridge,1986,6,Defensor,3,3,0,0,0,0.0,0,0,0,0,3,24
2459,Tajon Buchanan,2022,11,Delantero,3,3,0,0,0,0.0,1,0,0,0,3,31
2460,Lucas Cavallini,2022,9,Delantero,1,0,0,2,0,0.0,0,0,0,0,1,31
2461,Derek Cornelius,2022,25,Defensor,0,0,0,3,0,0.0,0,0,0,0,0,31
2462,Jonathan David,2022,20,Delantero,3,2,0,0,0,0.0,0,0,0,0,3,31
2463,Alphonso Davies,2022,19,Delantero,3,3,0,0,1,0.33,1,0,0,0,3,31
2464,Pasquale De Luca,1986,19,Mediocampista,0,0,0,3,0,0.0,0,0,0,0,0,24
2465,Paul Dolan,1986,22,Arquero,1,1,0,2,0,0.0,0,0,0,0,1,24
2466,Stephen Eustaquio,2022,7,Mediocampista,2,2,0,1,0,0.0,0,0,0,0,2,31
2467,Liam Fraser,2022,8,Mediocampista,0,0,0,3,0,0.0,0,0,0,0,0,31
2468,Gerry Gray,1986,8,Mediocampista,2,2,0,1,0,0.0,0,0,0,0,2,24
2469,Sven Habermann,1986,21,Arquero,0,0,0,3,0,0.0,0,0,0,0,0,24
2470,Junior Hoilett,2022,10,Mediocampista,3,2,0,0,0,0.0,1,0,0,0,3,31
2471,Atiba Hutchinson,2022,13,Mediocampista,3,2,2,0,0,0.0,0,0,0,0,3,31
2472,Gregory Ion,1986,16,Mediocampista,0,0,0,3,0,0.0,0,0,0,0,0,24
2473,Paul James,1986,15,Mediocampista,3,3,0,0,0,0.0,0,0,0,0,3,24
2474,Alistair Johnston,2022,2,Defensor,3,3,0,0,0,0.0,1,0,0,0,3,31
2475,Mark-Anthony Kaye,2022,14,Mediocampista,1,1,0,2,0,0.0,0,0,0,0,1,31
2476,Ismaël Koné,2022,15,Mediocampista,3,0,0,0,0,0.0,0,0,0,0,3,31
2477,Cyle Larin,2022,17,Delantero,3,2,0,0,0,0.0,0,0,0,0,3,31
2478,Richie Laryea,2022,22,Defensor,3,2,0,0,0,0.0,0,0,0,0,3,31
2479,Bob Lenarduzzi,1986,2,Defensor,3,3,0,0,0,0.0,1,0,0,0,3,24
2480,Tino Lettieri,1986,1,Arquero,2,2,0,1,0,0.0,0,0,0,0,2,24
2481,James Lowery,1986,18,Mediocampista,1,0,0,2,0,0.0,0,0,0,0,1,24
2482,Liam Millar,2022,23,Mediocampista,1,0,0,2,0,0.0,0,0,0,0,1,31
2483,Colin Miller,1986,20,Defensor,0,0,0,3,0,0.0,0,0,0,0,0,24
2484,Kamal Miller,2022,4,Defensor,3,3,0,0,0,0.0,1,0,0,0,3,31
2485,Dale Mitchell,1986,14,Delantero,1,1,0,2,0,0.0,0,0,0,0,1,24
2486,Terence Moore,1986,5,Defensor,0,0,0,3,0,0.0,0,0,0,0,0,24
2487,David Norman,1986,17,Mediocampista,3,3,0,0,0,0.0,0,0,0,0,3,24
2488,Jonathan Osorio,2022,21,Mediocampista,3,1,0,0,0,0.0,1,0,0,0,3,31
2489,George Pakos,1986,13,Mediocampista,1,0,0,2,0,0.0,0,0,0,0,1,24
2490,James Pantemis,2022,16,Arquero,0,0,0,3,0,0.0,0,0,0,0,0,31
2491,Samuel Piette,2022,6,Mediocampista,0,0,0,3,0,0.0,0,0,0,0,0,31
2492,Randy Ragan,1986,4,Mediocampista,3,3,0,0,0,0.0,0,0,0,0,3,24
2493,Randy Samuel,1986,12,Defensor,3,3,0,0,0,0.0,0,0,0,0,3,24
2494,Branko Segota,1986,9,Delantero,3,0,0,0,0,0.0,0,0,0,0,3,24
2495,Dayne St. Clair,2022,1,Arquero,0,0,0,3,0,0.0,0,0,0,0,0,31
2496,Mike Sweeney,1986,11,Mediocampista,2,1,0,1,0,0.0,1,1,0,0,2,24
2497,Ike Ugbo,2022,12,Delantero,0,0,0,3,0,0.0,0,0,0,0,0,31
2498,Carl Valentine,1986,7,Delantero,3,3,0,0,0,0.0,0,0,0,0,3,24
2499,Steven Vitoria,2022,5,Defensor,3,3,0,0,0,0.0,1,0,0,0,3,31
2500,Igor Vrablic,1986,10,Delantero,2,2,0,1,0,0.0,0,0,0,0,2,24
2501,Joel Waterman,2022,26,Defensor,0,0,0,3,0,0.0,0,0,0,0,0,31
2502,Bruce Wilson,1986,3,Defensor,3,3,3,0,0,0.0,0,0,0,0,3,24
2503,David Wotherspoon,2022,24,Mediocampista,1,0,0,2,0,0.0,0,0,0,0,1,31
2504,Wolfgang Blochwitz,1974,21,Arquero,0,0,0,6,0,0.0,0,0,0,0,0,6
2505,Bernd Bransch,1974,3,Defensor,6,6,6,0,0,0.0,0,0,2,2,2,6
2506,Juergen Croy,1974,1,Arquero,6,6,0,0,0,0.0,1,0,2,2,2,6
2507,Peter Ducke,1974,9,Delantero,3,0,0,3,0,0.0,0,0,0,2,1,6
2508,Werner Friese,1974,22,Arquero,0,0,0,6,0,0.0,0,0,0,0,0,6
2509,Joachim Fritsche,1974,5,Defensor,0,0,0,6,0,0.0,0,0,0,0,0,6
2510,Erich Hamann,1974,17,Mediocampista,2,1,0,4,0,0.0,1,0,1,0,1,6
2511,Martin Hoffmann,1974,20,Delantero,6,5,0,0,1,0.17,0,0,2,2,2,6
2512,Harald Irmscher,1974,16,Mediocampista,4,3,0,2,0,0.0,0,0,2,1,1,6
2513,Gerd Kische,1974,18,Defensor,6,6,0,0,0,0.0,2,0,2,2,2,6
2514,Hans-Juergen Kreische,1974,10,Mediocampista,3,1,0,3,0,0.0,1,0,1,1,1,6
2515,Lothar Kurbjuweit,1974,2,Defensor,4,4,0,2,0,0.0,0,0,1,1,2,6
2516,Reinhard Lauck,1974,13,Mediocampista,3,3,0,3,0,0.0,0,0,1,0,2,6
2517,Wolfram Loewe,1974,8,Delantero,4,3,0,2,0,0.0,0,0,1,1,2,6
2518,Juergen Pommerenke,1974,7,Mediocampista,3,3,0,3,0,0.0,0,0,1,1,1,6
2519,Ruediger Schnuphase,1974,6,Mediocampista,2,2,0,4,0,0.0,0,0,0,1,1,6
2520,Wolfgang Seguin,1974,19,Mediocampista,1,1,0,5,0,0.0,0,0,0,1,0,6
2521,Juergen Sparwasser,1974,14,Mediocampista,6,6,0,0,1,0.17,2,0,2,2,2,6
2522,Joachim Streich,1974,11,Delantero,4,4,0,2,2,0.5,1,0,1,2,1,6
2523,Eberhard Vogel,1974,15,Delantero,3,2,0,3,0,0.0,1,0,1,2,0,6
2524,Siegmar Waetzlich,1974,12,Defensor,4,4,0,2,0,0.0,1,0,2,1,1,6
2525,Konrad Weise,1974,4,Defensor,6,6,0,0,0,0.0,0,0,2,2,2,6
2526,Ivor Allchurch,1958,10,Delantero,5,5,0,0,2,0.4,0,0,1,3,1,5
2527,Len Allchurch,1958,21,Delantero,0,0,0,5,0,0.0,0,0,0,0,0,5
2528,Joe Allen,2022,7,Mediocampista,2,1,0,1,0,0.0,0,0,0,0,2,30
2529,Ethan Ampadu,2022,15,Defensor,3,3,0,0,0,0.0,0,0,0,1,2,30
2530,Colin Baker,1958,15,Mediocampista,1,1,0,4,0,0.0,0,0,0,1,0,5
2532,Gareth Bale,2022,11,Delantero,3,3,3,0,1,0.33,1,0,0,1,2,30
2533,Dave Bowen,1958,6,Mediocampista,5,5,5,0,0,0.0,0,0,1,3,1,5
2534,Ben Cabango,2022,24,Defensor,0,0,0,3,0,0.0,0,0,0,0,0,30
2535,John Charles,1958,9,Delantero,4,4,0,1,1,0.25,0,0,1,3,0,5
2537,Rubin Colwill,2022,25,Defensor,1,0,0,2,0,0.0,0,0,0,0,1,30
2538,Vic Crowe,1958,16,Mediocampista,0,0,0,5,0,0.0,0,0,0,0,0,5
2539,Adam Davies,2022,21,Arquero,0,0,0,3,0,0.0,0,0,0,0,0,30
2540,Ben Davies,2022,4,Defensor,3,3,0,0,0,0.0,0,0,0,1,2,30
2542,John Elsworthy,1958,20,Mediocampista,0,0,0,5,0,0.0,0,0,0,0,0,5
2543,Chris Gunter,2022,2,Defensor,0,0,0,3,0,0.0,0,0,0,0,0,30
2544,Mark Harris,2022,19,Delantero,0,0,0,3,0,0.0,0,0,0,0,0,30
2545,Wayne Heennesey,2022,1,Arquero,2,2,0,1,0,0.0,0,1,0,1,1,30
2546,Ron Hewitt,1958,8,Delantero,3,3,0,2,0,0.0,0,0,1,1,1,5
2547,Mel Hopkins,1958,3,Defensor,5,5,0,0,0,0.0,0,0,1,3,1,5
2548,Dan James,2022,20,Delantero,3,2,0,0,0,0.0,1,0,0,1,2,30
2549,Brennan Johnson,2022,9,Delantero,3,0,0,0,0,0.0,0,0,0,1,2,30
2550,Cliff Jones,1958,11,Delantero,5,5,0,0,0,0.0,0,0,1,3,1,5
2551,Ken Jones,1958,12,Arquero,0,0,0,5,0,0.0,0,0,0,0,0,5
2552,Jack Kelsey,1958,1,Arquero,5,5,0,0,0,0.0,0,0,1,3,1,5
2553,Ken Leek,1958,17,Delantero,0,0,0,5,0,0.0,0,0,0,0,0,5
2554,Dylan Levitt,2022,23,Mediocampista,0,0,0,3,0,0.0,0,0,0,0,0,30
2555,Tom Lockyer,2022,17,Defensor,0,0,0,3,0,0.0,0,0,0,0,0,30
2556,Terry Medwin,1958,7,Delantero,4,4,0,1,1,0.25,0,0,1,2,1,5
2557,Chris Mepham,2022,5,Defensor,3,3,0,0,0,0.0,1,0,0,1,2,30
2558,Kieffer Moore,2022,13,Delantero,3,2,0,0,0,0.0,0,0,0,1,2,30
2559,Joe Morrell,2022,16,Mediocampista,2,0,0,1,0,0.0,0,0,0,1,1,30
2560,Aaron Ramsey,2022,10,Mediocampista,3,3,0,0,0,0.0,1,0,0,1,2,30
2561,Connor Roberts,2022,14,Defensor,3,2,0,0,0,0.0,0,0,0,1,2,30
2562,Joe Rodon,2022,6,Defensor,3,3,0,0,0,0.0,1,0,0,1,2,30
2563,Matt Smith,2022,26,Mediocampista,0,0,0,3,0,0.0,0,0,0,0,0,30
2564,Derek Sullivan,1958,4,Defensor,4,4,0,1,0,0.0,0,0,1,2,1,5
2565,Sorba Thomas,2022,22,Mediocampista,1,0,0,2,0,0.0,0,0,0,1,0,30
2566,Graham Vearncombe,1958,13,Arquero,0,0,0,5,0,0.0,0,0,0,0,0,5
2567,Roy Vernon,1958,18,Delantero,1,1,0,4,0,0.0,0,0,0,1,0,5
2568,Danny Ward,2022,12,Arquero,2,1,0,1,0,0.0,0,0,0,0,2,30
2569,Colin Webster,1958,19,Delantero,3,3,0,2,0,0.0,0,0,0,2,1,5
2570,Jonny Williams,2022,18,Mediocampista,0,0,0,3,0,0.0,0,0,0,0,0,30
2571,Neco Williams,2022,3,Defensor,3,3,0,0,0,0.0,0,0,0,1,2,30
2572,Stuart Williams,1958,2,Defensor,5,5,0,0,0,0.0,0,0,1,3,1,5
2573,Harry Wilson,2022,8,Mediocampista,3,2,0,0,0,0.0,0,0,0,1,2,30
2574,Alekos Alexandris,1994,21,Delantero,1,1,0,2,0,0.0,0,0,0,0,1,24
2575,Alexis Alexiou,1994,22,Defensor,1,1,0,2,0,0.0,0,0,0,0,1,24
2576,Alexis Alexoudis,1994,16,Delantero,1,1,0,2,0,0.0,1,0,0,0,1,24
2577,Stratos Apostololakis,1994,2,Defensor,2,2,1,1,0,0.0,0,0,0,0,2,24
2578,Elias Atmatzidis,1994,20,Arquero,1,1,0,2,0,0.0,0,0,0,0,1,24
2579,Konstantinos Chalkias,2010,1,Arquero,0,0,0,3,0,0.0,0,0,0,0,0,25
2580,Angelos Charisteas,2010,9,Delantero,1,1,0,2,0,0.0,0,0,0,0,1,25
2581,Lazaros Christodoulopoulos,2014,16,Mediocampista,2,2,0,2,0,0.0,0,0,1,1,0,13
2582,Vasilis Dimitriadis,1994,14,Delantero,2,0,0,1,0,0.0,0,0,0,0,2,24
2583,Ioannis Fetfatzidis,2014,18,Mediocampista,2,1,0,2,0,0.0,0,0,0,1,1,13
2584,Theofanis Gekas,2010,17,Delantero,2,2,0,1,0,0.0,0,0,1,0,1,25
2584,Theofanis Gekas,2014,17,Delantero,4,1,0,0,0,0.0,0,0,1,2,1,13
2585,Panagiotis Glykos,2014,12,Arquero,1,0,0,3,0,0.0,0,0,1,0,0,13
2586,Minas Hantzidis,1994,17,Mediocampista,2,2,0,1,0,0.0,1,0,0,0,2,24
2587,José Holebas,2014,20,Defensor,4,4,0,0,0,0.0,0,0,1,2,1,13
2588,Giannis Kalitzakis,1994,5,Defensor,3,3,0,0,0,0.0,1,0,0,0,3,24
2589,Pantelis Kapetanos,2010,20,Delantero,1,0,0,2,0,0.0,0,0,0,0,1,25
2590,Stefanos Kapino,2014,13,Arquero,0,0,0,4,0,0.0,0,0,0,0,0,13
2591,Vaios Karagiannis,1994,13,Defensor,2,2,0,1,0,0.0,1,0,0,0,2,24
2592,Georgios Karagounis,2010,10,Mediocampista,3,3,3,0,0,0.0,0,0,1,0,2,25
2592,Georgios Karagounis,2014,10,Mediocampista,4,2,2,0,0,0.0,0,0,1,2,1,13
2593,Kyriakos Karataidis,1994,18,Defensor,1,1,0,2,0,0.0,0,0,0,0,1,24
2594,Christos Karkamanis,1994,15,Arquero,1,1,0,2,0,0.0,0,0,0,0,1,24
2595,Orestis Karnezis,2014,1,Arquero,4,4,0,0,0,0.0,0,0,1,2,1,13
2596,Konstantinos Katsouranis,2010,21,Mediocampista,3,3,0,0,0,0.0,1,0,1,0,2,25
2596,Konstantinos Katsouranis,2014,21,Mediocampista,3,2,2,1,0,0.0,0,1,0,2,1,13
2597,Savvas Kofidis,1994,19,Mediocampista,3,3,0,0,0,0.0,0,0,0,0,3,24
2598,Thanasis Kolitsidakis,1994,3,Defensor,1,1,0,2,0,0.0,0,0,0,0,1,24
2599,Panagiotis Kone,2014,8,Mediocampista,3,3,0,1,0,0.0,0,0,1,1,1,13
2600,Sotirios Kyrgiakos,2010,16,Defensor,2,2,0,1,0,0.0,0,0,1,0,1,25
2601,Nikos Machlas,1994,9,Delantero,3,3,0,0,0,0.0,0,0,0,0,3,24
2602,Stelios Malezas,2010,22,Defensor,0,0,0,3,0,0.0,0,0,0,0,0,25
2603,Giannis Maniatis,2014,2,Mediocampista,4,4,0,0,0,0.0,0,0,1,2,1,13
2604,Kostas Manolas,2014,4,Defensor,4,4,0,0,0,0.0,1,0,1,2,1,13
2605,Stelios Manolas,1994,4,Defensor,1,1,0,2,0,0.0,1,0,0,0,1,24
2606,Spiros Marangos,1994,12,Mediocampista,2,1,0,1,0,0.0,0,0,0,0,2,24
2607,Antonis Minou,1994,1,Arquero,1,1,0,2,0,0.0,0,0,0,0,1,24
2608,Kostas Mitroglou,2014,9,Delantero,3,1,0,1,0,0.0,0,0,0,2,1,13
2609,Tassos Mitropoulos,1994,10,Mediocampista,3,1,1,0,0,0.0,2,0,0,0,3,24
2610,Vangelis Moras,2010,5,Defensor,1,1,0,2,0,0.0,0,0,0,0,1,25
2610,Vangelis Moras,2014,5,Defensor,0,0,0,4,0,0.0,0,0,0,0,0,13
2611,Sotiris Ninis,2010,18,Mediocampista,2,0,0,1,0,0.0,0,0,1,0,1,25
2612,Nikos Nioplias,1994,8,Mediocampista,3,3,0,0,0,0.0,0,0,0,0,3,24
2613,Avraam Papadopoulos,2010,8,Defensor,3,3,0,0,0,0.0,0,0,1,0,2,25
2614,Sokratis Papastathopoulos,2010,19,Defensor,2,2,0,1,0,0.0,1,0,1,0,1,25
2614,Sokratis Papastathopoulos,2014,19,Defensor,4,4,0,0,1,0.25,1,0,1,2,1,13
2615,Christos Patsatzoglou,2010,3,Defensor,2,0,0,1,0,0.0,0,0,0,0,2,25
2616,Athanasios Prittas,2010,23,Mediocampista,0,0,0,3,0,0.0,0,0,0,0,0,25
2617,Dimitrios Salpingidis,2010,14,Delantero,2,1,0,1,1,0.5,0,0,1,0,1,25
2617,Dimitrios Salpingidis,2014,14,Delantero,4,3,0,0,0,0.0,1,0,1,2,1,13
2618,Georgios Samaras,2010,7,Delantero,3,2,0,0,0,0.0,1,0,1,0,2,25
2618,Georgios Samaras,2014,7,Delantero,4,4,0,0,1,0.25,1,0,1,2,1,13
2619,Andreas Samaris,2014,22,Mediocampista,2,1,0,2,1,0.5,1,0,1,1,0,13
2620,Dimitrios Saravakos,1994,7,Delantero,1,1,1,2,0,0.0,0,0,0,0,1,24
2621,Giourkas Seitaridis,2010,2,Defensor,1,1,0,2,0,0.0,0,0,0,0,1,25
2622,Michail Sifakis,2010,13,Arquero,0,0,0,3,0,0.0,0,0,0,0,0,25
2623,Nikos Spiropoulos,2010,4,Defensor,1,0,0,2,0,0.0,0,0,0,0,1,25
2624,Panagiotis Tachtsidis,2014,23,Mediocampista,0,0,0,4,0,0.0,0,0,0,0,0,13
2625,Vasileios Torosidis,2010,15,Defensor,3,3,0,0,1,0.33,1,0,1,0,2,25
2625,Vasileios Torosidis,2014,15,Defensor,4,4,0,0,0,0.0,1,0,1,2,1,13
2626,Giotis Tsalouchidis,1994,6,Mediocampista,2,2,0,1,0,0.0,1,0,0,0,2,24
2627,Nikos Tsiantakis,1994,11,Mediocampista,2,1,0,1,0,0.0,0,0,0,0,2,24
2628,Giorgios Tzavellas,2014,3,Defensor,0,0,0,4,0,0.0,0,0,0,0,0,13
2629,Alexandros Tziolis,2010,6,Mediocampista,3,3,0,0,0,0.0,1,0,1,0,2,25
2629,Alexandros Tziolis,2014,6,Mediocampista,0,0,0,4,0,0.0,0,0,0,0,0,13
2630,Alexandros Tzorvas,2010,12,Arquero,3,3,0,0,0,0.0,0,0,1,0,2,25
2631,Loukas Vyntra,2010,11,Defensor,3,3,0,0,0,0.0,0,0,1,0,2,25
2631,Loukas Vyntra,2014,11,Defensor,0,0,0,4,0,0.0,0,0,0,0,0,13
2632,German Aceros,1962,13,Delantero,3,3,0,0,1,0.33,0,0,0,1,2,14
2633,Abel Aguilar,2014,8,Mediocampista,3,3,0,2,0,0.0,0,0,3,0,0,5
2633,Abel Aguilar,2018,8,Mediocampista,1,1,0,3,0,0.0,0,0,1,0,0,9
2634,Leonel Alvarez,1990,14,Mediocampista,4,4,0,0,0,0.0,1,0,1,1,2,14
2634,Leonel Alvarez,1994,14,Mediocampista,3,3,0,0,0,0.0,2,0,1,0,2,19
2635,Eder Alvarez Balanta,2014,16,Defensor,1,1,0,4,0,0.0,0,0,1,0,0,5
2636,Anibal Alzate,1962,4,Defensor,2,2,0,1,0,0.0,0,0,0,1,1,14
2637,Carlos Aponte,1962,7,Defensor,0,0,0,3,0,0.0,0,0,0,0,0,14
2638,Jairo Arias,1962,22,Delantero,1,1,0,2,0,0.0,0,0,0,0,1,14
2639,Santiago Arias,2014,4,Defensor,3,1,0,2,0,0.0,0,0,3,0,0,5
2639,Santiago Arias,2018,4,Defensor,4,4,0,0,0,0.0,1,0,2,1,1,9
2640,Victor Aristizabal,1994,16,Delantero,0,0,0,3,0,0.0,0,0,0,0,0,19
2640,Victor Aristizabal,1998,15,Delantero,3,1,0,0,0,0.0,1,0,1,0,2,21
2641,Pablo Armero,2014,7,Defensor,5,5,0,0,1,0.2,1,0,4,0,1,5
2642,Faustino Asprilla,1994,21,Delantero,3,3,0,0,0,0.0,0,0,1,0,2,19
2642,Faustino Asprilla,1998,11,Delantero,1,1,0,2,0,0.0,0,0,0,0,1,21
2643,Carlos Bacca,2014,17,Delantero,1,0,0,4,0,0.0,0,0,0,0,1,5
2643,Carlos Bacca,2018,7,Delantero,3,0,0,1,0,0.0,1,0,1,1,1,9
2644,Wílmar Barrios,2018,5,Mediocampista,3,2,0,1,0,0.0,2,0,1,1,1,9
2645,Jorge Bermudez,1998,5,Defensor,3,3,0,0,0,0.0,1,0,1,0,2,21
2646,Jorge Bolano,1998,14,Mediocampista,1,0,0,2,0,0.0,0,0,1,0,0,21
2647,Miguel Borja,2018,19,Delantero,1,0,0,3,0,0.0,0,0,1,0,0,9
2648,Wilmer Cabrera,1990,18,Mediocampista,0,0,0,4,0,0.0,0,0,0,0,0,14
2648,Wilmer Cabrera,1998,13,Defensor,3,3,0,0,0,0.0,0,0,1,0,2,21
2649,Miguel Calero,1998,12,Arquero,0,0,0,3,0,0.0,0,0,0,0,0,21
2650,Ignacio Calle,1962,6,Defensor,0,0,0,3,0,0.0,0,0,0,0,0,14
2651,Carlos Carbonero,2014,5,Mediocampista,1,0,0,4,0,0.0,0,0,1,0,0,5
2652,Geovanis Cassiani,1990,17,Defensor,0,0,0,4,0,0.0,0,0,0,0,0,14
2653,Marcos Coll,1962,15,Mediocampista,3,3,0,0,1,0.33,0,0,0,1,2,14
2654,Ivan Cordoba,1998,2,Defensor,0,0,0,3,0,0.0,0,0,0,0,0,21
2655,Oscar Cordoba,1994,1,Arquero,3,3,0,0,0,0.0,0,0,1,0,2,19
2655,Oscar Cordoba,1998,1,Arquero,0,0,0,3,0,0.0,0,0,0,0,0,21
2656,Oscar Cortes,1994,18,Defensor,0,0,0,3,0,0.0,0,0,0,0,0,19
2657,José Fernando Cuadrado,2018,22,Arquero,0,0,0,4,0,0.0,0,0,0,0,0,9
2658,Juan Guillermo Cuadrado,2014,11,Mediocampista,5,5,0,0,1,0.2,0,0,4,0,1,5
2658,Juan Guillermo Cuadrado,2018,11,Mediocampista,4,4,0,0,1,0.25,1,0,2,1,1,9
2659,Anthony De Avila,1994,7,Delantero,2,1,0,1,0,0.0,1,0,1,0,1,19
2659,Anthony De Avila,1998,7,Delantero,2,2,0,1,0,0.0,0,0,1,0,1,21
2660,Farid Díaz,2018,18,Defensor,0,0,0,4,0,0.0,0,0,0,0,0,9
2661,Hector Echeverri,1962,8,Defensor,3,3,0,0,0,0.0,0,0,0,1,2,14
2662,Andres Escobar,1990,2,Defensor,4,4,0,0,0,0.0,0,0,1,1,2,14
2662,Andres Escobar,1994,2,Defensor,3,3,0,0,0,0.0,0,0,1,0,2,19
2663,Eusebio Escobar,1962,18,Delantero,0,0,0,3,0,0.0,0,0,0,0,0,14
2664,Andres Estrada,1998,17,Mediocampista,0,0,0,3,0,0.0,0,0,0,0,0,21
2665,Carlos Estrada,1990,7,Delantero,4,2,0,0,0,0.0,0,0,1,1,2,14
2666,Luis Fajardo,1990,20,Mediocampista,2,2,0,2,0,0.0,0,0,0,1,1,14
2667,Radamel Falcao,2018,9,Delantero,4,4,4,0,1,0.25,1,0,2,1,1,9
2668,Delio Gamboa,1962,19,Delantero,1,1,0,2,0,0.0,0,0,0,0,1,14
2669,Herman Gaviria,1994,5,Mediocampista,2,2,0,1,1,0.5,1,0,1,0,1,19
2670,Gabriel Gomez,1990,8,Mediocampista,4,4,0,0,0,0.0,2,0,1,1,2,14
2670,Gabriel Gomez,1994,6,Mediocampista,1,1,0,2,0,0.0,0,0,0,0,1,19
2671,Gildardo Gomez,1990,3,Defensor,4,4,0,0,0,0.0,0,0,1,1,2,14
2672,Hector Gonzales,1962,21,Delantero,2,2,0,1,0,0.0,0,0,0,1,1,14
2673,Jaime Gonzales,1962,5,Defensor,3,3,0,0,0,0.0,0,0,0,1,2,14
2674,Fredy Guarín,2014,13,Mediocampista,3,2,0,2,0,0.0,1,0,2,0,1,5
2675,Miguel Guerrero,1990,9,Delantero,0,0,0,4,0,0.0,0,0,0,0,0,14
2676,Teófilo Gutiérrez,2014,9,Delantero,4,4,0,1,1,0.25,0,0,3,0,1,5
2677,Ruben Hernandez,1990,22,Delantero,1,0,0,3,0,0.0,0,0,0,0,1,14
2678,Luis Herrera,1990,4,Defensor,4,4,0,0,0,0.0,1,0,1,1,2,14
2678,Luis Herrera,1994,4,Defensor,3,3,0,0,0,0.0,1,0,1,0,2,19
2679,Rene Higuita,1990,1,Arquero,4,4,0,0,0,0.0,0,0,1,1,2,14
2680,Carlos Hoyos,1990,13,Defensor,0,0,0,4,0,0.0,0,0,0,0,0,14
2681,Víctor Ibarbo,2014,14,Mediocampista,3,3,0,2,0,0.0,0,0,2,0,1,5
2682,Arnoldo Iguaran,1990,16,Delantero,3,2,0,1,0,0.0,0,0,1,0,2,14
2683,José Izquierdo,2018,21,Delantero,1,1,0,3,0,0.0,0,0,0,0,1,9
2684,Marino Klinger,1962,17,Delantero,3,3,0,0,1,0.33,0,0,0,1,2,14
2685,Jefferson Lerma,2018,16,Mediocampista,4,2,0,0,0,0.0,0,0,2,1,1,9
2686,Oscar Lopez,1962,11,Defensor,3,3,0,0,0,0.0,0,0,0,1,2,14
2687,John Lozano,1994,8,Mediocampista,1,0,0,2,1,1.0,0,0,1,0,0,19
2687,John Lozano,1998,8,Mediocampista,3,3,0,0,0,0.0,0,0,1,0,2,21
2688,Jackson Martinez,2014,21,Delantero,3,2,0,2,2,0.67,0,0,3,0,0,5
2689,Alexander Mejía,2014,15,Mediocampista,4,1,0,1,0,0.0,0,0,4,0,0,5
2690,Alexis Mendoza,1990,21,Defensor,0,0,0,4,0,0.0,0,0,0,0,0,14
2690,Alexis Mendoza,1994,3,Defensor,1,1,0,2,0,0.0,0,0,1,0,0,19
2691,Yerry Mina,2018,13,Defensor,3,3,0,1,3,1.0,0,0,2,1,0,9
2692,Johan Mojica,2018,17,Defensor,4,4,0,0,0,0.0,1,0,2,1,1,9
2693,Farid Mondragon,1994,12,Arquero,0,0,0,3,0,0.0,0,0,0,0,0,19
2693,Farid Mondragon,1998,22,Arquero,3,3,0,0,0,0.0,0,0,1,0,2,21
2693,Farid Mondragon,2014,22,Arquero,1,0,0,4,0,0.0,0,0,1,0,0,5
2694,Antonio Moreno,1998,16,Defensor,1,1,0,2,0,0.0,0,0,0,0,1,21
2695,Luis Muriel,2018,14,Delantero,2,0,0,2,0,0.0,0,0,1,1,0,9
2696,Óscar Murillo,2018,3,Defensor,1,1,0,3,0,0.0,0,0,0,0,1,9
2697,Eduardo Nino,1990,12,Arquero,0,0,0,4,0,0.0,0,0,0,0,0,14
2698,Nestor Ortiz,1994,13,Defensor,0,0,0,3,0,0.0,0,0,0,0,0,19
2699,David Ospina,2014,1,Arquero,5,5,1,0,0,0.0,0,0,4,0,1,5
2699,David Ospina,2018,1,Arquero,4,4,0,0,0,0.0,0,0,2,1,1,9
2700,Ever Palacios,1998,3,Defensor,3,3,0,0,0,0.0,0,0,1,0,2,21
2701,Luis Paz,1962,14,Delantero,0,0,0,3,0,0.0,0,0,0,0,0,14
2702,Jose Pazo,1994,22,Arquero,0,0,0,3,0,0.0,0,0,0,0,0,19
2703,Luis Carlos Perea,1990,15,Defensor,4,4,0,0,0,0.0,1,0,1,1,2,14
2703,Luis Carlos Perea,1994,15,Defensor,2,2,0,1,0,0.0,0,0,0,0,2,19
2704,Ignacio Perez,1962,16,Delantero,0,0,0,3,0,0.0,0,0,0,0,0,14
2705,John Perez,1998,18,Mediocampista,0,0,0,3,0,0.0,0,0,0,0,0,21
2706,Jose Perez,1990,6,Mediocampista,0,0,0,4,0,0.0,0,0,0,0,0,14
2707,Wilson Perez,1994,20,Defensor,3,3,0,0,0,0.0,0,0,1,0,2,19
2708,Leider Preciado,1998,21,Delantero,3,1,0,0,1,0.33,0,0,1,0,2,21
2709,Juan Quintero,2014,20,Mediocampista,3,1,0,2,1,0.33,0,0,2,0,1,5
2709,Juan Quintero,2018,20,Mediocampista,4,4,0,0,1,0.25,0,0,2,1,1,9
2710,Antonio Rada,1962,20,Delantero,2,2,0,1,1,0.5,0,0,0,1,1,14
2711,Adrián Ramos,2014,19,Delantero,3,1,0,2,0,0.0,0,0,2,0,1,5
2712,Bernardo Redin,1990,11,Mediocampista,3,2,0,1,2,0.67,0,0,1,0,2,14
2713,Hamilton Ricard,1998,20,Delantero,1,0,0,2,0,0.0,0,0,0,0,1,21
2714,Freddy Rincon,1990,19,Delantero,4,4,0,0,1,0.25,0,0,1,1,2,14
2714,Freddy Rincon,1994,19,Mediocampista,3,3,0,0,0,0.0,0,0,1,0,2,19
2714,Freddy Rincon,1998,19,Mediocampista,3,3,0,0,0,0.0,0,0,1,0,2,21
2715,James Rodríguez,2014,10,Mediocampista,5,4,0,0,6,1.2,1,0,4,0,1,5
2715,James Rodríguez,2018,10,Mediocampista,3,2,0,1,0,0.0,1,0,2,0,1,9
2717,Dávinson Sánchez,2018,23,Defensor,4,4,0,0,0,0.0,0,0,2,1,1,9
2718,Efrain Sanchez,1962,1,Arquero,3,3,2,0,0,0.0,0,0,0,1,2,14
2719,Jose Santa,1998,4,Defensor,2,2,0,1,0,0.0,2,0,1,0,1,21
2720,Mauricio Serna,1994,17,Mediocampista,0,0,0,3,0,0.0,0,0,0,0,0,19
2720,Mauricio Serna,1998,6,Mediocampista,3,3,0,0,0,0.0,1,0,1,0,2,21
2721,Rolando Serrano,1962,10,Mediocampista,2,2,0,1,0,0.0,0,0,0,1,1,14
2722,Jaime Silva,1962,9,Mediocampista,1,1,0,2,0,0.0,0,0,0,0,1,14
2723,Hernando Tovar,1962,12,Mediocampista,0,0,0,3,0,0.0,0,0,0,0,0,14
2724,Mateus Uribe,2018,15,Mediocampista,3,1,0,1,0,0.0,0,0,2,1,0,9
2725,Carlos Valderrama,1990,10,Mediocampista,4,4,4,0,1,0.25,0,0,1,1,2,14
2725,Carlos Valderrama,1994,10,Mediocampista,3,3,3,0,0,0.0,2,0,1,0,2,19
2725,Carlos Valderrama,1998,10,Mediocampista,3,3,3,0,0,0.0,0,0,1,0,2,21
2726,Carlos Valdés,2014,23,Defensor,1,1,0,4,0,0.0,0,0,1,0,0,5
2727,Adolfo Valencia,1994,11,Delantero,3,2,0,0,2,0.67,0,0,1,0,2,19
2727,Adolfo Valencia,1998,9,Delantero,3,1,0,0,0,0.0,0,0,1,0,2,21
2728,Ivan Valenciano,1994,9,Delantero,1,0,0,2,0,0.0,0,0,0,0,1,19
2729,Camilo Vargas,2014,12,Arquero,0,0,0,5,0,0.0,0,0,0,0,0,5
2729,Camilo Vargas,2018,12,Arquero,0,0,0,4,0,0.0,0,0,0,0,0,9
2730,Leon Villa,1990,5,Defensor,0,0,0,4,0,0.0,0,0,0,0,0,14
2731,Adelmo Vivas,1962,2,Arquero,0,0,0,3,0,0.0,0,0,0,0,0,14
2732,Mario Yepes,2014,3,Defensor,4,4,4,1,0,0.0,1,0,3,0,1,5
2733,Cristian Zapata,2014,2,Defensor,4,4,0,1,0,0.0,0,0,3,0,1,5
2733,Cristian Zapata,2018,2,Defensor,1,0,0,3,0,0.0,0,0,0,1,0,9
2734,Francisco Zuluaga,1962,3,Defensor,1,1,1,2,1,1.0,0,0,0,0,1,14
2735,Juan Zuñiga,2014,18,Defensor,4,4,0,1,0,0.0,0,0,3,0,1,5
2736,Brenden Aaronson,2022,11,Delantero,4,0,0,0,0,0.0,0,0,1,2,1,14
2737,Kellyn Acosta,2022,23,Mediocampista,2,0,0,2,0,0.0,1,0,1,1,0,14
2738,Tyler Adams,2022,4,Mediocampista,4,4,4,0,0,0.0,1,0,1,2,1,14
2739,Jeff Agoos,1998,12,Defensor,0,0,0,3,0,0.0,0,0,0,0,0,32
2739,Jeff Agoos,2002,12,Defensor,3,3,0,2,0,0.0,1,0,1,1,1,8
2740,Chris Albright,2006,2,Defensor,0,0,0,3,0,0.0,0,0,0,0,0,25
2741,Jozy Altidore,2010,17,Delantero,4,4,0,0,0,0.0,1,0,1,2,1,12
2741,Jozy Altidore,2014,17,Delantero,1,1,0,3,0,0.0,0,0,1,0,0,15
2742,Tom Amrhein,1934,-,Mediocampista,0,0,0,1,0,0.0,0,0,0,0,0,16
2743,Bob Annis,1950,-,Defensor,0,0,0,3,0,0.0,0,0,0,0,0,10
2744,Desmond Armstrong,1990,15,Defensor,3,3,0,0,0,0.0,0,0,0,0,3,23
2745,Andrew Auld,1930,-,Delantero,3,3,0,0,0,0.0,0,0,2,0,1,3
2746,Walter Bahr,1950,-,Mediocampista,3,3,1,0,0,0.0,0,0,1,0,2,10
2747,Marcelo Balboa,1990,17,Defensor,3,2,0,0,0,0.0,0,0,0,0,3,23
2747,Marcelo Balboa,1994,17,Defensor,4,4,0,0,0,0.0,0,0,1,1,2,14
2747,Marcelo Balboa,1998,17,Defensor,1,0,0,2,0,0.0,0,0,0,0,1,32
2748,Jimmy Banks,1990,4,Defensor,2,2,0,1,0,0.0,2,0,0,0,2,23
2749,DaMarcus Beasley,2002,17,Mediocampista,3,2,0,2,0,0.0,1,0,1,1,1,8
2749,DaMarcus Beasley,2006,17,Mediocampista,3,2,0,0,0,0.0,0,0,0,1,2,25
2749,DaMarcus Beasley,2010,7,Mediocampista,1,0,0,3,0,0.0,1,0,1,0,0,12
2749,DaMarcus Beasley,2014,7,Defensor,4,4,0,0,0,0.0,0,0,1,1,2,15
2750,Kyle Beckerman,2014,15,Mediocampista,3,3,0,1,0,0.0,1,0,1,1,1,15
2751,Alejandro Bedoya,2014,11,Mediocampista,4,3,0,0,0,0.0,0,0,1,1,2,15
2752,Gregg Berhalter,2002,3,Defensor,2,2,0,3,0,0.0,2,0,1,0,1,8
2752,Gregg Berhalter,2006,12,Defensor,0,0,0,3,0,0.0,0,0,0,0,0,25
2753,Matt Besler,2014,5,Defensor,4,4,0,0,0,0.0,0,0,1,1,2,15
2754,Brian Bliss,1990,8,Mediocampista,1,0,0,2,0,0.0,0,0,0,0,1,23
2755,Carlos Bocanegra,2006,3,Defensor,2,2,0,1,0,0.0,0,0,0,1,1,25
2755,Carlos Bocanegra,2010,3,Defensor,4,4,4,0,0,0.0,1,0,1,2,1,12
2756,Mike Bookie,1930,-,Mediocampista,0,0,0,3,0,0.0,0,0,0,0,0,3
2757,Frank Borghi,1950,-,Arquero,3,3,0,0,0,0.0,0,0,1,0,2,10
2758,Jonathan Bornstein,2010,12,Defensor,2,2,0,2,0,0.0,0,0,1,0,1,12
2759,Michael Bradley,2010,4,Mediocampista,4,4,0,0,1,0.25,0,0,1,2,1,12
2759,Michael Bradley,2014,4,Mediocampista,4,4,0,0,0,0.0,0,0,1,1,2,15
2760,John Anthony Brooks,2014,6,Defensor,1,0,0,3,1,1.0,0,0,1,0,0,15
2761,Jim Brown,1930,-,Delantero,3,3,0,0,1,0.33,0,0,2,0,1,3
2762,Edson Buddle,2010,14,Delantero,2,0,0,2,0,0.0,0,0,1,1,0,12
2763,Mike Burns,1994,3,Defensor,0,0,0,4,0,0.0,0,0,0,0,0,14
2763,Mike Burns,1998,4,Defensor,2,2,0,1,0,0.0,0,0,0,0,2,32
2764,Paul Caligiuri,1990,20,Defensor,3,3,0,0,1,0.33,1,0,0,0,3,23
2764,Paul Caligiuri,1994,20,Defensor,4,4,0,0,0,0.0,1,0,1,1,2,14
2765,Geoff Cameron,2014,20,Defensor,3,3,0,1,0,0.0,1,0,1,1,1,15
2766,Cameron Carter-Vickers,2022,20,Defensor,1,1,0,3,0,0.0,0,0,1,0,0,14
2767,Timothy Chandler,2014,21,Defensor,0,0,0,4,0,0.0,0,0,0,0,0,15
2768,Steve Cherundolo,2002,14,Defensor,0,0,0,5,0,0.0,0,0,0,0,0,8
2768,Steve Cherundolo,2006,6,Defensor,3,3,0,0,0,0.0,0,0,0,1,2,25
2768,Steve Cherundolo,2010,6,Defensor,4,4,0,0,0,0.0,2,0,1,2,1,12
2769,Brian Ching,2006,11,Delantero,0,0,0,3,0,0.0,0,0,0,0,0,25
2770,Ricardo Clark,2010,13,Mediocampista,2,2,0,2,0,0.0,1,0,0,1,1,12
2771,Fernando Clavijo,1994,21,Defensor,3,3,0,1,0,0.0,1,1,1,0,2,14
2772,Charlie Colombo,1950,-,Mediocampista,3,3,0,0,0,0.0,0,0,1,0,2,10
2773,Jimmy Conrad,2006,13,Defensor,2,1,0,1,0,0.0,0,0,0,1,1,25
2774,Bobby Convey,2006,15,Mediocampista,3,2,0,0,0,0.0,0,0,0,1,2,25
2775,Geoff Coombes,1950,-,Defensor,0,0,0,3,0,0.0,0,0,0,0,0,10
2776,Neil Covone,1990,21,Mediocampista,0,0,0,3,0,0.0,0,0,0,0,0,23
2777,Bob Craddock,1950,-,Delantero,0,0,0,3,0,0.0,0,0,0,0,0,10
2778,Ed Czerkiewicz,1934,-,Defensor,1,1,0,0,0,0.0,0,0,0,0,1,16
2779,Brad Davis,2014,14,Mediocampista,1,1,0,3,0,0.0,0,0,0,0,1,15
2780,Luca de la Torre,2022,14,Mediocampista,0,0,0,4,0,0.0,0,0,0,0,0,14
2781,Chad Deering,1998,15,Mediocampista,1,1,0,2,0,0.0,0,0,0,0,1,32
2782,Jay Demerit,2010,15,Defensor,4,4,0,0,0,0.0,1,0,1,2,1,12
2783,Clint Dempsey,2006,8,Mediocampista,2,2,0,1,1,0.5,0,0,0,1,1,25
2783,Clint Dempsey,2010,8,Mediocampista,4,4,0,0,1,0.25,0,0,1,2,1,12
2783,Clint Dempsey,2014,8,Delantero,4,4,4,0,2,0.5,0,0,1,1,2,15
2784,Sergiño Dest,2022,2,Defensor,4,4,0,0,0,0.0,1,0,1,2,1,14
2785,Nick Di Orio,1950,-,Delantero,0,0,0,3,0,0.0,0,0,0,0,0,10
2786,Walter Dick,1934,-,Delantero,1,1,0,0,0,0.0,0,0,0,0,1,16
2787,Mix Diskerud,2014,10,Mediocampista,0,0,0,4,0,0.0,0,0,0,0,0,15
2788,Aldo Donelli,1934,-,Delantero,1,1,0,0,1,1.0,0,0,0,0,1,16
2789,Landon Donovan,2002,21,Mediocampista,5,5,0,0,2,0.4,0,0,2,1,2,8
2789,Landon Donovan,2006,21,Mediocampista,3,3,0,0,0,0.0,0,0,0,1,2,25
2789,Landon Donovan,2010,10,Mediocampista,4,4,0,0,3,0.75,0,0,1,2,1,12
2790,Thomas Dooley,1994,5,Defensor,4,4,0,0,0,0.0,1,0,1,1,2,14
2790,Thomas Dooley,1998,5,Defensor,3,3,3,0,0,0.0,0,0,0,0,3,32
2791,Jimmy Douglas,1930,-,Arquero,3,3,0,0,0,0.0,0,0,2,0,1,3
2792,John Doyle,1990,3,Defensor,2,2,0,1,0,0.0,0,0,0,0,2,23
2793,Maurice Edu,2010,19,Mediocampista,3,1,0,1,0,0.0,0,0,1,1,1,12
2794,Eric Eichmann,1990,13,Delantero,0,0,0,3,0,0.0,0,0,0,0,0,23
2795,Benny Feilhaber,2010,22,Mediocampista,3,0,0,1,0,0.0,0,0,1,1,1,12
2796,Jesus Ferreira,2022,9,Delantero,1,1,0,3,0,0.0,0,0,0,0,1,14
2797,Bill Fiedler,1934,-,Mediocampista,0,0,0,1,0,0.0,0,0,0,0,0,16
2798,Robbie Findley,2010,20,Delantero,3,3,0,1,0,0.0,2,0,0,2,1,12
2799,Tom Florie,1930,-,Delantero,3,3,3,0,1,0.33,0,0,2,0,1,3
2799,Tom Florie,1934,-,Delantero,1,1,0,0,0,0.0,0,0,0,0,1,16
2800,Brad Friedel,1994,18,Arquero,0,0,0,4,0,0.0,0,0,0,0,0,14
2800,Brad Friedel,1998,1,Arquero,1,1,0,2,0,0.0,0,0,0,0,1,32
2800,Brad Friedel,2002,1,Arquero,5,5,0,0,0,0.0,1,0,2,1,2,8
2801,Joe Gaetjens,1950,-,Delantero,3,3,0,0,1,0.33,0,0,1,0,2,10
2802,Jimmy Gallagher,1930,-,Mediocampista,3,3,0,0,0,0.0,0,0,2,0,1,3
2802,Jimmy Gallagher,1934,-,Mediocampista,0,0,0,1,0,0.0,0,0,0,0,0,16
2803,Gino Gardassanich,1950,-,Arquero,0,0,0,3,0,0.0,0,0,0,0,0,10
2804,Jim Gentle,1930,-,Delantero,0,0,0,3,0,0.0,0,0,0,0,0,3
2805,Herculez Gomez,2010,9,Delantero,3,1,0,1,0,0.0,0,0,1,1,1,12
2806,Billy Gonsalves,1930,-,Delantero,3,3,0,0,0,0.0,0,0,2,0,1,3
2806,Billy Gonsalves,1934,-,Delantero,1,1,0,0,0,0.0,0,0,0,0,1,16
2807,Omar González,2014,3,Defensor,3,2,0,1,0,0.0,1,0,0,1,2,15
2808,Clarence Goodson,2010,21,Defensor,0,0,0,4,0,0.0,0,0,0,0,0,12
2809,Julian Green,2014,16,Mediocampista,1,0,0,3,1,1.0,0,0,0,0,1,15
2810,Brad Guzan,2010,18,Arquero,0,0,0,4,0,0.0,0,0,0,0,0,12
2810,Brad Guzan,2014,12,Arquero,0,0,0,4,0,0.0,0,0,0,0,0,15
2811,Marcus Hahnemann,2006,19,Arquero,0,0,0,3,0,0.0,0,0,0,0,0,25
2811,Marcus Hahnemann,2010,23,Arquero,0,0,0,4,0,0.0,0,0,0,0,0,12
2812,Al Harker,1934,-,Defensor,0,0,0,1,0,0.0,0,0,0,0,0,16
2813,John Harkes,1990,6,Mediocampista,3,3,0,0,0,0.0,0,0,0,0,3,23
2813,John Harkes,1994,6,Mediocampista,3,3,0,1,0,0.0,2,0,1,1,1,14
2814,Frankie Hejduk,1998,2,Mediocampista,3,2,0,0,0,0.0,1,0,0,0,3,32
2814,Frankie Hejduk,2002,2,Defensor,4,4,0,1,0,0.0,2,0,1,1,2,8
2815,Chris Henderson,1990,19,Mediocampista,0,0,0,3,0,0.0,0,0,0,0,0,23
2816,Julius Hjulian,1934,-,Arquero,1,1,0,0,0,0.0,0,0,0,0,1,16
2817,Stuart Holden,2010,11,Mediocampista,1,0,0,3,0,0.0,0,0,0,1,0,12
2818,Ethan Horvath,2022,12,Arquero,0,0,0,4,0,0.0,0,0,0,0,0,14
2819,Tim Howard,2006,1,Arquero,0,0,0,3,0,0.0,0,0,0,0,0,25
2819,Tim Howard,2010,1,Arquero,4,4,0,0,0,0.0,0,0,1,2,1,12
2819,Tim Howard,2014,1,Arquero,4,4,0,0,0,0.0,0,0,1,1,2,15
2820,Aron Jóhannsson,2014,9,Delantero,1,0,0,3,0,0.0,0,0,1,0,0,15
2821,Eddie Johnson,2006,9,Delantero,2,0,0,1,0,0.0,0,0,0,0,2,25
2822,Fabian Johnson,2014,23,Defensor,4,4,0,0,0,0.0,0,0,1,1,2,15
2824,Cobi Jones,1994,13,Mediocampista,4,1,0,0,0,0.0,0,0,1,1,2,14
2824,Cobi Jones,1998,13,Mediocampista,3,3,0,0,0,0.0,0,0,0,0,3,32
2824,Cobi Jones,2002,13,Mediocampista,4,0,0,1,0,0.0,0,0,2,0,2,8
2825,Jermaine Jones,2014,13,Mediocampista,4,4,0,0,1,0.25,1,0,1,1,2,15
2826,Kasey Keller,1990,18,Arquero,0,0,0,3,0,0.0,0,0,0,0,0,23
2826,Kasey Keller,1998,18,Arquero,2,2,0,1,0,0.0,0,0,0,0,2,32
2826,Kasey Keller,2002,18,Arquero,0,0,0,5,0,0.0,0,0,0,0,0,8
2826,Kasey Keller,2006,18,Arquero,3,3,0,0,0,0.0,0,0,0,1,2,25
2827,Harry Keough,1950,-,Defensor,3,3,1,0,0,0.0,0,0,1,0,2,10
2828,Frank Klopas,1994,14,Delantero,0,0,0,4,0,0.0,0,0,0,0,0,14
2829,Cle Kooiman,1994,4,Defensor,1,1,0,3,0,0.0,0,0,0,1,0,14
2830,Paul Krumpe,1990,12,Defensor,0,0,0,3,0,0.0,0,0,0,0,0,23
2831,Alexi Lalas,1994,22,Defensor,4,4,0,0,0,0.0,1,0,1,1,2,14
2831,Alexi Lalas,1998,22,Defensor,0,0,0,3,0,0.0,0,0,0,0,0,32
2832,Michael Lapper,1994,2,Defensor,0,0,0,4,0,0.0,0,0,0,0,0,14
2833,Bill Lehmann,1934,-,Mediocampista,0,0,0,1,0,0.0,0,0,0,0,0,16
2834,Eddie Lewis,2002,7,Mediocampista,3,2,0,2,0,0.0,1,0,1,1,1,8
2834,Eddie Lewis,2006,7,Defensor,2,2,0,1,0,0.0,1,0,0,0,2,25
2835,Carlos Llamosa,2002,16,Defensor,2,0,0,3,0,0.0,0,0,2,0,0,8
2836,Aaron Long,2022,15,Defensor,0,0,0,4,0,0.0,0,0,0,0,0,14
2837,Tom Lynch,1934,-,Mediocampista,0,0,0,1,0,0.0,0,0,0,0,0,16
2838,Joe Maca,1950,-,Defensor,3,3,0,0,1,0.33,0,0,1,0,2,10
2839,Brian Maisonneuve,1998,19,Mediocampista,3,2,0,0,0,0.0,0,0,0,0,3,32
2840,Joe Martinelli,1934,-,Defensor,0,0,0,1,0,0.0,0,0,0,0,0,16
2841,Pablo Mastroeni,2002,4,Defensor,3,3,0,2,0,0.0,2,0,2,0,1,8
2841,Pablo Mastroeni,2006,4,Defensor,2,2,0,1,0,0.0,0,1,0,1,1,25
2842,Clint Mathis,2002,11,Delantero,3,2,0,2,1,0.33,0,0,0,1,2,8
2843,Brian Mcbride,1998,20,Delantero,2,2,0,1,1,0.5,0,0,0,0,2,32
2843,Brian Mcbride,2002,20,Delantero,5,5,0,0,2,0.4,0,0,2,1,2,8
2843,Brian Mcbride,2006,20,Delantero,3,3,0,0,0,0.0,0,0,0,1,2,25
2844,Bart Mcghee,1930,-,Delantero,3,3,0,0,1,0.33,0,0,2,0,1,3
2845,Ed Mcilvenny,1950,-,Mediocampista,3,3,1,0,0,0.0,0,0,1,0,2,10
2846,Weston McKennie,2022,8,Mediocampista,4,4,0,0,0,0.0,1,0,1,2,1,14
2847,Bill Mclean,1934,-,Delantero,1,1,0,0,0,0.0,0,0,0,0,1,16
2848,Tony Meola,1990,1,Arquero,3,3,0,0,0,0.0,1,0,0,0,3,23
2848,Tony Meola,1994,1,Arquero,4,4,4,0,0,0.0,0,0,1,1,2,14
2848,Tony Meola,2002,19,Arquero,0,0,0,5,0,0.0,0,0,0,0,0,8
2849,Joe Max Moore,1994,15,Delantero,0,0,0,4,0,0.0,0,0,0,0,0,14
2849,Joe Max Moore,1998,9,Delantero,2,2,0,1,0,0.0,0,0,0,0,2,32
2849,Joe Max Moore,2002,9,Delantero,2,0,0,3,0,0.0,0,0,1,0,1,8
2850,Shaquell Moore,2022,18,Defensor,2,0,0,2,0,0.0,0,0,1,1,0,14
2851,George Moorhouse,1930,-,Defensor,3,3,0,0,0,0.0,0,0,2,0,1,3
2851,George Moorhouse,1934,-,Defensor,1,1,1,0,0,0.0,0,0,0,0,1,16
2852,Jordan Morris,2022,16,Delantero,2,0,0,2,0,0.0,0,0,0,1,1,14
2853,Bruce Murray,1990,16,Delantero,3,3,0,0,1,0.33,1,0,0,0,3,23
2854,Yunus Musah,2022,6,Mediocampista,4,4,0,0,0,0.0,0,0,1,2,1,14
2855,Werner Nilsen,1934,-,Delantero,1,1,0,0,0,0.0,0,0,0,0,1,16
2856,John O'Brien,2002,5,Mediocampista,5,5,0,0,1,0.2,0,0,2,1,2,8
2856,John O'Brien,2006,5,Mediocampista,1,0,0,2,0,0.0,0,0,0,0,1,25
2857,Arnie Oliver,1930,-,Mediocampista,0,0,0,3,0,0.0,0,0,0,0,0,3
2858,Ben Olsen,2006,14,Mediocampista,1,0,0,2,0,0.0,0,0,0,0,1,25
2859,Oguchi Onyewu,2006,22,Defensor,3,3,0,0,0,0.0,1,0,0,1,2,25
2859,Oguchi Onyewu,2010,5,Defensor,2,2,0,2,0,0.0,0,0,0,2,0,12
2860,Gino Pariani,1950,-,Delantero,3,3,0,0,1,0.33,0,0,1,0,2,10
2861,Bert Patenaude,1930,-,Delantero,3,3,0,0,4,1.33,0,0,2,0,1,3
2862,Hugo Perez,1994,7,Mediocampista,1,1,0,3,0,0.0,0,0,0,0,1,14
2863,Peter Pietras,1934,-,Mediocampista,1,1,0,0,0,0.0,0,0,0,0,1,16
2864,Eddie Pope,1998,3,Defensor,2,2,0,1,0,0.0,1,0,0,0,2,32
2864,Eddie Pope,2002,23,Defensor,5,5,0,0,0,0.0,2,0,2,1,2,8
2864,Eddie Pope,2006,23,Defensor,2,2,0,1,0,0.0,0,1,0,1,1,25
2865,Christian Pulisic,2022,10,Delantero,4,4,0,0,1,0.25,0,0,1,2,1,14
2866,Preki Radosavljevic,1998,14,Mediocampista,2,0,0,1,0,0.0,0,0,0,0,2,32
2867,Tab Ramos,1990,7,Mediocampista,3,3,0,0,0,0.0,0,0,0,0,3,23
2867,Tab Ramos,1994,9,Mediocampista,4,4,0,0,0,0.0,1,0,1,1,2,14
2867,Tab Ramos,1998,10,Mediocampista,2,1,0,1,0,0.0,0,0,0,0,2,32
2868,Herman Rapp,1934,-,Defensor,0,0,0,1,0,0.0,0,0,0,0,0,16
2869,Tim Ream,2022,13,Defensor,4,4,0,0,0,0.0,1,0,1,2,1,14
2870,David Regis,1998,6,Defensor,3,3,0,0,0,0.0,1,0,0,0,3,32
2870,David Regis,2002,6,Defensor,0,0,0,5,0,0.0,0,0,0,0,0,8
2871,Claudio Reyna,1994,19,Mediocampista,0,0,0,4,0,0.0,0,0,0,0,0,14
2871,Claudio Reyna,1998,21,Mediocampista,3,3,0,0,0,0.0,1,0,0,0,3,32
2871,Claudio Reyna,2002,10,Mediocampista,4,4,4,1,0,0.0,1,0,1,1,2,8
2871,Claudio Reyna,2006,10,Mediocampista,3,3,3,0,0,0.0,1,0,0,1,2,25
2872,Giovanni Reyna,2022,7,Delantero,2,0,0,2,0,0.0,0,0,0,1,1,14
2873,Nick Rimando,2014,22,Arquero,0,0,0,4,0,0.0,0,0,0,0,0,15
2874,Antonee Robinson,2022,5,Defensor,4,4,0,0,0,0.0,0,0,1,2,1,14
2875,Cristian Roldan,2022,17,Mediocampista,0,0,0,4,0,0.0,0,0,0,0,0,14
2876,Francis Ryan,1934,-,Delantero,1,1,0,0,0,0.0,0,0,0,0,1,16
2877,Tony Sanneh,2002,22,Defensor,5,5,0,0,0,0.0,0,0,2,1,2,8
2878,Josh Sargent,2022,24,Delantero,3,2,0,1,0,0.0,0,0,1,2,0,14
2879,Joe Scally,2022,26,Defensor,0,0,0,4,0,0.0,0,0,0,0,0,14
2880,Phil Slone,1930,-,Mediocampista,0,0,0,3,0,0.0,0,0,0,0,0,3
2881,Juergen Sommer,1994,12,Arquero,0,0,0,4,0,0.0,0,0,0,0,0,14
2881,Juergen Sommer,1998,16,Arquero,0,0,0,3,0,0.0,0,0,0,0,0,32
2882,Michael Sorber,1994,16,Mediocampista,4,4,0,0,0,0.0,0,0,1,1,2,14
2883,Ed Souza,1950,-,Delantero,3,3,0,0,0,0.0,0,0,1,0,2,10
2884,John Souza,1950,-,Mediocampista,2,2,0,1,0,0.0,0,0,1,0,1,10
2885,Jonathan Spector,2010,2,Defensor,0,0,0,4,0,0.0,0,0,0,0,0,12
2886,Earnie Stewart,1994,8,Delantero,4,4,0,0,1,0.25,0,0,1,1,2,14
2886,Earnie Stewart,1998,8,Mediocampista,3,2,0,0,0,0.0,0,0,0,0,3,32
2886,Earnie Stewart,2002,8,Mediocampista,4,2,1,1,0,0.0,0,0,2,0,2,8
2887,John Stollmeyer,1990,14,Mediocampista,2,1,0,1,0,0.0,0,0,0,0,2,23
2888,Christopher Sullivan,1990,9,Delantero,2,0,0,1,0,0.0,0,0,0,0,2,23
2889,Francisco Torres,2010,16,Mediocampista,1,1,0,3,0,0.0,0,0,0,1,0,12
2890,Ralph Tracey,1930,-,Defensor,3,3,0,0,0,0.0,0,0,2,0,1,3
2891,Steve Trittschuh,1990,2,Defensor,1,1,0,2,0,0.0,1,0,0,0,1,23
2892,Matt Turner,2022,1,Arquero,4,4,0,0,0,0.0,0,0,1,2,1,14
2893,David Vanole,1990,22,Arquero,0,0,0,3,0,0.0,0,0,0,0,0,23
2894,Frank Vaughn,1930,-,Defensor,0,0,0,3,0,0.0,0,0,0,0,0,3
2895,Peter Vermes,1990,10,Delantero,3,3,0,0,0,0.0,0,0,0,0,3,23
2896,Frank Wallace,1950,-,Delantero,3,3,0,0,1,0.33,0,0,1,0,2,10
2897,Tim Weah,2022,21,Delantero,4,4,0,0,1,0.25,0,0,1,2,1,14
2898,Roy Wegerle,1994,10,Delantero,4,0,0,0,0,0.0,0,0,1,1,2,14
2898,Roy Wegerle,1998,7,Mediocampista,2,1,0,1,0,0.0,0,0,0,0,2,32
2899,Michael Windischmann,1990,5,Defensor,3,3,3,0,0,0.0,1,0,0,0,3,23
2900,Adam Wolanin,1950,-,Delantero,1,1,0,2,0,0.0,0,0,0,0,1,10
2901,Josh Wolff,2002,15,Delantero,2,1,0,3,0,0.0,1,0,1,1,0,8
2901,Josh Wolff,2006,16,Delantero,1,0,0,2,0,0.0,0,0,0,0,1,25
2902,Chris Wondolowski,2014,18,Delantero,2,0,0,2,0,0.0,0,0,0,1,1,15
2903,Alexander Wood,1930,-,Defensor,3,3,0,0,0,0.0,0,0,2,0,1,3
2905,Eric Wynalda,1990,11,Delantero,2,1,0,1,0,0.0,0,1,0,0,2,23
2905,Eric Wynalda,1994,11,Delantero,4,3,0,0,1,0.25,0,0,1,1,2,14
2905,Eric Wynalda,1998,11,Delantero,2,1,0,1,0,0.0,0,0,0,0,2,32
2906,DeAndre Yedlin,2014,2,Defensor,3,0,0,1,0,0.0,0,0,0,1,2,15
2906,DeAndre Yedlin,2022,22,Defensor,2,0,0,2,0,0.0,0,0,0,1,1,14
2907,Walker Zimmerman,2022,3,Defensor,4,3,0,0,0,0.0,0,0,1,2,1,14
2908,Graham Zusi,2014,19,Mediocampista,4,3,0,0,0,0.0,0,0,1,1,2,15
2909,Stefan Abadzhiev,1966,17,Delantero,0,0,0,3,0,0.0,0,0,0,0,0,15
2910,Stefan Aladzhov,1970,4,Defensor,1,1,0,2,0,0.0,0,0,0,0,1,13
2910,Stefan Aladzhov,1974,12,Defensor,0,0,0,3,0,0.0,0,0,0,0,0,12
2911,Petar Aleksandrov,1994,18,Delantero,0,0,0,7,0,0.0,0,0,0,0,0,4
2912,Ivaylo Andonov,1994,22,Delantero,0,0,0,7,0,0.0,0,0,0,0,0,4
2913,Vidin Apostolov,1966,19,Defensor,0,0,0,3,0,0.0,0,0,0,0,0,15
2914,Nikolai Arabov,1986,3,Defensor,3,3,0,1,0,0.0,1,0,0,2,1,15
2915,Georgi Asparukhov,1962,15,Delantero,1,1,0,2,0,0.0,0,0,0,0,1,15
2915,Georgi Asparukhov,1966,9,Delantero,3,3,0,0,1,0.33,0,0,0,0,3,15
2915,Georgi Asparukhov,1970,19,Delantero,3,2,0,0,0,0.0,0,0,0,1,2,13
2916,Georgi Bachev,1998,19,Mediocampista,2,1,0,1,0,0.0,1,0,0,0,2,29
2917,Krassimir Balakov,1994,20,Mediocampista,7,7,0,0,0,0.0,1,0,3,1,3,4
2917,Krassimir Balakov,1998,10,Mediocampista,3,3,0,0,0,0.0,0,0,0,1,2,29
2918,Hristo Bonev,1970,8,Mediocampista,3,2,0,0,1,0.33,0,0,0,1,2,13
2918,Hristo Bonev,1974,8,Mediocampista,3,3,3,0,1,0.33,0,0,0,2,1,12
2919,Daniel Borimirov,1994,11,Mediocampista,4,2,0,3,1,0.25,1,0,2,1,1,4
2919,Daniel Borimirov,1998,18,Mediocampista,3,1,0,0,0,0.0,0,0,0,1,2,29
2920,Krasimir Borisov,1974,20,Delantero,1,0,0,2,0,0.0,0,0,0,0,1,12
2921,Ivan Davidov,1966,20,Mediocampista,1,1,0,2,0,0.0,0,0,0,0,1,15
2921,Ivan Davidov,1970,5,Mediocampista,1,1,0,2,0,0.0,0,0,0,0,1,13
2922,Georgi Denev,1974,11,Delantero,3,3,0,0,0,0.0,1,0,0,2,1,12
2923,Dinko Dermendzhiev,1962,19,Delantero,2,2,0,1,0,0.0,0,0,0,1,1,15
2923,Dinko Dermendzhiev,1966,7,Mediocampista,2,2,0,1,0,0.0,1,0,0,0,2,15
2923,Dinko Dermendzhiev,1970,11,Mediocampista,2,2,0,1,1,0.5,0,0,0,0,2,13
2924,Ivan Deyanov,1966,22,Arquero,0,0,0,3,0,0.0,0,0,0,0,0,15
2925,Todor Diev,1962,7,Mediocampista,1,1,0,2,0,0.0,0,0,0,0,1,15
2926,Georgi Dimitrov,1986,5,Defensor,4,4,4,0,0,0.0,0,0,0,2,2,15
2927,Ivan Dimitrov,1962,3,Defensor,3,3,0,0,0,0.0,0,0,0,1,2,15
2927,Ivan Dimitrov,1970,3,Defensor,2,1,1,1,0,0.0,0,0,0,1,1,13
2928,Pantelei Dimitrov,1962,17,Mediocampista,0,0,0,3,0,0.0,0,0,0,0,0,15
2929,Dimitar Dimov,1962,8,Defensor,1,1,0,2,0,0.0,0,0,0,1,0,15
2930,Vasil Dragolov,1986,16,Delantero,0,0,0,4,0,0.0,0,0,0,0,0,15
2931,Ilia Dyakov,1986,21,Defensor,0,0,0,4,0,0.0,0,0,0,0,0,15
2932,Boris Gaganelov,1966,4,Defensor,3,3,3,0,0,0.0,0,0,0,0,3,15
2932,Boris Gaganelov,1970,15,Defensor,1,1,1,2,0,0.0,0,0,0,0,1,13
2933,Milko Gaidarski,1970,12,Defensor,2,2,0,1,0,0.0,0,0,0,1,1,13
2934,Boncho Genchev,1994,14,Mediocampista,3,0,0,4,0,0.0,0,0,1,1,1,4
2935,Georgi Georgiev,1994,19,Mediocampista,0,0,0,7,0,0.0,0,0,0,0,0,4
2936,Plamen Getov,1986,11,Mediocampista,4,4,0,0,1,0.25,0,0,0,2,2,15
2937,Gosho Ginchev,1998,13,Defensor,2,2,0,1,0,0.0,0,0,0,0,2,29
2938,Rumen Goranov,1974,1,Arquero,2,2,0,1,0,0.0,0,0,0,2,0,12
2939,Zhivko Gospodinov,1986,10,Mediocampista,3,3,0,1,0,0.0,1,0,0,2,1,15
2940,Bozhidar Grigorov,1970,21,Delantero,0,0,0,3,0,0.0,0,0,0,0,0,13
2940,Bozhidar Grigorov,1974,16,Delantero,0,0,0,3,0,0.0,0,0,0,0,0,12
2941,Petar Houbchev,1994,5,Defensor,7,7,0,0,0,0.0,1,0,3,1,3,4
2942,Marian Hristov,1998,14,Mediocampista,2,1,0,1,0,0.0,0,0,0,0,2,29
2943,Hristo Iliev,1962,9,Delantero,1,1,0,2,0,0.0,0,0,0,0,1,15
2944,Ilian Iliev,1998,11,Mediocampista,3,2,0,0,0,0.0,1,0,0,1,2,29
2945,Nikolai Iliev,1994,15,Defensor,0,0,0,7,0,0.0,0,0,0,0,0,4
2946,Bozhidar Iskrenov,1986,7,Delantero,3,2,0,1,0,0.0,0,0,0,2,1,15
2947,Georgi Ivanov,1998,20,Delantero,0,0,0,3,0,0.0,0,0,0,0,0,29
2948,Ivan Ivanov,1962,18,Arquero,0,0,0,3,0,0.0,0,0,0,0,0,15
2949,Trifon Ivanov,1994,3,Defensor,6,6,0,1,0,0.0,3,0,3,0,3,4
2949,Trifon Ivanov,1998,3,Defensor,3,3,3,0,0,0.0,1,0,0,1,2,29
2950,Kiril Ivkov,1974,19,Defensor,3,3,0,0,0,0.0,0,0,0,2,1,12
2951,Georgi Kamenski,1970,22,Arquero,0,0,0,3,0,0.0,0,0,0,0,0,13
2952,Rosen Kirilov,1998,21,Defensor,0,0,0,3,0,0.0,0,0,0,0,0,29
2953,Ilian Kiryakov,1994,16,Defensor,6,4,0,1,0,0.0,1,0,3,1,2,4
2954,Radostin Kishishev,1998,2,Defensor,3,3,0,0,0,0.0,1,0,0,1,2,29
2955,Stoyan Kitov,1962,4,Defensor,2,2,0,1,0,0.0,0,0,0,0,2,15
2955,Stoyan Kitov,1966,8,Mediocampista,1,1,0,2,0,0.0,0,0,0,0,1,15
2956,Bozhil Kolev,1974,5,Mediocampista,3,3,0,0,0,0.0,0,0,0,2,1,12
2957,Hristo Kolev,1986,17,Mediocampista,0,0,0,4,0,0.0,0,0,0,0,0,15
2958,Ivan Kolev,1962,10,Delantero,3,3,0,0,0,0.0,0,0,0,1,2,15
2958,Ivan Kolev,1966,11,Delantero,2,2,0,1,0,0.0,1,0,0,0,2,15
2959,Todor Kolev,1970,17,Mediocampista,2,2,0,1,1,0.5,0,0,0,1,1,13
2960,Emil Kostadinov,1994,7,Delantero,7,7,0,0,0,0.0,1,0,3,1,3,4
2960,Emil Kostadinov,1998,7,Delantero,3,2,0,0,1,0.33,0,0,0,1,2,29
2961,Kostadin Kostadinov,1986,20,Delantero,3,1,0,1,0,0.0,0,0,0,2,1,15
2962,Aleksandar Kostov,1962,16,Mediocampista,1,1,0,2,0,0.0,0,0,0,1,0,15
2962,Aleksandar Kostov,1966,16,Delantero,1,1,0,2,0,0.0,0,0,0,0,1,15
2964,Nikola Kotkov,1966,14,Delantero,1,1,0,2,0,0.0,0,0,0,0,1,15
2965,Nikola Kovachev,1962,6,Mediocampista,3,3,1,0,0,0.0,0,0,0,1,2,15
2966,Emil Kremenliev,1994,2,Defensor,5,4,0,2,0,0.0,0,1,2,1,2,4
2967,Dimitar Largov,1966,15,Defensor,1,1,0,2,0,0.0,0,0,0,0,1,15
2968,Iordan Letchkov,1994,9,Mediocampista,7,7,0,0,2,0.29,2,0,3,1,3,4
2969,Dimitar Marashliev,1970,18,Delantero,2,1,0,1,0,0.0,0,0,0,0,2,13
2970,Aleksandar Markov,1986,13,Defensor,2,2,0,2,0,0.0,1,0,0,1,1,15
2972,Vasil Metodiev,1966,12,Defensor,0,0,0,3,0,0.0,0,0,0,0,0,15
2973,Atanas Mikhailov,1974,9,Delantero,3,0,0,0,0,0.0,0,0,0,2,1,12
2974,Borislav Mikhailov,1986,1,Arquero,4,4,0,0,0,0.0,0,0,0,2,2,15
2974,Borislav Mikhailov,1994,1,Arquero,7,7,7,0,0,0.0,1,0,3,1,3,4
2974,Borislav Mikhailov,1998,12,Arquero,0,0,0,3,0,0.0,0,0,0,0,0,29
2975,Petar Mikhtarski,1994,17,Delantero,1,0,0,6,0,0.0,0,0,0,1,0,4
2976,Kiril Milanov,1974,14,Delantero,0,0,0,3,0,0.0,0,0,0,0,0,12
2977,Vasil Mitkov,1970,20,Delantero,2,1,0,1,0,0.0,0,0,0,1,1,13
2978,Stoicho Mladenov,1986,9,Delantero,3,3,0,1,0,0.0,0,0,0,2,1,15
2979,Georgi Naidenov,1962,1,Arquero,3,3,0,0,0,0.0,0,0,0,1,2,15
2979,Georgi Naidenov,1966,1,Arquero,2,2,0,1,0,0.0,0,0,0,0,2,15
2980,Anatoli Nankov,1998,16,Mediocampista,2,2,0,1,0,0.0,0,1,0,1,1,29
2981,Asparukh Nikodimov,1970,16,Mediocampista,2,2,0,1,1,0.5,0,0,0,1,1,13
2981,Asparukh Nikodimov,1974,17,Defensor,2,2,0,1,0,0.0,0,0,0,2,0,12
2982,Georgi Nikolov,1962,22,Defensor,0,0,0,3,0,0.0,0,0,0,0,0,15
2983,Plamen Nikolov,1994,12,Arquero,1,0,0,6,0,0.0,0,0,0,0,1,4
2984,Panayot Panayotov,1962,21,Delantero,0,0,0,3,0,0.0,0,0,0,0,0,15
2985,Pavel Panov,1974,15,Delantero,3,3,0,0,0,0.0,0,0,0,2,1,12
2986,Nikola Parchanov,1962,20,Arquero,0,0,0,3,0,0.0,0,0,0,0,0,15
2987,Atanas Pashev,1986,19,Mediocampista,1,1,0,3,0,0.0,0,0,0,0,1,15
2988,Dimitar Penev,1966,5,Defensor,3,3,0,0,0,0.0,0,0,0,0,3,15
2988,Dimitar Penev,1970,6,Defensor,3,3,0,0,0,0.0,0,0,0,1,2,13
2988,Dimitar Penev,1974,6,Defensor,3,3,0,0,0,0.0,0,0,0,2,1,12
2989,Luboslav Penev,1998,9,Delantero,3,1,0,0,0,0.0,1,0,0,1,2,29
2990,Ivaylo Petkov,1998,4,Defensor,2,2,0,1,0,0.0,0,0,0,1,1,29
2991,Milen Petkov,1998,22,Mediocampista,0,0,0,3,0,0.0,0,0,0,0,0,29
2992,Petar Petrov,1986,4,Defensor,3,3,0,1,0,0.0,0,0,0,1,2,15
2993,Georgi Popov,1970,7,Delantero,2,2,0,1,0,0.0,0,0,0,1,1,13
2994,Kiril Rakarov,1962,2,Defensor,2,2,2,1,0,0.0,0,0,0,0,2,15
2995,Ayan Sadkov,1986,8,Mediocampista,4,4,0,0,0,0.0,0,0,0,2,2,15
2996,Aleksandar Shalamanov,1966,2,Defensor,2,2,0,1,0,0.0,0,0,0,0,2,15
2996,Aleksandar Shalamanov,1970,2,Defensor,3,2,1,0,0,0.0,0,0,0,1,2,13
2997,Simeon Simeonov,1966,21,Arquero,1,1,0,2,0,0.0,0,0,0,0,1,15
2997,Simeon Simeonov,1970,1,Arquero,2,2,0,1,0,0.0,0,0,0,0,2,13
2997,Simeon Simeonov,1974,22,Arquero,0,0,0,3,0,0.0,0,0,0,0,0,12
2998,Nasko Sirakov,1986,2,Mediocampista,4,3,0,0,1,0.25,0,0,0,2,2,15
2998,Nasko Sirakov,1994,10,Delantero,7,6,0,0,1,0.14,1,0,3,1,3,4
2999,Georgi Sokolov,1962,14,Delantero,2,2,0,1,1,0.5,0,0,0,1,1,15
3000,Stefan Staikov,1974,21,Arquero,1,1,0,2,0,0.0,0,0,0,0,1,12
3001,Hristo Stoichkov,1994,8,Delantero,7,7,0,0,6,0.86,2,0,3,1,3,4
3001,Hristo Stoichkov,1998,8,Delantero,3,3,0,0,0,0.0,1,0,0,1,2,29
3002,Stoicho Stoilov,1998,17,Mediocampista,0,0,0,3,0,0.0,0,0,0,0,0,29
3003,Ivan Stoyanov,1974,10,Mediocampista,1,1,0,2,0,0.0,0,0,0,0,1,12
3004,Tsanko Tsvetanov,1994,4,Defensor,6,6,0,1,0,0.0,0,1,3,0,3,4
3005,Ilia Valov,1986,22,Arquero,0,0,0,4,0,0.0,0,0,0,0,0,15
3006,Mladen Vasilev,1974,13,Delantero,1,0,0,2,0,0.0,0,0,0,1,0,12
3007,Tsonyo Vasilev,1974,18,Defensor,3,3,0,0,0,0.0,1,0,0,2,1,12
3008,Boycho Velichkov,1986,18,Delantero,1,0,0,3,0,0.0,0,0,0,0,1,15
3009,Petar Velichkov,1962,13,Delantero,3,3,0,0,0,0.0,0,0,0,1,2,15
3010,Stefan Velichkov,1974,4,Defensor,3,3,0,0,0,0.0,0,0,0,2,1,12
3011,Voin Voinov,1974,7,Delantero,3,3,0,0,0,0.0,0,0,0,2,1,12
3012,Ivan Vutsov,1966,3,Defensor,3,3,0,0,0,0.0,0,0,0,0,3,15
3013,Dimitar Yakimov,1962,11,Delantero,1,1,0,2,0,0.0,0,0,0,0,1,15
3013,Dimitar Yakimov,1966,13,Delantero,3,3,0,0,0,0.0,0,0,0,0,3,15
3013,Dimitar Yakimov,1970,10,Delantero,2,2,0,1,0,0.0,0,0,0,1,1,13
3014,Evgeni Yanchovski,1966,18,Mediocampista,0,0,0,3,0,0.0,0,0,0,0,0,15
3015,Zlatko Yankov,1994,6,Mediocampista,6,6,0,1,0,0.0,4,0,3,0,3,4
3015,Zlatko Yankov,1998,6,Mediocampista,2,2,0,1,0,0.0,0,0,0,1,1,29
3016,Georgi Yordanov,1986,15,Mediocampista,2,2,0,2,0,0.0,0,0,0,0,2,15
3017,Ivaylo Yordanov,1994,13,Mediocampista,5,1,0,2,0,0.0,1,0,1,1,3,4
3017,Ivaylo Yordanov,1998,5,Mediocampista,2,2,0,1,0,0.0,0,0,0,1,1,29
3018,Stoyan Yordanov,1970,13,Arquero,1,1,0,2,0,0.0,0,0,0,1,0,13
3019,Velko Yotov,1994,21,Delantero,0,0,0,7,0,0.0,0,0,0,0,0,4
3020,Adalbert Zafirov,1998,15,Defensor,0,0,0,3,0,0.0,0,0,0,0,0,29
3021,Ivan Zafirov,1974,2,Defensor,0,0,0,3,0,0.0,0,0,0,0,0,12
3022,Radoslav Zdravkov,1986,12,Defensor,4,3,0,0,0,0.0,0,0,0,2,2,15
3023,Zdravko Zdravkov,1998,1,Arquero,3,3,0,0,0,0.0,0,0,0,1,2,29
3024,Dobromir Zhechev,1962,12,Defensor,1,1,0,2,0,0.0,0,0,0,1,0,15
3024,Dobromir Zhechev,1966,6,Delantero,3,3,0,0,0,0.0,1,0,0,0,3,15
3024,Dobromir Zhechev,1970,14,Defensor,2,2,0,1,1,0.5,0,0,0,1,1,13
3024,Dobromir Zhechev,1974,3,Defensor,0,0,0,3,0,0.0,0,0,0,0,0,12
3025,Petar Zhekov,1966,10,Delantero,1,1,0,2,0,0.0,0,0,0,0,1,15
3025,Petar Zhekov,1970,9,Delantero,1,1,0,2,0,0.0,0,0,0,0,1,13
3026,Andrei Zhelyazkov,1986,6,Mediocampista,3,1,0,1,0,0.0,0,0,0,2,1,15
3027,Arkadiusz Bak,2002,17,Mediocampista,1,0,0,2,0,0.0,1,0,0,0,1,25
3028,Jacek Bak,2006,6,Defensor,3,3,3,0,0,0.0,1,0,1,0,2,21
3029,Stanislaw Baran,1938,-,Delantero,0,0,0,1,0,0.0,0,0,0,0,0,11
3030,Marcin Baszczynski,2006,4,Defensor,3,3,0,0,0,0.0,1,0,1,0,2,21
3031,Jan Bednarek,2018,5,Defensor,3,2,0,0,1,0.33,1,0,1,0,2,25
3031,Jan Bednarek,2022,5,Defensor,1,0,0,3,0,0.0,0,0,0,0,1,15
3032,Bartosz Bereszyński,2018,18,Defensor,3,2,0,0,0,0.0,0,0,1,0,2,25
3032,Bartosz Bereszyński,2022,18,Defensor,4,4,0,0,0,0.0,1,0,1,1,2,15
3033,Bartosz Białkowski,2018,12,Arquero,0,0,0,3,0,0.0,0,0,0,0,0,25
3034,Krystian Bielik,2022,6,Mediocampista,4,2,0,0,0,0.0,0,0,1,1,2,15
3035,Zbigniew Boniek,1978,18,Delantero,6,4,0,0,2,0.33,1,0,3,1,2,5
3035,Zbigniew Boniek,1982,20,Delantero,6,6,0,1,4,0.67,2,0,3,3,0,3
3035,Zbigniew Boniek,1986,20,Delantero,4,4,4,0,0,0.0,1,0,1,1,2,14
3036,Artur Boruc,2006,1,Arquero,3,3,0,0,0,0.0,2,0,1,0,2,21
3037,Bartosz Bosacki,2006,19,Defensor,2,2,0,1,2,1.0,0,0,1,0,1,21
3038,Walter Brom,1938,-,Arquero,0,0,0,1,0,0.0,0,0,0,0,0,11
3039,Pawel Brozek,2006,23,Delantero,3,0,0,0,0,0.0,0,0,1,0,2,21
3040,Miroslaw Bulzacki,1974,8,Defensor,0,0,0,7,0,0.0,0,0,0,0,0,3
3041,Andrzej Buncol,1982,13,Mediocampista,7,7,0,0,1,0.14,2,0,3,3,1,3
3041,Andrzej Buncol,1986,15,Mediocampista,2,1,0,2,0,0.0,0,0,0,1,1,14
3043,Matty Cash,2022,2,Defensor,4,4,0,0,0,0.0,2,0,1,1,2,15
3044,Ewald Cebula,1938,-,Delantero,0,0,0,1,0,0.0,0,0,0,0,0,11
3045,Wlodzimierz Ciolek,1982,15,Mediocampista,4,1,0,3,1,0.25,0,0,2,1,1,3
3046,Thiago Cionek,2018,4,Defensor,1,1,0,2,0,0.0,0,0,0,0,1,25
3047,Leslaw Cmikiewicz,1974,11,Mediocampista,6,0,0,1,0,0.0,0,0,5,0,1,3
3048,Kazimierz Deyna,1974,12,Mediocampista,7,7,7,0,3,0.43,0,0,6,0,1,3
3048,Kazimierz Deyna,1978,12,Mediocampista,6,6,6,0,1,0.17,0,0,3,1,2,5
3049,Tadeusz Dolny,1982,4,Defensor,0,0,0,7,0,0.0,0,0,0,0,0,3
3050,Jan Domarski,1974,19,Delantero,3,1,0,4,0,0.0,0,0,2,0,1,3
3051,Jerzy Dudek,2002,1,Arquero,2,2,0,1,0,0.0,0,0,0,0,2,25
3052,Dariusz Dudka,2006,17,Defensor,1,0,0,2,0,0.0,0,0,0,0,1,21
3053,Ewald Dytko,1938,-,Mediocampista,1,1,0,0,0,0.0,0,0,0,0,1,11
3054,Dariusz Dziekanowski,1986,21,Mediocampista,4,4,0,0,0,0.0,2,0,1,1,2,14
3055,Marek Dziuba,1982,2,Defensor,5,4,0,2,0,0.0,0,0,3,1,1,3
3056,Lukasz Fabianski,2006,22,Arquero,0,0,0,3,0,0.0,0,0,0,0,0,21
3056,Lukasz Fabianski,2018,22,Arquero,1,1,0,2,0,0.0,0,0,1,0,0,25
3057,Andrzej Fischer,1974,1,Arquero,0,0,0,7,0,0.0,0,0,0,0,0,3
3058,Przemyslaw Frankowski,2022,24,Mediocampista,4,3,0,0,0,0.0,1,0,1,1,2,15
3059,Jan Furtok,1986,22,Delantero,1,0,0,3,0,0.0,0,0,0,0,1,14
3060,Robert Gadocha,1974,18,Delantero,7,7,0,0,0,0.0,0,0,6,0,1,3
3061,Antoni Galecki,1938,-,Defensor,1,1,0,0,0,0.0,0,0,0,0,1,11
3062,Seweryn Gancarczyk,2006,3,Defensor,0,0,0,3,0,0.0,0,0,0,0,0,21
3063,Edmund Giemsa,1938,-,Defensor,0,0,0,1,0,0.0,0,0,0,0,0,11
3064,Piotr Giza,2006,20,Mediocampista,0,0,0,3,0,0.0,0,0,0,0,0,21
3065,Kamil Glik,2018,15,Defensor,2,1,0,1,0,0.0,0,0,1,0,1,25
3065,Kamil Glik,2022,15,Defensor,4,4,0,0,0,0.0,0,0,1,1,2,15
3066,Arkadiusz Glowacki,2002,13,Defensor,1,1,0,2,0,0.0,0,0,1,0,0,25
3067,Wilhelm Gora,1938,-,Mediocampista,1,1,0,0,0,0.0,0,0,0,0,1,11
3068,Jacek Góralski,2018,6,Mediocampista,2,2,0,1,0,0.0,1,0,1,0,1,25
3069,Jerzy Gorgon,1974,6,Defensor,7,7,0,0,1,0.14,1,0,6,0,1,3
3069,Jerzy Gorgon,1978,6,Defensor,5,5,0,1,0,0.0,1,0,3,1,1,5
3070,Kamil Grabara,2022,22,Arquero,0,0,0,4,0,0.0,0,0,0,0,0,15
3071,Kamil Grosicki,2018,11,Mediocampista,3,2,0,0,0,0.0,0,0,1,0,2,25
3071,Kamil Grosicki,2022,11,Mediocampista,1,0,0,3,0,0.0,0,0,0,0,1,15
3072,Robert Gumny,2022,25,Defensor,0,0,0,4,0,0.0,0,0,0,0,0,15
3073,Zbigniew Gut,1974,5,Defensor,2,1,0,5,0,0.0,0,0,2,0,0,3
3074,Boleslaw Habowski,1938,-,Delantero,0,0,0,1,0,0.0,0,0,0,0,0,11
3075,Tomasz Hajto,2002,6,Defensor,2,2,0,1,0,0.0,1,0,0,0,2,25
3076,Andrzej Iwan,1978,7,Delantero,2,1,0,4,0,0.0,0,0,2,0,0,5
3076,Andrzej Iwan,1982,19,Delantero,2,2,0,5,0,0.0,0,0,0,2,0,3
3077,Roman Jakobczak,1974,15,Delantero,0,0,0,7,0,0.0,0,0,0,0,0,3
3078,Jan Jalocha,1982,7,Defensor,3,3,0,4,0,0.0,0,0,1,2,0,3
3079,Pawel Janas,1982,5,Defensor,7,7,0,0,0,0.0,0,0,3,3,1,3
3080,Artur Jędrzejczyk,2018,3,Defensor,1,1,0,2,0,0.0,0,0,1,0,0,25
3080,Artur Jędrzejczyk,2022,3,Defensor,1,0,0,3,0,0.0,0,0,0,0,1,15
3081,Ireneusz Jelen,2006,21,Delantero,3,2,0,0,0,0.0,0,0,1,0,2,21
3082,Mariusz Jop,2006,2,Defensor,1,1,0,2,0,0.0,0,0,0,0,1,21
3083,Miroslav Justek,1978,14,Defensor,0,0,0,6,0,0.0,0,0,0,0,0,5
3084,Zygmunt Kalinowski,1974,3,Arquero,0,0,0,7,0,0.0,0,0,0,0,0,3
3085,Radoslaw Kaluzny,2002,10,Mediocampista,2,2,0,1,0,0.0,0,0,0,0,2,25
3086,Jakub Kaminski,2022,13,Mediocampista,4,2,0,0,0,0.0,0,0,1,1,2,15
3087,Zdzislaw Kapka,1974,20,Delantero,1,0,0,6,0,0.0,0,0,1,0,0,3
3088,Jan Karas,1986,9,Mediocampista,3,1,0,1,0,0.0,0,0,1,0,2,14
3089,Henryk Kasperczak,1974,13,Mediocampista,7,7,0,0,0,0.0,2,0,6,0,1,3
3089,Henryk Kasperczak,1978,8,Mediocampista,6,4,0,0,0,0.0,0,0,3,1,2,5
3090,Jacek Kazimierski,1982,21,Arquero,0,0,0,7,0,0.0,0,0,0,0,0,3
3090,Jacek Kazimierski,1986,12,Arquero,0,0,0,4,0,0.0,0,0,0,0,0,14
3091,Jakub Kiwior,2022,14,Defensor,4,4,0,0,0,0.0,1,0,1,1,2,15
3092,Tomasz Klos,2002,2,Defensor,2,1,0,1,0,0.0,0,0,1,0,1,25
3093,Kazimierz Kmiecik,1974,21,Delantero,2,0,0,5,0,0.0,0,0,1,0,1,3
3094,Ryszard Komornicki,1986,13,Mediocampista,3,3,0,1,0,0.0,0,0,1,1,1,14
3095,Jozef Korbas,1938,-,Delantero,0,0,0,1,0,0.0,0,0,0,0,0,11
3096,Kamil Kosowski,2006,5,Mediocampista,1,0,0,2,0,0.0,0,0,0,0,1,21
3097,Zdzislaw Kostrzewa,1978,22,Arquero,0,0,0,6,0,0.0,0,0,0,0,0,5
3098,Dawid Kownacki,2018,23,Delantero,2,1,0,1,0,0.0,0,0,0,0,2,25
3099,Marek Kozminski,2002,21,Mediocampista,3,3,0,0,0,0.0,1,0,1,0,2,25
3100,Grzegorz Krychowiak,2018,10,Mediocampista,3,3,0,0,1,0.33,1,0,1,0,2,25
3100,Grzegorz Krychowiak,2022,10,Mediocampista,4,4,0,0,0,0.0,1,0,1,1,2,15
3101,Pawel Kryszalowicz,2002,9,Delantero,3,2,0,0,1,0.33,0,0,1,0,2,25
3102,Jacek Krzynowek,2002,18,Mediocampista,3,3,0,0,0,0.0,1,0,1,0,2,25
3102,Jacek Krzynowek,2006,8,Mediocampista,3,3,0,0,0,0.0,1,0,1,0,2,21
3103,Dariusz Kubicki,1986,14,Defensor,1,1,0,3,0,0.0,0,0,0,1,0,14
3104,Cezary Kucharski,2002,8,Delantero,1,1,0,2,0,0.0,1,0,1,0,0,25
3105,Zygmunt Kukla,1978,21,Arquero,2,2,0,4,0,0.0,0,0,1,0,1,5
3106,Janusz Kupcewicz,1978,13,Defensor,0,0,0,6,0,0.0,0,0,0,0,0,5
3106,Janusz Kupcewicz,1982,3,Defensor,5,5,0,2,1,0.2,0,0,3,1,1,3
3107,Rafał Kurzawa,2018,21,Mediocampista,1,1,0,2,0,0.0,0,0,1,0,0,25
3108,Marek Kusto,1974,22,Delantero,0,0,0,7,0,0.0,0,0,0,0,0,3
3108,Marek Kusto,1978,15,Delantero,0,0,0,6,0,0.0,0,0,0,0,0,5
3108,Marek Kusto,1982,18,Delantero,3,0,0,4,0,0.0,0,0,0,2,1,3
3109,Tomasz Kuszczak,2006,12,Arquero,0,0,0,3,0,0.0,0,0,0,0,0,21
3110,Grzegorz Lato,1974,16,Delantero,7,7,0,0,7,1.0,0,0,6,0,1,3
3110,Grzegorz Lato,1978,16,Delantero,6,6,0,0,2,0.33,0,0,3,1,2,5
3110,Grzegorz Lato,1982,16,Delantero,7,7,0,0,1,0.14,0,0,3,3,1,3
3111,Mariusz Lewandowski,2006,18,Defensor,2,0,0,1,0,0.0,0,0,1,0,1,21
3112,Robert Lewandowski,2018,9,Delantero,3,3,3,0,0,0.0,0,0,1,0,2,25
3112,Robert Lewandowski,2022,9,Delantero,4,4,4,0,2,0.5,0,0,1,1,2,15
3113,Karol Linetty,2018,8,Mediocampista,0,0,0,3,0,0.0,0,0,0,0,0,25
3114,Kazimierz Lis,1938,-,Mediocampista,0,0,0,1,0,0.0,0,0,0,0,0,11
3115,Wlodek Lubanski,1978,19,Delantero,5,2,0,1,0,0.0,0,0,3,1,1,5
3116,Antoni Lyko,1938,-,Delantero,0,0,0,1,0,0.0,0,0,0,0,0,11
3117,Henryk Maculewicz,1978,3,Defensor,6,5,0,0,0,0.0,1,0,3,1,2,5
3118,Edward Madejski,1938,-,Arquero,1,1,0,0,0,0.0,0,0,0,0,1,11
3119,Radoslaw Majdan,2002,12,Arquero,1,1,0,2,0,0.0,1,0,1,0,0,25
3120,Stefan Majewski,1982,10,Defensor,7,7,0,0,1,0.14,1,0,3,3,1,3
3120,Stefan Majewski,1986,10,Defensor,4,4,0,0,0,0.0,0,0,1,1,2,14
3121,Zygmunt Maszczyk,1974,14,Mediocampista,7,7,0,0,0,0.0,0,0,6,0,1,3
3122,Bohdan Masztaler,1978,11,Mediocampista,4,4,0,2,0,0.0,0,0,2,1,1,5
3123,Adam Matysek,2002,22,Arquero,0,0,0,3,0,0.0,0,0,0,0,0,25
3124,Waldemar Matysik,1982,8,Mediocampista,6,6,0,1,0,0.0,0,0,3,2,1,3
3124,Waldemar Matysik,1986,6,Mediocampista,3,3,0,1,0,0.0,0,0,1,1,1,14
3125,Wlodzimierz Mazur,1978,2,Delantero,1,0,0,5,0,0.0,0,0,0,0,1,5
3126,Sebastian Mila,2006,13,Mediocampista,0,0,0,3,0,0.0,0,0,0,0,0,21
3127,Arkadiusz Milik,2018,7,Delantero,1,1,0,2,0,0.0,0,0,0,0,1,25
3127,Arkadiusz Milik,2022,7,Delantero,3,1,0,1,0,0.0,1,0,1,1,1,15
3128,Jozef Mlynarczyk,1982,1,Arquero,7,7,0,0,0,0.0,0,0,3,3,1,3
3128,Jozef Mlynarczyk,1986,1,Arquero,4,4,0,0,0,0.0,0,0,1,1,2,14
3129,Piotr Mowlik,1982,22,Arquero,0,0,0,7,0,0.0,0,0,0,0,0,3
3130,Maciej Murawski,2002,16,Mediocampista,1,1,0,2,0,0.0,0,0,1,0,0,25
3131,Adam Musial,1974,10,Defensor,6,6,0,1,0,0.0,1,0,5,0,1,3
3132,Adam Nawalka,1978,5,Mediocampista,5,5,0,1,0,0.0,0,0,2,1,2,5
3133,Erwin Nyc,1938,-,Mediocampista,1,1,0,0,0,0.0,0,0,0,0,1,11
3134,Emmanuel Olisadebe,2002,11,Delantero,3,3,0,0,1,0.33,1,0,1,0,2,25
3135,Marek Ostrowski,1986,4,Defensor,4,4,0,0,0,0.0,0,0,1,1,2,14
3136,Andrzej Palasz,1982,14,Mediocampista,2,1,0,5,0,0.0,1,0,0,1,1,3
3136,Andrzej Palasz,1986,16,Delantero,0,0,0,4,0,0.0,0,0,0,0,0,14
3137,Krzysztof Pawlak,1986,18,Defensor,2,2,0,2,0,0.0,0,0,1,0,1,14
3138,Michał Pazdan,2018,2,Defensor,2,2,0,1,0,0.0,0,0,0,0,2,25
3139,Sławomir Peszko,2018,17,Mediocampista,1,0,0,2,0,0.0,0,0,1,0,0,25
3140,Krzysztof Piatek,2022,23,Delantero,2,0,0,2,0,0.0,0,0,1,0,1,15
3141,Ryszard Piec,1938,-,Delantero,1,1,0,0,0,0.0,0,0,0,0,1,11
3142,Wilhelm Piec,1938,-,Mediocampista,0,0,0,1,0,0.0,0,0,0,0,0,11
3143,Leonard Piontek,1938,-,Delantero,1,1,0,0,0,0.0,0,0,0,0,1,11
3144,Lukasz Piszczek,2018,20,Defensor,2,2,0,1,0,0.0,0,0,0,0,2,25
3145,Kazimierz Przybys,1986,2,Defensor,2,1,0,2,0,0.0,0,0,0,1,1,14
3146,Arkadiusz Radomski,2006,16,Mediocampista,3,3,0,0,0,0.0,1,0,1,0,2,21
3147,Grzegorz Rasiak,2006,11,Delantero,1,0,0,2,0,0.0,0,0,1,0,0,21
3148,Wojciech Rudy,1978,10,Defensor,1,1,0,5,0,0.0,0,0,1,0,0,5
3149,Maciej Rybus,2018,13,Mediocampista,2,2,0,1,0,0.0,0,0,0,0,2,25
3150,Tomasz Rzasa,2002,5,Mediocampista,1,0,0,2,0,0.0,0,0,0,0,1,25
3151,Pawel Sibik,2002,23,Mediocampista,1,0,0,2,0,0.0,0,0,1,0,0,25
3152,Michal Skóraś,2022,26,Mediocampista,1,0,0,3,0,0.0,0,0,0,0,1,15
3153,Lukasz Skorupski,2022,12,Arquero,0,0,0,4,0,0.0,0,0,0,0,0,15
3154,Piotr Skrobowski,1982,6,Defensor,0,0,0,7,0,0.0,0,0,0,0,0,3
3155,Ebi Smolarek,2006,15,Mediocampista,3,3,0,0,0,0.0,1,0,1,0,2,21
3156,Wlodimierz Smolarek,1982,11,Delantero,6,6,0,1,1,0.17,2,0,2,3,1,3
3156,Wlodimierz Smolarek,1986,11,Delantero,4,4,0,0,1,0.25,1,0,1,1,2,14
3157,Radoslaw Sobolewski,2006,7,Mediocampista,2,2,0,1,0,0.0,0,1,0,0,2,21
3158,Karol Swiderski,2022,16,Delantero,1,1,0,3,0,0.0,0,0,0,0,1,15
3159,Piotr Swierczewski,2002,7,Mediocampista,2,2,0,1,0,0.0,2,0,0,0,2,25
3160,Andrzej Szarmach,1974,17,Delantero,6,6,0,1,5,0.83,1,0,6,0,0,3
3160,Andrzej Szarmach,1978,17,Delantero,5,5,0,1,1,0.2,0,0,2,1,2,5
3160,Andrzej Szarmach,1982,17,Delantero,2,1,0,5,1,0.5,0,0,1,1,0,3
3161,Wojciech Szczęsny,2018,1,Arquero,2,2,0,1,0,0.0,0,0,0,0,2,25
3161,Wojciech Szczęsny,2022,1,Arquero,4,4,0,0,0,0.0,0,0,1,1,2,15
3162,Fryedryk Szerfke,1938,-,Delantero,1,1,0,0,1,1.0,0,0,0,0,1,11
3163,Wladyslaw Szszepaniak,1938,-,Defensor,1,1,1,0,0,0.0,0,0,0,0,1,11
3164,Antoni Szymanowski,1974,4,Defensor,7,7,0,0,0,0.0,0,0,6,0,1,3
3164,Antoni Szymanowski,1978,4,Defensor,6,6,0,0,0,0.0,0,0,3,1,2,5
3165,Damian Szymanski,2022,8,Mediocampista,1,0,0,3,0,0.0,0,0,0,0,1,15
3166,Sebastian Szymański,2022,19,Mediocampista,2,2,0,2,0,0.0,0,0,0,1,1,15
3167,Miroslav Szymkowiak,2006,10,Mediocampista,2,2,0,1,0,0.0,0,0,1,0,1,21
3168,Ryszard Tarasiewicz,1986,7,Mediocampista,1,1,0,3,0,0.0,0,0,0,0,1,14
3169,Lukasz Teodorczyk,2018,14,Delantero,2,0,0,1,0,0.0,0,0,1,0,1,25
3170,Jan Tomaszewski,1974,2,Arquero,7,7,0,0,0,0.0,0,0,6,0,1,3
3170,Jan Tomaszewski,1978,1,Arquero,4,4,0,2,0,0.0,0,0,2,1,1,5
3171,Edmund Tworz,1938,-,Defensor,0,0,0,1,0,0.0,0,0,0,0,0,11
3172,Jan Urban,1986,8,Delantero,4,3,0,0,0,0.0,0,0,1,1,2,14
3173,Tomasz Waldoch,2002,15,Defensor,3,2,2,0,0,0.0,0,0,1,0,2,25
3174,Jozef Wandzik,1986,19,Arquero,0,0,0,4,0,0.0,0,0,0,0,0,14
3175,Jan Wasiewicz,1938,-,Mediocampista,0,0,0,1,0,0.0,0,0,0,0,0,11
3176,Henryk Wieczorek,1974,7,Mediocampista,0,0,0,7,0,0.0,0,0,0,0,0,3
3177,Mateusz Wieteska,2022,4,Defensor,0,0,0,4,0,0.0,0,0,0,0,0,15
3178,Ernest Wilimowski,1938,-,Delantero,1,1,0,0,4,4.0,0,0,0,0,1,11
3179,Gerard Wodarz,1938,-,Delantero,1,1,0,0,0,0.0,0,0,0,0,1,11
3180,Roman Wojcicki,1978,20,Defensor,0,0,0,6,0,0.0,0,0,0,0,0,5
3180,Roman Wojcicki,1982,12,Defensor,1,0,0,6,0,0.0,1,0,1,0,0,3
3180,Roman Wojcicki,1986,5,Defensor,4,4,0,0,0,0.0,1,0,1,1,2,14
3181,Nicola Zalewski,2022,21,Mediocampista,2,1,0,2,0,0.0,0,0,0,1,1,15
3182,Marcin Zewlakow,2002,14,Delantero,3,0,0,0,1,0.33,0,0,1,0,2,25
3183,Michal Zewlakow,2006,14,Defensor,3,3,0,0,0,0.0,1,0,1,0,2,21
3184,Andrzej Zgutczynski,1986,17,Delantero,1,0,0,3,0,0.0,0,0,1,0,0,14
3185,Jacek Zielinski,2002,3,Defensor,1,1,1,2,0,0.0,0,0,1,0,0,25
3186,Piotr Zieliński,2018,19,Mediocampista,3,3,0,0,0,0.0,0,0,1,0,2,25
3186,Piotr Zieliński,2022,20,Mediocampista,4,4,0,0,1,0.25,0,0,1,1,2,15
3187,Wladyslaw Zmuda,1974,9,Defensor,7,7,0,0,0,0.0,0,0,6,0,1,3
3187,Wladyslaw Zmuda,1978,9,Defensor,6,6,0,0,0,0.0,0,0,3,1,2,5
3187,Wladyslaw Zmuda,1982,9,Defensor,7,7,7,0,0,0.0,1,0,3,3,1,3
3187,Wladyslaw Zmuda,1986,3,Defensor,1,0,0,3,0,0.0,0,0,0,0,1,14
3188,Maciej Zurawski,2002,19,Delantero,3,3,0,0,0,0.0,0,0,1,0,2,25
3188,Maciej Zurawski,2006,9,Delantero,3,3,0,0,0,0.0,0,0,1,0,2,21
3189,Szymon Zurkowski,2022,17,Mediocampista,0,0,0,4,0,0.0,0,0,0,0,0,15
3190,Abel Xavier,2002,3,Defensor,1,0,0,2,0,0.0,0,0,0,0,1,21
3191,Alexandre Baptista,1966,20,Defensor,5,5,0,1,0,0.0,0,0,4,0,1,3
3192,André Almeida,2014,19,Defensor,2,1,0,1,0,0.0,0,0,0,1,1,18
3193,Hugo Almeida,2010,18,Delantero,2,2,0,2,1,0.5,1,0,1,0,1,11
3193,Hugo Almeida,2014,9,Delantero,1,1,0,2,0,0.0,0,0,0,0,1,18
3194,Alvaro,1986,5,Defensor,3,3,0,0,0,0.0,0,0,1,0,2,17
3195,Bruno Alves,2010,2,Defensor,4,4,0,0,0,0.0,0,0,1,2,1,11
3195,Bruno Alves,2014,2,Defensor,3,3,0,0,0,0.0,0,0,1,1,1,18
3195,Bruno Alves,2018,2,Defensor,0,0,0,4,0,0.0,0,0,0,0,0,13
3196,Americo,1966,1,Arquero,0,0,0,6,0,0.0,0,0,0,0,0,3
3197,Ruben Amorim,2010,17,Mediocampista,1,0,0,3,0,0.0,0,0,0,1,0,11
3197,Ruben Amorim,2014,20,Mediocampista,1,1,0,2,0,0.0,0,0,1,0,0,18
3199,Antonio Sousa,1986,3,Mediocampista,3,3,0,0,0,0.0,0,0,1,0,2,17
3200,Bandeirinha,1986,11,Defensor,0,0,0,3,0,0.0,0,0,0,0,0,17
3201,Bento,1986,1,Arquero,1,1,1,2,0,0.0,0,0,1,0,0,17
3202,Beto,2002,22,Defensor,3,2,0,0,1,0.33,1,1,1,0,2,21
3202,Beto,2010,12,Arquero,0,0,0,4,0,0.0,0,0,0,0,0,11
3202,Beto,2014,22,Arquero,2,2,0,1,0,0.0,0,0,1,1,0,18
3202,Beto,2018,22,Arquero,0,0,0,4,0,0.0,0,0,0,0,0,13
3203,Boa Morte,2006,15,Delantero,1,0,0,6,0,0.0,1,0,1,0,0,4
3204,João Cancelo,2022,20,Defensor,4,3,0,1,0,0.0,0,0,2,0,2,8
3205,Caneira,2002,4,Defensor,0,0,0,3,0,0.0,0,0,0,0,0,21
3205,Caneira,2006,3,Defensor,1,1,0,6,0,0.0,0,0,1,0,0,4
3206,Capucho,2002,19,Delantero,1,0,0,2,0,0.0,0,0,1,0,0,21
3207,Carlos Manuel,1986,6,Mediocampista,3,3,0,0,1,0.33,0,0,1,0,2,17
3208,Carvalho,1966,2,Arquero,1,1,0,5,0,0.0,0,0,1,0,0,3
3209,William Carvalho,2014,6,Mediocampista,2,1,0,1,0,0.0,0,0,1,1,0,18
3209,William Carvalho,2018,14,Mediocampista,4,4,0,0,0,0.0,0,0,1,2,1,13
3209,William Carvalho,2022,14,Mediocampista,4,2,0,1,0,0.0,0,0,3,0,1,8
3210,Fabio Coentrao,2010,23,Defensor,4,4,0,0,0,0.0,1,0,1,2,1,11
3210,Fabio Coentrao,2014,5,Defensor,1,1,0,2,0,0.0,0,0,0,0,1,18
3211,Coluna,1966,10,Mediocampista,6,6,6,0,0,0.0,1,0,5,0,1,3
3212,Diogo Costa,2022,22,Arquero,5,5,0,0,0,0.0,0,0,3,0,2,8
3213,Ricardo Costa,2006,4,Defensor,1,1,0,6,0,0.0,1,0,0,0,1,4
3213,Ricardo Costa,2010,21,Defensor,2,2,0,2,0,0.0,0,1,0,1,1,11
3213,Ricardo Costa,2014,13,Defensor,2,1,0,1,0,0.0,0,0,0,1,1,18
3214,Costinha,2006,6,Mediocampista,5,4,0,2,0,0.0,2,1,3,0,2,4
3215,Cruz,1966,14,Defensor,0,0,0,6,0,0.0,0,0,0,0,0,3
3216,Custodio Pinto,1966,19,Mediocampista,0,0,0,6,0,0.0,0,0,0,0,0,3
3217,Diogo Dalot,2022,2,Defensor,3,3,0,2,0,0.0,0,0,1,0,2,8
3218,Damas,1986,22,Arquero,2,2,0,1,0,0.0,0,0,0,0,2,17
3219,Daniel Fernandes,2010,22,Arquero,0,0,0,4,0,0.0,0,0,0,0,0,11
3220,Danny,2010,10,Delantero,3,2,0,1,0,0.0,0,0,0,2,1,11
3221,Deco,2006,20,Mediocampista,4,4,0,3,1,0.25,1,1,2,0,2,4
3221,Deco,2010,20,Mediocampista,1,1,0,3,0,0.0,0,0,0,1,0,11
3222,Diamantino,1986,17,Delantero,3,2,0,0,1,0.33,0,0,1,0,2,17
3223,Rúben Dias,2018,13,Defensor,0,0,0,4,0,0.0,0,0,0,0,0,13
3223,Rúben Dias,2022,4,Defensor,4,4,0,1,0,0.0,1,0,3,0,1,8
3224,Duda,2010,5,Defensor,2,1,0,2,0,0.0,1,0,1,1,0,11
3225,Eder,1982,11,Mediocampista,5,5,0,0,2,0.4,0,0,4,0,1,5
3225,Eder,2014,11,Delantero,3,1,0,0,0,0.0,0,0,1,1,1,18
3226,Eduardo,2010,1,Arquero,4,4,0,0,0,0.0,0,0,1,2,1,11
3226,Eduardo,2014,1,Arquero,1,0,0,2,0,0.0,0,0,1,0,0,18
3227,Ernesto,1966,7,Delantero,0,0,0,6,0,0.0,0,0,0,0,0,3
3228,Eusebio,1966,13,Delantero,6,6,0,0,9,1.5,1,0,5,0,1,3
3229,João Félix,2022,11,Delantero,4,4,0,1,1,0.25,1,0,3,0,1,8
3230,Bruno Fernandes,2018,16,Mediocampista,2,1,0,2,0,0.0,1,0,1,1,0,13
3230,Bruno Fernandes,2022,8,Mediocampista,4,4,0,1,2,0.5,1,0,3,0,1,8
3231,Manuel Fernandes,2018,4,Mediocampista,1,0,0,3,0,0.0,0,0,0,0,1,13
3232,Fernando Fernando Couto,2002,5,Defensor,3,3,3,0,0,0.0,0,0,1,0,2,21
3233,Fernando Meira,2006,5,Defensor,7,7,0,0,0,0.0,0,0,4,1,2,4
3234,Festa,1966,22,Defensor,3,3,0,3,0,0.0,0,0,2,0,1,3
3235,Luis Figo,2002,7,Delantero,3,3,0,0,0,0.0,0,0,1,0,2,21
3235,Luis Figo,2006,7,Delantero,7,6,6,0,0,0.0,1,0,4,1,2,4
3236,José Fonte,2018,6,Defensor,4,4,0,0,0,0.0,0,0,1,2,1,13
3237,Frechaut,2002,18,Defensor,1,1,0,2,0,0.0,1,0,1,0,0,21
3238,Frederico,1986,8,Defensor,3,3,0,0,0,0.0,0,0,1,0,2,17
3239,Futre,1986,10,Delantero,3,1,0,0,0,0.0,0,0,1,0,2,17
3240,Germano,1934,-,Arquero,0,0,0,1,0,0.0,0,0,0,0,0,14
3240,Germano,1966,5,Defensor,1,1,0,5,0,0.0,0,0,1,0,0,3
3241,Gomes,1986,9,Delantero,3,3,2,0,0,0.0,1,0,1,0,2,17
3241,Gomes,2010,12,Arquero,0,0,0,5,0,0.0,0,0,0,0,0,6
3242,Gonçalo Guedes,2018,17,Delantero,4,3,0,0,0,0.0,0,0,1,2,1,13
3243,Raphaël Guerreiro,2018,5,Defensor,4,4,0,0,0,0.0,1,0,1,2,1,13
3243,Raphaël Guerreiro,2022,5,Defensor,4,3,0,1,1,0.25,0,0,3,0,1,8
3245,Ricardo Horta,2022,21,Delantero,3,1,0,2,1,0.33,0,0,1,0,2,8
3246,Hugo Viana,2002,12,Mediocampista,0,0,0,3,0,0.0,0,0,0,0,0,21
3246,Hugo Viana,2006,10,Mediocampista,2,0,0,5,0,0.0,0,0,1,1,0,4
3247,Inacio,1986,20,Defensor,3,3,0,0,0,0.0,0,0,1,0,2,17
3248,Jaime Graca,1966,16,Mediocampista,6,6,0,0,0,0.0,0,0,5,0,1,3
3249,Jaime Magalhaes,1986,14,Mediocampista,2,1,0,1,0,0.0,0,0,0,0,2,17
3250,Joao Pinto,1986,2,Defensor,0,0,0,3,0,0.0,0,0,0,0,0,17
3250,Joao Pinto,2002,8,Delantero,3,3,0,0,0,0.0,0,1,1,0,2,21
3251,Jorge Andrade,2002,13,Defensor,2,0,0,1,0,0.0,0,0,0,0,2,21
3252,Jorge Costa,2002,2,Defensor,3,3,0,0,0,0.0,2,0,1,0,2,21
3253,Jorge Martins,1986,12,Arquero,0,0,0,3,0,0.0,0,0,0,0,0,17
3254,Jose Antonio,1986,16,Defensor,1,0,0,2,0,0.0,0,0,1,0,0,17
3255,Jose Augusto,1966,12,Delantero,6,6,0,0,3,0.5,0,0,5,0,1,3
3256,Jose Carlos,1966,21,Defensor,2,2,0,4,0,0.0,0,0,1,0,1,3
3257,Jose Pereira,1966,3,Arquero,5,5,0,1,0,0.0,0,0,4,0,1,3
3258,Rafael Leão,2022,15,Delantero,5,0,0,0,2,0.4,0,0,3,0,2,8
3259,Liedson,2010,9,Delantero,3,1,0,1,1,0.33,0,0,1,1,1,11
3260,Anthony Lopes,2018,12,Arquero,0,0,0,4,0,0.0,0,0,0,0,0,13
3261,Lourenco,1966,8,Delantero,0,0,0,6,0,0.0,0,0,0,0,0,3
3262,Maniche,2006,18,Mediocampista,7,6,0,0,2,0.29,2,0,4,1,2,4
3263,Manuel Duarte,1966,15,Delantero,0,0,0,6,0,0.0,0,0,0,0,0,3
3264,João Mário,2018,10,Mediocampista,4,3,0,0,0,0.0,0,0,1,2,1,13
3264,João Mário,2022,17,Mediocampista,2,1,0,3,0,0.0,0,0,1,0,1,8
3265,Mário Rui,2018,19,Defensor,0,0,0,4,0,0.0,0,0,0,0,0,13
3266,Gelson Martins,2018,18,Delantero,1,0,0,3,0,0.0,0,0,1,0,0,13
3267,Raul Meireles,2010,16,Mediocampista,4,4,0,0,1,0.25,0,0,1,2,1,11
3267,Raul Meireles,2014,16,Mediocampista,2,2,0,1,0,0.0,0,0,0,1,1,18
3268,Nuno Mendes,2022,19,Defensor,1,1,0,4,0,0.0,0,0,1,0,0,8
3269,Miguel,2006,13,Defensor,6,6,0,1,0,0.0,1,0,4,1,1,4
3269,Miguel,2010,13,Defensor,1,1,0,3,0,0.0,0,0,1,0,0,11
3270,Otávio Monteiro,2022,25,Mediocampista,3,3,0,2,0,0.0,0,0,2,0,1,8
3271,Morais,1966,17,Defensor,3,3,0,3,0,0.0,0,0,3,0,0,3
3272,Morato,1986,13,Defensor,0,0,0,3,0,0.0,0,0,0,0,0,17
3273,João Moutinho,2014,8,Mediocampista,3,3,0,0,0,0.0,1,0,1,1,1,18
3273,João Moutinho,2018,8,Mediocampista,3,2,0,1,0,0.0,0,0,1,2,0,13
3275,Nelson,2002,15,Arquero,0,0,0,3,0,0.0,0,0,0,0,0,21
3276,Neto,2014,14,Defensor,0,0,0,3,0,0.0,0,0,0,0,0,18
3277,Rúben Neves,2022,18,Mediocampista,5,4,0,0,0,0.0,1,0,3,0,2,8
3278,Matheus Nunes,2022,23,Mediocampista,2,1,0,3,0,0.0,0,0,1,0,1,8
3279,Nuno Gomes,2002,21,Delantero,2,0,0,1,0,0.0,0,0,0,0,2,21
3279,Nuno Gomes,2006,21,Delantero,2,0,0,5,1,0.5,1,0,1,0,1,4
3280,Nuno Valente,2006,14,Defensor,6,6,0,1,0,0.0,2,0,3,1,2,4
3281,Oliveira,1986,15,Defensor,3,3,0,0,0,0.0,0,0,1,0,2,17
3282,Pacheco,1986,7,Mediocampista,3,3,0,0,0,0.0,1,0,1,0,2,17
3283,João Palhinha,2022,6,Mediocampista,3,0,0,2,0,0.0,0,0,2,0,1,8
3284,Rui Patricio,2014,12,Arquero,1,1,0,2,0,0.0,0,0,0,0,1,18
3284,Rui Patricio,2018,1,Arquero,4,4,0,0,0,0.0,0,0,1,2,1,13
3284,Rui Patricio,2022,1,Arquero,0,0,0,5,0,0.0,0,0,0,0,0,8
3285,Pauleta,2002,9,Delantero,3,3,0,0,3,1.0,0,0,1,0,2,21
3285,Pauleta,2006,9,Delantero,6,6,1,1,1,0.17,1,0,3,1,2,4
3286,Paulo Bento,2002,17,Mediocampista,3,2,0,0,0,0.0,0,0,1,0,2,21
3287,Paulo Ferreira,2006,2,Defensor,3,1,0,4,0,0.0,1,0,1,0,2,4
3287,Paulo Ferreira,2010,3,Defensor,1,1,0,3,0,0.0,0,0,0,1,0,11
3289,Paulo Sousa,2002,6,Mediocampista,0,0,0,3,0,0.0,0,0,0,0,0,21
3290,Pedro Barbosa,2002,14,Mediocampista,0,0,0,3,0,0.0,0,0,0,0,0,21
3291,Pedro Mendes,2010,8,Mediocampista,4,2,0,0,0,0.0,1,0,1,2,1,11
3292,Pepe,1958,22,Delantero,0,0,0,6,0,0.0,0,0,0,0,0,1
3292,Pepe,1962,11,Delantero,0,0,0,6,0,0.0,0,0,0,0,0,1
3292,Pepe,2010,15,Mediocampista,2,2,0,2,0,0.0,1,0,0,1,1,11
3292,Pepe,2014,3,Mediocampista,2,2,0,1,0,0.0,0,1,1,0,1,18
3292,Pepe,2018,3,Defensor,4,4,0,0,1,0.25,0,0,1,2,1,13
3292,Pepe,2022,3,Defensor,4,4,2,1,1,0.25,0,0,2,0,2,8
3293,Danilo Pereira,2022,13,Defensor,1,1,0,4,0,0.0,1,0,1,0,0,8
3294,João Pereira,2014,21,Defensor,3,3,0,0,0,0.0,1,0,1,1,1,18
3295,Ricardo Pereira,2018,15,Defensor,1,1,0,3,0,0.0,0,0,0,0,1,13
3296,Peres,1966,6,Mediocampista,0,0,0,6,0,0.0,0,0,0,0,0,3
3297,Petit,2006,8,Mediocampista,6,3,0,1,0,0.0,2,0,4,1,1,4
3298,Helder Postiga,2006,23,Delantero,3,1,0,4,0,0.0,0,0,1,1,1,4
3298,Helder Postiga,2014,23,Delantero,1,1,0,2,0,0.0,0,0,0,1,0,18
3299,Ricardo Quaresma,2018,20,Delantero,3,1,0,1,1,0.33,1,0,0,2,1,13
3300,Quim,2006,12,Arquero,0,0,0,7,0,0.0,0,0,0,0,0,4
3301,Rafa,2014,15,Mediocampista,0,0,0,3,0,0.0,0,0,0,0,0,18
3302,Gonçalo Ramos,2022,26,Delantero,4,2,0,1,3,0.75,0,0,3,0,1,8
3303,Ribeiro,1986,4,Mediocampista,0,0,0,3,0,0.0,0,0,0,0,0,17
3304,Ricardo,2002,13,Arquero,0,0,0,5,0,0.0,0,0,0,0,0,5
3305,Ricardo Carvalho,2006,16,Defensor,6,6,0,1,0,0.0,2,0,4,1,1,4
3305,Ricardo Carvalho,2010,6,Defensor,4,4,0,0,0,0.0,0,0,1,2,1,11
3306,Rolando,2010,4,Defensor,0,0,0,4,0,0.0,0,0,0,0,0,11
3307,Cristiano Ronaldo,2006,17,Delantero,6,6,0,1,1,0.17,1,0,3,1,2,4
3307,Cristiano Ronaldo,2010,7,Delantero,4,4,4,0,1,0.25,1,0,1,2,1,11
3307,Cristiano Ronaldo,2014,7,Delantero,3,3,3,0,1,0.33,0,0,1,1,1,18
3307,Cristiano Ronaldo,2018,7,Delantero,4,4,4,0,4,1.0,2,0,1,2,1,13
3307,Cristiano Ronaldo,2022,7,Delantero,5,3,3,0,1,0.2,0,0,3,0,2,8
3308,Rui Aguas,1986,19,Delantero,1,0,0,2,0,0.0,0,0,0,0,1,17
3310,Rui Jorge,2002,23,Defensor,3,3,0,0,0,0.0,0,0,1,0,2,21
3311,José Sá,2022,12,Arquero,0,0,0,5,0,0.0,0,0,0,0,0,8
3312,Sergio Conceicao,2002,11,Delantero,3,3,0,0,0,0.0,0,0,1,0,2,21
3313,Adrien Silva,2018,23,Mediocampista,3,2,0,1,0,0.0,1,0,1,1,1,13
3314,André Silva,2018,9,Delantero,3,1,0,1,0,0.0,0,0,0,2,1,13
3314,André Silva,2022,9,Delantero,1,0,0,4,0,0.0,0,0,0,0,1,8
3315,António Silva,2022,24,Defensor,1,1,0,4,0,0.0,0,0,0,0,1,8
3316,Bernardo Silva,2018,11,Mediocampista,4,3,0,0,0,0.0,0,0,1,2,1,13
3316,Bernardo Silva,2022,10,Delantero,5,4,0,0,0,0.0,0,0,3,0,2,8
3317,Simao,2006,11,Delantero,7,3,0,0,1,0.14,0,0,4,1,2,4
3317,Simao,2010,11,Delantero,4,2,0,0,1,0.25,0,0,1,2,1,11
3318,Simoes,1966,11,Delantero,6,6,0,0,1,0.17,0,0,5,0,1,3
3319,Cédric Soares,2018,21,Defensor,3,3,0,1,0,0.0,1,0,1,2,0,13
3320,Sobrinho,1986,18,Defensor,0,0,0,3,0,0.0,0,0,0,0,0,17
3321,Tiago,2006,19,Mediocampista,5,3,0,2,0,0.0,0,0,4,1,0,4
3321,Tiago,2010,19,Mediocampista,4,3,0,0,2,0.5,2,0,1,2,1,11
3322,Jose Torres,1966,18,Delantero,6,6,0,0,3,0.5,0,0,5,0,1,3
3323,Silvestre Varela,2014,18,Delantero,2,0,0,1,1,0.5,0,0,1,1,0,18
3324,Miguel Veloso,2010,14,Mediocampista,2,0,0,2,0,0.0,0,0,1,1,0,11
3324,Miguel Veloso,2014,4,Mediocampista,3,3,0,0,0,0.0,0,0,1,1,1,18
3325,Vicente,1966,4,Defensor,4,4,0,2,0,0.0,0,0,4,0,0,3
3326,Vieirinha,2014,10,Mediocampista,1,0,0,2,0,0.0,0,0,1,0,0,18
3327,Vitinha,2022,16,Mediocampista,3,1,0,2,0,0.0,1,0,1,0,2,8
3328,Vitor Baia,2002,1,Arquero,3,3,0,0,0,0.0,0,0,1,0,2,21
3329,Henock Abrahamsson,1938,-,Arquero,3,3,0,0,0,0.0,0,0,1,0,2,4
3330,Thomas Ahlstrom,1974,22,Mediocampista,2,0,0,4,0,0.0,0,0,1,0,1,5
3331,Olle Ahlund,1950,-,Mediocampista,0,0,0,5,0,0.0,0,0,0,0,0,3
3332,Niclas Alexandersson,2002,7,Mediocampista,4,4,0,0,1,0.25,1,0,1,2,1,13
3332,Niclas Alexandersson,2006,7,Mediocampista,4,4,0,0,0,0.0,1,0,1,2,1,14
3333,Marcus Allback,2002,10,Delantero,4,4,0,0,0,0.0,1,0,1,2,1,13
3333,Marcus Allback,2006,20,Delantero,4,1,0,0,1,0.25,2,0,1,2,1,14
3334,Erik Almgren,1938,-,Mediocampista,3,3,0,0,0,0.0,0,0,1,0,2,4
3335,John Alvbage,2006,12,Arquero,0,0,0,4,0,0.0,0,0,0,0,0,14
3336,Roland Aman,1978,14,Defensor,0,0,0,3,0,0.0,0,0,0,0,0,13
3337,Ake Andersson,1938,-,Delantero,1,1,0,2,0,0.0,0,0,0,0,1,4
3338,Andreas Andersson,2002,22,Delantero,4,0,0,0,0,0.0,0,0,1,2,1,13
3339,Bjorn Andersson,1974,5,Defensor,4,4,0,2,0,0.0,1,0,1,2,1,5
3340,Daniel Andersson,2002,20,Mediocampista,0,0,0,4,0,0.0,0,0,0,0,0,13
3340,Daniel Andersson,2006,19,Mediocampista,1,0,0,3,0,0.0,0,0,0,1,0,14
3341,Ernst Andersson,1934,-,Mediocampista,2,2,0,0,0,0.0,0,0,1,0,1,8
3342,Harry Andersson,1938,-,Delantero,3,3,0,0,1,0.33,0,0,1,0,2,4
3343,Kennet Andersson,1994,19,Delantero,7,6,0,0,5,0.71,2,0,3,3,1,3
3344,Magnus Andersson,1978,13,Defensor,0,0,0,3,0,0.0,0,0,0,0,0,13
3345,Otto Andersson,1934,-,Defensor,0,0,0,2,0,0.0,0,0,0,0,0,8
3346,Patrik Andersson,1994,3,Defensor,7,7,0,0,0,0.0,0,0,3,3,1,3
3346,Patrik Andersson,2002,3,Defensor,0,0,0,4,0,0.0,0,0,0,0,0,13
3347,Roland Andersson,1978,20,Defensor,0,0,0,3,0,0.0,0,0,0,0,0,13
3348,Roy Andersson,1978,3,Defensor,3,3,0,0,0,0.0,0,0,0,1,2,13
3349,Sune Andersson,1950,-,Defensor,5,5,0,0,2,0.4,0,0,2,1,2,3
3350,Sven Andersson,1934,-,Defensor,2,2,0,0,0,0.0,0,0,1,0,1,8
3350,Sven Andersson,1990,1,Arquero,0,0,0,3,0,0.0,0,0,0,0,0,21
3351,Tomas Antonelius,2002,13,Defensor,0,0,0,4,0,0.0,0,0,0,0,0,13
3352,Sanny Aslund,1978,21,Delantero,0,0,0,3,0,0.0,0,0,0,0,0,13
3353,Ludwig Augustinsson,2018,6,Defensor,5,5,0,0,1,0.2,0,0,3,0,2,7
3354,Jorgen Augustsson,1974,18,Defensor,3,2,0,3,0,0.0,0,0,1,0,2,5
3355,Sven Axbom,1958,3,Defensor,6,6,0,0,0,0.0,0,0,4,1,1,2
3356,Kurt Axelsson,1970,3,Defensor,3,3,0,0,0,0.0,0,0,1,1,1,9
3357,Nils Axelsson,1934,-,Defensor,2,2,0,0,0,0.0,0,0,1,0,1,8
3358,Marcus Berg,2018,9,Delantero,5,5,0,0,0,0.0,0,0,3,0,2,7
3359,Orvar Bergmark,1958,2,Defensor,6,6,0,0,0,0.0,0,0,4,1,1,2
3360,Curt Bergsten,1938,-,Delantero,0,0,0,3,0,0.0,0,0,0,0,0,4
3361,Bengt Berndtsson,1958,21,Delantero,1,1,0,5,0,0.0,0,0,0,1,0,2
3362,Joachim Bjorklund,1994,4,Defensor,6,6,0,1,0,0.0,0,0,3,2,1,3
3363,Jesper Blomqvist,1994,21,Mediocampista,2,1,0,5,0,0.0,0,0,0,2,0,3
3364,Hasse Borg,1978,2,Defensor,3,3,0,0,0,0.0,1,0,0,1,2,13
3365,Reino Borjesson,1958,15,Mediocampista,4,4,0,2,0,0.0,0,0,2,1,1,2
3366,Tomas Brolin,1990,17,Delantero,3,3,0,0,1,0.33,0,0,0,0,3,21
3366,Tomas Brolin,1994,11,Delantero,7,7,0,0,3,0.43,1,0,3,3,1,3
3367,Lennart Bunke,1938,-,Delantero,0,0,0,3,0,0.0,0,0,0,0,0,4
3368,Rune Carlsson,1934,-,Mediocampista,2,2,0,0,0,0.0,0,0,1,0,1,8
3369,Viktor Claesson,2018,17,Mediocampista,5,5,0,0,0,0.0,1,0,3,0,2,7
3370,Claes Cronqvist,1970,13,Delantero,1,1,0,2,0,0.0,1,0,0,0,1,9
3370,Claes Cronqvist,1974,19,Mediocampista,0,0,0,6,0,0.0,0,0,0,0,0,5
3371,Martin Dahlin,1994,10,Delantero,5,5,0,2,4,0.8,2,0,2,2,1,3
3372,Gosta Dunker,1934,-,Delantero,2,2,0,0,1,0.5,0,0,1,0,1,8
3373,Jimmy Durmaz,2018,21,Mediocampista,1,0,0,4,0,0.0,0,0,0,0,1,7
3374,Erik Edman,2002,14,Defensor,0,0,0,4,0,0.0,0,0,0,0,0,13
3374,Erik Edman,2006,5,Defensor,4,4,0,0,0,0.0,0,0,1,2,1,14
3375,Ralf Edstrom,1974,10,Delantero,6,6,0,0,4,0.67,0,0,2,2,2,5
3375,Ralf Edstrom,1978,22,Delantero,3,1,0,0,0,0.0,0,0,0,1,2,13
3376,Inge Ejderstedt,1970,21,Mediocampista,1,0,0,2,0,0.0,0,0,0,0,1,9
3376,Inge Ejderstedt,1974,16,Mediocampista,2,1,0,4,0,0.0,0,0,0,1,1,5
3377,Albin Ekdal,2018,8,Mediocampista,5,5,0,0,0,0.0,1,0,3,0,2,7
3378,Johnny Ekstrom,1990,18,Delantero,2,1,0,1,1,0.5,0,0,0,0,2,21
3379,Johan Elmander,2006,17,Delantero,2,0,0,2,0,0.0,0,0,1,1,0,14
3380,Leif Engqvist,1990,9,Mediocampista,1,0,0,2,0,0.0,0,0,0,0,1,21
3381,Ivar Eriksson,1938,-,Defensor,3,3,0,0,0,0.0,0,0,1,0,2,4
3382,Jan Eriksson,1990,2,Defensor,0,0,0,3,0,0.0,0,0,0,0,0,21
3383,Lars Eriksson,1990,12,Arquero,0,0,0,3,0,0.0,0,0,0,0,0,21
3383,Lars Eriksson,1994,12,Arquero,0,0,0,7,0,0.0,0,0,0,0,0,3
3384,Leif Eriksson,1970,8,Mediocampista,2,2,0,1,0,0.0,0,0,1,0,1,9
3385,Ingemar Erlandsson,1978,5,Defensor,3,3,0,0,0,0.0,0,0,0,1,2,13
3386,Magnus Erlingmark,1994,20,Delantero,1,0,0,6,0,0.0,0,0,1,0,0,3
3387,Pontus Farnerud,2002,19,Mediocampista,0,0,0,4,0,0.0,0,0,0,0,0,13
3388,Emil Forsberg,2018,10,Mediocampista,5,5,0,0,1,0.2,0,0,3,0,2,7
3389,Ingvar Gard,1950,-,Mediocampista,5,5,0,0,0,0.0,0,0,2,1,2,3
3390,Karl Erik Grahn,1938,-,Mediocampista,0,0,0,3,0,0.0,0,0,0,0,0,4
3391,Ove Grahn,1970,10,Delantero,2,1,0,1,1,0.5,0,0,1,0,1,9
3391,Ove Grahn,1974,6,Mediocampista,6,6,0,0,0,0.0,2,0,2,2,2,5
3392,Erik Granath,1934,-,Defensor,0,0,0,2,0,0.0,0,0,0,0,0,8
3393,Andreas Granqvist,2018,4,Defensor,5,5,5,0,2,0.4,0,0,3,0,2,7
3394,Gunnar Gren,1958,8,Mediocampista,5,5,0,1,1,0.2,0,0,4,0,1,2
3395,Mats Gren,1990,19,Mediocampista,1,0,0,2,0,0.0,0,0,0,0,1,21
3396,Roland Grip,1970,5,Defensor,3,3,0,0,0,0.0,0,0,1,1,1,9
3396,Roland Grip,1974,13,Defensor,3,2,0,3,0,0.0,0,0,1,1,1,5
3397,John Guidetti,2018,11,Delantero,2,0,0,3,0,0.0,1,0,0,0,2,7
3398,Bengt Gustavsson,1958,14,Mediocampista,6,6,1,0,0,0.0,0,0,4,1,1,2
3399,Ragnar Gustavsson,1934,-,Delantero,2,2,0,0,0,0.0,0,0,1,0,1,8
3400,Goran Hagberg,1974,17,Arquero,0,0,0,6,0,0.0,0,0,0,0,0,5
3400,Goran Hagberg,1978,12,Arquero,0,0,0,3,0,0.0,0,0,0,0,0,13
3401,Olle Hakansson,1958,17,Mediocampista,0,0,0,6,0,0.0,0,0,0,0,0,2
3402,Kurt Hamrin,1958,7,Delantero,5,5,0,1,4,0.8,0,0,4,0,1,2
3403,Knut Hansson,1938,-,Delantero,0,0,0,3,0,0.0,0,0,0,0,0,4
3404,Petter Hansson,2006,13,Defensor,1,0,0,3,0,0.0,0,0,0,0,1,14
3405,Ingemar Haraldsson,1958,16,Arquero,0,0,0,6,0,0.0,0,0,0,0,0,2
3406,Magnus Hedman,1994,22,Arquero,0,0,0,7,0,0.0,0,0,0,0,0,3
3406,Magnus Hedman,2002,1,Arquero,4,4,0,0,0,0.0,0,0,1,2,1,13
3407,Filip Helander,2018,14,Defensor,0,0,0,5,0,0.0,0,0,0,0,0,7
3408,Ronnie Hellstrom,1970,1,Arquero,1,1,0,2,0,0.0,0,0,0,0,1,9
3408,Ronnie Hellstrom,1974,1,Arquero,6,6,0,0,0,0.0,0,0,2,2,2,5
3408,Ronnie Hellstrom,1978,1,Arquero,3,3,0,0,0,0.0,0,0,0,1,2,13
3409,Oscar Hiljemark,2018,15,Mediocampista,2,0,0,3,0,0.0,0,0,2,0,0,7
3410,Glenn Hysen,1990,3,Defensor,2,2,2,1,0,0.0,0,0,0,0,2,21
3411,Zlatan Ibrahimovic,2002,21,Delantero,2,0,0,2,0,0.0,0,0,0,1,1,13
3411,Zlatan Ibrahimovic,2006,10,Delantero,3,3,0,1,0,0.0,0,0,1,1,1,14
3412,Klas Ingesson,1990,10,Mediocampista,3,3,0,0,0,0.0,0,0,0,0,3,21
3412,Klas Ingesson,1994,8,Mediocampista,7,7,0,0,0,0.0,1,0,3,3,1,3
3413,Andreas Isaksson,2002,23,Arquero,0,0,0,4,0,0.0,0,0,0,0,0,13
3413,Andreas Isaksson,2006,1,Arquero,3,3,0,1,0,0.0,0,0,1,1,1,14
3414,Sven Jacobsson,1938,-,Mediocampista,2,2,0,1,0,0.0,0,0,1,0,1,4
3415,Andreas Jakobsson,2002,15,Defensor,4,4,0,0,0,0.0,1,0,1,2,1,13
3416,Gunnar Jansson,1934,-,Delantero,0,0,0,2,0,0.0,0,0,0,0,0,8
3417,Pontus Jansson,2018,18,Defensor,2,1,0,3,0,0.0,0,0,1,0,1,7
3418,Ulrik Jansson,1990,11,Mediocampista,0,0,0,3,0,0.0,0,0,0,0,0,21
3419,Hans Jeppsson,1950,-,Delantero,4,4,0,1,2,0.5,0,0,1,1,2,3
3420,Ake Johansson,1958,5,Defensor,0,0,0,6,0,0.0,0,0,0,0,0,2
3421,Gunnar Johansson Ii,1950,-,Defensor,2,2,0,3,0,0.0,0,0,1,0,1,3
3422,Karl Johnsson,1934,-,Mediocampista,0,0,0,2,0,0.0,0,0,0,0,0,8
3423,Karl-Johan Johnsson,2018,12,Arquero,0,0,0,5,0,0.0,0,0,0,0,0,7
3424,Sven Jonasson,1934,-,Delantero,2,2,0,0,2,1.0,0,0,1,0,1,8
3424,Sven Jonasson,1938,-,Delantero,3,3,0,0,1,0.33,0,0,1,0,2,4
3425,Mattias Jonson,2002,18,Mediocampista,2,0,0,2,0,0.0,0,0,0,1,1,13
3425,Mattias Jonson,2006,18,Delantero,4,2,0,0,0,0.0,1,0,1,2,1,14
3426,Egon Jonsson,1950,-,Delantero,3,3,0,2,0,0.0,0,0,1,1,1,3
3427,Henry Kallgren,1958,19,Delantero,1,1,0,5,0,0.0,0,0,0,1,0,2
3428,Olle Kallgren,1938,-,Defensor,2,2,0,1,0,0.0,0,0,1,0,1,4
3429,Kim Kallstrom,2006,16,Mediocampista,4,3,0,0,0,0.0,0,0,1,2,1,14
3430,Pontus Kamark,1994,14,Defensor,4,2,0,3,0,0.0,0,0,2,2,0,3
3431,Kent Karlsson,1974,3,Defensor,6,6,0,0,0,0.0,0,0,2,2,2,5
3431,Kent Karlsson,1978,19,Defensor,0,0,0,3,0,0.0,0,0,0,0,0,13
3432,Tore Keller,1934,-,Delantero,2,2,0,0,0,0.0,0,0,1,0,1,8
3432,Tore Keller,1938,-,Delantero,2,2,2,1,3,1.5,0,0,1,0,1,4
3433,Isaac Kiese Thelin,2018,22,Delantero,4,0,0,1,0,0.0,0,0,3,0,1,7
3434,Magnus Kihlstedt,2002,12,Arquero,0,0,0,4,0,0.0,0,0,0,0,0,13
3435,Ove Kindvall,1970,9,Delantero,3,3,0,0,0,0.0,0,0,1,1,1,9
3435,Ove Kindvall,1974,9,Mediocampista,2,2,0,4,0,0.0,0,0,1,1,0,5
3436,Krister Kirstersson,1970,14,Defensor,0,0,0,3,0,0.0,0,0,0,0,0,9
3437,Emil Krafth,2018,16,Defensor,2,1,0,3,0,0.0,0,0,1,0,1,7
3438,Knut Kroon,1934,-,Delantero,2,2,0,0,1,0.5,0,0,1,0,1,8
3439,Bo Larsson,1970,7,Mediocampista,3,3,0,0,0,0.0,0,0,1,1,1,9
3439,Bo Larsson,1974,7,Mediocampista,5,5,5,1,0,0.0,0,0,1,2,2,5
3439,Bo Larsson,1978,8,Mediocampista,3,3,0,0,0,0.0,0,0,0,1,2,13
3440,Henrik Larsson,1994,7,Delantero,5,2,0,2,1,0.2,0,0,2,3,0,3
3440,Henrik Larsson,2002,11,Delantero,4,4,0,0,3,0.75,1,0,1,2,1,13
3440,Henrik Larsson,2006,11,Delantero,4,4,0,0,1,0.25,1,0,1,2,1,14
3441,Lennart Larsson,1978,9,Mediocampista,3,3,0,0,0,0.0,0,0,0,1,2,13
3442,Peter Larsson,1990,4,Defensor,3,3,0,0,0,0.0,0,0,0,0,3,21
3443,Sebastian Larsson,2018,7,Mediocampista,4,4,0,1,0,0.0,3,0,2,0,2,7
3444,Sven-Gunnar Larsson,1970,12,Arquero,2,2,0,1,0,0.0,0,0,1,1,0,9
3444,Sven-Gunnar Larsson,1974,12,Arquero,0,0,0,6,0,0.0,0,0,0,0,0,5
3445,Nils Liedholm,1958,4,Mediocampista,5,5,5,1,2,0.4,0,0,4,0,1,2
3446,Anders Limpar,1990,13,Mediocampista,2,2,0,1,0,0.0,0,0,0,0,2,21
3446,Anders Limpar,1994,16,Mediocampista,1,0,0,6,0,0.0,0,0,1,0,0,3
3447,Torsten Lindberg,1950,-,Arquero,0,0,0,5,0,0.0,0,0,0,0,0,3
3448,Victor Lindelöf,2018,3,Defensor,4,4,0,1,0,0.0,0,0,2,0,2,7
3449,Arne Linderholm,1938,-,Mediocampista,1,1,0,2,0,0.0,0,0,0,0,1,4
3450,Anders Linderoth,1978,7,Mediocampista,3,2,0,0,0,0.0,0,0,0,1,2,13
3451,Tobias Linderoth,2002,6,Mediocampista,4,4,0,0,0,0.0,0,0,1,2,1,13
3451,Tobias Linderoth,2006,6,Mediocampista,4,4,0,0,0,0.0,1,0,1,2,1,14
3452,Sven Lindman,1974,20,Mediocampista,0,0,0,6,0,0.0,0,0,0,0,0,5
3453,Roger Ljung,1990,5,Defensor,1,1,0,2,0,0.0,0,0,0,0,1,21
3453,Roger Ljung,1994,5,Defensor,6,6,0,1,1,0.17,2,0,2,3,1,3
3454,Fredrik Ljungberg,2002,9,Mediocampista,2,2,0,2,0,0.0,0,0,1,1,0,13
3454,Fredrik Ljungberg,2006,9,Mediocampista,4,4,0,0,1,0.25,1,0,1,2,1,14
3455,Gosta Lofgren,1958,18,Delantero,1,1,0,5,0,0.0,0,0,0,1,0,2
3456,Teddy Lucic,1994,15,Defensor,0,0,0,7,0,0.0,0,0,0,0,0,3
3456,Teddy Lucic,2002,16,Defensor,4,4,0,0,0,0.0,0,0,1,2,1,13
3456,Teddy Lucic,2006,4,Defensor,4,4,0,0,0,0.0,1,1,1,2,1,14
3457,Mikael Lustig,2018,2,Defensor,4,4,0,1,0,0.0,2,0,3,0,1,7
3458,Benno Magnusson,1974,15,Delantero,2,1,0,4,0,0.0,0,0,1,1,0,5
3459,Mats Magnusson,1990,20,Delantero,1,1,0,2,0,0.0,0,0,0,0,1,21
3460,Leif Malberg,1970,15,Defensor,0,0,0,3,0,0.0,0,0,0,0,0,9
3461,Arne Mansson,1950,-,Defensor,0,0,0,5,0,0.0,0,0,0,0,0,3
3462,Bror Mellberg,1950,-,Delantero,2,2,0,3,1,0.5,0,0,1,0,1,3
3462,Bror Mellberg,1958,20,Delantero,2,2,0,4,0,0.0,0,0,2,0,0,2
3463,Olof Mellberg,2002,2,Defensor,4,4,0,0,0,0.0,0,0,1,2,1,13
3463,Olof Mellberg,2006,3,Defensor,4,4,4,0,0,0.0,0,0,1,2,1,14
3464,Hakan Mild,1994,18,Mediocampista,5,3,0,2,1,0.2,1,0,2,2,1,3
3465,Johan Mjallby,2002,4,Defensor,4,4,4,0,0,0.0,1,0,1,2,1,13
3466,Jan Moller,1978,17,Arquero,0,0,0,3,0,0.0,0,0,0,0,0,13
3467,Goran Nicklasson,1970,19,Mediocampista,2,1,0,1,0,0.0,0,0,1,0,1,9
3468,Erik Nilsson,1938,-,Defensor,1,1,0,2,0,0.0,0,0,0,0,1,4
3468,Erik Nilsson,1950,-,Defensor,5,5,5,0,0,0.0,0,0,2,1,2,3
3469,Harry Nilsson,1938,-,Defensor,0,0,0,3,0,0.0,0,0,0,0,0,4
3470,Joakim Nilsson,1990,14,Mediocampista,3,3,0,0,0,0.0,1,0,0,0,3,21
3471,Mikael Nilsson,1994,13,Defensor,0,0,0,7,0,0.0,0,0,0,0,0,3
3471,Mikael Nilsson,2006,2,Defensor,0,0,0,4,0,0.0,0,0,0,0,0,14
3474,Torbjorn Nilsson,1978,15,Delantero,1,1,0,2,0,0.0,0,0,0,0,1,13
3475,Knut Nordahl,1950,-,Mediocampista,3,3,0,2,0,0.0,0,0,1,1,1,3
3476,Thomas Nordahl,1970,16,Mediocampista,1,1,0,2,0,0.0,0,0,0,1,0,9
3477,Kristoffer Nordfeldt,2018,23,Arquero,0,0,0,5,0,0.0,0,0,0,0,0,7
3478,Olle Nordin,1978,18,Mediocampista,1,1,0,2,0,0.0,0,0,0,0,1,13
3479,Bjorn Nordqvist,1970,4,Defensor,2,2,2,1,0,0.0,0,0,1,0,1,9
3479,Bjorn Nordqvist,1974,4,Defensor,5,5,1,1,0,0.0,1,0,2,1,2,5
3479,Bjorn Nordqvist,1978,4,Defensor,3,3,3,0,0,0.0,0,0,0,1,2,13
3480,Arne Nyberg,1938,-,Delantero,3,3,0,0,3,1.0,0,0,1,0,2,4
3481,Niclas Nyhlen,1990,7,Defensor,0,0,0,3,0,0.0,0,0,0,0,0,21
3482,Prawitz Oberg,1958,13,Defensor,0,0,0,6,0,0.0,0,0,0,0,0,2
3483,Ove Ohlsson,1958,22,Delantero,0,0,0,6,0,0.0,0,0,0,0,0,2
3484,Robin Olsen,2018,1,Arquero,5,5,0,0,0,0.0,0,0,3,0,2,7
3485,Gunnar Olsson,1934,-,Delantero,0,0,0,2,0,0.0,0,0,0,0,0,8
3486,Jan Olsson,1970,20,Defensor,2,2,0,1,0,0.0,0,0,0,1,1,9
3486,Jan Olsson,1974,2,Defensor,4,4,0,2,0,0.0,0,0,1,2,1,5
3487,Martin Olsson,2018,5,Defensor,2,0,0,3,0,0.0,0,0,1,0,1,7
3488,Karl-Erik Palmer,1950,-,Delantero,5,5,0,0,3,0.6,0,0,2,1,2,3
3489,Sten Palsson,1970,22,Delantero,1,0,0,2,0,0.0,0,0,0,1,0,9
3490,Sigge Parling,1958,6,Mediocampista,6,6,0,0,0,0.0,0,0,4,1,1,2
3491,Erik Persson,1938,-,Delantero,1,1,0,2,0,0.0,0,0,0,0,1,4
3492,Orjan Persson,1970,11,Mediocampista,2,2,0,1,0,0.0,1,0,1,1,0,9
3492,Orjan Persson,1974,21,Mediocampista,2,1,0,4,0,0.0,1,0,1,1,0,5
3493,Stefan Petterson,1990,21,Delantero,3,2,0,0,0,0.0,0,0,0,0,3,21
3494,Ronny Pettersson,1970,17,Arquero,0,0,0,3,0,0.0,0,0,0,0,0,9
3495,Thomas Ravelli,1990,22,Arquero,3,3,0,0,0,0.0,0,0,0,0,3,21
3495,Thomas Ravelli,1994,1,Arquero,7,7,0,0,0,0.0,0,0,3,3,1,3
3496,Stefan Rehn,1994,17,Mediocampista,1,0,0,6,0,0.0,0,0,0,0,1,3
3497,Marcus Rohdén,2018,19,Mediocampista,0,0,0,5,0,0.0,0,0,0,0,0,7
3498,Nils Rosen,1934,-,Mediocampista,2,2,2,0,0,0.0,0,0,1,0,1,8
3499,Markus Rosenberg,2006,22,Delantero,0,0,0,4,0,0.0,0,0,0,0,0,14
3500,Anders Rydberg,1934,-,Arquero,2,2,0,0,0,0.0,0,0,1,0,1,8
3501,Ingvar Rydell,1950,-,Delantero,1,1,0,4,0,0.0,0,0,1,0,0,3
3502,Lennart Samuelsson,1950,-,Defensor,5,5,0,0,0,0.0,0,0,2,1,2,3
3503,Roland Sandberg,1974,11,Delantero,6,6,0,0,2,0.33,0,0,2,2,2,5
3504,Stefan Schwarz,1990,8,Defensor,3,3,0,0,0,0.0,1,0,0,0,3,21
3504,Stefan Schwarz,1994,6,Mediocampista,6,6,0,1,0,0.0,1,1,3,3,0,3
3505,Hans Selander,1970,2,Defensor,2,2,0,1,0,0.0,0,0,1,1,0,9
3506,Arne Selmonsson,1958,10,Delantero,1,1,0,5,0,0.0,0,0,0,1,0,2
3507,Rami Shaaban,2006,23,Arquero,1,1,0,3,0,0.0,0,0,0,1,0,14
3508,Agne Simonsson,1958,9,Delantero,5,5,0,1,4,0.8,0,0,4,0,1,2
3509,Gustav Sjoberg,1938,-,Arquero,0,0,0,3,0,0.0,0,0,0,0,0,4
3510,Thomas Sjoberg,1978,10,Delantero,3,3,0,0,1,0.33,0,0,0,1,2,13
3511,Lennart Skoglund,1950,-,Delantero,3,3,0,2,0,0.0,0,0,1,1,1,3
3511,Lennart Skoglund,1958,11,Delantero,6,6,0,0,1,0.17,0,0,4,1,1,2
3512,Fredrik Stenman,2006,14,Defensor,0,0,0,4,0,0.0,0,0,0,0,0,14
3513,Glenn Stromberg,1990,15,Mediocampista,3,1,0,0,1,0.33,1,0,0,0,3,21
3514,Stig Sundqvist,1950,-,Delantero,5,5,0,0,3,0.6,0,0,2,1,2,3
3515,Kurt Svanstrom,1938,-,Mediocampista,3,3,1,0,0,0.0,0,0,1,0,2,4
3516,Anders Svensson,2002,8,Mediocampista,4,3,0,0,1,0.25,0,0,1,2,1,13
3516,Anders Svensson,2006,8,Mediocampista,1,1,0,3,0,0.0,0,0,0,1,0,14
3517,Gustav Svensson,2018,13,Mediocampista,3,1,0,2,0,0.0,0,0,3,0,0,7
3518,Kalle Svensson,1950,-,Arquero,5,5,0,0,0,0.0,0,0,2,1,2,3
3518,Kalle Svensson,1958,1,Arquero,6,6,0,0,0,0.0,0,0,4,1,1,2
3519,Karl Svensson,2006,15,Defensor,0,0,0,4,0,0.0,0,0,0,0,0,14
3520,Magnus Svensson,2002,17,Mediocampista,4,3,0,0,0,0.0,1,0,1,2,1,13
3521,Michael Svensson,2002,5,Defensor,0,0,0,4,0,0.0,0,0,0,0,0,13
3522,Tommy Svensson,1970,6,Mediocampista,3,3,1,0,0,0.0,0,0,1,1,1,9
3523,Tore Svensson,1958,12,Arquero,0,0,0,6,0,0.0,0,0,0,0,0,2
3524,Staffan Tapper,1974,14,Mediocampista,5,5,0,1,0,0.0,0,0,1,2,2,5
3524,Staffan Tapper,1978,6,Mediocampista,2,2,0,1,0,0.0,0,0,0,1,1,13
3525,Jonas Thern,1990,16,Mediocampista,2,2,1,1,0,0.0,1,0,0,0,2,21
3525,Jonas Thern,1994,9,Mediocampista,5,5,5,2,0,0.0,1,1,2,2,1,3
3526,Arvid Thoern,1934,-,Delantero,0,0,0,2,0,0.0,0,0,0,0,0,8
3527,Ola Toivonen,2018,20,Delantero,5,5,0,0,1,0.2,0,0,3,0,2,7
3528,Conny Torstensson,1974,8,Delantero,5,4,0,1,1,0.2,0,0,2,1,2,5
3528,Conny Torstensson,1978,16,Delantero,1,0,0,2,0,0.0,0,0,0,0,1,13
3529,Tom Turesson,1970,18,Delantero,2,1,0,1,1,0.5,0,0,1,1,0,9
3530,Sven Unger,1938,-,Delantero,0,0,0,3,0,0.0,0,0,0,0,0,4
3531,Benny Wendt,1978,11,Delantero,3,2,0,0,0,0.0,0,0,0,1,2,13
3532,Gustav Wetterstrom,1938,-,Delantero,2,2,0,1,3,1.5,0,0,1,0,1,4
3533,Eivar Widlund,1934,-,Arquero,0,0,0,2,0,0.0,0,0,0,0,0,8
3534,Christian Wilhelmsson,2006,21,Mediocampista,4,2,0,0,0,0.0,0,0,1,2,1,14
3535,Jovan Acimovic,1974,10,Mediocampista,6,6,1,0,0,0.0,1,0,1,2,3,7
3536,Andrija Ankovic,1962,7,Mediocampista,1,1,0,5,0,0.0,0,0,1,0,0,4
3537,Milorad Arsenijevic,1930,-,Mediocampista,3,3,0,0,0,0.0,0,0,2,0,1,4
3538,Aleksandar Atanackovic,1950,-,Delantero,0,0,0,3,0,0.0,0,0,0,0,0,5
3539,Srdan Babic,2022,15,Defensor,1,0,0,2,0,0.0,0,0,0,1,0,29
3540,Dusan Bajevic,1974,19,Delantero,3,3,0,3,3,1.0,1,0,1,1,1,7
3541,Mirsad Baljic,1990,18,Defensor,1,1,0,4,0,0.0,0,0,0,0,1,5
3542,Dusan Basta,2006,13,Defensor,0,0,0,3,0,0.0,0,0,0,0,0,32
3543,Vladimir Beara,1950,-,Arquero,0,0,0,3,0,0.0,0,0,0,0,0,5
3543,Vladimir Beara,1954,1,Arquero,3,3,0,0,0,0.0,0,0,1,1,1,8
3543,Vladimir Beara,1958,1,Arquero,3,3,0,1,0,0.0,0,0,1,2,0,8
3544,Ivica Bek,1930,-,Delantero,3,3,0,0,3,1.0,0,0,2,0,1,4
3545,Bruno Belin,1954,17,Defensor,0,0,0,3,0,0.0,0,0,0,0,0,8
3546,Stjepan Bobek,1950,-,Delantero,3,3,0,0,1,0.33,0,0,2,0,1,5
3546,Stjepan Bobek,1954,10,Delantero,2,2,1,1,0,0.0,0,0,1,0,1,8
3547,Vladislav Bogicevic,1974,6,Defensor,5,5,0,1,1,0.2,0,0,1,2,2,7
3548,Alen Boksic,1990,14,Delantero,0,0,0,5,0,0.0,0,0,0,0,0,5
3548,Alen Boksic,2002,11,Delantero,3,3,0,0,0,0.0,0,0,1,0,2,23
3549,Vujadin Boskov,1954,6,Mediocampista,3,3,0,0,0,0.0,0,0,1,1,1,8
3549,Vujadin Boskov,1958,9,Mediocampista,4,4,0,0,0,0.0,0,0,1,2,1,8
3550,Branko Brnovic,1998,6,Defensor,3,2,0,1,0,0.0,0,0,2,0,1,10
3551,Dragoljub Brnovic,1990,7,Mediocampista,5,4,0,0,0,0.0,1,0,3,1,1,5
3552,Bozo Broketa,1950,-,Defensor,0,0,0,3,0,0.0,0,0,0,0,0,5
3553,Ivan Buljan,1974,2,Defensor,6,6,0,0,0,0.0,1,0,1,2,3,7
3554,Zeljko Cajkovski,1950,-,Delantero,3,3,0,0,2,0.67,0,0,2,0,1,5
3555,Zlatko Cajkovski,1954,4,Mediocampista,3,3,0,0,0,0.0,0,0,1,1,1,8
3556,Ratko Colic,1950,-,Defensor,0,0,0,3,0,0.0,0,0,0,0,0,5
3557,Tomislav Crnkovic,1954,3,Defensor,3,3,0,0,0,0.0,0,0,1,1,1,8
3557,Tomislav Crnkovic,1958,4,Defensor,4,4,0,0,0,0.0,0,0,1,2,1,8
3558,Stjepan Deveric,1982,18,Delantero,0,0,0,3,0,0.0,0,0,0,0,0,16
3559,Predrag Djajic,1950,-,Mediocampista,3,3,0,0,0,0.0,0,0,2,0,1,5
3560,Momcilo Djokic,1930,-,Mediocampista,3,3,0,0,0,0.0,0,0,2,0,1,4
3561,Nenad Djordjevic,2006,14,Defensor,2,2,0,1,0,0.0,0,0,0,0,2,32
3562,Predrag Djordjevic,2006,11,Mediocampista,3,3,0,0,0,0.0,0,0,0,0,3,32
3563,Goran Djorovic,1998,3,Defensor,4,4,0,0,0,0.0,1,0,2,1,1,10
3564,Miroslav Djukic,1998,5,Defensor,0,0,0,4,0,0.0,0,0,0,0,0,10
3565,Andjelko Djuricic,2010,23,Arquero,0,0,0,3,0,0.0,0,0,0,0,0,23
3566,Filip Djuricic,2022,21,Delantero,2,0,0,1,0,0.0,0,0,0,1,1,29
3567,Marko Dmitrović,2018,23,Arquero,0,0,0,3,0,0.0,0,0,0,0,0,23
3567,Marko Dmitrović,2022,1,Arquero,0,0,0,3,0,0.0,0,0,0,0,0,29
3568,Kiril Dojcinovski,1974,15,Defensor,0,0,0,6,0,0.0,0,0,0,0,0,7
3569,Ivica Dragutinovic,2006,3,Defensor,1,1,0,2,0,0.0,1,0,0,0,1,32
3570,Ljubinko Drulovic,1998,15,Mediocampista,0,0,0,4,0,0.0,0,0,0,0,0,10
3571,Milan Dudic,2006,15,Defensor,2,2,0,1,0,0.0,1,0,0,0,2,32
3572,Igor Duljaj,2006,4,Mediocampista,3,3,0,0,0,0.0,1,0,0,0,3,32
3573,Vladimir Durkovic,1962,2,Defensor,6,6,0,0,0,0.0,0,0,3,0,3,4
3574,Dionizije Dvornic,1954,20,Delantero,1,1,0,2,0,0.0,0,0,0,1,0,8
3575,Dragan Dzajic,1974,11,Delantero,5,5,5,1,1,0.2,0,0,1,2,2,7
3576,Strahinja Erakovic,2022,3,Defensor,0,0,0,3,0,0.0,0,0,0,0,0,29
3577,Ivan Ergic,2006,2,Mediocampista,2,1,0,1,0,0.0,0,0,0,0,2,32
3578,Vladimir Firm,1950,-,Defensor,0,0,0,3,0,0.0,0,0,0,0,0,5
3579,Milan Galic,1962,10,Delantero,6,6,5,0,3,0.5,0,0,3,0,3,4
3580,Goran Gavrancic,2006,6,Defensor,3,3,0,0,0,0.0,2,0,0,0,3,32
3581,Dejan Govedarica,1998,18,Mediocampista,1,0,0,3,0,0.0,0,0,0,1,0,10
3582,Marko Grujić,2018,16,Mediocampista,0,0,0,3,0,0.0,0,0,0,0,0,23
3582,Marko Grujić,2022,26,Mediocampista,1,0,0,2,0,0.0,0,0,0,1,0,29
3583,Ivan Gudelj,1982,3,Mediocampista,3,3,0,0,1,0.33,0,0,1,1,1,16
3584,Nemanja Gudelj,2022,8,Mediocampista,2,1,0,1,0,0.0,2,0,0,0,2,29
3585,Enver Hadziabdic,1974,3,Defensor,6,6,0,0,0,0.0,2,0,1,2,3,7
3586,Faruk Hadzibegic,1990,5,Defensor,5,5,0,0,0,0.0,0,0,3,1,1,5
3587,Vahid Halilhodzic,1982,19,Delantero,2,0,0,1,0,0.0,0,0,1,0,1,16
3588,Ivan Horvat,1950,-,Defensor,3,3,1,0,0,0.0,0,0,2,0,1,5
3588,Ivan Horvat,1954,5,Defensor,3,3,0,0,0,0.0,0,0,1,1,1,8
3589,Branislav Hrnjicek,1930,-,Delantero,0,0,0,3,0,0.0,0,0,0,0,0,4
3590,Milos Hrstic,1982,15,Defensor,1,1,0,2,0,0.0,0,0,0,1,0,16
3591,Ivan Ilic,2022,24,Mediocampista,1,0,0,2,0,0.0,0,0,0,0,1,29
3592,Sasa Ilic,2006,22,Mediocampista,1,1,0,2,1,1.0,0,0,0,0,1,32
3593,Gordan Irovic,1958,20,Arquero,0,0,0,4,0,0.0,0,0,0,0,0,8
3594,Bojan Isailovic,2010,12,Arquero,0,0,0,3,0,0.0,0,0,0,0,0,23
3595,Branislav Ivanovic,2010,6,Defensor,3,3,0,0,0,0.0,1,0,1,0,2,23
3595,Branislav Ivanovic,2018,6,Defensor,2,2,0,1,0,0.0,1,0,1,0,1,23
3596,Milutin Ivkovic,1930,-,Defensor,3,3,3,0,0,0.0,0,0,2,0,1,4
3597,Tomislav Ivkovic,1990,1,Arquero,5,5,0,0,0,0.0,0,0,3,1,1,5
3598,Aleksandar Ivos,1962,22,Mediocampista,0,0,0,6,0,0.0,0,0,0,0,0,4
3599,Milovan Jaksic,1930,-,Arquero,3,3,0,0,0,0.0,0,0,2,0,1,4
3600,Robert Jarni,1990,17,Defensor,1,0,0,4,0,0.0,0,0,1,0,0,5
3600,Robert Jarni,1998,17,Mediocampista,7,7,0,0,1,0.14,1,0,5,0,2,3
3600,Robert Jarni,2002,17,Defensor,3,3,2,0,0,0.0,0,0,1,0,2,23
3601,Drazen Jerkovic,1958,22,Delantero,0,0,0,4,0,0.0,0,0,0,0,0,8
3601,Drazen Jerkovic,1962,9,Delantero,6,6,0,0,4,0.67,0,0,3,0,3,4
3602,Jurica Jerkovic,1974,12,Mediocampista,3,1,0,3,0,0.0,0,0,0,0,3,7
3602,Jurica Jerkovic,1982,17,Mediocampista,0,0,0,3,0,0.0,0,0,0,0,0,16
3603,Ive Jerolimov,1982,2,Defensor,0,0,0,3,0,0.0,0,0,0,0,0,16
3604,Dragoslav Jevric,2006,1,Arquero,3,3,0,0,0,0.0,0,0,0,0,3,32
3605,Slavisa Jokanovic,1998,4,Mediocampista,4,4,0,0,0,0.0,0,0,2,1,1,10
3606,Milan Jovanovic,2010,14,Mediocampista,3,3,0,0,1,0.33,0,0,1,0,2,23
3607,Miodrag Jovanovic,1950,-,Mediocampista,3,3,0,0,0,0.0,0,0,2,0,1,5
3608,Nikola Jovanovic,1982,14,Defensor,3,3,0,0,0,0.0,0,0,1,1,1,16
3609,Luka Jović,2018,19,Delantero,1,0,0,2,0,0.0,0,0,0,0,1,23
3609,Luka Jović,2022,11,Delantero,1,0,0,2,0,0.0,1,0,0,0,1,29
3610,Davor Jozic,1990,6,Defensor,5,5,0,0,2,0.4,0,0,3,1,1,5
3611,Vladimir Jugovic,1998,7,Mediocampista,4,4,0,0,0,0.0,0,0,2,1,1,10
3612,Fahrudin Jusufi,1962,3,Defensor,5,5,0,1,0,0.0,0,0,3,0,2,4
3613,Gojko Kacar,2010,4,Mediocampista,1,0,0,2,0,0.0,0,0,1,0,0,23
3614,Stanislav Karasi,1974,18,Delantero,4,2,0,2,2,0.5,1,0,0,1,3,7
3615,Josip Katalinski,1974,5,Defensor,6,6,0,0,1,0.17,2,0,1,2,3,7
3616,Srecko Katanec,1990,13,Defensor,3,3,0,2,0,0.0,1,0,2,0,1,5
3617,Ervin Katnic,1950,-,Mediocampista,0,0,0,3,0,0.0,0,0,0,0,0,5
3618,Mateja Kezman,2006,8,Delantero,2,2,0,1,0,0.0,0,1,0,0,2,32
3619,Aleksandar Kolarov,2010,3,Defensor,2,2,0,1,0,0.0,1,0,1,0,1,23
3619,Aleksandar Kolarov,2018,11,Defensor,3,3,3,0,1,0.33,0,0,1,0,2,23
3620,Slobodan Komljenovic,1998,13,Defensor,3,3,0,1,2,0.67,0,0,1,1,1,10
3621,Ognjen Koroman,2006,7,Mediocampista,2,1,0,1,0,0.0,2,0,0,0,2,32
3622,Filip Kostić,2018,17,Mediocampista,3,2,0,0,0,0.0,0,0,1,0,2,23
3622,Filip Kostić,2022,17,Mediocampista,2,2,0,1,0,0.0,0,0,0,1,1,29
3623,Darko Kovacevic,1998,22,Delantero,2,1,0,2,0,0.0,0,0,1,1,0,10
3624,Oliver Kovacevic,2006,12,Arquero,0,0,0,3,0,0.0,0,0,0,0,0,32
3625,Vladimir Kovacevic,1962,18,Delantero,2,2,0,4,0,0.0,0,0,1,0,1,4
3626,Branko Kralj,1954,12,Arquero,0,0,0,3,0,0.0,0,0,0,0,0,8
3627,Ivica Kralj,1998,1,Arquero,4,4,0,0,0,0.0,0,0,2,1,1,10
3628,Milos Krasic,2010,17,Mediocampista,3,3,0,0,0,0.0,0,0,1,0,2,23
3629,Srboljub Krivokuca,1958,2,Arquero,1,1,0,3,0,0.0,0,0,0,0,1,8
3629,Srboljub Krivokuca,1962,12,Arquero,0,0,0,6,0,0.0,0,0,0,0,0,4
3630,Zlatko Krmpotic,1982,6,Defensor,2,2,0,1,0,0.0,1,0,1,0,1,16
3631,Mladen Krstajic,2006,20,Defensor,3,3,0,0,0,0.0,1,0,0,0,3,32
3632,Dobrosav Krstic,1958,8,Mediocampista,4,4,0,0,0,0.0,0,0,1,2,1,8
3633,Zdravko Kuzmanovic,2010,22,Mediocampista,3,2,0,0,0,0.0,1,0,1,0,2,23
3634,Danko Lazovic,2010,8,Delantero,3,0,0,0,0,0.0,0,0,1,0,2,23
3635,Darko Lazovic,2022,22,Mediocampista,1,0,0,2,0,0.0,0,0,0,0,1,29
3636,Dragoje Lekovic,1990,22,Arquero,0,0,0,5,0,0.0,0,0,0,0,0,5
3636,Dragoje Lekovic,1998,12,Arquero,0,0,0,4,0,0.0,0,0,0,0,0,10
3637,Luka Liposinovic,1958,18,Delantero,0,0,0,4,0,0.0,0,0,0,0,0,8
3638,Adem Ljajić,2018,22,Mediocampista,3,2,0,0,0,0.0,1,0,1,0,2,23
3639,Danijel Ljuboja,2006,21,Delantero,2,0,0,1,0,0.0,0,0,0,0,2,32
3640,Sasa Lukic,2022,16,Mediocampista,3,3,0,0,0,0.0,2,0,0,1,2,29
3641,Aleksandar Lukovic,2010,13,Defensor,2,2,0,1,0,0.0,1,1,0,0,2,23
3642,Nemanja Maksimović,2022,6,Mediocampista,3,1,0,0,0,0.0,0,0,0,1,2,29
3643,Lav Mantula,1954,14,Mediocampista,0,0,0,3,0,0.0,0,0,0,0,0,8
3644,Enver Maric,1974,1,Arquero,6,6,0,0,0,0.0,0,0,1,2,3,7
3645,Blagoje Marjanovic,1930,-,Delantero,3,3,0,0,1,0.33,0,0,2,0,1,4
3646,Vlatko Markovic,1962,5,Defensor,6,6,0,0,0,0.0,0,0,3,0,3,4
3647,Nemanja Matić,2018,21,Mediocampista,3,3,0,0,0,0.0,2,0,1,0,2,23
3648,Zeljko Matus,1962,15,Mediocampista,1,1,0,5,0,0.0,0,0,0,0,1,4
3649,Vojislav Melic,1962,17,Delantero,2,2,0,4,1,0.5,0,0,2,0,0,4
3650,Rizah Meskovic,1974,22,Arquero,0,0,0,6,0,0.0,0,0,0,0,0,7
3651,Dragan Mihajlovic,1930,-,Defensor,3,3,0,0,0,0.0,0,0,2,0,1,4
3652,Prvoslav Mihajlovic,1950,-,Delantero,1,1,0,2,0,0.0,0,0,1,0,0,5
3653,Sinisa Mihajlovic,1998,11,Defensor,4,4,0,0,1,0.25,0,0,2,1,1,10
3654,Predrag Mijatovic,1998,9,Delantero,4,4,0,0,1,0.25,0,0,2,1,1,10
3655,Nikola Milenković,2018,15,Defensor,3,3,0,0,0,0.0,0,0,1,0,2,23
3655,Nikola Milenković,2022,4,Defensor,3,3,0,0,0,0.0,2,0,0,1,2,29
3656,Nenad Milijas,2010,11,Mediocampista,1,1,0,2,0,0.0,0,0,0,0,1,23
3657,Sergej Milinković-Savić,2018,20,Mediocampista,3,3,0,0,0,0.0,1,0,1,0,2,23
3657,Sergej Milinković-Savić,2022,20,Mediocampista,3,3,0,0,1,0.33,1,0,0,1,2,29
3659,Luka Milivojević,2018,4,Mediocampista,2,2,0,1,0,0.0,1,0,1,0,1,23
3660,Savo Milosevic,1998,17,Delantero,2,2,0,2,0,0.0,0,0,2,0,0,10
3660,Savo Milosevic,2006,9,Delantero,3,2,2,0,0,0.0,0,0,0,0,3,32
3661,Sima Milovanov,1954,16,Defensor,0,0,0,3,0,0.0,0,0,0,0,0,8
3662,Milorad Milutinovic,1958,14,Mediocampista,0,0,0,4,0,0.0,0,0,0,0,0,8
3663,Milos Milutinovic,1954,18,Delantero,3,3,0,0,1,0.33,0,0,1,1,1,8
3663,Milos Milutinovic,1958,7,Delantero,3,3,0,1,0,0.0,0,0,1,1,1,8
3664,Zoran Mirkovic,1998,2,Defensor,2,2,0,2,0,0.0,1,0,1,0,1,10
3665,Rajko Mitic,1950,-,Delantero,3,3,1,0,1,0.33,0,0,2,0,1,5
3665,Rajko Mitic,1954,8,Delantero,3,3,2,0,0,0.0,0,0,1,1,1,8
3666,Aleksandar Mitrović,2018,9,Delantero,3,3,0,0,1,0.33,2,0,1,0,2,23
3666,Aleksandar Mitrović,2022,9,Delantero,3,3,0,0,2,0.67,1,0,0,1,2,29
3667,Stefan Mitrovic,2022,13,Defensor,1,0,0,2,0,0.0,0,0,0,1,0,29
3668,Filip Mladenovic,2022,25,Defensor,1,1,0,2,0,0.0,0,0,0,0,1,29
3669,Dragan Mrdja,2010,21,Delantero,0,0,0,3,0,0.0,0,0,0,0,0,23
3670,Srdjan Mrkusic,1950,-,Arquero,3,3,0,0,0,0.0,0,0,2,0,1,5
3671,Muhamed Mujic,1962,16,Mediocampista,1,1,1,5,0,0.0,0,0,0,0,1,4
3672,Drazen Muzinic,1974,4,Defensor,2,2,0,4,0,0.0,0,0,0,1,1,7
3673,Albert Nadj,2006,17,Mediocampista,3,2,0,0,0,0.0,1,1,0,0,3,32
3674,Dragutin Najdanovic,1930,-,Delantero,1,1,0,2,0,0.0,0,0,1,0,0,4
3675,Zarko Nikolic,1962,20,Defensor,0,0,0,6,0,0.0,0,0,0,0,0,4
3676,Milos Ninkovic,2010,18,Mediocampista,2,2,0,1,0,0.0,1,0,1,0,1,23
3677,Branko Oblak,1974,8,Mediocampista,5,5,0,1,1,0.2,2,0,1,2,2,7
3678,Ivan Obradovic,2010,16,Defensor,1,1,0,2,0,0.0,0,0,0,0,1,23
3679,Tihomir Ognjanov,1950,-,Delantero,1,1,0,2,1,1.0,0,0,1,0,0,5
3679,Tihomir Ognjanov,1954,7,Delantero,0,0,0,3,0,0.0,0,0,0,0,0,8
3680,Radivoje Ognjanovic,1958,19,Delantero,2,2,0,2,1,0.5,0,0,0,1,1,8
3681,Perica Ognjenovic,1998,21,Delantero,3,0,0,1,0,0.0,1,0,2,1,0,10
3682,Fahrudin Omerovic,1990,12,Arquero,0,0,0,5,0,0.0,0,0,0,0,0,5
3683,Bela Palfi,1950,-,Mediocampista,0,0,0,3,0,0.0,0,0,0,0,0,5
3684,Andrej Panadic,1990,21,Defensor,0,0,0,5,0,0.0,0,0,0,0,0,5
3685,Darko Pancev,1990,9,Delantero,3,2,0,2,2,0.67,1,0,3,0,0,5
3686,Dragan Pantelic,1982,1,Arquero,3,3,0,0,0,0.0,0,0,1,1,1,16
3687,Marko Pantelic,2010,9,Delantero,2,1,0,1,1,0.5,0,0,0,0,2,23
3688,Zlatko Papec,1954,19,Delantero,0,0,0,3,0,0.0,0,0,0,0,0,8
3689,Ilijas Pasic,1958,16,Delantero,0,0,0,4,0,0.0,0,0,0,0,0,8
3690,Predrag Pasic,1982,21,Delantero,0,0,0,3,0,0.0,0,0,0,0,0,16
3691,Miroslav Pavlovic,1974,13,Mediocampista,1,1,0,5,0,0.0,0,0,0,0,1,7
3692,Strahinja Pavlovic,2022,2,Defensor,3,3,0,0,1,0.33,2,0,0,1,2,29
3693,Luka Peruzovic,1974,14,Defensor,1,0,0,5,0,0.0,0,0,0,0,1,7
3694,Aleksandar Petakovic,1954,22,Delantero,0,0,0,3,0,0.0,0,0,0,0,0,8
3694,Aleksandar Petakovic,1958,12,Delantero,4,4,0,0,2,0.5,0,0,1,2,1,8
3695,Dusan Petkovic,2006,16,Defensor,0,0,0,3,0,0.0,0,0,0,0,0,32
3696,Ilija Petkovic,1974,7,Mediocampista,5,4,0,1,1,0.2,0,0,1,2,2,7
3697,Vlastimir Petkovic,1930,-,Delantero,0,0,0,3,0,0.0,0,0,0,0,0,4
3698,Ognjen Petrovic,1974,21,Arquero,0,0,0,6,0,0.0,0,0,0,0,0,7
3699,Radosav Petrovic,2010,19,Mediocampista,1,0,0,2,0,0.0,0,0,1,0,0,23
3700,Vladimir Petrovic,1974,20,Mediocampista,2,1,0,4,0,0.0,0,0,0,0,2,7
3700,Vladimir Petrovic,1982,7,Mediocampista,3,3,0,0,1,0.33,0,0,1,1,1,16
3701,Zeljko Petrovic,1998,16,Mediocampista,4,4,0,0,0,0.0,1,0,2,1,1,10
3702,Danilo Popivoda,1974,17,Delantero,1,1,0,5,0,0.0,0,0,0,0,1,7
3703,Vladimir Popovic,1958,11,Mediocampista,0,0,0,4,0,0.0,0,0,0,0,0,8
3703,Vladimir Popovic,1962,6,Mediocampista,6,6,0,0,0,0.0,0,0,3,0,3,4
3704,Aleksandar Prijović,2018,8,Delantero,1,0,0,2,0,0.0,1,0,1,0,0,23
3705,Robert Prosinecki,1990,15,Mediocampista,3,1,0,2,1,0.33,0,0,1,1,1,5
3705,Robert Prosinecki,1998,8,Mediocampista,5,4,0,2,2,0.4,1,0,3,0,2,3
3705,Robert Prosinecki,2002,8,Mediocampista,1,1,0,2,0,0.0,0,0,0,0,1,23
3706,Ivan Pudar,1982,12,Arquero,0,0,0,3,0,0.0,0,0,0,0,0,16
3707,Uros Racic,2022,19,Mediocampista,0,0,0,3,0,0.0,0,0,0,0,0,29
3708,Petar Radakovic,1962,4,Mediocampista,5,5,0,1,1,0.2,0,0,3,0,2,4
3709,Nemanja Radonjić,2018,18,Delantero,2,0,0,1,0,0.0,0,0,0,0,2,23
3709,Nemanja Radonjić,2022,7,Delantero,3,0,0,0,0,0.0,0,0,0,1,2,29
3710,Nikola Radovic,1958,21,Defensor,0,0,0,4,0,0.0,0,0,0,0,0,8
3711,Ivo Radovnikovic,1950,-,Mediocampista,0,0,0,3,0,0.0,0,0,0,0,0,5
3712,Zdravko Rajkov,1958,17,Delantero,4,4,0,0,1,0.25,0,0,1,2,1,8
3713,Predrag Rajković,2018,12,Arquero,0,0,0,3,0,0.0,0,0,0,0,0,23
3713,Predrag Rajković,2022,12,Arquero,0,0,0,3,0,0.0,1,0,0,0,0,29
3714,Milan Rodić,2018,14,Defensor,0,0,0,3,0,0.0,0,0,0,0,0,23
3715,Antonio Rukavina,2010,2,Defensor,0,0,0,3,0,0.0,0,0,0,0,0,23
3715,Antonio Rukavina,2018,2,Defensor,2,1,0,1,0,0.0,0,0,1,0,1,23
3716,Refik Sabanadzovic,1990,16,Mediocampista,4,4,0,1,0,0.0,2,1,3,1,0,5
3717,Ivan Santek,1958,10,Mediocampista,0,0,0,4,0,0.0,0,0,0,0,0,8
3718,Nisa Saveljic,1998,14,Defensor,1,0,0,3,0,0.0,0,0,0,0,1,10
3719,Dejan Savicevic,1990,19,Delantero,3,1,0,2,0,0.0,0,0,1,1,1,5
3719,Dejan Savicevic,1998,8,Mediocampista,2,0,0,2,0,0.0,0,0,1,0,1,10
3720,Dragoslav Sekularac,1958,15,Mediocampista,3,3,0,1,0,0.0,0,0,1,2,0,8
3720,Dragoslav Sekularac,1962,8,Mediocampista,6,6,0,0,0,0.0,0,0,3,0,3,4
3721,Branislav Sekulic,1930,-,Delantero,2,2,0,1,1,0.5,0,0,1,0,1,4
3722,Milos Sestic,1982,16,Delantero,2,0,0,1,0,0.0,0,0,1,0,1,16
3723,Vasilije Sijakovic,1958,3,Defensor,2,2,0,2,0,0.0,0,0,0,1,1,8
3723,Vasilije Sijakovic,1962,14,Defensor,1,1,0,5,0,0.0,0,0,0,0,1,4
3724,Josip Skoblar,1962,11,Delantero,5,5,0,1,1,0.2,0,0,2,0,3,4
3725,Edhem Sljivo,1982,8,Mediocampista,3,3,0,0,0,0.0,1,0,1,1,1,16
3726,Milutin Soskic,1962,1,Arquero,6,6,0,0,0,0.0,0,0,3,0,3,4
3727,Ljubomir Spajic,1954,15,Mediocampista,0,0,0,3,0,0.0,0,0,0,0,0,8
3728,Uroš Spajić,2018,5,Defensor,0,0,0,3,0,0.0,0,0,0,0,0,23
3729,Predrag Spasic,1990,3,Defensor,5,5,0,0,0,0.0,0,0,3,1,1,5
3730,Teofilo Spasojevic,1930,-,Mediocampista,0,0,0,3,0,0.0,0,0,0,0,0,4
3731,Branko Stankovic,1950,-,Defensor,3,3,0,0,0,0.0,0,0,2,0,1,5
3731,Branko Stankovic,1954,2,Defensor,3,3,0,0,0,0.0,0,0,1,1,1,8
3732,Dejan Stankovic,1998,20,Mediocampista,3,2,0,1,0,0.0,1,0,2,1,0,10
3732,Dejan Stankovic,2006,10,Mediocampista,3,3,1,0,0,0.0,1,0,0,0,3,32
3732,Dejan Stankovic,2010,10,Mediocampista,3,3,3,0,0,0.0,0,0,1,0,2,23
3733,Vujadin Stanojkovic,1990,2,Defensor,2,2,0,3,0,0.0,0,0,2,0,0,5
3734,Ljubisa Stefanovic,1930,-,Defensor,3,3,0,0,0,0.0,0,0,2,0,1,4
3735,Miroslav Stevic,1998,19,Mediocampista,1,0,0,3,0,0.0,0,0,0,1,0,10
3736,Nikola Stipic,1962,21,Delantero,0,0,0,6,0,0.0,0,0,0,0,0,4
3737,Milan Stojanovic,1930,-,Arquero,0,0,0,3,0,0.0,0,0,0,0,0,4
3738,Mirko Stojanovic,1962,19,Arquero,0,0,0,6,0,0.0,0,0,0,0,0,4
3739,Dragan Stojkovic,1990,10,Mediocampista,5,5,0,0,2,0.4,1,0,3,1,1,5
3739,Dragan Stojkovic,1998,10,Mediocampista,4,4,4,0,1,0.25,2,0,2,1,1,10
3740,Nenad Stojkovic,1982,5,Defensor,3,3,0,0,0,0.0,1,0,1,1,1,16
3741,Vladimir Stojkovic,2006,23,Arquero,0,0,0,3,0,0.0,0,0,0,0,0,32
3741,Vladimir Stojkovic,2010,1,Arquero,3,3,0,0,0,0.0,0,0,1,0,2,23
3741,Vladimir Stojkovic,2018,1,Arquero,3,3,0,0,0,0.0,0,0,1,0,2,23
3742,Neven Subotic,2010,20,Defensor,2,1,0,1,0,0.0,1,0,1,0,1,23
3743,Davor Suker,1990,20,Delantero,0,0,0,5,0,0.0,0,0,0,0,0,5
3743,Davor Suker,1998,9,Delantero,7,7,1,0,6,0.86,1,0,5,0,2,3
3743,Davor Suker,2002,9,Delantero,1,1,1,2,0,0.0,0,0,0,0,1,23
3744,Ivica Surjak,1974,9,Delantero,6,6,0,0,2,0.33,0,0,1,2,3,7
3744,Ivica Surjak,1982,20,Delantero,3,3,3,0,0,0.0,0,0,1,1,1,16
3745,Safet Susic,1982,13,Delantero,3,3,0,0,0,0.0,0,0,1,1,1,16
3745,Safet Susic,1990,8,Mediocampista,5,5,0,0,1,0.2,0,0,3,1,1,5
3746,Ratko Svilar,1982,22,Arquero,0,0,0,3,0,0.0,0,0,0,0,0,16
3747,Slavko Svinjarevic,1962,13,Defensor,1,1,0,5,0,0.0,0,0,0,0,1,4
3748,Dušan Tadić,2018,10,Mediocampista,3,3,0,0,0,0.0,0,0,1,0,2,23
3748,Dušan Tadić,2022,10,Delantero,3,3,3,0,0,0.0,0,0,0,1,2,29
3749,Aleksandar Tirnanic,1930,-,Delantero,3,3,0,0,1,0.33,0,0,2,0,1,4
3750,Kosta Tomasevic,1950,-,Delantero,3,3,0,0,2,0.67,0,0,2,0,1,5
3751,Novak Tomic,1958,5,Defensor,2,2,0,2,0,0.0,0,0,1,1,0,8
3752,Dragomir Tosic,1930,-,Defensor,0,0,0,3,0,0.0,0,0,0,0,0,4
3753,Duško Tošić,2018,3,Defensor,2,2,0,1,0,0.0,0,0,1,0,1,23
3754,Zoran Tosic,2010,7,Mediocampista,1,0,0,2,0,0.0,0,0,0,0,1,23
3755,Miloš Veljković,2018,13,Defensor,1,1,0,2,0,0.0,0,0,0,0,1,23
3755,Miloš Veljković,2022,5,Defensor,3,3,0,0,0,0.0,0,0,0,1,2,29
3756,Toza Veselinovic,1954,21,Delantero,0,0,0,3,0,0.0,0,0,0,0,0,8
3756,Toza Veselinovic,1958,13,Delantero,4,4,0,0,3,0.75,0,0,1,2,1,8
3757,Nemanja Vidic,2006,5,Defensor,0,0,0,3,0,0.0,0,0,0,0,0,32
3757,Nemanja Vidic,2010,5,Defensor,3,3,0,0,0,0.0,1,0,1,0,2,23
3758,Franjo Vladic,1974,16,Mediocampista,0,0,0,6,0,0.0,0,0,0,0,0,7
3759,Dusan Vlahovic,2022,18,Delantero,2,1,0,1,1,0.5,0,0,0,0,2,29
3760,Djordje Vujadinovic,1930,-,Delantero,3,3,0,0,1,0.33,0,0,2,0,1,4
3761,Zlatko Vujovic,1982,11,Delantero,3,3,0,0,0,0.0,0,0,1,1,1,16
3761,Zlatko Vujovic,1990,11,Delantero,5,5,5,0,0,0.0,1,0,3,1,1,5
3763,Bernard Vukas,1950,-,Delantero,2,2,0,1,0,0.0,0,0,1,0,1,5
3763,Bernard Vukas,1954,9,Delantero,3,3,0,0,0,0.0,0,0,1,1,1,8
3764,Zvonimir Vukic,2006,18,Mediocampista,1,0,0,2,0,0.0,0,0,0,0,1,32
3765,Zoran Vulic,1990,4,Defensor,4,2,0,1,0,0.0,1,0,2,1,1,5
3766,Velimir Zajec,1982,4,Defensor,3,3,0,0,0,0.0,0,0,1,1,1,16
3767,Branko Zebec,1954,11,Mediocampista,3,3,0,0,1,0.33,0,0,1,1,1,8
3767,Branko Zebec,1958,6,Mediocampista,4,4,4,0,0,0.0,0,0,1,2,1,8
3768,Milan Zekovic,1954,13,Defensor,0,0,0,3,0,0.0,0,0,0,0,0,8
3769,Nikola Zigic,2006,19,Delantero,2,1,0,1,1,0.5,0,0,0,0,2,32
3769,Nikola Zigic,2010,15,Delantero,3,3,0,0,0,0.0,1,0,1,0,2,23
3770,Andrija Živković,2018,7,Mediocampista,1,0,0,2,0,0.0,0,0,0,0,1,23
3770,Andrija Živković,2022,14,Mediocampista,3,3,0,0,0,0.0,0,0,0,1,2,29
3771,Zvonko Zivkovic,1982,10,Mediocampista,0,0,0,3,0,0.0,0,0,0,0,0,16
3772,Sinisa Zlatkovic,1950,-,Defensor,0,0,0,3,0,0.0,0,0,0,0,0,5
3773,Milenko Acimovic,2002,18,Mediocampista,3,2,0,0,1,0.33,0,0,0,0,3,30
3774,Valter Birsa,2010,10,Mediocampista,3,3,0,0,1,0.33,1,0,1,1,1,18
3775,Miso Brecko,2010,2,Defensor,3,3,0,0,0,0.0,0,0,1,1,1,18
3776,Spasoje Bulajic,2002,23,Defensor,2,1,0,1,0,0.0,0,0,0,0,2,30
3777,Ales Ceh,2002,8,Mediocampista,3,3,3,0,0,0.0,1,0,0,0,3,30
3778,Nastja Ceh,2002,20,Mediocampista,2,0,0,1,0,0.0,0,1,0,0,2,30
3779,Bostjan Cesar,2010,5,Defensor,3,3,0,0,0,0.0,1,0,1,1,1,18
3780,Sebastijan Cimirotic,2002,21,Delantero,3,2,0,0,1,0.33,1,0,0,0,3,30
3781,Mladen Dabanovic,2002,12,Arquero,1,1,0,2,0,0.0,0,0,0,0,1,30
3782,Zlatko Dedic,2010,14,Delantero,3,1,0,0,0,0.0,1,0,1,1,1,18
3783,Elvedin Dzinic,2010,3,Defensor,0,0,0,3,0,0.0,0,0,0,0,0,18
3784,Suad Filekovic,2010,19,Defensor,0,0,0,3,0,0.0,0,0,0,0,0,18
3785,Sasa Gajser,2002,14,Mediocampista,1,0,0,2,0,0.0,0,0,0,0,1,30
3786,Marinko Galic,2002,5,Defensor,1,1,0,2,0,0.0,0,0,0,0,1,30
3787,Jasmin Handanovic,2010,12,Arquero,0,0,0,3,0,0.0,0,0,0,0,0,18
3789,Branko Ilic,2010,6,Defensor,0,0,0,3,0,0.0,0,0,0,0,0,18
3790,Bojan Jokic,2010,13,Defensor,3,3,0,0,0,0.0,2,0,1,1,1,18
3791,Amir Karic,2002,19,Mediocampista,3,3,0,0,0,0.0,2,0,0,0,3,30
3792,Andraz Kirm,2010,17,Mediocampista,3,3,0,0,0,0.0,1,0,1,1,1,18
3793,Aleksander Knavs,2002,6,Defensor,2,2,0,1,0,0.0,0,0,0,0,2,30
3794,Andrej Komac,2010,20,Mediocampista,2,0,0,1,0,0.0,1,0,1,1,0,18
3795,Robert Koren,2010,8,Mediocampista,3,3,3,0,1,0.33,0,0,1,1,1,18
3796,Rene Krhin,2010,15,Mediocampista,0,0,0,3,0,0.0,0,0,0,0,0,18
3797,Zlatan Ljubijankic,2010,9,Delantero,3,2,0,0,1,0.33,0,0,1,1,1,18
3798,Tim Matavz,2010,23,Delantero,1,0,0,2,0,0.0,0,0,0,0,1,18
3799,Matej Mavric,2010,22,Defensor,0,0,0,3,0,0.0,0,0,0,0,0,18
3800,Zeljko Milinovic,2002,3,Defensor,3,3,0,0,0,0.0,2,0,0,0,3,30
3801,Dejan Nemec,2002,22,Arquero,0,0,0,3,0,0.0,0,0,0,0,0,30
3802,Doni Novak,2002,7,Mediocampista,3,3,0,0,0,0.0,0,0,0,0,3,30
3803,Milivoje Novakovic,2010,11,Delantero,3,3,0,0,0,0.0,0,0,1,1,1,18
3804,Milan Osterc,2002,9,Delantero,3,2,0,0,0,0.0,0,0,0,0,3,30
3805,Miran Pavlin,2002,11,Mediocampista,3,3,0,0,0,0.0,2,0,0,0,3,30
3806,Zoran Pavlovic,2002,17,Mediocampista,0,0,0,3,0,0.0,0,0,0,0,0,30
3807,Nejc Pecnik,2010,7,Delantero,2,0,0,1,0,0.0,0,0,1,1,0,18
3808,Aleksandar Radosavljevic,2010,18,Mediocampista,3,3,0,0,0,0.0,1,0,1,1,1,18
3809,Mladen Rudonja,2002,13,Delantero,3,2,0,0,0,0.0,1,0,0,0,3,30
3810,Goran Sankovic,2002,2,Defensor,0,0,0,3,0,0.0,0,0,0,0,0,30
3811,Aleksander Seliga,2010,16,Arquero,0,0,0,3,0,0.0,0,0,0,0,0,18
3812,Marko Simeunovic,2002,1,Arquero,2,2,0,1,0,0.0,0,0,0,0,2,30
3813,Dalibor Stevanovic,2010,21,Mediocampista,0,0,0,3,0,0.0,0,0,0,0,0,18
3814,Marko Suler,2010,4,Defensor,3,3,0,0,0,0.0,1,0,1,1,1,18
3815,Rajko Tavcar,2002,15,Mediocampista,1,1,0,2,0,0.0,0,0,0,0,1,30
3816,Senad Tiganj,2002,16,Delantero,1,0,0,2,0,0.0,0,0,0,0,1,30
3817,Muamer Vugdalic,2002,4,Defensor,1,1,0,2,0,0.0,1,0,0,0,1,30
3818,Zlatko Zahovic,2002,10,Mediocampista,1,1,0,2,0,0.0,0,0,0,0,1,30
3819,Claude Abbes,1954,3,Arquero,0,0,0,2,0,0.0,0,0,0,0,0,9
3819,Claude Abbes,1958,1,Arquero,4,4,0,2,0,0.0,0,0,3,0,1,3
3820,Eric Abidal,2006,3,Defensor,6,6,0,1,0,0.0,2,0,3,3,0,2
3820,Eric Abidal,2010,3,Defensor,2,2,0,1,0,0.0,1,0,0,1,1,29
3821,Joseph Alcazar,1934,-,Delantero,1,1,0,0,0,0.0,0,0,0,0,1,9
3822,Manuel Amoros,1982,2,Defensor,5,5,0,2,0,0.0,2,0,2,2,1,4
3822,Manuel Amoros,1986,2,Defensor,7,7,0,0,1,0.14,1,0,4,2,1,3
3823,Nouma Andoire,1930,-,Defensor,0,0,0,3,0,0.0,0,0,0,0,0,7
3824,Nicolas Anelka,2010,21,Delantero,2,2,0,1,0,0.0,0,0,0,1,1,29
3825,Alphonse Areola,2018,23,Arquero,0,0,0,7,0,0.0,0,0,0,0,0,1
3825,Alphonse Areola,2022,23,Arquero,0,0,0,7,0,0.0,0,0,0,0,0,2
3826,Marcel Artelesa,1966,2,Mediocampista,3,3,3,0,0,0.0,0,0,0,1,2,13
3827,Alfred Aston,1934,-,Delantero,1,1,0,0,0,0.0,0,0,0,0,1,9
3827,Alfred Aston,1938,-,Delantero,2,2,0,0,0,0.0,0,0,1,0,1,8
3828,Marcel Aubour,1966,1,Arquero,3,3,0,0,0,0.0,0,0,0,1,2,13
3829,William Ayache,1986,3,Defensor,4,4,0,3,0,0.0,2,0,2,1,1,3
3830,Edmond Baraffe,1966,3,Delantero,0,0,0,3,0,0.0,0,0,0,0,0,13
3831,Dominique Baratelli,1978,1,Arquero,1,0,0,2,0,0.0,0,0,0,0,1,12
3831,Dominique Baratelli,1982,1,Arquero,0,0,0,7,0,0.0,0,0,0,0,0,4
3832,Fabien Barthez,1998,16,Arquero,7,7,0,0,0,0.0,0,0,6,1,0,1
3832,Fabien Barthez,2002,16,Arquero,3,3,0,0,0,0.0,0,0,0,1,2,28
3832,Fabien Barthez,2006,16,Arquero,7,7,0,0,0,0.0,0,0,4,3,0,2
3833,Jean Bastien,1938,-,Mediocampista,2,2,0,0,0,0.0,0,0,1,0,1,8
3834,Dominique Bathenay,1978,9,Mediocampista,2,2,1,1,0,0.0,0,0,1,0,1,12
3835,Joel Bats,1986,1,Arquero,6,6,0,1,0,0.0,0,0,3,2,1,3
3836,Patrick Battiston,1978,2,Defensor,1,1,0,2,0,0.0,0,0,0,0,1,12
3836,Patrick Battiston,1982,3,Defensor,3,2,0,4,0,0.0,0,0,1,1,1,4
3836,Patrick Battiston,1986,4,Defensor,7,7,1,0,0,0.0,0,0,4,2,1,3
3837,Georges Beaucourt,1934,-,Defensor,0,0,0,1,0,0.0,0,0,0,0,0,9
3838,Bruno Bellone,1982,15,Delantero,1,1,0,6,0,0.0,0,0,0,0,1,4
3838,Bruno Bellone,1986,16,Delantero,4,2,0,3,0,0.0,0,0,1,2,1,3
3839,Raymond Bellot,1958,14,Delantero,0,0,0,6,0,0.0,0,0,0,0,0,3
3840,Abdel Kader Ben Bouali,1938,-,Defensor,0,0,0,2,0,0.0,0,0,0,0,0,8
3841,Abdelaziz Ben-Tifour,1954,15,Mediocampista,1,1,0,1,0,0.0,0,0,1,0,0,9
3842,Karim Benzema,2014,10,Delantero,5,5,0,0,3,0.6,0,0,3,1,1,7
3842,Karim Benzema,2022,19,Delantero,0,0,0,7,0,0.0,0,0,0,0,0,2
3843,Marc Berdoll,1978,14,Delantero,2,1,0,1,1,0.5,0,0,1,0,1,12
3844,Philippe Bergeroo,1986,21,Arquero,0,0,0,7,0,0.0,0,0,0,0,0,3
3845,Jean-Paul Bertrand-Demanes,1978,21,Arquero,2,2,0,1,0,0.0,0,0,0,0,2,12
3846,Michel Bibard,1986,5,Defensor,1,1,0,6,0,0.0,0,0,1,0,0,3
3847,Guillaume Bieganski,1954,8,Defensor,0,0,0,2,0,0.0,0,0,0,0,0,9
3848,Laurent Blanc,1998,5,Defensor,5,5,0,2,1,0.2,1,1,4,1,0,1
3849,Alain Boghossian,1998,14,Mediocampista,5,1,0,2,0,0.0,0,0,5,0,0,1
3849,Alain Boghossian,2002,14,Mediocampista,0,0,0,3,0,0.0,0,0,0,0,0,28
3850,Joseph Bonnel,1966,4,Mediocampista,3,3,0,0,0,0.0,0,0,0,1,2,13
3851,Bernard Bosquier,1966,5,Defensor,3,3,0,0,0,0.0,0,0,0,1,2,13
3852,Maxime Bossis,1978,3,Defensor,2,2,0,1,0,0.0,0,0,0,0,2,12
3852,Maxime Bossis,1982,4,Defensor,6,6,0,1,1,0.17,0,0,3,2,1,4
3852,Maxime Bossis,1986,6,Defensor,7,6,0,0,0,0.0,0,0,4,2,1,3
3853,Jean-Alain Boumsong,2006,2,Defensor,0,0,0,7,0,0.0,0,0,0,0,0,2
3854,Francois Bourbotte,1938,-,Defensor,0,0,0,2,0,0.0,0,0,0,0,0,8
3855,Francois Bracci,1978,5,Defensor,1,1,0,2,0,0.0,0,0,1,0,0,12
3856,Stephan Bruey,1958,15,Delantero,0,0,0,6,0,0.0,0,0,0,0,0,3
3857,Michel Brusseaux,1938,-,Delantero,0,0,0,2,0,0.0,0,0,0,0,0,8
3858,Robert Budzynski,1966,6,Defensor,3,3,0,0,0,0.0,0,0,0,1,2,13
3859,Yohan Cabaye,2014,6,Mediocampista,4,4,0,1,0,0.0,2,0,3,0,1,7
3860,Rémy Cabella,2014,7,Mediocampista,0,0,0,5,0,0.0,0,0,0,0,0,7
3861,Eduardo Camavinga,2022,25,Mediocampista,2,1,0,5,0,0.0,0,0,0,1,1,2
3862,Vincent Candela,1998,2,Defensor,1,1,0,6,0,0.0,0,0,1,0,0,1
3862,Vincent Candela,2002,2,Defensor,2,1,0,1,0,0.0,0,0,0,1,1,28
3863,Marcel Capelle,1930,-,Defensor,3,3,0,0,0,0.0,0,0,1,0,2,7
3864,Georges Carnus,1966,21,Arquero,0,0,0,3,0,0.0,0,0,0,0,0,13
3865,Cedric Carrasso,2010,23,Arquero,0,0,0,3,0,0.0,0,0,0,0,0,29
3866,Jean Castaneda,1982,21,Arquero,1,1,0,6,0,0.0,0,0,0,0,1,4
3867,Hector Cazenave,1938,-,Defensor,2,2,0,0,0,0.0,0,0,1,0,1,8
3868,Augustin Chantrel,1930,-,Mediocampista,3,3,0,0,0,0.0,0,0,1,0,2,7
3869,Lionel Charbonnier,1998,22,Arquero,0,0,0,7,0,0.0,0,0,0,0,0,1
3870,Bernard Chiarelli,1958,8,Mediocampista,0,0,0,6,0,0.0,0,0,0,0,0,3
3871,Pascal Chimbonda,2006,21,Defensor,0,0,0,7,0,0.0,0,0,0,0,0,2
3872,Andre Chorda,1966,7,Defensor,0,0,0,3,0,0.0,0,0,0,0,0,13
3873,Philippe Christanval,2002,5,Defensor,0,0,0,3,0,0.0,0,0,0,0,0,28
3874,Djibril Cisse,2002,9,Delantero,3,0,0,0,0,0.0,0,0,0,1,2,28
3874,Djibril Cisse,2010,9,Delantero,1,1,0,2,0,0.0,0,0,0,0,1,29
3875,Gael Clichy,2010,22,Defensor,1,1,0,2,0,0.0,0,0,0,0,1,29
3876,Dominique Colonna,1958,2,Arquero,0,0,0,6,0,0.0,0,0,0,0,0,3
3877,Kingsley Coman,2022,20,Delantero,6,1,0,1,0,0.0,0,0,4,1,1,2
3878,Nestor Combin,1966,8,Delantero,1,1,0,2,0,0.0,0,0,0,1,0,13
3879,Didier Couecou,1966,9,Delantero,0,0,0,3,0,0.0,0,0,0,0,0,13
3880,Gregory Coupet,2002,23,Arquero,0,0,0,3,0,0.0,0,0,0,0,0,28
3880,Gregory Coupet,2006,23,Arquero,0,0,0,7,0,0.0,0,0,0,0,0,2
3881,Alain Couriol,1982,16,Delantero,3,1,0,4,1,0.33,0,0,1,1,1,4
3882,Roger Courtois,1934,-,Delantero,0,0,0,1,0,0.0,0,0,0,0,0,9
3882,Roger Courtois,1938,-,Delantero,0,0,0,2,0,0.0,0,0,0,0,0,8
3883,Antoine Cuissard,1954,9,Mediocampista,0,0,0,2,0,0.0,0,0,0,0,0,9
3884,Christian Dalger,1978,16,Delantero,1,1,0,2,0,0.0,0,0,0,0,1,12
3885,Julien Darui,1938,-,Arquero,0,0,0,2,0,0.0,0,0,0,0,0,8
3886,Hector De Bourgoing,1966,10,Delantero,1,1,0,2,1,1.0,0,0,0,0,1,13
3887,Gabriel De Michele,1966,11,Defensor,1,1,0,2,0,0.0,0,0,0,1,0,13
3888,Mathieu Debuchy,2014,2,Defensor,4,4,0,1,0,0.0,0,0,3,0,1,7
3889,Robert Defosse,1934,-,Arquero,0,0,0,1,0,0.0,0,0,0,0,0,9
3890,Edmond Delfour,1930,-,Delantero,3,3,0,0,0,0.0,0,0,1,0,2,7
3890,Edmond Delfour,1934,-,Mediocampista,1,1,0,0,0,0.0,0,0,0,0,1,9
3890,Edmond Delfour,1938,-,Mediocampista,2,2,0,0,0,0.0,0,0,1,0,1,8
3891,Celestin Delmer,1930,-,Mediocampista,1,1,0,2,0,0.0,0,0,0,0,1,7
3891,Celestin Delmer,1934,-,Mediocampista,0,0,0,1,0,0.0,0,0,0,0,0,9
3892,Ousmane Dembélé,2022,11,Delantero,7,6,0,0,0,0.0,1,0,5,1,1,2
3893,Rene Dereuddre,1954,16,Delantero,2,2,0,0,0,0.0,0,0,1,0,1,9
3894,Marcel Desailly,1998,8,Defensor,7,7,1,0,0,0.0,0,1,6,1,0,1
3894,Marcel Desailly,2002,8,Defensor,3,3,3,0,0,0.0,0,0,0,1,2,28
3895,Didier Deschamps,1998,7,Mediocampista,6,6,6,1,0,0.0,3,0,5,1,0,1
3896,Vikash Dhorasoo,2006,8,Mediocampista,2,0,0,5,0,0.0,0,0,0,2,0,2
3897,Laurent Di Lorto,1938,-,Arquero,2,2,0,0,0,0.0,0,0,1,0,1,8
3898,Abou Diaby,2010,19,Mediocampista,3,3,0,0,0,0.0,1,0,0,1,2,29
3899,Raoul Diagne,1938,-,Defensor,2,2,0,0,0,0.0,0,0,1,0,1,8
3900,Alou Diarra,2006,18,Mediocampista,2,0,0,5,0,0.0,0,0,1,1,0,2
3900,Alou Diarra,2010,18,Mediocampista,1,1,1,2,0,0.0,0,0,0,0,1,29
3901,Lucas Digne,2014,17,Defensor,1,1,0,4,0,0.0,0,0,0,1,0,7
3902,Bernard Diomede,1998,13,Mediocampista,3,3,0,4,0,0.0,1,0,3,0,0,1
3903,Axel Disasi,2022,3,Defensor,3,1,0,4,0,0.0,0,0,1,1,1,2
3904,Jean Djorkaeff,1966,12,Defensor,3,3,0,0,0,0.0,0,0,0,1,2,13
3905,Youri Djorkaeff,1998,6,Mediocampista,7,6,0,0,1,0.14,0,0,6,1,0,1
3905,Youri Djorkaeff,2002,6,Mediocampista,2,1,0,1,0,0.0,0,0,0,0,2,28
3906,Yvon Douis,1958,16,Delantero,1,1,0,5,1,1.0,0,0,1,0,0,3
3907,Dominique Dropsy,1978,22,Arquero,1,1,0,2,0,0.0,0,0,1,0,0,12
3908,Christophe Dugarry,1998,21,Delantero,3,1,0,4,1,0.33,0,0,3,0,0,1
3908,Christophe Dugarry,2002,21,Delantero,3,1,0,0,0,0.0,1,0,0,1,2,28
3909,Jean-Luc Ettori,1982,22,Arquero,6,6,0,1,0,0.0,0,0,3,2,1,4
3910,Patrice Evra,2010,13,Defensor,2,2,2,1,0,0.0,1,0,0,1,1,29
3910,Patrice Evra,2014,3,Defensor,4,4,0,1,0,0.0,1,0,3,0,1,7
3911,Nabil Fekir,2018,18,Delantero,6,0,0,1,0,0.0,0,0,5,1,0,1
3912,Luis Fernandez,1986,9,Mediocampista,6,6,0,1,1,0.17,2,0,3,2,1,3
3913,Jean-Marc Ferreri,1986,11,Mediocampista,4,1,0,3,1,0.25,0,0,3,1,0,3
3914,Youssouf Fofana,2022,13,Defensor,6,2,0,1,0,0.0,0,0,4,1,1,2
3915,Just Fontaine,1958,17,Delantero,6,6,0,0,13,2.17,0,0,4,0,2,3
3916,Louis Gabrillargues,1934,-,Mediocampista,0,0,0,1,0,0.0,0,0,0,0,0,9
3917,William Gallas,2006,5,Defensor,7,7,0,0,0,0.0,0,0,4,3,0,2
3917,William Gallas,2010,5,Defensor,3,3,0,0,0,0.0,0,0,0,1,2,29
3918,Bernard Genghini,1982,9,Mediocampista,5,5,0,2,2,0.4,1,0,3,2,0,4
3918,Bernard Genghini,1986,13,Mediocampista,1,1,0,6,1,1.0,0,0,1,0,0,3
3919,Lazare Gianessi,1954,4,Defensor,2,2,0,0,0,0.0,0,0,1,0,1,9
3920,Andre Pierre Gignac,2010,11,Delantero,3,1,0,0,0,0.0,0,0,0,1,2,29
3921,Rene Girard,1982,11,Mediocampista,5,2,0,2,1,0.2,0,0,2,1,2,4
3922,Alain Giresse,1982,12,Mediocampista,6,6,0,1,3,0.5,1,0,3,2,1,4
3922,Alain Giresse,1986,12,Mediocampista,6,6,0,1,0,0.0,0,0,3,2,1,3
3923,Olivier Giroud,2014,9,Delantero,5,2,0,0,1,0.2,0,0,3,1,1,7
3923,Olivier Giroud,2018,9,Delantero,7,6,0,0,0,0.0,1,0,6,1,0,1
3923,Olivier Giroud,2022,9,Delantero,6,6,0,1,4,0.67,1,0,5,1,0,2
3924,Gael Givet,2006,17,Defensor,0,0,0,7,0,0.0,0,0,0,0,0,2
3925,Leon Glovacki,1954,17,Delantero,1,1,0,1,0,0.0,0,0,0,0,1,9
3926,Philippe Gondet,1966,13,Delantero,3,3,0,0,0,0.0,0,0,0,1,2,13
3927,Joseph Gonzalez,1934,-,Defensor,0,0,0,1,0,0.0,0,0,0,0,0,9
3928,Yoann Gourcuff,2010,8,Mediocampista,2,2,0,1,0,0.0,0,1,0,1,1,29
3929,Sidney Govou,2006,9,Delantero,4,0,0,3,0,0.0,0,0,4,0,0,2
3929,Sidney Govou,2010,10,Delantero,3,2,0,0,0,0.0,0,0,0,1,2,29
3930,Antoine Griezmann,2014,11,Mediocampista,5,3,0,0,0,0.0,0,0,3,1,1,7
3930,Antoine Griezmann,2018,7,Delantero,7,7,0,0,4,0.57,0,0,6,1,0,1
3930,Antoine Griezmann,2022,7,Delantero,7,6,0,0,0,0.0,1,0,5,1,1,2
3931,Jacques Grimonpon,1954,5,Defensor,0,0,0,2,0,0.0,0,0,0,0,0,9
3932,Mattéo Guendouzi,2022,6,Mediocampista,1,1,0,6,0,0.0,0,0,0,0,1,2
3933,Jean-Marc Guillou,1978,10,Mediocampista,1,1,0,2,0,0.0,0,0,0,0,1,12
3934,Stephane Guivarch,1998,9,Delantero,6,4,0,1,0,0.0,1,0,5,1,0,1
3935,Gerard Hausser,1966,14,Delantero,3,3,0,0,1,0.33,0,0,0,1,2,13
3936,Oscar Heisserer,1938,-,Mediocampista,2,2,0,0,1,0.5,0,0,1,0,1,8
3937,Thierry Henry,1998,12,Delantero,6,3,0,1,3,0.5,0,0,5,1,0,1
3937,Thierry Henry,2002,12,Delantero,2,2,0,1,0,0.0,0,1,0,1,1,28
3937,Thierry Henry,2006,12,Delantero,7,7,0,0,3,0.43,0,0,4,3,0,2
3937,Thierry Henry,2010,12,Delantero,2,0,0,1,0,0.0,0,0,0,1,1,29
3938,Yves Herbert,1966,15,Mediocampista,2,2,0,1,0,0.0,0,0,0,0,2,13
3939,Robert Herbin,1966,16,Mediocampista,2,2,0,1,0,0.0,0,0,0,1,1,13
3940,Lucas Hernandez,2018,21,Defensor,7,7,0,0,0,0.0,2,0,6,1,0,1
3940,Lucas Hernandez,2022,21,Defensor,1,1,0,6,0,0.0,0,0,1,0,0,2
3941,Théo Hernandez,2022,22,Defensor,6,5,0,1,1,0.17,1,0,5,1,0,2
3942,Kazimir Hnatow,1958,9,Mediocampista,0,0,0,6,0,0.0,0,0,0,0,0,3
3943,Gerard Janvion,1978,4,Defensor,2,2,0,1,0,0.0,0,0,1,0,1,12
3943,Gerard Janvion,1982,5,Defensor,6,6,0,1,0,0.0,0,0,3,2,1,4
3944,Lucien Jasseron,1938,-,Mediocampista,0,0,0,2,0,0.0,0,0,0,0,0,8
3945,Robert Jonquet,1954,10,Defensor,1,1,1,1,0,0.0,0,0,0,0,1,9
3945,Robert Jonquet,1958,10,Mediocampista,5,5,4,1,0,0.0,0,0,3,0,2,3
3946,Gustave Jordan,1938,-,Mediocampista,2,2,0,0,0,0.0,0,0,1,0,1,8
3947,Raymond Kaelbel,1954,6,Defensor,2,2,0,0,0,0.0,0,0,1,0,1,9
3947,Raymond Kaelbel,1958,4,Defensor,6,6,0,0,0,0.0,0,0,4,0,2,3
3948,N'Golo Kanté,2018,13,Mediocampista,7,7,0,0,0,0.0,2,0,6,1,0,1
3949,Christian Karembeu,1998,19,Mediocampista,4,4,0,3,0,0.0,1,0,3,1,0,1
3950,Fritz Keller,1934,-,Delantero,1,1,0,0,0,0.0,0,0,0,0,1,9
3951,Presnel Kimpembe,2018,3,Defensor,1,1,0,6,0,0.0,0,0,0,1,0,1
3952,Randal Kolo Muani,2022,12,Delantero,3,1,0,4,1,0.33,0,0,1,1,1,2
3953,Ibrahima Konaté,2022,24,Defensor,5,3,0,2,0,0.0,0,0,3,1,1,2
3954,Raymond Kopa,1954,18,Delantero,2,2,0,0,1,0.5,0,0,1,0,1,9
3954,Raymond Kopa,1958,18,Delantero,6,6,0,0,3,0.5,0,0,4,0,2,3
3955,Pierre Korb,1934,-,Delantero,0,0,0,1,0,0.0,0,0,0,0,0,9
3956,Laurent Koscielny,2014,21,Defensor,4,2,0,1,0,0.0,0,0,2,1,1,7
3957,Jules Koundé,2022,5,Defensor,6,5,0,1,0,0.0,1,0,5,1,0,2
3958,Ignace Kowalczyk,1938,-,Delantero,0,0,0,2,0,0.0,0,0,0,0,0,8
3959,Bernard Lacombe,1978,17,Delantero,2,2,0,1,1,0.5,0,0,0,0,2,12
3959,Bernard Lacombe,1982,17,Delantero,3,3,0,4,0,0.0,0,0,2,1,0,4
3960,Maurice Lafont,1958,11,Mediocampista,1,1,0,5,0,0.0,0,0,1,0,0,3
3961,Bernard Lama,1998,1,Arquero,0,0,0,7,0,0.0,0,0,0,0,0,1
3962,Mickael Landreau,2006,1,Arquero,0,0,0,7,0,0.0,0,0,0,0,0,2
3962,Mickael Landreau,2014,23,Arquero,0,0,0,5,0,0.0,0,0,0,0,0,7
3963,Marcel Langiller,1930,-,Delantero,3,3,0,0,1,0.33,0,0,1,0,2,7
3964,Jean-Francois Larios,1982,13,Mediocampista,2,2,0,5,0,0.0,0,0,0,0,2,4
3965,Jean Laurent,1930,-,Mediocampista,0,0,0,3,0,0.0,0,0,0,0,0,7
3966,Lucien Laurent,1930,-,Delantero,2,2,0,1,1,0.5,0,0,1,0,1,7
3966,Lucien Laurent,1934,-,Delantero,0,0,0,1,0,0.0,0,0,0,0,0,9
3967,Yvon Le Roux,1986,7,Defensor,1,1,0,6,0,0.0,0,0,1,0,0,3
3968,Michel Leblond,1954,19,Mediocampista,0,0,0,2,0,0.0,0,0,0,0,0,9
3969,Frank Leboeuf,1998,18,Defensor,3,2,0,4,0,0.0,0,0,3,0,0,1
3969,Frank Leboeuf,2002,18,Defensor,2,2,0,1,0,0.0,0,0,0,1,1,28
3970,Thomas Lemar,2018,8,Delantero,1,1,0,6,0,0.0,0,0,0,1,0,1
3971,Andre Lerond,1958,5,Defensor,6,6,0,0,0,0.0,0,0,4,0,2,3
3972,Ernest Liberati,1930,-,Delantero,3,3,0,0,0,0.0,0,0,1,0,2,7
3973,Noel Lietaer,1934,-,Mediocampista,1,1,0,0,0,0.0,0,0,0,0,1,9
3974,Bixente Lizarazu,1998,3,Defensor,6,6,0,1,1,0.17,1,0,5,1,0,1
3974,Bixente Lizarazu,2002,3,Defensor,3,3,0,0,0,0.0,0,0,0,1,2,28
3975,Rene Llense,1934,-,Arquero,0,0,0,1,0,0.0,0,0,0,0,0,9
3975,Rene Llense,1938,-,Arquero,0,0,0,2,0,0.0,0,0,0,0,0,8
3976,Hugo Lloris,2010,1,Arquero,3,3,0,0,0,0.0,0,0,0,1,2,29
3976,Hugo Lloris,2014,1,Arquero,5,5,5,0,0,0.0,0,0,3,1,1,7
3976,Hugo Lloris,2018,1,Arquero,6,6,6,1,0,0.0,0,0,6,0,0,1
3976,Hugo Lloris,2022,1,Arquero,6,6,6,1,0,0.0,0,0,5,1,0,2
3977,Christian Lopez,1978,6,Defensor,2,2,0,1,1,0.5,0,0,1,0,1,12
3977,Christian Lopez,1982,6,Defensor,4,1,0,3,0,0.0,0,0,1,1,2,4
3978,Xerxes Louis,1954,11,Mediocampista,0,0,0,2,0,0.0,0,0,0,0,0,9
3979,Abderrhamane Mahjoub,1954,13,Mediocampista,1,1,0,1,0,0.0,0,0,1,0,0,9
3980,Philippe Mahut,1982,7,Defensor,1,1,0,6,0,0.0,0,0,0,0,1,4
3981,Jacques Mairesse,1934,-,Defensor,1,1,0,0,0,0.0,0,0,0,0,1,9
3982,Claude Makelele,2002,7,Mediocampista,1,1,0,2,0,0.0,0,0,0,0,1,28
3982,Claude Makelele,2006,6,Mediocampista,7,7,0,0,0,0.0,2,0,4,3,0,2
3983,Florent Malouda,2006,7,Mediocampista,6,6,0,1,0,0.0,1,0,4,2,0,2
3983,Florent Malouda,2010,15,Mediocampista,3,1,0,0,1,0.33,0,0,0,1,2,29
3984,Steve Mandanda,2010,16,Arquero,0,0,0,3,0,0.0,0,0,0,0,0,29
3984,Steve Mandanda,2018,16,Arquero,1,1,0,6,0,0.0,0,0,0,1,0,1
3984,Steve Mandanda,2022,16,Arquero,1,1,0,6,0,0.0,0,0,0,0,1,2
3985,Eliaquim Mangala,2014,13,Defensor,0,0,0,5,0,0.0,0,0,0,0,0,7
3986,Jean-Jacques Marcel,1954,12,Mediocampista,2,2,0,0,0,0.0,0,0,1,0,1,9
3986,Jean-Jacques Marcel,1958,12,Mediocampista,5,5,0,1,0,0.0,0,0,4,0,1,3
3987,Roger Marche,1954,7,Defensor,1,1,1,1,0,0.0,0,0,1,0,0,9
3987,Roger Marche,1958,6,Defensor,1,1,1,5,0,0.0,0,0,0,0,1,3
3988,Andre Maschinot,1930,-,Delantero,2,2,0,1,2,1.0,0,0,1,0,1,7
3989,Etienne Mattler,1930,-,Defensor,3,3,0,0,0,0.0,0,0,1,0,2,7
3989,Etienne Mattler,1934,-,Defensor,1,1,0,0,0,0.0,0,0,0,0,1,9
3989,Etienne Mattler,1938,-,Defensor,2,2,2,0,0,0.0,0,0,1,0,1,8
3990,Blaise Matuidi,2014,14,Mediocampista,5,5,0,0,1,0.2,1,0,3,1,1,7
3990,Blaise Matuidi,2018,14,Mediocampista,5,4,0,2,0,0.0,2,0,5,0,0,1
3991,Rio Mavuba,2014,12,Mediocampista,1,0,0,4,0,0.0,0,0,1,0,0,7
3992,Kylian Mbappé,2018,10,Delantero,7,6,0,0,4,0.57,2,0,6,1,0,1
3992,Kylian Mbappé,2022,10,Delantero,7,6,0,0,8,1.14,0,0,5,1,1,2
3993,Benjamin Mendy,2018,22,Defensor,1,0,0,6,0,0.0,0,0,0,1,0,1
3994,Henri Michel,1978,11,Mediocampista,2,2,0,1,0,0.0,1,0,0,0,2,12
3995,Johan Micoud,2002,22,Mediocampista,2,1,0,1,0,0.0,0,0,0,1,1,28
3996,Robert Mouynet,1958,7,Defensor,0,0,0,6,0,0.0,0,0,0,0,0,3
3997,Lucien Muller,1966,17,Mediocampista,0,0,0,3,0,0.0,0,0,0,0,0,13
3998,Jean Nicolas,1934,-,Delantero,1,1,0,0,1,1.0,0,0,0,0,1,9
3998,Jean Nicolas,1938,-,Delantero,2,2,0,0,2,1.0,0,0,1,0,1,8
3999,Steven Nzonzi,2018,15,Mediocampista,5,1,0,2,0,0.0,0,0,4,1,0,1
4000,Celestin Oliver,1958,19,Mediocampista,0,0,0,6,0,0.0,0,0,0,0,0,3
4001,Claude Papi,1978,12,Mediocampista,1,1,0,2,0,0.0,0,0,1,0,0,12
4002,Jean-Pierre Papin,1986,17,Delantero,4,4,0,3,2,0.5,0,0,3,1,0,3
4003,Benjamin Pavard,2018,2,Defensor,6,6,0,1,1,0.17,1,0,6,0,0,1
4003,Benjamin Pavard,2022,2,Defensor,1,1,0,6,0,0.0,0,0,1,0,0,2
4004,Armand Penverne,1954,14,Defensor,1,1,0,1,0,0.0,0,0,0,0,1,9
4004,Armand Penverne,1958,13,Mediocampista,6,6,1,0,0,0.0,0,0,4,0,2,3
4005,Emmanuel Petit,1998,17,Mediocampista,6,6,0,1,2,0.33,1,0,5,1,0,1
4005,Emmanuel Petit,2002,17,Mediocampista,2,2,0,1,0,0.0,2,0,0,1,1,28
4007,Roger Piantoni,1958,20,Delantero,5,5,0,1,3,0.6,0,0,3,0,2,3
4008,Marcel Pinel,1930,-,Mediocampista,3,3,0,0,0,0.0,0,0,1,0,2,7
4009,Robert Pires,1998,11,Mediocampista,3,1,0,4,0,0.0,0,0,3,0,0,1
4010,Jean Claude Piumi,1966,18,Mediocampista,0,0,0,3,0,0.0,0,0,0,0,0,13
4011,Marc Planus,2010,6,Defensor,0,0,0,3,0,0.0,0,0,0,0,0,29
4012,Michel Platini,1978,15,Mediocampista,3,2,0,0,1,0.33,1,0,1,0,2,12
4012,Michel Platini,1982,10,Mediocampista,5,5,5,2,2,0.4,0,0,2,2,1,4
4012,Michel Platini,1986,10,Mediocampista,6,6,6,1,2,0.33,0,0,3,2,1,3
4013,Paul Pogba,2014,19,Mediocampista,5,4,0,0,1,0.2,1,0,3,1,1,7
4013,Paul Pogba,2018,6,Mediocampista,6,6,0,1,1,0.17,1,0,6,0,0,1
4014,Czeslaw Povolny,1938,-,Defensor,0,0,0,2,0,0.0,0,0,0,0,0,8
4015,Adrien Rabiot,2022,14,Mediocampista,6,5,0,1,1,0.17,1,0,4,1,1,2
4016,Ulrich Rame,2002,1,Arquero,0,0,0,3,0,0.0,0,0,0,0,0,28
4017,Adil Rami,2018,17,Defensor,0,0,0,7,0,0.0,0,0,0,0,0,1
4018,Francois Remetter,1954,1,Arquero,2,2,0,0,0,0.0,0,0,1,0,1,9
4018,Francois Remetter,1958,3,Arquero,2,2,0,4,0,0.0,0,0,1,0,1,3
4019,Loïc Rémy,2014,20,Delantero,2,0,0,3,0,0.0,0,0,0,1,1,7
4020,Anthony Reveillere,2010,4,Defensor,0,0,0,3,0,0.0,0,0,0,0,0,29
4021,Franck Ribery,2006,22,Mediocampista,7,6,0,0,1,0.14,1,0,4,3,0,2
4021,Franck Ribery,2010,7,Delantero,3,3,0,0,0,0.0,1,0,0,1,2,29
4022,Patrice Rio,1978,7,Defensor,1,1,0,2,0,0.0,0,0,0,0,1,12
4023,Roger Rio,1934,-,Mediocampista,1,1,0,0,0,0.0,0,0,0,0,1,9
4024,Laurent Robuschi,1966,19,Delantero,0,0,0,3,0,0.0,0,0,0,0,0,13
4025,Dominique Rocheteau,1978,18,Delantero,2,2,0,1,1,0.5,0,0,1,0,1,12
4025,Dominique Rocheteau,1982,18,Delantero,4,3,0,3,2,0.5,0,0,2,1,1,4
4025,Dominique Rocheteau,1986,18,Delantero,4,3,0,3,1,0.25,1,0,3,1,0,3
4026,Olivier Rouyer,1978,20,Delantero,2,1,0,1,0,0.0,0,0,1,0,1,12
4027,Stéphane Ruffier,2014,16,Arquero,0,0,0,5,0,0.0,0,0,0,0,0,7
4028,Cesar Ruminski,1954,2,Arquero,0,0,0,2,0,0.0,0,0,0,0,0,9
4029,Albert Rust,1986,22,Arquero,1,1,0,6,0,0.0,0,0,1,0,0,3
4030,Bakari Sagna,2010,2,Defensor,3,3,0,0,0,0.0,0,0,0,1,2,29
4030,Bakari Sagna,2014,15,Defensor,1,1,0,4,0,0.0,0,0,0,1,0,7
4031,Willy Sagnol,2002,19,Defensor,0,0,0,3,0,0.0,0,0,0,0,0,28
4031,Willy Sagnol,2006,19,Defensor,7,7,0,0,0,0.0,3,0,4,3,0,2
4032,Louis Saha,2006,14,Delantero,3,0,0,4,0,0.0,2,0,2,1,0,2
4033,Mamadou Sakho,2014,5,Defensor,4,4,0,1,0,0.0,0,0,2,1,1,7
4034,William Saliba,2022,17,Defensor,1,0,0,6,0,0.0,0,0,0,0,1,2
4035,Morgan Schneiderlin,2014,22,Mediocampista,1,1,0,4,0,0.0,0,0,0,1,0,7
4036,Ernest Schultz,1954,20,Delantero,0,0,0,2,0,0.0,0,0,0,0,0,9
4037,Johnny Schuth,1966,22,Arquero,0,0,0,3,0,0.0,0,0,0,0,0,13
4038,Djibril Sidibé,2018,19,Defensor,1,1,0,6,0,0.0,0,0,0,1,0,1
4039,Mikael Silvestre,2002,13,Defensor,0,0,0,3,0,0.0,0,0,0,0,0,28
4039,Mikael Silvestre,2006,13,Defensor,1,1,0,6,0,0.0,0,0,1,0,0,2
4040,Jacques Simon,1966,20,Delantero,2,2,0,1,0,0.0,0,0,0,0,2,13
4041,Moussa Sissoko,2014,18,Mediocampista,4,2,0,1,1,0.25,0,0,3,1,0,7
4042,Didier Six,1978,19,Delantero,3,2,0,0,0,0.0,1,0,1,0,2,12
4042,Didier Six,1982,19,Delantero,7,4,0,0,2,0.29,0,0,3,2,2,4
4043,Gerard Soler,1982,20,Delantero,6,6,0,1,1,0.17,1,0,3,1,2,4
4044,Sebastien Squillaci,2010,17,Defensor,1,1,0,2,0,0.0,0,0,0,0,1,29
4045,Yannick Stopyra,1986,19,Delantero,6,5,0,1,2,0.33,0,0,3,2,1,3
4046,Andre Strappe,1954,21,Delantero,2,2,0,0,0,0.0,0,0,1,0,1,9
4047,Andre Tassin,1930,-,Arquero,0,0,0,3,0,0.0,0,0,0,0,0,7
4048,Aurélien Tchouaméni,2022,8,Mediocampista,7,7,0,0,1,0.14,1,0,5,1,1,2
4049,Florian Thauvin,2018,20,Delantero,1,0,0,6,0,0.0,0,0,1,0,0,1
4050,Alex Thepot,1930,-,Arquero,3,3,0,0,0,0.0,0,0,1,0,2,7
4050,Alex Thepot,1934,-,Arquero,1,1,1,0,0,0.0,0,0,0,0,1,9
4051,Lilian Thuram,1998,15,Defensor,6,6,0,1,2,0.33,0,0,5,1,0,1
4051,Lilian Thuram,2002,15,Defensor,3,3,0,0,0,0.0,0,0,0,1,2,28
4051,Lilian Thuram,2006,15,Defensor,7,7,0,0,0,0.0,1,0,4,3,0,2
4052,Marcus Thuram,2022,26,Delantero,5,0,0,2,0,0.0,1,0,4,1,0,2
4053,Jean Tigana,1982,14,Mediocampista,5,4,0,2,0,0.0,1,0,2,1,2,4
4053,Jean Tigana,1986,14,Mediocampista,7,7,0,0,1,0.14,0,0,4,2,1,3
4054,Corentin Tolisso,2018,12,Mediocampista,5,2,0,2,0,0.0,1,0,5,0,0,1
4055,Jeremy Toulalan,2010,14,Mediocampista,2,2,0,1,0,0.0,2,0,0,1,1,29
4056,Marius Tresor,1978,8,Defensor,3,3,2,0,0,0.0,0,0,1,0,2,12
4056,Marius Tresor,1982,8,Defensor,7,7,2,0,1,0.14,0,0,3,2,2,4
4057,David Trezeguet,1998,20,Delantero,6,2,0,1,1,0.17,0,0,5,1,0,1
4057,David Trezeguet,2002,20,Delantero,3,3,0,0,0,0.0,0,0,0,1,2,28
4057,David Trezeguet,2006,20,Delantero,3,1,0,4,0,0.0,0,0,1,2,0,2
4058,Thierry Tusseau,1986,8,Defensor,4,2,0,3,0,0.0,0,0,3,1,0,3
4059,Samuel Umtiti,2018,5,Defensor,6,6,0,1,1,0.17,0,0,6,0,0,1
4060,Dayot Upamecano,2022,18,Defensor,5,5,0,2,0,0.0,0,0,4,1,0,2
4061,Mathieu Valbuena,2010,20,Delantero,1,0,0,2,0,0.0,0,0,0,0,1,29
4061,Mathieu Valbuena,2014,8,Mediocampista,4,4,0,1,1,0.25,0,0,3,0,1,7
4062,Jules Vandooren,1934,-,Defensor,0,0,0,1,0,0.0,0,0,0,0,0,9
4062,Jules Vandooren,1938,-,Defensor,0,0,0,2,0,0.0,0,0,0,0,0,8
4063,Raphael Varane,2014,4,Defensor,5,4,0,0,0,0.0,0,0,3,1,1,7
4063,Raphael Varane,2018,4,Defensor,7,7,1,0,1,0.14,0,0,6,1,0,1
4063,Raphael Varane,2022,4,Defensor,6,6,1,1,0,0.0,0,0,4,1,1,2
4064,Emile Veinante,1930,-,Delantero,1,1,0,2,0,0.0,0,0,0,0,1,7
4064,Emile Veinante,1934,-,Delantero,0,0,0,1,0,0.0,0,0,0,0,0,9
4064,Emile Veinante,1938,-,Mediocampista,2,2,0,0,1,0.5,0,0,1,0,1,8
4065,Philippe Vercruysse,1986,15,Mediocampista,3,1,0,4,0,0.0,0,0,1,1,1,3
4066,Jordan Veretout,2022,15,Mediocampista,1,1,0,6,0,0.0,0,0,0,0,1,2
4067,Georges Verriest,1934,-,Mediocampista,1,1,0,0,1,1.0,0,0,0,0,1,9
4068,Patrick Vieira,1998,4,Mediocampista,2,1,0,5,0,0.0,1,0,2,0,0,1
4068,Patrick Vieira,2002,4,Mediocampista,3,3,0,0,0,0.0,0,0,0,1,2,28
4068,Patrick Vieira,2006,4,Mediocampista,7,7,1,0,2,0.29,1,0,4,3,0,2
4069,Alex Villaplane,1930,-,Mediocampista,3,3,3,0,0,0.0,0,0,1,0,2,7
4070,Jean Vincent,1954,22,Delantero,2,2,0,0,1,0.5,0,0,1,0,1,9
4070,Jean Vincent,1958,21,Delantero,6,6,0,0,1,0.17,0,0,4,0,2,3
4071,Sylvain Wiltord,2002,11,Delantero,3,3,0,0,0,0.0,0,0,0,1,2,28
4071,Sylvain Wiltord,2006,11,Delantero,7,2,0,0,0,0.0,0,0,4,3,0,2
4072,Maryan Wisnieski,1958,22,Delantero,6,6,0,0,2,0.33,0,0,4,0,2,3
4073,Daniel Xuereb,1986,20,Delantero,1,0,0,6,0,0.0,0,0,0,0,1,3
4074,Mario Zatelli,1938,-,Delantero,0,0,0,2,0,0.0,0,0,0,0,0,8
4075,Zinedine Zidane,1998,10,Mediocampista,5,5,0,2,2,0.4,1,1,4,1,0,1
4075,Zinedine Zidane,2002,10,Mediocampista,1,1,0,2,0,0.0,0,0,0,0,1,28
4075,Zinedine Zidane,2006,10,Mediocampista,6,6,6,1,3,0.5,3,1,3,3,0,2
4076,Nasrollah Abdollahi,1978,20,Delantero,3,3,0,0,0,0.0,0,0,0,1,2,14
4077,Ahmed Abedzadeh,1998,1,Arquero,2,2,2,1,0,0.0,0,0,1,0,1,20
4078,Amir Abedzadeh,2018,22,Arquero,0,0,0,3,0,0.0,0,0,0,0,0,18
4078,Amir Abedzadeh,2022,22,Arquero,0,0,0,3,0,0.0,0,0,0,0,0,26
4079,Rahman Ahmadi,2014,1,Arquero,0,0,0,3,0,0.0,0,0,0,0,0,28
4080,Jawad Allahwardi,1978,5,Defensor,1,1,0,2,0,0.0,0,0,0,0,1,14
4081,Ahmad Alnameh,2014,17,Defensor,0,0,0,3,0,0.0,0,0,0,0,0,28
4082,Vahid Amiri,2018,11,Mediocampista,3,3,0,0,0,0.0,1,0,1,1,1,18
4082,Vahid Amiri,2022,11,Mediocampista,0,0,0,3,0,0.0,0,0,0,0,0,26
4083,Karim Ansarifard,2014,10,Delantero,1,0,0,2,0,0.0,1,0,0,0,1,28
4083,Karim Ansarifard,2018,10,Delantero,3,2,0,0,1,0.33,1,0,1,1,1,18
4083,Karim Ansarifard,2022,10,Delantero,2,0,0,1,0,0.0,0,0,1,0,1,26
4084,Khodadad Azizi,1998,11,Delantero,3,3,0,0,0,0.0,0,0,1,0,2,20
4085,Sardar Azmoun,2018,20,Delantero,3,3,0,0,0,0.0,1,0,1,1,1,18
4085,Sardar Azmoun,2022,20,Delantero,3,2,0,0,0,0.0,0,0,1,0,2,26
4086,Karim Bagheri,1998,6,Mediocampista,3,3,0,0,0,0.0,0,0,1,0,2,20
4087,Sohrab Bakhtiarizadeh,2006,3,Defensor,2,1,0,1,1,0.5,0,0,0,1,1,26
4088,Hashem Beikzadeh,2014,19,Defensor,0,0,0,3,0,0.0,0,0,0,0,0,28
4089,Alireza Beiranvand,2018,1,Arquero,3,3,0,0,0,0.0,0,0,1,1,1,18
4089,Alireza Beiranvand,2022,1,Arquero,2,2,0,1,0,0.0,0,0,0,0,2,26
4090,Steven Beitashour,2014,20,Defensor,0,0,0,3,0,0.0,0,0,0,0,0,28
4091,Majid Bishkar,1978,4,Delantero,0,0,0,3,0,0.0,0,0,0,0,0,14
4092,Arash Borhani,2006,15,Delantero,2,0,0,1,0,0.0,0,0,0,1,1,26
4093,Parviz Boromand,1998,22,Arquero,0,0,0,3,0,0.0,0,0,0,0,0,20
4094,Rouzbeh Cheshmi,2018,4,Defensor,1,1,0,2,0,0.0,0,0,1,0,0,18
4094,Rouzbeh Cheshmi,2022,15,Defensor,2,1,0,1,1,0.5,0,0,1,0,1,26
4095,Ali Daei,1998,10,Delantero,3,3,0,0,0,0.0,1,0,1,0,2,20
4095,Ali Daei,2006,10,Delantero,2,2,2,1,0,0.0,0,0,0,1,1,26
4096,Iraj Danayfar,1978,2,Mediocampista,2,2,0,1,1,0.5,0,0,0,1,1,14
4097,Daniel Davari,2014,22,Arquero,0,0,0,3,0,0.0,0,0,0,0,0,28
4098,Ashkan Dejagah,2014,21,Mediocampista,3,3,0,0,0,0.0,0,0,0,1,2,28
4098,Ashkan Dejagah,2018,21,Delantero,0,0,0,3,0,0.0,0,0,0,0,0,18
4099,Sirous Din Mohammadi,1998,8,Defensor,1,0,0,2,0,0.0,0,0,0,0,1,20
4100,Omid Ebrahimi,2018,9,Mediocampista,3,3,0,0,0,0.0,1,0,1,1,1,18
4101,Reza Enayati,2006,16,Delantero,0,0,0,3,0,0.0,0,0,0,0,0,26
4102,Andranik Eskandarian,1978,15,Defensor,2,2,0,1,0,0.0,2,0,0,1,1,14
4103,Hamid Estili,1998,9,Mediocampista,3,3,0,0,1,0.33,0,0,1,0,2,20
4104,Saeid Ezatolahi,2018,6,Mediocampista,2,2,0,1,0,0.0,0,0,0,1,1,18
4104,Saeid Ezatolahi,2022,6,Mediocampista,3,2,0,0,0,0.0,0,0,1,0,2,26
4105,Hussein Faraki,1978,18,Delantero,3,3,0,0,0,0.0,0,0,0,1,2,14
4106,Behtash Fariba,1978,3,Delantero,1,0,0,2,0,0.0,0,0,0,0,1,14
4107,Ali Reza Gheshghaian,1978,11,Defensor,0,0,0,3,0,0.0,0,0,0,0,0,14
4108,Saman Ghoddos,2018,14,Delantero,3,0,0,0,0,0.0,0,0,1,1,1,18
4108,Saman Ghoddos,2022,14,Mediocampista,1,0,0,2,0,0.0,0,0,0,0,1,26
4109,Ali Gholizadeh,2022,17,Mediocampista,3,2,0,0,0,0.0,0,0,1,0,2,26
4110,Reza Ghoochannejhad,2014,16,Delantero,3,3,0,0,1,0.33,0,0,0,1,2,28
4110,Reza Ghoochannejhad,2018,16,Delantero,0,0,0,3,0,0.0,0,0,0,0,0,18
4111,Yahya Golmohammadi,2006,4,Defensor,2,2,1,1,1,0.5,1,0,0,0,2,26
4112,Ghasem Haddadifar,2014,11,Mediocampista,0,0,0,3,0,0.0,0,0,0,0,0,28
4113,Alireza Haghighi,2014,12,Arquero,3,3,0,0,0,0.0,0,0,0,1,2,28
4114,Reza Haghighi,2014,8,Mediocampista,1,0,0,2,0,0.0,0,0,0,0,1,28
4115,Ehsan Hajsafi,2014,3,Mediocampista,3,3,0,0,0,0.0,0,0,0,1,2,28
4115,Ehsan Hajsafi,2018,3,Defensor,3,3,2,0,0,0.0,1,0,1,1,1,18
4115,Ehsan Hajsafi,2022,3,Defensor,3,3,3,0,0,0.0,0,0,1,0,2,26
4116,Satar Hamedani,1998,18,Mediocampista,0,0,0,3,0,0.0,0,0,0,0,0,20
4117,Vahid Hashemian,2006,9,Delantero,3,3,0,0,0,0.0,0,0,0,1,2,26
4118,Nasser Hejazi,1978,1,Arquero,3,3,0,0,0,0.0,0,0,0,1,2,14
4119,Khosro Heydari,2014,2,Mediocampista,3,1,0,0,0,0.0,0,0,0,1,2,28
4120,Hossein Hosseini,2022,24,Arquero,2,1,0,1,0,0.0,0,0,1,0,1,26
4121,Jalal Hosseini,2014,4,Defensor,3,3,0,0,0,0.0,0,0,0,1,2,28
4122,Majid Hosseini,2018,19,Defensor,3,2,0,0,0,0.0,0,0,1,1,1,18
4122,Majid Hosseini,2022,19,Defensor,3,3,0,0,0,0.0,1,0,1,0,2,26
4123,Alireza Jahanbakhsh,2014,9,Delantero,3,0,0,0,0,0.0,0,0,0,1,2,28
4123,Alireza Jahanbakhsh,2018,18,Delantero,3,2,0,0,0,0.0,1,0,1,1,1,18
4123,Alireza Jahanbakhsh,2022,7,Mediocampista,2,1,0,1,0,0.0,2,0,1,0,1,26
4124,Ghafoor Jahani,1978,17,Delantero,3,2,0,0,0,0.0,0,0,0,1,2,14
4125,Abolfazl Jalali,2022,25,Defensor,1,0,0,2,0,0.0,1,0,0,0,1,26
4126,Hossein Kaabi,2006,13,Defensor,3,3,0,0,0,0.0,1,0,0,1,2,26
4127,Hossein Kanaani,2022,13,Defensor,1,0,0,2,0,0.0,1,0,0,0,1,26
4128,Ali Karimi,2006,8,Mediocampista,2,2,0,1,0,0.0,0,0,0,0,2,26
4128,Ali Karimi,2022,18,Mediocampista,3,1,0,0,0,0.0,0,0,1,0,2,26
4129,Ebrahim Kassempoor,1978,8,Mediocampista,3,3,0,0,0,0.0,0,0,0,1,2,14
4130,Javad Kazemeian,2006,17,Delantero,0,0,0,3,0,0.0,0,0,0,0,0,26
4131,Hussein Kazerani,1978,21,Defensor,3,3,0,0,0,0.0,0,0,0,1,2,14
4132,Mohammad Khakpour,1998,4,Defensor,3,3,0,0,0,0.0,0,0,1,0,2,20
4133,Shoja Khalilzadeh,2022,4,Defensor,0,0,0,3,0,0.0,0,0,0,0,0,26
4134,Nader Khani,1998,14,Mediocampista,3,3,1,0,0,0.0,0,0,1,0,2,20
4135,Mohammadreza Khanzadeh,2018,13,Defensor,0,0,0,3,0,0.0,0,0,0,0,0,18
4136,Rasoul Khatibi,2006,11,Delantero,2,0,0,1,0,0.0,0,0,0,1,1,26
4137,Mohammad Reza Korbekandi,1978,22,Arquero,0,0,0,3,0,0.0,0,0,0,0,0,14
4138,Ali Latifi,1998,13,Delantero,0,0,0,3,0,0.0,0,0,0,0,0,20
4139,Mehrzad Madanchi,2006,21,Mediocampista,3,2,0,0,0,0.0,2,0,0,1,2,26
4140,Mehdi Mahdavikia,1998,2,Mediocampista,3,3,0,0,1,0.33,0,0,1,0,2,20
4140,Mehdi Mahdavikia,2006,2,Mediocampista,3,3,0,0,0,0.0,0,0,0,1,2,26
4141,Hossein Mahini,2014,13,Defensor,0,0,0,3,0,0.0,0,0,0,0,0,28
4142,Ali Reza Mansourian,1998,7,Mediocampista,2,0,0,1,0,0.0,0,0,1,0,1,20
4143,Mohammad Mazaheri,2018,12,Arquero,0,0,0,3,0,0.0,0,0,0,0,0,18
4144,Mehrdad Minavand,1998,21,Delantero,3,3,0,0,0,0.0,1,0,1,0,2,20
4145,Ebrahim Mirzapour,2006,1,Arquero,3,3,0,0,0,0.0,0,0,0,1,2,26
4146,Milad Mohammadi,2018,5,Defensor,2,0,0,1,0,0.0,0,0,0,1,1,18
4146,Milad Mohammadi,2022,5,Defensor,3,3,0,0,0,0.0,0,0,1,0,2,26
4147,Sadegh Moharrami,2022,2,Defensor,1,1,0,2,0,0.0,0,0,0,0,1,26
4148,Pejman Montazeri,2014,15,Defensor,3,3,0,0,0,0.0,0,0,0,1,2,28
4148,Pejman Montazeri,2018,15,Defensor,0,0,0,3,0,0.0,0,0,0,0,0,18
4149,Bahram Movadat,1978,12,Arquero,0,0,0,3,0,0.0,0,0,0,0,0,14
4150,Hassan Naibagha,1978,6,Mediocampista,2,1,0,1,0,0.0,0,0,0,1,1,14
4151,Nima Nakisa,1998,12,Arquero,1,1,0,2,0,0.0,0,0,0,0,1,20
4152,Moharram Navidkia,2006,18,Mediocampista,0,0,0,3,0,0.0,0,0,0,0,0,26
4153,Hassan Nazari,1978,14,Defensor,3,3,0,0,0,0.0,1,0,0,1,2,14
4154,Javad Nekounam,2006,6,Mediocampista,2,2,0,1,0,0.0,2,0,0,0,2,26
4154,Javad Nekounam,2014,6,Mediocampista,3,3,3,0,0,0.0,1,0,0,1,2,28
4155,Payam Niazmand,2022,12,Arquero,0,0,0,3,0,0.0,0,0,0,0,0,26
4156,Mohammad Nosrati,2006,20,Defensor,3,3,0,0,0,0.0,0,0,0,1,2,26
4157,Ahmad Nourollahi,2022,21,Mediocampista,3,3,0,0,0,0.0,0,0,1,0,2,26
4158,Nasser Nuray,1978,16,Delantero,0,0,0,3,0,0.0,0,0,0,0,0,14
4159,Ali Akbar Ostad-Asadi,1998,15,Defensor,0,0,0,3,0,0.0,0,0,0,0,0,20
4160,Ali Parwin,1978,7,Mediocampista,3,3,3,0,0,0.0,0,0,0,1,2,14
4161,Mehdi Pashazadeh,1998,20,Defensor,3,3,0,0,0,0.0,0,0,1,0,2,20
4162,Afshin Peyravani,1998,5,Defensor,1,0,0,2,0,0.0,0,0,1,0,0,20
4163,Mehrdad Pooladi,2014,23,Defensor,3,3,0,0,0,0.0,0,0,0,1,2,28
4164,Morteza Pouraliganji,2018,8,Defensor,3,3,0,0,0,0.0,0,0,1,1,1,18
4164,Morteza Pouraliganji,2022,8,Defensor,3,3,0,0,0,0.0,1,0,1,0,2,26
4165,Bakhtiar Rahmani,2014,18,Mediocampista,0,0,0,3,0,0.0,0,0,0,0,0,28
4166,Rahman Rezaei,2006,5,Defensor,3,3,0,0,0,0.0,0,0,0,1,2,26
4167,Ramin Rezaeian,2018,23,Defensor,3,3,0,0,0,0.0,0,0,1,1,1,18
4167,Ramin Rezaeian,2022,23,Defensor,2,2,0,1,1,0.5,1,0,1,0,1,26
4168,Hassan Roudbarian,2006,12,Arquero,0,0,0,3,0,0.0,0,0,0,0,0,26
4169,Hassan Rowshan,1978,10,Delantero,3,1,0,0,1,0.33,0,0,0,1,2,14
4170,Naim Sadavi,1998,3,Defensor,1,0,0,2,0,0.0,0,0,1,0,0,20
4171,Amir Hossein Sadeghi,2006,19,Defensor,0,0,0,3,0,0.0,0,0,0,0,0,26
4171,Amir Hossein Sadeghi,2014,5,Defensor,3,3,0,0,0,0.0,0,0,0,1,2,28
4172,Mohammad Sadeqi,1978,9,Mediocampista,3,3,0,0,0,0.0,0,0,0,1,2,14
4173,Behnam Seraj,1998,19,Delantero,0,0,0,3,0,0.0,0,0,0,0,0,20
4174,Reza Shahroudi,1998,16,Mediocampista,0,0,0,3,0,0.0,0,0,0,0,0,20
4175,Ali Shojaei,1978,19,Defensor,0,0,0,3,0,0.0,0,0,0,0,0,14
4176,Masoud Shojaei,2006,23,Mediocampista,1,0,0,2,0,0.0,0,0,0,1,0,26
4176,Masoud Shojaei,2014,7,Mediocampista,3,2,0,0,0,0.0,1,0,0,1,2,28
4176,Masoud Shojaei,2018,7,Mediocampista,1,1,1,2,0,0.0,1,0,1,0,0,18
4177,Vahid Talebloo,2006,22,Arquero,0,0,0,3,0,0.0,0,0,0,0,0,26
4178,Mehdi Taremi,2018,17,Delantero,3,2,0,0,0,0.0,0,0,1,1,1,18
4178,Mehdi Taremi,2022,9,Delantero,3,3,0,0,2,0.67,0,0,1,0,2,26
4179,Hamid Majid Taymouri,1978,13,Delantero,0,0,0,3,0,0.0,0,0,0,0,0,14
4180,Andranik Teymourian,2006,14,Mediocampista,3,3,0,0,0,0.0,1,0,0,1,2,26
4180,Andranik Teymourian,2014,14,Mediocampista,3,3,0,0,0,0.0,1,0,0,1,2,28
4181,Mehdi Torabi,2018,2,Mediocampista,0,0,0,3,0,0.0,0,0,0,0,0,18
4181,Mehdi Torabi,2022,16,Mediocampista,3,0,0,0,0,0.0,0,0,1,0,2,26
4182,Ferydoon Zandi,2006,7,Mediocampista,2,1,0,1,0,0.0,1,0,0,1,1,26
4183,Javad Zarincheh,1998,17,Defensor,3,3,0,0,0,0.0,1,0,1,0,2,20
4184,Daniel Agger,2010,4,Defensor,3,3,0,0,0,0.0,0,0,1,0,2,24
4185,Henrik Andersen,1986,21,Defensor,3,3,0,1,0,0.0,1,0,2,0,1,9
4186,Joachim Andersen,2022,2,Defensor,3,3,0,0,0,0.0,0,0,0,1,2,28
4187,Stephan Andersen,2010,16,Arquero,0,0,0,3,0,0.0,0,0,0,0,0,24
4188,Frank Arnesen,1986,15,Mediocampista,3,3,0,1,0,0.0,1,1,3,0,0,9
4189,Alexander Bah,2022,26,Defensor,2,0,0,1,0,0.0,0,0,0,0,2,28
4190,Jan Bartram,1986,20,Mediocampista,0,0,0,4,0,0.0,0,0,0,0,0,9
4191,Mikkel Beckmann,2010,17,Delantero,1,0,0,2,0,0.0,0,0,0,0,1,24
4192,Nicklas Bendtner,2010,11,Delantero,3,3,0,0,1,0.33,1,0,1,0,2,24
4193,Klaus Berggreen,1986,9,Mediocampista,3,3,0,1,0,0.0,1,0,2,0,1,9
4194,Jens Bertelsen,1986,12,Defensor,3,3,0,1,0,0.0,0,0,2,0,1,9
4195,Kasper Bogelund,2002,20,Defensor,2,0,0,2,0,0.0,0,0,1,0,1,10
4196,Martin Braithwaite,2018,11,Delantero,4,2,0,0,0,0.0,0,0,1,3,0,11
4196,Martin Braithwaite,2022,9,Delantero,2,1,0,1,0,0.0,0,0,0,0,2,28
4197,Soren Busk,1986,3,Defensor,4,4,0,0,0,0.0,0,0,3,0,1,9
4198,Andreas Christensen,2018,6,Defensor,4,4,0,0,0,0.0,0,0,1,3,0,11
4198,Andreas Christensen,2022,6,Defensor,3,3,0,0,1,0.33,1,0,0,1,2,28
4199,Flemming Christensen,1986,18,Delantero,0,0,0,4,0,0.0,0,0,0,0,0,9
4200,Oliver Christensen,2022,16,Arquero,0,0,0,3,0,0.0,0,0,0,0,0,28
4201,Jesper Christiansen,2002,22,Arquero,0,0,0,4,0,0.0,0,0,0,0,0,10
4201,Jesper Christiansen,2010,22,Arquero,0,0,0,3,0,0.0,0,0,0,0,0,24
4202,Soren Colding,1998,12,Defensor,5,4,0,0,0,0.0,2,0,2,1,2,8
4203,Andreas Cornelius,2018,21,Delantero,3,2,0,1,0,0.0,0,0,0,3,0,11
4203,Andreas Cornelius,2022,21,Delantero,3,1,0,0,0,0.0,1,0,0,1,2,28
4204,Henrik Dalsgaard,2018,14,Defensor,4,4,0,0,0,0.0,0,0,1,3,0,11
4205,Mikkel Damsgaard,2022,14,Mediocampista,3,1,0,0,0,0.0,0,0,0,1,2,28
4206,Thomas Delaney,2018,8,Mediocampista,4,4,0,0,0,0.0,1,0,1,3,0,11
4206,Thomas Delaney,2022,8,Mediocampista,1,1,0,2,0,0.0,0,0,0,1,0,28
4207,Kasper Dolberg,2018,12,Delantero,1,0,0,3,0,0.0,0,0,0,1,0,11
4207,Kasper Dolberg,2022,12,Delantero,3,1,0,0,0,0.0,0,0,0,1,2,28
4208,Preben Elkjaer Larsen,1986,10,Delantero,4,4,0,0,4,1.0,0,0,3,0,1,9
4209,Thomas Enevoldsen,2010,20,Mediocampista,1,1,0,2,0,0.0,0,0,0,0,1,24
4210,Christian Eriksen,2010,21,Mediocampista,2,0,0,1,0,0.0,0,0,0,0,2,24
4210,Christian Eriksen,2018,10,Mediocampista,4,4,0,0,1,0.25,0,0,1,3,0,11
4210,Christian Eriksen,2022,10,Mediocampista,3,3,1,0,0,0.0,0,0,0,1,2,28
4211,John Eriksen,1986,19,Delantero,2,0,0,2,1,0.5,0,0,1,0,1,9
4212,Viktor Fischer,2018,15,Delantero,1,0,0,3,0,0.0,0,0,0,1,0,11
4213,Per Frandsen,1998,8,Mediocampista,2,0,0,3,0,0.0,0,0,2,0,0,8
4214,Per Frimann,1986,13,Mediocampista,0,0,0,4,0,0.0,0,0,0,0,0,9
4215,Bjarne Goldbaek,1998,17,Mediocampista,0,0,0,5,0,0.0,0,0,0,0,0,8
4216,Thomas Gravesen,2002,7,Mediocampista,4,4,0,0,0,0.0,0,0,2,1,1,10
4217,Jesper Gronkjaer,2002,8,Delantero,4,3,0,0,0,0.0,0,0,2,1,1,10
4217,Jesper Gronkjaer,2010,8,Delantero,2,1,0,1,0,0.0,0,0,1,0,1,24
4218,Jan Heintze,1998,5,Defensor,5,3,0,0,0,0.0,0,0,2,1,2,8
4218,Jan Heintze,2002,5,Defensor,2,2,2,2,0,0.0,1,0,1,1,0,10
4219,Thomas Helveg,1998,6,Defensor,5,5,0,0,1,0.2,1,0,2,1,2,8
4219,Thomas Helveg,2002,6,Defensor,4,4,0,0,0,0.0,1,0,2,1,1,10
4220,Rene Henriksen,1998,20,Defensor,0,0,0,5,0,0.0,0,0,0,0,0,8
4220,Rene Henriksen,2002,3,Defensor,4,4,2,0,0,0.0,0,0,2,1,1,10
4221,Jes Hogh,1998,4,Defensor,5,5,0,0,0,0.0,1,0,2,1,2,8
4222,Lars Hogh,1986,22,Arquero,2,2,0,2,0,0.0,0,0,1,0,1,9
4223,Pierre-Emile Hojbjerg,2022,23,Mediocampista,3,3,0,0,0,0.0,0,0,0,1,2,28
4224,Lars Jacobsen,2010,6,Defensor,3,3,0,0,0,0.0,0,0,1,0,2,24
4225,Claus Jensen,2002,14,Mediocampista,1,0,0,3,0,0.0,0,0,0,0,1,10
4226,Daniel Jensen,2010,7,Mediocampista,1,0,0,2,0,0.0,0,0,1,0,0,24
4227,Mathias Jensen,2022,7,Mediocampista,2,1,0,1,0,0.0,1,0,0,1,1,28
4228,Niclas Jensen,2002,12,Defensor,3,2,0,1,0,0.0,1,0,2,0,1,10
4229,Martin Jorgensen,1998,21,Mediocampista,5,5,0,0,1,0.2,0,0,2,1,2,8
4229,Martin Jorgensen,2002,10,Delantero,3,1,0,1,0,0.0,0,0,2,1,0,10
4229,Martin Jorgensen,2010,10,Mediocampista,3,3,1,0,0,0.0,0,0,1,0,2,24
4232,Thomas Kahlenberg,2010,12,Mediocampista,3,2,0,0,0,0.0,0,0,1,0,2,24
4233,Peter Kjaer,1998,22,Arquero,0,0,0,5,0,0.0,0,0,0,0,0,8
4233,Peter Kjaer,2002,16,Arquero,0,0,0,4,0,0.0,0,0,0,0,0,10
4234,Simon Kjaer,2010,3,Defensor,2,2,0,1,0,0.0,2,0,1,0,1,24
4234,Simon Kjaer,2018,4,Defensor,4,4,4,0,0,0.0,0,0,1,3,0,11
4234,Simon Kjaer,2022,4,Defensor,1,1,1,2,0,0.0,0,0,0,1,0,28
4235,Jonas Knudsen,2018,5,Defensor,1,1,0,3,0,0.0,0,0,0,1,0,11
4236,Rasmus Kristensen,2022,13,Defensor,3,3,0,0,0,0.0,1,0,0,1,2,28
4237,Mogens Krogh,1998,16,Arquero,0,0,0,5,0,0.0,0,0,0,0,0,8
4238,Michael Krohn-Dehli,2018,2,Mediocampista,1,0,0,3,0,0.0,0,0,0,1,0,11
4239,Per Kroldrup,2010,13,Defensor,1,1,0,2,0,0.0,1,0,0,0,1,24
4240,William Kvist,2010,5,Mediocampista,0,0,0,3,0,0.0,0,0,0,0,0,24
4240,William Kvist,2018,7,Mediocampista,1,1,0,3,0,0.0,0,0,1,0,0,11
4241,Soren Larsen,2010,18,Delantero,1,0,0,2,0,0.0,0,0,0,0,1,24
4242,Brian Laudrup,1998,11,Delantero,5,5,0,0,2,0.4,0,0,2,1,2,8
4243,Michael Laudrup,1986,11,Mediocampista,4,4,0,0,1,0.25,0,0,3,0,1,9
4243,Michael Laudrup,1998,10,Mediocampista,5,5,5,0,1,0.2,0,0,2,1,2,8
4244,Jacob Laursen,1998,13,Defensor,1,1,0,4,0,0.0,0,0,0,0,1,8
4245,Martin Laursen,2002,4,Defensor,4,4,0,0,0,0.0,1,0,2,1,1,10
4246,Lukas Lerager,2018,18,Mediocampista,1,0,0,3,0,0.0,0,0,0,1,0,11
4247,Soren Lerby,1986,6,Mediocampista,4,4,0,0,1,0.25,0,0,3,0,1,9
4248,Jesper Lindstrom,2022,25,Mediocampista,3,2,0,0,0,0.0,0,0,0,1,2,28
4249,Jonas Lössl,2018,16,Arquero,0,0,0,4,0,0.0,0,0,0,0,0,11
4250,Peter Lovenkrands,2002,18,Delantero,1,0,0,3,0,0.0,0,0,0,1,0,10
4251,Steven Lustu,2002,13,Defensor,0,0,0,4,0,0.0,0,0,0,0,0,10
4252,Peter Madsen,2002,21,Delantero,0,0,0,4,0,0.0,0,0,0,0,0,10
4253,Joakim Maehle,2022,5,Defensor,3,3,0,0,0,0.0,0,0,0,1,2,28
4254,Jan Michaelsen,2002,15,Mediocampista,0,0,0,4,0,0.0,0,0,0,0,0,10
4255,Jan Molby,1986,7,Mediocampista,4,1,0,0,0,0.0,0,0,3,0,1,9
4256,Peter Moller,1998,18,Delantero,2,2,0,3,1,0.5,0,0,1,0,1,8
4257,Miklos Molnar,1998,9,Delantero,1,0,0,4,0,0.0,0,1,0,1,0,8
4258,Patrick Mtiliga,2010,23,Defensor,0,0,0,3,0,0.0,0,0,0,0,0,24
4259,Victor Nelsson,2022,3,Defensor,1,1,0,2,0,0.0,0,0,0,0,1,28
4260,Allan Nielsen,1998,7,Mediocampista,5,4,0,0,1,0.2,1,0,2,1,2,8
4261,Brian Steen Nielsen,2002,23,Mediocampista,1,0,0,3,0,0.0,0,0,1,0,0,10
4262,Ivan Nielsen,1986,5,Defensor,3,3,0,1,0,0.0,1,0,2,0,1,9
4263,Kent Nielsen,1986,17,Defensor,0,0,0,4,0,0.0,0,0,0,0,0,9
4264,Christian Norgaard,2022,15,Mediocampista,1,0,0,2,0,0.0,0,0,0,0,1,28
4265,Jesper Olsen,1986,8,Mediocampista,4,3,0,0,3,0.75,0,0,3,0,1,9
4266,Morten Olsen,1986,4,Defensor,4,4,4,0,0,0.0,0,0,3,0,1,9
4267,Christian Poulsen,2002,17,Mediocampista,3,1,0,1,0,0.0,2,0,2,1,0,10
4267,Christian Poulsen,2010,2,Mediocampista,3,3,0,0,0,0.0,1,0,1,0,2,24
4268,Jakob Poulsen,2010,14,Mediocampista,2,0,0,1,0,0.0,0,0,1,0,1,24
4269,Simon Poulsen,2010,15,Defensor,3,3,0,0,0,0.0,0,0,1,0,2,24
4270,Ole Qvist,1986,16,Arquero,0,0,0,4,0,0.0,0,0,0,0,0,9
4271,Trols Rasmussen,1986,1,Arquero,2,2,0,2,0,0.0,0,0,2,0,0,9
4272,Marc Rieper,1998,3,Defensor,5,5,0,0,1,0.2,2,0,2,1,2,8
4273,Dennis Rommedahl,2002,19,Delantero,4,4,0,0,1,0.25,0,0,2,1,1,10
4273,Dennis Rommedahl,2010,19,Delantero,3,3,0,0,1,0.33,0,0,1,0,2,24
4274,Frederik Ronnow,2018,22,Arquero,0,0,0,4,0,0.0,0,0,0,0,0,11
4274,Frederik Ronnow,2022,22,Arquero,0,0,0,3,0,0.0,0,0,0,0,0,28
4275,Ebbe Sand,1998,19,Delantero,5,2,0,0,1,0.2,0,0,2,1,2,8
4275,Ebbe Sand,2002,11,Delantero,3,3,0,1,0,0.0,1,0,1,1,1,10
4276,Michael Schjonberg,1998,2,Defensor,4,3,0,1,0,0.0,1,0,1,1,2,8
4277,Kasper Schmeichel,2018,1,Arquero,4,4,0,0,0,0.0,0,0,1,3,0,11
4277,Kasper Schmeichel,2022,1,Arquero,3,3,1,0,0,0.0,0,0,0,1,2,28
4278,Peter Schmeichel,1998,1,Arquero,5,5,0,0,0,0.0,1,0,2,1,2,8
4279,Lasse Schöne,2018,19,Mediocampista,3,1,0,1,0,0.0,0,0,1,2,0,11
4280,Allan Simonsen,1986,14,Delantero,1,0,0,3,0,0.0,0,0,1,0,0,9
4281,Pione Sisto,2018,23,Delantero,4,3,0,0,0,0.0,1,0,1,3,0,11
4282,John Sivebaek,1986,2,Defensor,2,1,0,2,0,0.0,0,0,2,0,0,9
4283,Robert Skov,2022,24,Mediocampista,1,0,0,2,0,0.0,1,0,0,0,1,28
4284,Andreas Skov Olsen,2022,11,Mediocampista,2,2,0,1,0,0.0,0,0,0,1,1,28
4285,Thomas Sorensen,2002,1,Arquero,4,4,0,0,0,0.0,0,0,2,1,1,10
4285,Thomas Sorensen,2010,1,Arquero,3,3,0,0,0,0.0,1,0,1,0,2,24
4286,Jens Stryger Larsen,2018,17,Defensor,3,3,0,1,0,0.0,0,0,1,2,0,11
4286,Jens Stryger Larsen,2022,17,Defensor,0,0,0,3,0,0.0,0,0,0,0,0,28
4287,Stig Tofting,1998,15,Mediocampista,2,0,0,3,0,0.0,2,0,0,0,2,8
4287,Stig Tofting,2002,2,Mediocampista,4,4,0,0,0,0.0,1,0,2,1,1,10
4288,Jon Dahl Tomasson,2002,9,Delantero,4,4,0,0,4,1.0,1,0,2,1,1,10
4288,Jon Dahl Tomasson,2010,9,Delantero,2,2,2,1,1,0.5,0,0,1,0,1,24
4289,Jannik Vestergaard,2018,3,Defensor,0,0,0,4,0,0.0,0,0,0,0,0,11
4290,Daniel Wass,2022,18,Defensor,0,0,0,3,0,0.0,0,0,0,0,0,28
4291,Morten Wieghorst,1998,14,Mediocampista,3,1,0,2,0,0.0,1,1,2,1,0,8
4292,Jonas Wind,2022,19,Delantero,0,0,0,3,0,0.0,0,0,0,0,0,28
4293,Yussuf Yurary Poulsen,2018,20,Delantero,3,3,0,1,1,0.33,2,0,1,2,0,11
4293,Yussuf Yurary Poulsen,2022,20,Delantero,0,0,0,3,0,0.0,0,0,0,0,0,28
4294,Danilo Aceval,1998,12,Arquero,0,0,0,4,0,0.0,0,0,0,0,0,14
4295,Ignacio Achucarro,1958,4,Defensor,3,3,0,0,0,0.0,0,0,1,1,1,12
4296,Roberto Acuña,1998,10,Mediocampista,4,3,0,0,0,0.0,0,0,1,2,1,14
4296,Roberto Acuña,2002,10,Mediocampista,4,4,0,0,0,0.0,1,1,1,1,2,16
4296,Roberto Acuña,2006,10,Mediocampista,3,3,0,0,0,0.0,1,0,1,0,2,18
4297,Juan Aguero,1958,7,Delantero,3,3,3,0,2,0.67,0,0,1,1,1,12
4298,Samuel Aguilar,1958,12,Arquero,2,2,0,1,0,0.0,0,0,1,1,0,12
4299,Edgar Aguilera,1998,6,Mediocampista,0,0,0,4,0,0.0,0,0,0,0,0,14
4300,Oscar Aguilera,1958,10,Delantero,0,0,0,3,0,0.0,0,0,0,0,0,12
4301,Francisco Aguirre,1930,-,Mediocampista,1,1,0,1,0,0.0,0,0,0,0,1,9
4302,Antolin Alcaraz,2010,21,Defensor,4,4,0,1,1,0.25,1,0,1,2,1,8
4303,Francisco Alcaraz,1986,17,Mediocampista,0,0,0,4,0,0.0,0,0,0,0,0,13
4304,Faustino Alonso,1986,21,Delantero,0,0,0,4,0,0.0,0,0,0,0,0,13
4305,Guido Alvarenga,2002,8,Mediocampista,2,2,0,2,0,0.0,0,0,1,1,0,16
4306,Florencio Amarilla,1958,11,Delantero,3,3,0,0,2,0.67,0,0,1,1,1,12
4307,Francisco Arce,1998,2,Defensor,3,3,0,1,0,0.0,2,0,1,1,1,14
4307,Francisco Arce,2002,2,Defensor,4,4,0,0,1,0.25,1,0,1,1,2,16
4308,Edelmiro Arevalo,1958,2,Defensor,3,3,0,0,0,0.0,0,0,1,1,1,12
4309,Enrique Avalos,1950,-,Delantero,2,2,0,0,0,0.0,0,0,0,1,1,11
4310,Marcial Avalos,1950,-,Delantero,0,0,0,2,0,0.0,0,0,0,0,0,11
4311,Jose Raul Aveiro,1958,20,Delantero,0,0,0,3,0,0.0,0,0,0,0,0,12
4312,Celso Ayala,1998,5,Defensor,4,4,0,0,1,0.25,1,0,1,2,1,14
4312,Celso Ayala,2002,5,Defensor,4,4,0,0,0,0.0,0,0,1,1,2,16
4313,Melanio Baez,1950,-,Mediocampista,0,0,0,2,0,0.0,0,0,0,0,0,11
4314,Richart Baez,2002,7,Delantero,0,0,0,4,0,0.0,0,0,0,0,0,16
4315,Diego Barreto,2010,12,Arquero,0,0,0,5,0,0.0,0,0,0,0,0,8
4316,Edgar Barreto,2006,8,Mediocampista,2,1,0,1,0,0.0,1,0,1,0,1,18
4317,Lucas Barrios,2010,19,Delantero,5,3,0,0,0,0.0,0,0,1,3,1,8
4318,Jorge Battaglia,1986,12,Arquero,0,0,0,4,0,0.0,0,0,0,0,0,13
4319,Edgar Benitez,2010,10,Delantero,2,1,0,3,0,0.0,0,0,0,2,0,8
4320,Miguel Benitez,1998,15,Delantero,4,4,0,0,1,0.25,2,0,1,2,1,14
4321,Pedro Benitez,1930,-,Arquero,1,1,0,1,0,0.0,0,0,1,0,0,9
4322,Santiago Benitez,1930,-,Mediocampista,1,1,0,1,0,0.0,0,0,1,0,0,9
4323,Delfin Benitez Caceres,1930,-,Delantero,2,2,0,0,0,0.0,0,0,1,0,1,9
4324,Angel Berni,1950,-,Delantero,0,0,0,2,0,0.0,0,0,0,0,0,11
4325,Aldo Bobadilla,2006,22,Arquero,3,2,0,0,0,0.0,0,0,1,0,2,18
4325,Aldo Bobadilla,2010,22,Arquero,0,0,0,5,0,0.0,0,0,0,0,0,8
4326,Carlos Bonet,2002,15,Mediocampista,1,1,0,3,0,0.0,0,0,0,0,1,16
4326,Carlos Bonet,2006,6,Mediocampista,2,2,0,1,0,0.0,0,0,0,0,2,18
4326,Carlos Bonet,2010,6,Mediocampista,3,3,0,2,0,0.0,0,0,1,2,0,8
4327,Hugo Brizuela,1998,17,Delantero,1,1,0,3,0,0.0,0,0,1,0,0,14
4328,Luis Caballero,1986,14,Defensor,0,0,0,4,0,0.0,0,0,0,0,0,13
4329,Roberto Cabañas,1986,9,Delantero,4,4,0,0,2,0.5,0,0,1,2,1,13
4330,Salvador Cabañas,2006,7,Mediocampista,0,0,0,3,0,0.0,0,0,0,0,0,18
4331,Eufemio Cabral,1986,15,Defensor,0,0,0,4,0,0.0,0,0,0,0,0,13
4332,Antonio Cabrera,1950,-,Defensor,0,0,0,2,0,0.0,0,0,0,0,0,11
4333,Julio Cesar Caceres,2002,18,Defensor,4,4,0,0,0,0.0,1,0,1,1,2,16
4333,Julio Cesar Caceres,2006,5,Defensor,3,3,0,0,0,0.0,0,0,1,0,2,18
4333,Julio Cesar Caceres,2010,5,Defensor,1,1,0,4,0,0.0,0,0,0,1,0,8
4335,Virginio Caceres,1986,13,Defensor,0,0,0,4,0,0.0,0,0,0,0,0,13
4336,Lorenzo Calonga,1950,-,Delantero,0,0,0,2,0,0.0,0,0,0,0,0,11
4338,Adolfino Canete,1986,10,Mediocampista,4,4,0,0,0,0.0,0,0,1,2,1,13
4339,Juan Leon Canete,1950,-,Delantero,0,0,0,2,0,0.0,0,0,0,0,0,11
4340,Denis Caniza,1998,20,Defensor,4,2,0,0,0,0.0,0,0,1,2,1,14
4340,Denis Caniza,2002,21,Defensor,4,4,0,0,0,0.0,1,0,1,1,2,16
4340,Denis Caniza,2006,21,Defensor,3,3,0,0,0,0.0,1,0,1,0,2,18
4340,Denis Caniza,2010,4,Defensor,1,1,1,4,0,0.0,0,0,0,1,0,8
4341,Castor Cantero,1950,-,Mediocampista,2,2,0,0,0,0.0,0,0,0,1,1,11
4342,Jose Cardozo,1998,9,Delantero,3,3,0,1,1,0.33,0,0,1,1,1,14
4342,Jose Cardozo,2002,20,Delantero,3,3,0,1,0,0.0,1,0,1,0,2,16
4343,Oscar Cardozo,2010,7,Delantero,5,2,0,0,0,0.0,0,0,1,3,1,8
4344,Cayetano Carreras Sagueir,1930,-,Delantero,0,0,0,2,0,0.0,0,0,0,0,0,9
4345,Pablo Centurion,1950,-,Arquero,0,0,0,2,0,0.0,0,0,0,0,0,11
4346,Casiano Cespedes,1950,-,Defensor,2,2,0,0,0,0.0,0,0,0,1,1,11
4347,Eustaquio Chamorro,1930,-,Defensor,0,0,0,2,0,0.0,0,0,0,0,0,9
4348,Jose Luis Chilavert,1998,1,Arquero,4,4,4,0,0,0.0,1,0,1,2,1,14
4348,Jose Luis Chilavert,2002,1,Arquero,3,3,3,1,0,0.0,0,0,1,0,2,16
4349,Rolando Chilavert,1986,19,Mediocampista,0,0,0,4,0,0.0,0,0,0,0,0,13
4350,Julian Coronel,1986,22,Arquero,0,0,0,4,0,0.0,0,0,0,0,0,13
4351,Nelson Cuevas,2002,23,Delantero,2,0,0,2,2,1.0,0,0,1,0,1,16
4351,Nelson Cuevas,2006,23,Delantero,2,0,0,1,1,0.5,0,0,1,0,1,18
4352,Paulo Da Silva,2006,14,Defensor,1,0,0,2,0,0.0,0,0,1,0,0,18
4352,Paulo Da Silva,2010,14,Defensor,5,5,0,0,0,0.0,0,0,1,3,1,8
4353,Rogelio Delgado,1986,5,Defensor,4,4,4,0,0,0.0,0,0,1,2,1,13
4354,Modesto Denis,1930,-,Arquero,1,1,0,1,0,0.0,0,0,0,0,1,9
4355,Eusebio Diaz,1930,-,Mediocampista,2,2,0,0,0,0.0,0,0,1,0,1,9
4356,Diogenes Dominguez,1930,-,Delantero,1,1,0,1,0,0.0,0,0,0,0,1,9
4357,Julio Dos Santos,2006,19,Mediocampista,2,1,0,1,0,0.0,1,0,1,0,1,18
4358,Eligio Echague,1958,6,Defensor,2,2,0,1,0,0.0,0,0,1,1,0,12
4359,Julio Cesar Enciso,1998,16,Mediocampista,4,4,0,0,0,0.0,1,0,1,2,1,14
4360,Romildo Etcheverry,1930,-,Mediocampista,1,1,0,1,0,0.0,0,0,0,0,1,9
4361,Roberto Fernandez,1986,1,Arquero,4,4,0,0,0,0.0,0,0,1,2,1,13
4362,Buenaventura Ferreira,1986,7,Mediocampista,4,4,0,0,0,0.0,0,0,1,2,1,13
4363,Diego Florentin,1930,-,Mediocampista,0,0,0,2,0,0.0,0,0,0,0,0,9
4364,Salvador Flores,1930,-,Defensor,1,1,0,1,0,0.0,0,0,1,0,0,9
4365,Juan Carlos Franco,2002,17,Defensor,2,0,0,2,0,0.0,1,0,1,1,0,16
4366,Carlos Gamarra,1998,4,Defensor,4,4,0,0,0,0.0,0,0,1,2,1,14
4366,Carlos Gamarra,2002,4,Defensor,4,4,1,0,0,0.0,0,0,1,1,2,16
4366,Carlos Gamarra,2006,4,Defensor,3,3,3,0,0,0.0,0,0,1,0,2,18
4367,Rodolfo Gamarra,2010,23,Delantero,0,0,0,5,0,0.0,0,0,0,0,0,8
4368,Tranquilino Garcete,1930,-,Mediocampista,1,1,0,1,0,0.0,0,0,1,0,0,9
4369,Diego Gavilan,2002,14,Mediocampista,3,1,0,1,0,0.0,1,0,0,1,2,16
4369,Diego Gavilan,2006,11,Mediocampista,0,0,0,3,0,0.0,0,0,0,0,0,18
4370,Manuel Gavilan,1950,-,Defensor,2,2,0,0,0,0.0,0,0,0,1,1,11
4371,Luis Gini,1958,13,Defensor,0,0,0,3,0,0.0,0,0,0,0,0,12
4372,Derlis Gomez,2006,12,Arquero,0,0,0,3,0,0.0,0,0,0,0,0,18
4374,Armando Gonzalez,1950,-,Mediocampista,0,0,0,2,0,0.0,0,0,0,0,0,11
4375,Aurelio Gonzalez,1930,-,Delantero,2,2,0,0,0,0.0,0,0,1,0,1,9
4376,Jorge Guasch,1986,16,Mediocampista,4,1,0,0,0,0.0,0,0,1,2,1,13
4377,Ramon Hicks,1986,20,Delantero,2,0,0,2,0,0.0,0,0,0,2,0,13
4378,Eligio Antonio Insfran,1958,22,Delantero,0,0,0,3,0,0.0,0,0,0,0,0,12
4380,Evaristo Isasi,1986,18,Delantero,0,0,0,4,0,0.0,0,0,0,0,0,13
4381,Dario Jara Saguier,1950,-,Delantero,2,2,0,0,0,0.0,0,0,0,1,1,11
4382,Victoriano Leguizamon,1950,-,Mediocampista,2,2,0,0,0,0.0,0,0,0,1,1,11
4383,Claudio Lezcano,1958,16,Delantero,0,0,0,3,0,0.0,0,0,0,0,0,12
4384,Juan Lezcano,1958,3,Defensor,3,3,0,0,0,0.0,0,0,1,1,1,12
4385,Atilio Lopez,1950,-,Delantero,2,2,0,0,1,0.5,0,0,0,1,1,11
4386,Dante Lopez,2006,20,Delantero,1,0,0,2,0,0.0,0,0,0,0,1,18
4387,Cesar Lopez Fretes,1950,-,Delantero,2,2,2,0,1,0.5,0,0,0,1,1,11
4388,Julio Manzur,2006,15,Defensor,1,0,0,2,0,0.0,0,0,1,0,0,18
4389,Ramon Mayeregger,1958,1,Arquero,1,1,0,2,0,0.0,0,0,0,0,1,12
4390,Alfredo Mendoza,1986,11,Delantero,4,4,0,0,0,0.0,1,0,1,2,1,13
4391,Jose Leon Miracca,1930,-,Defensor,1,1,0,1,0,0.0,0,0,0,0,1,9
4392,Agustin Miranda,1958,17,Defensor,1,1,0,2,0,0.0,0,0,0,0,1,12
4393,Jose Montiel,2006,17,Mediocampista,0,0,0,3,0,0.0,0,0,0,0,0,18
4394,Carlos Morales,1998,19,Mediocampista,1,1,0,3,0,0.0,0,0,0,1,0,14
4395,Claudio Morel,2010,3,Defensor,5,5,0,0,0,0.0,1,0,1,3,1,8
4396,Gustavo Morinigo,2002,16,Mediocampista,1,0,0,3,0,0.0,0,0,0,1,0,16
4397,Lino Nessi,1930,-,Delantero,2,2,0,0,0,0.0,0,0,1,0,1,9
4398,Jorge Núñez,1986,6,Mediocampista,4,4,0,0,0,0.0,1,0,1,2,1,13
4398,Jorge Núñez,2006,2,Defensor,3,2,0,0,0,0.0,1,0,1,0,2,18
4399,Quiterio Olmedo,1930,-,Defensor,2,2,0,0,0,0.0,0,0,1,0,1,9
4400,Amadeo Ortega,1930,-,Delantero,0,0,0,2,0,0.0,0,0,0,0,0,9
4401,Nestor Ortigoza,2010,20,Mediocampista,1,1,0,4,0,0.0,0,0,0,1,0,8
4402,Hilarion Osorio,1950,-,Delantero,0,0,0,2,0,0.0,0,0,0,0,0,11
4403,Carlos Paredes,1998,13,Mediocampista,4,3,0,0,0,0.0,0,0,1,2,1,14
4403,Carlos Paredes,2002,13,Mediocampista,2,2,0,2,0,0.0,0,1,1,0,1,16
4403,Carlos Paredes,2006,13,Mediocampista,3,3,0,0,0,0.0,2,0,1,0,2,18
4404,Elioro Paredes,1950,-,Defensor,0,0,0,2,0,0.0,0,0,0,0,0,11
4405,Jose Parodi,1958,8,Delantero,3,3,0,0,2,0.67,0,0,1,1,1,12
4406,Benigno Gilberto Penayo,1958,18,Delantero,0,0,0,3,0,0.0,0,0,0,0,0,12
4407,Cesar Ramirez,1998,18,Delantero,2,0,0,2,0,0.0,0,0,0,2,0,14
4408,Cayetano Re,1958,21,Delantero,3,3,0,0,1,0.33,0,0,1,1,1,12
4409,Catalino Rivarola,1998,3,Defensor,0,0,0,4,0,0.0,0,0,0,0,0,14
4410,Bernabe Rivera,1930,-,Delantero,0,0,0,2,0,0.0,0,0,0,0,0,9
4411,Cristian Riveros,2006,16,Mediocampista,2,2,0,1,0,0.0,0,0,0,0,2,18
4411,Cristian Riveros,2010,16,Mediocampista,5,5,0,0,1,0.2,1,0,1,3,1,8
4412,Aristides Rojas,1998,8,Delantero,3,1,0,1,0,0.0,1,0,1,1,1,14
4413,Ricardo Rojas,1998,14,Defensor,0,0,0,4,0,0.0,0,0,0,0,0,14
4414,Gerardo Romero,1930,-,Delantero,1,1,0,1,0,0.0,0,0,1,0,0,9
4415,Jorge Romero,1958,9,Delantero,3,3,0,0,2,0.67,0,0,1,1,1,12
4416,Julio Cesar Romero,1986,8,Mediocampista,4,4,0,0,2,0.5,1,0,1,2,1,13
4417,Ruben Ruiz Diaz,1998,22,Arquero,0,0,0,4,0,0.0,0,0,0,0,0,14
4418,Daniel Sanabria,2002,19,Defensor,0,0,0,4,0,0.0,0,0,0,0,0,16
4419,Roque Santa Cruz,2002,9,Delantero,4,4,0,0,1,0.25,1,0,1,1,2,16
4419,Roque Santa Cruz,2006,9,Delantero,3,3,0,0,0,0.0,0,0,1,0,2,18
4419,Roque Santa Cruz,2010,9,Delantero,5,3,0,0,0,0.0,1,0,1,3,1,8
4420,Jonathan Santana,2010,11,Mediocampista,2,1,0,3,0,0.0,1,0,0,1,1,8
4421,Pedro Sarabia,1998,11,Defensor,4,4,0,0,0,0.0,0,0,1,2,1,14
4421,Pedro Sarabia,2002,3,Defensor,0,0,0,4,0,0.0,0,0,0,0,0,16
4422,Vladimiro Schettina,1986,4,Defensor,3,3,0,1,0,0.0,2,0,1,1,1,13
4423,Dario Segovia,1958,14,Defensor,0,0,0,3,0,0.0,0,0,0,0,0,12
4424,Luis Silva,1958,15,Mediocampista,0,0,0,3,0,0.0,0,0,0,0,0,12
4425,Francisco Sosa,1950,-,Delantero,0,0,0,2,0,0.0,0,0,0,0,0,11
4426,Estanislao Struway,2002,6,Mediocampista,3,2,0,1,0,0.0,0,0,0,1,2,16
4427,Ricardo Tavarelli,2002,22,Arquero,1,1,0,3,0,0.0,1,0,0,1,0,16
4428,Delio Toledo,2006,3,Defensor,1,1,0,2,0,0.0,0,0,0,0,1,18
4429,Juan Torales,1986,2,Defensor,4,4,0,0,0,0.0,0,0,1,2,1,13
4430,Aureliano Torres,2010,17,Defensor,2,1,0,3,0,0.0,0,0,1,1,0,8
4431,Leongino Unzain,1950,-,Delantero,2,2,0,0,0,0.0,0,0,0,1,1,11
4432,Nelson Valdez,2006,18,Delantero,3,3,0,0,0,0.0,1,0,1,0,2,18
4432,Nelson Valdez,2010,18,Delantero,5,4,0,0,0,0.0,0,0,1,3,1,8
4433,Marcelino Vargas,1950,-,Arquero,2,2,0,0,0,0.0,0,0,0,1,1,11
4434,Luis Vargas Pena,1930,-,Delantero,2,2,2,0,1,0.5,0,0,1,0,1,9
4435,Enrique Vera,2010,13,Mediocampista,5,4,0,0,1,0.2,1,0,1,3,1,8
4436,Dario Veron,2010,2,Defensor,1,1,0,4,0,0.0,0,0,0,0,1,8
4437,Jacinto Villalba,1930,-,Delantero,0,0,0,2,0,0.0,0,0,0,0,0,9
4438,Salvador Villalba,1958,5,Mediocampista,3,3,0,0,0,0.0,0,0,1,1,1,12
4439,Justo Villar,2002,12,Arquero,0,0,0,4,0,0.0,0,0,0,0,0,16
4439,Justo Villar,2006,1,Arquero,1,1,0,2,0,0.0,0,0,0,0,1,18
4439,Justo Villar,2010,1,Arquero,5,5,4,0,0,0.0,0,0,1,3,1,8
4440,Julio Cesar Yegros,1998,7,Delantero,4,0,0,0,0,0.0,0,0,1,2,1,14
4441,Cesar Zabala,1986,3,Defensor,4,4,0,0,0,0.0,0,0,1,2,1,13
4442,Shehu Abdullahi,2018,12,Defensor,1,1,0,2,0,0.0,0,0,0,0,1,21
4443,Dele Adeleye,2010,22,Defensor,0,0,0,3,0,0.0,0,0,0,0,0,27
4444,Mutiu Adepoju,1994,21,Mediocampista,4,0,0,0,0,0.0,1,0,2,0,2,9
4444,Mutiu Adepoju,1998,8,Mediocampista,3,3,0,1,1,0.33,1,0,2,0,1,12
4444,Mutiu Adepoju,2002,8,Mediocampista,0,0,0,3,0,0.0,0,0,0,0,0,27
4445,Rabiu Afolabi,2002,13,Defensor,0,0,0,3,0,0.0,0,0,0,0,0,27
4445,Rabiu Afolabi,2010,5,Defensor,2,1,0,1,0,0.0,0,0,0,1,1,27
4446,Chigozie Agbim,2014,21,Arquero,0,0,0,4,0,0.0,0,0,0,0,0,16
4447,Wilfred Agbonavbare,1994,22,Arquero,0,0,0,4,0,0.0,0,0,0,0,0,9
4448,Julius Aghahowa,2002,17,Delantero,3,3,0,0,1,0.33,0,0,0,1,2,27
4449,Alloy Agu,1994,16,Arquero,0,0,0,4,0,0.0,0,0,0,0,0,9
4450,Yakubu Aiyegbeni,2010,8,Delantero,3,3,0,0,1,0.33,0,0,0,1,2,27
4451,Dele Aiyenugba,2010,23,Arquero,0,0,0,3,0,0.0,0,0,0,0,0,27
4452,Daniel Akpeyi,2018,16,Arquero,0,0,0,3,0,0.0,0,0,0,0,0,21
4453,Benedict Akwuegbu,2002,18,Delantero,1,1,0,2,0,0.0,0,0,0,1,0,27
4454,Efe Ambrose,2014,5,Defensor,4,4,0,0,0,0.0,0,0,1,1,2,16
4455,Shola Ameobi,2014,23,Delantero,2,0,0,2,0,0.0,0,0,1,1,0,16
4456,Daniel Amokachi,1994,14,Delantero,4,4,0,0,2,0.5,0,0,2,0,2,9
4456,Daniel Amokachi,1998,14,Delantero,1,1,0,3,0,0.0,0,0,1,0,0,12
4457,Emmanuel Amunike,1994,11,Mediocampista,4,4,0,0,2,0.5,1,0,2,0,2,9
4458,Chidozie Awaziem,2018,20,Defensor,0,0,0,3,0,0.0,0,0,0,0,0,21
4459,Yussuf Ayila,2010,13,Mediocampista,1,1,0,2,0,0.0,1,0,0,1,0,27
4460,Ramón Azeez,2014,15,Mediocampista,1,1,0,3,0,0.0,0,0,0,1,0,16
4461,Tijani Babangida,1998,13,Delantero,4,1,0,0,1,0.25,0,0,2,0,2,12
4462,Michel Babatunde,2014,18,Mediocampista,2,2,0,2,0,0.0,0,0,1,0,1,16
4463,Celestine Babayaro,1998,3,Defensor,3,3,0,1,0,0.0,0,0,2,0,1,12
4463,Celestine Babayaro,2002,3,Defensor,2,2,0,1,0,0.0,0,0,0,0,2,27
4464,Leon Balogun,2018,6,Defensor,3,3,0,0,0,0.0,1,0,1,0,2,21
4465,Abiodun Baruwa,1998,22,Arquero,0,0,0,4,0,0.0,0,0,0,0,0,12
4466,Justice Christopher,2002,15,Mediocampista,3,2,0,0,0,0.0,0,0,0,1,2,27
4467,Tyronne Ebuehi,2018,21,Defensor,1,0,0,2,0,0.0,0,0,1,0,0,21
4468,Elderson Echiéjilé,2018,3,Defensor,0,0,0,3,0,0.0,0,0,0,0,0,21
4469,Uwa Echiejile,2010,21,Defensor,2,0,0,1,0,0.0,0,0,0,1,1,27
4470,Augustine Eguavoen,1994,2,Defensor,3,3,0,1,0,0.0,1,0,1,0,2,9
4470,Augustine Eguavoen,1998,17,Defensor,1,1,0,3,0,0.0,1,0,0,0,1,12
4471,Azubuike Egwuekwe,2014,6,Defensor,0,0,0,4,0,0.0,0,0,0,0,0,16
4472,Austin Ejide,2002,12,Arquero,0,0,0,3,0,0.0,0,0,0,0,0,27
4472,Austin Ejide,2010,16,Arquero,0,0,0,3,0,0.0,0,0,0,0,0,27
4472,Austin Ejide,2014,16,Arquero,0,0,0,4,0,0.0,0,0,0,0,0,16
4473,Eric Ejiofor,2002,19,Defensor,0,0,0,3,0,0.0,0,0,0,0,0,27
4474,Efan Ekoku,1994,18,Delantero,0,0,0,4,0,0.0,0,0,0,0,0,9
4475,Michael Emenalo,1994,19,Defensor,3,3,0,1,0,0.0,2,0,1,0,2,9
4476,Emmanuel Emenike,2014,9,Delantero,4,4,0,0,0,0.0,0,0,1,1,2,16
4477,Vincent Enyeama,2002,22,Arquero,1,1,0,2,0,0.0,0,0,0,1,0,27
4477,Vincent Enyeama,2010,1,Arquero,3,3,0,0,0,0.0,1,0,0,1,2,27
4477,Vincent Enyeama,2014,1,Arquero,4,4,1,0,0,0.0,0,0,1,1,2,16
4478,Oghenekaro Etebo,2018,8,Mediocampista,3,3,0,0,0,0.0,0,0,1,0,2,21
4479,Dickson Etuhu,2010,20,Mediocampista,3,3,0,0,0,0.0,0,0,0,1,2,27
4480,Ikechukwu Ezenwa,2018,1,Arquero,0,0,0,3,0,0.0,0,0,0,0,0,21
4481,Emeka Ezeugo,1994,13,Defensor,1,0,0,3,0,0.0,0,0,1,0,0,9
4482,Reuben Gabriel,2014,4,Mediocampista,1,0,0,3,0,0.0,0,0,0,0,1,16
4483,Finidi George,1994,7,Delantero,4,4,0,0,1,0.25,0,0,2,0,2,9
4483,Finidi George,1998,7,Mediocampista,4,3,0,0,0,0.0,0,0,2,0,2,12
4484,Lukman Haruna,2010,15,Mediocampista,2,2,0,1,0,0.0,1,0,0,0,2,27
4485,Brown Ideye,2010,10,Delantero,0,0,0,3,0,0.0,0,0,0,0,0,27
4486,Brian Idowu,2018,2,Defensor,3,3,0,0,0,0.0,1,0,1,0,2,21
4487,Odion Ighalo,2018,9,Delantero,3,1,0,0,0,0.0,0,0,1,0,2,21
4488,Kelechi Iheanacho,2018,14,Delantero,3,2,0,0,0,0.0,0,0,1,0,2,21
4489,Pius Ikedia,2002,7,Delantero,3,0,0,0,0,0.0,0,0,0,1,2,27
4490,Victor Ikpeba,1994,17,Delantero,0,0,0,4,0,0.0,0,0,0,0,0,9
4490,Victor Ikpeba,1998,20,Delantero,3,3,0,1,1,0.33,1,0,2,0,1,12
4491,Ben Iroha,1994,3,Defensor,1,1,0,3,0,0.0,0,0,1,0,0,9
4491,Ben Iroha,1998,19,Defensor,1,1,0,3,0,0.0,1,0,0,0,1,12
4492,Alex Iwobi,2018,18,Delantero,3,1,0,0,0,0.0,0,0,1,0,2,21
4493,Sani Kaita,2010,14,Mediocampista,2,2,0,1,0,0.0,0,1,0,0,2,27
4494,Nwankwo Kanu,1998,4,Delantero,3,2,1,1,0,0.0,0,0,1,0,2,12
4494,Nwankwo Kanu,2002,4,Delantero,2,1,0,1,0,0.0,0,0,0,0,2,27
4494,Nwankwo Kanu,2010,4,Mediocampista,1,1,1,2,0,0.0,0,0,0,1,0,27
4495,Stephen Keshi,1994,4,Defensor,1,1,1,3,0,0.0,1,0,1,0,0,9
4496,Garba Lawal,1998,11,Mediocampista,4,4,0,0,0,0.0,0,0,2,0,2,12
4496,Garba Lawal,2002,11,Mediocampista,1,1,0,2,0,0.0,0,0,0,0,1,27
4497,Obafemi Martins,2010,9,Delantero,2,0,0,1,0,0.0,0,0,0,1,1,27
4498,Victor Moses,2014,11,Delantero,2,2,0,2,0,0.0,0,0,0,1,1,16
4498,Victor Moses,2018,11,Delantero,3,3,0,0,1,0.33,0,0,1,0,2,21
4499,Ahmed Musa,2014,7,Delantero,4,4,0,0,2,0.5,0,0,1,1,2,16
4499,Ahmed Musa,2018,7,Delantero,3,2,0,0,2,0.67,0,0,1,0,2,21
4500,Wilfred Ndidi,2018,4,Mediocampista,3,3,0,0,0,0.0,0,0,1,0,2,21
4501,Simeon Nwankwo,2018,13,Delantero,2,0,0,1,0,0.0,0,0,0,0,2,21
4502,Chidi Nwanu,1994,6,Defensor,4,4,0,0,0,0.0,1,0,2,0,2,9
4503,Uche Nwofor,2014,19,Delantero,2,0,0,2,0,0.0,0,0,0,0,2,16
4504,Joel Obi,2018,15,Mediocampista,0,0,0,3,0,0.0,0,0,0,0,0,21
4505,John Obi Mikel,2014,10,Mediocampista,4,4,0,0,0,0.0,1,0,1,1,2,16
4505,John Obi Mikel,2018,10,Mediocampista,3,3,3,0,0,0.0,1,0,1,0,2,21
4506,Victor Obinna,2010,18,Delantero,2,1,0,1,0,0.0,0,0,0,1,1,27
4507,James Obiorah,2002,20,Mediocampista,1,1,0,2,0,0.0,0,0,0,1,0,27
4508,Godfrey Oboabona,2014,14,Defensor,1,1,0,3,0,0.0,0,0,0,1,0,16
4509,Peter Odemwingie,2010,11,Delantero,2,1,0,1,0,0.0,0,0,0,0,2,27
4509,Peter Odemwingie,2014,8,Delantero,4,3,0,0,1,0.25,0,0,1,1,2,16
4510,Chidi Odiah,2010,17,Defensor,3,3,0,0,0,0.0,0,0,0,1,2,27
4511,Kunle Odunlami,2014,12,Defensor,0,0,0,4,0,0.0,0,0,0,0,0,16
4512,Bartholomew Ogbeche,2002,9,Delantero,2,2,0,1,0,0.0,0,0,0,0,2,27
4513,Chinedu Ogbuke Obasi,2010,19,Delantero,3,2,0,0,0,0.0,2,0,0,1,2,27
4514,John Ogu,2018,19,Mediocampista,0,0,0,3,0,0.0,0,0,0,0,0,21
4515,Uche Okafor,1994,20,Defensor,0,0,0,4,0,0.0,0,0,0,0,0,9
4515,Uche Okafor,1998,16,Defensor,1,1,0,3,0,0.0,0,0,0,0,1,12
4516,Uche Okechukwu,1994,5,Defensor,4,4,0,0,0,0.0,0,0,2,0,2,9
4516,Uche Okechukwu,1998,5,Defensor,3,3,3,1,0,0.0,2,0,2,0,1,12
4517,Jay Jay Okocha,1994,10,Mediocampista,3,1,0,1,0,0.0,0,0,1,0,2,9
4517,Jay Jay Okocha,1998,10,Mediocampista,3,3,0,1,0,0.0,2,0,2,0,1,12
4517,Jay Jay Okocha,2002,10,Mediocampista,3,3,3,0,0,0.0,0,0,0,1,2,27
4518,Isaac Okoronkwo,2002,5,Defensor,3,3,0,0,0,0.0,0,0,0,1,2,27
4519,Godwin Okpara,1998,21,Mediocampista,2,0,0,2,0,0.0,0,0,1,0,1,12
4520,Willy Okpara,1998,12,Arquero,0,0,0,4,0,0.0,0,0,0,0,0,12
4521,Thompson Oliha,1994,8,Mediocampista,1,0,0,3,0,0.0,0,0,0,0,1,9
4522,Sunday Oliseh,1994,15,Mediocampista,4,4,0,0,0,0.0,2,0,2,0,2,9
4522,Sunday Oliseh,1998,15,Mediocampista,4,4,0,0,1,0.25,0,0,2,0,2,12
4523,Kenneth Omeruo,2014,22,Defensor,4,4,0,0,0,0.0,1,0,1,1,2,16
4523,Kenneth Omeruo,2018,22,Defensor,2,2,0,1,0,0.0,0,0,1,0,1,21
4524,Ogenyi Onazi,2014,17,Mediocampista,4,4,0,0,0,0.0,0,0,1,1,2,16
4524,Ogenyi Onazi,2018,17,Mediocampista,0,0,0,3,0,0.0,0,0,0,0,0,21
4525,Femi Opabunmi,2002,23,Delantero,1,1,0,2,0,0.0,0,0,0,1,0,27
4526,Mobi Oparaku,1998,2,Defensor,1,1,0,3,0,0.0,0,0,1,0,0,12
4527,Wilson Oruma,1998,18,Mediocampista,1,1,0,3,1,1.0,0,0,0,0,1,12
4528,Juwon Oshaniwa,2014,13,Defensor,4,4,0,0,0,0.0,1,0,1,1,2,16
4529,Peter Rufai,1994,1,Arquero,4,4,3,0,0,0.0,0,0,2,0,2,9
4529,Peter Rufai,1998,1,Arquero,4,4,0,0,0,0.0,0,0,2,0,2,12
4530,Danny Shittu,2010,6,Defensor,3,3,0,0,0,0.0,0,0,0,1,2,27
4531,Ike Shorunmu,2002,1,Arquero,2,2,0,1,0,0.0,0,0,0,0,2,27
4532,Samson Siasia,1994,12,Delantero,3,3,0,1,1,0.33,0,0,2,0,1,9
4533,Efetobore Sodje,2002,16,Defensor,2,2,0,1,0,0.0,1,0,0,1,1,27
4534,Taye Taiwo,2010,3,Defensor,2,2,0,1,0,0.0,0,0,0,0,2,27
4535,William Troost-Ekong,2018,5,Defensor,3,3,0,0,0,0.0,1,0,1,0,2,21
4536,Kalu Uche,2010,12,Mediocampista,3,2,0,0,2,0.67,0,0,0,1,2,27
4537,Michael Uchebo,2014,20,Delantero,1,0,0,3,0,0.0,0,0,0,0,1,16
4538,Ifeanyi Udeze,2002,14,Defensor,2,2,0,1,0,0.0,0,0,0,1,1,27
4539,John Utaka,2002,21,Delantero,1,1,0,2,0,0.0,0,0,0,0,1,27
4539,John Utaka,2010,7,Delantero,0,0,0,3,0,0.0,0,0,0,0,0,27
4540,Ejike Uzoenyi,2014,3,Mediocampista,1,0,0,3,0,0.0,0,0,1,0,0,16
4541,Francis Uzoho,2018,23,Arquero,3,3,0,0,0,0.0,0,0,1,0,2,21
4542,Taribo West,1998,6,Defensor,4,4,0,0,0,0.0,0,0,2,0,2,12
4542,Taribo West,2002,6,Defensor,2,2,0,1,0,0.0,1,0,0,0,2,27
4543,Rasheed Yekini,1994,9,Delantero,4,4,0,0,1,0.25,0,0,2,0,2,9
4543,Rasheed Yekini,1998,9,Delantero,4,1,0,0,0,0.0,0,0,2,0,2,12
4544,Joseph Yobo,2002,2,Mediocampista,3,3,0,0,0,0.0,0,0,0,1,2,27
4544,Joseph Yobo,2010,2,Defensor,3,3,2,0,0,0.0,0,0,0,1,2,27
4544,Joseph Yobo,2014,2,Defensor,4,3,3,0,0,0.0,0,0,1,1,2,16
4545,Ernst Aigner,1990,2,Defensor,3,3,0,0,0,0.0,0,0,1,0,2,18
4546,Martin Amerhauser,1998,11,Mediocampista,0,0,0,3,0,0.0,0,0,0,0,0,23
4547,Peter Artner,1990,8,Defensor,2,2,0,1,0,0.0,0,1,1,0,1,18
4548,Leopold Barschandt,1954,4,Defensor,4,4,0,1,0,0.0,0,0,4,0,0,3
4548,Leopold Barschandt,1958,18,Defensor,0,0,0,3,0,0.0,0,0,0,0,0,15
4549,Ernst Baumeister,1978,20,Mediocampista,0,0,0,6,0,0.0,0,0,0,0,0,7
4549,Ernst Baumeister,1982,14,Mediocampista,4,2,0,1,0,0.0,0,0,2,1,1,8
4550,Hubert Baumgartner,1978,22,Arquero,0,0,0,6,0,0.0,0,0,0,0,0,7
4551,Michael Baur,1990,12,Mediocampista,0,0,0,3,0,0.0,0,0,0,0,0,18
4552,Josef Bican,1934,-,Delantero,4,4,0,0,1,0.25,0,0,2,0,2,4
4553,Georg Braun,1934,-,Delantero,1,1,0,3,0,0.0,0,0,0,0,1,4
4554,Gerhard Breitenberger,1978,4,Defensor,4,4,0,2,0,0.0,0,0,2,0,2,7
4555,Hans Buzek,1958,9,Delantero,3,3,0,0,0,0.0,0,0,0,1,2,15
4556,Harald Cerny,1998,13,Mediocampista,2,2,0,1,0,0.0,0,0,0,2,0,23
4557,Franz Cisar,1934,-,Defensor,4,4,0,0,0,0.0,0,0,2,0,2,4
4558,Josef Degeorgi,1982,4,Defensor,4,4,0,1,0,0.0,1,0,2,0,2,8
4559,Robert Dienst,1954,19,Delantero,2,2,0,3,0,0.0,0,0,2,0,0,3
4559,Robert Dienst,1958,19,Delantero,0,0,0,3,0,0.0,0,0,0,0,0,15
4560,Hans Dihanich,1982,15,Mediocampista,0,0,0,5,0,0.0,0,0,0,0,0,8
4561,Bruno Engelmeier,1958,22,Arquero,0,0,0,3,0,0.0,0,0,0,0,0,15
4562,Wolfgang Feiersinger,1998,5,Defensor,3,3,0,0,0,0.0,1,0,0,2,1,23
4563,Herbert Feurer,1982,21,Arquero,0,0,0,5,0,0.0,0,0,0,0,0,8
4564,Friederich Franzl,1934,-,Arquero,0,0,0,4,0,0.0,0,0,0,0,0,4
4565,Erwin Fuchsbichler,1978,21,Arquero,0,0,0,6,0,0.0,0,0,0,0,0,7
4566,Karl Giesser,1954,14,Mediocampista,0,0,0,5,0,0.0,0,0,0,0,0,3
4567,Gerald Glatzmayer,1990,19,Mediocampista,1,0,0,2,0,0.0,1,0,1,0,0,18
4568,Mario Haas,1998,7,Delantero,3,1,0,0,0,0.0,0,0,0,2,1,23
4569,Max Hagmayr,1982,13,Delantero,1,1,0,4,0,0.0,0,0,0,1,0,8
4570,Paul Halla,1954,20,Defensor,0,0,0,5,0,0.0,0,0,0,0,0,3
4570,Paul Halla,1958,2,Defensor,1,1,0,2,0,0.0,0,0,0,0,1,15
4571,Pepi Hammerl,1958,14,Delantero,0,0,0,3,0,0.0,0,0,0,0,0,15
4572,Gerhard Hanappi,1954,2,Defensor,5,5,0,0,0,0.0,0,0,4,0,1,3
4572,Gerhard Hanappi,1958,5,Defensor,3,3,3,0,0,0.0,0,0,0,1,2,15
4573,Ernst Happel,1954,3,Defensor,4,4,0,1,0,0.0,0,0,3,0,1,3
4573,Ernst Happel,1958,3,Defensor,2,2,0,1,0,0.0,0,0,0,1,1,15
4574,Gunter Happich,1978,13,Mediocampista,1,0,0,5,0,0.0,0,0,0,0,1,7
4575,Josef Hassmann,1934,-,Delantero,0,0,0,4,0,0.0,0,0,0,0,0,4
4576,Roland Hattenberger,1978,6,Mediocampista,0,0,0,6,0,0.0,0,0,0,0,0,7
4576,Roland Hattenberger,1982,6,Mediocampista,4,4,0,1,0,0.0,1,0,2,0,2,8
4577,Walter Haummer,1954,22,Delantero,0,0,0,5,0,0.0,0,0,0,0,0,3
4578,Andreas Heraf,1998,20,Mediocampista,0,0,0,3,0,0.0,0,0,0,0,0,23
4579,Andreas Herzog,1990,20,Mediocampista,3,3,0,0,0,0.0,1,0,1,0,2,18
4579,Andreas Herzog,1998,10,Mediocampista,3,1,0,0,1,0.33,0,0,0,2,1,23
4580,Josef Hickersberger,1978,7,Mediocampista,6,6,0,0,0,0.0,0,0,3,0,3,7
4581,Martin Hiden,1998,12,Defensor,0,0,0,3,0,0.0,0,0,0,0,0,23
4582,Reinhold Hintermaier,1982,10,Mediocampista,5,4,0,0,1,0.2,1,0,2,1,2,8
4583,Leopold Hofmann,1934,-,Mediocampista,0,0,0,4,0,0.0,0,0,0,0,0,4
4584,Walter Horak,1958,7,Delantero,2,2,0,1,0,0.0,0,0,0,0,2,15
4585,Alfred Hortnagl,1990,11,Mediocampista,2,1,0,1,0,0.0,0,0,0,0,2,18
4586,Johann Horvath,1934,-,Delantero,2,2,2,2,2,1.0,0,0,1,0,1,4
4587,Anton Janda,1934,-,Defensor,0,0,0,4,0,0.0,0,0,0,0,0,4
4588,Kurt Jara,1978,11,Mediocampista,4,4,0,2,0,0.0,0,0,2,0,2,7
4588,Kurt Jara,1982,11,Mediocampista,1,1,0,4,0,0.0,0,0,0,0,1,8
4589,Gernot Jurtin,1982,18,Delantero,2,1,0,3,0,0.0,0,0,1,1,0,8
4590,Mathias Kaburek,1934,-,Delantero,0,0,0,4,0,0.0,0,0,0,0,0,4
4591,Christian Keglevits,1990,15,Delantero,0,0,0,3,0,0.0,0,0,0,0,0,18
4592,Wolfgang Knaller,1998,21,Arquero,0,0,0,3,0,0.0,0,0,0,0,0,23
4593,Alfred Koerner,1954,11,Delantero,4,4,0,1,0,0.0,0,0,3,0,1,3
4593,Alfred Koerner,1958,10,Delantero,3,3,0,0,1,0.33,0,0,0,1,2,15
4595,Walter Kogler,1998,6,Defensor,0,0,0,3,0,0.0,0,0,0,0,0,23
4596,Karl Koller,1954,6,Mediocampista,5,5,0,0,0,0.0,0,0,4,0,1,3
4596,Karl Koller,1958,6,Mediocampista,3,3,0,0,1,0.33,0,0,0,1,2,15
4597,Walter Kollmann,1954,13,Defensor,1,1,0,4,0,0.0,0,0,1,0,0,3
4597,Walter Kollmann,1958,15,Defensor,1,1,0,2,0,0.0,0,0,0,1,0,15
4598,Friedl Koncilia,1978,1,Arquero,6,6,0,0,0,0.0,0,0,3,0,3,7
4598,Friedl Koncilia,1982,1,Arquero,5,5,0,0,0,0.0,0,0,2,1,2,8
4599,Otto Konrad,1990,22,Arquero,0,0,0,3,0,0.0,0,0,0,0,0,18
4600,Michael Konsel,1990,21,Arquero,0,0,0,3,0,0.0,0,0,0,0,0,18
4600,Michael Konsel,1998,1,Arquero,3,3,0,0,0,0.0,0,0,0,2,1,23
4601,Ernst Kozlicek,1958,17,Mediocampista,2,2,0,1,0,0.0,0,0,0,1,1,15
4602,Paul Kozlicek,1958,8,Delantero,2,2,0,1,0,0.0,0,0,0,1,1,15
4603,Hans Krankl,1978,9,Delantero,6,6,0,0,4,0.67,0,0,3,0,3,7
4603,Hans Krankl,1982,9,Delantero,4,4,0,1,1,0.25,0,0,2,0,2,8
4604,Bernd Krauss,1982,2,Defensor,5,5,0,0,0,0.0,0,0,2,1,2,8
4605,Wilhelm Kreuz,1978,10,Mediocampista,6,6,0,0,0,0.0,0,0,3,0,3,7
4606,Eduard Krieger,1978,12,Mediocampista,5,5,0,1,0,0.0,0,0,2,0,3,7
4607,Dietmar Kuehbauer,1998,22,Mediocampista,3,3,0,0,0,0.0,0,0,0,2,1,23
4608,Klaus Lindenberger,1982,22,Arquero,0,0,0,5,0,0.0,0,0,0,0,0,8
4608,Klaus Lindenberger,1990,1,Arquero,3,3,0,0,0,0.0,1,0,1,0,2,18
4609,Manfred Linzmaier,1990,10,Mediocampista,1,1,0,2,0,0.0,0,0,0,0,1,18
4610,Roman Mahlich,1998,17,Mediocampista,3,3,0,0,0,0.0,0,0,0,2,1,23
4611,Gerald Messlender,1982,16,Defensor,0,0,0,5,0,0.0,0,0,0,0,0,8
4612,Herbert Ninaus,1958,20,Delantero,0,0,0,3,0,0.0,0,0,0,0,0,15
4613,Franz Oberacher,1978,17,Delantero,1,0,0,5,0,0.0,0,0,1,0,0,7
4614,Erich Obermayer,1978,3,Defensor,6,6,0,0,1,0.17,0,0,3,0,3,7
4614,Erich Obermayer,1982,3,Defensor,5,5,5,0,0,0.0,1,0,2,1,2,8
4615,Ernst Ocwirk,1954,5,Mediocampista,5,5,4,0,2,0.4,0,0,4,0,1,3
4616,Andeas Ogris,1990,13,Delantero,3,2,0,0,1,0.33,0,0,1,0,2,18
4617,Robert Pecl,1990,3,Defensor,3,3,0,0,0,0.0,2,0,1,0,2,18
4618,Franz Pelikan,1954,15,Arquero,0,0,0,5,0,0.0,0,0,0,0,0,3
4619,Peter Persidis,1978,16,Defensor,0,0,0,6,0,0.0,0,0,0,0,0,7
4620,Bruno Pezzey,1978,5,Defensor,6,6,0,0,0,0.0,0,0,3,0,3,7
4620,Bruno Pezzey,1982,5,Defensor,5,5,0,0,1,0.2,0,0,2,1,2,8
4621,Anton Pfeffer,1990,4,Defensor,2,2,0,1,0,0.0,1,0,1,0,1,18
4621,Anton Pfeffer,1998,4,Defensor,3,3,0,0,0,0.0,1,0,0,2,1,23
4622,Heimo Pfeifenberger,1990,17,Delantero,0,0,0,3,0,0.0,0,0,0,0,0,18
4622,Heimo Pfeifenberger,1998,8,Mediocampista,3,3,0,0,0,0.0,0,0,0,2,1,23
4623,Andy Pichler,1982,12,Mediocampista,1,1,0,4,0,0.0,1,0,0,1,0,8
4624,Hans Pirkner,1978,19,Delantero,2,0,0,4,0,0.0,0,0,1,0,1,7
4625,Peter Platzer,1934,-,Arquero,4,4,0,0,0,0.0,0,0,2,0,2,4
4626,Toni Polster,1990,9,Delantero,3,3,3,0,0,0.0,0,0,1,0,2,18
4626,Toni Polster,1998,19,Delantero,3,3,3,0,1,0.33,0,0,0,2,1,23
4627,Johann Pregesbauer,1982,17,Defensor,1,1,0,4,0,0.0,0,0,0,1,0,8
4628,Erich Probst,1954,10,Delantero,5,5,0,0,6,1.2,0,0,4,0,1,3
4629,Herbert Prohaska,1978,8,Mediocampista,6,6,0,0,0,0.0,1,0,3,0,3,7
4629,Herbert Prohaska,1982,8,Mediocampista,5,5,0,0,0,0.0,0,0,2,1,2,8
4630,Ignaz Puschnik,1958,21,Mediocampista,0,0,0,3,0,0.0,0,0,0,0,0,15
4632,Hannes Reinmayr,1998,14,Delantero,1,1,0,2,0,0.0,1,0,0,0,1,23
4633,Andreas Reisinger,1990,16,Mediocampista,1,0,0,2,0,0.0,1,0,1,0,0,18
4634,Johann Riegler,1954,18,Mediocampista,0,0,0,5,0,0.0,0,0,0,0,0,3
4635,Gerhard Rodax,1990,14,Delantero,2,2,0,1,1,0.5,0,0,1,0,1,18
4636,Kurt Russ,1990,7,Defensor,2,2,0,1,0,0.0,0,0,0,0,2,18
4637,Robert Sara,1978,2,Defensor,6,6,6,0,0,0.0,1,0,3,0,3,7
4638,Walter Schachner,1978,18,Delantero,3,3,0,3,1,0.33,0,0,2,0,1,7
4638,Walter Schachner,1982,7,Delantero,5,5,0,0,2,0.4,1,0,2,1,2,8
4639,Toni Schall,1934,-,Delantero,2,2,0,2,1,0.5,0,0,1,0,1,4
4640,Walter Schleger,1954,8,Delantero,2,2,0,3,0,0.0,0,0,1,0,1,3
4640,Walter Schleger,1958,13,Delantero,1,1,0,2,0,0.0,0,0,0,0,1,15
4641,Willi Schmaus,1934,-,Defensor,0,0,0,4,0,0.0,0,0,0,0,0,4
4642,Kurt Schmied,1954,1,Arquero,4,4,1,1,0,0.0,0,0,4,0,0,3
4642,Kurt Schmied,1958,12,Arquero,1,1,0,2,0,0.0,0,0,0,0,1,15
4643,Peter Schoettel,1990,5,Defensor,2,2,0,1,0,0.0,0,0,0,0,2,18
4643,Peter Schoettel,1998,3,Defensor,3,3,0,0,0,0.0,2,0,0,2,1,23
4644,Markus Schopp,1998,2,Mediocampista,1,0,0,2,0,0.0,0,0,0,1,0,23
4645,Helmut Senekowitsch,1958,11,Delantero,3,3,0,0,0,0.0,0,0,0,1,2,15
4646,Karl Sesta,1934,-,Defensor,4,4,0,0,1,0.25,0,0,2,0,2,4
4647,Matthias Sindelar,1934,-,Delantero,3,3,0,1,1,0.33,0,0,2,0,1,4
4648,Josef Smistik,1934,-,Mediocampista,4,4,2,0,0,0.0,0,0,2,0,2,4
4649,Peter Stoeger,1998,18,Mediocampista,2,0,0,1,0,0.0,0,0,0,1,1,23
4650,Ernst Stojaspal,1954,21,Delantero,4,4,0,1,3,0.75,0,0,3,0,1,3
4651,Karl Stotz,1954,12,Mediocampista,0,0,0,5,0,0.0,0,0,0,0,0,3
4651,Karl Stotz,1958,16,Mediocampista,1,1,0,2,0,0.0,0,0,0,0,1,15
4652,Heinrich Strasser,1978,14,Defensor,2,2,0,4,0,0.0,0,0,1,0,1,7
4653,Michael Streiter,1990,18,Defensor,3,2,0,0,0,0.0,0,0,1,0,2,18
4655,Franz Swoboda,1958,4,Defensor,3,3,0,0,0,0.0,0,0,0,1,2,15
4656,Rudolf Szanwald,1958,1,Arquero,2,2,0,1,0,0.0,0,0,0,1,1,15
4657,Alfred Teinitzer,1954,17,Mediocampista,0,0,0,5,0,0.0,0,0,0,0,0,3
4658,Hans Urbanek,1934,-,Mediocampista,4,4,0,0,0,0.0,0,0,2,0,2,4
4659,Ivica Vastic,1998,9,Delantero,3,1,0,0,1,0.33,1,0,0,2,1,23
4660,Rudi Viertl,1934,-,Delantero,4,4,0,0,0,0.0,0,0,2,0,2,4
4662,Theodor Wagner,1954,9,Delantero,4,4,0,1,3,0.75,0,0,3,0,1,3
4663,Johann Walzhofer,1934,-,Delantero,0,0,0,4,0,0.0,0,0,0,0,0,4
4664,Heribert Weber,1978,15,Defensor,3,0,0,3,0,0.0,0,0,2,0,1,7
4664,Heribert Weber,1982,19,Defensor,3,2,0,2,0,0.0,0,0,2,0,1,8
4665,Kurt Welzl,1982,20,Delantero,3,0,0,2,0,0.0,0,0,1,1,1,8
4666,Arnold Wetl,1998,15,Mediocampista,3,3,0,0,0,0.0,0,0,0,2,1,23
4667,Franz Wohlfahrt,1998,16,Arquero,0,0,0,3,0,0.0,0,0,0,0,0,23
4668,Walter Zeman,1954,16,Arquero,1,1,0,4,0,0.0,0,0,0,0,1,3
4669,Karl Zischek,1934,-,Delantero,4,4,0,0,1,0.25,0,0,2,0,2,4
4670,Manfred Zsak,1990,6,Mediocampista,3,2,0,0,0,0.0,2,0,1,0,2,18
4671,Dorst,1938,-,Defensor,0,0,0,1,0,0.0,0,0,0,0,0,15
4672,G. Faulhaber,1938,-,Mediocampista,0,0,0,1,0,0.0,0,0,0,0,0,15
4673,J. Harting,1938,-,Arquero,0,0,0,1,0,0.0,0,0,0,0,0,15
4674,Frans Hukon,1938,-,Defensor,1,1,0,0,0,0.0,0,0,0,0,1,15
4675,Frans Meeng,1938,-,Mediocampista,1,1,1,0,0,0.0,0,0,0,0,1,15
4676,Achmad Nawir,1938,-,Mediocampista,1,1,0,0,0,0.0,0,0,0,0,1,15
4677,Tjaak Pattiwael,1938,-,Defensor,1,1,0,0,0,0.0,0,0,0,0,1,15
4678,Jack Samuels,1938,-,Defensor,1,1,0,0,0,0.0,0,0,0,0,1,15
4679,Suvarte Soedarmadji,1938,-,Delantero,1,1,0,0,0,0.0,0,0,0,0,1,15
4680,Henk Sommers,1938,-,Delantero,1,1,0,0,0,0.0,0,0,0,0,1,15
4681,Anwar Sutan,1938,-,Mediocampista,1,1,0,0,0,0.0,0,0,0,0,1,15
4682,Hans Taihuttu,1938,-,Delantero,1,1,0,0,0,0.0,0,0,0,0,1,15
4683,Hong Djien Tan,1938,-,Delantero,1,1,0,0,0,0.0,0,0,0,0,1,15
4684,Mo Heng Tan,1938,-,Arquero,1,1,0,0,0,0.0,0,0,0,0,1,15
4685,See Han Tan,1938,-,Delantero,0,0,0,1,0,0.0,0,0,0,0,0,15
4686,Teilherber,1938,-,Delantero,0,0,0,1,0,0.0,0,0,0,0,0,15
4687,R. Telwe,1938,-,Delantero,0,0,0,1,0,0.0,0,0,0,0,0,15
4688,G. Van Den Burgh,1938,-,Defensor,0,0,0,1,0,0.0,0,0,0,0,0,15
4689,Alberto Acha,1950,-,Defensor,1,1,0,0,0,0.0,0,0,0,0,1,13
4690,Mario Alborta,1930,-,Delantero,2,2,0,0,0,0.0,0,0,0,0,2,12
4691,Victor Algaranaz,1950,-,Delantero,1,1,0,0,0,0.0,0,0,0,0,1,13
4692,Duberty Araoz,1950,-,Mediocampista,0,0,0,1,0,0.0,0,0,0,0,0,13
4693,Jorge Argote,1930,-,Mediocampista,1,1,0,1,0,0.0,0,0,0,0,1,12
4694,Vicente Arraya,1950,-,Arquero,0,0,0,1,0,0.0,0,0,0,0,0,13
4695,Jorge Balderrama,1930,-,Mediocampista,2,2,0,0,0,0.0,0,0,0,0,2,12
4696,Julio Baldivieso,1994,22,Mediocampista,2,2,0,1,0,0.0,2,0,0,1,1,21
4697,Jesus Bermudez,1930,-,Arquero,2,2,0,0,0,0.0,0,0,0,0,2,12
4698,Carlos Borja,1994,6,Mediocampista,3,3,3,0,0,0.0,1,0,0,1,2,21
4699,Miguel Brito,1930,-,Mediocampista,0,0,0,2,0,0.0,0,0,0,0,0,12
4700,Victor Brown,1950,-,Delantero,0,0,0,1,0,0.0,0,0,0,0,0,13
4701,Jose Bustamante,1930,-,Delantero,2,2,0,0,0,0.0,0,0,0,0,2,12
4702,Jose Bustamante-Nava,1950,-,Defensor,1,1,1,0,0,0.0,0,0,0,0,1,13
4703,Rene Cabrera,1950,-,Mediocampista,0,0,0,1,0,0.0,0,0,0,0,0,13
4704,Roberto Capparelli,1950,-,Delantero,1,1,0,0,0,0.0,0,0,0,0,1,13
4705,Ramiro Castillo,1994,20,Mediocampista,1,0,0,2,0,0.0,0,0,0,0,1,21
4706,Casiano Chavarria,1930,-,Defensor,2,2,0,0,0,0.0,0,0,0,0,2,12
4707,Luis Cristaldo,1994,16,Defensor,2,2,0,1,0,0.0,0,1,0,1,1,21
4708,Segundo Durandal,1930,-,Defensor,2,2,0,0,0,0.0,0,0,0,0,2,12
4709,Marco Antonio Etcheverry,1994,10,Mediocampista,1,0,0,2,0,0.0,0,1,0,0,1,21
4710,Rene Fernandez,1930,-,Delantero,2,2,0,0,0,0.0,0,0,0,0,2,12
4711,Leonardo Ferrel,1950,-,Mediocampista,1,1,0,0,0,0.0,0,0,0,0,1,13
4712,Benedicto Godoy,1950,-,Delantero,0,0,0,1,0,0.0,0,0,0,0,0,13
4713,Gumercindo Gomez,1930,-,Delantero,1,1,0,1,0,0.0,0,0,0,0,1,12
4714,Antonio Grecco,1950,-,Mediocampista,1,1,0,0,0,0.0,0,0,0,0,1,13
4715,Juan Guerra,1950,-,Delantero,0,0,0,1,0,0.0,0,0,0,0,0,13
4716,Benigno Gutierrez,1950,-,Delantero,1,1,0,0,0,0.0,0,0,0,0,1,13
4717,Eduardo Gutierrez,1950,-,Arquero,1,1,0,0,0,0.0,0,0,0,0,1,13
4718,Diogenes Lara,1930,-,Mediocampista,2,2,0,0,0,0.0,0,0,0,0,2,12
4719,Benjamin Maldonado,1950,-,Delantero,1,1,0,0,0,0.0,0,0,0,0,1,13
4720,Milton Melgar,1994,8,Mediocampista,3,3,0,0,0,0.0,0,0,0,1,2,21
4721,Mario Mena,1950,-,Delantero,0,0,0,1,0,0.0,0,0,0,0,0,13
4722,Rafael Mendez,1930,-,Delantero,2,2,2,0,0,0.0,0,0,0,0,2,12
4723,Jaime Moreno,1994,11,Delantero,2,0,0,1,0,0.0,0,0,0,0,2,21
4724,Miguel Murillo,1930,-,Arquero,0,0,0,2,0,0.0,0,0,0,0,0,12
4725,Jose Noya,1930,-,Delantero,0,0,0,2,0,0.0,0,0,0,0,0,12
4726,Alvaro Pena,1994,9,Delantero,1,0,0,2,0,0.0,0,0,0,1,0,21
4727,Juan Manuel Pena,1994,2,Defensor,1,1,0,2,0,0.0,0,0,0,0,1,21
4728,Mario Pinedo,1994,7,Mediocampista,0,0,0,3,0,0.0,0,0,0,0,0,21
4729,Gustavo Quinteros,1994,5,Defensor,2,2,0,1,0,0.0,1,0,0,1,1,21
4730,Luis Ramallo,1994,18,Delantero,3,3,0,0,0,0.0,0,0,0,1,2,21
4731,Mauricio Ramos,1994,14,Mediocampista,1,1,0,2,0,0.0,0,0,0,0,1,21
4732,Eduardo Reyes Ortiz,1930,-,Delantero,1,1,0,1,0,0.0,0,0,0,0,1,12
4733,Luis Reyes Penaranda,1930,-,Defensor,0,0,0,2,0,0.0,0,0,0,0,0,12
4734,Miguel Angel Rimba,1994,4,Defensor,3,3,0,0,0,0.0,1,0,0,1,2,21
4735,Dario Rojas,1994,12,Arquero,0,0,0,3,0,0.0,0,0,0,0,0,21
4736,Hector Saavedra,1950,-,Mediocampista,0,0,0,1,0,0.0,0,0,0,0,0,13
4737,Renato Sainz,1930,-,Mediocampista,1,1,0,1,0,0.0,0,0,0,0,1,12
4738,Erwin Sanchez,1994,21,Mediocampista,3,3,0,0,1,0.33,0,0,0,1,2,21
4740,Marco Antonio Sandy,1994,3,Defensor,3,3,0,0,0,0.0,0,0,0,1,2,21
4741,Vladimir Soria,1994,15,Mediocampista,3,3,0,0,0,0.0,1,0,0,1,2,21
4742,Modesto Soruco,1994,13,Defensor,1,1,0,2,0,0.0,0,0,0,0,1,21
4743,Marcelo Torrico,1994,19,Arquero,0,0,0,3,0,0.0,0,0,0,0,0,21
4744,Carlos Trucco,1994,1,Arquero,3,3,0,0,0,0.0,0,0,0,1,2,21
4745,Victor Ugarte,1950,-,Delantero,1,1,0,0,0,0.0,0,0,0,0,1,
4746,Antonio Valencia,2006,16,Mediocampista, 4, 4, 0, 0, 0, 0, 2, 0, 2, 0, 2, 12
4747,Mohamed Abdeljawad,1994,13,Defensor,4,4,2,0,0,0.0,1,0,2,0,2,12
4748,Saud Abdulhamid,2022,12,Defensor,3,3,0,0,0,0.0,1,0,1,0,2,25
4749,Majed Abdullah,1994,9,Delantero,2,2,2,2,0,0.0,0,0,1,0,1,12
4750,Tisir Al Antaif,1998,22,Arquero,0,0,0,3,0,0.0,0,0,0,0,0,28
4751,Awwad Al Anzi,1994,18,Mediocampista,1,1,0,3,0,0.0,0,0,1,0,0,12
4752,Ahmed Al Bahri,2006,15,Defensor,0,0,0,3,0,0.0,0,0,0,0,0,28
4753,Fahad Al Bishi,1994,8,Mediocampista,4,4,0,0,0,0.0,0,0,2,0,2,12
4754,Mohamed Al Bishi,2006,17,Defensor,0,0,0,3,0,0.0,0,0,0,0,0,28
4755,Saleh Al Dawood,1994,15,Defensor,0,0,0,4,0,0.0,0,0,0,0,0,12
4756,Mohammed Al Deayea,1994,1,Arquero,4,4,0,0,0,0.0,1,0,2,0,2,12
4756,Mohammed Al Deayea,1998,1,Arquero,3,3,0,0,0,0.0,0,0,0,1,2,28
4756,Mohammed Al Deayea,2002,1,Arquero,3,3,2,0,0,0.0,0,0,0,0,3,32
4756,Mohammed Al Deayea,2006,1,Arquero,0,0,0,3,0,0.0,0,0,0,0,0,28
4757,Abdullah Al Dosari,1994,2,Defensor,2,1,0,2,0,0.0,1,0,1,0,1,12
4758,Abdullah Gaman Al Dosari,2002,15,Delantero,3,0,0,0,0,0.0,0,0,0,0,3,32
4759,Ahmed Al Dosari,1998,17,Defensor,1,0,0,2,0,0.0,0,0,0,0,1,28
4759,Ahmed Al Dosari,2002,12,Defensor,2,1,0,1,0,0.0,0,0,0,0,2,32
4759,Ahmed Al Dosari,2006,2,Defensor,3,3,0,0,0,0.0,1,0,0,1,2,28
4760,Obeid Al Dosari,1998,8,Delantero,1,0,0,2,0,0.0,0,0,0,0,1,28
4760,Obeid Al Dosari,2002,11,Delantero,1,1,0,2,0,0.0,0,0,0,0,1,32
4761,Khamis Al Dossari,1998,16,Mediocampista,3,3,0,0,0,0.0,1,0,0,1,2,28
4761,Khamis Al Dossari,2002,16,Mediocampista,2,2,0,1,0,0.0,0,0,0,0,2,32
4762,Omar Al Ghamdi,2002,19,Mediocampista,0,0,0,3,0,0.0,0,0,0,0,0,32
4762,Omar Al Ghamdi,2006,6,Mediocampista,2,2,0,1,0,0.0,1,0,0,1,1,28
4763,Fahad Al Ghesheyan,1994,7,Delantero,2,0,0,2,1,0.5,0,0,1,0,1,12
4764,Ibrahim Al Harbi,1998,12,Mediocampista,2,0,0,1,0,0.0,0,0,0,1,1,28
4765,Saad Al Harthi,2006,11,Delantero,1,1,0,2,0,0.0,0,0,0,0,1,28
4766,Malek Al Hawsawi,2006,23,Delantero,3,0,0,0,0,0.0,0,0,0,1,2,28
4767,Ibrahim Al Helwa,1994,22,Arquero,0,0,0,4,0,0.0,0,0,0,0,0,12
4768,Sami Al Jaber,1994,12,Delantero,2,2,0,2,1,0.5,0,0,1,0,1,12
4768,Sami Al Jaber,1998,9,Delantero,3,3,0,0,1,0.33,1,0,0,1,2,28
4768,Sami Al Jaber,2002,9,Delantero,1,1,1,2,0,0.0,0,0,0,0,1,32
4768,Sami Al Jaber,2006,9,Delantero,3,1,1,0,1,0.33,1,0,0,1,2,28
4769,Mohammed Al Jahani,1998,2,Defensor,3,3,0,0,0,0.0,1,0,0,1,2,28
4769,Mohammed Al Jahani,2002,2,Defensor,2,2,0,1,0,0.0,0,0,0,0,2,32
4770,Abdulaziz Al Janoubi,1998,19,Defensor,0,0,0,3,0,0.0,0,0,0,0,0,28
4771,Yasser Al Kahtani,2006,20,Delantero,2,2,0,1,1,0.5,0,0,0,1,1,28
4772,Mohammed Al Khlaiwi,1994,3,Defensor,4,4,0,0,0,0.0,0,0,2,0,2,12
4772,Mohammed Al Khlaiwi,1998,3,Defensor,2,2,0,1,0,0.0,0,1,0,0,2,28
4773,Fahad Al Mehalel,1994,11,Delantero,0,0,0,4,0,0.0,0,0,0,0,0,12
4773,Fahad Al Mehalel,1998,11,Delantero,1,1,0,2,0,0.0,0,0,0,1,0,28
4774,Hamad Al Montashari,2006,4,Defensor,3,3,0,0,0,0.0,0,0,0,1,2,28
4775,Khaled Al Muwallid,1994,14,Mediocampista,4,2,0,0,0,0.0,2,0,2,0,2,12
4775,Khaled Al Muwallid,1998,14,Mediocampista,2,1,0,1,0,0.0,1,0,0,0,2,28
4776,Said Al Owayran,1994,10,Delantero,4,4,0,0,1,0.25,0,0,2,0,2,12
4776,Said Al Owayran,1998,10,Delantero,2,2,0,1,0,0.0,0,0,0,0,2,28
4777,Naif Al Qadi,2006,5,Defensor,0,0,0,3,0,0.0,0,0,0,0,0,28
4778,Mohammed Al Rubaie,2022,1,Arquero,0,0,0,3,0,0.0,0,0,0,0,0,25
4779,Hussein Al Sadeq,1994,21,Arquero,0,0,0,4,0,0.0,0,0,0,0,0,12
4779,Hussein Al Sadeq,1998,21,Arquero,0,0,0,3,0,0.0,0,0,0,0,0,28
4780,Abdullah Alwaked Al Shahrani,2002,17,Mediocampista,2,2,0,1,0,0.0,0,0,0,0,2,32
4781,Ibrahim Al Shahrani,1998,7,Mediocampista,3,2,0,0,0,0.0,0,0,0,1,2,28
4781,Ibrahim Al Shahrani,2002,7,Mediocampista,3,2,0,0,0,0.0,0,0,0,0,3,32
4782,Mohammad Al Shalhoub,2002,10,Mediocampista,1,0,0,2,0,0.0,0,0,0,0,1,32
4782,Mohammad Al Shalhoub,2006,10,Mediocampista,0,0,0,3,0,0.0,0,0,0,0,0,28
4783,Fouzi Al Shehri,2002,6,Defensor,2,2,0,1,0,0.0,0,0,0,0,2,32
4784,Hussein Al Sulaimani,1998,13,Defensor,3,3,0,0,0,0.0,0,0,0,1,2,28
4784,Hussein Al Sulaimani,2002,13,Defensor,3,3,0,0,0,0.0,0,0,0,0,3,32
4784,Hussein Al Sulaimani,2006,13,Defensor,3,3,2,0,0,0.0,0,0,0,1,2,28
4785,Yasser Al Taifi,1994,17,Defensor,0,0,0,4,0,0.0,0,0,0,0,0,12
4786,Nawaf Al Temiyat,1998,18,Mediocampista,1,1,0,2,0,0.0,0,0,0,1,0,28
4786,Nawaf Al Temiyat,2002,18,Mediocampista,3,3,0,0,0,0.0,1,0,0,0,3,32
4786,Nawaf Al Temiyat,2006,18,Mediocampista,2,1,0,1,0,0.0,1,0,0,1,1,28
4787,Youssef Al Tunayan,1998,15,Delantero,2,1,0,1,1,0.5,0,0,0,1,1,28
4788,Al Hasan Al Yami,2002,20,Delantero,3,2,0,0,0,0.0,1,0,0,0,3,32
4789,Nawaf Al-Abed,2022,18,Mediocampista,2,0,0,1,0,0.0,1,0,1,0,1,25
4790,Abdulrahman Al-Aboud,2022,20,Delantero,2,0,0,1,0,0.0,0,0,0,0,2,25
4791,Abdulelah Al-Amri,2022,4,Defensor,3,2,0,0,0,0.0,2,0,1,0,2,25
4792,Nawaf Al-Aqidi,2022,22,Arquero,0,0,0,3,0,0.0,0,0,0,0,0,25
4793,Mohammed Al-Breik,2018,6,Defensor,3,3,0,0,0,0.0,0,0,1,0,2,26
4793,Mohammed Al-Breik,2022,6,Defensor,2,1,0,1,0,0.0,0,0,1,0,1,25
4794,Ali Al-Bulaihi,2018,4,Defensor,1,1,0,2,0,0.0,0,0,0,0,1,26
4794,Ali Al-Bulaihi,2022,5,Defensor,3,3,0,0,0,0.0,1,0,1,0,2,25
4795,Firas Al-Buraikan,2022,9,Delantero,3,3,0,0,0,0.0,0,0,1,0,2,25
4796,Nasser Al-Dawsari,2022,24,Mediocampista,1,0,0,2,0,0.0,0,0,0,0,1,25
4797,Salem Al-Dawsari,2018,18,Mediocampista,3,3,0,0,1,0.33,0,0,1,0,2,26
4798,Salman Al-Faraj,2018,7,Mediocampista,3,3,0,0,1,0.33,0,0,1,0,2,26
4798,Salman Al-Faraj,2022,7,Mediocampista,1,1,1,2,0,0.0,0,0,1,0,0,25
4799,Sultan Al-Ghanam,2022,2,Defensor,3,1,0,0,0,0.0,0,0,1,0,2,25
4800,Mansoor Al-Harbi,2018,2,Defensor,0,0,0,3,0,0.0,0,0,0,0,0,26
4801,Ali Al-Hassan,2022,15,Mediocampista,1,1,0,2,0,0.0,1,0,0,0,1,25
4802,Taisir Al-Jassim,2018,17,Mediocampista,2,2,0,1,0,0.0,1,0,0,0,2,26
4803,Abdullah Al-Khaibari,2018,15,Mediocampista,0,0,0,3,0,0.0,0,0,0,0,0,26
4804,Abdulmalek Al-Khaibri,2018,11,Mediocampista,0,0,0,3,0,0.0,0,0,0,0,0,26
4805,Abdulelah Al-Malki,2022,8,Mediocampista,2,2,0,1,0,0.0,2,0,1,0,1,25
4806,Abdullah Al-Mayouf,2018,1,Arquero,1,1,0,2,0,0.0,0,0,0,0,1,26
4807,Housain Al-Mogahwi,2018,16,Mediocampista,2,1,0,1,0,0.0,0,0,1,0,1,26
4808,Yasser Al-Mosailem,2018,21,Arquero,1,1,0,2,0,0.0,0,0,1,0,0,26
4809,Fahad Al-Muwallad,2018,19,Delantero,3,2,0,0,0,0.0,0,0,1,0,2,26
4810,Sami Al-Najei,2022,16,Mediocampista,1,1,0,2,0,0.0,0,0,0,0,1,25
4811,Mohammed Al-Owais,2018,22,Arquero,1,1,0,2,0,0.0,0,0,0,0,1,26
4811,Mohammed Al-Owais,2022,21,Arquero,3,3,0,0,0,0.0,1,0,1,0,2,25
4812,Mohammad Al-Sahlawi,2018,10,Delantero,2,1,0,1,0,0.0,0,0,0,0,2,26
4813,Yasser Al-Shahrani,2018,13,Defensor,3,3,0,0,0,0.0,0,0,1,0,2,26
4813,Yasser Al-Shahrani,2022,13,Defensor,1,1,0,2,0,0.0,0,0,1,0,0,25
4814,Saleh Al-Shehri,2022,11,Delantero,3,3,0,0,1,0.33,1,0,1,0,2,25
4815,Yahya Al-Shehri,2018,8,Mediocampista,2,1,0,1,0,0.0,0,0,1,0,1,26
4816,Mansour Althagafi,2002,23,Defensor,0,0,0,3,0,0.0,0,0,0,0,0,32
4817,Mohammed Ameen,2006,7,Mediocampista,2,1,0,1,0,0.0,0,0,0,1,1,28
4818,Fuad Amin,1994,6,Mediocampista,3,3,0,1,2,0.67,2,0,1,0,2,12
4818,Fuad Amin,1998,6,Mediocampista,3,3,3,0,0,0.0,0,0,0,1,2,28
4819,Haitham Asiri,2022,25,Delantero,1,0,0,2,0,0.0,0,0,1,0,0,25
4820,Muhannad Assiri,2018,20,Delantero,2,0,0,1,0,0.0,0,0,1,0,1,26
4821,Khaled Aziz,2006,16,Mediocampista,3,3,0,0,0,0.0,0,0,0,1,2,28
4822,Mohammed Babkr,2002,22,Arquero,0,0,0,3,0,0.0,0,0,0,0,0,32
4823,Hattan Bahebri,2018,9,Mediocampista,3,2,0,0,0,0.0,0,0,1,0,2,26
4823,Hattan Bahebri,2022,19,Delantero,2,0,0,1,0,0.0,1,0,0,0,2,25
4824,Hamza Falatah,1994,20,Delantero,3,2,0,1,0,0.0,1,0,1,0,2,12
4825,Mohsin Harthi,2002,5,Defensor,0,0,0,3,0,0.0,0,0,0,0,0,32
4826,Motaz Hawsawi,2018,23,Defensor,1,1,0,2,0,0.0,0,0,1,0,0,26
4827,Omar Hawsawi,2018,5,Defensor,1,1,0,2,0,0.0,0,0,0,0,1,26
4828,Osama Hawsawi,2018,3,Defensor,3,3,3,0,0,0.0,0,0,1,0,2,26
4829,Talal Jebrin,1994,16,Mediocampista,3,3,0,1,0,0.0,1,0,2,0,1,12
4830,Mohamed Kanno,2018,12,Mediocampista,1,0,0,2,0,0.0,0,0,0,0,1,26
4830,Mohamed Kanno,2022,23,Mediocampista,3,3,0,0,0,0.0,0,0,1,0,2,25
4831,Saud Kariri,2006,14,Mediocampista,3,3,0,0,0,0.0,1,0,0,1,2,28
4832,Abdulaziz Khathran,2002,14,Mediocampista,3,2,0,0,0,0.0,0,0,0,0,3,32
4832,Abdulaziz Khathran,2006,12,Defensor,2,1,0,1,0,0.0,0,0,0,0,2,28
4833,Mohammad Khojah,2006,22,Arquero,0,0,0,3,0,0.0,0,0,0,0,0,28
4834,Ahmed Madani,1994,5,Defensor,4,4,0,0,0,0.0,1,0,2,0,2,12
4834,Ahmed Madani,1998,5,Defensor,0,0,0,3,0,0.0,0,0,0,0,0,28
4835,Abdullah Madu,2022,3,Defensor,1,0,0,2,0,0.0,1,0,0,0,1,25
4836,Mohammed Massad,2006,19,Mediocampista,1,0,0,2,0,0.0,0,0,0,0,1,28
4837,Mohammed Noor,2002,8,Mediocampista,2,1,0,1,0,0.0,1,0,0,0,2,32
4837,Mohammed Noor,2006,8,Mediocampista,3,3,0,0,0,0.0,0,0,0,1,2,28
4838,Abdullah Otayf,2018,14,Mediocampista,3,3,0,0,0,0.0,0,0,1,0,2,26
4838,Abdullah Otayf,2022,14,Mediocampista,0,0,0,3,0,0.0,0,0,0,0,0,25
4839,Hamza Saleh,1994,19,Mediocampista,3,2,0,1,0,0.0,0,0,1,0,2,12
4839,Hamza Saleh,1998,20,Mediocampista,3,2,0,0,0,0.0,0,0,0,1,2,28
4840,Riyadh Sharahili,2022,26,Mediocampista,1,0,0,2,0,0.0,0,0,0,0,1,25
4841,Hassan Tambakti,2022,17,Defensor,2,2,0,1,0,0.0,1,0,1,0,1,25
4842,Redha Tukar,2002,3,Defensor,3,3,0,0,0,0.0,0,0,0,0,3,32
4842,Redha Tukar,2006,3,Defensor,3,3,0,0,0,0.0,0,0,0,1,2,28
4843,Mabrouk Zaid,2002,21,Arquero,0,0,0,3,0,0.0,0,0,0,0,0,32
4843,Mabrouk Zaid,2006,21,Arquero,3,3,0,0,0,0.0,0,0,0,1,2,28
4844,Abdullah Zubromawi,1994,4,Defensor,3,2,0,1,0,0.0,0,0,2,0,1,12
4844,Abdullah Zubromawi,1998,4,Defensor,3,3,0,0,0,0.0,0,0,0,1,2,28
4844,Abdullah Zubromawi,2002,4,Defensor,3,3,0,0,0,0.0,0,0,0,0,3,32
4845,Abelardo,1994,5,Defensor,5,5,0,0,0,0.0,2,0,2,2,1,8
4845,Abelardo,1998,5,Defensor,1,1,0,2,0,0.0,0,0,0,1,0,17
4846,Juan Carlos Ablanedo,1986,22,Arquero,0,0,0,5,0,0.0,0,0,0,0,0,7
4846,Juan Carlos Ablanedo,1990,13,Arquero,0,0,0,4,0,0.0,0,0,0,0,0,10
4847,Juan Acuña,1950,-,Arquero,0,0,0,6,0,0.0,0,0,0,0,0,4
4848,Adelardo,1962,18,Delantero,1,1,0,2,1,1.0,0,0,0,0,1,12
4848,Adelardo,1966,21,Defensor,1,1,0,2,0,0.0,0,0,0,0,1,10
4849,Aguilera,1998,15,Defensor,2,2,0,1,0,0.0,1,0,1,1,0,17
4850,Jordi Alba,2014,18,Defensor,3,3,0,0,0,0.0,0,0,1,0,2,23
4850,Jordi Alba,2018,18,Defensor,4,4,0,0,0,0.0,0,0,1,3,0,10
4850,Jordi Alba,2022,18,Defensor,4,3,0,0,0,0.0,0,0,1,2,1,13
4851,David Albelda,2002,14,Mediocampista,2,1,0,3,0,0.0,0,0,1,1,0,5
4851,David Albelda,2006,6,Mediocampista,2,1,0,2,0,0.0,1,0,2,0,0,9
4852,Raul Albiol,2010,2,Defensor,0,0,0,7,0,0.0,0,0,0,0,0,1
4852,Raul Albiol,2014,2,Defensor,1,1,0,2,0,0.0,0,0,1,0,0,23
4853,Jose Alexanko,1982,6,Defensor,5,5,0,0,0,0.0,1,0,1,2,2,12
4854,Alfonso,1998,11,Delantero,2,2,0,1,0,0.0,0,0,1,0,1,17
4855,Rafael Alkorta,1990,12,Defensor,1,0,0,3,0,0.0,0,0,1,0,0,10
4855,Rafael Alkorta,1994,18,Defensor,4,4,0,1,0,0.0,0,0,1,2,1,8
4855,Rafael Alkorta,1998,4,Defensor,3,3,0,0,0,0.0,0,0,1,1,1,17
4856,Miguel Alonso,1982,4,Mediocampista,5,5,0,0,0,0.0,0,0,1,2,2,12
4857,Xabi Alonso,2006,14,Mediocampista,3,3,0,1,1,0.33,0,0,2,0,1,9
4857,Xabi Alonso,2010,14,Mediocampista,7,7,0,0,0,0.0,1,0,6,0,1,1
4857,Xabi Alonso,2014,14,Mediocampista,3,3,0,0,1,0.33,1,0,1,0,2,23
4858,Amancio,1966,8,Delantero,2,2,0,1,1,0.5,0,0,1,0,1,10
4859,Guillermo Amor,1998,18,Mediocampista,3,2,0,0,0,0.0,1,0,1,1,1,17
4860,Andrinua,1990,4,Defensor,4,4,0,0,0,0.0,0,0,2,1,1,10
4861,Antunez,1950,-,Defensor,1,1,0,5,0,0.0,0,0,1,0,0,4
4862,Aranzabal,1998,3,Defensor,0,0,0,3,0,0.0,0,0,0,0,0,17
4863,Araquistain,1962,1,Arquero,1,1,0,2,0,0.0,0,0,0,0,1,12
4864,Alvaro Arbeloa,2010,17,Defensor,1,0,0,6,0,0.0,0,0,1,0,0,1
4865,Luis Arconada,1978,1,Arquero,0,0,0,3,0,0.0,0,0,0,0,0,10
4865,Luis Arconada,1982,1,Arquero,5,5,5,0,0,0.0,0,0,1,2,2,12
4866,Kepa Arrizabalaga,2018,13,Arquero,0,0,0,4,0,0.0,0,0,0,0,0,10
4867,Juan Manuel Asensi,1978,4,Mediocampista,3,3,2,0,1,0.33,0,0,1,1,1,10
4868,Vicente Asensi,1950,-,Defensor,1,1,0,5,0,0.0,0,0,0,0,1,4
4869,Marco Asensio,2018,20,Mediocampista,3,1,0,1,0,0.0,0,0,1,2,0,10
4869,Marco Asensio,2022,10,Delantero,4,3,0,0,1,0.25,0,0,1,2,1,13
4870,Iago Aspas,2018,17,Delantero,3,0,0,1,1,0.33,0,0,0,3,0,10
4871,César Azpilicueta,2014,22,Defensor,2,2,0,1,0,0.0,0,0,0,0,2,23
4871,César Azpilicueta,2018,14,Defensor,0,0,0,4,0,0.0,0,0,0,0,0,10
4871,César Azpilicueta,2022,2,Defensor,2,2,0,2,0,0.0,0,0,1,0,1,13
4872,Jose Maria Bakero,1990,16,Mediocampista,1,0,0,3,0,0.0,0,0,1,0,0,10
4872,Jose Maria Bakero,1994,10,Mediocampista,4,2,0,1,0,0.0,0,0,2,1,1,8
4873,Alejandro Balde,2022,14,Defensor,4,1,0,0,0,0.0,0,0,1,2,1,13
4874,Ruben Baraja,2002,8,Mediocampista,4,4,0,1,0,0.0,2,0,2,2,0,5
4875,Estanislao Basora,1950,-,Delantero,6,6,0,0,4,0.67,0,0,3,1,2,4
4876,Txiki Beguiristain,1994,11,Delantero,1,0,0,4,1,1.0,0,0,1,0,0,8
4877,Antonio Betancourt,1966,12,Arquero,0,0,0,3,0,0.0,0,0,0,0,0,10
4878,Antonio Biosca,1978,6,Defensor,2,1,0,1,0,0.0,0,0,1,1,0,10
4879,Sergio Busquets,2010,16,Mediocampista,7,7,0,0,0,0.0,1,0,6,0,1,1
4879,Sergio Busquets,2014,16,Mediocampista,2,2,0,1,0,0.0,0,0,0,0,2,23
4879,Sergio Busquets,2018,5,Mediocampista,4,4,0,0,0,0.0,1,0,1,3,0,10
4879,Sergio Busquets,2022,5,Mediocampista,4,4,4,0,0,0.0,1,0,1,2,1,13
4880,Emilio Butragueño,1986,9,Delantero,5,5,0,0,5,1.0,0,0,3,1,1,7
4880,Emilio Butragueño,1990,9,Delantero,4,4,4,0,0,0.0,0,0,2,1,1,10
4881,Ramon Maria Caldere,1986,18,Mediocampista,4,3,0,1,2,0.5,1,0,3,1,0,7
4882,Jose Antonio Camacho,1982,2,Defensor,5,5,0,0,0,0.0,1,0,1,2,2,12
4882,Jose Antonio Camacho,1986,3,Defensor,5,5,5,0,0,0.0,1,0,3,1,1,7
4883,Jose Camarasa,1994,4,Defensor,2,1,0,3,0,0.0,1,0,1,1,0,8
4884,Jose Luis Caminero,1994,15,Mediocampista,4,3,0,1,3,0.75,3,0,1,2,1,8
4885,Campanal I,1934,-,Delantero,1,1,0,2,0,0.0,0,0,0,0,1,5
4886,Santiago Canizares,1994,13,Arquero,1,1,0,4,0,0.0,0,0,0,1,0,8
4886,Santiago Canizares,1998,13,Arquero,0,0,0,3,0,0.0,0,0,0,0,0,17
4886,Santiago Canizares,2006,19,Arquero,1,1,0,3,0,0.0,0,0,1,0,0,9
4887,Joan Capdevila,2010,11,Defensor,7,7,0,0,0,0.0,1,0,6,0,1,1
4888,Julio Cardenosa,1978,11,Mediocampista,3,3,0,0,0,0.0,0,0,1,1,1,10
4889,Carmelo,1962,3,Arquero,2,2,0,1,0,0.0,0,0,1,0,1,12
4890,Francisco Carrasco,1986,10,Delantero,0,0,0,5,0,0.0,0,0,0,0,0,7
4891,Dani Carvajal,2018,2,Defensor,3,2,0,1,0,0.0,0,0,1,2,0,10
4891,Dani Carvajal,2022,20,Defensor,2,1,0,2,0,0.0,0,0,0,1,1,13
4892,Iker Casillas,2002,1,Arquero,5,5,0,0,0,0.0,0,0,3,2,0,5
4892,Iker Casillas,2006,1,Arquero,3,3,2,1,0,0.0,0,0,2,0,1,9
4892,Iker Casillas,2010,1,Arquero,7,7,7,0,0,0.0,0,0,6,0,1,1
4892,Iker Casillas,2014,1,Arquero,2,2,2,1,0,0.0,1,0,0,0,2,23
4893,Santiago Cazorla,2014,20,Mediocampista,2,1,0,1,0,0.0,0,0,1,0,1,23
4894,Albert Celades,1998,16,Mediocampista,2,0,0,1,0,0.0,0,0,0,1,1,17
4895,Cesar,1950,-,Delantero,0,0,0,6,0,0.0,0,0,0,0,0,4
4895,Cesar,1974,9,Delantero,0,0,0,7,0,0.0,0,0,0,0,0,4
4896,Chacho,1934,-,Delantero,1,1,0,2,0,0.0,0,0,0,0,1,5
4897,Chendo,1986,15,Defensor,1,1,0,4,0,0.0,0,0,0,1,0,7
4897,Chendo,1990,2,Defensor,4,4,0,0,0,0.0,1,0,2,1,1,10
4898,Cilaurren,1934,-,Mediocampista,3,3,0,0,0,0.0,0,0,1,1,1,5
4899,Ciriaco,1934,-,Defensor,2,2,0,1,0,0.0,0,0,1,1,0,5
4900,Enrique Collar,1962,4,Delantero,1,1,1,2,0,0.0,0,0,0,0,1,12
4901,Pedro Contreras,2002,23,Arquero,0,0,0,5,0,0.0,0,0,0,0,0,5
4902,Diego Costa,2014,19,Delantero,2,2,0,1,0,0.0,0,0,0,0,2,23
4902,Diego Costa,2018,19,Delantero,4,4,0,0,3,0.75,0,0,1,3,0,10
4903,Crisanto Bosch,1934,-,Delantero,1,1,0,2,0,0.0,0,0,0,0,1,5
4904,Curro Torres,2002,2,Defensor,1,1,0,4,0,0.0,0,0,1,0,0,5
4905,Dani,1978,7,Delantero,1,1,0,2,1,1.0,0,0,0,0,1,10
4906,David de Gea,2014,12,Arquero,0,0,0,3,0,0.0,0,0,0,0,0,23
4906,David de Gea,2018,1,Arquero,4,4,0,0,0,0.0,0,0,1,3,0,10
4907,Antonio De La Cruz,1978,2,Defensor,1,1,0,2,0,0.0,0,0,0,0,1,10
4908,De Pedro,2002,11,Mediocampista,4,4,0,1,0,0.0,1,0,2,2,0,5
4909,Luis Del Sol,1962,5,Mediocampista,2,2,0,1,0,0.0,0,0,1,0,1,12
4909,Luis Del Sol,1966,4,Mediocampista,2,2,0,1,0,0.0,0,0,1,0,1,10
4910,Alfredo Di Stefano,1962,6,Delantero,0,0,0,3,0,0.0,0,0,0,0,0,12
4911,Echeberria,1962,7,Defensor,1,1,0,2,0,0.0,0,0,0,0,1,12
4912,Ignacio Eizaguirre,1950,-,Arquero,2,2,1,4,0,0.0,0,0,1,0,1,4
4913,Eladio,1966,3,Defensor,1,1,0,2,0,0.0,0,0,0,0,1,10
4914,Eloy,1986,20,Delantero,3,0,0,2,1,0.33,0,0,2,1,0,7
4915,Joseba Etxeberria,1998,17,Delantero,3,2,0,0,0,0.0,0,0,1,1,1,17
4916,Eulogio Martinez,1962,15,Delantero,1,1,0,2,0,0.0,0,0,0,0,1,12
4917,Cesc Fabregas,2006,18,Mediocampista,4,2,0,0,0,0.0,1,0,3,0,1,9
4917,Cesc Fabregas,2010,10,Mediocampista,4,0,0,3,0,0.0,0,0,4,0,0,1
4917,Cesc Fabregas,2014,10,Mediocampista,2,0,0,1,0,0.0,0,0,1,0,1,23
4918,Ansu Fati,2022,25,Delantero,2,0,0,2,0,0.0,0,0,0,1,1,13
4919,Fede,1934,-,Delantero,1,1,0,2,0,0.0,0,0,0,1,0,5
4920,Fernando,1990,10,Mediocampista,1,0,0,3,0,0.0,0,0,1,0,0,10
4921,Albert Ferrer,1994,2,Defensor,5,5,0,0,0,0.0,2,0,2,2,1,8
4921,Albert Ferrer,1998,2,Defensor,1,1,0,2,0,0.0,0,0,0,0,1,17
4922,Francisco,1986,17,Mediocampista,4,3,0,1,0,0.0,0,0,3,0,1,7
4923,Jose Maria Fuste,1966,19,Delantero,1,1,0,2,1,1.0,0,0,0,0,1,10
4924,Gabriel Alonso,1950,-,Defensor,6,6,0,0,0,0.0,0,0,3,1,2,4
4925,Gallego,1966,17,Mediocampista,3,3,0,0,0,0.0,0,0,1,0,2,10
4926,Ricardo Gallego,1986,14,Mediocampista,4,4,0,1,0,0.0,0,0,3,1,0,7
4927,Garay,1962,8,Mediocampista,1,1,0,2,0,0.0,0,0,0,0,1,12
4928,Eric García,2022,3,Defensor,0,0,0,4,0,0.0,0,0,0,0,0,13
4930,Gavi,2022,9,Mediocampista,4,4,0,0,1,0.25,0,0,1,2,1,13
4931,Francisco Gento,1962,9,Delantero,3,3,1,0,0,0.0,0,0,1,0,2,12
4931,Francisco Gento,1966,11,Delantero,2,2,2,1,0,0.0,0,0,1,0,1,10
4932,Jesus Glaria,1966,6,Mediocampista,1,1,0,2,0,0.0,1,0,0,0,1,10
4933,Goikoetxea,1986,8,Defensor,4,4,0,1,1,0.25,2,0,3,0,1,7
4933,Goikoetxea,1994,7,Mediocampista,5,5,0,0,2,0.4,1,0,2,2,1,8
4935,Gonzalvo Iii,1950,-,Mediocampista,5,5,0,1,0,0.0,0,0,3,1,1,4
4936,Rafael Gordillo,1982,3,Defensor,5,5,0,0,0,0.0,1,0,1,2,2,12
4936,Rafael Gordillo,1986,6,Mediocampista,1,1,0,4,0,0.0,0,0,1,0,0,7
4937,Gorostiza,1934,-,Delantero,2,2,0,1,0,0.0,0,0,1,1,0,5
4938,Alberto Gorriz,1990,14,Defensor,4,3,0,0,1,0.25,0,0,2,1,1,10
4939,Gracia,1962,10,Defensor,2,2,0,1,0,0.0,0,0,1,0,1,12
4940,Pep Guardiola,1994,9,Mediocampista,2,2,0,3,1,0.5,0,0,1,1,0,8
4941,Julen Guerrero,1994,8,Mediocampista,2,2,0,3,0,0.0,0,0,1,1,0,8
4941,Julen Guerrero,1998,8,Mediocampista,1,0,0,2,0,0.0,1,0,1,0,0,17
4942,Hugo Guillamón,2022,15,Defensor,0,0,0,4,0,0.0,0,0,0,0,0,13
4943,Antonio Guzman,1978,12,Mediocampista,1,0,0,2,0,0.0,0,0,0,1,0,10
4944,Ivan Helguera,2002,4,Mediocampista,5,3,0,0,0,0.0,0,0,3,2,0,5
4945,Fernando Hierro,1990,17,Defensor,0,0,0,4,0,0.0,0,0,0,0,0,10
4945,Fernando Hierro,1994,6,Defensor,5,3,0,0,1,0.2,1,0,2,2,1,8
4945,Fernando Hierro,1998,6,Defensor,3,3,0,0,2,0.67,0,0,1,1,1,17
4945,Fernando Hierro,2002,6,Defensor,4,4,4,1,2,0.5,1,0,2,2,0,5
4946,Hilario,1934,-,Mediocampista,0,0,0,3,0,0.0,0,0,0,0,0,5
4946,Hilario,1966,9,Defensor,6,6,0,0,0,0.0,0,0,5,0,1,3
4947,Silvestre Igoa,1950,-,Delantero,5,5,0,1,2,0.4,0,0,3,1,1,4
4948,Andrés Iniesta,2006,13,Mediocampista,1,1,0,3,0,0.0,0,0,1,0,0,9
4948,Andrés Iniesta,2010,6,Mediocampista,6,6,0,1,2,0.33,1,0,5,0,1,1
4948,Andrés Iniesta,2014,6,Mediocampista,3,3,0,0,0,0.0,0,0,1,0,2,23
4948,Andrés Iniesta,2018,6,Mediocampista,4,3,0,0,0,0.0,0,0,1,3,0,10
4949,Iraragorri,1934,-,Mediocampista,2,2,0,1,2,1.0,0,0,1,1,0,5
4950,Jose Iribar,1966,1,Arquero,3,3,0,0,0,0.0,0,0,1,0,2,10
4951,Isco,2018,22,Mediocampista,4,4,0,0,1,0.25,0,0,1,3,0,10
4952,Ivan Campo,1998,14,Defensor,1,1,0,2,0,0.0,1,0,0,0,1,17
4953,Manuel Jimenez,1982,13,Defensor,0,0,0,5,0,0.0,0,0,0,0,0,12
4953,Manuel Jimenez,1990,3,Defensor,2,1,0,2,0,0.0,1,0,0,1,1,10
4954,Joaquin,1982,8,Mediocampista,1,1,0,4,0,0.0,0,0,0,1,0,12
4954,Joaquin,2002,22,Mediocampista,2,2,0,3,0,0.0,0,0,1,1,0,5
4954,Joaquin,2006,17,Mediocampista,3,1,0,1,0,0.0,0,0,2,0,1,9
4955,Juanele,1994,14,Delantero,0,0,0,5,0,0.0,0,0,0,0,0,8
4956,Juanfran,2002,3,Defensor,3,3,0,2,0,0.0,1,0,2,1,0,5
4956,Juanfran,2014,5,Defensor,1,1,0,2,0,0.0,0,0,1,0,0,23
4957,Juanito,1978,8,Delantero,2,2,0,1,0,0.0,0,0,1,1,0,10
4957,Juanito,1982,7,Delantero,4,4,0,1,1,0.25,1,0,1,1,2,12
4957,Juanito,2006,20,Defensor,1,1,0,3,1,1.0,0,0,1,0,0,9
4958,Julio Alberto,1986,11,Defensor,3,3,0,2,0,0.0,1,0,1,1,1,7
4959,Julio Salinas,1986,19,Delantero,5,5,0,0,1,0.2,0,0,3,1,1,7
4959,Julio Salinas,1990,19,Delantero,3,3,0,1,1,0.33,0,0,2,0,1,10
4959,Julio Salinas,1994,19,Delantero,4,3,0,1,1,0.25,1,0,1,2,1,8
4960,Jose Juncosa,1950,-,Delantero,1,1,0,5,0,0.0,0,0,0,0,1,4
4961,Kiko,1998,19,Delantero,3,1,0,0,1,0.33,1,0,1,1,1,17
4962,Koke,2014,17,Mediocampista,2,1,0,1,0,0.0,0,0,1,0,1,23
4962,Koke,2018,8,Mediocampista,3,2,0,1,0,0.0,0,0,1,2,0,10
4962,Koke,2022,8,Mediocampista,2,0,0,2,0,0.0,0,0,1,1,0,13
4963,Lafuente,1934,-,Delantero,2,2,0,1,0,0.0,0,0,1,1,0,5
4964,Isidro Langara,1934,-,Delantero,2,2,0,1,1,0.5,0,0,1,1,0,5
4965,Carlos Lapetra,1966,22,Delantero,1,1,0,2,0,0.0,0,0,0,0,1,10
4966,Aymeric Laporte,2022,24,Defensor,3,3,0,1,0,0.0,1,0,1,2,0,13
4967,Eugenio Leal,1978,14,Mediocampista,3,2,0,0,0,0.0,1,0,1,1,1,10
4968,Simon Lecue,1934,-,Mediocampista,2,2,0,1,0,0.0,0,0,1,0,1,5
4970,Fernando Llorente,2010,19,Delantero,1,0,0,6,0,0.0,0,0,1,0,0,1
4971,Marcos Llorente,2022,6,Mediocampista,1,1,0,3,0,0.0,0,0,0,1,0,13
4972,Julen Lopetegui,1994,22,Arquero,0,0,0,5,0,0.0,0,0,0,0,0,8
4973,Antonio Lopez,2006,12,Defensor,1,1,0,3,0,0.0,0,0,1,0,0,9
4974,Lopez Ufarte,1982,11,Delantero,4,3,0,1,1,0.25,0,0,1,1,2,12
4975,Luis Enrique,1994,21,Mediocampista,4,4,0,1,1,0.25,1,0,1,2,1,8
4975,Luis Enrique,1998,21,Mediocampista,3,3,0,0,1,0.33,0,0,1,1,1,17
4975,Luis Enrique,2002,21,Mediocampista,5,3,0,0,0,0.0,0,0,3,2,0,5
4976,Luis Marin,1934,-,Mediocampista,0,0,0,3,0,0.0,0,0,0,0,0,5
4976,Luis Marin,2002,3,Defensor,3,3,0,0,0,0.0,1,0,1,1,1,19
4976,Luis Marin,2006,3,Defensor,3,3,3,0,0,0.0,2,0,0,0,3,31
4976,Luis Marin,2010,23,Arquero,0,0,0,4,0,0.0,0,0,0,0,0,10
4977,Albert Luque,2002,12,Delantero,2,0,0,3,0,0.0,0,0,1,1,0,5
4978,Antonio Maceda,1982,14,Defensor,1,0,0,4,0,0.0,0,0,0,1,0,12
4978,Antonio Maceda,1986,4,Defensor,1,1,0,4,0,0.0,0,0,0,0,1,7
4979,Manolo,1990,20,Delantero,1,1,0,3,0,0.0,0,0,0,1,0,10
4980,Maranon,1978,15,Delantero,0,0,0,3,0,0.0,0,0,0,0,0,10
4981,Marcelino,1966,9,Delantero,1,1,0,2,0,0.0,0,0,0,0,1,10
4981,Marcelino,1978,17,Defensor,3,3,0,0,0,0.0,0,0,1,1,1,10
4982,Carlos Marchena,2006,4,Defensor,1,1,0,3,0,0.0,1,0,1,0,0,9
4982,Carlos Marchena,2010,4,Defensor,3,0,0,4,0,0.0,0,0,3,0,0,1
4983,Marcos Senna,2006,16,Mediocampista,3,2,0,1,0,0.0,0,0,2,0,1,9
4984,Marculeta,1934,-,Defensor,1,1,0,2,0,0.0,0,0,1,0,0,5
4985,Martin Vazquez,1990,6,Mediocampista,4,4,0,0,0,0.0,0,0,2,1,1,10
4986,Javi Martinez,2010,20,Mediocampista,1,0,0,6,0,0.0,0,0,1,0,0,1
4987,Juan Mata,2010,13,Delantero,1,0,0,6,0,0.0,0,0,1,0,0,1
4987,Juan Mata,2014,13,Delantero,1,0,0,2,1,1.0,0,0,1,0,0,23
4988,Gaizka Mendieta,2002,16,Mediocampista,3,1,0,2,1,0.33,0,0,1,2,0,5
4989,Michel,1986,21,Mediocampista,5,5,0,0,0,0.0,1,0,3,1,1,7
4989,Michel,1990,21,Mediocampista,4,4,0,0,4,1.0,0,0,2,1,1,10
4990,Miguel Angel,1978,13,Arquero,3,3,0,0,0,0.0,0,0,1,1,1,10
4990,Miguel Angel,1982,22,Arquero,0,0,0,5,0,0.0,0,0,0,0,0,12
4991,Migueli,1978,5,Defensor,2,2,0,1,0,0.0,0,0,0,1,1,10
4992,Felipe Minambres,1994,16,Mediocampista,2,1,0,3,0,0.0,0,0,1,1,0,8
4993,Jose Molina,1998,22,Arquero,0,0,0,3,0,0.0,0,0,0,0,0,17
4994,Luis Molowny,1950,-,Delantero,1,1,0,5,0,0.0,0,0,0,1,0,4
4995,Nacho Monreal,2018,16,Defensor,0,0,0,4,0,0.0,0,0,0,0,0,10
4996,Álvaro Morata,2022,7,Delantero,4,1,0,0,3,0.75,0,0,1,2,1,13
4998,Fernando Morientes,1998,7,Delantero,2,1,0,1,2,1.0,0,0,1,1,0,17
4998,Fernando Morientes,2002,9,Delantero,5,3,0,0,3,0.6,1,0,3,2,0,5
4999,Jose Muguerza,1934,-,Mediocampista,3,3,0,0,0,0.0,0,0,1,1,1,5
5000,Nacho,2018,4,Defensor,2,2,0,2,1,0.5,0,0,0,2,0,10
5001,Miguel Angel Nadal,1994,20,Defensor,3,3,1,2,0,0.0,0,1,1,1,1,8
5001,Miguel Angel Nadal,1998,20,Defensor,2,2,0,1,0,0.0,1,0,1,0,1,17
5001,Miguel Angel Nadal,2002,20,Defensor,4,4,1,1,0,0.0,0,0,3,1,0,5
5002,Nando,1950,-,Mediocampista,0,0,0,6,0,0.0,0,0,0,0,0,4
5003,Jesus Navas,2010,22,Delantero,3,1,0,4,0,0.0,0,0,2,0,1,1
5004,Saúl Ñíguez,2018,7,Mediocampista,0,0,0,4,0,0.0,0,0,0,0,0,10
5005,Juan Nogues,1934,-,Arquero,1,1,0,2,0,0.0,0,0,0,0,1,5
5006,Jose Ochotorena,1990,22,Arquero,0,0,0,4,0,0.0,0,0,0,0,0,10
5007,Álvaro Odriozola,2018,12,Defensor,0,0,0,4,0,0.0,0,0,0,0,0,10
5008,Fernando Olivella,1966,16,Defensor,0,0,0,3,0,0.0,0,0,0,0,0,10
5009,Antonio Olmo,1978,16,Defensor,2,2,0,1,0,0.0,0,0,1,1,0,10
5010,Dani Olmo,2022,21,Delantero,4,4,0,0,1,0.25,0,0,1,2,1,13
5011,Jorge Otero,1994,3,Defensor,2,1,0,3,0,0.0,1,0,1,0,1,8
5012,Pablo,2006,22,Defensor,3,3,0,1,0,0.0,0,0,2,0,1,9
5013,Pachin,1962,13,Defensor,2,2,0,1,0,0.0,0,0,1,0,1,12
5014,Jose Panizo,1950,-,Delantero,4,4,0,2,0,0.0,0,0,2,0,2,4
5015,Miguel Pardeza,1990,7,Delantero,1,0,0,3,0,0.0,0,0,1,0,0,10
5016,Jose Parra,1950,-,Defensor,5,5,0,1,0,0.0,0,0,2,1,2,4
5017,Pedri,2022,26,Mediocampista,4,4,0,0,0,0.0,0,0,1,2,1,13
5018,Pedro,2010,18,Delantero,5,2,0,2,0,0.0,0,0,4,0,1,1
5018,Pedro,2014,11,Delantero,2,1,0,1,0,0.0,0,0,0,0,2,23
5018,Pedro,2022,25,Delantero,2,0,0,3,0,0.0,0,0,0,1,1,7
5019,Joaquin Peiro,1962,12,Delantero,2,2,0,1,1,0.5,0,0,1,0,1,12
5019,Joaquin Peiro,1966,20,Delantero,2,2,0,1,0,0.0,0,0,1,0,1,10
5020,Mariano Pernia,2006,3,Defensor,3,3,0,1,0,0.0,0,0,2,0,1,9
5021,Yeremi Pino,2022,17,Delantero,0,0,0,4,0,0.0,0,0,0,0,0,13
5022,Gerard Piqué,2010,3,Defensor,7,7,0,0,0,0.0,1,0,6,0,1,1
5022,Gerard Piqué,2014,3,Defensor,1,1,0,2,0,0.0,0,0,0,0,1,23
5022,Gerard Piqué,2018,3,Defensor,4,4,0,0,0,0.0,1,0,1,3,0,10
5023,Pirri,1966,18,Mediocampista,2,2,0,1,1,0.5,0,0,1,0,1,10
5023,Pirri,1978,18,Defensor,2,1,1,1,0,0.0,0,0,1,0,1,10
5024,Piru Gainza,1950,-,Delantero,5,5,4,1,0,0.0,0,0,3,1,1,4
5025,Pizzi,1998,9,Delantero,1,1,0,2,0,0.0,0,0,0,1,0,17
5026,Antonio Puchades,1950,-,Mediocampista,6,6,0,0,0,0.0,0,0,3,1,2,4
5028,Carles Puyol,2002,5,Defensor,4,4,0,1,0,0.0,0,0,2,2,0,5
5028,Carles Puyol,2006,5,Defensor,3,3,0,1,0,0.0,2,0,2,0,1,9
5028,Carles Puyol,2010,5,Defensor,7,7,0,0,1,0.14,1,0,6,0,1,1
5030,Quini,1978,9,Delantero,1,0,0,2,0,0.0,0,0,0,0,1,10
5030,Quini,1982,20,Delantero,3,1,0,2,0,0.0,0,0,1,0,2,12
5031,Quique,1990,8,Defensor,0,0,0,4,0,0.0,0,0,0,0,0,10
5032,Quique Setien,1986,12,Delantero,0,0,0,5,0,0.0,0,0,0,0,0,7
5033,Rafa Paz,1990,18,Mediocampista,2,0,0,2,0,0.0,0,0,0,1,1,10
5034,Antonio Ramallets,1950,-,Arquero,4,4,0,2,0,0.0,0,0,2,1,1,4
5035,Sergio Ramos,2006,15,Defensor,3,3,0,1,0,0.0,0,0,2,0,1,9
5035,Sergio Ramos,2010,15,Defensor,7,7,0,0,0,0.0,1,0,6,0,1,1
5035,Sergio Ramos,2014,15,Defensor,3,3,1,0,0,0.0,1,0,1,0,2,23
5035,Sergio Ramos,2018,15,Defensor,4,4,4,0,0,0.0,0,0,1,3,0,10
5036,Raul,1998,10,Delantero,3,2,0,0,1,0.33,0,0,1,1,1,17
5036,Raul,2002,7,Delantero,4,4,0,1,3,0.75,0,0,3,1,0,5
5036,Raul,2006,7,Delantero,4,2,2,0,1,0.25,0,0,3,0,1,9
5037,David Raya,2022,13,Arquero,0,0,0,4,0,0.0,0,0,0,0,0,13
5039,Severino Reijia,1962,16,Defensor,1,1,0,2,0,0.0,0,0,0,0,1,12
5039,Severino Reijia,1966,15,Defensor,2,2,0,1,0,0.0,0,0,1,0,1,10
5040,Miguel Reina,1966,13,Arquero,0,0,0,3,0,0.0,0,0,0,0,0,10
5041,Pepe Reina,2006,23,Arquero,0,0,0,4,0,0.0,0,0,0,0,0,9
5041,Pepe Reina,2010,23,Arquero,0,0,0,7,0,0.0,0,0,0,0,0,1
5041,Pepe Reina,2014,23,Arquero,1,1,0,2,0,0.0,0,0,1,0,0,23
5041,Pepe Reina,2018,23,Arquero,0,0,0,4,0,0.0,0,0,0,0,0,10
5042,Carles Rexach,1978,19,Delantero,1,1,0,2,0,0.0,0,0,0,0,1,10
5043,Jose Antonio Reyes,2006,10,Mediocampista,1,1,0,3,0,0.0,1,0,1,0,0,9
5044, Ricardo,2002, '13', 'Arquero', 0, 0, 0, 5, 0, 0, 0, 0, 0, 0, 0, 5
5045,Hipolito Rincon,1986,16,Delantero,0,0,0,5,0,0.0,0,0,0,0,0,7
5046,Feliciano Rivilla,1962,11,Defensor,1,1,0,2,0,0.0,0,0,0,0,1,12
5046,Feliciano Rivilla,1966,14,Defensor,0,0,0,3,0,0.0,0,0,0,0,0,10
5047,Roberto,1938,-,Delantero,2,2,0,3,1,0.5,0,0,2,0,0,3
5047,Roberto,1970,13,Delantero,2,0,0,4,0,0.0,0,0,2,0,0,1
5047,Roberto,1990,15,Mediocampista,4,4,0,0,0,0.0,1,0,2,1,1,10
5048,Rodri,1962,17,Defensor,2,2,0,1,0,0.0,0,0,1,0,1,12
5048,Rodri,2022,16,Mediocampista,4,4,0,0,0,0.0,0,0,1,2,1,13
5049,Enrique Romero,2002,15,Defensor,3,2,0,2,0,0.0,0,0,2,1,0,5
5050,Rosendo Hernandez,1950,-,Delantero,2,2,0,4,0,0.0,0,0,1,0,1,4
5051,Ruben Cano,1978,20,Delantero,1,1,0,2,0,0.0,0,0,0,0,1,10
5052,Salvador Sadurni,1962,2,Arquero,0,0,0,3,0,0.0,0,0,0,0,0,12
5053,Michel Salgado,2006,2,Defensor,1,1,0,3,0,0.0,0,0,1,0,0,9
5054,Isidoro San Jose,1978,21,Mediocampista,3,3,0,0,0,0.0,0,0,1,1,1,10
5055,Jose Sanchez,1982,16,Mediocampista,4,2,0,1,0,0.0,1,0,1,1,2,12
5056,Robert Sánchez,2022,1,Arquero,0,0,0,4,0,0.0,0,0,0,0,0,13
5057,Manuel Sanchis,1966,2,Defensor,3,3,0,0,1,0.33,0,0,1,0,2,10
5057,Manuel Sanchis,1990,5,Defensor,4,4,0,0,0,0.0,0,0,2,1,1,10
5059,Santillana,1978,10,Delantero,2,2,0,1,0,0.0,0,0,1,1,0,10
5059,Santillana,1982,19,Delantero,2,2,0,3,0,0.0,0,0,0,1,1,12
5060,Pablo Sarabia,2022,22,Delantero,1,0,0,3,0,0.0,0,0,0,1,0,13
5061,Jesus Satrustegui,1982,9,Delantero,4,4,0,1,0,0.0,0,0,1,2,1,12
5062,Enrique Saura,1982,15,Mediocampista,4,2,0,1,1,0.25,0,0,1,2,1,12
5063,Joan Segarra,1962,20,Defensor,1,1,1,2,0,0.0,0,0,0,0,1,12
5064,Juan Antonio Senor,1986,7,Mediocampista,4,0,0,1,1,0.25,0,0,2,1,1,7
5065,Sergi,1994,12,Defensor,5,5,0,0,0,0.0,0,0,2,2,1,8
5065,Sergi,1998,12,Defensor,3,3,0,0,0,0.0,1,0,1,1,1,17
5066,Sergio,2002,18,Mediocampista,1,0,0,4,0,0.0,0,0,1,0,0,5
5067,Alfonso Silva,1950,-,Defensor,1,1,0,5,0,0.0,0,0,0,0,1,4
5068,David Silva,2010,21,Mediocampista,2,1,0,5,0,0.0,0,0,1,0,1,1
5068,David Silva,2014,21,Mediocampista,3,2,0,0,0,0.0,0,0,1,0,2,23
5068,David Silva,2018,21,Delantero,4,4,0,0,0,0.0,0,0,1,3,0,10
5069,Unai Simón,2022,23,Arquero,4,4,0,0,0,0.0,0,0,1,2,1,13
5070,Sole,1934,-,Delantero,0,0,0,3,0,0.0,0,0,0,0,0,5
5071,Carlos Soler,2022,19,Mediocampista,2,0,0,2,1,0.5,0,0,1,1,0,13
5073,Miguel Tendillo,1982,5,Defensor,5,5,0,0,0,0.0,0,0,1,2,2,12
5074,Thiago,2018,10,Mediocampista,2,1,0,2,0,0.0,0,0,0,2,0,10
5075,Tomas,1986,2,Defensor,5,5,0,0,0,0.0,1,0,3,1,1,7
5076,Fernando Torres,2006,9,Delantero,4,3,0,0,3,0.75,0,0,3,0,1,9
5076,Fernando Torres,2010,9,Delantero,7,4,0,0,0,0.0,0,0,6,0,1,1
5076,Fernando Torres,2014,9,Delantero,3,1,0,0,1,0.33,0,0,1,0,2,23
5077,Ferran Torres,2022,11,Delantero,4,3,0,0,2,0.5,0,0,1,2,1,13
5078,Pau Torres,2022,4,Defensor,1,1,0,3,0,0.0,0,0,0,0,1,13
5079,Diego Tristan,2002,10,Delantero,2,2,0,3,0,0.0,0,0,2,0,0,5
5080,Jose Ufarte,1966,7,Delantero,1,1,0,2,0,0.0,0,0,0,0,1,10
5081,Pedro Uralde,1982,18,Delantero,1,0,0,4,0,0.0,0,0,0,1,0,12
5082,Francisco Uria,1978,3,Defensor,2,2,0,1,0,0.0,0,0,1,1,0,10
5083,Santiago Urquiaga,1982,12,Defensor,2,2,0,3,0,0.0,0,0,0,1,1,12
5084,Francisco Urruticoechea,1978,22,Arquero,0,0,0,3,0,0.0,0,0,0,0,0,10
5084,Francisco Urruticoechea,1982,21,Arquero,0,0,0,5,0,0.0,0,0,0,0,0,12
5084,Francisco Urruticoechea,1986,13,Arquero,0,0,0,5,0,0.0,0,0,0,0,0,7
5085,Victor Valdes,2010,12,Arquero,0,0,0,7,0,0.0,0,0,0,0,0,1
5086,Juan Carlos Valeron,2002,17,Mediocampista,4,4,0,1,1,0.25,1,0,2,2,0,5
5087,Lucas Vázquez,2018,11,Delantero,2,1,0,2,0,0.0,0,0,1,1,0,10
5088,Martin Ventorla,1934,-,Delantero,1,1,0,2,0,0.0,0,0,0,0,1,5
5089,Martin Verges,1962,22,Mediocampista,2,2,0,1,0,0.0,0,0,1,0,1,12
5090,Victor,1986,5,Mediocampista,5,5,0,0,0,0.0,1,0,3,1,1,7
5090,Victor,2014,22,Arquero,0,0,0,7,0,0.0,0,0,0,0,0,4
5091,David Villa,2006,21,Delantero,4,3,0,0,3,0.75,0,0,3,0,1,9
5091,David Villa,2010,7,Delantero,7,7,0,0,5,0.71,0,0,6,0,1,1
5091,David Villa,2014,7,Delantero,1,1,0,2,1,1.0,0,0,1,0,0,23
5092,Francisco Villaroya,1990,11,Mediocampista,4,4,0,0,0,0.0,1,0,2,1,1,10
5093,Voro,1994,17,Defensor,1,1,0,4,0,0.0,0,0,1,0,0,8
5094,Nico Williams,2022,12,Delantero,4,1,0,0,0,0.0,0,0,1,2,1,13
5095,Xavi,2002,19,Defensor,3,1,0,2,0,0.0,0,0,2,1,0,5
5095,Xavi,2006,8,Mediocampista,4,3,0,0,0,0.0,0,0,3,0,1,9
5095,Xavi,2010,8,Mediocampista,7,7,0,0,0,0.0,1,0,6,0,1,1
5095,Xavi,2014,8,Mediocampista,1,1,0,2,0,0.0,0,0,0,0,1,23
5096,Zabalo,1934,-,Defensor,1,1,0,2,0,0.0,0,0,0,0,1,5
5097,Jesus Zamora,1982,10,Mediocampista,4,4,0,1,1,0.25,1,0,1,2,1,12
5098,Ricardo Zamora,1934,-,Arquero,2,2,2,1,0,0.0,0,0,1,1,0,5
5099,Zarra,1950,-,Delantero,6,6,1,0,4,0.67,0,0,3,1,2,4
5100,Zoco,1966,5,Mediocampista,3,3,1,0,0,0.0,0,0,1,0,2,10
5101,Andoni Zubizarreta,1986,1,Arquero,5,5,0,0,0,0.0,0,0,3,1,1,7
5101,Andoni Zubizarreta,1990,1,Arquero,4,4,0,0,0,0.0,0,0,2,1,1,10
5101,Andoni Zubizarreta,1994,1,Arquero,4,4,4,1,0,0.0,0,0,2,1,1,8
5101,Andoni Zubizarreta,1998,1,Arquero,3,3,3,0,0,0.0,0,0,1,1,1,17
5103,Robert Almond,1982,6,Defensor,2,2,0,1,0,0.0,0,0,0,0,2,23
5104,James Bannatyne,2010,23,Arquero,0,0,0,3,0,0.0,0,0,0,0,0,22
5105,Andy Barron,2010,13,Mediocampista,1,0,0,2,0,0.0,0,0,0,1,0,22
5106,Leo Bertos,2010,11,Mediocampista,3,3,0,0,0,0.0,0,0,0,3,0,22
5107,Allan Boath,1982,17,Mediocampista,3,3,0,0,0,0.0,0,0,0,0,3,23
5108,Andy Boyens,2010,18,Defensor,0,0,0,3,0,0.0,0,0,0,0,0,22
5109,Dave Bright,1982,5,Defensor,0,0,0,3,0,0.0,0,0,0,0,0,23
5110,Jeremy Brockie,2010,22,Delantero,1,0,0,2,0,0.0,0,0,0,1,0,22
5111,Tim Brown,2010,8,Mediocampista,0,0,0,3,0,0.0,0,0,0,0,0,22
5112,Jeremy Christie,2010,21,Mediocampista,2,0,0,1,0,0.0,0,0,0,2,0,22
5113,Aaron Clapham,2010,16,Mediocampista,0,0,0,3,0,0.0,0,0,0,0,0,22
5114,Duncan Cole,1982,8,Mediocampista,3,1,0,0,0,0.0,0,0,0,0,3,23
5115,Kenny Cresswell,1982,13,Mediocampista,3,3,0,0,0,0.0,0,0,0,0,3,23
5116,Glen Dods,1982,2,Defensor,2,2,0,1,0,0.0,0,0,0,0,2,23
5117,Simon Elliott,2010,7,Mediocampista,3,3,0,0,0,0.0,0,0,0,3,0,22
5118,Adrian Elrick,1982,14,Defensor,3,3,0,0,0,0.0,0,0,0,0,3,23
5119,Rory Fallon,2010,14,Delantero,3,3,0,0,0,0.0,1,0,0,3,0,22
5120,Ricki Herbert,1982,3,Defensor,3,2,0,0,0,0.0,0,0,0,0,3,23
5121,John Hill,1982,15,Defensor,1,1,0,2,0,0.0,0,0,0,0,1,23
5122,Chris Killen,2010,10,Delantero,3,3,0,0,0,0.0,0,0,0,3,0,22
5123,Tony Lochhead,2010,3,Defensor,3,3,0,0,0,0.0,1,0,0,3,0,22
5124,Sam Malcolmson,1982,11,Defensor,1,1,0,2,0,0.0,0,0,0,0,1,23
5125,Billy Mcclure,1982,19,Mediocampista,0,0,0,3,0,0.0,0,0,0,0,0,23
5126,Michael Mcglinchey,2010,15,Mediocampista,0,0,0,3,0,0.0,0,0,0,0,0,22
5127,Keith Mckay,1982,12,Mediocampista,3,3,0,0,0,0.0,0,0,0,0,3,23
5128,Glen Moss,2010,12,Arquero,0,0,0,3,0,0.0,0,0,0,0,0,22
5129,Dave Mulligan,2010,17,Mediocampista,0,0,0,3,0,0.0,0,0,0,0,0,22
5130,Ryan Nelsen,2010,6,Defensor,3,3,3,0,0,0.0,2,0,0,3,0,22
5131,Mark Paston,2010,1,Arquero,3,3,0,0,0,0.0,0,0,0,3,0,22
5132,Barry Pickering,1982,21,Arquero,0,0,0,3,0,0.0,0,0,0,0,0,23
5133,Winston Reid,2010,4,Defensor,3,3,0,0,1,0.33,1,0,0,3,0,22
5134,Wynton Rufer,1982,7,Delantero,3,3,0,0,0,0.0,0,0,0,0,3,23
5135,Ben Sigmund,2010,2,Defensor,0,0,0,3,0,0.0,0,0,0,0,0,22
5136,Peter Simonsen,1982,18,Mediocampista,0,0,0,3,0,0.0,0,0,0,0,0,23
5137,Shane Smeltz,2010,9,Delantero,3,3,0,0,1,0.33,0,0,0,3,0,22
5138,Tommy Smith,2010,19,Defensor,3,3,0,0,0,0.0,1,0,0,3,0,22
5139,Steve Sumner,1982,10,Mediocampista,3,3,3,0,1,0.33,0,0,0,0,3,23
5140,Brian Turner,1982,4,Delantero,1,0,0,2,0,0.0,0,0,0,0,1,23
5142,Frank Van Hattum,1982,22,Arquero,3,3,0,0,0,0.0,0,0,0,0,3,23
5143,Ivan Vicelich,2010,5,Defensor,3,3,0,0,0,0.0,0,0,0,3,0,22
5144,Richard Wilson,1982,1,Arquero,0,0,0,3,0,0.0,0,0,0,0,0,23
5145,Chris Wood,2010,20,Delantero,3,0,0,0,0,0.0,0,0,0,3,0,22
5146,Steve Wooddin,1982,9,Delantero,3,3,0,0,1,0.33,0,0,0,0,3,23
5147,Roberto Abbondanzieri,2006,1,Arquero,5,5,0,0,0,0.0,0,0,3,2,0,6
5148,Ramon Abeledo,1962,21,Delantero,0,0,0,3,0,0.0,0,0,0,0,0,10
5149,David Acevedo,1958,15,Defensor,0,0,0,3,0,0.0,0,0,0,0,0,13
5150,Marcos Acuña,2018,8,Defensor,1,1,0,3,0,0.0,1,0,0,0,1,16
5150,Marcos Acuña,2022,8,Mediocampista,6,4,0,1,0,0.0,3,0,3,2,1,1
5151,Sergio Agüero,2010,16,Delantero,3,1,0,2,0,0.0,0,0,2,0,1,5
5151,Sergio Agüero,2014,20,Delantero,5,3,0,2,0,0.0,1,0,3,1,1,2
5151,Sergio Agüero,2018,19,Delantero,4,2,0,0,2,0.5,0,0,1,1,2,16
5152,Pablo Aimar,2002,16,Mediocampista,3,1,0,0,0,0.0,0,0,1,1,1,18
5152,Pablo Aimar,2006,16,Mediocampista,3,0,0,2,0,0.0,0,0,2,1,0,6
5153,Ernesto Albarracin,1934,-,Mediocampista,0,0,0,1,0,0.0,0,0,0,0,0,9
5154,Rafael Albrecht,1962,17,Defensor,0,0,0,3,0,0.0,0,0,0,0,0,10
5154,Rafael Albrecht,1966,12,Mediocampista,3,3,0,1,0,0.0,0,1,1,1,1,5
5155,Thiago Almada,2022,16,Mediocampista,1,0,0,6,0,0.0,0,0,1,0,0,1
5156,Matias Almeyda,1998,5,Mediocampista,5,5,0,0,0,0.0,1,0,3,1,1,6
5156,Matias Almeyda,2002,5,Mediocampista,1,1,0,2,0,0.0,1,0,0,1,0,18
5157,Sergio Almiron,1986,1,Delantero,0,0,0,7,0,0.0,0,0,0,0,0,1
5158,Norberto Alonso,1978,1,Mediocampista,3,0,0,4,0,0.0,0,0,2,1,0,1
5159,Julian Alvarez,2022,9,Delantero,7,5,0,0,4,0.57,0,0,4,2,1,1
5160,Ricardo Álvarez,2014,19,Mediocampista,1,0,0,6,0,0.0,0,0,1,0,0,2
5161,Mariano Andujar,2010,21,Arquero,0,0,0,5,0,0.0,0,0,0,0,0,5
5161,Mariano Andujar,2014,21,Arquero,0,0,0,7,0,0.0,0,0,0,0,0,2
5162,Cristian Ansaldi,2018,4,Defensor,0,0,0,4,0,0.0,0,0,0,0,0,16
5163,Osvaldo Ardiles,1978,2,Mediocampista,6,6,0,1,0,0.0,1,0,4,1,1,1
5163,Osvaldo Ardiles,1982,1,Mediocampista,5,5,0,0,1,0.2,1,0,2,0,3,11
5164,Franco Armani,2018,12,Arquero,2,2,0,2,0,0.0,0,0,1,0,1,16
5164,Franco Armani,2022,1,Arquero,0,0,0,7,0,0.0,0,0,0,0,0,1
5165,Luis Artime,1966,19,Delantero,4,4,0,0,3,0.75,1,0,2,1,1,5
5166,Leonardo Astrada,1998,15,Mediocampista,0,0,0,5,0,0.0,0,0,0,0,0,6
5167,Ramon Astudillo,1934,-,Defensor,0,0,0,1,0,0.0,0,0,0,0,0,9
5168,Ludovico Avio,1958,19,Delantero,2,2,0,1,1,0.5,0,0,1,0,1,13
5169,Roberto Ayala,1998,2,Defensor,5,5,0,0,0,0.0,1,0,3,1,1,6
5169,Roberto Ayala,2002,2,Defensor,0,0,0,3,0,0.0,0,0,0,0,0,18
5169,Roberto Ayala,2006,2,Defensor,5,5,1,0,1,0.2,0,0,3,2,0,6
5170,Ruben Ayala,1974,2,Delantero,6,6,0,0,1,0.17,0,0,1,2,3,8
5171,Carlos Babington,1974,3,Delantero,5,5,0,1,1,0.2,3,0,1,2,2,8
5172,Abel Balbo,1990,3,Delantero,1,1,0,6,0,0.0,0,0,0,0,1,2
5172,Abel Balbo,1994,19,Delantero,4,4,0,0,1,0.25,0,0,2,0,2,10
5172,Abel Balbo,1998,18,Delantero,2,0,0,3,0,0.0,0,0,1,0,1,6
5173,Augustin Balbuena,1974,4,Delantero,4,3,0,2,0,0.0,0,0,1,0,3,8
5174,Hector Baley,1978,3,Arquero,0,0,0,7,0,0.0,0,0,0,0,0,1
5174,Hector Baley,1982,2,Arquero,0,0,0,5,0,0.0,0,0,0,0,0,11
5175,Ever Banega,2018,7,Mediocampista,3,2,0,1,0,0.0,2,0,1,1,1,16
5176,Juan Barbas,1982,3,Mediocampista,2,1,0,3,0,0.0,0,0,1,0,1,11
5177,Angel Bargas,1974,5,Defensor,3,3,0,3,0,0.0,1,0,0,1,2,8
5178,José Basanta,2014,23,Defensor,2,1,0,5,0,0.0,0,0,2,0,0,2
5179,Jose Basualdo,1990,4,Mediocampista,7,7,0,0,0,0.0,0,0,2,3,2,2
5179,Jose Basualdo,1994,8,Mediocampista,1,1,0,3,0,0.0,0,0,0,0,1,10
5180,Sergio Batista,1986,2,Mediocampista,7,7,0,0,0,0.0,1,0,6,1,0,1
5180,Sergio Batista,1990,2,Mediocampista,4,3,0,3,0,0.0,2,0,1,2,1,2
5181,Gabriel Batistuta,1994,9,Delantero,4,4,0,0,4,1.0,1,0,2,0,2,10
5181,Gabriel Batistuta,1998,9,Delantero,5,5,1,0,5,1.0,0,0,3,1,1,6
5181,Gabriel Batistuta,2002,9,Delantero,3,3,1,0,1,0.33,1,0,1,1,1,18
5182,Edgardo Bauza,1990,5,Defensor,0,0,0,7,0,0.0,0,0,0,0,0,2
5183,Raul Belen,1962,11,Delantero,2,2,0,1,0,0.0,0,0,1,0,1,10
5184,Ernesto Belis,1934,-,Defensor,1,1,0,0,1,1.0,0,0,0,0,1,9
5185,Sergio Berti,1998,16,Mediocampista,2,0,0,3,0,0.0,0,0,1,1,0,6
5186,Daniel Bertoni,1978,4,Delantero,6,5,0,1,2,0.33,0,0,4,1,1,1
5186,Daniel Bertoni,1982,4,Delantero,5,5,0,0,2,0.4,1,0,2,0,3,11
5187,Lucas Biglia,2014,6,Mediocampista,7,3,0,0,0,0.0,1,0,5,1,1,2
5187,Lucas Biglia,2018,5,Mediocampista,1,1,0,3,0,0.0,0,0,0,1,0,16
5188,Ricardo Bochini,1986,3,Mediocampista,1,0,0,6,0,0.0,0,0,1,0,0,1
5189,Norberto Boggio,1958,18,Delantero,1,1,0,2,0,0.0,0,0,1,0,0,13
5190,Mario Bolatti,2010,5,Mediocampista,2,1,0,3,0,0.0,1,0,2,0,0,5
5191,Roberto Bonano,2002,23,Arquero,0,0,0,3,0,0.0,0,0,0,0,0,18
5192,Jorge Borelli,1994,15,Defensor,0,0,0,4,0,0.0,0,0,0,0,0,10
5193,Claudio Borghi,1986,4,Mediocampista,2,2,0,5,0,0.0,0,0,1,1,0,1
5194,Angel Bossio,1930,-,Arquero,3,3,1,2,0,0.0,0,0,3,0,0,2
5195,Juan Botasso,1930,-,Arquero,2,2,0,3,0,0.0,0,0,1,0,1,2
5196,Miguel Brindisi,1974,6,Mediocampista,4,3,1,2,1,0.25,0,0,1,1,2,8
5197,Jose Brown,1986,5,Defensor,7,7,0,0,1,0.14,1,0,6,1,0,1
5198,Nicolas Burdisso,2006,21,Defensor,3,3,0,2,0,0.0,0,0,2,1,0,6
5198,Nicolas Burdisso,2010,4,Defensor,5,3,0,0,0,0.0,0,0,4,0,1,5
5199,German Burgos,1998,12,Arquero,0,0,0,5,0,0.0,0,0,0,0,0,6
5199,German Burgos,2002,1,Arquero,0,0,0,3,0,0.0,0,0,0,0,0,18
5200,Jorge Burruchaga,1986,7,Mediocampista,7,7,0,0,2,0.29,0,0,6,1,0,1
5200,Jorge Burruchaga,1990,7,Mediocampista,7,7,0,0,1,0.14,1,0,2,3,2,2
5201,Wilfredo Caballero,2018,23,Arquero,2,2,0,2,0,0.0,0,0,0,1,1,16
5202,Fernando Caceres,1994,13,Defensor,4,4,0,0,0,0.0,2,0,2,0,2,10
5203,Gabriel Calderon,1982,5,Delantero,4,2,0,1,0,0.0,0,0,2,0,2,11
5203,Gabriel Calderon,1990,6,Mediocampista,5,2,0,2,0,0.0,0,0,1,2,2,2
5204,Oscar Calics,1966,6,Defensor,1,1,0,3,0,0.0,0,0,1,0,0,5
5205,Esteban Cambiasso,2006,5,Mediocampista,5,3,0,0,1,0.2,1,0,3,2,0,6
5206,Hugo Campagnaro,2014,3,Defensor,1,1,0,6,0,0.0,0,0,1,0,0,2
5207,Fabian Cancelarich,1990,22,Arquero,0,0,0,7,0,0.0,0,0,0,0,0,2
5208,Claudio Caniggia,1990,8,Delantero,6,5,0,1,2,0.33,2,0,2,3,1,2
5208,Claudio Caniggia,1994,7,Delantero,3,3,0,1,2,0.67,1,0,2,0,1,10
5208,Claudio Caniggia,2002,21,Delantero,0,0,0,3,0,0.0,0,1,0,0,0,18
5209,Vladislao Cap,1962,18,Defensor,2,2,0,1,0,0.0,0,0,0,1,1,10
5210,Daniel Carnevali,1974,1,Arquero,5,5,0,1,0,0.0,0,0,1,1,3,8
5211,Jorge Carrascosa,1974,7,Defensor,2,1,0,4,0,0.0,0,0,0,1,1,8
5212,Amadeo Carrizo,1958,1,Arquero,3,3,0,0,0,0.0,0,0,1,0,2,13
5213,Pablo Cavallero,1998,17,Arquero,0,0,0,5,0,0.0,0,0,0,0,0,6
5213,Pablo Cavallero,2002,12,Arquero,3,3,0,0,0,0.0,0,0,1,1,1,18
5214,Roberto Cerro,1930,-,Delantero,1,1,0,4,0,0.0,0,0,1,0,0,2
5215,Mario Chaldu,1966,14,Delantero,0,0,0,4,0,0.0,0,0,0,0,0,5
5216,Jose Chamot,1994,3,Defensor,4,4,0,0,0,0.0,1,0,2,0,2,10
5216,Jose Chamot,1998,3,Defensor,4,3,0,1,0,0.0,2,0,2,1,1,6
5216,Jose Chamot,2002,22,Defensor,1,1,0,2,0,0.0,1,0,0,1,0,18
5217,Enrique Chazarreta,1974,8,Mediocampista,1,0,0,5,0,0.0,0,0,0,1,0,8
5218,Enrique Chimento,1934,-,Defensor,0,0,0,1,0,0.0,0,0,0,0,0,9
5219,Alberto Chividini,1930,-,Defensor,1,1,0,4,0,0.0,0,0,1,0,0,2
5220,Nestor Clausen,1986,8,Defensor,1,1,0,6,0,0.0,0,0,1,0,0,1
5221,Fabricio Coloccini,2006,4,Defensor,2,1,0,3,0,0.0,0,0,0,2,0,6
5222,Angel Comizzo,1990,1,Arquero,0,0,0,7,0,0.0,0,0,0,0,0,2
5223,Omar Oreste Corbatta,1958,7,Delantero,3,3,0,0,3,1.0,0,0,1,0,2,13
5224,Ángel Correa,2022,15,Delantero,1,0,0,6,0,0.0,0,0,1,0,0,1
5225,Hernan Crespo,1998,19,Delantero,1,0,0,4,0,0.0,0,0,0,1,0,6
5225,Hernan Crespo,2002,19,Delantero,3,0,0,0,1,0.33,0,0,1,1,1,18
5225,Hernan Crespo,2006,9,Delantero,4,4,0,1,3,0.75,1,0,3,1,0,6
5226,Julio Cruz,2006,20,Delantero,2,0,0,3,0,0.0,1,0,0,2,0,6
5227,Osvaldo Cruz,1958,22,Delantero,2,2,0,1,0,0.0,0,0,0,0,2,13
5228,Jose Cuciuffo,1986,9,Defensor,6,6,0,1,0,0.0,1,0,5,1,0,1
5229,Leandro Cufre,2006,17,Defensor,1,1,0,4,0,0.0,0,1,0,1,0,6
5230,Rodrigo De Paul,2022,7,Mediocampista,7,7,0,0,0,0.0,0,0,4,2,1,1
5231,Alfredo De Vincenzi,1934,-,Delantero,1,1,1,0,0,0.0,0,0,0,0,1,9
5232,Marcelo Delgado,1998,21,Delantero,0,0,0,5,0,0.0,0,0,0,0,0,6
5233,Jose Della Torre,1930,-,Defensor,5,5,0,0,0,0.0,0,0,4,0,1,2
5234,Pedro Dellacha,1958,2,Mediocampista,3,3,3,0,0,0.0,0,0,1,0,2,13
5236,Martin Demichelis,2010,2,Defensor,5,5,0,0,1,0.2,0,0,4,0,1,5
5236,Martin Demichelis,2014,15,Defensor,3,3,0,4,0,0.0,1,0,1,1,1,2
5237,Gustavo Dezotti,1990,9,Delantero,3,1,0,4,0,0.0,1,1,0,2,1,2
5238,Angel Di Maria,2010,7,Mediocampista,5,4,0,0,0,0.0,0,0,4,0,1,5
5238,Angel Di Maria,2014,7,Mediocampista,5,5,0,2,1,0.2,1,0,5,0,0,2
5238,Angel Di Maria,2018,11,Mediocampista,3,3,0,1,1,0.33,0,0,1,1,1,16
5238,Angel Di Maria,2022,11,Delantero,5,4,0,2,1,0.2,0,0,2,2,1,1
5239,Hernan Diaz,1994,16,Defensor,2,1,0,2,0,0.0,0,0,1,0,1,10
5240,Ramon Diaz,1982,6,Delantero,4,2,0,1,1,0.25,0,0,1,0,3,11
5241,Rogelio Dominguez,1962,12,Arquero,1,1,0,2,0,0.0,0,0,0,1,0,10
5242,Paulo Dybala,2018,21,Delantero,1,0,0,3,0,0.0,0,0,0,0,1,16
5242,Paulo Dybala,2022,21,Delantero,2,0,0,5,0,0.0,0,0,1,1,0,1
5243,Federico Edwards,1958,14,Defensor,0,0,0,3,0,0.0,0,0,0,0,0,13
5244,Hector Enrique,1986,12,Mediocampista,5,3,0,2,0,0.0,1,0,4,1,0,1
5245,Juan Evaristo,1930,-,Mediocampista,4,4,0,1,0,0.0,0,0,3,0,1,2
5247,Nestor Fabbri,1990,11,Defensor,1,1,0,6,0,0.0,0,0,0,0,1,2
5248,Hector Facundo,1962,7,Delantero,2,2,0,1,1,0.5,0,0,1,1,0,10
5249,Federico Fazio,2018,6,Defensor,1,0,0,3,0,0.0,0,0,0,0,1,16
5250,Augusto Fernández,2014,13,Mediocampista,0,0,0,7,0,0.0,0,0,0,0,0,2
5251,Enzo Fernandez,2022,24,Mediocampista,7,5,0,0,1,0.14,1,0,4,2,1,1
5253,Manuel Ferreira,1930,-,Delantero,4,4,4,1,0,0.0,0,0,3,0,1,2
5254,Oscar Ferreiro,1966,8,Defensor,4,4,0,0,0,0.0,0,0,2,1,1,5
5255,Ubaldo Fillol,1974,12,Arquero,1,1,0,5,0,0.0,0,0,0,1,0,8
5255,Ubaldo Fillol,1978,5,Arquero,7,7,0,0,0,0.0,0,0,5,1,1,1
5255,Ubaldo Fillol,1982,7,Arquero,5,5,0,0,0,0.0,0,0,2,0,3,11
5256,Juan Foyth,2022,2,Defensor,1,0,0,6,0,0.0,0,0,1,0,0,1
5258,Hector Freschi,1934,-,Arquero,1,1,0,0,0,0.0,0,0,0,0,1,9
5259,Fernando Gago,2014,5,Mediocampista,6,3,0,1,0,0.0,0,0,5,0,1,2
5260,Alberto Galateo,1934,-,Delantero,1,1,0,0,1,1.0,0,0,0,0,1,9
5261,Marcelo Gallardo,1998,20,Mediocampista,3,1,0,2,0,0.0,0,0,2,1,0,6
5261,Marcelo Gallardo,2002,20,Mediocampista,0,0,0,3,0,0.0,0,0,0,0,0,18
5262,Americo Gallego,1978,6,Mediocampista,7,7,0,0,0,0.0,1,0,5,1,1,1
5262,Americo Gallego,1982,9,Mediocampista,4,4,0,1,0,0.0,1,1,2,0,2,11
5263,Luis Galvan,1978,7,Defensor,7,7,0,0,0,0.0,0,0,5,1,1,1
5263,Luis Galvan,1982,8,Defensor,5,5,0,0,0,0.0,0,0,2,0,3,11
5264,Ruben Galvan,1978,8,Defensor,0,0,0,7,0,0.0,0,0,0,0,0,1
5265,Ezequiel Garay,2014,2,Defensor,7,7,0,0,0,0.0,1,0,5,1,1,2
5266,Ariel Garce,2010,12,Defensor,0,0,0,5,0,0.0,0,0,0,0,0,5
5267,Oscar Garre,1986,13,Defensor,4,4,0,3,0,0.0,2,0,3,1,0,1
5268,Hugo Gatti,1966,3,Arquero,0,0,0,4,0,0.0,0,0,0,0,0,5
5269,Ricardo Giusti,1986,14,Mediocampista,7,7,0,0,0,0.0,1,0,6,1,0,1
5269,Ricardo Giusti,1990,14,Mediocampista,4,3,0,3,0,0.0,1,1,1,3,0,2
5270,Ruben Glaria,1974,9,Defensor,3,1,0,3,0,0.0,0,0,0,1,2,8
5271,Alejandro Gomez,2022,17,Mediocampista,2,2,0,5,0,0.0,0,0,1,0,1,1
5272,Alberto Gonzalez,1950,-,Defensor,2,2,0,0,0,0.0,0,0,0,1,1,11
5272,Alberto Gonzalez,1962,22,Delantero,1,1,0,2,0,0.0,0,0,0,1,0,10
5272,Alberto Gonzalez,1966,16,Delantero,4,4,0,0,0,0.0,0,0,2,1,1,5
5273,Cristian Gonzalez,2002,18,Delantero,3,1,0,0,0,0.0,1,0,1,1,1,18
5274,Luis Gonzalez,2006,22,Mediocampista,3,2,0,2,0,0.0,1,0,2,1,0,6
5275,Sergio Goycochea,1990,12,Arquero,6,5,0,1,0,0.0,1,0,2,3,1,2
5275,Sergio Goycochea,1994,1,Arquero,0,0,0,4,0,0.0,0,0,0,0,0,10
5276,Angel Grippa,1934,-,Arquero,0,0,0,1,0,0.0,0,0,0,0,0,9
5277,Jonas Gutierrez,2010,17,Mediocampista,3,2,0,2,0,0.0,2,0,3,0,0,5
5278,Nahuel Guzmán,2018,1,Arquero,0,0,0,4,0,0.0,0,0,0,0,0,16
5279,Gabriel Heinze,2006,6,Defensor,4,4,0,1,0,0.0,2,0,3,1,0,6
5279,Gabriel Heinze,2010,6,Defensor,4,4,0,1,1,0.25,1,0,3,0,1,5
5280,Ramon Heredia,1974,10,Defensor,6,6,0,0,1,0.17,1,0,1,2,3,8
5281,Patricio Hernandez,1982,12,Mediocampista,0,0,0,5,0,0.0,0,0,0,0,0,11
5282,Gonzalo Higuain,2010,9,Delantero,4,4,0,1,4,1.0,0,0,3,0,1,5
5282,Gonzalo Higuain,2014,9,Delantero,7,6,0,0,1,0.14,0,0,5,1,1,2
5282,Gonzalo Higuain,2018,9,Delantero,3,1,0,1,0,0.0,0,0,1,1,1,16
5283,Rene Houseman,1974,11,Delantero,6,4,0,0,3,0.5,1,0,1,2,3,8
5283,Rene Houseman,1978,9,Mediocampista,6,3,0,1,1,0.17,0,0,5,0,1,1
5284,Claudio Husain,2002,15,Mediocampista,0,0,0,3,0,0.0,0,0,0,0,0,18
5285,Ricardo Infante,1958,20,Delantero,0,0,0,3,0,0.0,0,0,0,0,0,13
5286,Roberto Iraneta,1934,-,Delantero,1,1,0,0,0,0.0,0,0,0,0,1,9
5287,Rolando Irusta,1966,2,Arquero,0,0,0,4,0,0.0,0,0,0,0,0,5
5288,Luis Islas,1986,15,Arquero,0,0,0,7,0,0.0,0,0,0,0,0,1
5288,Luis Islas,1994,12,Arquero,4,4,0,0,0,0.0,0,0,2,0,2,10
5289,Luca Izzeta,1934,-,Delantero,0,0,0,1,0,0.0,0,0,0,0,0,9
5290,Mario Kempes,1974,13,Delantero,6,5,0,0,0,0.0,0,0,1,2,3,8
5290,Mario Kempes,1978,10,Delantero,7,7,0,0,6,0.86,0,0,5,1,1,1
5290,Mario Kempes,1982,11,Delantero,5,5,0,0,0,0.0,1,0,2,0,3,11
5291,Daniel Killer,1978,11,Defensor,0,0,0,7,0,0.0,0,0,0,0,0,1
5292,Ricardo La Volpe,1978,13,Arquero,0,0,0,7,0,0.0,0,0,0,0,0,1
5293,Angel Labruna,1958,11,Delantero,2,2,0,1,0,0.0,0,0,1,0,1,13
5294,Omar Larrosa,1978,12,Mediocampista,2,1,0,5,0,0.0,1,0,2,0,0,1
5295,Ezequiel Lavezzi,2014,22,Delantero,6,4,0,1,0,0.0,0,0,4,1,1,2
5296,Giovani Lo Celso,2018,20,Mediocampista,0,0,0,4,0,0.0,0,0,0,0,0,16
5297,Francisco Lombardo,1958,4,Defensor,3,3,0,0,0,0.0,0,0,1,0,2,13
5298,Arcadio Lopez,1934,-,Mediocampista,1,1,0,0,0,0.0,0,0,0,0,1,9
5299,Claudio Lopez,1998,7,Delantero,5,4,0,0,1,0.2,0,0,3,1,1,6
5299,Claudio Lopez,2002,7,Delantero,3,2,0,0,0,0.0,0,0,1,1,1,18
5300,Gustavo Lopez,2002,17,Delantero,0,0,0,3,0,0.0,0,0,0,0,0,18
5301,Nelson Lopez,1966,13,Defensor,0,0,0,4,0,0.0,0,0,0,0,0,5
5302,Alfonso Lorenzo,1934,-,Mediocampista,0,0,0,1,0,0.0,0,0,0,0,0,9
5303,Nestor Lorenzo,1990,13,Defensor,3,2,0,4,0,0.0,0,0,1,0,2,2
5304,Leopoldo Luque,1978,14,Delantero,5,5,0,2,4,0.8,0,0,4,1,0,1
5305,Alexis Mac Allister,2022,20,Mediocampista,6,6,0,1,1,0.17,0,0,4,2,0,1
5306,Alejandro Mancuso,1994,21,Mediocampista,2,0,0,2,0,0.0,0,0,2,0,0,10
5307,Diego Maradona,1982,10,Mediocampista,5,5,0,0,2,0.4,1,1,2,0,3,11
5307,Diego Maradona,1986,10,Mediocampista,7,7,7,0,5,0.71,1,0,6,1,0,1
5307,Diego Maradona,1990,10,Mediocampista,7,7,7,0,0,0.0,2,0,2,3,2,2
5307,Diego Maradona,1994,10,Mediocampista,2,2,2,2,1,0.5,0,0,2,0,0,10
5308,Alberto Mariotti,1962,14,Defensor,0,0,0,3,0,0.0,0,0,0,0,0,10
5309,Emiliano Martinez,2022,23,Arquero,7,7,0,0,0,0.0,1,0,4,2,1,1
5312,Silvio Marzolini,1962,3,Defensor,3,3,0,0,0,0.0,0,0,1,1,1,10
5312,Silvio Marzolini,1966,7,Defensor,4,4,0,0,0,0.0,0,0,2,1,1,5
5313,Oscar Mas,1966,21,Delantero,4,4,0,0,0,0.0,0,0,2,1,1,5
5314,Javier Mascherano,2006,8,Mediocampista,5,5,0,0,0,0.0,2,0,3,2,0,6
5314,Javier Mascherano,2010,14,Mediocampista,4,4,4,1,0,0.0,2,0,3,0,1,5
5314,Javier Mascherano,2014,14,Mediocampista,7,7,0,0,0,0.0,1,0,5,1,1,2
5314,Javier Mascherano,2018,14,Mediocampista,4,4,0,0,0,0.0,2,0,1,1,2,16
5315,Ramon Medina Bello,1994,11,Delantero,2,0,0,2,0,0.0,0,0,0,0,2,10
5316,Norberto Menendez,1958,9,Delantero,3,3,0,0,1,0.33,0,0,1,0,2,13
5317,Gabriel Mercado,2018,2,Defensor,3,3,0,1,1,0.33,1,0,1,0,2,16
5318,Lionel Messi,2006,19,Delantero,3,1,0,2,1,0.33,0,0,2,1,0,6
5318,Lionel Messi,2010,10,Delantero,5,5,1,0,0,0.0,0,0,4,0,1,5
5318,Lionel Messi,2014,10,Delantero,7,7,7,0,4,0.57,0,0,5,1,1,2
5318,Lionel Messi,2018,10,Delantero,4,4,4,0,1,0.25,1,0,1,1,2,16
5318,Lionel Messi,2022,10,Delantero,7,7,7,0,7,1.0,1,0,4,2,1,1
5319,Maximiliano Meza,2018,13,Mediocampista,4,2,0,0,0,0.0,0,0,1,1,2,16
5320,Diego Milito,2010,19,Delantero,2,1,0,3,0,0.0,0,0,2,0,0,5
5321,Gabriel Milito,2006,15,Defensor,1,1,0,4,0,0.0,0,0,0,1,0,6
5322,Nahuel Molina,2022,26,Defensor,7,6,0,0,1,0.14,0,0,4,2,1,1
5324,Gonzalo Montiel,2022,4,Defensor,4,1,0,3,0,0.0,3,0,2,2,0,1
5325,Pedro Monzon,1990,15,Defensor,4,3,0,3,1,0.25,2,1,2,1,1,2
5326,Eliseo Mourino,1958,16,Mediocampista,0,0,0,3,0,0.0,0,0,0,0,0,13
5327,Julio Mussimesi,1958,12,Arquero,0,0,0,3,0,0.0,0,0,0,0,0,13
5328,Ramon Muttis,1930,-,Defensor,1,1,0,4,0,0.0,0,0,1,0,0,2
5329,Ruben Navarro,1962,15,Defensor,2,2,2,1,0,0.0,0,0,1,0,1,10
5330,Jose Nehin,1934,-,Mediocampista,1,1,0,0,0,0.0,0,0,0,0,1,9
5331,Julio Olarticoechea,1982,13,Defensor,0,0,0,5,0,0.0,0,0,0,0,0,11
5331,Julio Olarticoechea,1986,16,Defensor,7,3,0,0,0,0.0,1,0,6,1,0,1
5331,Julio Olarticoechea,1990,16,Mediocampista,5,5,0,2,0,0.0,2,0,2,3,0,2
5332,Juan Oleniak,1962,20,Delantero,2,2,0,1,0,0.0,0,0,0,1,1,10
5333,Jorge Olguin,1978,15,Defensor,7,7,0,0,0,0.0,0,0,5,1,1,1
5333,Jorge Olguin,1982,14,Defensor,5,5,0,0,0,0.0,1,0,2,0,3,11
5334,Ermindo Onega,1966,20,Delantero,4,4,0,0,1,0.25,0,0,2,1,1,5
5335,Agustin Orion,2014,12,Arquero,0,0,0,7,0,0.0,0,0,0,0,0,2
5336,Rodolfo Orlandini,1930,-,Defensor,3,3,0,2,0,0.0,0,0,3,0,0,2
5337,Ariel Ortega,1994,17,Delantero,3,1,0,1,0,0.0,0,0,1,0,2,10
5337,Ariel Ortega,1998,10,Delantero,5,5,0,0,2,0.4,2,1,3,1,1,6
5337,Ariel Ortega,2002,10,Mediocampista,3,3,0,0,0,0.0,0,0,1,1,1,18
5338,Oscar Ortiz,1978,16,Delantero,6,4,0,1,0,0.0,0,0,4,1,1,1
5339,Nicolas Otamendi,2010,15,Defensor,3,3,0,2,0,0.0,1,0,2,0,1,5
5339,Nicolas Otamendi,2018,17,Defensor,4,4,0,0,0,0.0,2,0,1,1,2,16
5339,Nicolas Otamendi,2022,19,Defensor,7,7,0,0,0,0.0,2,0,4,2,1,1
5340,Miguel Oviedo,1978,17,Mediocampista,1,0,0,6,0,0.0,0,0,1,0,0,1
5341,Raul Paez,1962,6,Defensor,2,2,0,1,0,0.0,0,0,1,0,1,10
5342,Marcelo Pagani,1962,9,Delantero,2,2,0,1,0,0.0,0,0,1,1,0,10
5343,Ruben Pagnanini,1978,18,Defensor,0,0,0,7,0,0.0,0,0,0,0,0,1
5344,Rodrigo Palacio,2006,14,Delantero,1,0,0,4,0,0.0,0,0,1,0,0,6
5344,Rodrigo Palacio,2014,18,Delantero,5,0,0,2,0,0.0,0,0,3,1,1,2
5345,Exequiel Palacios,2022,14,Mediocampista,3,0,0,4,0,0.0,0,0,3,0,0,1
5346,Martin Palermo,2010,18,Delantero,1,0,0,4,1,1.0,0,0,1,0,0,5
5347,Martin Pando,1962,8,Delantero,1,1,1,2,0,0.0,0,0,0,1,0,10
5348,Leandro Paredes,2022,5,Mediocampista,5,2,0,2,0,0.0,2,0,2,2,1,1
5349,Pedro Pasculli,1986,17,Delantero,2,2,0,5,1,0.5,0,0,2,0,0,1
5350,Daniel Passarella,1978,19,Defensor,7,7,7,0,1,0.14,1,0,5,1,1,1
5350,Daniel Passarella,1982,15,Defensor,5,5,5,0,2,0.4,1,0,2,0,3,11
5350,Daniel Passarella,1986,6,Defensor,0,0,0,7,0,0.0,0,0,0,0,0,1
5351,Javier Pastore,2010,23,Mediocampista,3,0,0,2,0,0.0,0,0,2,0,1,5
5352,Jose Pastoriza,1966,11,Mediocampista,0,0,0,4,0,0.0,0,0,0,0,0,5
5353,Fernando Paternoster,1930,-,Defensor,4,4,0,1,0,0.0,0,0,3,0,1,2
5354,Cristian Pavón,2018,22,Mediocampista,4,1,0,0,0,0.0,0,0,1,1,2,16
5355,Pablo Paz,1998,13,Defensor,1,1,0,4,0,0.0,0,0,1,0,0,6
5356,Juan Pedevilla,1934,-,Defensor,1,1,0,0,0,0.0,0,0,0,0,1,9
5357,Alfredo Perez,1958,13,Mediocampista,0,0,0,3,0,0.0,0,0,0,0,0,13
5358,Enzo Pérez,2014,8,Mediocampista,3,2,0,4,0,0.0,0,0,1,1,1,2
5358,Enzo Pérez,2018,15,Mediocampista,3,3,0,1,0,0.0,0,0,1,0,2,16
5360,Vincente Perez,1934,-,Delantero,0,0,0,1,0,0.0,0,0,0,0,0,9
5361,Roberto Perfumo,1966,4,Defensor,4,4,0,0,0,0.0,0,0,2,1,1,5
5361,Roberto Perfumo,1974,14,Defensor,4,4,4,2,0,0.0,2,0,1,1,2,8
5362,Natalio Perinetti,1930,-,Delantero,1,1,0,4,0,0.0,0,0,1,0,0,2
5363,Carlos Peucelle,1930,-,Delantero,4,4,0,1,3,0.75,0,0,3,0,1,2
5364,German Pezzella,2022,6,Defensor,3,0,0,4,0,0.0,1,0,1,2,0,1
5365,Edmundo Piaggio,1930,-,Mediocampista,0,0,0,5,0,0.0,0,0,0,0,0,2
5366,Mauricio Pineda,1998,4,Defensor,3,1,0,2,1,0.33,0,0,2,0,1,6
5367,Diego Placente,2002,13,Defensor,2,2,0,1,0,0.0,0,0,1,0,1,18
5368,Mauricio Pochettino,2002,4,Defensor,3,3,0,0,0,0.0,0,0,1,1,1,18
5369,Aldo Poy,1974,15,Delantero,0,0,0,6,0,0.0,0,0,0,0,0,8
5370,Diego Pozo,2010,1,Arquero,0,0,0,5,0,0.0,0,0,0,0,0,5
5371,Eliseo Prado,1958,8,Delantero,1,1,0,2,0,0.0,0,0,0,0,1,13
5372,Nery Pumpido,1982,16,Arquero,0,0,0,5,0,0.0,0,0,0,0,0,11
5372,Nery Pumpido,1986,18,Arquero,7,7,0,0,0,0.0,2,0,6,1,0,1
5372,Nery Pumpido,1990,1,Arquero,2,2,0,5,0,0.0,0,0,1,0,1,2
5373,Jose Manuel Ramos Delgado,1958,17,Defensor,0,0,0,3,0,0.0,0,0,0,0,0,13
5373,Jose Manuel Ramos Delgado,1962,2,Defensor,1,1,0,2,0,0.0,0,0,0,1,0,10
5374,Antonio Rattin,1962,16,Mediocampista,1,1,0,2,0,0.0,0,0,0,0,1,10
5374,Antonio Rattin,1966,10,Mediocampista,4,4,4,0,0,0.0,1,1,2,1,1,5
5375,Fernando Redondo,1994,5,Mediocampista,4,4,0,0,0,0.0,1,0,2,0,2,10
5376,Juan Román Riquelme,2006,10,Mediocampista,5,5,0,0,0,0.0,0,0,3,2,0,6
5377,Carlos Roa,1998,1,Arquero,5,5,0,0,0,0.0,1,0,3,1,1,6
5378,Clemente Rodriguez,2010,3,Defensor,1,1,0,4,0,0.0,0,0,1,0,0,5
5379,Guido Rodriguez,2022,18,Mediocampista,1,1,0,6,0,0.0,0,0,1,0,0,1
5380,Leonardo Rodriguez,1994,20,Mediocampista,1,1,0,3,0,0.0,1,0,0,0,1,10
5381,Maxi Rodriguez,2006,18,Mediocampista,5,5,0,0,3,0.6,1,0,3,2,0,6
5381,Maxi Rodriguez,2010,20,Mediocampista,5,4,0,0,0,0.0,0,0,4,0,1,5
5381,Maxi Rodriguez,2014,11,Mediocampista,2,1,0,5,0,0.0,0,0,1,1,0,2
5382,Alfredo Rojas,1958,10,Delantero,1,1,0,2,0,0.0,0,0,0,0,1,13
5382,Alfredo Rojas,1966,18,Delantero,0,0,0,4,0,0.0,0,0,0,0,0,5
5383,Marcos Rojo,2014,16,Defensor,6,6,0,1,1,0.17,2,0,4,1,1,2
5383,Marcos Rojo,2018,16,Defensor,3,3,0,1,1,0.33,1,0,1,1,1,16
5384,Antonio Roma,1962,1,Arquero,2,2,0,1,0,0.0,0,0,1,0,1,10
5384,Antonio Roma,1966,1,Arquero,4,4,0,0,0,0.0,0,0,2,1,1,5
5385,Cristian Romero,2022,13,Defensor,7,6,0,0,0,0.0,2,0,4,2,1,1
5386,Sergio Romero,2010,22,Arquero,5,5,0,0,0,0.0,0,0,4,0,1,5
5386,Sergio Romero,2014,1,Arquero,7,7,0,0,0,0.0,0,0,5,1,1,2
5387,Nestor Rossi,1958,5,Mediocampista,3,3,0,0,0,0.0,0,0,1,0,2,13
5388,Oscar Rossi,1962,13,Mediocampista,1,1,0,2,0,0.0,0,0,1,0,0,10
5389,Francisco Rua,1934,-,Delantero,1,1,0,0,0,0.0,0,0,0,0,1,9
5390,Oscar Ruggeri,1986,19,Defensor,7,7,0,0,1,0.14,0,0,6,1,0,1
5390,Oscar Ruggeri,1990,19,Defensor,5,5,0,2,0,0.0,1,0,1,2,2,2
5390,Oscar Ruggeri,1994,6,Defensor,4,4,2,0,0,0.0,2,0,2,0,2,10
5391,Geronimo Rulli,2022,12,Arquero,0,0,0,7,0,0.0,0,0,0,0,0,1
5392,Francisco Sa,1974,16,Defensor,5,5,0,1,0,0.0,0,0,1,1,3,8
5393,Federico Sacchi,1962,5,Mediocampista,3,3,0,0,0,0.0,0,0,1,1,1,10
5394,Alberto Sainz,1962,4,Defensor,2,2,0,1,0,0.0,0,0,1,1,0,10
5395,Eduardo Salvio,2018,18,Defensor,2,2,0,2,0,0.0,0,0,0,1,1,16
5396,Walter Samuel,2002,6,Defensor,3,3,0,0,0,0.0,1,0,1,1,1,18
5396,Walter Samuel,2010,13,Defensor,2,2,0,3,0,0.0,0,0,2,0,0,5
5397,Jose Sanfilippo,1958,21,Delantero,0,0,0,3,0,0.0,0,0,0,0,0,13
5397,Jose Sanfilippo,1962,10,Delantero,2,2,0,1,1,0.5,0,0,1,0,1,10
5398,Santiago Santamaria,1982,17,Delantero,2,0,0,3,0,0.0,0,0,1,0,1,11
5399,Miguel Santoro,1974,21,Arquero,0,0,0,6,0,0.0,0,0,0,0,0,8
5400,Juan Sarnari,1966,17,Mediocampista,0,0,0,4,0,0.0,0,0,0,0,0,5
5401,Javier Saviola,2006,7,Delantero,3,3,0,2,1,0.33,1,0,3,0,0,6
5402,Lionel Scaloni,2006,13,Defensor,1,1,0,4,0,0.0,0,0,1,0,0,6
5403,Alejandro Scopelli,1930,-,Delantero,1,1,0,4,1,1.0,0,0,1,0,0,2
5404,Norberto Scoponi,1994,22,Arquero,0,0,0,4,0,0.0,0,0,0,0,0,10
5405,Roberto Sensini,1990,17,Defensor,2,2,0,5,0,0.0,1,0,0,0,2,2
5405,Roberto Sensini,1994,4,Defensor,3,3,0,1,0,0.0,0,0,2,0,1,10
5405,Roberto Sensini,1998,6,Defensor,3,3,0,2,0,0.0,1,0,2,0,1,6
5406,Jose Serrizuela,1990,18,Defensor,5,5,0,2,0,0.0,3,0,1,3,1,2
5407,Carmelo Simeone,1966,9,Mediocampista,0,0,0,4,0,0.0,0,0,0,0,0,5
5408,Diego Simeone,1994,14,Mediocampista,4,4,0,0,0,0.0,0,0,2,0,2,10
5408,Diego Simeone,1998,8,Mediocampista,5,4,4,0,0,0.0,1,0,3,1,1,6
5408,Diego Simeone,2002,14,Mediocampista,2,2,0,1,0,0.0,1,0,1,0,1,18
5409,Juan Simon,1990,20,Defensor,7,7,0,0,0,0.0,1,0,2,3,2,2
5410,Jorge Solari,1966,15,Delantero,4,4,0,0,0,0.0,1,0,2,1,1,5
5411,Juan Sorin,2002,3,Mediocampista,3,3,0,0,0,0.0,0,0,1,1,1,18
5411,Juan Sorin,2006,3,Defensor,4,4,4,1,0,0.0,2,0,3,1,0,6
5413,Carlos Spadaro,1930,-,Delantero,1,1,0,4,0,0.0,0,0,1,0,0,2
5414,Carlos Squeo,1974,17,Defensor,2,2,0,4,0,0.0,0,0,0,0,2,8
5415,Guillermo Stabile,1930,-,Delantero,4,4,0,1,8,2.0,0,0,3,0,1,2
5416,Pedro Suarez,1930,-,Mediocampista,2,2,0,3,0,0.0,0,0,1,0,1,2
5417,Nicolas Tagliafico,2018,3,Defensor,4,4,0,0,0,0.0,1,0,1,1,2,16
5417,Nicolas Tagliafico,2022,3,Defensor,6,3,0,1,0,0.0,0,0,3,2,1,1
5418,Carlos Tapia,1986,20,Mediocampista,2,0,0,5,0,0.0,0,0,2,0,0,1
5419,Anibal Tarabini,1966,22,Delantero,0,0,0,4,0,0.0,0,0,0,0,0,5
5420,Alberto Tarantini,1978,20,Defensor,7,7,0,0,1,0.14,0,0,5,1,1,1
5420,Alberto Tarantini,1982,18,Defensor,5,5,0,0,0,0.0,0,0,2,0,3,11
5421,Roberto Telch,1974,18,Mediocampista,5,4,0,1,0,0.0,0,0,1,2,2,8
5422,Carlos Tevez,2006,11,Delantero,4,2,0,1,1,0.25,0,0,2,2,0,6
5422,Carlos Tevez,2010,11,Delantero,4,4,0,1,2,0.5,0,0,3,0,1,5
5423,Nestor Togneri,1974,19,Defensor,0,0,0,6,0,0.0,0,0,0,0,0,8
5424,Marcelo Trobbiani,1986,21,Mediocampista,1,0,0,6,0,0.0,0,0,1,0,0,1
5425,Pedro Troglio,1990,21,Mediocampista,6,4,0,1,1,0.17,2,0,2,3,1,2
5426,Enzo Trossero,1982,19,Defensor,0,0,0,5,0,0.0,0,0,0,0,0,11
5427,Costantino Urbieta Sosa,1934,-,Mediocampista,1,1,0,0,0,0.0,0,0,0,0,1,9
5428,Oscar Ustari,2006,23,Arquero,0,0,0,5,0,0.0,0,0,0,0,0,6
5429,Federico Vairo,1958,3,Defensor,3,3,0,0,0,0.0,0,0,1,0,2,13
5430,Jorge Valdano,1982,20,Delantero,2,1,0,3,0,0.0,0,0,1,0,1,11
5430,Jorge Valdano,1986,11,Delantero,7,7,0,0,4,0.57,1,0,6,1,0,1
5431,Jose Valencia,1978,21,Mediocampista,4,4,0,3,0,0.0,0,0,3,0,1,1
5431,Jose Valencia,1982,21,Delantero,1,0,0,4,0,0.0,0,0,0,0,1,11
5432,Jose Van Tuyne,1982,22,Defensor,0,0,0,5,0,0.0,0,0,0,0,0,11
5433,Jose Varacka,1958,6,Mediocampista,3,3,0,0,0,0.0,0,0,1,0,2,13
5433,Jose Varacka,1966,5,Mediocampista,0,0,0,4,0,0.0,0,0,0,0,0,5
5434,Francisco Varallo,1930,-,Delantero,4,4,0,1,1,0.25,0,0,3,0,1,2
5435,Sergio Vazquez,1994,2,Defensor,0,0,0,4,0,0.0,0,0,0,0,0,10
5436,Juan Veron,1998,11,Mediocampista,5,5,0,0,0,0.0,1,0,3,1,1,6
5436,Juan Veron,2002,11,Mediocampista,3,2,2,0,0,0.0,0,0,1,1,1,18
5437,Ricardo Villa,1978,22,Mediocampista,2,0,0,5,0,0.0,1,0,1,1,0,1
5438,Nelson Vivas,1998,14,Defensor,4,3,0,1,0,0.0,1,0,3,1,0,6
5439,Federico Wilde,1934,-,Delantero,1,1,0,0,0,0.0,0,0,0,0,1,9
5440,Enrique Wolff,1974,20,Defensor,5,5,1,1,0,0.0,0,0,1,2,2,8
5441,Hector Yazalde,1974,22,Delantero,3,3,0,3,2,0.67,0,0,1,1,1,8
5442,Pablo Zabaleta,2014,4,Defensor,7,7,0,0,0,0.0,0,0,5,1,1,2
5443,Javier Zanetti,1998,22,Defensor,5,5,0,0,1,0.2,0,0,3,1,1,6
5444,Hector Zelada,1986,22,Arquero,0,0,0,7,0,0.0,0,0,0,0,0,1
5445,Adolfo Zumelzu,1930,-,Defensor,1,1,0,4,2,2.0,0,0,1,0,0,2
5446,Berman Ahmet,1954,19,Defensor,0,0,0,3,0,0.0,0,0,0,0,0,11
5447,Kacmaz Akgun,1954,18,Defensor,0,0,0,3,0,0.0,0,0,0,0,0,11
5448,Fatih Akyel,2002,4,Defensor,7,7,0,0,0,0.0,1,0,4,1,2,3
5449,Beratligil Ali,1954,14,Defensor,0,0,0,3,0,0.0,0,0,0,0,0,11
5450,Emre Asik,2002,2,Defensor,2,2,0,5,0,0.0,2,0,1,1,0,3
5451,Dirimlili Basri,1954,3,Defensor,3,3,0,0,0,0.0,0,0,1,0,2,11
5452,Yildiray Basturk,2002,10,Mediocampista,7,7,0,0,0,0.0,0,0,4,1,2,3
5453,Emre Belozoglu,2002,21,Mediocampista,6,6,0,1,1,0.17,3,0,3,1,2,3
5454,Eken Bulent,1954,13,Defensor,0,0,0,3,0,0.0,0,0,0,0,0,11
5455,Sargun Burhan,1954,10,Delantero,2,2,0,1,3,1.5,0,0,1,0,1,11
5456,Okan Buruk,2002,7,Mediocampista,1,0,0,6,0,0.0,0,0,1,0,0,3
5457,Omer Catkic,2002,12,Arquero,1,0,0,6,0,0.0,0,0,1,0,0,3
5458,Zeybek Cetin,1954,5,Mediocampista,3,3,0,0,0,0.0,0,0,1,0,2,11
5459,Tas Coskun,1954,22,Delantero,1,1,0,2,0,0.0,0,0,0,0,1,11
5460,Umit Davala,2002,22,Mediocampista,7,6,0,0,2,0.29,0,0,4,1,2,3
5461,Abdullah Ercan,2002,19,Mediocampista,0,0,0,7,0,0.0,0,0,0,0,0,3
5462,Arif Erdem,2002,6,Delantero,4,0,0,3,0,0.0,0,0,1,1,2,3
5463,Mustafa Erton,1954,4,Defensor,3,3,0,0,1,0.33,0,0,1,0,2,11
5464,Ismail Feridun,1954,9,Delantero,2,2,0,1,0,0.0,0,0,1,0,1,11
5465,Tayfur Havutcu,2002,14,Mediocampista,3,0,0,4,0,0.0,0,0,3,0,0,3
5466,Muzzy Izzet,2002,13,Mediocampista,1,0,0,6,0,0.0,0,0,0,0,1,3
5467,Aytac Kadri,1954,21,Delantero,0,0,0,3,0,0.0,0,0,0,0,0,11
5468,Nihat Kahveci,2002,15,Delantero,2,0,0,5,0,0.0,0,0,1,1,0,3
5469,Tugay Kerimoglu,2002,8,Mediocampista,7,7,0,0,0,0.0,3,0,4,1,2,3
5470,Erol Keskin,1954,7,Delantero,3,3,0,0,1,0.33,0,0,1,0,2,11
5471,Bulent Korkmaz,2002,3,Defensor,6,6,0,1,1,0.17,0,0,4,0,2,3
5472,Lefter Kucukandonyadis,1954,11,Delantero,3,3,1,0,2,0.67,0,0,1,0,2,11
5473,Ilhan Mansiz,2002,17,Delantero,7,1,0,0,3,0.43,1,0,4,1,2,3
5474,Dincer Mehmet,1954,15,Mediocampista,0,0,0,3,0,0.0,0,0,0,0,0,11
5475,Erdem Naci,1954,17,Defensor,1,1,0,2,0,0.0,0,0,0,0,1,11
5476,Gunar Nedim,1954,16,Defensor,0,0,0,3,0,0.0,0,0,0,0,0,11
5477,Onarici Nemci,1954,20,Delantero,1,1,0,2,0,0.0,0,0,0,0,1,11
5478,Alpay Ozalan,2002,5,Defensor,5,5,0,2,0,0.0,2,1,3,0,2,3
5479,Umit Ozat,2002,16,Defensor,2,2,0,5,0,0.0,0,0,0,1,1,3
5480,Zafer Ozgultekin,2002,23,Arquero,0,0,0,7,0,0.0,0,0,0,0,0,3
5481,Ergun Penbe,2002,18,Mediocampista,5,5,0,2,0,0.0,1,0,3,1,1,3
5482,Rustu Recber,2002,1,Arquero,7,7,0,0,0,0.0,1,0,4,1,2,3
5483,Bolatli Ridvan,1954,2,Defensor,3,3,0,0,0,0.0,0,0,1,0,2,11
5484,Izak Rober,1954,6,Mediocampista,3,3,0,0,0,0.0,0,0,1,0,2,11
5485,Hasan Sas,2002,11,Delantero,6,6,0,1,2,0.33,2,0,3,1,2,3
5486,Mamat Suat,1954,8,Delantero,2,2,0,1,3,1.5,0,0,1,0,1,11
5487,Ersoy Sukru,1954,12,Arquero,1,1,0,2,0,0.0,0,0,0,0,1,11
5488,Hakan Sukur,2002,9,Delantero,7,7,7,0,1,0.14,1,0,4,1,2,3
5489,Seren Turgay,1954,1,Arquero,2,2,2,1,0,0.0,0,0,1,0,1,11
5490,Hakan Unsal,2002,20,Defensor,4,3,0,3,0,0.0,0,1,3,0,1,3
5491,Qi An,2002,1,Arquero,0,0,0,3,0,0.0,0,0,0,0,0,31
5492,Wei Du,2002,17,Defensor,2,2,0,1,0,0.0,0,0,0,0,2,31
5493,Zhiyi Fan,2002,5,Defensor,1,1,0,2,0,0.0,0,0,0,0,1,31
5494,Yao Gao,2002,13,Mediocampista,0,0,0,3,0,0.0,0,0,0,0,0,31
5495,Haidong Hao,2002,10,Delantero,3,3,0,0,0,0.0,0,0,0,0,3,31
5496,Jin Jiang,2002,22,Arquero,3,3,1,0,0,0.0,0,0,0,0,3,31
5497,Tie Li,2002,8,Mediocampista,3,3,0,0,0,0.0,1,0,0,0,3,31
5498,Weifeng Li,2002,14,Defensor,3,3,0,0,0,0.0,1,0,0,0,3,31
5499,Xiaopeng Li,2002,18,Mediocampista,3,3,0,0,0,0.0,1,0,0,0,3,31
5500,Mingyu Ma,2002,9,Mediocampista,2,2,2,1,0,0.0,0,0,0,0,2,31
5501,Chuliang Ou,2002,23,Arquero,0,0,0,3,0,0.0,0,0,0,0,0,31
5502,Hong Qi,2002,19,Mediocampista,1,1,0,2,0,0.0,0,0,0,0,1,31
5503,Bo Qu,2002,16,Delantero,3,0,0,0,0,0.0,0,0,0,0,3,31
5504,Jiayi Shao,2002,6,Mediocampista,2,0,0,1,0,0.0,0,1,0,0,2,31
5505,Maozhen Su,2002,12,Delantero,1,0,0,2,0,0.0,0,0,0,0,1,31
5506,Jihai Sun,2002,7,Defensor,1,1,0,2,0,0.0,0,0,0,0,1,31
5507,Chengying Wu,2002,4,Defensor,3,3,0,0,0,0.0,0,0,0,0,3,31
5508,Yunlong Xu,2002,21,Defensor,3,3,0,0,0,0.0,1,0,0,0,3,31
5509,Chen Yang,2002,20,Delantero,2,2,0,1,0,0.0,0,0,0,0,2,31
5511,Genwei Yu,2002,11,Mediocampista,2,0,0,1,0,0.0,0,0,0,0,2,31
5512,Enhua Zhang,2002,2,Defensor,0,0,0,3,0,0.0,0,0,0,0,0,31
5513,Junzhe Zhao,2002,15,Mediocampista,2,2,0,1,0,0.0,0,0,0,0,2,31
5514,Ignazio Abate,2014,7,Defensor,1,1,0,2,0,0.0,0,0,0,0,1,22
5515,Christian Abbiati,2002,12,Arquero,0,0,0,4,0,0.0,0,0,0,0,0,15
5516,Demetrio Albertini,1994,11,Mediocampista,7,7,0,0,0,0.0,3,0,4,2,1,2
5516,Demetrio Albertini,1998,9,Mediocampista,4,3,0,1,0,0.0,0,0,2,2,0,5
5517,Enrico Albertosi,1962,13,Arquero,0,0,0,3,0,0.0,0,0,0,0,0,9
5517,Enrico Albertosi,1966,1,Arquero,3,3,0,0,0,0.0,0,0,1,0,2,9
5517,Enrico Albertosi,1970,1,Arquero,6,6,0,0,0,0.0,0,0,3,2,1,2
5517,Enrico Albertosi,1974,12,Arquero,0,0,0,3,0,0.0,0,0,0,0,0,10
5518,Luigi Allemandi,1934,-,Defensor,5,5,0,0,0,0.0,0,0,4,1,0,1
5519,Jose Altafini,1958,18,Delantero,3,3,0,3,2,0.67,0,0,2,1,0,1
5519,Jose Altafini,1962,9,Delantero,2,2,0,1,0,0.0,0,0,0,1,1,9
5520,Alessandro Altobelli,1982,18,Delantero,3,0,0,4,1,0.33,0,0,3,0,0,1
5520,Alessandro Altobelli,1986,18,Delantero,4,4,0,0,4,1.0,0,0,1,2,1,12
5521,Amedeo Amadei,1950,-,Delantero,1,1,0,1,0,0.0,0,0,1,0,0,7
5522,Marco Amelia,2006,14,Arquero,0,0,0,7,0,0.0,0,0,0,0,0,1
5523,Pietro Anastasi,1974,19,Delantero,3,2,0,0,1,0.33,0,0,1,1,1,10
5524,Carlo Ancelotti,1986,9,Mediocampista,0,0,0,4,0,0.0,0,0,0,0,0,12
5524,Carlo Ancelotti,1990,9,Mediocampista,3,2,0,4,0,0.0,0,0,3,0,0,3
5525,Michele Andreolo,1938,-,Mediocampista,4,4,0,0,0,0.0,0,0,4,0,0,1
5526,Carlo Annovazzi,1950,-,Mediocampista,1,1,0,1,0,0.0,0,0,0,0,1,7
5527,Giancarlo Antognoni,1978,9,Mediocampista,5,5,0,2,0,0.0,0,0,3,1,1,4
5527,Giancarlo Antognoni,1982,9,Mediocampista,6,6,0,1,0,0.0,1,0,3,3,0,1
5528,Roberto Anzolin,1966,2,Arquero,0,0,0,3,0,0.0,0,0,0,0,0,9
5529,Luigi Apolloni,1994,2,Defensor,3,1,0,4,0,0.0,1,0,1,2,0,2
5530,Alberto Aquilani,2014,14,Mediocampista,0,0,0,3,0,0.0,0,0,0,0,0,22
5531,Pietro Arcari,1934,-,Delantero,0,0,0,5,0,0.0,0,0,0,0,0,1
5532,Dino Baggio,1994,13,Mediocampista,7,6,0,0,2,0.29,1,0,4,2,1,2
5532,Dino Baggio,1998,11,Mediocampista,5,5,0,0,0,0.0,0,0,3,2,0,5
5533,Roberto Baggio,1990,15,Delantero,5,4,0,2,2,0.4,1,0,4,1,0,3
5533,Roberto Baggio,1994,10,Delantero,7,7,0,0,5,0.71,0,0,4,2,1,2
5533,Roberto Baggio,1998,18,Delantero,4,2,0,1,2,0.5,0,0,2,2,0,5
5534,Salvatore Bagni,1986,10,Mediocampista,4,4,0,0,0,0.0,1,0,1,2,1,12
5535,Mario Balotelli,2014,9,Delantero,3,3,0,0,1,0.33,2,0,1,0,2,22
5536,Franco Baresi,1982,2,Defensor,0,0,0,7,0,0.0,0,0,0,0,0,1
5536,Franco Baresi,1990,2,Defensor,7,7,0,0,0,0.0,0,0,6,1,0,3
5536,Franco Baresi,1994,6,Defensor,3,3,3,4,0,0.0,0,0,1,1,1,2
5537,Giuseppe Baresi,1986,11,Mediocampista,3,1,0,1,0,0.0,0,0,1,1,1,12
5538,Paolo Barison,1966,3,Delantero,2,2,0,1,1,0.5,0,0,1,0,1,9
5539,Simone Barone,2006,17,Mediocampista,2,0,0,5,0,0.0,0,0,2,0,0,1
5540,Andrea Barzagli,2006,6,Defensor,2,1,0,5,0,0.0,0,0,2,0,0,1
5540,Andrea Barzagli,2014,15,Defensor,3,3,0,0,0,0.0,0,0,1,0,2,22
5541,Mauro Bellugi,1974,14,Defensor,0,0,0,3,0,0.0,0,0,0,0,0,10
5541,Mauro Bellugi,1978,2,Defensor,5,5,0,2,0,0.0,0,0,4,1,0,4
5542,Antonio Benarrivo,1994,3,Defensor,6,6,0,1,0,0.0,0,0,4,2,0,2
5543,Romeo Benetti,1974,4,Mediocampista,3,3,0,0,1,0.33,1,0,1,1,1,10
5543,Romeo Benetti,1978,10,Mediocampista,6,6,0,1,1,0.17,2,0,4,1,1,4
5544,Giuseppe Bergomi,1982,3,Defensor,3,2,0,4,0,0.0,0,0,3,0,0,1
5544,Giuseppe Bergomi,1986,2,Defensor,3,3,0,1,0,0.0,2,0,0,2,1,12
5544,Giuseppe Bergomi,1990,3,Defensor,7,7,7,0,0,0.0,0,0,6,1,0,3
5544,Giuseppe Bergomi,1998,2,Defensor,3,2,0,2,0,0.0,1,0,2,1,0,5
5545,Nicola Berti,1990,10,Mediocampista,4,3,0,3,0,0.0,2,0,4,0,0,3
5545,Nicola Berti,1994,14,Mediocampista,7,5,0,0,0,0.0,0,0,4,2,1,2
5546,Mario Bertini,1970,10,Mediocampista,6,6,0,0,0,0.0,0,0,3,2,1,2
5547,Luigi Bertolini,1934,-,Mediocampista,4,4,0,1,0,0.0,0,0,4,0,0,1
5548,Sergio Bertoni,1938,-,Delantero,0,0,0,4,0,0.0,0,0,0,0,0,1
5549,Roberto Bettega,1978,18,Delantero,7,7,0,0,2,0.29,0,0,4,1,2,4
5550,Amedeo Biavati,1938,-,Delantero,3,3,0,1,0,0.0,0,0,3,0,0,1
5551,Ivano Blason,1950,-,Defensor,1,1,0,1,0,0.0,0,0,1,0,0,7
5552,Salvatore Bocchetti,2010,13,Defensor,0,0,0,3,0,0.0,0,0,0,0,0,26
5553,Roberto Boninsegna,1970,20,Delantero,6,6,0,0,2,0.33,1,0,3,2,1,2
5553,Roberto Boninsegna,1974,20,Delantero,1,0,0,2,0,0.0,1,0,0,0,1,10
5554,Giampiero Boniperti,1950,-,Delantero,1,1,0,1,0,0.0,0,0,0,0,1,7
5554,Giampiero Boniperti,1954,19,Delantero,1,1,1,2,1,1.0,0,0,0,0,1,10
5555,Leonardo Bonucci,2010,23,Defensor,0,0,0,3,0,0.0,0,0,0,0,0,26
5555,Leonardo Bonucci,2014,19,Defensor,1,1,0,2,0,0.0,0,0,0,0,1,22
5556,Ivano Bordon,1978,22,Arquero,0,0,0,7,0,0.0,0,0,0,0,0,4
5556,Ivano Bordon,1982,12,Arquero,0,0,0,7,0,0.0,0,0,0,0,0,1
5557,Felice Borel,1934,-,Delantero,1,1,0,4,0,0.0,0,0,1,0,0,1
5558,Luca Bucci,1994,22,Arquero,0,0,0,7,0,0.0,0,0,0,0,0,2
5559,Gianluigi Buffon,1998,22,Arquero,0,0,0,5,0,0.0,0,0,0,0,0,5
5559,Gianluigi Buffon,2002,1,Arquero,4,4,0,0,0,0.0,0,0,1,1,2,15
5559,Gianluigi Buffon,2006,1,Arquero,7,7,0,0,0,0.0,0,0,5,2,0,1
5559,Gianluigi Buffon,2010,1,Arquero,1,1,0,2,0,0.0,0,0,0,1,0,26
5559,Gianluigi Buffon,2014,1,Arquero,2,2,2,1,0,0.0,0,0,0,0,2,22
5560,Lorenzo Buffon,1962,1,Arquero,2,2,2,1,0,0.0,0,0,1,1,0,9
5561,Giacomo Bulgarelli,1962,22,Delantero,1,1,0,2,2,2.0,0,0,1,0,0,9
5561,Giacomo Bulgarelli,1966,4,Mediocampista,3,3,1,0,0,0.0,0,0,1,0,2,9
5562,Tarcisio Burgnich,1966,5,Defensor,2,2,0,1,0,0.0,0,0,1,0,1,9
5562,Tarcisio Burgnich,1970,2,Defensor,6,6,0,0,1,0.17,1,0,3,2,1,2
5562,Tarcisio Burgnich,1974,6,Defensor,3,3,0,0,0,0.0,0,0,1,1,1,10
5563,Antonio Cabrini,1978,3,Defensor,7,7,0,0,0,0.0,1,0,4,1,2,4
5563,Antonio Cabrini,1982,4,Defensor,7,7,0,0,1,0.14,0,0,4,3,0,1
5563,Antonio Cabrini,1986,3,Defensor,4,4,0,0,0,0.0,1,0,1,2,1,12
5564,Umberto Caligaris,1934,-,Defensor,0,0,0,5,0,0.0,0,0,0,0,0,1
5565,Mauro Camoranesi,2006,16,Mediocampista,5,4,0,2,0,0.0,2,0,4,1,0,1
5565,Mauro Camoranesi,2010,16,Mediocampista,2,0,0,1,0,0.0,1,0,0,2,0,26
5566,Aldo Campatelli,1950,-,Mediocampista,1,1,0,1,0,0.0,0,0,0,0,1,7
5567,Antonio Candreva,2014,6,Mediocampista,2,2,0,1,0,0.0,0,0,1,0,1,22
5568,Fabio Cannavaro,1998,4,Defensor,5,5,0,0,0,0.0,1,0,3,2,0,5
5568,Fabio Cannavaro,2002,5,Defensor,3,3,0,1,0,0.0,2,0,1,1,1,15
5568,Fabio Cannavaro,2006,5,Defensor,7,7,7,0,0,0.0,0,0,5,2,0,1
5568,Fabio Cannavaro,2010,5,Defensor,3,3,3,0,0,0.0,1,0,0,2,1,26
5569,Fabio Capello,1974,8,Mediocampista,3,3,0,0,1,0.33,0,0,1,1,1,10
5570,Gino Cappello,1950,-,Delantero,2,2,0,0,0,0.0,0,0,1,0,1,7
5570,Gino Cappello,1954,10,Delantero,1,1,0,2,0,0.0,0,0,1,0,0,10
5571,Emilio Caprile,1950,-,Delantero,0,0,0,2,0,0.0,0,0,0,0,0,7
5572,Riccardo Carapellese,1950,-,Delantero,2,2,2,0,2,1.0,0,0,1,0,1,7
5573,Andrea Carnevale,1990,16,Delantero,2,2,0,5,0,0.0,0,0,2,0,0,3
5574,Giuseppe Casari,1950,-,Arquero,0,0,0,2,0,0.0,0,0,0,0,0,7
5575,Pierluigi Casiraghi,1994,18,Delantero,3,3,0,4,0,0.0,1,0,2,1,0,2
5576,Antonio Cassano,2014,10,Delantero,2,0,0,1,0,0.0,0,0,0,0,2,22
5577,Armando Castellazzi,1934,-,Mediocampista,1,1,0,4,0,0.0,0,0,0,1,0,1
5578,Luciano Castellini,1974,22,Arquero,0,0,0,3,0,0.0,0,0,0,0,0,10
5579,Franco Causio,1974,18,Mediocampista,2,1,0,1,0,0.0,0,0,0,1,1,10
5579,Franco Causio,1978,16,Mediocampista,7,7,0,0,1,0.14,0,0,4,1,2,4
5579,Franco Causio,1982,15,Mediocampista,2,0,0,5,0,0.0,0,0,1,1,0,1
5580,Giuseppe Cavanna,1934,-,Arquero,0,0,0,5,0,0.0,0,0,0,0,0,1
5581,Pierluigi Cera,1970,5,Defensor,6,6,0,0,0,0.0,0,0,3,2,1,2
5582,Alessio Cerci,2014,11,Delantero,1,0,0,2,0,0.0,0,0,0,0,1,22
5583,Carlo Ceresoli,1938,-,Arquero,0,0,0,4,0,0.0,0,0,0,0,0,1
5584,Sergio Cervato,1954,14,Defensor,0,0,0,3,0,0.0,0,0,0,0,0,10
5585,Giorgio Chiellini,2010,4,Defensor,3,3,0,0,0,0.0,1,0,0,2,1,26
5585,Giorgio Chiellini,2014,3,Defensor,3,3,0,0,0,0.0,0,0,1,0,2,22
5586,Enrico Chiesa,1998,20,Delantero,2,0,0,3,0,0.0,0,0,1,1,0,5
5587,Giorgio Chinaglia,1974,9,Delantero,2,2,0,1,0,0.0,0,0,1,0,1,10
5588,Bruno Chizzo,1938,-,Delantero,0,0,0,4,0,0.0,0,0,0,0,0,1
5589,Francesco Coco,2002,4,Defensor,2,1,0,2,0,0.0,1,0,0,1,1,15
5590,Sandro Cois,1998,13,Mediocampista,0,0,0,5,0,0.0,0,0,0,0,0,5
5591,Gino Colaussi,1938,-,Delantero,3,3,0,1,4,1.33,0,0,3,0,0,1
5592,Fulvio Collovati,1982,5,Defensor,7,7,0,0,0,0.0,1,0,4,3,0,1
5592,Fulvio Collovati,1986,4,Defensor,1,1,0,3,0,0.0,0,0,1,0,0,12
5593,Giampiero Combi,1934,-,Arquero,5,5,4,0,0,0.0,0,0,4,1,0,1
5594,Antonio Conte,1994,15,Mediocampista,2,1,0,5,0,0.0,0,0,2,0,0,2
5595,Bruno Conti,1982,16,Mediocampista,7,7,0,0,1,0.14,1,0,4,3,0,1
5595,Bruno Conti,1986,16,Delantero,4,4,0,0,0,0.0,0,0,1,2,1,12
5596,Paolo Conti,1978,12,Arquero,0,0,0,7,0,0.0,0,0,0,0,0,4
5597,Alessandro Costacurta,1994,4,Defensor,6,6,0,1,0,0.0,2,0,4,1,1,2
5597,Alessandro Costacurta,1998,5,Defensor,5,5,0,0,0,0.0,2,0,3,2,0,5
5598,Leonardo Costagliola,1954,22,Arquero,0,0,0,3,0,0.0,0,0,0,0,0,10
5599,Domenico Criscito,2010,3,Defensor,3,3,0,0,0,0.0,0,0,0,2,1,26
5600,Antonello Cuccureddu,1978,4,Defensor,5,2,0,2,0,0.0,0,0,3,0,2,4
5601,Matteo Darmian,2014,4,Defensor,3,3,0,0,0,0.0,0,0,1,0,2,22
5602,Mario David,1962,18,Defensor,1,1,0,2,0,0.0,0,0,0,0,1,9
5603,Luigi De Agostini,1990,4,Defensor,6,4,0,1,0,0.0,1,0,5,1,0,3
5604,Fernando De Napoli,1986,13,Mediocampista,4,4,0,0,0,0.0,1,0,1,2,1,12
5604,Fernando De Napoli,1990,11,Mediocampista,6,6,0,1,0,0.0,0,0,5,1,0,3
5605,Daniele De Rossi,2006,4,Mediocampista,3,2,0,4,0,0.0,1,1,1,2,0,1
5605,Daniele De Rossi,2010,6,Mediocampista,3,3,0,0,1,0.33,0,0,0,2,1,26
5605,Daniele De Rossi,2014,16,Mediocampista,2,2,0,1,0,0.0,0,0,1,0,1,22
5606,Morgan De Sanctis,2010,14,Arquero,0,0,0,3,0,0.0,0,0,0,0,0,26
5607,Mattia De Sciglio,2014,2,Defensor,1,1,0,2,0,0.0,1,0,0,0,1,22
5608,Giancarlo De Sisti,1970,16,Mediocampista,6,6,0,0,0,0.0,1,0,3,2,1,2
5609,Alessandro Del Piero,1998,10,Delantero,4,3,0,1,0,0.0,1,0,3,1,0,5
5609,Alessandro Del Piero,2002,7,Delantero,3,1,0,1,1,0.33,0,0,1,1,1,15
5609,Alessandro Del Piero,2006,7,Delantero,5,1,0,2,1,0.2,0,0,3,2,0,1
5610,Marco Delvecchio,2002,18,Delantero,0,0,0,4,0,0.0,0,0,0,0,0,15
5611,Atilio Demaria,1930,-,Delantero,1,1,0,4,0,0.0,0,0,1,0,0,2
5611,Atilio Demaria,1934,-,Delantero,1,1,0,4,0,0.0,0,0,1,0,0,1
5612,Luigi Di Biagio,1998,14,Mediocampista,5,4,0,0,1,0.2,2,0,3,2,0,5
5612,Luigi Di Biagio,2002,14,Mediocampista,1,1,0,3,0,0.0,0,0,1,0,0,15
5613,Antonio Di Gennaro,1986,14,Mediocampista,4,3,0,0,0,0.0,1,0,1,2,1,12
5614,Angelo Di Livio,1998,15,Mediocampista,5,2,0,0,0,0.0,1,0,3,2,0,5
5614,Angelo Di Livio,2002,16,Mediocampista,2,0,0,2,0,0.0,0,0,1,0,1,15
5615,Roberto Di Matteo,1998,16,Mediocampista,2,1,0,3,0,0.0,0,0,1,1,0,5
5616,Antonio Di Natale,2010,10,Delantero,3,1,0,0,1,0.33,0,0,0,2,1,26
5617,Angelo Domenghini,1970,13,Delantero,6,6,0,0,1,0.17,1,0,3,2,1,2
5618,Roberto Donadoni,1990,17,Mediocampista,5,5,0,2,0,0.0,0,0,4,1,0,3
5618,Roberto Donadoni,1994,16,Mediocampista,6,5,0,1,0,0.0,0,0,3,2,1,2
5619,Aldo Donati,1938,-,Mediocampista,0,0,0,4,0,0.0,0,0,0,0,0,1
5620,Cristiano Doni,2002,11,Mediocampista,2,2,0,2,0,0.0,0,0,1,0,1,15
5621,Giuseppe Dossena,1982,10,Mediocampista,0,0,0,7,0,0.0,0,0,0,0,0,1
5622,Alberigo Evani,1994,17,Mediocampista,2,1,0,5,0,0.0,0,0,0,1,1,2
5623,Giacinto Facchetti,1966,6,Defensor,3,3,0,0,0,0.0,0,0,1,0,2,9
5623,Giacinto Facchetti,1970,3,Defensor,6,6,6,0,0,0.0,0,0,3,2,1,2
5623,Giacinto Facchetti,1974,3,Defensor,3,3,3,0,0,0.0,0,0,1,1,1,10
5624,Osvaldo Fattori,1950,-,Mediocampista,1,1,0,1,0,0.0,0,0,1,0,0,7
5625,Ugo Ferrante,1970,6,Defensor,0,0,0,6,0,0.0,0,0,0,0,0,2
5626,Ciro Ferrara,1990,5,Defensor,1,1,0,6,0,0.0,0,0,1,0,0,3
5627,Giovanni Ferrari,1934,-,Mediocampista,4,4,0,1,2,0.5,0,0,3,1,0,1
5627,Giovanni Ferrari,1938,-,Mediocampista,4,4,0,0,0,0.0,0,0,4,0,0,1
5628,Rino Ferrario,1954,16,Mediocampista,0,0,0,3,0,0.0,0,0,0,0,0,10
5629,Attilio Ferraris,1934,-,Mediocampista,3,3,0,2,0,0.0,0,0,3,0,0,1
5630,Pietro Ferraris,1938,-,Delantero,1,1,0,3,1,1.0,0,0,1,0,0,1
5631,Riccardo Ferri,1990,6,Defensor,7,6,0,0,0,0.0,1,0,6,1,0,3
5632,Giorgio Ferrini,1962,21,Mediocampista,2,2,0,1,0,0.0,0,0,0,1,1,9
5633,Romano Fogli,1966,7,Mediocampista,1,1,0,2,0,0.0,0,0,0,0,1,9
5634,Alfredo Foni,1938,-,Defensor,3,3,0,1,0,0.0,0,0,3,0,0,1
5635,Amleto Frignani,1954,21,Delantero,2,2,0,1,1,0.5,0,0,1,0,1,10
5636,Zeffiro Furiassi,1950,-,Defensor,2,2,0,0,0,0.0,0,0,1,0,1,7
5637,Giuseppe Furino,1970,21,Mediocampista,1,0,0,5,0,0.0,0,0,0,1,0,2
5638,Giuseppe Galderisi,1986,19,Delantero,4,4,0,0,0,0.0,0,0,1,2,1,12
5639,Carlo Galli,1954,9,Delantero,2,2,0,1,1,0.5,0,0,1,0,1,10
5640,Giovanni Galli,1982,22,Arquero,0,0,0,7,0,0.0,0,0,0,0,0,1
5640,Giovanni Galli,1986,1,Arquero,4,4,0,0,0,0.0,0,0,1,2,1,12
5641,Gennaro Gattuso,2002,8,Mediocampista,2,0,0,2,0,0.0,0,0,1,0,1,15
5641,Gennaro Gattuso,2006,8,Mediocampista,6,5,0,1,0,0.0,2,0,4,2,0,1
5641,Gennaro Gattuso,2010,8,Mediocampista,1,1,0,2,0,0.0,0,0,0,0,1,26
5642,Mario Genta,1938,-,Mediocampista,0,0,0,4,0,0.0,0,0,0,0,0,1
5643,Claudio Gentile,1978,5,Defensor,7,7,0,0,0,0.0,1,0,4,1,2,4
5643,Claudio Gentile,1982,6,Defensor,6,6,0,1,0,0.0,2,0,3,3,0,1
5644,Giorgio Ghezzi,1954,1,Arquero,2,2,0,1,0,0.0,0,0,1,0,1,10
5645,Giovanni Giacomazzi,1954,3,Defensor,3,3,0,0,0,0.0,0,0,1,0,2,10
5646,Giuseppe Giannini,1990,13,Mediocampista,7,7,0,0,1,0.14,1,0,6,1,0,3
5647,Alberto Gilardino,2006,11,Delantero,5,4,0,2,1,0.2,0,0,4,1,0,1
5647,Alberto Gilardino,2010,11,Delantero,2,2,0,1,0,0.0,0,0,0,2,0,26
5648,Attilio Giovannini,1950,-,Defensor,1,1,0,1,0,0.0,0,0,0,0,1,7
5649,Sergio Gori,1970,19,Delantero,1,0,0,5,0,0.0,0,0,1,0,0,2
5650,Guido Gratton,1954,20,Mediocampista,0,0,0,3,0,0.0,0,0,0,0,0,10
5651,Francesco Graziani,1978,19,Delantero,3,0,0,4,0,0.0,0,0,2,0,1,4
5651,Francesco Graziani,1982,19,Delantero,7,7,0,0,1,0.14,0,0,4,3,0,1
5652,Fabio Grosso,2006,3,Defensor,6,6,0,1,1,0.17,1,0,5,1,0,1
5653,Enrique Guaita,1934,-,Delantero,4,4,0,1,1,0.25,0,0,3,1,0,1
5654,Anfilogino Guarisi,1934,-,Delantero,1,1,0,4,0,0.0,0,0,1,0,0,1
5655,Aristide Guarneri,1966,8,Defensor,1,1,0,2,0,0.0,0,0,0,0,1,9
5656,Vincenzo Iaquinta,2006,15,Delantero,5,0,0,2,1,0.2,1,0,3,2,0,1
5656,Vincenzo Iaquinta,2010,9,Delantero,3,3,0,0,1,0.33,0,0,0,2,1,26
5657,Ciro Immobile,2014,17,Delantero,2,1,0,1,0,0.0,0,0,1,0,1,22
5658,Lorenzo Insigne,2014,22,Delantero,1,0,0,2,0,0.0,0,0,0,0,1,22
5659,Filippo Inzaghi,1998,19,Delantero,2,0,0,3,0,0.0,0,0,1,1,0,5
5659,Filippo Inzaghi,2002,9,Delantero,2,1,0,2,0,0.0,0,0,0,1,1,15
5659,Filippo Inzaghi,2006,18,Delantero,1,0,0,6,1,1.0,0,0,1,0,0,1
5660,Mark Iuliano,2002,15,Defensor,1,1,0,3,0,0.0,0,0,0,0,1,15
5661,Francesco Janich,1962,19,Defensor,1,1,0,2,0,0.0,0,0,0,0,1,9
5661,Francesco Janich,1966,9,Defensor,1,1,0,2,0,0.0,0,0,0,0,1,9
5662,Antonio Juliano,1966,10,Mediocampista,0,0,0,3,0,0.0,0,0,0,0,0,9
5662,Antonio Juliano,1970,18,Mediocampista,1,0,0,5,0,0.0,0,0,0,0,1,2
5662,Antonio Juliano,1974,16,Mediocampista,0,0,0,3,0,0.0,0,0,0,0,0,10
5663,Spartaco Landini,1966,11,Defensor,1,1,0,2,0,0.0,0,0,0,0,1,9
5664,Gianfranco Leoncini,1966,12,Mediocampista,1,1,0,2,0,0.0,0,0,0,0,1,9
5665,Ugo Locatelli,1938,-,Mediocampista,4,4,0,0,0,0.0,0,0,4,0,0,1
5666,Giovanni Lodetti,1966,13,Mediocampista,2,2,0,1,0,0.0,0,0,1,0,1,9
5667,Benito Lorenzi,1950,-,Delantero,0,0,0,2,0,0.0,0,0,0,0,0,7
5667,Benito Lorenzi,1954,11,Delantero,3,3,0,0,1,0.33,0,0,1,0,2,10
5668,Giacomo Losi,1962,2,Defensor,2,2,0,1,0,0.0,0,0,1,1,0,9
5669,Christian Maggio,2010,2,Defensor,1,0,0,2,0,0.0,0,0,0,0,1,26
5670,Augusto Magli,1950,-,Mediocampista,1,1,0,1,0,0.0,0,0,0,0,1,7
5671,Ardico Magnini,1954,13,Defensor,2,2,0,1,0,0.0,0,0,1,0,1,10
5672,Aldo Maldera,1978,6,Defensor,1,1,0,6,0,0.0,0,0,0,0,1,4
5673,Cesare Maldini,1962,5,Defensor,2,2,0,1,0,0.0,0,0,1,1,0,9
5674,Paolo Maldini,1990,7,Defensor,7,7,0,0,0,0.0,0,0,6,1,0,3
5674,Paolo Maldini,1994,5,Defensor,7,7,4,0,0,0.0,1,0,4,2,1,2
5674,Paolo Maldini,1998,3,Defensor,5,5,5,0,0,0.0,2,0,3,2,0,5
5674,Paolo Maldini,2002,3,Defensor,4,4,4,0,0,0.0,0,0,1,1,2,15
5675,Roberto Mancini,1990,18,Delantero,0,0,0,7,0,0.0,0,0,0,0,0,3
5676,Lionello Manfredonia,1978,7,Defensor,0,0,0,7,0,0.0,0,0,0,0,0,4
5677,Luca Marchegiani,1994,12,Arquero,3,2,0,4,0,0.0,0,0,2,1,0,2
5678,Federico Marchetti,2010,12,Arquero,3,2,0,0,0,0.0,0,0,0,2,1,26
5679,Claudio Marchisio,2010,15,Mediocampista,2,2,0,1,0,0.0,0,0,0,2,0,26
5679,Claudio Marchisio,2014,8,Mediocampista,3,3,0,0,1,0.33,0,1,1,0,2,22
5680,Giacomo Mari,1950,-,Mediocampista,1,1,0,1,0,0.0,0,0,1,0,0,7
5680,Giacomo Mari,1954,15,Mediocampista,1,1,0,2,0,0.0,0,0,0,0,1,10
5681,Giampiero Marini,1982,11,Mediocampista,5,2,0,2,0,0.0,1,0,3,2,0,1
5682,Giancarlo Marocchi,1990,14,Mediocampista,0,0,0,7,0,0.0,0,0,0,0,0,3
5683,Humberto Maschio,1962,8,Delantero,1,1,0,2,0,0.0,0,0,0,0,1,9
5684,Guido Masetti,1934,-,Arquero,0,0,0,5,0,0.0,0,0,0,0,0,1
5684,Guido Masetti,1938,-,Arquero,0,0,0,4,0,0.0,0,0,0,0,0,1
5685,Daniele Massaro,1982,17,Mediocampista,0,0,0,7,0,0.0,0,0,0,0,0,1
5685,Daniele Massaro,1994,19,Delantero,6,3,0,1,1,0.17,1,0,3,2,1,2
5686,Marco Materazzi,2002,23,Defensor,1,0,0,3,0,0.0,0,0,0,0,1,15
5686,Marco Materazzi,2006,23,Defensor,4,3,0,3,2,0.5,0,1,3,1,0,1
5687,Carlo Mattrel,1962,12,Arquero,1,1,0,2,0,0.0,0,0,0,0,1,9
5688,Sandro Mazzola,1966,14,Mediocampista,3,3,0,0,1,0.33,0,0,1,0,2,9
5688,Sandro Mazzola,1970,15,Mediocampista,6,6,0,0,0,0.0,0,0,3,2,1,2
5688,Sandro Mazzola,1974,7,Mediocampista,3,3,0,0,0,0.0,0,0,1,1,1,10
5689,Giuseppe Meazza,1934,-,Mediocampista,5,5,0,0,2,0.4,0,0,4,1,0,1
5689,Giuseppe Meazza,1938,-,Delantero,4,4,4,0,1,0.25,0,0,4,0,0,1
5690,Giampaolo Menichelli,1962,11,Delantero,2,2,0,1,0,0.0,0,0,0,1,1,9
5691,Luigi Meroni,1966,15,Delantero,1,1,0,2,0,0.0,0,0,0,0,1,9
5692,Lorenzo Minotti,1994,7,Defensor,0,0,0,7,0,0.0,0,0,0,0,0,2
5693,Vincenzo Montella,2002,20,Delantero,1,0,0,3,0,0.0,1,0,0,1,0,15
5694,Luis Monti,1930,-,Mediocampista,4,4,0,1,2,0.5,0,0,3,0,1,2
5694,Luis Monti,1934,-,Mediocampista,5,5,0,0,0,0.0,0,0,4,1,0,1
5695,Riccardo Montolivo,2010,22,Mediocampista,3,3,0,0,0,0.0,0,0,0,2,1,26
5696,Eraldo Monzeglio,1934,-,Defensor,4,4,0,1,0,0.0,0,0,3,1,0,1
5696,Eraldo Monzeglio,1938,-,Defensor,1,1,0,3,0,0.0,0,0,1,0,0,1
5697,Bruno Mora,1962,7,Delantero,2,2,1,1,1,0.5,0,0,1,0,1,9
5698,Francesco Moriero,1998,17,Mediocampista,3,3,0,2,0,0.0,1,0,2,1,0,5
5699,Francesco Morini,1974,5,Defensor,3,3,0,0,0,0.0,0,0,1,1,1,10
5700,Giuseppe Moro,1950,-,Arquero,1,1,0,1,0,0.0,0,0,1,0,0,7
5701,Thiago Motta,2014,5,Mediocampista,3,1,0,0,0,0.0,0,0,1,0,2,22
5702,Ermes Muccinelli,1950,-,Delantero,2,2,0,0,1,0.5,0,0,1,0,1,7
5702,Ermes Muccinelli,1954,7,Delantero,2,2,0,1,0,0.0,0,0,0,0,2,10
5703,Roberto Mussi,1994,8,Defensor,3,3,0,4,0,0.0,0,0,2,1,0,2
5704,Sebastiano Nela,1986,5,Defensor,0,0,0,4,0,0.0,0,0,0,0,0,12
5705,Maino Neri,1954,4,Mediocampista,2,2,0,1,0,0.0,0,0,1,0,1,10
5706,Alessandro Nesta,1998,6,Defensor,3,3,0,2,0,0.0,0,0,2,1,0,5
5706,Alessandro Nesta,2002,13,Defensor,3,3,0,1,0,0.0,0,0,1,1,1,15
5706,Alessandro Nesta,2006,13,Defensor,3,3,0,4,0,0.0,0,0,2,1,0,1
5707,Fulvio Nesti,1954,6,Mediocampista,3,3,0,0,1,0.33,0,0,1,0,2,10
5708,Comunardo Niccolai,1970,7,Defensor,1,1,0,5,0,0.0,0,0,1,0,0,2
5709,Massimo Oddo,2006,22,Defensor,1,0,0,6,0,0.0,0,0,1,0,0,1
5710,Aldo Olivieri,1938,-,Arquero,4,4,0,0,0,0.0,0,0,4,0,0,1
5711,Renato Olmi,1938,-,Mediocampista,0,0,0,4,0,0.0,0,0,0,0,0,1
5712,Gabriele Oriali,1982,13,Mediocampista,5,5,0,2,0,0.0,2,0,4,1,0,1
5713,Raimundo Orsi,1934,-,Delantero,5,5,0,0,3,0.6,0,0,4,1,0,1
5714,Gianluca Pagliuca,1990,22,Arquero,0,0,0,7,0,0.0,0,0,0,0,0,3
5714,Gianluca Pagliuca,1994,1,Arquero,5,5,0,2,0,0.0,0,1,3,1,1,2
5714,Gianluca Pagliuca,1998,12,Arquero,5,5,0,0,0,0.0,0,0,3,2,0,5
5715,Gabriel Paletta,2014,20,Defensor,1,1,0,2,0,0.0,0,0,1,0,0,22
5716,Angelo Palombo,2010,17,Mediocampista,0,0,0,3,0,0.0,0,0,0,0,0,26
5717,Egisto Pandolfini,1950,-,Delantero,1,1,0,1,1,1.0,0,0,1,0,0,7
5717,Egisto Pandolfini,1954,8,Delantero,3,3,2,0,1,0.33,0,0,1,0,2,10
5718,Christian Panucci,2002,2,Defensor,4,4,0,0,0,0.0,1,0,1,1,2,15
5719,Carlo Parola,1950,-,Defensor,1,1,0,1,0,0.0,0,0,0,0,1,7
5720,Marco Parolo,2014,18,Mediocampista,2,0,0,1,0,0.0,0,0,1,0,1,22
5721,Ezio Pascutti,1962,17,Delantero,1,1,0,2,0,0.0,0,0,1,0,0,9
5721,Ezio Pascutti,1966,16,Delantero,1,1,0,2,0,0.0,0,0,0,0,1,9
5722,Piero Pasinati,1938,-,Delantero,1,1,0,3,0,0.0,0,0,1,0,0,1
5723,Giampaolo Pazzini,2010,20,Delantero,1,0,0,2,0,0.0,0,0,0,1,0,26
5724,Eraldo Pecci,1978,11,Mediocampista,0,0,0,7,0,0.0,0,0,0,0,0,4
5726,Marino Perani,1966,17,Delantero,2,2,0,1,0,0.0,0,0,1,0,1,9
5727,Mario Perazzolo,1938,-,Mediocampista,0,0,0,4,0,0.0,0,0,0,0,0,1
5728,Mattia Perin,2014,13,Arquero,0,0,0,3,0,0.0,0,0,0,0,0,22
5729,Simone Perrotta,2006,20,Mediocampista,7,7,0,0,0,0.0,0,0,5,2,0,1
5730,Angelo Peruzzi,2006,12,Arquero,0,0,0,7,0,0.0,0,0,0,0,0,1
5731,Gianluca Pessotto,1998,7,Defensor,3,2,0,2,0,0.0,0,0,2,1,0,5
5732,Silvio Piola,1938,-,Delantero,4,4,0,0,5,1.25,0,0,4,0,0,1
5733,Andrea Pirlo,2006,21,Mediocampista,7,7,0,0,1,0.14,0,0,5,2,0,1
5733,Andrea Pirlo,2010,21,Mediocampista,1,0,0,2,0,0.0,0,0,0,0,1,26
5733,Andrea Pirlo,2014,21,Mediocampista,3,3,1,0,0,0.0,0,0,1,0,2,22
5734,Gino Pivatelli,1954,18,Delantero,0,0,0,3,0,0.0,0,0,0,0,0,10
5735,Pierluigi Pizzaballa,1966,18,Arquero,0,0,0,3,0,0.0,0,0,0,0,0,9
5736,Mario Pizziolo,1934,-,Mediocampista,2,2,0,3,0,0.0,0,0,1,1,0,1
5737,Fabrizio Poletti,1970,4,Defensor,1,0,0,5,0,0.0,0,0,1,0,0,2
5738,Pierino Prati,1970,22,Delantero,0,0,0,6,0,0.0,0,0,0,0,0,2
5739,Giorgio Puia,1970,9,Defensor,0,0,0,6,0,0.0,0,0,0,0,0,2
5740,Paolo Pulici,1974,21,Delantero,0,0,0,3,0,0.0,0,0,0,0,0,10
5740,Paolo Pulici,1978,20,Delantero,0,0,0,7,0,0.0,0,0,0,0,0,4
5741,Fabio Quagliarella,2010,18,Delantero,1,0,0,2,1,1.0,1,0,0,0,1,26
5742,Luigi Radice,1962,3,Mediocampista,2,2,0,1,0,0.0,0,0,1,1,0,9
5743,Pietro Rava,1938,-,Defensor,4,4,0,0,0,0.0,0,0,4,0,0,1
5744,Luciano Re Cecconi,1974,17,Mediocampista,0,0,0,3,0,0.0,0,0,0,0,0,10
5745,Leandro Remondini,1950,-,Defensor,1,1,0,1,0,0.0,0,0,1,0,0,7
5746,Gigi Riva,1970,11,Delantero,6,6,0,0,3,0.5,0,0,3,2,1,2
5746,Gigi Riva,1974,11,Delantero,2,2,0,1,0,0.0,0,0,1,1,0,10
5747,Gianni Rivera,1962,14,Delantero,1,1,0,2,0,0.0,0,0,0,1,0,9
5747,Gianni Rivera,1966,19,Mediocampista,2,2,0,1,0,0.0,0,0,1,0,1,9
5747,Gianni Rivera,1970,14,Mediocampista,4,0,0,2,2,0.5,1,0,2,1,1,2
5747,Gianni Rivera,1974,10,Mediocampista,2,2,0,1,1,0.5,0,0,1,1,0,10
5748,Francesco Rizzo,1966,20,Mediocampista,0,0,0,3,0,0.0,0,0,0,0,0,9
5749,Enzo Robotti,1962,16,Defensor,3,3,0,0,0,0.0,0,0,1,1,1,9
5750,Roberto Rosato,1966,21,Defensor,2,2,0,1,0,0.0,0,0,1,0,1,9
5750,Roberto Rosato,1970,8,Defensor,6,5,0,0,0,0.0,1,0,3,2,1,2
5751,Virginio Rosetta,1934,-,Defensor,1,1,1,4,0,0.0,0,0,1,0,0,1
5752,Paolo Rossi,1978,21,Delantero,7,7,0,0,3,0.43,0,0,4,1,2,4
5752,Paolo Rossi,1982,20,Delantero,7,7,0,0,6,0.86,1,0,4,3,0,1
5752,Paolo Rossi,1986,20,Delantero,0,0,0,4,0,0.0,0,0,0,0,0,12
5753,Giuseppe Sabadini,1974,13,Defensor,0,0,0,3,0,0.0,0,0,0,0,0,10
5754,Claudio Sala,1978,17,Mediocampista,2,0,0,5,0,0.0,0,0,0,0,2,4
5756,Sandro Salvadore,1962,4,Defensor,3,3,0,0,0,0.0,0,0,1,1,1,9
5756,Sandro Salvadore,1966,22,Defensor,2,2,2,1,0,0.0,0,0,1,0,1,9
5757,Angelo Schiavio,1934,-,Delantero,4,4,0,1,4,1.0,0,0,3,1,0,1
5758,Salvatore Schillaci,1990,19,Delantero,7,5,0,0,6,0.86,0,0,6,1,0,3
5759,Gaetano Scirea,1978,8,Defensor,7,7,0,0,0,0.0,0,0,4,1,2,4
5759,Gaetano Scirea,1982,7,Defensor,7,7,0,0,0,0.0,1,0,4,3,0,1
5759,Gaetano Scirea,1986,6,Defensor,4,4,4,0,0,0.0,1,0,1,2,1,12
5760,Armando Segato,1954,17,Mediocampista,1,1,0,2,0,0.0,0,0,0,0,1,10
5761,Franco Selvaggi,1982,21,Delantero,0,0,0,7,0,0.0,0,0,0,0,0,1
5762,Lucidio Sentimenti,1950,-,Arquero,1,1,0,1,0,0.0,0,0,0,0,1,7
5763,Pietro Serantoni,1938,-,Mediocampista,4,4,0,0,0,0.0,0,0,4,0,0,1
5764,Aldo Serena,1986,21,Delantero,0,0,0,4,0,0.0,0,0,0,0,0,12
5764,Aldo Serena,1990,20,Delantero,3,0,0,4,1,0.33,0,0,2,1,0,3
5765,Giuseppe Signori,1994,20,Delantero,6,4,0,1,0,0.0,1,0,4,1,1,2
5766,Salvatore Sirigu,2014,12,Arquero,1,1,0,2,0,0.0,0,0,1,0,0,22
5767,Omar Sivori,1962,10,Delantero,2,2,0,1,0,0.0,0,0,1,1,0,9
5768,Angelo Sormani,1962,15,Delantero,1,1,0,2,0,0.0,0,0,1,0,0,9
5769,Luciano Spinosi,1974,2,Defensor,3,3,0,0,0,0.0,0,0,1,1,1,10
5770,Stefano Tacconi,1990,12,Arquero,0,0,0,7,0,0.0,0,0,0,0,0,3
5771,Franco Tancredi,1986,12,Arquero,0,0,0,4,0,0.0,0,0,0,0,0,12
5772,Marco Tardelli,1978,14,Mediocampista,6,6,0,1,0,0.0,2,0,4,1,1,4
5772,Marco Tardelli,1982,14,Mediocampista,7,7,0,0,2,0.29,1,0,4,3,0,1
5772,Marco Tardelli,1986,15,Mediocampista,0,0,0,4,0,0.0,0,0,0,0,0,12
5773,Mauro Tassotti,1994,9,Defensor,2,2,0,5,0,0.0,0,0,1,0,1,2
5774,Omero Tognon,1950,-,Mediocampista,0,0,0,2,0,0.0,0,0,0,0,0,7
5774,Omero Tognon,1954,5,Mediocampista,3,3,0,0,0,0.0,0,0,1,0,2,10
5775,Francesco Toldo,1998,1,Arquero,0,0,0,5,0,0.0,0,0,0,0,0,5
5775,Francesco Toldo,2002,22,Arquero,0,0,0,4,0,0.0,0,0,0,0,0,15
5776,Damiano Tommasi,2002,17,Mediocampista,4,4,0,0,0,0.0,1,0,1,1,2,15
5777,Luca Toni,2006,9,Delantero,6,6,0,1,2,0.33,0,0,4,2,0,1
5778,Moreno Torricelli,1998,8,Defensor,0,0,0,5,0,0.0,0,0,0,0,0,5
5779,Francesco Totti,2002,10,Delantero,4,4,0,0,0,0.0,1,1,1,1,2,15
5779,Francesco Totti,2006,10,Mediocampista,7,6,0,0,1,0.14,1,0,5,2,0,1
5780,Giovanni Trapattoni,1962,6,Mediocampista,0,0,0,3,0,0.0,0,0,0,0,0,9
5781,Roberto Tricella,1986,7,Defensor,0,0,0,4,0,0.0,0,0,0,0,0,12
5782,Paride Tumburus,1962,20,Mediocampista,1,1,0,2,0,0.0,0,0,0,0,1,9
5783,Mario Varglien,1934,-,Mediocampista,0,0,0,5,0,0.0,0,0,0,0,0,1
5784,Marco Verratti,2014,23,Mediocampista,2,2,0,1,0,0.0,0,0,1,0,1,22
5785,Gianluca Vialli,1986,17,Delantero,4,0,0,0,0,0.0,0,0,1,2,1,12
5785,Gianluca Vialli,1990,21,Delantero,3,3,0,4,0,0.0,0,0,2,1,0,3
5786,Pietro Vierchowod,1982,8,Defensor,0,0,0,7,0,0.0,0,0,0,0,0,1
5786,Pietro Vierchowod,1986,8,Defensor,4,4,0,0,0,0.0,1,0,1,2,1,12
5786,Pietro Vierchowod,1990,8,Defensor,3,1,0,4,0,0.0,0,0,3,0,0,3
5787,Christian Vieri,1998,21,Delantero,5,5,0,0,5,1.0,0,0,3,2,0,5
5787,Christian Vieri,2002,21,Delantero,4,4,0,0,4,1.0,1,0,1,1,2,15
5788,Lido Vieri,1970,17,Arquero,0,0,0,6,0,0.0,0,0,0,0,0,2
5789,Guido Vincenzi,1954,2,Defensor,1,1,0,2,0,0.0,0,0,0,0,1,10
5790,Giovanni Viola,1954,12,Arquero,1,1,0,2,0,0.0,0,0,0,0,1,10
5791,Giuseppe Wilson,1974,15,Defensor,2,0,0,1,0,0.0,0,0,0,1,1,10
5792,Cristian Zaccardo,2006,2,Defensor,3,2,0,4,0,0.0,0,0,2,1,0,1
5793,Renato Zaccarelli,1978,15,Mediocampista,5,2,0,2,1,0.2,0,0,3,1,1,4
5794,Gianluca Zambrotta,2002,19,Mediocampista,4,4,0,0,0,0.0,1,0,1,1,2,15
5794,Gianluca Zambrotta,2006,19,Defensor,6,6,0,1,1,0.17,3,0,4,2,0,1
5794,Gianluca Zambrotta,2010,19,Defensor,3,3,0,0,0,0.0,0,0,0,2,1,26
5795,Cristiano Zanetti,2002,6,Mediocampista,3,3,0,1,0,0.0,1,0,0,1,2,15
5796,Walter Zenga,1986,22,Arquero,0,0,0,4,0,0.0,0,0,0,0,0,12
5796,Walter Zenga,1990,1,Arquero,7,7,0,0,0,0.0,0,0,6,1,0,3
5797,Dino Zoff,1970,12,Arquero,0,0,0,6,0,0.0,0,0,0,0,0,2
5797,Dino Zoff,1974,1,Arquero,3,3,0,0,0,0.0,0,0,1,1,1,10
5797,Dino Zoff,1978,1,Arquero,7,7,7,0,0,0.0,0,0,4,1,2,4
5797,Dino Zoff,1982,1,Arquero,7,7,7,0,0,0.0,0,0,4,3,0,1
5798,Gianfranco Zola,1994,21,Mediocampista,1,0,0,6,0,0.0,0,1,1,0,0,2
5799,Julio Abbadie,1954,7,Delantero,4,4,0,1,2,0.5,0,0,3,0,1,4
5800,Sebastian Abreu,2002,13,Delantero,3,3,0,0,0,0.0,1,0,0,2,1,26
5800,Sebastian Abreu,2010,13,Delantero,4,0,0,3,0,0.0,0,0,0,2,2,4
5801,Eduardo Acevedo,1986,3,Defensor,4,4,1,0,0,0.0,1,0,0,2,2,16
5802,Carlos Aguilera,1986,20,Delantero,0,0,0,4,0,0.0,0,0,0,0,0,16
5802,Carlos Aguilera,1990,18,Delantero,4,1,0,0,0,0.0,0,0,1,1,2,16
5803,Eliseo Alvarez,1962,18,Defensor,3,3,0,0,0,0.0,0,0,1,0,2,13
5803,Eliseo Alvarez,1966,16,Mediocampista,0,0,0,4,0,0.0,0,0,0,0,0,7
5804,Emilio Alvarez,1962,3,Defensor,3,3,0,0,0,0.0,0,0,1,0,2,13
5804,Emilio Alvarez,1966,14,Mediocampista,0,0,0,4,0,0.0,0,0,0,0,0,7
5805,Fernando Alvez,1986,12,Arquero,4,4,0,0,0,0.0,1,0,0,2,2,16
5805,Fernando Alvez,1990,1,Arquero,4,4,0,0,0,0.0,1,0,1,1,2,16
5806,Antonio Alzamendi,1986,7,Delantero,3,2,0,1,1,0.33,0,0,0,2,1,16
5806,Antonio Alzamendi,1990,7,Delantero,3,2,0,1,0,0.0,0,0,0,1,2,16
5807,Javier Ambrois,1954,19,Delantero,4,4,0,1,1,0.25,0,0,3,0,1,4
5808,Atilio Ancheta,1970,2,Defensor,6,6,0,0,0,0.0,0,0,2,1,3,4
5809,Jose Andrade,1930,-,Mediocampista,4,4,0,0,0,0.0,0,0,4,0,0,1
5810,Juan Anselmo,1930,-,Delantero,2,2,0,2,3,1.5,0,0,2,0,0,1
5811,Ronald Araújo,2022,4,Defensor,0,0,0,3,0,0.0,0,0,0,0,0,20
5812,Egidio Arevalo,2010,17,Mediocampista,7,7,0,0,0,0.0,1,0,3,2,2,4
5812,Egidio Arevalo,2014,17,Mediocampista,4,4,0,0,0,0.0,1,0,2,0,2,12
5813,Enrique Ballestrero,1930,-,Arquero,4,4,0,0,0,0.0,0,0,4,0,0,1
5814,Ruben Bareno,1970,17,Delantero,1,1,0,5,0,0.0,0,0,0,1,0,4
5815,Jorge Barrios,1986,8,Mediocampista,3,3,3,1,0,0.0,0,0,0,2,1,16
5816,Jose Batista,1986,6,Defensor,3,3,0,1,0,0.0,0,1,0,2,1,16
5817,Pablo Bengoechea,1990,16,Mediocampista,1,0,0,3,1,1.0,0,0,0,0,1,16
5818,Rodrigo Bentancur,2018,6,Mediocampista,5,5,0,0,0,0.0,2,0,4,0,1,5
5818,Rodrigo Bentancur,2022,6,Mediocampista,3,3,0,0,0,0.0,1,0,1,1,1,20
5819,Mario Bergara,1962,20,Delantero,1,1,0,2,0,0.0,0,0,0,0,1,13
5820,Joe Bizera,2002,19,Defensor,0,0,0,3,0,0.0,0,0,0,0,0,26
5821,Carlos Borges,1954,11,Delantero,5,5,0,0,4,0.8,0,0,3,0,2,4
5822,Miguel Bossio,1986,5,Mediocampista,3,3,0,1,0,0.0,1,1,0,1,2,16
5823,Julio Cesar Britos,1950,-,Delantero,0,0,0,4,0,0.0,0,0,0,0,0,1
5824,Juan Burgueno,1950,-,Delantero,0,0,0,4,0,0.0,0,0,0,0,0,1
5825,Angel Cabrera,1962,22,Mediocampista,2,2,0,1,1,0.5,0,0,0,0,2,13
5826,Wilmar Cabrera,1986,21,Delantero,2,2,0,2,0,0.0,1,0,0,1,1,16
5827,Martin Caceres,2010,22,Defensor,2,2,0,5,0,0.0,1,0,0,0,2,4
5827,Martin Caceres,2014,22,Defensor,4,4,0,0,0,0.0,1,0,2,0,2,12
5827,Martin Caceres,2018,22,Defensor,5,5,0,0,0,0.0,0,0,4,0,1,5
5827,Martin Caceres,2022,22,Defensor,1,1,0,2,0,0.0,1,0,0,1,0,20
5828,Omar Caetano,1966,6,Mediocampista,4,4,0,0,0,0.0,0,0,1,2,1,7
5828,Omar Caetano,1970,16,Mediocampista,0,0,0,6,0,0.0,0,0,0,0,0,4
5829,Juan Carlos Calvo,1930,-,Delantero,0,0,0,4,0,0.0,0,0,0,0,0,1
5830,Francisco Camera,1970,14,Defensor,0,0,0,6,0,0.0,0,0,0,0,0,4
5831,Martín Campaña,2018,12,Arquero,0,0,0,5,0,0.0,0,0,0,0,0,5
5832,Agustín Canobbio,2022,24,Mediocampista,1,0,0,2,0,0.0,0,0,1,0,0,20
5833,Miguel Cappuccini,1930,-,Arquero,0,0,0,4,0,0.0,0,0,0,0,0,1
5834,Nestor Carballo,1954,16,Defensor,2,2,0,3,0,0.0,0,0,0,0,2,4
5835,Alberto Cardaccio,1974,16,Mediocampista,1,0,0,2,0,0.0,0,0,0,1,0,13
5836,Fabian Carini,2002,1,Arquero,3,3,0,0,0,0.0,1,0,0,2,1,26
5837,Juan Castillo,2010,12,Arquero,0,0,0,7,0,0.0,0,0,0,0,0,4
5838,Hector Castro,1930,-,Delantero,2,2,0,2,2,1.0,0,0,2,0,0,1
5839,Luis Ernesto Castro,1954,22,Delantero,0,0,0,5,0,0.0,0,0,0,0,0,4
5840,William Castro,1990,21,Mediocampista,0,0,0,4,0,0.0,0,0,0,0,0,16
5841,Edinson Cavani,2010,7,Delantero,6,6,0,1,1,0.17,0,0,3,1,2,4
5841,Edinson Cavani,2014,21,Delantero,4,4,0,0,1,0.25,0,0,2,0,2,12
5841,Edinson Cavani,2018,21,Delantero,4,4,0,1,3,0.75,0,0,4,0,0,5
5841,Edinson Cavani,2022,21,Delantero,3,1,0,0,0,0.0,1,0,1,1,1,20
5842,Pedro Cea,1930,-,Delantero,4,4,0,0,5,1.25,0,0,4,0,0,1
5843,Sebastián Coates,2014,19,Defensor,1,0,0,3,0,0.0,0,0,1,0,0,12
5843,Sebastián Coates,2018,19,Defensor,1,1,0,4,0,0.0,0,0,1,0,0,5
5843,Sebastián Coates,2022,19,Defensor,2,2,0,1,0,0.0,1,0,1,0,1,20
5844,Ruben Corbo,1974,11,Delantero,2,2,0,1,0,0.0,0,0,0,1,1,13
5845,Walter Corbo,1970,22,Arquero,0,0,0,6,0,0.0,0,0,0,0,0,4
5846,Carlos Correa,1990,15,Mediocampista,1,0,0,3,0,0.0,0,0,0,1,0,16
5847,Julio Cortes,1962,8,Mediocampista,1,1,0,2,0,0.0,0,0,0,0,1,13
5847,Julio Cortes,1966,7,Mediocampista,4,4,0,0,1,0.25,0,0,1,2,1,7
5847,Julio Cortes,1970,20,Mediocampista,6,5,0,0,0,0.0,1,0,2,1,3,4
5848,Luis Cruz,1954,17,Mediocampista,5,5,0,0,0,0.0,0,0,3,0,2,4
5849,Luis Cubilla,1962,11,Delantero,2,2,0,1,1,0.5,0,0,1,0,1,13
5849,Luis Cubilla,1970,7,Mediocampista,5,5,0,1,1,0.2,0,0,2,1,2,4
5849,Luis Cubilla,1974,7,Mediocampista,2,1,0,1,0,0.0,0,0,0,0,2,13
5850,Pedro Cubilla,1962,6,Mediocampista,0,0,0,3,0,0.0,0,0,0,0,0,13
5851,Jorge Da Silva,1986,9,Delantero,3,2,0,1,0,0.0,2,0,0,1,2,16
5852,Mirto Davoine,1954,13,Defensor,0,0,0,5,0,0.0,0,0,0,0,0,4
5853,Giorgian De Arrascaeta,2018,10,Delantero,2,1,0,3,0,0.0,0,0,2,0,0,5
5853,Giorgian De Arrascaeta,2022,10,Mediocampista,2,1,0,1,2,1.0,0,0,1,0,1,20
5854,Nicolás de la Cruz,2022,7,Mediocampista,2,0,0,1,0,0.0,0,0,1,1,0,20
5855,Hugo De Leon,1990,3,Defensor,4,4,0,0,0,0.0,0,0,1,1,2,16
5857,Gustavo De Simone,1974,13,Defensor,0,0,0,3,0,0.0,0,0,0,0,0,13
5858,Nelson Diaz,1966,13,Defensor,0,0,0,4,0,0.0,0,0,0,0,0,7
5859,Victor Diogo,1986,4,Defensor,3,3,0,1,0,0.0,2,0,0,2,1,16
5860,Alfonso Dominguez,1990,6,Defensor,4,4,0,0,0,0.0,0,0,1,1,2,16
5861,Pablo Dorado,1930,-,Delantero,3,3,0,1,2,0.67,0,0,3,0,0,1
5862,Sebastian Eguren,2010,8,Mediocampista,1,0,0,6,0,0.0,0,0,0,1,0,4
5863,Federico Elduayen,2002,23,Arquero,0,0,0,3,0,0.0,0,0,0,0,0,26
5864,Guillermo Escalada,1962,23,Delantero,0,0,0,3,0,0.0,0,0,0,0,0,13
5865,Victor Esparrago,1966,21,Mediocampista,0,0,0,4,0,0.0,0,0,0,0,0,7
5865,Victor Esparrago,1970,9,Mediocampista,6,3,0,0,1,0.17,0,0,2,1,3,4
5865,Victor Esparrago,1974,8,Mediocampista,3,3,0,0,0,0.0,1,0,0,1,2,13
5866,Alvaro Fernandez,2010,20,Mediocampista,4,1,0,3,0,0.0,0,0,3,1,0,4
5867,Gustavo Fernandez,1974,22,Arquero,0,0,0,3,0,0.0,0,0,0,0,0,13
5869,Sebastian Fernandez,2010,21,Delantero,2,0,0,5,0,0.0,0,0,1,0,1,4
5870,Daniel Fonseca,1990,19,Delantero,2,1,0,2,1,0.5,0,0,1,0,1,16
5871,Dagoberto Fontes,1970,15,Delantero,4,3,0,2,0,0.0,2,0,1,0,3,4
5872,Diego Forlan,2002,21,Delantero,1,0,0,2,1,1.0,0,0,0,1,0,26
5872,Diego Forlan,2010,10,Delantero,7,7,1,0,5,0.71,0,0,3,2,2,4
5872,Diego Forlan,2014,10,Delantero,2,2,0,2,0,0.0,0,0,0,0,2,12
5873,Pablo Forlan,1966,4,Defensor,0,0,0,4,0,0.0,0,0,0,0,0,7
5873,Pablo Forlan,1974,4,Defensor,3,3,0,0,0,0.0,1,0,0,1,2,13
5874,Enzo Francescoli,1986,10,Mediocampista,4,4,0,0,1,0.25,1,0,0,2,2,16
5874,Enzo Francescoli,1990,9,Mediocampista,4,4,4,0,0,0.0,1,0,1,1,2,16
5875,Jorge Fucile,2010,4,Defensor,5,5,0,2,0,0.0,2,0,3,1,1,4
5875,Jorge Fucile,2014,4,Defensor,1,0,0,3,0,0.0,0,0,1,0,0,12
5876,Schubert Gambetta,1950,-,Defensor,2,2,0,2,0,0.0,0,0,2,0,0,1
5877,Pablo Garcia,2002,5,Mediocampista,3,3,0,0,0,0.0,2,0,0,2,1,26
5878,Walter Gargano,2010,5,Mediocampista,3,1,0,4,0,0.0,0,0,1,0,2,4
5878,Walter Gargano,2014,5,Mediocampista,1,1,0,3,0,0.0,1,0,0,0,1,12
5879,Luis Garisto,1974,14,Defensor,2,2,0,1,0,0.0,0,0,0,1,1,13
5880,Alvaro Gestido,1930,-,Mediocampista,4,4,0,0,0,0.0,0,0,4,0,0,1
5881,Alcides Ghiggia,1950,-,Delantero,4,4,0,0,4,1.0,0,0,3,1,0,1
5882,José María Giménez,2014,13,Defensor,3,3,0,1,0,0.0,1,0,2,0,1,12
5882,José María Giménez,2018,2,Defensor,4,4,0,1,1,0.25,0,0,3,0,1,5
5882,José María Giménez,2022,2,Defensor,3,3,0,0,0,0.0,1,0,1,1,1,20
5883,Diego Godin,2010,3,Defensor,5,5,0,2,0,0.0,0,0,2,1,2,4
5883,Diego Godin,2014,3,Defensor,4,4,3,0,1,0.25,1,0,2,0,2,12
5883,Diego Godin,2018,3,Defensor,5,5,5,0,0,0.0,0,0,4,0,1,5
5883,Diego Godin,2022,3,Defensor,2,2,2,1,0,0.0,0,0,0,1,1,20
5884,Alberto Gomez,1970,18,Delantero,1,0,0,5,0,0.0,0,0,1,0,0,4
5885,Jose Gomez,1974,21,Delantero,0,0,0,3,0,0.0,0,0,0,0,0,13
5887,Nestor Goncalves,1962,5,Defensor,3,3,0,0,0,0.0,0,0,1,0,2,13
5887,Nestor Goncalves,1966,5,Defensor,4,4,0,0,0,0.0,0,0,1,2,1,7
5888,Alvaro González,2014,20,Mediocampista,4,3,0,0,0,0.0,0,0,2,0,2,12
5889,Edgardo Gonzalez,1962,16,Mediocampista,0,0,0,3,0,0.0,0,0,0,0,0,13
5890,Ignacio Gonzalez,2010,18,Mediocampista,1,1,0,6,0,0.0,0,0,0,1,0,4
5891,Juan Carlos Gonzalez,1950,-,Mediocampista,2,2,0,2,0,0.0,0,0,1,1,0,1
5892,Mario Gonzalez,1974,15,Defensor,0,0,0,3,0,0.0,0,0,0,0,0,13
5893,Matias Gonzalez,1950,-,Defensor,4,4,0,0,0,0.0,0,0,3,1,0,1
5894,Ruben Gonzalez,1962,17,Defensor,0,0,0,3,0,0.0,0,0,0,0,0,13
5895,Gianni Guigou,2002,7,Mediocampista,2,1,0,1,0,0.0,0,0,0,1,1,26
5896,Nelson Gutierrez,1986,2,Defensor,4,4,0,0,0,0.0,0,0,0,2,2,16
5896,Nelson Gutierrez,1990,2,Defensor,4,4,0,0,0,0.0,1,0,1,1,2,16
5897,Abel Hernández,2014,8,Delantero,2,0,0,2,0,0.0,0,0,0,0,2,12
5898,Jose Herrera,1990,4,Defensor,3,3,0,1,0,0.0,1,0,1,1,1,16
5899,Juan Hohberg,1954,8,Delantero,2,2,0,3,3,1.5,0,0,0,0,2,4
5900,Victoriano Iriarte,1930,-,Delantero,4,4,0,0,2,0.5,0,0,4,0,0,1
5901,Baudilio Jauregui,1974,2,Defensor,3,3,0,0,0,0.0,1,0,0,1,2,13
5902,Julio Cesar Jimenez,1974,17,Mediocampista,0,0,0,3,0,0.0,0,0,0,0,0,13
5903,Ronald Langon,1962,19,Delantero,1,1,0,2,0,0.0,0,0,1,0,0,13
5904,Diego Laxalt,2018,17,Mediocampista,4,3,0,1,0,0.0,0,0,3,0,1,5
5905,Alejandro Lembo,2002,3,Defensor,2,2,0,1,0,0.0,0,0,0,2,0,26
5906,Roberto Leopardi,1954,6,Mediocampista,0,0,0,5,0,0.0,0,0,0,0,0,4
5907,Nicolas Lodeiro,2010,14,Mediocampista,3,0,0,4,0,0.0,0,1,1,2,0,4
5907,Nicolas Lodeiro,2014,14,Mediocampista,3,2,0,1,0,0.0,0,0,2,0,1,12
5908,Julio Losada,1970,21,Delantero,2,2,0,4,0,0.0,0,0,1,0,1,4
5909,Diego Lugano,2010,2,Defensor,6,6,6,1,0,0.0,1,0,3,2,1,4
5909,Diego Lugano,2014,2,Defensor,1,1,1,3,0,0.0,2,0,0,0,1,12
5910,Julio Maceiras,1954,12,Arquero,0,0,0,5,0,0.0,0,0,0,0,0,4
5911,Federico Magallanes,2002,11,Delantero,2,0,0,1,0,0.0,0,0,0,1,1,26
5912,Luis Maidana,1962,12,Arquero,0,0,0,3,0,0.0,0,0,0,0,0,13
5913,Ildo Maneiro,1970,10,Mediocampista,6,6,0,0,1,0.17,1,0,2,1,3,4
5914,Jorge Manicera,1966,3,Defensor,4,4,0,0,0,0.0,0,0,1,2,1,7
5915,Walter Mantegazza,1974,18,Mediocampista,3,3,0,0,0,0.0,1,0,0,1,2,13
5916,Sergio Martinez,1990,17,Delantero,1,1,0,3,0,0.0,0,0,1,0,0,16
5917,William Martinez,1950,-,Defensor,0,0,0,4,0,0.0,0,0,0,0,0,1
5918,Ernesto Mascheroni,1930,-,Defensor,3,3,0,1,0,0.0,0,0,3,0,0,1
5919,Juan Masnik,1974,3,Defensor,3,1,1,0,0,0.0,1,0,0,1,2,13
5920,Roque Maspoli,1950,-,Arquero,3,3,0,1,0,0.0,0,0,2,1,0,1
5920,Roque Maspoli,1954,1,Arquero,5,5,0,0,0,0.0,0,0,3,0,2,4
5921,Roberto Matosas,1970,3,Defensor,6,6,0,0,0,0.0,0,0,2,1,3,4
5922,Ladislao Mazurkiewicz,1966,1,Arquero,4,4,0,0,0,0.0,0,0,1,2,1,7
5922,Ladislao Mazurkiewicz,1970,1,Arquero,6,6,0,0,0,0.0,0,0,2,1,3,4
5922,Ladislao Mazurkiewicz,1974,1,Arquero,3,3,2,0,0,0.0,0,0,0,1,2,13
5923,Angel Melogno,1930,-,Mediocampista,0,0,0,4,0,0.0,0,0,0,0,0,1
5924,Gustavo Mendez,2002,2,Defensor,1,1,0,2,0,0.0,1,0,0,0,1,26
5926,Omar Mendez,1954,20,Delantero,1,1,0,4,0,0.0,0,0,0,0,1,4
5927,Oscar Miguez,1950,-,Delantero,4,4,0,0,5,1.25,0,0,3,1,0,1
5927,Oscar Miguez,1954,9,Delantero,3,3,0,2,3,1.0,0,0,3,0,0,4
5928,Denis Milar,1974,19,Delantero,3,2,0,0,0,0.0,0,0,0,1,2,13
5929,Paolo Montero,2002,4,Defensor,3,3,3,0,0,0.0,1,0,0,2,1,26
5930,Julio Montero Castillo,1974,5,Defensor,1,1,0,2,0,0.0,0,1,0,0,1,13
5931,Julio Morales,1970,11,Delantero,3,3,0,3,0,0.0,0,0,1,0,2,4
5932,Richard Morales,2002,18,Delantero,2,0,0,1,1,0.5,0,0,0,1,1,26
5933,Ruben Moran,1950,-,Delantero,1,1,0,3,0,0.0,0,0,1,0,0,1
5934,Fernando Morena,1974,9,Delantero,3,3,0,0,0,0.0,0,0,0,1,2,13
5935,Juan Mujica,1970,6,Defensor,6,6,0,0,1,0.17,1,0,2,1,3,4
5936,Rodrigo Muñoz,2014,12,Arquero,0,0,0,4,0,0.0,0,0,0,0,0,12
5937,Gustavo Munua,2002,12,Arquero,0,0,0,3,0,0.0,0,0,0,0,0,26
5938,Fernando Muslera,2010,1,Arquero,7,7,0,0,0,0.0,0,0,3,2,2,4
5938,Fernando Muslera,2014,1,Arquero,4,4,0,0,0,0.0,1,0,2,0,2,12
5938,Fernando Muslera,2018,1,Arquero,5,5,0,0,0,0.0,0,0,4,0,1,5
5938,Fernando Muslera,2022,1,Arquero,0,0,0,3,0,0.0,0,0,0,0,0,20
5939,Nahitan Nández,2018,8,Mediocampista,5,4,0,0,0,0.0,0,0,4,0,1,5
5940,Jose Nasazzi,1930,-,Defensor,4,4,4,0,0,0.0,0,0,4,0,0,1
5941,Darwin Núñez,2022,11,Delantero,3,3,0,0,0,0.0,1,0,1,1,1,20
5942,Fabian O'Neill,2002,10,Delantero,0,0,0,3,0,0.0,0,0,0,0,0,26
5943,Mathías Olivera,2022,16,Defensor,3,3,0,0,0,0.0,1,0,1,1,1,20
5944,Nicolas Olivera,2002,15,Mediocampista,0,0,0,3,0,0.0,0,0,0,0,0,26
5945,Washington Ortuno,1950,-,Mediocampista,0,0,0,4,0,0.0,0,0,0,0,0,1
5946,Santiago Ostolaza,1990,8,Mediocampista,3,3,0,1,0,0.0,1,0,1,0,2,16
5947,Celso Otero,1986,22,Arquero,0,0,0,4,0,0.0,0,0,0,0,0,16
5948,Ricardo Pavoni,1974,6,Defensor,3,3,0,0,1,0.33,0,0,0,1,2,13
5949,Anibal Paz,1950,-,Arquero,1,1,0,3,0,0.0,0,0,1,0,0,1
5950,Ruben Paz,1986,18,Mediocampista,1,0,0,3,0,0.0,0,0,0,0,1,16
5950,Ruben Paz,1990,10,Mediocampista,3,3,0,1,0,0.0,0,0,1,1,1,16
5951,Facundo Pellistri,2022,8,Delantero,3,2,0,0,0,0.0,0,0,1,1,1,20
5952,Jose Perdomo,1990,5,Mediocampista,4,4,0,0,0,0.0,2,0,1,1,2,16
5953,Alfonso Pereira,1986,14,Defensor,2,2,0,2,0,0.0,0,0,0,1,1,16
5954,Alvaro Pereira,2010,11,Mediocampista,5,5,0,2,1,0.2,0,0,3,1,1,4
5954,Alvaro Pereira,2014,6,Mediocampista,3,3,0,1,0,0.0,0,0,2,0,1,12
5955,Eduardo Pereira,1990,12,Arquero,0,0,0,4,0,0.0,0,0,0,0,0,16
5956,Maximiliano Pereira,2010,16,Defensor,7,7,0,0,1,0.14,1,0,3,2,2,4
5956,Maximiliano Pereira,2014,16,Defensor,3,2,0,1,0,0.0,0,1,1,0,2,12
5956,Maximiliano Pereira,2018,16,Defensor,0,0,0,5,0,0.0,0,0,0,0,0,5
5957,Ruben Pereira,1990,20,Mediocampista,2,2,0,2,0,0.0,0,0,0,1,1,16
5958,Diego Perez,2010,15,Mediocampista,7,7,0,0,0,0.0,2,0,3,2,2,4
5958,Diego Perez,2014,15,Mediocampista,0,0,0,4,0,0.0,0,0,0,0,0,12
5959,Domingo Perez,1962,7,Delantero,3,3,0,0,0,0.0,0,0,1,0,2,13
5959,Domingo Perez,1966,11,Delantero,4,4,0,0,0,0.0,0,0,1,2,1,7
5960,Julio Perez,1950,-,Delantero,4,4,0,0,1,0.25,0,0,3,1,0,1
5960,Julio Perez,1954,21,Delantero,0,0,0,5,0,0.0,0,0,0,0,0,4
5961,Pedro Petrone,1930,-,Delantero,1,1,0,3,0,0.0,0,0,1,0,0,1
5962,Rodolfo Pini,1950,-,Mediocampista,0,0,0,4,0,0.0,0,0,0,0,0,1
5963,Jose Pintos,1990,14,Defensor,1,1,0,3,0,0.0,1,0,0,0,1,16
5964,Conduelo Piriz,1930,-,Mediocampista,0,0,0,4,0,0.0,0,0,0,0,0,1
5965,Gastón Ramírez,2014,18,Mediocampista,2,0,0,2,0,0.0,0,0,1,0,1,12
5966,Luis Ramos,1966,20,Defensor,0,0,0,4,0,0.0,0,0,0,0,0,7
5967,Venancio Ramos,1986,19,Delantero,4,2,0,0,0,0.0,0,0,0,2,2,16
5968,Alvaro Recoba,2002,20,Delantero,3,3,0,0,1,0.33,0,0,0,2,1,26
5969,Emilio Recoba,1930,-,Defensor,0,0,0,4,0,0.0,0,0,0,0,0,1
5970,Mario Regueiro,2002,17,Delantero,2,0,0,1,0,0.0,0,0,0,1,1,26
5971,Felipe Revelez,1990,13,Defensor,0,0,0,4,0,0.0,0,0,0,0,0,16
5972,Luis Rijo,1950,-,Delantero,0,0,0,4,0,0.0,0,0,0,0,0,1
5973,Carlos Riolfo,1930,-,Mediocampista,0,0,0,4,0,0.0,0,0,0,0,0,1
5974,Urbano Rivera,1954,15,Mediocampista,0,0,0,5,0,0.0,0,0,0,0,0,4
5975,Eliseo Rivero,1986,15,Defensor,1,1,0,3,0,0.0,0,0,0,0,1,16
5976,Pedro Rocha,1962,10,Mediocampista,2,2,0,1,0,0.0,0,0,1,0,1,13
5976,Pedro Rocha,1966,10,Delantero,4,4,0,0,1,0.25,0,0,1,2,1,7
5976,Pedro Rocha,1970,8,Mediocampista,1,1,1,5,0,0.0,0,0,1,0,0,4
5976,Pedro Rocha,1974,10,Mediocampista,3,3,0,0,0,0.0,0,0,0,1,2,13
5977,Sergio Rochet,2022,23,Arquero,3,3,0,0,0,0.0,0,0,1,1,1,20
5978,Cristian Rodríguez,2014,7,Mediocampista,4,4,0,0,0,0.0,0,0,2,0,2,12
5978,Cristian Rodríguez,2018,7,Mediocampista,5,1,0,0,0,0.0,1,0,4,0,1,5
5979,Dario Rodriguez,2002,6,Defensor,3,3,0,0,1,0.33,1,0,0,2,1,26
5981,Rodolfo Rodriguez,1986,1,Arquero,0,0,0,4,0,0.0,0,0,0,0,0,16
5982,Victor Rodriguez Andrade,1950,-,Mediocampista,4,4,0,0,0,0.0,0,0,3,1,0,1
5982,Victor Rodriguez Andrade,1954,4,Defensor,5,5,0,0,0,0.0,0,0,3,0,2,4
5983,Carlos Romero,1950,-,Mediocampista,0,0,0,4,0,0.0,0,0,0,0,0,1
5984,Marcelo Romero,2002,16,Mediocampista,2,2,0,1,0,0.0,2,0,0,2,0,26
5985,Jose Salazar,1986,17,Mediocampista,1,0,0,3,0,0.0,0,0,0,0,1,16
5986,Zoilo Saldombide,1930,-,Delantero,0,0,0,4,0,0.0,0,0,0,0,0,1
5987,Hector Salva,1966,17,Delantero,1,1,0,3,0,0.0,0,0,0,0,1,7
5988,Carlos Sánchez,2014,6,Mediocampista,4,4,0,1,0,0.0,1,0,3,0,1,5
5988,Carlos Sánchez,2018,5,Mediocampista,3,1,0,2,0,0.0,0,0,3,0,0,5
5989,Rodolfo Sandoval,1970,13,Mediocampista,1,0,0,5,0,0.0,0,0,0,0,1,4
5990,Jose Santamaria,1954,2,Defensor,5,5,0,0,0,0.0,0,0,3,0,2,4
5990,Jose Santamaria,1962,19,Defensor,2,2,0,1,0,0.0,0,0,1,0,1,12
5991,Sergio Santin,1986,11,Mediocampista,4,4,0,0,0,0.0,1,0,0,2,2,16
5992,Hector Santos,1970,12,Arquero,0,0,0,6,0,0.0,0,0,0,0,0,4
5992,Hector Santos,1974,12,Arquero,0,0,0,3,0,0.0,0,0,0,0,0,13
5993,Mario Saralegui,1986,16,Mediocampista,3,1,0,1,0,0.0,1,0,0,2,1,16
5994,Jose Sasia,1962,9,Delantero,3,3,0,0,2,0.67,0,0,1,0,2,13
5994,Jose Sasia,1966,9,Delantero,2,2,0,2,0,0.0,0,0,1,1,0,7
5995,Hector Scarone,1930,-,Delantero,3,3,0,1,1,0.33,0,0,3,0,0,1
5996,Juan Schiaffino,1950,-,Delantero,4,4,0,0,3,0.75,0,0,3,1,0,1
5996,Juan Schiaffino,1954,10,Delantero,5,5,0,0,2,0.4,0,0,3,0,2,4
5997,Andres Scotti,2010,19,Defensor,2,0,0,5,0,0.0,0,0,1,1,0,4
5998,Dario Silva,2002,9,Delantero,3,3,0,0,0,0.0,1,0,0,2,1,26
5999,Gastón Silva,2018,13,Defensor,0,0,0,5,0,0.0,0,0,0,0,0,5
6000,Hector Silva,1962,21,Delantero,0,0,0,3,0,0.0,0,0,0,0,0,13
6000,Hector Silva,1966,19,Mediocampista,2,2,0,2,0,0.0,1,1,0,1,1,7
6001,Juan Silva,1974,20,Delantero,0,0,0,3,0,0.0,0,0,0,0,0,13
6002,Martin Silva,2010,23,Arquero,0,0,0,7,0,0.0,0,0,0,0,0,4
6002,Martin Silva,2014,23,Arquero,0,0,0,4,0,0.0,0,0,0,0,0,12
6003,Ruben Soria,1962,15,Defensor,0,0,0,3,0,0.0,0,0,0,0,0,13
6004,Gonzalo Sorondo,2002,14,Defensor,3,3,0,0,0,0.0,0,0,0,2,1,26
6005,Roberto Sosa,1962,1,Arquero,3,3,0,0,0,0.0,0,0,1,0,2,13
6005,Roberto Sosa,1966,12,Arquero,0,0,0,4,0,0.0,0,0,0,0,0,7
6006,Ruben Sosa,1990,11,Delantero,4,3,0,0,0,0.0,1,0,1,1,2,16
6008,Rafael Souto,1954,18,Delantero,1,1,0,4,0,0.0,0,0,0,0,1,4
6009,Christian Stuani,2014,11,Delantero,4,1,0,0,0,0.0,0,0,2,0,2,12
6009,Christian Stuani,2018,11,Delantero,2,1,0,3,0,0.0,0,0,1,0,1,5
6010,Luis Suarez,1962,21,Mediocampista,2,2,0,1,0,0.0,0,0,1,0,1,12
6010,Luis Suarez,1966,10,Mediocampista,2,2,0,1,0,0.0,0,0,1,0,1,10
6010,Luis Suarez,2010,9,Delantero,6,6,0,1,3,0.5,0,1,3,2,1,4
6010,Luis Suarez,2014,9,Delantero,2,2,0,2,2,1.0,0,0,2,0,0,12
6010,Luis Suarez,2018,9,Delantero,5,5,0,0,2,0.4,0,0,4,0,1,5
6010,Luis Suarez,2022,9,Delantero,3,2,1,0,0,0.0,1,0,1,1,1,20
6011,Walter Taibo,1966,22,Arquero,0,0,0,4,0,0.0,0,0,0,0,0,7
6012,Domingo Tejera,1930,-,Defensor,1,1,0,3,0,0.0,0,0,1,0,0,1
6013,Eusebio Tejera,1950,-,Defensor,4,4,0,0,0,0.0,0,0,3,1,0,1
6013,Eusebio Tejera,1954,14,Defensor,0,0,0,5,0,0.0,0,0,0,0,0,4
6014,Lucas Torreira,2018,14,Mediocampista,5,3,0,0,0,0.0,0,0,4,0,1,5
6014,Lucas Torreira,2022,14,Mediocampista,0,0,0,3,0,0.0,0,0,0,0,0,20
6015,Facundo Torres,2022,20,Delantero,0,0,0,3,0,0.0,0,0,0,0,0,20
6016,Horacio Troche,1962,2,Defensor,3,3,3,0,0,0.0,0,0,1,0,2,13
6016,Horacio Troche,1966,2,Defensor,4,4,4,0,0,0.0,0,1,1,2,1,7
6017,Luis Ubina,1966,15,Defensor,4,4,0,0,0,0.0,0,0,1,2,1,7
6017,Luis Ubina,1970,4,Defensor,6,6,5,0,0,0.0,1,0,2,1,3,4
6018,Manuel Ugarte,2022,25,Mediocampista,0,0,0,3,0,0.0,0,0,0,0,0,20
6019,Santos Urdinaran,1930,-,Delantero,1,1,0,3,0,0.0,0,0,1,0,0,1
6020,Jonathan Urretaviscaya,2018,20,Delantero,1,0,0,4,0,0.0,0,0,0,0,1,5
6021,Jose Urruzmendi,1966,8,Delantero,0,0,0,4,0,0.0,0,0,0,0,0,7
6022,Federico Valverde,2022,15,Mediocampista,3,3,0,0,0,0.0,0,0,1,1,1,20
6023,Guillermo Varela,2018,4,Defensor,2,2,0,3,0,0.0,0,0,2,0,0,5
6023,Guillermo Varela,2022,13,Defensor,3,2,0,0,0,0.0,0,0,1,1,1,20
6024,Gustavo Varela,2002,8,Mediocampista,3,3,0,0,0,0.0,0,0,0,2,1,26
6025,Obdulio Varela,1950,-,Mediocampista,4,4,4,0,1,0.25,0,0,3,1,0,1
6025,Obdulio Varela,1954,5,Mediocampista,3,3,3,2,1,0.33,0,0,3,0,0,4
6026,Matías Vecino,2018,15,Mediocampista,5,5,0,0,0,0.0,0,0,4,0,1,5
6026,Matías Vecino,2022,5,Mediocampista,3,2,0,0,0,0.0,0,0,1,1,1,20
6027,Cesar Vega,1986,13,Defensor,0,0,0,4,0,0.0,0,0,0,0,0,16
6028,Mauricio Victorino,2010,6,Defensor,5,4,0,2,0,0.0,1,0,2,2,1,4
6029,Ernesto Vidal,1950,-,Delantero,3,3,0,1,1,0.33,0,0,2,1,0,1
6030,Milton Viera,1966,18,Delantero,3,3,0,1,0,0.0,0,0,1,2,0,7
6031,Hector Vilches,1950,-,Defensor,0,0,0,4,0,0.0,0,0,0,0,0,1
6032,Matías Viña,2022,17,Defensor,2,0,0,1,0,0.0,0,0,0,1,1,20
6033,Adolfo Zeoli,1990,22,Arquero,0,0,0,4,0,0.0,0,0,0,0,0,16
6034,Oscar Zubia,1970,19,Delantero,2,1,0,4,0,0.0,0,0,0,1,1,4
6035,Ruediger Abramczik,1978,7,Delantero,3,3,0,3,1,0.33,1,0,0,2,1,6
6036,Karim Adeyemi,2022,24,Delantero,0,0,0,3,0,0.0,0,0,0,0,0,17
6037,Ernst Albrecht,1934,-,Mediocampista,0,0,0,4,0,0.0,0,0,0,0,0,3
6038,Karl Allgoewer,1986,13,Mediocampista,0,0,0,7,0,0.0,0,0,0,0,0,2
6039,Klaus Allofs,1986,19,Delantero,7,7,0,0,2,0.29,1,0,3,2,2,2
6040,Thomas Allofs,1982,16,Delantero,0,0,0,7,0,0.0,0,0,0,0,0,2
6041,Dennis Aogo,2010,4,Defensor,1,1,0,6,0,0.0,1,0,1,0,0,3
6042,Gerald Asamoah,2002,14,Delantero,3,0,0,4,0,0.0,0,0,2,0,1,2
6042,Gerald Asamoah,2006,14,Delantero,1,0,0,6,0,0.0,0,0,1,0,0,3
6043,Klaus Augenthaler,1986,15,Defensor,2,2,0,5,0,0.0,0,0,1,1,0,2
6043,Klaus Augenthaler,1990,5,Defensor,7,7,0,0,0,0.0,0,0,5,2,0,1
6044,Raimond Aumann,1990,12,Arquero,0,0,0,7,0,0.0,0,0,0,0,0,1
6045,Markus Babbel,1998,14,Defensor,2,1,0,3,0,0.0,1,0,2,0,0,7
6046,Holger Badstuber,2010,14,Defensor,2,2,0,5,0,0.0,0,0,1,0,1,3
6047,Michael Ballack,2002,13,Mediocampista,6,6,0,1,3,0.5,3,0,5,1,0,2
6047,Michael Ballack,2006,13,Mediocampista,5,5,5,2,0,0.0,1,0,3,1,1,3
6048,Mario Basler,1994,21,Mediocampista,1,0,0,4,0,0.0,0,0,1,0,0,5
6050,Frank Baumann,2002,4,Defensor,1,0,0,6,0,0.0,1,0,1,0,0,2
6051,Franz Beckenbauer,1966,4,Mediocampista,6,6,0,0,4,0.67,2,0,4,1,1,2
6051,Franz Beckenbauer,1970,4,Defensor,5,5,0,1,1,0.2,0,0,4,0,1,3
6051,Franz Beckenbauer,1974,5,Defensor,7,7,7,0,0,0.0,0,0,6,0,1,1
6052,Erich Beer,1978,15,Mediocampista,4,3,0,2,0,0.0,0,0,0,3,1,6
6053,Uwe Bein,1990,15,Mediocampista,4,4,0,3,1,0.25,0,0,3,1,0,1
6054,Armel Bella-Kotchap,2022,25,Defensor,0,0,0,3,0,0.0,0,0,0,0,0,17
6055,Jakob Bender,1934,-,Delantero,2,2,0,2,0,0.0,0,0,1,0,1,3
6056,Guenter Bernard,1966,21,Arquero,0,0,0,6,0,0.0,0,0,0,0,0,2
6057,Thomas Berthold,1986,14,Defensor,6,6,0,1,0,0.0,0,1,2,2,2,2
6057,Thomas Berthold,1990,14,Defensor,7,7,0,0,0,0.0,1,0,5,2,0,1
6057,Thomas Berthold,1994,14,Defensor,5,5,0,0,0,0.0,0,0,3,1,1,5
6058,Oliver Bierhoff,1998,20,Delantero,5,5,0,0,3,0.6,0,0,3,1,1,7
6058,Oliver Bierhoff,2002,20,Delantero,5,0,0,2,1,0.2,0,0,3,1,1,2
6059,Uli Biesinger,1954,18,Mediocampista,0,0,0,6,0,0.0,0,0,0,0,0,1
6060,Jérôme Boateng,2010,20,Defensor,5,5,0,2,0,0.0,0,0,4,0,1,3
6060,Jérôme Boateng,2014,20,Defensor,7,7,0,0,0,0.0,0,0,6,1,0,1
6060,Jérôme Boateng,2018,17,Defensor,2,2,0,1,0,0.0,0,1,1,0,1,22
6061,Marco Bode,2002,17,Delantero,6,3,0,1,1,0.17,0,0,4,1,1,2
6062,Joerg Boehme,2002,18,Defensor,0,0,0,7,0,0.0,0,0,0,0,0,2
6063,Rainer Bonhof,1974,16,Mediocampista,4,4,0,3,1,0.25,0,0,4,0,0,1
6063,Rainer Bonhof,1978,6,Mediocampista,6,6,0,0,0,0.0,1,0,1,4,1,6
6064,Tim Borowski,2006,18,Mediocampista,6,2,0,1,0,0.0,2,0,4,1,1,3
6065,Julian Brandt,2018,20,Mediocampista,3,0,0,0,0,0.0,0,0,1,0,2,22
6065,Julian Brandt,2022,17,Mediocampista,0,0,0,3,0,0.0,0,0,0,0,0,17
6066,Andreas Brehme,1986,3,Defensor,5,5,0,2,1,0.2,0,0,1,2,2,2
6066,Andreas Brehme,1990,3,Defensor,6,6,0,1,3,0.5,3,0,5,1,0,1
6066,Andreas Brehme,1994,3,Defensor,5,3,0,0,0,0.0,1,0,3,1,1,5
6067,Paul Breitner,1974,3,Defensor,7,7,0,0,3,0.43,0,0,6,0,1,1
6067,Paul Breitner,1982,3,Mediocampista,7,7,0,0,1,0.14,0,0,3,2,2,2
6068,Hans-Peter Briegel,1982,2,Defensor,7,7,0,0,0,0.0,1,0,3,2,2,2
6068,Hans-Peter Briegel,1986,2,Defensor,6,6,0,1,0,0.0,1,0,3,2,1,2
6069,Albert Bruells,1962,10,Mediocampista,4,4,0,0,1,0.25,0,0,2,1,1,7
6069,Albert Bruells,1966,7,Mediocampista,2,2,0,4,0,0.0,0,0,1,1,0,2
6070,Fritz Buchloh,1934,-,Arquero,0,0,0,4,0,0.0,0,0,0,0,0,3
6070,Fritz Buchloh,1938,-,Arquero,0,0,0,2,0,0.0,0,0,0,0,0,10
6071,Guido Buchwald,1990,6,Defensor,7,7,0,0,0,0.0,0,0,5,2,0,1
6071,Guido Buchwald,1994,6,Defensor,3,3,0,2,0,0.0,0,0,2,0,1,5
6072,Dieter Burdenski,1978,22,Arquero,0,0,0,6,0,0.0,0,0,0,0,0,6
6073,Willy Busch,1934,-,Defensor,3,3,0,1,0,0.0,0,0,2,0,1,3
6074,Hans-Joerg Butt,2002,23,Arquero,0,0,0,7,0,0.0,0,0,0,0,0,2
6074,Hans-Joerg Butt,2010,22,Arquero,1,1,0,6,0,0.0,0,0,1,0,0,3
6075,Cacau,2010,19,Delantero,4,2,0,3,1,0.25,2,0,3,0,1,3
6076,Hans Ciesclarczyk,1958,14,Delantero,2,2,0,4,1,0.5,0,0,0,0,2,4
6077,Edmund Conen,1934,-,Delantero,4,4,0,0,4,1.0,0,0,3,0,1,3
6078,Bernd Cullmann,1974,8,Defensor,3,3,0,4,1,0.33,0,0,2,0,1,1
6078,Bernd Cullmann,1978,16,Mediocampista,0,0,0,6,0,0.0,0,0,0,0,0,6
6079,Franz Dienert,1934,-,Delantero,0,0,0,4,0,0.0,0,0,0,0,0,3
6080,Peter Dietrich,1970,19,Mediocampista,0,0,0,6,0,0.0,0,0,0,0,0,3
6081,Bernd Dietz,1978,3,Defensor,5,5,0,1,0,0.0,0,0,1,3,1,6
6082,Julian Draxler,2014,14,Mediocampista,1,0,0,6,0,0.0,0,0,1,0,0,1
6082,Julian Draxler,2018,7,Mediocampista,2,2,0,1,0,0.0,0,0,1,0,1,22
6083,Wolfgang Dremmler,1982,6,Mediocampista,7,7,0,0,0,0.0,1,0,3,2,2,2
6084,Erik Durm,2014,15,Defensor,0,0,0,7,0,0.0,0,0,0,0,0,1
6085,Horst Eckel,1954,6,Delantero,6,6,0,0,0,0.0,0,0,5,0,1,1
6085,Horst Eckel,1958,4,Mediocampista,4,4,0,2,0,0.0,0,0,2,1,1,4
6086,Norbert Eder,1986,6,Defensor,7,7,0,0,0,0.0,1,0,3,2,2,2
6087,Stefan Effenberg,1994,20,Mediocampista,3,3,0,2,0,0.0,2,0,2,1,0,5
6088,Lothar Emmerich,1966,11,Delantero,4,4,0,2,1,0.25,0,0,3,0,1,2
6089,Stephan Engels,1982,17,Mediocampista,0,0,0,7,0,0.0,0,0,0,0,0,2
6090,Herbert Erhardt,1954,5,Defensor,0,0,0,6,0,0.0,0,0,0,0,0,1
6090,Herbert Erhardt,1958,2,Defensor,6,6,0,0,0,0.0,0,0,2,2,2,4
6090,Herbert Erhardt,1962,2,Defensor,4,4,0,0,0,0.0,0,0,2,1,1,7
6091,Wolfgang Fahrian,1962,22,Arquero,4,4,0,0,0,0.0,0,0,2,1,1,7
6092,Klaus Fichtel,1970,11,Defensor,5,5,0,1,0,0.0,0,0,5,0,0,3
6093,Klaus Fischer,1978,9,Delantero,5,4,0,1,0,0.0,0,0,1,3,1,6
6093,Klaus Fischer,1982,8,Delantero,6,3,0,1,2,0.33,1,0,2,2,2,2
6094,Heinz Flohe,1974,15,Mediocampista,3,1,0,4,0,0.0,0,0,2,0,1,1
6094,Heinz Flohe,1978,10,Mediocampista,4,4,0,2,2,0.5,0,0,1,3,0,6
6095,Bernd Foerster,1982,5,Defensor,4,4,0,3,0,0.0,1,0,1,2,1,2
6096,Karl-Heinz Foerster,1982,4,Defensor,7,7,0,0,0,0.0,0,0,3,2,2,2
6096,Karl-Heinz Foerster,1986,4,Defensor,7,7,0,0,0,0.0,1,0,3,2,2,2
6097,Bernd Franke,1982,21,Arquero,0,0,0,7,0,0.0,0,0,0,0,0,2
6098,Steffen Freund,1998,15,Mediocampista,0,0,0,5,0,0.0,0,0,0,0,0,7
6099,Arne Friedrich,2006,3,Defensor,6,6,0,1,0,0.0,1,0,4,1,1,3
6099,Arne Friedrich,2010,3,Defensor,7,7,0,0,1,0.14,2,0,5,0,2,3
6100,Torsten Frings,2002,22,Mediocampista,7,7,0,0,0,0.0,1,0,5,1,1,2
6100,Torsten Frings,2006,8,Mediocampista,6,6,0,1,1,0.17,2,0,5,1,0,3
6101,Niclas Füllkrug,2022,9,Delantero,3,0,0,0,2,0.67,0,0,1,1,1,17
6102,Josef Gauchel,1938,-,Delantero,1,1,0,1,1,1.0,0,0,0,1,0,10
6103,Maurizio Gaudino,1994,15,Mediocampista,0,0,0,5,0,0.0,0,0,0,0,0,5
6104,Rudolf Gellesch,1938,-,Delantero,1,1,0,1,0,0.0,0,0,0,1,0,10
6105,Willy Giesemann,1962,15,Mediocampista,2,2,0,2,0,0.0,0,0,1,0,1,7
6106,Matthias Ginter,2014,3,Defensor,0,0,0,7,0,0.0,0,0,0,0,0,1
6106,Matthias Ginter,2018,4,Defensor,0,0,0,3,0,0.0,0,0,0,0,0,22
6106,Matthias Ginter,2022,4,Defensor,1,0,0,2,0,0.0,0,0,1,0,0,17
6107,Serge Gnabry,2022,10,Delantero,3,3,0,0,1,0.33,0,0,1,1,1,17
6108,Ludwig Goldbrunner,1938,-,Mediocampista,1,1,0,1,0,0.0,0,0,0,0,1,10
6110,Leon Goretzka,2018,14,Mediocampista,1,1,0,2,0,0.0,0,0,0,0,1,22
6110,Leon Goretzka,2022,8,Mediocampista,3,2,0,0,0,0.0,1,0,1,1,1,17
6111,Mario Götze,2014,19,Delantero,6,3,0,1,2,0.33,0,0,5,1,0,1
6111,Mario Götze,2022,11,Mediocampista,2,0,0,1,0,0.0,0,0,1,0,1,17
6112,Juergen Grabowski,1966,20,Delantero,0,0,0,6,0,0.0,0,0,0,0,0,2
6112,Juergen Grabowski,1970,20,Delantero,5,1,0,1,0,0.0,0,0,4,0,1,3
6112,Juergen Grabowski,1974,9,Delantero,6,5,0,1,1,0.17,0,0,5,0,1,1
6113,Rudolf Gramlich,1934,-,Mediocampista,1,1,0,3,0,0.0,0,0,1,0,0,3
6114,Kevin Grosskreutz,2014,2,Defensor,0,0,0,7,0,0.0,0,0,0,0,0,1
6115,Ilkay Gündogan,2018,21,Mediocampista,1,0,0,2,0,0.0,0,0,1,0,0,22
6115,Ilkay Gündogan,2022,21,Mediocampista,3,3,0,0,1,0.33,0,0,1,1,1,17
6116,Christian Günter,2022,20,Defensor,0,0,0,3,0,0.0,0,0,0,0,0,17
6117,Thomas Haessler,1990,8,Mediocampista,5,5,0,2,0,0.0,0,0,3,2,0,1
6117,Thomas Haessler,1994,8,Mediocampista,5,5,0,0,0,0.0,1,0,3,1,1,5
6117,Thomas Haessler,1998,10,Mediocampista,4,4,0,1,0,0.0,1,0,3,0,1,7
6118,Wilhelm Hahnemann,1938,-,Delantero,2,2,0,0,1,0.5,0,0,0,1,1,10
6119,Helmut Haller,1962,8,Mediocampista,3,3,0,1,0,0.0,0,0,1,1,1,7
6119,Helmut Haller,1966,8,Mediocampista,5,5,0,1,6,1.2,0,0,3,1,1,2
6119,Helmut Haller,1970,8,Mediocampista,1,1,0,5,0,0.0,0,0,1,0,0,3
6120,Didi Hamann,1998,16,Mediocampista,5,3,0,0,0,0.0,2,0,3,1,1,7
6120,Didi Hamann,2002,8,Mediocampista,6,6,0,1,0,0.0,2,0,4,1,1,2
6121,Mike Hanke,2006,9,Delantero,1,0,0,6,0,0.0,0,0,1,0,0,3
6122,Wilfried Hannes,1982,12,Defensor,0,0,0,7,0,0.0,0,0,0,0,0,2
6123,Sigmund Haringer,1934,-,Defensor,3,3,0,1,0,0.0,0,0,2,0,1,3
6124,Kai Havertz,2022,7,Delantero,2,1,0,1,2,1.0,0,0,1,0,1,17
6125,Jonas Hector,2018,3,Defensor,2,2,0,1,0,0.0,0,0,1,0,1,22
6126,Mathias Heidemann,1934,-,Delantero,1,1,0,3,0,0.0,0,0,1,0,0,3
6127,Joerg Heinrich,1998,3,Defensor,5,5,0,0,0,0.0,2,0,3,1,1,7
6128,Sigi Held,1966,10,Delantero,6,6,0,0,1,0.17,0,0,4,1,1,2
6128,Sigi Held,1970,10,Delantero,3,2,0,3,0,0.0,0,0,2,0,1,3
6129,Thomas Helmer,1994,5,Defensor,3,2,0,2,0,0.0,2,0,2,0,1,5
6129,Thomas Helmer,1998,5,Defensor,2,2,0,3,0,0.0,0,0,2,0,0,7
6130,Matthias Herget,1986,5,Defensor,1,1,0,6,0,0.0,0,0,0,0,1,2
6131,Fritz Herkenrath,1958,1,Arquero,5,5,0,1,0,0.0,0,0,2,2,1,4
6132,Guenter Hermann,1962,18,Delantero,0,0,0,4,0,0.0,0,0,0,0,0,7
6133,Guenther Hermann,1990,21,Mediocampista,0,0,0,7,0,0.0,0,0,0,0,0,1
6134,Richard Herrmann,1954,17,Delantero,1,1,0,5,1,1.0,0,0,0,0,1,1
6135,Dieter Herzog,1974,18,Delantero,2,2,0,5,0,0.0,0,0,2,0,0,1
6136,Jupp Heynckes,1974,11,Delantero,2,2,0,5,0,0.0,0,0,2,0,0,1
6137,Holger Hieronymus,1982,19,Defensor,0,0,0,7,0,0.0,0,0,0,0,0,2
6138,Timo Hildebrand,2006,23,Arquero,0,0,0,7,0,0.0,0,0,0,0,0,3
6139,Thomas Hitzlsperger,2006,15,Mediocampista,1,0,0,6,0,0.0,0,0,1,0,0,3
6140,Bernd Hoelzenbein,1974,17,Delantero,6,4,0,1,0,0.0,0,0,6,0,0,1
6140,Bernd Hoelzenbein,1978,17,Delantero,3,3,0,3,1,0.33,0,0,0,2,1,6
6141,Dieter Hoeness,1986,20,Delantero,2,0,0,5,0,0.0,0,0,0,1,1,2
6142,Uli Hoeness,1974,14,Mediocampista,7,6,0,0,1,0.14,0,0,6,0,1,1
6143,Horst-Dieter Hoettges,1966,2,Defensor,5,5,0,1,0,0.0,0,0,3,1,1,2
6143,Horst-Dieter Hoettges,1970,2,Defensor,4,4,0,2,0,0.0,0,0,4,0,0,3
6143,Horst-Dieter Hoettges,1974,6,Defensor,1,0,0,6,0,0.0,0,0,0,0,1,1
6144,Rudi Hoffmann,1958,18,Defensor,0,0,0,6,0,0.0,0,0,0,0,0,4
6145,Jonas Hofmann,2022,18,Mediocampista,2,0,0,1,0,0.0,0,0,0,1,1,17
6146,Karl Hohmann,1934,-,Delantero,2,2,0,2,2,1.0,0,0,2,0,0,3
6147,Heinz Hornig,1966,13,Delantero,0,0,0,6,0,0.0,0,0,0,0,0,2
6148,Benedikt Höwedes,2014,4,Defensor,7,7,0,0,0,0.0,2,0,6,1,0,1
6149,Horst Hrubesch,1982,9,Delantero,5,3,0,2,1,0.2,1,0,2,1,2,2
6150,Mats Hummels,2014,5,Defensor,6,6,0,1,2,0.33,0,0,5,1,0,1
6150,Mats Hummels,2018,5,Defensor,2,2,0,1,0,0.0,1,0,0,0,2,22
6151,Robert Huth,2006,4,Defensor,1,1,0,6,0,0.0,0,0,1,0,0,3
6152,Bodo Illgner,1990,1,Arquero,7,7,0,0,0,0.0,0,0,5,2,0,1
6152,Bodo Illgner,1994,1,Arquero,5,5,0,0,0,0.0,0,0,3,1,1,5
6153,Eike Immel,1982,22,Arquero,0,0,0,7,0,0.0,0,0,0,0,0,2
6153,Eike Immel,1986,22,Arquero,0,0,0,7,0,0.0,0,0,0,0,0,2
6154,Hans Jakob,1934,-,Arquero,1,1,0,3,0,0.0,0,0,1,0,0,3
6154,Hans Jakob,1938,-,Arquero,0,0,0,2,0,0.0,0,0,0,0,0,10
6155,Ditmar Jakobs,1986,17,Defensor,6,5,0,1,0,0.0,1,0,3,1,2,2
6156,Carsten Jancker,2002,9,Delantero,3,3,0,4,1,0.33,1,0,2,1,0,2
6157,Paul Janes,1934,-,Defensor,2,2,0,2,0,0.0,0,0,2,0,0,3
6157,Paul Janes,1938,-,Defensor,2,2,0,0,0,0.0,0,0,0,1,1,10
6158,Marcell Jansen,2006,2,Defensor,1,1,0,6,0,0.0,0,0,1,0,0,3
6158,Marcell Jansen,2010,2,Mediocampista,4,1,0,3,1,0.25,0,0,3,0,1,3
6159,Jens Jeremies,1998,13,Mediocampista,3,3,0,2,0,0.0,1,0,1,1,1,7
6159,Jens Jeremies,2002,16,Mediocampista,7,2,0,0,0,0.0,1,0,5,1,1,2
6160,Erich Juskowiak,1958,3,Defensor,5,5,0,1,0,0.0,0,0,2,2,1,4
6161,Oliver Kahn,1994,22,Arquero,0,0,0,5,0,0.0,0,0,0,0,0,5
6161,Oliver Kahn,1998,12,Arquero,0,0,0,5,0,0.0,0,0,0,0,0,7
6161,Oliver Kahn,2002,1,Arquero,7,7,7,0,0,0.0,1,0,5,1,1,2
6161,Oliver Kahn,2006,12,Arquero,1,1,1,6,0,0.0,0,0,1,0,0,3
6162,Manfred Kaltz,1978,5,Defensor,6,6,0,0,0,0.0,0,0,1,4,1,6
6162,Manfred Kaltz,1982,20,Defensor,7,7,1,0,0,0.0,0,0,3,2,2,2
6163,Jupp Kappellmann,1974,19,Mediocampista,0,0,0,7,0,0.0,0,0,0,0,0,1
6164,Rudi Kargus,1978,21,Arquero,0,0,0,6,0,0.0,0,0,0,0,0,6
6165,Sebastian Kehl,2002,15,Defensor,2,1,0,5,0,0.0,1,0,2,0,0,2
6165,Sebastian Kehl,2006,5,Mediocampista,4,2,0,3,0,0.0,0,0,3,0,1,3
6166,Thilo Kehrer,2022,5,Defensor,1,1,0,2,0,0.0,1,0,0,1,0,17
6167,Alfred Kelbassa,1958,15,Delantero,1,1,0,5,0,0.0,0,0,0,0,1,4
6168,Sami Khedira,2010,6,Mediocampista,7,7,0,0,1,0.14,1,0,5,0,2,3
6168,Sami Khedira,2014,6,Mediocampista,5,4,0,2,1,0.2,1,0,4,1,0,1
6168,Sami Khedira,2018,6,Mediocampista,2,2,0,1,0,0.0,0,0,0,0,2,22
6169,Stefan Kiessling,2010,9,Delantero,2,0,0,5,0,0.0,0,0,2,0,0,3
6170,Joshua Kimmich,2018,18,Defensor,3,3,0,0,0,0.0,0,0,1,0,2,22
6170,Joshua Kimmich,2022,6,Mediocampista,3,3,0,0,0,0.0,1,0,1,1,1,17
6171,Ulf Kirsten,1994,19,Delantero,0,0,0,5,0,0.0,0,0,0,0,0,5
6171,Ulf Kirsten,1998,9,Delantero,4,0,0,1,0,0.0,0,0,2,1,1,7
6172,Albin Kitzinger,1938,-,Mediocampista,1,1,0,1,0,0.0,0,0,0,1,0,10
6173,Wolfgang Kleff,1974,22,Arquero,0,0,0,7,0,0.0,0,0,0,0,0,1
6174,Juergen Klinsmann,1990,18,Delantero,7,7,0,0,3,0.43,1,0,5,2,0,1
6174,Juergen Klinsmann,1994,18,Delantero,5,5,0,0,5,1.0,2,0,3,1,1,5
6174,Juergen Klinsmann,1998,18,Delantero,5,5,5,0,3,0.6,1,0,3,1,1,7
6175,Berni Klodt,1954,14,Delantero,2,2,0,4,1,0.5,0,0,2,0,0,1
6175,Berni Klodt,1958,13,Delantero,2,2,0,4,0,0.0,0,0,0,2,0,4
6176,Miroslav Klose,2002,11,Delantero,7,7,0,0,5,0.71,1,0,5,1,1,2
6176,Miroslav Klose,2006,11,Delantero,7,7,0,0,5,0.71,0,0,5,1,1,3
6176,Miroslav Klose,2010,11,Delantero,5,5,0,2,4,0.8,0,1,3,0,2,3
6176,Miroslav Klose,2014,11,Delantero,5,3,0,2,2,0.4,0,0,4,1,0,1
6177,Lukas Klostermann,2022,16,Defensor,2,0,0,1,0,0.0,0,0,1,1,0,17
6178,Stanislaus Kobierski,1934,-,Delantero,3,3,0,1,1,0.33,0,0,2,0,1,3
6179,Andreas Koepke,1990,22,Arquero,0,0,0,7,0,0.0,0,0,0,0,0,1
6179,Andreas Koepke,1994,12,Arquero,0,0,0,5,0,0.0,0,0,0,0,0,5
6179,Andreas Koepke,1998,1,Arquero,5,5,0,0,0,0.0,0,0,3,1,1,7
6180,Juergen Kohler,1990,4,Defensor,4,4,0,3,0,0.0,0,0,3,1,0,1
6180,Juergen Kohler,1994,4,Defensor,5,5,0,0,0,0.0,1,0,3,1,1,5
6180,Juergen Kohler,1998,4,Defensor,4,4,0,1,0,0.0,0,0,2,1,1,7
6181,Werner Kohlmeyer,1954,3,Defensor,5,5,0,1,0,0.0,0,0,4,0,1,1
6182,Harald Konopka,1978,13,Defensor,1,0,0,5,0,0.0,0,0,0,1,0,6
6183,Willi Koslowski,1962,7,Delantero,1,1,0,3,0,0.0,0,0,1,0,0,7
6184,Werner Kraemer,1966,19,Delantero,1,1,0,5,0,0.0,0,0,1,0,0,2
6185,Christoph Kramer,2014,23,Mediocampista,3,1,0,4,0,0.0,0,0,3,0,0,1
6186,Engelbert Kraus,1962,17,Delantero,1,1,0,3,0,0.0,0,0,1,0,0,7
6187,Helmut Kremers,1974,20,Defensor,0,0,0,7,0,0.0,0,0,0,0,0,1
6188,Willibald Kress,1934,-,Arquero,3,3,0,1,0,0.0,0,0,2,0,1,3
6189,Toni Kroos,2010,18,Mediocampista,4,0,0,3,0,0.0,0,0,3,0,1,3
6189,Toni Kroos,2014,18,Mediocampista,7,7,0,0,2,0.29,0,0,6,1,0,1
6189,Toni Kroos,2018,8,Mediocampista,3,3,0,0,1,0.33,0,0,1,0,2,22
6190,Heinz Kubsch,1954,21,Arquero,0,0,0,6,0,0.0,0,0,0,0,0,1
6191,Stefan Kuntz,1994,11,Delantero,1,0,0,4,0,0.0,0,0,1,0,0,5
6192,Andreas Kupfer,1938,-,Mediocampista,2,2,0,0,0,0.0,0,0,0,1,1,10
6193,Juergen Kurbjuhn,1962,13,Defensor,0,0,0,4,0,0.0,0,0,0,0,0,7
6194,Heinz Kwiatkowski,1954,22,Arquero,1,1,0,5,0,0.0,0,0,0,0,1,1
6194,Heinz Kwiatkowski,1958,22,Arquero,1,1,0,5,0,0.0,0,0,0,0,1,4
6195,Fritz Laband,1954,2,Defensor,3,3,0,3,0,0.0,0,0,3,0,0,1
6196,Philipp Lahm,2006,16,Defensor,7,7,0,0,1,0.14,0,0,5,1,1,3
6196,Philipp Lahm,2010,16,Defensor,6,6,6,1,0,0.0,1,0,4,0,2,3
6196,Philipp Lahm,2014,16,Mediocampista,7,7,7,0,0,0.0,1,0,6,1,0,1
6197,Jens Lehmann,1998,22,Arquero,0,0,0,5,0,0.0,0,0,0,0,0,7
6197,Jens Lehmann,2002,12,Arquero,0,0,0,7,0,0.0,0,0,0,0,0,2
6197,Jens Lehmann,2006,1,Arquero,6,6,0,1,0,0.0,0,0,4,1,1,3
6198,Ernest Lehner,1934,-,Delantero,4,4,0,0,2,0.5,0,0,3,0,1,3
6198,Ernest Lehner,1938,-,Delantero,2,2,0,0,0,0.0,0,0,0,1,1,10
6199,Stan Libuda,1970,14,Delantero,5,4,0,1,1,0.2,0,0,4,0,1,3
6200,Werner Liebrich,1954,10,Defensor,4,4,0,2,0,0.0,0,0,3,0,1,1
6201,Thomas Linke,2002,2,Defensor,7,7,0,0,1,0.14,0,0,5,1,1,2
6202,Pierre Littbarski,1982,7,Mediocampista,7,6,0,0,2,0.29,1,0,3,2,2,2
6202,Pierre Littbarski,1986,7,Mediocampista,5,1,0,2,0,0.0,0,0,2,2,1,2
6202,Pierre Littbarski,1990,7,Mediocampista,6,3,0,1,1,0.17,0,0,5,1,0,1
6203,Hennes Loehr,1970,17,Delantero,6,4,0,0,0,0.0,1,0,5,0,1,3
6204,Max Lorenz,1966,16,Mediocampista,0,0,0,6,0,0.0,0,0,0,0,0,2
6204,Max Lorenz,1970,16,Defensor,1,0,0,5,0,0.0,1,0,1,0,0,3
6205,Friedel Lutz,1966,14,Defensor,1,1,0,5,0,0.0,0,0,1,0,0,2
6206,Felix Magath,1982,14,Mediocampista,4,4,0,3,0,0.0,0,0,2,1,1,2
6206,Felix Magath,1986,10,Mediocampista,6,6,0,1,0,0.0,1,0,3,2,1,2
6207,Karl Mai,1954,8,Mediocampista,5,5,0,1,0,0.0,0,0,5,0,0,1
6208,Sepp Maier,1966,22,Arquero,0,0,0,6,0,0.0,0,0,0,0,0,2
6208,Sepp Maier,1970,1,Arquero,5,5,0,1,0,0.0,0,0,4,0,1,3
6208,Sepp Maier,1974,1,Arquero,7,7,0,0,0,0.0,0,0,6,0,1,1
6208,Sepp Maier,1978,1,Arquero,6,6,0,0,0,0.0,1,0,1,4,1,6
6209,Manfred Manglitz,1970,21,Arquero,0,0,0,6,0,0.0,0,0,0,0,0,3
6210,Marko Marin,2010,21,Mediocampista,2,0,0,5,0,0.0,0,0,1,0,1,3
6211,Olaf Marschall,1998,11,Delantero,1,0,0,4,0,0.0,0,0,0,0,1,7
6212,Lothar Matthaeus,1982,18,Mediocampista,2,0,0,5,0,0.0,0,0,2,0,0,2
6212,Lothar Matthaeus,1986,8,Mediocampista,7,7,0,0,1,0.14,2,0,3,2,2,2
6212,Lothar Matthaeus,1990,10,Mediocampista,7,7,7,0,4,0.57,1,0,5,2,0,1
6212,Lothar Matthaeus,1994,10,Mediocampista,5,5,5,0,1,0.2,0,0,3,1,1,5
6212,Lothar Matthaeus,1998,8,Mediocampista,4,3,0,1,0,0.0,2,0,2,1,1,7
6213,Paul Mebus,1954,9,Mediocampista,1,1,0,5,0,0.0,0,0,0,0,1,1
6214,Per Mertesacker,2006,17,Defensor,6,6,0,1,0,0.0,0,0,4,1,1,3
6214,Per Mertesacker,2010,17,Defensor,7,7,0,0,0,0.0,0,0,5,0,2,3
6214,Per Mertesacker,2014,17,Defensor,6,4,0,1,0,0.0,0,0,5,1,0,1
6215,Christoph Metzelder,2002,21,Defensor,7,7,0,0,0,0.0,0,0,5,1,1,2
6215,Christoph Metzelder,2006,21,Defensor,6,6,0,1,0,0.0,2,0,4,1,1,3
6216,Karl-Heinz Metzner,1954,11,Mediocampista,0,0,0,6,0,0.0,0,0,0,0,0,1
6217,Frank Mill,1990,11,Delantero,0,0,0,7,0,0.0,0,0,0,0,0,1
6218,Hans Mock,1938,-,Mediocampista,1,1,1,1,0,0.0,0,0,0,1,0,10
6219,Andreas Moeller,1990,17,Mediocampista,2,0,0,5,0,0.0,0,0,2,0,0,1
6219,Andreas Moeller,1994,7,Mediocampista,4,3,0,1,0,0.0,1,0,2,1,1,5
6219,Andreas Moeller,1998,7,Mediocampista,3,2,0,2,1,0.33,0,0,2,1,0,7
6220,Max Morlock,1954,13,Delantero,5,5,0,1,6,1.2,0,0,5,0,0,1
6221,Youssoufa Moukoko,2022,26,Delantero,1,0,0,2,0,0.0,0,0,0,0,1,17
6222,Dieter Mueller,1978,14,Delantero,4,4,0,2,2,0.5,0,0,1,2,1,6
6223,Gerd Mueller,1970,13,Delantero,6,6,0,0,10,1.67,2,0,5,0,1,3
6223,Gerd Mueller,1974,13,Delantero,7,7,0,0,4,0.57,0,0,6,0,1,1
6224,Hansi Mueller,1978,20,Mediocampista,4,3,0,2,1,0.25,1,0,1,2,1,6
6224,Hansi Mueller,1982,10,Mediocampista,2,1,0,5,0,0.0,0,0,0,1,1,2
6225,Reinhold Muenzenberg,1934,-,Defensor,1,1,0,3,0,0.0,0,0,1,0,0,3
6225,Reinhold Muenzenberg,1938,-,Defensor,0,0,0,2,0,0.0,0,0,0,0,0,10
6226,Thomas Müller,2010,13,Mediocampista,6,6,0,1,5,0.83,2,0,5,0,1,3
6226,Thomas Müller,2014,13,Delantero,7,7,0,0,5,0.71,0,0,6,1,0,1
6226,Thomas Müller,2018,13,Mediocampista,3,2,0,0,0,0.0,1,0,1,0,2,22
6226,Thomas Müller,2022,13,Mediocampista,3,3,0,0,0,0.0,0,0,1,1,1,17
6227,Jamal Musiala,2022,14,Mediocampista,3,3,0,0,0,0.0,0,0,1,1,1,17
6228,Shkodran Mustafi,2014,21,Defensor,3,1,0,4,0,0.0,0,0,2,1,0,1
6229,Guenter Netzer,1974,10,Mediocampista,1,0,0,6,0,0.0,0,0,0,0,1,1
6230,Manuel Neuer,2010,1,Arquero,6,6,0,1,0,0.0,0,0,4,0,2,3
6230,Manuel Neuer,2014,1,Arquero,7,7,0,0,0,0.0,0,0,6,1,0,1
6230,Manuel Neuer,2018,1,Arquero,3,3,3,0,0,0.0,0,0,1,0,2,22
6230,Manuel Neuer,2022,1,Arquero,3,3,3,0,0,0.0,0,0,1,1,1,17
6231,Leopold Neumer,1938,-,Delantero,1,1,0,1,0,0.0,0,0,0,0,1,10
6232,Oliver Neuville,2002,7,Delantero,6,4,0,1,1,0.17,1,0,5,0,1,2
6232,Oliver Neuville,2006,10,Delantero,7,0,0,0,1,0.14,0,0,5,1,1,3
6233,Norbert Nigbur,1974,21,Arquero,0,0,0,7,0,0.0,0,0,0,0,0,1
6234,Rudolf Noack,1934,-,Delantero,1,1,0,3,1,1.0,0,0,0,0,1,3
6235,Hans Nowak,1962,12,Defensor,4,4,0,0,0,0.0,0,0,2,1,1,7
6236,Jens Nowotny,2006,6,Defensor,1,1,0,6,0,0.0,0,0,1,0,0,3
6237,Hermann Nuber,1958,20,Defensor,0,0,0,6,0,0.0,0,0,0,0,0,4
6238,David Odonkor,2006,22,Mediocampista,4,0,0,3,0,0.0,2,0,2,1,1,3
6239,Wolfgang Overath,1966,12,Mediocampista,6,6,0,0,0,0.0,1,0,4,1,1,2
6239,Wolfgang Overath,1970,12,Mediocampista,6,6,0,0,1,0.17,1,0,5,0,1,3
6239,Wolfgang Overath,1974,12,Mediocampista,7,7,0,0,2,0.29,1,0,6,0,1,1
6240,Mesut Ozil,2010,8,Mediocampista,7,7,0,0,1,0.14,1,0,5,0,2,3
6240,Mesut Ozil,2014,8,Mediocampista,7,7,0,0,1,0.14,0,0,6,1,0,1
6240,Mesut Ozil,2018,10,Mediocampista,2,2,0,1,0,0.0,0,0,0,0,2,22
6241,Bernd Patzke,1966,15,Defensor,0,0,0,6,0,0.0,0,0,0,0,0,2
6241,Bernd Patzke,1970,15,Defensor,3,2,0,3,0,0.0,0,0,2,0,1,3
6242,Wolfgang Paul,1966,17,Defensor,0,0,0,6,0,0.0,0,0,0,0,0,2
6243,Hans Pesser,1938,-,Delantero,1,1,0,1,0,0.0,0,0,0,1,0,10
6244,Wolfgang Peters,1958,19,Delantero,0,0,0,6,0,0.0,0,0,0,0,0,4
6245,Alfred Pfaff,1954,19,Delantero,1,1,0,5,1,1.0,0,0,0,0,1,1
6246,Hans Pfluegler,1990,19,Defensor,1,1,0,6,0,0.0,0,0,0,1,0,1
6247,Marvin Plattenhardt,2018,2,Defensor,1,1,0,2,0,0.0,0,0,0,0,1,22
6248,Lukas Podolski,2006,20,Delantero,7,7,0,0,3,0.43,1,0,5,1,1,3
6248,Lukas Podolski,2010,10,Delantero,6,6,0,1,2,0.33,0,0,4,0,2,3
6248,Lukas Podolski,2014,10,Delantero,2,1,0,5,0,0.0,0,0,2,0,0,1
6249,Jupp Posipal,1954,7,Defensor,5,5,0,1,0,0.0,0,0,4,0,1,1
6250,Rudolf Raftl,1934,-,Arquero,0,0,0,4,0,0.0,0,0,0,0,0,4
6250,Rudolf Raftl,1938,-,Arquero,2,2,0,0,0,0.0,0,0,0,1,1,10
6251,Helmut Rahn,1954,12,Delantero,4,4,0,2,4,1.0,0,0,3,0,1,1
6251,Helmut Rahn,1958,8,Delantero,6,6,0,0,6,1.0,0,0,2,2,2,4
6252,Uwe Rahn,1986,18,Mediocampista,0,0,0,7,0,0.0,0,0,0,0,0,2
6253,Carsten Ramelow,2002,5,Mediocampista,5,5,0,2,0,0.0,0,1,3,1,1,2
6254,David Raum,2022,3,Defensor,3,3,0,0,0,0.0,0,0,1,1,1,17
6255,Marko Rehmer,2002,3,Defensor,1,1,0,6,0,0.0,0,0,1,0,0,2
6256,Uwe Reinders,1982,13,Delantero,3,1,0,4,1,0.33,0,0,2,1,0,2
6257,Marco Reus,2018,11,Delantero,3,2,0,0,1,0.33,0,0,1,0,2,22
6258,Stefan Reuter,1990,2,Defensor,6,4,0,1,0,0.0,0,0,4,2,0,1
6258,Stefan Reuter,1998,19,Defensor,1,1,0,4,0,0.0,0,0,1,0,0,7
6259,Lars Ricken,2002,10,Mediocampista,0,0,0,7,0,0.0,0,0,0,0,0,2
6260,Karlheinz Riedle,1990,13,Delantero,4,1,0,3,0,0.0,0,0,3,1,0,1
6260,Karlheinz Riedle,1994,9,Delantero,2,2,0,3,1,0.5,0,0,2,0,0,5
6261,Wolfgang Rolff,1986,21,Mediocampista,2,2,0,5,0,0.0,0,0,1,0,1,2
6262,Antonio Rüdiger,2018,16,Defensor,1,1,0,2,0,0.0,0,0,1,0,0,22
6262,Antonio Rüdiger,2022,2,Defensor,3,3,0,0,0,0.0,0,0,1,1,1,17
6263,Sebastian Rudy,2018,19,Mediocampista,1,1,0,2,0,0.0,0,0,1,0,0,22
6264,Rolf Ruessmann,1978,4,Defensor,6,6,0,0,0,0.0,0,0,1,4,1,6
6265,Karl-Heinz Rummenigge,1978,11,Delantero,5,5,0,1,3,0.6,0,0,1,3,1,6
6265,Karl-Heinz Rummenigge,1982,11,Delantero,7,6,6,0,5,0.71,0,0,3,2,2,2
6265,Karl-Heinz Rummenigge,1986,11,Delantero,7,4,4,0,1,0.14,0,0,3,2,2,2
6266,Matthias Sammer,1994,16,Mediocampista,4,4,0,1,0,0.0,0,0,3,1,0,5
6267,Leroy Sané,2022,19,Mediocampista,2,1,0,1,0,0.0,0,0,1,1,0,17
6268,Gunter Sawitzki,1958,21,Arquero,0,0,0,6,0,0.0,0,0,0,0,0,4
6268,Gunter Sawitzki,1962,21,Arquero,0,0,0,4,0,0.0,0,0,0,0,0,7
6269,Hans Schaefer,1954,20,Delantero,5,5,0,1,4,0.8,0,0,5,0,0,1
6269,Hans Schaefer,1958,11,Delantero,6,6,6,0,3,0.5,0,0,2,2,2,4
6269,Hans Schaefer,1962,11,Delantero,4,4,4,0,0,0.0,0,0,2,1,1,7
6270,Nico Schlotterbeck,2022,23,Defensor,2,1,0,1,0,0.0,0,0,0,1,1,17
6271,Willibald Schmaus,1938,-,Defensor,1,1,0,1,0,0.0,0,0,0,1,0,10
6272,Alfred Schmidt,1958,10,Mediocampista,2,2,0,4,0,0.0,0,0,2,0,0,4
6273,Bernd Schneider,2002,19,Mediocampista,7,7,0,0,1,0.14,1,0,5,1,1,2
6273,Bernd Schneider,2006,19,Mediocampista,7,7,1,0,0,0.0,0,0,5,1,1,3
6274,Karl-Heinz Schnellinger,1958,17,Defensor,2,2,0,4,0,0.0,0,0,0,1,1,4
6274,Karl-Heinz Schnellinger,1962,3,Defensor,4,4,0,0,0,0.0,0,0,2,1,1,7
6274,Karl-Heinz Schnellinger,1966,3,Defensor,6,6,0,0,0,0.0,0,0,4,1,1,2
6274,Karl-Heinz Schnellinger,1970,3,Defensor,5,5,0,1,1,0.2,0,0,4,0,1,3
6275,Willi Schulz,1962,4,Defensor,4,4,0,0,0,0.0,0,0,2,1,1,7
6275,Willi Schulz,1966,5,Defensor,6,6,0,0,0,0.0,0,0,4,1,1,2
6275,Willi Schulz,1970,5,Defensor,3,2,0,3,0,0.0,0,0,2,0,1,3
6276,Harald Schumacher,1982,1,Arquero,7,7,0,0,0,0.0,0,0,3,2,2,2
6276,Harald Schumacher,1986,1,Arquero,7,7,3,0,0,0.0,0,0,3,2,2,2
6277,André Schürrle,2014,9,Delantero,6,0,0,1,3,0.5,0,0,6,0,0,1
6278,Hans Schwartz,1934,-,Defensor,1,1,0,3,0,0.0,0,0,1,0,0,3
6279,Hans-Georg Schwarzenbeck,1974,4,Defensor,7,7,0,0,0,0.0,0,0,6,0,1,1
6279,Hans-Georg Schwarzenbeck,1978,12,Defensor,0,0,0,6,0,0.0,0,0,0,0,0,6
6280,Bastian Schweinsteiger,2006,7,Mediocampista,7,6,0,0,2,0.29,1,0,5,1,1,3
6280,Bastian Schweinsteiger,2010,7,Mediocampista,7,7,1,0,0,0.0,1,0,5,0,2,3
6280,Bastian Schweinsteiger,2014,7,Mediocampista,6,5,0,1,0,0.0,2,0,5,1,0,1
6281,Uwe Seeler,1958,12,Delantero,5,5,0,1,2,0.4,0,0,2,2,1,4
6281,Uwe Seeler,1962,9,Delantero,4,4,0,0,2,0.5,0,0,2,1,1,7
6281,Uwe Seeler,1966,9,Delantero,6,6,6,0,2,0.33,0,0,4,1,1,2
6281,Uwe Seeler,1970,9,Delantero,6,6,6,0,3,0.5,0,0,5,0,1,3
6282,Klaus-Dieter Sieloff,1966,18,Defensor,0,0,0,6,0,0.0,0,0,0,0,0,2
6282,Klaus-Dieter Sieloff,1970,18,Defensor,0,0,0,6,0,0.0,0,0,0,0,0,3
6283,Otto Siffling,1934,-,Delantero,4,4,0,0,1,0.25,0,0,3,0,1,3
6283,Otto Siffling,1938,-,Delantero,0,0,0,2,0,0.0,0,0,0,0,0,10
6284,Stefan Skoumal,1938,-,Mediocampista,1,1,0,1,0,0.0,0,0,0,0,1,10
6285,Ulrich Stein,1986,12,Arquero,0,0,0,7,0,0.0,0,0,0,0,0,2
6286,Paul Steiner,1990,16,Defensor,0,0,0,7,0,0.0,0,0,0,0,0,1
6287,Uli Stielike,1982,15,Defensor,7,7,0,0,0,0.0,2,0,3,2,2,2
6288,Georg Stollenwerk,1958,7,Defensor,6,6,0,0,0,0.0,0,0,2,2,2,4
6289,Josef Streb,1934,-,Mediocampista,0,0,0,4,0,0.0,0,0,0,0,0,3
6290,Heinz Strehl,1962,19,Delantero,0,0,0,4,0,0.0,0,0,0,0,0,7
6291,Jakob Streitle,1938,-,Defensor,1,1,0,1,0,0.0,0,0,0,0,1,10
6292,Josef Stroh,1934,-,Delantero,0,0,0,4,0,0.0,0,0,0,0,0,4
6292,Josef Stroh,1938,-,Delantero,1,1,0,1,0,0.0,0,0,0,0,1,10
6293,Thomas Strunz,1994,2,Mediocampista,3,1,0,2,0,0.0,0,0,1,1,1,5
6294,Hans Sturm,1958,16,Delantero,1,1,0,5,0,0.0,0,0,0,0,1,4
6294,Hans Sturm,1962,16,Mediocampista,1,1,0,3,0,0.0,0,0,0,1,0,7
6295,Niklas Süle,2018,15,Defensor,1,1,0,2,0,0.0,0,0,0,0,1,22
6295,Niklas Süle,2022,15,Defensor,3,3,0,0,0,0.0,0,0,1,1,1,17
6296,Fritz Szepan,1934,-,Delantero,4,4,4,0,0,0.0,0,0,3,0,1,3
6296,Fritz Szepan,1938,-,Delantero,1,1,1,1,0,0.0,0,0,0,0,1,10
6297,Horst Szymaniak,1958,6,Mediocampista,6,6,0,0,0,0.0,0,0,2,2,2,4
6297,Horst Szymaniak,1962,6,Mediocampista,4,4,0,0,1,0.25,0,0,2,1,1,7
6298,Michael Tarnat,1998,21,Mediocampista,4,3,0,1,0,0.0,2,0,2,1,1,7
6299,Serdar Tasci,2010,5,Defensor,1,0,0,6,0,0.0,0,0,1,0,0,3
6300,Marc-André ter Stegen,2018,22,Arquero,0,0,0,3,0,0.0,0,0,0,0,0,22
6300,Marc-André ter Stegen,2022,22,Arquero,0,0,0,3,0,0.0,0,0,0,0,0,17
6301,Olaf Thon,1986,16,Mediocampista,0,0,0,7,0,0.0,0,0,0,0,0,2
6301,Olaf Thon,1990,20,Mediocampista,2,1,0,5,0,0.0,0,0,0,2,0,1
6301,Olaf Thon,1998,6,Defensor,3,3,0,2,0,0.0,0,0,2,1,0,7
6302,Hans Tilkowski,1962,1,Arquero,0,0,0,4,0,0.0,0,0,0,0,0,7
6302,Hans Tilkowski,1966,1,Arquero,6,6,0,0,0,0.0,0,0,4,1,1,2
6303,Kevin Trapp,2018,12,Arquero,0,0,0,3,0,0.0,0,0,0,0,0,22
6303,Kevin Trapp,2022,12,Arquero,0,0,0,3,0,0.0,0,0,0,0,0,17
6304,Piotr Trochowski,2010,15,Mediocampista,4,1,0,3,0,0.0,0,0,3,0,1,3
6305,Toni Turek,1954,1,Arquero,5,5,0,1,0,0.0,0,0,5,0,0,1
6306,Rudi Voeller,1986,9,Delantero,6,4,0,1,3,0.5,0,0,3,1,2,2
6306,Rudi Voeller,1990,9,Delantero,6,6,0,1,3,0.5,2,1,4,2,0,1
6306,Rudi Voeller,1994,13,Delantero,3,2,0,2,2,0.67,1,0,1,1,1,5
6307,Berti Vogts,1970,7,Defensor,6,6,0,0,0,0.0,0,0,5,0,1,3
6307,Berti Vogts,1974,2,Defensor,7,7,0,0,0,0.0,2,0,6,0,1,1
6307,Berti Vogts,1978,2,Defensor,6,6,6,0,0,0.0,0,0,1,4,1,6
6308,Heinz Vollmar,1962,20,Delantero,0,0,0,4,0,0.0,0,0,0,0,0,7
6309,Franz Wagner,1934,-,Mediocampista,4,4,0,0,0,0.0,0,0,2,0,2,4
6309,Franz Wagner,1938,-,Mediocampista,0,0,0,2,0,0.0,0,0,0,0,0,10
6310,Martin Wagner,1994,17,Defensor,2,2,0,3,0,0.0,2,0,1,0,1,5
6311,Fritz Walter,1954,16,Mediocampista,6,6,6,0,3,0.5,0,0,5,0,1,1
6311,Fritz Walter,1958,9,Mediocampista,5,5,0,1,0,0.0,0,0,2,2,1,4
6313,Wolfgang Weber,1966,6,Defensor,6,6,0,0,1,0.17,1,0,4,1,1,2
6313,Wolfgang Weber,1970,6,Defensor,2,1,0,4,0,0.0,0,0,2,0,0,3
6314,Roman Weidenfeller,2014,22,Arquero,0,0,0,7,0,0.0,0,0,0,0,0,1
6315,Juergen Werner,1962,14,Defensor,0,0,0,4,0,0.0,0,0,0,0,0,7
6316,Timo Werner,2018,9,Delantero,3,3,0,0,0,0.0,0,0,1,0,2,22
6317,Heinz Wewers,1958,5,Defensor,1,1,0,5,0,0.0,0,0,0,0,1,4
6318,Tim Wiese,2010,12,Arquero,0,0,0,7,0,0.0,0,0,0,0,0,3
6319,Leo Wilden,1962,5,Defensor,0,0,0,4,0,0.0,0,0,0,0,0,7
6320,Herbert Wimmer,1974,7,Mediocampista,2,1,0,5,0,0.0,0,0,2,0,0,1
6321,Christian Woerns,1998,2,Defensor,5,5,0,0,0,0.0,0,1,3,1,1,7
6322,Horst Wolter,1970,22,Arquero,1,1,0,5,0,0.0,0,0,1,0,0,3
6323,Ronald Worm,1978,19,Delantero,0,0,0,6,0,0.0,0,0,0,0,0,6
6324,Gerd Zewe,1978,18,Mediocampista,0,0,0,6,0,0.0,0,0,0,0,0,6
6325,Christian Ziege,1998,17,Mediocampista,4,1,0,1,0,0.0,0,0,3,1,0,7
6325,Christian Ziege,2002,6,Defensor,5,4,0,2,0,0.0,2,0,3,1,1,2
6326,Ron-Robert Zieler,2014,12,Arquero,0,0,0,7,0,0.0,0,0,0,0,0,1
6327,Paul Zielinski,1934,-,Mediocampista,4,4,0,0,0,0.0,0,0,3,0,1,3
6328,Herbert Zimmermann,1978,8,Defensor,2,2,0,4,0,0.0,0,0,0,2,0,6
6329,Akram Afif,2022,11,Delantero,3,3,0,0,0,0.0,1,0,0,0,3,32
6330,Homam Ahmed,2022,14,Defensor,3,3,0,0,0,0.0,1,0,0,0,3,32
6331,Saad Al Sheeb,2022,1,Arquero,1,1,0,2,0,0.0,1,0,0,0,1,32
6332,Naif Al-Hadhrami,2022,24,Mediocampista,0,0,0,3,0,0.0,0,0,0,0,0,32
6333,Salem Al-Hajri,2022,20,Mediocampista,0,0,0,3,0,0.0,0,0,0,0,0,32
6334,Hassan Al-Haydos,2022,10,Mediocampista,3,3,3,0,0,0.0,0,0,0,0,3,32
6335,Bassam Al-Rawi,2022,15,Defensor,1,1,0,2,0,0.0,0,0,0,0,1,32
6336,Ahmed Alaaeldin,2022,7,Delantero,1,0,0,2,0,0.0,0,0,0,0,1,32
6337,Almoez Ali,2022,19,Delantero,3,3,0,0,0,0.0,1,0,0,0,3,32
6338,Ali Asad,2022,8,Mediocampista,1,0,0,2,0,0.0,0,0,0,0,1,32
6339,Meshaal Barsham,2022,22,Arquero,2,2,0,1,0,0.0,0,0,0,0,2,32
6340,Karim Boudiaf,2022,12,Mediocampista,3,2,0,0,0,0.0,1,0,0,0,3,32
6341,Jassem Gaber,2022,25,Mediocampista,0,0,0,3,0,0.0,0,0,0,0,0,32
6342,Abdelkarim Hassan,2022,3,Mediocampista,3,3,0,0,0,0.0,0,0,0,0,3,32
6344,Abdelaziz Hatem,2022,6,Mediocampista,3,2,0,0,0,0.0,0,0,0,0,3,32
6345,Musaab Khidir,2022,13,Defensor,1,0,0,2,0,0.0,0,0,0,0,1,32
6346,Boualem Khoukhi,2022,16,Defensor,3,3,0,0,0,0.0,0,0,0,0,3,32
6347,Assim Madibo,2022,23,Mediocampista,2,2,0,1,0,0.0,1,0,0,0,2,32
6348,Pedro Miguel,2022,2,Defensor,3,3,0,0,0,0.0,0,0,0,0,3,32
6349,Ismaeel Mohammad,2022,17,Defensor,2,2,0,1,0,0.0,1,0,0,0,2,32
6350,Khalid Muneer,2022,18,Delantero,0,0,0,3,0,0.0,0,0,0,0,0,32
6351,Mohammed Muntari,2022,9,Delantero,3,0,0,0,1,0.33,0,0,0,0,3,32
6352,Tarek Salman,2022,5,Defensor,1,0,0,2,0,0.0,0,0,0,0,1,32
6353,Mostafa Tarek,2022,26,Mediocampista,0,0,0,3,0,0.0,0,0,0,0,0,32
6354,Mohammed Waad,2022,4,Defensor,2,0,0,1,0,0.0,0,0,0,0,2,32
6355,Ibrahim Afellay,2010,20,Mediocampista,3,0,0,4,0,0.0,0,0,3,0,0,2
6356,Nathan Aké,2022,5,Defensor,5,5,0,0,0,0.0,1,0,3,2,0,5
6357,Willem Anderiesen,1934,-,Mediocampista,1,1,0,0,0,0.0,0,0,0,0,1,9
6357,Willem Anderiesen,1938,-,Mediocampista,1,1,0,0,0,0.0,0,0,0,0,1,14
6358,Ryan Babel,2006,21,Delantero,1,0,0,3,0,0.0,0,0,0,1,0,11
6358,Ryan Babel,2010,19,Delantero,0,0,0,7,0,0.0,0,0,0,0,0,2
6359,Beb Bakhuys,1934,-,Delantero,1,1,0,0,0,0.0,0,0,0,0,1,9
6360,Dick Been,1938,-,Defensor,0,0,0,1,0,0.0,0,0,0,0,0,14
6361,Steven Berghuis,2022,11,Mediocampista,4,1,0,1,0,0.0,1,0,2,2,0,5
6362,Dennis Bergkamp,1994,10,Delantero,5,5,0,0,3,0.6,1,0,3,0,2,7
6362,Dennis Bergkamp,1998,8,Delantero,7,6,0,0,3,0.43,0,0,3,3,1,4
6363,Steven Bergwijn,2022,7,Delantero,4,3,0,1,0,0.0,1,0,2,2,0,5
6364,Justin Bijlow,2022,13,Arquero,0,0,0,5,0,0.0,0,0,0,0,0,5
6365,Daley Blind,2014,5,Defensor,7,7,0,0,1,0.14,1,0,5,2,0,3
6365,Daley Blind,2022,17,Defensor,5,5,0,0,1,0.2,0,0,3,2,0,5
6366,Danny Blind,1990,21,Defensor,0,0,0,4,0,0.0,0,0,0,0,0,15
6366,Danny Blind,1994,15,Defensor,0,0,0,5,0,0.0,0,0,0,0,0,7
6367,Winston Bogarde,1998,15,Defensor,2,0,0,5,0,0.0,0,0,1,1,0,4
6368,Sander Boschker,2010,22,Arquero,0,0,0,7,0,0.0,0,0,0,0,0,2
6369,Johan Boskamp,1978,14,Mediocampista,1,0,0,6,0,0.0,0,0,0,0,1,2
6370,John Bosman,1994,12,Delantero,0,0,0,5,0,0.0,0,0,0,0,0,7
6371,Khalid Boulahrouz,2006,3,Defensor,4,2,0,0,0,0.0,1,1,2,1,1,11
6371,Khalid Boulahrouz,2010,12,Defensor,2,2,0,5,0,0.0,1,0,2,0,0,2
6372,Edson Braafheid,2010,15,Defensor,1,0,0,6,0,0.0,0,0,0,0,1,2
6373,Ernie Brandts,1978,22,Defensor,4,4,0,3,2,0.5,0,0,2,1,1,2
6374,Bertus Caldenhove,1938,-,Defensor,1,1,0,0,0,0.0,0,0,0,0,1,14
6375,Jasper Cillessen,2014,1,Arquero,7,7,0,0,0,0.0,0,0,5,2,0,3
6376,Jordy Clasie,2014,16,Mediocampista,2,1,0,5,0,0.0,0,0,1,1,0,3
6377,Phillip Cocu,1998,11,Mediocampista,7,7,1,0,2,0.29,0,0,3,3,1,4
6377,Phillip Cocu,2006,8,Mediocampista,4,4,0,0,0,0.0,0,0,2,1,1,11
6378,Johan Cruyff,1974,14,Delantero,7,7,7,0,3,0.43,2,0,5,1,1,2
6379,Edgar Davids,1998,16,Mediocampista,6,6,0,1,1,0.17,2,0,3,2,1,4
6380,Frank De Boer,1994,2,Defensor,4,4,0,1,0,0.0,1,0,3,0,1,7
6380,Frank De Boer,1998,4,Defensor,7,7,6,0,0,0.0,0,0,3,3,1,4
6381,Piet De Boer,1938,-,Delantero,0,0,0,1,0,0.0,0,0,0,0,0,14
6382,Ronald De Boer,1994,9,Mediocampista,3,2,0,2,0,0.0,0,0,1,0,2,7
6382,Ronald De Boer,1998,7,Mediocampista,6,6,0,1,2,0.33,0,0,3,3,0,4
6383,Tim De Cler,2006,15,Defensor,1,1,0,3,0,0.0,1,0,0,1,0,11
6384,Ed De Goey,1994,1,Arquero,5,5,0,0,0,0.0,0,0,3,0,2,7
6384,Ed De Goey,1998,18,Arquero,0,0,0,7,0,0.0,0,0,0,0,0,4
6385,Jonathan de Guzmán,2014,8,Mediocampista,3,3,0,4,0,0.0,2,0,3,0,0,3
6386,Bertus De Harder,1938,-,Delantero,1,1,0,0,0,0.0,0,0,0,0,1,14
6387,Frenkie de Jong,2022,21,Mediocampista,5,5,0,0,1,0.2,1,0,3,2,0,5
6388,Luuk De Jong,2022,9,Delantero,1,0,0,4,0,0.0,0,0,0,1,0,5
6389,Nigel De Jong,2010,8,Mediocampista,6,6,0,1,0,0.0,3,0,5,0,1,2
6389,Nigel De Jong,2014,6,Mediocampista,5,5,0,2,0,0.0,0,0,4,1,0,3
6390,Theo De Jong,1974,7,Defensor,4,0,0,3,1,0.25,0,0,2,1,1,2
6391,Matthijs De Ligt,2022,3,Defensor,2,1,0,3,0,0.0,1,0,2,0,0,5
6392,Marten de Roon,2022,15,Mediocampista,5,3,0,0,0,0.0,0,0,3,2,0,5
6393,Stefan de Vrij,2014,3,Defensor,7,7,0,0,1,0.14,1,0,5,2,0,3
6393,Stefan de Vrij,2022,6,Defensor,0,0,0,5,0,0.0,0,0,0,0,0,5
6394,Arie De Winter,1938,-,Delantero,0,0,0,1,0,0.0,0,0,0,0,0,14
6395,John De Wolf,1994,21,Defensor,0,0,0,5,0,0.0,0,0,0,0,0,7
6396,Demy De Zeeuw,2010,14,Mediocampista,2,1,0,5,0,0.0,0,0,2,0,0,2
6397,Memphis Depay,2014,21,Delantero,4,1,0,3,2,0.5,0,0,3,1,0,3
6397,Memphis Depay,2022,10,Delantero,5,3,0,0,1,0.2,1,0,3,2,0,5
6398,Pim Doesburg,1978,19,Arquero,0,0,0,7,0,0.0,0,0,0,0,0,2
6399,Daaf Drok,1938,-,Delantero,0,0,0,1,0,0.0,0,0,0,0,0,14
6400,Denzel Dumfries,2022,22,Defensor,5,5,0,0,1,0.2,0,1,3,2,0,5
6401,Eljero Elia,2010,17,Delantero,6,0,0,1,0,0.0,0,0,5,0,1,2
6402,Leroy Fer,2014,18,Mediocampista,1,0,0,6,1,1.0,0,0,1,0,0,3
6403,Henk Fraeser,1990,18,Defensor,1,0,0,3,0,0.0,0,0,0,1,0,15
6404,Jeremie Frimpong,2022,26,Defensor,0,0,0,5,0,0.0,0,0,0,0,0,5
6405,Cody Gakpo,2022,8,Delantero,5,5,0,0,3,0.6,0,0,3,2,0,5
6406,Ruud Geels,1974,1,Delantero,0,0,0,7,0,0.0,0,0,0,0,0,2
6407,Hans Gillhaus,1990,17,Delantero,3,2,0,1,0,0.0,0,0,0,2,1,15
6408,Alex Graafland,1934,-,Delantero,0,0,0,1,0,0.0,0,0,0,0,0,9
6409,Ruud Gullit,1990,10,Mediocampista,4,4,4,0,1,0.25,0,0,0,3,1,15
6410,Arie Haan,1974,2,Mediocampista,7,7,0,0,0,0.0,0,0,5,1,1,2
6410,Arie Haan,1978,9,Mediocampista,6,6,0,1,2,0.33,1,0,3,2,1,2
6411,Leo Halle,1934,-,Arquero,0,0,0,1,0,0.0,0,0,0,0,0,9
6412,Jimmy Floyd Hasselbaink,1998,21,Delantero,2,1,0,5,0,0.0,0,0,0,2,0,4
6413,John Heitinga,2006,14,Defensor,3,2,0,1,0,0.0,1,0,2,0,1,11
6413,John Heitinga,2010,3,Defensor,7,7,0,0,0,0.0,1,1,6,0,1,2
6414,Ruud Hesp,1998,22,Arquero,0,0,0,7,0,0.0,0,0,0,0,0,4
6415,Joop Hiele,1990,16,Arquero,0,0,0,4,0,0.0,0,0,0,0,0,15
6416,Frans Hogenbirk,1938,-,Mediocampista,0,0,0,1,0,0.0,0,0,0,0,0,14
6417,Hugo Hovenkamp,1978,15,Defensor,0,0,0,7,0,0.0,0,0,0,0,0,2
6418,Klaas Jan Huntelaar,2010,21,Delantero,4,0,0,3,1,0.25,0,0,4,0,0,2
6418,Klaas Jan Huntelaar,2014,19,Delantero,3,0,0,4,1,0.33,2,0,1,2,0,3
6419,Rinus Israel,1974,5,Defensor,3,0,0,4,0,0.0,0,0,3,0,0,2
6420,Kew Jaliens,2006,2,Defensor,1,1,0,3,0,0.0,0,0,0,1,0,11
6421,Daryl Janmaat,2014,7,Defensor,5,3,0,2,0,0.0,0,0,4,1,0,3
6422,Wim Jansen,1974,6,Mediocampista,7,7,0,0,0,0.0,1,0,5,1,1,2
6422,Wim Jansen,1978,6,Mediocampista,7,7,0,0,0,0.0,0,0,3,2,2,2
6423,Vincent Janssen,2022,18,Delantero,2,1,0,3,0,0.0,0,0,2,0,0,5
6424,Jan Jongbloed,1974,8,Arquero,7,7,0,0,0,0.0,0,0,5,1,1,2
6424,Jan Jongbloed,1978,8,Arquero,5,4,0,2,0,0.0,0,0,2,1,2,2
6425,Wim Jonk,1994,8,Mediocampista,5,5,0,0,2,0.4,1,0,3,0,2,7
6425,Wim Jonk,1998,6,Mediocampista,6,5,0,1,0,0.0,1,0,2,3,1,4
6426,Piet Keizer,1974,9,Delantero,1,1,0,6,0,0.0,0,0,0,1,0,2
6427,Wim Kieft,1990,12,Delantero,4,1,0,0,1,0.25,1,0,0,3,1,15
6428,Davy Klaassen,2022,14,Mediocampista,4,3,0,1,1,0.25,0,0,3,1,0,5
6429,Patrick Kluivert,1998,9,Delantero,4,4,0,3,2,0.5,0,1,1,2,1,4
6430,Erwin Koeman,1990,7,Mediocampista,1,1,0,3,0,0.0,0,0,0,1,0,15
6431,Ronald Koeman,1990,4,Defensor,4,4,0,0,1,0.25,0,0,0,3,1,15
6431,Ronald Koeman,1994,4,Defensor,5,5,5,0,0,0.0,1,0,3,0,2,7
6432,Terence Kongolo,2014,14,Defensor,1,0,0,6,0,0.0,0,0,1,0,0,3
6433,Teun Koopmeiners,2022,20,Mediocampista,5,1,0,0,0,0.0,1,0,3,2,0,5
6434,Ruud Krol,1974,12,Defensor,7,7,0,0,1,0.14,0,0,5,1,1,2
6434,Ruud Krol,1978,5,Defensor,7,7,7,0,0,0.0,1,0,3,2,2,2
6435,Jan Kromkamp,2006,12,Defensor,0,0,0,4,0,0.0,0,0,0,0,0,11
6436,Tim Krul,2014,23,Arquero,1,0,0,6,0,0.0,0,0,0,1,0,3
6437,Dirk Kuyt,2006,7,Delantero,3,2,0,1,0,0.0,1,0,1,1,1,11
6437,Dirk Kuyt,2010,7,Delantero,7,7,0,0,1,0.14,1,0,6,0,1,2
6437,Dirk Kuyt,2014,15,Delantero,5,5,0,2,0,0.0,0,0,3,2,0,3
6438,Denny Landzaat,2006,6,Mediocampista,3,0,0,1,0,0.0,0,0,2,1,0,11
6439,Noa Lang,2022,12,Delantero,1,0,0,4,0,0.0,1,0,0,1,0,5
6440,Wim Langendaal,1934,-,Delantero,0,0,0,1,0,0.0,0,0,0,0,0,9
6441,Jeremain Lens,2014,17,Delantero,4,1,0,3,0,0.0,0,0,3,1,0,3
6442,Harry Lubse,1978,21,Delantero,0,0,0,7,0,0.0,0,0,0,0,0,2
6443,Hedwiges Maduro,2006,16,Mediocampista,1,0,0,3,0,0.0,0,0,0,1,0,11
6444,Tyrell Malacia,2022,16,Defensor,0,0,0,5,0,0.0,0,0,0,0,0,5
6445,Bruno Martins Indi,2014,4,Defensor,6,5,0,1,0,0.0,2,0,4,2,0,3
6446,Joris Mathijsen,2006,4,Defensor,3,3,0,1,0,0.0,1,0,2,0,1,11
6446,Joris Mathijsen,2010,4,Defensor,6,6,0,1,0,0.0,1,0,5,0,1,2
6447,Stanley Menzo,1990,22,Arquero,0,0,0,4,0,0.0,0,0,0,0,0,15
6448,Niek Michel,1938,-,Arquero,0,0,0,1,0,0.0,0,0,0,0,0,14
6449,Kees Mijnders,1934,-,Delantero,0,0,0,1,0,0.0,0,0,0,0,0,9
6450,Jaap Mol,1934,-,Delantero,0,0,0,1,0,0.0,0,0,0,0,0,9
6451,Dick Nanninga,1978,18,Mediocampista,4,0,0,3,1,0.25,1,1,1,2,1,2
6452,Johan Neeskens,1974,13,Mediocampista,7,7,0,0,5,0.71,2,0,5,1,1,2
6452,Johan Neeskens,1978,13,Mediocampista,5,5,0,2,0,0.0,1,0,2,1,2,2
6453,Andries Noppert,2022,23,Arquero,5,5,0,0,0,0.0,0,0,3,2,0,5
6454,Arthur Numan,1994,16,Defensor,1,0,0,4,0,0.0,0,0,1,0,0,7
6454,Arthur Numan,1998,5,Defensor,6,6,0,1,0,0.0,1,1,3,2,1,4
6455,Andre Ooijer,1998,13,Defensor,0,0,0,7,0,0.0,0,0,0,0,0,4
6455,Andre Ooijer,2006,13,Defensor,4,4,0,0,0,0.0,1,0,2,1,1,11
6455,Andre Ooijer,2010,13,Defensor,1,1,0,6,0,0.0,1,0,1,0,0,2
6456,Karel Ooms,1938,-,Delantero,0,0,0,1,0,0.0,0,0,0,0,0,14
6457,Toon Oprinsen,1934,-,Mediocampista,0,0,0,1,0,0.0,0,0,0,0,0,9
6458,Marc Overmars,1994,7,Delantero,5,4,0,0,0,0.0,0,0,3,0,2,7
6458,Marc Overmars,1998,14,Delantero,6,4,0,1,1,0.17,0,0,3,2,1,4
6459,Bas Paauwe,1934,-,Mediocampista,0,0,0,1,0,0.0,0,0,0,0,0,9
6459,Bas Paauwe,1938,-,Mediocampista,1,1,0,0,0,0.0,0,0,0,0,1,14
6460,Remko Pasveer,2022,1,Arquero,0,0,0,5,0,0.0,0,0,0,0,0,5
6461,Henk Pellikaan,1934,-,Mediocampista,1,1,0,0,0,0.0,0,0,0,0,1,9
6462,Rene Pijpers,1938,-,Mediocampista,0,0,0,1,0,0.0,0,0,0,0,0,14
6463,Hendrikus Plenter,1938,-,Defensor,0,0,0,1,0,0.0,0,0,0,0,0,14
6464,Jan Poortvliet,1978,2,Defensor,6,6,0,1,0,0.0,0,0,2,2,2,2
6465,Piet Punt,1938,-,Delantero,0,0,0,1,0,0.0,0,0,0,0,0,14
6466,Michael Reiziger,1998,2,Defensor,4,4,0,3,0,0.0,1,0,2,2,0,4
6467,Rob Rensenbrink,1974,15,Delantero,6,6,0,1,1,0.17,0,0,5,0,1,2
6467,Rob Rensenbrink,1978,12,Delantero,7,7,0,0,5,0.71,0,0,3,2,2,2
6468,Johnny Rep,1974,16,Delantero,7,7,0,0,4,0.57,2,0,5,1,1,2
6468,Johnny Rep,1978,16,Delantero,7,6,0,0,3,0.43,1,0,3,2,2,2
6469,Frank Rijkaard,1990,3,Mediocampista,4,4,0,0,0,0.0,2,1,0,3,1,15
6469,Frank Rijkaard,1994,3,Mediocampista,4,4,0,1,0,0.0,1,0,2,0,2,7
6470,Wim Rijsbergen,1974,17,Defensor,7,7,0,0,0,0.0,0,0,5,1,1,2
6470,Wim Rijsbergen,1978,17,Defensor,3,3,0,4,0,0.0,0,0,1,1,1,2
6471,Arjen Robben,2006,11,Delantero,3,3,0,1,1,0.33,1,0,2,0,1,11
6471,Arjen Robben,2010,11,Delantero,5,4,0,2,2,0.4,2,0,4,0,1,2
6471,Arjen Robben,2014,11,Delantero,7,7,1,0,3,0.43,1,0,5,2,0,3
6472,Bryan Roy,1990,15,Delantero,0,0,0,4,0,0.0,0,0,0,0,0,15
6472,Bryan Roy,1994,11,Delantero,5,2,0,0,1,0.2,0,0,3,0,2,7
6473,Graeme Rutjes,1990,13,Defensor,1,1,0,3,0,0.0,0,0,0,1,0,15
6474,Stijn Schaars,2010,18,Mediocampista,0,0,0,7,0,0.0,0,0,0,0,0,2
6475,Arie Schoemaker,1934,-,Delantero,0,0,0,1,0,0.0,0,0,0,0,0,9
6476,Dirk Schoenaker,1978,3,Mediocampista,1,0,0,6,0,0.0,0,0,1,0,0,2
6477,Piet Schrijvers,1974,18,Arquero,0,0,0,7,0,0.0,0,0,0,0,0,2
6477,Piet Schrijvers,1978,1,Arquero,3,3,0,4,0,0.0,0,0,2,1,0,2
6478,Clarence Seedorf,1998,10,Mediocampista,4,3,0,3,0,0.0,1,0,1,2,1,4
6479,Xavi Simons,2022,25,Mediocampista,1,0,0,4,0,0.0,0,0,1,0,0,5
6480,Kick Smit,1934,-,Delantero,1,1,0,0,1,1.0,0,0,0,0,1,9
6480,Kick Smit,1938,-,Delantero,1,1,0,0,0,0.0,0,0,0,0,1,14
6481,Wesley Sneijder,2006,20,Mediocampista,4,4,0,0,0,0.0,1,0,2,1,1,11
6481,Wesley Sneijder,2010,10,Mediocampista,7,7,0,0,5,0.71,1,0,6,0,1,2
6481,Wesley Sneijder,2014,10,Mediocampista,6,6,0,1,1,0.17,0,0,4,2,0,3
6482,Theo Snelders,1994,22,Arquero,0,0,0,5,0,0.0,0,0,0,0,0,7
6483,Jaap Stam,1998,3,Defensor,7,7,0,0,0,0.0,2,0,3,3,1,4
6484,Maarten Stekelenburg,2006,23,Arquero,0,0,0,4,0,0.0,0,0,0,0,0,11
6484,Maarten Stekelenburg,2010,1,Arquero,7,7,0,0,0,0.0,1,0,6,0,1,2
6485,Pleun Strik,1974,19,Mediocampista,0,0,0,7,0,0.0,0,0,0,0,0,2
6486,Wim Suurbier,1974,20,Defensor,7,7,0,0,0,0.0,2,0,5,1,1,2
6486,Wim Suurbier,1978,20,Defensor,4,3,0,3,0,0.0,1,0,1,1,2,2
6487,Gaston Taument,1994,17,Delantero,3,1,0,2,1,0.33,0,0,2,0,1,7
6488,Kenneth Taylor,2022,24,Mediocampista,1,0,0,4,0,0.0,0,0,1,0,0,5
6489,Jurrïen Timber,2022,2,Defensor,4,4,0,1,0,0.0,1,0,2,2,0,5
6490,Henk Timmer,2006,22,Arquero,0,0,0,4,0,0.0,0,0,0,0,0,11
6491,Eddy Treijtel,1974,21,Arquero,0,0,0,7,0,0.0,0,0,0,0,0,2
6492,Stan Valckx,1994,18,Defensor,4,4,0,1,0,0.0,1,0,2,0,2,7
6493,Johnny Van 'T Schip,1990,14,Mediocampista,2,2,0,2,0,0.0,0,0,0,1,1,15
6494,Berry Van Aerle,1990,2,Defensor,4,4,0,0,0,0.0,0,0,0,3,1,15
6495,Marco Van Basten,1990,9,Delantero,4,4,0,0,0,0.0,1,0,0,3,1,15
6496,Mark Van Bommel,2006,18,Mediocampista,3,3,0,1,0,0.0,2,0,2,0,1,11
6496,Mark Van Bommel,2010,6,Mediocampista,7,7,0,0,0,0.0,2,0,6,0,1,2
6497,Hans Van Breukelen,1990,1,Arquero,4,4,0,0,0,0.0,0,0,0,3,1,15
6498,Giovanni Van Bronckhorst,1998,19,Mediocampista,0,0,0,7,0,0.0,0,0,0,0,0,4
6498,Giovanni Van Bronckhorst,2006,5,Defensor,3,3,0,1,0,0.0,1,1,2,0,1,11
6498,Giovanni Van Bronckhorst,2010,5,Defensor,7,7,7,0,1,0.14,2,0,6,0,1,2
6499,Rene Van De Kerkhof,1974,10,Delantero,1,0,0,6,0,0.0,0,0,0,0,1,2
6499,Rene Van De Kerkhof,1978,10,Delantero,7,7,0,0,1,0.14,1,0,3,2,2,2
6500,Willy Van De Kerkhof,1974,11,Mediocampista,0,0,0,7,0,0.0,0,0,0,0,0,2
6500,Willy Van De Kerkhof,1978,11,Mediocampista,7,7,0,0,1,0.14,1,0,3,2,2,2
6501,Gejus Van Der Meulen,1934,-,Arquero,1,1,0,0,0,0.0,0,0,0,0,1,9
6502,Edwin Van Der Sar,1994,13,Arquero,0,0,0,5,0,0.0,0,0,0,0,0,7
6502,Edwin Van Der Sar,1998,1,Arquero,7,7,0,0,0,0.0,0,0,3,3,1,4
6502,Edwin Van Der Sar,2006,1,Arquero,4,4,4,0,0,0.0,0,0,2,1,1,11
6503,Rafael Van Der Vaart,2006,10,Mediocampista,3,1,0,1,0,0.0,1,0,1,1,1,11
6503,Rafael Van Der Vaart,2010,23,Mediocampista,5,3,0,2,0,0.0,1,0,4,0,1,2
6504,Frans Van Der Veen,1938,-,Delantero,1,1,0,0,0,0.0,0,0,0,0,1,14
6505,Gregory Van Der Wiel,2010,2,Defensor,5,5,0,2,0,0.0,3,0,4,0,1,2
6506,Jan Van Diepenbeek,1934,-,Defensor,0,0,0,1,0,0.0,0,0,0,0,0,9
6507,Virgil Van Dijk,2022,4,Defensor,5,5,5,0,0,0.0,0,0,3,2,0,5
6508,Ulrich Van Gobbel,1994,14,Defensor,1,1,0,4,0,0.0,1,0,1,0,0,7
6509,Wim Van Hanegem,1974,3,Mediocampista,7,7,0,0,0,0.0,2,0,5,1,1,2
6510,Puck Van Heel,1934,-,Mediocampista,1,1,1,0,0,0.0,0,0,0,0,1,9
6510,Puck Van Heel,1938,-,Mediocampista,1,1,1,0,0,0.0,0,0,0,0,1,14
6511,Pierre Van Hooijdonk,1998,17,Delantero,3,0,0,4,1,0.33,1,0,1,1,1,4
6512,Cees Van Ierssel,1974,4,Defensor,0,0,0,7,0,0.0,0,0,0,0,0,2
6513,Adri Van Kraay,1978,4,Defensor,2,0,0,5,0,0.0,0,0,2,0,0,2
6514,John Van Loen,1990,19,Delantero,1,0,0,3,0,0.0,0,0,0,1,0,15
6515,Adriaan Van Male,1934,-,Arquero,0,0,0,1,0,0.0,0,0,0,0,0,9
6515,Adriaan Van Male,1938,-,Arquero,1,1,0,0,0,0.0,0,0,0,0,1,14
6516,Joop Van Nellen,1934,-,Delantero,1,1,0,0,0,0.0,0,0,0,0,1,9
6517,Ruud Van Nistelrooij,2006,9,Delantero,3,3,0,1,1,0.33,0,0,2,1,0,11
6518,Robin Van Persie,2006,17,Delantero,4,4,0,0,1,0.25,0,0,2,1,1,11
6518,Robin Van Persie,2010,9,Delantero,7,7,0,0,1,0.14,2,0,6,0,1,2
6518,Robin Van Persie,2014,9,Delantero,6,6,6,1,4,0.67,2,0,4,2,0,3
6519,Sjef Van Run,1934,-,Defensor,1,1,0,0,0,0.0,0,0,0,0,1,9
6520,Henk Van Spaandonck,1938,-,Delantero,0,0,0,1,0,0.0,0,0,0,0,0,14
6521,Adri Van Tiggelen,1990,5,Defensor,4,4,0,0,0,0.0,0,0,0,3,1,15
6522,Peter Van Vossen,1994,19,Delantero,4,3,0,1,0,0.0,0,0,3,0,1,7
6523,Gerald Vanenburg,1990,8,Mediocampista,1,1,0,3,0,0.0,0,0,0,1,0,15
6524,Joël Veltman,2014,13,Defensor,2,0,0,5,0,0.0,0,0,2,0,0,3
6525,Jan Vennegoor Of Hesselink,2006,19,Delantero,1,0,0,3,0,0.0,0,0,0,0,1,11
6526,Leen Vente,1934,-,Delantero,1,1,0,0,1,1.0,0,0,0,0,1,9
6526,Leen Vente,1938,-,Delantero,1,1,0,0,0,0.0,0,0,0,0,1,14
6527,Paul Verhaegh,2014,12,Defensor,1,1,0,6,0,0.0,0,0,1,0,0,3
6528,Ron Vlaar,2014,2,Defensor,7,7,0,0,0,0.0,0,0,5,2,0,3
6529,Michel Vorm,2010,16,Arquero,0,0,0,7,0,0.0,0,0,0,0,0,2
6529,Michel Vorm,2014,22,Arquero,1,0,0,6,0,0.0,0,0,1,0,0,3
6530,Harry Vos,1974,22,Defensor,0,0,0,7,0,0.0,0,0,0,0,0,2
6531,Manus Vrauwdeunt,1934,-,Delantero,0,0,0,1,0,0.0,0,0,0,0,0,9
6532,Mauk Weber,1934,-,Defensor,1,1,0,0,0,0.0,0,0,0,0,1,9
6532,Mauk Weber,1938,-,Defensor,1,1,0,0,0,0.0,0,0,0,0,1,14
6533,Wout Weghorst,2022,19,Delantero,4,0,0,1,2,0.5,1,0,2,2,0,5
6534,Frank Wels,1934,-,Delantero,1,1,0,0,0,0.0,0,0,0,0,1,9
6534,Frank Wels,1938,-,Delantero,1,1,0,0,0,0.0,0,0,0,0,1,14
6535,Georginio Wijnaldum,2014,20,Mediocampista,7,5,0,0,1,0.14,0,0,5,2,0,3
6536,Pieter Wildschut,1978,7,Defensor,3,2,0,4,0,0.0,0,0,1,1,1,2
6537,Aron Winter,1990,20,Mediocampista,1,1,0,3,0,0.0,0,0,0,0,1,15
6537,Aron Winter,1994,20,Mediocampista,3,3,0,2,1,0.33,1,0,2,0,1,7
6537,Aron Winter,1998,20,Mediocampista,4,2,0,3,0,0.0,0,0,1,3,0,4
6538,Richard Witschge,1990,11,Mediocampista,4,3,0,0,0,0.0,0,0,0,3,1,15
6539,Rob Witschge,1994,5,Mediocampista,4,3,0,1,0,0.0,1,0,2,0,2,7
6540,Jan Wouters,1990,6,Mediocampista,4,4,0,0,0,0.0,1,0,0,3,1,15
6540,Jan Wouters,1994,6,Mediocampista,4,4,0,1,0,0.0,3,0,2,0,2,7
6541,Boudewijn Zenden,1998,12,Mediocampista,4,2,0,3,1,0.25,0,0,1,2,1,4
6542,Fernand Adams,1930,-,Delantero,2,2,0,0,0,0.0,0,0,0,0,2,11
6543,Philippe Albert,1990,3,Defensor,1,1,0,3,0,0.0,0,0,0,0,1,11
6543,Philippe Albert,1994,4,Defensor,3,3,0,1,2,0.67,1,0,1,0,2,11
6544,Toby Alderweireld,2014,2,Defensor,4,4,0,1,0,0.0,2,0,3,0,1,6
6544,Toby Alderweireld,2018,2,Defensor,6,6,0,1,0,0.0,2,0,5,0,1,3
6544,Toby Alderweireld,2022,2,Defensor,3,3,0,0,0,0.0,0,0,1,1,1,23
6545,Leopold Anoul,1954,10,Delantero,2,2,0,0,3,1.5,0,0,0,1,1,12
6546,Raymond Ausloos,1954,17,Arquero,0,0,0,2,0,0.0,0,0,0,0,0,12
6547,Jo Backaert,1954,19,Mediocampista,0,0,0,2,0,0.0,0,0,0,0,0,12
6548,Arnold Badjou,1930,-,Arquero,2,2,0,0,0,0.0,0,0,0,0,2,11
6548,Arnold Badjou,1934,-,Arquero,0,0,0,1,0,0.0,0,0,0,0,0,15
6548,Arnold Badjou,1938,-,Arquero,1,1,0,0,0,0.0,0,0,0,0,1,13
6549,Marc Baecke,1982,14,Defensor,4,3,0,1,0,0.0,0,0,2,1,1,10
6550,Michy Batshuayi,2018,21,Delantero,3,1,0,4,1,0.33,0,0,2,0,1,3
6550,Michy Batshuayi,2022,23,Delantero,2,2,0,1,1,0.5,0,0,1,0,1,23
6551,Jacques Beurlet,1970,13,Defensor,0,0,0,3,0,0.0,0,0,0,0,0,10
6552,Gilbert Bodart,1986,20,Arquero,0,0,0,7,0,0.0,0,0,0,0,0,4
6552,Gilbert Bodart,1990,12,Arquero,0,0,0,4,0,0.0,0,0,0,0,0,11
6553,Danny Boffin,1994,16,Mediocampista,3,2,0,1,0,0.0,0,0,1,0,2,11
6553,Danny Boffin,1998,21,Mediocampista,2,2,0,1,0,0.0,0,0,0,2,0,19
6553,Danny Boffin,2002,21,Mediocampista,0,0,0,4,0,0.0,0,0,0,0,0,14
6554,Vital Borkelmans,1994,3,Defensor,2,1,0,2,0,0.0,1,0,2,0,0,11
6554,Vital Borkelmans,1998,5,Defensor,3,3,0,0,0,0.0,1,0,0,3,0,19
6555,Sammy Bossut,2014,13,Arquero,0,0,0,5,0,0.0,0,0,0,0,0,6
6556,Desire Bourgeois,1934,-,Mediocampista,0,0,0,1,0,0.0,0,0,0,0,0,15
6557,Dedryck Boyata,2018,20,Defensor,3,3,0,4,0,0.0,0,0,3,0,0,3
6558,Robert Braet,1938,-,Arquero,0,0,0,1,0,0.0,0,0,0,0,0,13
6559,Pierre Braine,1930,-,Mediocampista,2,2,2,0,0,0.0,0,0,0,0,2,11
6560,Raymond Braine,1938,-,Delantero,1,1,0,0,0,0.0,0,0,0,0,1,13
6561,Jean Brichaut,1934,-,Delantero,0,0,0,1,0,0.0,0,0,0,0,0,15
6562,Hugo Broos,1986,19,Defensor,3,2,0,4,0,0.0,0,0,0,2,1,4
6563,Fernand Buyle,1938,-,Delantero,1,1,0,0,0,0.0,0,0,0,0,1,13
6564,Jean Capelle,1934,-,Delantero,1,1,0,0,0,0.0,0,0,0,0,1,15
6564,Jean Capelle,1938,-,Delantero,0,0,0,1,0,0.0,0,0,0,0,0,13
6565,Yannick Carrasco,2018,11,Mediocampista,4,3,0,3,0,0.0,0,0,3,0,1,3
6565,Yannick Carrasco,2022,11,Delantero,2,2,0,1,0,0.0,1,0,1,1,0,23
6566,Louis Carre,1954,5,Mediocampista,2,2,0,0,0,0.0,0,0,0,1,1,12
6567,Pierre Carteus,1970,19,Delantero,0,0,0,3,0,0.0,0,0,0,0,0,10
6568,Timothy Castagne,2022,21,Mediocampista,3,3,0,0,0,0.0,0,0,1,1,1,23
6569,Koen Casteels,2018,13,Arquero,0,0,0,7,0,0.0,0,0,0,0,0,3
6569,Koen Casteels,2022,13,Arquero,0,0,0,3,0,0.0,0,0,0,0,0,23
6570,Artur Ceuleers,1938,-,Delantero,0,0,0,1,0,0.0,0,0,0,0,0,13
6571,Jan Ceulemans,1982,11,Delantero,5,5,0,0,0,0.0,0,0,2,1,2,10
6571,Jan Ceulemans,1986,11,Mediocampista,7,7,7,0,3,0.43,1,0,2,2,3,4
6571,Jan Ceulemans,1990,11,Delantero,4,3,3,0,1,0.25,0,0,2,0,2,11
6572,Nacer Chadli,2014,22,Mediocampista,4,1,0,1,0,0.0,0,0,3,0,1,6
6572,Nacer Chadli,2018,22,Mediocampista,6,4,0,1,1,0.17,0,0,5,0,1,3
6573,Alexis Chantraine,1930,-,Mediocampista,0,0,0,2,0,0.0,0,0,0,0,0,11
6574,Laurent Ciman,2014,23,Defensor,0,0,0,5,0,0.0,0,0,0,0,0,6
6575,Nico Claesen,1986,16,Delantero,7,6,0,0,3,0.43,1,0,2,2,3,4
6575,Nico Claesen,1990,14,Delantero,1,0,0,3,0,0.0,0,0,0,0,1,11
6576,Jean Claessens,1934,-,Mediocampista,1,1,0,0,0,0.0,0,0,0,0,1,15
6577,Philippe Clement,1998,15,Defensor,2,2,0,1,0,0.0,0,0,0,2,0,19
6578,Leo Clijsters,1986,14,Defensor,2,0,0,5,0,0.0,0,0,2,0,0,4
6578,Leo Clijsters,1990,4,Defensor,3,3,0,1,1,0.33,0,0,2,0,1,11
6579,Ludo Coeck,1982,10,Mediocampista,5,5,0,0,1,0.2,0,0,2,1,2,10
6580,Rik Coppens,1954,9,Delantero,2,2,0,0,1,0.5,0,0,0,1,1,12
6581,Thibaut Courtois,2014,1,Arquero,5,5,0,0,0,0.0,0,0,4,0,1,6
6581,Thibaut Courtois,2018,1,Arquero,7,7,1,0,0,0.0,0,0,6,0,1,3
6581,Thibaut Courtois,2022,1,Arquero,3,3,0,0,0,0.0,0,0,1,1,1,23
6582,Bertrand Crasson,1998,2,Defensor,1,1,0,2,0,0.0,0,0,0,1,0,19
6583,Theo Custers,1982,12,Arquero,1,1,0,4,0,0.0,0,0,0,0,1,10
6584,Alex Czerniatynski,1982,21,Delantero,5,4,0,0,1,0.2,0,0,2,1,2,10
6584,Alex Czerniatynski,1994,11,Delantero,1,0,0,3,0,0.0,0,0,0,0,1,11
6585,Pierre Dalem,1938,-,Mediocampista,0,0,0,1,0,0.0,0,0,0,0,0,13
6586,Jean De Bie,1930,-,Arquero,0,0,0,2,0,0.0,0,0,0,0,0,11
6587,Glen De Boeck,1998,16,Defensor,1,0,0,2,0,0.0,0,0,0,1,0,19
6587,Glen De Boeck,2002,3,Defensor,2,2,0,2,0,0.0,0,0,1,1,0,14
6588,Kevin De Bruyne,2014,7,Mediocampista,4,4,0,1,1,0.25,0,0,3,0,1,6
6588,Kevin De Bruyne,2018,7,Mediocampista,6,6,0,1,1,0.17,1,0,5,0,1,3
6588,Kevin De Bruyne,2022,7,Mediocampista,3,3,1,0,0,0.0,0,0,1,1,1,23
6589,Jean De Clerq,1930,-,Mediocampista,1,1,0,1,0,0.0,0,0,0,0,1,11
6590,Henri De Deken,1930,-,Defensor,1,1,0,1,0,0.0,0,0,0,0,1,11
6591,Marc De Grijse,1990,9,Delantero,4,4,0,0,1,0.25,0,0,2,0,2,11
6591,Marc De Grijse,1994,9,Delantero,3,3,0,1,1,0.33,0,0,2,0,1,11
6592,Charles De Ketelaere,2022,22,Delantero,1,0,0,2,0,0.0,0,0,0,0,1,23
6593,Jean Francois De Sart,1990,15,Defensor,0,0,0,4,0,0.0,0,0,0,0,0,11
6594,Maurits De Schrijver,1982,15,Defensor,2,2,0,3,0,0.0,0,0,1,0,1,10
6595,Geert De Vlieger,2002,1,Arquero,4,4,0,0,0,0.0,0,0,1,2,1,14
6596,Francois De Vries,1934,-,Delantero,1,1,0,0,0,0.0,0,0,0,0,1,15
6597,Filip De Wilde,1990,20,Arquero,0,0,0,4,0,0.0,0,0,0,0,0,11
6597,Filip De Wilde,1994,12,Arquero,0,0,0,4,0,0.0,0,0,0,0,0,11
6597,Filip De Wilde,1998,1,Arquero,2,2,0,1,0,0.0,0,0,0,2,0,19
6598,Alphonse De Winter,1938,-,Mediocampista,1,1,0,0,0,0.0,0,0,0,0,1,13
6599,Michel De Wolf,1986,4,Defensor,2,2,0,5,0,0.0,0,0,1,0,1,4
6599,Michel De Wolf,1990,16,Defensor,4,4,0,0,1,0.25,0,0,2,0,2,11
6599,Michel De Wolf,1994,14,Defensor,4,4,0,0,0,0.0,0,0,2,0,2,11
6600,Zeno Debast,2022,26,Defensor,0,0,0,3,0,0.0,0,0,0,0,0,23
6601,Eric Deflandre,1998,22,Defensor,3,2,0,0,0,0.0,1,0,0,3,0,19
6601,Eric Deflandre,2002,2,Defensor,1,1,0,3,0,0.0,0,0,0,1,0,14
6602,Steven Defour,2014,16,Mediocampista,1,1,0,4,0,0.0,0,1,1,0,0,6
6603,Gerard Delbeke,1930,-,Delantero,1,1,0,1,0,0.0,0,0,0,0,1,11
6604,Mousa Dembélé,2014,19,Mediocampista,2,2,0,3,0,0.0,1,0,2,0,0,6
6604,Mousa Dembélé,2018,19,Mediocampista,4,2,0,3,0,0.0,0,0,3,0,1,3
6605,Stephane Demol,1986,21,Defensor,7,6,0,0,1,0.14,1,0,2,2,3,4
6605,Stephane Demol,1990,7,Defensor,4,4,0,0,0,0.0,0,0,2,0,2,11
6606,Leander Dendoncker,2018,23,Defensor,1,1,0,6,0,0.0,1,0,1,0,0,3
6606,Leander Dendoncker,2022,19,Defensor,2,2,0,1,0,0.0,1,0,1,1,0,23
6607,Philippe Desmet,1986,10,Delantero,3,2,0,4,0,0.0,0,0,1,0,2,4
6608,Johannes Devrindt,1970,9,Delantero,2,1,0,1,0,0.0,0,0,1,0,1,10
6609,Nicolas Dewalque,1970,4,Defensor,3,3,0,0,0,0.0,0,0,1,0,2,10
6610,Jan Diddens,1930,-,Mediocampista,2,2,0,0,0,0.0,0,0,0,0,2,11
6611,Henri Dirickx,1954,13,Defensor,0,0,0,2,0,0.0,0,0,0,0,0,12
6612,Jan Dockx,1970,6,Mediocampista,3,3,0,0,0,0.0,0,0,1,0,2,10
6613,Jeremy Doku,2022,25,Delantero,1,0,0,2,0,0.0,0,0,0,1,0,23
6614,Marcel Dries,1954,2,Defensor,2,2,0,0,0,0.0,0,0,0,1,1,12
6615,Jacques Duquesne,1970,22,Arquero,0,0,0,3,0,0.0,0,0,0,0,0,10
6616,Marc Emmers,1990,6,Mediocampista,3,2,0,1,0,0.0,0,0,2,0,1,11
6616,Marc Emmers,1994,15,Defensor,3,2,0,1,0,0.0,0,0,2,0,1,11
6617,Gaetan Englebert,2002,17,Mediocampista,0,0,0,4,0,0.0,0,0,0,0,0,14
6618,Wout Faes,2022,4,Defensor,0,0,0,3,0,0.0,0,0,0,0,0,23
6619,Marouane Fellaini,2014,8,Mediocampista,5,4,0,0,1,0.2,0,0,4,0,1,6
6619,Marouane Fellaini,2018,8,Mediocampista,5,3,0,2,1,0.2,0,0,4,0,1,3
6620,Jean Fievez,1938,-,Delantero,0,0,0,1,0,0.0,0,0,0,0,0,13
6621,Charles Geerts,1954,12,Arquero,0,0,0,2,0,0.0,0,0,0,0,0,12
6622,Eric Gerets,1982,2,Defensor,3,3,3,2,0,0.0,0,0,2,1,0,10
6622,Eric Gerets,1986,2,Defensor,6,6,0,1,0,0.0,0,0,2,1,3,4
6622,Eric Gerets,1990,2,Defensor,3,3,1,1,0,0.0,0,1,2,0,1,11
6623,Leopold Gernaey,1954,1,Arquero,2,2,0,0,0,0.0,0,0,0,1,1,12
6624,Frans Gommers,1938,-,Defensor,0,0,0,1,0,0.0,0,0,0,0,0,13
6625,Bart Goor,2002,8,Mediocampista,4,4,0,0,0,0.0,0,0,1,2,1,14
6626,Laurent Grimmonprez,1934,-,Delantero,1,1,0,0,0,0.0,0,0,0,0,1,15
6627,Georges Grun,1986,13,Defensor,6,5,0,1,0,0.0,1,0,2,2,2,4
6627,Georges Grun,1990,13,Defensor,2,2,0,2,0,0.0,0,0,1,0,1,11
6627,Georges Grun,1994,13,Defensor,3,3,3,1,1,0.33,1,0,2,0,1,11
6628,Eden Hazard,2014,10,Mediocampista,5,4,0,0,0,0.0,1,0,4,0,1,6
6628,Eden Hazard,2018,10,Delantero,6,6,6,1,3,0.5,1,0,5,0,1,3
6628,Eden Hazard,2022,10,Delantero,3,2,2,0,0,0.0,0,0,1,1,1,23
6629,Thorgan Hazard,2018,16,Mediocampista,2,1,0,5,0,0.0,0,0,2,0,0,3
6629,Thorgan Hazard,2022,16,Mediocampista,2,1,0,1,0,0.0,0,0,0,1,1,23
6630,Auguste Hellemans,1930,-,Mediocampista,2,2,0,0,0,0.0,0,0,0,0,2,11
6630,Auguste Hellemans,1934,-,Mediocampista,0,0,0,1,0,0.0,0,0,0,0,0,15
6631,Paul Henry,1938,-,Mediocampista,0,0,0,1,0,0.0,0,0,0,0,0,13
6632,Albert Heremans,1934,-,Delantero,1,1,0,0,0,0.0,0,0,0,0,1,15
6633,Frederic Herpoel,2002,23,Arquero,0,0,0,4,0,0.0,0,0,0,0,0,14
6634,Georges Heylens,1970,2,Defensor,3,3,0,0,0,0.0,0,0,1,0,2,10
6635,Denis Houf,1954,8,Delantero,1,1,0,1,0,0.0,0,0,0,1,0,12
6636,Nikolaas Hoydonckx,1930,-,Defensor,2,2,0,0,0,0.0,0,0,0,0,2,11
6637,Constant Huysmans,1954,4,Mediocampista,2,2,0,0,0,0.0,0,0,0,1,1,12
6638,Henri Isemborghs,1938,-,Delantero,1,1,0,0,1,1.0,0,0,0,0,1,13
6639,Francois Janssens,1970,21,Delantero,0,0,0,3,0,0.0,0,0,0,0,0,10
6640,Adnan Januzaj,2014,20,Mediocampista,1,1,0,4,0,0.0,0,0,1,0,0,6
6640,Adnan Januzaj,2018,18,Delantero,1,1,0,6,1,1.0,0,0,1,0,0,3
6641,Leon Jeck,1970,5,Defensor,2,2,0,1,0,0.0,0,0,0,0,2,10
6642,Costant Joacim,1934,-,Defensor,1,1,0,0,0,0.0,0,0,0,0,1,15
6643,Vincent Kompany,2014,4,Defensor,4,4,4,1,0,0.0,1,0,3,0,1,6
6643,Vincent Kompany,2018,4,Defensor,5,4,0,2,0,0.0,0,0,4,0,1,3
6644,Raoul Lambert,1970,18,Delantero,2,2,0,1,2,1.0,0,0,1,0,1,10
6645,Robert Lamoot,1934,-,Delantero,0,0,0,1,0,0.0,0,0,0,0,0,15
6646,Francois Ledent,1934,-,Delantero,0,0,0,1,0,0.0,0,0,0,0,0,15
6647,Nicolas Lombaerts,2014,18,Defensor,1,1,0,4,0,0.0,0,0,1,0,0,6
6648,Romelu Lukaku,2014,9,Delantero,4,2,0,1,1,0.25,0,0,3,0,1,6
6648,Romelu Lukaku,2018,9,Delantero,6,6,0,1,4,0.67,0,0,5,0,1,3
6648,Romelu Lukaku,2022,9,Delantero,2,0,0,1,0,0.0,0,0,0,1,1,23
6649,Robert Maertens,1954,20,Mediocampista,0,0,0,2,0,0.0,0,0,0,0,0,12
6650,Maurice Martens,1970,14,Defensor,0,0,0,3,0,0.0,0,0,0,0,0,10
6651,Dirk Medved,1994,2,Defensor,2,1,0,2,0,0.0,0,0,1,0,1,11
6652,Victor Mees,1954,6,Mediocampista,2,2,0,0,0,0.0,0,0,0,1,1,12
6653,Walter Meeuws,1982,4,Defensor,4,4,2,1,0,0.0,1,0,1,1,2,10
6654,Joseph Mermans,1954,11,Delantero,2,2,2,0,0,0.0,0,0,0,1,1,12
6655,Dries Mertens,2014,14,Mediocampista,5,3,0,0,1,0.2,0,0,4,0,1,6
6655,Dries Mertens,2018,14,Delantero,6,3,0,1,1,0.17,0,0,5,0,1,3
6655,Dries Mertens,2022,14,Delantero,2,1,0,1,0,0.0,0,0,0,1,1,23
6656,Thomas Meunier,2018,15,Defensor,5,5,0,2,1,0.2,2,0,5,0,0,3
6656,Thomas Meunier,2022,15,Mediocampista,3,2,0,0,0,0.0,1,0,1,1,1,23
6657,Simon Mignolet,2014,12,Arquero,0,0,0,5,0,0.0,0,0,0,0,0,6
6657,Simon Mignolet,2018,12,Arquero,0,0,0,7,0,0.0,0,0,0,0,0,3
6657,Simon Mignolet,2022,12,Arquero,0,0,0,3,0,0.0,0,0,0,0,0,23
6658,Luc Millecamps,1982,3,Defensor,5,5,0,0,0,0.0,1,0,2,1,2,10
6659,Marc Millecamps,1982,19,Mediocampista,1,0,0,4,0,0.0,0,0,0,0,1,10
6660,Kevin Mirallas,2014,11,Delantero,4,2,0,1,0,0.0,0,0,3,0,1,6
6661,Jacques Moeschal,1930,-,Delantero,2,2,0,0,0,0.0,0,0,0,0,2,11
6662,Raymond Mommens,1982,18,Mediocampista,0,0,0,5,0,0.0,0,0,0,0,0,10
6662,Raymond Mommens,1986,17,Mediocampista,1,1,0,6,0,0.0,0,0,0,0,1,4
6663,Emile Mpenza,1998,20,Delantero,3,0,0,0,0,0.0,0,0,0,3,0,19
6664,Mbo Mpenza,1998,9,Delantero,1,0,0,2,0,0.0,0,0,0,1,0,19
6664,Mbo Mpenza,2002,22,Delantero,3,2,0,1,0,0.0,0,0,1,1,1,14
6665,Jacques Munaron,1982,22,Arquero,1,1,0,4,0,0.0,0,0,0,0,1,10
6665,Jacques Munaron,1986,12,Arquero,0,0,0,7,0,0.0,0,0,0,0,0,4
6666,Joseph Nelis,1938,-,Delantero,0,0,0,1,0,0.0,0,0,0,0,0,13
6667,Luc Nilis,1994,8,Delantero,3,2,0,1,0,0.0,0,0,1,0,2,11
6667,Luc Nilis,1998,10,Delantero,3,3,0,0,1,0.33,0,0,0,3,0,19
6668,Theodore Nouwens,1930,-,Defensor,2,2,0,0,0,0.0,0,0,0,0,2,11
6669,Luis Oliveira,1998,8,Delantero,3,3,0,0,0,0.0,0,0,0,3,0,19
6670,Amadou Onana,2022,18,Mediocampista,2,1,0,1,0,0.0,2,0,1,0,1,23
6671,Lois Openda,2022,24,Delantero,1,0,0,2,0,0.0,0,0,1,0,0,23
6672,Divock Origi,2014,17,Delantero,5,2,0,0,1,0.2,0,0,4,0,1,6
6673,Jules Pappaert,1934,-,Defensor,0,0,0,1,0,0.0,0,0,0,0,0,15
6674,Robert Paverick,1938,-,Defensor,1,1,0,0,0,0.0,0,0,0,0,1,13
6675,Frans Peeraer,1934,-,Mediocampista,1,1,0,0,0,0.0,0,0,0,0,1,15
6676,Alfonse Peeters,1970,20,Defensor,0,0,0,3,0,0.0,0,0,0,0,0,10
6677,Jacky Peeters,2002,15,Defensor,3,3,0,1,0,0.0,0,0,1,1,1,14
6678,Jean Petit,1938,-,Defensor,0,0,0,1,0,0.0,0,0,0,0,0,13
6678,Jean Petit,1978,13,Mediocampista,1,1,0,2,0,0.0,0,0,1,0,0,12
6679,Jean-Marie Pfaff,1982,1,Arquero,3,3,0,2,0,0.0,1,0,2,1,0,10
6679,Jean-Marie Pfaff,1986,1,Arquero,7,7,0,0,0,0.0,1,0,2,2,3,4
6680,Christian Piot,1970,1,Arquero,3,3,0,0,0,0.0,0,0,1,0,2,10
6681,Gerard Plessers,1982,16,Defensor,2,1,0,3,0,0.0,0,0,0,1,1,10
6682,Pascal Plovie,1990,17,Defensor,1,0,0,3,0,0.0,0,0,0,0,1,11
6683,Odilon Polleunis,1970,16,Delantero,2,1,0,1,0,0.0,0,0,1,0,1,10
6684,Michel Preudhomme,1990,1,Arquero,4,4,0,0,0,0.0,0,0,2,0,2,11
6684,Michel Preudhomme,1994,1,Arquero,4,4,0,0,0,0.0,0,0,2,0,2,11
6685,Wilfried Puis,1970,11,Delantero,3,3,0,0,0,0.0,0,0,1,0,2,10
6686,Georges Putmans,1934,-,Mediocampista,0,0,0,1,0,0.0,0,0,0,0,0,15
6687,Pascal Renier,1994,22,Defensor,0,0,0,4,0,0.0,0,0,0,0,0,11
6688,Michel Renquin,1982,5,Defensor,2,2,0,3,0,0.0,0,0,0,0,2,10
6688,Michel Renquin,1986,5,Defensor,5,5,0,2,0,0.0,1,0,1,2,2,4
6689,Andre Saeys,1930,-,Delantero,0,0,0,2,0,0.0,0,0,0,0,0,11
6690,Enzo Scifo,1986,8,Mediocampista,7,7,0,0,2,0.29,0,0,2,2,3,4
6690,Enzo Scifo,1990,10,Mediocampista,4,4,0,0,1,0.25,0,0,2,0,2,11
6690,Enzo Scifo,1994,10,Mediocampista,4,4,1,0,0,0.0,1,0,2,0,2,11
6690,Enzo Scifo,1998,14,Mediocampista,2,2,1,1,0,0.0,0,0,0,2,0,19
6691,Leon Semmeling,1970,7,Mediocampista,3,3,0,0,0,0.0,0,0,1,0,2,10
6692,Corneel Seys,1938,-,Defensor,1,1,0,0,0,0.0,0,0,0,0,1,13
6693,Charles Simons,1934,-,Mediocampista,0,0,0,1,0,0.0,0,0,0,0,0,15
6694,Timmy Simons,2002,6,Mediocampista,4,3,0,0,0,0.0,0,0,1,2,1,14
6695,Philibert Smellinckx,1934,-,Defensor,1,1,0,0,0,0.0,0,0,0,0,1,15
6695,Philibert Smellinckx,1938,-,Defensor,0,0,0,1,0,0.0,0,0,0,0,0,13
6696,Rudi Smidts,1994,5,Defensor,4,3,0,0,0,0.0,1,0,2,0,2,11
6697,Wesley Sonck,2002,9,Delantero,4,0,0,0,1,0.25,0,0,1,2,1,14
6698,Lorenzo Staelens,1990,18,Mediocampista,1,1,0,3,0,0.0,0,0,0,0,1,11
6698,Lorenzo Staelens,1994,6,Mediocampista,4,4,0,0,0,0.0,0,0,2,0,2,11
6698,Lorenzo Staelens,1998,3,Defensor,3,3,0,0,0,0.0,1,0,0,3,0,19
6699,Branko Strupar,2002,20,Delantero,2,1,0,2,0,0.0,0,0,0,2,0,14
6700,Emile Stynen,1938,-,Mediocampista,1,1,1,0,0,0.0,0,0,0,0,1,13
6701,Arthur Theate,2022,3,Defensor,0,0,0,3,0,0.0,0,0,0,0,0,23
6702,Bernd Thijs,2002,19,Mediocampista,0,0,0,4,0,0.0,0,0,0,0,0,14
6703,Jean Thissen,1970,3,Defensor,3,3,0,0,0,0.0,1,0,1,0,2,10
6704,Youri Tielemans,2018,17,Mediocampista,4,2,0,3,0,0.0,1,0,4,0,0,3
6704,Youri Tielemans,2022,8,Mediocampista,3,1,0,0,0,0.0,0,0,1,1,1,23
6705,Jean-Maire Trappeniers,1970,12,Arquero,0,0,0,3,0,0.0,0,0,0,0,0,10
6706,Leandro Trossard,2022,17,Delantero,3,1,0,0,0,0.0,0,0,1,1,1,23
6707,John Van Alphen,1938,-,Mediocampista,1,1,0,0,0,0.0,0,0,0,0,1,13
6708,Alfons Van Brandt,1954,3,Defensor,2,2,0,0,0,0.0,0,0,0,1,1,12
6709,Daniel van Buyten,2002,16,Defensor,4,4,0,0,0,0.0,1,0,1,2,1,14
6709,Daniel van Buyten,2014,15,Defensor,5,5,0,0,0,0.0,0,0,4,0,1,6
6710,Pieter Van Den Bosch,1954,16,Delantero,2,2,0,0,0,0.0,0,0,0,1,1,12
6711,Poly Van Den Bosch,1954,15,Delantero,1,1,0,1,0,0.0,0,0,0,0,1,12
6712,Erwin Van Den Daele,1970,15,Mediocampista,0,0,0,3,0,0.0,0,0,0,0,0,10
6713,Francois Van Der Elst,1982,13,Delantero,2,0,0,3,0,0.0,0,0,1,0,1,10
6714,Franky Van Der Elst,1986,3,Defensor,4,2,0,3,0,0.0,1,0,1,1,2,4
6714,Franky Van Der Elst,1990,8,Mediocampista,4,4,0,0,0,0.0,0,0,2,0,2,11
6714,Franky Van Der Elst,1994,7,Mediocampista,4,4,0,0,0,0.0,0,0,2,0,2,11
6714,Franky Van Der Elst,1998,6,Mediocampista,3,2,2,0,0,0.0,0,0,0,3,0,19
6715,Leo Van Der Elst,1986,15,Mediocampista,3,0,0,4,0,0.0,0,0,1,1,1,4
6716,Peter Van Der Heyden,2002,12,Defensor,2,2,0,2,1,0.5,1,0,0,2,0,14
6717,Stephane Van Der Heyden,1994,21,Mediocampista,0,0,0,4,0,0.0,0,0,0,0,0,11
6718,Jeff Van Der Linden,1954,18,Defensor,0,0,0,2,0,0.0,0,0,0,0,0,12
6719,Marc Van Der Linden,1990,19,Delantero,2,1,0,2,0,0.0,0,0,1,0,1,11
6720,Paul Van Himst,1970,10,Delantero,3,3,3,0,0,0.0,1,0,1,0,2,10
6721,Luc Van Hoywegen,1954,22,Delantero,0,0,0,2,0,0.0,0,0,0,0,0,12
6722,Jos Van Ingelgem,1934,-,Mediocampista,0,0,0,1,0,0.0,0,0,0,0,0,15
6723,Nico Van Kerckhoven,1998,11,Mediocampista,1,1,0,2,0,0.0,0,0,0,1,0,19
6723,Nico Van Kerckhoven,2002,5,Defensor,2,2,0,2,0,0.0,0,0,1,0,1,14
6724,Robert Van Kerckhoven,1954,14,Mediocampista,0,0,0,2,0,0.0,0,0,0,0,0,12
6725,Eric Van Meir,1994,19,Defensor,0,0,0,4,0,0.0,0,0,0,0,0,11
6725,Eric Van Meir,1998,19,Defensor,0,0,0,3,0,0.0,0,0,0,0,0,19
6725,Eric Van Meir,2002,4,Defensor,2,1,0,2,0,0.0,1,0,1,1,0,14
6726,Wilfried Van Moer,1970,8,Mediocampista,3,3,0,0,2,0.67,0,0,1,0,2,10
6726,Wilfried Van Moer,1982,8,Mediocampista,3,1,0,2,0,0.0,0,0,1,1,1,10
6727,Jean Van Steen,1954,21,Mediocampista,0,0,0,2,0,0.0,0,0,0,0,0,12
6728,Hans Vanaken,2022,20,Mediocampista,0,0,0,3,0,0.0,0,0,0,0,0,23
6729,Philippe Vande Walle,1998,12,Arquero,1,1,0,2,0,0.0,0,0,0,1,0,19
6730,Anthony Vanden Borre,2014,21,Defensor,1,1,0,4,0,0.0,0,0,1,0,0,6
6731,Erwin Vandenbergh,1982,9,Delantero,5,5,0,0,1,0.2,0,0,2,1,2,10
6731,Erwin Vandenbergh,1986,9,Delantero,1,1,0,6,1,1.0,0,0,0,0,1,4
6732,Franky Vandendriessche,2002,13,Arquero,0,0,0,4,0,0.0,0,0,0,0,0,14
6733,Rene Vandereycken,1982,7,Mediocampista,0,0,0,5,0,0.0,0,0,0,0,0,10
6733,Rene Vandereycken,1986,7,Mediocampista,2,2,0,5,0,0.0,0,0,1,0,1,4
6734,Yves Vanderhaeghe,2002,18,Mediocampista,4,4,0,0,0,0.0,2,0,1,2,1,14
6735,Guy Vandersmissen,1982,20,Delantero,4,4,0,1,0,0.0,0,0,2,1,1,10
6736,Andre Vandeweyer,1934,-,Arquero,1,1,0,0,0,0.0,0,0,0,0,1,15
6736,Andre Vandeweyer,1938,-,Arquero,0,0,0,1,0,0.0,0,0,0,0,0,13
6737,Charles Vandewouwer,1938,-,Delantero,1,1,0,0,0,0.0,0,0,0,0,1,13
6738,Frank Vercauteren,1982,6,Mediocampista,5,5,0,0,0,0.0,0,0,2,1,2,10
6738,Frank Vercauteren,1986,6,Mediocampista,6,6,0,1,1,0.17,0,0,2,2,2,4
6739,Gert Verheyen,1998,18,Mediocampista,1,0,0,2,0,0.0,0,1,0,1,0,19
6739,Gert Verheyen,2002,11,Mediocampista,4,4,0,0,0,0.0,1,0,1,2,1,14
6740,Jan Verheyen,1970,17,Mediocampista,0,0,0,3,0,0.0,0,0,0,0,0,10
6741,Rene Verheyen,1982,17,Mediocampista,1,1,0,4,0,0.0,0,0,0,0,1,10
6742,Dany Verlinden,1994,20,Arquero,0,0,0,4,0,0.0,0,0,0,0,0,11
6742,Dany Verlinden,1998,13,Arquero,0,0,0,3,0,0.0,0,0,0,0,0,19
6743,Thomas Vermaelen,2014,3,Defensor,1,1,0,4,0,0.0,0,0,1,0,0,6
6743,Thomas Vermaelen,2018,3,Defensor,3,1,0,4,0,0.0,0,0,3,0,0,3
6744,Sven Vermant,2002,14,Mediocampista,1,0,0,3,0,0.0,0,0,0,1,0,14
6745,Bruno Versavel,1990,5,Mediocampista,3,3,0,1,0,0.0,0,0,2,0,1,11
6746,Mike Verstraeten,1998,17,Defensor,1,1,0,2,0,0.0,0,0,0,1,0,19
6747,Louis Versyp,1930,-,Delantero,2,2,0,0,0,0.0,0,0,0,0,2,11
6747,Louis Versyp,1934,-,Delantero,0,0,0,1,0,0.0,0,0,0,0,0,15
6748,Jan Vertonghen,2014,5,Defensor,5,4,1,0,1,0.2,1,0,4,0,1,6
6748,Jan Vertonghen,2018,5,Defensor,6,6,0,1,1,0.17,2,0,5,0,1,3
6748,Jan Vertonghen,2022,5,Defensor,3,3,0,0,0,0.0,0,0,1,1,1,23
6749,Patrick Vervoort,1986,22,Defensor,5,5,0,2,0,0.0,0,0,1,2,2,4
6749,Patrick Vervoort,1990,22,Defensor,3,1,0,1,1,0.33,0,0,1,0,2,11
6750,Daniel Veyt,1986,18,Delantero,5,5,0,2,1,0.2,1,0,1,2,2,4
6751,Gordan Vidovic,1998,4,Defensor,2,2,0,1,0,0.0,1,0,0,2,0,19
6752,Joseph Vliers,1954,7,Delantero,0,0,0,2,0,0.0,0,0,0,0,0,12
6753,Bernard Voorhoof,1930,-,Delantero,1,1,0,1,0,0.0,0,0,0,0,1,11
6753,Bernard Voorhoof,1934,-,Delantero,1,1,0,0,2,2.0,0,0,0,0,1,15
6753,Bernard Voorhoof,1938,-,Delantero,1,1,0,0,0,0.0,0,0,0,0,1,13
6754,Johan Walem,2002,10,Mediocampista,3,3,0,1,1,0.33,0,0,1,1,1,14
6755,Josip Weber,1994,17,Delantero,4,3,0,0,0,0.0,1,0,2,0,2,11
6756,Felix Welkenhuysen,1934,-,Mediocampista,1,1,1,0,0,0.0,0,0,0,0,1,15
6757,Marc Wilmots,1990,21,Delantero,0,0,0,4,0,0.0,0,0,0,0,0,11
6757,Marc Wilmots,1994,18,Mediocampista,1,1,0,3,0,0.0,0,0,0,0,1,11
6757,Marc Wilmots,1998,7,Mediocampista,3,3,0,0,2,0.67,0,0,0,3,0,19
6757,Marc Wilmots,2002,7,Delantero,4,4,4,0,3,0.75,0,0,1,2,1,14
6758,Axel Witsel,2014,6,Mediocampista,4,4,0,1,0,0.0,1,0,3,0,1,6
6758,Axel Witsel,2018,6,Mediocampista,6,6,0,1,0,0.0,1,0,5,0,1,3
6758,Axel Witsel,2022,6,Mediocampista,3,3,0,0,0,0.0,0,0,1,1,1,23
6759,Kanga Akale,2006,2,Mediocampista,3,2,0,0,0,0.0,0,0,1,0,2,19
6760,Jean-Daniel Akpa-Akpro,2014,7,Defensor,0,0,0,3,0,0.0,0,0,0,0,0,21
6761,Brou Angoua,2010,2,Defensor,0,0,0,3,0,0.0,0,0,0,0,0,17
6762,Serge Aurier,2014,17,Defensor,3,3,0,0,0,0.0,0,0,1,0,2,21
6763,Souleymane Bamba,2010,22,Defensor,0,0,0,3,0,0.0,0,0,0,0,0,17
6763,Souleymane Bamba,2014,22,Defensor,3,3,0,0,0,0.0,1,0,1,0,2,21
6764,Boubacar Barry,2006,23,Arquero,1,1,0,2,0,0.0,0,0,1,0,0,19
6764,Boubacar Barry,2010,1,Arquero,3,3,0,0,0,0.0,0,0,1,1,1,17
6764,Boubacar Barry,2014,1,Arquero,3,3,0,0,0,0.0,0,0,1,0,2,21
6765,Arthur Boka,2006,3,Defensor,3,3,0,0,0,0.0,1,0,1,0,2,19
6765,Arthur Boka,2010,3,Defensor,1,1,0,2,0,0.0,0,0,1,0,0,17
6765,Arthur Boka,2014,3,Defensor,3,3,0,0,0,0.0,0,0,1,0,2,21
6766,Mathis Bolly,2014,6,Mediocampista,1,0,0,2,0,0.0,0,0,0,0,1,21
6767,Wilfried Bony,2014,12,Delantero,3,2,0,0,2,0.67,0,0,1,0,2,21
6768,Guy Demel,2006,20,Mediocampista,0,0,0,3,0,0.0,0,0,0,0,0,19
6768,Guy Demel,2010,20,Defensor,2,2,0,1,0,0.0,1,0,0,1,1,17
6769,Serey Die,2014,20,Mediocampista,3,3,0,0,0,0.0,1,0,1,0,2,21
6770,Aruna Dindane,2006,15,Delantero,3,1,0,0,2,0.67,1,0,1,0,2,19
6770,Aruna Dindane,2010,15,Delantero,3,2,0,0,0,0.0,0,0,1,1,1,17
6771,Ismael Diomande,2014,14,Mediocampista,1,0,0,2,0,0.0,0,0,0,0,1,21
6772,Constant Djakpa,2014,18,Defensor,1,0,0,2,0,0.0,0,0,1,0,0,21
6773,Cyrille Domoraud,2006,17,Defensor,1,1,1,2,0,0.0,0,1,1,0,0,19
6774,Seydou Doumbia,2010,7,Delantero,1,0,0,2,0,0.0,0,0,1,0,0,17
6775,Didier Drogba,2006,11,Delantero,2,2,2,1,1,0.5,2,0,0,0,2,19
6775,Didier Drogba,2010,11,Delantero,3,2,2,0,1,0.33,0,0,1,1,1,17
6775,Didier Drogba,2014,11,Delantero,3,1,1,0,0,0.0,1,0,1,0,2,21
6776,Emmanuel Eboue,2006,21,Defensor,3,3,0,0,0,0.0,1,0,1,0,2,19
6776,Emmanuel Eboue,2010,21,Defensor,3,3,0,0,0,0.0,0,0,1,1,1,17
6777,Emerse Fae,2006,7,Mediocampista,0,0,0,3,0,0.0,0,0,0,0,0,19
6778,Sylvain Gbohouo,2014,16,Arquero,0,0,0,3,0,0.0,0,0,0,0,0,21
6779,Gervinho,2010,10,Delantero,3,2,0,0,0,0.0,0,0,1,1,1,17
6779,Gervinho,2014,10,Delantero,3,3,0,0,2,0.67,0,0,1,0,2,21
6780,Gerard Gnanhouan,2006,16,Arquero,0,0,0,3,0,0.0,0,0,0,0,0,19
6781,Steve Gohouri,2010,6,Defensor,0,0,0,3,0,0.0,0,0,0,0,0,17
6782,Jean Jacques Gosso,2010,12,Mediocampista,0,0,0,3,0,0.0,0,0,0,0,0,17
6783,Max Gradel,2014,15,Mediocampista,1,1,0,2,0,0.0,0,0,0,0,1,21
6784,Bonaventure Kalou,2006,8,Delantero,2,1,0,1,1,0.5,0,0,1,0,1,19
6785,Salomon Kalou,2010,8,Delantero,3,2,0,0,1,0.33,0,0,1,1,1,17
6785,Salomon Kalou,2014,8,Delantero,3,2,0,0,0,0.0,1,0,1,0,2,21
6786,Kader Keita,2006,18,Mediocampista,2,2,0,1,0,0.0,1,0,1,0,1,19
6786,Kader Keita,2010,18,Delantero,3,1,0,0,0,0.0,0,0,1,1,1,17
6787,Arouna Kone,2006,9,Delantero,3,2,0,0,0,0.0,0,0,1,0,2,19
6788,Bakary Kone,2006,14,Delantero,3,1,0,0,1,0.33,0,0,1,0,2,19
6789,Emmanuel Kone,2010,14,Mediocampista,0,0,0,3,0,0.0,0,0,0,0,0,17
6790,Blaise Kouassi,2006,6,Defensor,1,1,0,2,0,0.0,0,0,1,0,0,19
6791,Sayouba Mandé,2014,23,Arquero,0,0,0,3,0,0.0,0,0,0,0,0,21
6792,Abdoulaye Meite,2006,12,Defensor,2,2,0,1,0,0.0,0,0,0,0,2,19
6793,Romaric,2006,22,Mediocampista,1,1,0,2,0,0.0,0,0,0,0,1,19
6793,Romaric,2010,13,Mediocampista,3,1,0,0,1,0.33,0,0,1,1,1,17
6794,Giovanni Sio,2014,21,Delantero,1,0,0,2,0,0.0,0,0,0,0,1,21
6795,Siaka Tiene,2010,17,Defensor,2,2,0,1,0,0.0,0,0,0,1,1,17
6796,Ismael Tiote,2010,9,Mediocampista,3,3,0,0,0,0.0,0,0,1,1,1,17
6796,Ismael Tiote,2014,9,Mediocampista,3,3,0,0,0,0.0,1,0,1,0,2,21
6797,Jean-Jacques Tizie,2006,1,Arquero,2,2,0,1,0,0.0,0,0,0,0,2,19
6798,Kolo Toure,2006,4,Defensor,2,2,0,1,0,0.0,0,0,0,0,2,19
6798,Kolo Toure,2010,4,Defensor,3,3,1,0,0,0.0,0,0,1,1,1,17
6798,Kolo Toure,2014,4,Defensor,1,1,0,2,0,0.0,0,0,0,0,1,21
6799,Yaya Toure,2010,19,Mediocampista,3,3,0,0,1,0.33,0,0,1,1,1,17
6799,Yaya Toure,2014,19,Mediocampista,3,3,2,0,0,0.0,0,0,1,0,2,21
6800,Ousmane Viera,2014,2,Defensor,0,0,0,3,0,0.0,0,0,0,0,0,21
6801,Didier Ya Konan,2014,13,Delantero,1,0,0,2,0,0.0,0,0,1,0,0,21
6802,Gilles Yapi Yapo,2006,10,Mediocampista,1,0,0,2,0,0.0,0,0,0,0,1,19
6803,Daniel Yeboah,2010,23,Arquero,0,0,0,3,0,0.0,0,0,0,0,0,17
6804,Aristide Zogbo,2010,16,Arquero,0,0,0,3,0,0.0,0,0,0,0,0,17
6805,Didier Zokora,2006,5,Mediocampista,3,3,0,0,0,0.0,1,0,1,0,2,19
6805,Didier Zokora,2010,5,Mediocampista,3,3,0,0,0,0.0,1,0,1,1,1,17
6805,Didier Zokora,2014,5,Mediocampista,2,2,0,1,0,0.0,2,0,1,0,1,21
6806,Marc Zoro,2006,13,Defensor,0,0,0,3,0,0.0,0,0,0,0,0,19
6807,Kabasu Babo,1974,11,Defensor,0,0,0,3,0,0.0,0,0,0,0,0,16
6808,Lobilo Boba,1974,5,Defensor,3,3,0,0,0,0.0,0,0,0,0,3,16
6809,Mbungu Ekofo,1974,19,Delantero,0,0,0,3,0,0.0,0,0,0,0,0,16
6810,Kakoko Etepe,1974,21,Delantero,2,2,0,1,0,0.0,0,0,0,0,2,16
6811,Muepu Ilunga,1974,2,Defensor,3,3,0,0,0,0.0,1,0,0,0,3,16
6812,Ntumba Kalala,1974,20,Delantero,1,1,0,2,0,0.0,0,0,0,0,1,16
6813,Kembo Uba Kembo,1974,9,Mediocampista,3,1,0,0,0,0.0,0,0,0,0,3,16
6814,Kibonge Mafu,1974,15,Mediocampista,2,1,0,1,0,0.0,0,0,0,0,2,16
6815,Mavuda Mafuila,1974,18,Delantero,0,0,0,3,0,0.0,0,0,0,0,0,16
6816,Mayanga Maku,1974,14,Delantero,3,2,0,0,0,0.0,0,0,0,0,3,16
6817,Mana Mambuene,1974,8,Mediocampista,3,3,0,0,0,0.0,0,0,0,0,3,16
6818,Kidumu Mantantu,1974,10,Mediocampista,3,3,3,0,0,0.0,1,0,0,0,3,16
6819,Kilasu Massamba,1974,6,Mediocampista,3,2,0,0,0,0.0,0,0,0,0,3,16
6820,Mwape Mialo,1974,16,Defensor,0,0,0,3,0,0.0,0,0,0,0,0,16
6821,Kazadi Muamba,1974,1,Arquero,3,3,0,0,0,0.0,0,0,0,0,3,16
6822,Mwanza Nel Mukombo,1974,3,Defensor,3,3,0,0,0,0.0,0,0,0,0,3,16
6823,Ndaye Mulamba,1974,13,Mediocampista,2,2,0,1,0,0.0,0,1,0,0,2,16
6824,Tubilandu Ndimbi,1974,12,Arquero,1,0,0,2,0,0.0,0,0,0,0,1,16
6825,Kafula Ngoye,1974,17,Mediocampista,0,0,0,3,0,0.0,0,0,0,0,0,16
6826,Kalambay Otepa,1974,22,Arquero,0,0,0,3,0,0.0,0,0,0,0,0,16
6827,Buanga Tshimen,1974,4,Defensor,3,3,0,0,0,0.0,0,0,0,0,3,16
6828,Tshinabu Wa Munda,1974,7,Mediocampista,1,1,0,2,0,0.0,0,0,0,0,1,16
6829,Djamal Abdoun,2010,22,Mediocampista,1,0,0,2,0,0.0,0,0,0,1,0,28
6830,Mourad Amara,1982,21,Arquero,0,0,0,3,0,0.0,0,0,0,0,0,13
6830,Mourad Amara,1986,22,Arquero,0,0,0,3,0,0.0,0,0,0,0,0,22
6831,Salah Assad,1982,7,Delantero,3,3,0,0,2,0.67,0,0,2,0,1,13
6831,Salah Assad,1986,7,Delantero,2,2,0,1,0,0.0,0,0,0,1,1,22
6832,Nadir Belhadj,2010,3,Defensor,3,3,0,0,0,0.0,0,0,0,1,2,28
6833,Essaïd Belkalem,2014,4,Defensor,3,2,0,1,0,0.0,0,0,1,1,1,14
6834,Habib Bellaid,2010,12,Defensor,0,0,0,3,0,0.0,0,0,0,0,0,28
6835,Lakhdar Belloumi,1982,10,Mediocampista,2,2,0,1,1,0.5,0,0,1,0,1,13
6835,Lakhdar Belloumi,1986,10,Mediocampista,3,2,0,0,0,0.0,0,0,0,1,2,22
6836,Alim Ben Mabrouk,1986,18,Mediocampista,2,2,0,1,0,0.0,0,0,0,1,1,22
6837,Ali Bencheikh,1982,6,Mediocampista,0,0,0,3,0,0.0,0,0,0,0,0,13
6838,Fawzi Benkhalidi,1986,17,Mediocampista,0,0,0,3,0,0.0,0,0,0,0,0,22
6839,Tedj Bensaoula,1982,9,Delantero,3,1,0,0,1,0.33,0,0,2,0,1,13
6839,Tedj Bensaoula,1986,12,Delantero,1,0,0,2,0,0.0,0,0,0,0,1,22
6840,Yacine Bentala,1982,22,Arquero,0,0,0,3,0,0.0,0,0,0,0,0,13
6841,Nabil Bentaleb,2014,14,Mediocampista,3,3,0,1,0,0.0,1,0,1,1,1,14
6842,Ryad Boudebouz,2010,7,Mediocampista,1,1,0,2,0,0.0,0,0,0,1,0,28
6843,Madjid Bougherra,2010,2,Defensor,3,3,0,0,0,0.0,0,0,0,1,2,28
6843,Madjid Bougherra,2014,2,Defensor,3,2,2,1,0,0.0,1,0,1,0,2,14
6844,Abdelmajid Bourebbou,1982,20,Delantero,1,1,0,2,0,0.0,0,0,1,0,0,13
6845,Yacine Brahimi,2014,11,Mediocampista,3,2,0,1,1,0.33,0,0,1,1,1,14
6846,Liassine Cadamuro,2014,17,Defensor,0,0,0,4,0,0.0,1,0,0,0,0,14
6847,Mahdi Cerbah,1982,1,Arquero,3,3,0,0,0,0.0,0,0,2,0,1,13
6848,Mohamed Chaib,1986,19,Defensor,0,0,0,3,0,0.0,0,0,0,0,0,22
6849,Faouzi Chaouchi,2010,16,Arquero,1,1,0,2,0,0.0,0,0,0,0,1,28
6850,Fathi Chebel,1986,3,Mediocampista,0,0,0,3,0,0.0,0,0,0,0,0,22
6851,Mustafa Dahleb,1982,15,Mediocampista,3,2,0,0,0,0.0,0,0,2,0,1,13
6852,Abdelmoumene Djabou,2014,18,Mediocampista,3,2,0,1,2,0.67,0,0,1,1,1,14
6853,Rafik Djebbour,2010,11,Delantero,2,2,0,1,0,0.0,0,0,0,0,2,28
6854,Nasser Drid,1986,1,Arquero,2,2,0,1,0,0.0,0,0,0,0,2,22
6855,Larbi El Hadi,1986,21,Arquero,2,1,0,1,0,0.0,0,0,0,1,1,22
6856,Sofiane Feghouli,2014,10,Delantero,4,4,0,0,1,0.25,0,0,1,1,2,14
6857,Ali Fergani,1982,8,Mediocampista,3,3,3,0,0,0.0,0,0,2,0,1,13
6858,Lounes Gaouaoui,2010,1,Arquero,0,0,0,3,0,0.0,0,0,0,0,0,28
6859,Abdelkader Ghezzal,2010,9,Delantero,2,0,0,1,0,0.0,0,1,0,0,2,28
6860,Nabil Ghilas,2014,9,Delantero,3,0,0,1,0,0.0,1,0,1,1,1,14
6861,Faouzi Ghoulam,2014,3,Defensor,2,2,0,2,0,0.0,0,0,0,0,2,14
6862,Adlane Guedioura,2010,17,Mediocampista,3,0,0,0,0,0.0,0,0,0,1,2,28
6863,Mahmoud Guendouz,1982,2,Defensor,3,3,0,0,0,0.0,0,0,2,0,1,13
6863,Mahmoud Guendouz,1986,2,Defensor,3,3,3,0,0,0.0,0,0,0,1,2,22
6864,Rafik Halliche,2010,5,Defensor,3,3,0,0,0,0.0,0,0,0,1,2,28
6864,Rafik Halliche,2014,5,Defensor,4,4,2,0,1,0.25,1,0,1,1,2,14
6865,Rachid Harkouk,1986,13,Delantero,2,1,0,1,0,0.0,0,0,0,1,1,22
6866,Abdelkader Horr,1982,17,Defensor,0,0,0,3,0,0.0,0,0,0,0,0,13
6867,Mohamed Kaci Said,1986,6,Mediocampista,3,3,0,0,0,0.0,0,0,0,1,2,22
6868,Foued Kadir,2010,21,Mediocampista,3,3,0,0,0,0.0,0,0,0,1,2,28
6869,Mustafa Kouici,1982,3,Defensor,0,0,0,3,0,0.0,0,0,0,0,0,13
6870,Noureddine Kourichi,1982,4,Defensor,3,3,0,0,0,0.0,0,0,2,0,1,13
6870,Noureddine Kourichi,1986,4,Defensor,2,2,0,1,0,0.0,0,0,0,1,1,22
6871,Medhi Lacen,2010,8,Mediocampista,3,3,0,0,0,0.0,2,0,0,1,2,28
6871,Medhi Lacen,2014,8,Mediocampista,3,1,0,1,0,0.0,0,0,1,0,2,14
6872,Abdelkader Laifaoui,2010,14,Defensor,0,0,0,3,0,0.0,0,0,0,0,0,28
6873,Salah Larbes,1982,12,Defensor,2,1,0,1,0,0.0,0,0,2,0,0,13
6874,Rais M'Bolhi,2010,23,Arquero,2,2,0,1,0,0.0,0,0,0,1,1,28
6874,Rais M'Bolhi,2014,23,Arquero,4,4,0,0,0,0.0,0,0,1,1,2,14
6875,Rabah Madjer,1982,11,Delantero,3,3,0,0,1,0.33,1,0,2,0,1,13
6875,Rabah Madjer,1986,11,Delantero,3,3,0,0,0,0.0,1,0,0,1,2,22
6876,Riyad Mahrez,2014,21,Delantero,1,1,0,3,0,0.0,0,0,0,0,1,14
6877,Aissa Mandi,2014,20,Defensor,3,3,0,1,0,0.0,0,0,1,1,1,14
6878,Faouzi Mansouri,1982,16,Defensor,3,3,0,0,0,0.0,1,0,2,0,1,13
6878,Faouzi Mansouri,1986,16,Defensor,3,3,0,0,0,0.0,1,0,0,1,2,22
6879,Yazid Mansouri,2010,6,Mediocampista,0,0,0,3,0,0.0,0,0,0,0,0,28
6880,Karim Maroc,1982,18,Mediocampista,0,0,0,3,0,0.0,0,0,0,0,0,13
6880,Karim Maroc,1986,8,Mediocampista,2,2,0,1,0,0.0,0,0,0,1,1,22
6881,Karim Matmour,2010,13,Mediocampista,3,3,0,0,0,0.0,0,0,0,1,2,28
6882,Abdellah Medjadi,1986,5,Defensor,2,2,0,1,0,0.0,0,0,0,1,1,22
6883,Carl Medjani,2010,18,Defensor,0,0,0,3,0,0.0,0,0,0,0,0,28
6883,Carl Medjani,2014,12,Defensor,3,3,0,1,0,0.0,0,0,1,1,1,14
6884,Fadil Megharia,1986,20,Defensor,2,2,0,1,0,0.0,0,0,0,0,2,22
6885,Djamel Menad,1986,9,Delantero,2,1,0,1,0,0.0,0,0,0,0,2,22
6886,Chaabane Merzekane,1982,5,Defensor,3,3,0,0,0,0.0,0,0,2,0,1,13
6887,Djamel Mesbah,2010,20,Defensor,1,0,0,2,0,0.0,0,0,0,1,0,28
6887,Djamel Mesbah,2014,6,Defensor,2,2,0,2,0,0.0,1,0,1,1,0,14
6888,Mehdi Mostefa,2014,22,Mediocampista,2,2,0,2,0,0.0,0,0,0,0,2,14
6889,Abdelhamid Sadmi,1986,15,Defensor,0,0,0,3,0,0.0,0,0,0,0,0,22
6890,Rafik Saifi,2010,10,Delantero,2,0,0,1,0,0.0,0,0,0,0,2,28
6891,Cédric Si Mohamed,2014,1,Arquero,0,0,0,4,0,0.0,0,0,0,0,0,14
6892,Islam Slimani,2014,13,Delantero,4,3,0,0,2,0.5,0,0,1,1,2,14
6893,El Arabi Soudani,2014,15,Delantero,3,2,0,1,0,0.0,0,0,0,1,2,14
6894,Saphir Taïder,2014,19,Mediocampista,2,2,0,2,0,0.0,0,0,0,0,2,14
6895,Djamel Tlemcani,1982,19,Mediocampista,1,0,0,2,0,0.0,0,0,0,0,1,13
6896,Hocine Yahi,1982,13,Mediocampista,1,0,0,2,0,0.0,0,0,1,0,0,13
6897,Anther Yahia,2010,4,Defensor,3,3,3,0,0,0.0,0,1,0,1,2,28
6898,Hassan Yebda,2010,19,Mediocampista,3,3,0,0,0,0.0,2,0,0,1,2,28
6898,Hassan Yebda,2014,7,Mediocampista,1,0,0,3,0,0.0,0,0,0,1,0,14
6899,Mohamed Zemmamouche,2014,16,Arquero,0,0,0,4,0,0.0,0,0,0,0,0,14
6900,Karim Ziani,2010,15,Mediocampista,3,3,0,0,0,0.0,0,0,0,1,2,28
6901,Djamel Zidane,1982,14,Mediocampista,2,2,0,1,0,0.0,0,0,1,0,1,13
6901,Djamel Zidane,1986,14,Mediocampista,3,2,0,0,1,0.33,0,0,0,1,2,22
6902,Jean-Paul Abalo,2006,3,Defensor,2,2,2,1,0,0.0,0,1,0,0,2,30
6903,Emmanuel Adebayor,2006,4,Delantero,3,3,0,0,0,0.0,1,0,0,0,3,30
6904,Kossi Agassa,2006,16,Arquero,3,3,0,0,0,0.0,0,0,0,0,3,30
6905,Kuami Agboh,2006,8,Mediocampista,1,1,0,2,0,0.0,0,0,0,0,1,30
6906,Eric Akoto,2006,12,Defensor,0,0,0,3,0,0.0,0,0,0,0,0,30
6907,Ludovic Assemoassa,2006,19,Defensor,1,1,0,2,0,0.0,0,0,0,0,1,30
6908,Franck Atsou,2006,21,Mediocampista,0,0,0,3,0,0.0,0,0,0,0,0,30
6909,Yao Aziawonou,2006,6,Mediocampista,2,1,0,1,0,0.0,1,0,0,0,2,30
6910,Thomas Dossevi,2006,9,Mediocampista,2,1,0,1,0,0.0,0,0,0,0,2,30
6911,Affo Erassa,2006,20,Mediocampista,0,0,0,3,0,0.0,0,0,0,0,0,30
6912,Richmond Forson,2006,13,Delantero,3,2,0,0,0,0.0,0,0,0,0,3,30
6913,Robert Malm,2006,11,Delantero,1,0,0,2,0,0.0,0,0,0,0,1,30
6914,Cherif Toure Mamam,2006,10,Mediocampista,3,3,0,0,0,0.0,1,0,0,0,3,30
6915,Mohamed Kader,2006,17,Delantero,3,3,0,0,1,0.33,0,0,0,0,3,30
6916,Dare Nibombe,2006,2,Defensor,3,3,0,0,0,0.0,0,0,0,0,3,30
6917,Kodjovi Obilale,2006,22,Arquero,0,0,0,3,0,0.0,0,0,0,0,0,30
6918,Adekanmi Olufade,2006,14,Delantero,1,0,0,2,0,0.0,0,0,0,0,1,30
6919,Alaixys Romao,2006,15,Mediocampista,2,2,0,1,0,0.0,2,0,0,0,2,30
6920,Moustapha Salifou,2006,7,Delantero,3,2,0,0,0,0.0,2,0,0,0,3,30
6921,Yao Junior Senaya,2006,18,Delantero,3,2,0,0,0,0.0,0,0,0,0,3,30
6922,Ouro-Nimini Tchagnirou,2006,1,Arquero,0,0,0,3,0,0.0,0,0,0,0,0,30
6923,Massamasso Tchangai,2006,5,Defensor,3,3,1,0,0,0.0,1,0,0,0,3,30
6924,Assimiou Toure,2006,23,Defensor,2,1,0,1,0,0.0,0,0,0,0,2,30
6925,Jung Hwan Ahn,2002,19,Mediocampista,7,4,0,0,2,0.29,1,0,3,2,2,4
6925,Jung Hwan Ahn,2006,9,Delantero,3,0,0,0,1,0.33,1,0,1,1,1,17
6925,Jung Hwan Ahn,2010,9,Delantero,0,0,0,4,0,0.0,0,0,0,0,0,15
6926,Ik Soo An,1994,13,Defensor,0,0,0,3,0,0.0,0,0,0,0,0,20
6927,Ji Hoon Baek,2006,15,Mediocampista,0,0,0,3,0,0.0,0,0,0,0,0,17
6928,Byung Joo Byun,1986,19,Mediocampista,3,2,0,0,0,0.0,0,0,0,1,2,20
6928,Byung Joo Byun,1990,11,Delantero,2,2,0,1,0,0.0,0,0,0,0,2,22
6929,Bum Kun Cha,1986,11,Delantero,3,3,0,0,0,0.0,0,0,0,1,2,20
6930,Du Ri Cha,2002,16,Delantero,4,1,0,3,0,0.0,1,0,2,0,2,4
6930,Du Ri Cha,2010,22,Defensor,3,3,0,1,0,0.0,1,0,1,1,1,15
6931,Byung Duk Cho,1986,1,Arquero,0,0,0,3,0,0.0,0,0,0,0,0,20
6932,Gue-sung Cho,2022,9,Delantero,4,3,0,0,2,0.5,1,0,1,1,2,16
6933,Jae Jin Cho,2006,19,Delantero,3,3,0,0,0,0.0,0,0,1,1,1,17
6934,Jin Ho Cho,1994,15,Mediocampista,1,1,0,2,0,0.0,0,0,0,0,1,20
6935,Kwang Rae Cho,1986,4,Mediocampista,3,2,0,0,0,0.0,0,0,0,1,2,20
6936,Min Kook Cho,1990,15,Defensor,1,0,0,2,0,0.0,0,0,0,0,1,22
6937,Won Hee Cho,2006,23,Defensor,0,0,0,3,0,0.0,0,0,0,0,0,17
6938,Yong Hyung Cho,2010,4,Defensor,4,4,0,0,0,0.0,1,0,1,1,2,15
6939,Young Jeung Cho,1986,8,Mediocampista,2,2,0,1,0,0.0,2,0,0,1,1,20
6941,Chung Min Choi,1954,8,Delantero,1,1,0,1,0,0.0,0,0,0,0,1,16
6942,Dae Shik Choi,1994,14,Mediocampista,0,0,0,3,0,0.0,0,0,0,0,0,20
6943,Eun Sung Choi,2002,23,Arquero,0,0,0,7,0,0.0,0,0,0,0,0,4
6944,In Young Choi,1990,21,Arquero,3,3,0,0,0,0.0,0,0,0,0,3,22
6944,In Young Choi,1994,1,Arquero,3,3,3,0,0,0.0,0,0,0,2,1,20
6945,Jin Cheul Choi,2002,4,Defensor,6,6,0,1,0,0.0,1,0,3,2,1,4
6945,Jin Cheul Choi,2006,4,Defensor,3,3,0,0,0,0.0,1,0,1,1,1,17
6946,Kang Hee Choi,1990,3,Defensor,3,3,0,0,0,0.0,1,0,0,0,3,22
6947,Moon Sik Choi,1994,19,Mediocampista,0,0,0,3,0,0.0,0,0,0,0,0,20
6948,Soon Ho Choi,1986,9,Mediocampista,2,2,0,1,1,0.5,0,0,0,0,2,20
6948,Soon Ho Choi,1990,14,Delantero,3,3,2,0,0,0.0,1,0,0,0,3,22
6949,Sung Yong Choi,1998,2,Mediocampista,3,2,0,0,0,0.0,0,0,0,1,2,30
6949,Sung Yong Choi,2002,3,Mediocampista,0,0,0,7,0,0.0,0,0,0,0,0,4
6950,Tae Uk Choi,2002,8,Delantero,1,0,0,6,0,0.0,0,0,0,0,1,4
6951,Yong Soo Choi,1998,10,Delantero,2,2,0,1,0,0.0,1,0,0,1,1,30
6951,Yong Soo Choi,2002,11,Delantero,1,0,0,6,0,0.0,0,0,0,1,0,4
6952,Young Il Choi,1998,4,Defensor,1,1,0,2,0,0.0,0,0,0,0,1,30
6953,Yung Keun Choi,1954,18,Delantero,1,1,0,1,0,0.0,0,0,0,0,1,16
6954,Yung Kwang Chu,1954,16,Mediocampista,1,1,0,1,0,0.0,0,0,0,0,1,16
6955,Hae Won Chung,1990,8,Mediocampista,2,1,0,1,0,0.0,1,0,0,0,2,22
6956,Jong Son Chung,1994,2,Defensor,1,0,0,2,0,0.0,0,0,0,0,1,20
6957,Jong Soo Chung,1986,3,Defensor,1,0,0,2,0,0.0,0,0,0,0,1,20
6957,Jong Soo Chung,1990,13,Defensor,2,1,0,1,0,0.0,0,0,0,0,2,22
6958,Kyung Ho Chung,2006,16,Delantero,0,0,0,3,0,0.0,0,0,0,0,0,17
6959,Nam Sik Chung,1954,11,Mediocampista,1,1,0,1,0,0.0,0,0,0,0,1,16
6960,Yong Hwan Chung,1986,5,Defensor,3,3,0,0,0,0.0,0,0,0,1,2,20
6960,Yong Hwan Chung,1990,5,Defensor,1,1,1,2,0,0.0,0,0,0,0,1,22
6961,Il Jang Dae,1998,19,Defensor,0,0,0,3,0,0.0,0,0,0,0,0,30
6962,Yo-han Go,2018,22,Defensor,1,0,0,2,0,0.0,0,0,1,0,0,19
6963,Sang Bum Gu,1990,17,Defensor,2,2,0,1,0,0.0,0,0,0,0,2,22
6963,Sang Bum Gu,1994,17,Mediocampista,0,0,0,3,0,0.0,0,0,0,0,0,20
6964,Dae-Sung Ha,2014,8,Mediocampista,0,0,0,3,0,0.0,0,0,0,0,0,27
6965,Seok Ju Ha,1994,16,Mediocampista,2,0,0,1,0,0.0,0,0,0,2,0,20
6965,Seok Ju Ha,1998,17,Mediocampista,2,2,0,1,1,0.5,0,1,0,1,1,30
6966,Chung Wa Han,1954,14,Defensor,1,1,0,1,0,0.0,0,0,0,0,1,16
6967,Heung Chul Han,1954,12,Arquero,0,0,0,2,0,0.0,0,0,0,0,0,16
6968,Kook-Young Han,2014,14,Mediocampista,3,3,0,0,0,0.0,1,0,0,1,2,27
6969,Chul Hong,2018,14,Defensor,2,1,0,1,0,0.0,0,0,1,0,1,19
6969,Chul Hong,2022,14,Defensor,1,0,0,3,0,0.0,0,0,0,0,1,16
6970,Dook Jong Hong,1954,1,Arquero,2,2,0,0,0,0.0,0,0,0,0,2,16
6971,Jeong-Ho Hong,2014,20,Defensor,3,3,0,0,0,0.0,1,0,0,1,2,27
6972,Myung Bo Hong,1990,20,Defensor,3,3,0,0,0,0.0,0,0,0,0,3,22
6972,Myung Bo Hong,1994,20,Defensor,3,3,0,0,2,0.67,0,0,0,2,1,20
6972,Myung Bo Hong,1998,20,Defensor,3,3,0,0,0,0.0,0,0,0,1,2,30
6972,Myung Bo Hong,2002,20,Defensor,7,7,7,0,0,0.0,1,0,3,2,2,4
6973,Jung Moo Huh,1986,17,Mediocampista,3,3,0,0,1,0.33,1,0,0,1,2,20
6974,Bo Kwan Hwang,1990,9,Mediocampista,2,2,0,1,1,0.5,1,0,0,0,2,22
6975,Hee-chan Hwang,2018,11,Delantero,3,2,0,0,0,0.0,1,0,1,0,2,19
6975,Hee-chan Hwang,2022,11,Mediocampista,2,1,0,2,1,0.5,1,0,1,0,1,16
6976,In-beom Hwang,2022,6,Mediocampista,4,4,0,0,0,0.0,0,0,1,1,2,16
6977,Seok-Ho Hwang,2014,6,Defensor,1,0,0,2,0,0.0,0,0,0,1,0,27
6978,Sun Hong Hwang,1994,18,Delantero,3,3,0,0,1,0.33,0,0,0,2,1,20
6978,Sun Hong Hwang,1998,18,Delantero,0,0,0,3,0,0.0,0,0,0,0,0,30
6978,Sun Hong Hwang,2002,18,Delantero,5,3,0,2,1,0.2,0,0,2,2,1,4
6980,Young Min Hyun,2002,2,Defensor,0,0,0,7,0,0.0,0,0,0,0,0,4
6981,Hyun-soo Jang,2018,20,Defensor,3,3,0,0,0,0.0,0,0,1,0,2,19
6982,Hyung Seok Jang,1998,16,Defensor,2,0,0,1,0,0.0,0,0,0,1,1,30
6983,Gi Dong Jeong,1990,19,Arquero,0,0,0,3,0,0.0,0,0,0,0,0,22
6984,Woo-yeong Jeong,2022,25,Mediocampista,1,1,0,3,0,0.0,0,0,0,0,1,16
6985,Dong-Won Ji,2014,19,Delantero,2,0,0,1,0,0.0,0,0,0,0,2,27
6986,Hyeon-woo Jo,2018,23,Arquero,3,3,0,0,0,0.0,0,0,1,0,2,19
6986,Hyeon-woo Jo,2022,21,Arquero,0,0,0,4,0,0.0,0,0,0,0,0,16
6987,Se-jong Ju,2018,8,Mediocampista,2,1,0,1,0,0.0,0,0,1,0,1,19
6988,Seung-hyun Jung,2018,3,Defensor,0,0,0,3,0,0.0,0,0,0,0,0,19
6989,Sung Ryong Jung,2010,18,Arquero,4,4,0,0,0,0.0,0,0,1,1,2,15
6989,Sung Ryong Jung,2014,1,Arquero,2,2,0,1,0,0.0,0,0,0,1,1,27
6990,Woo-young Jung,2018,15,Mediocampista,3,1,0,0,0,0.0,2,0,1,0,2,19
6990,Woo-young Jung,2022,5,Mediocampista,4,4,0,0,0,0.0,2,0,1,1,2,16
6991,Chang Gi Kang,1954,4,Mediocampista,2,2,0,0,0,0.0,0,0,0,0,2,16
6992,Deuk Soo Kang,1986,22,Delantero,0,0,0,3,0,0.0,0,0,0,0,0,20
6993,Min Soo Kang,2010,23,Defensor,0,0,0,4,0,0.0,0,0,0,0,0,15
6994,Sung-yueng Ki,2010,16,Mediocampista,4,4,0,0,0,0.0,0,0,1,1,2,15
6994,Sung-yueng Ki,2014,16,Mediocampista,3,3,0,0,0,0.0,1,0,0,1,2,27
6994,Sung-yueng Ki,2018,16,Mediocampista,2,2,2,1,0,0.0,0,0,0,0,2,19
6995,Bo Kyung Kim,2010,6,Mediocampista,0,0,0,4,0,0.0,0,0,0,0,0,15
6995,Bo Kyung Kim,2014,7,Mediocampista,2,0,0,1,0,0.0,0,0,0,1,1,27
6996,Byung Ji Kim,1998,1,Arquero,3,3,0,0,0,0.0,1,0,0,1,2,30
6996,Byung Ji Kim,2002,12,Arquero,0,0,0,7,0,0.0,0,0,0,0,0,4
6997,Chang-Soo Kim,2014,2,Defensor,0,0,0,3,0,0.0,0,0,0,0,0,27
6998,Do Heon Kim,2006,8,Mediocampista,0,0,0,3,0,0.0,0,0,0,0,0,17
6999,Do Hoon Kim,1998,9,Delantero,2,2,0,1,0,0.0,0,0,0,0,2,30
7000,Do Keun Kim,1998,7,Mediocampista,3,3,0,0,0,0.0,0,0,0,1,2,30
7001,Dong Jin Kim,2006,3,Defensor,2,2,0,1,0,0.0,1,0,0,1,1,17
7001,Dong Jin Kim,2010,15,Defensor,1,0,0,3,0,0.0,0,0,0,1,0,15
7002,Hyung Il Kim,2010,3,Defensor,0,0,0,4,0,0.0,0,0,0,0,0,15
7003,Jae Sung Kim,2010,13,Mediocampista,3,1,0,1,0,0.0,0,0,1,1,1,15
7004,Ji Sung Kim,1954,15,Mediocampista,1,1,0,1,0,0.0,0,0,0,0,1,16
7005,Jin Kyu Kim,2006,6,Defensor,2,2,0,1,0,0.0,1,0,1,0,1,17
7006,Jin-hyeon Kim,2018,21,Arquero,0,0,0,3,0,0.0,0,0,0,0,0,19
7007,Jin-su Kim,2022,3,Defensor,4,4,0,0,0,0.0,0,0,1,1,2,16
7008,Jong Boo Kim,1986,7,Delantero,2,0,0,1,1,0.5,0,0,0,1,1,20
7009,Joo Sung Kim,1986,16,Delantero,3,3,0,0,0,0.0,2,0,0,1,2,20
7009,Joo Sung Kim,1990,16,Mediocampista,3,3,0,0,0,0.0,0,0,0,0,3,22
7009,Joo Sung Kim,1994,9,Mediocampista,3,3,0,0,0,0.0,1,0,0,2,1,20
7012,Min-woo Kim,2018,12,Defensor,2,1,0,1,0,0.0,0,0,0,0,2,19
7013,Moon-hwan Kim,2022,15,Defensor,4,4,0,0,0,0.0,0,0,1,1,2,16
7014,Nam Il Kim,2002,5,Mediocampista,5,5,0,2,0,0.0,1,0,3,2,0,4
7014,Nam Il Kim,2006,5,Mediocampista,3,2,0,0,0,0.0,0,0,1,1,1,17
7014,Nam Il Kim,2010,5,Mediocampista,3,0,0,1,0,0.0,1,0,1,1,1,15
7015,Pan Keun Kim,1994,4,Defensor,3,3,0,0,0,0.0,0,0,0,2,1,20
7016,Poong Jo Kim,1990,1,Arquero,0,0,0,3,0,0.0,0,0,0,0,0,22
7017,Pyung Seok Kim,1986,12,Defensor,1,1,0,2,0,0.0,0,0,0,0,1,20
7018,Sam Soo Kim,1986,18,Mediocampista,0,0,0,3,0,0.0,0,0,0,0,0,20
7019,Sang Sik Kim,2006,18,Defensor,2,0,0,1,0,0.0,0,0,1,1,0,17
7020,Seung-gyu Kim,2014,21,Arquero,1,1,0,2,0,0.0,0,0,0,0,1,27
7020,Seung-gyu Kim,2018,1,Arquero,0,0,0,3,0,0.0,0,0,0,0,0,19
7020,Seung-gyu Kim,2022,1,Arquero,4,4,0,0,0,0.0,0,0,1,1,2,16
7021,Shin-Wook Kim,2014,18,Delantero,2,1,0,1,0,0.0,0,0,0,0,2,27
7021,Shin-Wook Kim,2018,9,Delantero,1,1,0,2,0,0.0,1,0,0,0,1,19
7022,Tae Young Kim,1998,13,Defensor,3,2,0,0,0,0.0,1,0,0,1,2,30
7022,Tae Young Kim,2002,7,Defensor,7,6,0,0,0,0.0,2,0,3,2,2,4
7023,Tae-hwan Kim,2022,23,Defensor,0,0,0,4,0,0.0,0,0,0,0,0,16
7024,Yong Dae Kim,2006,20,Arquero,0,0,0,3,0,0.0,0,0,0,0,0,17
7027,Young Se Kim,1986,20,Delantero,1,1,0,2,0,0.0,0,0,0,0,1,20
7028,Young-Gwon Kim,2014,5,Defensor,3,3,0,0,0,0.0,0,0,0,1,2,27
7028,Young-Gwon Kim,2018,19,Defensor,3,3,0,0,1,0.33,1,0,1,0,2,19
7029,Jeong Woon Ko,1994,10,Mediocampista,3,3,0,0,0,0.0,1,0,0,2,1,20
7030,Jong Soo Ko,1998,14,Mediocampista,3,1,0,0,0,0.0,1,0,0,1,2,30
7031,Ja-Cheol Koo,2014,13,Mediocampista,3,3,3,0,1,0.33,1,0,0,1,2,27
7031,Ja-Cheol Koo,2018,13,Mediocampista,2,2,0,1,0,0.0,0,0,1,0,1,19
7032,Tae-Hwi Kwak,2014,4,Defensor,0,0,0,3,0,0.0,0,0,0,0,0,27
7033,Chang-hoon Kwon,2022,22,Mediocampista,1,1,0,3,0,0.0,0,0,0,0,1,16
7034,Kyung-won Kwon,2022,20,Defensor,2,1,0,2,0,0.0,0,0,1,0,1,16
7035,Bum-Young Lee,2014,23,Arquero,0,0,0,3,0,0.0,0,0,0,0,0,27
7036,Chun Soo Lee,2002,14,Delantero,7,2,0,0,0,0.0,1,0,3,2,2,4
7036,Chun Soo Lee,2006,14,Delantero,3,3,0,0,1,0.33,2,0,1,1,1,17
7037,Chung-yong Lee,2010,17,Mediocampista,4,4,0,0,2,0.5,1,0,1,1,2,15
7037,Chung-yong Lee,2014,17,Mediocampista,3,3,0,0,0,0.0,0,0,0,1,2,27
7038,Dong Gook Lee,1998,21,Delantero,1,0,0,2,0,0.0,0,0,0,0,1,30
7038,Dong Gook Lee,2010,20,Delantero,2,0,0,2,0,0.0,0,0,0,0,2,15
7039,Eul Yong Lee,2002,13,Mediocampista,4,3,0,3,1,0.25,1,0,1,2,1,4
7039,Eul Yong Lee,2006,13,Mediocampista,2,2,0,1,0,0.0,0,0,1,1,0,17
7040,Heung Sil Lee,1990,12,Mediocampista,1,1,0,2,0,0.0,1,0,0,0,1,22
7042,Jae-sung Lee,2018,17,Mediocampista,3,3,0,0,0,0.0,1,0,1,0,2,19
7042,Jae-sung Lee,2022,10,Mediocampista,3,3,0,1,0,0.0,0,0,1,1,1,16
7043,Jong Uwa Lee,1994,3,Defensor,0,0,0,3,0,0.0,0,0,0,0,0,20
7044,Jung Soo Lee,2010,14,Defensor,4,4,0,0,2,0.5,0,0,1,1,2,15
7045,Kang-in Lee,2022,18,Mediocampista,4,1,0,0,0,0.0,1,0,1,1,2,16
7046,Keun-Ho Lee,2014,11,Delantero,3,0,0,0,1,0.33,0,0,0,1,2,27
7047,Lim Saeng Lee,1998,3,Defensor,1,0,0,2,0,0.0,1,0,0,1,0,30
7049,Sang Hun Lee,1998,12,Defensor,1,1,0,2,0,0.0,0,0,0,1,0,30
7050,Sang Yi Lee,1954,5,Mediocampista,0,0,0,2,0,0.0,0,0,0,0,0,16
7052,Seung Yeoul Lee,2010,11,Delantero,1,0,0,3,0,0.0,0,0,1,0,0,15
7053,Seung-woo Lee,2018,10,Mediocampista,2,0,0,1,0,0.0,1,0,0,0,2,19
7054,Tae Ho Lee,1986,6,Delantero,0,0,0,3,0,0.0,0,0,0,0,0,20
7055,Woon Jae Lee,1994,22,Arquero,1,0,0,2,0,0.0,0,0,0,0,1,20
7058,Young Pyo Lee,2002,10,Mediocampista,5,5,0,2,0,0.0,0,0,2,1,2,4
7058,Young Pyo Lee,2006,12,Defensor,3,3,0,0,0,0.0,0,0,1,1,1,17
7058,Young Pyo Lee,2010,12,Defensor,4,4,0,0,0,0.0,0,0,1,1,2,15
7059,Jong Kap Li,1954,13,Defensor,1,1,0,1,0,0.0,0,0,0,0,1,16
7060,Ki Joo Li,1954,19,Delantero,1,1,0,1,0,0.0,0,0,0,0,1,16
7061,Sao Nam Li,1954,7,Delantero,1,1,0,1,0,0.0,0,0,0,0,1,16
7062,Byung Dae Min,1954,6,Defensor,1,1,1,1,0,0.0,0,0,0,0,1,16
7063,Seon-min Moon,2018,18,Mediocampista,2,2,0,1,0,0.0,1,0,1,0,1,19
7064,Sang-ho Na,2022,17,Mediocampista,2,1,0,2,0,0.0,0,0,0,1,1,16
7065,Jung Yoon Noh,1994,8,Mediocampista,2,2,0,1,0,0.0,0,0,0,2,0,20
7065,Jung Yoon Noh,1998,8,Mediocampista,1,1,0,2,0,0.0,0,0,0,0,1,30
7066,Soo Jin Noh,1986,13,Mediocampista,1,1,0,2,0,0.0,0,0,0,1,0,20
7066,Soo Jin Noh,1990,7,Mediocampista,2,1,0,1,0,0.0,0,0,0,0,2,22
7067,Ban-suk Oh,2018,4,Defensor,0,0,0,3,0,0.0,0,0,0,0,0,19
7068,Beom Seok Oh,2010,2,Defensor,1,1,0,3,0,0.0,0,0,0,0,1,15
7069,Yun Kyo Oh,1986,21,Arquero,3,3,0,0,0,0.0,0,0,0,1,2,20
7070,Seung-ho Paik,2022,8,Mediocampista,1,0,0,3,1,1.0,0,0,0,0,1,16
7071,Chang Sun Park,1986,10,Delantero,3,3,3,0,1,0.33,1,0,0,1,2,20
7072,Chu Young Park,2006,10,Delantero,1,1,0,2,0,0.0,1,0,0,0,1,17
7072,Chu Young Park,2010,10,Delantero,4,4,0,0,1,0.25,0,0,1,1,2,15
7072,Chu Young Park,2014,10,Delantero,2,2,0,1,0,0.0,0,0,0,1,1,27
7073,Chul Woo Park,1994,21,Arquero,0,0,0,3,0,0.0,0,0,0,0,0,20
7074,Il Kap Park,1954,17,Delantero,1,1,0,1,0,0.0,0,0,0,0,1,16
7075,Ji Sung Park,2002,21,Mediocampista,7,7,0,0,1,0.14,1,0,3,2,2,4
7075,Ji Sung Park,2006,7,Mediocampista,3,3,0,0,1,0.33,0,0,1,1,1,17
7075,Ji Sung Park,2010,7,Mediocampista,4,4,4,0,1,0.25,0,0,1,1,2,15
7076,Jong-Woo Park,2014,15,Mediocampista,0,0,0,3,0,0.0,0,0,0,0,0,27
7077,Joo-Ho Park,2014,22,Defensor,0,0,0,3,0,0.0,0,0,0,0,0,27
7077,Joo-Ho Park,2018,6,Defensor,1,1,0,2,0,0.0,0,0,0,0,1,19
7078,Jung Bae Park,1994,5,Defensor,3,3,0,0,0,0.0,1,0,0,2,1,20
7079,Kyu Chong Park,1954,2,Defensor,2,2,1,0,0,0.0,0,0,0,0,2,16
7080,Kyung Hoon Park,1986,2,Defensor,3,3,0,0,0,0.0,1,0,0,1,2,20
7080,Kyung Hoon Park,1990,2,Defensor,3,3,0,0,0,0.0,0,0,0,0,3,22
7081,Yae Seung Park,1954,3,Defensor,1,1,0,1,0,0.0,0,0,0,0,1,16
7082,Dong Myung Seo,1998,22,Arquero,0,0,0,3,0,0.0,0,0,0,0,0,30
7083,Jung Won Seo,1994,11,Delantero,3,1,0,0,1,0.33,0,0,0,2,1,20
7084,Ki Hyeon Seol,2002,9,Delantero,7,6,0,0,1,0.14,1,0,3,2,2,4
7084,Ki Hyeon Seol,2006,11,Delantero,2,0,0,1,0,0.0,0,0,0,1,1,17
7085,Hong Gi Shin,1994,7,Defensor,3,3,0,0,0,0.0,1,0,0,2,1,20
7086,Heung-Min Son,2014,9,Delantero,3,3,0,0,1,0.33,1,0,0,1,2,27
7086,Heung-Min Son,2018,7,Delantero,3,3,1,0,2,0.67,1,0,1,0,2,19
7086,Heung-Min Son,2022,7,Mediocampista,4,4,4,0,0,0.0,0,0,1,1,2,16
7088,Bum-keun Song,2022,12,Arquero,0,0,0,4,0,0.0,0,0,0,0,0,16
7089,Chong Gug Song,2002,22,Mediocampista,7,7,0,0,1,0.14,1,0,3,2,2,4
7089,Chong Gug Song,2006,22,Defensor,1,1,0,2,0,0.0,0,0,1,0,0,17
7090,Min-kyu Song,2022,26,Mediocampista,0,0,0,4,0,0.0,0,0,0,0,0,16
7091,Nak Woon Sung,1954,10,Delantero,1,1,0,1,0,0.0,0,0,0,0,1,16
7092,Sang Kwon Woo,1954,9,Delantero,2,2,0,0,0,0.0,0,0,0,0,2,16
7093,Ki Hun Yeom,2010,19,Mediocampista,4,3,0,0,0,0.0,1,0,1,1,2,15
7094,Byung Ok Yoo,1986,15,Defensor,0,0,0,3,0,0.0,0,0,0,0,0,20
7095,Sang Chul Yoo,1998,6,Defensor,3,3,3,0,1,0.33,0,0,0,1,2,30
7095,Sang Chul Yoo,2002,6,Mediocampista,7,7,0,0,1,0.14,1,0,3,2,2,4
7096,Deok Yeo Yoon,1990,4,Defensor,2,2,0,1,0,0.0,1,1,0,0,2,22
7097,Jong Hwan Yoon,2002,17,Mediocampista,0,0,0,7,0,0.0,0,0,0,0,0,4
7098,Jong-gyu Yoon,2022,2,Defensor,0,0,0,4,0,0.0,0,0,0,0,0,16
7099,Suk-Young Yun,2014,3,Defensor,3,3,0,0,0,0.0,0,0,0,1,2,27
7100,Young-sun Yun,2018,5,Defensor,1,1,0,2,0,0.0,0,0,1,0,0,19
7101,Kook Chin Yung,1954,20,Delantero,1,1,0,1,0,0.0,0,0,0,0,1,16
7102,Oleksiy Belik,2006,20,Delantero,1,0,0,4,0,0.0,0,0,0,0,1,8
7103,Dmytro Chigrynskyi,2006,13,Defensor,0,0,0,5,0,0.0,0,0,0,0,0,8
7104,Oleg Gusev,2006,9,Mediocampista,5,5,0,0,0,0.0,0,0,2,1,2,8
7105,Andriy Gusin,2006,14,Mediocampista,5,3,0,0,0,0.0,0,0,2,1,2,8
7106,Oleksandr Iatsenko,2006,3,Defensor,0,0,0,5,0,0.0,0,0,0,0,0,8
7107,Maksym Kalinichenko,2006,19,Mediocampista,4,4,0,1,1,0.25,1,0,2,1,1,8
7108,Artem Milevskiy,2006,15,Delantero,4,1,0,1,0,0.0,0,0,2,1,1,8
7109,Sergiy Nazarenko,2006,18,Mediocampista,0,0,0,5,0,0.0,0,0,0,0,0,8
7110,Andriy Nesmachnyi,2006,2,Defensor,5,5,0,0,0,0.0,1,0,2,1,2,8
7111,Andriy Pyatov,2006,12,Arquero,0,0,0,5,0,0.0,0,0,0,0,0,8
7112,Serhiy Rebrov,2006,11,Mediocampista,4,2,0,1,1,0.25,0,0,2,1,1,8
7113,Ruslan Rotan,2006,21,Mediocampista,3,1,0,2,0,0.0,0,0,1,1,1,8
7114,Andriy Rusol,2006,6,Defensor,4,4,0,1,1,0.25,2,0,2,0,2,8
7115,Oleg Shelayev,2006,8,Mediocampista,5,4,0,0,0,0.0,1,0,2,1,2,8
7116,Andriy Shevchenko,2006,7,Delantero,5,5,5,0,2,0.4,0,0,2,1,2,8
7117,Oleksandr Shovkovskyi,2006,1,Arquero,5,5,0,0,0,0.0,0,0,2,1,2,8
7118,Bohdan Shust,2006,23,Arquero,0,0,0,5,0,0.0,0,0,0,0,0,8
7119,Vyacheslav Sviderskyi,2006,22,Defensor,3,3,0,2,0,0.0,2,0,2,0,1,8
7120,Anatoliy Tymoschuk,2006,4,Mediocampista,5,5,0,0,0,0.0,1,0,2,1,2,8
7121,Vladyslav Vashchuk,2006,17,Defensor,3,2,0,2,0,0.0,0,1,0,1,2,8
7122,Andriy Vorobey,2006,16,Delantero,4,1,0,1,0,0.0,0,0,1,1,2,8
7123,Andriy Voronin,2006,10,Delantero,4,4,0,1,0,0.0,0,0,2,1,1,8
7124,Vladimir Yezerskyi,2006,5,Defensor,1,1,0,4,0,0.0,1,0,0,0,1,8
7125,Kári Árnason,2018,14,Defensor,2,2,0,1,0,0.0,0,0,0,1,1,28
7126,Birkir Bjarnason,2018,8,Mediocampista,3,3,0,0,0,0.0,0,0,0,1,2,28
7127,Jón Dadi Bödvarsson,2018,22,Delantero,1,1,0,2,0,0.0,0,0,0,0,1,28
7128,Hólmar Örn Eyjólfsson,2018,15,Defensor,0,0,0,3,0,0.0,0,0,0,0,0,28
7129,Alfred Finnbogason,2018,11,Delantero,3,3,0,0,1,0.33,1,0,0,1,2,28
7130,Samúel Fridjónsson,2018,3,Mediocampista,0,0,0,3,0,0.0,0,0,0,0,0,28
7131,Rúrik Gíslason,2018,19,Mediocampista,2,1,0,1,0,0.0,0,0,0,1,1,28
7132,Albert Gudmundsson,2018,4,Mediocampista,1,0,0,2,0,0.0,0,0,0,0,1,28
7134,Aron Gunnarsson,2018,17,Mediocampista,3,3,3,0,0,0.0,0,0,0,1,2,28
7135,Hannes Halldorsson,2018,1,Arquero,3,3,0,0,0,0.0,0,0,0,1,2,28
7136,Emil Hallfredsson,2018,20,Mediocampista,2,2,0,1,0,0.0,1,0,0,1,1,28
7137,Sverrir Ingi Ingason,2018,5,Defensor,2,1,0,1,0,0.0,0,0,0,0,2,28
7138,Hördur Magnússon,2018,18,Defensor,3,3,0,0,0,0.0,0,0,0,1,2,28
7139,Runar Alex Runarsson,2018,13,Arquero,0,0,0,3,0,0.0,0,0,0,0,0,28
7140,Birkir Már Saevarsson,2018,2,Defensor,3,3,0,0,0,0.0,1,0,0,1,2,28
7141,Frederik Schram,2018,12,Arquero,0,0,0,3,0,0.0,0,0,0,0,0,28
7142,Gylfi Sigurdsson,2018,10,Mediocampista,3,3,0,0,1,0.33,0,0,0,1,2,28
7143,Ragnar Sigurdsson,2018,6,Defensor,3,3,0,0,0,0.0,0,0,0,1,2,28
7144,Björn Sigurðarson,2018,9,Delantero,3,0,0,0,0,0.0,0,0,0,1,2,28
7145,Ari Skúlason,2018,23,Defensor,2,0,0,1,0,0.0,0,0,0,1,1,28
7146,Ólafur Ingi Skúlason,2018,16,Mediocampista,0,0,0,3,0,0.0,0,0,0,0,0,28
7147,Arnór Ingvi Traustason,2018,21,Mediocampista,1,0,0,2,0,0.0,0,0,0,0,1,28
7148,Ali Abdi,2022,24,Defensor,3,2,0,0,0,0.0,1,0,1,1,1,21
7149,Mohamed Akid,1978,9,Delantero,3,3,0,0,0,0.0,0,0,1,1,1,9
7150,Anis Ayari,2006,19,Defensor,2,2,0,1,0,0.0,1,0,0,0,2,24
7151,Khaled Badra,1998,21,Defensor,1,1,0,2,0,0.0,0,0,0,0,1,26
7151,Khaled Badra,2002,2,Defensor,3,3,2,0,0,0.0,1,0,0,1,2,29
7152,Anice Badri,2018,9,Mediocampista,3,2,0,0,0,0.0,1,0,1,0,2,24
7153,Rami Bedoui,2018,6,Defensor,1,1,0,2,0,0.0,0,0,1,0,0,24
7154,Hassen Bejaoui,2002,16,Arquero,0,0,0,3,0,0.0,0,0,0,0,0,29
7155,Faycal Ben Ahmed,1998,19,Mediocampista,1,0,0,2,0,0.0,0,0,0,0,1,26
7156,Mohamed Amine Ben Amor,2018,14,Mediocampista,1,0,0,2,0,0.0,0,0,0,0,1,24
7157,Lamine Ben Aziza,1978,21,Arquero,0,0,0,3,0,0.0,0,0,0,0,0,9
7158,Raouf Ben Aziza,1978,11,Delantero,2,1,0,1,0,0.0,0,0,1,1,0,9
7159,Mohamed Ben Moussa,1978,15,Delantero,0,0,0,3,0,0.0,0,0,0,0,0,9
7160,Farouk Ben Mustapha,2018,1,Arquero,2,1,0,1,0,0.0,0,0,0,0,2,24
7161,Agrebi Ben Rehaiem,1978,8,Mediocampista,3,3,0,0,0,0.0,0,0,1,1,1,9
7162,Mohamed Ali Ben Romdhane,2022,15,Mediocampista,1,1,0,2,0,0.0,0,0,1,0,0,21
7163,Chaouki Ben Saada,2006,17,Delantero,1,0,0,2,0,0.0,0,0,0,0,1,24
7164,Bechir Ben Said,2022,22,Arquero,0,0,0,3,0,0.0,0,0,0,0,0,21
7165,Mehdi Ben Slimane,1998,18,Delantero,3,3,0,0,0,0.0,0,0,0,1,2,26
7166,Imed Ben Younes,1998,2,Delantero,3,0,0,0,0,0.0,1,0,0,1,2,26
7167,Fakhreddine Ben Youssef,2018,8,Delantero,3,3,0,0,1,0.33,0,0,1,0,2,24
7168,Syam Ben Youssef,2018,2,Defensor,2,2,0,1,0,0.0,0,0,0,0,2,24
7169,Slim Benachour,2002,18,Mediocampista,3,3,0,0,0,0.0,0,0,0,1,2,29
7170,Yohan Benalouane,2018,3,Defensor,1,0,0,2,0,0.0,0,0,0,0,1,24
7171,Zoubeir Beya,1998,8,Mediocampista,3,2,0,0,0,0.0,1,0,0,1,2,26
7171,Zoubeir Beya,2002,3,Mediocampista,3,0,0,0,0,0.0,0,0,0,1,2,29
7172,Riadh Bouazizi,1998,13,Mediocampista,2,2,0,1,0,0.0,1,0,0,1,1,26
7172,Riadh Bouazizi,2002,13,Mediocampista,3,3,0,0,0,0.0,1,0,0,1,2,29
7172,Riadh Bouazizi,2006,13,Mediocampista,3,3,3,0,0,0.0,2,0,0,1,2,24
7173,Mounir Boukadida,1998,4,Defensor,2,2,0,1,0,0.0,0,0,0,1,1,26
7174,Ali Boumnijel,1998,22,Arquero,0,0,0,3,0,0.0,0,0,0,0,0,26
7174,Ali Boumnijel,2002,1,Arquero,3,3,0,0,0,0.0,0,0,0,1,2,29
7174,Ali Boumnijel,2006,1,Arquero,3,3,0,0,0,0.0,0,0,0,1,2,24
7175,Raouf Bouzaiene,2002,12,Defensor,3,3,0,0,1,0.33,0,0,0,1,2,29
7176,Dylan Bronn,2018,11,Defensor,2,2,0,1,1,0.5,0,0,0,0,2,24
7176,Dylan Bronn,2022,6,Defensor,2,2,0,1,0,0.0,0,0,0,1,1,21
7177,Ghailene Chaalali,2018,20,Delantero,1,1,0,2,0,0.0,1,0,1,0,0,24
7177,Ghailene Chaalali,2022,18,Mediocampista,1,0,0,2,0,0.0,0,0,1,0,0,21
7178,Kamel Chebali,1978,18,Defensor,0,0,0,3,0,0.0,0,0,0,0,0,9
7179,Adel Chedli,2006,14,Mediocampista,3,3,0,0,0,0.0,1,0,0,1,2,24
7180,Ohman Chehaibi,1978,16,Delantero,0,0,0,3,0,0.0,0,0,0,0,0,9
7181,Sirajeddine Chihi,1998,14,Mediocampista,3,3,0,0,0,0.0,0,0,0,1,2,26
7182,Yassine Chikhaoui,2006,9,Delantero,1,1,0,2,0,0.0,1,0,0,1,0,24
7183,Ferid Chouchane,1998,6,Defensor,2,2,0,1,0,0.0,0,0,0,1,1,26
7184,Clayton,1998,17,Defensor,2,2,0,1,0,0.0,2,0,0,0,2,26
7184,Clayton,2002,23,Defensor,1,1,0,2,0,0.0,0,0,0,0,1,29
7185,Aymen Dahmen,2022,16,Arquero,3,3,0,0,0,0.0,0,0,1,1,1,21
7186,Tarek Dhiab,1978,10,Mediocampista,3,3,0,0,0,0.0,1,0,1,1,1,9
7187,Mokhtar Douieb,1978,2,Defensor,3,3,0,0,1,0.33,0,0,1,1,1,9
7188,Mohamed Drager,2022,20,Defensor,2,2,0,1,0,0.0,0,0,0,1,1,21
7189,Choukri El Ouaer,1998,1,Arquero,3,3,0,0,0,0.0,0,0,0,1,2,26
7190,Adel El Sellimi,1998,11,Delantero,3,3,0,0,0,0.0,0,0,0,1,2,26
7190,Adel El Sellimi,2002,11,Delantero,2,1,1,1,0,0.0,0,0,0,1,1,29
7191,Ridha Ellouz,1978,17,Defensor,0,0,0,3,0,0.0,0,0,0,0,0,9
7192,Karim Essediri,2006,2,Delantero,1,0,0,2,0,0.0,0,0,0,1,0,24
7193,Hassan Gabsi,2002,8,Mediocampista,2,2,0,1,0,0.0,2,0,0,1,1,29
7194,Khaled Gasmi,1978,4,Mediocampista,2,2,0,1,0,0.0,0,0,0,1,1,9
7195,Nader Ghandri,2022,5,Mediocampista,1,1,0,2,0,0.0,0,0,1,0,0,21
7196,Kais Ghodhbane,1998,10,Mediocampista,3,2,0,0,0,0.0,1,0,0,1,2,26
7196,Kais Ghodhbane,2002,10,Mediocampista,2,2,0,1,0,0.0,1,0,0,1,1,29
7196,Kais Ghodhbane,2006,10,Mediocampista,3,0,0,0,0,0.0,0,0,0,1,2,24
7197,Nejib Ghommidh,1978,6,Mediocampista,3,3,0,0,1,0.33,0,0,1,1,1,9
7198,Haykel Guemamdia,2006,7,Delantero,1,0,0,2,0,0.0,1,0,0,0,1,24
7199,Oussama Haddadi,2018,5,Defensor,1,1,0,2,0,0.0,0,0,1,0,0,24
7200,Karim Haggui,2006,3,Defensor,3,3,0,0,0,0.0,1,0,0,1,2,24
7201,Mokhtar Hasni,1978,19,Delantero,0,0,0,3,0,0.0,0,0,0,0,0,9
7202,Mouez Hassen,2018,22,Arquero,1,1,0,2,0,0.0,0,0,0,0,1,24
7202,Mouez Hassen,2022,26,Arquero,0,0,0,3,0,0.0,0,0,0,0,0,21
7203,Bilel Ifa,2022,2,Defensor,0,0,0,3,0,0.0,0,0,0,0,0,21
7204,Sabri Jaballah,1998,20,Defensor,0,0,0,3,0,0.0,0,0,0,0,0,26
7205,Radhi Jaidi,2002,15,Defensor,3,3,0,0,0,0.0,0,0,0,1,2,29
7205,Radhi Jaidi,2006,15,Defensor,3,3,0,0,1,0.33,2,0,0,1,2,24
7206,Ahmed Jaouachi,2002,22,Arquero,0,0,0,3,0,0.0,0,0,0,0,0,29
7207,Seifeddine Jaziri,2022,19,Delantero,0,0,0,3,0,0.0,0,0,0,0,0,21
7208,Zied Jaziri,2002,5,Delantero,3,3,0,0,0,0.0,1,0,0,1,2,29
7208,Zied Jaziri,2006,5,Delantero,3,3,0,0,1,0.33,1,1,0,1,2,24
7209,Issam Jebali,2022,9,Delantero,3,2,0,0,0,0.0,0,0,1,1,1,21
7210,Omar Jebali,1978,20,Defensor,3,3,0,0,0,0.0,0,0,1,1,1,9
7211,Riadh Jelassi,1998,9,Delantero,1,0,0,2,0,0.0,0,0,0,1,0,26
7211,Riadh Jelassi,2002,9,Delantero,0,0,0,3,0,0.0,0,0,0,0,0,29
7212,David Jemmali,2006,18,Defensor,1,1,0,2,0,0.0,0,0,0,1,0,24
7213,Ali Kaabi,1978,3,Defensor,3,3,0,0,1,0.33,0,0,1,1,1,9
7214,Salah Karoui,1978,14,Delantero,1,0,0,2,0,0.0,0,0,1,0,0,9
7215,Hamdi Kasraoui,2006,22,Arquero,0,0,0,3,0,0.0,0,0,0,0,0,24
7216,Wajdi Kechrida,2022,21,Defensor,3,1,0,0,0,0.0,1,0,1,1,1,21
7217,Saber Khalifa,2018,19,Delantero,1,0,0,2,0,0.0,0,0,0,0,1,24
7218,Ahmed Khalil,2018,15,Delantero,1,0,0,2,0,0.0,0,0,1,0,0,24
7219,Saîf-Eddine Khaoui,2018,7,Delantero,1,1,0,2,0,0.0,0,0,0,0,1,24
7220,Wahbi Khazri,2018,10,Delantero,3,3,2,0,2,0.67,0,0,1,0,2,24
7220,Wahbi Khazri,2022,10,Delantero,2,1,1,1,1,0.5,0,0,1,0,1,21
7221,Taha Yassine Khenissi,2022,11,Delantero,2,0,0,1,0,0.0,1,0,0,1,1,21
7222,Khemais Labidi,1978,12,Mediocampista,3,2,0,0,0,0.0,0,0,1,1,1,9
7223,Mohsen Labidi,1978,5,Defensor,1,1,0,2,0,0.0,0,0,1,0,0,9
7224,Aissa Laidouni,2022,14,Mediocampista,3,3,0,0,0,0.0,1,0,1,1,1,21
7225,Temime Lakhzami,1978,7,Delantero,3,3,3,0,0,0.0,0,0,1,1,1,9
7226,Nejib Liman,1978,13,Delantero,0,0,0,3,0,0.0,0,0,0,0,0,9
7227,Ali Maâloul,2018,12,Defensor,2,2,0,1,0,0.0,0,0,0,0,2,24
7227,Ali Maâloul,2022,12,Defensor,1,1,0,2,0,0.0,0,0,1,0,0,21
7228,Hamdi Marzouki,2002,14,Defensor,0,0,0,3,0,0.0,0,0,0,0,0,29
7229,Aymen Mathlouthi,2018,16,Arquero,1,1,1,2,0,0.0,0,0,1,0,0,24
7229,Aymen Mathlouthi,2022,1,Arquero,0,0,0,3,0,0.0,0,0,0,0,0,21
7230,Hannibal Mejbri,2022,8,Mediocampista,1,0,0,2,0,0.0,0,0,0,1,0,21
7231,Mourad Melki,1998,12,Delantero,0,0,0,3,0,0.0,0,0,0,0,0,26
7231,Mourad Melki,2002,21,Mediocampista,2,2,0,1,0,0.0,1,0,0,1,1,29
7232,Sofiane Melliti,2006,23,Mediocampista,0,0,0,3,0,0.0,0,0,0,0,0,24
7233,Yassine Meriah,2018,4,Defensor,3,3,0,0,0,0.0,0,0,1,0,2,24
7233,Yassine Meriah,2022,4,Defensor,3,3,0,0,0,0.0,0,0,1,1,1,21
7234,Imed Mhadhebi,2002,7,Delantero,2,0,0,1,0,0.0,0,0,0,0,2,29
7235,Mohamed Mkacher,2002,4,Defensor,1,1,0,2,0,0.0,0,0,0,0,1,29
7236,Emir Mkademi,2002,19,Defensor,0,0,0,3,0,0.0,0,0,0,0,0,29
7237,Jaouhar Mnari,2006,12,Mediocampista,3,3,0,0,1,0.33,1,0,0,1,2,24
7238,Youssef Msakni,2022,7,Delantero,2,2,2,1,0,0.0,0,0,0,1,1,21
7239,Mehdi Nafti,2006,8,Mediocampista,3,2,0,0,0,0.0,0,0,0,1,2,24
7240,Hamdi Nagguez,2018,21,Defensor,2,1,0,1,0,0.0,0,0,1,0,1,24
7241,Mokhtar Naili,1978,22,Arquero,3,3,0,0,0,0.0,0,0,1,1,1,9
7242,Hamed Namouchi,2006,20,Mediocampista,3,3,0,0,0,0.0,0,0,0,1,2,24
7243,Adel Nefzi,2006,16,Arquero,0,0,0,3,0,0.0,0,0,0,0,0,24
7244,Sadouk Sassi,1978,1,Arquero,0,0,0,3,0,0.0,0,0,0,0,0,9
7245,Karim Saidi,2006,21,Defensor,0,0,0,3,0,0.0,0,0,0,0,0,24
7246,Radhouane Salhi,1998,16,Arquero,0,0,0,3,0,0.0,0,0,0,0,0,26
7248,Ferjani Sassi,2018,13,Mediocampista,3,3,0,0,1,0.33,2,0,1,0,2,24
7248,Ferjani Sassi,2022,13,Mediocampista,2,0,0,1,0,0.0,1,0,0,1,1,21
7249,Ellyes Skhiri,2018,17,Mediocampista,3,3,0,0,0,0.0,0,0,1,0,2,24
7249,Ellyes Skhiri,2022,17,Mediocampista,3,3,0,0,0,0.0,0,0,1,1,1,21
7250,Anis Slimane,2022,25,Delantero,2,2,0,1,0,0.0,0,0,1,1,0,21
7251,Naïm Sliti,2018,23,Delantero,3,2,0,0,0,0.0,0,0,1,0,2,24
7251,Naïm Sliti,2022,23,Delantero,2,1,0,1,0,0.0,0,0,0,1,1,21
7252,Skander Souayah,1998,15,Mediocampista,3,3,0,0,1,0.33,1,0,0,1,2,26
7253,Bassem Srarfi,2018,18,Delantero,1,0,0,2,0,0.0,0,0,1,0,0,24
7254,Montassar Talbi,2022,3,Defensor,3,3,0,0,0,0.0,0,0,1,1,1,21
7255,Tarek Thabet,1998,7,Defensor,3,1,0,0,0,0.0,0,0,0,1,2,26
7255,Tarek Thabet,2002,17,Defensor,0,0,0,3,0,0.0,0,0,0,0,0,29
7256,Hatem Trabelsi,1998,5,Defensor,1,1,0,2,0,0.0,0,0,0,0,1,26
7256,Hatem Trabelsi,2002,6,Defensor,3,3,0,0,0,0.0,1,0,0,1,2,29
7256,Hatem Trabelsi,2006,6,Defensor,3,3,0,0,0,0.0,1,0,0,1,2,24
7258,Alaeddine Yahia,2006,4,Defensor,1,0,0,2,0,0.0,0,0,0,0,1,24
7259,Ali Zitouni,2002,20,Delantero,3,0,0,0,0,0.0,0,0,0,1,2,29
7260,Warren Barrett,1998,1,Arquero,2,2,2,1,0,0.0,0,0,0,0,2,22
7262,Durrent Brown,1998,21,Defensor,0,0,0,3,0,0.0,0,0,0,0,0,22
7263,Deon Burton,1998,18,Delantero,3,2,0,0,0,0.0,1,0,1,0,2,22
7264,Peter Cargill,1998,7,Mediocampista,2,1,0,1,0,0.0,1,0,0,0,2,22
7265,Christopher Dawes,1998,3,Mediocampista,2,2,0,1,0,0.0,1,0,1,0,1,22
7266,Linval Dixon,1998,4,Defensor,0,0,0,3,0,0.0,0,0,0,0,0,22
7267,Robert Earle,1998,16,Mediocampista,3,1,0,0,1,0.33,0,0,1,0,2,22
7268,Ricardo Gardner,1998,15,Defensor,3,3,0,0,0,0.0,0,0,1,0,2,22
7269,Marcus Gayle,1998,8,Delantero,1,1,0,2,0,0.0,0,0,1,0,0,22
7270,Ian Goodison,1998,5,Defensor,3,3,1,0,0,0.0,0,0,1,0,2,22
7271,Paul Hall,1998,22,Delantero,3,3,0,0,0,0.0,0,0,1,0,2,22
7272,Aaron Lawrence,1998,13,Arquero,1,1,0,2,0,0.0,0,0,1,0,0,22
7273,Onandi Lowe,1998,17,Delantero,2,2,0,1,0,0.0,0,0,1,0,1,22
7274,Stephen Malcolm,1998,2,Defensor,2,2,0,1,0,0.0,1,0,1,0,1,22
7275,Darryl Powell,1998,20,Mediocampista,2,1,0,1,0,0.0,0,1,0,0,2,22
7276,Donovan Ricketts,1998,14,Arquero,0,0,0,3,0,0.0,0,0,0,0,0,22
7277,Dean Sewell,1998,12,Defensor,0,0,0,3,0,0.0,0,0,0,0,0,22
7278,Fitzroy Simpson,1998,6,Mediocampista,3,3,0,0,0,0.0,0,0,1,0,2,22
7279,Frank Sinclair,1998,19,Defensor,3,3,0,0,0,0.0,0,0,1,0,2,22
7280,Theodore Whitmore,1998,11,Mediocampista,3,3,0,0,2,0.67,0,0,1,0,2,22
7281,Andrew Williams,1998,9,Delantero,1,0,0,2,0,0.0,0,0,0,0,1,22
7282,Attila Abonyi,1974,11,Delantero,2,1,0,1,0,0.0,0,0,0,1,1,14
7283,John Aloisi,2006,15,Delantero,4,0,0,0,1,0.25,1,0,1,1,2,16
7284,Adrian Alston,1974,12,Delantero,3,3,0,0,0,0.0,0,0,0,1,2,14
7285,Daniel Arzani,2018,17,Delantero,3,0,0,0,0,0.0,1,0,0,1,2,30
7286,Nathaniel Atkinson,2022,3,Defensor,1,1,0,3,0,0.0,0,0,0,0,1,11
7287,Keanu Baccus,2022,26,Mediocampista,4,1,0,0,0,0.0,0,0,2,0,2,11
7288,Michael Beauchamp,2006,16,Defensor,0,0,0,4,0,0.0,0,0,0,0,0,16
7288,Michael Beauchamp,2010,6,Defensor,1,1,0,2,0,0.0,1,0,1,0,0,21
7289,Aziz Behich,2018,16,Defensor,3,3,0,0,0,0.0,1,0,0,1,2,30
7289,Aziz Behich,2022,16,Defensor,4,4,0,0,0,0.0,1,0,2,0,2,11
7290,Martin Boyle,2022,6,Delantero,0,0,0,4,0,0.0,0,0,0,0,0,11
7291,Oliver Bozanic,2014,13,Mediocampista,2,1,0,1,0,0.0,0,0,0,0,2,30
7292,Mark Bresciano,2006,23,Mediocampista,4,2,0,0,0,0.0,0,0,1,1,2,16
7292,Mark Bresciano,2010,23,Delantero,2,2,0,1,0,0.0,0,0,1,1,0,21
7292,Mark Bresciano,2014,23,Mediocampista,3,2,0,0,0,0.0,0,0,0,0,3,30
7293,Branko Buljevic,1974,20,Delantero,3,3,0,0,0,0.0,0,0,0,1,2,14
7294,Tim Cahill,2006,4,Mediocampista,4,3,0,0,2,0.5,2,0,1,1,2,16
7294,Tim Cahill,2010,4,Delantero,2,2,0,1,1,0.5,0,1,1,0,1,21
7294,Tim Cahill,2014,4,Delantero,2,2,0,1,2,1.0,2,0,0,0,2,30
7294,Tim Cahill,2018,4,Delantero,1,0,0,2,0,0.0,0,0,0,0,1,30
7295,Ernie Campbell,1974,19,Delantero,1,1,0,2,0,0.0,0,0,0,0,1,14
7296,David Carney,2010,21,Defensor,2,2,0,1,0,0.0,0,0,1,1,0,21
7297,Scott Chipperfield,2006,14,Defensor,4,4,0,0,0,0.0,0,0,1,1,2,16
7297,Scott Chipperfield,2010,11,Defensor,3,1,0,0,0,0.0,0,0,1,1,1,21
7298,Ante Covic,2006,12,Arquero,0,0,0,4,0,0.0,0,0,0,0,0,16
7299,Jason Culina,2006,5,Mediocampista,4,4,0,0,0,0.0,1,0,1,1,2,16
7299,Jason Culina,2010,5,Mediocampista,3,3,0,0,0,0.0,0,0,1,1,1,21
7300,Jason Cummings,2022,25,Delantero,1,0,0,3,0,0.0,0,0,0,0,1,11
7301,Colin Curran,1974,5,Defensor,3,3,0,0,0,0.0,0,0,0,1,2,14
7302,Jason Davidson,2014,3,Defensor,3,3,0,0,0,0.0,0,0,0,0,3,30
7303,Milos Degenek,2018,2,Defensor,0,0,0,3,0,0.0,0,0,0,0,0,30
7303,Milos Degenek,2022,2,Defensor,4,2,0,0,0,0.0,2,0,2,0,2,11
7304,Thomas Deng,2022,20,Defensor,0,0,0,4,0,0.0,0,0,0,0,0,11
7305,Cameron Devlin,2022,17,Mediocampista,0,0,0,4,0,0.0,0,0,0,0,0,11
7306,Mitchell Duke,2022,15,Delantero,4,4,0,0,1,0.25,1,0,2,0,2,11
7307,Brett Emerton,2006,7,Mediocampista,3,3,0,1,0,0.0,1,1,1,1,1,16
7307,Brett Emerton,2010,7,Mediocampista,3,3,0,0,0,0.0,1,0,1,1,1,21
7308,Adam Federici,2010,12,Arquero,0,0,0,3,0,0.0,0,0,0,0,0,21
7309,Ivan Franjic,2014,2,Defensor,1,1,0,2,0,0.0,0,0,0,0,1,30
7310,Eugene Galekovic,2014,18,Arquero,0,0,0,3,0,0.0,0,0,0,0,0,30
7312,Craig Goodwin,2022,23,Delantero,4,3,0,0,1,0.25,0,0,2,0,2,11
7313,Vince Grella,2006,13,Mediocampista,4,4,0,0,0,0.0,2,0,1,1,2,16
7313,Vince Grella,2010,13,Mediocampista,1,1,0,2,0,0.0,0,0,0,0,1,21
7314,Ben Halloran,2014,10,Mediocampista,3,0,0,0,0,0.0,0,0,0,0,3,30
7315,Dave Harding,1974,17,Mediocampista,0,0,0,3,0,0.0,0,0,0,0,0,14
7316,James Holland,2014,16,Mediocampista,0,0,0,3,0,0.0,0,0,0,0,0,30
7317,Brett Holman,2010,14,Delantero,3,1,0,0,2,0.67,0,0,1,1,1,21
7318,Ajdin Hrustic,2022,10,Mediocampista,3,0,0,1,0,0.0,0,0,2,0,1,11
7319,Jackson Irvine,2018,22,Mediocampista,3,0,0,0,0,0.0,0,0,0,1,2,30
7319,Jackson Irvine,2022,22,Mediocampista,4,4,0,0,0,0.0,2,0,2,0,2,11
7320,Mile Jedinak,2010,15,Mediocampista,1,0,0,2,0,0.0,0,0,0,0,1,21
7320,Mile Jedinak,2014,15,Mediocampista,3,3,3,0,1,0.33,2,0,0,0,3,30
7320,Mile Jedinak,2018,15,Mediocampista,3,3,3,0,2,0.67,1,0,0,1,2,30
7321,Brad Jones,2010,18,Arquero,0,0,0,3,0,0.0,0,0,0,0,0,21
7321,Brad Jones,2018,12,Arquero,0,0,0,3,0,0.0,0,0,0,0,0,30
7322,Tomi Juric,2018,9,Delantero,3,1,0,0,0,0.0,0,0,0,1,2,30
7323,Matthew Jurman,2018,6,Defensor,0,0,0,3,0,0.0,0,0,0,0,0,30
7324,Zeljko Kalac,2006,18,Arquero,1,1,0,3,0,0.0,0,0,0,1,0,16
7325,Fran Karacic,2022,5,Defensor,2,1,0,2,0,0.0,0,0,1,0,1,11
7326,Joshua Kennedy,2006,19,Delantero,2,0,0,2,0,0.0,0,0,1,1,0,16
7326,Joshua Kennedy,2010,9,Delantero,2,1,0,1,0,0.0,0,0,1,1,0,21
7327,Harry Kewell,2006,10,Delantero,3,2,0,1,1,0.33,0,0,1,1,1,16
7327,Harry Kewell,2010,10,Delantero,1,1,0,2,0,0.0,0,1,0,1,0,21
7328,Joel King,2022,24,Defensor,0,0,0,4,0,0.0,0,0,0,0,0,11
7329,Robbie Kruse,2018,10,Delantero,3,3,0,0,0,0.0,0,0,0,1,2,30
7330,Garang Kuol,2022,21,Delantero,2,0,0,2,0,0.0,0,0,0,0,2,11
7331,Mitchell Langerak,2014,12,Arquero,0,0,0,3,0,0.0,0,0,0,0,0,30
7332,Stan Lazaridis,2006,11,Mediocampista,0,0,0,4,0,0.0,0,0,0,0,0,16
7333,Mathew Leckie,2014,7,Delantero,3,3,0,0,0,0.0,0,0,0,0,3,30
7333,Mathew Leckie,2018,7,Delantero,3,3,0,0,0,0.0,1,0,0,1,2,30
7333,Mathew Leckie,2022,7,Delantero,4,4,0,0,1,0.25,0,0,2,0,2,11
7334,Massimo Luongo,2014,21,Mediocampista,0,0,0,3,0,0.0,0,0,0,0,0,30
7334,Massimo Luongo,2018,8,Mediocampista,0,0,0,3,0,0.0,0,0,0,0,0,30
7335,Awer Mabil,2022,11,Delantero,2,0,0,2,0,0.0,0,0,1,0,1,11
7336,Jimmy Mackay,1974,8,Mediocampista,3,3,0,0,0,0.0,1,0,0,1,2,14
7337,Jamie Maclaren,2018,14,Delantero,0,0,0,3,0,0.0,0,0,0,0,0,30
7337,Jamie Maclaren,2022,9,Delantero,3,0,0,1,0,0.0,0,0,2,0,1,11
7338,Allan Maher,1974,22,Arquero,0,0,0,3,0,0.0,0,0,0,0,0,14
7339,Gary Manuel,1974,10,Delantero,0,0,0,3,0,0.0,0,0,0,0,0,14
7340,Ryan McGowan,2014,19,Defensor,3,2,0,0,0,0.0,0,0,0,0,3,30
7341,Riley McGree,2022,14,Mediocampista,4,4,0,0,0,0.0,0,0,2,0,2,11
7342,Matt McKay,2014,17,Mediocampista,2,2,0,1,0,0.0,0,0,0,0,2,30
7343,James Meredith,2018,3,Defensor,0,0,0,3,0,0.0,0,0,0,0,0,30
7344,Jimmy Milisavljevic,1974,21,Arquero,0,0,0,3,0,0.0,0,0,0,0,0,14
7345,Mark Milligan,2006,22,Defensor,0,0,0,4,0,0.0,0,0,0,0,0,16
7345,Mark Milligan,2010,20,Defensor,0,0,0,3,0,0.0,0,0,0,0,0,21
7345,Mark Milligan,2014,5,Mediocampista,1,1,0,2,0,0.0,1,0,0,0,1,30
7345,Mark Milligan,2018,5,Defensor,3,3,0,0,0,0.0,1,0,0,1,2,30
7346,Craig Moore,2006,3,Defensor,4,4,0,0,1,0.25,1,0,1,1,2,16
7346,Craig Moore,2010,3,Defensor,2,2,0,1,0,0.0,2,0,0,1,1,21
7347,Aaron Mooy,2018,13,Mediocampista,3,3,0,0,0,0.0,0,0,0,1,2,30
7347,Aaron Mooy,2022,13,Mediocampista,4,4,0,0,0,0.0,1,0,2,0,2,11
7348,Andrew Nabbout,2018,11,Delantero,2,2,0,1,0,0.0,0,0,0,1,1,30
7349,Lucas Neill,2006,2,Defensor,4,4,0,0,0,0.0,0,0,1,1,2,16
7349,Lucas Neill,2010,2,Defensor,3,3,3,0,0,0.0,1,0,1,1,1,21
7350,Tommy Oar,2014,11,Mediocampista,3,3,0,0,0,0.0,0,0,0,0,3,30
7351,Peter Ollerton,1974,13,Delantero,2,0,0,1,0,0.0,0,0,0,1,1,14
7352,Dimitri Petratos,2018,21,Delantero,0,0,0,3,0,0.0,0,0,0,0,0,30
7353,Tony Popovic,2006,6,Defensor,1,1,0,3,0,0.0,0,0,0,0,1,16
7354,Andrew Redmayne,2022,12,Arquero,0,0,0,4,0,0.0,0,0,0,0,0,11
7355,Jack Reilly,1974,1,Arquero,3,3,0,0,0,0.0,0,0,0,1,2,14
7356,Ray Richards,1974,6,Mediocampista,3,3,0,0,0,0.0,0,1,0,1,2,14
7357,Josh Risdon,2018,19,Defensor,3,3,0,0,0,0.0,1,0,0,1,2,30
7358,Tom Rogic,2018,23,Mediocampista,3,3,0,0,0,0.0,1,0,0,1,2,30
7359,Jimmy Rooney,1974,7,Mediocampista,3,3,0,0,0,0.0,0,0,0,1,2,14
7360,Kye Rowles,2022,4,Defensor,4,4,0,0,0,0.0,0,0,2,0,2,11
7361,Ivo Rudic,1974,16,Defensor,0,0,0,3,0,0.0,0,0,0,0,0,14
7362,Nikita Rukavytsya,2010,17,Delantero,2,0,0,1,0,0.0,0,0,0,1,1,21
7363,Mathew Ryan,2014,1,Arquero,3,3,0,0,0,0.0,0,0,0,0,3,30
7363,Mathew Ryan,2018,1,Arquero,3,3,0,0,0,0.0,0,0,0,1,2,30
7363,Mathew Ryan,2022,1,Arquero,4,4,4,0,0,0.0,0,0,2,0,2,11
7364,Trent Sainsbury,2018,20,Defensor,3,3,0,0,0,0.0,0,0,0,1,2,30
7365,Manfred Schaefer,1974,4,Defensor,3,3,0,0,0,0.0,0,0,0,1,2,14
7366,Mark Schwarzer,2006,1,Arquero,3,3,0,1,0,0.0,0,0,1,0,2,16
7366,Mark Schwarzer,2010,1,Arquero,3,3,0,0,0,0.0,0,0,1,1,1,21
7367,Josip Skoko,2006,8,Mediocampista,0,0,0,4,0,0.0,0,0,0,0,0,16
7368,Harry Souttar,2022,19,Defensor,4,4,0,0,0,0.0,0,0,2,0,2,11
7369,Matthew Spiranovic,2014,6,Defensor,3,3,0,0,0,0.0,1,0,0,0,3,30
7370,Mile Sterjovski,2006,21,Mediocampista,3,3,0,1,0,0.0,0,0,0,1,2,16
7371,Adam Taggart,2014,9,Delantero,2,1,0,1,0,0.0,0,0,0,0,2,30
7372,Archie Thompson,2006,17,Delantero,0,0,0,4,0,0.0,0,0,0,0,0,16
7373,Max Tolson,1974,14,Mediocampista,0,0,0,3,0,0.0,0,0,0,0,0,14
7374,James Troisi,2014,14,Mediocampista,2,0,0,1,0,0.0,0,0,0,0,2,30
7375,Doug Utjesenovic,1974,2,Defensor,3,3,0,0,0,0.0,0,0,0,1,2,14
7376,Carl Valeri,2010,16,Mediocampista,3,3,0,0,0,0.0,1,0,1,1,1,21
7377,Dario Vidosic,2010,22,Mediocampista,0,0,0,3,0,0.0,0,0,0,0,0,21
7377,Dario Vidosic,2014,20,Mediocampista,0,0,0,3,0,0.0,0,0,0,0,0,30
7378,Mark Viduka,2006,9,Delantero,4,4,4,0,0,0.0,0,0,1,1,2,16
7379,Danny Vukovic,2018,18,Arquero,0,0,0,3,0,0.0,0,0,0,0,0,30
7379,Danny Vukovic,2022,18,Arquero,0,0,0,4,0,0.0,0,0,0,0,0,11
7380,John Warren,1974,9,Mediocampista,1,1,0,2,0,0.0,0,0,0,0,1,14
7381,John Watkiss,1974,18,Defensor,0,0,0,3,0,0.0,0,0,0,0,0,14
7382,Alex Wilkinson,2014,22,Defensor,3,3,0,0,0,0.0,0,0,0,0,3,30
7383,Luke Wilkshire,2006,20,Mediocampista,2,2,0,2,0,0.0,1,0,1,0,1,16
7383,Luke Wilkshire,2010,8,Defensor,3,3,0,0,0,0.0,1,0,1,1,1,21
7384,Harry Williams,1974,15,Defensor,1,0,0,2,0,0.0,0,0,0,1,0,14
7385,Peter Wilson,1974,3,Defensor,3,3,3,0,0,0.0,0,0,0,1,2,14
7386,Bailey Wright,2014,8,Defensor,0,0,0,3,0,0.0,0,0,0,0,0,30
7386,Bailey Wright,2022,8,Defensor,1,0,0,3,0,0.0,0,0,1,0,0,11
7387,Roald Amundsen,1938,-,Defensor,0,0,0,1,0,0.0,0,0,0,0,0,12
7388,Oddmund Andersen,1938,-,Defensor,0,0,0,1,0,0.0,0,0,0,0,0,12
7389,Gunnar Andreassen,1938,-,Mediocampista,0,0,0,1,0,0.0,0,0,0,0,0,12
7390,Hjalmar Andresen,1938,-,Delantero,0,0,0,1,0,0.0,0,0,0,0,0,12
7391,Espen Baardsen,1998,13,Arquero,0,0,0,4,0,0.0,0,0,0,0,0,15
7392,Henning Berg,1994,20,Defensor,3,3,0,0,0,0.0,0,0,1,1,1,17
7392,Henning Berg,1998,4,Defensor,4,4,0,0,0,0.0,1,0,1,2,1,15
7393,Stig Bjornebye,1994,5,Defensor,3,3,0,0,0,0.0,1,0,1,1,1,17
7393,Stig Bjornebye,1998,5,Defensor,4,4,0,0,0,0.0,0,0,1,2,1,15
7394,Lars Bohinen,1994,22,Mediocampista,3,2,0,0,0,0.0,0,0,1,1,1,17
7395,Rune Bratseth,1994,4,Defensor,3,3,3,0,0,0.0,0,0,1,1,1,17
7396,Arne Brustad,1938,-,Delantero,1,1,0,0,1,1.0,0,0,0,0,1,12
7397,Knut Brynildsen,1938,-,Delantero,1,1,0,0,0,0.0,0,0,0,0,1,12
7398,Dan Eggen,1994,17,Defensor,0,0,0,3,0,0.0,0,0,0,0,0,17
7398,Dan Eggen,1998,15,Defensor,4,4,0,0,1,0.25,0,0,1,2,1,15
7399,Nils Eriksen,1938,-,Mediocampista,1,1,1,0,0,0.0,0,0,0,0,1,12
7400,Jan Fjortoft,1994,9,Delantero,2,2,0,1,0,0.0,0,0,1,0,1,17
7401,Havard Flo,1998,17,Delantero,4,4,0,0,1,0.25,1,0,1,2,1,15
7402,Jostein Flo,1994,6,Delantero,3,3,0,0,0,0.0,0,0,1,1,1,17
7402,Jostein Flo,1998,16,Delantero,1,0,0,3,0,0.0,0,0,1,0,0,15
7403,Tore Andre Flo,1998,9,Delantero,4,4,0,0,1,0.25,1,0,1,2,1,15
7404,Odd Frantzen,1938,-,Delantero,1,1,0,0,0,0.0,0,0,0,0,1,12
7405,Frode Grodas,1994,12,Arquero,0,0,0,3,0,0.0,0,0,0,0,0,17
7405,Frode Grodas,1998,1,Arquero,4,4,4,0,0,0.0,0,0,1,2,1,15
7406,Alf Haland,1994,18,Defensor,2,2,0,1,0,0.0,2,0,1,0,1,17
7407,Gunnar Halle,1994,2,Defensor,2,1,0,1,0,0.0,0,0,1,1,0,17
7407,Gunnar Halle,1998,2,Defensor,1,0,0,3,0,0.0,0,0,0,1,0,15
7408,Sverre Hansen,1938,-,Mediocampista,0,0,0,1,0,0.0,0,0,0,0,0,12
7409,Vegard Heggem,1998,14,Delantero,0,0,0,4,0,0.0,0,0,0,0,0,15
7410,Kristian Henriksen,1938,-,Mediocampista,1,1,0,0,0,0.0,0,0,0,0,1,12
7411,Erik Hoftun,1998,19,Defensor,0,0,0,4,0,0.0,0,0,0,0,0,15
7412,Rolf Holmberg,1938,-,Mediocampista,1,1,0,0,0,0.0,0,0,0,0,1,12
7413,Oivind Holmsen,1938,-,Defensor,1,1,0,0,0,0.0,0,0,0,0,1,12
7414,Arne Ileby,1938,-,Delantero,0,0,0,1,0,0.0,0,0,0,0,0,12
7415,Magnar Isaksen,1938,-,Delantero,1,1,0,0,0,0.0,0,0,0,0,1,12
7416,Mini Jakobsen,1994,11,Delantero,3,1,0,0,0,0.0,0,0,1,1,1,17
7416,Mini Jakobsen,1998,11,Mediocampista,1,0,0,3,0,0.0,0,0,0,1,0,15
7417,Rolf Johannesen,1938,-,Defensor,1,1,0,0,0,0.0,0,0,0,0,1,12
7418,Henry Johansen,1938,-,Arquero,1,1,0,0,0,0.0,0,0,0,0,1,12
7419,Erland Johnsen,1994,3,Defensor,1,1,0,2,0,0.0,1,0,0,1,0,17
7420,Ronny Johnsen,1998,3,Defensor,4,4,0,0,0,0.0,0,0,1,2,1,15
7421,Jorgen Juve,1938,-,Defensor,0,0,0,1,0,0.0,0,0,0,0,0,12
7422,Anker Kihle,1938,-,Arquero,0,0,0,1,0,0.0,0,0,0,0,0,12
7423,Reidar Kvammen,1938,-,Delantero,1,1,0,0,0,0.0,0,0,0,0,1,12
7424,Oyvind Leonhardsen,1994,8,Mediocampista,3,3,0,0,0,0.0,1,0,1,1,1,17
7424,Oyvind Leonhardsen,1998,8,Mediocampista,3,3,0,1,0,0.0,1,0,1,1,1,15
7425,Karl Loken,1994,15,Defensor,0,0,0,3,0,0.0,0,0,0,0,0,17
7426,Alf Martinsen,1938,-,Delantero,0,0,0,1,0,0.0,0,0,0,0,0,12
7427,Thomas Myhre,1998,12,Arquero,0,0,0,4,0,0.0,0,0,0,0,0,15
7428,Erik Mykland,1994,7,Mediocampista,3,3,0,0,0,0.0,0,0,1,1,1,17
7428,Erik Mykland,1998,7,Mediocampista,3,2,0,1,0,0.0,1,0,1,1,1,15
7429,Roger Nilsen,1994,14,Defensor,0,0,0,3,0,0.0,0,0,0,0,0,17
7430,Sverre Nordby,1938,-,Arquero,0,0,0,1,0,0.0,0,0,0,0,0,12
7431,Egil Ostenstad,1998,18,Delantero,1,0,0,3,0,0.0,0,0,0,1,0,15
7432,Kjetil Rekdal,1994,10,Mediocampista,3,1,0,0,1,0.33,0,0,1,1,1,17
7432,Kjetil Rekdal,1998,10,Mediocampista,4,4,0,0,1,0.25,2,0,1,2,1,15
7433,Ola By Rise,1994,13,Arquero,0,0,0,3,0,0.0,0,0,0,0,0,17
7434,Vidar Riseth,1998,21,Mediocampista,4,3,0,0,0,0.0,0,0,1,2,1,15
7435,Sigurd Rushfeldt,1994,21,Delantero,1,1,0,2,0,0.0,0,0,0,0,1,17
7436,Stale Solbakken,1998,6,Mediocampista,3,1,0,1,0,0.0,0,0,0,2,1,15
7437,Ole Gunnar Solskjaer,1998,20,Delantero,3,1,0,1,0,0.0,0,0,1,1,1,15
7438,Goran Sorloth,1994,16,Delantero,1,1,0,2,0,0.0,1,0,0,1,0,17
7439,Roar Strand,1994,19,Mediocampista,0,0,0,3,0,0.0,0,0,0,0,0,17
7439,Roar Strand,1998,22,Mediocampista,3,2,0,1,0,0.0,0,0,1,1,1,15
7440,Erik Thorstvedt,1994,1,Arquero,3,3,0,0,0,0.0,0,0,1,1,1,17
7441,John Aldridge,1990,9,Delantero,5,5,0,0,0,0.0,1,0,0,4,1,8
7441,John Aldridge,1994,9,Delantero,3,1,0,1,1,0.33,0,0,1,1,1,16
7442,Phil Babb,1994,14,Defensor,4,4,0,0,0,0.0,0,0,1,1,2,16
7443,Pat Bonner,1990,1,Arquero,5,5,0,0,0,0.0,0,0,0,4,1,8
7443,Pat Bonner,1994,1,Arquero,4,4,0,0,0,0.0,0,0,1,1,2,16
7444,Gary Breen,2002,14,Defensor,4,4,0,0,1,0.25,0,0,1,3,0,12
7445,John Byrne,1990,20,Delantero,0,0,0,5,0,0.0,0,0,0,0,0,8
7446,Lee Carsley,2002,22,Mediocampista,1,0,0,3,0,0.0,0,0,1,0,0,12
7447,Tony Cascarino,1990,10,Delantero,5,2,0,0,0,0.0,0,0,0,4,1,8
7447,Tony Cascarino,1994,16,Delantero,1,0,0,3,0,0.0,0,0,0,0,1,16
7448,David Connolly,2002,13,Delantero,1,0,0,3,0,0.0,0,0,0,1,0,12
7449,Tommy Coyne,1994,15,Delantero,3,3,0,1,0,0.0,1,0,1,0,2,16
7450,Kenny Cunningham,2002,4,Defensor,2,0,0,2,0,0.0,0,0,0,2,0,12
7451,Damien Duff,2002,9,Delantero,4,4,0,0,1,0.25,0,0,1,3,0,12
7452,Richard Dunne,2002,15,Defensor,0,0,0,4,0,0.0,0,0,0,0,0,12
7453,Steve Finnan,2002,2,Defensor,4,3,0,0,0,0.0,1,0,1,3,0,12
7454,Shay Given,2002,1,Arquero,4,4,0,0,0,0.0,0,0,1,3,0,12
7455,Ian Harte,2002,3,Defensor,4,4,0,0,0,0.0,0,0,1,3,0,12
7456,Matt Holland,2002,8,Mediocampista,4,4,0,0,1,0.25,0,0,1,3,0,12
7457,Ray Houghton,1990,8,Mediocampista,5,5,0,0,0,0.0,0,0,0,4,1,8
7457,Ray Houghton,1994,8,Mediocampista,4,4,0,0,1,0.25,1,0,1,1,2,16
7458,Christopher Hughton,1990,14,Defensor,0,0,0,5,0,0.0,0,0,0,0,0,8
7459,Denis Irwin,1994,2,Defensor,2,2,0,2,0,0.0,2,0,1,0,1,16
7460,Robbie Keane,2002,10,Delantero,4,4,0,0,3,0.75,0,0,1,3,0,12
7461,Roy Keane,1994,6,Mediocampista,4,4,0,0,0,0.0,1,0,1,1,2,16
7461,Roy Keane,2002,6,Mediocampista,0,0,0,4,0,0.0,0,0,0,0,0,12
7462,David Kelly,1990,19,Delantero,0,0,0,5,0,0.0,0,0,0,0,0,8
7462,David Kelly,1994,20,Delantero,1,0,0,3,0,0.0,0,0,0,1,0,16
7463,Gary Kelly,2002,18,Defensor,4,4,0,0,0,0.0,0,0,1,3,0,12
7464,Alan Kelly Jr.,1994,22,Arquero,0,0,0,4,0,0.0,0,0,0,0,0,16
7464,Alan Kelly Jr.,2002,23,Arquero,0,0,0,4,0,0.0,0,0,0,0,0,12
7465,Alan Kernaghan,1994,13,Defensor,0,0,0,4,0,0.0,0,0,0,0,0,16
7466,Dean Kiely,2002,16,Arquero,0,0,0,4,0,0.0,0,0,0,0,0,12
7467,Kevin Kilbane,2002,11,Delantero,4,4,0,0,0,0.0,0,0,1,3,0,12
7468,Mark Kinsella,2002,12,Mediocampista,4,4,0,0,0,0.0,0,0,1,3,0,12
7469,Mick Mc Carthy,1990,4,Defensor,5,5,2,0,0,0.0,0,0,0,4,1,8
7470,Jason Mcateer,1994,21,Mediocampista,4,1,0,0,0,0.0,0,0,1,1,2,16
7470,Jason Mcateer,2002,7,Mediocampista,2,1,0,2,0,0.0,1,0,1,1,0,12
7471,Eddie Mcgoldrick,1994,17,Mediocampista,0,0,0,4,0,0.0,0,0,0,0,0,16
7472,Paul Mcgrath,1990,7,Defensor,5,5,3,0,0,0.0,1,0,0,4,1,8
7472,Paul Mcgrath,1994,5,Defensor,4,4,0,0,0,0.0,0,0,1,1,2,16
7473,Alan Mcloughlin,1990,21,Mediocampista,2,0,0,3,0,0.0,0,0,0,2,0,8
7473,Alan Mcloughlin,1994,19,Mediocampista,0,0,0,4,0,0.0,0,0,0,0,0,16
7474,Kevin Moran,1990,5,Defensor,5,5,0,0,0,0.0,1,0,0,4,1,8
7474,Kevin Moran,1994,4,Defensor,0,0,0,4,0,0.0,0,0,0,0,0,16
7475,Chris Morris,1990,2,Defensor,5,5,0,0,0,0.0,1,0,0,4,1,8
7476,Clinton Morrison,2002,19,Delantero,0,0,0,4,0,0.0,0,0,0,0,0,12
7477,Andy O'Brien,2002,20,Defensor,0,0,0,4,0,0.0,0,0,0,0,0,12
7478,David O'Leary,1990,12,Defensor,1,0,0,4,0,0.0,0,0,0,1,0,8
7479,Gerald Peyton,1990,22,Arquero,0,0,0,5,0,0.0,0,0,0,0,0,8
7480,Terry Phelan,1994,3,Defensor,3,3,0,1,0,0.0,2,0,1,0,2,16
7481,Niall Quinn,1990,17,Delantero,4,3,0,1,1,0.25,0,0,0,3,1,8
7481,Niall Quinn,2002,17,Delantero,3,0,0,1,0,0.0,0,0,1,2,0,12
7482,Steven Reid,2002,21,Delantero,2,0,0,2,0,0.0,1,0,0,2,0,12
7483,Kevin Sheedy,1990,11,Mediocampista,5,5,0,0,1,0.2,0,0,0,4,1,8
7484,John Sheridan,1990,16,Mediocampista,1,0,0,4,0,0.0,0,0,0,0,1,8
7484,John Sheridan,1994,10,Mediocampista,4,4,0,0,0,0.0,0,0,1,1,2,16
7485,Bernard Slaven,1990,15,Delantero,0,0,0,5,0,0.0,0,0,0,0,0,8
7486,Frank Stapleton,1990,18,Delantero,0,0,0,5,0,0.0,0,0,0,0,0,8
7487,Steve Staunton,1990,3,Defensor,5,5,0,0,0,0.0,0,0,0,4,1,8
7487,Steve Staunton,1994,11,Defensor,4,4,0,0,0,0.0,0,0,1,1,2,16
7487,Steve Staunton,2002,5,Defensor,4,4,4,0,0,0.0,1,0,1,3,0,12
7488,Andy Townsend,1990,13,Mediocampista,5,5,0,0,0,0.0,0,0,0,4,1,8
7488,Andy Townsend,1994,7,Mediocampista,4,4,4,0,0,0.0,0,0,1,1,2,16
7489,Ronnie Whelan,1990,6,Mediocampista,1,0,0,4,0,0.0,0,0,0,1,0,8
7489,Ronnie Whelan,1994,18,Mediocampista,1,0,0,3,0,0.0,0,0,0,1,0,16
7490,Florian Albert,1962,9,Delantero,3,3,0,1,4,1.33,0,0,2,0,1,5
7490,Florian Albert,1966,9,Delantero,4,4,0,0,0,0.0,0,0,2,0,2,6
7491,Jozsef Andrusch,1986,22,Arquero,0,0,0,3,0,0.0,0,0,0,0,0,18
7492,Istvan Avar,1934,-,Delantero,1,1,0,1,0,0.0,0,0,0,0,1,6
7493,Laszlo Balint,1978,14,Defensor,1,1,0,2,0,0.0,0,0,0,0,1,15
7493,Laszlo Balint,1982,3,Defensor,2,2,0,1,0,0.0,0,0,1,0,1,14
7494,Istvan Balogh,1938,-,Mediocampista,1,1,0,3,0,0.0,0,0,1,0,0,2
7495,Jozsef Bencsis,1958,20,Delantero,2,2,0,2,1,0.5,0,0,1,0,1,10
7496,Ferenc Bene,1966,7,Delantero,4,4,0,0,4,1.0,0,0,2,0,2,6
7497,Pal Berendy,1958,6,Mediocampista,2,2,0,2,0,0.0,0,0,0,1,1,10
7498,Mihaly Biro,1938,-,Delantero,0,0,0,4,0,0.0,0,0,0,0,0,2
7499,Sandor Biro,1934,-,Defensor,0,0,0,2,0,0.0,0,0,0,0,0,6
7500,Bela Bodonyi,1982,15,Delantero,0,0,0,3,0,0.0,0,0,0,0,0,14
7501,Laszlo Bodor,1962,20,Delantero,0,0,0,4,0,0.0,0,0,0,0,0,5
7502,Gyorgy Bognar,1986,19,Delantero,3,2,0,0,0,0.0,0,0,1,0,2,18
7503,Jozsef Bozsik,1954,5,Mediocampista,5,5,2,0,0,0.0,0,0,4,0,1,2
7503,Jozsef Bozsik,1958,5,Mediocampista,3,3,2,1,1,0.33,0,0,0,1,2,10
7504,Laszlo Budai,1954,16,Delantero,2,2,0,3,0,0.0,0,0,2,0,0,2
7504,Laszlo Budai,1958,7,Delantero,2,2,0,2,0,0.0,0,0,1,0,1,10
7505,Dezso Bundzsak,1958,10,Delantero,3,3,0,1,0,0.0,0,0,0,1,2,10
7506,Gyozo Burcsa,1986,17,Mediocampista,2,1,0,1,0,0.0,0,0,1,0,1,18
7507,Jeno Buzanszky,1954,2,Defensor,5,5,0,0,0,0.0,0,0,4,0,1,2
7508,Karoly Csapo,1978,13,Mediocampista,3,2,0,0,1,0.33,0,0,0,0,3,15
7508,Karoly Csapo,1982,17,Mediocampista,0,0,0,3,0,0.0,0,0,0,0,0,14
7509,Laszlo Cseh,1938,-,Delantero,0,0,0,4,0,0.0,0,0,0,0,0,2
7510,Ferenc Csongradi,1982,16,Mediocampista,1,0,0,2,0,0.0,0,0,0,1,0,14
7511,Lajos Csordas,1954,18,Delantero,0,0,0,5,0,0.0,0,0,0,0,0,2
7512,Jozsef Csuhay,1982,20,Defensor,0,0,0,3,0,0.0,0,0,0,0,0,14
7512,Jozsef Csuhay,1986,12,Defensor,0,0,0,3,0,0.0,0,0,0,0,0,18
7513,Zoltan Czibor,1954,11,Delantero,5,5,0,0,3,0.6,0,0,4,0,1,2
7514,Laszlo Dajka,1986,9,Mediocampista,3,1,0,0,0,0.0,0,0,1,0,2,18
7515,Lajos Detari,1986,10,Mediocampista,3,3,0,0,1,0.33,0,0,1,0,2,18
7516,Laszlo Disztl,1986,13,Defensor,0,0,0,3,0,0.0,0,0,0,0,0,18
7518,Janos Dudas,1934,-,Mediocampista,0,0,0,2,0,0.0,0,0,0,0,0,6
7518,Janos Dudas,1938,-,Mediocampista,0,0,0,4,0,0.0,0,0,0,0,0,2
7519,Marton Esterhazy,1986,11,Delantero,3,3,0,0,1,0.33,0,0,1,0,2,18
7520,Janos Farkas,1962,16,Delantero,0,0,0,4,0,0.0,0,0,0,0,0,5
7520,Janos Farkas,1966,10,Delantero,4,4,0,0,1,0.25,0,0,2,0,2,6
7521,Laszlo Fazekas,1978,7,Delantero,1,1,0,2,0,0.0,0,0,0,0,1,15
7521,Laszlo Fazekas,1982,7,Delantero,3,2,0,0,2,0.67,1,0,1,1,1,14
7522,Mate Fenyvesi,1958,21,Delantero,3,3,0,1,0,0.0,0,0,0,1,2,10
7522,Mate Fenyvesi,1962,11,Delantero,3,3,0,1,0,0.0,0,0,2,0,1,5
7522,Mate Fenyvesi,1966,12,Delantero,0,0,0,4,0,0.0,0,0,0,0,0,6
7523,Zoltan Friedmanszky,1958,19,Delantero,0,0,0,4,0,0.0,0,0,0,0,0,10
7524,Ferenc Fulop,1978,20,Mediocampista,0,0,0,3,0,0.0,0,0,0,0,0,15
7525,Gyula Futo,1934,-,Defensor,1,1,0,1,0,0.0,0,0,1,0,0,6
7526,Imre Garaba,1982,6,Defensor,3,3,0,0,0,0.0,0,0,1,1,1,14
7526,Imre Garaba,1986,6,Defensor,3,3,1,0,0,0.0,0,0,1,0,2,18
7527,Istvan Geczi,1966,22,Arquero,0,0,0,4,0,0.0,0,0,0,0,0,6
7528,Jozsef Gelei,1966,21,Arquero,3,3,0,1,0,0.0,0,0,2,0,1,6
7529,Sandor Geller,1954,21,Arquero,0,0,0,5,0,0.0,0,0,0,0,0,2
7530,Janos Gorocs,1962,8,Mediocampista,2,2,0,2,0,0.0,0,0,1,1,0,5
7531,Gyula Grosics,1954,1,Arquero,5,5,0,0,0,0.0,0,0,4,0,1,2
7531,Gyula Grosics,1958,1,Arquero,3,3,0,1,0,0.0,0,0,0,1,2,10
7531,Gyula Grosics,1962,1,Arquero,3,3,3,1,0,0.0,0,0,1,1,1,5
7532,Sandor Gujdar,1978,1,Arquero,2,2,0,1,0,0.0,0,0,0,0,2,15
7533,Geza Gulyas,1954,22,Arquero,0,0,0,5,0,0.0,0,0,0,0,0,2
7534,Jozsef Hada,1934,-,Arquero,0,0,0,2,0,0.0,0,0,0,0,0,6
7534,Jozsef Hada,1938,-,Arquero,1,1,0,3,0,0.0,0,0,1,0,0,2
7535,Gyula Hajszan,1986,21,Delantero,0,0,0,3,0,0.0,0,0,0,0,0,18
7536,Istvan Halasz,1978,16,Mediocampista,1,0,0,2,0,0.0,0,0,0,0,1,15
7537,Peter Hannich,1986,15,Mediocampista,1,1,0,2,0,0.0,0,0,0,0,1,18
7538,Nandor Hidegkuti,1954,9,Delantero,4,4,0,1,4,1.0,0,0,3,0,1,2
7538,Nandor Hidegkuti,1958,9,Delantero,2,2,2,2,0,0.0,0,0,1,1,0,10
7539,Kalman Ihasz,1962,13,Defensor,0,0,0,4,0,0.0,0,0,0,0,0,5
7539,Kalman Ihasz,1966,18,Defensor,0,0,0,4,0,0.0,0,0,0,0,0,6
7540,Istvan Ilku,1958,22,Arquero,1,1,0,3,0,0.0,0,0,1,0,0,10
7540,Istvan Ilku,1962,22,Arquero,1,1,0,3,0,0.0,0,0,1,0,0,5
7541,Beno Kaposzta,1966,2,Defensor,4,4,0,0,0,0.0,0,0,2,0,2,6
7542,Jozsef Kardos,1986,5,Defensor,3,3,0,0,0,0.0,0,0,1,0,2,18
7543,Bela Karpati,1954,12,Defensor,0,0,0,5,0,0.0,0,0,0,0,0,2
7543,Bela Karpati,1958,12,Defensor,0,0,0,4,0,0.0,0,0,0,0,0,10
7544,Bela Katzirz,1982,21,Arquero,0,0,0,3,0,0.0,0,0,0,0,0,14
7545,Tibor Kemeny,1934,-,Delantero,1,1,0,1,0,0.0,0,0,0,0,1,6
7546,Attila Kerekes,1982,18,Defensor,1,1,0,2,0,0.0,0,0,0,1,0,14
7547,Zoltan Kereki,1978,6,Defensor,3,3,3,0,0,0.0,0,0,0,0,3,15
7548,Jozsef Kiprich,1986,7,Delantero,2,2,0,1,0,0.0,0,0,1,0,1,18
7549,Imre Kiss,1982,22,Arquero,0,0,0,3,0,0.0,0,0,0,0,0,14
7551,Istvan Kocsis,1978,3,Defensor,2,2,0,1,0,0.0,0,0,0,0,2,15
7552,Sandor Kocsis,1954,8,Delantero,5,5,0,0,11,2.2,0,0,4,0,1,2
7553,Vilmos Kohut,1938,-,Delantero,2,2,0,2,1,0.5,0,0,2,0,0,2
7554,Lajos Koranyi,1938,-,Defensor,3,3,0,1,0,0.0,0,0,3,0,0,2
7555,Antal Kotasz,1958,15,Mediocampista,2,2,0,2,0,0.0,0,0,1,0,1,10
7556,Imre Kovacs,1954,14,Mediocampista,0,0,0,5,0,0.0,0,0,0,0,0,2
7557,Kalman Kovacs,1986,20,Delantero,1,1,0,2,0,0.0,0,0,0,0,1,18
7558,Laszlo Kovacs,1978,22,Arquero,0,0,0,3,0,0.0,0,0,0,0,0,15
7559,Bela Kuharszki,1962,19,Delantero,1,1,0,3,0,0.0,0,0,0,1,0,5
7560,Laszlo Lachos,1958,16,Delantero,0,0,0,4,0,0.0,0,0,0,0,0,10
7561,Mihaly Lantos,1954,4,Defensor,5,5,0,0,2,0.4,0,0,4,0,1,2
7562,Gyula Lazar,1934,-,Mediocampista,1,1,0,1,0,0.0,0,0,1,0,0,6
7562,Gyula Lazar,1938,-,Mediocampista,4,4,0,0,0,0.0,0,0,3,0,1,2
7563,Gyula Lorant,1954,3,Mediocampista,5,5,0,0,0,0.0,0,0,4,0,1,2
7564,Ferenc Machos,1954,17,Delantero,0,0,0,5,0,0.0,0,0,0,0,0,2
7565,Imre Markos,1934,-,Delantero,2,2,0,0,0,0.0,0,0,1,0,1,6
7566,Gyozo Martos,1978,12,Defensor,3,2,0,0,0,0.0,1,0,0,0,3,15
7566,Gyozo Martos,1982,2,Defensor,3,3,0,0,0,0.0,0,0,1,1,1,14
7567,Imre Mathesz,1966,13,Mediocampista,2,2,0,2,0,0.0,0,0,2,0,0,6
7568,Sandor Matrai,1958,2,Defensor,4,4,0,0,0,0.0,0,0,1,1,2,10
7568,Sandor Matrai,1962,2,Defensor,4,4,0,0,0,0.0,0,0,2,1,1,5
7568,Sandor Matrai,1966,3,Defensor,4,4,0,0,0,0.0,0,0,2,0,2,6
7569,Ivan Menczel,1962,15,Mediocampista,0,0,0,4,0,0.0,0,0,0,0,0,5
7570,Ferenc Meszaros,1978,21,Arquero,1,1,0,2,0,0.0,0,0,0,0,1,15
7570,Ferenc Meszaros,1982,1,Arquero,3,3,0,0,0,0.0,0,0,1,1,1,14
7571,Kalman Meszoly,1962,3,Defensor,4,4,0,0,0,0.0,0,0,2,1,1,5
7571,Kalman Meszoly,1966,5,Defensor,4,4,0,0,2,0.5,0,0,2,0,2,6
7572,Dezso Molnar,1966,15,Delantero,0,0,0,4,0,0.0,0,0,0,0,0,6
7573,Tivadar Monostori,1958,18,Delantero,0,0,0,4,0,0.0,0,0,0,0,0,10
7573,Tivadar Monostori,1962,18,Delantero,1,1,0,3,0,0.0,0,0,0,1,0,5
7574,Sandor Muller,1982,5,Mediocampista,2,2,0,1,0,0.0,0,0,1,1,0,14
7575,Antal Nagy,1966,20,Delantero,0,0,0,4,0,0.0,0,0,0,0,0,6
7575,Antal Nagy,1986,8,Defensor,3,2,2,0,0,0.0,0,0,1,0,2,18
7576,Istvan Nagy,1962,14,Mediocampista,0,0,0,4,0,0.0,0,0,0,0,0,5
7577,Jozsef Nagy,1986,16,Mediocampista,0,0,0,3,0,0.0,0,0,0,0,0,18
7578,Laszlo Nagy,1978,18,Mediocampista,3,3,0,0,0,0.0,0,0,0,0,3,15
7579,Tibor Nyilasi,1978,8,Mediocampista,2,2,0,1,0,0.0,1,1,0,0,2,15
7579,Tibor Nyilasi,1982,8,Mediocampista,3,3,3,0,2,0.67,1,0,1,1,1,14
7580,Jozsef Palinkas,1938,-,Arquero,0,0,0,4,0,0.0,0,0,0,0,0,2
7581,Istvan Palotas,1934,-,Mediocampista,2,2,0,0,0,0.0,0,0,1,0,1,6
7582,Peter Palotas,1954,19,Delantero,2,2,0,3,2,1.0,0,0,2,0,0,2
7583,Zoltan Peter,1986,14,Defensor,1,1,0,2,0,0.0,0,0,0,0,1,18
7584,Sandor Pinter,1978,10,Mediocampista,3,3,0,0,0,0.0,0,0,0,0,3,15
7585,Gyula Polgar,1934,-,Mediocampista,0,0,0,2,0,0.0,0,0,0,0,0,6
7585,Gyula Polgar,1938,-,Defensor,1,1,0,3,0,0.0,0,0,0,0,1,2
7586,Gabor Poloskei,1982,11,Delantero,3,3,0,0,2,0.67,0,0,1,1,1,14
7587,Ferenc Puskas,1954,10,Delantero,3,3,3,2,4,1.33,0,0,2,0,1,2
7587,Ferenc Puskas,1962,14,Delantero,3,3,0,0,0,0.0,0,0,1,0,2,12
7588,Lajos Puskas,1966,19,Delantero,0,0,0,4,0,0.0,0,0,0,0,0,6
7589,Laszlo Pusztai,1978,17,Delantero,2,2,0,1,0,0.0,0,0,0,0,2,15
7590,Tibor Rab,1978,15,Defensor,0,0,0,3,0,0.0,0,0,0,0,0,15
7590,Tibor Rab,1982,13,Defensor,1,1,0,2,0,0.0,0,0,0,0,1,14
7591,Gyula Rakosi,1962,17,Delantero,3,3,0,1,0,0.0,0,0,1,1,1,5
7591,Gyula Rakosi,1966,11,Delantero,4,4,0,0,0,0.0,0,0,2,0,2,6
7592,Antal Roth,1986,3,Defensor,3,2,0,0,0,0.0,0,0,1,0,2,18
7593,Sandor Sallai,1982,14,Defensor,3,2,0,0,0,0.0,0,0,1,1,1,14
7593,Sandor Sallai,1986,2,Defensor,3,3,0,0,0,0.0,0,0,1,0,2,18
7594,Karoly Sandor,1958,11,Delantero,3,3,0,1,1,0.33,0,0,1,1,1,10
7594,Karoly Sandor,1962,7,Delantero,3,3,0,1,0,0.0,0,0,2,0,1,5
7595,Bela Sarosi,1938,-,Mediocampista,0,0,0,4,0,0.0,0,0,0,0,0,2
7596,Gyorgy Sarosi,1934,-,Delantero,1,1,0,1,1,1.0,0,0,0,0,1,6
7596,Gyorgy Sarosi,1938,-,Delantero,4,4,4,0,5,1.25,0,0,3,0,1,2
7597,Laszlo Sarosi,1958,4,Defensor,4,4,0,0,0,0.0,0,0,1,1,2,10
7597,Laszlo Sarosi,1962,4,Defensor,4,4,1,0,0,0.0,0,0,2,1,1,5
7598,Ferenc Sas,1938,-,Delantero,4,4,0,0,1,0.25,0,0,3,0,1,2
7599,Ferenc Sipos,1958,3,Defensor,4,4,0,0,0,0.0,0,0,1,1,2,10
7599,Ferenc Sipos,1962,6,Defensor,4,4,0,0,0,0.0,0,0,2,1,1,5
7599,Ferenc Sipos,1966,6,Mediocampista,4,4,4,0,0,0.0,0,0,2,0,2,6
7600,Erno Solymosi,1962,5,Defensor,4,4,0,0,1,0.25,0,0,2,1,1,5
7601,Rezso Somlai,1934,-,Mediocampista,0,0,0,2,0,0.0,0,0,0,0,0,6
7602,Kalman Sovari,1962,12,Defensor,0,0,0,4,0,0.0,0,0,0,0,0,5
7602,Kalman Sovari,1966,4,Defensor,1,1,0,3,0,0.0,0,0,0,0,1,6
7603,Laszlo Sternberg,1934,-,Defensor,2,2,2,0,0,0.0,0,0,1,0,1,6
7604,Antal Szabo,1934,-,Arquero,2,2,0,0,0,0.0,0,0,1,0,1,6
7604,Antal Szabo,1938,-,Arquero,3,3,0,1,0,0.0,0,0,2,0,1,2
7606,Antal Szalay,1934,-,Mediocampista,1,1,0,1,0,0.0,0,0,0,0,1,6
7606,Antal Szalay,1938,-,Mediocampista,3,3,0,1,0,0.0,0,0,2,0,1,2
7607,Jozsef Szendrei,1986,18,Arquero,1,1,0,2,0,0.0,0,0,1,0,0,18
7608,Lazar Szentes,1982,12,Delantero,2,0,0,1,1,0.5,0,0,1,0,1,14
7609,Antal Szentimihalyi,1962,21,Arquero,0,0,0,4,0,0.0,0,0,0,0,0,5
7609,Antal Szentimihalyi,1966,1,Arquero,1,1,0,3,0,0.0,0,0,0,0,1,6
7610,Gusztav Szepesi,1966,17,Defensor,3,3,0,1,0,0.0,0,0,2,0,1,6
7611,Oszkar Szigeti,1958,13,Defensor,0,0,0,4,0,0.0,0,0,0,0,0,10
7612,Ferenc Szojka,1954,15,Mediocampista,1,1,0,4,0,0.0,0,0,1,0,0,2
7612,Ferenc Szojka,1958,14,Defensor,2,2,0,2,0,0.0,0,0,1,0,1,10
7613,Gyorgy Szucs,1934,-,Mediocampista,2,2,0,0,0,0.0,0,0,1,0,1,6
7613,Gyorgy Szucs,1938,-,Mediocampista,1,1,0,3,0,0.0,0,0,0,0,1,2
7614,Istvan Tamassy,1934,-,Delantero,0,0,0,2,0,0.0,0,0,0,0,0,6
7615,Pal Teleki,1934,-,Delantero,1,1,0,1,1,1.0,0,0,1,0,0,6
7616,Lajos Tichy,1958,8,Delantero,4,4,0,0,4,1.0,0,0,1,1,2,10
7616,Lajos Tichy,1966,16,Delantero,0,0,0,4,0,0.0,0,0,0,0,0,6
7617,Pal Titkos,1938,-,Delantero,2,2,0,2,1,0.5,0,0,1,0,1,2
7618,Geza Toldi,1934,-,Delantero,2,2,0,0,2,1.0,0,0,1,0,1,6
7618,Geza Toldi,1938,-,Delantero,2,2,0,2,1,0.5,0,0,2,0,0,2
7619,Andras Torocsik,1978,9,Delantero,2,2,0,1,0,0.0,1,1,0,0,2,15
7619,Andras Torocsik,1982,9,Delantero,2,2,0,1,0,0.0,0,0,1,1,0,14
7620,Peter Torok,1978,2,Defensor,1,1,0,2,0,0.0,0,0,0,0,1,15
7621,Andras Toth,1978,19,Delantero,1,0,0,2,1,1.0,0,0,0,0,1,15
7622,Jozsef Toth,1954,7,Delantero,2,2,0,3,1,0.5,0,0,2,0,0,2
7622,Jozsef Toth,1978,4,Defensor,3,3,0,0,0,0.0,0,0,0,0,3,15
7622,Jozsef Toth,1982,4,Defensor,2,2,0,1,1,0.5,0,0,1,0,1,14
7624,Jozsef Turay,1938,-,Mediocampista,3,3,0,1,0,0.0,0,0,3,0,0,2
7625,Jozsef Vago,1934,-,Defensor,1,1,0,1,0,0.0,0,0,0,0,1,6
7626,Bela Varadi,1978,11,Delantero,0,0,0,3,0,0.0,0,0,0,0,0,15
7627,Jozsef Varga,1982,19,Defensor,2,2,0,1,1,0.5,0,0,0,1,1,14
7627,Jozsef Varga,1986,4,Defensor,2,2,0,1,0,0.0,0,0,1,0,1,18
7628,Zoltan Varga,1966,8,Mediocampista,0,0,0,4,0,0.0,0,0,0,0,0,6
7629,Pal Varhidi,1954,13,Defensor,0,0,0,5,0,0.0,0,0,0,0,0,2
7630,Mihaly Vasas,1958,17,Delantero,0,0,0,4,0,0.0,0,0,0,0,0,10
7631,Jeno Vincze,1934,-,Delantero,1,1,0,1,1,1.0,0,0,1,0,0,6
7631,Jeno Vincze,1938,-,Delantero,2,2,0,2,0,0.0,0,0,1,0,1,2
7632,Jozsef Zakarias,1954,6,Mediocampista,4,4,0,1,0,0.0,0,0,3,0,1,2
7633,Sandor Zombori,1978,5,Mediocampista,3,3,0,0,1,0.33,1,0,0,0,3,15
7634,Gyula Zsengeller,1938,-,Delantero,4,4,0,0,5,1.25,0,0,3,0,1,2
7635,Paul Aguilar,2010,12,Defensor,1,1,0,3,0,0.0,0,0,0,1,0,14
7635,Paul Aguilar,2014,22,Defensor,4,4,0,0,0,0.0,2,0,2,1,1,10
7636,Javier Aguirre,1986,13,Delantero,5,5,0,0,0,0.0,1,1,3,2,0,6
7637,Juan Manuel Alejandrez,1970,2,Defensor,0,0,0,4,0,0.0,0,0,0,0,0,6
7638,Roberto Alvarado,2022,25,Delantero,1,0,0,2,0,0.0,1,0,0,0,1,22
7639,Edson Álvarez,2018,21,Defensor,4,3,0,0,0,0.0,1,0,2,0,2,12
7639,Edson Álvarez,2022,4,Defensor,2,2,0,1,0,0.0,1,0,1,1,0,22
7640,Kevin Álvarez,2022,26,Defensor,2,1,0,1,0,0.0,0,0,1,0,1,22
7641,Rafael Amador,1986,18,Defensor,3,3,0,2,0,0.0,0,0,2,1,0,6
7642,Ignacio Ambriz,1994,4,Defensor,4,4,4,0,0,0.0,0,0,1,2,1,13
7643,Efrain Amezcua,1930,-,Mediocampista,2,2,0,1,0,0.0,0,0,0,0,2,13
7644,Uriel Antuna,2022,21,Delantero,3,0,0,0,0,0.0,0,0,1,1,1,22
7645,Javier Aquino,2014,20,Mediocampista,1,0,0,3,0,0.0,0,0,0,0,1,10
7645,Javier Aquino,2018,20,Mediocampista,0,0,0,4,0,0.0,0,0,0,0,0,12
7646,Néstor Araujo,2022,2,Defensor,1,1,0,2,0,0.0,1,0,0,0,1,22
7647,Jesus Arellano,1998,21,Delantero,4,0,0,0,0,0.0,0,0,1,2,1,13
7647,Jesus Arellano,2002,21,Delantero,3,3,0,1,0,0.0,1,0,1,1,1,11
7647,Jesus Arellano,2006,21,Delantero,1,0,0,3,0,0.0,0,0,0,1,0,15
7648,Raul Arellano,1954,11,Delantero,2,2,0,0,0,0.0,0,0,0,0,2,13
7649,Gerardo Arteaga,2022,6,Defensor,0,0,0,3,0,0.0,0,0,0,0,0,22
7650,Rafael Avalos,1954,6,Mediocampista,2,2,0,0,0,0.0,0,0,0,0,2,13
7651,Hugo Ayala,2018,2,Defensor,2,2,0,2,0,0.0,0,0,1,0,1,12
7652,Alberto Baeza,1962,21,Delantero,0,0,0,3,0,0.0,0,0,0,0,0,11
7653,Tomas Balcazar,1954,10,Delantero,2,2,0,0,1,0.5,0,0,0,0,2,13
7654,Pablo Barrera,2010,7,Delantero,3,0,0,1,0,0.0,0,0,1,0,2,14
7655,Juan Ignacio Basaguren,1970,20,Delantero,2,0,0,2,1,0.5,0,0,2,0,0,6
7656,Adolfo Bautista,2010,21,Delantero,1,1,0,3,0,0.0,0,0,0,0,1,14
7657,Jaime Belmonte,1958,19,Delantero,2,2,0,1,1,0.5,0,0,0,1,1,16
7658,Marcelino Bernal,1994,6,Mediocampista,4,3,0,0,1,0.25,0,0,1,2,1,13
7658,Marcelino Bernal,1998,6,Mediocampista,2,1,0,2,0,0.0,0,0,1,0,1,13
7659,Carlos Blanco,1954,15,Delantero,0,0,0,2,0,0.0,0,0,0,0,0,13
7659,Carlos Blanco,1958,20,Mediocampista,2,2,0,1,0,0.0,0,0,0,1,1,16
7660,Cuauhtemoc Blanco,1998,11,Delantero,4,4,0,0,1,0.25,2,0,1,2,1,13
7660,Cuauhtemoc Blanco,2002,10,Delantero,4,4,0,0,1,0.25,1,0,2,1,1,11
7660,Cuauhtemoc Blanco,2010,10,Delantero,3,1,1,1,1,0.33,0,0,1,1,1,14
7661,Oscar Bonfiglio,1930,-,Arquero,2,2,0,1,0,0.0,0,0,0,0,2,13
7662,Jose Borbolla,1950,-,Delantero,1,1,0,2,0,0.0,0,0,0,0,1,12
7663,Jared Borgetti,2002,9,Delantero,4,4,0,0,2,0.5,0,0,2,1,1,11
7663,Jared Borgetti,2006,9,Delantero,2,2,0,2,0,0.0,0,0,1,0,1,15
7664,Enrique Borja,1966,20,Delantero,3,3,0,0,1,0.33,0,0,0,2,1,12
7664,Enrique Borja,1970,9,Delantero,2,1,0,2,0,0.0,0,0,1,0,1,6
7665,Tomas Boy,1986,10,Mediocampista,5,5,5,0,0,0.0,0,0,3,2,0,6
7666,Omar Bravo,2006,19,Delantero,3,3,0,1,2,0.67,0,0,1,1,1,15
7667,Sergio Bravo,1954,13,Defensor,0,0,0,2,0,0.0,0,0,0,0,0,13
7668,Isaác Brizuela,2014,17,Mediocampista,0,0,0,4,0,0.0,0,0,0,0,0,10
7669,Melvin Brown,2002,20,Defensor,0,0,0,4,0,0.0,0,0,0,0,0,11
7670,Gabriel Caballero,2002,19,Mediocampista,3,1,0,1,0,0.0,0,0,2,1,0,11
7671,Ignacio Calderon,1966,12,Arquero,2,2,0,1,0,0.0,0,0,0,1,1,12
7671,Ignacio Calderon,1970,1,Arquero,4,4,0,0,0,0.0,0,0,2,1,1,6
7672,Carlos Calderon De La Barca,1958,9,Delantero,1,1,0,2,0,0.0,0,0,0,0,1,16
7673,Manuel Camacho,1958,12,Arquero,0,0,0,3,0,0.0,0,0,0,0,0,16
7674,Jorge Campos,1994,1,Arquero,4,4,0,0,0,0.0,1,0,1,2,1,13
7674,Jorge Campos,1998,1,Arquero,4,4,0,0,0,0.0,0,0,1,2,1,13
7674,Jorge Campos,2002,23,Arquero,0,0,0,4,0,0.0,0,0,0,0,0,11
7675,Antonio Carbajal,1950,-,Arquero,3,3,0,0,0,0.0,0,0,0,0,3,12
7675,Antonio Carbajal,1954,1,Arquero,1,1,0,1,0,0.0,0,0,0,0,1,13
7675,Antonio Carbajal,1958,1,Arquero,3,3,3,0,0,0.0,0,0,0,1,2,16
7675,Antonio Carbajal,1962,1,Arquero,3,3,3,0,0,0.0,0,0,1,0,2,11
7675,Antonio Carbajal,1966,1,Arquero,1,1,0,2,0,0.0,0,0,0,1,0,12
7676,Javier Cardenas,1978,16,Mediocampista,1,1,0,2,0,0.0,0,0,0,0,1,16
7677,Raul Cardenas,1954,5,Mediocampista,2,2,0,0,0,0.0,0,0,0,0,2,13
7677,Raul Cardenas,1958,17,Mediocampista,2,2,0,1,0,0.0,0,0,0,1,1,16
7677,Raul Cardenas,1962,5,Mediocampista,3,3,0,0,0,0.0,0,0,1,0,2,11
7678,Salvador Carmona,1998,18,Defensor,2,1,0,2,0,0.0,1,0,0,1,1,13
7678,Salvador Carmona,2002,16,Defensor,4,4,0,0,0,0.0,1,0,2,1,1,11
7679,Juan Carreno,1930,-,Delantero,3,3,0,0,1,0.33,0,0,0,0,3,13
7680,Carlos Carus,1954,18,Delantero,0,0,0,2,0,0.0,0,0,0,0,0,13
7681,Horacio Casarin,1950,-,Delantero,3,3,2,0,1,0.33,0,0,0,0,3,12
7682,Francisco Castrejon,1970,22,Arquero,0,0,0,4,0,0.0,0,0,0,0,0,6
7683,Israel Castro,2010,8,Mediocampista,1,0,0,3,0,0.0,1,0,0,0,1,14
7684,Jesus Castro,1930,-,Delantero,0,0,0,3,0,0.0,0,0,0,0,0,13
7685,Jose Castro,2006,15,Defensor,2,1,0,2,0,0.0,1,0,0,0,2,15
7686,Arturo Chaires,1962,13,Defensor,0,0,0,3,0,0.0,0,0,0,0,0,11
7686,Arturo Chaires,1966,2,Defensor,3,3,0,0,0,0.0,0,0,0,2,1,12
7687,Adrian Chavez,1994,22,Arquero,0,0,0,4,0,0.0,0,0,0,0,0,13
7688,Juan Chavez,1994,13,Mediocampista,1,0,0,3,0,0.0,0,0,0,1,0,13
7689,Luis Chávez,2022,24,Mediocampista,3,3,0,0,1,0.33,0,0,1,1,1,22
7690,Ernesto Cisneros,1966,9,Mediocampista,1,1,0,2,0,0.0,0,0,0,1,0,12
7691,Rigoberto Cisneros,1978,13,Defensor,1,1,0,2,0,0.0,0,0,0,0,1,16
7692,Raul Cordoba,1950,-,Arquero,0,0,0,3,0,0.0,0,0,0,0,0,12
7693,Jesús Manuel Corona,2018,17,Delantero,2,0,0,2,0,0.0,0,0,1,0,1,12
7694,José de Jesús Corona,2006,12,Arquero,0,0,0,4,0,0.0,0,0,0,0,0,15
7694,José de Jesús Corona,2014,1,Arquero,0,0,0,4,0,0.0,0,0,0,0,0,10
7694,José de Jesús Corona,2018,1,Arquero,0,0,0,4,0,0.0,0,0,0,0,0,12
7695,Ranulfo Cortes,1954,22,Delantero,0,0,0,2,0,0.0,0,0,0,0,0,13
7696,Rodolfo Cota,2022,12,Arquero,0,0,0,3,0,0.0,0,0,0,0,0,22
7697,Felix Cruz,1986,14,Defensor,5,5,0,0,0,0.0,0,0,3,2,0,6
7699,Samuel Cuburu,1950,-,Mediocampista,1,1,0,2,0,0.0,0,0,0,0,1,12
7700,Leonardo Cuellar,1978,17,Mediocampista,3,3,0,0,0,0.0,0,0,0,0,3,16
7701,Duilio Davino,1998,5,Defensor,4,4,0,0,0,0.0,1,0,1,2,1,13
7702,Antonio De La Torre,1978,7,Mediocampista,3,3,0,0,0,0.0,0,0,0,0,3,16
7703,Carlos De Los Cobos,1986,6,Mediocampista,3,1,0,2,0,0.0,1,0,2,1,0,6
7704,Alfredo Del Aguila,1962,7,Delantero,3,3,0,0,1,0.33,0,0,1,0,2,11
7705,Jesus Del Muro,1958,2,Defensor,3,3,0,0,0,0.0,0,0,0,1,2,16
7705,Jesus Del Muro,1962,2,Defensor,3,3,0,0,0,0.0,0,0,1,0,2,11
7705,Jesus Del Muro,1966,4,Defensor,1,1,0,2,0,0.0,0,0,0,0,1,12
7706,Joaquin Del Olmo,1994,14,Mediocampista,3,3,0,1,0,0.0,2,0,1,1,1,13
7707,Isidoro Diaz,1962,11,Delantero,3,3,0,0,1,0.33,0,0,1,0,2,11
7707,Isidoro Diaz,1966,6,Mediocampista,3,3,0,0,0,0.0,0,0,0,2,1,12
7707,Isidoro Diaz,1970,16,Mediocampista,1,0,0,3,0,0.0,0,0,0,0,1,6
7708,Alejandro Dominguez,1986,8,Mediocampista,1,0,0,4,0,0.0,0,0,1,0,0,6
7709,Giovani dos Santos,2010,17,Delantero,4,4,0,0,0,0.0,0,0,1,1,2,14
7709,Giovani dos Santos,2014,10,Mediocampista,4,4,0,0,1,0.25,0,0,2,1,1,10
7709,Giovani dos Santos,2018,10,Mediocampista,1,0,0,3,0,0.0,0,0,1,0,0,12
7711,Miguel Espana,1986,7,Mediocampista,5,3,0,0,0,0.0,0,0,3,2,0,6
7712,Eduardo Espinoza,1994,15,Mediocampista,0,0,0,4,0,0.0,0,0,0,0,0,13
7713,Marco Fabián,2014,8,Mediocampista,3,0,0,1,0,0.0,0,0,2,1,0,10
7713,Marco Fabián,2018,8,Delantero,1,0,0,3,0,0.0,0,0,0,0,1,12
7714,Salvador Farfan,1962,16,Mediocampista,0,0,0,3,0,0.0,0,0,0,0,0,11
7715,Felix Fernandez,1994,12,Arquero,0,0,0,4,0,0.0,0,0,0,0,0,13
7716,Antonio Flores,1950,-,Mediocampista,1,1,0,2,0,0.0,0,0,0,0,1,12
7717,Francisco Flores,1958,6,Mediocampista,3,3,0,0,0,0.0,0,0,0,1,2,16
7718,Ignacio Flores,1978,15,Defensor,1,1,0,2,0,0.0,0,0,0,0,1,16
7719,Luis Flores,1986,15,Delantero,3,3,0,2,1,0.33,0,0,2,1,0,6
7720,Jose Fonseca,2006,17,Delantero,4,2,0,0,1,0.25,1,0,1,1,2,15
7721,Javier Fragoso,1966,10,Delantero,1,1,0,2,0,0.0,0,0,0,1,0,12
7721,Javier Fragoso,1970,21,Delantero,4,4,0,0,1,0.25,0,0,2,1,1,6
7722,Guillermo Franco,2006,10,Delantero,3,2,0,1,0,0.0,0,0,1,1,1,15
7722,Guillermo Franco,2010,9,Delantero,4,3,0,0,0,0.0,1,0,1,1,2,14
7723,Rogelio Funes Mori,2022,11,Delantero,1,0,0,2,0,0.0,0,0,1,0,0,22
7724,Francisco Gabriel De Anda,2002,2,Defensor,0,0,0,4,0,0.0,0,0,0,0,0,11
7725,Benjamin Galindo,1994,17,Mediocampista,2,1,0,2,0,0.0,0,0,0,1,1,13
7726,Jesús Gallardo,2018,23,Mediocampista,4,4,0,0,0,0.0,1,0,2,0,2,12
7726,Jesús Gallardo,2022,23,Defensor,3,3,0,0,0,0.0,0,0,1,1,1,22
7727,Luis Garcia,1994,10,Delantero,4,4,0,0,2,0.5,1,1,1,2,1,13
7727,Luis Garcia,1998,10,Delantero,0,0,0,4,0,0.0,0,0,0,0,0,13
7727,Luis Garcia,2006,11,Delantero,3,2,0,1,0,0.0,0,0,2,0,1,9
7728,Rafael Garcia,2006,20,Mediocampista,0,0,0,4,0,0.0,0,0,0,0,0,15
7729,Alberto Garcia Aspe,1994,8,Mediocampista,3,3,0,1,1,0.33,2,0,1,2,0,13
7729,Alberto Garcia Aspe,1998,8,Mediocampista,4,4,4,0,1,0.25,1,0,1,2,1,13
7729,Alberto Garcia Aspe,2002,8,Mediocampista,1,0,0,3,0,0.0,1,0,0,0,1,11
7730,Francisco Garza Gutierrez,1930,-,Defensor,1,1,0,2,0,0.0,0,0,0,0,1,13
7732,Roberto Gayon,1930,-,Delantero,2,2,0,1,1,0.5,0,0,0,0,2,13
7733,Carlos Gomez,1978,14,Defensor,1,1,0,2,0,0.0,0,0,0,0,1,16
7734,Gregorio Gomez,1950,-,Defensor,2,2,0,1,0,0.0,0,0,0,0,2,12
7735,Jaime Gomez,1958,13,Arquero,0,0,0,3,0,0.0,0,0,0,0,0,16
7735,Jaime Gomez,1962,12,Arquero,0,0,0,3,0,0.0,0,0,0,0,0,11
7736,Juan Gomez,1954,14,Defensor,1,1,0,1,0,0.0,0,0,0,0,1,13
7737,Carlos Gonzalez,1958,22,Delantero,2,2,0,1,0,0.0,0,0,0,1,1,16
7738,Jose Gonzalez,1966,13,Defensor,0,0,0,3,0,0.0,0,0,0,0,0,12
7738,Jose Gonzalez,1970,17,Mediocampista,3,3,0,1,1,0.33,0,0,2,0,1,6
7739,Andres Guardado,2006,18,Defensor,1,1,0,3,0,0.0,0,0,0,0,1,15
7739,Andres Guardado,2010,18,Mediocampista,3,2,0,1,0,0.0,0,0,0,1,2,14
7739,Andres Guardado,2014,18,Mediocampista,4,4,0,0,1,0.25,1,0,2,1,1,10
7739,Andres Guardado,2018,18,Mediocampista,4,4,3,0,0,0.0,1,0,2,0,2,12
7739,Andres Guardado,2022,18,Mediocampista,1,1,1,2,0,0.0,0,0,0,0,1,22
7740,Carlos Guevara,1950,-,Mediocampista,0,0,0,3,0,0.0,0,0,0,0,0,12
7741,Crescencio Gutierrez,1958,10,Delantero,1,1,0,2,0,0.0,0,0,0,0,1,16
7742,Érick Gutiérrez,2018,5,Mediocampista,0,0,0,4,0,0.0,0,0,0,0,0,12
7742,Érick Gutiérrez,2022,14,Mediocampista,1,0,0,2,0,0.0,1,0,0,0,1,22
7743,Manuel Gutierrez,1950,-,Defensor,2,2,0,1,0,0.0,0,0,0,0,2,12
7744,Miguel Gutierrez,1958,14,Defensor,2,2,0,1,0,0.0,0,0,0,1,1,16
7744,Miguel Gutierrez,1982,14,Defensor,0,0,0,3,0,0.0,0,0,0,0,0,20
7745,Raul Gutierrez,1994,21,Defensor,2,1,0,2,0,0.0,0,0,1,0,1,13
7746,Javier Guzman,1970,14,Defensor,4,4,0,0,0,0.0,0,0,2,1,1,6
7747,Olaf Heredia,1986,20,Arquero,0,0,0,5,0,0.0,0,0,0,0,0,6
7748,Carlos Hermosillo,1986,11,Delantero,0,0,0,5,0,0.0,0,0,0,0,0,6
7748,Carlos Hermosillo,1994,7,Delantero,2,2,0,2,0,0.0,0,0,1,1,0,13
7749,Alfredo Hernandez,1958,7,Mediocampista,1,1,0,2,0,0.0,0,0,0,0,1,16
7749,Alfredo Hernandez,1962,18,Mediocampista,1,1,0,2,0,0.0,0,0,1,0,0,11
7750,Francisco Hernandez,1950,-,Mediocampista,0,0,0,3,0,0.0,0,0,0,0,0,12
7750,Francisco Hernandez,1982,9,Delantero,1,1,0,2,0,0.0,0,0,0,0,1,24
7751,Guillermo Hernandez,1966,15,Mediocampista,3,3,0,0,0,0.0,0,0,0,2,1,12
7751,Guillermo Hernandez,1970,6,Defensor,1,1,0,3,0,0.0,0,0,0,1,0,6
7752,Hector Hernandez,1962,9,Delantero,3,3,0,0,1,0.33,0,0,1,0,2,11
7753,Javier Hernandez,1986,19,Delantero,0,0,0,5,0,0.0,0,0,0,0,0,6
7753,Javier Hernandez,2010,14,Delantero,4,1,0,0,2,0.5,1,0,1,1,2,14
7753,Javier Hernandez,2014,14,Delantero,4,0,0,0,1,0.25,0,0,2,1,1,10
7753,Javier Hernandez,2018,14,Delantero,4,4,0,0,1,0.25,0,0,2,0,2,12
7754,Luis Hernandez,1998,15,Delantero,4,4,0,0,4,1.0,1,0,1,2,1,13
7754,Luis Hernandez,2002,15,Delantero,3,0,0,1,0,0.0,1,0,2,0,1,11
7755,Héctor Herrera,2014,6,Mediocampista,4,4,0,0,0,0.0,0,0,2,1,1,10
7755,Héctor Herrera,2018,16,Defensor,4,4,0,0,0,0.0,2,0,2,0,2,12
7755,Héctor Herrera,2022,16,Mediocampista,2,2,0,1,0,0.0,1,0,0,1,1,22
7756,Raul Isiordia,1978,21,Delantero,1,1,0,2,0,0.0,0,0,0,0,1,16
7757,Francisco Jara,1966,11,Delantero,0,0,0,3,0,0.0,0,0,0,0,0,12
7758,Antonio Jasso,1962,19,Delantero,2,2,0,1,0,0.0,0,0,0,0,2,11
7759,Ignacio Jauregui,1962,15,Defensor,2,2,0,1,0,0.0,0,0,1,0,1,11
7759,Ignacio Jauregui,1966,5,Defensor,1,1,0,2,0,0.0,0,0,0,0,1,12
7760,Raúl Jiménez,2014,9,Delantero,1,0,0,3,0,0.0,0,0,0,1,0,10
7760,Raúl Jiménez,2018,9,Delantero,2,0,0,2,0,0.0,0,0,1,0,1,12
7760,Raúl Jiménez,2022,9,Delantero,3,0,0,0,0,0.0,0,0,1,1,1,22
7761,Moises Jinich,1954,19,Delantero,0,0,0,2,0,0.0,0,0,0,0,0,13
7762,Efrain Juarez,2010,16,Defensor,3,3,0,1,0,0.0,2,0,1,1,1,14
7763,Jose Lamadrid,1954,9,Delantero,2,2,0,0,1,0.5,0,0,0,0,2,13
7764,Raul Lara,1998,14,Mediocampista,3,2,0,1,0,0.0,0,0,1,1,1,13
7765,Pablo Larios,1986,1,Arquero,5,5,0,0,0,0.0,0,0,3,2,0,6
7766,Miguel Layún,2014,7,Defensor,4,4,0,0,0,0.0,0,0,2,1,1,10
7766,Miguel Layún,2018,7,Mediocampista,4,3,0,0,0,0.0,1,0,2,0,2,12
7767,Hilario Lopez,1930,-,Delantero,3,3,0,0,0,0.0,0,0,0,0,3,13
7768,Ligorio Lopez,1958,21,Delantero,0,0,0,3,0,0.0,0,0,0,0,0,16
7769,Narciso Lopez,1954,2,Defensor,2,2,0,0,0,0.0,0,0,0,0,2,13
7770,Horacio Lopez Salgado,1970,10,Delantero,2,1,0,2,0,0.0,0,0,1,1,0,6
7771,Enrique Lopez Zarza,1978,8,Delantero,1,1,0,2,0,0.0,0,0,0,0,1,16
7772,Hirving Lozano,2018,22,Delantero,4,4,0,0,1,0.25,0,0,2,0,2,12
7772,Hirving Lozano,2022,22,Delantero,3,3,0,0,0,0.0,0,0,1,1,1,22
7773,Gerardo Lugo,1978,18,Mediocampista,2,0,0,1,0,0.0,0,0,0,0,2,16
7774,Braulio Luna,1998,19,Mediocampista,2,2,0,2,0,0.0,0,0,1,1,0,13
7774,Braulio Luna,2002,11,Mediocampista,4,4,0,0,0,0.0,0,0,2,1,1,11
7775,Jonny Magallon,2010,19,Defensor,0,0,0,4,0,0.0,0,0,0,0,0,14
7776,Armando Manzo,1986,4,Defensor,0,0,0,5,0,0.0,0,0,0,0,0,6
7777,Rafael Marquez,2002,4,Mediocampista,4,4,4,0,0,0.0,0,1,2,1,1,11
7777,Rafael Marquez,2006,4,Defensor,4,4,4,0,1,0.25,2,0,1,1,2,15
7777,Rafael Marquez,2010,4,Defensor,4,4,2,0,1,0.25,1,0,1,1,2,14
7777,Rafael Marquez,2014,4,Defensor,4,4,4,0,1,0.25,2,0,2,1,1,10
7777,Rafael Marquez,2018,4,Defensor,3,1,1,1,0,0.0,0,0,2,0,1,12
7778,Henry Martin,2022,20,Delantero,2,2,0,1,1,0.5,0,0,1,1,0,22
7779,Jesus Martinez,1978,12,Defensor,2,2,0,1,0,0.0,0,0,0,0,2,16
7780,Saturnino Martinez,1954,4,Defensor,1,1,0,1,0,0.0,0,0,0,0,1,13
7781,Alberto Medina,2010,22,Delantero,0,0,0,4,0,0.0,0,0,0,0,0,14
7782,Mario Medina,1978,20,Delantero,0,0,0,3,0,0.0,0,0,0,0,0,16
7783,Dioniso Mejia,1930,-,Delantero,1,1,0,2,0,0.0,0,0,0,0,1,13
7784,Mario Mendez,1962,4,Defensor,3,3,0,0,0,0.0,0,0,1,0,2,13
7784,Mario Mendez,2006,16,Defensor,4,4,0,0,0,0.0,0,0,1,1,2,15
7785,Guillermo Mendizabal,1978,6,Mediocampista,3,2,0,0,0,0.0,0,0,0,0,3,16
7786,Magdaleno Mercado,1966,17,Mediocampista,2,2,0,1,0,0.0,0,0,0,2,0,12
7787,Sigifredo Mercado,2002,13,Mediocampista,3,1,0,1,0,0.0,0,0,2,0,1,11
7788,Luis Michel,2010,23,Arquero,0,0,0,4,0,0.0,0,0,0,0,0,14
7789,Alfonso Montemayor,1950,-,Defensor,1,1,1,2,0,0.0,0,0,0,0,1,12
7790,César Montes,2022,3,Defensor,3,3,0,0,0,0.0,0,0,1,1,1,22
7791,Francisco Montes,1970,4,Defensor,0,0,0,4,0,0.0,0,0,0,0,0,6
7792,Ramon Morales,2002,7,Mediocampista,4,4,0,0,0,0.0,0,0,2,1,1,11
7792,Ramon Morales,2006,11,Delantero,2,1,0,2,0,0.0,0,0,0,1,1,15
7793,Hector Moreno,2010,15,Defensor,2,2,0,2,0,0.0,1,0,1,0,1,14
7793,Hector Moreno,2014,15,Defensor,4,4,0,0,0,0.0,1,0,2,1,1,10
7793,Hector Moreno,2018,15,Defensor,3,3,0,1,0,0.0,2,0,2,0,1,12
7793,Hector Moreno,2022,15,Defensor,3,3,0,0,0,0.0,1,0,1,1,1,22
7794,Antonio Mota,1962,22,Arquero,0,0,0,3,0,0.0,0,0,0,0,0,11
7794,Antonio Mota,1970,12,Arquero,0,0,0,4,0,0.0,0,0,0,0,0,6
7795,Salvador Mota,1954,12,Arquero,1,1,0,1,0,0.0,0,0,0,0,1,13
7796,Antonio Munguia,1970,8,Mediocampista,4,3,0,0,0,0.0,0,0,2,1,1,6
7797,Carlos Munoz,1986,16,Mediocampista,4,4,0,1,0,0.0,1,0,2,2,0,6
7798,Elias Munoz,1966,18,Delantero,0,0,0,3,0,0.0,0,0,0,0,0,12
7799,Manuel Najera,1978,2,Defensor,0,0,0,3,0,0.0,0,0,0,0,0,16
7800,Pedro Najera,1954,16,Mediocampista,0,0,0,2,0,0.0,0,0,0,0,0,13
7800,Pedro Najera,1962,6,Mediocampista,3,3,0,0,0,0.0,0,0,1,0,2,11
7801,Jose Naranjo,1950,-,Delantero,1,1,0,2,0,0.0,0,0,0,0,1,12
7801,Jose Naranjo,1954,8,Delantero,2,2,2,0,0,0.0,0,0,0,0,2,13
7802,Jose Navarro,1950,-,Delantero,1,1,0,2,0,0.0,0,0,0,0,1,12
7802,Jose Navarro,1978,14,Defensor,2,1,0,4,0,0.0,0,0,0,0,2,8
7803,Ramiro Navarro,1966,21,Delantero,0,0,0,3,0,0.0,0,0,0,0,0,12
7804,Manuel Negrete,1986,22,Mediocampista,5,5,0,0,1,0.2,1,0,3,2,0,6
7805,Gabriel Nunez,1966,14,Defensor,3,3,0,0,0,0.0,0,0,0,2,1,12
7806,Guillermo Ochoa,2006,13,Arquero,0,0,0,4,0,0.0,0,0,0,0,0,15
7806,Guillermo Ochoa,2010,13,Arquero,0,0,0,4,0,0.0,0,0,0,0,0,14
7806,Guillermo Ochoa,2014,13,Arquero,4,4,0,0,0,0.0,0,0,2,1,1,10
7806,Guillermo Ochoa,2018,13,Arquero,4,4,0,0,0,0.0,0,0,2,0,2,12
7806,Guillermo Ochoa,2022,13,Arquero,3,3,2,0,0,0.0,0,0,1,1,1,22
7807,Mario Ochoa,1950,-,Mediocampista,2,2,0,1,0,0.0,0,0,0,0,2,12
7807,Mario Ochoa,1954,21,Defensor,0,0,0,2,0,0.0,0,0,0,0,0,13
7808,Felipe Olivares,1930,-,Delantero,1,1,0,2,0,0.0,0,0,0,0,1,13
7809,Jaime Ordiales,1998,20,Mediocampista,2,2,0,2,0,0.0,1,0,1,1,0,13
7810,Cristobal Ortega,1978,10,Delantero,1,1,0,2,0,0.0,0,0,0,0,1,16
7810,Cristobal Ortega,1986,21,Mediocampista,0,0,0,5,0,0.0,0,0,0,0,0,6
7811,Guillermo Ortiz,1962,10,Delantero,0,0,0,3,0,0.0,0,0,0,0,0,11
7812,Hector Ortiz,1950,-,Mediocampista,3,3,0,0,1,0.33,0,0,0,0,3,12
7813,Ricardo Osorio,2006,5,Defensor,4,4,0,0,0,0.0,0,0,1,1,2,15
7813,Ricardo Osorio,2010,5,Defensor,4,4,0,0,0,0.0,0,0,1,1,2,14
7814,Aaron Padilla,1966,8,Delantero,3,3,0,0,0,0.0,0,0,0,2,1,12
7814,Aaron Padilla,1970,11,Delantero,3,3,0,1,0,0.0,0,0,2,0,1,6
7815,Francisco Palencia,1998,17,Delantero,2,2,0,2,0,0.0,0,0,0,1,1,13
7815,Francisco Palencia,2002,17,Delantero,2,0,0,2,0,0.0,0,0,1,1,0,11
7816,Pavel Pardo,1998,13,Defensor,3,3,0,1,0,0.0,0,1,1,1,1,13
7816,Pavel Pardo,2006,8,Mediocampista,4,4,0,0,0,0.0,0,0,1,1,2,15
7817,Ricardo Pelaez Linares,1998,9,Delantero,3,0,0,1,2,0.67,1,0,1,1,1,13
7818,Carlos Peña,2014,21,Mediocampista,1,0,0,3,0,0.0,0,0,1,0,0,10
7819,Gustavo Pena,1966,3,Defensor,3,3,3,0,0,0.0,0,0,0,2,1,12
7819,Gustavo Pena,1970,3,Defensor,4,4,4,0,1,0.25,2,0,2,1,1,6
7820,Oribe Peralta,2014,19,Delantero,4,4,0,0,1,0.25,0,0,2,1,1,10
7820,Oribe Peralta,2018,19,Delantero,1,0,0,3,0,0.0,0,0,0,0,1,12
7821,Luis Perez,1930,-,Delantero,2,2,0,1,0,0.0,0,0,0,0,2,13
7821,Luis Perez,2006,23,Mediocampista,2,1,0,2,0,0.0,0,1,1,0,1,15
7822,Mario Perez,1950,-,Delantero,2,2,0,1,0,0.0,0,0,0,0,2,12
7822,Mario Perez,1970,5,Defensor,4,4,0,0,0,0.0,0,0,2,1,1,6
7823,Oscar Perez,1998,22,Arquero,0,0,0,4,0,0.0,0,0,0,0,0,13
7823,Oscar Perez,2002,1,Arquero,4,4,0,0,0,0.0,1,0,2,1,1,11
7823,Oscar Perez,2010,1,Arquero,4,4,0,0,0,0.0,0,0,1,1,2,14
7824,Gonzalo Pineda,2006,14,Defensor,4,3,0,0,0,0.0,1,0,1,1,2,15
7825,Orbelín Pineda,2022,17,Delantero,1,1,0,2,0,0.0,0,0,1,0,0,22
7826,Miguel Ponce,2014,16,Defensor,0,0,0,4,0,0.0,0,0,0,0,0,10
7827,Alfonso Portugal,1958,5,Mediocampista,1,1,0,2,0,0.0,0,0,0,0,1,16
7828,Max Prieto,1950,-,Delantero,0,0,0,3,0,0.0,0,0,0,0,0,12
7829,Alan Pulido,2014,11,Delantero,0,0,0,4,0,0.0,0,0,0,0,0,10
7830,Hector Pulido,1970,15,Mediocampista,3,3,0,1,0,0.0,0,0,1,1,1,6
7831,Fernando Quirarte,1986,3,Defensor,5,5,0,0,2,0.4,1,0,3,2,0,6
7832,Juan Ramirez,1994,3,Defensor,4,4,0,0,0,0.0,0,0,1,2,1,13
7833,Ramon Ramirez,1994,5,Defensor,2,2,0,2,0,0.0,1,0,0,1,1,13
7833,Ramon Ramirez,1998,7,Mediocampista,3,3,0,1,0,0.0,1,1,1,2,0,13
7834,Eduardo Ramos,1978,4,Defensor,2,2,0,1,0,0.0,0,0,0,0,2,16
7835,Victor Rangel,1978,9,Delantero,3,3,0,0,1,0.33,0,0,0,0,3,16
7836,Luis Regueiro,1934,-,Delantero,2,2,0,1,1,0.5,0,0,0,1,1,5
7836,Luis Regueiro,1966,16,Mediocampista,0,0,0,3,0,0.0,0,0,0,0,0,12
7837,Diego Reyes,2014,5,Defensor,1,0,0,3,0,0.0,0,0,0,0,1,10
7838,Jose Reyes,1978,1,Arquero,2,2,0,1,0,0.0,0,0,0,0,2,16
7839,Salvador Reyes,1958,8,Delantero,3,3,0,0,0,0.0,0,0,0,1,2,16
7839,Salvador Reyes,1962,8,Delantero,3,3,0,0,0,0.0,0,0,1,0,2,11
7839,Salvador Reyes,1966,19,Delantero,3,3,0,0,0,0.0,0,0,0,2,1,12
7840,Marcos Rivas,1970,7,Mediocampista,0,0,0,4,0,0.0,0,0,0,0,0,6
7841,Jose Roca,1950,-,Defensor,3,3,0,0,0,0.0,0,0,0,0,3,12
7841,Jose Roca,1954,20,Defensor,0,0,0,2,0,0.0,0,0,0,0,0,13
7841,Jose Roca,1958,16,Defensor,0,0,0,3,0,0.0,0,0,0,0,0,16
7842,Alberto Rodriguez,2002,22,Defensor,0,0,0,4,0,0.0,0,0,0,0,0,11
7843,Carlos Rodríguez,2022,8,Mediocampista,2,0,0,1,0,0.0,0,0,1,1,0,22
7844,Francisco Rodriguez,2006,22,Defensor,1,1,0,3,0,0.0,1,0,0,0,1,15
7844,Francisco Rodriguez,2010,2,Defensor,4,4,0,0,0,0.0,1,0,1,1,2,14
7844,Francisco Rodriguez,2014,2,Defensor,4,4,0,0,0,0.0,0,0,2,1,1,10
7845,Hugo Rodriguez,1978,19,Delantero,0,0,0,3,0,0.0,0,0,0,0,0,16
7846,Ignacio Rodriguez,1986,12,Arquero,0,0,0,5,0,0.0,0,0,0,0,0,6
7847,Joahan Rodriguez,2002,18,Mediocampista,3,3,0,1,0,0.0,0,0,1,1,1,11
7848,Jorge Rodriguez,1994,20,Mediocampista,3,3,0,1,0,0.0,0,0,1,2,0,13
7849,Raimundo Rodriguez,1930,-,Mediocampista,1,1,0,2,0,0.0,0,0,0,0,1,13
7850,Pedro Romero,1962,14,Defensor,0,0,0,3,0,0.0,0,0,0,0,0,11
7851,Jorge Romo,1954,3,Defensor,2,2,0,0,0,0.0,0,0,0,0,2,13
7851,Jorge Romo,1958,3,Defensor,2,2,0,1,0,0.0,0,0,0,1,1,16
7852,Luis Romo,2022,7,Mediocampista,0,0,0,3,0,0.0,0,0,0,0,0,22
7853,Felipe Rosas,1930,-,Mediocampista,3,3,0,0,0,0.0,0,0,0,0,3,13
7854,Manuel Rosas,1930,-,Defensor,3,3,0,0,2,0.67,0,0,0,0,3,13
7855,Jose Ruiz,1930,-,Delantero,2,2,0,1,0,0.0,0,0,0,0,2,13
7856,Rodrigo Ruiz,1950,-,Defensor,1,1,0,2,0,0.0,0,0,0,0,1,12
7857,Felipe Ruvalcaba,1962,17,Mediocampista,0,0,0,3,0,0.0,0,0,0,0,0,11
7857,Felipe Ruvalcaba,1966,7,Delantero,0,0,0,3,0,0.0,0,0,0,0,0,12
7858,Jaime Salazar,1958,18,Mediocampista,0,0,0,3,0,0.0,0,0,0,0,0,16
7859,Carlos Salcedo,2018,3,Defensor,4,4,0,0,0,0.0,1,0,2,0,2,12
7860,Carlos Salcido,2006,3,Defensor,4,4,0,0,0,0.0,1,0,1,1,2,15
7860,Carlos Salcido,2010,3,Defensor,4,4,0,0,0,0.0,0,0,1,1,2,14
7860,Carlos Salcido,2014,3,Defensor,2,1,0,2,0,0.0,0,0,1,0,1,10
7861,Jose Salgado,1994,18,Defensor,0,0,0,4,0,0.0,0,0,0,0,0,13
7862,Luis Salvador,1994,19,Delantero,1,0,0,3,0,0.0,0,0,1,0,0,13
7863,Alfredo Sanchez,1930,-,Mediocampista,3,3,0,0,0,0.0,0,0,0,0,3,13
7864,Hugo Sánchez,1978,11,Delantero,3,3,0,0,0,0.0,0,0,0,0,3,16
7864,Hugo Sánchez,1986,9,Delantero,4,4,0,1,1,0.25,3,0,2,2,0,6
7864,Hugo Sánchez,1994,9,Delantero,1,1,0,3,0,0.0,0,0,0,0,1,13
7865,Joel Sanchez,1998,3,Defensor,2,2,0,2,0,0.0,0,0,0,2,0,13
7866,Jorge Sánchez,2022,19,Defensor,2,2,0,1,0,0.0,1,0,1,1,0,22
7867,Oswaldo Sanchez,2002,12,Arquero,0,0,0,4,0,0.0,0,0,0,0,0,11
7867,Oswaldo Sanchez,2006,1,Arquero,4,4,0,0,0,0.0,0,0,1,1,2,15
7868,Carlos Septien,1950,-,Delantero,2,2,0,1,0,0.0,0,0,0,0,2,12
7868,Carlos Septien,1954,17,Delantero,0,0,0,2,0,0.0,0,0,0,0,0,13
7869,Guillermo Sepulveda,1958,15,Defensor,1,1,0,2,0,0.0,0,0,0,0,1,16
7869,Guillermo Sepulveda,1962,3,Defensor,3,3,0,0,0,0.0,0,0,1,0,2,11
7870,Raul Servin,1986,17,Defensor,5,5,0,0,1,0.2,1,0,3,2,0,6
7871,Enrique Sesma,1958,11,Delantero,3,3,0,0,0,0.0,0,0,0,1,2,16
7872,Isidoro Sota,1930,-,Arquero,1,1,0,2,0,0.0,0,0,0,0,1,13
7873,Pedro Soto,1978,22,Arquero,2,1,0,1,0,0.0,0,0,0,0,2,16
7874,Claudio Suarez,1994,2,Defensor,4,4,0,0,0,0.0,2,0,1,2,1,13
7874,Claudio Suarez,1998,2,Defensor,4,4,0,0,0,0.0,0,0,1,2,1,13
7874,Claudio Suarez,2006,2,Defensor,0,0,0,4,0,0.0,0,0,0,0,0,15
7875,Alfredo Talavera,2014,12,Arquero,0,0,0,4,0,0.0,0,0,0,0,0,10
7875,Alfredo Talavera,2018,12,Arquero,0,0,0,4,0,0.0,0,0,0,0,0,12
7875,Alfredo Talavera,2022,1,Arquero,0,0,0,3,0,0.0,0,0,0,0,0,22
7876,Alfredo Tena,1978,3,Defensor,2,2,0,1,0,0.0,0,0,0,0,2,16
7877,Isaac Terrazas,1998,16,Defensor,0,0,0,4,0,0.0,0,0,0,0,0,13
7878,Gerardo Torrado,2002,6,Mediocampista,4,4,0,0,1,0.25,1,0,2,1,1,11
7878,Gerardo Torrado,2006,6,Mediocampista,3,2,0,1,0,0.0,2,0,1,1,1,15
7878,Gerardo Torrado,2010,6,Mediocampista,4,4,1,0,0,0.0,1,0,1,1,2,14
7879,Alfredo Torres,1954,7,Delantero,2,2,0,0,0,0.0,0,0,0,0,2,13
7880,Jorge Torres,2010,20,Mediocampista,0,0,0,4,0,0.0,0,0,0,0,0,14
7881,Mario Trejo,1986,2,Defensor,2,2,0,3,0,0.0,1,0,1,1,0,6
7882,Luis Valdez,1994,16,Delantero,1,1,0,3,0,0.0,0,0,0,0,1,13
7883,Javier Valdivia,1970,19,Delantero,4,4,0,0,2,0.5,1,0,2,1,1,6
7884,Jose Vantolra,1970,13,Defensor,4,4,0,0,0,0.0,0,0,2,1,1,6
7885,Javier Vargas,1966,22,Arquero,0,0,0,3,0,0.0,0,0,0,0,0,12
7886,Arturo Vasquez,1978,5,Defensor,3,3,3,0,1,0.33,1,0,0,0,3,16
7887,Johan Vásquez,2022,5,Defensor,0,0,0,3,0,0.0,0,0,0,0,0,22
7888,José Juan Vázquez,2014,23,Mediocampista,3,3,0,1,0,0.0,2,0,2,1,0,10
7889,Alexis Vega,2022,10,Delantero,3,3,0,0,0,0.0,0,0,1,1,1,22
7890,Carlos Vela,2010,11,Delantero,2,2,0,2,0,0.0,0,0,1,1,0,14
7890,Carlos Vela,2018,11,Delantero,4,4,0,0,1,0.25,0,0,2,0,2,12
7891,Mario Velarde,1962,20,Delantero,0,0,0,3,0,0.0,0,0,0,0,0,11
7891,Mario Velarde,1970,18,Mediocampista,1,1,0,3,0,0.0,0,0,0,1,0,6
7892,Guadalupe Velazquez,1950,-,Delantero,3,3,0,0,0,0.0,0,0,0,0,3,12
7893,Manuel Vidrio,2002,5,Defensor,4,4,0,0,0,0.0,1,0,2,1,1,11
7894,German Villa,1998,4,Mediocampista,3,2,0,1,0,0.0,1,0,0,2,1,13
7894,German Villa,2002,14,Mediocampista,0,0,0,4,0,0.0,0,0,0,0,0,11
7895,Jose Villegas,1958,4,Defensor,1,1,0,2,0,0.0,0,0,0,0,1,16
7895,Jose Villegas,1962,4,Defensor,1,1,0,2,0,0.0,0,0,0,0,1,11
7896,Zague,1994,11,Delantero,4,4,0,0,0,0.0,0,0,1,2,1,13
7897,Felipe Zetter,1950,-,Defensor,1,1,0,2,0,0.0,0,0,0,0,1,12
7898,Zinha,2006,7,Mediocampista,4,1,0,0,1,0.25,1,0,1,1,2,15
7899,Adam Adam,1982,21,Arquero,0,0,0,3,0,0.0,0,0,0,0,0,21
7900,Abdulaziz Al Anbari,1982,10,Delantero,3,3,0,0,0,0.0,1,0,0,1,2,21
7901,Abdulaziz Al Balushi,1982,8,Mediocampista,3,3,0,0,1,0.33,0,0,0,1,2,21
7902,Faisal Al Dakhil,1982,16,Delantero,3,3,0,0,1,0.33,0,0,0,1,2,21
7903,Nasser Al Ghanem,1982,11,Mediocampista,0,0,0,3,0,0.0,0,0,0,0,0,21
7904,Mouayad Al Haddad,1982,19,Delantero,0,0,0,3,0,0.0,0,0,0,0,0,21
7905,Sami Al Hashash,1982,15,Defensor,0,0,0,3,0,0.0,0,0,0,0,0,21
7906,Saad Al Hutti,1982,6,Mediocampista,3,3,3,0,0,0.0,0,0,0,1,2,21
7908,Jamal Al Qabandi,1982,4,Defensor,0,0,0,3,0,0.0,0,0,0,0,0,21
7909,Hamud Al Shemmari,1982,17,Defensor,2,0,0,1,0,0.0,0,0,0,0,2,21
7910,Ahmed Al Tarabulsi,1982,1,Arquero,3,3,0,0,0,0.0,0,0,0,1,2,21
7911,Jassem Bahman,1982,22,Arquero,0,0,0,3,0,0.0,0,0,0,0,0,21
7912,Naim Fajah,1982,2,Defensor,3,3,0,0,0,0.0,1,0,0,1,2,21
7913,Yusuf Faraj,1982,12,Mediocampista,1,1,0,2,0,0.0,0,0,0,0,1,21
7914,Mohamed Karam,1982,18,Mediocampista,2,2,0,1,0,0.0,0,0,0,1,1,21
7915,Fathi Matar,1982,7,Mediocampista,3,1,0,0,0,0.0,1,0,0,1,2,21
7916,Abdullah Mayuf,1982,14,Defensor,3,3,0,0,0,0.0,0,0,0,1,2,21
7917,Abdulaziz Mohammed,1982,20,Delantero,0,0,0,3,0,0.0,0,0,0,0,0,21
7918,Mahboud Mubarak,1982,3,Defensor,3,3,0,0,0,0.0,0,0,0,1,2,21
7919,Mubarak Mubarak,1982,13,Defensor,0,0,0,3,0,0.0,0,0,0,0,0,21
7920,Jasem Sultan,1982,9,Delantero,2,2,0,1,0,0.0,0,0,0,1,1,21
7921,Akwa,2006,10,Delantero,3,3,3,0,0,0.0,0,0,0,2,1,23
7922,Andre,1986,21,Mediocampista,2,2,0,1,0,0.0,0,0,1,0,1,17
7922,Andre,2006,8,Mediocampista,2,2,0,1,0,0.0,1,1,0,1,1,23
7923,Andre Titi Buengo,2006,19,Delantero,0,0,0,3,0,0.0,0,0,0,0,0,23
7925,Edson,1986,2,Defensor,2,2,0,3,0,0.0,0,0,2,0,0,5
7925,Edson,2006,13,Mediocampista,1,0,0,2,0,0.0,0,0,0,0,1,23
7926,Figueiredo,2006,7,Mediocampista,3,3,0,0,0,0.0,0,0,0,2,1,23
7927,Flavio,2006,16,Delantero,1,0,0,2,1,1.0,0,0,0,1,0,23
7928,Jamba,2006,3,Defensor,3,3,0,0,0,0.0,1,0,0,2,1,23
7929,Joao Ricardo,2006,1,Arquero,3,3,0,0,0,0.0,1,0,0,2,1,23
7930,Kali,2006,5,Defensor,3,3,0,0,0,0.0,0,0,0,2,1,23
7931,Lama,2006,12,Arquero,0,0,0,3,0,0.0,0,0,0,0,0,23
7932,Lebo Lebo,2006,4,Defensor,0,0,0,3,0,0.0,0,0,0,0,0,23
7933,Loco,2006,20,Defensor,3,3,0,0,0,0.0,2,0,0,2,1,23
7934,Love,2006,18,Delantero,1,0,0,2,0,0.0,0,0,0,1,0,23
7935,Mantorras,2006,9,Delantero,2,0,0,1,0,0.0,0,0,0,1,1,23
7936,Marco Abreu,2006,23,Defensor,0,0,0,3,0,0.0,0,0,0,0,0,23
7937,Marcos Airosa,2006,2,Defensor,0,0,0,3,0,0.0,0,0,0,0,0,23
7938,Mario,2006,22,Arquero,0,0,0,3,0,0.0,0,0,0,0,0,23
7939,Mateus,2006,11,Mediocampista,3,3,0,0,0,0.0,0,0,0,2,1,23
7940,Mendonca,2006,14,Mediocampista,3,3,0,0,0,0.0,1,0,0,2,1,23
7941,Miloy,2006,6,Mediocampista,3,1,0,0,0,0.0,0,0,0,2,1,23
7942,Rui Marques,2006,15,Defensor,2,0,0,1,0,0.0,0,0,0,2,0,23
7943,Ze Kalanga,2006,17,Mediocampista,3,3,0,0,0,0.0,2,0,0,2,1,23
7944,Abdulaziz Mohamed,1990,9,Delantero,0,0,0,3,0,0.0,0,0,0,0,0,24
7945,Mohamed Abdullah,1990,6,Defensor,3,3,2,0,0,0.0,0,0,0,0,3,24
7946,Abdullah Musa,1990,1,Arquero,0,0,0,3,0,0.0,0,0,0,0,0,24
7947,Hassan Abdulqader,1990,22,Arquero,0,0,0,3,0,0.0,0,0,0,0,0,24
7948,Abdulrahman Al Haddad,1990,21,Defensor,2,1,0,1,0,0.0,0,0,0,0,2,24
7949,Adnan Al Talyani,1990,10,Delantero,3,3,0,0,0,0.0,0,0,0,0,3,24
7950,Eissa Meer,1990,19,Defensor,3,3,0,0,0,0.0,1,0,0,0,3,24
7951,Fahad Abdulrahman,1990,18,Mediocampista,0,0,0,3,0,0.0,0,0,0,0,0,24
7952,Fahad Khamees,1990,7,Delantero,2,1,1,1,0,0.0,0,0,0,0,2,24
7953,Hassan Mohamed,1990,13,Mediocampista,1,0,0,2,0,0.0,0,0,0,0,1,24
7954,Hussain Ghuloum,1990,12,Delantero,3,3,0,0,0,0.0,1,0,0,0,3,24
7955,Ibrahim Meer,1990,15,Defensor,3,3,0,0,0,0.0,1,0,0,0,3,24
7956,Ali Thani Jumaa,1990,3,Mediocampista,3,3,0,0,1,0.33,0,0,0,0,3,24
7957,Khaleel Ghanim,1990,2,Defensor,3,3,0,0,0,0.0,0,1,0,0,3,24
7958,Khalid Ismail,1990,8,Mediocampista,2,2,0,1,1,0.5,0,0,0,0,2,24
7959,Mohamed Salim,1990,16,Defensor,0,0,0,3,0,0.0,0,0,0,0,0,24
7960,Ghanim Mubarak,1990,4,Defensor,0,0,0,3,0,0.0,0,0,0,0,0,24
7961,Muhsin Musabah,1990,17,Arquero,3,3,0,0,0,0.0,0,0,0,0,3,24
7962,Nasir Khamees,1990,14,Mediocampista,3,3,0,0,0,0.0,0,0,0,0,3,24
7963,Abdullah Sultan,1990,5,Mediocampista,2,0,0,1,0,0.0,0,0,0,0,2,24
7964,Yousuf Hussain,1990,20,Defensor,2,2,0,1,0,0.0,2,0,0,0,2,24
7965,Zuhair Bakheet,1990,11,Delantero,1,0,0,2,0,0.0,0,0,0,0,1,24
7966,Chol Hyok An,2010,7,Delantero,0,0,0,3,0,0.0,0,0,0,0,0,32
7967,Se Bok An,1966,21,Delantero,0,0,0,4,0,0.0,0,0,0,0,0,8
7968,Yong Hak An,2010,17,Mediocampista,3,3,0,0,0,0.0,0,0,0,0,3,32
7969,Jong Hyok Cha,2010,2,Defensor,3,3,0,0,0,0.0,0,0,0,0,3,32
7970,Kum Chol Choe,2010,12,Delantero,1,0,0,2,0,0.0,0,0,0,0,1,32
7971,Yung Won Ha,1966,14,Mediocampista,2,2,0,2,0,0.0,0,0,1,0,1,8
7972,Bong Zin Han,1966,11,Mediocampista,4,4,0,0,0,0.0,0,0,1,1,2,8
7973,Yong Jo Hong,2010,10,Delantero,3,3,3,0,0,0.0,1,0,0,0,3,32
7974,Seung Hwi Im,1966,6,Mediocampista,4,4,0,0,0,0.0,0,0,1,1,2,8
7975,Yun Nam Ji,2010,8,Defensor,3,3,0,0,1,0.33,0,0,0,0,3,32
7977,Bong Chil Kang,1966,4,Defensor,1,1,0,3,0,0.0,0,0,0,0,1,8
7978,Ryong Woon Kang,1966,10,Mediocampista,1,1,0,3,0,0.0,0,0,0,0,1,8
7979,Seung Woon Ke,1966,18,Delantero,0,0,0,4,0,0.0,0,0,0,0,0,8
7980,Bong Hwan Kim,1966,17,Delantero,1,1,0,3,0,0.0,0,0,1,0,0,8
7982,Kyong Il Kim,2010,22,Mediocampista,0,0,0,3,0,0.0,0,0,0,0,0,32
7983,Myong Gil Kim,2010,18,Arquero,0,0,0,3,0,0.0,0,0,0,0,0,32
7984,Myong Won Kim,2010,20,Arquero,0,0,0,3,0,0.0,0,0,0,0,0,32
7985,Seung Il Kim,1966,12,Delantero,2,2,0,2,0,0.0,0,0,0,1,1,8
7986,Yong Jun Kim,2010,15,Mediocampista,1,0,0,2,0,0.0,0,0,0,0,1,32
7988,Chang Myung Lee,1966,1,Arquero,4,4,0,0,0,0.0,0,0,1,1,2,8
7989,Keun Hak Lee,1966,9,Arquero,0,0,0,4,0,0.0,0,0,0,0,0,8
7990,Chi An Li,1966,22,Delantero,0,0,0,4,0,0.0,0,0,0,0,0,8
7991,Dong Woon Li,1966,16,Defensor,2,2,0,2,1,0.5,0,0,0,1,1,8
7992,Zoong Sun Lim,1966,5,Defensor,4,4,0,0,0,0.0,0,0,1,1,2,8
7993,In Guk Mun,2010,11,Mediocampista,3,3,0,0,0,0.0,0,0,0,0,3,32
7994,Song Chol Nam,2010,16,Defensor,1,0,0,2,0,0.0,0,0,0,0,1,32
7995,Yoon Kyung Oh,1966,13,Mediocampista,3,3,0,1,0,0.0,0,0,1,1,1,8
7996,Chol Jin Pak,2010,13,Defensor,3,3,0,0,0,0.0,1,0,0,0,3,32
7997,Doo Ik Pak,1966,7,Mediocampista,4,4,0,0,1,0.25,0,0,1,1,2,8
7998,Li Sup Pak,1966,2,Defensor,2,2,0,2,0,0.0,0,0,0,1,1,8
7999,Nam Chol Pak,2010,14,Defensor,0,0,0,3,0,0.0,0,0,0,0,0,32
8000,Seung Zin Pak,1966,8,Delantero,4,4,4,0,2,0.5,0,0,1,1,2,8
8001,Sung Hyok Pak,2010,23,Mediocampista,0,0,0,3,0,0.0,0,0,0,0,0,32
8002,Chol Myong Ri,2010,19,Mediocampista,0,0,0,3,0,0.0,0,0,0,0,0,32
8003,Jun Il Ri,2010,3,Defensor,3,3,0,0,0,0.0,0,0,0,0,3,32
8004,Kwang Chon Ri,2010,5,Defensor,3,3,0,0,0,0.0,0,0,0,0,3,32
8005,Kwang Hyok Ri,2010,21,Defensor,0,0,0,3,0,0.0,0,0,0,0,0,32
8007,Chang Kil Ryoo,1966,20,Delantero,0,0,0,4,0,0.0,0,0,0,0,0,8
8008,Yung Kyoo Shin,1966,3,Defensor,4,4,0,0,0,0.0,0,0,1,1,2,8
8009,Seung Kook Yang,1966,15,Delantero,2,2,0,2,1,0.5,0,0,1,0,1,8
8010,Asmir Avdukic,2014,22,Arquero,0,0,0,3,0,0.0,0,0,0,0,0,20
8011,Asmir Begovic,2014,1,Arquero,3,3,0,0,0,0.0,0,0,1,0,2,20
8012,Muhamed Besic,2014,7,Defensor,3,3,0,0,0,0.0,1,0,1,0,2,20
8013,Ermin Bicakcic,2014,3,Defensor,1,1,0,2,0,0.0,0,0,0,0,1,20
8014,Edin Dzeko,2014,11,Delantero,3,3,0,0,1,0.33,0,0,1,0,2,20
8015,Jasmin Fejzic,2014,12,Arquero,0,0,0,3,0,0.0,0,0,0,0,0,20
8016,Anel Hadzic,2014,21,Mediocampista,1,1,0,2,0,0.0,0,0,1,0,0,20
8017,Izet Hajrovic,2014,20,Mediocampista,2,2,0,1,0,0.0,0,0,0,0,2,20
8018,Vedad Ibisevic,2014,9,Delantero,3,1,0,0,1,0.33,0,0,1,0,2,20
8019,Senijad Ibricic,2014,17,Mediocampista,0,0,0,3,0,0.0,0,0,0,0,0,20
8020,Sead Kolasinac,2014,5,Defensor,2,2,0,1,0,0.0,0,0,1,0,1,20
8021,Senad Lulic,2014,16,Mediocampista,2,2,0,1,0,0.0,0,0,0,0,2,20
8022,Haris Medunjanin,2014,18,Mediocampista,2,1,0,1,0,0.0,1,0,0,0,2,20
8023,Zvjezdan Misimovic,2014,10,Mediocampista,2,2,0,1,0,0.0,0,0,0,0,2,20
8024,Mensur Mujdza,2014,13,Mediocampista,2,2,0,1,0,0.0,0,0,0,0,2,20
8025,Miralem Pjanic,2014,8,Mediocampista,3,3,0,0,1,0.33,0,0,1,0,2,20
8026,Sejad Salihovic,2014,23,Mediocampista,2,0,0,1,0,0.0,0,0,1,0,1,20
8027,Emir Spahic,2014,4,Defensor,3,3,3,0,0,0.0,1,0,1,0,2,20
8028,Toni Sunjic,2014,15,Defensor,2,2,0,1,0,0.0,0,0,1,0,1,20
8029,Tino Susic,2014,14,Mediocampista,2,1,0,1,0,0.0,0,0,1,0,1,20
8030,Edin Visca,2014,19,Delantero,2,0,0,1,0,0.0,0,0,1,0,1,20
8031,Ognjen Vranjes,2014,6,Defensor,1,0,0,2,0,0.0,0,0,1,0,0,20
8032,Avdija Vrsajevic,2014,2,Mediocampista,1,1,0,2,1,1.0,0,0,1,0,0,20
8033,Andre Abegglen,1934,-,Delantero,2,2,0,0,1,0.5,0,0,1,0,1,7
8033,Andre Abegglen,1938,-,Delantero,3,3,1,0,3,1.0,0,0,1,1,1,6
8034,Paul Aebi,1938,-,Delantero,0,0,0,3,0,0.0,0,0,0,0,0,6
8035,Michel Aebischer,2022,14,Mediocampista,1,0,0,3,0,0.0,0,0,0,0,1,12
8036,Georges Aeby,1938,-,Delantero,2,2,0,1,0,0.0,0,0,1,1,0,6
8037,Manuel Akanji,2018,5,Defensor,4,4,0,0,0,0.0,0,0,1,2,1,14
8037,Manuel Akanji,2022,5,Defensor,4,4,0,0,1,0.25,1,0,2,0,2,12
8038,Toni Allemann,1962,14,Delantero,3,3,0,0,0,0.0,0,0,0,0,3,16
8039,Willy Allemann,1966,2,Defensor,0,0,0,3,0,0.0,0,0,0,0,0,16
8040,Lauro Amado,1938,-,Delantero,3,3,0,0,0,0.0,0,0,1,1,1,6
8041,Kurt Ambruster,1966,3,Defensor,2,2,0,1,0,0.0,0,0,0,0,2,16
8042,Kiki Antenen,1950,-,Delantero,2,2,0,1,1,0.5,0,0,1,0,1,6
8042,Kiki Antenen,1954,15,Delantero,3,3,0,1,0,0.0,0,0,1,0,2,5
8042,Kiki Antenen,1962,15,Delantero,3,3,3,0,0,0.0,0,0,0,0,3,16
8043,Rene Bader,1950,-,Delantero,3,3,0,0,1,0.33,0,0,1,1,1,6
8044,Heinz Baeni,1966,4,Mediocampista,3,3,0,0,0,0.0,0,0,0,0,3,16
8045,Erwin Ballabio,1938,-,Arquero,0,0,0,3,0,0.0,0,0,0,0,0,6
8046,Robert Ballaman,1954,16,Delantero,4,4,0,0,4,1.0,0,0,2,0,2,5
8047,Tranquillo Barnetta,2006,16,Mediocampista,4,4,0,0,1,0.25,1,0,2,2,0,10
8047,Tranquillo Barnetta,2010,7,Mediocampista,3,2,0,0,0,0.0,1,0,1,1,1,19
8047,Tranquillo Barnetta,2014,7,Mediocampista,0,0,0,4,0,0.0,0,0,0,0,0,11
8048,Walter Beerli,1950,-,Delantero,0,0,0,3,0,0.0,0,0,0,0,0,6
8049,Valon Behrami,2006,19,Mediocampista,1,0,0,3,0,0.0,0,0,1,0,0,10
8049,Valon Behrami,2010,11,Mediocampista,1,1,0,2,0,0.0,0,1,0,0,1,19
8049,Valon Behrami,2014,11,Mediocampista,4,4,0,0,0,0.0,0,0,2,0,2,11
8049,Valon Behrami,2018,11,Mediocampista,4,4,1,0,0,0.0,2,0,1,2,1,14
8050,Diego Benaglio,2006,12,Arquero,0,0,0,4,0,0.0,0,0,0,0,0,10
8050,Diego Benaglio,2010,1,Arquero,3,3,0,0,0,0.0,1,0,1,1,1,19
8050,Diego Benaglio,2014,1,Arquero,4,4,0,0,0,0.0,0,0,2,0,2,11
8051,Fredy Bickel,1938,-,Delantero,3,3,0,0,1,0.33,0,0,1,1,1,6
8051,Fredy Bickel,1950,-,Delantero,2,2,2,1,0,0.0,0,0,0,1,1,6
8052,Thomas Bickel,1994,16,Mediocampista,3,2,0,1,0,0.0,0,0,1,1,1,15
8053,Heinz Bigler,1954,8,Mediocampista,1,1,0,3,0,0.0,0,0,0,0,1,5
8054,Renato Bizzozero,1934,-,Arquero,0,0,0,2,0,0.0,0,0,0,0,0,7
8054,Renato Bizzozero,1938,-,Arquero,0,0,0,3,0,0.0,0,0,0,0,0,6
8055,Roger Bocquet,1950,-,Defensor,3,3,1,0,0,0.0,0,0,1,1,1,6
8055,Roger Bocquet,1954,4,Defensor,4,4,4,0,0,0.0,0,0,2,0,2,5
8056,Giuseppe Bossi,1934,-,Delantero,1,1,0,1,0,0.0,0,0,1,0,0,7
8057,Georges Bregy,1994,6,Mediocampista,4,4,0,0,1,0.25,1,0,1,1,2,15
8058,Rene Brodmann,1966,5,Defensor,2,2,2,1,0,0.0,0,0,0,0,2,16
8059,Martin Brunner,1994,22,Arquero,0,0,0,4,0,0.0,0,0,0,0,0,15
8060,Albert Buche,1934,-,Delantero,0,0,0,2,0,0.0,0,0,0,0,0,7
8061,Otto Buehler,1934,-,Delantero,0,0,0,2,0,0.0,0,0,0,0,0,7
8062,Albert Bunjaku,2010,18,Delantero,1,0,0,2,0,0.0,0,0,0,0,1,19
8063,Roman Bürki,2014,21,Arquero,0,0,0,4,0,0.0,0,0,0,0,0,11
8063,Roman Bürki,2018,21,Arquero,0,0,0,4,0,0.0,0,0,0,0,0,14
8064,Ricardo Cabanas,2006,7,Mediocampista,4,4,0,0,0,0.0,1,0,2,2,0,10
8065,Charles Casali,1954,9,Mediocampista,3,3,0,1,0,0.0,0,0,2,0,1,5
8066,Stephane Chapuisat,1994,11,Delantero,4,4,0,0,1,0.25,0,0,1,1,2,15
8067,Fabio Coltorti,2006,21,Arquero,0,0,0,4,0,0.0,0,0,0,0,0,10
8068,Eray Cömert,2022,18,Defensor,2,0,0,2,0,0.0,1,0,1,0,1,12
8069,Eugenio Corrodi,1950,-,Arquero,0,0,0,3,0,0.0,0,0,0,0,0,6
8070,David Degen,2006,14,Delantero,0,0,0,4,0,0.0,0,0,0,0,0,10
8072,Eren Derdiyok,2010,19,Delantero,3,2,0,0,0,0.0,0,0,1,1,1,19
8073,Johan Djourou,2006,2,Defensor,3,1,0,1,0,0.0,1,0,1,2,0,10
8073,Johan Djourou,2014,20,Defensor,4,4,0,0,0,0.0,1,0,2,0,2,11
8073,Johan Djourou,2018,20,Defensor,1,1,0,3,0,0.0,0,0,0,0,1,14
8074,Josip Drmic,2014,19,Delantero,4,3,0,0,0,0.0,0,0,2,0,2,11
8074,Josip Drmic,2018,19,Delantero,3,1,0,1,1,0.33,0,0,1,1,1,14
8075,Richard Duerr,1962,16,Mediocampista,2,2,0,1,0,0.0,0,0,0,0,2,16
8075,Richard Duerr,1966,6,Mediocampista,1,1,0,2,0,0.0,0,0,0,0,1,16
8076,Blerim Dzemaili,2006,15,Mediocampista,0,0,0,4,0,0.0,0,0,0,0,0,10
8076,Blerim Dzemaili,2014,15,Mediocampista,3,0,0,1,1,0.33,0,0,1,0,2,11
8076,Blerim Dzemaili,2018,15,Mediocampista,4,4,0,0,1,0.25,0,0,1,2,1,14
8077,Mario Eggimann,2010,22,Defensor,1,0,0,2,0,0.0,0,0,1,0,0,19
8078,Oliver Eggimann,1950,-,Mediocampista,3,3,0,0,0,0.0,0,0,1,1,1,6
8078,Oliver Eggimann,1954,10,Defensor,3,3,0,1,0,0.0,0,0,1,0,2,5
8079,Andy Egli,1994,13,Defensor,0,0,0,4,0,0.0,0,0,0,0,0,15
8080,Walter Eich,1954,1,Arquero,0,0,0,4,0,0.0,0,0,0,0,0,5
8081,Leo Eichmann,1966,12,Arquero,1,1,0,2,0,0.0,0,0,0,0,1,16
8082,Charly Elsener,1962,1,Arquero,3,3,0,0,0,0.0,0,0,0,0,3,16
8082,Charly Elsener,1966,1,Arquero,2,2,0,1,0,0.0,0,0,0,0,2,16
8083,Nico Elvedi,2018,4,Defensor,0,0,0,4,0,0.0,0,0,0,0,0,14
8083,Nico Elvedi,2022,4,Defensor,2,2,0,2,0,0.0,1,0,1,0,1,12
8084,Breel Embolo,2018,7,Delantero,4,1,0,0,0,0.0,0,0,1,2,1,14
8084,Breel Embolo,2022,7,Delantero,4,4,0,0,2,0.5,0,0,2,0,2,12
8085,Norbert Eschmann,1954,11,Delantero,0,0,0,4,0,0.0,0,0,0,0,0,5
8085,Norbert Eschmann,1962,17,Delantero,2,2,0,1,0,0.0,0,0,0,0,2,16
8086,Christian Fassnachft,2022,16,Mediocampista,1,0,0,3,0,0.0,0,0,1,0,0,12
8087,Jackie Fatton,1950,-,Delantero,3,3,0,0,2,0.67,0,0,1,1,1,6
8087,Jackie Fatton,1954,17,Delantero,4,4,0,0,1,0.25,0,0,2,0,2,5
8088,Edimilson Fernandes,2022,2,Defensor,3,1,0,1,0,0.0,0,0,1,0,2,12
8089,Gelson Fernandes,2014,16,Mediocampista,1,0,0,3,0,0.0,1,0,0,0,1,11
8090,Gilbert Fesselet,1954,12,Mediocampista,0,0,0,4,0,0.0,0,0,0,0,0,5
8091,Marcel Flueckiger,1954,5,Defensor,1,1,0,3,0,0.0,0,0,1,0,0,5
8092,Sebastien Fournier,1994,17,Mediocampista,0,0,0,4,0,0.0,0,0,0,0,0,15
8093,Alexander Frei,2006,9,Delantero,4,4,0,0,2,0.5,1,0,2,2,0,10
8093,Alexander Frei,2010,9,Delantero,2,1,1,1,0,0.0,0,0,0,1,1,19
8094,Fabian Frei,2022,20,Mediocampista,2,0,0,2,0,0.0,0,0,1,0,1,12
8095,Remo Freuler,2018,8,Mediocampista,0,0,0,4,0,0.0,0,0,0,0,0,14
8095,Remo Freuler,2022,8,Mediocampista,4,4,0,0,1,0.25,0,0,2,0,2,12
8096,Ernst Frick,1934,-,Mediocampista,0,0,0,2,0,0.0,0,0,0,0,0,7
8097,Hans-Peter Friedlaender,1950,-,Delantero,2,2,0,1,0,0.0,0,0,1,1,0,6
8098,Alessandro Frigerio,1938,-,Delantero,0,0,0,3,0,0.0,0,0,0,0,0,6
8099,Roberto Frigerio,1962,22,Delantero,0,0,0,3,0,0.0,0,0,0,0,0,16
8100,Ivo Frosio,1954,13,Mediocampista,0,0,0,4,0,0.0,0,0,0,0,0,5
8101,Hans-Ruedi Fuhrer,1966,7,Defensor,3,3,0,0,0,0.0,0,0,0,0,3,16
8102,Mario Gavranovic,2014,17,Delantero,0,0,0,4,0,0.0,0,0,0,0,0,11
8102,Mario Gavranovic,2018,18,Delantero,2,1,0,2,0,0.0,0,0,1,1,0,14
8103,Alain Geiger,1994,5,Defensor,4,4,4,0,0,0.0,0,0,1,1,2,15
8104,Louis Gobet,1934,-,Defensor,0,0,0,2,0,0.0,0,0,0,0,0,7
8105,Vittore Gottardi,1966,8,Delantero,2,2,0,1,0,0.0,0,0,0,0,2,16
8106,Marco Grassi,1994,15,Delantero,1,0,0,3,0,0.0,0,0,0,0,1,15
8107,Tullio Grassi,1938,-,Delantero,1,1,0,2,0,0.0,0,0,0,0,1,6
8108,Stephane Grichting,2006,13,Defensor,1,0,0,3,0,0.0,0,0,0,1,0,10
8108,Stephane Grichting,2010,13,Defensor,3,3,0,0,0,0.0,1,0,1,1,1,19
8109,Andre Grobety,1962,9,Defensor,3,3,0,0,0,0.0,0,0,0,0,3,16
8109,Andre Grobety,1966,9,Defensor,1,1,0,2,0,0.0,0,0,0,0,1,16
8110,Albert Guinchard,1934,-,Mediocampista,2,2,0,0,0,0.0,0,0,1,0,1,7
8110,Albert Guinchard,1938,-,Mediocampista,0,0,0,3,0,0.0,0,0,0,0,0,6
8111,Daniel Gygax,2006,10,Delantero,2,1,0,2,0,0.0,0,0,1,1,0,10
8112,Ruedi Gyger,1950,-,Defensor,0,0,0,3,0,0.0,0,0,0,0,0,6
8113,Dominique Herr,1994,4,Defensor,4,4,0,0,0,0.0,1,0,1,1,2,15
8114,Erwin Hochstrasser,1934,-,Delantero,0,0,0,2,0,0.0,0,0,0,0,0,7
8115,Robert Hosp,1966,10,Delantero,3,3,0,0,0,0.0,0,0,0,0,3,16
8116,Marc Hottiger,1994,2,Defensor,4,4,0,0,0,0.0,1,0,1,1,2,15
8117,Willy Huber,1934,-,Arquero,0,0,0,2,0,0.0,0,0,0,0,0,7
8117,Willy Huber,1938,-,Arquero,3,3,0,0,0,0.0,0,0,1,1,1,6
8118,Sepp Huegi,1954,18,Delantero,3,3,0,1,6,2.0,0,0,2,0,1,5
8119,Ernst Hufschmid,1934,-,Mediocampista,2,2,0,0,0,0.0,0,0,1,0,1,7
8120,Adolphe Hug,1950,-,Arquero,1,1,0,2,0,0.0,0,0,1,0,0,6
8121,Benjamin Huggel,2010,6,Mediocampista,3,3,0,0,0,0.0,0,0,1,1,1,19
8122,Gokhan Inler,2010,8,Mediocampista,3,3,2,0,0,0.0,1,0,1,1,1,19
8122,Gokhan Inler,2014,8,Mediocampista,4,4,4,0,0,0.0,0,0,2,0,2,11
8123,Fernand Jaccard,1934,-,Mediocampista,2,2,0,0,0,0.0,0,0,1,0,1,7
8124,Alfred Jaeck,1934,-,Delantero,1,1,0,1,0,0.0,0,0,0,0,1,7
8125,Willy Jaeggi,1934,-,Delantero,1,1,0,1,1,1.0,0,0,0,0,1,7
8126,Ardon Jashari,2022,26,Mediocampista,1,0,0,3,0,0.0,0,0,0,0,1,12
8127,Fritz Kehl,1962,10,Defensor,0,0,0,3,0,0.0,0,0,0,0,0,16
8128,Willy Kernen,1954,14,Defensor,4,4,0,0,0,0.0,0,0,2,0,2,5
8128,Willy Kernen,1962,4,Defensor,0,0,0,3,0,0.0,0,0,0,0,0,16
8129,Leopold Kielholz,1934,-,Delantero,2,2,0,0,3,1.5,0,0,1,0,1,7
8129,Leopold Kielholz,1938,-,Delantero,0,0,0,3,0,0.0,0,0,0,0,0,6
8130,Adrian Knup,1994,9,Delantero,3,3,0,1,2,0.67,1,0,1,0,2,15
8131,Gregor Kobel,2022,21,Arquero,1,1,0,3,0,0.0,0,0,1,0,0,12
8132,Philipp Köhn,2022,24,Arquero,0,0,0,4,0,0.0,0,0,0,0,0,12
8133,Fritz Kuenzli,1966,13,Delantero,2,2,0,1,0,0.0,0,0,0,0,2,16
8134,Koebi Kuhn,1966,11,Mediocampista,2,2,0,1,0,0.0,0,0,0,0,2,16
8135,Michael Lang,2014,6,Defensor,1,0,0,3,0,0.0,0,0,1,0,0,11
8135,Michael Lang,2018,6,Defensor,3,1,0,1,0,0.0,0,1,0,2,1,14
8136,August Lehmann,1938,-,Defensor,3,3,0,0,0,0.0,0,0,1,1,1,6
8137,Stephan Lehmann,1994,12,Arquero,0,0,0,4,0,0.0,0,0,0,0,0,15
8138,Werner Leimgruber,1966,14,Defensor,1,1,0,2,0,0.0,0,0,0,0,1,16
8139,Johnny Leoni,2010,21,Arquero,0,0,0,3,0,0.0,0,0,0,0,0,19
8140,Stephan Lichtsteiner,2010,2,Defensor,3,3,0,0,0,0.0,0,0,1,1,1,19
8140,Stephan Lichtsteiner,2014,2,Defensor,4,4,0,0,0,0.0,0,0,2,0,2,11
8140,Stephan Lichtsteiner,2018,2,Defensor,3,3,3,1,0,0.0,2,0,1,2,0,14
8141,Ernst Loertscher,1938,-,Mediocampista,3,3,0,0,0,0.0,0,0,1,1,1,6
8142,Edmond Loichot,1934,-,Mediocampista,0,0,0,2,0,0.0,0,0,0,0,0,7
8143,Gerhard Lusenti,1950,-,Defensor,3,3,0,0,0,0.0,0,0,1,1,1,6
8144,Mauro Lustrinelli,2006,18,Delantero,2,0,0,2,0,0.0,0,0,1,1,0,10
8145,Ludovic Magnin,2006,3,Defensor,3,3,0,1,0,0.0,1,0,1,2,0,10
8145,Ludovic Magnin,2010,3,Defensor,0,0,0,3,0,0.0,0,0,0,0,0,19
8146,Xavier Margairaz,2006,5,Mediocampista,2,0,0,2,0,0.0,0,0,1,1,0,10
8147,Roger Mathis,1954,6,Defensor,0,0,0,4,0,0.0,0,0,0,0,0,5
8148,Marcel Mauron,1954,19,Delantero,0,0,0,4,0,0.0,0,0,0,0,0,5
8149,Admir Mehmedi,2014,18,Delantero,4,3,0,0,1,0.25,0,0,2,0,2,11
8150,Eugen Meier,1954,20,Delantero,2,2,0,2,0,0.0,0,0,1,0,1,5
8150,Eugen Meier,1962,11,Mediocampista,1,1,0,2,0,0.0,0,0,0,0,1,16
8151,Severino Minelli,1934,-,Defensor,2,2,2,0,0,0.0,0,0,1,0,1,7
8151,Severino Minelli,1938,-,Defensor,2,2,2,1,0,0.0,0,0,1,1,0,6
8152,Fritz Morf,1962,5,Defensor,1,1,0,2,0,0.0,0,0,0,0,1,16
8153,François Moubandje,2018,3,Defensor,0,0,0,4,0,0.0,0,0,0,0,0,14
8154,Patrick Mueller,2006,20,Defensor,4,4,0,0,0,0.0,0,0,2,2,0,10
8155,Yvon Mvogo,2018,12,Arquero,0,0,0,4,0,0.0,0,0,0,0,0,14
8156,Andre Neury,1950,-,Defensor,3,3,0,0,0,0.0,0,0,1,1,1,6
8156,Andre Neury,1954,7,Defensor,4,4,0,0,0,0.0,0,0,2,0,2,5
8157,Blaise Nkufo,2010,10,Delantero,3,3,0,0,0,0.0,1,0,1,1,1,19
8158,Karl Odermatt,1966,15,Mediocampista,1,1,0,2,0,0.0,0,0,0,0,1,16
8159,Christophe Ohrel,1994,8,Mediocampista,4,4,0,0,0,0.0,0,0,1,1,2,15
8160,Noah Okafor,2022,19,Delantero,3,0,0,1,0,0.0,0,0,2,0,1,12
8161,Jonas Omlin,2022,12,Arquero,0,0,0,4,0,0.0,0,0,0,0,0,12
8162,Arnaldo Ortelli,1934,-,Defensor,0,0,0,2,0,0.0,0,0,0,0,0,7
8163,Marco Padalino,2010,14,Mediocampista,0,0,0,3,0,0.0,0,0,0,0,0,19
8164,Eugene Parlier,1954,2,Arquero,4,4,0,0,0,0.0,0,0,2,0,2,5
8165,Marco Pascolo,1994,1,Arquero,4,4,0,0,0,0.0,1,0,1,1,2,15
8166,Raymond Pasello,1934,-,Delantero,1,1,0,1,0,0.0,0,0,1,0,0,7
8167,Antonio Permunian,1962,2,Arquero,0,0,0,3,0,0.0,0,0,0,0,0,16
8168,Philippe Pottier,1962,18,Delantero,1,1,0,2,0,0.0,0,0,0,0,1,16
8169,Mario Prosperi,1966,22,Arquero,0,0,0,3,0,0.0,0,0,0,0,0,16
8170,Rene Quentin,1966,16,Delantero,2,2,0,1,1,0.5,0,0,0,0,2,16
8171,Yvan Quentin,1994,3,Defensor,4,4,0,0,0,0.0,0,0,1,1,2,15
8172,Roger Quinche,1950,-,Mediocampista,3,3,0,0,0,0.0,0,0,1,1,1,6
8173,Oskar Rauch,1938,-,Mediocampista,0,0,0,3,0,0.0,0,0,0,0,0,6
8174,Gilbert Rey,1962,19,Delantero,0,0,0,3,0,0.0,0,0,0,0,0,16
8175,Kurt Rey,1950,-,Defensor,0,0,0,3,0,0.0,0,0,0,0,0,6
8176,Fabian Rieder,2022,25,Mediocampista,2,1,0,2,0,0.0,1,0,1,0,1,12
8177,Ferdinando Riva,1954,21,Delantero,0,0,0,4,0,0.0,0,0,0,0,0,5
8178,Ricardo Rodriguez,2014,13,Defensor,4,4,0,0,0,0.0,0,0,2,0,2,11
8178,Ricardo Rodriguez,2018,13,Defensor,4,4,0,0,0,0.0,0,0,1,2,1,14
8178,Ricardo Rodriguez,2022,13,Defensor,4,4,0,0,0,0.0,0,0,2,0,2,12
8179,Peter Roesch,1962,6,Defensor,0,0,0,3,0,0.0,0,0,0,0,0,16
8180,Martin Rueda,1994,18,Defensor,0,0,0,4,0,0.0,0,0,0,0,0,15
8181,Eugen Rupf,1938,-,Delantero,0,0,0,3,0,0.0,0,0,0,0,0,6
8182,Fabian Schär,2014,22,Defensor,2,2,0,2,0,0.0,0,0,1,0,1,11
8182,Fabian Schär,2018,22,Defensor,3,3,0,1,0,0.0,2,0,1,2,0,14
8182,Fabian Schär,2022,22,Defensor,2,2,0,2,0,0.0,2,0,1,0,1,12
8183,Jean-Claude Schindelholz,1966,17,Delantero,1,1,0,2,0,0.0,0,0,0,0,1,16
8184,Heinz Schneiter,1962,7,Defensor,3,3,0,0,1,0.33,0,0,0,0,3,16
8184,Heinz Schneiter,1966,18,Defensor,1,1,1,2,0,0.0,0,0,0,0,1,16
8185,Pirmin Schwegler,2010,20,Mediocampista,0,0,0,3,0,0.0,0,0,0,0,0,19
8186,Frank Sechehaye,1934,-,Arquero,2,2,0,0,0,0.0,0,0,1,0,1,7
8187,Haris Seferovic,2014,9,Delantero,4,1,0,0,1,0.25,0,0,2,0,2,11
8187,Haris Seferovic,2018,9,Delantero,3,2,0,1,0,0.0,0,0,1,1,1,14
8187,Haris Seferovic,2022,9,Delantero,3,0,0,1,0,0.0,0,0,1,0,2,12
8188,Philippe Senderos,2006,4,Defensor,3,3,0,1,1,0.33,1,0,2,1,0,10
8188,Philippe Senderos,2010,4,Defensor,1,1,0,2,0,0.0,0,0,1,0,0,19
8188,Philippe Senderos,2014,4,Defensor,1,0,0,3,0,0.0,0,0,0,0,1,11
8189,Ciriaco Sforza,1994,10,Mediocampista,4,4,0,0,0,0.0,0,0,1,1,2,15
8190,Xherdan Shaqiri,2010,23,Mediocampista,1,0,0,2,0,0.0,0,0,0,1,0,19
8190,Xherdan Shaqiri,2014,23,Mediocampista,4,4,0,0,3,0.75,0,0,2,0,2,11
8190,Xherdan Shaqiri,2018,23,Mediocampista,4,4,0,0,1,0.25,1,0,1,2,1,14
8190,Xherdan Shaqiri,2022,23,Mediocampista,3,3,0,1,1,0.33,0,0,2,0,1,12
8191,Hans Siegenthaler,1950,-,Delantero,0,0,0,3,0,0.0,0,0,0,0,0,6
8192,Felice Soldini,1950,-,Defensor,0,0,0,3,0,0.0,0,0,0,0,0,6
8193,Yann Sommer,2014,12,Arquero,0,0,0,4,0,0.0,0,0,0,0,0,11
8193,Yann Sommer,2018,1,Arquero,4,4,0,0,0,0.0,0,0,1,2,1,14
8193,Yann Sommer,2022,1,Arquero,3,3,0,1,0,0.0,0,0,1,0,2,12
8194,Djibril Sow,2022,15,Mediocampista,4,4,0,0,0,0.0,0,0,2,0,2,12
8195,Hermann Springer,1938,-,Mediocampista,3,3,0,0,0,0.0,0,0,1,1,1,6
8196,Christoph Spycher,2006,17,Defensor,1,1,0,3,0,0.0,1,0,1,0,0,10
8197,Renato Steffen,2022,11,Defensor,1,0,0,3,0,0.0,0,0,0,0,1,12
8198,Adolf Stelzer,1938,-,Defensor,1,1,0,2,0,0.0,0,0,0,0,1,6
8199,Kurt Stettler,1962,3,Arquero,0,0,0,3,0,0.0,0,0,0,0,0,16
8200,Xavier Stierli,1966,19,Defensor,2,2,0,1,0,0.0,0,0,0,0,2,16
8201,Valentin Stocker,2014,14,Mediocampista,1,1,0,3,0,0.0,0,0,1,0,0,11
8202,Marco Streller,2006,11,Delantero,3,1,0,1,0,0.0,1,0,1,2,0,10
8203,Georges Stuber,1950,-,Arquero,2,2,0,1,0,0.0,0,0,0,1,1,6
8203,Georges Stuber,1954,3,Arquero,0,0,0,4,0,0.0,0,0,0,0,0,5
8204,Juerg Studer,1994,19,Defensor,1,0,0,3,0,0.0,1,0,0,0,1,15
8205,Nestor Subiat,1994,14,Delantero,3,0,0,1,0,0.0,2,0,0,1,2,15
8206,Alain Sutter,1994,7,Mediocampista,3,3,0,1,1,0.33,0,0,1,1,1,15
8207,Patrick Sylvestre,1994,20,Mediocampista,1,0,0,3,0,0.0,0,0,1,0,0,15
8208,Ely Tacchella,1962,8,Defensor,3,3,0,0,0,0.0,0,0,0,0,3,16
8208,Ely Tacchella,1966,20,Defensor,1,1,0,2,0,0.0,0,0,0,0,1,16
8209,Jean Tamini,1950,-,Delantero,3,3,0,0,0,0.0,0,0,1,1,1,6
8211,Sirio Vernati,1938,-,Mediocampista,3,3,0,0,0,0.0,0,0,1,1,1,6
8212,Johann Vogel,2006,6,Mediocampista,4,4,4,0,0,0.0,1,0,2,2,0,10
8213,Steve Von Bergen,2010,5,Defensor,3,2,0,0,0,0.0,0,0,1,1,1,19
8213,Steve Von Bergen,2014,5,Defensor,2,2,0,2,0,0.0,0,0,1,0,1,11
8214,Willy Von Kaenel,1934,-,Delantero,2,2,0,0,0,0.0,0,0,1,0,1,7
8215,Marcel Vonlanden,1962,12,Delantero,0,0,0,3,0,0.0,0,0,0,0,0,16
8216,Roger Vonlanthen,1954,22,Delantero,4,4,0,0,0,0.0,0,0,2,0,2,5
8216,Roger Vonlanthen,1962,20,Delantero,2,2,0,1,0,0.0,0,0,0,0,2,16
8217,Georges Vuilleumier,1966,21,Delantero,0,0,0,3,0,0.0,0,0,0,0,0,16
8218,Fritz Wagner,1938,-,Delantero,0,0,0,3,0,0.0,0,0,0,0,0,6
8219,Eugen Walachek,1938,-,Delantero,3,3,0,0,1,0.33,0,0,1,1,1,6
8220,Hans Weber,1962,13,Mediocampista,3,3,0,0,0,0.0,0,0,0,0,3,16
8221,Max Weiler,1934,-,Defensor,0,0,0,2,0,0.0,0,0,0,0,0,7
8222,Walter Weiler,1934,-,Defensor,2,2,0,0,0,0.0,0,0,1,0,1,7
8223,Raphael Wicky,2006,8,Mediocampista,4,4,0,0,0,0.0,1,0,2,2,0,10
8224,Silvan Widmer,2022,3,Defensor,3,3,0,1,0,0.0,1,0,2,0,1,12
8225,Marco Woelfli,2010,12,Arquero,0,0,0,3,0,0.0,0,0,0,0,0,19
8226,Rolf Wuethrich,1962,21,Mediocampista,3,3,0,0,1,0.33,0,0,0,0,3,16
8227,Thomas Wyss,1994,21,Mediocampista,1,0,0,3,0,0.0,0,0,0,1,0,15
8228,Granit Xhaka,2014,10,Mediocampista,4,4,0,0,1,0.25,1,0,2,0,2,11
8228,Granit Xhaka,2018,10,Mediocampista,4,4,0,0,1,0.25,1,0,1,2,1,14
8228,Granit Xhaka,2022,10,Mediocampista,4,4,4,0,0,0.0,1,0,2,0,2,12
8229,Hakan Yakin,2006,22,Mediocampista,3,2,0,1,0,0.0,1,0,2,1,0,10
8229,Hakan Yakin,2010,15,Mediocampista,2,0,0,1,0,0.0,1,0,1,1,0,19
8230,Denis Zakaria,2018,17,Mediocampista,2,0,0,2,0,0.0,1,0,0,2,0,14
8230,Denis Zakaria,2022,6,Mediocampista,2,0,0,2,0,0.0,0,0,1,0,1,12
8231,Reto Ziegler,2010,17,Defensor,3,3,0,0,0,0.0,1,0,1,1,1,19
8231,Reto Ziegler,2014,3,Defensor,0,0,0,4,0,0.0,0,0,0,0,0,11
8232,Steven Zuber,2018,14,Mediocampista,3,3,0,1,1,0.33,0,0,1,1,1,14
8233,Pascal Zuberbuehler,2006,1,Arquero,4,4,0,0,0,0.0,0,0,2,2,0,10
8234,Andre Arendse,2002,16,Arquero,3,3,0,0,0,0.0,0,0,1,1,1,17
8235,Brendan Augustine,1998,12,Mediocampista,2,2,0,1,0,0.0,0,0,0,1,1,24
8236,Brian Baloyi,1998,16,Arquero,0,0,0,3,0,0.0,0,0,0,0,0,24
8237,Shaun Bartlett,1998,9,Delantero,3,2,0,0,2,0.67,0,0,0,2,1,24
8238,Matthew Booth,2010,14,Defensor,0,0,0,3,0,0.0,0,0,0,0,0,20
8239,Delron Buckley,1998,13,Mediocampista,2,0,0,1,0,0.0,0,0,0,2,0,24
8239,Delron Buckley,2002,18,Mediocampista,1,0,0,2,0,0.0,0,0,1,0,0,17
8240,Bradley Carnell,2002,3,Defensor,3,3,0,0,0,0.0,1,0,1,1,1,17
8241,Lance Davids,2010,7,Mediocampista,0,0,0,3,0,0.0,0,0,0,0,0,20
8242,Kagisho Dikgacoi,2010,13,Mediocampista,2,2,0,1,0,0.0,2,0,0,1,1,20
8243,Paul Evans,1998,22,Arquero,0,0,0,3,0,0.0,0,0,0,0,0,24
8244,Mark Fish,1998,5,Defensor,3,3,0,0,0,0.0,0,0,0,2,1,24
8245,Quinton Fortune,1998,7,Mediocampista,3,3,0,0,0,0.0,1,0,0,2,1,24
8245,Quinton Fortune,2002,7,Mediocampista,3,3,0,0,1,0.33,0,0,1,1,1,17
8246,Siboniso Gaxa,2010,2,Defensor,3,2,0,0,0,0.0,0,0,1,1,1,20
8247,Simon Gopane,1998,23,Arquero,0,0,0,3,0,0.0,0,0,0,0,0,24
8248,Pierre Issa,1998,21,Defensor,3,3,0,0,0,0.0,1,0,0,2,1,24
8248,Pierre Issa,2002,13,Defensor,1,1,0,2,0,0.0,1,0,0,1,0,17
8249,Willem Jackson,1998,4,Defensor,2,2,0,1,0,0.0,1,0,0,1,1,24
8250,Moneeb Josephs,2010,1,Arquero,2,1,0,1,0,0.0,0,0,1,0,1,20
8251,Thanduyise Khuboni,2010,23,Mediocampista,1,1,0,2,0,0.0,0,0,1,0,0,20
8252,Bongani Khumalo,2010,20,Defensor,3,3,0,0,1,0.33,0,0,1,1,1,20
8253,Doctor Khumalo,1998,15,Mediocampista,1,0,0,2,0,0.0,0,0,0,1,0,24
8254,Itumeleng Khune,2010,16,Arquero,2,2,0,1,0,0.0,0,1,0,1,1,20
8255,George Koumantarakis,2002,23,Delantero,3,0,0,0,0,0.0,0,0,1,1,1,17
8256,Jacob Lekgetho,2002,5,Defensor,1,0,0,2,0,0.0,0,0,0,0,1,17
8257,Reneilwe Letsholonyane,2010,12,Mediocampista,2,2,0,1,0,0.0,0,0,0,1,1,20
8258,Calvin Marlin,2002,20,Arquero,0,0,0,3,0,0.0,0,0,0,0,0,17
8259,Tsepo Masilela,2010,3,Defensor,3,2,0,0,0,0.0,1,0,1,1,1,20
8260,Phil Masinga,1998,6,Delantero,2,1,0,1,0,0.0,0,0,0,1,1,24
8261,Benni Mccarthy,1998,17,Delantero,3,3,0,0,1,0.33,0,0,0,2,1,24
8261,Benni Mccarthy,2002,17,Delantero,3,3,0,0,1,0.33,1,0,1,1,1,17
8262,Helman Mkhalele,1998,11,Mediocampista,3,2,0,0,0,0.0,0,0,0,2,1,24
8263,Thabo Mngomeni,2002,8,Mediocampista,0,0,0,3,0,0.0,0,0,0,0,0,17
8264,Bennett Mnguni,2002,10,Mediocampista,0,0,0,3,0,0.0,0,0,0,0,0,17
8265,Themba Mnguni,1998,2,Defensor,0,0,0,3,0,0.0,0,0,0,0,0,24
8266,Teko Modise,2010,11,Mediocampista,3,2,0,0,0,0.0,0,0,1,1,1,20
8267,Aaron Mokoena,2002,4,Defensor,3,3,0,0,0,0.0,2,0,1,1,1,17
8267,Aaron Mokoena,2010,4,Defensor,3,3,3,0,0,0.0,0,0,1,1,1,20
8268,Teboho Mokoena,2002,12,Mediocampista,3,3,0,0,1,0.33,1,0,1,1,1,17
8269,William Mokoena,1998,20,Mediocampista,0,0,0,3,0,0.0,0,0,0,0,0,24
8270,Thabang Molefe,2002,22,Defensor,1,0,0,2,0,0.0,0,0,0,0,1,17
8271,Surprise Moriri,2010,19,Mediocampista,1,0,0,2,0,0.0,0,0,0,0,1,20
8272,Lebogang Morula,1998,18,Mediocampista,0,0,0,3,0,0.0,0,0,0,0,0,24
8273,John Moshoeu,1998,10,Mediocampista,3,3,0,0,0,0.0,0,0,0,2,1,24
8274,Katlego Mphela,2010,9,Delantero,3,3,0,0,1,0.33,0,0,1,1,1,20
8275,MacDonald Mukansi,2002,9,Mediocampista,1,0,0,2,0,0.0,0,0,0,1,0,17
8276,Anele Ngcongca,2010,5,Defensor,1,1,0,2,0,0.0,0,0,1,0,0,20
8277,Siyabonga Nomvethe,2002,14,Delantero,2,2,0,1,1,0.5,1,0,1,0,1,17
8277,Siyabonga Nomvethe,2010,18,Delantero,1,0,0,2,0,0.0,0,0,1,0,0,20
8278,David Nyathi,1998,3,Defensor,3,3,0,0,0,0.0,1,0,0,2,1,24
8279,Cyril Nzama,2002,2,Defensor,3,3,0,0,0,0.0,1,0,1,1,1,17
8280,Bernard Parker,2010,17,Delantero,2,1,0,1,0,0.0,0,0,1,1,0,20
8281,Alfred Phiri,1998,8,Mediocampista,1,0,0,2,0,0.0,1,1,0,1,0,24
8282,Steven Pienaar,2002,21,Mediocampista,0,0,0,3,0,0.0,0,0,0,0,0,17
8282,Steven Pienaar,2010,10,Mediocampista,3,3,0,0,0,0.0,1,0,1,1,1,20
8283,Jabu Pule,2002,11,Mediocampista,1,0,0,2,0,0.0,0,0,1,0,0,17
8284,Lucas Radebe,1998,19,Defensor,3,3,3,0,0,0.0,2,0,0,2,1,24
8284,Lucas Radebe,2002,19,Defensor,3,3,3,0,1,0.33,1,0,1,1,1,17
8285,Siyabonga Sangweni,2010,21,Defensor,0,0,0,3,0,0.0,0,0,0,0,0,20
8286,MacBeth Sibaya,2002,6,Mediocampista,3,3,0,0,0,0.0,0,0,1,1,1,17
8286,MacBeth Sibaya,2010,6,Mediocampista,1,1,0,2,0,0.0,0,0,1,0,0,20
8287,Jerry Sikhosana,1998,14,Delantero,1,0,0,2,0,0.0,0,0,0,1,0,24
8288,Lucas Thwala,2010,15,Defensor,1,1,0,2,0,0.0,0,0,0,1,0,20
8289,Siphiwe Tshabalala,2010,8,Mediocampista,3,3,0,0,1,0.33,0,0,1,1,1,20
8290,Hans Vonk,1998,1,Arquero,3,3,0,0,0,0.0,0,0,0,2,1,24
8290,Hans Vonk,2002,1,Arquero,0,0,0,3,0,0.0,0,0,0,0,0,17
8291,Shu-Aib Walters,2010,22,Arquero,0,0,0,3,0,0.0,0,0,0,0,0,20
8292,Sibusiso Zuma,2002,15,Mediocampista,3,3,0,0,0,0.0,1,0,1,1,1,17
8293,Nacer Abdellah,1994,2,Defensor,2,2,0,1,0,0.0,0,0,0,0,2,23
8294,Zakaria Aboukhlal,2022,14,Mediocampista,4,0,0,3,1,0.25,0,0,3,0,1,4
8295,Lahcen Abrami,1998,15,Defensor,2,1,0,1,0,0.0,0,0,1,0,1,18
8296,Nayef Aguerd,2022,5,Defensor,4,4,0,3,0,0.0,0,0,2,2,0,4
8297,Youssef Aït Bennasser,2018,15,Mediocampista,0,0,0,3,0,0.0,0,0,0,0,0,27
8298,Ahmed Alaoui,1970,17,Delantero,2,1,0,1,0,0.0,0,0,0,1,1,14
8299,Selim Amallah,2022,15,Mediocampista,7,4,0,0,0,0.0,1,0,3,2,2,4
8300,Azeddine Amanallah,1986,16,Mediocampista,0,0,0,4,0,0.0,0,0,0,0,0,11
8301,Nordin Amrabat,2018,16,Mediocampista,3,3,0,0,0,0.0,1,0,0,1,2,27
8302,Sofyan Amrabat,2022,4,Mediocampista,7,7,0,0,0,0.0,1,0,3,2,2,4
8303,Gharib Amzine,1998,17,Mediocampista,3,1,0,0,0,0.0,0,0,1,1,1,18
8304,Yahia Attitat-Allal,2022,25,Defensor,6,2,0,1,0,0.0,0,0,2,2,2,4
8305,Khalil Azmi,1994,1,Arquero,2,2,1,1,0,0.0,0,0,0,0,2,23
8306,Rachid Azzouzi,1994,8,Mediocampista,3,3,0,0,0,0.0,1,0,0,0,3,23
8306,Rachid Azzouzi,1998,16,Mediocampista,2,0,0,1,0,0.0,0,0,1,1,0,18
8307,Ahmed Bahja,1994,13,Delantero,3,2,0,0,0,0.0,0,0,0,0,3,23
8308,Driss Bamous,1970,8,Mediocampista,3,3,3,0,0,0.0,0,0,0,1,2,14
8309,Salaheddine Bassir,1998,14,Delantero,3,3,0,0,2,0.67,0,0,1,1,1,18
8310,Younès Belhanda,2018,10,Mediocampista,3,3,0,0,0,0.0,0,0,0,1,2,27
8311,Allal Ben Kassou,1970,1,Arquero,2,2,0,1,0,0.0,0,0,0,0,2,14
8312,Driss Ben Zekri,1998,12,Arquero,2,2,0,1,0,0.0,0,0,0,1,1,18
8313,Medhi Benatia,2018,5,Defensor,2,2,2,1,0,0.0,1,0,0,0,2,27
8314,Boujamaa Benkhrif,1970,3,Defensor,3,3,0,0,0,0.0,0,0,0,1,2,14
8315,Badr Benoun,2022,24,Defensor,3,0,0,4,0,0.0,0,0,1,1,1,4
8316,Abdellah Bidar,1986,20,Defensor,0,0,0,4,0,0.0,0,0,0,0,0,11
8317,Aziz Bouderbala,1986,8,Mediocampista,4,4,0,0,0,0.0,0,0,1,2,1,11
8318,Sofiane Boufal,2022,17,Mediocampista,7,7,0,0,0,0.0,1,0,3,2,2,4
8319,Aziz Bouhaddouz,2018,20,Delantero,2,0,0,1,0,0.0,0,0,0,1,1,27
8320,Yassine Bounou,2018,1,Arquero,0,0,0,3,0,0.0,0,0,0,0,0,27
8320,Yassine Bounou,2022,1,Arquero,6,6,0,1,0,0.0,0,0,2,2,2,4
8321,Mbark Boussoufa,2018,14,Mediocampista,3,3,1,0,0,0.0,1,0,0,1,2,27
8322,Khalid Boutaïb,2018,13,Delantero,2,2,0,1,1,0.5,0,0,0,1,1,27
8323,Noureddine Bouyahyaoui,1986,5,Defensor,4,4,0,0,0,0.0,0,0,1,2,1,11
8324,Abdelmajid Bouyboud,1994,19,Mediocampista,1,1,0,2,0,0.0,1,0,0,0,1,23
8325,Mehdi Carcela-González,2018,23,Mediocampista,1,0,0,2,0,0.0,0,0,0,0,1,27
8326,Ilias Chair,2022,13,Mediocampista,1,0,0,6,0,0.0,0,0,0,0,1,4
8327,Mohammed Chaouch,1994,9,Delantero,2,2,0,1,1,0.5,0,0,0,0,2,23
8328,Walid Cheddira,2022,21,Delantero,2,0,0,5,0,0.0,0,1,1,1,0,4
8329,Said Chiba,1998,8,Mediocampista,2,2,0,1,0,0.0,2,0,0,1,1,18
8330,Youssef Chippo,1998,18,Mediocampista,3,3,0,0,0,0.0,1,0,1,1,1,18
8331,Mustafa Choukri,1970,16,Mediocampista,1,0,0,2,0,0.0,0,0,0,1,0,14
8332,Manuel da Costa,2018,4,Defensor,3,2,0,0,0,0.0,1,0,0,1,2,27
8333,Hadi Dahane,1970,15,Mediocampista,0,0,0,3,0,0.0,0,0,0,0,0,14
8334,Rachid Daoudi,1994,11,Mediocampista,3,2,0,0,0,0.0,1,0,0,0,3,23
8335,Achraf Dari,2022,20,Defensor,3,2,0,4,1,0.33,1,0,1,0,2,4
8336,Said Dghay,1994,12,Arquero,0,0,0,3,0,0.0,0,0,0,0,0,23
8337,Nabil Dirar,2018,17,Defensor,2,2,0,1,0,0.0,0,0,0,1,1,27
8338,Abdelmajid Dolmy,1986,6,Mediocampista,4,4,0,0,0,0.0,0,0,1,2,1,11
8339,Zakaria El Achraf,1994,22,Arquero,2,1,0,1,0,0.0,0,0,0,0,2,23
8340,Karim El Ahmadi,2018,8,Mediocampista,3,3,0,0,0,0.0,2,0,0,1,2,27
8341,Hababi El Arbi,1994,15,Mediocampista,3,3,0,0,0,0.0,1,0,0,0,3,23
8342,Mustafa El Biyaz,1986,4,Defensor,3,3,0,1,0,0.0,0,0,1,2,0,11
8343,Abdelkader El Brazi,1998,1,Arquero,0,0,0,3,0,0.0,0,0,0,0,0,18
8344,Mustapha El Chadili,1998,22,Arquero,1,1,0,2,0,0.0,0,0,1,0,0,18
8345,Mohamed El Filali,1970,10,Mediocampista,3,3,0,0,0,0.0,0,0,0,1,2,14
8346,Mustapha El Hadaoui,1986,7,Mediocampista,3,3,0,1,0,0.0,0,0,1,1,1,11
8346,Mustapha El Hadaoui,1994,10,Mediocampista,1,1,1,2,0,0.0,0,0,0,0,1,23
8347,Mohammed El Haddaoui,1986,15,Mediocampista,0,0,0,4,0,0.0,0,0,0,0,0,11
8348,Mustafa El Hadji,1994,7,Mediocampista,3,1,0,0,0,0.0,0,0,0,0,3,23
8348,Mustafa El Hadji,1998,7,Mediocampista,3,3,0,0,1,0.33,0,0,1,1,1,18
8349,Abdelkarim El Hadrioui,1994,3,Defensor,3,3,0,0,0,0.0,1,0,0,0,3,23
8349,Abdelkarim El Hadrioui,1998,3,Defensor,2,2,0,1,0,0.0,0,0,0,1,1,18
8350,Ayoub El Kaabi,2018,9,Delantero,2,1,0,1,0,0.0,0,0,0,0,2,27
8351,Munir El Kajoui,2018,12,Arquero,3,3,0,0,0,0.0,1,0,0,1,2,27
8351,Munir El Kajoui,2022,12,Arquero,1,1,0,6,0,0.0,0,0,1,0,0,4
8352,Taher El Khalej,1994,4,Defensor,2,2,1,1,0,0.0,1,0,0,0,2,23
8352,Taher El Khalej,1998,20,Defensor,3,3,0,0,0,0.0,0,0,1,1,1,18
8353,Bilel El Khanouss,2022,23,Mediocampista,1,1,0,6,0,0.0,0,0,0,0,1,4
8354,Ali El Khattabi,1998,11,Delantero,2,0,0,1,0,0.0,0,0,0,1,1,18
8355,Abdelkader El Khyati,1970,18,Defensor,1,0,0,2,0,0.0,0,0,0,0,1,14
8356,Jawad El-Yamiq,2022,18,Defensor,6,3,0,1,0,0.0,0,0,3,1,2,4
8357,Youssef En-Nesyri,2018,19,Delantero,1,0,0,2,1,1.0,0,0,0,1,0,27
8357,Youssef En-Nesyri,2022,19,Delantero,7,7,0,0,2,0.29,0,0,3,2,2,4
8358,Abdé Ezzalzouli,2022,16,Delantero,3,0,0,4,0,0.0,0,0,0,2,1,4
8359,Jilali Fadili,1970,13,Defensor,2,1,0,1,0,0.0,0,0,0,1,1,14
8360,Fayçal Fajr,2018,11,Mediocampista,2,0,0,1,0,0.0,0,0,0,1,1,27
8361,Ahmed Faras,1970,9,Delantero,2,0,0,1,0,0.0,0,0,0,1,1,14
8362,Mahjoub Ghazouani,1970,11,Delantero,3,3,0,0,1,0.33,0,0,0,1,2,14
8363,Abdeljalil Hadda,1998,9,Delantero,3,3,0,0,2,0.67,1,0,1,1,1,18
8364,Achraf Hakimi,2018,2,Defensor,3,3,0,0,0,0.0,1,0,0,1,2,27
8364,Achraf Hakimi,2022,2,Defensor,7,7,0,0,0,0.0,0,0,3,2,2,4
8365,Abderrazak Hamdallah,2022,9,Delantero,4,0,0,3,0,0.0,0,0,2,1,1,4
8366,Amine Harit,2018,18,Mediocampista,1,1,0,2,0,0.0,0,0,0,0,1,27
8367,Mohamed Hazzaz,1970,12,Arquero,1,1,0,2,0,0.0,0,0,0,1,0,14
8368,Salaheddine Hmied,1986,12,Arquero,0,0,0,4,0,0.0,0,0,0,0,0,11
8369,Abdelfettah Houdani,1986,22,Arquero,0,0,0,4,0,0.0,0,0,0,0,0,11
8370,Yahya Jabrane,2022,26,Mediocampista,2,0,0,5,0,0.0,0,0,2,0,0,4
8371,Houmane Jarir,1970,14,Delantero,2,2,0,1,1,0.5,0,0,0,0,2,14
8372,Fadel Jilal,1986,19,Defensor,0,0,0,4,0,0.0,0,0,0,0,0,11
8373,Hassan Kachloul,1994,20,Mediocampista,0,0,0,3,0,0.0,0,0,0,0,0,23
8374,Driss Kanoussi,1970,4,Defensor,3,3,0,0,0,0.0,0,0,0,1,2,14
8375,Abdelrazzak Khairi,1986,17,Mediocampista,4,3,0,0,2,0.5,1,0,1,2,1,11
8376,Labid Khalifa,1986,2,Defensor,4,4,0,0,0,0.0,2,0,1,2,1,11
8377,Abdelkarim Krimau,1986,9,Delantero,4,4,0,0,1,0.25,0,0,1,2,1,11
8378,Abdelslam Laghrissi,1994,17,Delantero,1,0,0,2,0,0.0,0,0,0,0,1,23
8379,Abdallah Lamrani,1970,2,Defensor,2,2,0,1,0,0.0,0,0,0,0,2,14
8380,Abdelmajid Lamriss,1986,3,Defensor,4,4,0,0,0,0.0,1,0,1,2,1,11
8381,Mohamed Maaroufi,1970,6,Mediocampista,3,3,0,0,0,0.0,0,0,0,1,2,14
8382,Ahmed Masbahi,1994,14,Defensor,0,0,0,3,0,0.0,0,0,0,0,0,23
8383,Noussair Mazraoui,2022,3,Defensor,5,5,0,2,0,0.0,0,0,2,2,1,4
8384,Hamza Mendyl,2018,3,Defensor,0,0,0,3,0,0.0,0,0,0,0,0,27
8385,Mustafa Merry,1986,11,Delantero,2,2,0,2,0,0.0,0,0,0,2,0,11
8386,Hassan Nader,1994,16,Delantero,1,1,0,2,1,1.0,1,0,0,0,1,23
8387,Noureddine Naybet,1994,6,Defensor,2,2,0,1,0,0.0,2,0,0,0,2,23
8387,Noureddine Naybet,1998,6,Defensor,3,3,3,0,0,0.0,0,0,1,1,1,18
8388,Rachid Neqrouz,1994,18,Defensor,1,1,0,2,0,0.0,0,0,0,0,1,23
8388,Rachid Neqrouz,1998,13,Defensor,0,0,0,3,0,0.0,0,0,0,0,0,18
8389,Abderrahim Ouakili,1998,10,Delantero,0,0,0,3,0,0.0,0,0,0,0,0,18
8390,Lahcen Oudani,1986,14,Defensor,2,1,0,2,0,0.0,0,0,0,1,1,11
8391,Azzedine Ounahi,2022,8,Mediocampista,7,6,0,0,0,0.0,1,0,3,2,2,4
8392,Abdellah Ouriaghli,1970,19,Arquero,0,0,0,3,0,0.0,0,0,0,0,0,14
8393,Abdelfettah Rhiati,1986,13,Delantero,0,0,0,4,0,0.0,0,0,0,0,0,11
8394,Rachid Rokki,1998,21,Delantero,0,0,0,3,0,0.0,0,0,0,0,0,18
8395,Youssef Rossi,1998,4,Defensor,3,2,0,0,0,0.0,0,0,1,1,1,18
8396,Abdelilah Saber,1998,2,Defensor,3,3,0,0,0,0.0,0,0,1,1,1,18
8397,Abdelhamid Sabiri,2022,11,Delantero,5,2,0,2,0,0.0,1,0,2,2,1,4
8398,Mohamed Sahil,1986,18,Delantero,0,0,0,4,0,0.0,0,0,0,0,0,11
8399,Ghandi Said,1970,7,Mediocampista,3,3,0,0,0,0.0,0,0,0,1,2,14
8400,Romain Saïss,2018,6,Defensor,2,2,0,1,0,0.0,0,0,0,1,1,27
8400,Romain Saïss,2022,6,Defensor,6,6,6,1,1,0.17,1,0,3,2,1,4
8401,Jamal Salami,1998,19,Mediocampista,1,0,0,2,0,0.0,0,0,1,0,0,18
8402,Mohamed Samadi,1994,21,Delantero,2,1,0,1,0,0.0,1,0,0,0,2,23
8403,Kassem Slimani,1970,5,Defensor,3,3,0,0,0,0.0,0,0,0,1,2,14
8404,Abdel Aziz Soulaymani,1986,21,Mediocampista,3,0,0,1,0,0.0,0,0,1,2,0,11
8405,Ahmed Reda Tagnaouti,2018,22,Arquero,0,0,0,3,0,0.0,0,0,0,0,0,27
8405,Ahmed Reda Tagnaouti,2022,22,Arquero,0,0,0,7,0,0.0,0,0,0,0,0,4
8406,Mohamed Timoumi,1986,10,Mediocampista,4,4,0,0,0,0.0,1,0,1,2,1,11
8407,Smahi Triki,1994,5,Defensor,3,3,0,0,0,0.0,0,0,0,0,3,23
8407,Smahi Triki,1998,5,Defensor,1,1,0,2,0,0.0,0,0,1,0,0,18
8408,Badou Zaki,1986,1,Arquero,4,4,4,0,0,0.0,0,0,1,2,1,11
8409,Anass Zaroury,2022,10,Mediocampista,1,0,0,6,0,0.0,0,0,0,0,1,4
8410,Hakim Ziyech,2018,7,Mediocampista,3,3,0,0,0,0.0,0,0,0,1,2,27
8410,Hakim Ziyech,2022,7,Mediocampista,7,7,1,0,1,0.14,0,0,3,2,2,4
8411,Michael Amir Murillo,2018,2,Defensor,2,2,0,1,0,0.0,2,0,0,0,2,32
8412,Abdiel Arroyo,2018,16,Delantero,2,0,0,1,0,0.0,0,0,0,0,2,32
8413,Ricardo Ávila,2018,19,Mediocampista,2,1,0,1,0,0.0,1,0,0,0,2,32
8414,Felipe Baloy,2018,23,Defensor,1,0,0,2,1,1.0,0,0,0,0,1,32
8415,Édgar Joel Bárcenas,2018,8,Mediocampista,3,3,0,0,0,0.0,1,0,0,0,3,32
8416,José Calderón,2018,12,Arquero,0,0,0,3,0,0.0,0,0,0,0,0,32
8417,Armando Cooper,2018,11,Mediocampista,2,2,0,1,0,0.0,2,0,0,0,2,32
8418,Harold Cummings,2018,3,Defensor,1,0,0,2,0,0.0,0,0,0,0,1,32
8419,Erick Davis,2018,15,Defensor,2,2,0,1,0,0.0,1,0,0,0,2,32
8420,Ismael Díaz,2018,10,Delantero,1,0,0,2,0,0.0,0,0,0,0,1,32
8421,Fidel Escobar,2018,4,Defensor,3,3,0,0,0,0.0,1,0,0,0,3,32
8422,Aníbal Godoy,2018,20,Mediocampista,3,3,0,0,0,0.0,1,0,0,0,3,32
8423,Gabriel Enrique Gómez,2018,6,Mediocampista,3,3,0,0,0,0.0,1,0,0,0,3,32
8424,Adolfo Machado,2018,13,Defensor,1,1,0,2,0,0.0,0,0,0,0,1,32
8425,Luis Ovalle,2018,17,Defensor,1,1,0,2,0,0.0,0,0,0,0,1,32
8426,Jaime Penedo,2018,1,Arquero,3,3,0,0,0,0.0,0,0,0,0,3,32
8427,Blas Pérez,2018,7,Delantero,2,2,0,1,0,0.0,0,0,0,0,2,32
8428,Valentín Pimentel,2018,14,Mediocampista,0,0,0,3,0,0.0,0,0,0,0,0,32
8429,Álex Rodríguez,2018,22,Arquero,0,0,0,3,0,0.0,0,0,0,0,0,32
8430,José Luis Rodríguez,2022,26,Defensor,0,0,0,3,0,0.0,0,0,0,0,0,20
8431,Luis Tejada,2018,18,Delantero,2,0,0,1,0,0.0,1,0,0,0,2,32
8432,Gabriel Torres,2018,9,Delantero,2,1,0,1,0,0.0,0,0,0,0,2,32
8433,Román Torres,2018,5,Defensor,3,3,3,0,0,0.0,0,0,0,0,3,32
