id_jugador,nombre,id_seleccion,altura,fecha_nacimiento,nacionalidad
1,Gabriel Achilier,27,1.82 m,24 de marzo de 1985,Ecuador
2,Alex Aguinaga,27,1.72 m,9 de julio de 1968,Ecuador
3,Paul Ambrosi,27,1.77 m,14 de octubre de 1980,Ecuador
4,Robert Arboleda,27,1.89 m,22 de octubre de 1991,Ecuador
5,Xavier Arreaga,27,1.84 m,28 de septiembre de 1994,Ecuador
6,Michael Arroyo,61,1.77 m,23 de abril de 1987,Panamá
7,Nicolas Asencio,27,1.70 m,26 de abril de 1975,Ecuador
8,Jaime Ayoví,27,1.83 m,21 de febrero de 1988,Ecuador
9,Marlon Ayovi,27,1.74 m,27 de septiembre de 1971,Ecuador
10,Walter Ayovi,27,1.71 m,11 de agosto de 1979,Ecuador
11,Óscar Bagüí,27,1.73 m,10 de diciembre de 1982,Ecuador
12,Máximo Banguera,27,1.88 m,16 de diciembre de 1985,Ecuador
13,Cristian Benitez,27,1.68 m,1 de mayo de 1986,Ecuador
14,Adrian Bone,27,1.88 m,24 de noviembre de 1988,Ecuador
15,Felix Borja,27,1.80 m,2 de abril de 1983,Ecuador
16,Juan Carlos Burbano,27,1.74 m,15 de febrero de 1969,Ecuador
17,Felipe Caicedo,27,1.87 m,5 de septiembre de 1988,Ecuador
18,Moisés Caicedo,27,1.78 m,2 de noviembre de 2001,Ecuador
19,Segundo Castillo,80,1.79 m,15 de mayo de 1982,Uruguay
20,Jose Cevallos,27,1.82 m,17 de abril de 1971,Ecuador
21,Clever Chala,27,1.80 m,29 de junio de 1971,Ecuador
22,José Cifuentes,27,1.78 m,12 de marzo de 1999,Ecuador
23,Ulises De La Cruz,56,1.78 m,8 de febrero de 1974,México
24,Agustin Delgado,3,1.89 m,23 de diciembre de 1974,Angola
25,Alexander Domínguez,27,1.95 m,5 de junio de 1987,Ecuador
26,Frickson Erazo,27,1.90 m,5 de mayo de 1988,Ecuador
27,Giovanny Espinoza,56,1.84 m,12 de abril de 1977,México
28,Michael Estrada,27,1.87 m,7 de abril de 1996,Ecuador
29,Pervis Estupiñán,27,1.75 m,21 de enero de 1998,Ecuador
30,Angel Fernandez,27,1.72 m,2 de agosto de 1971,Ecuador
31,Alan Franco,27,1.75 m,21 de agosto de 1998,Ecuador
32,Hernán Galíndez,27,1.89 m,30 de marzo de 1987,Ecuador
33,Luis Gomez,61,1.72 m,20 de abril de 1972,Panamá
34,Carlos Gruezo,27,1.72 m,19 de abril de 1995,Ecuador
35,Jorge Guagua,27,1.79 m,28 de septiembre de 1981,Ecuador
36,Raul Guerron,27,1.84 m,12 de octubre de 1976,Ecuador
37,Piero Hincapié,27,1.83 m,9 de enero de 2002,Ecuador
38,Ivan Hurtado,27,1.80 m,16 de agosto de 1974,Ecuador
39,Giovanni Ibarra,27,1.79 m,8 de septiembre de 1969,Ecuador
40,Renato Ibarra,27,1.75 m,20 de enero de 1991,Ecuador
41,Romario Ibarra,27,1.75 m,24 de septiembre de 1994,Ecuador
42,Ivan Kaviedes,27,1.82 m,24 de octubre de 1977,Ecuador
43,Damian Lanza,27,1.86 m,10 de abril de 1982,Ecuador
44,Christian Lara,27,1.62 m,27 de abril de 1980,Ecuador
45,Fidel Martínez,27,1.76 m,15 de febrero de 1990,Ecuador
46,Ángel Mena,27,1.68 m,21 de enero de 1988,Ecuador
47,Edison Mendez,27,1.75 m,16 de marzo de 1979,Ecuador
48,Jhegson Méndez,27,1.75 m,26 de abril de 1997,Ecuador
49,Oswaldo Minda,27,1.83 m,26 de julio de 1983,Ecuador
50,Jefferson Montero,27,1.73 m,1 de septiembre de 1989,Ecuador
51,Cristian Mora,51,1.85 m,26 de agosto de 1979,Italia
52,Christian Noboa,27,1.83 m,9 de abril de 1985,Ecuador
53,Alfonso Obregon,27,1.80 m,12 de mayo de 1972,Ecuador
54,William Pacho,27,1.88 m,16 de octubre de 2001,Ecuador
55,Diego Palacios,27,1.69 m,12 de julio de 1999,Ecuador
56,Juan Carlos Paredes,27,1.74 m,8 de junio de 1987,Ecuador
57,Jose Perlaza,27,1.93 m,6 de octubre de 1981,Ecuador
58,Gonzalo Plata,27,1.78 m,1 de noviembre de 2000,Ecuador
59,Augusto Poroso,27,1.81 m,13 de abril de 1974,Ecuador
60,Jackson Porozo,27,1.91 m,4 de agosto de 2000,Ecuador
61,Angelo Preciado,27,1.74 m,18 de febrero de 1998,Ecuador
62,Ayrton Preciado,27,1.81 m,17 de julio de 1994,Ecuador
63,Moisés Ramírez,27,1.85 m,9 de septiembre de 2000,Ecuador
64,Djorkaeff Reasco,27,1.72 m,18 de enero de 1999,Ecuador
65,Neicer Reasco,27,1.71 m,23 de julio de 1977,Ecuador
66,Kevin Rodríguez,27,1.90 m,4 de marzo de 2000,Ecuador
67,Joao Rojas,27,1.72 m,14 de junio de 1989,Ecuador
68,Wellington Sanchez,56,1.82 m,19 de junio de 1974,México
69,Luis Saritama,27,1.75 m,20 de octubre de 1983,Ecuador
70,Jeremy Sarmiento,27,1.78 m,16 de junio de 2002,Ecuador
71,Carlos Tenorio,27,1.82 m,14 de mayo de 1979,Ecuador
72,Edwin Tenorio,27,1.72 m,16 de junio de 1976,Ecuador
73,Félix Torres,27,1.87 m,11 de enero de 1997,Ecuador
74,Patricio Urrutia,27,1.78 m,15 de octubre de 1977,Ecuador
75,Antonio Valencia,6,1.80 m,4 de agosto de 1985,Argentina
76,Enner Valencia,6,1.77 m,4 de noviembre de 1989,Argentina
77,Edwin Villafuerte,27,1.86 m,12 de marzo de 1979,Ecuador
78,Daniel Viteri,27,1.85 m,12 de diciembre de 1981,Ecuador
79,Yuki Abe,53,1.77 m,6 de septiembre de 1981,Japón
80,Yutaka Akita,53,1.80 m,6 de agosto de 1970,Japón
81,Toshihiro Aoyama,53,1.74 m,22 de febrero de 1986,Japón
82,Takuma Asano,53,1.73 m,10 de noviembre de 1994,Japón
83,Ritsu Doan,53,1.72 m,16 de junio de 1998,Japón
84,Yoichi Doi,53,1.84 m,25 de julio de 1973,Japón
85,Wataru Endo,53,1.78 m,9 de febrero de 1993,Japón
86,Yasuhito Endo,53,1.78 m,28 de enero de 1980,Japón
87,Takashi Fukunishi,53,1.81 m,1 de septiembre de 1976,Japón
88,Shuichi Gonda,53,1.87 m,3 de marzo de 1989,Japón
89,Genki Haraguchi,53,1.77 m,9 de mayo de 1991,Japón
90,Makoto Hasebe,53,1.77 m,18 de enero de 1984,Japón
91,Toshihiro Hattori,53,1.78 m,23 de septiembre de 1973,Japón
92,Masaaki Higashiguchi,53,1.84 m,12 de mayo de 1986,Japón
93,Takashi Hirano,53,,15 de julio de 1974,Japón
94,Keisuke Honda,53,1.82 m,13 de junio de 1986,Japón
95,Daisuke Ichikawa,53,1.81 m,14 de mayo de 1980,Japón
96,Masami Ihara,53,,18 de septiembre de 1967,Japón
97,Junichi Inamoto,53,1.81 m,18 de septiembre de 1979,Japón
98,Masahiko Inoha,53,1.79 m,28 de agosto de 1985,Japón
99,Takashi Inui,53,1.69 m,2 de junio de 1988,Japón
100,Ko Itakura,53,1.86 m,27 de enero de 1997,Japón
101,Hiroki Ito,53,1.88 m,12 de mayo de 1999,Japón
102,Junya Ito,53,1.76 m,9 de marzo de 1993,Japón
103,Teruyoshi Ito,53,1.68 m,31 de agosto de 1974,Japón
104,Daiki Iwamasa,53,1.87 m,30 de enero de 1982,Japón
105,Shoji Jo,53,,17 de junio de 1975,Japón
106,Shinji Kagawa,53,1.72 m,17 de marzo de 1989,Japón
107,Akira Kaji,53,1.77 m,13 de enero de 1980,Japón
108,Yoichiro Kakitani,53,1.77 m,3 de enero de 1990,Japón
109,Daichi Kamada,53,1.80 m,5 de agosto de 1996,Japón
110,Yoshikatsu Kawaguchi,53,1.80 m,15 de agosto de 1975,Japón
111,Eiji Kawashima,53,1.85 m,20 de marzo de 1983,Japón
112,Hiroshi Kiyotake,53,1.72 m,12 de noviembre de 1989,Japón
113,Nobuyuki Kojima,53,,17 de enero de 1966,Japón
114,Yuichi Komano,53,1.71 m,25 de julio de 1981,Japón
115,Yasuyuki Konno,53,1.78 m,25 de enero de 1983,Japón
116,Take Kubo,53,1.73 m,4 de junio de 2001,Japón
117,Wagner Lopes,53,,29 de enero de 1969,Japón
118,Shuto Machino,53,1.85 m,30 de septiembre de 1999,Japón
119,Daizen Maeda,53,1.76 m,20 de octubre de 1997,Japón
120,Seiichiro Maki,53,1.84 m,7 de agosto de 1980,Japón
121,Tomoaki Makino,53,1.82 m,11 de mayo de 1987,Japón
122,Naoki Matsuda,53,1.83 m,14 de marzo de 1977,Japón
123,Daisuke Matsui,53,1.75 m,11 de mayo de 1981,Japón
124,Takumi Minamino,53,1.74 m,16 de enero de 1995,Japón
125,Kaoru Mitoma,53,1.78 m,20 de mayo de 1997,Japón
126,Tsuneyasu Miyamoto,53,1.76 m,7 de febrero de 1977,Japón
127,Teruyuki Moniwa,53,1.81 m,8 de septiembre de 1981,Japón
128,Takayuki Morimoto,53,1.80 m,7 de mayo de 1988,Japón
129,Ryuzo Morioka,53,1.80 m,7 de octubre de 1975,Japón
130,Masato Morishige,53,1.83 m,21 de mayo de 1987,Japón
131,Hiroaki Morishima,53,1.68 m,30 de abril de 1972,Japón
132,Hidemasa Morita,53,1.77 m,10 de mayo de 1995,Japón
133,Yoshinori Muto,53,1.78 m,15 de julio de 1992,Japón
134,Tomokazu Myojin,53,1.73 m,24 de enero de 1978,Japón
135,Yuto Nagatomo,53,1.70 m,12 de septiembre de 1986,Japón
136,Kengo Nakamura,53,1.75 m,31 de octubre de 1980,Japón
137,Kosuke Nakamura,53,1.85 m,27 de febrero de 1995,Japón
138,Shunsuke Nakamura,53,1.78 m,24 de junio de 1978,Japón
139,Eisuke Nakanishi,53,,23 de junio de 1973,Japón
140,Hidetoshi Nakata,53,1.75 m,22 de enero de 1977,Japón
141,Koji Nakata,53,1.82 m,9 de julio de 1979,Japón
142,Masashi Nakayama,53,1.78 m,23 de septiembre de 1967,Japón
143,Yuji Nakazawa,53,1.87 m,25 de febrero de 1978,Japón
144,Hiroshi Nanami,53,1.77 m,28 de noviembre de 1972,Japón
145,Akira Narahashi,53,1.70 m,26 de noviembre de 1971,Japón
146,Seigo Narazaki,53,1.86 m,15 de abril de 1976,Japón
147,Shusaku Nishikawa,53,1.83 m,18 de junio de 1986,Japón
148,Akinori Nishizawa,53,1.80 m,18 de junio de 1976,Japón
149,Mitsuo Ogasawara,53,1.73 m,5 de abril de 1979,Japón
150,Masashi Oguro,53,1.77 m,4 de mayo de 1980,Japón
151,Masayuki Okano,53,1.75 m,25 de julio de 1972,Japón
152,Shinji Okazaki,53,1.74 m,16 de abril de 1986,Japón
153,Yoshito Okubo,53,1.70 m,9 de junio de 1982,Japón
154,Norio Omura,53,,6 de septiembre de 1969,Japón
155,Shinji Ono,53,1.75 m,27 de septiembre de 1979,Japón
156,Yuya Osako,53,1.82 m,18 de mayo de 1990,Japón
157,Ryota Oshima,53,1.68 m,23 de enero de 1993,Japón
158,Manabu Saito,53,1.69 m,4 de abril de 1990,Japón
159,Toshihide Saito,53,,20 de abril de 1973,Japón
160,Gotoku Sakai,53,1.76 m,14 de marzo de 1991,Japón
161,Hiroki Sakai,53,1.85 m,12 de abril de 1990,Japón
162,Alessandro Santos,78,1.78 m,20 de julio de 1977,Túnez
163,Daniel Schmid,53,1.97 m,3 de febrero de 1992,Japón
164,Gaku Shibasaki,53,1.75 m,28 de mayo de 1992,Japón
165,Gen Shoji,53,1.82 m,11 de diciembre de 1992,Japón
166,Hitoshi Sogahata,53,1.87 m,2 de agosto de 1979,Japón
167,Naoki Soma,53,,19 de julio de 1971,Japón
168,Yuki Soma,53,1.66 m,25 de febrero de 1997,Japón
169,Takayuki Suzuki,53,1.82 m,5 de junio de 1976,Japón
170,Naohiro Takahara,53,1.80 m,4 de junio de 1979,Japón
171,Keiji Tamada,53,1.73 m,11 de abril de 1980,Japón
172,Ao Tanaka,53,1.80 m,10 de septiembre de 1998,Japón
173,Marcus Tulio Tanaka,53,1.85 m,24 de abril de 1981,Japón
174,Shogo Taniguchi,53,1.83 m,15 de julio de 1991,Japón
175,Kazuyuki Toda,53,1.78 m,30 de diciembre de 1977,Japón
176,Takehiro Tomiyasu,53,1.87 m,5 de noviembre de 1998,Japón
177,Keisuke Tsuboi,53,1.79 m,16 de septiembre de 1979,Japón
178,Atsuto Uchida,53,1.76 m,27 de marzo de 1988,Japón
179,Ayase Ueda,53,1.82 m,28 de agosto de 1998,Japón
180,Naomichi Ueda,53,1.86 m,24 de octubre de 1994,Japón
181,Takashi Usami,53,1.78 m,6 de abril de 1992,Japón
182,Hotaru Yamaguchi,53,1.73 m,6 de octubre de 1990,Japón
183,Motohiro Yamaguchi,53,,29 de enero de 1969,Japón
184,Miki Yamane,53,1.78 m,22 de diciembre de 1993,Japón
185,Atsushi Yanagisawa,53,1.77 m,27 de mayo de 1977,Japón
186,Kisho Yano,53,1.85 m,5 de abril de 1984,Japón
187,Maya Yoshida,53,1.89 m,24 de agosto de 1988,Japón
188,Edgar Alvarez,41,1.70 m,18 de enero de 1980,Honduras
189,Julio Cesar Arzu,41,,5 de junio de 1954,Honduras
190,Roberto Bailey,44,,10 de agosto de 1952,Inglaterra
191,Brayan Beckeles,41,1.86 m,28 de noviembre de 1985,Honduras
192,Jerry Bengtson,41,1.87 m,8 de abril de 1987,Honduras
193,Victor Bernardez,41,1.87 m,24 de mayo de 1982,Honduras
194,Porfirio Betancourt,41,,10 de octubre de 1957,Honduras
195,David Bueso,41,,5 de mayo de 1955,Honduras
196,Jose Bulnes,41,,21 de octubre de 1946,Honduras
197,Carlos Cabellero,41,,5 de diciembre de 1958,Honduras
198,Ricardo Canales,41,1.80 m,30 de mayo de 1982,Honduras
199,Marvin Chávez,41,1.65 m,3 de noviembre de 1983,Honduras
200,Osman Chavez,41,1.87 m,29 de julio de 1984,Honduras
201,Jorge Claros,41,1.76 m,8 de enero de 1986,Honduras
202,Allan Costly,41,,13 de febrero de 1954,Honduras
203,Carlo Costly,41,1.90 m,18 de julio de 1982,Honduras
204,Jose Cruz,41,,12 de junio de 1949,Honduras
205,Juan Cruz,41,,27 de febrero de 1959,Honduras
206,Edder Delgado,41,1.76 m,20 de noviembre de 1986,Honduras
207,Domingo Drummond,41,,14 de abril de 1957,Honduras
208,Donis Escober,41,1.80 m,3 de febrero de 1981,Honduras
209,Roger Espinoza,41,1.78 m,25 de octubre de 1986,Honduras
210,Jose Figueroa,41,,15 de diciembre de 1959,Honduras
211,Maynor Figueroa,17,1.82 m,2 de mayo de 1983,Chile
212,Juan Carlos García,41,1.88 m,8 de marzo de 1988,Honduras
213,Oscar Boniek Garcia,56,1.76 m,4 de septiembre de 1984,México
214,Luis Garrido,41,1.70 m,5 de noviembre de 1990,Honduras
215,Amado Guevara,41,1.76 m,2 de mayo de 1976,Honduras
216,Celso Guity,41,,7 de agosto de 1955,Honduras
217,Cesar Gutierrez,41,,7 de mayo de 1954,Honduras
218,Emilio Izaguirre,41,1.78 m,10 de mayo de 1986,Honduras
219,Eduardo Laing,41,,27 de diciembre de 1958,Honduras
220,Luis López,41,1.80 m,13 de septiembre de 1993,Honduras
221,Ramon Maradiaga,41,,30 de octubre de 1954,Honduras
222,Mario Martínez,41,1.73 m,30 de julio de 1989,Honduras
223,Rony Martínez,56,1.80 m,16 de agosto de 1988,México
224,Walter Martinez,56,1.66 m,24 de marzo de 1982,México
225,Sergio Mendoza,62,1.77 m,23 de mayo de 1981,Paraguay
226,Juan Pablo Montes,56,1.91 m,26 de octubre de 1985,México
227,Andy Najar,41,1.70 m,16 de marzo de 1993,Honduras
228,Jose Nazar,41,,7 de septiembre de 1953,Honduras
229,Prudencio Norales,41,,20 de abril de 1956,Honduras
230,Ramon Nunez,41,1.69 m,14 de noviembre de 1985,Honduras
231,Jerry Palacios,41,1.81 m,1 de noviembre de 1981,Honduras
232,Johnny Palacios,41,1.82 m,20 de diciembre de 1986,Honduras
233,Wilson Palacios,41,1.76 m,29 de julio de 1984,Honduras
234,Carlos Pavon,6,1.80 m,9 de octubre de 1973,Argentina
235,Mauricio Sabillon,41,1.80 m,11 de noviembre de 1978,Honduras
236,Jimmy Steward,41,,9 de diciembre de 1946,Honduras
237,David Suazo,41,1.83 m,5 de noviembre de 1979,Honduras
238,Hendry Thomas,41,1.80 m,23 de febrero de 1985,Honduras
239,Javier Toledo,41,,30 de septiembre de 1959,Honduras
240,Danilo Turcios,41,1.66 m,8 de mayo de 1978,Honduras
241,Noel Valladares,41,1.79 m,3 de mayo de 1977,Honduras
242,Jaime Villegas,41,,5 de julio de 1950,Honduras
243,George Welcome,41,1.92 m,9 de marzo de 1985,Honduras
244,Gilberto Yearwood,41,,15 de marzo de 1956,Honduras
245,Hector Zelaya,41,,12 de julio de 1957,Honduras
246,Valentin Afonin,69,,22 de diciembre de 1939,Rusia
247,Igor Akinfeev,69,1.86 m,8 de abril de 1986,Rusia
248,Sergei Aleinikov,69,,7 de noviembre de 1961,Rusia
249,Dmitry Alenichev,69,1.78 m,20 de octubre de 1972,Rusia
250,Sergei Andreyev,69,,16 de mayo de 1956,Rusia
251,German Apukthin,69,,12 de junio de 1936,Rusia
252,Kakhi Asatiani,69,,1 de enero de 1947,Rusia
253,Andrei Bal,69,,16 de febrero de 1958,Rusia
254,Sergei Baltacha,69,,17 de febrero de 1958,Rusia
255,Anatoli Banishevski,69,,23 de febrero de 1946,Rusia
256,Victor Bannikov,69,,28 de abril de 1938,Rusia
257,Igor Belanov,69,,25 de septiembre de 1960,Rusia
258,Vladimir Belyayev,69,,,Rusia
259,Vassili Berezutski,69,1.89 m,20 de junio de 1982,Rusia
260,Vladimir Beschastnykh,69,1.87 m,1 de abril de 1974,Rusia
261,Vladimir Bessonov,69,,5 de marzo de 1958,Rusia
262,Anatoly Bishovets,69,,23 de abril de 1946,Rusia
263,Oleg Blokhin,69,,5 de noviembre de 1952,Rusia
264,Aleksandr Borodyuk,69,,30 de noviembre de 1962,Rusia
265,Sergei Borovski,69,,29 de enero de 1956,Rusia
266,Valeri Broshin,69,,19 de octubre de 1962,Rusia
267,Aleksandr Bubnov,69,,10 de octubre de 1955,Rusia
268,Valentin Bubukin,69,,23 de abril de 1933,Rusia
269,Leonid Buryak,69,,10 de julio de 1953,Rusia
270,Viacheslav Chanov,69,,23 de octubre de 1951,Rusia
271,Victor Chanov,69,,21 de julio de 1959,Rusia
272,Viktor Chanov,69,,21 de julio de 1959,Rusia
273,Stanislav Cherchesov,69,1.83 m,2 de septiembre de 1963,Rusia
274,Denis Cheryshev,69,1.79 m,26 de diciembre de 1990,Rusia
275,Igor Chislenko,69,,4 de enero de 1939,Rusia
276,Aleksandr Chivadze,69,,8 de abril de 1955,Rusia
277,Givi Chokheli,69,,27 de junio de 1937,Rusia
278,Igor Chugainov,69,1.87 m,6 de abril de 1970,Rusia
279,Viacheslav Daev,69,1.85 m,6 de septiembre de 1972,Rusia
280,Vasily Danilov,69,,13 de mayo de 1941,Rusia
281,Vitali Daraselia,69,,9 de octubre de 1957,Rusia
282,Rinat Dassayev,69,,13 de junio de 1957,Rusia
283,Anatoli Demyanenko,69,,19 de febrero de 1959,Rusia
284,Igor Denisov,69,1.76 m,17 de mayo de 1984,Rusia
285,Igor Dobrovolskyi,69,,27 de agosto de 1967,Rusia
286,Eduard Dubinski,69,,6 de abril de 1935,Rusia
287,Alan Dzagoev,69,1.79 m,17 de junio de 1990,Rusia
288,Revaz Dzodzvashvili,69,,15 de abril de 1945,Rusia
289,Artem Dzyuba,69,1.96 m,22 de agosto de 1988,Rusia
290,Viktor Faizulin,69,1.82 m,22 de abril de 1986,Rusia
291,Yuri Falin,69,,2 de abril de 1937,Rusia
292,Genrikh Fedosov,69,,6 de diciembre de 1932,Rusia
293,Mário Fernandes,69,1.89 m,19 de septiembre de 1990,Rusia
294,Alexander Filimonov,69,1.93 m,15 de octubre de 1973,Rusia
295,Sergei Fokin,69,,26 de julio de 1961,Rusia
296,Vladimir Gabulov,69,1.90 m,19 de octubre de 1983,Rusia
297,Dimitri Galiamin,69,,8 de enero de 1963,Rusia
298,Yuri Gavrilov,69,,3 de mayo de 1953,Rusia
299,Yury Gazinsky,69,1.84 m,20 de julio de 1989,Rusia
300,Viktor Getmanov,69,,4 de mayo de 1940,Rusia
301,Denis Glushakov,69,1.82 m,27 de enero de 1987,Rusia
302,Aleksandr Golovin,69,1.80 m,30 de mayo de 1996,Rusia
303,Sergei Gorlukovich,69,,18 de noviembre de 1961,Rusia
304,Vladimir Granat,69,1.84 m,22 de mayo de 1987,Rusia
305,Gennadi Gusarov,69,,11 de marzo de 1937,Rusia
306,Sergei Ignashevich,69,1.86 m,4 de julio de 1979,Rusia
307,Anatoli Ilyin,69,,27 de junio de 1931,Rusia
308,Aleksey Ionov,69,1.77 m,18 de febrero de 1989,Rusia
309,Aleksandr Ivanov,69,,14 de abril de 1928,Rusia
310,Valentin Ivanov,69,,19 de noviembre de 1934,Rusia
311,Marat Izmailov,69,1.72 m,21 de septiembre de 1982,Rusia
312,Viktor Kanevski,69,,3 de octubre de 1936,Rusia
313,Maksim Kanunnikov,69,1.83 m,14 de julio de 1991,Rusia
314,Vladimir Kaplichni,69,,26 de febrero de 1944,Rusia
315,Valeri Karpin,69,1.85 m,2 de febrero de 1969,Rusia
316,Anzor Kavazashvili,69,,19 de julio de 1940,Rusia
317,Alexander Kerzhakov,69,1.75 m,27 de noviembre de 1982,Rusia
318,Vladimir Kesarev,69,,26 de febrero de 1930,Rusia
319,Dmitri Kharin,69,,16 de agosto de 1968,Rusia
320,Vagiz Khidiyatullin,69,,3 de marzo de 1959,Rusia
321,Dmitri Khlestov,69,1.77 m,21 de enero de 1971,Rusia
322,Vitali Khmelnitski,69,,12 de junio de 1943,Rusia
323,Dmitry Khokhlov,69,1.89 m,22 de diciembre de 1975,Rusia
324,Murtaz Khurtsilava,69,,5 de enero de 1943,Rusia
325,Galimzyan Khusainov,69,,27 de junio de 1937,Rusia
326,Nicolai Kiselyov,69,,29 de enero de 1946,Rusia
327,Alexander Kokorin,69,1.83 m,19 de marzo de 1991,Rusia
328,Dmitri Kombarov,69,1.83 m,22 de enero de 1987,Rusia
329,Alexey Korneev,69,,6 de febrero de 1939,Rusia
330,Igor Korneev,69,,4 de septiembre de 1967,Rusia
331,Sergei Kotrikadze,69,,9 de agosto de 1936,Rusia
332,Yuri Kovtun,69,1.89 m,5 de enero de 1970,Rusia
333,Aleksei Kozlov,69,1.82 m,16 de noviembre de 1986,Rusia
334,Sergei Krakovski,69,,11 de agosto de 1960,Rusia
335,Konstantin Krizhevski,69,,20 de febrero de 1926,Rusia
336,Fyodor Kudryashov,69,1.81 m,5 de abril de 1987,Rusia
337,Ilya Kutepov,69,1.92 m,29 de julio de 1993,Rusia
338,Boris Kuznetsov,69,,14 de julio de 1928,Rusia
339,Dmitri Kuznetsov,69,,28 de agosto de 1965,Rusia
340,Oleg Kuznetsov,69,,22 de marzo de 1963,Rusia
341,Daler Kuzyayev,69,1.77 m,15 de enero de 1993,Rusia
342,Nikolai Larionov,69,,19 de febrero de 1957,Rusia
343,Igor Lediakhov,69,,22 de mayo de 1968,Rusia
344,Gennadi Litovchenko,69,,11 de septiembre de 1963,Rusia
345,Vladimir Liutyi,69,,20 de abril de 1962,Rusia
346,Juri Lodygin,69,1.87 m,26 de mayo de 1990,Rusia
347,Gennadi Logofet,69,,15 de abril de 1942,Rusia
348,Evgeni Lovchev,69,,29 de enero de 1949,Rusia
349,Andrey Lunyov,69,1.89 m,13 de noviembre de 1991,Rusia
350,Eduard Malofeyev,69,,2 de junio de 1942,Rusia
351,Aleksei Mamykin,69,,29 de febrero de 1936,Rusia
352,Nikolai Manoshin,69,,6 de marzo de 1938,Rusia
353,Eduard Markarov,69,,20 de junio de 1942,Rusia
354,Vladimir Maslachenko,69,,5 de marzo de 1936,Rusia
355,Anatoli Maslyonkin,69,,26 de junio de 1930,Rusia
356,Mikhail Meskhi,69,,12 de enero de 1937,Rusia
357,Slava Metreveli,69,,30 de mayo de 1936,Rusia
358,Aleksei Miranchuk,69,1.82 m,17 de octubre de 1995,Rusia
359,Anton Miranchuk,69,1.82 m,17 de octubre de 1995,Rusia
360,Pavel Mogilevets,69,1.83 m,25 de enero de 1993,Rusia
361,Gennadi Morozov,69,,30 de diciembre de 1962,Rusia
362,Aleksandr Mostovoi,69,1.81 m,22 de agosto de 1968,Rusia
363,Vladimir Muntyan,69,,14 de septiembre de 1946,Rusia
364,Igor Netto,69,,9 de enero de 1930,Rusia
365,Ruslan Nigmatullin,69,1.88 m,7 de octubre de 1974,Rusia
366,Yuri Nikiforov,69,1.88 m,16 de septiembre de 1970,Rusia
367,Givili Nodiya,69,,2 de enero de 1948,Rusia
368,Khoren Oganesian,69,,10 de enero de 1955,Rusia
369,Viktor Onopko,69,1.89 m,14 de octubre de 1969,Rusia
370,Leonid Ostrovski,69,,17 de enero de 1936,Rusia
371,Andrei Piatnitski,69,,27 de septiembre de 1967,Rusia
372,Ruslan Pimenov,69,1.79 m,25 de noviembre de 1981,Rusia
373,Viktor Ponedelnik,69,,22 de mayo de 1937,Rusia
374,Vladimir Ponomaryov,69,,18 de febrero de 1940,Rusia
375,Dmitri Popov,69,,27 de febrero de 1967,Rusia
376,Valeriy Porkuyan,69,,4 de octubre de 1944,Rusia
377,Oleg Protasov,69,,4 de febrero de 1964,Rusia
378,Anatoli Puzach,69,,3 de junio de 1941,Rusia
379,Dmitri Radchenko,69,,2 de diciembre de 1970,Rusia
380,Vasili Rats,69,,25 de marzo de 1961,Rusia
381,Sergei Rodionov,69,,3 de septiembre de 1962,Rusia
382,Oleg Romantsev,69,,4 de enero de 1954,Rusia
383,Sergei Ryzhikov,69,1.94 m,19 de septiembre de 1980,Rusia
384,Yozhef Sabo,69,,29 de febrero de 1940,Rusia
385,Oleg Salenko,69,,25 de octubre de 1969,Rusia
386,Sergei Salnikov,69,,13 de septiembre de 1925,Rusia
387,Aleksandr Samedov,69,1.74 m,19 de junio de 1984,Rusia
388,Georgy Schennikov,69,1.78 m,27 de abril de 1991,Rusia
389,Sergei Semak,69,1.70 m,27 de febrero de 1976,Rusia
390,Andrey Semenov,69,1.90 m,24 de marzo de 1989,Rusia
391,Andréi Semiónov,69,1.84 m,8 de junio de 1992,Rusia
392,Igor Semshov,69,1.69 m,6 de abril de 1978,Rusia
393,Dmitri Sennikov,69,1.83 m,24 de junio de 1976,Rusia
394,Viktor Serebryanikov,69,,29 de marzo de 1940,Rusia
395,Igor Shalimov,69,,2 de febrero de 1969,Rusia
396,Oleg Shatov,69,1.73 m,29 de julio de 1990,Rusia
397,Ramaz Shengelia,69,,1 de enero de 1957,Rusia
398,Albert Shesternyov,69,,20 de junio de 1941,Rusia
399,Leonid Shmuts,69,,8 de octubre de 1948,Rusia
400,Georgi Sichinava,69,,15 de septiembre de 1944,Rusia
401,Nikita Simonyan,69,,12 de octubre de 1926,Rusia
402,Alexei Smertin,69,1.76 m,1 de mayo de 1975,Rusia
403,Igor Smolnikov,69,1.78 m,8 de agosto de 1988,Rusia
404,Fyodor Smolov,69,1.87 m,9 de febrero de 1990,Rusia
405,Andrei Solomatin,69,1.83 m,9 de septiembre de 1975,Rusia
406,Tengiz Sulakvelidze,69,,23 de julio de 1956,Rusia
407,Yuri Susloparov,69,,14 de agosto de 1958,Rusia
408,Dmitri Sychev,69,1.75 m,26 de octubre de 1983,Rusia
409,Vladislav Ternavski,69,,2 de mayo de 1969,Rusia
410,Omar Tetradze,69,,13 de octubre de 1969,Rusia
411,Egor Titov,69,1.82 m,29 de mayo de 1976,Rusia
412,Viktor Tsaryov,69,,2 de junio de 1931,Rusia
413,Akhrik Tsveiba,69,,10 de septiembre de 1966,Rusia
414,Ilia Tsymbalar,69,,17 de junio de 1969,Rusia
415,Aleksandr Uvarov,69,,13 de enero de 1960,Rusia
416,Yuri Voinov,69,,29 de noviembre de 1931,Rusia
417,Valeri Voronin,79,,17 de julio de 1939,Ucrania
418,Pavel Yakovenko,69,,19 de diciembre de 1964,Rusia
419,Ivan Yaremchuk,69,,19 de marzo de 1962,Rusia
420,Lev Yashin,69,,22 de octubre de 1929,Rusia
421,Aleksandr Yerokhin,69,1.95 m,13 de octubre de 1989,Rusia
422,Vladimir Yerokhin,69,,10 de abril de 1930,Rusia
423,Andrey Yeshchenko,69,1.76 m,9 de febrero de 1984,Rusia
424,Gennadi Yevryuzhikhin,69,,4 de febrero de 1944,Rusia
425,Vadim Yevtushenko,69,,1 de enero de 1958,Rusia
426,Sergei Yuran,69,,11 de junio de 1969,Rusia
427,Aleksandr Zavarov,69,,20 de abril de 1961,Rusia
428,Yuri Zhirkov,69,1.85 m,20 de agosto de 1983,Rusia
429,Valeri Zikov,69,,24 de febrero de 1944,Rusia
430,Roman Zobnin,69,1.82 m,11 de febrero de 1994,Rusia
431,Andrei Zygmantovich,69,,2 de diciembre de 1962,Rusia
432,Jozef Adamec,67,,26 de febrero de 1942,República Checa
433,Milan Albrecht,67,,16 de julio de 1950,República Checa
434,Jozef Barmos,67,,28 de agosto de 1954,República Checa
435,Milan Baros,67,1.81 m,28 de octubre de 1981,República Checa
436,Michal Benedikovic,67,,31 de mayo de 1923,República Checa
437,Jan Berger,67,,27 de noviembre de 1955,República Checa
438,Premysl Bicovsky,67,,18 de agosto de 1950,República Checa
439,Julius Bielik,67,,8 de marzo de 1962,República Checa
440,Michal Bilek,67,,13 de abril de 1965,República Checa
441,Jaromir Blazek,67,1.88 m,29 de diciembre de 1972,República Checa
442,Josef Bomba,67,,30 de marzo de 1939,República Checa
443,Jaroslav Borovicka,67,,26 de enero de 1931,República Checa
444,Jaroslav Boucek,67,,13 de noviembre de 1912,República Checa
445,Vojtech Bradac,67,,6 de octubre de 1913,República Checa
446,Titus Bubernik,67,,12 de octubre de 1933,República Checa
447,Jaroslav Burgr,67,,7 de marzo de 1906,República Checa
448,Karel Burkert,67,,1 de diciembre de 1909,República Checa
449,Jiri Cadek,67,,7 de diciembre de 1935,República Checa
450,Stefan Cambal,67,,17 de diciembre de 1908,República Checa
451,Jozef Capkovic,67,,11 de enero de 1948,República Checa
452,Petr Cech,67,1.97 m,20 de mayo de 1982,República Checa
453,Pavel Cerny,67,,,República Checa
454,Pavel Chaloupka,67,,4 de mayo de 1959,República Checa
455,Jozef Chovanec,67,,7 de marzo de 1960,República Checa
456,Josef Ctyroky,67,,30 de septiembre de 1906,República Checa
457,Ferdinand Daucik,67,,31 de mayo de 1910,República Checa
458,Karol Dobias,67,,18 de diciembre de 1947,República Checa
459,Bretislav Dolejsi,67,,29 de septiembre de 1928,República Checa
460,Milan Dvorak,67,,19 de noviembre de 1934,República Checa
461,Jiri Feureisl,67,,3 de octubre de 1931,República Checa
462,Jan Fiala,67,,19 de mayo de 1956,República Checa
463,Peter Fieber,67,,16 de mayo de 1964,República Checa
464,Antonin Flesar,67,,8 de mayo de 1944,República Checa
465,Kazimir Gajdos,67,,28 de marzo de 1934,República Checa
466,Tomas Galasek,67,1.80 m,15 de enero de 1973,República Checa
467,Stanislav Griga,67,,4 de noviembre de 1961,República Checa
468,Zdenek Grygera,67,1.85 m,14 de mayo de 1980,República Checa
469,Vladimir Hagara,67,,7 de noviembre de 1943,República Checa
470,Ivan Hasek,67,,6 de septiembre de 1963,República Checa
471,Marek Heinz,67,1.88 m,4 de agosto de 1977,República Checa
472,Otto Hemele,67,,22 de enero de 1926,República Checa
473,Jan Hertl,67,,23 de enero de 1929,República Checa
474,Vladislav Hlavacek,67,,26 de junio de 1925,República Checa
475,Jiri Hledik,67,,19 de abril de 1929,República Checa
476,Vaclav Horak,67,,27 de septiembre de 1912,República Checa
477,Alexander Horvath,67,,28 de diciembre de 1938,República Checa
478,Vaclav Hovorka,67,,19 de septiembre de 1931,República Checa
479,Ivan Hrdlicka,67,,20 de noviembre de 1943,República Checa
480,Vladimir Hrivnak,67,,23 de abril de 1945,República Checa
481,Zdenek Hruska,67,,25 de julio de 1954,República Checa
482,Viliam Hyravy,67,,26 de noviembre de 1962,República Checa
483,Frantisek Jakubec,67,,12 de abril de 1956,República Checa
484,Petr Janecka,67,,25 de noviembre de 1957,República Checa
485,Marek Jankulovski,67,1.84 m,9 de mayo de 1977,República Checa
486,David Jarolim,67,1.72 m,17 de mayo de 1979,República Checa
487,Josef Jelinek,67,,9 de enero de 1942,República Checa
488,Martin Jiranek,67,1.83 m,25 de mayo de 1979,República Checa
489,Karol Jokl,67,,29 de agosto de 1945,República Checa
490,Frantisek Junek,67,,17 de enero de 1907,República Checa
491,Jozef Jurkanin,67,,5 de marzo de 1949,República Checa
492,Ladislav Jurkemik,67,,20 de julio de 1953,República Checa
493,Ladislav Kacani,67,,1 de abril de 1931,República Checa
494,Miroslav Kadlec,67,,22 de junio de 1964,República Checa
495,Josef Kadraba,67,,29 de septiembre de 1933,República Checa
496,Geza Kalocsay,67,,30 de mayo de 1913,República Checa
497,Vladimir Kinier,67,,6 de abril de 1958,República Checa
498,Antonin Kinsky,67,1.87 m,31 de mayo de 1975,República Checa
499,Ivo Knoflicek,67,,23 de febrero de 1962,República Checa
500,Jan Kocian,67,,13 de marzo de 1958,República Checa
501,Jan Koller,8,2.02 m,30 de marzo de 1973,Austria
502,Karel Kolsky,67,,21 de septiembre de 1914,República Checa
503,Vlastimil Kopecky,67,,14 de octubre de 1912,República Checa
504,Vladimir Kos,67,,9 de agosto de 1935,República Checa
505,Jaroslav Kosnar,67,,17 de agosto de 1930,República Checa
506,Josef Kostalek,67,,31 de agosto de 1909,República Checa
507,Pavel Kouba,67,,1 de septiembre de 1938,República Checa
508,Radoslav Kovac,24,1.88 m,27 de noviembre de 1979,Croacia
510,Anton Krasnohorsky,67,,22 de octubre de 1925,República Checa
511,Tadeas Kraus,67,,22 de octubre de 1932,República Checa
512,Rudolf Krcil,67,,5 de marzo de 1906,República Checa
513,Arnost Kreuz,67,,9 de mayo de 1912,República Checa
514,Tomas Kriz,67,,17 de marzo de 1959,República Checa
515,Lubos Kubik,67,,20 de enero de 1964,República Checa
516,Jozef Kukucka,67,,13 de marzo de 1957,República Checa
517,Ladislav Kuna,67,,3 de abril de 1947,República Checa
518,Andrej Kvasnak,67,,19 de mayo de 1936,República Checa
519,Jan Lala,67,,10 de septiembre de 1936,República Checa
520,Vratislav Lokvenc,67,1.96 m,27 de septiembre de 1973,República Checa
521,Josef Ludl,67,,3 de junio de 1916,República Checa
522,Milan Luhovy,67,,1 de enero de 1963,República Checa
523,Josef Majer,24,,8 de junio de 1925,Croacia
524,Anton Malatinsky,67,,15 de enero de 1920,República Checa
525,Pavel Mares,67,1.85 m,18 de enero de 1976,República Checa
526,Vaclav Masek,67,,21 de marzo de 1941,República Checa
527,Marian Masny,67,,13 de agosto de 1950,República Checa
528,Josef Masopust,67,,9 de febrero de 1931,República Checa
529,Vaclav Migas,67,,16 de septiembre de 1944,República Checa
530,Ludek Miklosko,67,,9 de diciembre de 1961,República Checa
531,Pavol Molnar,42,,13 de febrero de 1936,Hungría
532,Anton Moravcik,67,,3 de junio de 1931,República Checa
533,Lubomir Moravcik,67,,22 de junio de 1965,República Checa
534,Gustav Mraz,67,,11 de septiembre de 1934,República Checa
535,Pavel Nedved,67,1.75 m,30 de agosto de 1972,República Checa
536,Zdenek Nehoda,67,,9 de mayo de 1952,República Checa
537,Oldrich Nejedly,67,,26 de diciembre de 1909,República Checa
538,Jiri Nemec,67,,15 de mayo de 1966,República Checa
539,Vaclav Nemecek,67,,25 de enero de 1967,República Checa
540,Ladislav Novak,67,,5 de diciembre de 1931,República Checa
541,Otakar Nozir,67,,12 de marzo de 1917,República Checa
542,Josef Orth,67,,,República Checa
543,Peter Paluch,67,,17 de febrero de 1958,República Checa
544,Antonin Panenka,67,,2 de diciembre de 1948,República Checa
545,Cestmir Patzel,67,,2 de diciembre de 1914,República Checa
546,Emil Pazicky,67,,14 de octubre de 1927,República Checa
547,Jiri Pesek,67,,4 de junio de 1927,República Checa
548,Ladislav Petras,32,,1 de diciembre de 1946,Eslovaquia
549,Vlastimil Petrzela,67,,20 de julio de 1953,República Checa
550,Jan Pivarnik,67,,13 de noviembre de 1947,República Checa
551,Frantisek Planicka,67,,2 de junio de 1904,República Checa
552,Jaroslav Plasil,67,1.83 m,5 de enero de 1982,República Checa
553,Svatopluk Pluskal,67,,28 de octubre de 1930,República Checa
554,Karel Poborsky,67,1.75 m,30 de marzo de 1972,República Checa
555,Jan Polak,67,1.81 m,14 de marzo de 1981,República Checa
556,Jaroslav Pollak,67,,11 de julio de 1947,República Checa
557,Jan Popluhar,67,,12 de agosto de 1935,República Checa
558,Tomas Pospichal,67,,26 de junio de 1936,República Checa
559,Zdenek Prochazka,67,,12 de enero de 1928,República Checa
560,Antonin Puc,67,,16 de mayo de 1907,República Checa
561,Libor Radimec,67,,22 de mayo de 1950,República Checa
562,Theodor Reimann,67,,10 de febrero de 1921,República Checa
563,Jan Riha,67,,11 de enero de 1915,República Checa
564,Tomas Rosicky,67,1.75 m,4 de octubre de 1980,República Checa
565,David Rozehnal,67,1.91 m,5 de julio de 1980,República Checa
566,Oldrich Rulc,67,,28 de marzo de 1911,República Checa
567,Frantisek Safranek,67,,2 de enero de 1931,República Checa
568,Adolf Scherer,67,,5 de mayo de 1938,República Checa
569,Frantisek Schmucker,67,,28 de enero de 1940,República Checa
570,Viliam Schrojf,67,,2 de agosto de 1931,República Checa
571,Stanislav Seman,67,,8 de agosto de 1952,República Checa
572,Karel Senecky,67,,17 de marzo de 1919,República Checa
573,Josef Silny,67,,23 de enero de 1902,República Checa
574,Ladislav Simunek,67,,4 de octubre de 1916,República Checa
575,Libor Sionko,67,1.75 m,1 de febrero de 1977,República Checa
576,Tomas Skuhravy,67,,7 de septiembre de 1965,República Checa
577,Jiri Sobotka,67,,6 de junio de 1911,República Checa
578,Imrich Stacho,67,,4 de noviembre de 1931,República Checa
579,Jiri Stajner,67,1.85 m,27 de mayo de 1976,República Checa
580,Frantisek Stambacher,67,,13 de febrero de 1953,República Checa
581,Jan Stejskal,67,,15 de enero de 1962,República Checa
582,Josef Stibranyi,67,,11 de abril de 1940,República Checa
583,Frantisek Straka,67,,28 de mayo de 1958,República Checa
584,Karel Stromsik,67,,12 de abril de 1958,República Checa
585,Frantisek Svoboda,67,,5 de julio de 1905,República Checa
586,Jiri Tichy,42,,6 de diciembre de 1933,Hungría
587,Jiri Trnka,67,,2 de diciembre de 1926,República Checa
588,Tomas Ujfalusi,67,1.85 m,24 de marzo de 1978,República Checa
589,Alexander Vencel,67,,8 de febrero de 1944,República Checa
590,Bohumil Vesely,67,,18 de junio de 1945,República Checa
591,Frantisek Vesely,67,,7 de diciembre de 1943,República Checa
592,Ivo Viktor,67,,21 de mayo de 1942,República Checa
593,Ladislav Vizek,67,,22 de enero de 1955,República Checa
594,Antonin Vodicka,67,,1 de marzo de 1907,República Checa
595,Rostilav Vojacek,67,,23 de febrero de 1949,República Checa
597,Josef Zeman,67,,23 de enero de 1915,República Checa
598,Ladislav Zenisek,67,,7 de marzo de 1904,República Checa
599,Zdenek Zikan,67,,10 de noviembre de 1937,República Checa
600,Jan Zlocha,67,,24 de marzo de 1942,República Checa
601,Marvin Andrews,76,1.87 m,22 de diciembre de 1975,Trinidad y Tobago
602,Christopher Birchall,76,1.75 m,5 de mayo de 1984,Trinidad y Tobago
603,Atiba Charles,76,1.88 m,29 de septiembre de 1977,Trinidad y Tobago
604,Ian Cox,76,1.83 m,25 de marzo de 1971,Trinidad y Tobago
605,Carlos Edwards,76,1.80 m,24 de octubre de 1978,Trinidad y Tobago
606,Cornell Glen,76,1.75 m,21 de octubre de 1980,Trinidad y Tobago
607,Cyd Gray,76,1.73 m,21 de noviembre de 1976,Trinidad y Tobago
608,Shaka Hislop,76,1.93 m,22 de febrero de 1969,Trinidad y Tobago
609,Clayton Ince,76,1.91 m,13 de julio de 1972,Trinidad y Tobago
610,Kelvin Jack,76,1.93 m,29 de abril de 1976,Trinidad y Tobago
611,Avery John,76,1.83 m,18 de junio de 1975,Trinidad y Tobago
612,Stern John,76,1.80 m,30 de octubre de 1976,Trinidad y Tobago
613,Kenwyne Jones,7,1.88 m,5 de octubre de 1984,Australia
614,Russell Latapy,76,1.83 m,2 de agosto de 1968,Trinidad y Tobago
615,Dennis Lawrence,76,2.01 m,1 de agosto de 1974,Trinidad y Tobago
616,Collin Samuel,76,1.75 m,27 de agosto de 1981,Trinidad y Tobago
617,Brent Sancho,76,1.85 m,13 de marzo de 1977,Trinidad y Tobago
618,Jason Scotland,76,1.75 m,18 de febrero de 1979,Trinidad y Tobago
619,Densill Theobald,76,1.81 m,27 de junio de 1982,Trinidad y Tobago
620,Aurtis Whitley,76,1.80 m,1 de mayo de 1977,Trinidad y Tobago
621,Evans Wise,76,1.75 m,23 de noviembre de 1973,Trinidad y Tobago
622,Anthony Wolfe,76,1.80 m,23 de diciembre de 1983,Trinidad y Tobago
623,Dwight Yorke,76,1.82 m,3 de noviembre de 1971,Trinidad y Tobago
624,Clarence Acuña,17,,8 de febrero de 1975,Chile
625,Juan Aguilera,80,,,Uruguay
626,Sergio Ahumada,17,,2 de octubre de 1948,Chile
627,Miiko Albornoz,17,1.80 m,30 de noviembre de 1990,Chile
628,Manuel Alvarez,56,,23 de mayo de 1928,México
629,Charles Aránguiz,17,1.72 m,17 de abril de 1989,Chile
630,Pedro Araya,17,,23 de enero de 1942,Chile
631,Guillermo Arellano,56,,21 de agosto de 1908,México
632,Antonio Arias,19,,9 de octubre de 1944,Colombia
633,Mauricio Aros,17,,9 de marzo de 1976,Chile
634,Manuel Astorga,17,,16 de marzo de 1943,Chile
635,Rodrigo Barrera,56,,30 de marzo de 1970,México
636,Jean Beausejour,17,1.78 m,1 de junio de 1984,Chile
637,Hugo Berly,17,,31 de diciembre de 1941,Chile
638,Vladimir Bigorra,17,,9 de agosto de 1954,Chile
639,Eduardo Bonvallet,17,,13 de enero de 1955,Chile
640,Claudio Bravo,17,1.83 m,13 de abril de 1983,Chile
641,Miguel Busquets,17,,15 de octubre de 1920,Chile
642,Carlos Campos,17,,14 de febrero de 1937,Chile
643,Fernando Campos,17,,1 de enero de 1921,Chile
644,Carlos Carmona,17,1.79 m,21 de febrero de 1987,Chile
645,Hernan Carvallo,17,,19 de agosto de 1922,Chile
646,Cristian Castaneda,17,,18 de septiembre de 1968,Chile
647,Osvaldo Castro,17,,14 de abril de 1947,Chile
648,Carlos Caszely,17,,5 de julio de 1950,Chile
649,Ernesto Chaparro,17,,4 de enero de 1901,Chile
650,Arturo Coddou,17,,,Chile
651,Carlos Contreras,17,,7 de octubre de 1938,Chile
652,Pablo Contreras,17,1.78 m,11 de septiembre de 1978,Chile
653,Fernando Cornejo,17,,28 de enero de 1969,Chile
654,Marco Cornez,17,,15 de octubre de 1957,Chile
655,Roberto Cortes,17,,2 de febrero de 1905,Chile
656,Atilio Cremaschi,17,,8 de marzo de 1923,Chile
657,Humberto Cruz,56,,8 de diciembre de 1939,México
658,Guillermo Diaz,17,,29 de diciembre de 1930,Chile
659,Marcelo Díaz,17,1.68 m,30 de diciembre de 1986,Chile
660,Humberto Donoso,17,,9 de octubre de 1938,Chile
661,Rodolfo Dubo,17,,11 de septiembre de 1953,Chile
662,Humberto Elgueta,17,,,Chile
663,Enzo Escobar,17,,10 de noviembre de 1951,Chile
664,Misael Escuti,17,,20 de diciembre de 1926,Chile
665,Cesar Espinoza,56,,,México
666,Fabian Estay,17,,5 de octubre de 1968,Chile
667,Marco Estrada,19,1.74 m,28 de mayo de 1983,Colombia
668,Luis Eyzaguirre,17,,22 de junio de 1939,Chile
669,Arturo Farias,17,,1 de noviembre de 1927,Chile
670,Rogelio Farias,17,,13 de agosto de 1949,Chile
671,Matias Fernandez,17,1.76 m,15 de mayo de 1986,Chile
672,Gonzalo Fierro,17,1.71 m,21 de marzo de 1983,Chile
673,Elias Figueroa,17,,25 de octubre de 1946,Chile
674,Miguel Flores,17,,,Chile
675,Alberto Fouilloux,17,,22 de noviembre de 1940,Chile
676,Ismael Fuentes,63,1.81 m,4 de agosto de 1981,Perú
677,Ronald Fuentes,63,,22 de junio de 1969,Perú
678,José Fuenzalida,17,1.68 m,22 de febrero de 1985,Chile
679,Mario Galindo,17,,10 de agosto de 1951,Chile
680,Miguel Gamboa,17,,21 de junio de 1951,Chile
681,Rolando Garcia,56,,15 de diciembre de 1942,México
682,Lizardo Garrido,17,,25 de agosto de 1957,Chile
683,Adan Godoy,17,,26 de noviembre de 1936,Chile
684,Mark Gonzalez,17,1.75 m,10 de julio de 1984,Chile
685,Rafael Gonzalez,17,,24 de abril de 1950,Chile
686,Felipe Gutierrez,17,1.70 m,8 de octubre de 1990,Chile
687,Johnny Herrera,17,1.84 m,9 de mayo de 1981,Chile
688,Roberto Hodge,17,,30 de julio de 1944,Chile
689,Carlos Ibanez,17,,30 de noviembre de 1931,Chile
690,Raymundo Infante,6,,,Argentina
691,Mauricio Isla,17,1.77 m,12 de junio de 1988,Chile
692,Gonzalo Jara,17,1.77 m,29 de agosto de 1985,Chile
693,Honorino Landa,17,,1 de junio de 1942,Chile
694,Alfonso Lara,17,,27 de abril de 1946,Chile
695,Mario Lepe,17,,14 de abril de 1940,Chile
696,Juan Letelier,17,,20 de mayo de 1959,Chile
697,Sergio Livingstone,17,,26 de marzo de 1920,Chile
698,Juan Machuca,17,,7 de marzo de 1951,Chile
699,Manuel Machuca,17,,1 de enero de 1924,Chile
700,Ruben Marcos,17,,6 de diciembre de 1942,Chile
701,Javier Margas,17,,10 de mayo de 1969,Chile
703,Luis Mayanes,17,,15 de enero de 1925,Chile
704,Gary Medel,17,1.71 m,3 de agosto de 1987,Chile
705,Eugenio Mena,17,1.78 m,18 de julio de 1988,Chile
706,Rodrigo Millar,15,1.82 m,3 de noviembre de 1981,Canadá
707,Victor Morales,17,,10 de mayo de 1905,Chile
708,Mario Moreno,56,,31 de diciembre de 1935,México
709,Gustavo Moscoso,17,,10 de agosto de 1955,Chile
710,Horacio Munoz,56,,,México
711,Manuel Munoz,17,,28 de abril de 1928,Chile
712,Luis Musrri,17,,24 de diciembre de 1968,Chile
713,Braulio Musso,17,,24 de mayo de 1937,Chile
714,Sergio Navarro,17,,20 de noviembre de 1936,Chile
715,Adolfo Nef,17,,18 de enero de 1946,Chile
716,Manuel Neira,17,,12 de octubre de 1977,Chile
717,Miguel Neira,17,,9 de octubre de 1952,Chile
718,Tomas Ojeda,17,,20 de abril de 1910,Chile
719,Juan Olivares,17,,20 de febrero de 1941,Chile
720,Fabian Orellana,17,1.68 m,27 de enero de 1986,Chile
721,Raul Ormeno,17,,21 de junio de 1958,Chile
722,Mario Ortiz,17,,28 de enero de 1936,Chile
723,Mario Osben,17,,14 de julio de 1950,Chile
724,Guillermo Paez,17,,18 de abril de 1945,Chile
725,Esteban Paredes,17,1.79 m,1 de agosto de 1980,Chile
726,Nelson Parraguez,17,,5 de abril de 1971,Chile
727,Mauricio Pinilla,17,1.85 m,4 de febrero de 1984,Chile
728,Miguel Pinto,17,1.80 m,4 de julio de 1983,Chile
729,Ulises Poirier,17,,2 de febrero de 1897,Chile
730,Waldo Ponce,17,1.83 m,4 de diciembre de 1982,Chile
731,Andres Prieto,17,,19 de diciembre de 1928,Chile
732,Ignacio Prieto,17,,23 de septiembre de 1943,Chile
733,Alberto Quintano,17,,26 de abril de 1946,Chile
734,Rene Quitral,17,,,Chile
735,Jaime Ramirez,17,,14 de agosto de 1931,Chile
736,Marcelo Ramirez,17,,29 de mayo de 1965,Chile
737,Miguel Ramirez,17,,11 de junio de 1970,Chile
738,Orlando Ramirez,17,,7 de mayo de 1943,Chile
739,Carlos Reinoso,17,,7 de marzo de 1945,Chile
740,Pedro Reyes,56,,13 de noviembre de 1972,México
741,Fernando Riera,17,,27 de junio de 1920,Chile
742,Carlos Rivas,17,,24 de mayo de 1953,Chile
743,Guillermo Riveros,17,,10 de febrero de 1902,Chile
744,Jorge Robledo,17,,14 de abril de 1926,Chile
745,Juan Rodriguez,61,,16 de enero de 1944,Panamá
746,Manuel Rodriguez,17,,18 de enero de 1938,Chile
747,Carlos Rojas,17,,1 de enero de 1928,Chile
748,Eladio Rojas,17,,8 de noviembre de 1934,Chile
749,Francisco Rojas,17,,22 de julio de 1974,Chile
750,José Rojas,17,1.76 m,23 de junio de 1983,Chile
751,Manuel Rojas,6,,13 de junio de 1954,Argentina
752,Oscar Rojas,17,,15 de noviembre de 1958,Chile
753,Fernando Roldan,17,,1 de enero de 1921,Chile
754,Guillermo Saavedra,17,,5 de noviembre de 1903,Chile
755,Osvaldo Saez,17,,,Chile
756,Marcelo Salas,22,,24 de diciembre de 1974,Costa Rica
757,Alexis Sanchez,56,1.69 m,19 de diciembre de 1988,México
758,Leonel Sanchez,17,,25 de abril de 1936,Chile
759,Raul Sanchez,56,,26 de octubre de 1933,México
760,Carlos Schneeberger,17,,21 de junio de 1902,Chile
761,Jose Sierra,17,,5 de diciembre de 1968,Chile
762,Francisco Silva,17,1.78 m,11 de febrero de 1986,Chile
763,Jorge Socias,17,,6 de octubre de 1951,Chile
764,Mario Soto,17,,10 de julio de 1950,Chile
765,Humberto Suazo,17,1.71 m,10 de mayo de 1981,Chile
766,Guillermo Subiabre,17,,25 de febrero de 1903,Chile
767,Nelson Tapia,6,,22 de septiembre de 1966,Argentina
768,Carlos Tejas,17,,4 de octubre de 1974,Chile
769,Rodrigo Tello,17,1.71 m,14 de octubre de 1979,Chile
770,Armando Tobar,17,,7 de junio de 1938,Chile
771,Jorge Toro,17,,10 de enero de 1939,Chile
772,Arturo Torres,17,,20 de octubre de 1906,Chile
773,Casimiro Torres,17,,1 de enero de 1906,Chile
774,Cristopher Toselli,17,1.83 m,15 de junio de 1988,Chile
775,Francisco Urroz,17,,,Chile
776,Francisco Valdes,17,,19 de marzo de 1943,Chile
777,Sergio Valdes,17,,22 de junio de 1935,Chile
778,Jorge Valdivia,17,1.73 m,19 de octubre de 1983,Chile
779,Alberto Valentini,17,,25 de noviembre de 1938,Chile
780,Rene Valenzuela,17,,20 de abril de 1955,Chile
781,Leopoldo Vallejos,22,,16 de julio de 1944,Costa Rica
782,Eduardo Vargas,17,1.75 m,20 de noviembre de 1989,Chile
783,Marcelo Vega,17,,12 de agosto de 1971,Chile
784,Leonardo Veliz,17,,3 de septiembre de 1945,Chile
785,Arturo Vidal,80,1.78 m,22 de mayo de 1987,Uruguay
786,Carlos Vidal,17,,24 de febrero de 1902,Chile
787,Eberardo Villalobos,17,,1 de abril de 1908,Chile
788,Hugo Villanueva,63,,9 de abril de 1939,Perú
789,Moises Villarroel,17,,12 de febrero de 1976,Chile
790,Oscar Wirth,17,,5 de noviembre de 1955,Chile
791,Patricio Yanez,17,,20 de enero de 1961,Chile
792,Guillermo Yavar,17,,26 de marzo de 1943,Chile
793,Ivan Zamorano,17,,18 de enero de 1967,Chile
794,Marek Cech,32,1.81 m,26 de enero de 1983,Eslovaquia
795,Jan Durica,32,1.87 m,10 de diciembre de 1981,Eslovaquia
796,Marek Hamsik,32,1.84 m,27 de julio de 1987,Eslovaquia
797,Filip Holosko,32,1.86 m,17 de enero de 1984,Eslovaquia
798,Martin Jakubko,32,1.93 m,26 de febrero de 1980,Eslovaquia
799,Erik Jendrisek,32,1.76 m,26 de octubre de 1986,Eslovaquia
800,Kamil Kopunek,32,1.80 m,18 de mayo de 1984,Eslovaquia
801,Jan Kozak,32,1.92 m,22 de abril de 1980,Eslovaquia
802,Dusan Kuciak,32,1.95 m,21 de mayo de 1985,Eslovaquia
803,Juraj Kucka,32,1.86 m,26 de febrero de 1987,Eslovaquia
804,Jan Mucha,32,1.89 m,5 de diciembre de 1982,Eslovaquia
805,Peter Pekarik,32,1.76 m,30 de octubre de 1986,Eslovaquia
806,Dusan Pernis,32,1.90 m,28 de noviembre de 1984,Eslovaquia
807,Martin Petras,32,1.87 m,2 de noviembre de 1979,Eslovaquia
808,Kornel Salata,32,1.90 m,24 de enero de 1985,Eslovaquia
809,Marek Sapara,32,1.76 m,31 de julio de 1982,Eslovaquia
810,Stanislav Sestak,32,1.78 m,16 de diciembre de 1982,Eslovaquia
811,Martin Skrtel,32,1.88 m,15 de diciembre de 1984,Eslovaquia
812,Miroslav Stoch,32,1.68 m,19 de octubre de 1989,Eslovaquia
813,Zdenko Strba,32,1.87 m,9 de junio de 1976,Eslovaquia
814,Robert Vittek,32,1.88 m,1 de abril de 1982,Eslovaquia
815,Vladimir Weiss,32,1.76 m,30 de noviembre de 1989,Eslovaquia
816,Radoslav Zabavnik,32,1.80 m,16 de septiembre de 1980,Eslovaquia
817,Elmer Angel Acevedo,80,,24 de febrero de 1946,Uruguay
818,Mauricio Alfaro,22,,13 de febrero de 1956,Costa Rica
819,Ernesto Aparicio,29,,28 de diciembre de 1948,El Salvador
820,Silvio Aquino,29,,30 de junio de 1949,El Salvador
821,David Cabrera,80,,12 de septiembre de 1945,Uruguay
822,Mario Castillo,80,,30 de octubre de 1951,Uruguay
823,Guillermo Castro,29,,25 de junio de 1940,El Salvador
824,Miguel Diaz,61,,27 de enero de 1957,Panamá
825,Ramon Fagoaga,29,,12 de enero de 1952,El Salvador
826,Juan Gualberto Fernandez,29,,12 de julio de 1941,El Salvador
827,Salvador Flamenco Cabezas,29,,28 de febrero de 1947,El Salvador
828,Jorge Gonzalez,29,,13 de mayo de 1958,El Salvador
829,Luis Guevara Mora,51,,2 de septiembre de 1961,Italia
831,Julio Hernandez,29,,31 de enero de 1958,El Salvador
832,Jose Huezo,29,,6 de junio de 1956,El Salvador
833,Jose Jovel,29,,26 de mayo de 1951,El Salvador
834,Raul Magana,29,,24 de febrero de 1940,El Salvador
835,Mauricio Manzano,29,,30 de septiembre de 1943,El Salvador
836,Salvador Mariona,29,,16 de diciembre de 1943,El Salvador
837,Juan Martinez,56,,20 de abril de 1948,México
838,Sergio Mendez,29,,14 de febrero de 1942,El Salvador
839,Santiago Mendez Cortes,29,,19 de enero de 1945,El Salvador
840,Mario Monge,29,,27 de noviembre de 1938,El Salvador
841,Jose Munguia,29,,28 de octubre de 1959,El Salvador
842,Saturnino Osorio,29,,6 de enero de 1945,El Salvador
843,Francisco Osorto,29,,20 de marzo de 1957,El Salvador
844,Tomas Pineda,56,,1 de enero de 1939,México
845,Jaime Portillo,29,,18 de septiembre de 1947,El Salvador
846,Jose Quintanilla,29,,29 de octubre de 1947,El Salvador
847,Guillermo Ragazzone,29,,5 de enero de 1956,El Salvador
848,Luis Ramirez,29,,6 de enero de 1954,El Salvador
849,Carlos Recinos,29,,30 de junio de 1950,El Salvador
850,Jose Rivas,29,,12 de mayo de 1958,El Salvador
851,Roberto Rivas,29,,17 de julio de 1941,El Salvador
852,Jaime Rodriguez,61,,17 de enero de 1959,Panamá
853,Mauricio Rodriguez,29,,12 de septiembre de 1945,El Salvador
854,Jose Rugamas,29,,5 de junio de 1953,El Salvador
855,Genaro Sermeno,29,,28 de noviembre de 1948,El Salvador
856,Alfredo Vasquez,29,,23 de abril de 1945,El Salvador
857,Joaquin Ventura,29,,27 de octubre de 1956,El Salvador
858,Alberto Villalta,29,,19 de noviembre de 1947,El Salvador
859,Patrice Abanda,14,1.85 m,3 de agosto de 1978,Camerún
860,Theophile Abega,14,,9 de julio de 1954,Camerún
861,Vincent Aboubakar,14,1.76 m,22 de enero de 1992,Camerún
862,Hans Agbo,14,,26 de septiembre de 1967,Camerún
863,Nicolas Alnoudji,14,1.85 m,9 de diciembre de 1979,Camerún
864,William Andem,14,,14 de junio de 1968,Camerún
865,Didier Angibeaud,14,,8 de octubre de 1974,Camerún
866,Ibrahim Aoudou,14,,23 de agosto de 1955,Camerún
867,Benoit Assou-Ekotto,14,1.78 m,24 de marzo de 1984,Camerún
868,Paul Bahoken,14,,7 de julio de 1955,Camerún
869,Christian Bassogog,14,1.78 m,18 de octubre de 1995,Camerún
870,Sebastien Bassong,14,1.87 m,9 de julio de 1986,Camerún
871,Henri Bedimo,14,1.80 m,4 de junio de 1984,Camerún
872,Joseph-Antoine Bell,14,,8 de octubre de 1954,Camerún
873,Gaetan Bong,14,1.83 m,25 de abril de 1988,Camerún
874,Alioum Boukar,14,1.80 m,3 de enero de 1972,Camerún
875,Jean-Charles Castelletto,14,1.86 m,26 de enero de 1995,Camerún
876,Aurelien Chedjou,14,1.85 m,20 de junio de 1985,Camerún
877,Eric Maxim Choupo Moting,14,1.91 m,23 de marzo de 1989,Camerún
878,Eric Djemba Djemba,14,1.74 m,4 de mayo de 1981,Camerún
879,Cedric Djeugoue,14,1.84 m,28 de agosto de 1992,Camerún
880,Boneventure Djonkep,14,,20 de agosto de 1961,Camerún
881,Ernest Ebongue,14,,15 de mayo de 1962,Camerún
882,Enzo Ebosse,14,1.85 m,11 de marzo de 1999,Camerún
883,Bertin Ebwelle,14,,11 de septiembre de 1962,Camerún
884,Eugene Ekeke,14,,30 de mayo de 1960,Camerún
885,Samuel Ekeme,14,,12 de julio de 1966,Camerún
886,Joseph Elanga,14,,2 de mayo de 1979,Camerún
887,Achille Emana,14,1.80 m,5 de junio de 1982,Camerún
888,David Embe,14,,13 de noviembre de 1973,Camerún
889,Joseph Enanga,14,,18 de noviembre de 1956,Camerún
890,Eyong Enoh,14,1.80 m,23 de marzo de 1986,Camerún
891,Edmond Enoka,14,,17 de diciembre de 1955,Camerún
892,Joel Epalle,14,1.69 m,20 de febrero de 1978,Camerún
893,Devis Epassy,14,1.87 m,2 de febrero de 1993,Camerún
894,Samuel Eto'o,14,1.80 m,10 de marzo de 1981,Camerún
895,Alain Eyobo-Makongo,14,,17 de octubre de 1961,Camerún
896,Collins Faï,14,1.65 m,13 de agosto de 1992,Camerún
897,Loïc Feudjou,14,1.82 m,14 de abril de 1992,Camerún
898,Roger Feutmba,14,,31 de octubre de 1965,Camerún
899,Jean Pierre Fiala Fiala,67,,22 de abril de 1969,República Checa
900,Marc-Vivien Foe,14,1.94 m,1 de mayo de 1975,Camerún
901,Geremi,14,1.80 m,20 de diciembre de 1978,Camerún
902,Souleymanou Hamidou,14,1.87 m,22 de noviembre de 1973,Camerún
903,Martin Hongla,14,1.82 m,16 de marzo de 1998,Camerún
904,Mohamadou Idrissou,14,1.90 m,8 de marzo de 1980,Camerún
905,Samuel Ipoua,14,,1 de marzo de 1973,Camerún
906,Charles Itandje,14,1.93 m,2 de noviembre de 1982,Camerún
907,Joseph-Desire Job,14,1.80 m,1 de diciembre de 1977,Camerún
908,Michel Kaham,14,,1 de junio de 1952,Camerún
909,Raymond Kalla,14,1.92 m,22 de abril de 1975,Camerún
910,Idriss Kameni,14,1.85 m,18 de febrero de 1984,Camerún
911,Joseph Kamga,14,,17 de agosto de 1953,Camerún
912,Andre Kana-Biyik,14,,1 de septiembre de 1965,Camerún
913,Daniel Kome,14,1.72 m,19 de mayo de 1980,Camerún
914,Emmanuel Kunde,14,,15 de julio de 1956,Camerún
915,Pierre Kunde,14,1.80 m,26 de julio de 1995,Camerún
916,Lauren,14,1.80 m,19 de enero de 1977,Camerún
917,Thomas Libiih,14,,17 de noviembre de 1967,Camerún
918,Paul Loga,14,,14 de agosto de 1969,Camerún
919,Emmanuel Maboang,14,,27 de noviembre de 1968,Camerún
920,Marcel Mahouve,14,,16 de enero de 1973,Camerún
921,Cyrille Makanaky,14,,28 de junio de 1965,Camerún
922,Jean Makoun,14,1.70 m,29 de mayo de 1983,Camerún
923,Georges Mandjeck,14,1.81 m,9 de diciembre de 1988,Camerún
924,Souaïbou Marou,14,1.80 m,3 de diciembre de 2000,Camerún
925,Benjamin Massing,14,,20 de junio de 1962,Camerún
926,Joel Matip,14,1.94 m,8 de agosto de 1991,Camerún
927,Olivier Mbaizo,14,1.78 m,15 de agosto de 1997,Camerún
928,Bryan Mbeumo,14,1.73 m,7 de agosto de 1999,Camerún
929,Stephane Mbia,14,1.90 m,20 de mayo de 1986,Camerún
930,Gregoire Mbida,14,,27 de enero de 1952,Camerún
931,Ephrem Mbom,14,,18 de julio de 1954,Camerún
932,Patrick Mboma,14,1.85 m,15 de noviembre de 1970,Camerún
933,Emile Mbouh,14,,30 de mayo de 1966,Camerún
934,Lucien Mettomo,14,1.83 m,19 de abril de 1977,Camerún
935,Louis Mfede,14,,26 de febrero de 1961,Camerún
936,Roger Milla,14,,20 de mayo de 1952,Camerún
937,Benjamin Moukandjo,14,1.79 m,12 de noviembre de 1988,Camerún
938,Georges Mouyeme,14,,15 de abril de 1971,Camerún
939,Landry N'Guémo,14,1.72 m,28 de noviembre de 1985,Camerún
940,Pius Ndiefi,14,1.74 m,5 de julio de 1975,Camerún
941,Victor Ndip,14,,18 de agosto de 1967,Camerún
942,Rene Ndjeya,14,,9 de octubre de 1953,Camerún
943,Sammy Ndjock,14,1.90 m,25 de febrero de 1990,Camerún
944,Joseph Ndo,14,1.79 m,28 de abril de 1976,Camerún
945,Francois Ndoumbe Lea,14,,30 de enero de 1954,Camerún
946,Guy Ndy,14,1.85 m,28 de febrero de 1986,Camerún
947,Nicolas Ngamaleu,14,1.81 m,9 de julio de 1994,Camerún
948,Simon Ngapandouetnbu,14,1.86 m,12 de abril de 2003,Camerún
949,Jerome Ngom Mbekeli,14,1.74 m,30 de septiembre de 1998,Camerún
950,Jacques Nguea,14,,8 de noviembre de 1955,Camerún
951,Pierre Njanka,14,1.81 m,15 de marzo de 1975,Camerún
952,Thomas Nkono,14,,20 de julio de 1956,Camerún
953,Georges-Kévin Nkoudou,14,1.72 m,13 de febrero de 1995,Camerún
954,Nicolas Nkoulou,14,1.85 m,27 de marzo de 1990,Camerún
955,Dany Nounkeu,14,1.84 m,11 de abril de 1986,Camerún
956,Jean-Pierre Nsame,14,1.88 m,1 de mayo de 1993,Camerún
957,Olivier Ntcham,14,1.80 m,9 de febrero de 1996,Camerún
958,Nyom,14,1.93 m,10 de mayo de 1988,Camerún
959,Salomon Olembe,14,1.71 m,8 de diciembre de 1980,Camerún
960,Fabrice Olinga,14,1.72 m,12 de mayo de 1996,Camerún
961,Francois Omam-Biyik,14,,21 de mayo de 1966,Camerún
962,André Onana,13,1.90 m,2 de abril de 1996,Bélgica
963,Jean Onana,14,,13 de octubre de 1951,Camerún
964,Jules Denis Onana,14,,12 de junio de 1964,Camerún
965,Gaël Ondoua,14,1.85 m,4 de noviembre de 1995,Camerún
966,Samuel Oum Gouet,14,1.85 m,14 de diciembre de 1997,Camerún
967,Jean Claude Pagal,14,,15 de septiembre de 1964,Camerún
968,Michel Pensee,14,,16 de junio de 1973,Camerún
969,Edgar Salli,14,1.63 m,17 de agosto de 1992,Camerún
970,Augustine Simo,14,,18 de septiembre de 1978,Camerún
971,Alexandre Song,14,1.83 m,9 de septiembre de 1987,Camerún
972,Rigobert Song,14,1.85 m,1 de julio de 1976,Camerún
973,Jacques Songoo,14,1.82 m,17 de marzo de 1964,Camerún
974,Patrick Suffo,14,1.76 m,17 de enero de 1978,Camerún
975,Stephen Tataw,14,,31 de marzo de 1963,Camerún
976,Alphonse-Marie Tchami,14,,14 de febrero de 1971,Camerún
977,Bill Tchato,14,1.76 m,14 de mayo de 1975,Camerún
978,Simon Tchobang,14,,31 de agosto de 1951,Camerún
979,Karl Toko-Ekambi,14,1.83 m,14 de septiembre de 1992,Camerún
980,Jean-Pierre Tokoto,14,,26 de enero de 1948,Camerún
981,Nouhou Tolo,14,1.78 m,23 de junio de 1997,Camerún
982,Charles Toube,14,,22 de enero de 1958,Camerún
983,Pierre Webo,14,1.80 m,20 de enero de 1982,Camerún
984,Pierre Wome,14,1.78 m,26 de marzo de 1979,Camerún
985,Christopher Wooh,14,1.91 m,18 de septiembre de 2001,Camerún
986,Alphonse Yombi,14,,30 de junio de 1969,Camerún
987,André-Frank Zambo Anguissa,14,1.84 m,16 de noviembre de 1995,Camerún
988,Shraga Bar,50,,24 de marzo de 1948,Israel
989,Menachem Bello,50,,26 de diciembre de 1947,Israel
990,Eli Ben Rimoz,50,,1 de enero de 1947,Israel
991,George Borba,50,,12 de julio de 1944,Israel
992,Yehezkel Chazom,50,,1 de enero de 1947,Israel
993,Jehoshua Faigenbaum,50,,5 de diciembre de 1947,Israel
994,Yechiel Hameiri,50,,20 de agosto de 1949,Israel
995,David Karako,50,,11 de febrero de 1945,Israel
996,Yair Nossovsky,50,,29 de junio de 1937,Israel
997,David Primo,50,,5 de mayo de 1946,Israel
998,Moshe Romano,50,,6 de mayo de 1946,Israel
999,Zvi Rosen,50,,23 de junio de 1947,Israel
1000,Shmuel Rosenthal,50,,22 de abril de 1947,Israel
1001,Itzhak Schum,50,,1 de septiembre de 1948,Israel
1002,Yeshaiyahu Schwager,50,,10 de febrero de 1946,Israel
1003,Dani Shmulevich-Rom,50,,29 de noviembre de 1940,Israel
1004,Aharon Shuruk,50,,24 de febrero de 1946,Israel
1005,Giora Spiegel,50,,27 de julio de 1947,Israel
1006,Mordechai Spiegler,50,,19 de agosto de 1944,Israel
1007,Rahamim Talbi,50,,17 de mayo de 1943,Israel
1008,Johanan Vallach,50,,14 de mayo de 1945,Israel
1009,Itzhak Vissoker,50,,18 de septiembre de 1944,Israel
1010,Keita Baldé,70,1.84 m,8 de marzo de 1995,Senegal
1011,Fodé Ballo-Toure,70,1.82 m,3 de enero de 1997,Senegal
1012,Habib Beye,70,1.82 m,19 de octubre de 1977,Senegal
1013,Henri Camara,70,1.76 m,10 de mayo de 1977,Senegal
1014,Souleymane Camara,70,1.74 m,22 de diciembre de 1982,Senegal
1015,Pathé Ciss,70,1.86 m,16 de marzo de 1994,Senegal
1016,Aliou Cisse,70,1.80 m,24 de marzo de 1976,Senegal
1017,Pape Abdou Cissé,70,1.92 m,14 de septiembre de 1995,Senegal
1018,Kalidou Cissokho,70,1.71 m,14 de diciembre de 1972,Senegal
1019,Ferdinand Coly,70,1.79 m,10 de septiembre de 1973,Senegal
1020,Omar Daf,70,1.77 m,12 de febrero de 1977,Senegal
1021,Boulaye Dia,70,1.80 m,16 de noviembre de 1996,Senegal
1022,Abdou Diallo,70,1.87 m,4 de mayo de 1996,Senegal
1023,Abdoulaye Diallo,70,1.89 m,30 de marzo de 1992,Senegal
1024,Omar Diallo,70,1.87 m,28 de septiembre de 1972,Senegal
1025,Salif Diao,70,1.84 m,10 de febrero de 1977,Senegal
1026,Krépin Diatta,70,1.73 m,25 de febrero de 1999,Senegal
1027,Lamine Diatta,70,1.84 m,2 de julio de 1975,Senegal
1028,Famara Diéhiou,70,1.92 m,15 de diciembre de 1992,Senegal
1029,Bamba Dieng,70,1.78 m,23 de marzo de 2000,Senegal
1030,Seny Dieng,70,1.95 m,23 de noviembre de 1994,Senegal
1031,Bouba Diop,70,1.93 m,28 de enero de 1978,Senegal
1032,Papa Malick Diop,70,1.87 m,29 de diciembre de 1974,Senegal
1033,El Hadji Diouf,70,1.80 m,15 de enero de 1981,Senegal
1034,Mame Biram Diouf,70,1.85 m,19 de diciembre de 1987,Senegal
1035,Khalilou Fadiga,70,1.83 m,30 de diciembre de 1974,Senegal
1036,Amdy Faye,70,1.84 m,12 de marzo de 1977,Senegal
1037,Lamine Gassama,70,1.81 m,20 de octubre de 1989,Senegal
1038,Alfred Gomis,70,1.96 m,5 de septiembre de 1993,Senegal
1039,Idrissa Gana Gueye,70,1.74 m,26 de septiembre de 1989,Senegal
1040,Pape Gueye,70,1.89 m,24 de enero de 1999,Senegal
1041,Nicolas Jackson,70,1.86 m,20 de junio de 2001,Senegal
1042,Ismail Jakobs,1,1.84 m,17 de agosto de 1999,Alemania
1043,Moussa Konaté,70,1.83 m,3 de abril de 1993,Senegal
1044,Kalidou Koulibaly,70,1.95 m,20 de junio de 1991,Senegal
1045,Cheikhou Kouyaté,70,1.89 m,21 de diciembre de 1989,Senegal
1046,Mamadou Loum,70,1.93 m,30 de diciembre de 1996,Senegal
1047,Sadio Mané,70,1.74 m,10 de abril de 1992,Senegal
1048,Adama Mbengué,70,1.78 m,1 de diciembre de 1993,Senegal
1049,Kara Mbodji,70,1.92 m,11 de noviembre de 1989,Senegal
1050,Edouard Mendy,36,1.94 m,1 de marzo de 1992,Francia
1051,Formose Mendy,36,1.91 m,2 de enero de 2001,Francia
1052,Nampalys Mendy,36,1.67 m,23 de junio de 1992,Francia
1053,Alfred N'Diaye,70,1.87 m,6 de marzo de 1990,Senegal
1054,Badou N'Diaye,70,1.79 m,27 de octubre de 1990,Senegal
1055,Khadim N'Diaye,70,1.85 m,30 de noviembre de 1984,Senegal
1056,Moussa N'Diaye,70,1.78 m,18 de junio de 2002,Senegal
1057,Cheikh N'Doye,70,1.92 m,29 de marzo de 1986,Senegal
1058,Moustapha Name,70,1.83 m,5 de mayo de 1995,Senegal
1059,Iliman Ndiaye,70,1.80 m,6 de marzo de 2000,Senegal
1060,Makthar Ndiaye,70,1.75 m,31 de diciembre de 1981,Senegal
1061,Moussa Ndiaye,70,1.80 m,20 de febrero de 1979,Senegal
1062,Sylvain Ndiaye,70,1.78 m,25 de junio de 1976,Senegal
1063,Alassane Ndour,70,1.85 m,12 de diciembre de 1981,Senegal
1064,M'Baye Niang,70,1.84 m,19 de diciembre de 1994,Senegal
1065,Youssouf Sabaly,70,1.74 m,5 de marzo de 1993,Senegal
1066,Diafra Sakho,70,1.84 m,24 de diciembre de 1989,Senegal
1067,Salif Sané,70,1.94 m,25 de agosto de 1990,Senegal
1068,Ismaïla Sarr,70,1.75 m,25 de febrero de 1998,Senegal
1069,Pape Sarr,70,1.80 m,7 de diciembre de 1977,Senegal
1070,Pape Matar Sarr,70,1.85 m,14 de septiembre de 2002,Senegal
1071,Moussa Sow,74,1.80 m,19 de enero de 1986,Suiza
1072,Tony Sylva,70,1.85 m,17 de mayo de 1975,Senegal
1073,Pape Thiaw,70,1.83 m,5 de febrero de 1981,Senegal
1074,Amara Traore,70,1.86 m,25 de septiembre de 1965,Senegal
1075,Moussa Wagué,70,1.77 m,4 de octubre de 1998,Senegal
1076,Aljosa Asanovic,24,,14 de diciembre de 1965,Croacia
1077,Marko Babic,24,1.86 m,28 de enero de 1981,Croacia
1078,Milan Badelj,24,1.86 m,25 de febrero de 1989,Croacia
1079,Bosko Balaban,24,1.80 m,15 de octubre de 1978,Croacia
1080,Borna Barisic,24,1.86 m,10 de noviembre de 1992,Croacia
1081,Slaven Bilic,24,,11 de septiembre de 1968,Croacia
1082,Zvonimir Boban,24,,8 de octubre de 1968,Croacia
1084,Ivan Bosnjak,24,1.78 m,6 de febrero de 1979,Croacia
1085,Filip Bradarić,24,1.85 m,11 de enero de 1992,Croacia
1086,Marcelo Brozovic,24,1.81 m,16 de noviembre de 1992,Croacia
1087,Ante Budimir,24,1.90 m,22 de julio de 1991,Croacia
1088,Tomislav Butina,24,1.91 m,30 de marzo de 1974,Croacia
1089,Duje Ćaleta-Car,24,1.92 m,17 de septiembre de 1996,Croacia
1090,Vedran Corluka,24,1.93 m,5 de febrero de 1986,Croacia
1091,Joe Didulica,24,1.91 m,14 de octubre de 1977,Croacia
1093,Martin Erlic,24,1.92 m,24 de enero de 1998,Croacia
1094,Ivo Grbic,24,1.95 m,18 de enero de 1996,Croacia
1095,Josko Gvardiol,24,1.85 m,23 de enero de 2002,Croacia
1096,Ivica Ivusic,24,1.95 m,1 de febrero de 1995,Croacia
1097,Kristijan Jakic,24,1.81 m,24 de mayo de 1997,Croacia
1099,Tin Jedvaj,24,1.84 m,28 de noviembre de 1995,Croacia
1100,Nikica Jelavic,24,1.87 m,27 de agosto de 1985,Croacia
1101,Josip Juranovic,24,1.73 m,16 de agosto de 1995,Croacia
1102,Krunoslav Jurcic,24,,26 de noviembre de 1969,Croacia
1103,Goran Juric,7,,5 de febrero de 1963,Australia
1104,Lovre Kalinić,24,2.01 m,3 de abril de 1990,Croacia
1105,Nikola Kalinić,24,1.87 m,5 de enero de 1988,Croacia
1106,Ivan Klasnic,24,1.86 m,29 de enero de 1980,Croacia
1107,Niko Kovac,24,1.78 m,15 de octubre de 1971,Croacia
1108,Robert Kovac,24,1.82 m,6 de abril de 1974,Croacia
1109,Mateo Kovacic,24,1.77 m,6 de mayo de 1994,Croacia
1110,Ardian Kozniku,24,,27 de octubre de 1967,Croacia
1111,Andrej Kramarić,24,1.77 m,19 de junio de 1991,Croacia
1112,Niko Kranjcar,24,1.85 m,13 de agosto de 1984,Croacia
1113,Petar Krpan,24,,1 de julio de 1974,Croacia
1114,Drazen Ladic,24,,1 de enero de 1963,Croacia
1115,Ivan Leko,24,1.79 m,7 de febrero de 1978,Croacia
1116,Jerko Leko,24,1.86 m,9 de abril de 1980,Croacia
1117,Marko Livaja,24,1.82 m,26 de agosto de 1993,Croacia
1118,Dominik Livaković,24,1.88 m,9 de enero de 1995,Croacia
1119,Dejan Lovren,24,1.88 m,5 de julio de 1989,Croacia
1120,Lovro Majer,24,1.78 m,17 de enero de 1998,Croacia
1121,Zoran Mamic,24,,30 de septiembre de 1971,Croacia
1122,Mario Mandzukic,24,1.87 m,21 de mayo de 1986,Croacia
1123,Silvio Maric,24,,20 de marzo de 1975,Croacia
1124,Luka Modric,24,1.72 m,9 de septiembre de 1985,Croacia
1125,Marijan Mrmic,24,,6 de mayo de 1965,Croacia
1126,Ivica Olic,24,1.83 m,14 de septiembre de 1979,Croacia
1127,Mislav Orsic,24,1.79 m,29 de diciembre de 1992,Croacia
1128,Mario Pasalic,24,1.89 m,9 de febrero de 1995,Croacia
1129,Ivan Perisic,24,1.87 m,2 de febrero de 1989,Croacia
1130,Bruno Petkovic,24,1.93 m,16 de septiembre de 1994,Croacia
1131,Josip Pivarić,24,1.76 m,29 de enero de 1989,Croacia
1132,Marko Pjaca,24,1.86 m,6 de mayo de 1995,Croacia
1133,Stipe Pletikosa,24,1.93 m,8 de enero de 1979,Croacia
1134,Danijel Pranjic,24,1.72 m,2 de diciembre de 1981,Croacia
1136,Dado Prso,24,1.87 m,5 de noviembre de 1974,Croacia
1137,Ivan Rakitic,24,1.84 m,10 de marzo de 1988,Croacia
1138,Milan Rapaic,24,1.83 m,16 de agosto de 1973,Croacia
1139,Ante Rebic,24,1.85 m,21 de septiembre de 1993,Croacia
1140,Sammir,24,1.78 m,23 de abril de 1987,Croacia
1141,Daniel Saric,24,1.78 m,4 de agosto de 1972,Croacia
1142,Gordon Schildenfeld,24,1.91 m,18 de marzo de 1985,Croacia
1143,Anthony Seric,24,1.81 m,15 de enero de 1979,Croacia
1144,Dario Simic,24,1.80 m,12 de noviembre de 1975,Croacia
1145,Josip Simunic,24,1.95 m,18 de febrero de 1978,Croacia
1146,Zvonimir Soldo,24,1.89 m,2 de noviembre de 1967,Croacia
1147,Borna Sosa,80,1.87 m,21 de enero de 1998,Uruguay
1148,Darijo Srna,24,1.82 m,1 de mayo de 1982,Croacia
1149,Mario Stanic,24,1.87 m,10 de abril de 1972,Croacia
1150,Josip Stanisic,24,1.86 m,2 de abril de 2000,Croacia
1151,Igor Stimac,24,1.87 m,6 de septiembre de 1967,Croacia
1152,Ivan Strinić,24,1.86 m,17 de julio de 1987,Croacia
1153,Danijel Subasic,24,1.91 m,27 de octubre de 1984,Croacia
1154,Luka Sucic,24,1.85 m,8 de septiembre de 2002,Croacia
1156,Josip Sutalo,24,1.90 m,28 de febrero de 2000,Croacia
1157,Mario Tokic,24,1.80 m,23 de julio de 1975,Croacia
1158,Stjepan Tomas,24,1.86 m,6 de marzo de 1976,Croacia
1159,Igor Tudor,24,1.93 m,16 de abril de 1978,Croacia
1160,Vladimir Vasilj,24,1.88 m,6 de julio de 1975,Croacia
1161,Domagoj Vida,24,1.84 m,29 de abril de 1989,Croacia
1162,Goran Vlaovic,24,1.78 m,7 de agosto de 1972,Croacia
1163,Nikola Vlasic,24,1.78 m,4 de octubre de 1997,Croacia
1164,Jurica Vranjes,10,1.84 m,31 de enero de 1980,Bosnia-Herzegovina
1165,Sime Vrsaljko,24,1.83 m,10 de enero de 1992,Croacia
1166,Davor Vugrinec,24,1.79 m,24 de marzo de 1975,Croacia
1167,Ognjen Vukojevic,24,1.84 m,20 de diciembre de 1983,Croacia
1168,Oliver Zelenika,24,1.92 m,14 de mayo de 1993,Croacia
1169,Boris Zivkovic,71,1.82 m,15 de noviembre de 1975,Serbia
1170,Abdul-Rahim,45,,23 de mayo de 1963,Iraq
1171,Al Roubai Ghanim,30,,16 de agosto de 1961,Emiratos Arabes
1172,Ali Jamal,45,,2 de febrero de 1956,Iraq
1173,Bassel Gorgis,45,,6 de septiembre de 1961,Iraq
1174,Hammoudi Raad,45,,20 de abril de 1958,Iraq
1175,Hashem Natik,45,,15 de enero de 1960,Iraq
1176,Hussein Ali,45,,5 de mayo de 1961,Iraq
1177,Maad Ibrahim,45,,30 de junio de 1960,Iraq
1178,Insayaf Abdulfattah,45,,2 de febrero de 1951,Iraq
1179,Ahmed Jassim,45,,4 de mayo de 1960,Iraq
1180,Karim Mohamed,45,,1 de abril de 1960,Iraq
1181,Khalil Mohamed,45,,6 de septiembre de 1958,Iraq
1182,Mahmoud Shaker,45,,5 de mayo de 1960,Iraq
1183,Mohamed Haris,45,,3 de marzo de 1958,Iraq
1184,Mohamed Ismail,30,,17 de abril de 1962,Emiratos Arabes
1185,Obid Annad,45,,3 de agosto de 1955,Iraq
1186,Qassim Bassim,45,,22 de marzo de 1959,Iraq
1187,Ahmed Radhi,45,,21 de marzo de 1964,Iraq
1188,Saddam Karim,45,,26 de mayo de 1960,Iraq
1189,Said Hussein,45,,21 de enero de 1958,Iraq
1190,Shaker Nadhum,45,,13 de abril de 1958,Iraq
1191,Shaker Samir,45,,28 de febrero de 1958,Iraq
1192,Alan A'Court,44,,30 de septiembre de 1934,Inglaterra
1193,Tony Adams,44,,10 de octubre de 1966,Inglaterra
1194,Trent Alexander-Arnold,44,1.75 m,7 de octubre de 1998,Inglaterra
1195,Dele Alli,44,1.88 m,11 de abril de 1996,Inglaterra
1196,Stan Anderson,31,,27 de febrero de 1934,Escocia
1197,Viv Anderson,44,,29 de julio de 1956,Inglaterra
1198,Darren Anderton,44,1.87 m,3 de marzo de 1972,Inglaterra
1199,Jimmy Armfield,44,,21 de septiembre de 1935,Inglaterra
1200,Ken Armstrong,35,,3 de junio de 1924,Estados Unidos
1201,Jeff Astle,44,,13 de mayo de 1942,Inglaterra
1202,John Aston,36,,3 de septiembre de 1921,Francia
1203,Gary Bailey,44,,9 de agosto de 1958,Inglaterra
1204,Eddie Baily,44,,6 de agosto de 1925,Inglaterra
1205,Leighton Baines,44,1.70 m,11 de diciembre de 1984,Inglaterra
1206,Alan Ball,44,,12 de mayo de 1945,Inglaterra
1207,Gordon Banks,35,,30 de diciembre de 1937,Estados Unidos
1208,Tommy Banks,44,,10 de noviembre de 1929,Inglaterra
1209,Ross Barkley,44,1.88 m,5 de diciembre de 1993,Inglaterra
1210,John Barnes,44,,7 de noviembre de 1963,Inglaterra
1211,Gareth Barry,44,1.80 m,23 de febrero de 1981,Inglaterra
1212,David Batty,44,,2 de diciembre de 1968,Inglaterra
1213,Peter Beardsley,44,,18 de enero de 1961,Inglaterra
1214,Dave Beasant,44,,20 de marzo de 1959,Inglaterra
1215,David Beckham,44,1.83 m,2 de mayo de 1975,Inglaterra
1216,Colin Bell,44,,26 de febrero de 1946,Inglaterra
1217,Jude Bellingham,44,1.86 m,29 de junio de 2003,Inglaterra
1218,Roy Bentley,44,,17 de mayo de 1924,Inglaterra
1219,Peter Bonetti,44,,27 de septiembre de 1941,Inglaterra
1220,Peter Brabrook,44,,8 de noviembre de 1937,Inglaterra
1221,Wayne Bridge,15,1.77 m,5 de agosto de 1980,Canadá
1222,Peter Broadbent,44,,15 de mayo de 1933,Inglaterra
1223,Ivor Broadis,44,,18 de diciembre de 1922,Inglaterra
1224,Trevor Brooking,44,,2 de octubre de 1948,Inglaterra
1225,Wes Brown,44,1.85 m,13 de octubre de 1979,Inglaterra
1226,Steve Bull,44,,28 de marzo de 1965,Inglaterra
1227,Ted Burgin,44,,29 de abril de 1927,Inglaterra
1228,Terry Butcher,44,,28 de diciembre de 1958,Inglaterra
1229,Jack Butland,44,1.96 m,10 de marzo de 1993,Inglaterra
1230,Nicky Butt,44,1.79 m,21 de enero de 1975,Inglaterra
1231,Gerry Byrne,44,,29 de agosto de 1938,Inglaterra
1232,Roger Byrne,44,,8 de febrero de 1929,Inglaterra
1233,Gary Cahill,44,1.91 m,19 de diciembre de 1985,Inglaterra
1234,Ian Callaghan,44,,10 de abril de 1942,Inglaterra
1235,Sol Campbell,7,1.88 m,18 de septiembre de 1974,Australia
1236,Jamie Carragher,44,1.85 m,28 de enero de 1978,Inglaterra
1237,Michael Carrick,44,1.85 m,28 de julio de 1981,Inglaterra
1238,Scott Carson,44,1.90 m,3 de septiembre de 1985,Inglaterra
1239,Bobby Charlton,44,1.73 m,11 de octubre de 1937,Inglaterra
1240,Jack Charlton,44,,8 de mayo de 1935,Inglaterra
1241,Allenby Chilton,44,,16 de septiembre de 1918,Inglaterra
1242,Eddie Clamp,44,,14 de septiembre de 1934,Inglaterra
1243,Allan Clarke,44,,31 de julio de 1946,Inglaterra
1244,Ronald Clayton,44,,5 de agosto de 1934,Inglaterra
1245,Ray Clemence,44,,5 de agosto de 1948,Inglaterra
1246,Connor Coady,44,1.84 m,25 de febrero de 1993,Inglaterra
1247,Henry Cockburn,44,,14 de septiembre de 1921,Inglaterra
1248,George Cohen,44,,22 de octubre de 1939,Inglaterra
1249,Ashley Cole,44,1.73 m,20 de diciembre de 1980,Inglaterra
1250,Joe Cole,44,1.75 m,8 de noviembre de 1981,Inglaterra
1251,John Connelly,44,,18 de julio de 1938,Inglaterra
1252,Terry Cooper,44,,12 de julio de 1944,Inglaterra
1253,Steve Coppell,44,,9 de julio de 1955,Inglaterra
1254,Joe Corrigan,44,,18 de noviembre de 1948,Inglaterra
1255,Peter Crouch,44,2.01 m,30 de enero de 1981,Inglaterra
1256,Jermain Defoe,44,1.70 m,7 de octubre de 1982,Inglaterra
1257,Fabian Delph,44,1.74 m,21 de noviembre de 1989,Inglaterra
1258,Jimmy Dickinson,44,,24 de abril de 1925,Inglaterra
1259,Eric Dier,44,1.88 m,15 de enero de 1994,Inglaterra
1260,Eddie Ditchburn,44,,24 de octubre de 1921,Inglaterra
1261,Kerry Dixon,52,,24 de julio de 1961,Jamaica
1262,Tony Dorigo,44,,31 de diciembre de 1965,Inglaterra
1263,Bryan Douglas,44,,27 de mayo de 1934,Inglaterra
1264,Stewart Downing,44,1.82 m,22 de julio de 1984,Inglaterra
1265,Kieron Dyer,44,1.70 m,29 de diciembre de 1978,Inglaterra
1266,George Eastham,44,,23 de septiembre de 1936,Inglaterra
1267,Bill Eckersley,44,,16 de julio de 1925,Inglaterra
1268,Terry Fenwick,44,,17 de noviembre de 1959,Inglaterra
1269,Les Ferdinand,44,,18 de diciembre de 1966,Inglaterra
1270,Rio Ferdinand,44,1.88 m,7 de noviembre de 1978,Inglaterra
1271,Tom Finney,47,,5 de abril de 1922,Irlanda del Norte
1272,Ron Flowers,44,,28 de julio de 1934,Inglaterra
1273,Tim Flowers,44,,3 de febrero de 1967,Inglaterra
1274,Phil Foden,44,1.71 m,28 de mayo de 2000,Inglaterra
1275,Fraser Forster,44,2.01 m,17 de marzo de 1988,Inglaterra
1276,Ben Foster,44,1.93 m,3 de abril de 1983,Inglaterra
1277,Steve Foster,44,,24 de septiembre de 1957,Inglaterra
1278,Robbie Fowler,44,1.76 m,9 de abril de 1975,Inglaterra
1279,Trevor Francis,22,,19 de abril de 1954,Costa Rica
1280,Connor Gallagher,44,1.83 m,6 de febrero de 2000,Inglaterra
1281,Paul Gascoigne,44,,27 de mayo de 1967,Inglaterra
1282,Steven Gerrard,44,1.85 m,30 de mayo de 1980,Inglaterra
1283,Jack Grealish,44,1.75 m,10 de septiembre de 1995,Inglaterra
1284,Jimmy Greaves,44,,20 de febrero de 1940,Inglaterra
1285,Ken Green,44,,27 de abril de 1924,Inglaterra
1286,Robert Green,35,1.87 m,18 de enero de 1980,Estados Unidos
1287,Owen Hargreaves,44,1.80 m,20 de enero de 1981,Inglaterra
1288,Joe Hart,44,1.91 m,19 de abril de 1987,Inglaterra
1289,Mark Hateley,44,,7 de noviembre de 1961,Inglaterra
1290,John Haynes,44,,17 de octubre de 1934,Inglaterra
1291,Jordan Henderson,44,1.83 m,17 de junio de 1990,Inglaterra
1292,Emile Heskey,44,1.88 m,11 de enero de 1978,Inglaterra
1293,Gerry Hitchens,44,,8 de octubre de 1934,Inglaterra
1294,Glenn Hoddle,44,,27 de octubre de 1957,Inglaterra
1295,Steve Hodge,44,,25 de octubre de 1962,Inglaterra
1296,Alan Hodgkinson,44,,16 de agosto de 1936,Inglaterra
1297,Harry Hooper,44,,14 de junio de 1933,Inglaterra
1298,Eddie Hopkinson,44,,29 de octubre de 1935,Inglaterra
1299,Don Howe,44,,12 de octubre de 1935,Inglaterra
1300,Emlyn Hughes,44,,28 de agosto de 1947,Inglaterra
1301,Laurie Hughes,47,,2 de marzo de 1924,Irlanda del Norte
1302,Roger Hunt,44,,20 de julio de 1938,Inglaterra
1303,Norman Hunter,44,,29 de octubre de 1943,Inglaterra
1304,Geoff Hurst,44,,8 de diciembre de 1941,Inglaterra
1305,Paul Ince,44,,21 de octubre de 1967,Inglaterra
1306,Phil Jagielka,44,1.83 m,17 de agosto de 1982,Inglaterra
1307,David James,44,1.94 m,1 de agosto de 1970,Inglaterra
1308,Jermaine Jenas,44,1.80 m,18 de febrero de 1983,Inglaterra
1309,Bedford Jezzard,44,,19 de octubre de 1927,Inglaterra
1310,Glen Johnson,44,1.78 m,23 de agosto de 1984,Inglaterra
1311,Phil Jones,7,1.80 m,21 de febrero de 1992,Australia
1312,Harry Kane,44,1.88 m,28 de julio de 1993,Inglaterra
1313,Kevin Keegan,44,,14 de febrero de 1951,Inglaterra
1314,Martin Keown,44,1.86 m,24 de julio de 1966,Inglaterra
1315,Derek Kevan,44,,6 de marzo de 1935,Inglaterra
1316,Ledley King,44,1.88 m,12 de octubre de 1980,Inglaterra
1317,Brian Labone,44,,23 de enero de 1940,Inglaterra
1318,Adam Lallana,44,1.72 m,10 de mayo de 1988,Inglaterra
1319,Rickie Lambert,44,1.87 m,16 de febrero de 1982,Inglaterra
1320,Frank Lampard,44,1.83 m,20 de junio de 1978,Inglaterra
1321,Graeme Le Saux,44,,17 de octubre de 1968,Inglaterra
1322,Francis Lee,44,,29 de abril de 1944,Inglaterra
1323,Robert Lee,20,,1 de febrero de 1966,Corea del Norte
1324,Aaron Lennon,44,1.65 m,16 de abril de 1987,Inglaterra
1325,Gary Lineker,44,,30 de noviembre de 1960,Inglaterra
1326,Jesse Lingard,44,1.75 m,15 de diciembre de 1992,Inglaterra
1327,Nat Lofthouse,44,,27 de agosto de 1925,Inglaterra
1328,Ruben Loftus-Cheek,44,1.91 m,23 de enero de 1996,Inglaterra
1329,James Maddison,44,1.75 m,23 de noviembre de 1996,Inglaterra
1330,Harry Maguire,44,1.93 m,5 de marzo de 1993,Inglaterra
1331,Wilf Mannion,44,,16 de mayo de 1918,Inglaterra
1332,Paul Mariner,44,,22 de mayo de 1953,Inglaterra
1333,Alvin Martin,44,,29 de julio de 1958,Inglaterra
1334,Nigel Martyn,44,1.87 m,11 de agosto de 1966,Inglaterra
1335,Stanley Matthews,44,,1 de febrero de 1915,Inglaterra
1336,Colin Mc Donald,44,,15 de octubre de 1930,Inglaterra
1337,Terry Mcdermott,44,,8 de diciembre de 1951,Inglaterra
1338,Bill Mcgarry,44,,10 de junio de 1927,Inglaterra
1339,Steve Mcmahon,44,,20 de agosto de 1961,Inglaterra
1340,Steve Mcmanaman,44,1.84 m,11 de febrero de 1972,Inglaterra
1341,Gilbert Merrick,44,,26 de enero de 1922,Inglaterra
1342,Paul Merson,44,,20 de marzo de 1968,Inglaterra
1343,Jackie Milburn,44,,11 de mayo de 1924,Inglaterra
1344,Danny Mills,44,1.80 m,18 de mayo de 1977,Inglaterra
1345,Mick Mills,44,,4 de enero de 1949,Inglaterra
1346,James Milner,44,1.70 m,4 de enero de 1986,Inglaterra
1347,Bobby Moore,44,,12 de abril de 1941,Inglaterra
1348,Stan Mortensen,44,,26 de mayo de 1921,Inglaterra
1349,Mason Mount,44,1.80 m,10 de enero de 1999,Inglaterra
1350,Jimmy Mullen,44,,6 de enero de 1923,Inglaterra
1351,Alan Mullery,44,,23 de noviembre de 1941,Inglaterra
1352,Philip Neal,44,,20 de febrero de 1951,Inglaterra
1353,Gary Neville,44,1.80 m,18 de febrero de 1975,Inglaterra
1354,Keith Newton,44,,23 de junio de 1941,Inglaterra
1355,Bill Nicholson,44,,26 de enero de 1919,Inglaterra
1356,Maurice Norman,44,,8 de mayo de 1934,Inglaterra
1357,Peter Osgood,44,,20 de febrero de 1947,Inglaterra
1358,Michael Owen,44,1.72 m,14 de diciembre de 1979,Inglaterra
1359,Syd Owen,44,,28 de febrero de 1922,Inglaterra
1360,Alex Oxlade-Chamberlain,44,1.80 m,15 de agosto de 1993,Inglaterra
1361,Terry Paine,44,,23 de marzo de 1939,Inglaterra
1362,Paul Parker,44,,4 de abril de 1964,Inglaterra
1363,Alan Peacock,47,,29 de octubre de 1937,Irlanda del Norte
1364,Stuart Pearce,44,,24 de abril de 1962,Inglaterra
1365,Martin Peters,44,,8 de noviembre de 1943,Inglaterra
1366,Kalvin Phillips,44,1.78 m,2 de diciembre de 1995,Inglaterra
1367,Jordan Pickford,44,1.85 m,7 de marzo de 1994,Inglaterra
1368,David Platt,47,,10 de junio de 1966,Irlanda del Norte
1369,Nick Pope,44,1.91 m,19 de abril de 1992,Inglaterra
1370,Albert Quixall,44,,9 de agosto de 1933,Inglaterra
1371,Aaron Ramsdale,44,1.88 m,14 de mayo de 1998,Inglaterra
1372,Alf Ramsey,37,,22 de enero de 1920,Gales
1373,Marcus Rashford,44,1.80 m,31 de octubre de 1997,Inglaterra
1374,Peter Reid,44,,20 de junio de 1956,Inglaterra
1375,Declan Rice,44,1.88 m,14 de enero de 1999,Inglaterra
1376,Graham Rix,44,,23 de octubre de 1957,Inglaterra
1377,Paul Robinson,35,1.93 m,15 de octubre de 1979,Estados Unidos
1378,Bobby Robson,44,,18 de febrero de 1933,Inglaterra
1379,Bryan Robson,44,,11 de enero de 1957,Inglaterra
1380,Wayne Rooney,44,1.76 m,24 de octubre de 1985,Inglaterra
1381,Danny Rose,44,1.73 m,2 de julio de 1990,Inglaterra
1382,Bukayo Saka,44,1.78 m,5 de septiembre de 2001,Inglaterra
1383,Kenny Sansom,44,,26 de septiembre de 1958,Inglaterra
1384,Paul Scholes,44,1.70 m,16 de noviembre de 1974,Inglaterra
1385,Laurie Scott,44,,23 de abril de 1917,Inglaterra
1386,David Seaman,44,1.91 m,19 de septiembre de 1963,Inglaterra
1387,Maurice Setters,44,,16 de diciembre de 1936,Inglaterra
1388,Luke Shaw,44,1.85 m,12 de julio de 1995,Inglaterra
1389,Alan Shearer,44,,13 de agosto de 1970,Inglaterra
1390,Teddy Sheringham,44,1.83 m,2 de abril de 1966,Inglaterra
1391,Peter Shilton,44,,18 de septiembre de 1949,Inglaterra
1392,Peter Sillett,44,,1 de febrero de 1933,Inglaterra
1393,Trevor Sinclair,44,1.77 m,2 de marzo de 1973,Inglaterra
1394,William Slater,44,,29 de abril de 1927,Inglaterra
1395,Chris Smalling,44,1.96 m,22 de noviembre de 1989,Inglaterra
1396,Bobby Smith,44,,22 de febrero de 1933,Inglaterra
1397,Gareth Southgate,44,1.84 m,3 de septiembre de 1970,Inglaterra
1398,Ron Springett,44,,22 de julio de 1935,Inglaterra
1399,Ron Staniforth,44,,13 de abril de 1924,Inglaterra
1400,Alex Stepney,44,,18 de septiembre de 1942,Inglaterra
1401,Raheem Sterling,44,1.70 m,8 de diciembre de 1994,Inglaterra
1402,Trevor Steven,44,,21 de septiembre de 1963,Inglaterra
1403,Gary Stevens,44,,27 de marzo de 1963,Inglaterra
1404,Gary A. Stevens,44,,30 de marzo de 1962,Inglaterra
1405,Nobby Stiles,44,,18 de mayo de 1942,Inglaterra
1406,John Stones,44,1.88 m,28 de mayo de 1994,Inglaterra
1407,Daniel Sturridge,44,1.88 m,1 de septiembre de 1989,Inglaterra
1408,Peter Swan,44,,8 de octubre de 1936,Inglaterra
1409,Jim Taylor,60,,5 de noviembre de 1917,Paises Bajos
1410,Tommy Taylor,60,,29 de enero de 1932,Paises Bajos
1411,John Terry,44,1.87 m,7 de diciembre de 1980,Inglaterra
1412,Phil Thompson,44,,21 de enero de 1954,Inglaterra
1413,Kieran Trippier,44,1.78 m,19 de septiembre de 1990,Inglaterra
1414,Matt Upson,44,1.85 m,18 de abril de 1979,Inglaterra
1415,Jamie Vardy,44,1.79 m,11 de enero de 1997,Inglaterra
1416,Darius Vassell,44,1.70 m,13 de junio de 1980,Inglaterra
1417,Chris Waddle,44,,14 de diciembre de 1960,Inglaterra
1418,Theo Walcott,44,1.76 m,16 de marzo de 1989,Inglaterra
1419,Des Walker,44,,26 de noviembre de 1965,Inglaterra
1420,Kyle Walker,44,1.78 m,28 de mayo de 1990,Inglaterra
1421,Stephen Warnock,44,1.75 m,12 de diciembre de 1981,Inglaterra
1422,Willie Watson,44,,3 de marzo de 1920,Inglaterra
1423,Neil Webb,44,,30 de julio de 1963,Inglaterra
1424,Danny Welbeck,44,1.85 m,26 de noviembre de 1990,Inglaterra
1425,Ben White,44,1.86 m,8 de octubre de 1997,Inglaterra
1426,Ray Wilkins,44,,14 de septiembre de 1956,Inglaterra
1427,Bert Williams,7,,31 de enero de 1920,Australia
1428,Dennis Wilshaw,44,,11 de marzo de 1926,Inglaterra
1429,Jack Wilshere,44,1.72 m,1 de enero de 1992,Inglaterra
1430,Callum Wilson,44,1.80 m,27 de febrero de 1992,Inglaterra
1431,Ray Wilson,7,,17 de diciembre de 1934,Australia
1432,Peter Withe,44,,30 de agosto de 1951,Inglaterra
1433,Tony Woodcock,44,,6 de diciembre de 1955,Inglaterra
1434,Chris Woods,44,,14 de noviembre de 1959,Inglaterra
1435,Billy Wright,44,,6 de febrero de 1924,Inglaterra
1436,Mark Wright,44,,1 de agosto de 1963,Inglaterra
1437,Tommy Wright,44,,21 de octubre de 1944,Inglaterra
1438,Shaun Wright-Phillips,44,1.68 m,25 de octubre de 1981,Inglaterra
1439,Ashley Young,44,1.75 m,9 de julio de 1985,Inglaterra
1440,Salis Abdul Samed,38,1.79 m,26 de marzo de 2000,Ghana
1441,Afriyie Acquah,38,1.79 m,5 de enero de 1992,Ghana
1442,Stephen Adams,13,1.86 m,28 de septiembre de 1984,Bélgica
1443,Eric Addo,38,1.82 m,12 de noviembre de 1978,Ghana
1444,Otto Addo,38,1.88 m,9 de junio de 1975,Ghana
1445,Lee Addy,38,1.78 m,26 de septiembre de 1985,Ghana
1446,Dominic Adiyiah,38,1.70 m,29 de noviembre de 1989,Ghana
1447,Sammy Adjei,38,1.86 m,1 de septiembre de 1980,Ghana
1448,Albert Adomah,38,1.85 m,13 de diciembre de 1987,Ghana
1449,Harrison Afful,38,1.70 m,24 de junio de 1986,Ghana
1450,Daniel Afriyie,38,1.70 m,26 de junio de 2001,Ghana
1451,Daniel Agyei,38,1.86 m,10 de noviembre de 1989,Ghana
1452,Emmanuel Agyemang-Badu,38,1.73 m,2 de diciembre de 1990,Ghana
1453,Stephen Ahorlu,38,1.79 m,5 de septiembre de 1988,Ghana
1454,Joseph Aidoo,38,1.84 m,29 de septiembre de 1995,Ghana
1455,Daniel Amartey,38,1.86 m,21 de diciembre de 1994,Ghana
1456,Matthew Amoah,38,1.75 m,24 de octubre de 1980,Ghana
1457,Anthony Annan,38,1.71 m,21 de julio de 1986,Ghana
1458,Stephen Appiah,38,1.78 m,24 de diciembre de 1980,Ghana
1459,Kwadwo Asamoah,38,1.68 m,9 de diciembre de 1988,Ghana
1460,Lawrence Ati-Zigi,38,1.88 m,29 de noviembre de 1996,Ghana
1461,Christian Atsu,38,1.72 m,10 de enero de 1992,Ghana
1462,Andre Ayew,38,1.75 m,17 de diciembre de 1989,Ghana
1463,Ibrahim Ayew,38,1.76 m,16 de abril de 1988,Ghana
1464,Jordan Ayew,38,1.82 m,11 de septiembre de 1991,Ghana
1465,Derek Boateng,38,1.85 m,2 de mayo de 1983,Ghana
1466,Kevin Prince Boateng,38,1.82 m,6 de marzo de 1987,Ghana
1467,John Boye,38,1.84 m,23 de abril de 1987,Ghana
1468,Osman Bukari,38,1.70 m,13 de diciembre de 1998,Ghana
1469,Ibrahim Danlad,38,1.81 m,2 de diciembre de 2002,Ghana
1470,Fatau Dauda,38,1.80 m,6 de abril de 1985,Ghana
1471,Alexander Djiku,38,1.82 m,9 de agosto de 1994,Ghana
1472,Haminu Draman,38,1.73 m,1 de abril de 1986,Ghana
1473,Michael Essien,38,1.80 m,3 de diciembre de 1982,Ghana
1474,Asamoah Gyan,38,1.86 m,22 de noviembre de 1985,Ghana
1475,Samuel Inkoom,38,1.79 m,1 de junio de 1989,Ghana
1476,Ahmed Issah,38,1.85 m,24 de mayo de 1982,Ghana
1477,Abdul Fatawu Issahaku,38,1.77 m,8 de marzo de 2004,Ghana
1478,Richard Kingson,38,1.82 m,13 de junio de 1978,Ghana
1479,Mohammed Kudus,38,1.75 m,2 de agosto de 2000,Ghana
1480,Samuel Kuffour,38,1.78 m,3 de septiembre de 1976,Ghana
1481,Adam Kwarasey,38,1.90 m,12 de diciembre de 1987,Ghana
1482,Daniel-Kofi Kyereh,38,1.79 m,8 de marzo de 1996,Ghana
1483,Tariq Lamptey,38,1.70 m,30 de septiembre de 2000,Ghana
1484,Gideon Mensah,38,1.78 m,18 de julio de 1998,Ghana
1485,John Mensah,38,1.77 m,29 de noviembre de 1982,Ghana
1486,Jonathan Mensah,38,1.82 m,13 de julio de 1990,Ghana
1487,Habib Mohamed,38,1.78 m,10 de diciembre de 1983,Ghana
1488,Sulley Muntari,38,1.80 m,27 de agosto de 1984,Ghana
1489,Manaf Nurudeen,38,1.90 m,8 de febrero de 1999,Ghana
1490,Denis Odoi,38,1.78 m,27 de mayo de 1988,Ghana
1491,Daniel Opare,38,1.73 m,18 de octubre de 1990,Ghana
1492,George Owu,38,1.79 m,7 de julio de 1982,Ghana
1493,Elisha Owusu,38,1.82 m,7 de noviembre de 1997,Ghana
1494,Quincy Owusu-Abeyie,38,1.80 m,15 de abril de 1986,Ghana
1495,John Pantsil,38,1.78 m,15 de junio de 1981,Ghana
1496,Emmanuel Pappoe,38,1.77 m,3 de marzo de 1981,Ghana
1497,Thomas Partey,38,1.85 m,13 de junio de 1993,Ghana
1498,Razak Pimpong,38,1.73 m,30 de diciembre de 1982,Ghana
1499,Daniel Quaye,38,1.78 m,25 de diciembre de 1980,Ghana
1500,Mohammed Rabiu,38,1.88 m,31 de diciembre de 1989,Ghana
1501,Baba Rahman,38,1.80 m,2 de julio de 1994,Ghana
1502,Mohammed Salisu,38,1.91 m,17 de abril de 1999,Ghana
1503,Hans Sarpei,38,1.78 m,28 de junio de 1976,Ghana
1504,Alidu Seidu,38,1.73 m,4 de junio de 2000,Ghana
1505,Antoine Semenyo,38,1.72 m,7 de enero de 2000,Ghana
1506,Illiasu Shilla,38,1.88 m,26 de octubre de 1982,Ghana
1507,Kamal Sowah,38,1.79 m,9 de enero de 2000,Ghana
1508,Kamaldeen Sulemana,38,1.74 m,15 de febrero de 2002,Ghana
1509,Rashid Sumaila,38,1.82 m,18 de diciembre de 1992,Ghana
1510,Alex Tachie-Mensah,38,1.78 m,15 de febrero de 1977,Ghana
1511,Prince Tagoe,38,1.79 m,9 de noviembre de 1986,Ghana
1512,Isaac Vorsah,38,1.80 m,21 de junio de 1988,Ghana
1513,Mubarak Wakaso,38,1.71 m,25 de julio de 1990,Ghana
1514,Majeed Waris,38,1.72 m,19 de septiembre de 1991,Ghana
1515,Inaki Williams,38,1.86 m,15 de junio de 1994,Ghana
1516,Abel,11,,1 de septiembre de 1952,Brasil
1517,Acacio,11,,20 de enero de 1959,Brasil
1518,Adaozinho,11,,2 de abril de 1923,Brasil
1519,Ademir,11,,8 de noviembre de 1922,Brasil
1520,Ademir Da Guia,11,,3 de abril de 1942,Brasil
1521,Ado,11,,4 de julio de 1944,Brasil
1522,Adriano,11,1.89 m,17 de febrero de 1982,Brasil
1523,Afonsinho,11,,8 de marzo de 1914,Brasil
1524,Alcindo,11,,16 de diciembre de 1945,Brasil
1525,Aldair,11,,30 de noviembre de 1965,Brasil
1526,Alemao,11,,22 de noviembre de 1961,Brasil
1527,Alfredo,11,,18 de octubre de 1946,Brasil
1528,Alfredo Ii,34,,1 de enero de 1920,España
1529,Alfredo Ramos,11,,27 de octubre de 1924,Brasil
1530,Alisson,11,1.93 m,2 de octubre de 1992,Brasil
1532,Altair,11,,22 de enero de 1938,Brasil
1533,Dani Alves,11,1.72 m,6 de mayo de 1983,Brasil
1534,Amaral,11,,21 de diciembre de 1954,Brasil
1535,Amarildo,11,,29 de junio de 1939,Brasil
1536,Anderson Polga,11,1.82 m,9 de febrero de 1979,Brasil
1537,Andre Cruz,56,,20 de septiembre de 1968,México
1538,Antony,11,1.72 m,24 de febrero de 2000,Brasil
1539,Araken,11,,17 de julio de 1905,Brasil
1540,Argemiro,11,,3 de junio de 1915,Brasil
1541,Ariel,11,,22 de febrero de 1910,Brasil
1542,Armandinho,11,,6 de marzo de 1911,Brasil
1543,Attila,11,,16 de diciembre de 1910,Brasil
1544,Augusto,65,,22 de octubre de 1920,Portugal
1545,Baldochi,11,,14 de marzo de 1946,Brasil
1546,Baltazar,11,,14 de enero de 1926,Brasil
1547,Barbosa,65,,27 de marzo de 1921,Portugal
1548,Batatais,11,,20 de mayo de 1910,Brasil
1549,Batista,80,,8 de marzo de 1955,Uruguay
1550,Bauer,1,,21 de noviembre de 1925,Alemania
1551,Bebeto,11,,16 de febrero de 1964,Brasil
1552,Belletti,11,1.79 m,20 de junio de 1976,Brasil
1553,Bellini,11,,7 de junio de 1930,Brasil
1554,Benedicto,11,,10 de mayo de 1910,Brasil
1555,Benvenutto,11,,8 de agosto de 1903,Brasil
1556,Bernard,1,1.68 m,8 de septiembre de 1992,Alemania
1557,Bigode,11,,4 de abril de 1922,Brasil
1558,Bismarck,11,,17 de septiembre de 1969,Brasil
1559,Branco,11,,4 de abril de 1964,Brasil
1560,Brandao,11,,21 de abril de 1911,Brasil
1561,Brandaozinho,11,,9 de junio de 1925,Brasil
1562,Bremer,11,1.88 m,18 de marzo de 1997,Brasil
1563,Brilhante,11,,5 de noviembre de 1904,Brasil
1564,Brito,9,,9 de agosto de 1939,Bolivia
1565,Britto,11,,6 de mayo de 1914,Brasil
1566,Cabecao,11,,23 de agosto de 1930,Brasil
1567,Cafu,11,1.76 m,7 de junio de 1970,Brasil
1568,Canalli,11,,12 de marzo de 1907,Brasil
1569,Careca,11,,5 de octubre de 1960,Brasil
1570,Carlos,65,,4 de marzo de 1956,Portugal
1571,Carlos Alberto,11,,17 de julio de 1944,Brasil
1572,Carlos Germano,11,,14 de agosto de 1970,Brasil
1573,Carpegiani,11,,7 de febrero de 1949,Brasil
1574,Carvalho Leite,11,,25 de junio de 1912,Brasil
1575,Casagrande,11,,15 de abril de 1963,Brasil
1576,Casemiro,11,1.95 m,23 de febrero de 1992,Brasil
1577,Cassio,11,1.95 m,6 de julio de 1987,Brasil
1578,Castilho,11,,27 de noviembre de 1927,Brasil
1580,Cesar Sampaio,11,,31 de marzo de 1968,Brasil
1581,Chicao,11,,30 de enero de 1949,Brasil
1582,Chico,11,,7 de enero de 1923,Brasil
1583,Cicinho,11,1.72 m,24 de junio de 1980,Brasil
1584,Clodoaldo,11,,26 de septiembre de 1949,Brasil
1585,Coutinho,11,,11 de junio de 1943,Brasil
1586,Cris,11,1.83 m,3 de junio de 1977,Brasil
1587,Danilo,11,1.84 m,15 de julio de 1991,Brasil
1588,Danilo Alvim,11,,3 de diciembre de 1920,Brasil
1589,Dante,11,1.88 m,18 de octubre de 1983,Brasil
1590,Dario,11,,4 de marzo de 1946,Brasil
1591,David Luiz,11,1.89 m,22 de abril de 1987,Brasil
1592,De Sordi,11,,14 de febrero de 1931,Brasil
1593,Denilson,11,1.77 m,24 de agosto de 1977,Brasil
1594,Dequinha,11,,19 de marzo de 1928,Brasil
1595,Dida,11,1.95 m,7 de octubre de 1973,Brasil
1596,Didi,11,,8 de octubre de 1928,Brasil
1597,Dino Sani,11,,23 de mayo de 1932,Brasil
1598,Dirceu,11,,15 de junio de 1952,Brasil
1599,Djalma Santos,78,,27 de febrero de 1929,Túnez
1600,Doca,11,,7 de marzo de 1903,Brasil
1601,Domingos Da Guia,11,,19 de noviembre de 1912,Brasil
1602,Doni,51,1.94 m,22 de octubre de 1979,Italia
1603,Doriva,11,,28 de mayo de 1972,Brasil
1604,Douglas Costa,34,1.72 m,14 de septiembre de 1990,España
1605,Dunga,11,,31 de octubre de 1963,Brasil
1606,Eder,1,1.88 m,22 de diciembre de 1987,Alemania
1607,Ederson,11,1.88 m,17 de agosto de 1993,Brasil
1608,Edevaldo,11,,28 de enero de 1958,Brasil
1609,Edilson,11,1.68 m,17 de septiembre de 1970,Brasil
1610,Edinho,11,,5 de junio de 1955,Brasil
1611,Edivaldo,11,,13 de abril de 1962,Brasil
1612,Edmilson,11,1.86 m,10 de julio de 1976,Brasil
1613,Edmundo,11,,2 de abril de 1971,Brasil
1615,Edu,35,,6 de agosto de 1949,Estados Unidos
1616,Elano,11,1.74 m,14 de junio de 1981,Brasil
1617,Ely Do Amparo,11,,14 de mayo de 1921,Brasil
1618,Elzo,11,,22 de enero de 1961,Brasil
1619,Emerson,11,1.82 m,4 de abril de 1976,Brasil
1620,Everaldo,11,,11 de septiembre de 1944,Brasil
1621,Fabinho,11,1.88 m,23 de octubre de 1993,Brasil
1622,Fagner,11,1.68 m,11 de junio de 1989,Brasil
1623,Falcao,19,,16 de octubre de 1953,Colombia
1624,Fausto,11,,28 de enero de 1905,Brasil
1625,Felipe Melo,11,1.83 m,26 de junio de 1983,Brasil
1626,Felix,65,,24 de diciembre de 1937,Portugal
1627,Fernandinho,11,1.76 m,4 de mayo de 1985,Brasil
1628,Fernando Giudicelli,11,,1 de marzo de 1906,Brasil
1629,Fidelis,11,,13 de marzo de 1944,Brasil
1630,Filipe Luís,11,1.83 m,9 de agosto de 1985,Brasil
1631,Fontana,11,,31 de diciembre de 1940,Brasil
1632,Fortes,11,,9 de septiembre de 1901,Brasil
1633,Francisco Rodrigues,11,,27 de junio de 1925,Brasil
1634,Fred,11,1.69 m,5 de marzo de 1993,Brasil
1635,Friaca,11,,20 de octubre de 1924,Brasil
1636,Gabriel Jesus,11,1.75 m,3 de abril de 1997,Brasil
1637,Garrincha,11,1.69 m,28 de octubre de 1933,Brasil
1639,Pedro Geromel,11,1.90 m,21 de septiembre de 1985,Brasil
1640,Gerson,11,,11 de enero de 1941,Brasil
1641,Gil,11,,24 de diciembre de 1950,Brasil
1642,Gilberto Melo,11,1.80 m,25 de abril de 1976,Brasil
1643,Gilberto Silva,11,1.90 m,7 de octubre de 1976,Brasil
1644,Gilmar,11,,22 de agosto de 1930,Brasil
1645,Gilmar Rinaldi,11,,13 de enero de 1959,Brasil
1646,Giovanni,11,,4 de febrero de 1972,Brasil
1648,Goncalves,80,,22 de junio de 1966,Uruguay
1649,Grafite,11,1.89 m,2 de abril de 1979,Brasil
1650,Bruno Guimaraes,22,1.82 m,16 de noviembre de 1997,Costa Rica
1651,Henrique,11,1.85 m,14 de octubre de 1986,Brasil
1652,Hercules,11,,2 de julio de 1912,Brasil
1653,Hermogenes,11,,4 de noviembre de 1908,Brasil
1654,Hernanes,11,1.80 m,29 de mayo de 1985,Brasil
1655,Hulk,11,1.80 m,25 de julio de 1986,Brasil
1656,Humberto Tozzi,11,,4 de febrero de 1934,Brasil
1657,Indio,11,,1 de marzo de 1931,Brasil
1658,Italia,11,,22 de mayo de 1907,Brasil
1659,Ivan Mariz,11,,16 de mayo de 1910,Brasil
1660,Jair,11,,21 de marzo de 1921,Brasil
1661,Jair Da Costa,34,,9 de julio de 1940,España
1662,Jair Marinho,11,,17 de julio de 1936,Brasil
1663,Jairzinho,11,,25 de diciembre de 1944,Brasil
1664,Jau,11,,7 de diciembre de 1909,Brasil
1665,Jefferson,11,1.88 m,20 de enero de 1983,Brasil
1666,Jo,21,1.89 m,20 de marzo de 1987,Corea del Sur
1667,Joel,11,,23 de noviembre de 1931,Brasil
1668,Joel Camargo,11,,18 de septiembre de 1946,Brasil
1669,Jorge Mendonca,11,,6 de junio de 1954,Brasil
1670,Jorginho,11,,17 de agosto de 1964,Brasil
1671,Josimar,11,,19 de septiembre de 1961,Brasil
1672,Josue,11,1.69 m,19 de julio de 1979,Brasil
1673,Juan,11,1.82 m,1 de febrero de 1979,Brasil
1674,Julinho,11,,29 de julio de 1929,Brasil
1675,Julio Baptista,65,1.85 m,1 de octubre de 1981,Portugal
1676,Julio Cesar,11,1.86 m,3 de septiembre de 1979,Brasil
1677,Juninho,11,,29 de agosto de 1958,Brasil
1678,Juninho Paulista,11,1.65 m,22 de febrero de 1973,Brasil
1679,Juninho Pernambucano,11,1.78 m,30 de enero de 1975,Brasil
1680,Junior,11,1.73 m,20 de junio de 1973,Brasil
1681,Junior Baiano,11,,14 de marzo de 1970,Brasil
1682,Jurandir,11,,12 de noviembre de 1940,Brasil
1683,Juvenal,11,,27 de noviembre de 1923,Brasil
1684,Kaká,11,1.86 m,22 de abril de 1982,Brasil
1685,Kleberson,11,1.75 m,19 de junio de 1979,Brasil
1686,Leandro,11,,17 de marzo de 1959,Brasil
1687,Leao,65,,11 de julio de 1949,Portugal
1688,Leivinha,11,,11 de septiembre de 1949,Brasil
1689,Leonardo,11,,5 de septiembre de 1969,Brasil
1690,Leonidas,11,,6 de septiembre de 1913,Brasil
1691,Lima,11,,18 de enero de 1942,Brasil
1692,Lopes,65,,1 de noviembre de 1910,Portugal
1693,Lucio,11,1.88 m,8 de mayo de 1978,Brasil
1694,Luis Fabiano,11,1.86 m,8 de noviembre de 1980,Brasil
1695,Luis Pereira,11,,21 de junio de 1949,Brasil
1696,Luisao,11,1.93 m,13 de febrero de 1981,Brasil
1697,Luisinho,11,,29 de marzo de 1911,Brasil
1698,Luiz Gustavo,11,1.87 m,23 de julio de 1987,Brasil
1699,Luiz Luz,11,,29 de noviembre de 1909,Brasil
1700,Luizao,11,1.76 m,14 de noviembre de 1975,Brasil
1701,Luizinho,11,,22 de octubre de 1958,Brasil
1702,Machado,61,,1 de enero de 1909,Panamá
1703,Maicon,11,1.86 m,26 de julio de 1981,Brasil
1704,Maneca,11,,28 de enero de 1926,Brasil
1705,Manga,11,,26 de abril de 1937,Brasil
1706,Manoelzinho,11,,22 de agosto de 1907,Brasil
1707,Marcelo,11,1.74 m,12 de mayo de 1988,Brasil
1708,Marcio Santos,11,,15 de septiembre de 1969,Brasil
1709,Marco Antonio,11,,6 de febrero de 1951,Brasil
1710,Marcos,11,1.93 m,4 de agosto de 1973,Brasil
1711,Marinho Chagas,11,,8 de febrero de 1952,Brasil
1712,Marinho Peres,11,,19 de marzo de 1947,Brasil
1713,Marquinhos,11,1.83 m,14 de mayo de 1994,Brasil
1714,Martim,11,,2 de marzo de 1911,Brasil
1715,Gabriel Martinelli,11,1.78 m,18 de junio de 2001,Brasil
1716,Maurinho,11,,6 de junio de 1933,Brasil
1717,Mauro Galvao,11,,19 de diciembre de 1961,Brasil
1718,Mauro Ramos,56,,30 de agosto de 1930,México
1719,Mauro Silva,80,1.80 m,12 de enero de 1968,Uruguay
1720,Maxwell,11,1.76 m,27 de agosto de 1981,Brasil
1721,Mazinho,11,,8 de abril de 1966,Brasil
1722,Mengalvio,11,,17 de diciembre de 1939,Brasil
1723,Michel Bastos,11,1.79 m,2 de agosto de 1983,Brasil
1724,Eder Militao,11,1.86 m,18 de enero de 1998,Brasil
1725,Mineiro,11,1.69 m,2 de agosto de 1975,Brasil
1726,Miranda,62,1.86 m,7 de septiembre de 1984,Paraguay
1727,Mirandinha,11,,26 de febrero de 1952,Brasil
1728,Moacir,11,,18 de mayo de 1936,Brasil
1729,Moderato,11,,14 de julio de 1902,Brasil
1730,Mozer,11,,19 de septiembre de 1960,Brasil
1731,Muller,42,,31 de enero de 1966,Hungría
1732,Nariz,11,,8 de febrero de 1912,Brasil
1733,Nelinho,11,,26 de julio de 1950,Brasil
1734,Nena,11,,11 de julio de 1923,Brasil
1735,Neymar Jr.,11,1.75 m,5 de febrero de 1992,Brasil
1736,Niginho,11,,12 de febrero de 1912,Brasil
1737,Nilmar,11,1.80 m,14 de julio de 1984,Brasil
1738,Nilo,11,,3 de abril de 1903,Brasil
1739,Nilton Santos,78,,16 de mayo de 1925,Túnez
1740,Noronha,11,,25 de septiembre de 1918,Brasil
1741,Octacilio,11,,21 de noviembre de 1909,Brasil
1742,Oreco,11,,13 de junio de 1932,Brasil
1743,Orlando,11,,20 de septiembre de 1935,Brasil
1744,Oscar,11,1.80 m,9 de septiembre de 1991,Brasil
1745,Oscarino,11,,17 de enero de 1907,Brasil
1746,Pamplona,11,,24 de marzo de 1904,Brasil
1747,Lucas Paqueta,11,1.80 m,27 de agosto de 1997,Brasil
1748,Parana,11,,21 de marzo de 1942,Brasil
1749,Patesko,11,,12 de noviembre de 1910,Brasil
1750,Paulinho,11,1.80 m,25 de julio de 1988,Brasil
1751,Paulo Cesar,11,,16 de junio de 1949,Brasil
1752,Paulo Henrique,11,,5 de enero de 1943,Brasil
1753,Paulo Isidoro,11,,3 de agosto de 1953,Brasil
1754,Paulo Sergio,11,,2 de junio de 1969,Brasil
1755,Paulo Vitor,11,,7 de junio de 1957,Brasil
1756,Pedrinho,11,,22 de octubre de 1957,Brasil
1758,Pedrosa,11,,8 de julio de 1913,Brasil
1759,Pelé,11,1.73 m,23 de octubre de 1940,Brasil
1760,Pepe,51,1.87 m,26 de febrero de 1983,Italia
1761,Peracio,11,,2 de noviembre de 1917,Brasil
1762,Philippe Coutinho,11,1.72 m,12 de junio de 1992,Brasil
1763,Pinga,11,,11 de febrero de 1924,Brasil
1764,Pinheiro,11,,13 de enero de 1932,Brasil
1765,Polozzi,11,,1 de octubre de 1955,Brasil
1766,Poly,11,,26 de enero de 1909,Brasil
1767,Preguinho,11,,8 de febrero de 1905,Brasil
1768,Rai,11,,15 de mayo de 1965,Brasil
1769,Ramires,11,1.79 m,24 de marzo de 1987,Brasil
1770,Raphinha,11,1.76 m,14 de diciembre de 1996,Brasil
1771,Reinaldo,11,,11 de enero de 1957,Brasil
1772,Renato,11,,21 de febrero de 1957,Brasil
1773,Renato Augusto,11,1.86 m,8 de febrero de 1988,Brasil
1774,Renato Gaucho,11,,9 de septiembre de 1962,Brasil
1775,Everton Ribeiro,65,1.74 m,10 de abril de 1989,Portugal
1776,Ricardinho,11,1.76 m,23 de mayo de 1976,Brasil
1777,Ricardo Gomes,65,,13 de diciembre de 1964,Portugal
1778,Ricardo Rocha,80,,11 de septiembre de 1962,Uruguay
1779,Richarlison,11,1.84 m,10 de mayo de 1997,Brasil
1780,Rildo,11,,23 de enero de 1942,Brasil
1781,Rivaldo,11,1.86 m,19 de abril de 1972,Brasil
1782,Rivelino,11,,1 de enero de 1946,Brasil
1784,Roberto Carlos,11,1.68 m,10 de abril de 1973,Brasil
1785,Roberto Dinamite,11,,13 de abril de 1954,Brasil
1786,Roberto Firmino,11,1.80 m,2 de octubre de 1991,Brasil
1787,Robinho,11,1.75 m,25 de enero de 1984,Brasil
1788,Rodrigues Neto,65,,6 de diciembre de 1949,Portugal
1789,Rodrygo,11,1.74 m,9 de enero de 2001,Brasil
1790,Rogerio Ceni,11,1.88 m,22 de enero de 1973,Brasil
1791,Romario,11,1.69 m,29 de enero de 1966,Brasil
1792,Romeu,11,,26 de marzo de 1911,Brasil
1793,Ronaldao,11,,19 de junio de 1965,Brasil
1794,Ronaldinho,11,1.83 m,21 de marzo de 1980,Brasil
1795,Ronaldo,65,1.83 m,22 de septiembre de 1976,Portugal
1796,Roque Junior,11,1.86 m,31 de agosto de 1976,Brasil
1797,Rubens,11,,24 de noviembre de 1928,Brasil
1798,Russinho,11,,18 de diciembre de 1902,Brasil
1799,Ruy,11,,2 de febrero de 1922,Brasil
1800,Alex Sandro,11,1.80 m,26 de enero de 1991,Brasil
1801,Serginho,11,,23 de diciembre de 1953,Brasil
1802,Silas,11,,27 de agosto de 1965,Brasil
1803,Silva,80,,2 de enero de 1940,Uruguay
1804,Thiago Silva,11,1.83 m,22 de septiembre de 1984,Brasil
1805,Socrates,11,,19 de febrero de 1954,Brasil
1806,Sylvio Hoffmann,1,,11 de mayo de 1905,Alemania
1807,Taffarel,11,,8 de mayo de 1966,Brasil
1808,Taison,11,1.72 m,13 de enero de 1988,Brasil
1809,Alex Telles,11,1.81 m,15 de diciembre de 1992,Brasil
1810,Teophilo,11,,11 de abril de 1900,Brasil
1811,Tim,11,,20 de diciembre de 1905,Brasil
1812,Tinoco,11,,2 de diciembre de 1904,Brasil
1813,Tita,11,,1 de abril de 1958,Brasil
1814,Toninho,11,,7 de junio de 1948,Brasil
1815,Toninho Cerezo,11,,21 de abril de 1955,Brasil
1816,Tostao,11,,25 de enero de 1947,Brasil
1817,Valdo,11,,12 de enero de 1964,Brasil
1818,Valdomiro,11,,17 de febrero de 1946,Brasil
1819,Vampeta,11,1.82 m,13 de marzo de 1974,Brasil
1820,Vava,11,,12 de noviembre de 1934,Brasil
1821,Velloso,11,,25 de septiembre de 1908,Brasil
1822,Veludo,11,,7 de agosto de 1930,Brasil
1824,Vinicius Junior,11,1.76 m,12 de julio de 2000,Brasil
1825,Viola,51,,1 de enero de 1969,Italia
1826,Waldemar De Britto,11,,17 de mayo de 1913,Brasil
1827,Waldir Peres,65,,2 de enero de 1951,Portugal
1828,Waldyr,11,,21 de marzo de 1912,Brasil
1829,Walter Goulart,11,,17 de junio de 1912,Brasil
1830,Weverton,11,1.89 m,13 de diciembre de 1987,Brasil
1831,Willian,11,1.74 m,9 de agosto de 1988,Brasil
1832,Wilson Piazza,11,,25 de febrero de 1943,Brasil
1833,Zagallo,11,,9 de agosto de 1931,Brasil
1834,Ze Carlos,11,,7 de febrero de 1962,Brasil
1835,Ze Carlos Ii,11,,14 de noviembre de 1967,Brasil
1836,Ze Luis,11,,16 de noviembre de 1904,Brasil
1837,Ze Maria,11,,18 de mayo de 1949,Brasil
1838,Ze Roberto,11,1.72 m,6 de julio de 1974,Brasil
1839,Ze Sergio,34,,8 de marzo de 1957,España
1840,Zequinha,11,,18 de noviembre de 1934,Brasil
1841,Zetti,11,,10 de enero de 1965,Brasil
1842,Zeze Procopio,11,,12 de agosto de 1913,Brasil
1843,Zico,11,,3 de marzo de 1953,Brasil
1844,Zinho,11,,17 de junio de 1967,Brasil
1845,Zito,11,,8 de agosto de 1932,Brasil
1846,Zizinho,11,,14 de septiembre de 1921,Brasil
1847,Zozimo,11,,19 de junio de 1932,Brasil
1848,Stere Adamache,68,,17 de agosto de 1941,Rumania
1849,Gheorghe Albu,68,,18 de noviembre de 1909,Rumania
1850,Ioan Andone,68,,15 de marzo de 1960,Rumania
1851,Gavril Balint,68,,3 de enero de 1963,Rumania
1852,Iuliu Baratky,68,,14 de mayo de 1910,Rumania
1853,Stefan Barbu,68,,2 de marzo de 1908,Rumania
1854,Andrei Barbulescu,68,,25 de marzo de 1917,Rumania
1855,Miodrag Belodedici,68,,20 de mayo de 1964,Rumania
1856,Silviu Bindea,68,,24 de octubre de 1912,Rumania
1857,Iuliu Bodola,68,,26 de febrero de 1912,Rumania
1858,Ionica Bogdan,68,,6 de marzo de 1915,Rumania
1859,Coloman Braun-Bogdan,68,,13 de octubre de 1905,Rumania
1860,Rudolf Buerger,68,,31 de octubre de 1908,Rumania
1861,Rodion Camataru,68,,22 de junio de 1958,Rumania
1862,Iulian Chirita,68,,2 de febrero de 1967,Rumania
1863,Vasile Chiroiu,68,,13 de agosto de 1910,Rumania
1864,Liviu Ciobotariu,68,,26 de marzo de 1971,Rumania
1865,Gheorghe Ciolac,68,,10 de agosto de 1908,Rumania
1866,Dan Coe,68,,8 de septiembre de 1941,Rumania
1867,Vintila Cossini,68,,21 de noviembre de 1913,Rumania
1868,Gheorghe Craioveanu,68,,14 de febrero de 1968,Rumania
1869,Alexandru Cuedan,68,,26 de septiembre de 1910,Rumania
1870,Iosif Czako,68,,11 de junio de 1906,Rumania
1871,Mircea David,68,,16 de octubre de 1914,Rumania
1872,Vasile Deheleanu,68,,12 de agosto de 1910,Rumania
1873,Augustin Deleanu,68,,23 de agosto de 1944,Rumania
1874,Emerich Dembrovschi,68,,6 de octubre de 1945,Rumania
1875,Adalbert Desu,68,,24 de marzo de 1909,Rumania
1876,Cornel Dinu,68,,2 de agosto de 1948,Rumania
1877,Stefan Dobay,68,,26 de septiembre de 1909,Rumania
1878,Anton Dobos,68,,13 de octubre de 1965,Rumania
1879,Nicolae Dobrin,68,,26 de agosto de 1947,Rumania
1880,Flavius Domide,68,,11 de mayo de 1946,Rumania
1881,Christian Dulca,68,,25 de octubre de 1972,Rumania
1882,Florea Dumitrache,68,,22 de mayo de 1948,Rumania
1883,Ilie Dumitrescu,68,,6 de enero de 1969,Rumania
1884,Ion Dumitru,68,,2 de enero de 1950,Rumania
1885,Alfred Eisenbeisser,68,,7 de abril de 1908,Rumania
1886,Iacob Felecan,68,,1 de enero de 1914,Rumania
1887,Iulian Filipescu,68,,29 de marzo de 1974,Rumania
1888,Constantin Galca,68,,8 de marzo de 1972,Rumania
1889,Vasile Gherghely,68,,28 de octubre de 1941,Rumania
1890,Gheorghe Gornea,68,,2 de agosto de 1944,Rumania
1891,Gheorghe Hagi,68,,5 de febrero de 1965,Rumania
1892,Adrian Ilie,68,,22 de abril de 1974,Rumania
1893,Marian Ivan,68,,1 de junio de 1969,Rumania
1894,Mihai Ivancescu,68,,22 de marzo de 1942,Rumania
1895,Michael Klein,68,,10 de octubre de 1959,Rumania
1896,Rudolf Kotormany,68,,23 de enero de 1911,Rumania
1897,Nicolae Kovacs,42,,29 de diciembre de 1911,Hungría
1898,Marius Lacatus,68,,5 de abril de 1964,Rumania
1899,Ion Lapusneanu,68,,8 de diciembre de 1908,Rumania
1900,Gheorghe Liliac,68,,22 de abril de 1959,Rumania
1901,Mircea Lucescu,68,,29 de julio de 1945,Rumania
1902,Silviu Lung,68,,9 de septiembre de 1956,Rumania
1903,Ioan Lupescu,68,,9 de diciembre de 1968,Rumania
1904,Nicolae Lupescu,68,,17 de diciembre de 1940,Rumania
1905,Danut Lupu,68,,27 de febrero de 1967,Rumania
1906,Lucian Marinescu,68,,24 de junio de 1972,Rumania
1907,Dorin Mateut,68,,5 de agosto de 1965,Rumania
1908,Gheorghe Mihali,68,,9 de diciembre de 1965,Rumania
1909,Mihai Mocanu,68,,24 de febrero de 1942,Rumania
1910,Viorel Moldovan,68,,8 de agosto de 1972,Rumania
1911,Ioachim Moldoveanu,68,,1 de enero de 1913,Rumania
1912,Josif Moravetz,68,,14 de enero de 1911,Rumania
1913,Dorinel Munteanu,68,,25 de junio de 1968,Rumania
1914,Zsolt Muzsnai,68,,20 de junio de 1965,Rumania
1915,Joszef Nagy,68,,,Rumania
1916,Alexandru Neagu,68,,19 de julio de 1948,Rumania
1917,Radu Niculescu,68,,2 de marzo de 1975,Rumania
1918,Radu Nunweiller,68,,16 de noviembre de 1944,Rumania
1919,Nica Panduru,68,,11 de julio de 1970,Rumania
1920,Corneliu Papura,68,,5 de septiembre de 1973,Rumania
1921,Dumitru Pavlovici,68,,26 de abril de 1912,Rumania
1922,Niculae Pescaru,68,,27 de marzo de 1943,Rumania
1923,Dan Petrescu,68,,22 de diciembre de 1967,Rumania
1924,Adrian Popescu,68,,26 de julio de 1960,Rumania
1925,Gabriel Popescu,68,,25 de diciembre de 1973,Rumania
1926,Gheorghe Popescu,68,,9 de octubre de 1967,Rumania
1927,Iuliu Prassler,68,,1 de enero de 1916,Rumania
1928,Stefan Preda,68,,18 de junio de 1970,Rumania
1929,Daniel Prodan,68,,23 de marzo de 1972,Rumania
1930,Florin Prunea,68,,8 de agosto de 1968,Rumania
1931,Adalbert Pullock,68,,6 de abril de 1907,Rumania
1932,Necula Raducanu,68,,10 de mayo de 1946,Rumania
1933,Florin Raducioiu,68,,17 de marzo de 1970,Rumania
1934,Ladislau Raffinski,68,,23 de abril de 1905,Rumania
1935,Gheorghe Rasinaru,68,,10 de febrero de 1915,Rumania
1936,Mircea Rednic,68,,9 de abril de 1962,Rumania
1937,Corneliu Robe,68,,23 de mayo de 1908,Rumania
1938,Iosif Rotariu,68,,27 de septiembre de 1962,Rumania
1939,Ioan Sabau,68,,12 de febrero de 1968,Rumania
1940,Robert Sadowsky,68,,16 de agosto de 1914,Rumania
1941,Emil Sandoi,68,,1 de marzo de 1965,Rumania
1942,Ludovic Satmareanu,68,,21 de febrero de 1944,Rumania
1943,Tibor Selymes,68,,14 de mayo de 1970,Rumania
1944,Gratian Sepi,68,,30 de diciembre de 1910,Rumania
1945,Lazar Sfera,68,,29 de abril de 1909,Rumania
1946,Constantin Stanciu,68,,1 de enero de 1911,Rumania
1947,Ovidiu Stanga,68,,5 de diciembre de 1972,Rumania
1948,Dumitru Stangaciu,68,,9 de agosto de 1964,Rumania
1949,Adalbert Steiner,1,,24 de enero de 1907,Alemania
1950,Bogdan Stelea,68,,5 de diciembre de 1967,Rumania
1951,Ilile Subaseanu,68,,1 de enero de 1906,Rumania
1952,Gheorghe Tataru,68,,5 de mayo de 1948,Rumania
1953,Daniel Timofte,68,,1 de octubre de 1967,Rumania
1954,Marin Tufan,68,,14 de octubre de 1942,Rumania
1955,Ion Vladoiu,68,,5 de noviembre de 1968,Rumania
1956,Emerich Vogl,68,,12 de agosto de 1905,Rumania
1957,Rudolf Wetzer,68,,17 de marzo de 1901,Rumania
1958,Samuel Zauber,68,,1 de enero de 1901,Rumania
1959,William Zombory,68,,11 de enero de 1906,Rumania
1960,Johnny Acosta,35,1.76 m,21 de julio de 1983,Estados Unidos
1961,Brandon Aguilera,80,1.79 m,28 de junio de 2003,Uruguay
1962,Wardy Alfaro,22,1.80 m,31 de diciembre de 1977,Costa Rica
1963,Esteban Alvarado,22,1.93 m,28 de abril de 1989,Costa Rica
1964,Randall Azofeifa,22,1.82 m,30 de diciembre de 1984,Costa Rica
1965,Gabriel Badilla,22,1.81 m,30 de junio de 1984,Costa Rica
1966,Hermidio Barrantes,22,,2 de septiembre de 1964,Costa Rica
1967,Michael Barrantes,22,1.77 m,4 de octubre de 1983,Costa Rica
1968,Jewison Bennette,22,1.73 m,15 de junio de 2004,Costa Rica
1969,Kurt Bernard,22,1.85 m,8 de diciembre de 1977,Costa Rica
1970,Christian Bolaños,22,1.77 m,17 de mayo de 1984,Costa Rica
1971,Celso Borges,80,1.82 m,27 de mayo de 1988,Uruguay
1972,Randall Brenes,22,1.73 m,13 de agosto de 1983,Costa Rica
1973,Stevens Bryce,22,1.70 m,16 de agosto de 1977,Costa Rica
1974,Diego Calvo,22,1.75 m,25 de marzo de 1991,Costa Rica
1975,Francisco Calvo,22,1.80 m,8 de julio de 1992,Costa Rica
1976,Daniel Cambronero,22,1.80 m,8 de enero de 1986,Costa Rica
1977,Joel Campbell,22,1.78 m,26 de junio de 1992,Costa Rica
1978,Carlos Castro,56,1.72 m,10 de septiembre de 1979,México
1979,Juan Cayasso,22,,24 de junio de 1961,Costa Rica
1980,Walter Centeno,22,1.74 m,6 de octubre de 1974,Costa Rica
1981,Daniel Chacón,22,1.83 m,11 de abril de 2001,Costa Rica
1982,German Chavarria,22,,19 de marzo de 1958,Costa Rica
1983,Jose Chaves,22,,3 de septiembre de 1958,Costa Rica
1984,Pablo Chinchilla,22,1.86 m,21 de diciembre de 1978,Costa Rica
1985,Daniel Colindres,22,1.80 m,10 de enero de 1985,Costa Rica
1986,Gabelo Conejo,22,1.78 m,1 de enero de 1960,Costa Rica
1987,Anthony Contreras,22,1.80 m,29 de enero de 2000,Costa Rica
1988,Rodrigo Cordero,22,1.73 m,4 de diciembre de 1973,Costa Rica
1989,José Cubero,22,1.80 m,14 de febrero de 1987,Costa Rica
1990,Miguel Davis,22,,18 de junio de 1966,Costa Rica
1991,Júnior Díaz,22,1.85 m,12 de septiembre de 1983,Costa Rica
1992,Jervis Drummond,22,1.72 m,8 de septiembre de 1976,Costa Rica
1993,Óscar Duarte,22,1.86 m,3 de junio de 1989,Costa Rica
1994,Roger Flores,22,,26 de mayo de 1959,Costa Rica
1995,Danny Fonseca,22,1.79 m,7 de noviembre de 1979,Costa Rica
1996,Rolando Fonseca,22,1.78 m,6 de agosto de 1974,Costa Rica
1997,Waylon Francis,22,1.77 m,20 de septiembre de 1990,Costa Rica
1998,Keysher Fuller,22,1.83 m,12 de julio de 1994,Costa Rica
1999,Cristian Gamboa,22,1.73 m,24 de octubre de 1989,Costa Rica
2000,Roger Gomez,22,,7 de febrero de 1965,Costa Rica
2001,Ronald Gomez,61,1.83 m,24 de enero de 1975,Panamá
2002,Giancarlo Gonzalez,22,1.91 m,8 de febrero de 1988,Costa Rica
2003,Leonardo Gonzalez,22,1.86 m,21 de noviembre de 1980,Costa Rica
2004,Ronald Gonzalez,22,1.81 m,8 de agosto de 1970,Costa Rica
2005,Esteban Granados,22,1.83 m,25 de octubre de 1985,Costa Rica
2006,Alexandre Guimaraes,22,,7 de noviembre de 1959,Costa Rica
2007,Kenner Gutiérrez,22,1.79 m,9 de junio de 1989,Costa Rica
2008,David Guzmán,22,1.76 m,18 de febrero de 1990,Costa Rica
2009,Anthony Hernández,22,1.79 m,11 de octubre de 2001,Costa Rica
2010,Carlos Hernandez,56,1.70 m,9 de abril de 1982,México
2011,Jose Jaikel,22,,3 de abril de 1966,Costa Rica
2012,Claudio Jara,22,,6 de mayo de 1959,Costa Rica
2013,Geovanni Jara,22,1.75 m,20 de julio de 1969,Costa Rica
2014,Erick Lonnis,22,1.82 m,9 de septiembre de 1965,Costa Rica
2015,Douglas López,22,1.80 m,21 de septiembre de 1998,Costa Rica
2016,Wilmer Lopez,22,1.73 m,3 de agosto de 1971,Costa Rica
2017,Hector Marchena,22,,4 de enero de 1965,Costa Rica
2019,Ronald Marin,22,,2 de noviembre de 1962,Costa Rica
2020,Carlos Martínez,22,1.76 m,30 de marzo de 1999,Costa Rica
2021,Gilberto Martinez,22,1.74 m,1 de octubre de 1979,Costa Rica
2022,Rónald Matarrita,22,1.75 m,9 de julio de 1994,Costa Rica
2023,Hernan Medford,22,1.77 m,23 de mayo de 1968,Costa Rica
2024,Alvaro Mesen,22,1.80 m,24 de diciembre de 1972,Costa Rica
2025,Roy Miller,22,1.86 m,24 de noviembre de 1984,Costa Rica
2026,Mauricio Montero,80,,19 de octubre de 1963,Uruguay
2027,Leonel Moreira,22,1.80 m,4 de abril de 1990,Costa Rica
2028,Lester Morgan,22,1.82 m,2 de mayo de 1976,Costa Rica
2029,Roy Myers,22,,13 de abril de 1969,Costa Rica
2030,David Myrie,22,1.85 m,1 de junio de 1988,Costa Rica
2031,Keylor Navas,34,1.85 m,15 de diciembre de 1986,España
2032,Victor Nunez,56,1.78 m,15 de abril de 1980,México
2033,Marvin Obando,22,,4 de abril de 1960,Costa Rica
2034,Bryan Oviedo,6,1.72 m,18 de febrero de 1990,Argentina
2035,Winston Parks,22,1.82 m,12 de octubre de 1981,Costa Rica
2036,Patrick Pemberton,22,1.78 m,24 de abril de 1982,Costa Rica
2037,Jose Porras,22,1.84 m,8 de noviembre de 1970,Costa Rica
2038,Vladimir Quesada,22,,12 de mayo de 1966,Costa Rica
2039,Oscar Ramirez,22,1.64 m,8 de diciembre de 1964,Costa Rica
2040,Juan Jose Rodriguez,22,1.78 m,23 de junio de 1967,Costa Rica
2041,Michael Rodriguez,22,1.74 m,30 de diciembre de 1981,Costa Rica
2042,Bryan Ruiz,22,1.87 m,18 de agosto de 1985,Costa Rica
2043,Alvaro Saborio,22,1.83 m,25 de marzo de 1982,Costa Rica
2044,Youstin Salas,22,1.73 m,17 de junio de 1996,Costa Rica
2045,Miguel Segura,22,,2 de septiembre de 1963,Costa Rica
2046,Douglas Sequeira,22,1.86 m,23 de agosto de 1977,Costa Rica
2047,Patrick Sequeira,22,1.90 m,1 de marzo de 1999,Costa Rica
2048,Ian Smith,22,1.77 m,6 de marzo de 1998,Costa Rica
2049,Mauricio Solis,22,1.77 m,13 de diciembre de 1972,Costa Rica
2050,William Sun Sing,22,1.84 m,12 de mayo de 1977,Costa Rica
2051,Yeltsin Tejeda,22,1.79 m,17 de marzo de 1992,Costa Rica
2052,Gerson Torres,61,1.76 m,28 de agosto de 1997,Panamá
2053,Michael Umaña,22,1.83 m,16 de julio de 1982,Costa Rica
2054,Marco Ureña,22,1.79 m,5 de marzo de 1990,Costa Rica
2055,Daniel Vallejos,22,1.75 m,27 de mayo de 1981,Costa Rica
2056,Juan Pablo Vargas,74,1.92 m,6 de junio de 1995,Suiza
2057,Johan Venegas,22,1.83 m,27 de noviembre de 1988,Costa Rica
2058,Harold Wallace,22,1.75 m,7 de septiembre de 1975,Costa Rica
2059,Rodney Wallace,35,,17 de junio de 1988,Estados Unidos
2060,Paulo Wanchope,22,1.82 m,31 de julio de 1976,Costa Rica
2061,Kendall Waston,22,1.96 m,1 de enero de 1988,Costa Rica
2062,Roan Wilson,22,1.84 m,1 de mayo de 2002,Costa Rica
2063,Mauricio Wright,22,1.91 m,20 de diciembre de 1970,Costa Rica
2064,Álvaro Zamora,22,1.80 m,9 de marzo de 2002,Costa Rica
2065,Mohamed Abdel-Shafy,28,1.75 m,1 de julio de 1985,Egipto
2066,Gamal Abdelhamid,28,,24 de noviembre de 1957,Egipto
2067,Adel Abdelrahman,28,,11 de diciembre de 1967,Egipto
2068,Magdy Abedelghani,28,,27 de julio de 1959,Egipto
2069,Taher Abou Zeid,28,,1 de abril de 1962,Egipto
2070,Hassan Al Far,28,,1 de enero de 1913,Egipto
2071,Ayman Ashraf,28,1.75 m,9 de abril de 1991,Egipto
2072,Saber Eid,28,,1 de mayo de 1959,Egipto
2073,Sherif Ekramy,28,1.91 m,10 de julio de 1983,Egipto
2074,Thabet El Batal,28,,16 de septiembre de 1953,Egipto
2075,Ahmed El Kass,28,,8 de julio de 1965,Egipto
2076,Essam El-Hadary,28,1.88 m,15 de enero de 1973,Egipto
2077,Ali El-Said,28,,10 de abril de 1908,Egipto
2078,Mohamed El-Shenawy,28,1.91 m,18 de diciembre de 1988,Egipto
2079,El-Winsh,28,,1 de junio de 1995,Egipto
2080,Ahmed Elmohamady,28,1.82 m,9 de septiembre de 1987,Egipto
2081,Mohamed Elneny,28,1.80 m,11 de julio de 1992,Egipto
2082,Aziz Fahmy,28,,,Egipto
2083,Ahmed Fathy,28,1.75 m,10 de noviembre de 1984,Egipto
2084,Abdulrahman Fawzi,28,,11 de agosto de 1909,Egipto
2085,Omar Gaber,28,1.74 m,30 de enero de 1992,Egipto
2086,Ali Gabr,28,1.94 m,10 de enero de 1989,Egipto
2087,Ibrahim Halim,28,,10 de febrero de 1910,Egipto
2088,Tarek Hamed,28,1.65 m,24 de octubre de 1988,Egipto
2089,Hossam Hassan,16,1.72 m,10 de agosto de 1966,Catar
2090,Ibrahim Hassan,16,,10 de agosto de 1966,Catar
2091,Ahmed Hegazi,28,1.93 m,25 de enero de 1991,Egipto
2092,Mohamed Helmy,28,,13 de febrero de 1912,Egipto
2093,Mahmoud Kahraba,28,1.82 m,13 de abril de 1994,Egipto
2094,Hany Kamel,28,,,Egipto
2095,Mostafa Kamel Taha,28,,,Egipto
2096,Ashraf Kasem,28,,25 de julio de 1966,Egipto
2097,Hafez Kasseb,28,,,Egipto
2098,Mohamed Latif,28,,23 de octubre de 1909,Egipto
2099,Kamel Mansour,28,,2 de agosto de 1914,Egipto
2100,Kamel Masoud,28,,2 de agosto de 1914,Egipto
2101,Alaa Mayhoub,28,,9 de enero de 1962,Egipto
2102,Marwan Mohsen,28,1.87 m,26 de enero de 1989,Egipto
2103,Sam Morsy,28,1.75 m,10 de septiembre de 1991,Egipto
2104,Mahmoud Moukhtar,28,,23 de diciembre de 1907,Egipto
2105,Mahmoud Negro,28,,,Egipto
2106,Osama Oraby,28,,25 de enero de 1962,Egipto
2107,Ismail Rafa At,28,,1 de enero de 1908,Egipto
2108,Hassan Ragab,28,,1 de enero de 1909,Egipto
2109,Ahmed Ramzy,28,,25 de octubre de 1965,Egipto
2110,Hany Ramzy,28,,10 de marzo de 1969,Egipto
2111,Abdallah Said,55,1.75 m,13 de julio de 1985,Marruecos
2112,Mohamed Salah,28,1.75 m,15 de junio de 1992,Egipto
2113,Saad Samir,28,1.85 m,1 de abril de 1989,Egipto
2114,Abdel Sharli,28,,,Egipto
2115,Ayman Shawky,28,,9 de diciembre de 1962,Egipto
2116,Shikabala,28,1.83 m,5 de marzo de 1986,Egipto
2117,Ahmed Shoubeir,28,,28 de septiembre de 1961,Egipto
2118,Ramadan Sobhi,28,1.83 m,23 de enero de 1997,Egipto
2119,Tarek Soliman,28,,24 de enero de 1962,Egipto
2120,Ayman Taher,28,,7 de enero de 1966,Egipto
2121,Magdy Tolba,28,,24 de febrero de 1964,Egipto
2122,Trézéguet,28,1.79 m,1 de octubre de 1994,Egipto
2123,Amr Warda,28,1.76 m,17 de septiembre de 1993,Egipto
2124,Hesham Yakan,28,,10 de agosto de 1962,Egipto
2125,Rabie Yassin,28,,7 de septiembre de 1960,Egipto
2126,Ismail Youssef,28,,28 de junio de 1964,Egipto
2127,Eusebio Acasuzo,63,,8 de abril de 1952,Perú
2128,Luis Advíncula,63,1.77 m,2 de marzo de 1990,Perú
2129,Pedro Aquino,63,1.74 m,13 de abril de 1995,Perú
2130,Miguel Araujo,63,1.78 m,24 de octubre de 1994,Perú
2131,Oscar Arizaga,63,,20 de agosto de 1957,Perú
2132,Eduardo Astengo,63,,,Perú
2133,Geronimo Barbadillo,63,,24 de septiembre de 1952,Perú
2134,Julio Baylon,63,,10 de diciembre de 1947,Perú
2135,Carlos Cáceda,63,1.83 m,27 de septiembre de 1991,Perú
2136,Juan Caceres,63,,27 de diciembre de 1949,Perú
2137,Eloy Campos,56,,31 de mayo de 1942,México
2138,André Carrillo,63,1.81 m,14 de junio de 1991,Perú
2139,Wilder Cartagena,63,1.80 m,23 de septiembre de 1994,Perú
2140,José Carvallo,63,1.83 m,1 de marzo de 1986,Perú
2141,Roberto Challe,63,,24 de noviembre de 1946,Perú
2142,Hector Chumpitaz,63,,12 de abril de 1944,Perú
2143,Carlos Cilloniz,63,,1 de julio de 1910,Perú
2144,Ruben Correa,63,,25 de julio de 1941,Perú
2145,Aldo Corzo,63,1.72 m,20 de mayo de 1989,Perú
2146,Luis Cruzado,63,,6 de julio de 1941,Perú
2147,Teofilo Cubillas,63,,8 de marzo de 1949,Perú
2148,Cesar Cueto,63,,16 de junio de 1952,Perú
2149,Christian Cueva,63,1.69 m,23 de noviembre de 1991,Perú
2150,Orlando De La Torre,63,,21 de noviembre de 1943,Perú
2151,Mario De Las Casas,63,,12 de agosto de 1905,Perú
2152,Jose Del Castillo,80,,1 de enero de 1943,Uruguay
2153,Alberto Denegri,63,,,Perú
2154,Ruben Diaz,61,,17 de abril de 1952,Panamá
2155,Jaime Duarte,63,,27 de febrero de 1955,Perú
2156,Jefferson Farfán,63,1.78 m,26 de octubre de 1984,Perú
2157,Arturo Fernandez,56,,3 de febrero de 1910,México
2158,Jose Fernandez,63,,14 de febrero de 1939,Perú
2159,Edison Flores,63,1.67 m,14 de mayo de 1994,Perú
2160,Nicolas Fuentes,63,,20 de diciembre de 1941,Perú
2161,Placido Galindo,63,,9 de marzo de 1902,Perú
2162,Alberto Gallardo,63,,28 de noviembre de 1940,Perú
2163,Pedro Gallese,63,1.88 m,23 de abril de 1990,Perú
2164,Domingo Garcia,63,,1 de enero de 1904,Perú
2165,Hugo Gastulo,63,,9 de enero de 1958,Perú
2166,Jorge Gongora,63,,12 de octubre de 1906,Perú
2167,Javier Gonzales,63,,11 de mayo de 1939,Perú
2168,Pedro Gonzales,63,,19 de mayo de 1943,Perú
2169,Jose Gonzales Ganoza,63,,10 de julio de 1954,Perú
2170,Raul Gorriti,63,,10 de octubre de 1956,Perú
2171,Jesus Goyzueta,63,,1 de enero de 1947,Perú
2172,Paolo Guerrero,63,1.85 m,1 de enero de 1984,Perú
2174,Paolo Hurtado,63,1.77 m,27 de julio de 1990,Perú
2175,Guillermo La Rosa,63,,6 de junio de 1952,Perú
2176,Ernesto Labarthe,63,,2 de junio de 1956,Perú
2177,Jose Maria Lavalle,63,,5 de junio de 1911,Perú
2178,German Leguia,63,,2 de enero de 1954,Perú
2179,Pedro Leon,63,,26 de marzo de 1943,Perú
2180,Julio Lores,63,,15 de septiembre de 1908,Perú
2181,Nilson Loyola,63,1.75 m,26 de octubre de 1994,Perú
2182,Eduardo Malasquez,63,,13 de octubre de 1957,Perú
2183,Rodolfo Manzo,56,,5 de junio de 1949,México
2184,Antonio Maquilon,63,,29 de noviembre de 1902,Perú
2185,Ramon Mifflin,63,,5 de abril de 1947,Perú
2186,Roberto Mosquera,63,,21 de junio de 1956,Perú
2187,Juan Munante,63,,12 de julio de 1948,Perú
2188,Franco Navarro,63,,10 de noviembre de 1961,Perú
2190,Demetrio Neyra,63,,15 de diciembre de 1908,Perú
2191,Lizardo Nue Rodriguez,63,,30 de agosto de 1910,Perú
2192,Juan Carlos Oblitas,63,,16 de febrero de 1951,Perú
2193,Jorge Olaechea,63,,27 de agosto de 1956,Perú
2194,Pablo Pacheco,63,,,Perú
2195,Jorge Pardon,63,,4 de marzo de 1905,Perú
2196,Andy Polo,63,1.75 m,29 de septiembre de 1994,Perú
2197,Alfredo Quesada,63,,22 de septiembre de 1949,Perú
2198,Julio Quintana,63,,1 de enero de 1904,Perú
2199,Ramon Quiroga,63,,23 de julio de 1950,Perú
2200,Osvaldo Ramirez,63,,28 de marzo de 1947,Perú
2201,Christian Ramos,63,1.82 m,4 de noviembre de 1988,Perú
2202,Eladio Reyes,63,,8 de enero de 1948,Perú
2203,Luis Reyna,63,,6 de mayo de 1959,Perú
2204,Alberto Rodríguez,63,1.83 m,31 de marzo de 1984,Perú
2205,Percy Rojas,63,1.76 m,16 de septiembre de 1949,Perú
2206,Roberto Rojas,63,,26 de octubre de 1955,Perú
2207,Luis Rubinos,63,,31 de diciembre de 1940,Perú
2208,Raúl Ruidíaz,63,1.67 m,25 de julio de 1990,Perú
2209,Rafael Salguero,63,,10 de agosto de 1951,Perú
2210,Felix Salinas,63,,11 de mayo de 1939,Perú
2211,Anderson Santamaría,80,1.84 m,10 de enero de 1992,Uruguay
2212,Jorge Sarmiento,63,,2 de noviembre de 1900,Perú
2213,Ottorino Sartor,63,,18 de septiembre de 1945,Perú
2214,Alberto Soria,63,,24 de enero de 1900,Perú
2215,Hugo Sotil,63,,18 de mayo de 1946,Perú
2216,Luis Souza,63,,6 de octubre de 1908,Perú
2217,Renato Tapia,6,1.82 m,28 de julio de 1995,Argentina
2218,Miguel Trauco,63,1.70 m,27 de agosto de 1992,Perú
2219,Julio Cesar Uribe,63,,9 de mayo de 1958,Perú
2220,Juan Valdivieso,63,,6 de mayo de 1910,Perú
2221,Juan Alfonso Valle,63,,1 de enero de 1905,Perú
2222,Jose Velasquez,63,,4 de junio de 1952,Perú
2223,Alejandro Villanueva,63,,4 de junio de 1908,Perú
2224,Yoshimar Yotún,63,1.71 m,7 de abril de 1990,Perú
2225,Gerry Armstrong,35,,23 de mayo de 1954,Estados Unidos
2226,Billy Bingham,47,,5 de agosto de 1931,Irlanda del Norte
2227,Danny Blanchflower,47,,10 de febrero de 1926,Irlanda del Norte
2228,Noel Brotherston,47,,18 de noviembre de 1956,Irlanda del Norte
2229,Bobby Campbell,7,,13 de septiembre de 1956,Australia
2230,David Campbell,47,,2 de junio de 1965,Irlanda del Norte
2231,Tommy Casey,47,,11 de marzo de 1930,Irlanda del Norte
2232,Tommy Cassidy,47,,18 de noviembre de 1950,Irlanda del Norte
2233,Mark Caughey,47,,27 de agosto de 1960,Irlanda del Norte
2234,Sammy Chapman,47,,16 de febrero de 1938,Irlanda del Norte
2235,Colin Clarke,47,,30 de octubre de 1962,Irlanda del Norte
2236,Jim Cleary,47,,27 de mayo de 1956,Irlanda del Norte
2237,Fay Coyle,31,,1 de abril de 1924,Escocia
2238,Willie Cunningham,46,,20 de febrero de 1930,Irlanda
2239,Wilbur Cush,47,,10 de junio de 1928,Irlanda del Norte
2240,Mal Donaghy,47,,13 de septiembre de 1957,Irlanda del Norte
2241,Derek Dougan,47,,20 de enero de 1938,Irlanda del Norte
2242,George Dunlop,47,,16 de enero de 1956,Irlanda del Norte
2243,Thomas Finney,47,,6 de noviembre de 1952,Irlanda del Norte
2244,Len Graham,47,,17 de octubre de 1925,Irlanda del Norte
2245,Harry Gregg,47,,25 de octubre de 1932,Irlanda del Norte
2246,Tommy Hamill,47,,,Irlanda del Norte
2247,Billy Hamilton,47,,9 de mayo de 1957,Irlanda del Norte
2248,Felix Healey,47,,27 de septiembre de 1955,Irlanda del Norte
2249,Philip Hughes,47,,19 de noviembre de 1964,Irlanda del Norte
2250,John Jameson,47,,11 de marzo de 1958,Irlanda del Norte
2251,Pat Jennings,47,,12 de junio de 1945,Irlanda del Norte
2252,Dick Keith,47,,15 de mayo de 1933,Irlanda del Norte
2253,John Mcclelland,47,,7 de diciembre de 1955,Irlanda del Norte
2254,David Mccreery,47,,16 de septiembre de 1957,Irlanda del Norte
2255,Sammy Mccrory,47,,,Irlanda del Norte
2256,Alan Mcdonald,47,,12 de octubre de 1963,Irlanda del Norte
2257,Jimmy Mcilroy,47,,25 de octubre de 1931,Irlanda del Norte
2258,Sam Mcilroy,47,,2 de agosto de 1954,Irlanda del Norte
2259,Alfred Mcmichael,47,,1 de octubre de 1927,Irlanda del Norte
2260,Bernard Mcnally,47,,17 de febrero de 1963,Irlanda del Norte
2261,Peter Mcparland,47,,25 de abril de 1934,Irlanda del Norte
2262,Sammy Nelson,65,,1 de abril de 1949,Portugal
2263,Chris Nicholl,47,,12 de octubre de 1946,Irlanda del Norte
2264,Jimmy Nicholl,47,,28 de diciembre de 1956,Irlanda del Norte
2265,John O'Neill,80,,11 de marzo de 1958,Uruguay
2266,Martin O'Neill,47,,1 de marzo de 1952,Irlanda del Norte
2267,Bertie Peacock,47,,29 de septiembre de 1928,Irlanda del Norte
2268,Steven Penney,47,,16 de enero de 1964,Irlanda del Norte
2269,Jim Platt,47,,26 de enero de 1952,Irlanda del Norte
2270,James Quinn,47,,18 de noviembre de 1959,Irlanda del Norte
2271,Paul Ramsey,37,,3 de septiembre de 1962,Gales
2272,Roy Rea,47,,1 de enero de 1933,Irlanda del Norte
2273,Jackie Scott,47,,22 de diciembre de 1933,Irlanda del Norte
2274,Billy Simpson,52,,12 de diciembre de 1929,Jamaica
2275,Ian Stewart,47,,10 de septiembre de 1961,Irlanda del Norte
2276,Bobby Trainor,47,,,Irlanda del Norte
2277,Norman Uprichard,47,,20 de abril de 1928,Irlanda del Norte
2278,Norman Whiteside,47,,7 de mayo de 1965,Irlanda del Norte
2279,Nigel Worthington,47,,4 de noviembre de 1961,Irlanda del Norte
2280,John Aird,31,,18 de febrero de 1926,Escocia
2281,Roy Aitken,31,,24 de noviembre de 1958,Escocia
2282,Arthur Albiston,31,,14 de julio de 1957,Escocia
2283,John Anderson,31,,8 de diciembre de 1929,Escocia
2284,Steve Archibald,31,,27 de septiembre de 1956,Escocia
2285,Sammy Baird,31,,13 de mayo de 1930,Escocia
2286,Eamonn Bannon,31,,18 de abril de 1958,Escocia
2287,Jim Bett,31,,25 de noviembre de 1959,Escocia
2288,Jimmy Binning,31,,25 de julio de 1927,Escocia
2289,John Blackley,31,,12 de mayo de 1948,Escocia
2290,Jimmy Blyth,31,,2 de febrero de 1955,Escocia
2291,Scott Booth,72,,16 de diciembre de 1971,Sudáfrica
2292,Tom Boyd,52,,24 de noviembre de 1965,Jamaica
2293,Alan Brazil,31,,15 de junio de 1959,Escocia
2294,Billy Bremner,31,,9 de diciembre de 1942,Escocia
2295,Allan Brown,56,,12 de octubre de 1926,México
2296,Bill Brown,31,,8 de octubre de 1931,Escocia
2297,Martin Buchan,31,,6 de marzo de 1949,Escocia
2298,Craig Burley,31,,24 de septiembre de 1971,Escocia
2299,George Burley,31,,3 de junio de 1956,Escocia
2300,Kenny Burns,35,,23 de septiembre de 1953,Estados Unidos
2301,Colin Calderwood,31,,20 de enero de 1965,Escocia
2302,Eric Caldow,31,,14 de mayo de 1934,Escocia
2303,Bobby Clark,31,,26 de septiembre de 1945,Escocia
2304,Bobby Collins,31,,16 de febrero de 1931,Escocia
2305,John Collins,31,,31 de enero de 1968,Escocia
2306,Bobby Combe,31,,29 de febrero de 1924,Escocia
2307,David Cooper,61,,25 de febrero de 1956,Panamá
2308,Ernie Copland,31,,,Escocia
2309,Peter Cormack,31,,17 de julio de 1946,Escocia
2310,Doug Cowie,31,,1 de mayo de 1926,Escocia
2311,John Coyle,31,,28 de septiembre de 1932,Escocia
2313,Christian Dailly,31,,23 de octubre de 1973,Escocia
2314,Kenny Dalglish,31,,4 de marzo de 1951,Escocia
2315,Jimmy Davidson,7,,8 de noviembre de 1925,Australia
2316,Tommy Docherty,31,,24 de abril de 1928,Escocia
2317,Willie Donachie,31,,5 de octubre de 1951,Escocia
2318,Simon Donnelly,31,,1 de diciembre de 1974,Escocia
2319,Gordon Durie,31,,6 de diciembre de 1965,Escocia
2320,Matt Elliott,31,,1 de noviembre de 1968,Escocia
2321,Allan Evans,31,,12 de octubre de 1956,Escocia
2322,Bobby Evans,72,,16 de julio de 1927,Sudáfrica
2323,Willie Fernie,31,,22 de noviembre de 1928,Escocia
2324,Robert Fleck,31,,11 de agosto de 1965,Escocia
2325,Donald Ford,31,,25 de octubre de 1944,Escocia
2326,Tom Forsyth,31,,23 de enero de 1949,Escocia
2327,Kevin Gallacher,31,,23 de noviembre de 1966,Escocia
2328,Archie Gemmill,31,,24 de marzo de 1947,Escocia
2329,Scot Gemmill,31,,2 de enero de 1971,Escocia
2330,Gary Gillespie,31,,5 de julio de 1960,Escocia
2331,Andy Goram,31,,13 de abril de 1964,Escocia
2332,Richard Gough,31,,5 de abril de 1962,Escocia
2333,Jonathan Gould,31,,18 de julio de 1968,Escocia
2334,Frank Gray,31,,27 de octubre de 1954,Escocia
2335,Bryan Gunn,31,,22 de diciembre de 1963,Escocia
2336,Harry Haddock,31,,26 de julio de 1925,Escocia
2337,George Hamilton,31,,7 de diciembre de 1917,Escocia
2338,Alan Hansen,31,,13 de junio de 1955,Escocia
2339,Joe Harper,31,,11 de enero de 1948,Escocia
2340,Asa Hartford,31,,24 de octubre de 1950,Escocia
2341,David Harvey,31,,7 de febrero de 1948,Escocia
2342,Davie Hay,31,,29 de enero de 1948,Escocia
2343,Jackie Henderson,31,,17 de enero de 1932,Escocia
2344,Colin Hendry,31,,7 de diciembre de 1965,Escocia
2345,John Hewie,31,,12 de diciembre de 1928,Escocia
2346,James Holton,31,,11 de abril de 1951,Escocia
2347,Tommy Hutchinson,31,,22 de septiembre de 1947,Escocia
2348,Stuart Imlach,31,,6 de enero de 1932,Escocia
2349,Darren Jackson,31,,25 de julio de 1966,Escocia
2350,Sandy Jardine,31,,31 de diciembre de 1948,Escocia
2351,Mo Johnston,31,,13 de abril de 1963,Escocia
2352,Willie Johnston,31,,19 de diciembre de 1946,Escocia
2353,Derek Johnstone,31,,4 de noviembre de 1953,Escocia
2354,Jimmy Johnstone,31,,30 de septiembre de 1944,Escocia
2355,Robert Johnstone,31,,7 de septiembre de 1929,Escocia
2356,Joe Jordan,31,,15 de diciembre de 1951,Escocia
2357,Stuart Kennedy,31,,31 de mayo de 1953,Escocia
2358,Paul Lambert,31,,7 de agosto de 1969,Escocia
2359,Denis Law,31,,24 de febrero de 1940,Escocia
2360,Graham Leggatt,31,,20 de junio de 1934,Escocia
2361,Jim Leighton,31,,24 de julio de 1958,Escocia
2362,Craig Levein,31,,22 de octubre de 1964,Escocia
2363,Peter Lorimer,31,,14 de diciembre de 1946,Escocia
2364,Lou Macari,31,,7 de junio de 1949,Escocia
2365,Dave Mackay,31,,14 de noviembre de 1934,Escocia
2366,John Mackenzie,31,,4 de septiembre de 1925,Escocia
2367,Maurice Malpas,31,,3 de agosto de 1962,Escocia
2368,Fred Martin,31,,13 de mayo de 1929,Escocia
2369,Don Masson,31,,26 de agosto de 1946,Escocia
2370,Davie Mathers,31,,23 de octubre de 1931,Escocia
2371,Gary Mcallister,31,,25 de diciembre de 1964,Escocia
2372,Frank Mcavennie,31,,22 de noviembre de 1959,Escocia
2373,Stuart Mccall,31,,10 de junio de 1964,Escocia
2374,Alistair Mccoist,31,,24 de septiembre de 1962,Escocia
2375,Ian Mccoll,31,,7 de junio de 1927,Escocia
2376,Danny Mcgrain,31,,1 de mayo de 1950,Escocia
2377,Alan Mcinally,31,,10 de febrero de 1963,Escocia
2378,Stewart Mckimmie,31,,27 de octubre de 1962,Escocia
2379,Billy Mckinlay,31,,22 de abril de 1969,Escocia
2380,Tosh Mckinlay,31,,3 de diciembre de 1964,Escocia
2381,Alex Mcleish,31,,21 de enero de 1959,Escocia
2382,Murdo Mcleod,31,,24 de septiembre de 1958,Escocia
2383,Ian Mcmillan,31,,18 de marzo de 1931,Escocia
2384,Jackie Mcnamara,31,,24 de octubre de 1973,Escocia
2385,David Mcpherson,31,,28 de enero de 1964,Escocia
2386,Gordon Mcqueen,31,,26 de junio de 1952,Escocia
2387,Paul Mcstay,31,,22 de octubre de 1964,Escocia
2388,Willie Miller,31,,2 de mayo de 1955,Escocia
2389,Neil Mochan,31,,6 de abril de 1927,Escocia
2390,Willie Morgan,31,,2 de octubre de 1944,Escocia
2391,Jackie Mudie,31,,10 de abril de 1930,Escocia
2392,Jimmy Murray,31,,4 de febrero de 1933,Escocia
2393,David Narey,31,,12 de junio de 1956,Escocia
2394,Charlie Nicholas,31,,30 de diciembre de 1961,Escocia
2395,Stephen Nicol,31,,11 de diciembre de 1961,Escocia
2396,Willie Ormond,31,,23 de febrero de 1927,Escocia
2397,Alex Parker,31,,2 de agosto de 1935,Escocia
2398,David Provan,31,,8 de mayo de 1956,Escocia
2399,Bruce Rioch,31,,6 de septiembre de 1947,Escocia
2400,Archie Robertson,31,,15 de septiembre de 1929,Escocia
2401,John Robertson,31,,20 de enero de 1953,Escocia
2402,Alan Rough,31,,25 de noviembre de 1951,Escocia
2403,Erich Schaedler,31,,6 de agosto de 1949,Escocia
2404,Alex Scott,31,,22 de noviembre de 1937,Escocia
2405,Graeme Sharp,31,,16 de octubre de 1960,Escocia
2406,Graeme Souness,31,,6 de mayo de 1953,Escocia
2407,Jim Stewart,31,,9 de marzo de 1954,Escocia
2408,Gordon Strachan,31,,9 de febrero de 1957,Escocia
2409,Paul Sturrock,31,,10 de octubre de 1956,Escocia
2410,Neil Sullivan,31,,24 de febrero de 1970,Escocia
2411,Allan Thomson,31,,5 de octubre de 1946,Escocia
2412,Eddie Turnbull,31,,12 de abril de 1923,Escocia
2413,John Wark,31,,4 de agosto de 1957,Escocia
2414,David Weir,31,,10 de mayo de 1970,Escocia
2415,Derek Whyte,31,,31 de agosto de 1968,Escocia
2416,Alex Wilson,31,,29 de octubre de 1933,Escocia
2417,George Wood,31,,26 de septiembre de 1952,Escocia
2418,Tommy Younger,31,,10 de abril de 1930,Escocia
2419,Juan Alonso,25,,1 de enero de 1911,Cuba
2420,Joaquin Arias,25,,12 de noviembre de 1914,Cuba
2421,Juan Ayra,25,,1 de enero de 1911,Cuba
2422,Jacinto Barquin,25,,3 de septiembre de 1915,Cuba
2423,Pedro Berges,25,,1 de enero de 1906,Cuba
2424,Benito Carvajales,25,,1 de enero de 1913,Cuba
2425,Manuel Chorens,25,,22 de enero de 1916,Cuba
2426,Tomas Fernandez,25,,1 de enero de 1915,Cuba
2427,Pedro Ferrer,25,,1 de enero de 1908,Cuba
2428,Jose Magrina,25,,20 de marzo de 1912,Cuba
2429,Carlos Oliveira,25,,,Cuba
2430,Jose Rodriguez,25,,,Cuba
2431,Hector Socorro,25,,26 de junio de 1912,Cuba
2432,Mario Sosa,25,,1 de enero de 1910,Cuba
2433,Juan Tunas,25,,1 de enero de 1913,Cuba
2434,Fritz Andre,3,,18 de septiembre de 1946,Angola
2435,Eddy Antoine,40,,27 de agosto de 1949,Haití
2436,Arsene Auguste,40,,3 de febrero de 1951,Haití
2437,Jean-Hubert Austin,40,,23 de febrero de 1950,Haití
2438,Claude Barthelemy,40,,9 de mayo de 1945,Haití
2439,Pierre Bayonne,40,,11 de junio de 1949,Haití
2440,Jean Claude Desir,40,,8 de agosto de 1946,Haití
2441,Serge Ducoste,40,,4 de febrero de 1944,Haití
2442,Henry Francillon,40,,26 de mayo de 1946,Haití
2443,Guy Francois,40,,18 de septiembre de 1947,Haití
2444,Ernst Jean-Joseph,40,,11 de junio de 1948,Haití
2445,Gerard Joseph,40,,22 de octubre de 1949,Haití
2446,Fritz Leandre,40,,13 de marzo de 1948,Haití
2447,Joseph-Marion Leandre,40,,9 de mayo de 1945,Haití
2448,Wilfred Louis,40,,25 de octubre de 1949,Haití
2449,Wilner Nazaire,40,,30 de marzo de 1950,Haití
2450,Wilner Piquant,40,,4 de diciembre de 1951,Haití
2451,Serge Racine,40,,9 de octubre de 1951,Haití
2452,Guy Saint-Vil,40,,21 de octubre de 1942,Haití
2453,Roger Saint-Vil,40,,8 de diciembre de 1949,Haití
2454,Emmanuel Sanon,40,,25 de junio de 1951,Haití
2455,Philippe Vorbe,40,,14 de septiembre de 1947,Haití
2456,Sam Adekugbe,15,1.75 m,16 de enero de 1995,Canadá
2457,Milan Borjan,15,1.95 m,23 de octubre de 1987,Canadá
2458,Ian Bridge,15,,18 de septiembre de 1959,Canadá
2459,Tajon Buchanan,15,1.83 m,8 de febrero de 1999,Canadá
2460,Lucas Cavallini,15,1.80 m,28 de diciembre de 1992,Canadá
2461,Derek Cornelius,15,1.86 m,25 de noviembre de 1997,Canadá
2462,Jonathan David,15,1.75 m,14 de enero de 2000,Canadá
2463,Alphonso Davies,15,1.83 m,2 de noviembre de 2000,Canadá
2464,Pasquale De Luca,15,,26 de mayo de 1962,Canadá
2465,Paul Dolan,15,,16 de abril de 1966,Canadá
2466,Stephen Eustaquio,15,1.78 m,21 de diciembre de 1996,Canadá
2467,Liam Fraser,15,1.85 m,13 de febrero de 1998,Canadá
2468,Gerry Gray,15,,20 de enero de 1961,Canadá
2469,Sven Habermann,15,,3 de noviembre de 1961,Canadá
2470,Junior Hoilett,15,1.74 m,5 de junio de 1990,Canadá
2471,Atiba Hutchinson,15,1.83 m,8 de febrero de 1983,Canadá
2472,Gregory Ion,15,,12 de marzo de 1963,Canadá
2473,Paul James,15,,11 de noviembre de 1963,Canadá
2474,Alistair Johnston,15,1.80 m,8 de octubre de 1998,Canadá
2475,Mark-Anthony Kaye,15,1.85 m,2 de diciembre de 1994,Canadá
2476,Ismaël Koné,15,1.88 m,16 de junio de 2002,Canadá
2477,Cyle Larin,15,1.88 m,17 de abril de 1995,Canadá
2478,Richie Laryea,15,1.75 m,7 de enero de 1995,Canadá
2479,Bob Lenarduzzi,15,,1 de mayo de 1955,Canadá
2480,Tino Lettieri,15,,27 de septiembre de 1957,Canadá
2481,James Lowery,15,,15 de enero de 1961,Canadá
2482,Liam Millar,15,1.76 m,27 de septiembre de 1999,Canadá
2483,Colin Miller,15,,4 de octubre de 1964,Canadá
2484,Kamal Miller,15,1.83 m,16 de mayo de 1997,Canadá
2485,Dale Mitchell,15,,21 de abril de 1958,Canadá
2486,Terence Moore,15,,2 de junio de 1958,Canadá
2487,David Norman,15,,6 de mayo de 1962,Canadá
2488,Jonathan Osorio,56,1.75 m,12 de junio de 1992,México
2489,George Pakos,15,,14 de agosto de 1952,Canadá
2490,James Pantemis,15,1.85 m,21 de febrero de 1997,Canadá
2491,Samuel Piette,15,1.71 m,12 de noviembre de 1994,Canadá
2492,Randy Ragan,15,,7 de junio de 1959,Canadá
2493,Randy Samuel,15,,23 de diciembre de 1963,Canadá
2494,Branko Segota,15,,8 de junio de 1961,Canadá
2495,Dayne St. Clair,15,1.91 m,9 de mayo de 1997,Canadá
2496,Mike Sweeney,15,,25 de diciembre de 1959,Canadá
2497,Ike Ugbo,15,1.85 m,21 de septiembre de 1998,Canadá
2498,Carl Valentine,15,,4 de julio de 1958,Canadá
2499,Steven Vitoria,15,1.95 m,11 de enero de 1987,Canadá
2500,Igor Vrablic,15,,19 de julio de 1965,Canadá
2501,Joel Waterman,15,1.85 m,24 de enero de 1996,Canadá
2502,Bruce Wilson,15,,20 de junio de 1951,Canadá
2503,David Wotherspoon,15,1.72 m,16 de enero de 1990,Canadá
2504,Wolfgang Blochwitz,2,,8 de febrero de 1941,Alemania Oriental
2505,Bernd Bransch,2,,24 de septiembre de 1944,Alemania Oriental
2506,Juergen Croy,2,,19 de octubre de 1946,Alemania Oriental
2507,Peter Ducke,2,,14 de octubre de 1941,Alemania Oriental
2508,Werner Friese,2,,30 de marzo de 1946,Alemania Oriental
2509,Joachim Fritsche,2,,28 de octubre de 1951,Alemania Oriental
2510,Erich Hamann,2,,27 de noviembre de 1944,Alemania Oriental
2511,Martin Hoffmann,1,,22 de marzo de 1955,Alemania
2512,Harald Irmscher,2,,12 de febrero de 1946,Alemania Oriental
2513,Gerd Kische,2,,23 de octubre de 1951,Alemania Oriental
2514,Hans-Juergen Kreische,2,,19 de julio de 1947,Alemania Oriental
2515,Lothar Kurbjuweit,2,,6 de noviembre de 1950,Alemania Oriental
2516,Reinhard Lauck,2,,16 de septiembre de 1946,Alemania Oriental
2517,Wolfram Loewe,2,,14 de mayo de 1945,Alemania Oriental
2518,Juergen Pommerenke,2,,22 de enero de 1953,Alemania Oriental
2519,Ruediger Schnuphase,2,,23 de enero de 1954,Alemania Oriental
2520,Wolfgang Seguin,2,,14 de septiembre de 1945,Alemania Oriental
2521,Juergen Sparwasser,2,,4 de junio de 1948,Alemania Oriental
2522,Joachim Streich,2,,13 de abril de 1951,Alemania Oriental
2523,Eberhard Vogel,2,,8 de abril de 1943,Alemania Oriental
2524,Siegmar Waetzlich,2,,16 de noviembre de 1947,Alemania Oriental
2525,Konrad Weise,2,,17 de agosto de 1951,Alemania Oriental
2526,Ivor Allchurch,37,,16 de octubre de 1929,Gales
2527,Len Allchurch,37,,12 de septiembre de 1933,Gales
2528,Joe Allen,37,1.70 m,14 de marzo de 1990,Gales
2529,Ethan Ampadu,37,1.83 m,14 de septiembre de 2000,Gales
2530,Colin Baker,37,,18 de diciembre de 1934,Gales
2531,Tom Baker,37,,6 de abril de 1936,Gales
2532,Gareth Bale,37,1.86 m,16 de julio de 1989,Gales
2533,Dave Bowen,37,,7 de junio de 1928,Gales
2534,Ben Cabango,37,1.86 m,30 de mayo de 2000,Gales
2535,John Charles,37,,27 de diciembre de 1931,Gales
2536,Mel Charles,37,,14 de mayo de 1935,Gales
2537,Rubin Colwill,37,1.69 m,27 de abril de 2002,Gales
2538,Vic Crowe,37,,31 de enero de 1932,Gales
2539,Adam Davies,37,1.85 m,17 de julio de 1992,Gales
2540,Ben Davies,37,1.81 m,24 de abril de 1993,Gales
2541,Trevor Edwards,6,,24 de enero de 1937,Argentina
2542,John Elsworthy,37,,26 de julio de 1931,Gales
2543,Chris Gunter,37,1.80 m,21 de julio de 1989,Gales
2544,Mark Harris,37,1.82 m,29 de diciembre de 1998,Gales
2545,Wayne Heennesey,37,1.98 m,24 de enero de 1987,Gales
2546,Ron Hewitt,37,,21 de junio de 1928,Gales
2547,Mel Hopkins,37,,7 de noviembre de 1934,Gales
2548,Dan James,37,1.71 m,10 de noviembre de 1997,Gales
2549,Brennan Johnson,35,1.79 m,23 de mayo de 2001,Estados Unidos
2550,Cliff Jones,37,,7 de febrero de 1935,Gales
2551,Ken Jones,7,,2 de enero de 1936,Australia
2552,Jack Kelsey,37,,19 de noviembre de 1929,Gales
2553,Ken Leek,37,,26 de julio de 1935,Gales
2554,Dylan Levitt,37,1.80 m,17 de noviembre de 2000,Gales
2555,Tom Lockyer,37,1.85 m,3 de diciembre de 1994,Gales
2556,Terry Medwin,37,,25 de septiembre de 1932,Gales
2557,Chris Mepham,37,1.90 m,5 de noviembre de 1997,Gales
2558,Kieffer Moore,7,1.96 m,8 de agosto de 1992,Australia
2559,Joe Morrell,37,1.85 m,3 de enero de 1997,Gales
2560,Aaron Ramsey,37,1.78 m,26 de diciembre de 1990,Gales
2561,Connor Roberts,37,1.75 m,23 de septiembre de 1995,Gales
2562,Joe Rodon,37,1.93 m,22 de octubre de 1997,Gales
2563,Matt Smith,37,1.75 m,22 de noviembre de 1999,Gales
2564,Derek Sullivan,37,,10 de agosto de 1930,Gales
2565,Sorba Thomas,37,1.85 m,25 de enero de 1999,Gales
2566,Graham Vearncombe,37,,28 de marzo de 1934,Gales
2567,Roy Vernon,37,,14 de abril de 1937,Gales
2568,Danny Ward,37,1.91 m,22 de junio de 1993,Gales
2569,Colin Webster,37,,17 de julio de 1932,Gales
2570,Jonny Williams,37,1.68 m,9 de octubre de 1993,Gales
2571,Neco Williams,37,1.83 m,13 de abril de 2001,Gales
2572,Stuart Williams,37,,9 de julio de 1930,Gales
2573,Harry Wilson,37,1.73 m,22 de marzo de 1997,Gales
2574,Alekos Alexandris,39,,21 de octubre de 1968,Grecia
2575,Alexis Alexiou,39,,8 de septiembre de 1963,Grecia
2576,Alexis Alexoudis,39,,20 de junio de 1972,Grecia
2577,Stratos Apostololakis,39,,11 de mayo de 1964,Grecia
2578,Elias Atmatzidis,39,,24 de abril de 1969,Grecia
2579,Konstantinos Chalkias,39,1.98 m,30 de mayo de 1974,Grecia
2580,Angelos Charisteas,39,1.91 m,9 de febrero de 1980,Grecia
2581,Lazaros Christodoulopoulos,39,1.83 m,19 de diciembre de 1986,Grecia
2582,Vasilis Dimitriadis,39,,1 de febrero de 1966,Grecia
2583,Ioannis Fetfatzidis,39,1.65 m,21 de diciembre de 1990,Grecia
2584,Theofanis Gekas,39,1.79 m,23 de mayo de 1980,Grecia
2585,Panagiotis Glykos,39,1.87 m,10 de octubre de 1986,Grecia
2586,Minas Hantzidis,39,,4 de julio de 1966,Grecia
2587,José Holebas,39,1.84 m,27 de junio de 1984,Grecia
2588,Giannis Kalitzakis,39,,10 de febrero de 1966,Grecia
2589,Pantelis Kapetanos,39,1.90 m,8 de junio de 1983,Grecia
2590,Stefanos Kapino,39,1.98 m,18 de marzo de 1994,Grecia
2591,Vaios Karagiannis,39,,25 de junio de 1968,Grecia
2592,Georgios Karagounis,39,1.76 m,6 de marzo de 1977,Grecia
2593,Kyriakos Karataidis,39,,4 de julio de 1965,Grecia
2594,Christos Karkamanis,39,,22 de septiembre de 1969,Grecia
2595,Orestis Karnezis,39,1.88 m,11 de mayo de 1985,Grecia
2596,Konstantinos Katsouranis,39,1.83 m,21 de junio de 1979,Grecia
2597,Savvas Kofidis,39,,21 de marzo de 1961,Grecia
2598,Thanasis Kolitsidakis,39,,20 de noviembre de 1966,Grecia
2599,Panagiotis Kone,23,1.84 m,26 de julio de 1987,Costa de Marfil
2600,Sotirios Kyrgiakos,39,1.92 m,23 de julio de 1979,Grecia
2601,Nikos Machlas,39,,16 de junio de 1973,Grecia
2602,Stelios Malezas,39,1.92 m,11 de marzo de 1985,Grecia
2603,Giannis Maniatis,39,1.76 m,12 de octubre de 1986,Grecia
2604,Kostas Manolas,39,1.88 m,14 de junio de 1991,Grecia
2605,Stelios Manolas,39,,13 de julio de 1961,Grecia
2606,Spiros Marangos,39,,20 de febrero de 1967,Grecia
2607,Antonis Minou,39,,4 de mayo de 1958,Grecia
2608,Kostas Mitroglou,39,1.88 m,12 de marzo de 1988,Grecia
2609,Tassos Mitropoulos,39,,23 de agosto de 1957,Grecia
2610,Vangelis Moras,39,1.93 m,26 de agosto de 1981,Grecia
2611,Sotiris Ninis,39,1.73 m,3 de abril de 1990,Grecia
2612,Nikos Nioplias,39,,17 de enero de 1965,Grecia
2613,Avraam Papadopoulos,39,1.86 m,3 de diciembre de 1984,Grecia
2614,Sokratis Papastathopoulos,39,1.86 m,9 de junio de 1988,Grecia
2615,Christos Patsatzoglou,39,1.83 m,19 de marzo de 1979,Grecia
2616,Athanasios Prittas,39,1.85 m,9 de enero de 1979,Grecia
2617,Dimitrios Salpingidis,39,1.71 m,18 de agosto de 1981,Grecia
2618,Georgios Samaras,39,1.92 m,21 de febrero de 1985,Grecia
2619,Andreas Samaris,39,1.89 m,13 de junio de 1989,Grecia
2620,Dimitrios Saravakos,39,,26 de julio de 1961,Grecia
2621,Giourkas Seitaridis,39,1.85 m,4 de junio de 1981,Grecia
2622,Michail Sifakis,39,1.86 m,9 de septiembre de 1984,Grecia
2623,Nikos Spiropoulos,39,1.71 m,10 de octubre de 1983,Grecia
2624,Panagiotis Tachtsidis,39,1.93 m,15 de enero de 1991,Grecia
2625,Vasileios Torosidis,39,1.85 m,10 de junio de 1985,Grecia
2626,Giotis Tsalouchidis,39,,30 de marzo de 1963,Grecia
2627,Nikos Tsiantakis,39,,20 de octubre de 1963,Grecia
2628,Giorgios Tzavellas,39,1.83 m,26 de noviembre de 1987,Grecia
2629,Alexandros Tziolis,39,1.90 m,13 de febrero de 1985,Grecia
2630,Alexandros Tzorvas,39,1.90 m,12 de agosto de 1982,Grecia
2631,Loukas Vyntra,39,1.84 m,5 de febrero de 1981,Grecia
2632,German Aceros,19,,30 de septiembre de 1938,Colombia
2633,Abel Aguilar,19,1.86 m,6 de enero de 1985,Colombia
2634,Leonel Alvarez,19,,30 de julio de 1965,Colombia
2635,Eder Alvarez Balanta,19,1.81 m,28 de febrero de 1993,Colombia
2636,Anibal Alzate,19,,31 de enero de 1933,Colombia
2637,Carlos Aponte,19,,24 de enero de 1939,Colombia
2638,Jairo Arias,19,,2 de noviembre de 1938,Colombia
2639,Santiago Arias,19,1.80 m,13 de enero de 1992,Colombia
2640,Victor Aristizabal,19,1.76 m,9 de diciembre de 1971,Colombia
2641,Pablo Armero,19,1.74 m,2 de noviembre de 1986,Colombia
2642,Faustino Asprilla,19,1.76 m,10 de noviembre de 1969,Colombia
2643,Carlos Bacca,19,1.80 m,8 de septiembre de 1986,Colombia
2644,Wílmar Barrios,19,1.78 m,16 de octubre de 1993,Colombia
2645,Jorge Bermudez,19,,18 de junio de 1971,Colombia
2646,Jorge Bolano,19,1.72 m,28 de abril de 1977,Colombia
2647,Miguel Borja,19,1.83 m,26 de enero de 1993,Colombia
2648,Wilmer Cabrera,80,,15 de septiembre de 1967,Uruguay
2649,Miguel Calero,19,1.89 m,14 de abril de 1971,Colombia
2650,Ignacio Calle,19,,,Colombia
2651,Carlos Carbonero,19,1.78 m,25 de julio de 1990,Colombia
2652,Geovanis Cassiani,19,,10 de enero de 1970,Colombia
2653,Marcos Coll,19,,23 de agosto de 1935,Colombia
2654,Ivan Cordoba,19,1.73 m,11 de agosto de 1976,Colombia
2655,Oscar Cordoba,19,1.86 m,3 de febrero de 1970,Colombia
2656,Oscar Cortes,56,,19 de octubre de 1968,México
2657,José Fernando Cuadrado,19,,1 de junio de 1985,Colombia
2658,Juan Guillermo Cuadrado,19,1.76 m,26 de mayo de 1988,Colombia
2659,Anthony De Avila,61,,21 de diciembre de 1962,Panamá
2660,Farid Díaz,19,1.70 m,20 de julio de 1983,Colombia
2661,Hector Echeverri,19,,10 de abril de 1938,Colombia
2662,Andres Escobar,19,,13 de marzo de 1967,Colombia
2663,Eusebio Escobar,19,,,Colombia
2664,Andres Estrada,19,,12 de noviembre de 1967,Colombia
2665,Carlos Estrada,19,,1 de noviembre de 1961,Colombia
2666,Luis Fajardo,19,,18 de agosto de 1963,Colombia
2667,Radamel Falcao,19,1.77 m,10 de febrero de 1986,Colombia
2668,Delio Gamboa,19,,28 de enero de 1936,Colombia
2669,Herman Gaviria,19,,27 de noviembre de 1969,Colombia
2670,Gabriel Gomez,61,,8 de diciembre de 1959,Panamá
2671,Gildardo Gomez,19,,13 de octubre de 1963,Colombia
2672,Hector Gonzales,19,,7 de julio de 1937,Colombia
2673,Jaime Gonzales,19,,1 de abril de 1938,Colombia
2674,Fredy Guarín,19,1.83 m,30 de junio de 1986,Colombia
2675,Miguel Guerrero,19,,7 de septiembre de 1967,Colombia
2676,Teófilo Gutiérrez,56,1.78 m,17 de mayo de 1985,México
2677,Ruben Hernandez,56,,19 de febrero de 1965,México
2678,Luis Herrera,56,,12 de junio de 1962,México
2679,Rene Higuita,19,,27 de agosto de 1966,Colombia
2680,Carlos Hoyos,19,,28 de febrero de 1962,Colombia
2681,Víctor Ibarbo,19,1.88 m,19 de mayo de 1990,Colombia
2682,Arnoldo Iguaran,19,,18 de enero de 1957,Colombia
2683,José Izquierdo,19,1.71 m,7 de julio de 1992,Colombia
2684,Marino Klinger,19,,7 de febrero de 1936,Colombia
2685,Jefferson Lerma,19,1.82 m,25 de octubre de 1994,Colombia
2686,Oscar Lopez,19,,2 de abril de 1939,Colombia
2687,John Lozano,19,1.90 m,30 de marzo de 1972,Colombia
2688,Jackson Martinez,56,1.85 m,3 de octubre de 1986,México
2689,Alexander Mejía,19,1.78 m,10 de julio de 1988,Colombia
2690,Alexis Mendoza,62,,8 de noviembre de 1961,Paraguay
2691,Yerry Mina,19,1.95 m,23 de septiembre de 1994,Colombia
2692,Johan Mojica,19,1.79 m,21 de agosto de 1992,Colombia
2693,Farid Mondragon,19,1.88 m,21 de junio de 1971,Colombia
2694,Antonio Moreno,56,,25 de diciembre de 1970,México
2695,Luis Muriel,19,1.78 m,16 de abril de 1991,Colombia
2696,Óscar Murillo,19,1.84 m,18 de abril de 1988,Colombia
2697,Eduardo Nino,19,,8 de agosto de 1967,Colombia
2698,Nestor Ortiz,19,,26 de septiembre de 1968,Colombia
2699,David Ospina,19,1.83 m,31 de agosto de 1988,Colombia
2700,Ever Palacios,6,,18 de enero de 1969,Argentina
2701,Luis Paz,80,,,Uruguay
2702,Jose Pazo,19,,4 de abril de 1964,Colombia
2703,Luis Carlos Perea,19,,29 de diciembre de 1963,Colombia
2704,Ignacio Perez,19,,,Colombia
2705,John Perez,61,,21 de febrero de 1970,Panamá
2706,Jose Perez,19,,24 de octubre de 1963,Colombia
2707,Wilson Perez,19,,9 de agosto de 1967,Colombia
2708,Leider Preciado,19,1.80 m,26 de febrero de 1977,Colombia
2709,Juan Quintero,19,1.69 m,18 de enero de 1993,Colombia
2710,Antonio Rada,19,,13 de junio de 1937,Colombia
2711,Adrián Ramos,19,1.85 m,22 de enero de 1986,Colombia
2712,Bernardo Redin,19,,26 de febrero de 1963,Colombia
2713,Hamilton Ricard,19,,12 de enero de 1974,Colombia
2714,Freddy Rincon,34,,14 de agosto de 1966,España
2715,James Rodríguez,19,1.80 m,12 de julio de 1991,Colombia
2717,Dávinson Sánchez,19,1.87 m,12 de junio de 1996,Colombia
2718,Efrain Sanchez,19,,26 de febrero de 1926,Colombia
2719,Jose Santa,19,,12 de septiembre de 1970,Colombia
2720,Mauricio Serna,19,,22 de enero de 1968,Colombia
2721,Rolando Serrano,19,,13 de noviembre de 1938,Colombia
2722,Jaime Silva,19,,10 de octubre de 1935,Colombia
2723,Hernando Tovar,19,,,Colombia
2724,Mateus Uribe,19,1.82 m,21 de marzo de 1991,Colombia
2725,Carlos Valderrama,19,1.75 m,2 de septiembre de 1961,Colombia
2726,Carlos Valdés,34,1.83 m,22 de mayo de 1985,España
2727,Adolfo Valencia,19,,6 de febrero de 1968,Colombia
2728,Ivan Valenciano,19,,18 de marzo de 1972,Colombia
2729,Camilo Vargas,19,1.85 m,9 de marzo de 1989,Colombia
2730,Leon Villa,19,,12 de enero de 1960,Colombia
2731,Adelmo Vivas,6,,,Argentina
2732,Mario Yepes,19,1.86 m,13 de enero de 1976,Colombia
2733,Cristian Zapata,19,1.89 m,30 de septiembre de 1986,Colombia
2734,Francisco Zuluaga,19,,4 de febrero de 1929,Colombia
2735,Juan Zuñiga,19,1.72 m,14 de diciembre de 1985,Colombia
2736,Brenden Aaronson,35,1.77 m,22 de octubre de 2000,Estados Unidos
2737,Kellyn Acosta,35,1.77 m,24 de julio de 1995,Estados Unidos
2738,Tyler Adams,13,1.75 m,14 de febrero de 1999,Bélgica
2739,Jeff Agoos,35,1.83 m,2 de mayo de 1968,Estados Unidos
2740,Chris Albright,35,1.85 m,14 de enero de 1979,Estados Unidos
2741,Jozy Altidore,35,1.85 m,6 de noviembre de 1989,Estados Unidos
2742,Tom Amrhein,35,,1 de enero de 1911,Estados Unidos
2743,Bob Annis,35,,5 de septiembre de 1928,Estados Unidos
2744,Desmond Armstrong,35,,2 de noviembre de 1964,Estados Unidos
2745,Andrew Auld,35,,26 de enero de 1900,Estados Unidos
2746,Walter Bahr,35,,1 de abril de 1927,Estados Unidos
2747,Marcelo Balboa,35,,8 de agosto de 1967,Estados Unidos
2748,Jimmy Banks,35,,2 de septiembre de 1964,Estados Unidos
2749,DaMarcus Beasley,35,1.70 m,24 de mayo de 1982,Estados Unidos
2750,Kyle Beckerman,35,1.82 m,23 de abril de 1982,Estados Unidos
2751,Alejandro Bedoya,35,1.78 m,29 de abril de 1987,Estados Unidos
2752,Gregg Berhalter,35,1.86 m,1 de agosto de 1973,Estados Unidos
2753,Matt Besler,35,1.83 m,11 de febrero de 1987,Estados Unidos
2754,Brian Bliss,35,,28 de septiembre de 1965,Estados Unidos
2755,Carlos Bocanegra,35,1.84 m,25 de mayo de 1979,Estados Unidos
2756,Mike Bookie,35,,12 de septiembre de 1904,Estados Unidos
2757,Frank Borghi,35,,9 de abril de 1925,Estados Unidos
2758,Jonathan Bornstein,35,1.75 m,7 de noviembre de 1984,Estados Unidos
2759,Michael Bradley,35,1.85 m,31 de julio de 1987,Estados Unidos
2760,John Anthony Brooks,35,1.93 m,28 de enero de 1993,Estados Unidos
2761,Jim Brown,35,,31 de diciembre de 1908,Estados Unidos
2762,Edson Buddle,35,1.85 m,21 de mayo de 1981,Estados Unidos
2763,Mike Burns,35,,14 de septiembre de 1970,Estados Unidos
2764,Paul Caligiuri,35,,9 de marzo de 1964,Estados Unidos
2765,Geoff Cameron,35,1.91 m,11 de julio de 1985,Estados Unidos
2766,Cameron Carter-Vickers,35,1.85 m,31 de diciembre de 1997,Estados Unidos
2767,Timothy Chandler,35,1.86 m,29 de marzo de 1990,Estados Unidos
2768,Steve Cherundolo,35,1.68 m,19 de febrero de 1979,Estados Unidos
2769,Brian Ching,35,1.82 m,24 de mayo de 1978,Estados Unidos
2770,Ricardo Clark,35,1.78 m,10 de febrero de 1983,Estados Unidos
2771,Fernando Clavijo,35,,23 de enero de 1956,Estados Unidos
2772,Charlie Colombo,35,,20 de julio de 1920,Estados Unidos
2773,Jimmy Conrad,35,1.88 m,12 de febrero de 1977,Estados Unidos
2774,Bobby Convey,35,1.73 m,27 de mayo de 1983,Estados Unidos
2775,Geoff Coombes,35,,23 de abril de 1919,Estados Unidos
2776,Neil Covone,35,,31 de agosto de 1969,Estados Unidos
2777,Bob Craddock,35,,5 de septiembre de 1923,Estados Unidos
2778,Ed Czerkiewicz,35,,8 de julio de 1912,Estados Unidos
2779,Brad Davis,35,1.80 m,8 de noviembre de 1981,Estados Unidos
2780,Luca de la Torre,35,1.78 m,23 de mayo de 1998,Estados Unidos
2781,Chad Deering,35,,2 de septiembre de 1970,Estados Unidos
2782,Jay Demerit,35,1.80 m,4 de diciembre de 1979,Estados Unidos
2783,Clint Dempsey,35,1.85 m,9 de marzo de 1983,Estados Unidos
2784,Sergiño Dest,35,1.73 m,3 de noviembre de 2000,Estados Unidos
2785,Nick Di Orio,35,,4 de febrero de 1921,Estados Unidos
2786,Walter Dick,35,,20 de septiembre de 1905,Estados Unidos
2787,Mix Diskerud,35,1.84 m,2 de octubre de 1990,Estados Unidos
2788,Aldo Donelli,35,,22 de julio de 1907,Estados Unidos
2789,Landon Donovan,35,1.73 m,4 de marzo de 1982,Estados Unidos
2790,Thomas Dooley,35,,12 de mayo de 1961,Estados Unidos
2791,Jimmy Douglas,35,,12 de enero de 1898,Estados Unidos
2792,John Doyle,35,,16 de marzo de 1966,Estados Unidos
2793,Maurice Edu,35,1.83 m,18 de abril de 1986,Estados Unidos
2794,Eric Eichmann,74,,7 de mayo de 1965,Suiza
2795,Benny Feilhaber,35,1.75 m,19 de enero de 1985,Estados Unidos
2796,Jesus Ferreira,35,1.75 m,24 de diciembre de 2000,Estados Unidos
2797,Bill Fiedler,35,,10 de enero de 1910,Estados Unidos
2798,Robbie Findley,35,1.75 m,4 de agosto de 1985,Estados Unidos
2799,Tom Florie,35,,6 de septiembre de 1897,Estados Unidos
2800,Brad Friedel,35,1.93 m,18 de mayo de 1971,Estados Unidos
2801,Joe Gaetjens,35,,19 de marzo de 1924,Estados Unidos
2802,Jimmy Gallagher,35,,7 de junio de 1901,Estados Unidos
2803,Gino Gardassanich,35,,26 de noviembre de 1922,Estados Unidos
2804,Jim Gentle,35,,21 de julio de 1904,Estados Unidos
2805,Herculez Gomez,61,1.78 m,6 de abril de 1982,Panamá
2806,Billy Gonsalves,35,,10 de agosto de 1908,Estados Unidos
2807,Omar González,35,1.96 m,11 de octubre de 1988,Estados Unidos
2808,Clarence Goodson,35,1.93 m,17 de mayo de 1982,Estados Unidos
2809,Julian Green,35,1.72 m,6 de junio de 1995,Estados Unidos
2810,Brad Guzan,35,1.93 m,9 de septiembre de 1984,Estados Unidos
2811,Marcus Hahnemann,35,1.92 m,15 de junio de 1972,Estados Unidos
2812,Al Harker,35,,11 de abril de 1910,Estados Unidos
2813,John Harkes,35,,8 de marzo de 1967,Estados Unidos
2814,Frankie Hejduk,35,1.74 m,5 de agosto de 1974,Estados Unidos
2815,Chris Henderson,35,,11 de diciembre de 1970,Estados Unidos
2816,Julius Hjulian,35,,15 de marzo de 1903,Estados Unidos
2817,Stuart Holden,35,1.78 m,1 de agosto de 1985,Estados Unidos
2818,Ethan Horvath,8,1.93 m,9 de junio de 1995,Austria
2819,Tim Howard,35,1.87 m,6 de marzo de 1979,Estados Unidos
2820,Aron Jóhannsson,35,1.84 m,10 de noviembre de 1990,Estados Unidos
2821,Eddie Johnson,35,1.87 m,31 de marzo de 1984,Estados Unidos
2822,Fabian Johnson,35,1.83 m,11 de diciembre de 1987,Estados Unidos
2823,Sean Johnson,35,1.90 m,31 de mayo de 1989,Estados Unidos
2824,Cobi Jones,35,1.70 m,16 de junio de 1970,Estados Unidos
2825,Jermaine Jones,7,1.83 m,16 de julio de 1981,Australia
2826,Kasey Keller,35,1.88 m,29 de noviembre de 1969,Estados Unidos
2827,Harry Keough,35,,15 de noviembre de 1927,Estados Unidos
2828,Frank Klopas,35,,1 de septiembre de 1966,Estados Unidos
2829,Cle Kooiman,35,,3 de julio de 1963,Estados Unidos
2830,Paul Krumpe,35,,4 de marzo de 1963,Estados Unidos
2831,Alexi Lalas,35,,1 de junio de 1970,Estados Unidos
2832,Michael Lapper,35,,28 de agosto de 1970,Estados Unidos
2833,Bill Lehmann,35,,20 de diciembre de 1901,Estados Unidos
2834,Eddie Lewis,35,1.78 m,17 de mayo de 1974,Estados Unidos
2835,Carlos Llamosa,35,1.80 m,30 de junio de 1969,Estados Unidos
2836,Aaron Long,35,1.88 m,12 de octubre de 1992,Estados Unidos
2837,Tom Lynch,35,,,Estados Unidos
2838,Joe Maca,35,,28 de septiembre de 1920,Estados Unidos
2839,Brian Maisonneuve,35,,28 de junio de 1973,Estados Unidos
2840,Joe Martinelli,35,,1 de enero de 1916,Estados Unidos
2841,Pablo Mastroeni,35,1.78 m,29 de agosto de 1976,Estados Unidos
2842,Clint Mathis,35,1.78 m,25 de noviembre de 1976,Estados Unidos
2843,Brian Mcbride,35,1.85 m,19 de junio de 1972,Estados Unidos
2844,Bart Mcghee,35,,30 de abril de 1899,Estados Unidos
2845,Ed Mcilvenny,35,,21 de octubre de 1924,Estados Unidos
2846,Weston McKennie,35,1.85 m,28 de agosto de 1998,Estados Unidos
2847,Bill Mclean,35,,27 de enero de 1904,Estados Unidos
2848,Tony Meola,35,1.85 m,21 de febrero de 1969,Estados Unidos
2849,Joe Max Moore,35,1.75 m,23 de febrero de 1971,Estados Unidos
2850,Shaquell Moore,35,1.80 m,2 de noviembre de 1996,Estados Unidos
2851,George Moorhouse,35,,4 de mayo de 1901,Estados Unidos
2852,Jordan Morris,46,1.83 m,26 de octubre de 1994,Irlanda
2853,Bruce Murray,35,,25 de enero de 1966,Estados Unidos
2854,Yunus Musah,35,1.77 m,29 de noviembre de 2002,Estados Unidos
2855,Werner Nilsen,58,,24 de febrero de 1904,Noruega
2856,John O'Brien,35,1.78 m,29 de agosto de 1977,Estados Unidos
2857,Arnie Oliver,35,,22 de mayo de 1907,Estados Unidos
2858,Ben Olsen,35,1.73 m,3 de mayo de 1977,Estados Unidos
2859,Oguchi Onyewu,35,1.92 m,13 de mayo de 1982,Estados Unidos
2860,Gino Pariani,35,,21 de febrero de 1928,Estados Unidos
2861,Bert Patenaude,35,,4 de noviembre de 1909,Estados Unidos
2862,Hugo Perez,61,,6 de octubre de 1968,Panamá
2863,Peter Pietras,35,,21 de abril de 1908,Estados Unidos
2864,Eddie Pope,35,1.83 m,24 de diciembre de 1973,Estados Unidos
2865,Christian Pulisic,35,1.78 m,18 de septiembre de 1998,Estados Unidos
2866,Preki Radosavljevic,35,1.75 m,24 de junio de 1963,Estados Unidos
2867,Tab Ramos,35,,21 de septiembre de 1966,Estados Unidos
2868,Herman Rapp,35,,1 de enero de 1907,Estados Unidos
2869,Tim Ream,35,1.85 m,5 de octubre de 1987,Estados Unidos
2870,David Regis,35,1.80 m,2 de diciembre de 1968,Estados Unidos
2871,Claudio Reyna,35,1.78 m,20 de julio de 1973,Estados Unidos
2872,Giovanni Reyna,35,1.85 m,13 de noviembre de 2002,Estados Unidos
2873,Nick Rimando,35,1.78 m,17 de junio de 1979,Estados Unidos
2874,Antonee Robinson,35,1.82 m,8 de agosto de 1997,Estados Unidos
2875,Cristian Roldan,35,1.72 m,3 de junio de 1995,Estados Unidos
2876,Francis Ryan,7,,10 de enero de 1908,Australia
2877,Tony Sanneh,35,1.88 m,1 de junio de 1971,Estados Unidos
2878,Josh Sargent,35,1.85 m,20 de febrero de 2000,Estados Unidos
2879,Joe Scally,35,1.84 m,31 de diciembre de 2002,Estados Unidos
2880,Phil Slone,35,,20 de enero de 1907,Estados Unidos
2881,Juergen Sommer,35,,27 de febrero de 1969,Estados Unidos
2882,Michael Sorber,35,,14 de mayo de 1971,Estados Unidos
2883,Ed Souza,35,,22 de septiembre de 1921,Estados Unidos
2884,John Souza,35,,12 de julio de 1920,Estados Unidos
2885,Jonathan Spector,35,1.83 m,1 de marzo de 1986,Estados Unidos
2886,Earnie Stewart,35,1.75 m,28 de marzo de 1969,Estados Unidos
2887,John Stollmeyer,35,,25 de octubre de 1962,Estados Unidos
2888,Christopher Sullivan,35,,18 de abril de 1965,Estados Unidos
2889,Francisco Torres,35,1.68 m,29 de octubre de 1987,Estados Unidos
2890,Ralph Tracey,35,,23 de diciembre de 1904,Estados Unidos
2891,Steve Trittschuh,35,,24 de abril de 1965,Estados Unidos
2892,Matt Turner,35,1.90 m,24 de junio de 1994,Estados Unidos
2893,David Vanole,35,,6 de febrero de 1963,Estados Unidos
2894,Frank Vaughn,35,,18 de febrero de 1902,Estados Unidos
2895,Peter Vermes,35,,21 de noviembre de 1966,Estados Unidos
2896,Frank Wallace,35,,15 de julio de 1922,Estados Unidos
2897,Tim Weah,35,1.82 m,22 de febrero de 2000,Estados Unidos
2898,Roy Wegerle,35,,19 de marzo de 1964,Estados Unidos
2899,Michael Windischmann,35,,6 de diciembre de 1965,Estados Unidos
2900,Adam Wolanin,35,,13 de noviembre de 1919,Estados Unidos
2901,Josh Wolff,35,1.75 m,25 de febrero de 1977,Estados Unidos
2902,Chris Wondolowski,35,1.85 m,28 de julio de 1983,Estados Unidos
2903,Alexander Wood,35,,12 de junio de 1907,Estados Unidos
2904,Haji Wright,7,1.91 m,27 de marzo de 1998,Australia
2905,Eric Wynalda,35,,9 de junio de 1969,Estados Unidos
2906,DeAndre Yedlin,35,1.71 m,9 de julio de 1993,Estados Unidos
2907,Walker Zimmerman,35,1.90 m,19 de mayo de 1993,Estados Unidos
2908,Graham Zusi,35,1.78 m,18 de agosto de 1986,Estados Unidos
2909,Stefan Abadzhiev,12,,3 de julio de 1934,Bulgaria
2910,Stefan Aladzhov,12,,18 de octubre de 1947,Bulgaria
2911,Petar Aleksandrov,12,,7 de diciembre de 1962,Bulgaria
2912,Ivaylo Andonov,12,,14 de agosto de 1967,Bulgaria
2913,Vidin Apostolov,12,,17 de octubre de 1941,Bulgaria
2914,Nikolai Arabov,12,,14 de noviembre de 1953,Bulgaria
2915,Georgi Asparukhov,12,,4 de mayo de 1943,Bulgaria
2916,Georgi Bachev,12,,18 de abril de 1977,Bulgaria
2917,Krassimir Balakov,12,,29 de marzo de 1966,Bulgaria
2918,Hristo Bonev,12,,3 de febrero de 1947,Bulgaria
2919,Daniel Borimirov,12,,15 de enero de 1970,Bulgaria
2920,Krasimir Borisov,12,,8 de abril de 1950,Bulgaria
2921,Ivan Davidov,12,,5 de octubre de 1943,Bulgaria
2922,Georgi Denev,12,,18 de abril de 1950,Bulgaria
2923,Dinko Dermendzhiev,12,,2 de junio de 1941,Bulgaria
2924,Ivan Deyanov,12,,16 de diciembre de 1937,Bulgaria
2925,Todor Diev,12,,28 de enero de 1934,Bulgaria
2926,Georgi Dimitrov,12,,14 de enero de 1959,Bulgaria
2927,Ivan Dimitrov,12,,14 de mayo de 1935,Bulgaria
2928,Pantelei Dimitrov,12,,14 de mayo de 1935,Bulgaria
2929,Dimitar Dimov,12,,13 de diciembre de 1937,Bulgaria
2930,Vasil Dragolov,12,,17 de agosto de 1962,Bulgaria
2931,Ilia Dyakov,12,,28 de septiembre de 1963,Bulgaria
2932,Boris Gaganelov,12,,7 de octubre de 1941,Bulgaria
2933,Milko Gaidarski,12,,18 de marzo de 1946,Bulgaria
2934,Boncho Genchev,12,,7 de julio de 1964,Bulgaria
2935,Georgi Georgiev,12,,10 de octubre de 1963,Bulgaria
2936,Plamen Getov,12,,4 de marzo de 1959,Bulgaria
2937,Gosho Ginchev,12,,2 de febrero de 1969,Bulgaria
2938,Rumen Goranov,12,,17 de marzo de 1950,Bulgaria
2939,Zhivko Gospodinov,12,,6 de septiembre de 1957,Bulgaria
2940,Bozhidar Grigorov,12,,27 de julio de 1945,Bulgaria
2941,Petar Houbchev,12,,26 de febrero de 1964,Bulgaria
2942,Marian Hristov,12,,29 de julio de 1973,Bulgaria
2943,Hristo Iliev,12,,11 de mayo de 1936,Bulgaria
2944,Ilian Iliev,12,,2 de julio de 1968,Bulgaria
2945,Nikolai Iliev,12,,31 de marzo de 1964,Bulgaria
2946,Bozhidar Iskrenov,12,,1 de agosto de 1962,Bulgaria
2947,Georgi Ivanov,12,,2 de julio de 1976,Bulgaria
2948,Ivan Ivanov,12,,,Bulgaria
2949,Trifon Ivanov,12,,27 de julio de 1965,Bulgaria
2950,Kiril Ivkov,12,,21 de junio de 1946,Bulgaria
2951,Georgi Kamenski,12,,3 de septiembre de 1947,Bulgaria
2952,Rosen Kirilov,12,,4 de enero de 1973,Bulgaria
2953,Ilian Kiryakov,12,,4 de agosto de 1967,Bulgaria
2954,Radostin Kishishev,12,,30 de julio de 1974,Bulgaria
2955,Stoyan Kitov,12,,27 de agosto de 1938,Bulgaria
2956,Bozhil Kolev,12,,20 de mayo de 1949,Bulgaria
2957,Hristo Kolev,12,,21 de septiembre de 1964,Bulgaria
2958,Ivan Kolev,12,,1 de noviembre de 1930,Bulgaria
2959,Todor Kolev,12,,29 de abril de 1942,Bulgaria
2960,Emil Kostadinov,12,,12 de agosto de 1967,Bulgaria
2961,Kostadin Kostadinov,12,,25 de junio de 1959,Bulgaria
2962,Aleksandar Kostov,12,,5 de marzo de 1938,Bulgaria
2963,Dimitar Kostov,12,,27 de julio de 1936,Bulgaria
2964,Nikola Kotkov,12,,9 de diciembre de 1938,Bulgaria
2965,Nikola Kovachev,12,,4 de junio de 1934,Bulgaria
2966,Emil Kremenliev,12,,13 de agosto de 1969,Bulgaria
2967,Dimitar Largov,12,,10 de septiembre de 1936,Bulgaria
2968,Iordan Letchkov,12,,9 de julio de 1967,Bulgaria
2969,Dimitar Marashliev,12,,31 de agosto de 1947,Bulgaria
2970,Aleksandar Markov,12,,17 de agosto de 1961,Bulgaria
2971,Plamen Markov,12,,11 de septiembre de 1957,Bulgaria
2972,Vasil Metodiev,12,,6 de enero de 1935,Bulgaria
2973,Atanas Mikhailov,12,,5 de julio de 1949,Bulgaria
2974,Borislav Mikhailov,12,,12 de febrero de 1963,Bulgaria
2975,Petar Mikhtarski,12,,15 de julio de 1966,Bulgaria
2976,Kiril Milanov,12,,17 de octubre de 1948,Bulgaria
2977,Vasil Mitkov,12,,17 de septiembre de 1943,Bulgaria
2978,Stoicho Mladenov,12,,12 de abril de 1957,Bulgaria
2979,Georgi Naidenov,12,,21 de diciembre de 1931,Bulgaria
2980,Anatoli Nankov,12,,15 de julio de 1969,Bulgaria
2981,Asparukh Nikodimov,12,,21 de agosto de 1945,Bulgaria
2982,Georgi Nikolov,12,,,Bulgaria
2983,Plamen Nikolov,12,,20 de agosto de 1961,Bulgaria
2984,Panayot Panayotov,12,,30 de diciembre de 1930,Bulgaria
2985,Pavel Panov,12,,14 de septiembre de 1950,Bulgaria
2986,Nikola Parchanov,12,,19 de junio de 1930,Bulgaria
2987,Atanas Pashev,12,,21 de noviembre de 1963,Bulgaria
2988,Dimitar Penev,12,,12 de julio de 1945,Bulgaria
2989,Luboslav Penev,12,,31 de agosto de 1966,Bulgaria
2990,Ivaylo Petkov,12,,24 de marzo de 1976,Bulgaria
2991,Milen Petkov,12,,12 de enero de 1974,Bulgaria
2992,Petar Petrov,12,,20 de febrero de 1961,Bulgaria
2993,Georgi Popov,12,,14 de julio de 1944,Bulgaria
2994,Kiril Rakarov,12,,24 de mayo de 1932,Bulgaria
2995,Ayan Sadkov,12,,26 de septiembre de 1961,Bulgaria
2996,Aleksandar Shalamanov,12,,4 de septiembre de 1941,Bulgaria
2997,Simeon Simeonov,12,,26 de abril de 1946,Bulgaria
2998,Nasko Sirakov,12,,26 de abril de 1962,Bulgaria
2999,Georgi Sokolov,12,,19 de junio de 1942,Bulgaria
3000,Stefan Staikov,12,,3 de octubre de 1949,Bulgaria
3001,Hristo Stoichkov,12,,8 de febrero de 1966,Bulgaria
3002,Stoicho Stoilov,12,,15 de octubre de 1971,Bulgaria
3003,Ivan Stoyanov,12,,20 de enero de 1949,Bulgaria
3004,Tsanko Tsvetanov,12,,6 de enero de 1970,Bulgaria
3005,Ilia Valov,12,,29 de diciembre de 1961,Bulgaria
3006,Mladen Vasilev,12,,29 de julio de 1947,Bulgaria
3007,Tsonyo Vasilev,12,,7 de enero de 1952,Bulgaria
3008,Boycho Velichkov,12,,13 de agosto de 1958,Bulgaria
3009,Petar Velichkov,12,,8 de agosto de 1940,Bulgaria
3010,Stefan Velichkov,12,,15 de febrero de 1949,Bulgaria
3011,Voin Voinov,12,,7 de septiembre de 1952,Bulgaria
3012,Ivan Vutsov,12,,14 de diciembre de 1939,Bulgaria
3013,Dimitar Yakimov,12,,12 de agosto de 1941,Bulgaria
3014,Evgeni Yanchovski,12,,5 de septiembre de 1939,Bulgaria
3015,Zlatko Yankov,12,,7 de junio de 1966,Bulgaria
3016,Georgi Yordanov,12,,21 de julio de 1963,Bulgaria
3017,Ivaylo Yordanov,12,,22 de abril de 1968,Bulgaria
3018,Stoyan Yordanov,12,,29 de enero de 1944,Bulgaria
3019,Velko Yotov,12,,26 de agosto de 1970,Bulgaria
3020,Adalbert Zafirov,12,,29 de septiembre de 1969,Bulgaria
3021,Ivan Zafirov,12,,30 de diciembre de 1947,Bulgaria
3022,Radoslav Zdravkov,12,,30 de julio de 1956,Bulgaria
3023,Zdravko Zdravkov,12,,4 de octubre de 1970,Bulgaria
3024,Dobromir Zhechev,12,,12 de noviembre de 1942,Bulgaria
3025,Petar Zhekov,12,,10 de octubre de 1944,Bulgaria
3026,Andrei Zhelyazkov,12,,9 de julio de 1952,Bulgaria
3027,Arkadiusz Bak,64,1.76 m,6 de octubre de 1974,Polonia
3028,Jacek Bak,64,1.87 m,24 de marzo de 1973,Polonia
3029,Stanislaw Baran,64,,20 de abril de 1920,Polonia
3030,Marcin Baszczynski,64,1.83 m,7 de junio de 1977,Polonia
3031,Jan Bednarek,64,1.89 m,12 de abril de 1996,Polonia
3032,Bartosz Bereszyński,64,1.82 m,12 de julio de 1992,Polonia
3033,Bartosz Białkowski,64,1.94 m,6 de julio de 1987,Polonia
3034,Krystian Bielik,64,1.89 m,4 de enero de 1998,Polonia
3035,Zbigniew Boniek,64,,3 de marzo de 1956,Polonia
3036,Artur Boruc,64,1.92 m,20 de febrero de 1980,Polonia
3037,Bartosz Bosacki,64,1.89 m,20 de diciembre de 1975,Polonia
3038,Walter Brom,64,,14 de febrero de 1921,Polonia
3039,Pawel Brozek,64,1.80 m,21 de abril de 1983,Polonia
3040,Miroslaw Bulzacki,64,,23 de octubre de 1951,Polonia
3041,Andrzej Buncol,64,,21 de septiembre de 1959,Polonia
3043,Matty Cash,64,1.85 m,7 de agosto de 1997,Polonia
3044,Ewald Cebula,64,,22 de marzo de 1917,Polonia
3045,Wlodzimierz Ciolek,64,,24 de marzo de 1956,Polonia
3046,Thiago Cionek,64,1.84 m,21 de abril de 1986,Polonia
3047,Leslaw Cmikiewicz,64,,25 de agosto de 1948,Polonia
3048,Kazimierz Deyna,64,,23 de octubre de 1947,Polonia
3049,Tadeusz Dolny,64,,7 de mayo de 1958,Polonia
3050,Jan Domarski,64,,28 de octubre de 1946,Polonia
3051,Jerzy Dudek,64,1.87 m,23 de marzo de 1973,Polonia
3052,Dariusz Dudka,64,1.82 m,9 de diciembre de 1983,Polonia
3053,Ewald Dytko,64,,18 de octubre de 1914,Polonia
3054,Dariusz Dziekanowski,64,,30 de septiembre de 1962,Polonia
3055,Marek Dziuba,64,,19 de diciembre de 1955,Polonia
3056,Lukasz Fabianski,64,1.90 m,18 de abril de 1985,Polonia
3057,Andrzej Fischer,64,,15 de enero de 1952,Polonia
3058,Przemyslaw Frankowski,64,1.75 m,12 de abril de 1995,Polonia
3059,Jan Furtok,64,,9 de marzo de 1962,Polonia
3060,Robert Gadocha,64,,10 de enero de 1946,Polonia
3061,Antoni Galecki,64,,4 de junio de 1906,Polonia
3062,Seweryn Gancarczyk,64,1.81 m,22 de noviembre de 1981,Polonia
3063,Edmund Giemsa,64,,16 de octubre de 1912,Polonia
3064,Piotr Giza,64,1.79 m,28 de febrero de 1980,Polonia
3065,Kamil Glik,64,1.90 m,3 de febrero de 1988,Polonia
3066,Arkadiusz Glowacki,64,1.86 m,13 de marzo de 1979,Polonia
3067,Wilhelm Gora,64,,18 de enero de 1916,Polonia
3068,Jacek Góralski,64,1.72 m,21 de septiembre de 1992,Polonia
3069,Jerzy Gorgon,64,,18 de julio de 1949,Polonia
3070,Kamil Grabara,64,1.95 m,8 de enero de 1999,Polonia
3071,Kamil Grosicki,64,1.80 m,8 de junio de 1988,Polonia
3072,Robert Gumny,64,1.82 m,4 de junio de 1998,Polonia
3073,Zbigniew Gut,64,,17 de abril de 1949,Polonia
3074,Boleslaw Habowski,64,,13 de septiembre de 1914,Polonia
3075,Tomasz Hajto,64,1.87 m,16 de octubre de 1972,Polonia
3076,Andrzej Iwan,64,,10 de noviembre de 1959,Polonia
3077,Roman Jakobczak,64,,26 de febrero de 1946,Polonia
3078,Jan Jalocha,64,,18 de julio de 1957,Polonia
3079,Pawel Janas,64,,4 de marzo de 1953,Polonia
3080,Artur Jędrzejczyk,64,1.89 m,4 de noviembre de 1987,Polonia
3081,Ireneusz Jelen,64,1.84 m,9 de abril de 1981,Polonia
3082,Mariusz Jop,64,1.88 m,3 de agosto de 1978,Polonia
3083,Miroslav Justek,64,,23 de septiembre de 1948,Polonia
3084,Zygmunt Kalinowski,64,,2 de mayo de 1949,Polonia
3085,Radoslaw Kaluzny,64,1.91 m,2 de febrero de 1974,Polonia
3086,Jakub Kaminski,64,1.79 m,5 de junio de 2002,Polonia
3087,Zdzislaw Kapka,64,,7 de diciembre de 1954,Polonia
3088,Jan Karas,64,,17 de marzo de 1959,Polonia
3089,Henryk Kasperczak,64,,10 de julio de 1946,Polonia
3090,Jacek Kazimierski,64,,17 de agosto de 1959,Polonia
3091,Jakub Kiwior,64,1.89 m,15 de febrero de 2000,Polonia
3092,Tomasz Klos,64,1.86 m,7 de marzo de 1973,Polonia
3093,Kazimierz Kmiecik,64,,19 de septiembre de 1951,Polonia
3094,Ryszard Komornicki,64,,14 de agosto de 1959,Polonia
3095,Jozef Korbas,64,,11 de noviembre de 1914,Polonia
3096,Kamil Kosowski,64,1.86 m,30 de agosto de 1977,Polonia
3097,Zdzislaw Kostrzewa,64,,26 de octubre de 1955,Polonia
3098,Dawid Kownacki,64,1.87 m,14 de marzo de 1997,Polonia
3099,Marek Kozminski,64,1.78 m,7 de febrero de 1971,Polonia
3100,Grzegorz Krychowiak,64,1.86 m,29 de enero de 1990,Polonia
3101,Pawel Kryszalowicz,64,1.83 m,23 de junio de 1974,Polonia
3102,Jacek Krzynowek,64,1.80 m,15 de mayo de 1976,Polonia
3103,Dariusz Kubicki,64,,6 de junio de 1963,Polonia
3104,Cezary Kucharski,64,1.82 m,17 de febrero de 1972,Polonia
3105,Zygmunt Kukla,64,,21 de enero de 1948,Polonia
3106,Janusz Kupcewicz,64,,9 de diciembre de 1955,Polonia
3107,Rafał Kurzawa,64,1.82 m,29 de enero de 1993,Polonia
3108,Marek Kusto,64,,29 de abril de 1954,Polonia
3109,Tomasz Kuszczak,64,1.91 m,20 de marzo de 1982,Polonia
3110,Grzegorz Lato,64,,8 de abril de 1950,Polonia
3111,Mariusz Lewandowski,64,1.85 m,18 de mayo de 1979,Polonia
3112,Robert Lewandowski,64,1.85 m,21 de agosto de 1988,Polonia
3113,Karol Linetty,64,1.76 m,2 de febrero de 1995,Polonia
3114,Kazimierz Lis,64,,9 de abril de 1910,Polonia
3115,Wlodek Lubanski,64,,28 de febrero de 1947,Polonia
3116,Antoni Lyko,64,,25 de julio de 1907,Polonia
3117,Henryk Maculewicz,64,,24 de abril de 1950,Polonia
3118,Edward Madejski,64,,11 de agosto de 1914,Polonia
3119,Radoslaw Majdan,64,1.85 m,10 de mayo de 1972,Polonia
3120,Stefan Majewski,64,,31 de enero de 1956,Polonia
3121,Zygmunt Maszczyk,64,,3 de mayo de 1945,Polonia
3122,Bohdan Masztaler,64,,19 de septiembre de 1949,Polonia
3123,Adam Matysek,64,1.91 m,19 de julio de 1968,Polonia
3124,Waldemar Matysik,64,,27 de septiembre de 1961,Polonia
3125,Wlodzimierz Mazur,64,,18 de abril de 1954,Polonia
3126,Sebastian Mila,64,1.78 m,10 de julio de 1982,Polonia
3127,Arkadiusz Milik,64,1.86 m,28 de febrero de 1994,Polonia
3128,Jozef Mlynarczyk,64,,20 de septiembre de 1953,Polonia
3129,Piotr Mowlik,64,,21 de abril de 1951,Polonia
3130,Maciej Murawski,64,1.85 m,20 de febrero de 1974,Polonia
3131,Adam Musial,64,,18 de diciembre de 1948,Polonia
3132,Adam Nawalka,64,,23 de octubre de 1957,Polonia
3133,Erwin Nyc,64,,24 de mayo de 1914,Polonia
3134,Emmanuel Olisadebe,64,1.80 m,22 de diciembre de 1978,Polonia
3135,Marek Ostrowski,64,,22 de noviembre de 1959,Polonia
3136,Andrzej Palasz,64,,22 de julio de 1960,Polonia
3137,Krzysztof Pawlak,64,,12 de febrero de 1958,Polonia
3138,Michał Pazdan,64,1.81 m,21 de septiembre de 1987,Polonia
3139,Sławomir Peszko,64,1.73 m,19 de febrero de 1985,Polonia
3140,Krzysztof Piatek,64,1.83 m,1 de julio de 1995,Polonia
3141,Ryszard Piec,64,,17 de agosto de 1913,Polonia
3142,Wilhelm Piec,64,,7 de enero de 1915,Polonia
3143,Leonard Piontek,64,,3 de octubre de 1913,Polonia
3144,Lukasz Piszczek,64,1.84 m,3 de junio de 1985,Polonia
3145,Kazimierz Przybys,64,,11 de julio de 1960,Polonia
3146,Arkadiusz Radomski,64,1.80 m,27 de junio de 1977,Polonia
3147,Grzegorz Rasiak,64,1.90 m,12 de enero de 1979,Polonia
3148,Wojciech Rudy,64,,24 de octubre de 1952,Polonia
3149,Maciej Rybus,64,1.73 m,19 de agosto de 1989,Polonia
3150,Tomasz Rzasa,64,1.81 m,11 de marzo de 1973,Polonia
3151,Pawel Sibik,64,1.80 m,15 de febrero de 1971,Polonia
3152,Michal Skóraś,64,1.72 m,15 de junio de 2000,Polonia
3153,Lukasz Skorupski,64,1.87 m,5 de mayo de 1991,Polonia
3154,Piotr Skrobowski,64,,16 de octubre de 1961,Polonia
3155,Ebi Smolarek,64,1.76 m,9 de enero de 1981,Polonia
3156,Wlodimierz Smolarek,64,,16 de julio de 1957,Polonia
3157,Radoslaw Sobolewski,64,1.82 m,13 de diciembre de 1976,Polonia
3158,Karol Swiderski,64,1.84 m,23 de enero de 1997,Polonia
3159,Piotr Swierczewski,64,1.80 m,8 de abril de 1972,Polonia
3160,Andrzej Szarmach,64,,3 de octubre de 1950,Polonia
3161,Wojciech Szczęsny,64,1.95 m,18 de abril de 1990,Polonia
3162,Fryedryk Szerfke,64,,7 de septiembre de 1909,Polonia
3163,Wladyslaw Szszepaniak,64,,19 de mayo de 1910,Polonia
3164,Antoni Szymanowski,64,,13 de enero de 1951,Polonia
3165,Damian Szymanski,64,1.85 m,16 de junio de 1995,Polonia
3166,Sebastian Szymański,64,1.74 m,10 de mayo de 1999,Polonia
3167,Miroslav Szymkowiak,64,1.79 m,12 de noviembre de 1976,Polonia
3168,Ryszard Tarasiewicz,64,,27 de abril de 1962,Polonia
3169,Lukasz Teodorczyk,64,1.85 m,3 de junio de 1991,Polonia
3170,Jan Tomaszewski,64,,9 de enero de 1948,Polonia
3171,Edmund Tworz,64,,1 de enero de 1914,Polonia
3172,Jan Urban,64,,14 de mayo de 1962,Polonia
3173,Tomasz Waldoch,64,1.87 m,10 de mayo de 1971,Polonia
3174,Jozef Wandzik,64,,13 de agosto de 1963,Polonia
3175,Jan Wasiewicz,64,,6 de enero de 1911,Polonia
3176,Henryk Wieczorek,64,,14 de diciembre de 1949,Polonia
3177,Mateusz Wieteska,64,1.87 m,11 de febrero de 1997,Polonia
3178,Ernest Wilimowski,64,,23 de junio de 1916,Polonia
3179,Gerard Wodarz,64,,10 de agosto de 1913,Polonia
3180,Roman Wojcicki,64,,8 de enero de 1958,Polonia
3181,Nicola Zalewski,64,1.75 m,23 de enero de 2002,Polonia
3182,Marcin Zewlakow,64,1.83 m,22 de abril de 1976,Polonia
3183,Michal Zewlakow,64,1.83 m,22 de abril de 1976,Polonia
3184,Andrzej Zgutczynski,64,,1 de enero de 1958,Polonia
3185,Jacek Zielinski,64,1.84 m,10 de octubre de 1967,Polonia
3186,Piotr Zieliński,64,1.77 m,20 de mayo de 1994,Polonia
3187,Wladyslaw Zmuda,64,,6 de junio de 1954,Polonia
3188,Maciej Zurawski,64,1.80 m,12 de septiembre de 1976,Polonia
3189,Szymon Zurkowski,64,1.85 m,25 de septiembre de 1997,Polonia
3190,Abel Xavier,65,1.89 m,30 de noviembre de 1972,Portugal
3191,Alexandre Baptista,65,,17 de febrero de 1941,Portugal
3192,André Almeida,65,1.86 m,10 de septiembre de 1990,Portugal
3193,Hugo Almeida,65,1.93 m,23 de mayo de 1984,Portugal
3194,Alvaro,65,,3 de enero de 1961,Portugal
3195,Bruno Alves,65,1.87 m,27 de noviembre de 1981,Portugal
3196,Americo,65,,6 de marzo de 1933,Portugal
3197,Ruben Amorim,65,1.80 m,27 de enero de 1985,Portugal
3199,Antonio Sousa,65,,28 de abril de 1957,Portugal
3200,Bandeirinha,65,,26 de noviembre de 1962,Portugal
3201,Bento,65,,25 de junio de 1948,Portugal
3202,Beto,65,1.83 m,1 de mayo de 1982,Portugal
3203,Boa Morte,65,1.80 m,4 de agosto de 1977,Portugal
3204,João Cancelo,65,1.82 m,27 de mayo de 1994,Portugal
3205,Caneira,65,1.78 m,9 de febrero de 1979,Portugal
3206,Capucho,65,1.80 m,21 de febrero de 1972,Portugal
3207,Carlos Manuel,7,,15 de enero de 1958,Australia
3208,Carvalho,65,,18 de abril de 1937,Portugal
3209,William Carvalho,65,1.90 m,7 de abril de 1992,Portugal
3210,Fabio Coentrao,65,1.81 m,11 de marzo de 1988,Portugal
3211,Coluna,65,,6 de agosto de 1935,Portugal
3212,Diogo Costa,34,1.92 m,19 de septiembre de 1999,España
3213,Ricardo Costa,65,1.83 m,16 de mayo de 1981,Portugal
3214,Costinha,65,1.80 m,1 de diciembre de 1974,Portugal
3215,Cruz,56,,12 de agosto de 1940,México
3216,Custodio Pinto,65,,9 de febrero de 1942,Portugal
3217,Diogo Dalot,65,1.84 m,18 de marzo de 1999,Portugal
3218,Damas,65,,8 de octubre de 1947,Portugal
3219,Daniel Fernandes,74,1.94 m,25 de septiembre de 1983,Suiza
3220,Danny,65,1.79 m,7 de agosto de 1983,Portugal
3221,Deco,65,1.75 m,27 de agosto de 1977,Portugal
3222,Diamantino,65,,3 de agosto de 1959,Portugal
3223,Rúben Dias,65,1.87 m,14 de mayo de 1997,Portugal
3224,Duda,65,1.75 m,27 de junio de 1980,Portugal
3225,Eder,65,,,
3226,Eduardo,65,1.78 m,25 de febrero de 1983,Portugal
3227,Ernesto,65,,6 de julio de 1937,Portugal
3228,Eusebio,65,,25 de enero de 1942,Portugal
3229,João Félix,65,1.81 m,10 de noviembre de 1999,Portugal
3230,Bruno Fernandes,74,1.83 m,8 de septiembre de 1994,Suiza
3231,Manuel Fernandes,65,1.75 m,5 de febrero de 1986,Portugal
3232,Fernando Fernando Couto,65,1.84 m,2 de agosto de 1969,Portugal
3233,Fernando Meira,65,1.92 m,5 de junio de 1978,Portugal
3234,Festa,65,,21 de julio de 1939,Portugal
3235,Luis Figo,65,1.80 m,4 de noviembre de 1972,Portugal
3236,José Fonte,65,1.87 m,22 de diciembre de 1983,Portugal
3237,Frechaut,65,1.84 m,24 de septiembre de 1977,Portugal
3238,Frederico,65,,6 de abril de 1957,Portugal
3239,Futre,65,,28 de febrero de 1966,Portugal
3240,Germano,65,,18 de enero de 1933,Portugal
3241,Gomes,65,1.91 m,15 de febrero de 1981,Portugal
3242,Gonçalo Guedes,65,1.79 m,29 de noviembre de 1996,Portugal
3243,Raphaël Guerreiro,65,1.70 m,22 de diciembre de 1993,Portugal
3245,Ricardo Horta,65,1.73 m,15 de septiembre de 1994,Portugal
3246,Hugo Viana,65,1.79 m,15 de enero de 1983,Portugal
3247,Inacio,65,,1 de febrero de 1955,Portugal
3248,Jaime Graca,65,,10 de enero de 1942,Portugal
3249,Jaime Magalhaes,65,,10 de julio de 1962,Portugal
3250,Joao Pinto,65,1.71 m,19 de agosto de 1971,Portugal
3251,Jorge Andrade,80,1.84 m,9 de abril de 1978,Uruguay
3252,Jorge Costa,34,1.88 m,14 de octubre de 1971,España
3253,Jorge Martins,65,,22 de agosto de 1954,Portugal
3254,Jose Antonio,65,,29 de octubre de 1957,Portugal
3255,Jose Augusto,65,,13 de abril de 1937,Portugal
3256,Jose Carlos,65,,22 de septiembre de 1941,Portugal
3257,Jose Pereira,65,,15 de septiembre de 1931,Portugal
3258,Rafael Leão,65,1.88 m,10 de junio de 1999,Portugal
3259,Liedson,65,1.73 m,17 de diciembre de 1977,Portugal
3260,Anthony Lopes,65,1.84 m,1 de octubre de 1990,Portugal
3261,Lourenco,65,,8 de abril de 1942,Portugal
3262,Maniche,65,1.79 m,11 de noviembre de 1977,Portugal
3263,Manuel Duarte,65,,20 de mayo de 1943,Portugal
3264,João Mário,65,1.79 m,19 de enero de 1993,Portugal
3265,Mário Rui,65,1.68 m,27 de mayo de 1991,Portugal
3266,Gelson Martins,65,1.70 m,11 de mayo de 1995,Portugal
3267,Raul Meireles,65,1.79 m,17 de marzo de 1983,Portugal
3268,Nuno Mendes,65,1.76 m,19 de junio de 2002,Portugal
3269,Miguel,16,1.75 m,4 de enero de 1980,Catar
3270,Otávio Monteiro,65,1.72 m,9 de febrero de 1995,Portugal
3271,Morais,65,,6 de marzo de 1935,Portugal
3272,Morato,65,,6 de noviembre de 1964,Portugal
3273,João Moutinho,65,1.70 m,15 de septiembre de 1986,Portugal
3274,Nani,65,,,
3275,Nelson,65,1.87 m,20 de octubre de 1975,Portugal
3276,Neto,65,1.87 m,26 de mayo de 1988,Portugal
3277,Rúben Neves,65,1.80 m,13 de marzo de 1997,Portugal
3278,Matheus Nunes,65,1.81 m,27 de agosto de 1998,Portugal
3279,Nuno Gomes,65,1.81 m,5 de julio de 1976,Portugal
3280,Nuno Valente,65,1.82 m,12 de septiembre de 1974,Portugal
3281,Oliveira,13,,8 de junio de 1958,Bélgica
3282,Pacheco,65,,22 de julio de 1958,Portugal
3283,João Palhinha,65,1.90 m,9 de julio de 1995,Portugal
3284,Rui Patricio,65,1.89 m,15 de febrero de 1988,Portugal
3285,Pauleta,65,1.81 m,28 de abril de 1973,Portugal
3286,Paulo Bento,65,1.75 m,20 de junio de 1969,Portugal
3287,Paulo Ferreira,65,1.81 m,18 de enero de 1979,Portugal
3288,Paulo Santos,78,1.84 m,11 de diciembre de 1972,Túnez
3289,Paulo Sousa,65,1.77 m,30 de agosto de 1970,Portugal
3290,Pedro Barbosa,65,1.82 m,6 de agosto de 1970,Portugal
3291,Pedro Mendes,65,1.77 m,26 de febrero de 1979,Portugal
3292,Pepe,65,,,
3293,Danilo Pereira,65,1.88 m,9 de septiembre de 1991,Portugal
3294,João Pereira,65,1.72 m,25 de febrero de 1984,Portugal
3295,Ricardo Pereira,65,1.75 m,6 de octubre de 1993,Portugal
3296,Peres,65,,8 de enero de 1942,Portugal
3297,Petit,13,1.78 m,25 de septiembre de 1976,Bélgica
3298,Helder Postiga,65,1.82 m,2 de agosto de 1982,Portugal
3299,Ricardo Quaresma,65,1.75 m,26 de septiembre de 1983,Portugal
3300,Quim,65,1.84 m,13 de noviembre de 1975,Portugal
3301,Rafa,65,1.70 m,17 de mayo de 1993,Portugal
3302,Gonçalo Ramos,65,1.85 m,20 de junio de 2001,Portugal
3303,Ribeiro,65,,2 de noviembre de 1957,Portugal
3304,Ricardo,3,1.88 m,11 de febrero de 1976,Angola
3305,Ricardo Carvalho,65,1.83 m,18 de mayo de 1978,Portugal
3306,Rolando,65,1.89 m,31 de agosto de 1985,Portugal
3307,Cristiano Ronaldo,65,1.87 m,5 de febrero de 1985,Portugal
3308,Rui Aguas,65,,28 de abril de 1960,Portugal
3309,Rui Costa,34,1.80 m,29 de marzo de 1972,España
3310,Rui Jorge,65,1.73 m,27 de marzo de 1973,Portugal
3311,José Sá,65,1.92 m,17 de enero de 1993,Portugal
3312,Sergio Conceicao,65,1.77 m,15 de noviembre de 1974,Portugal
3313,Adrien Silva,65,1.76 m,15 de marzo de 1989,Portugal
3314,André Silva,65,1.84 m,6 de noviembre de 1995,Portugal
3315,António Silva,80,1.87 m,30 de octubre de 2003,Uruguay
3316,Bernardo Silva,65,1.73 m,10 de agosto de 1994,Portugal
3317,Simao,65,1.70 m,31 de octubre de 1979,Portugal
3318,Simoes,65,,14 de diciembre de 1943,Portugal
3319,Cédric Soares,65,1.72 m,31 de agosto de 1991,Portugal
3320,Sobrinho,65,,5 de mayo de 1961,Portugal
3321,Tiago,65,1.83 m,2 de mayo de 1981,Portugal
3322,Jose Torres,65,,8 de septiembre de 1938,Portugal
3323,Silvestre Varela,80,1.80 m,2 de febrero de 1985,Uruguay
3324,Miguel Veloso,65,1.81 m,11 de mayo de 1986,Portugal
3325,Vicente,65,,24 de septiembre de 1935,Portugal
3326,Vieirinha,65,1.73 m,24 de enero de 1986,Portugal
3327,Vitinha,65,1.72 m,13 de febrero de 2000,Portugal
3328,Vitor Baia,65,1.84 m,15 de octubre de 1969,Portugal
3329,Henock Abrahamsson,73,,29 de octubre de 1909,Suecia
3330,Thomas Ahlstrom,73,,17 de julio de 1952,Suecia
3331,Olle Ahlund,73,,22 de agosto de 1920,Suecia
3332,Niclas Alexandersson,73,1.81 m,29 de diciembre de 1971,Suecia
3333,Marcus Allback,73,1.80 m,5 de julio de 1973,Suecia
3334,Erik Almgren,73,,28 de enero de 1908,Suecia
3335,John Alvbage,73,1.87 m,10 de agosto de 1982,Suecia
3336,Roland Aman,73,,30 de enero de 1957,Suecia
3337,Ake Andersson,73,,22 de abril de 1917,Suecia
3338,Andreas Andersson,73,1.85 m,10 de abril de 1974,Suecia
3339,Bjorn Andersson,73,,20 de julio de 1951,Suecia
3340,Daniel Andersson,73,1.78 m,28 de agosto de 1977,Suecia
3341,Ernst Andersson,73,,26 de marzo de 1909,Suecia
3342,Harry Andersson,73,,7 de marzo de 1913,Suecia
3343,Kennet Andersson,73,,6 de octubre de 1967,Suecia
3344,Magnus Andersson,73,,23 de abril de 1958,Suecia
3345,Otto Andersson,73,,7 de mayo de 1910,Suecia
3346,Patrik Andersson,73,1.85 m,18 de agosto de 1971,Suecia
3347,Roland Andersson,73,,28 de marzo de 1950,Suecia
3348,Roy Andersson,73,,2 de agosto de 1949,Suecia
3349,Sune Andersson,73,,27 de febrero de 1921,Suecia
3350,Sven Andersson,73,,6 de octubre de 1963,Suecia
3351,Tomas Antonelius,73,1.79 m,7 de mayo de 1973,Suecia
3352,Sanny Aslund,73,,29 de agosto de 1952,Suecia
3353,Ludwig Augustinsson,73,1.81 m,21 de abril de 1994,Suecia
3354,Jorgen Augustsson,73,,28 de octubre de 1952,Suecia
3355,Sven Axbom,73,,15 de octubre de 1926,Suecia
3356,Kurt Axelsson,73,,10 de noviembre de 1941,Suecia
3357,Nils Axelsson,73,,18 de enero de 1906,Suecia
3358,Marcus Berg,73,1.84 m,17 de agosto de 1986,Suecia
3359,Orvar Bergmark,73,,16 de noviembre de 1930,Suecia
3360,Curt Bergsten,73,,,Suecia
3361,Bengt Berndtsson,73,,26 de enero de 1933,Suecia
3362,Joachim Bjorklund,73,1.85 m,15 de marzo de 1971,Suecia
3363,Jesper Blomqvist,73,,5 de febrero de 1974,Suecia
3364,Hasse Borg,73,,4 de agosto de 1953,Suecia
3365,Reino Borjesson,73,,4 de febrero de 1929,Suecia
3366,Tomas Brolin,73,,29 de noviembre de 1969,Suecia
3367,Lennart Bunke,73,,,Suecia
3368,Rune Carlsson,73,,1 de octubre de 1909,Suecia
3369,Viktor Claesson,73,1.83 m,2 de enero de 1992,Suecia
3370,Claes Cronqvist,73,,15 de octubre de 1944,Suecia
3371,Martin Dahlin,73,,16 de abril de 1968,Suecia
3372,Gosta Dunker,73,,16 de septiembre de 1905,Suecia
3373,Jimmy Durmaz,73,1.80 m,22 de marzo de 1989,Suecia
3374,Erik Edman,73,1.79 m,11 de noviembre de 1978,Suecia
3375,Ralf Edstrom,73,,7 de octubre de 1952,Suecia
3376,Inge Ejderstedt,73,,24 de diciembre de 1946,Suecia
3377,Albin Ekdal,73,1.86 m,28 de julio de 1989,Suecia
3378,Johnny Ekstrom,73,,5 de marzo de 1965,Suecia
3379,Johan Elmander,73,1.88 m,27 de mayo de 1981,Suecia
3380,Leif Engqvist,73,,30 de julio de 1962,Suecia
3381,Ivar Eriksson,73,,25 de diciembre de 1909,Suecia
3382,Jan Eriksson,73,,24 de agosto de 1967,Suecia
3383,Lars Eriksson,73,,21 de septiembre de 1965,Suecia
3384,Leif Eriksson,73,,20 de marzo de 1942,Suecia
3385,Ingemar Erlandsson,73,,16 de noviembre de 1957,Suecia
3386,Magnus Erlingmark,73,,8 de julio de 1968,Suecia
3387,Pontus Farnerud,73,1.80 m,4 de junio de 1980,Suecia
3388,Emil Forsberg,73,1.79 m,23 de octubre de 1991,Suecia
3389,Ingvar Gard,73,,6 de octubre de 1921,Suecia
3390,Karl Erik Grahn,73,,5 de noviembre de 1914,Suecia
3391,Ove Grahn,73,,9 de mayo de 1943,Suecia
3392,Erik Granath,73,,,Suecia
3393,Andreas Granqvist,73,1.92 m,16 de abril de 1985,Suecia
3394,Gunnar Gren,73,,31 de octubre de 1920,Suecia
3395,Mats Gren,73,,20 de diciembre de 1963,Suecia
3396,Roland Grip,73,,1 de enero de 1941,Suecia
3397,John Guidetti,73,1.85 m,15 de abril de 1992,Suecia
3398,Bengt Gustavsson,73,,13 de enero de 1928,Suecia
3399,Ragnar Gustavsson,73,,28 de septiembre de 1907,Suecia
3400,Goran Hagberg,73,,8 de noviembre de 1947,Suecia
3401,Olle Hakansson,73,,22 de febrero de 1927,Suecia
3402,Kurt Hamrin,73,,19 de noviembre de 1934,Suecia
3403,Knut Hansson,73,,9 de mayo de 1911,Suecia
3404,Petter Hansson,73,1.86 m,14 de diciembre de 1976,Suecia
3405,Ingemar Haraldsson,73,,3 de febrero de 1928,Suecia
3406,Magnus Hedman,73,1.93 m,19 de marzo de 1973,Suecia
3407,Filip Helander,73,1.92 m,22 de abril de 1993,Suecia
3408,Ronnie Hellstrom,73,,21 de febrero de 1949,Suecia
3409,Oscar Hiljemark,73,1.84 m,28 de junio de 1992,Suecia
3410,Glenn Hysen,73,,30 de octubre de 1959,Suecia
3411,Zlatan Ibrahimovic,73,1.95 m,3 de octubre de 1981,Suecia
3412,Klas Ingesson,73,,20 de agosto de 1968,Suecia
3413,Andreas Isaksson,73,1.99 m,3 de octubre de 1981,Suecia
3414,Sven Jacobsson,73,,17 de abril de 1914,Suecia
3415,Andreas Jakobsson,73,1.89 m,6 de octubre de 1972,Suecia
3416,Gunnar Jansson,73,,,Suecia
3417,Pontus Jansson,73,1.90 m,13 de febrero de 1991,Suecia
3418,Ulrik Jansson,73,,2 de febrero de 1968,Suecia
3419,Hans Jeppsson,73,,10 de mayo de 1925,Suecia
3420,Ake Johansson,73,,19 de marzo de 1928,Suecia
3421,Gunnar Johansson Ii,73,,29 de febrero de 1924,Suecia
3422,Karl Johnsson,73,,,Suecia
3423,Karl-Johan Johnsson,73,1.87 m,28 de enero de 1990,Suecia
3424,Sven Jonasson,73,,9 de julio de 1909,Suecia
3425,Mattias Jonson,73,1.78 m,16 de enero de 1974,Suecia
3426,Egon Jonsson,73,,8 de octubre de 1921,Suecia
3427,Henry Kallgren,73,,13 de marzo de 1931,Suecia
3428,Olle Kallgren,73,,7 de septiembre de 1907,Suecia
3429,Kim Kallstrom,73,1.81 m,24 de agosto de 1982,Suecia
3430,Pontus Kamark,73,1.77 m,5 de abril de 1969,Suecia
3431,Kent Karlsson,73,,25 de noviembre de 1945,Suecia
3432,Tore Keller,73,,4 de enero de 1905,Suecia
3433,Isaac Kiese Thelin,73,1.89 m,24 de junio de 1992,Suecia
3434,Magnus Kihlstedt,73,1.90 m,29 de febrero de 1972,Suecia
3435,Ove Kindvall,73,,16 de mayo de 1943,Suecia
3436,Krister Kirstersson,73,,25 de julio de 1942,Suecia
3437,Emil Krafth,73,1.81 m,2 de agosto de 1994,Suecia
3438,Knut Kroon,73,,19 de junio de 1906,Suecia
3439,Bo Larsson,73,,5 de mayo de 1944,Suecia
3440,Henrik Larsson,73,1.77 m,20 de septiembre de 1971,Suecia
3441,Lennart Larsson,73,,9 de julio de 1953,Suecia
3442,Peter Larsson,73,,8 de marzo de 1961,Suecia
3443,Sebastian Larsson,73,1.78 m,6 de junio de 1985,Suecia
3444,Sven-Gunnar Larsson,73,,10 de mayo de 1940,Suecia
3445,Nils Liedholm,73,,8 de octubre de 1922,Suecia
3446,Anders Limpar,73,,24 de septiembre de 1965,Suecia
3447,Torsten Lindberg,73,,14 de abril de 1917,Suecia
3448,Victor Lindelöf,73,1.87 m,17 de julio de 1994,Suecia
3449,Arne Linderholm,73,,22 de febrero de 1916,Suecia
3450,Anders Linderoth,73,,21 de marzo de 1950,Suecia
3451,Tobias Linderoth,73,1.77 m,21 de abril de 1979,Suecia
3452,Sven Lindman,73,,19 de abril de 1942,Suecia
3453,Roger Ljung,73,,8 de enero de 1966,Suecia
3454,Fredrik Ljungberg,73,1.76 m,16 de abril de 1977,Suecia
3455,Gosta Lofgren,73,,29 de agosto de 1923,Suecia
3456,Teddy Lucic,73,1.87 m,15 de abril de 1973,Suecia
3457,Mikael Lustig,73,1.91 m,13 de diciembre de 1986,Suecia
3458,Benno Magnusson,73,,4 de febrero de 1953,Suecia
3459,Mats Magnusson,73,,10 de julio de 1963,Suecia
3460,Leif Malberg,73,,1 de septiembre de 1945,Suecia
3461,Arne Mansson,73,,,Suecia
3462,Bror Mellberg,73,,9 de diciembre de 1923,Suecia
3463,Olof Mellberg,73,1.84 m,3 de septiembre de 1977,Suecia
3464,Hakan Mild,73,1.82 m,14 de junio de 1971,Suecia
3465,Johan Mjallby,73,1.86 m,9 de febrero de 1971,Suecia
3466,Jan Moller,26,,17 de septiembre de 1953,Dinamarca
3467,Goran Nicklasson,73,,20 de agosto de 1942,Suecia
3468,Erik Nilsson,73,,6 de agosto de 1916,Suecia
3469,Harry Nilsson,73,,,Suecia
3470,Joakim Nilsson,73,,31 de marzo de 1966,Suecia
3471,Mikael Nilsson,73,1.82 m,24 de junio de 1978,Suecia
3472,Roland Nilsson,73,,27 de noviembre de 1963,Suecia
3473,Stellan Nilsson,73,,28 de mayo de 1922,Suecia
3474,Torbjorn Nilsson,73,,9 de julio de 1954,Suecia
3475,Knut Nordahl,73,,13 de enero de 1920,Suecia
3476,Thomas Nordahl,73,,24 de mayo de 1946,Suecia
3477,Kristoffer Nordfeldt,73,1.90 m,23 de junio de 1989,Suecia
3478,Olle Nordin,73,,23 de noviembre de 1949,Suecia
3479,Bjorn Nordqvist,73,,6 de octubre de 1942,Suecia
3480,Arne Nyberg,73,,20 de junio de 1913,Suecia
3481,Niclas Nyhlen,73,,21 de marzo de 1966,Suecia
3482,Prawitz Oberg,73,,16 de noviembre de 1930,Suecia
3483,Ove Ohlsson,73,,19 de agosto de 1938,Suecia
3484,Robin Olsen,73,1.98 m,8 de enero de 1990,Suecia
3485,Gunnar Olsson,73,,19 de julio de 1908,Suecia
3486,Jan Olsson,73,,30 de marzo de 1942,Suecia
3487,Martin Olsson,73,1.70 m,17 de mayo de 1988,Suecia
3488,Karl-Erik Palmer,73,,17 de abril de 1929,Suecia
3489,Sten Palsson,73,,4 de diciembre de 1945,Suecia
3490,Sigge Parling,73,,26 de marzo de 1930,Suecia
3491,Erik Persson,73,,19 de noviembre de 1909,Suecia
3492,Orjan Persson,73,,27 de agosto de 1942,Suecia
3493,Stefan Petterson,73,,22 de marzo de 1963,Suecia
3494,Ronny Pettersson,73,,26 de abril de 1940,Suecia
3495,Thomas Ravelli,73,,13 de agosto de 1959,Suecia
3496,Stefan Rehn,73,,22 de septiembre de 1966,Suecia
3497,Marcus Rohdén,73,1.82 m,11 de mayo de 1991,Suecia
3498,Nils Rosen,73,,22 de mayo de 1902,Suecia
3499,Markus Rosenberg,73,1.84 m,27 de septiembre de 1982,Suecia
3500,Anders Rydberg,73,,3 de marzo de 1903,Suecia
3501,Ingvar Rydell,73,,7 de mayo de 1922,Suecia
3502,Lennart Samuelsson,73,,7 de julio de 1924,Suecia
3503,Roland Sandberg,73,,16 de diciembre de 1946,Suecia
3504,Stefan Schwarz,73,,18 de abril de 1969,Suecia
3505,Hans Selander,73,,15 de marzo de 1945,Suecia
3506,Arne Selmonsson,73,,29 de marzo de 1931,Suecia
3507,Rami Shaaban,73,1.93 m,30 de junio de 1975,Suecia
3508,Agne Simonsson,73,,19 de octubre de 1935,Suecia
3509,Gustav Sjoberg,73,,23 de marzo de 1913,Suecia
3510,Thomas Sjoberg,73,,6 de julio de 1952,Suecia
3511,Lennart Skoglund,73,,24 de diciembre de 1929,Suecia
3512,Fredrik Stenman,73,1.87 m,2 de junio de 1983,Suecia
3513,Glenn Stromberg,73,,5 de enero de 1960,Suecia
3514,Stig Sundqvist,73,,19 de julio de 1922,Suecia
3515,Kurt Svanstrom,73,,24 de marzo de 1915,Suecia
3516,Anders Svensson,73,1.77 m,17 de julio de 1976,Suecia
3517,Gustav Svensson,73,1.84 m,7 de febrero de 1987,Suecia
3518,Kalle Svensson,73,,11 de noviembre de 1925,Suecia
3519,Karl Svensson,73,1.89 m,21 de marzo de 1984,Suecia
3520,Magnus Svensson,73,1.72 m,10 de marzo de 1969,Suecia
3521,Michael Svensson,73,1.89 m,25 de noviembre de 1975,Suecia
3522,Tommy Svensson,73,,4 de marzo de 1945,Suecia
3523,Tore Svensson,73,,6 de diciembre de 1927,Suecia
3524,Staffan Tapper,73,,10 de julio de 1948,Suecia
3525,Jonas Thern,73,,20 de marzo de 1967,Suecia
3526,Arvid Thoern,73,,,Suecia
3527,Ola Toivonen,73,1.91 m,3 de julio de 1986,Suecia
3528,Conny Torstensson,73,,28 de agosto de 1949,Suecia
3529,Tom Turesson,73,,17 de mayo de 1942,Suecia
3530,Sven Unger,73,,,Suecia
3531,Benny Wendt,73,,4 de noviembre de 1950,Suecia
3532,Gustav Wetterstrom,73,,15 de octubre de 1911,Suecia
3533,Eivar Widlund,73,,1 de enero de 1906,Suecia
3534,Christian Wilhelmsson,73,1.77 m,8 de diciembre de 1979,Suecia
3535,Jovan Acimovic,33,,21 de junio de 1948,Eslovenia
3536,Andrija Ankovic,71,,16 de julio de 1937,Serbia
3537,Milorad Arsenijevic,71,,6 de junio de 1906,Serbia
3538,Aleksandar Atanackovic,71,,29 de abril de 1920,Serbia
3539,Srdan Babic,71,1.95 m,22 de abril de 1996,Serbia
3540,Dusan Bajevic,71,,10 de diciembre de 1948,Serbia
3541,Mirsad Baljic,71,,4 de marzo de 1962,Serbia
3542,Dusan Basta,71,1.83 m,18 de agosto de 1984,Serbia
3543,Vladimir Beara,71,,2 de noviembre de 1928,Serbia
3544,Ivica Bek,71,,29 de octubre de 1909,Serbia
3545,Bruno Belin,71,,16 de enero de 1929,Serbia
3546,Stjepan Bobek,71,,3 de diciembre de 1923,Serbia
3547,Vladislav Bogicevic,71,,7 de noviembre de 1950,Serbia
3548,Alen Boksic,71,1.87 m,21 de enero de 1970,Serbia
3549,Vujadin Boskov,71,,16 de mayo de 1931,Serbia
3550,Branko Brnovic,71,,8 de agosto de 1967,Serbia
3551,Dragoljub Brnovic,71,,2 de noviembre de 1963,Serbia
3552,Bozo Broketa,71,,24 de diciembre de 1921,Serbia
3553,Ivan Buljan,71,,11 de diciembre de 1949,Serbia
3554,Zeljko Cajkovski,71,,5 de mayo de 1925,Serbia
3555,Zlatko Cajkovski,71,,24 de noviembre de 1923,Serbia
3556,Ratko Colic,71,,17 de marzo de 1918,Serbia
3557,Tomislav Crnkovic,71,,17 de junio de 1929,Serbia
3558,Stjepan Deveric,71,,20 de agosto de 1961,Serbia
3559,Predrag Djajic,71,,1 de mayo de 1922,Serbia
3560,Momcilo Djokic,71,,27 de febrero de 1911,Serbia
3561,Nenad Djordjevic,71,1.83 m,7 de agosto de 1979,Serbia
3562,Predrag Djordjevic,71,1.84 m,4 de agosto de 1972,Serbia
3563,Goran Djorovic,71,,11 de noviembre de 1971,Serbia
3564,Miroslav Djukic,71,,19 de febrero de 1966,Serbia
3565,Andjelko Djuricic,71,1.94 m,21 de noviembre de 1980,Serbia
3566,Filip Djuricic,71,1.76 m,30 de enero de 1992,Serbia
3567,Marko Dmitrović,71,1.94 m,24 de enero de 1992,Serbia
3568,Kiril Dojcinovski,71,,17 de octubre de 1943,Serbia
3569,Ivica Dragutinovic,71,1.84 m,13 de noviembre de 1975,Serbia
3570,Ljubinko Drulovic,71,,11 de septiembre de 1968,Serbia
3571,Milan Dudic,71,1.83 m,1 de noviembre de 1979,Serbia
3572,Igor Duljaj,71,1.75 m,29 de octubre de 1979,Serbia
3573,Vladimir Durkovic,71,,6 de noviembre de 1937,Serbia
3574,Dionizije Dvornic,71,,27 de abril de 1926,Serbia
3575,Dragan Dzajic,71,,30 de mayo de 1946,Serbia
3576,Strahinja Erakovic,71,1.84 m,22 de enero de 2001,Serbia
3577,Ivan Ergic,71,1.85 m,21 de enero de 1981,Serbia
3578,Vladimir Firm,71,,1 de enero de 1923,Serbia
3579,Milan Galic,33,,8 de marzo de 1938,Eslovenia
3580,Goran Gavrancic,71,1.91 m,2 de agosto de 1978,Serbia
3581,Dejan Govedarica,71,,2 de octubre de 1969,Serbia
3582,Marko Grujić,71,1.91 m,13 de abril de 1996,Serbia
3583,Ivan Gudelj,71,,21 de septiembre de 1960,Serbia
3584,Nemanja Gudelj,71,1.87 m,16 de noviembre de 1991,Serbia
3585,Enver Hadziabdic,71,,6 de noviembre de 1945,Serbia
3586,Faruk Hadzibegic,71,,7 de octubre de 1957,Serbia
3587,Vahid Halilhodzic,71,,15 de octubre de 1952,Serbia
3588,Ivan Horvat,71,,16 de julio de 1926,Serbia
3589,Branislav Hrnjicek,71,,5 de junio de 1908,Serbia
3590,Milos Hrstic,71,,20 de noviembre de 1955,Serbia
3591,Ivan Ilic,71,1.82 m,17 de marzo de 2001,Serbia
3592,Sasa Ilic,33,1.78 m,30 de diciembre de 1977,Eslovenia
3593,Gordan Irovic,71,,,Serbia
3594,Bojan Isailovic,71,1.92 m,25 de marzo de 1980,Serbia
3595,Branislav Ivanovic,71,1.88 m,22 de febrero de 1984,Serbia
3596,Milutin Ivkovic,71,,3 de marzo de 1906,Serbia
3597,Tomislav Ivkovic,71,,11 de agosto de 1960,Serbia
3598,Aleksandar Ivos,71,,28 de junio de 1931,Serbia
3599,Milovan Jaksic,71,,21 de septiembre de 1909,Serbia
3600,Robert Jarni,71,1.80 m,26 de octubre de 1968,Serbia
3601,Drazen Jerkovic,71,,6 de agosto de 1936,Serbia
3602,Jurica Jerkovic,71,,25 de febrero de 1950,Serbia
3603,Ive Jerolimov,71,,30 de marzo de 1958,Serbia
3604,Dragoslav Jevric,71,1.86 m,8 de julio de 1974,Serbia
3605,Slavisa Jokanovic,71,,16 de agosto de 1968,Serbia
3606,Milan Jovanovic,71,1.83 m,18 de abril de 1981,Serbia
3607,Miodrag Jovanovic,71,,17 de enero de 1922,Serbia
3608,Nikola Jovanovic,71,,18 de septiembre de 1952,Serbia
3609,Luka Jović,71,1.81 m,23 de diciembre de 1997,Serbia
3610,Davor Jozic,71,,22 de septiembre de 1960,Serbia
3611,Vladimir Jugovic,71,,30 de agosto de 1969,Serbia
3612,Fahrudin Jusufi,71,,8 de diciembre de 1939,Serbia
3613,Gojko Kacar,71,1.85 m,26 de enero de 1987,Serbia
3614,Stanislav Karasi,71,,8 de noviembre de 1946,Serbia
3615,Josip Katalinski,71,,12 de mayo de 1948,Serbia
3616,Srecko Katanec,71,,16 de julio de 1963,Serbia
3617,Ervin Katnic,71,,,Serbia
3618,Mateja Kezman,71,1.80 m,12 de abril de 1979,Serbia
3619,Aleksandar Kolarov,71,1.87 m,10 de noviembre de 1985,Serbia
3620,Slobodan Komljenovic,71,,2 de enero de 1971,Serbia
3621,Ognjen Koroman,71,1.79 m,19 de septiembre de 1978,Serbia
3622,Filip Kostić,71,1.84 m,1 de noviembre de 1992,Serbia
3623,Darko Kovacevic,71,1.88 m,18 de noviembre de 1973,Serbia
3624,Oliver Kovacevic,71,1.86 m,29 de octubre de 1974,Serbia
3625,Vladimir Kovacevic,71,,7 de enero de 1940,Serbia
3626,Branko Kralj,71,,10 de marzo de 1924,Serbia
3627,Ivica Kralj,71,,26 de marzo de 1973,Serbia
3628,Milos Krasic,71,1.85 m,1 de noviembre de 1984,Serbia
3629,Srboljub Krivokuca,71,,14 de marzo de 1928,Serbia
3630,Zlatko Krmpotic,71,,7 de agosto de 1958,Serbia
3631,Mladen Krstajic,71,1.91 m,4 de marzo de 1974,Serbia
3632,Dobrosav Krstic,71,,5 de febrero de 1934,Serbia
3633,Zdravko Kuzmanovic,71,1.87 m,22 de septiembre de 1987,Serbia
3634,Danko Lazovic,71,1.85 m,17 de mayo de 1983,Serbia
3635,Darko Lazovic,71,1.81 m,15 de septiembre de 1990,Serbia
3636,Dragoje Lekovic,71,,21 de noviembre de 1967,Serbia
3637,Luka Liposinovic,71,,12 de mayo de 1933,Serbia
3638,Adem Ljajić,71,1.81 m,29 de septiembre de 1991,Serbia
3639,Danijel Ljuboja,71,1.87 m,4 de septiembre de 1978,Serbia
3640,Sasa Lukic,71,1.83 m,13 de agosto de 1996,Serbia
3641,Aleksandar Lukovic,71,1.84 m,23 de octubre de 1982,Serbia
3642,Nemanja Maksimović,71,1.89 m,26 de enero de 1995,Serbia
3643,Lav Mantula,71,,8 de diciembre de 1928,Serbia
3644,Enver Maric,71,,23 de abril de 1948,Serbia
3645,Blagoje Marjanovic,71,,9 de septiembre de 1907,Serbia
3646,Vlatko Markovic,71,,1 de enero de 1937,Serbia
3647,Nemanja Matić,71,1.94 m,1 de agosto de 1988,Serbia
3648,Zeljko Matus,71,,9 de agosto de 1935,Serbia
3649,Vojislav Melic,71,,5 de enero de 1940,Serbia
3650,Rizah Meskovic,71,,10 de agosto de 1947,Serbia
3651,Dragan Mihajlovic,71,,13 de diciembre de 1906,Serbia
3652,Prvoslav Mihajlovic,71,,13 de abril de 1921,Serbia
3653,Sinisa Mihajlovic,71,,20 de febrero de 1969,Serbia
3654,Predrag Mijatovic,71,,19 de enero de 1969,Serbia
3655,Nikola Milenković,71,1.95 m,12 de octubre de 1997,Serbia
3656,Nenad Milijas,71,1.82 m,30 de abril de 1983,Serbia
3657,Sergej Milinković-Savić,71,1.92 m,27 de febrero de 1995,Serbia
3658,Vanja Milinković-Savić,71,2.02 m,20 de febrero de 1997,Serbia
3659,Luka Milivojević,71,1.86 m,7 de abril de 1991,Serbia
3660,Savo Milosevic,71,1.87 m,2 de septiembre de 1973,Serbia
3661,Sima Milovanov,71,,10 de abril de 1923,Serbia
3662,Milorad Milutinovic,71,,,Serbia
3663,Milos Milutinovic,71,,5 de febrero de 1933,Serbia
3664,Zoran Mirkovic,71,,21 de septiembre de 1971,Serbia
3665,Rajko Mitic,71,,19 de noviembre de 1922,Serbia
3666,Aleksandar Mitrović,71,1.89 m,16 de septiembre de 1994,Serbia
3667,Stefan Mitrovic,71,1.89 m,22 de mayo de 1990,Serbia
3668,Filip Mladenovic,71,1.81 m,15 de agosto de 1991,Serbia
3669,Dragan Mrdja,71,1.87 m,23 de enero de 1984,Serbia
3670,Srdjan Mrkusic,71,,26 de mayo de 1915,Serbia
3671,Muhamed Mujic,71,,25 de abril de 1932,Serbia
3672,Drazen Muzinic,71,,25 de enero de 1953,Serbia
3673,Albert Nadj,71,1.74 m,29 de octubre de 1974,Serbia
3674,Dragutin Najdanovic,71,,15 de abril de 1908,Serbia
3675,Zarko Nikolic,71,,16 de octubre de 1936,Serbia
3676,Milos Ninkovic,71,1.79 m,25 de diciembre de 1984,Serbia
3677,Branko Oblak,71,,27 de mayo de 1947,Serbia
3678,Ivan Obradovic,71,1.81 m,25 de julio de 1988,Serbia
3679,Tihomir Ognjanov,71,,2 de marzo de 1927,Serbia
3680,Radivoje Ognjanovic,71,,1 de julio de 1938,Serbia
3681,Perica Ognjenovic,71,,24 de febrero de 1977,Serbia
3682,Fahrudin Omerovic,71,,26 de agosto de 1961,Serbia
3683,Bela Palfi,71,,16 de febrero de 1923,Serbia
3684,Andrej Panadic,71,,9 de marzo de 1958,Serbia
3685,Darko Pancev,71,,7 de septiembre de 1965,Serbia
3686,Dragan Pantelic,71,,9 de diciembre de 1951,Serbia
3687,Marko Pantelic,71,1.81 m,15 de septiembre de 1978,Serbia
3688,Zlatko Papec,71,,17 de enero de 1934,Serbia
3689,Ilijas Pasic,71,,10 de mayo de 1934,Serbia
3690,Predrag Pasic,71,,18 de octubre de 1958,Serbia
3691,Miroslav Pavlovic,33,,15 de diciembre de 1942,Eslovenia
3692,Strahinja Pavlovic,33,1.94 m,24 de mayo de 2001,Eslovenia
3693,Luka Peruzovic,71,,26 de febrero de 1952,Serbia
3694,Aleksandar Petakovic,71,,6 de febrero de 1930,Serbia
3695,Dusan Petkovic,71,1.88 m,13 de junio de 1974,Serbia
3696,Ilija Petkovic,71,,22 de septiembre de 1945,Serbia
3697,Vlastimir Petkovic,71,,,Serbia
3698,Ognjen Petrovic,71,,2 de enero de 1948,Serbia
3699,Radosav Petrovic,71,1.93 m,8 de marzo de 1989,Serbia
3700,Vladimir Petrovic,71,,1 de julio de 1955,Serbia
3701,Zeljko Petrovic,71,,13 de noviembre de 1965,Serbia
3702,Danilo Popivoda,71,,1 de mayo de 1948,Serbia
3703,Vladimir Popovic,7,,17 de marzo de 1935,Australia
3704,Aleksandar Prijović,71,1.91 m,21 de abril de 1990,Serbia
3705,Robert Prosinecki,71,1.82 m,12 de enero de 1969,Serbia
3706,Ivan Pudar,71,,16 de agosto de 1961,Serbia
3707,Uros Racic,71,1.93 m,17 de marzo de 1998,Serbia
3708,Petar Radakovic,71,,2 de febrero de 1937,Serbia
3709,Nemanja Radonjić,71,1.85 m,15 de febrero de 1996,Serbia
3710,Nikola Radovic,71,,20 de octubre de 1933,Serbia
3711,Ivo Radovnikovic,71,,,Serbia
3712,Zdravko Rajkov,71,,5 de diciembre de 1927,Serbia
3713,Predrag Rajković,71,1.91 m,31 de octubre de 1995,Serbia
3714,Milan Rodić,71,1.85 m,2 de abril de 1991,Serbia
3715,Antonio Rukavina,71,1.77 m,26 de enero de 1984,Serbia
3716,Refik Sabanadzovic,71,,2 de agosto de 1965,Serbia
3717,Ivan Santek,71,,23 de abril de 1932,Serbia
3718,Nisa Saveljic,71,,27 de marzo de 1970,Serbia
3719,Dejan Savicevic,71,,15 de septiembre de 1966,Serbia
3720,Dragoslav Sekularac,71,,30 de noviembre de 1937,Serbia
3721,Branislav Sekulic,71,,29 de octubre de 1906,Serbia
3722,Milos Sestic,71,,8 de agosto de 1956,Serbia
3723,Vasilije Sijakovic,71,,31 de julio de 1929,Serbia
3724,Josip Skoblar,71,,12 de marzo de 1941,Serbia
3725,Edhem Sljivo,71,,16 de marzo de 1950,Serbia
3726,Milutin Soskic,71,,31 de diciembre de 1937,Serbia
3727,Ljubomir Spajic,71,,7 de marzo de 1926,Serbia
3728,Uroš Spajić,71,1.88 m,13 de febrero de 1993,Serbia
3729,Predrag Spasic,71,,29 de septiembre de 1965,Serbia
3730,Teofilo Spasojevic,71,,21 de enero de 1909,Serbia
3731,Branko Stankovic,71,,31 de octubre de 1921,Serbia
3732,Dejan Stankovic,71,1.81 m,11 de septiembre de 1978,Serbia
3733,Vujadin Stanojkovic,71,,10 de septiembre de 1963,Serbia
3734,Ljubisa Stefanovic,71,,4 de enero de 1910,Serbia
3735,Miroslav Stevic,71,,7 de enero de 1970,Serbia
3736,Nikola Stipic,71,,18 de diciembre de 1937,Serbia
3737,Milan Stojanovic,71,,,Serbia
3738,Mirko Stojanovic,71,,11 de junio de 1939,Serbia
3739,Dragan Stojkovic,71,1.75 m,3 de marzo de 1965,Serbia
3740,Nenad Stojkovic,71,,26 de mayo de 1956,Serbia
3741,Vladimir Stojkovic,71,1.95 m,28 de julio de 1983,Serbia
3742,Neven Subotic,71,1.93 m,10 de diciembre de 1988,Serbia
3743,Davor Suker,71,1.81 m,1 de enero de 1968,Serbia
3744,Ivica Surjak,71,,23 de marzo de 1953,Serbia
3745,Safet Susic,10,,13 de abril de 1955,Bosnia-Herzegovina
3746,Ratko Svilar,71,,6 de mayo de 1950,Serbia
3747,Slavko Svinjarevic,71,,6 de abril de 1935,Serbia
3748,Dušan Tadić,71,1.81 m,20 de noviembre de 1988,Serbia
3749,Aleksandar Tirnanic,71,,15 de julio de 1911,Serbia
3750,Kosta Tomasevic,71,,25 de julio de 1923,Serbia
3751,Novak Tomic,71,,7 de enero de 1936,Serbia
3752,Dragomir Tosic,71,,8 de noviembre de 1909,Serbia
3753,Duško Tošić,71,1.84 m,19 de enero de 1985,Serbia
3754,Zoran Tosic,71,1.71 m,28 de abril de 1987,Serbia
3755,Miloš Veljković,71,1.88 m,26 de septiembre de 1995,Serbia
3756,Toza Veselinovic,71,,22 de octubre de 1930,Serbia
3757,Nemanja Vidic,71,1.85 m,21 de octubre de 1981,Serbia
3758,Franjo Vladic,71,,19 de octubre de 1951,Serbia
3759,Dusan Vlahovic,71,1.90 m,28 de enero de 2000,Serbia
3760,Djordje Vujadinovic,71,,6 de diciembre de 1909,Serbia
3761,Zlatko Vujovic,71,,26 de agosto de 1958,Serbia
3762,Zoran Vujovic,71,,26 de agosto de 1958,Serbia
3763,Bernard Vukas,71,,1 de mayo de 1927,Serbia
3764,Zvonimir Vukic,71,1.82 m,19 de julio de 1979,Serbia
3765,Zoran Vulic,71,,4 de octubre de 1961,Serbia
3766,Velimir Zajec,71,,12 de febrero de 1956,Serbia
3767,Branko Zebec,71,,17 de mayo de 1929,Serbia
3768,Milan Zekovic,71,,15 de noviembre de 1925,Serbia
3769,Nikola Zigic,71,2.02 m,25 de septiembre de 1980,Serbia
3770,Andrija Živković,71,1.70 m,11 de julio de 1996,Serbia
3771,Zvonko Zivkovic,71,,31 de octubre de 1959,Serbia
3772,Sinisa Zlatkovic,71,,,Serbia
3773,Milenko Acimovic,33,1.86 m,15 de febrero de 1977,Eslovenia
3774,Valter Birsa,33,1.80 m,7 de agosto de 1986,Eslovenia
3775,Miso Brecko,33,1.72 m,1 de mayo de 1984,Eslovenia
3776,Spasoje Bulajic,33,1.88 m,24 de noviembre de 1975,Eslovenia
3777,Ales Ceh,33,1.74 m,7 de abril de 1968,Eslovenia
3778,Nastja Ceh,33,1.81 m,26 de enero de 1978,Eslovenia
3779,Bostjan Cesar,34,1.90 m,9 de julio de 1982,España
3780,Sebastijan Cimirotic,33,1.84 m,14 de septiembre de 1974,Eslovenia
3781,Mladen Dabanovic,33,1.96 m,13 de septiembre de 1971,Eslovenia
3782,Zlatko Dedic,33,1.72 m,5 de octubre de 1984,Eslovenia
3783,Elvedin Dzinic,33,1.89 m,25 de agosto de 1985,Eslovenia
3784,Suad Filekovic,33,1.90 m,16 de septiembre de 1978,Eslovenia
3785,Sasa Gajser,33,1.79 m,11 de febrero de 1974,Eslovenia
3786,Marinko Galic,33,1.75 m,22 de abril de 1970,Eslovenia
3787,Jasmin Handanovic,33,1.97 m,28 de enero de 1978,Eslovenia
3788,Samir Handanovic,33,1.93 m,14 de julio de 1984,Eslovenia
3789,Branko Ilic,33,1.86 m,6 de febrero de 1983,Eslovenia
3790,Bojan Jokic,33,1.71 m,17 de mayo de 1986,Eslovenia
3791,Amir Karic,33,1.84 m,31 de diciembre de 1973,Eslovenia
3792,Andraz Kirm,33,1.85 m,6 de septiembre de 1984,Eslovenia
3793,Aleksander Knavs,33,1.90 m,5 de diciembre de 1975,Eslovenia
3794,Andrej Komac,33,1.70 m,4 de diciembre de 1979,Eslovenia
3795,Robert Koren,33,1.73 m,20 de septiembre de 1980,Eslovenia
3796,Rene Krhin,33,1.84 m,21 de mayo de 1990,Eslovenia
3797,Zlatan Ljubijankic,33,1.85 m,15 de diciembre de 1983,Eslovenia
3798,Tim Matavz,33,1.90 m,13 de enero de 1989,Eslovenia
3799,Matej Mavric,33,1.86 m,29 de enero de 1979,Eslovenia
3800,Zeljko Milinovic,33,1.88 m,12 de octubre de 1969,Eslovenia
3801,Dejan Nemec,33,1.84 m,1 de marzo de 1977,Eslovenia
3802,Doni Novak,33,1.72 m,4 de septiembre de 1969,Eslovenia
3803,Milivoje Novakovic,33,1.91 m,18 de mayo de 1979,Eslovenia
3804,Milan Osterc,33,1.84 m,4 de julio de 1975,Eslovenia
3805,Miran Pavlin,33,1.87 m,8 de octubre de 1971,Eslovenia
3806,Zoran Pavlovic,33,1.90 m,27 de junio de 1976,Eslovenia
3807,Nejc Pecnik,33,1.87 m,3 de enero de 1986,Eslovenia
3808,Aleksandar Radosavljevic,33,1.81 m,25 de abril de 1979,Eslovenia
3809,Mladen Rudonja,33,1.75 m,26 de julio de 1971,Eslovenia
3810,Goran Sankovic,33,1.85 m,18 de junio de 1979,Eslovenia
3811,Aleksander Seliga,33,1.87 m,1 de febrero de 1980,Eslovenia
3812,Marko Simeunovic,33,1.90 m,6 de diciembre de 1967,Eslovenia
3813,Dalibor Stevanovic,33,1.83 m,27 de septiembre de 1984,Eslovenia
3814,Marko Suler,33,1.87 m,9 de marzo de 1983,Eslovenia
3815,Rajko Tavcar,33,1.80 m,21 de julio de 1974,Eslovenia
3816,Senad Tiganj,33,1.79 m,28 de agosto de 1975,Eslovenia
3817,Muamer Vugdalic,33,1.90 m,25 de agosto de 1977,Eslovenia
3818,Zlatko Zahovic,33,1.80 m,1 de febrero de 1971,Eslovenia
3819,Claude Abbes,36,,24 de mayo de 1927,Francia
3820,Eric Abidal,36,1.80 m,11 de septiembre de 1979,Francia
3821,Joseph Alcazar,36,,15 de junio de 1911,Francia
3822,Manuel Amoros,36,,1 de febrero de 1962,Francia
3823,Nouma Andoire,36,,19 de marzo de 1908,Francia
3824,Nicolas Anelka,36,1.85 m,14 de marzo de 1979,Francia
3825,Alphonse Areola,36,1.95 m,27 de febrero de 1993,Francia
3826,Marcel Artelesa,36,,2 de julio de 1938,Francia
3827,Alfred Aston,36,,16 de mayo de 1912,Francia
3828,Marcel Aubour,36,,17 de junio de 1940,Francia
3829,William Ayache,36,,10 de enero de 1961,Francia
3830,Edmond Baraffe,36,,19 de octubre de 1942,Francia
3831,Dominique Baratelli,36,,26 de diciembre de 1947,Francia
3832,Fabien Barthez,36,1.82 m,28 de junio de 1971,Francia
3833,Jean Bastien,36,,21 de junio de 1915,Francia
3834,Dominique Bathenay,36,,13 de febrero de 1954,Francia
3835,Joel Bats,36,,4 de enero de 1957,Francia
3836,Patrick Battiston,36,,12 de marzo de 1957,Francia
3837,Georges Beaucourt,36,,15 de abril de 1912,Francia
3838,Bruno Bellone,36,,14 de marzo de 1962,Francia
3839,Raymond Bellot,36,,6 de septiembre de 1929,Francia
3840,Abdel Kader Ben Bouali,36,,25 de octubre de 1912,Francia
3841,Abdelaziz Ben-Tifour,36,,25 de julio de 1927,Francia
3842,Karim Benzema,36,1.85 m,19 de diciembre de 1987,Francia
3843,Marc Berdoll,36,,6 de abril de 1953,Francia
3844,Philippe Bergeroo,36,,13 de enero de 1954,Francia
3845,Jean-Paul Bertrand-Demanes,36,,13 de mayo de 1952,Francia
3846,Michel Bibard,36,,30 de noviembre de 1958,Francia
3847,Guillaume Bieganski,36,,3 de noviembre de 1932,Francia
3848,Laurent Blanc,36,1.90 m,19 de noviembre de 1965,Francia
3849,Alain Boghossian,36,1.85 m,27 de octubre de 1970,Francia
3850,Joseph Bonnel,36,,4 de enero de 1939,Francia
3851,Bernard Bosquier,36,,19 de junio de 1942,Francia
3852,Maxime Bossis,36,,26 de junio de 1955,Francia
3853,Jean-Alain Boumsong,36,1.90 m,14 de diciembre de 1979,Francia
3854,Francois Bourbotte,36,,24 de febrero de 1913,Francia
3855,Francois Bracci,36,,3 de noviembre de 1951,Francia
3856,Stephan Bruey,36,,1 de diciembre de 1932,Francia
3857,Michel Brusseaux,36,,19 de marzo de 1913,Francia
3858,Robert Budzynski,36,,21 de mayo de 1940,Francia
3859,Yohan Cabaye,36,1.75 m,14 de enero de 1986,Francia
3860,Rémy Cabella,36,1.72 m,8 de marzo de 1990,Francia
3861,Eduardo Camavinga,36,1.82 m,10 de noviembre de 2002,Francia
3862,Vincent Candela,36,1.80 m,24 de octubre de 1973,Francia
3863,Marcel Capelle,36,,11 de diciembre de 1904,Francia
3864,Georges Carnus,36,,13 de agosto de 1942,Francia
3865,Cedric Carrasso,36,1.87 m,30 de diciembre de 1981,Francia
3866,Jean Castaneda,36,,20 de marzo de 1957,Francia
3867,Hector Cazenave,36,,1 de enero de 1914,Francia
3868,Augustin Chantrel,36,,11 de noviembre de 1906,Francia
3869,Lionel Charbonnier,36,1.81 m,25 de octubre de 1966,Francia
3870,Bernard Chiarelli,36,,24 de febrero de 1934,Francia
3871,Pascal Chimbonda,36,1.82 m,21 de febrero de 1979,Francia
3872,Andre Chorda,36,,20 de febrero de 1938,Francia
3873,Philippe Christanval,36,1.85 m,31 de agosto de 1978,Francia
3874,Djibril Cisse,36,1.82 m,12 de agosto de 1981,Francia
3875,Gael Clichy,36,1.81 m,26 de julio de 1985,Francia
3876,Dominique Colonna,36,,4 de septiembre de 1928,Francia
3877,Kingsley Coman,36,1.80 m,13 de junio de 1996,Francia
3878,Nestor Combin,36,,29 de diciembre de 1940,Francia
3879,Didier Couecou,36,,25 de julio de 1944,Francia
3880,Gregory Coupet,36,1.81 m,31 de diciembre de 1972,Francia
3881,Alain Couriol,36,,24 de octubre de 1958,Francia
3882,Roger Courtois,36,,30 de mayo de 1912,Francia
3883,Antoine Cuissard,36,,19 de julio de 1924,Francia
3884,Christian Dalger,36,,19 de diciembre de 1949,Francia
3885,Julien Darui,36,,16 de febrero de 1916,Francia
3886,Hector De Bourgoing,36,,23 de julio de 1934,Francia
3887,Gabriel De Michele,36,,6 de marzo de 1941,Francia
3888,Mathieu Debuchy,36,1.76 m,28 de julio de 1985,Francia
3889,Robert Defosse,36,,16 de junio de 1909,Francia
3890,Edmond Delfour,36,,1 de noviembre de 1907,Francia
3891,Celestin Delmer,36,,15 de febrero de 1907,Francia
3892,Ousmane Dembélé,13,1.79 m,15 de mayo de 1997,Bélgica
3893,Rene Dereuddre,36,,22 de junio de 1930,Francia
3894,Marcel Desailly,36,1.84 m,7 de septiembre de 1968,Francia
3895,Didier Deschamps,36,1.74 m,15 de octubre de 1968,Francia
3896,Vikash Dhorasoo,36,1.68 m,10 de octubre de 1973,Francia
3897,Laurent Di Lorto,36,,1 de enero de 1909,Francia
3898,Abou Diaby,36,1.88 m,11 de mayo de 1986,Francia
3899,Raoul Diagne,36,,10 de noviembre de 1910,Francia
3900,Alou Diarra,36,1.90 m,15 de julio de 1981,Francia
3901,Lucas Digne,36,1.78 m,20 de julio de 1993,Francia
3902,Bernard Diomede,36,1.70 m,23 de enero de 1974,Francia
3903,Axel Disasi,36,1.90 m,11 de marzo de 1998,Francia
3904,Jean Djorkaeff,36,,27 de octubre de 1939,Francia
3905,Youri Djorkaeff,36,1.79 m,9 de marzo de 1968,Francia
3906,Yvon Douis,36,,16 de mayo de 1935,Francia
3907,Dominique Dropsy,36,,9 de diciembre de 1951,Francia
3908,Christophe Dugarry,36,1.88 m,24 de marzo de 1972,Francia
3909,Jean-Luc Ettori,36,,29 de julio de 1955,Francia
3910,Patrice Evra,36,1.71 m,15 de mayo de 1981,Francia
3911,Nabil Fekir,36,1.73 m,18 de julio de 1993,Francia
3912,Luis Fernandez,36,,2 de octubre de 1959,Francia
3913,Jean-Marc Ferreri,36,,26 de diciembre de 1962,Francia
3914,Youssouf Fofana,36,1.78 m,10 de enero de 1999,Francia
3915,Just Fontaine,36,,18 de agosto de 1933,Francia
3916,Louis Gabrillargues,36,,16 de junio de 1914,Francia
3917,William Gallas,36,1.81 m,17 de agosto de 1977,Francia
3918,Bernard Genghini,36,,18 de enero de 1958,Francia
3919,Lazare Gianessi,36,,9 de noviembre de 1925,Francia
3920,Andre Pierre Gignac,36,1.87 m,5 de diciembre de 1985,Francia
3921,Rene Girard,36,,4 de abril de 1954,Francia
3922,Alain Giresse,36,,2 de septiembre de 1952,Francia
3923,Olivier Giroud,36,1.93 m,30 de septiembre de 1986,Francia
3924,Gael Givet,36,1.81 m,9 de octubre de 1981,Francia
3925,Leon Glovacki,36,,19 de febrero de 1928,Francia
3926,Philippe Gondet,36,,17 de mayo de 1942,Francia
3927,Joseph Gonzalez,36,,19 de febrero de 1907,Francia
3928,Yoann Gourcuff,36,1.85 m,11 de julio de 1986,Francia
3929,Sidney Govou,36,1.75 m,27 de julio de 1979,Francia
3930,Antoine Griezmann,36,1.73 m,21 de marzo de 1991,Francia
3931,Jacques Grimonpon,36,,30 de julio de 1925,Francia
3932,Mattéo Guendouzi,36,1.84 m,14 de abril de 1999,Francia
3933,Jean-Marc Guillou,36,,20 de diciembre de 1945,Francia
3934,Stephane Guivarch,36,1.85 m,6 de septiembre de 1970,Francia
3935,Gerard Hausser,36,,18 de marzo de 1939,Francia
3936,Oscar Heisserer,36,,18 de julio de 1914,Francia
3937,Thierry Henry,36,1.88 m,17 de agosto de 1977,Francia
3938,Yves Herbert,59,,17 de agosto de 1945,Nueva Zelanda
3939,Robert Herbin,36,,30 de marzo de 1939,Francia
3940,Lucas Hernandez,36,1.84 m,14 de febrero de 1996,Francia
3941,Théo Hernandez,36,1.84 m,6 de octubre de 1997,Francia
3942,Kazimir Hnatow,36,,9 de enero de 1929,Francia
3943,Gerard Janvion,36,,21 de agosto de 1953,Francia
3944,Lucien Jasseron,36,,29 de diciembre de 1913,Francia
3945,Robert Jonquet,36,,3 de mayo de 1925,Francia
3946,Gustave Jordan,36,,21 de febrero de 1909,Francia
3947,Raymond Kaelbel,36,,31 de enero de 1932,Francia
3948,N'Golo Kanté,36,1.68 m,29 de marzo de 1991,Francia
3949,Christian Karembeu,36,1.78 m,3 de diciembre de 1970,Francia
3950,Fritz Keller,36,,21 de agosto de 1913,Francia
3951,Presnel Kimpembe,36,1.89 m,13 de agosto de 1995,Francia
3952,Randal Kolo Muani,36,1.87 m,5 de diciembre de 1998,Francia
3953,Ibrahima Konaté,36,1.94 m,25 de mayo de 1999,Francia
3954,Raymond Kopa,36,,13 de octubre de 1931,Francia
3955,Pierre Korb,36,,20 de abril de 1908,Francia
3956,Laurent Koscielny,36,1.85 m,10 de septiembre de 1985,Francia
3957,Jules Koundé,36,1.78 m,12 de noviembre de 1998,Francia
3958,Ignace Kowalczyk,36,,27 de diciembre de 1913,Francia
3959,Bernard Lacombe,36,,15 de agosto de 1952,Francia
3960,Maurice Lafont,36,,13 de septiembre de 1927,Francia
3961,Bernard Lama,36,1.85 m,7 de abril de 1963,Francia
3962,Mickael Landreau,36,1.84 m,14 de mayo de 1979,Francia
3963,Marcel Langiller,36,,2 de junio de 1908,Francia
3964,Jean-Francois Larios,36,,27 de agosto de 1956,Francia
3965,Jean Laurent,36,,30 de diciembre de 1906,Francia
3966,Lucien Laurent,36,,10 de diciembre de 1907,Francia
3967,Yvon Le Roux,36,,19 de abril de 1960,Francia
3968,Michel Leblond,36,,10 de mayo de 1932,Francia
3969,Frank Leboeuf,36,1.83 m,22 de enero de 1968,Francia
3970,Thomas Lemar,36,1.70 m,12 de noviembre de 1995,Francia
3971,Andre Lerond,36,,6 de diciembre de 1930,Francia
3972,Ernest Liberati,36,,22 de marzo de 1908,Francia
3973,Noel Lietaer,36,,17 de noviembre de 1908,Francia
3974,Bixente Lizarazu,36,1.69 m,9 de diciembre de 1969,Francia
3975,Rene Llense,36,,14 de julio de 1913,Francia
3976,Hugo Lloris,36,1.88 m,26 de diciembre de 1986,Francia
3977,Christian Lopez,56,,15 de marzo de 1953,México
3978,Xerxes Louis,36,,31 de octubre de 1926,Francia
3979,Abderrhamane Mahjoub,36,,25 de abril de 1929,Francia
3980,Philippe Mahut,36,,4 de marzo de 1956,Francia
3981,Jacques Mairesse,36,,27 de febrero de 1904,Francia
3982,Claude Makelele,36,1.74 m,18 de febrero de 1973,Francia
3983,Florent Malouda,36,1.84 m,13 de junio de 1980,Francia
3984,Steve Mandanda,36,1.87 m,28 de marzo de 1985,Francia
3985,Eliaquim Mangala,36,1.87 m,13 de febrero de 1991,Francia
3986,Jean-Jacques Marcel,36,,13 de junio de 1931,Francia
3987,Roger Marche,36,,5 de marzo de 1924,Francia
3988,Andre Maschinot,36,,28 de junio de 1903,Francia
3989,Etienne Mattler,36,,25 de diciembre de 1905,Francia
3990,Blaise Matuidi,36,1.75 m,9 de abril de 1987,Francia
3991,Rio Mavuba,36,1.71 m,6 de marzo de 1984,Francia
3992,Kylian Mbappé,36,1.78 m,20 de diciembre de 1998,Francia
3993,Benjamin Mendy,36,1.85 m,17 de julio de 1994,Francia
3994,Henri Michel,36,,28 de octubre de 1947,Francia
3995,Johan Micoud,36,1.88 m,24 de julio de 1973,Francia
3996,Robert Mouynet,36,,25 de marzo de 1930,Francia
3997,Lucien Muller,42,,3 de septiembre de 1934,Hungría
3998,Jean Nicolas,36,,9 de junio de 1913,Francia
3999,Steven Nzonzi,36,1.96 m,15 de diciembre de 1988,Francia
4000,Celestin Oliver,36,,12 de julio de 1930,Francia
4001,Claude Papi,36,,16 de abril de 1949,Francia
4002,Jean-Pierre Papin,36,,5 de noviembre de 1963,Francia
4003,Benjamin Pavard,36,1.86 m,28 de marzo de 1996,Francia
4004,Armand Penverne,36,,26 de noviembre de 1926,Francia
4005,Emmanuel Petit,13,1.85 m,22 de septiembre de 1970,Bélgica
4007,Roger Piantoni,36,,26 de diciembre de 1931,Francia
4008,Marcel Pinel,36,,8 de julio de 1908,Francia
4009,Robert Pires,36,1.80 m,29 de octubre de 1973,Francia
4010,Jean Claude Piumi,36,,27 de mayo de 1940,Francia
4011,Marc Planus,36,1.83 m,7 de marzo de 1982,Francia
4012,Michel Platini,36,1.79 m,21 de junio de 1955,Francia
4013,Paul Pogba,36,1.90 m,15 de marzo de 1993,Francia
4014,Czeslaw Povolny,36,,,Francia
4015,Adrien Rabiot,36,1.91 m,3 de abril de 1995,Francia
4016,Ulrich Rame,36,1.87 m,19 de septiembre de 1972,Francia
4017,Adil Rami,36,1.90 m,27 de diciembre de 1985,Francia
4018,Francois Remetter,36,,8 de agosto de 1928,Francia
4019,Loïc Rémy,36,1.84 m,2 de enero de 1987,Francia
4020,Anthony Reveillere,36,1.81 m,10 de noviembre de 1979,Francia
4021,Franck Ribery,36,1.75 m,7 de abril de 1983,Francia
4022,Patrice Rio,36,,15 de agosto de 1948,Francia
4023,Roger Rio,36,,13 de febrero de 1913,Francia
4024,Laurent Robuschi,36,,5 de octubre de 1935,Francia
4025,Dominique Rocheteau,36,,14 de enero de 1955,Francia
4026,Olivier Rouyer,36,,1 de diciembre de 1955,Francia
4027,Stéphane Ruffier,36,1.87 m,27 de septiembre de 1986,Francia
4028,Cesar Ruminski,36,,13 de junio de 1924,Francia
4029,Albert Rust,36,,10 de octubre de 1953,Francia
4030,Bakari Sagna,36,1.75 m,14 de febrero de 1983,Francia
4031,Willy Sagnol,36,1.80 m,18 de marzo de 1977,Francia
4032,Louis Saha,36,1.84 m,8 de agosto de 1978,Francia
4033,Mamadou Sakho,36,1.87 m,13 de febrero de 1990,Francia
4034,William Saliba,36,1.92 m,24 de marzo de 2001,Francia
4035,Morgan Schneiderlin,36,1.81 m,8 de noviembre de 1989,Francia
4036,Ernest Schultz,36,,29 de enero de 1931,Francia
4037,Johnny Schuth,36,,7 de diciembre de 1941,Francia
4038,Djibril Sidibé,36,1.82 m,21 de julio de 1992,Francia
4039,Mikael Silvestre,36,1.83 m,9 de agosto de 1977,Francia
4040,Jacques Simon,6,,25 de marzo de 1941,Argentina
4041,Moussa Sissoko,36,1.87 m,18 de agosto de 1989,Francia
4042,Didier Six,36,,21 de agosto de 1954,Francia
4043,Gerard Soler,36,,29 de mayo de 1954,Francia
4044,Sebastien Squillaci,36,1.84 m,11 de agosto de 1980,Francia
4045,Yannick Stopyra,36,,9 de enero de 1961,Francia
4046,Andre Strappe,36,,23 de febrero de 1928,Francia
4047,Andre Tassin,36,,23 de febrero de 1902,Francia
4048,Aurélien Tchouaméni,36,1.87 m,27 de enero de 2000,Francia
4049,Florian Thauvin,36,1.79 m,26 de enero de 1993,Francia
4050,Alex Thepot,36,,30 de julio de 1906,Francia
4051,Lilian Thuram,36,1.85 m,1 de enero de 1972,Francia
4052,Marcus Thuram,36,1.92 m,6 de agosto de 1997,Francia
4053,Jean Tigana,36,,23 de junio de 1955,Francia
4054,Corentin Tolisso,36,1.81 m,3 de agosto de 1994,Francia
4055,Jeremy Toulalan,36,1.83 m,10 de septiembre de 1983,Francia
4056,Marius Tresor,36,,15 de enero de 1950,Francia
4057,David Trezeguet,36,1.87 m,15 de octubre de 1977,Francia
4058,Thierry Tusseau,36,,19 de enero de 1958,Francia
4059,Samuel Umtiti,36,1.82 m,14 de noviembre de 1993,Francia
4060,Dayot Upamecano,36,1.86 m,27 de octubre de 1998,Francia
4061,Mathieu Valbuena,36,1.67 m,28 de septiembre de 1984,Francia
4062,Jules Vandooren,36,,30 de diciembre de 1908,Francia
4063,Raphael Varane,36,1.91 m,25 de abril de 1993,Francia
4064,Emile Veinante,36,,12 de junio de 1907,Francia
4065,Philippe Vercruysse,36,,28 de enero de 1962,Francia
4066,Jordan Veretout,36,1.77 m,1 de marzo de 1993,Francia
4067,Georges Verriest,36,,15 de julio de 1909,Francia
4068,Patrick Vieira,36,1.93 m,23 de junio de 1976,Francia
4069,Alex Villaplane,36,,12 de septiembre de 1903,Francia
4070,Jean Vincent,36,,29 de noviembre de 1930,Francia
4071,Sylvain Wiltord,36,1.73 m,10 de mayo de 1974,Francia
4072,Maryan Wisnieski,36,,1 de febrero de 1937,Francia
4073,Daniel Xuereb,36,,22 de junio de 1959,Francia
4074,Mario Zatelli,36,,21 de diciembre de 1912,Francia
4075,Zinedine Zidane,36,1.85 m,23 de junio de 1972,Francia
4076,Nasrollah Abdollahi,48,,2 de octubre de 1950,Irán
4077,Ahmed Abedzadeh,48,,25 de mayo de 1966,Irán
4078,Amir Abedzadeh,48,1.86 m,26 de abril de 1993,Irán
4079,Rahman Ahmadi,48,1.84 m,30 de julio de 1980,Irán
4080,Jawad Allahwardi,48,,16 de julio de 1954,Irán
4081,Ahmad Alnameh,48,1.89 m,20 de octubre de 1982,Irán
4082,Vahid Amiri,48,1.79 m,2 de abril de 1988,Irán
4083,Karim Ansarifard,48,1.86 m,3 de abril de 1990,Irán
4084,Khodadad Azizi,48,1.70 m,22 de junio de 1971,Irán
4085,Sardar Azmoun,48,1.86 m,1 de enero de 1995,Irán
4086,Karim Bagheri,48,1.87 m,20 de febrero de 1974,Irán
4087,Sohrab Bakhtiarizadeh,48,1.85 m,11 de septiembre de 1977,Irán
4088,Hashem Beikzadeh,48,1.89 m,22 de enero de 1984,Irán
4089,Alireza Beiranvand,48,1.94 m,21 de septiembre de 1992,Irán
4090,Steven Beitashour,48,1.78 m,1 de febrero de 1987,Irán
4091,Majid Bishkar,48,,6 de agosto de 1956,Irán
4092,Arash Borhani,48,1.75 m,14 de septiembre de 1983,Irán
4093,Parviz Boromand,48,,11 de septiembre de 1972,Irán
4094,Rouzbeh Cheshmi,48,1.94 m,24 de julio de 1993,Irán
4095,Ali Daei,48,1.92 m,21 de marzo de 1969,Irán
4096,Iraj Danayfar,48,,19 de marzo de 1951,Irán
4097,Daniel Davari,48,1.92 m,6 de enero de 1988,Irán
4098,Ashkan Dejagah,48,1.81 m,5 de julio de 1986,Irán
4099,Sirous Din Mohammadi,48,,2 de julio de 1970,Irán
4100,Omid Ebrahimi,48,1.79 m,15 de septiembre de 1987,Irán
4101,Reza Enayati,48,1.78 m,23 de septiembre de 1976,Irán
4102,Andranik Eskandarian,48,,31 de diciembre de 1951,Irán
4103,Hamid Estili,48,,1 de abril de 1967,Irán
4104,Saeid Ezatolahi,48,1.90 m,1 de octubre de 1996,Irán
4105,Hussein Faraki,48,,19 de abril de 1956,Irán
4106,Behtash Fariba,48,,11 de febrero de 1955,Irán
4107,Ali Reza Gheshghaian,48,,27 de febrero de 1954,Irán
4108,Saman Ghoddos,48,1.75 m,6 de septiembre de 1993,Irán
4109,Ali Gholizadeh,48,1.76 m,10 de marzo de 1996,Irán
4110,Reza Ghoochannejhad,48,1.80 m,20 de septiembre de 1987,Irán
4111,Yahya Golmohammadi,48,1.78 m,19 de marzo de 1971,Irán
4112,Ghasem Haddadifar,48,1.80 m,12 de julio de 1983,Irán
4113,Alireza Haghighi,48,1.95 m,2 de mayo de 1988,Irán
4114,Reza Haghighi,48,1.97 m,1 de enero de 1989,Irán
4115,Ehsan Hajsafi,48,1.78 m,25 de febrero de 1990,Irán
4116,Satar Hamedani,48,,6 de junio de 1974,Irán
4117,Vahid Hashemian,48,1.82 m,21 de julio de 1976,Irán
4118,Nasser Hejazi,48,,19 de diciembre de 1949,Irán
4119,Khosro Heydari,48,1.74 m,14 de septiembre de 1983,Irán
4120,Hossein Hosseini,48,1.87 m,30 de junio de 1992,Irán
4121,Jalal Hosseini,48,1.88 m,3 de febrero de 1982,Irán
4122,Majid Hosseini,48,1.87 m,20 de junio de 1996,Irán
4123,Alireza Jahanbakhsh,48,1.81 m,11 de agosto de 1993,Irán
4124,Ghafoor Jahani,48,,18 de junio de 1950,Irán
4125,Abolfazl Jalali,48,1.77 m,26 de junio de 1998,Irán
4126,Hossein Kaabi,78,1.67 m,23 de septiembre de 1985,Túnez
4127,Hossein Kanaani,48,1.88 m,23 de marzo de 1994,Irán
4128,Ali Karimi,48,1.85 m,11 de febrero de 1994,Irán
4129,Ebrahim Kassempoor,48,,24 de agosto de 1956,Irán
4130,Javad Kazemeian,48,1.74 m,23 de abril de 1981,Irán
4131,Hussein Kazerani,48,,13 de abril de 1947,Irán
4132,Mohammad Khakpour,48,,20 de febrero de 1969,Irán
4133,Shoja Khalilzadeh,48,1.79 m,14 de mayo de 1989,Irán
4134,Nader Khani,48,,23 de agosto de 1963,Irán
4135,Mohammadreza Khanzadeh,48,1.84 m,11 de mayo de 1991,Irán
4136,Rasoul Khatibi,48,1.72 m,22 de septiembre de 1978,Irán
4137,Mohammad Reza Korbekandi,48,,27 de enero de 1953,Irán
4138,Ali Latifi,48,,20 de febrero de 1976,Irán
4139,Mehrzad Madanchi,48,1.80 m,10 de enero de 1985,Irán
4140,Mehdi Mahdavikia,48,1.76 m,24 de julio de 1977,Irán
4141,Hossein Mahini,48,1.84 m,16 de septiembre de 1986,Irán
4142,Ali Reza Mansourian,48,,2 de diciembre de 1971,Irán
4143,Mohammad Mazaheri,48,1.91 m,18 de mayo de 1989,Irán
4144,Mehrdad Minavand,48,,30 de noviembre de 1975,Irán
4145,Ebrahim Mirzapour,48,1.92 m,16 de septiembre de 1978,Irán
4146,Milad Mohammadi,48,1.78 m,29 de septiembre de 1993,Irán
4147,Sadegh Moharrami,48,1.74 m,1 de marzo de 1996,Irán
4148,Pejman Montazeri,48,1.89 m,6 de septiembre de 1983,Irán
4149,Bahram Movadat,48,,30 de enero de 1950,Irán
4150,Hassan Naibagha,48,,17 de septiembre de 1950,Irán
4151,Nima Nakisa,48,,1 de mayo de 1975,Irán
4152,Moharram Navidkia,48,1.81 m,1 de noviembre de 1982,Irán
4153,Hassan Nazari,48,,19 de agosto de 1955,Irán
4154,Javad Nekounam,48,1.80 m,7 de septiembre de 1980,Irán
4155,Payam Niazmand,48,1.94 m,6 de abril de 1995,Irán
4156,Mohammad Nosrati,48,1.80 m,11 de enero de 1982,Irán
4157,Ahmad Nourollahi,48,1.85 m,1 de febrero de 1993,Irán
4158,Nasser Nuray,48,,9 de julio de 1956,Irán
4159,Ali Akbar Ostad-Asadi,48,,17 de septiembre de 1965,Irán
4160,Ali Parwin,48,,12 de octubre de 1946,Irán
4161,Mehdi Pashazadeh,48,,27 de diciembre de 1973,Irán
4162,Afshin Peyravani,48,,6 de febrero de 1970,Irán
4163,Mehrdad Pooladi,48,1.81 m,26 de febrero de 1987,Irán
4164,Morteza Pouraliganji,48,1.85 m,19 de abril de 1992,Irán
4165,Bakhtiar Rahmani,48,1.78 m,23 de septiembre de 1991,Irán
4166,Rahman Rezaei,48,1.78 m,20 de febrero de 1975,Irán
4167,Ramin Rezaeian,48,1.84 m,21 de marzo de 1990,Irán
4168,Hassan Roudbarian,48,1.82 m,6 de julio de 1978,Irán
4169,Hassan Rowshan,48,,2 de junio de 1955,Irán
4170,Naim Sadavi,48,,16 de junio de 1969,Irán
4171,Amir Hossein Sadeghi,48,1.80 m,6 de septiembre de 1981,Irán
4172,Mohammad Sadeqi,48,,17 de marzo de 1951,Irán
4173,Behnam Seraj,48,,19 de junio de 1971,Irán
4174,Reza Shahroudi,48,,21 de febrero de 1972,Irán
4175,Ali Shojaei,48,,23 de marzo de 1953,Irán
4176,Masoud Shojaei,48,1.84 m,9 de junio de 1984,Irán
4177,Vahid Talebloo,48,1.85 m,26 de mayo de 1982,Irán
4178,Mehdi Taremi,48,1.85 m,18 de julio de 1992,Irán
4179,Hamid Majid Taymouri,48,,3 de junio de 1953,Irán
4180,Andranik Teymourian,48,1.80 m,6 de marzo de 1983,Irán
4181,Mehdi Torabi,48,1.80 m,10 de septiembre de 1994,Irán
4182,Ferydoon Zandi,48,1.84 m,26 de abril de 1979,Irán
4183,Javad Zarincheh,48,,23 de julio de 1966,Irán
4184,Daniel Agger,26,1.88 m,12 de diciembre de 1984,Dinamarca
4185,Henrik Andersen,26,,7 de mayo de 1965,Dinamarca
4186,Joachim Andersen,26,1.92 m,31 de mayo de 1996,Dinamarca
4187,Stephan Andersen,58,1.88 m,26 de noviembre de 1981,Noruega
4188,Frank Arnesen,26,,30 de septiembre de 1956,Dinamarca
4189,Alexander Bah,26,1.83 m,9 de diciembre de 1997,Dinamarca
4190,Jan Bartram,26,,6 de marzo de 1962,Dinamarca
4191,Mikkel Beckmann,26,1.78 m,24 de octubre de 1983,Dinamarca
4192,Nicklas Bendtner,26,1.94 m,16 de enero de 1988,Dinamarca
4193,Klaus Berggreen,26,,3 de febrero de 1958,Dinamarca
4194,Jens Bertelsen,26,,15 de febrero de 1952,Dinamarca
4195,Kasper Bogelund,26,1.80 m,8 de octubre de 1980,Dinamarca
4196,Martin Braithwaite,26,1.80 m,5 de junio de 1991,Dinamarca
4197,Soren Busk,26,,10 de abril de 1953,Dinamarca
4198,Andreas Christensen,26,1.92 m,10 de abril de 1996,Dinamarca
4199,Flemming Christensen,26,,10 de abril de 1958,Dinamarca
4200,Oliver Christensen,26,1.90 m,22 de marzo de 1999,Dinamarca
4201,Jesper Christiansen,26,1.92 m,24 de abril de 1978,Dinamarca
4202,Soren Colding,26,,2 de septiembre de 1972,Dinamarca
4203,Andreas Cornelius,26,1.95 m,16 de marzo de 1993,Dinamarca
4204,Henrik Dalsgaard,26,1.92 m,27 de julio de 1989,Dinamarca
4205,Mikkel Damsgaard,26,1.80 m,3 de julio de 2000,Dinamarca
4206,Thomas Delaney,26,1.80 m,3 de septiembre de 1991,Dinamarca
4207,Kasper Dolberg,26,1.87 m,6 de octubre de 1997,Dinamarca
4208,Preben Elkjaer Larsen,26,,11 de septiembre de 1957,Dinamarca
4209,Thomas Enevoldsen,26,1.82 m,27 de julio de 1987,Dinamarca
4210,Christian Eriksen,26,1.81 m,14 de febrero de 1992,Dinamarca
4211,John Eriksen,26,,20 de noviembre de 1957,Dinamarca
4212,Viktor Fischer,1,1.80 m,9 de junio de 1994,Alemania
4213,Per Frandsen,26,,6 de febrero de 1970,Dinamarca
4214,Per Frimann,26,,4 de junio de 1962,Dinamarca
4215,Bjarne Goldbaek,26,,6 de octubre de 1968,Dinamarca
4216,Thomas Gravesen,26,1.78 m,11 de marzo de 1976,Dinamarca
4217,Jesper Gronkjaer,26,1.87 m,12 de agosto de 1977,Dinamarca
4218,Jan Heintze,26,1.70 m,17 de agosto de 1963,Dinamarca
4219,Thomas Helveg,26,1.79 m,24 de junio de 1971,Dinamarca
4220,Rene Henriksen,26,1.83 m,27 de agosto de 1969,Dinamarca
4221,Jes Hogh,26,,7 de mayo de 1966,Dinamarca
4222,Lars Hogh,26,,14 de enero de 1959,Dinamarca
4223,Pierre-Emile Hojbjerg,26,1.87 m,5 de agosto de 1995,Dinamarca
4224,Lars Jacobsen,26,1.84 m,20 de septiembre de 1979,Dinamarca
4225,Claus Jensen,26,1.83 m,29 de abril de 1977,Dinamarca
4226,Daniel Jensen,26,1.80 m,25 de junio de 1979,Dinamarca
4227,Mathias Jensen,26,1.80 m,1 de enero de 1996,Dinamarca
4228,Niclas Jensen,26,1.80 m,17 de agosto de 1974,Dinamarca
4229,Martin Jorgensen,26,1.80 m,6 de octubre de 1975,Dinamarca
4230,"Jørgensen, Mathias",26,,,
4232,Thomas Kahlenberg,26,1.85 m,20 de marzo de 1983,Dinamarca
4233,Peter Kjaer,26,1.87 m,5 de noviembre de 1965,Dinamarca
4234,Simon Kjaer,26,1.91 m,26 de marzo de 1989,Dinamarca
4235,Jonas Knudsen,26,1.85 m,16 de septiembre de 1992,Dinamarca
4236,Rasmus Kristensen,26,1.87 m,11 de julio de 1997,Dinamarca
4237,Mogens Krogh,26,,31 de octubre de 1963,Dinamarca
4238,Michael Krohn-Dehli,26,1.71 m,6 de junio de 1983,Dinamarca
4239,Per Kroldrup,26,1.94 m,31 de julio de 1979,Dinamarca
4240,William Kvist,26,1.85 m,24 de febrero de 1985,Dinamarca
4241,Soren Larsen,26,1.94 m,6 de septiembre de 1981,Dinamarca
4242,Brian Laudrup,26,,22 de febrero de 1969,Dinamarca
4243,Michael Laudrup,26,,15 de junio de 1964,Dinamarca
4244,Jacob Laursen,26,,6 de octubre de 1971,Dinamarca
4245,Martin Laursen,26,1.90 m,26 de julio de 1977,Dinamarca
4246,Lukas Lerager,26,1.83 m,12 de julio de 1993,Dinamarca
4247,Soren Lerby,26,,1 de febrero de 1958,Dinamarca
4248,Jesper Lindstrom,26,1.82 m,29 de febrero de 2000,Dinamarca
4249,Jonas Lössl,26,1.95 m,1 de febrero de 1989,Dinamarca
4250,Peter Lovenkrands,26,1.81 m,29 de enero de 1980,Dinamarca
4251,Steven Lustu,26,1.85 m,13 de abril de 1971,Dinamarca
4252,Peter Madsen,26,1.83 m,26 de abril de 1978,Dinamarca
4253,Joakim Maehle,26,1.85 m,20 de mayo de 1997,Dinamarca
4254,Jan Michaelsen,26,1.82 m,28 de noviembre de 1970,Dinamarca
4255,Jan Molby,26,,4 de julio de 1963,Dinamarca
4256,Peter Moller,26,1.90 m,23 de marzo de 1972,Dinamarca
4257,Miklos Molnar,26,,10 de abril de 1970,Dinamarca
4258,Patrick Mtiliga,26,1.70 m,28 de enero de 1981,Dinamarca
4259,Victor Nelsson,26,1.85 m,14 de octubre de 1998,Dinamarca
4260,Allan Nielsen,26,,13 de marzo de 1971,Dinamarca
4261,Brian Steen Nielsen,26,1.80 m,28 de diciembre de 1968,Dinamarca
4262,Ivan Nielsen,26,,9 de octubre de 1956,Dinamarca
4263,Kent Nielsen,26,,28 de diciembre de 1961,Dinamarca
4264,Christian Norgaard,26,1.86 m,10 de marzo de 1994,Dinamarca
4265,Jesper Olsen,26,,20 de marzo de 1961,Dinamarca
4266,Morten Olsen,26,,14 de agosto de 1949,Dinamarca
4267,Christian Poulsen,26,1.82 m,28 de febrero de 1980,Dinamarca
4268,Jakob Poulsen,26,1.85 m,7 de julio de 1983,Dinamarca
4269,Simon Poulsen,26,1.87 m,7 de abril de 1984,Dinamarca
4270,Ole Qvist,26,,25 de febrero de 1950,Dinamarca
4271,Trols Rasmussen,26,,7 de abril de 1961,Dinamarca
4272,Marc Rieper,26,,5 de junio de 1968,Dinamarca
4273,Dennis Rommedahl,26,1.78 m,22 de julio de 1978,Dinamarca
4274,Frederik Ronnow,26,1.90 m,4 de agosto de 1992,Dinamarca
4275,Ebbe Sand,26,1.83 m,19 de julio de 1972,Dinamarca
4276,Michael Schjonberg,26,,19 de enero de 1967,Dinamarca
4277,Kasper Schmeichel,26,1.90 m,5 de noviembre de 1986,Dinamarca
4278,Peter Schmeichel,26,,18 de noviembre de 1963,Dinamarca
4279,Lasse Schöne,26,1.78 m,27 de mayo de 1986,Dinamarca
4280,Allan Simonsen,26,,15 de diciembre de 1952,Dinamarca
4281,Pione Sisto,26,1.71 m,4 de febrero de 1995,Dinamarca
4282,John Sivebaek,26,,25 de octubre de 1961,Dinamarca
4283,Robert Skov,26,1.83 m,20 de mayo de 1996,Dinamarca
4284,Andreas Skov Olsen,26,1.87 m,29 de diciembre de 1999,Dinamarca
4285,Thomas Sorensen,26,1.85 m,12 de junio de 1976,Dinamarca
4286,Jens Stryger Larsen,26,1.82 m,21 de febrero de 1991,Dinamarca
4287,Stig Tofting,26,1.73 m,14 de agosto de 1969,Dinamarca
4288,Jon Dahl Tomasson,26,1.82 m,29 de agosto de 1976,Dinamarca
4289,Jannik Vestergaard,26,1.99 m,3 de agosto de 1992,Dinamarca
4290,Daniel Wass,26,1.81 m,31 de mayo de 1989,Dinamarca
4291,Morten Wieghorst,26,,25 de febrero de 1971,Dinamarca
4292,Jonas Wind,26,1.90 m,7 de febrero de 1999,Dinamarca
4293,Yussuf Yurary Poulsen,26,1.93 m,15 de junio de 1994,Dinamarca
4294,Danilo Aceval,62,,15 de septiembre de 1975,Paraguay
4295,Ignacio Achucarro,62,,31 de julio de 1936,Paraguay
4296,Roberto Acuña,62,1.75 m,25 de marzo de 1972,Paraguay
4297,Juan Aguero,62,,24 de junio de 1935,Paraguay
4298,Samuel Aguilar,62,,1 de enero de 1934,Paraguay
4299,Edgar Aguilera,62,,28 de julio de 1975,Paraguay
4300,Oscar Aguilera,80,,11 de marzo de 1935,Uruguay
4301,Francisco Aguirre,62,,1 de enero de 1908,Paraguay
4302,Antolin Alcaraz,62,1.84 m,30 de julio de 1982,Paraguay
4303,Francisco Alcaraz,62,,4 de octubre de 1960,Paraguay
4304,Faustino Alonso,6,,15 de febrero de 1961,Argentina
4305,Guido Alvarenga,62,1.70 m,24 de agosto de 1970,Paraguay
4306,Florencio Amarilla,62,,3 de enero de 1935,Paraguay
4307,Francisco Arce,62,1.78 m,2 de abril de 1971,Paraguay
4308,Edelmiro Arevalo,62,,7 de enero de 1929,Paraguay
4309,Enrique Avalos,62,,1 de enero de 1922,Paraguay
4310,Marcial Avalos,62,,,Paraguay
4311,Jose Raul Aveiro,62,,18 de julio de 1936,Paraguay
4312,Celso Ayala,56,1.77 m,20 de agosto de 1970,México
4313,Melanio Baez,62,,,Paraguay
4314,Richart Baez,62,1.80 m,31 de julio de 1973,Paraguay
4315,Diego Barreto,62,1.82 m,16 de julio de 1981,Paraguay
4316,Edgar Barreto,62,1.78 m,15 de julio de 1984,Paraguay
4317,Lucas Barrios,80,1.87 m,13 de noviembre de 1984,Uruguay
4318,Jorge Battaglia,62,,12 de mayo de 1960,Paraguay
4319,Edgar Benitez,62,1.76 m,8 de noviembre de 1987,Paraguay
4320,Miguel Benitez,62,,19 de mayo de 1970,Paraguay
4321,Pedro Benitez,62,,,Paraguay
4322,Santiago Benitez,62,,1 de enero de 1903,Paraguay
4323,Delfin Benitez Caceres,80,,24 de octubre de 1910,Uruguay
4324,Angel Berni,62,,9 de enero de 1931,Paraguay
4325,Aldo Bobadilla,62,1.92 m,20 de abril de 1976,Paraguay
4326,Carlos Bonet,62,1.76 m,2 de octubre de 1977,Paraguay
4327,Hugo Brizuela,56,1.73 m,8 de febrero de 1970,México
4328,Luis Caballero,62,,17 de septiembre de 1962,Paraguay
4329,Roberto Cabañas,62,,11 de abril de 1961,Paraguay
4330,Salvador Cabañas,62,1.73 m,5 de agosto de 1980,Paraguay
4331,Eufemio Cabral,62,,21 de marzo de 1955,Paraguay
4332,Antonio Cabrera,80,,,Uruguay
4333,Julio Cesar Caceres,62,1.81 m,5 de octubre de 1979,Paraguay
4334,Victor Caceres,80,1.86 m,25 de marzo de 1985,Uruguay
4335,Virginio Caceres,80,,21 de mayo de 1962,Uruguay
4336,Lorenzo Calonga,62,,,Paraguay
4338,Adolfino Canete,62,,13 de septiembre de 1956,Paraguay
4339,Juan Leon Canete,62,,,Paraguay
4340,Denis Caniza,62,1.74 m,29 de agosto de 1974,Paraguay
4341,Castor Cantero,62,,1 de enero de 1918,Paraguay
4342,Jose Cardozo,62,1.83 m,19 de marzo de 1971,Paraguay
4343,Oscar Cardozo,62,1.92 m,20 de mayo de 1983,Paraguay
4344,Cayetano Carreras Sagueir,62,,,Paraguay
4345,Pablo Centurion,62,,,Paraguay
4346,Casiano Cespedes,62,,1 de enero de 1924,Paraguay
4347,Eustaquio Chamorro,62,,,Paraguay
4348,Jose Luis Chilavert,62,1.94 m,27 de julio de 1965,Paraguay
4349,Rolando Chilavert,62,,22 de mayo de 1961,Paraguay
4350,Julian Coronel,62,,23 de octubre de 1958,Paraguay
4351,Nelson Cuevas,62,1.76 m,10 de enero de 1980,Paraguay
4352,Paulo Da Silva,62,1.84 m,1 de febrero de 1980,Paraguay
4353,Rogelio Delgado,62,,12 de octubre de 1959,Paraguay
4354,Modesto Denis,62,,1 de enero de 1901,Paraguay
4355,Eusebio Diaz,61,,1 de enero de 1901,Panamá
4356,Diogenes Dominguez,56,,1 de enero de 1902,México
4357,Julio Dos Santos,62,1.90 m,7 de mayo de 1983,Paraguay
4358,Eligio Echague,62,,1 de enero de 1931,Paraguay
4359,Julio Cesar Enciso,62,1.74 m,5 de agosto de 1974,Paraguay
4360,Romildo Etcheverry,9,,1 de enero de 1907,Bolivia
4361,Roberto Fernandez,62,,9 de julio de 1954,Paraguay
4362,Buenaventura Ferreira,6,,14 de julio de 1960,Argentina
4363,Diego Florentin,62,,,Paraguay
4364,Salvador Flores,62,,1 de enero de 1906,Paraguay
4365,Juan Carlos Franco,62,1.79 m,17 de abril de 1973,Paraguay
4366,Carlos Gamarra,62,1.80 m,17 de febrero de 1971,Paraguay
4367,Rodolfo Gamarra,62,1.68 m,10 de diciembre de 1988,Paraguay
4368,Tranquilino Garcete,62,,1 de enero de 1907,Paraguay
4369,Diego Gavilan,62,1.76 m,1 de marzo de 1980,Paraguay
4370,Manuel Gavilan,62,,1 de enero de 1921,Paraguay
4371,Luis Gini,62,,,Paraguay
4372,Derlis Gomez,62,1.81 m,2 de noviembre de 1972,Paraguay
4374,Armando Gonzalez,56,,,México
4375,Aurelio Gonzalez,62,,25 de septiembre de 1905,Paraguay
4376,Jorge Guasch,62,,17 de enero de 1961,Paraguay
4377,Ramon Hicks,62,,30 de mayo de 1960,Paraguay
4378,Eligio Antonio Insfran,62,,,Paraguay
4379,Eliseo Insfran,62,,,Paraguay
4380,Evaristo Isasi,62,,26 de octubre de 1955,Paraguay
4381,Dario Jara Saguier,62,,1 de septiembre de 1926,Paraguay
4382,Victoriano Leguizamon,62,,1 de enero de 1923,Paraguay
4383,Claudio Lezcano,62,,,Paraguay
4384,Juan Lezcano,62,,5 de abril de 1937,Paraguay
4385,Atilio Lopez,56,,1 de enero de 1925,México
4386,Dante Lopez,62,1.85 m,16 de agosto de 1983,Paraguay
4387,Cesar Lopez Fretes,62,,21 de marzo de 1923,Paraguay
4388,Julio Manzur,62,1.85 m,22 de enero de 1981,Paraguay
4389,Ramon Mayeregger,62,,19 de febrero de 1934,Paraguay
4390,Alfredo Mendoza,62,,31 de diciembre de 1963,Paraguay
4391,Jose Leon Miracca,62,,23 de septiembre de 1903,Paraguay
4392,Agustin Miranda,62,,1 de enero de 1930,Paraguay
4393,Jose Montiel,62,1.75 m,19 de marzo de 1988,Paraguay
4394,Carlos Morales,62,,4 de noviembre de 1968,Paraguay
4395,Claudio Morel,62,1.75 m,2 de febrero de 1978,Paraguay
4396,Gustavo Morinigo,62,1.78 m,23 de enero de 1977,Paraguay
4397,Lino Nessi,62,,1 de enero de 1904,Paraguay
4398,Jorge Núñez,80,1.76 m,22 de enero de 1978,Uruguay
4399,Quiterio Olmedo,62,,21 de diciembre de 1907,Paraguay
4400,Amadeo Ortega,62,,,Paraguay
4401,Nestor Ortigoza,62,1.80 m,7 de octubre de 1984,Paraguay
4402,Hilarion Osorio,62,,,Paraguay
4403,Carlos Paredes,62,1.79 m,16 de julio de 1976,Paraguay
4404,Elioro Paredes,6,,,Argentina
4405,Jose Parodi,62,,30 de agosto de 1932,Paraguay
4406,Benigno Gilberto Penayo,62,,3 de abril de 1933,Paraguay
4407,Cesar Ramirez,62,1.77 m,24 de marzo de 1977,Paraguay
4408,Cayetano Re,62,,7 de febrero de 1938,Paraguay
4409,Catalino Rivarola,62,,30 de abril de 1965,Paraguay
4410,Bernabe Rivera,80,,,Uruguay
4411,Cristian Riveros,62,1.79 m,16 de octubre de 1982,Paraguay
4412,Aristides Rojas,62,,12 de agosto de 1968,Paraguay
4413,Ricardo Rojas,6,,26 de enero de 1971,Argentina
4414,Gerardo Romero,56,,1 de enero de 1906,México
4415,Jorge Romero,56,,23 de septiembre de 1937,México
4416,Julio Cesar Romero,56,,28 de agosto de 1960,México
4417,Ruben Ruiz Diaz,61,,11 de noviembre de 1969,Panamá
4418,Daniel Sanabria,62,1.82 m,8 de febrero de 1977,Paraguay
4419,Roque Santa Cruz,62,1.91 m,16 de agosto de 1981,Paraguay
4420,Jonathan Santana,62,1.81 m,19 de octubre de 1981,Paraguay
4421,Pedro Sarabia,34,1.81 m,5 de julio de 1975,España
4422,Vladimiro Schettina,62,,8 de octubre de 1955,Paraguay
4423,Dario Segovia,62,,,Paraguay
4424,Luis Silva,62,,,Paraguay
4425,Francisco Sosa,62,,,Paraguay
4426,Estanislao Struway,62,1.76 m,25 de junio de 1968,Paraguay
4427,Ricardo Tavarelli,62,1.82 m,2 de agosto de 1970,Paraguay
4428,Delio Toledo,62,1.82 m,10 de febrero de 1976,Paraguay
4429,Juan Torales,62,,9 de marzo de 1956,Paraguay
4430,Aureliano Torres,62,1.78 m,16 de junio de 1982,Paraguay
4431,Leongino Unzain,62,,16 de mayo de 1925,Paraguay
4432,Nelson Valdez,62,1.78 m,28 de noviembre de 1983,Paraguay
4433,Marcelino Vargas,62,,1 de enero de 1921,Paraguay
4434,Luis Vargas Pena,62,,1 de enero de 1905,Paraguay
4435,Enrique Vera,62,1.78 m,10 de marzo de 1979,Paraguay
4436,Dario Veron,6,1.81 m,26 de julio de 1979,Argentina
4437,Jacinto Villalba,62,,,Paraguay
4438,Salvador Villalba,62,,29 de agosto de 1924,Paraguay
4439,Justo Villar,62,1.80 m,30 de junio de 1977,Paraguay
4440,Julio Cesar Yegros,62,,31 de enero de 1971,Paraguay
4441,Cesar Zabala,62,,3 de junio de 1961,Paraguay
4442,Shehu Abdullahi,57,1.70 m,12 de marzo de 1993,Nigeria
4443,Dele Adeleye,57,1.89 m,25 de diciembre de 1988,Nigeria
4444,Mutiu Adepoju,57,1.80 m,22 de diciembre de 1970,Nigeria
4445,Rabiu Afolabi,57,1.83 m,18 de abril de 1980,Nigeria
4446,Chigozie Agbim,57,1.87 m,28 de noviembre de 1984,Nigeria
4447,Wilfred Agbonavbare,57,,5 de octubre de 1966,Nigeria
4448,Julius Aghahowa,57,1.78 m,12 de febrero de 1982,Nigeria
4449,Alloy Agu,57,,12 de julio de 1967,Nigeria
4450,Yakubu Aiyegbeni,57,1.88 m,22 de noviembre de 1982,Nigeria
4451,Dele Aiyenugba,57,1.86 m,20 de noviembre de 1983,Nigeria
4452,Daniel Akpeyi,57,1.87 m,3 de agosto de 1986,Nigeria
4453,Benedict Akwuegbu,57,1.90 m,3 de noviembre de 1974,Nigeria
4454,Efe Ambrose,57,1.90 m,18 de octubre de 1988,Nigeria
4455,Shola Ameobi,57,1.88 m,12 de octubre de 1981,Nigeria
4456,Daniel Amokachi,57,,30 de diciembre de 1972,Nigeria
4457,Emmanuel Amunike,57,,25 de diciembre de 1970,Nigeria
4458,Chidozie Awaziem,57,1.89 m,1 de enero de 1997,Nigeria
4459,Yussuf Ayila,57,1.79 m,4 de noviembre de 1984,Nigeria
4460,Ramón Azeez,57,1.69 m,12 de diciembre de 1992,Nigeria
4461,Tijani Babangida,57,1.69 m,25 de septiembre de 1973,Nigeria
4462,Michel Babatunde,57,1.79 m,24 de diciembre de 1992,Nigeria
4463,Celestine Babayaro,57,1.72 m,29 de agosto de 1978,Nigeria
4464,Leon Balogun,57,1.90 m,28 de junio de 1988,Nigeria
4465,Abiodun Baruwa,57,,16 de noviembre de 1974,Nigeria
4466,Justice Christopher,57,1.78 m,24 de diciembre de 1981,Nigeria
4467,Tyronne Ebuehi,57,1.87 m,16 de diciembre de 1995,Nigeria
4468,Elderson Echiéjilé,57,1.84 m,20 de enero de 1988,Nigeria
4469,Uwa Echiejile,57,1.98 m,20 de enero de 1988,Nigeria
4470,Augustine Eguavoen,57,,19 de agosto de 1965,Nigeria
4471,Azubuike Egwuekwe,57,1.95 m,16 de julio de 1989,Nigeria
4472,Austin Ejide,57,1.86 m,8 de abril de 1984,Nigeria
4473,Eric Ejiofor,57,1.85 m,21 de julio de 1979,Nigeria
4474,Efan Ekoku,57,1.85 m,8 de junio de 1967,Nigeria
4475,Michael Emenalo,57,,14 de julio de 1965,Nigeria
4476,Emmanuel Emenike,57,1.82 m,10 de mayo de 1987,Nigeria
4477,Vincent Enyeama,57,1.85 m,29 de agosto de 1982,Nigeria
4478,Oghenekaro Etebo,57,1.72 m,9 de noviembre de 1995,Nigeria
4479,Dickson Etuhu,57,1.91 m,8 de junio de 1982,Nigeria
4480,Ikechukwu Ezenwa,57,1.86 m,16 de octubre de 1988,Nigeria
4481,Emeka Ezeugo,57,,16 de diciembre de 1965,Nigeria
4482,Reuben Gabriel,57,1.95 m,25 de septiembre de 1990,Nigeria
4483,Finidi George,57,1.87 m,15 de abril de 1971,Nigeria
4484,Lukman Haruna,57,1.77 m,4 de diciembre de 1990,Nigeria
4485,Brown Ideye,57,1.80 m,10 de octubre de 1988,Nigeria
4486,Brian Idowu,57,1.80 m,18 de mayo de 1992,Nigeria
4487,Odion Ighalo,57,1.81 m,16 de junio de 1989,Nigeria
4488,Kelechi Iheanacho,57,1.87 m,3 de octubre de 1996,Nigeria
4489,Pius Ikedia,57,1.66 m,11 de julio de 1980,Nigeria
4490,Victor Ikpeba,57,1.74 m,12 de junio de 1973,Nigeria
4491,Ben Iroha,57,,29 de noviembre de 1969,Nigeria
4492,Alex Iwobi,57,1.80 m,3 de mayo de 1996,Nigeria
4493,Sani Kaita,57,1.80 m,2 de mayo de 1986,Nigeria
4494,Nwankwo Kanu,57,1.97 m,1 de agosto de 1976,Nigeria
4495,Stephen Keshi,57,,23 de enero de 1962,Nigeria
4496,Garba Lawal,57,1.83 m,22 de mayo de 1974,Nigeria
4497,Obafemi Martins,57,1.70 m,28 de octubre de 1984,Nigeria
4498,Victor Moses,57,1.78 m,12 de diciembre de 1990,Nigeria
4499,Ahmed Musa,57,1.70 m,14 de octubre de 1992,Nigeria
4500,Wilfred Ndidi,57,1.87 m,16 de diciembre de 1996,Nigeria
4501,Simeon Nwankwo,57,1.98 m,7 de mayo de 1992,Nigeria
4502,Chidi Nwanu,57,,1 de enero de 1967,Nigeria
4503,Uche Nwofor,57,1.84 m,17 de septiembre de 1991,Nigeria
4504,Joel Obi,57,1.77 m,22 de mayo de 1991,Nigeria
4505,John Obi Mikel,57,1.88 m,22 de abril de 1987,Nigeria
4506,Victor Obinna,57,1.78 m,25 de marzo de 1987,Nigeria
4507,James Obiorah,57,1.79 m,24 de agosto de 1978,Nigeria
4508,Godfrey Oboabona,57,1.86 m,16 de agosto de 1990,Nigeria
4509,Peter Odemwingie,57,1.81 m,15 de julio de 1981,Nigeria
4510,Chidi Odiah,57,1.81 m,17 de diciembre de 1983,Nigeria
4511,Kunle Odunlami,57,1.87 m,30 de abril de 1991,Nigeria
4512,Bartholomew Ogbeche,57,1.77 m,1 de octubre de 1984,Nigeria
4513,Chinedu Ogbuke Obasi,57,1.81 m,1 de junio de 1986,Nigeria
4514,John Ogu,57,1.92 m,20 de abril de 1988,Nigeria
4515,Uche Okafor,57,,8 de agosto de 1967,Nigeria
4516,Uche Okechukwu,57,,27 de septiembre de 1967,Nigeria
4517,Jay Jay Okocha,57,1.75 m,14 de agosto de 1973,Nigeria
4518,Isaac Okoronkwo,57,1.82 m,1 de mayo de 1978,Nigeria
4519,Godwin Okpara,57,1.77 m,20 de septiembre de 1972,Nigeria
4520,Willy Okpara,57,,7 de mayo de 1968,Nigeria
4521,Thompson Oliha,57,,4 de octubre de 1968,Nigeria
4522,Sunday Oliseh,57,1.83 m,14 de septiembre de 1974,Nigeria
4523,Kenneth Omeruo,57,1.85 m,17 de octubre de 1993,Nigeria
4524,Ogenyi Onazi,57,1.73 m,25 de diciembre de 1992,Nigeria
4525,Femi Opabunmi,57,1.70 m,3 de marzo de 1985,Nigeria
4526,Mobi Oparaku,57,,1 de diciembre de 1976,Nigeria
4527,Wilson Oruma,57,,30 de diciembre de 1976,Nigeria
4528,Juwon Oshaniwa,57,1.84 m,14 de septiembre de 1990,Nigeria
4529,Peter Rufai,57,,24 de agosto de 1963,Nigeria
4530,Danny Shittu,57,1.90 m,2 de septiembre de 1980,Nigeria
4531,Ike Shorunmu,57,1.86 m,16 de octubre de 1967,Nigeria
4532,Samson Siasia,57,1.92 m,14 de agosto de 1967,Nigeria
4533,Efetobore Sodje,57,1.85 m,5 de octubre de 1972,Nigeria
4534,Taye Taiwo,57,1.88 m,16 de abril de 1985,Nigeria
4535,William Troost-Ekong,57,1.91 m,1 de septiembre de 1993,Nigeria
4536,Kalu Uche,57,1.71 m,15 de noviembre de 1982,Nigeria
4537,Michael Uchebo,57,1.94 m,3 de febrero de 1990,Nigeria
4538,Ifeanyi Udeze,57,1.79 m,21 de julio de 1980,Nigeria
4539,John Utaka,57,1.79 m,8 de enero de 1982,Nigeria
4540,Ejike Uzoenyi,57,1.68 m,23 de marzo de 1988,Nigeria
4541,Francis Uzoho,57,1.96 m,28 de octubre de 1998,Nigeria
4542,Taribo West,57,1.86 m,26 de marzo de 1974,Nigeria
4543,Rasheed Yekini,57,,23 de octubre de 1963,Nigeria
4544,Joseph Yobo,57,1.85 m,6 de septiembre de 1980,Nigeria
4545,Ernst Aigner,8,,31 de octubre de 1966,Austria
4546,Martin Amerhauser,8,1.80 m,23 de julio de 1974,Austria
4547,Peter Artner,8,,20 de mayo de 1966,Austria
4548,Leopold Barschandt,8,,12 de agosto de 1925,Austria
4549,Ernst Baumeister,8,,22 de enero de 1957,Austria
4550,Hubert Baumgartner,8,,25 de febrero de 1955,Austria
4551,Michael Baur,8,,16 de abril de 1969,Austria
4552,Josef Bican,8,,25 de septiembre de 1913,Austria
4553,Georg Braun,8,,22 de febrero de 1907,Austria
4554,Gerhard Breitenberger,8,,14 de octubre de 1954,Austria
4555,Hans Buzek,8,,22 de mayo de 1938,Austria
4556,Harald Cerny,8,1.77 m,13 de septiembre de 1973,Austria
4557,Franz Cisar,8,,28 de noviembre de 1908,Austria
4558,Josef Degeorgi,8,,19 de enero de 1960,Austria
4559,Robert Dienst,8,,1 de marzo de 1928,Austria
4560,Hans Dihanich,8,,24 de octubre de 1958,Austria
4561,Bruno Engelmeier,8,,5 de septiembre de 1927,Austria
4562,Wolfgang Feiersinger,8,,30 de enero de 1965,Austria
4563,Herbert Feurer,8,,14 de enero de 1954,Austria
4564,Friederich Franzl,8,,6 de marzo de 1905,Austria
4565,Erwin Fuchsbichler,8,,27 de marzo de 1952,Austria
4566,Karl Giesser,8,,29 de octubre de 1928,Austria
4567,Gerald Glatzmayer,8,,13 de diciembre de 1968,Austria
4568,Mario Haas,8,1.78 m,16 de septiembre de 1974,Austria
4569,Max Hagmayr,8,,16 de noviembre de 1956,Austria
4570,Paul Halla,8,,10 de abril de 1931,Austria
4571,Pepi Hammerl,8,,22 de enero de 1931,Austria
4572,Gerhard Hanappi,8,,16 de febrero de 1929,Austria
4573,Ernst Happel,8,,29 de noviembre de 1925,Austria
4574,Gunter Happich,8,,28 de enero de 1952,Austria
4575,Josef Hassmann,8,,21 de mayo de 1910,Austria
4576,Roland Hattenberger,8,,7 de diciembre de 1948,Austria
4577,Walter Haummer,8,,22 de noviembre de 1928,Austria
4578,Andreas Heraf,8,,10 de septiembre de 1967,Austria
4579,Andreas Herzog,8,1.83 m,10 de septiembre de 1968,Austria
4580,Josef Hickersberger,8,,27 de abril de 1948,Austria
4581,Martin Hiden,8,1.81 m,11 de marzo de 1973,Austria
4582,Reinhold Hintermaier,8,,14 de febrero de 1956,Austria
4583,Leopold Hofmann,1,,31 de octubre de 1905,Alemania
4584,Walter Horak,8,,1 de junio de 1931,Austria
4585,Alfred Hortnagl,8,,24 de septiembre de 1966,Austria
4586,Johann Horvath,8,,20 de mayo de 1903,Austria
4587,Anton Janda,8,,1 de mayo de 1904,Austria
4588,Kurt Jara,8,,14 de octubre de 1950,Austria
4589,Gernot Jurtin,8,,9 de septiembre de 1955,Austria
4590,Mathias Kaburek,8,,9 de febrero de 1911,Austria
4591,Christian Keglevits,8,,29 de enero de 1961,Austria
4592,Wolfgang Knaller,8,,9 de octubre de 1961,Austria
4593,Alfred Koerner,8,,14 de febrero de 1926,Austria
4594,Robert Koerner,8,,21 de agosto de 1924,Austria
4595,Walter Kogler,8,,12 de diciembre de 1967,Austria
4596,Karl Koller,8,,9 de febrero de 1929,Austria
4597,Walter Kollmann,8,,17 de junio de 1932,Austria
4598,Friedl Koncilia,8,,25 de febrero de 1948,Austria
4599,Otto Konrad,8,,1 de noviembre de 1964,Austria
4600,Michael Konsel,8,,6 de marzo de 1962,Austria
4601,Ernst Kozlicek,8,,27 de enero de 1931,Austria
4602,Paul Kozlicek,8,,22 de julio de 1937,Austria
4603,Hans Krankl,8,,14 de febrero de 1953,Austria
4604,Bernd Krauss,8,,8 de mayo de 1957,Austria
4605,Wilhelm Kreuz,8,,29 de mayo de 1949,Austria
4606,Eduard Krieger,8,,16 de diciembre de 1946,Austria
4607,Dietmar Kuehbauer,8,1.72 m,4 de abril de 1971,Austria
4608,Klaus Lindenberger,8,,28 de mayo de 1957,Austria
4609,Manfred Linzmaier,8,,27 de agosto de 1962,Austria
4610,Roman Mahlich,8,,17 de septiembre de 1971,Austria
4611,Gerald Messlender,8,,1 de octubre de 1961,Austria
4612,Herbert Ninaus,8,,31 de marzo de 1937,Austria
4613,Franz Oberacher,8,,24 de marzo de 1954,Austria
4614,Erich Obermayer,8,,23 de enero de 1953,Austria
4615,Ernst Ocwirk,8,,7 de marzo de 1926,Austria
4616,Andeas Ogris,8,,7 de octubre de 1964,Austria
4617,Robert Pecl,8,,15 de noviembre de 1965,Austria
4618,Franz Pelikan,8,,6 de noviembre de 1925,Austria
4619,Peter Persidis,8,,8 de marzo de 1947,Austria
4620,Bruno Pezzey,8,,3 de febrero de 1955,Austria
4621,Anton Pfeffer,8,,17 de agosto de 1965,Austria
4622,Heimo Pfeifenberger,8,,29 de diciembre de 1966,Austria
4623,Andy Pichler,8,,4 de octubre de 1955,Austria
4624,Hans Pirkner,8,,25 de marzo de 1946,Austria
4625,Peter Platzer,8,,29 de mayo de 1910,Austria
4626,Toni Polster,8,,10 de marzo de 1964,Austria
4627,Johann Pregesbauer,8,,8 de junio de 1958,Austria
4628,Erich Probst,8,,5 de diciembre de 1927,Austria
4629,Herbert Prohaska,8,,8 de agosto de 1955,Austria
4630,Ignaz Puschnik,8,,5 de febrero de 1934,Austria
4632,Hannes Reinmayr,8,,23 de agosto de 1969,Austria
4633,Andreas Reisinger,8,,14 de octubre de 1963,Austria
4634,Johann Riegler,8,,17 de julio de 1929,Austria
4635,Gerhard Rodax,8,,29 de agosto de 1965,Austria
4636,Kurt Russ,8,,23 de noviembre de 1964,Austria
4637,Robert Sara,8,,9 de junio de 1946,Austria
4638,Walter Schachner,8,,1 de febrero de 1957,Austria
4639,Toni Schall,8,,22 de junio de 1907,Austria
4640,Walter Schleger,8,,19 de septiembre de 1929,Austria
4641,Willi Schmaus,8,,16 de junio de 1911,Austria
4642,Kurt Schmied,8,,14 de junio de 1926,Austria
4643,Peter Schoettel,8,,26 de marzo de 1967,Austria
4644,Markus Schopp,8,1.88 m,22 de febrero de 1974,Austria
4645,Helmut Senekowitsch,8,,22 de octubre de 1933,Austria
4646,Karl Sesta,8,,18 de marzo de 1906,Austria
4647,Matthias Sindelar,8,,10 de febrero de 1903,Austria
4648,Josef Smistik,8,,28 de noviembre de 1905,Austria
4649,Peter Stoeger,8,,11 de abril de 1966,Austria
4650,Ernst Stojaspal,8,,14 de enero de 1925,Austria
4651,Karl Stotz,8,,27 de marzo de 1927,Austria
4652,Heinrich Strasser,8,,26 de octubre de 1948,Austria
4653,Michael Streiter,8,,19 de enero de 1966,Austria
4655,Franz Swoboda,8,,15 de febrero de 1933,Austria
4656,Rudolf Szanwald,8,,6 de julio de 1931,Austria
4657,Alfred Teinitzer,8,,29 de julio de 1929,Austria
4658,Hans Urbanek,8,,10 de octubre de 1910,Austria
4659,Ivica Vastic,8,1.83 m,29 de septiembre de 1969,Austria
4660,Rudi Viertl,8,,12 de noviembre de 1902,Austria
4662,Theodor Wagner,8,,6 de agosto de 1927,Austria
4663,Johann Walzhofer,8,,23 de marzo de 1906,Austria
4664,Heribert Weber,8,,28 de junio de 1955,Austria
4665,Kurt Welzl,8,,6 de noviembre de 1954,Austria
4666,Arnold Wetl,8,,2 de febrero de 1970,Austria
4667,Franz Wohlfahrt,8,,1 de julio de 1964,Austria
4668,Walter Zeman,8,,1 de mayo de 1927,Austria
4669,Karl Zischek,8,,28 de agosto de 1910,Austria
4670,Manfred Zsak,8,,22 de diciembre de 1964,Austria
4671,Dorst,43,,,Indonesia
4672,G. Faulhaber,43,,,Indonesia
4673,J. Harting,43,,,Indonesia
4674,Frans Hukon,43,,1 de enero de 1917,Indonesia
4675,Frans Meeng,43,,1 de enero de 1914,Indonesia
4676,Achmad Nawir,43,,1 de enero de 1911,Indonesia
4677,Tjaak Pattiwael,43,,23 de febrero de 1914,Indonesia
4678,Jack Samuels,43,,1 de enero de 1912,Indonesia
4679,Suvarte Soedarmadji,43,,6 de diciembre de 1915,Indonesia
4680,Henk Sommers,43,,,Indonesia
4681,Anwar Sutan,43,,21 de marzo de 1914,Indonesia
4682,Hans Taihuttu,43,,1 de enero de 1909,Indonesia
4683,Hong Djien Tan,43,,12 de enero de 1916,Indonesia
4684,Mo Heng Tan,43,,28 de febrero de 1913,Indonesia
4685,See Han Tan,43,,1 de enero de 1910,Indonesia
4686,Teilherber,43,,,Indonesia
4687,R. Telwe,43,,,Indonesia
4688,G. Van Den Burgh,43,,,Indonesia
4689,Alberto Acha,9,,3 de abril de 1920,Bolivia
4690,Mario Alborta,9,,19 de septiembre de 1910,Bolivia
4691,Victor Algaranaz,9,,6 de abril de 1924,Bolivia
4692,Duberty Araoz,9,,21 de diciembre de 1920,Bolivia
4693,Jorge Argote,9,,1 de enero de 1906,Bolivia
4694,Vicente Arraya,9,,25 de enero de 1922,Bolivia
4695,Jorge Balderrama,9,,12 de diciembre de 1906,Bolivia
4696,Julio Baldivieso,9,,2 de diciembre de 1971,Bolivia
4697,Jesus Bermudez,9,,1 de enero de 1902,Bolivia
4698,Carlos Borja,9,,25 de diciembre de 1956,Bolivia
4699,Miguel Brito,9,,,Bolivia
4700,Victor Brown,9,,7 de marzo de 1927,Bolivia
4701,Jose Bustamante,9,,1 de enero de 1907,Bolivia
4702,Jose Bustamante-Nava,9,,5 de marzo de 1922,Bolivia
4703,Rene Cabrera,9,,,Bolivia
4704,Roberto Capparelli,9,,18 de noviembre de 1921,Bolivia
4705,Ramiro Castillo,9,,27 de marzo de 1966,Bolivia
4706,Casiano Chavarria,9,,3 de agosto de 1901,Bolivia
4707,Luis Cristaldo,9,,31 de agosto de 1969,Bolivia
4708,Segundo Durandal,9,,17 de marzo de 1907,Bolivia
4709,Marco Antonio Etcheverry,9,,26 de septiembre de 1970,Bolivia
4710,Rene Fernandez,9,,1 de enero de 1906,Bolivia
4711,Leonardo Ferrel,9,,7 de julio de 1923,Bolivia
4712,Benedicto Godoy,9,,,Bolivia
4713,Gumercindo Gomez,9,,1 de enero de 1907,Bolivia
4714,Antonio Grecco,9,,1 de enero de 1923,Bolivia
4715,Juan Guerra,9,,,Bolivia
4716,Benigno Gutierrez,9,,1 de septiembre de 1925,Bolivia
4717,Eduardo Gutierrez,56,,17 de enero de 1925,México
4718,Diogenes Lara,9,,6 de abril de 1903,Bolivia
4719,Benjamin Maldonado,9,,1 de enero de 1928,Bolivia
4720,Milton Melgar,9,,20 de septiembre de 1959,Bolivia
4721,Mario Mena,9,,28 de julio de 1928,Bolivia
4722,Rafael Mendez,9,,1 de enero de 1904,Bolivia
4723,Jaime Moreno,56,,19 de enero de 1974,México
4724,Miguel Murillo,9,,,Bolivia
4725,Jose Noya,9,,,Bolivia
4726,Alvaro Pena,9,,11 de febrero de 1966,Bolivia
4727,Juan Manuel Pena,9,,17 de enero de 1973,Bolivia
4728,Mario Pinedo,9,,9 de abril de 1964,Bolivia
4729,Gustavo Quinteros,9,,15 de febrero de 1965,Bolivia
4730,Luis Ramallo,9,,4 de julio de 1961,Bolivia
4731,Mauricio Ramos,56,,23 de septiembre de 1969,México
4732,Eduardo Reyes Ortiz,56,,1 de enero de 1907,México
4733,Luis Reyes Penaranda,9,,,Bolivia
4734,Miguel Angel Rimba,9,,1 de noviembre de 1967,Bolivia
4735,Dario Rojas,9,,20 de enero de 1960,Bolivia
4736,Hector Saavedra,9,,,Bolivia
4737,Renato Sainz,9,,14 de diciembre de 1899,Bolivia
4738,Erwin Sanchez,56,,19 de octubre de 1969,México
4739,Oscar Sanchez,56,,16 de julio de 1971,México
4740,Marco Antonio Sandy,9,,29 de agosto de 1971,Bolivia
4741,Vladimir Soria,9,,15 de julio de 1964,Bolivia
4742,Modesto Soruco,9,,12 de febrero de 1966,Bolivia
4743,Marcelo Torrico,9,,11 de enero de 1972,Bolivia
4744,Carlos Trucco,9,,11 de agosto de 1957,Bolivia
4745,Victor Ugarte,9,,5 de mayo de 1926,Bolivia
4746,Antonio Valencia,27,1.80 m,4 de agosto de 1985,Ecuador
4747,Mohamed Abdeljawad,4,,28 de noviembre de 1962,Arabia Saudita
4748,Saud Abdulhamid,4,1.71 m,18 de julio de 1999,Arabia Saudita
4749,Majed Abdullah,4,,1 de noviembre de 1959,Arabia Saudita
4750,Tisir Al Antaif,4,1.83 m,16 de febrero de 1974,Arabia Saudita
4751,Awwad Al Anzi,4,,24 de septiembre de 1968,Arabia Saudita
4752,Ahmed Al Bahri,4,1.78 m,18 de septiembre de 1980,Arabia Saudita
4753,Fahad Al Bishi,4,,10 de septiembre de 1965,Arabia Saudita
4754,Mohamed Al Bishi,4,1.83 m,3 de mayo de 1987,Arabia Saudita
4755,Saleh Al Dawood,4,,24 de septiembre de 1968,Arabia Saudita
4756,Mohammed Al Deayea,4,1.88 m,2 de agosto de 1972,Arabia Saudita
4757,Abdullah Al Dosari,4,,1 de noviembre de 1969,Arabia Saudita
4758,Abdullah Gaman Al Dosari,4,1.83 m,10 de noviembre de 1977,Arabia Saudita
4759,Ahmed Al Dosari,4,1.75 m,25 de octubre de 1976,Arabia Saudita
4760,Obeid Al Dosari,4,1.74 m,2 de octubre de 1975,Arabia Saudita
4761,Khamis Al Dossari,4,1.78 m,8 de septiembre de 1973,Arabia Saudita
4762,Omar Al Ghamdi,4,1.70 m,11 de abril de 1979,Arabia Saudita
4763,Fahad Al Ghesheyan,4,,1 de agosto de 1973,Arabia Saudita
4764,Ibrahim Al Harbi,4,,10 de julio de 1975,Arabia Saudita
4765,Saad Al Harthi,4,1.78 m,3 de febrero de 1984,Arabia Saudita
4766,Malek Al Hawsawi,4,1.78 m,10 de agosto de 1981,Arabia Saudita
4767,Ibrahim Al Helwa,4,,18 de agosto de 1972,Arabia Saudita
4768,Sami Al Jaber,4,1.76 m,11 de diciembre de 1972,Arabia Saudita
4769,Mohammed Al Jahani,48,1.77 m,28 de septiembre de 1974,Irán
4770,Abdulaziz Al Janoubi,4,1.76 m,21 de julio de 1974,Arabia Saudita
4771,Yasser Al Kahtani,4,1.66 m,10 de octubre de 1982,Arabia Saudita
4772,Mohammed Al Khlaiwi,4,,21 de agosto de 1971,Arabia Saudita
4773,Fahad Al Mehalel,4,,11 de noviembre de 1970,Arabia Saudita
4774,Hamad Al Montashari,4,1.81 m,22 de junio de 1982,Arabia Saudita
4775,Khaled Al Muwallid,4,,23 de noviembre de 1971,Arabia Saudita
4776,Said Al Owayran,4,,19 de agosto de 1967,Arabia Saudita
4777,Naif Al Qadi,4,1.76 m,3 de abril de 1979,Arabia Saudita
4778,Mohammed Al Rubaie,4,1.90 m,14 de agosto de 1997,Arabia Saudita
4779,Hussein Al Sadeq,4,1.82 m,15 de octubre de 1973,Arabia Saudita
4780,Abdullah Alwaked Al Shahrani,4,1.78 m,29 de septiembre de 1975,Arabia Saudita
4781,Ibrahim Al Shahrani,4,1.72 m,21 de julio de 1974,Arabia Saudita
4782,Mohammad Al Shalhoub,4,1.63 m,8 de diciembre de 1980,Arabia Saudita
4783,Fouzi Al Shehri,4,1.73 m,15 de mayo de 1980,Arabia Saudita
4784,Hussein Al Sulaimani,4,1.74 m,21 de enero de 1977,Arabia Saudita
4785,Yasser Al Taifi,4,,10 de mayo de 1971,Arabia Saudita
4786,Nawaf Al Temiyat,4,1.76 m,28 de junio de 1976,Arabia Saudita
4787,Youssef Al Tunayan,4,,18 de noviembre de 1963,Arabia Saudita
4788,Al Hasan Al Yami,4,1.73 m,21 de agosto de 1972,Arabia Saudita
4789,Nawaf Al-Abed,4,1.69 m,26 de enero de 1990,Arabia Saudita
4790,Abdulrahman Al-Aboud,4,1.74 m,1 de junio de 1995,Arabia Saudita
4791,Abdulelah Al-Amri,4,1.85 m,15 de enero de 1997,Arabia Saudita
4792,Nawaf Al-Aqidi,4,1.86 m,10 de mayo de 2000,Arabia Saudita
4793,Mohammed Al-Breik,4,1.73 m,15 de septiembre de 1992,Arabia Saudita
4794,Ali Al-Bulaihi,4,1.82 m,21 de noviembre de 1989,Arabia Saudita
4795,Firas Al-Buraikan,4,1.81 m,14 de mayo de 2000,Arabia Saudita
4796,Nasser Al-Dawsari,4,1.78 m,19 de diciembre de 1998,Arabia Saudita
4797,Salem Al-Dawsari,4,1.72 m,19 de agosto de 1991,Arabia Saudita
4798,Salman Al-Faraj,4,1.80 m,1 de agosto de 1989,Arabia Saudita
4799,Sultan Al-Ghanam,4,1.73 m,6 de mayo de 1994,Arabia Saudita
4800,Mansoor Al-Harbi,4,1.70 m,19 de octubre de 1987,Arabia Saudita
4801,Ali Al-Hassan,4,1.82 m,4 de marzo de 1997,Arabia Saudita
4802,Taisir Al-Jassim,4,1.70 m,25 de julio de 1984,Arabia Saudita
4803,Abdullah Al-Khaibari,4,,16 de agosto de 1996,Arabia Saudita
4804,Abdulmalek Al-Khaibri,4,1.75 m,13 de marzo de 1986,Arabia Saudita
4805,Abdulelah Al-Malki,4,1.76 m,11 de octubre de 1994,Arabia Saudita
4806,Abdullah Al-Mayouf,4,1.88 m,23 de enero de 1987,Arabia Saudita
4807,Housain Al-Mogahwi,4,1.73 m,24 de marzo de 1988,Arabia Saudita
4808,Yasser Al-Mosailem,4,1.87 m,27 de febrero de 1984,Arabia Saudita
4809,Fahad Al-Muwallad,4,1.67 m,14 de septiembre de 1994,Arabia Saudita
4810,Sami Al-Najei,4,1.76 m,7 de febrero de 1997,Arabia Saudita
4811,Mohammed Al-Owais,4,1.85 m,10 de octubre de 1991,Arabia Saudita
4812,Mohammad Al-Sahlawi,4,1.80 m,10 de enero de 1987,Arabia Saudita
4813,Yasser Al-Shahrani,4,1.71 m,25 de mayo de 1992,Arabia Saudita
4814,Saleh Al-Shehri,4,1.84 m,1 de noviembre de 1993,Arabia Saudita
4815,Yahya Al-Shehri,4,1.64 m,26 de junio de 1990,Arabia Saudita
4816,Mansour Althagafi,4,1.76 m,14 de enero de 1979,Arabia Saudita
4817,Mohammed Ameen,4,1.75 m,29 de abril de 1980,Arabia Saudita
4818,Fuad Amin,4,,13 de octubre de 1972,Arabia Saudita
4819,Haitham Asiri,4,1.73 m,25 de marzo de 2001,Arabia Saudita
4820,Muhannad Assiri,4,1.87 m,14 de octubre de 1986,Arabia Saudita
4821,Khaled Aziz,4,1.72 m,14 de julio de 1981,Arabia Saudita
4822,Mohammed Babkr,4,1.86 m,15 de enero de 1973,Arabia Saudita
4823,Hattan Bahebri,4,1.72 m,16 de julio de 1992,Arabia Saudita
4824,Hamza Falatah,4,1.78 m,8 de octubre de 1972,Arabia Saudita
4825,Mohsin Harthi,4,1.84 m,17 de julio de 1976,Arabia Saudita
4826,Motaz Hawsawi,4,1.79 m,17 de febrero de 1992,Arabia Saudita
4827,Omar Hawsawi,4,1.84 m,27 de septiembre de 1985,Arabia Saudita
4828,Osama Hawsawi,4,1.87 m,31 de marzo de 1984,Arabia Saudita
4829,Talal Jebrin,4,,25 de septiembre de 1973,Arabia Saudita
4830,Mohamed Kanno,4,1.92 m,22 de septiembre de 1994,Arabia Saudita
4831,Saud Kariri,4,1.84 m,8 de julio de 1980,Arabia Saudita
4832,Abdulaziz Khathran,4,1.69 m,31 de julio de 1973,Arabia Saudita
4833,Mohammad Khojah,4,1.89 m,15 de marzo de 1982,Arabia Saudita
4834,Ahmed Madani,4,,6 de enero de 1970,Arabia Saudita
4835,Abdullah Madu,4,1.87 m,15 de julio de 1993,Arabia Saudita
4836,Mohammed Massad,4,1.76 m,17 de febrero de 1983,Arabia Saudita
4837,Mohammed Noor,4,1.86 m,26 de febrero de 1978,Arabia Saudita
4838,Abdullah Otayf,4,1.77 m,3 de agosto de 1992,Arabia Saudita
4839,Hamza Saleh,4,,19 de abril de 1967,Arabia Saudita
4840,Riyadh Sharahili,4,1.84 m,28 de abril de 1993,Arabia Saudita
4841,Hassan Tambakti,4,1.82 m,9 de febrero de 1999,Arabia Saudita
4842,Redha Tukar,4,1.79 m,29 de noviembre de 1975,Arabia Saudita
4843,Mabrouk Zaid,4,1.85 m,11 de febrero de 1979,Arabia Saudita
4844,Abdullah Zubromawi,4,1.81 m,15 de noviembre de 1973,Arabia Saudita
4845,Abelardo,34,1.80 m,19 de abril de 1970,España
4846,Juan Carlos Ablanedo,34,,2 de septiembre de 1963,España
4847,Juan Acuña,34,,14 de febrero de 1923,España
4848,Adelardo,34,,26 de noviembre de 1939,España
4849,Aguilera,80,,22 de mayo de 1969,Uruguay
4850,Jordi Alba,34,1.70 m,21 de marzo de 1989,España
4851,David Albelda,34,1.81 m,1 de septiembre de 1977,España
4852,Raul Albiol,34,1.87 m,4 de septiembre de 1985,España
4853,Jose Alexanko,34,,19 de septiembre de 1956,España
4854,Alfonso,34,,26 de septiembre de 1972,España
4855,Rafael Alkorta,34,,16 de septiembre de 1968,España
4856,Miguel Alonso,6,,1 de febrero de 1953,Argentina
4857,Xabi Alonso,34,1.83 m,25 de noviembre de 1981,España
4858,Amancio,34,,16 de octubre de 1940,España
4859,Guillermo Amor,34,,4 de diciembre de 1967,España
4860,Andrinua,34,,9 de mayo de 1964,España
4861,Antunez,34,,1 de noviembre de 1922,España
4862,Aranzabal,34,,15 de marzo de 1973,España
4863,Araquistain,34,,4 de marzo de 1937,España
4864,Alvaro Arbeloa,34,1.84 m,17 de enero de 1983,España
4865,Luis Arconada,34,,26 de junio de 1954,España
4866,Kepa Arrizabalaga,34,1.89 m,3 de octubre de 1994,España
4867,Juan Manuel Asensi,34,,23 de septiembre de 1949,España
4868,Vicente Asensi,34,,28 de enero de 1919,España
4869,Marco Asensio,34,1.75 m,21 de enero de 1996,España
4870,Iago Aspas,34,1.76 m,1 de agosto de 1987,España
4871,César Azpilicueta,34,1.78 m,28 de agosto de 1989,España
4872,Jose Maria Bakero,34,,11 de febrero de 1963,España
4873,Alejandro Balde,34,1.75 m,18 de octubre de 2003,España
4874,Ruben Baraja,34,1.80 m,11 de julio de 1975,España
4875,Estanislao Basora,34,,18 de noviembre de 1926,España
4876,Txiki Beguiristain,34,,12 de agosto de 1964,España
4877,Antonio Betancourt,34,,13 de marzo de 1937,España
4878,Antonio Biosca,34,,8 de diciembre de 1948,España
4879,Sergio Busquets,34,1.89 m,16 de julio de 1988,España
4880,Emilio Butragueño,34,,22 de julio de 1963,España
4881,Ramon Maria Caldere,34,,16 de enero de 1959,España
4882,Jose Antonio Camacho,56,,8 de junio de 1955,México
4883,Jose Camarasa,34,,27 de septiembre de 1967,España
4884,Jose Luis Caminero,34,,8 de noviembre de 1967,España
4885,Campanal I,34,,9 de diciembre de 1912,España
4886,Santiago Canizares,34,1.81 m,18 de diciembre de 1969,España
4887,Joan Capdevila,34,1.82 m,3 de febrero de 1978,España
4888,Julio Cardenosa,34,,27 de octubre de 1949,España
4889,Carmelo,34,,6 de diciembre de 1930,España
4890,Francisco Carrasco,34,,6 de marzo de 1959,España
4891,Dani Carvajal,34,1.73 m,11 de enero de 1992,España
4892,Iker Casillas,34,1.84 m,20 de mayo de 1981,España
4893,Santiago Cazorla,34,1.63 m,13 de diciembre de 1984,España
4894,Albert Celades,34,,29 de septiembre de 1975,España
4895,Cesar,34,,17 de mayo de 1945,España
4896,Chacho,34,,14 de abril de 1911,España
4897,Chendo,34,,12 de octubre de 1961,España
4898,Cilaurren,34,,5 de noviembre de 1912,España
4899,Ciriaco,34,,8 de agosto de 1904,España
4900,Enrique Collar,34,,2 de noviembre de 1934,España
4901,Pedro Contreras,34,1.80 m,7 de enero de 1972,España
4902,Diego Costa,34,1.88 m,7 de octubre de 1988,España
4903,Crisanto Bosch,34,,26 de diciembre de 1907,España
4904,Curro Torres,34,1.80 m,27 de diciembre de 1976,España
4905,Dani,34,,28 de junio de 1951,España
4906,David de Gea,34,1.92 m,7 de noviembre de 1990,España
4907,Antonio De La Cruz,34,,7 de mayo de 1947,España
4908,De Pedro,34,1.80 m,4 de agosto de 1973,España
4909,Luis Del Sol,34,,6 de abril de 1935,España
4910,Alfredo Di Stefano,34,1.78 m,4 de julio de 1926,España
4911,Echeberria,34,,24 de marzo de 1940,España
4912,Ignacio Eizaguirre,34,,7 de noviembre de 1920,España
4913,Eladio,34,,18 de noviembre de 1940,España
4914,Eloy,34,,10 de julio de 1964,España
4915,Joseba Etxeberria,34,1.77 m,5 de septiembre de 1977,España
4916,Eulogio Martinez,56,,11 de marzo de 1935,México
4917,Cesc Fabregas,34,1.75 m,4 de mayo de 1987,España
4918,Ansu Fati,34,1.78 m,31 de octubre de 2002,España
4919,Fede,34,,11 de mayo de 1908,España
4920,Fernando,34,,11 de septiembre de 1965,España
4921,Albert Ferrer,34,,6 de junio de 1970,España
4922,Francisco,34,,1 de noviembre de 1962,España
4923,Jose Maria Fuste,34,,15 de abril de 1941,España
4924,Gabriel Alonso,6,,9 de noviembre de 1923,Argentina
4925,Gallego,6,,4 de marzo de 1944,Argentina
4926,Ricardo Gallego,6,,8 de febrero de 1959,Argentina
4927,Garay,6,,10 de septiembre de 1930,Argentina
4928,Eric García,34,1.82 m,9 de enero de 2001,España
4930,Gavi,34,1.73 m,5 de agosto de 2004,España
4931,Francisco Gento,34,,21 de octubre de 1933,España
4932,Jesus Glaria,6,,2 de enero de 1942,Argentina
4933,Goikoetxea,34,1.85 m,23 de agosto de 1956,España
4934,Gonzalvo Ii,34,,16 de enero de 1920,España
4935,Gonzalvo Iii,34,,22 de marzo de 1922,España
4936,Rafael Gordillo,34,,24 de febrero de 1957,España
4937,Gorostiza,34,,15 de febrero de 1909,España
4938,Alberto Gorriz,34,,16 de febrero de 1958,España
4939,Gracia,34,,27 de marzo de 1932,España
4940,Pep Guardiola,34,1.80 m,18 de enero de 1971,España
4941,Julen Guerrero,34,,7 de enero de 1974,España
4942,Hugo Guillamón,34,1.78 m,31 de enero de 2000,España
4943,Antonio Guzman,34,,2 de diciembre de 1953,España
4944,Ivan Helguera,34,1.84 m,28 de marzo de 1975,España
4945,Fernando Hierro,34,1.87 m,23 de marzo de 1968,España
4946,Hilario,34,,19 de marzo de 1939,España
4947,Silvestre Igoa,34,,5 de septiembre de 1920,España
4948,Andrés Iniesta,34,1.70 m,11 de mayo de 1984,España
4949,Iraragorri,34,,16 de marzo de 1912,España
4950,Jose Iribar,34,,1 de marzo de 1943,España
4951,Isco,34,1.76 m,21 de abril de 1992,España
4952,Ivan Campo,34,,21 de febrero de 1974,España
4953,Manuel Jimenez,56,,26 de enero de 1964,México
4954,Joaquin,34,1.79 m,21 de julio de 1981,España
4955,Juanele,34,,10 de abril de 1971,España
4956,Juanfran,34,1.80 m,9 de enero de 1985,España
4957,Juanito,34,1.79 m,23 de julio de 1976,España
4958,Julio Alberto,34,,7 de octubre de 1958,España
4959,Julio Salinas,34,1.88 m,11 de septiembre de 1962,España
4960,Jose Juncosa,34,,2 de febrero de 1922,España
4961,Kiko,34,,26 de abril de 1972,España
4962,Koke,34,1.76 m,8 de enero de 1992,España
4963,Lafuente,34,,31 de diciembre de 1907,España
4964,Isidro Langara,34,,15 de mayo de 1912,España
4965,Carlos Lapetra,34,,29 de noviembre de 1938,España
4966,Aymeric Laporte,34,1.89 m,27 de mayo de 1994,España
4967,Eugenio Leal,34,,13 de mayo de 1953,España
4968,Simon Lecue,34,,11 de febrero de 1912,España
4969,Lesmes Ii,34,,9 de noviembre de 1926,España
4970,Fernando Llorente,34,1.94 m,26 de febrero de 1985,España
4971,Marcos Llorente,34,1.84 m,30 de enero de 1995,España
4972,Julen Lopetegui,34,,28 de agosto de 1966,España
4973,Antonio Lopez,34,1.73 m,13 de septiembre de 1981,España
4974,Lopez Ufarte,34,,19 de abril de 1958,España
4975,Luis Enrique,34,1.80 m,8 de mayo de 1970,España
4976,Luis Marin,34,1.86 m,18 de mayo de 1983,España
4977,Albert Luque,34,1.84 m,11 de marzo de 1978,España
4978,Antonio Maceda,34,,16 de mayo de 1957,España
4979,Manolo,34,,17 de enero de 1965,España
4980,Maranon,34,,23 de julio de 1948,España
4981,Marcelino,34,,13 de agosto de 1955,España
4982,Carlos Marchena,34,1.82 m,31 de julio de 1979,España
4983,Marcos Senna,34,1.77 m,17 de julio de 1976,España
4984,Marculeta,34,,24 de septiembre de 1907,España
4985,Martin Vazquez,34,,25 de septiembre de 1965,España
4986,Javi Martinez,56,1.90 m,2 de septiembre de 1988,México
4987,Juan Mata,34,1.74 m,28 de abril de 1988,España
4988,Gaizka Mendieta,34,1.73 m,27 de marzo de 1974,España
4989,Michel,56,,23 de marzo de 1963,México
4990,Miguel Angel,34,,24 de diciembre de 1947,España
4991,Migueli,34,,19 de diciembre de 1951,España
4992,Felipe Minambres,34,,29 de abril de 1965,España
4993,Jose Molina,34,,8 de agosto de 1970,España
4994,Luis Molowny,34,,12 de mayo de 1925,España
4995,Nacho Monreal,34,1.79 m,26 de febrero de 1986,España
4996,Álvaro Morata,34,1.90 m,23 de octubre de 1992,España
4997,Rodrigo Moreno,56,1.82 m,6 de marzo de 1991,México
4998,Fernando Morientes,34,1.82 m,5 de abril de 1976,España
4999,Jose Muguerza,34,,15 de septiembre de 1911,España
5000,Nacho,34,1.79 m,18 de enero de 1990,España
5001,Miguel Angel Nadal,34,1.87 m,28 de julio de 1966,España
5002,Nando,34,,1 de febrero de 1921,España
5003,Jesus Navas,34,1.72 m,21 de noviembre de 1985,España
5004,Saúl Ñíguez,34,1.84 m,21 de noviembre de 1994,España
5005,Juan Nogues,34,,28 de marzo de 1909,España
5006,Jose Ochotorena,34,,16 de enero de 1961,España
5007,Álvaro Odriozola,34,1.78 m,14 de diciembre de 1995,España
5008,Fernando Olivella,34,,22 de junio de 1936,España
5009,Antonio Olmo,34,,18 de enero de 1954,España
5010,Dani Olmo,34,1.79 m,7 de mayo de 1998,España
5011,Jorge Otero,34,,28 de enero de 1969,España
5012,Pablo,34,1.92 m,3 de agosto de 1981,España
5013,Pachin,34,,28 de diciembre de 1938,España
5014,Jose Panizo,34,,6 de febrero de 1922,España
5015,Miguel Pardeza,34,,8 de febrero de 1965,España
5016,Jose Parra,34,,28 de agosto de 1925,España
5017,Pedri,34,1.74 m,25 de noviembre de 2002,España
5018,Pedro,34,1.85 m,20 de junio de 1997,España
5019,Joaquin Peiro,34,,29 de enero de 1936,España
5020,Mariano Pernia,34,1.77 m,4 de mayo de 1977,España
5021,Yeremi Pino,34,1.72 m,20 de octubre de 2002,España
5022,Gerard Piqué,34,1.94 m,2 de febrero de 1987,España
5023,Pirri,34,,11 de marzo de 1945,España
5024,Piru Gainza,34,,28 de mayo de 1922,España
5025,Pizzi,34,,7 de junio de 1968,España
5026,Antonio Puchades,34,,4 de junio de 1925,España
5028,Carles Puyol,34,1.78 m,13 de abril de 1978,España
5029,Quincoces I,34,,17 de julio de 1905,España
5030,Quini,34,,23 de septiembre de 1949,España
5031,Quique,34,,5 de febrero de 1965,España
5032,Quique Setien,34,,27 de septiembre de 1958,España
5033,Rafa Paz,34,,2 de agosto de 1965,España
5034,Antonio Ramallets,34,,4 de julio de 1924,España
5035,Sergio Ramos,56,1.84 m,30 de marzo de 1986,México
5036,Raul,34,1.80 m,27 de junio de 1977,España
5037,David Raya,34,1.83 m,15 de septiembre de 1995,España
5039,Severino Reijia,34,,25 de noviembre de 1938,España
5040,Miguel Reina,34,,21 de enero de 1946,España
5041,Pepe Reina,34,1.87 m,31 de agosto de 1982,España
5042,Carles Rexach,34,,13 de enero de 1947,España
5043,Jose Antonio Reyes,34,1.75 m,1 de septiembre de 1983,España
5044,Ricardo,65,,,'Portugal'
5045,Hipolito Rincon,34,,28 de abril de 1957,España
5046,Feliciano Rivilla,34,,21 de agosto de 1936,España
5047,Roberto,34,,5 de julio de 1962,España
5048,Rodri,34,1.90 m,22 de junio de 1996,España
5049,Enrique Romero,34,1.83 m,23 de junio de 1971,España
5050,Rosendo Hernandez,56,,1 de marzo de 1921,México
5051,Ruben Cano,34,,5 de febrero de 1951,España
5052,Salvador Sadurni,34,,3 de abril de 1941,España
5053,Michel Salgado,56,1.73 m,22 de octubre de 1975,México
5054,Isidoro San Jose,34,,27 de octubre de 1955,España
5055,Jose Sanchez,56,,8 de octubre de 1956,México
5056,Robert Sánchez,34,1.97 m,18 de noviembre de 1997,España
5057,Manuel Sanchis,34,,23 de mayo de 1965,España
5059,Santillana,34,,23 de agosto de 1952,España
5060,Pablo Sarabia,34,1.79 m,11 de mayo de 1992,España
5061,Jesus Satrustegui,34,,12 de enero de 1954,España
5062,Enrique Saura,34,,2 de agosto de 1954,España
5063,Joan Segarra,34,,15 de noviembre de 1927,España
5064,Juan Antonio Senor,34,,26 de agosto de 1958,España
5065,Sergi,34,1.74 m,28 de diciembre de 1971,España
5066,Sergio,34,1.80 m,10 de noviembre de 1976,España
5067,Alfonso Silva,34,,19 de marzo de 1926,España
5068,David Silva,34,1.77 m,8 de enero de 1986,España
5069,Unai Simón,6,1.90 m,11 de junio de 1997,Argentina
5070,Sole,34,,7 de mayo de 1905,España
5071,Carlos Soler,34,1.80 m,2 de enero de 1997,España
5073,Miguel Tendillo,34,,1 de febrero de 1961,España
5074,Thiago,34,1.72 m,11 de abril de 1991,España
5075,Tomas,34,,9 de agosto de 1960,España
5076,Fernando Torres,34,1.86 m,20 de marzo de 1984,España
5077,Ferran Torres,34,1.84 m,29 de febrero de 2000,España
5078,Pau Torres,34,1.91 m,16 de enero de 1997,España
5079,Diego Tristan,34,1.86 m,5 de enero de 1976,España
5080,Jose Ufarte,34,,17 de mayo de 1941,España
5081,Pedro Uralde,34,,2 de marzo de 1958,España
5082,Francisco Uria,34,,1 de febrero de 1950,España
5083,Santiago Urquiaga,34,,14 de abril de 1958,España
5084,Francisco Urruticoechea,34,,17 de febrero de 1952,España
5085,Victor Valdes,34,1.83 m,14 de enero de 1982,España
5086,Juan Carlos Valeron,34,1.80 m,17 de junio de 1975,España
5087,Lucas Vázquez,56,1.73 m,1 de julio de 1991,México
5088,Martin Ventorla,34,,16 de diciembre de 1906,España
5089,Martin Verges,34,,8 de marzo de 1934,España
5090,Victor,34,1.93 m,21 de enero de 1983,España
5091,David Villa,34,1.75 m,3 de diciembre de 1981,España
5092,Francisco Villaroya,34,,6 de agosto de 1966,España
5093,Voro,34,,9 de octubre de 1963,España
5094,Nico Williams,34,1.81 m,12 de julio de 2002,España
5095,Xavi,34,1.70 m,25 de enero de 1980,España
5096,Zabalo,34,,10 de junio de 1910,España
5097,Jesus Zamora,34,,1 de enero de 1955,España
5098,Ricardo Zamora,34,,21 de enero de 1901,España
5099,Zarra,34,,20 de enero de 1921,España
5100,Zoco,34,,31 de julio de 1939,España
5101,Andoni Zubizarreta,34,,23 de octubre de 1961,España
5102,Glen Adam,54,,22 de mayo de 1959,Kuwait
5103,Robert Almond,59,,16 de abril de 1951,Nueva Zelanda
5104,James Bannatyne,59,1.95 m,30 de junio de 1975,Nueva Zelanda
5105,Andy Barron,59,1.78 m,24 de diciembre de 1980,Nueva Zelanda
5106,Leo Bertos,59,1.77 m,20 de diciembre de 1981,Nueva Zelanda
5107,Allan Boath,59,,14 de diciembre de 1958,Nueva Zelanda
5108,Andy Boyens,59,1.92 m,18 de septiembre de 1983,Nueva Zelanda
5109,Dave Bright,59,,29 de noviembre de 1949,Nueva Zelanda
5110,Jeremy Brockie,59,1.82 m,7 de octubre de 1987,Nueva Zelanda
5111,Tim Brown,59,1.85 m,6 de marzo de 1981,Nueva Zelanda
5112,Jeremy Christie,59,1.80 m,22 de mayo de 1983,Nueva Zelanda
5113,Aaron Clapham,59,1.72 m,15 de enero de 1987,Nueva Zelanda
5114,Duncan Cole,59,,12 de julio de 1958,Nueva Zelanda
5115,Kenny Cresswell,59,,4 de junio de 1958,Nueva Zelanda
5116,Glen Dods,59,,7 de julio de 1957,Nueva Zelanda
5117,Simon Elliott,59,1.80 m,10 de junio de 1974,Nueva Zelanda
5118,Adrian Elrick,59,,29 de septiembre de 1949,Nueva Zelanda
5119,Rory Fallon,59,1.91 m,20 de marzo de 1982,Nueva Zelanda
5120,Ricki Herbert,59,,10 de abril de 1961,Nueva Zelanda
5121,John Hill,59,,7 de enero de 1950,Nueva Zelanda
5122,Chris Killen,59,1.88 m,8 de octubre de 1981,Nueva Zelanda
5123,Tony Lochhead,59,1.83 m,12 de enero de 1982,Nueva Zelanda
5124,Sam Malcolmson,59,,2 de abril de 1948,Nueva Zelanda
5125,Billy Mcclure,59,,4 de enero de 1958,Nueva Zelanda
5126,Michael Mcglinchey,59,1.73 m,7 de enero de 1987,Nueva Zelanda
5127,Keith Mckay,59,,8 de diciembre de 1956,Nueva Zelanda
5128,Glen Moss,59,1.88 m,19 de enero de 1983,Nueva Zelanda
5129,Dave Mulligan,59,1.73 m,24 de marzo de 1982,Nueva Zelanda
5130,Ryan Nelsen,59,1.85 m,18 de octubre de 1977,Nueva Zelanda
5131,Mark Paston,59,1.95 m,13 de diciembre de 1976,Nueva Zelanda
5132,Barry Pickering,59,,12 de diciembre de 1956,Nueva Zelanda
5133,Winston Reid,59,1.90 m,3 de julio de 1988,Nueva Zelanda
5134,Wynton Rufer,59,,29 de diciembre de 1962,Nueva Zelanda
5135,Ben Sigmund,59,1.87 m,3 de febrero de 1981,Nueva Zelanda
5136,Peter Simonsen,59,,17 de abril de 1959,Nueva Zelanda
5137,Shane Smeltz,59,1.84 m,29 de septiembre de 1981,Nueva Zelanda
5138,Tommy Smith,59,1.87 m,31 de marzo de 1990,Nueva Zelanda
5139,Steve Sumner,59,,2 de abril de 1955,Nueva Zelanda
5140,Brian Turner,59,,31 de julio de 1949,Nueva Zelanda
5141,Grant Turner,59,,7 de octubre de 1958,Nueva Zelanda
5142,Frank Van Hattum,59,,17 de noviembre de 1958,Nueva Zelanda
5143,Ivan Vicelich,59,1.93 m,3 de septiembre de 1976,Nueva Zelanda
5144,Richard Wilson,7,,8 de mayo de 1956,Australia
5145,Chris Wood,59,1.91 m,7 de diciembre de 1991,Nueva Zelanda
5146,Steve Wooddin,59,,16 de enero de 1955,Nueva Zelanda
5147,Roberto Abbondanzieri,6,1.86 m,19 de agosto de 1972,Argentina
5148,Ramon Abeledo,6,,24 de septiembre de 1937,Argentina
5149,David Acevedo,80,,20 de febrero de 1937,Uruguay
5150,Marcos Acuña,6,1.72 m,28 de octubre de 1991,Argentina
5151,Sergio Agüero,6,1.70 m,2 de junio de 1988,Argentina
5152,Pablo Aimar,6,1.70 m,3 de noviembre de 1979,Argentina
5153,Ernesto Albarracin,6,,,Argentina
5154,Rafael Albrecht,6,,23 de agosto de 1941,Argentina
5155,Thiago Almada,6,1.71 m,26 de abril de 2001,Argentina
5156,Matias Almeyda,6,1.74 m,21 de diciembre de 1973,Argentina
5157,Sergio Almiron,6,,18 de noviembre de 1958,Argentina
5158,Norberto Alonso,6,,4 de enero de 1953,Argentina
5159,Julian Alvarez,6,1.70 m,31 de enero de 2000,Argentina
5160,Ricardo Álvarez,6,1.88 m,12 de abril de 1988,Argentina
5161,Mariano Andujar,6,1.80 m,30 de julio de 1983,Argentina
5162,Cristian Ansaldi,6,1.78 m,20 de septiembre de 1986,Argentina
5163,Osvaldo Ardiles,6,,3 de agosto de 1952,Argentina
5164,Franco Armani,6,1.89 m,16 de octubre de 1986,Argentina
5165,Luis Artime,6,,2 de diciembre de 1938,Argentina
5166,Leonardo Astrada,6,,6 de enero de 1970,Argentina
5167,Ramon Astudillo,6,,,Argentina
5168,Ludovico Avio,6,,6 de octubre de 1931,Argentina
5169,Roberto Ayala,6,1.77 m,14 de abril de 1973,Argentina
5170,Ruben Ayala,6,,8 de enero de 1950,Argentina
5171,Carlos Babington,6,,20 de septiembre de 1949,Argentina
5172,Abel Balbo,6,,1 de junio de 1966,Argentina
5173,Augustin Balbuena,6,,1 de septiembre de 1945,Argentina
5174,Hector Baley,6,,16 de noviembre de 1950,Argentina
5175,Ever Banega,6,1.74 m,29 de junio de 1988,Argentina
5176,Juan Barbas,6,,23 de agosto de 1959,Argentina
5177,Angel Bargas,6,,29 de octubre de 1946,Argentina
5178,José Basanta,6,1.88 m,3 de abril de 1984,Argentina
5179,Jose Basualdo,6,,20 de junio de 1963,Argentina
5180,Sergio Batista,6,,9 de noviembre de 1962,Argentina
5181,Gabriel Batistuta,6,1.85 m,1 de febrero de 1969,Argentina
5182,Edgardo Bauza,6,,26 de enero de 1958,Argentina
5183,Raul Belen,6,,1 de julio de 1931,Argentina
5184,Ernesto Belis,6,,1 de febrero de 1909,Argentina
5185,Sergio Berti,51,,17 de febrero de 1969,Italia
5186,Daniel Bertoni,6,,14 de marzo de 1955,Argentina
5187,Lucas Biglia,6,1.78 m,30 de enero de 1986,Argentina
5188,Ricardo Bochini,6,,25 de enero de 1954,Argentina
5189,Norberto Boggio,6,,11 de agosto de 1931,Argentina
5190,Mario Bolatti,6,1.89 m,17 de febrero de 1985,Argentina
5191,Roberto Bonano,6,1.86 m,24 de enero de 1970,Argentina
5192,Jorge Borelli,6,,2 de noviembre de 1964,Argentina
5193,Claudio Borghi,6,,28 de septiembre de 1964,Argentina
5194,Angel Bossio,6,,5 de mayo de 1905,Argentina
5195,Juan Botasso,6,,23 de octubre de 1908,Argentina
5196,Miguel Brindisi,6,,8 de octubre de 1950,Argentina
5197,Jose Brown,56,,10 de noviembre de 1956,México
5198,Nicolas Burdisso,6,1.74 m,12 de abril de 1981,Argentina
5199,German Burgos,6,1.88 m,16 de abril de 1969,Argentina
5200,Jorge Burruchaga,6,,9 de octubre de 1962,Argentina
5201,Wilfredo Caballero,6,1.86 m,28 de septiembre de 1981,Argentina
5202,Fernando Caceres,6,,7 de febrero de 1969,Argentina
5203,Gabriel Calderon,61,,7 de febrero de 1960,Panamá
5204,Oscar Calics,6,,18 de noviembre de 1939,Argentina
5205,Esteban Cambiasso,6,1.78 m,18 de agosto de 1980,Argentina
5206,Hugo Campagnaro,6,1.81 m,27 de junio de 1980,Argentina
5207,Fabian Cancelarich,6,,30 de diciembre de 1965,Argentina
5208,Claudio Caniggia,6,1.72 m,9 de enero de 1967,Argentina
5209,Vladislao Cap,6,,5 de julio de 1934,Argentina
5210,Daniel Carnevali,6,,4 de diciembre de 1946,Argentina
5211,Jorge Carrascosa,6,,15 de agosto de 1948,Argentina
5212,Amadeo Carrizo,6,,12 de junio de 1926,Argentina
5213,Pablo Cavallero,6,1.88 m,13 de abril de 1974,Argentina
5214,Roberto Cerro,6,,23 de febrero de 1907,Argentina
5215,Mario Chaldu,6,,6 de junio de 1942,Argentina
5216,Jose Chamot,6,1.85 m,17 de mayo de 1969,Argentina
5217,Enrique Chazarreta,6,,29 de julio de 1947,Argentina
5218,Enrique Chimento,6,,,Argentina
5219,Alberto Chividini,6,,23 de febrero de 1907,Argentina
5220,Nestor Clausen,6,,29 de septiembre de 1962,Argentina
5221,Fabricio Coloccini,6,1.83 m,22 de enero de 1982,Argentina
5222,Angel Comizzo,6,,27 de abril de 1962,Argentina
5223,Omar Oreste Corbatta,6,,11 de marzo de 1936,Argentina
5224,Ángel Correa,6,1.74 m,9 de marzo de 1995,Argentina
5225,Hernan Crespo,6,1.84 m,5 de julio de 1975,Argentina
5226,Julio Cruz,56,1.90 m,10 de octubre de 1974,México
5227,Osvaldo Cruz,6,,29 de mayo de 1931,Argentina
5228,Jose Cuciuffo,6,,1 de febrero de 1961,Argentina
5229,Leandro Cufre,6,1.77 m,9 de mayo de 1978,Argentina
5230,Rodrigo De Paul,6,1.80 m,24 de mayo de 1994,Argentina
5231,Alfredo De Vincenzi,6,,24 de enero de 1911,Argentina
5232,Marcelo Delgado,6,,24 de marzo de 1973,Argentina
5233,Jose Della Torre,6,,23 de marzo de 1906,Argentina
5234,Pedro Dellacha,6,,9 de julio de 1926,Argentina
5236,Martin Demichelis,6,1.84 m,20 de diciembre de 1980,Argentina
5237,Gustavo Dezotti,6,,14 de febrero de 1964,Argentina
5238,Angel Di Maria,11,1.78 m,14 de febrero de 1988,Brasil
5239,Hernan Diaz,61,,26 de febrero de 1965,Panamá
5240,Ramon Diaz,6,,29 de agosto de 1959,Argentina
5241,Rogelio Dominguez,6,,9 de marzo de 1931,Argentina
5242,Paulo Dybala,6,1.77 m,15 de noviembre de 1993,Argentina
5243,Federico Edwards,6,,27 de enero de 1931,Argentina
5244,Hector Enrique,6,,26 de abril de 1962,Argentina
5245,Juan Evaristo,6,,20 de junio de 1902,Argentina
5246,Mario Evaristo,6,,10 de diciembre de 1908,Argentina
5247,Nestor Fabbri,6,,29 de abril de 1968,Argentina
5248,Hector Facundo,6,,2 de noviembre de 1937,Argentina
5249,Federico Fazio,6,1.95 m,17 de marzo de 1987,Argentina
5250,Augusto Fernández,6,1.77 m,10 de abril de 1986,Argentina
5251,Enzo Fernandez,56,1.78 m,17 de enero de 2001,México
5252,Federico Fernández,6,1.90 m,21 de febrero de 1989,Argentina
5253,Manuel Ferreira,6,,22 de octubre de 1905,Argentina
5254,Oscar Ferreiro,6,,25 de abril de 1935,Argentina
5255,Ubaldo Fillol,6,,21 de julio de 1950,Argentina
5256,Juan Foyth,6,1.88 m,12 de enero de 1998,Argentina
5257,Leonardo Franco,56,1.88 m,20 de mayo de 1977,México
5258,Hector Freschi,6,,22 de mayo de 1911,Argentina
5259,Fernando Gago,6,1.78 m,10 de abril de 1986,Argentina
5260,Alberto Galateo,6,,1 de enero de 1913,Argentina
5261,Marcelo Gallardo,56,1.69 m,18 de enero de 1976,México
5262,Americo Gallego,6,,25 de abril de 1955,Argentina
5263,Luis Galvan,6,,24 de febrero de 1948,Argentina
5264,Ruben Galvan,6,,7 de abril de 1952,Argentina
5265,Ezequiel Garay,6,1.89 m,10 de octubre de 1986,Argentina
5266,Ariel Garce,6,1.75 m,14 de julio de 1979,Argentina
5267,Oscar Garre,6,,9 de diciembre de 1956,Argentina
5268,Hugo Gatti,6,,19 de agosto de 1944,Argentina
5269,Ricardo Giusti,6,,11 de diciembre de 1956,Argentina
5270,Ruben Glaria,6,,10 de marzo de 1948,Argentina
5271,Alejandro Gomez,61,1.67 m,15 de febrero de 1988,Panamá
5272,Alberto Gonzalez,6,,21 de agosto de 1941,Argentina
5273,Cristian Gonzalez,56,1.75 m,4 de agosto de 1974,México
5274,Luis Gonzalez,56,1.85 m,19 de enero de 1981,México
5275,Sergio Goycochea,6,,17 de octubre de 1963,Argentina
5276,Angel Grippa,6,,,Argentina
5277,Jonas Gutierrez,56,1.82 m,5 de julio de 1983,México
5278,Nahuel Guzmán,6,1.92 m,10 de febrero de 1986,Argentina
5279,Gabriel Heinze,6,1.78 m,19 de abril de 1978,Argentina
5280,Ramon Heredia,6,,26 de febrero de 1951,Argentina
5281,Patricio Hernandez,6,,16 de agosto de 1956,Argentina
5282,Gonzalo Higuain,6,1.84 m,10 de diciembre de 1987,Argentina
5283,Rene Houseman,6,,19 de julio de 1953,Argentina
5284,Claudio Husain,6,1.77 m,20 de noviembre de 1974,Argentina
5285,Ricardo Infante,6,,21 de junio de 1924,Argentina
5286,Roberto Iraneta,6,,21 de marzo de 1915,Argentina
5287,Rolando Irusta,6,,27 de marzo de 1938,Argentina
5288,Luis Islas,6,,22 de diciembre de 1965,Argentina
5289,Luca Izzeta,6,,,Argentina
5290,Mario Kempes,6,,15 de julio de 1954,Argentina
5291,Daniel Killer,6,,21 de diciembre de 1949,Argentina
5292,Ricardo La Volpe,6,,6 de febrero de 1952,Argentina
5293,Angel Labruna,6,,28 de septiembre de 1918,Argentina
5294,Omar Larrosa,6,,18 de noviembre de 1947,Argentina
5295,Ezequiel Lavezzi,6,1.73 m,3 de mayo de 1985,Argentina
5296,Giovani Lo Celso,6,1.77 m,9 de abril de 1996,Argentina
5297,Francisco Lombardo,6,,11 de junio de 1925,Argentina
5298,Arcadio Lopez,6,,15 de septiembre de 1910,Argentina
5299,Claudio Lopez,6,1.76 m,17 de julio de 1974,Argentina
5300,Gustavo Lopez,6,1.74 m,13 de abril de 1973,Argentina
5301,Nelson Lopez,6,,24 de junio de 1941,Argentina
5302,Alfonso Lorenzo,6,,,Argentina
5303,Nestor Lorenzo,6,,28 de febrero de 1966,Argentina
5304,Leopoldo Luque,6,,3 de mayo de 1949,Argentina
5305,Alexis Mac Allister,6,1.76 m,24 de diciembre de 1998,Argentina
5306,Alejandro Mancuso,6,,4 de septiembre de 1968,Argentina
5307,Diego Maradona,6,1.65 m,30 de octubre de 1960,Argentina
5308,Alberto Mariotti,6,,28 de marzo de 1935,Argentina
5309,Emiliano Martinez,56,1.95 m,1 de septiembre de 1992,México
5310,Lautaro Martinez,56,1.74 m,22 de agosto de 1997,México
5311,Lisandro Martinez,56,1.75 m,18 de enero de 1998,México
5312,Silvio Marzolini,6,,4 de octubre de 1940,Argentina
5313,Oscar Mas,6,,29 de octubre de 1946,Argentina
5314,Javier Mascherano,6,1.71 m,8 de junio de 1984,Argentina
5315,Ramon Medina Bello,6,,29 de abril de 1966,Argentina
5316,Norberto Menendez,6,,14 de diciembre de 1936,Argentina
5317,Gabriel Mercado,56,1.80 m,17 de marzo de 1987,México
5318,Lionel Messi,6,1.70 m,24 de junio de 1987,Argentina
5319,Maximiliano Meza,6,1.80 m,15 de enero de 1992,Argentina
5320,Diego Milito,6,1.77 m,12 de junio de 1979,Argentina
5321,Gabriel Milito,6,1.77 m,7 de septiembre de 1980,Argentina
5322,Nahuel Molina,6,1.78 m,6 de abril de 1998,Argentina
5324,Gonzalo Montiel,6,1.75 m,1 de enero de 1997,Argentina
5325,Pedro Monzon,6,,23 de febrero de 1962,Argentina
5326,Eliseo Mourino,6,,2 de junio de 1927,Argentina
5327,Julio Mussimesi,6,,9 de julio de 1923,Argentina
5328,Ramon Muttis,6,,12 de marzo de 1899,Argentina
5329,Ruben Navarro,56,,30 de marzo de 1933,México
5330,Jose Nehin,6,,1 de enero de 1911,Argentina
5331,Julio Olarticoechea,6,,18 de octubre de 1958,Argentina
5332,Juan Oleniak,6,,6 de marzo de 1942,Argentina
5333,Jorge Olguin,6,,17 de mayo de 1952,Argentina
5334,Ermindo Onega,6,,4 de abril de 1939,Argentina
5335,Agustin Orion,6,1.87 m,26 de junio de 1981,Argentina
5336,Rodolfo Orlandini,6,,1 de enero de 1905,Argentina
5337,Ariel Ortega,6,1.70 m,4 de marzo de 1974,Argentina
5338,Oscar Ortiz,6,,8 de abril de 1953,Argentina
5339,Nicolas Otamendi,6,1.83 m,12 de febrero de 1988,Argentina
5340,Miguel Oviedo,6,,12 de octubre de 1950,Argentina
5341,Raul Paez,6,,26 de mayo de 1937,Argentina
5342,Marcelo Pagani,6,,19 de agosto de 1941,Argentina
5343,Ruben Pagnanini,6,,31 de enero de 1949,Argentina
5344,Rodrigo Palacio,6,1.76 m,5 de febrero de 1982,Argentina
5345,Exequiel Palacios,6,1.77 m,5 de octubre de 1998,Argentina
5346,Martin Palermo,6,1.88 m,7 de noviembre de 1973,Argentina
5347,Martin Pando,6,,26 de diciembre de 1934,Argentina
5348,Leandro Paredes,6,1.82 m,29 de junio de 1994,Argentina
5349,Pedro Pasculli,6,,17 de mayo de 1960,Argentina
5350,Daniel Passarella,6,,25 de mayo de 1953,Argentina
5351,Javier Pastore,6,1.73 m,20 de junio de 1989,Argentina
5352,Jose Pastoriza,6,,23 de mayo de 1942,Argentina
5353,Fernando Paternoster,6,,24 de mayo de 1903,Argentina
5354,Cristian Pavón,6,1.67 m,21 de enero de 1996,Argentina
5355,Pablo Paz,6,,27 de enero de 1973,Argentina
5356,Juan Pedevilla,6,,6 de junio de 1909,Argentina
5357,Alfredo Perez,61,,10 de abril de 1929,Panamá
5358,Enzo Pérez,6,1.77 m,21 de febrero de 1986,Argentina
5360,Vincente Perez,6,,,Argentina
5361,Roberto Perfumo,6,,3 de octubre de 1942,Argentina
5362,Natalio Perinetti,6,,28 de diciembre de 1900,Argentina
5363,Carlos Peucelle,6,,13 de septiembre de 1908,Argentina
5364,German Pezzella,6,1.90 m,27 de junio de 1991,Argentina
5365,Edmundo Piaggio,6,,3 de octubre de 1910,Argentina
5366,Mauricio Pineda,56,,13 de julio de 1975,México
5367,Diego Placente,6,1.76 m,24 de abril de 1977,Argentina
5368,Mauricio Pochettino,6,1.82 m,2 de marzo de 1972,Argentina
5369,Aldo Poy,6,,14 de septiembre de 1945,Argentina
5370,Diego Pozo,6,1.83 m,16 de febrero de 1978,Argentina
5371,Eliseo Prado,6,,17 de septiembre de 1929,Argentina
5372,Nery Pumpido,6,,30 de julio de 1957,Argentina
5373,Jose Manuel Ramos Delgado,6,,26 de agosto de 1935,Argentina
5374,Antonio Rattin,6,,16 de mayo de 1937,Argentina
5375,Fernando Redondo,6,,6 de junio de 1969,Argentina
5376,Juan Román Riquelme,6,1.82 m,24 de junio de 1978,Argentina
5377,Carlos Roa,6,,15 de agosto de 1969,Argentina
5378,Clemente Rodriguez,6,1.66 m,31 de julio de 1981,Argentina
5379,Guido Rodriguez,6,1.86 m,12 de abril de 1994,Argentina
5380,Leonardo Rodriguez,6,,27 de agosto de 1966,Argentina
5381,Maxi Rodriguez,6,1.73 m,2 de enero de 1981,Argentina
5382,Alfredo Rojas,6,,20 de febrero de 1937,Argentina
5383,Marcos Rojo,6,1.84 m,20 de marzo de 1990,Argentina
5384,Antonio Roma,6,,13 de julio de 1932,Argentina
5385,Cristian Romero,56,1.85 m,27 de abril de 1998,México
5386,Sergio Romero,56,1.91 m,22 de febrero de 1987,México
5387,Nestor Rossi,6,,10 de mayo de 1925,Argentina
5388,Oscar Rossi,6,,27 de julio de 1930,Argentina
5389,Francisco Rua,6,,4 de febrero de 1911,Argentina
5390,Oscar Ruggeri,6,,26 de enero de 1962,Argentina
5391,Geronimo Rulli,6,1.89 m,20 de mayo de 1992,Argentina
5392,Francisco Sa,6,,25 de octubre de 1945,Argentina
5393,Federico Sacchi,6,,9 de agosto de 1936,Argentina
5394,Alberto Sainz,6,,13 de diciembre de 1937,Argentina
5395,Eduardo Salvio,6,1.72 m,13 de julio de 1990,Argentina
5396,Walter Samuel,6,1.82 m,23 de marzo de 1978,Argentina
5397,Jose Sanfilippo,6,,4 de mayo de 1935,Argentina
5398,Santiago Santamaria,6,,22 de agosto de 1952,Argentina
5399,Miguel Santoro,6,,27 de febrero de 1942,Argentina
5400,Juan Sarnari,6,,22 de enero de 1942,Argentina
5401,Javier Saviola,6,1.68 m,11 de diciembre de 1981,Argentina
5402,Lionel Scaloni,6,1.82 m,16 de mayo de 1978,Argentina
5403,Alejandro Scopelli,6,,12 de mayo de 1908,Argentina
5404,Norberto Scoponi,6,,13 de enero de 1961,Argentina
5405,Roberto Sensini,6,1.78 m,12 de octubre de 1966,Argentina
5406,Jose Serrizuela,6,,10 de junio de 1962,Argentina
5407,Carmelo Simeone,6,,22 de septiembre de 1934,Argentina
5408,Diego Simeone,6,1.78 m,28 de abril de 1970,Argentina
5409,Juan Simon,6,,2 de marzo de 1960,Argentina
5410,Jorge Solari,6,,11 de noviembre de 1941,Argentina
5411,Juan Sorin,6,1.73 m,5 de mayo de 1976,Argentina
5413,Carlos Spadaro,6,,5 de febrero de 1902,Argentina
5414,Carlos Squeo,6,,4 de junio de 1948,Argentina
5415,Guillermo Stabile,6,,17 de enero de 1906,Argentina
5416,Pedro Suarez,6,,21 de diciembre de 1909,Argentina
5417,Nicolas Tagliafico,6,1.72 m,31 de agosto de 1992,Argentina
5418,Carlos Tapia,6,,20 de agosto de 1962,Argentina
5419,Anibal Tarabini,6,,4 de agosto de 1941,Argentina
5420,Alberto Tarantini,6,,3 de diciembre de 1955,Argentina
5421,Roberto Telch,6,,6 de noviembre de 1943,Argentina
5422,Carlos Tevez,6,1.73 m,5 de febrero de 1984,Argentina
5423,Nestor Togneri,6,,27 de noviembre de 1942,Argentina
5424,Marcelo Trobbiani,6,,17 de febrero de 1955,Argentina
5425,Pedro Troglio,6,,28 de julio de 1965,Argentina
5426,Enzo Trossero,6,,23 de mayo de 1953,Argentina
5427,Costantino Urbieta Sosa,80,,12 de agosto de 1907,Uruguay
5428,Oscar Ustari,6,1.84 m,3 de julio de 1986,Argentina
5429,Federico Vairo,6,,27 de enero de 1930,Argentina
5430,Jorge Valdano,6,,4 de octubre de 1955,Argentina
5431,Jose Valencia,6,,3 de octubre de 1955,Argentina
5432,Jose Van Tuyne,6,,13 de diciembre de 1954,Argentina
5433,Jose Varacka,6,,27 de mayo de 1932,Argentina
5434,Francisco Varallo,6,,5 de febrero de 1910,Argentina
5435,Sergio Vazquez,56,,23 de noviembre de 1965,México
5436,Juan Veron,6,1.86 m,9 de marzo de 1975,Argentina
5437,Ricardo Villa,6,,18 de agosto de 1952,Argentina
5438,Nelson Vivas,6,1.66 m,18 de octubre de 1969,Argentina
5439,Federico Wilde,6,,1 de enero de 1909,Argentina
5440,Enrique Wolff,6,,21 de febrero de 1949,Argentina
5441,Hector Yazalde,6,,29 de mayo de 1946,Argentina
5442,Pablo Zabaleta,6,1.74 m,16 de enero de 1985,Argentina
5443,Javier Zanetti,51,1.78 m,10 de agosto de 1973,Italia
5444,Hector Zelada,6,,30 de abril de 1957,Argentina
5445,Adolfo Zumelzu,6,,5 de enero de 1902,Argentina
5446,Berman Ahmet,77,,,Turquía
5447,Kacmaz Akgun,77,,,Turquía
5448,Fatih Akyel,77,1.80 m,26 de diciembre de 1977,Turquía
5449,Beratligil Ali,16,,,Catar
5450,Emre Asik,77,1.85 m,13 de diciembre de 1973,Turquía
5451,Dirimlili Basri,77,,7 de junio de 1929,Turquía
5452,Yildiray Basturk,77,1.68 m,24 de diciembre de 1978,Turquía
5453,Emre Belozoglu,77,1.71 m,7 de septiembre de 1980,Turquía
5454,Eken Bulent,77,,26 de octubre de 1923,Turquía
5455,Sargun Burhan,77,,11 de febrero de 1929,Turquía
5456,Okan Buruk,77,1.69 m,19 de octubre de 1973,Turquía
5457,Omer Catkic,77,1.73 m,15 de octubre de 1974,Turquía
5458,Zeybek Cetin,77,,12 de septiembre de 1932,Turquía
5459,Tas Coskun,77,,23 de abril de 1935,Turquía
5460,Umit Davala,77,1.86 m,30 de julio de 1973,Turquía
5461,Abdullah Ercan,77,1.82 m,8 de diciembre de 1971,Turquía
5462,Arif Erdem,77,1.80 m,2 de enero de 1972,Turquía
5463,Mustafa Erton,77,,21 de abril de 1926,Turquía
5464,Ismail Feridun,77,,5 de abril de 1933,Turquía
5465,Tayfur Havutcu,77,1.80 m,23 de abril de 1970,Turquía
5466,Muzzy Izzet,77,1.77 m,31 de octubre de 1974,Turquía
5467,Aytac Kadri,77,,1 de enero de 1931,Turquía
5468,Nihat Kahveci,77,1.75 m,23 de noviembre de 1979,Turquía
5469,Tugay Kerimoglu,77,1.75 m,24 de agosto de 1970,Turquía
5470,Erol Keskin,77,,2 de marzo de 1927,Turquía
5471,Bulent Korkmaz,77,1.81 m,24 de noviembre de 1968,Turquía
5472,Lefter Kucukandonyadis,77,,22 de diciembre de 1925,Turquía
5473,Ilhan Mansiz,77,1.84 m,10 de agosto de 1975,Turquía
5474,Dincer Mehmet,77,,,Turquía
5475,Erdem Naci,77,,28 de enero de 1931,Turquía
5476,Gunar Nedim,77,,,Turquía
5477,Onarici Nemci,77,,2 de noviembre de 1925,Turquía
5478,Alpay Ozalan,77,1.88 m,29 de mayo de 1973,Turquía
5479,Umit Ozat,77,1.83 m,30 de octubre de 1976,Turquía
5480,Zafer Ozgultekin,77,1.83 m,10 de marzo de 1975,Turquía
5481,Ergun Penbe,77,1.78 m,17 de mayo de 1972,Turquía
5482,Rustu Recber,77,1.86 m,10 de mayo de 1973,Turquía
5483,Bolatli Ridvan,77,,2 de diciembre de 1928,Turquía
5484,Izak Rober,77,,21 de diciembre de 1930,Turquía
5485,Hasan Sas,77,1.76 m,1 de agosto de 1976,Turquía
5486,Mamat Suat,77,,8 de noviembre de 1930,Turquía
5487,Ersoy Sukru,77,,14 de enero de 1934,Turquía
5488,Hakan Sukur,77,1.91 m,1 de septiembre de 1971,Turquía
5489,Seren Turgay,77,,15 de mayo de 1932,Turquía
5490,Hakan Unsal,77,1.78 m,14 de mayo de 1973,Turquía
5491,Qi An,18,1.92 m,21 de junio de 1981,China
5492,Wei Du,18,1.87 m,9 de febrero de 1982,China
5493,Zhiyi Fan,18,1.83 m,22 de enero de 1970,China
5494,Yao Gao,18,1.85 m,13 de julio de 1977,China
5495,Haidong Hao,18,1.75 m,25 de agosto de 1970,China
5496,Jin Jiang,18,1.98 m,7 de octubre de 1969,China
5497,Tie Li,18,1.83 m,18 de septiembre de 1977,China
5498,Weifeng Li,18,1.82 m,26 de enero de 1978,China
5499,Xiaopeng Li,20,1.82 m,5 de noviembre de 1976,Corea del Norte
5500,Mingyu Ma,18,1.76 m,10 de agosto de 1972,China
5501,Chuliang Ou,18,1.80 m,26 de agosto de 1968,China
5502,Hong Qi,18,1.78 m,3 de junio de 1976,China
5503,Bo Qu,18,1.84 m,15 de julio de 1981,China
5504,Jiayi Shao,18,1.86 m,10 de abril de 1980,China
5505,Maozhen Su,18,1.86 m,30 de julio de 1972,China
5506,Jihai Sun,18,1.82 m,30 de septiembre de 1977,China
5507,Chengying Wu,18,1.83 m,21 de abril de 1975,China
5508,Yunlong Xu,18,1.81 m,17 de febrero de 1979,China
5509,Chen Yang,20,1.86 m,17 de enero de 1974,Corea del Norte
5510,Pu Yang,20,1.79 m,30 de marzo de 1978,Corea del Norte
5511,Genwei Yu,18,1.80 m,19 de agosto de 1976,China
5512,Enhua Zhang,18,1.83 m,11 de mayo de 1974,China
5513,Junzhe Zhao,18,1.80 m,18 de abril de 1979,China
5514,Ignazio Abate,51,1.80 m,12 de noviembre de 1986,Italia
5515,Christian Abbiati,51,1.90 m,8 de julio de 1977,Italia
5516,Demetrio Albertini,51,1.80 m,23 de agosto de 1971,Italia
5517,Enrico Albertosi,51,,2 de noviembre de 1939,Italia
5518,Luigi Allemandi,51,,8 de noviembre de 1903,Italia
5519,Jose Altafini,51,,24 de julio de 1938,Italia
5520,Alessandro Altobelli,51,,28 de noviembre de 1955,Italia
5521,Amedeo Amadei,51,,26 de julio de 1921,Italia
5522,Marco Amelia,51,1.90 m,2 de abril de 1982,Italia
5523,Pietro Anastasi,51,,7 de abril de 1948,Italia
5524,Carlo Ancelotti,51,,10 de junio de 1959,Italia
5525,Michele Andreolo,51,1.69 m,6 de septiembre de 1912,Italia
5526,Carlo Annovazzi,51,,24 de mayo de 1925,Italia
5527,Giancarlo Antognoni,51,,1 de abril de 1954,Italia
5528,Roberto Anzolin,51,,18 de abril de 1938,Italia
5529,Luigi Apolloni,51,,2 de mayo de 1967,Italia
5530,Alberto Aquilani,51,1.86 m,7 de junio de 1984,Italia
5531,Pietro Arcari,51,,2 de diciembre de 1909,Italia
5532,Dino Baggio,51,,24 de julio de 1971,Italia
5533,Roberto Baggio,51,1.74 m,18 de febrero de 1967,Italia
5534,Salvatore Bagni,51,,25 de septiembre de 1956,Italia
5535,Mario Balotelli,51,1.89 m,12 de agosto de 1990,Italia
5536,Franco Baresi,51,,8 de mayo de 1960,Italia
5537,Giuseppe Baresi,51,,7 de febrero de 1958,Italia
5538,Paolo Barison,51,,23 de junio de 1936,Italia
5539,Simone Barone,51,1.80 m,30 de abril de 1978,Italia
5540,Andrea Barzagli,51,1.86 m,8 de mayo de 1981,Italia
5541,Mauro Bellugi,51,,7 de febrero de 1950,Italia
5542,Antonio Benarrivo,51,,21 de agosto de 1968,Italia
5543,Romeo Benetti,51,,20 de octubre de 1945,Italia
5544,Giuseppe Bergomi,51,,22 de diciembre de 1963,Italia
5545,Nicola Berti,51,,14 de abril de 1967,Italia
5546,Mario Bertini,51,,7 de enero de 1944,Italia
5547,Luigi Bertolini,51,,13 de septiembre de 1904,Italia
5548,Sergio Bertoni,51,,23 de septiembre de 1915,Italia
5549,Roberto Bettega,51,,27 de diciembre de 1950,Italia
5550,Amedeo Biavati,51,,4 de abril de 1915,Italia
5551,Ivano Blason,51,,24 de mayo de 1923,Italia
5552,Salvatore Bocchetti,51,1.78 m,30 de noviembre de 1986,Italia
5553,Roberto Boninsegna,51,,13 de noviembre de 1943,Italia
5554,Giampiero Boniperti,51,,4 de julio de 1928,Italia
5555,Leonardo Bonucci,51,1.90 m,1 de mayo de 1987,Italia
5556,Ivano Bordon,51,1.86 m,13 de abril de 1951,Italia
5557,Felice Borel,51,,5 de abril de 1914,Italia
5558,Luca Bucci,51,,13 de marzo de 1969,Italia
5559,Gianluigi Buffon,51,1.91 m,28 de enero de 1978,Italia
5560,Lorenzo Buffon,51,,19 de diciembre de 1929,Italia
5561,Giacomo Bulgarelli,51,,24 de octubre de 1940,Italia
5562,Tarcisio Burgnich,51,,25 de abril de 1939,Italia
5563,Antonio Cabrini,51,,8 de octubre de 1957,Italia
5564,Umberto Caligaris,51,,26 de julio de 1901,Italia
5565,Mauro Camoranesi,51,1.74 m,4 de octubre de 1976,Italia
5566,Aldo Campatelli,51,,7 de abril de 1919,Italia
5567,Antonio Candreva,51,1.80 m,28 de febrero de 1987,Italia
5568,Fabio Cannavaro,51,1.75 m,13 de septiembre de 1973,Italia
5569,Fabio Capello,51,,18 de junio de 1946,Italia
5570,Gino Cappello,51,,2 de junio de 1920,Italia
5571,Emilio Caprile,51,,30 de septiembre de 1928,Italia
5572,Riccardo Carapellese,51,,1 de julio de 1922,Italia
5573,Andrea Carnevale,51,,12 de enero de 1961,Italia
5574,Giuseppe Casari,51,,10 de abril de 1922,Italia
5575,Pierluigi Casiraghi,51,,4 de marzo de 1969,Italia
5576,Antonio Cassano,51,1.75 m,12 de julio de 1982,Italia
5577,Armando Castellazzi,51,,7 de febrero de 1904,Italia
5578,Luciano Castellini,51,,12 de diciembre de 1945,Italia
5579,Franco Causio,51,,1 de febrero de 1949,Italia
5580,Giuseppe Cavanna,51,,18 de noviembre de 1905,Italia
5581,Pierluigi Cera,51,,25 de febrero de 1941,Italia
5582,Alessio Cerci,51,1.80 m,23 de julio de 1987,Italia
5583,Carlo Ceresoli,51,,14 de junio de 1910,Italia
5584,Sergio Cervato,51,,23 de marzo de 1929,Italia
5585,Giorgio Chiellini,51,1.92 m,14 de agosto de 1984,Italia
5586,Enrico Chiesa,51,,29 de diciembre de 1970,Italia
5587,Giorgio Chinaglia,51,,24 de enero de 1947,Italia
5588,Bruno Chizzo,51,,19 de abril de 1916,Italia
5589,Francesco Coco,51,1.81 m,8 de enero de 1977,Italia
5590,Sandro Cois,51,,9 de junio de 1972,Italia
5591,Gino Colaussi,51,,4 de marzo de 1914,Italia
5592,Fulvio Collovati,51,,9 de mayo de 1957,Italia
5593,Giampiero Combi,51,,20 de noviembre de 1902,Italia
5594,Antonio Conte,51,,31 de julio de 1969,Italia
5595,Bruno Conti,51,,13 de marzo de 1955,Italia
5596,Paolo Conti,51,,1 de abril de 1950,Italia
5597,Alessandro Costacurta,51,,24 de abril de 1966,Italia
5598,Leonardo Costagliola,51,,27 de octubre de 1921,Italia
5599,Domenico Criscito,51,1.75 m,30 de diciembre de 1986,Italia
5600,Antonello Cuccureddu,51,,4 de octubre de 1949,Italia
5601,Matteo Darmian,51,1.82 m,2 de diciembre de 1989,Italia
5602,Mario David,51,,13 de marzo de 1934,Italia
5603,Luigi De Agostini,51,,7 de abril de 1961,Italia
5604,Fernando De Napoli,51,,15 de marzo de 1964,Italia
5605,Daniele De Rossi,51,1.82 m,24 de julio de 1983,Italia
5606,Morgan De Sanctis,51,1.90 m,26 de marzo de 1977,Italia
5607,Mattia De Sciglio,51,1.83 m,20 de octubre de 1992,Italia
5608,Giancarlo De Sisti,51,,13 de marzo de 1943,Italia
5609,Alessandro Del Piero,51,1.73 m,9 de noviembre de 1974,Italia
5610,Marco Delvecchio,51,1.86 m,7 de abril de 1973,Italia
5611,Atilio Demaria,51,,19 de marzo de 1909,Italia
5612,Luigi Di Biagio,51,1.77 m,3 de junio de 1971,Italia
5613,Antonio Di Gennaro,51,,5 de octubre de 1958,Italia
5614,Angelo Di Livio,51,1.73 m,26 de julio de 1966,Italia
5615,Roberto Di Matteo,51,,29 de mayo de 1970,Italia
5616,Antonio Di Natale,51,1.70 m,13 de octubre de 1977,Italia
5617,Angelo Domenghini,51,,25 de agosto de 1941,Italia
5618,Roberto Donadoni,51,,9 de septiembre de 1963,Italia
5619,Aldo Donati,51,,29 de septiembre de 1910,Italia
5620,Cristiano Doni,51,1.85 m,1 de abril de 1973,Italia
5621,Giuseppe Dossena,51,,2 de mayo de 1958,Italia
5622,Alberigo Evani,51,,1 de enero de 1963,Italia
5623,Giacinto Facchetti,51,,18 de julio de 1942,Italia
5624,Osvaldo Fattori,51,,22 de junio de 1922,Italia
5625,Ugo Ferrante,51,,18 de julio de 1945,Italia
5626,Ciro Ferrara,51,1.82 m,11 de febrero de 1967,Italia
5627,Giovanni Ferrari,51,,6 de diciembre de 1907,Italia
5628,Rino Ferrario,51,,7 de diciembre de 1926,Italia
5629,Attilio Ferraris,51,,26 de marzo de 1904,Italia
5630,Pietro Ferraris,51,,15 de febrero de 1912,Italia
5631,Riccardo Ferri,51,,20 de agosto de 1963,Italia
5632,Giorgio Ferrini,51,,18 de agosto de 1939,Italia
5633,Romano Fogli,51,,21 de enero de 1938,Italia
5634,Alfredo Foni,51,,20 de enero de 1911,Italia
5635,Amleto Frignani,51,,5 de marzo de 1932,Italia
5636,Zeffiro Furiassi,51,,19 de enero de 1923,Italia
5637,Giuseppe Furino,51,,5 de julio de 1946,Italia
5638,Giuseppe Galderisi,51,,22 de marzo de 1963,Italia
5639,Carlo Galli,51,,6 de marzo de 1931,Italia
5640,Giovanni Galli,51,,29 de abril de 1958,Italia
5641,Gennaro Gattuso,51,1.77 m,9 de enero de 1978,Italia
5642,Mario Genta,51,,1 de marzo de 1912,Italia
5643,Claudio Gentile,51,,27 de septiembre de 1953,Italia
5644,Giorgio Ghezzi,51,,10 de julio de 1930,Italia
5645,Giovanni Giacomazzi,51,,18 de enero de 1928,Italia
5646,Giuseppe Giannini,51,,20 de agosto de 1964,Italia
5647,Alberto Gilardino,51,1.84 m,5 de julio de 1982,Italia
5648,Attilio Giovannini,51,,30 de julio de 1924,Italia
5649,Sergio Gori,51,,24 de febrero de 1946,Italia
5650,Guido Gratton,51,,23 de septiembre de 1932,Italia
5651,Francesco Graziani,51,,16 de diciembre de 1952,Italia
5652,Fabio Grosso,51,1.90 m,28 de noviembre de 1977,Italia
5653,Enrique Guaita,51,,15 de julio de 1910,Italia
5654,Anfilogino Guarisi,51,,26 de diciembre de 1905,Italia
5655,Aristide Guarneri,51,,7 de marzo de 1938,Italia
5656,Vincenzo Iaquinta,51,1.86 m,21 de noviembre de 1979,Italia
5657,Ciro Immobile,51,1.85 m,20 de febrero de 1990,Italia
5658,Lorenzo Insigne,51,1.63 m,4 de junio de 1991,Italia
5659,Filippo Inzaghi,51,1.81 m,9 de agosto de 1973,Italia
5660,Mark Iuliano,51,1.87 m,12 de agosto de 1973,Italia
5661,Francesco Janich,51,,27 de marzo de 1937,Italia
5662,Antonio Juliano,51,,1 de enero de 1943,Italia
5663,Spartaco Landini,51,,31 de enero de 1944,Italia
5664,Gianfranco Leoncini,51,,25 de septiembre de 1939,Italia
5665,Ugo Locatelli,51,,5 de febrero de 1916,Italia
5666,Giovanni Lodetti,51,,10 de agosto de 1942,Italia
5667,Benito Lorenzi,51,,20 de diciembre de 1925,Italia
5668,Giacomo Losi,51,,10 de septiembre de 1935,Italia
5669,Christian Maggio,51,1.84 m,11 de febrero de 1982,Italia
5670,Augusto Magli,51,,9 de marzo de 1923,Italia
5671,Ardico Magnini,51,,21 de octubre de 1928,Italia
5672,Aldo Maldera,51,,14 de octubre de 1953,Italia
5673,Cesare Maldini,51,,5 de febrero de 1932,Italia
5674,Paolo Maldini,51,1.86 m,26 de junio de 1968,Italia
5675,Roberto Mancini,51,,27 de noviembre de 1964,Italia
5676,Lionello Manfredonia,51,,27 de noviembre de 1956,Italia
5677,Luca Marchegiani,51,,22 de febrero de 1966,Italia
5678,Federico Marchetti,51,1.88 m,7 de febrero de 1983,Italia
5679,Claudio Marchisio,51,1.79 m,19 de enero de 1986,Italia
5680,Giacomo Mari,51,,17 de octubre de 1924,Italia
5681,Giampiero Marini,51,,25 de febrero de 1951,Italia
5682,Giancarlo Marocchi,51,,4 de julio de 1965,Italia
5683,Humberto Maschio,51,,20 de febrero de 1933,Italia
5684,Guido Masetti,51,,22 de noviembre de 1907,Italia
5685,Daniele Massaro,51,,23 de mayo de 1961,Italia
5686,Marco Materazzi,51,1.93 m,19 de agosto de 1973,Italia
5687,Carlo Mattrel,51,,14 de abril de 1937,Italia
5688,Sandro Mazzola,51,,8 de noviembre de 1942,Italia
5689,Giuseppe Meazza,51,,23 de agosto de 1910,Italia
5690,Giampaolo Menichelli,51,,29 de junio de 1938,Italia
5691,Luigi Meroni,51,,24 de febrero de 1943,Italia
5692,Lorenzo Minotti,51,,8 de febrero de 1967,Italia
5693,Vincenzo Montella,51,1.72 m,18 de junio de 1974,Italia
5694,Luis Monti,51,,15 de mayo de 1901,Italia
5695,Riccardo Montolivo,51,1.81 m,18 de enero de 1985,Italia
5696,Eraldo Monzeglio,51,,5 de mayo de 1906,Italia
5697,Bruno Mora,51,,24 de marzo de 1937,Italia
5698,Francesco Moriero,51,,31 de marzo de 1969,Italia
5699,Francesco Morini,51,,12 de agosto de 1944,Italia
5700,Giuseppe Moro,51,,16 de enero de 1921,Italia
5701,Thiago Motta,51,1.87 m,28 de agosto de 1982,Italia
5702,Ermes Muccinelli,51,,28 de julio de 1927,Italia
5703,Roberto Mussi,51,,25 de agosto de 1963,Italia
5704,Sebastiano Nela,51,,13 de marzo de 1961,Italia
5705,Maino Neri,51,,30 de junio de 1924,Italia
5706,Alessandro Nesta,51,1.87 m,19 de marzo de 1976,Italia
5707,Fulvio Nesti,51,,8 de junio de 1925,Italia
5708,Comunardo Niccolai,51,,15 de diciembre de 1946,Italia
5709,Massimo Oddo,51,1.82 m,14 de junio de 1976,Italia
5710,Aldo Olivieri,51,,2 de octubre de 1910,Italia
5711,Renato Olmi,51,,12 de julio de 1914,Italia
5712,Gabriele Oriali,51,,25 de noviembre de 1952,Italia
5713,Raimundo Orsi,51,,2 de diciembre de 1901,Italia
5714,Gianluca Pagliuca,51,,18 de diciembre de 1966,Italia
5715,Gabriel Paletta,51,1.90 m,15 de febrero de 1986,Italia
5716,Angelo Palombo,51,1.77 m,25 de septiembre de 1981,Italia
5717,Egisto Pandolfini,51,,19 de febrero de 1926,Italia
5718,Christian Panucci,51,1.85 m,12 de abril de 1973,Italia
5719,Carlo Parola,51,,20 de septiembre de 1921,Italia
5720,Marco Parolo,51,1.86 m,25 de enero de 1985,Italia
5721,Ezio Pascutti,51,,1 de junio de 1937,Italia
5722,Piero Pasinati,51,,21 de julio de 1910,Italia
5723,Giampaolo Pazzini,51,1.80 m,2 de agosto de 1984,Italia
5724,Eraldo Pecci,51,,12 de abril de 1955,Italia
5725,Simone Pepe,51,1.79 m,30 de agosto de 1983,Italia
5726,Marino Perani,51,,27 de octubre de 1939,Italia
5727,Mario Perazzolo,51,,7 de junio de 1911,Italia
5728,Mattia Perin,51,1.88 m,10 de noviembre de 1992,Italia
5729,Simone Perrotta,51,1.78 m,17 de septiembre de 1977,Italia
5730,Angelo Peruzzi,51,1.81 m,16 de febrero de 1970,Italia
5731,Gianluca Pessotto,51,,11 de agosto de 1970,Italia
5732,Silvio Piola,51,,29 de septiembre de 1913,Italia
5733,Andrea Pirlo,51,1.77 m,19 de mayo de 1979,Italia
5734,Gino Pivatelli,51,,27 de marzo de 1933,Italia
5735,Pierluigi Pizzaballa,51,,14 de septiembre de 1939,Italia
5736,Mario Pizziolo,51,,7 de diciembre de 1909,Italia
5737,Fabrizio Poletti,51,,13 de julio de 1943,Italia
5738,Pierino Prati,51,,13 de diciembre de 1946,Italia
5739,Giorgio Puia,51,,8 de marzo de 1938,Italia
5740,Paolo Pulici,51,,27 de abril de 1950,Italia
5741,Fabio Quagliarella,51,1.80 m,31 de enero de 1983,Italia
5742,Luigi Radice,51,,15 de enero de 1935,Italia
5743,Pietro Rava,51,,12 de enero de 1916,Italia
5744,Luciano Re Cecconi,51,,1 de diciembre de 1948,Italia
5745,Leandro Remondini,51,,17 de noviembre de 1917,Italia
5746,Gigi Riva,74,1.82 m,7 de noviembre de 1944,Suiza
5747,Gianni Rivera,80,,18 de agosto de 1943,Uruguay
5748,Francesco Rizzo,51,,30 de mayo de 1943,Italia
5749,Enzo Robotti,51,,15 de junio de 1935,Italia
5750,Roberto Rosato,51,,18 de agosto de 1943,Italia
5751,Virginio Rosetta,51,,25 de febrero de 1902,Italia
5752,Paolo Rossi,51,,23 de septiembre de 1956,Italia
5753,Giuseppe Sabadini,51,,26 de marzo de 1949,Italia
5754,Claudio Sala,51,,8 de septiembre de 1947,Italia
5755,Patrizio Sala,51,,16 de junio de 1955,Italia
5756,Sandro Salvadore,51,,29 de noviembre de 1939,Italia
5757,Angelo Schiavio,51,,15 de octubre de 1905,Italia
5758,Salvatore Schillaci,51,,1 de diciembre de 1964,Italia
5759,Gaetano Scirea,51,,25 de mayo de 1953,Italia
5760,Armando Segato,51,,3 de mayo de 1930,Italia
5761,Franco Selvaggi,51,,15 de mayo de 1953,Italia
5762,Lucidio Sentimenti,51,,1 de julio de 1920,Italia
5763,Pietro Serantoni,51,,12 de diciembre de 1916,Italia
5764,Aldo Serena,51,,25 de junio de 1960,Italia
5765,Giuseppe Signori,51,,17 de febrero de 1968,Italia
5766,Salvatore Sirigu,51,1.92 m,12 de enero de 1987,Italia
5767,Omar Sivori,51,,2 de octubre de 1935,Italia
5768,Angelo Sormani,51,,3 de julio de 1939,Italia
5769,Luciano Spinosi,51,,9 de mayo de 1950,Italia
5770,Stefano Tacconi,51,,13 de mayo de 1957,Italia
5771,Franco Tancredi,51,,10 de enero de 1955,Italia
5772,Marco Tardelli,51,,24 de septiembre de 1954,Italia
5773,Mauro Tassotti,51,,19 de enero de 1960,Italia
5774,Omero Tognon,51,,3 de marzo de 1924,Italia
5775,Francesco Toldo,51,1.96 m,2 de diciembre de 1971,Italia
5776,Damiano Tommasi,51,1.77 m,17 de mayo de 1974,Italia
5777,Luca Toni,51,1.94 m,26 de mayo de 1977,Italia
5778,Moreno Torricelli,51,,23 de enero de 1970,Italia
5779,Francesco Totti,51,1.80 m,27 de septiembre de 1976,Italia
5780,Giovanni Trapattoni,51,,17 de marzo de 1939,Italia
5781,Roberto Tricella,51,,18 de marzo de 1959,Italia
5782,Paride Tumburus,51,,8 de marzo de 1939,Italia
5783,Mario Varglien,51,,16 de diciembre de 1905,Italia
5784,Marco Verratti,51,1.65 m,5 de noviembre de 1992,Italia
5785,Gianluca Vialli,51,,9 de julio de 1964,Italia
5786,Pietro Vierchowod,51,,6 de abril de 1959,Italia
5787,Christian Vieri,51,1.85 m,12 de julio de 1973,Italia
5788,Lido Vieri,51,,16 de julio de 1939,Italia
5789,Guido Vincenzi,51,,14 de julio de 1932,Italia
5790,Giovanni Viola,51,,20 de junio de 1925,Italia
5791,Giuseppe Wilson,51,,27 de octubre de 1945,Italia
5792,Cristian Zaccardo,51,1.84 m,21 de diciembre de 1981,Italia
5793,Renato Zaccarelli,51,,18 de enero de 1951,Italia
5794,Gianluca Zambrotta,51,1.81 m,19 de febrero de 1977,Italia
5795,Cristiano Zanetti,51,1.80 m,10 de abril de 1977,Italia
5796,Walter Zenga,51,,28 de abril de 1960,Italia
5797,Dino Zoff,51,,28 de febrero de 1942,Italia
5798,Gianfranco Zola,51,,5 de julio de 1966,Italia
5799,Julio Abbadie,80,,7 de septiembre de 1930,Uruguay
5800,Sebastian Abreu,80,1.93 m,17 de octubre de 1976,Uruguay
5801,Eduardo Acevedo,80,,25 de septiembre de 1959,Uruguay
5802,Carlos Aguilera,80,,21 de septiembre de 1964,Uruguay
5803,Eliseo Alvarez,80,,9 de agosto de 1940,Uruguay
5804,Emilio Alvarez,80,,10 de febrero de 1939,Uruguay
5805,Fernando Alvez,80,,4 de septiembre de 1959,Uruguay
5806,Antonio Alzamendi,80,,7 de junio de 1956,Uruguay
5807,Javier Ambrois,80,,9 de mayo de 1932,Uruguay
5808,Atilio Ancheta,80,,19 de julio de 1948,Uruguay
5809,Jose Andrade,80,,22 de noviembre de 1901,Uruguay
5810,Juan Anselmo,80,,30 de abril de 1902,Uruguay
5811,Ronald Araújo,80,1.85 m,7 de marzo de 1999,Uruguay
5812,Egidio Arevalo,80,1.68 m,1 de enero de 1982,Uruguay
5813,Enrique Ballestrero,80,,18 de enero de 1905,Uruguay
5814,Ruben Bareno,80,,23 de enero de 1944,Uruguay
5815,Jorge Barrios,80,,24 de enero de 1961,Uruguay
5816,Jose Batista,80,,6 de marzo de 1962,Uruguay
5817,Pablo Bengoechea,80,,27 de junio de 1965,Uruguay
5818,Rodrigo Bentancur,80,1.87 m,25 de junio de 1997,Uruguay
5819,Mario Bergara,80,,1 de diciembre de 1937,Uruguay
5820,Joe Bizera,80,1.81 m,17 de mayo de 1980,Uruguay
5821,Carlos Borges,80,,14 de enero de 1932,Uruguay
5822,Miguel Bossio,80,,10 de febrero de 1960,Uruguay
5823,Julio Cesar Britos,80,,18 de mayo de 1926,Uruguay
5824,Juan Burgueno,80,,1 de enero de 1923,Uruguay
5825,Angel Cabrera,80,,9 de octubre de 1939,Uruguay
5826,Wilmar Cabrera,80,,31 de julio de 1959,Uruguay
5827,Martin Caceres,80,1.78 m,7 de abril de 1987,Uruguay
5828,Omar Caetano,80,,8 de noviembre de 1938,Uruguay
5829,Juan Carlos Calvo,80,,26 de junio de 1906,Uruguay
5830,Francisco Camera,80,,1 de enero de 1942,Uruguay
5831,Martín Campaña,80,1.87 m,29 de mayo de 1989,Uruguay
5832,Agustín Canobbio,80,1.75 m,1 de octubre de 1998,Uruguay
5833,Miguel Cappuccini,80,,5 de enero de 1904,Uruguay
5834,Nestor Carballo,80,,3 de febrero de 1929,Uruguay
5835,Alberto Cardaccio,80,,26 de agosto de 1949,Uruguay
5836,Fabian Carini,80,1.89 m,26 de diciembre de 1979,Uruguay
5837,Juan Castillo,80,1.81 m,17 de abril de 1978,Uruguay
5838,Hector Castro,80,,29 de noviembre de 1904,Uruguay
5839,Luis Ernesto Castro,80,,31 de julio de 1921,Uruguay
5840,William Castro,80,,22 de mayo de 1962,Uruguay
5841,Edinson Cavani,80,1.84 m,14 de febrero de 1987,Uruguay
5842,Pedro Cea,80,,1 de septiembre de 1900,Uruguay
5843,Sebastián Coates,80,1.96 m,7 de octubre de 1990,Uruguay
5844,Ruben Corbo,80,,20 de enero de 1952,Uruguay
5845,Walter Corbo,80,,2 de mayo de 1949,Uruguay
5846,Carlos Correa,80,,13 de enero de 1968,Uruguay
5847,Julio Cortes,80,,29 de marzo de 1941,Uruguay
5848,Luis Cruz,80,,28 de abril de 1925,Uruguay
5849,Luis Cubilla,80,,28 de marzo de 1940,Uruguay
5850,Pedro Cubilla,80,,25 de mayo de 1933,Uruguay
5851,Jorge Da Silva,80,,11 de diciembre de 1961,Uruguay
5852,Mirto Davoine,80,,13 de febrero de 1933,Uruguay
5853,Giorgian De Arrascaeta,80,1.77 m,1 de junio de 1994,Uruguay
5854,Nicolás de la Cruz,80,1.67 m,1 de junio de 1997,Uruguay
5855,Hugo De Leon,63,,27 de febrero de 1958,Perú
5856,Gonzalo De Los Santos,78,1.86 m,19 de julio de 1976,Túnez
5857,Gustavo De Simone,80,,23 de abril de 1948,Uruguay
5858,Nelson Diaz,80,,12 de enero de 1942,Uruguay
5859,Victor Diogo,80,,9 de abril de 1958,Uruguay
5860,Alfonso Dominguez,80,,24 de septiembre de 1965,Uruguay
5861,Pablo Dorado,80,,22 de junio de 1908,Uruguay
5862,Sebastian Eguren,80,1.86 m,8 de enero de 1981,Uruguay
5863,Federico Elduayen,80,1.81 m,25 de junio de 1977,Uruguay
5864,Guillermo Escalada,80,,24 de abril de 1936,Uruguay
5865,Victor Esparrago,80,,6 de octubre de 1944,Uruguay
5866,Alvaro Fernandez,80,1.85 m,11 de octubre de 1985,Uruguay
5867,Gustavo Fernandez,56,,16 de febrero de 1952,México
5868,Lorenzo Fernandez,56,,20 de mayo de 1900,México
5869,Sebastian Fernandez,80,1.67 m,23 de mayo de 1985,Uruguay
5870,Daniel Fonseca,80,,13 de septiembre de 1969,Uruguay
5871,Dagoberto Fontes,80,,6 de junio de 1943,Uruguay
5872,Diego Forlan,80,1.81 m,19 de mayo de 1979,Uruguay
5873,Pablo Forlan,80,,14 de julio de 1945,Uruguay
5874,Enzo Francescoli,80,1.81 m,12 de noviembre de 1961,Uruguay
5875,Jorge Fucile,80,1.77 m,19 de noviembre de 1984,Uruguay
5876,Schubert Gambetta,80,,14 de abril de 1920,Uruguay
5877,Pablo Garcia,56,1.86 m,11 de mayo de 1977,México
5878,Walter Gargano,80,1.68 m,23 de julio de 1984,Uruguay
5879,Luis Garisto,80,,3 de diciembre de 1945,Uruguay
5880,Alvaro Gestido,80,,17 de mayo de 1907,Uruguay
5881,Alcides Ghiggia,80,,22 de diciembre de 1926,Uruguay
5882,José María Giménez,80,1.85 m,20 de enero de 1995,Uruguay
5883,Diego Godin,80,1.85 m,16 de febrero de 1986,Uruguay
5884,Alberto Gomez,61,,10 de junio de 1944,Panamá
5885,Jose Gomez,61,,23 de octubre de 1949,Panamá
5886,Maxi Gómez,61,1.86 m,14 de agosto de 1996,Panamá
5887,Nestor Goncalves,80,,27 de abril de 1936,Uruguay
5888,Alvaro González,80,1.75 m,29 de octubre de 1984,Uruguay
5889,Edgardo Gonzalez,80,,30 de septiembre de 1936,Uruguay
5890,Ignacio Gonzalez,56,1.80 m,14 de mayo de 1982,México
5891,Juan Carlos Gonzalez,80,,22 de agosto de 1924,Uruguay
5892,Mario Gonzalez,80,,27 de mayo de 1950,Uruguay
5893,Matias Gonzalez,80,,6 de agosto de 1925,Uruguay
5894,Ruben Gonzalez,80,,17 de julio de 1939,Uruguay
5895,Gianni Guigou,80,1.75 m,22 de febrero de 1975,Uruguay
5896,Nelson Gutierrez,56,,13 de abril de 1962,México
5897,Abel Hernández,80,1.86 m,8 de agosto de 1990,Uruguay
5898,Jose Herrera,80,,17 de junio de 1965,Uruguay
5899,Juan Hohberg,80,1.78 m,19 de junio de 1926,Uruguay
5900,Victoriano Iriarte,80,,1 de noviembre de 1902,Uruguay
5901,Baudilio Jauregui,80,,9 de julio de 1945,Uruguay
5902,Julio Cesar Jimenez,80,,27 de agosto de 1954,Uruguay
5903,Ronald Langon,80,,6 de agosto de 1939,Uruguay
5904,Diego Laxalt,80,1.77 m,7 de febrero de 1993,Uruguay
5905,Alejandro Lembo,80,1.78 m,15 de febrero de 1978,Uruguay
5906,Roberto Leopardi,80,,19 de julio de 1933,Uruguay
5907,Nicolas Lodeiro,80,1.73 m,21 de marzo de 1989,Uruguay
5908,Julio Losada,80,,16 de junio de 1950,Uruguay
5909,Diego Lugano,80,1.88 m,2 de noviembre de 1980,Uruguay
5910,Julio Maceiras,80,,22 de abril de 1926,Uruguay
5911,Federico Magallanes,80,1.81 m,22 de agosto de 1976,Uruguay
5912,Luis Maidana,80,,24 de febrero de 1934,Uruguay
5913,Ildo Maneiro,80,,4 de agosto de 1947,Uruguay
5914,Jorge Manicera,80,,4 de noviembre de 1938,Uruguay
5915,Walter Mantegazza,80,,17 de junio de 1952,Uruguay
5916,Sergio Martinez,56,,15 de febrero de 1969,México
5917,William Martinez,56,,13 de enero de 1928,México
5918,Ernesto Mascheroni,80,,21 de noviembre de 1907,Uruguay
5919,Juan Masnik,80,,2 de marzo de 1943,Uruguay
5920,Roque Maspoli,80,,12 de octubre de 1917,Uruguay
5921,Roberto Matosas,80,,11 de mayo de 1940,Uruguay
5922,Ladislao Mazurkiewicz,80,,14 de febrero de 1945,Uruguay
5923,Angel Melogno,80,,22 de marzo de 1905,Uruguay
5924,Gustavo Mendez,80,1.76 m,3 de febrero de 1971,Uruguay
5926,Omar Mendez,80,,7 de agosto de 1934,Uruguay
5927,Oscar Miguez,80,,5 de diciembre de 1927,Uruguay
5928,Denis Milar,80,,20 de junio de 1952,Uruguay
5929,Paolo Montero,80,1.79 m,3 de septiembre de 1971,Uruguay
5930,Julio Montero Castillo,80,,25 de abril de 1944,Uruguay
5931,Julio Morales,80,,16 de febrero de 1945,Uruguay
5932,Richard Morales,80,1.97 m,21 de febrero de 1975,Uruguay
5933,Ruben Moran,46,,6 de agosto de 1930,Irlanda
5934,Fernando Morena,80,,2 de febrero de 1952,Uruguay
5935,Juan Mujica,80,,22 de diciembre de 1944,Uruguay
5936,Rodrigo Muñoz,80,1.84 m,22 de enero de 1982,Uruguay
5937,Gustavo Munua,80,1.86 m,27 de enero de 1978,Uruguay
5938,Fernando Muslera,80,1.90 m,16 de junio de 1986,Uruguay
5939,Nahitan Nández,80,1.71 m,28 de diciembre de 1995,Uruguay
5940,Jose Nasazzi,80,,24 de mayo de 1901,Uruguay
5941,Darwin Núñez,80,1.85 m,24 de junio de 1999,Uruguay
5942,Fabian O'Neill,80,1.85 m,14 de octubre de 1973,Uruguay
5943,Mathías Olivera,80,1.74 m,31 de octubre de 1997,Uruguay
5944,Nicolas Olivera,80,1.66 m,30 de mayo de 1978,Uruguay
5945,Washington Ortuno,80,,13 de mayo de 1928,Uruguay
5946,Santiago Ostolaza,80,,10 de julio de 1962,Uruguay
5947,Celso Otero,80,,1 de febrero de 1958,Uruguay
5948,Ricardo Pavoni,80,,8 de julio de 1943,Uruguay
5949,Anibal Paz,80,,18 de febrero de 1918,Uruguay
5950,Ruben Paz,80,,8 de agosto de 1959,Uruguay
5951,Facundo Pellistri,80,1.74 m,20 de diciembre de 2001,Uruguay
5952,Jose Perdomo,80,,5 de enero de 1965,Uruguay
5953,Alfonso Pereira,80,,19 de octubre de 1956,Uruguay
5954,Alvaro Pereira,80,1.82 m,28 de noviembre de 1985,Uruguay
5955,Eduardo Pereira,80,,21 de marzo de 1954,Uruguay
5956,Maximiliano Pereira,80,1.73 m,8 de junio de 1984,Uruguay
5957,Ruben Pereira,80,,28 de enero de 1968,Uruguay
5958,Diego Perez,61,1.76 m,18 de mayo de 1980,Panamá
5959,Domingo Perez,80,,7 de junio de 1936,Uruguay
5960,Julio Perez,80,,19 de junio de 1926,Uruguay
5961,Pedro Petrone,80,,11 de mayo de 1905,Uruguay
5962,Rodolfo Pini,80,,1 de enero de 1926,Uruguay
5963,Jose Pintos,80,,25 de marzo de 1964,Uruguay
5964,Conduelo Piriz,80,,9 de octubre de 1904,Uruguay
5965,Gastón Ramírez,80,1.83 m,2 de diciembre de 1990,Uruguay
5966,Luis Ramos,56,,9 de octubre de 1939,México
5967,Venancio Ramos,80,,20 de junio de 1959,Uruguay
5968,Alvaro Recoba,80,1.78 m,17 de marzo de 1976,Uruguay
5969,Emilio Recoba,80,,3 de noviembre de 1904,Uruguay
5970,Mario Regueiro,80,1.78 m,14 de septiembre de 1978,Uruguay
5971,Felipe Revelez,80,,30 de septiembre de 1959,Uruguay
5972,Luis Rijo,80,,28 de septiembre de 1927,Uruguay
5973,Carlos Riolfo,80,,5 de noviembre de 1905,Uruguay
5974,Urbano Rivera,80,,1 de abril de 1926,Uruguay
5975,Eliseo Rivero,80,,27 de diciembre de 1957,Uruguay
5976,Pedro Rocha,80,,3 de diciembre de 1942,Uruguay
5977,Sergio Rochet,80,1.89 m,23 de marzo de 1993,Uruguay
5978,Cristian Rodríguez,80,1.75 m,30 de septiembre de 1985,Uruguay
5979,Dario Rodriguez,80,1.86 m,17 de septiembre de 1974,Uruguay
5981,Rodolfo Rodriguez,80,,20 de enero de 1956,Uruguay
5982,Victor Rodriguez Andrade,80,,14 de febrero de 1927,Uruguay
5983,Carlos Romero,56,,7 de septiembre de 1927,México
5984,Marcelo Romero,56,1.76 m,4 de julio de 1976,México
5985,Jose Salazar,56,,26 de octubre de 1963,México
5986,Zoilo Saldombide,80,,18 de marzo de 1905,Uruguay
5987,Hector Salva,80,,27 de noviembre de 1939,Uruguay
5988,Carlos Sánchez,80,1.82 m,6 de febrero de 1986,Uruguay
5989,Rodolfo Sandoval,80,,4 de octubre de 1948,Uruguay
5990,Jose Santamaria,80,,31 de julio de 1929,Uruguay
5991,Sergio Santin,80,,6 de agosto de 1956,Uruguay
5992,Hector Santos,80,,29 de octubre de 1944,Uruguay
5993,Mario Saralegui,80,,24 de abril de 1959,Uruguay
5994,Jose Sasia,80,,27 de diciembre de 1933,Uruguay
5995,Hector Scarone,80,,26 de noviembre de 1898,Uruguay
5996,Juan Schiaffino,80,,28 de julio de 1925,Uruguay
5997,Andres Scotti,80,1.83 m,14 de diciembre de 1975,Uruguay
5998,Dario Silva,80,1.78 m,2 de noviembre de 1972,Uruguay
5999,Gastón Silva,80,1.85 m,5 de marzo de 1994,Uruguay
6000,Hector Silva,80,,1 de febrero de 1940,Uruguay
6001,Juan Silva,80,,30 de agosto de 1948,Uruguay
6002,Martin Silva,80,1.87 m,25 de marzo de 1983,Uruguay
6003,Ruben Soria,80,,1 de enero de 1935,Uruguay
6004,Gonzalo Sorondo,80,1.90 m,9 de octubre de 1979,Uruguay
6005,Roberto Sosa,80,,14 de junio de 1935,Uruguay
6006,Ruben Sosa,80,,25 de abril de 1966,Uruguay
6007,Sebastián Sosa,80,1.84 m,19 de agosto de 1986,Uruguay
6008,Rafael Souto,80,,24 de octubre de 1930,Uruguay
6009,Christian Stuani,80,1.86 m,12 de octubre de 1986,Uruguay
6010,Luis Suarez,80,1.82 m,24 de enero de 1987,Uruguay
6011,Walter Taibo,80,,7 de marzo de 1931,Uruguay
6012,Domingo Tejera,80,,27 de julio de 1899,Uruguay
6013,Eusebio Tejera,80,,6 de enero de 1922,Uruguay
6014,Lucas Torreira,80,1.68 m,11 de febrero de 1996,Uruguay
6015,Facundo Torres,80,1.75 m,13 de abril de 2000,Uruguay
6016,Horacio Troche,80,,4 de febrero de 1935,Uruguay
6017,Luis Ubina,80,,7 de junio de 1940,Uruguay
6018,Manuel Ugarte,80,1.82 m,11 de abril de 2001,Uruguay
6019,Santos Urdinaran,80,,30 de marzo de 1900,Uruguay
6020,Jonathan Urretaviscaya,80,1.74 m,19 de marzo de 1990,Uruguay
6021,Jose Urruzmendi,80,,25 de agosto de 1944,Uruguay
6022,Federico Valverde,80,1.82 m,22 de julio de 1998,Uruguay
6023,Guillermo Varela,80,1.73 m,24 de marzo de 1993,Uruguay
6024,Gustavo Varela,80,1.72 m,14 de mayo de 1978,Uruguay
6025,Obdulio Varela,80,,20 de septiembre de 1917,Uruguay
6026,Matías Vecino,80,1.89 m,24 de agosto de 1991,Uruguay
6027,Cesar Vega,56,,2 de septiembre de 1959,México
6028,Mauricio Victorino,80,1.82 m,11 de octubre de 1982,Uruguay
6029,Ernesto Vidal,80,,15 de noviembre de 1921,Uruguay
6030,Milton Viera,80,,11 de mayo de 1946,Uruguay
6031,Hector Vilches,80,,14 de febrero de 1926,Uruguay
6032,Matías Viña,80,1.80 m,9 de noviembre de 1997,Uruguay
6033,Adolfo Zeoli,80,,2 de mayo de 1962,Uruguay
6034,Oscar Zubia,80,,8 de febrero de 1946,Uruguay
6035,Ruediger Abramczik,1,,18 de febrero de 1956,Alemania
6036,Karim Adeyemi,1,1.80 m,18 de enero de 2002,Alemania
6037,Ernst Albrecht,1,,12 de noviembre de 1907,Alemania
6038,Karl Allgoewer,1,,5 de enero de 1957,Alemania
6039,Klaus Allofs,1,,5 de diciembre de 1956,Alemania
6040,Thomas Allofs,1,,17 de noviembre de 1959,Alemania
6041,Dennis Aogo,1,1.84 m,14 de enero de 1987,Alemania
6042,Gerald Asamoah,1,1.80 m,3 de octubre de 1978,Alemania
6043,Klaus Augenthaler,1,,26 de septiembre de 1957,Alemania
6044,Raimond Aumann,1,,12 de octubre de 1963,Alemania
6045,Markus Babbel,1,1.88 m,8 de septiembre de 1972,Alemania
6046,Holger Badstuber,1,1.90 m,13 de marzo de 1989,Alemania
6047,Michael Ballack,1,1.89 m,26 de septiembre de 1976,Alemania
6048,Mario Basler,1,,18 de diciembre de 1968,Alemania
6049,Hans Bauer,1,,28 de julio de 1927,Alemania
6050,Frank Baumann,1,1.87 m,29 de octubre de 1975,Alemania
6051,Franz Beckenbauer,1,1.81 m,11 de septiembre de 1945,Alemania
6052,Erich Beer,1,,9 de diciembre de 1946,Alemania
6053,Uwe Bein,1,,26 de septiembre de 1960,Alemania
6054,Armel Bella-Kotchap,1,1.90 m,11 de diciembre de 2001,Alemania
6055,Jakob Bender,1,,23 de marzo de 1910,Alemania
6056,Guenter Bernard,1,,4 de noviembre de 1939,Alemania
6057,Thomas Berthold,1,,12 de noviembre de 1964,Alemania
6058,Oliver Bierhoff,1,1.91 m,1 de mayo de 1968,Alemania
6059,Uli Biesinger,1,,6 de agosto de 1933,Alemania
6060,Jérôme Boateng,1,1.92 m,3 de septiembre de 1988,Alemania
6061,Marco Bode,1,1.89 m,23 de julio de 1969,Alemania
6062,Joerg Boehme,1,1.78 m,22 de enero de 1974,Alemania
6063,Rainer Bonhof,1,,29 de marzo de 1952,Alemania
6064,Tim Borowski,1,1.94 m,2 de mayo de 1980,Alemania
6065,Julian Brandt,1,1.83 m,2 de mayo de 1996,Alemania
6066,Andreas Brehme,1,,9 de noviembre de 1960,Alemania
6067,Paul Breitner,1,,5 de septiembre de 1951,Alemania
6068,Hans-Peter Briegel,1,,11 de octubre de 1955,Alemania
6069,Albert Bruells,1,,26 de marzo de 1937,Alemania
6070,Fritz Buchloh,1,,26 de noviembre de 1909,Alemania
6071,Guido Buchwald,1,,24 de enero de 1961,Alemania
6072,Dieter Burdenski,1,,26 de noviembre de 1950,Alemania
6073,Willy Busch,1,,4 de enero de 1907,Alemania
6074,Hans-Joerg Butt,1,1.91 m,28 de mayo de 1974,Alemania
6075,Cacau,1,1.80 m,27 de marzo de 1981,Alemania
6076,Hans Ciesclarczyk,1,,3 de mayo de 1937,Alemania
6077,Edmund Conen,1,,10 de noviembre de 1914,Alemania
6078,Bernd Cullmann,1,,1 de noviembre de 1949,Alemania
6079,Franz Dienert,1,,1 de enero de 1900,Alemania
6080,Peter Dietrich,1,,6 de marzo de 1944,Alemania
6081,Bernd Dietz,1,,22 de marzo de 1948,Alemania
6082,Julian Draxler,1,1.85 m,20 de septiembre de 1993,Alemania
6083,Wolfgang Dremmler,1,,12 de julio de 1954,Alemania
6084,Erik Durm,1,1.83 m,12 de mayo de 1992,Alemania
6085,Horst Eckel,1,,8 de febrero de 1932,Alemania
6086,Norbert Eder,1,,7 de noviembre de 1955,Alemania
6087,Stefan Effenberg,1,,2 de agosto de 1968,Alemania
6088,Lothar Emmerich,1,,29 de noviembre de 1941,Alemania
6089,Stephan Engels,1,,6 de septiembre de 1960,Alemania
6090,Herbert Erhardt,1,,6 de julio de 1930,Alemania
6091,Wolfgang Fahrian,1,,31 de mayo de 1941,Alemania
6092,Klaus Fichtel,1,,19 de noviembre de 1944,Alemania
6093,Klaus Fischer,1,,27 de diciembre de 1949,Alemania
6094,Heinz Flohe,1,,28 de enero de 1948,Alemania
6095,Bernd Foerster,1,,3 de mayo de 1956,Alemania
6096,Karl-Heinz Foerster,1,,25 de julio de 1958,Alemania
6097,Bernd Franke,1,,12 de febrero de 1948,Alemania
6098,Steffen Freund,1,,19 de enero de 1970,Alemania
6099,Arne Friedrich,1,1.85 m,29 de mayo de 1979,Alemania
6100,Torsten Frings,1,1.82 m,22 de noviembre de 1976,Alemania
6101,Niclas Füllkrug,1,1.88 m,9 de febrero de 1993,Alemania
6102,Josef Gauchel,1,,11 de septiembre de 1916,Alemania
6103,Maurizio Gaudino,1,,12 de diciembre de 1966,Alemania
6104,Rudolf Gellesch,1,,1 de mayo de 1914,Alemania
6105,Willy Giesemann,1,,2 de septiembre de 1937,Alemania
6106,Matthias Ginter,1,1.89 m,19 de enero de 1994,Alemania
6107,Serge Gnabry,1,1.76 m,14 de julio de 1995,Alemania
6108,Ludwig Goldbrunner,1,,5 de marzo de 1908,Alemania
6109,Mario Gomez,61,1.89 m,10 de julio de 1985,Panamá
6110,Leon Goretzka,1,1.89 m,6 de febrero de 1995,Alemania
6111,Mario Götze,1,1.76 m,3 de junio de 1992,Alemania
6112,Juergen Grabowski,1,,7 de julio de 1944,Alemania
6113,Rudolf Gramlich,1,,6 de junio de 1908,Alemania
6114,Kevin Grosskreutz,1,1.86 m,19 de julio de 1988,Alemania
6115,Ilkay Gündogan,1,1.80 m,24 de octubre de 1990,Alemania
6116,Christian Günter,1,1.84 m,28 de febrero de 1993,Alemania
6117,Thomas Haessler,1,,30 de mayo de 1966,Alemania
6118,Wilhelm Hahnemann,1,,14 de abril de 1914,Alemania
6119,Helmut Haller,1,,21 de julio de 1939,Alemania
6120,Didi Hamann,1,1.91 m,27 de agosto de 1973,Alemania
6121,Mike Hanke,1,1.84 m,5 de noviembre de 1983,Alemania
6122,Wilfried Hannes,1,,17 de mayo de 1957,Alemania
6123,Sigmund Haringer,1,,9 de diciembre de 1908,Alemania
6124,Kai Havertz,1,1.90 m,11 de junio de 1999,Alemania
6125,Jonas Hector,1,1.85 m,27 de mayo de 1990,Alemania
6126,Mathias Heidemann,1,,7 de febrero de 1912,Alemania
6127,Joerg Heinrich,1,,6 de diciembre de 1969,Alemania
6128,Sigi Held,1,,7 de agosto de 1942,Alemania
6129,Thomas Helmer,1,,21 de abril de 1965,Alemania
6130,Matthias Herget,1,,14 de noviembre de 1955,Alemania
6131,Fritz Herkenrath,1,,9 de septiembre de 1928,Alemania
6132,Guenter Hermann,1,,1 de septiembre de 1939,Alemania
6133,Guenther Hermann,1,,5 de diciembre de 1960,Alemania
6134,Richard Herrmann,1,,28 de enero de 1923,Alemania
6135,Dieter Herzog,1,,15 de julio de 1946,Alemania
6136,Jupp Heynckes,1,,9 de mayo de 1945,Alemania
6137,Holger Hieronymus,1,,22 de febrero de 1959,Alemania
6138,Timo Hildebrand,1,1.85 m,5 de abril de 1979,Alemania
6139,Thomas Hitzlsperger,1,1.83 m,5 de abril de 1982,Alemania
6140,Bernd Hoelzenbein,1,,9 de marzo de 1946,Alemania
6141,Dieter Hoeness,1,,7 de enero de 1953,Alemania
6142,Uli Hoeness,1,,5 de enero de 1952,Alemania
6143,Horst-Dieter Hoettges,1,,10 de septiembre de 1943,Alemania
6144,Rudi Hoffmann,1,,11 de febrero de 1935,Alemania
6145,Jonas Hofmann,1,1.76 m,14 de julio de 1992,Alemania
6146,Karl Hohmann,1,,18 de junio de 1908,Alemania
6147,Heinz Hornig,1,,28 de septiembre de 1937,Alemania
6148,Benedikt Höwedes,1,1.87 m,29 de febrero de 1988,Alemania
6149,Horst Hrubesch,1,,17 de abril de 1951,Alemania
6150,Mats Hummels,1,1.92 m,16 de diciembre de 1988,Alemania
6151,Robert Huth,1,1.91 m,18 de agosto de 1984,Alemania
6152,Bodo Illgner,1,,7 de abril de 1967,Alemania
6153,Eike Immel,1,,27 de noviembre de 1960,Alemania
6154,Hans Jakob,1,,16 de junio de 1908,Alemania
6155,Ditmar Jakobs,1,,28 de agosto de 1953,Alemania
6156,Carsten Jancker,1,1.93 m,28 de agosto de 1974,Alemania
6157,Paul Janes,1,,11 de marzo de 1912,Alemania
6158,Marcell Jansen,1,1.90 m,4 de noviembre de 1985,Alemania
6159,Jens Jeremies,1,1.77 m,5 de marzo de 1974,Alemania
6160,Erich Juskowiak,1,,7 de septiembre de 1926,Alemania
6161,Oliver Kahn,1,1.88 m,15 de junio de 1969,Alemania
6162,Manfred Kaltz,1,,6 de enero de 1953,Alemania
6163,Jupp Kappellmann,1,,19 de diciembre de 1949,Alemania
6164,Rudi Kargus,1,,15 de agosto de 1952,Alemania
6165,Sebastian Kehl,74,1.86 m,13 de febrero de 1980,Suiza
6166,Thilo Kehrer,1,1.86 m,21 de septiembre de 1996,Alemania
6167,Alfred Kelbassa,1,,21 de abril de 1925,Alemania
6168,Sami Khedira,1,1.89 m,4 de abril de 1987,Alemania
6169,Stefan Kiessling,1,1.91 m,25 de enero de 1984,Alemania
6170,Joshua Kimmich,1,1.77 m,8 de febrero de 1995,Alemania
6171,Ulf Kirsten,1,,4 de diciembre de 1965,Alemania
6172,Albin Kitzinger,1,,1 de febrero de 1912,Alemania
6173,Wolfgang Kleff,1,,16 de noviembre de 1946,Alemania
6174,Juergen Klinsmann,1,,30 de julio de 1964,Alemania
6175,Berni Klodt,1,,26 de octubre de 1926,Alemania
6176,Miroslav Klose,1,1.82 m,9 de junio de 1978,Alemania
6177,Lukas Klostermann,1,1.87 m,3 de junio de 1996,Alemania
6178,Stanislaus Kobierski,1,,15 de noviembre de 1910,Alemania
6179,Andreas Koepke,1,,12 de marzo de 1962,Alemania
6180,Juergen Kohler,1,,6 de octubre de 1965,Alemania
6181,Werner Kohlmeyer,1,,19 de abril de 1924,Alemania
6182,Harald Konopka,1,,18 de noviembre de 1952,Alemania
6183,Willi Koslowski,1,,17 de febrero de 1937,Alemania
6184,Werner Kraemer,1,,23 de enero de 1940,Alemania
6185,Christoph Kramer,1,1.90 m,19 de febrero de 1991,Alemania
6186,Engelbert Kraus,1,,30 de julio de 1934,Alemania
6187,Helmut Kremers,1,,24 de marzo de 1949,Alemania
6188,Willibald Kress,1,,13 de noviembre de 1906,Alemania
6189,Toni Kroos,1,1.82 m,4 de enero de 1990,Alemania
6190,Heinz Kubsch,1,,20 de julio de 1930,Alemania
6191,Stefan Kuntz,1,,30 de octubre de 1962,Alemania
6192,Andreas Kupfer,1,,7 de mayo de 1914,Alemania
6193,Juergen Kurbjuhn,1,,26 de julio de 1940,Alemania
6194,Heinz Kwiatkowski,1,,16 de julio de 1926,Alemania
6195,Fritz Laband,1,,1 de noviembre de 1925,Alemania
6196,Philipp Lahm,1,1.70 m,11 de noviembre de 1983,Alemania
6197,Jens Lehmann,1,1.90 m,10 de noviembre de 1969,Alemania
6198,Ernest Lehner,1,,7 de noviembre de 1912,Alemania
6199,Stan Libuda,1,,10 de octubre de 1943,Alemania
6200,Werner Liebrich,1,,18 de enero de 1927,Alemania
6201,Thomas Linke,1,1.83 m,26 de diciembre de 1969,Alemania
6202,Pierre Littbarski,1,,16 de abril de 1960,Alemania
6203,Hennes Loehr,1,,5 de julio de 1942,Alemania
6204,Max Lorenz,1,,19 de agosto de 1939,Alemania
6205,Friedel Lutz,1,,21 de enero de 1939,Alemania
6206,Felix Magath,1,,26 de julio de 1953,Alemania
6207,Karl Mai,1,,27 de julio de 1928,Alemania
6208,Sepp Maier,1,,28 de febrero de 1944,Alemania
6209,Manfred Manglitz,1,,8 de marzo de 1940,Alemania
6210,Marko Marin,1,1.69 m,13 de marzo de 1989,Alemania
6211,Olaf Marschall,1,,19 de marzo de 1966,Alemania
6212,Lothar Matthaeus,1,,21 de marzo de 1961,Alemania
6213,Paul Mebus,1,,9 de junio de 1920,Alemania
6214,Per Mertesacker,1,1.96 m,29 de septiembre de 1984,Alemania
6215,Christoph Metzelder,1,1.93 m,5 de noviembre de 1980,Alemania
6216,Karl-Heinz Metzner,1,,9 de enero de 1923,Alemania
6217,Frank Mill,1,,23 de julio de 1958,Alemania
6218,Hans Mock,1,,9 de diciembre de 1906,Alemania
6219,Andreas Moeller,1,,2 de septiembre de 1967,Alemania
6220,Max Morlock,1,,11 de mayo de 1925,Alemania
6221,Youssoufa Moukoko,1,1.79 m,20 de noviembre de 2004,Alemania
6222,Dieter Mueller,74,,1 de abril de 1954,Suiza
6223,Gerd Mueller,1,,3 de noviembre de 1945,Alemania
6224,Hansi Mueller,1,,27 de julio de 1957,Alemania
6225,Reinhold Muenzenberg,1,,25 de enero de 1909,Alemania
6226,Thomas Müller,1,1.85 m,13 de septiembre de 1989,Alemania
6227,Jamal Musiala,1,1.84 m,26 de febrero de 2003,Alemania
6228,Shkodran Mustafi,1,1.84 m,17 de abril de 1992,Alemania
6229,Guenter Netzer,1,,14 de septiembre de 1944,Alemania
6230,Manuel Neuer,1,1.93 m,27 de marzo de 1986,Alemania
6231,Leopold Neumer,1,,8 de febrero de 1919,Alemania
6232,Oliver Neuville,1,1.71 m,1 de mayo de 1973,Alemania
6233,Norbert Nigbur,1,,8 de mayo de 1948,Alemania
6234,Rudolf Noack,1,,30 de marzo de 1913,Alemania
6235,Hans Nowak,1,,9 de agosto de 1937,Alemania
6236,Jens Nowotny,1,1.84 m,11 de enero de 1974,Alemania
6237,Hermann Nuber,1,,10 de octubre de 1935,Alemania
6238,David Odonkor,1,1.74 m,21 de febrero de 1984,Alemania
6239,Wolfgang Overath,1,,29 de septiembre de 1943,Alemania
6240,Mesut Ozil,1,1.82 m,15 de octubre de 1988,Alemania
6241,Bernd Patzke,1,,14 de marzo de 1943,Alemania
6242,Wolfgang Paul,1,1.86 m,25 de enero de 1940,Alemania
6243,Hans Pesser,1,,7 de noviembre de 1911,Alemania
6244,Wolfgang Peters,1,,8 de enero de 1929,Alemania
6245,Alfred Pfaff,1,,16 de julio de 1926,Alemania
6246,Hans Pfluegler,1,,27 de marzo de 1960,Alemania
6247,Marvin Plattenhardt,1,1.81 m,26 de enero de 1992,Alemania
6248,Lukas Podolski,1,1.80 m,4 de junio de 1985,Alemania
6249,Jupp Posipal,1,,20 de junio de 1927,Alemania
6250,Rudolf Raftl,1,,7 de febrero de 1911,Alemania
6251,Helmut Rahn,1,,16 de agosto de 1929,Alemania
6252,Uwe Rahn,1,,21 de mayo de 1962,Alemania
6253,Carsten Ramelow,1,1.85 m,20 de marzo de 1974,Alemania
6254,David Raum,1,1.80 m,22 de abril de 1998,Alemania
6255,Marko Rehmer,1,1.87 m,29 de abril de 1972,Alemania
6256,Uwe Reinders,1,,19 de enero de 1955,Alemania
6257,Marco Reus,1,1.80 m,31 de mayo de 1989,Alemania
6258,Stefan Reuter,1,,16 de octubre de 1966,Alemania
6259,Lars Ricken,1,1.78 m,10 de julio de 1976,Alemania
6260,Karlheinz Riedle,1,,16 de septiembre de 1965,Alemania
6261,Wolfgang Rolff,1,,26 de diciembre de 1959,Alemania
6262,Antonio Rüdiger,1,1.90 m,3 de marzo de 1993,Alemania
6263,Sebastian Rudy,1,1.79 m,28 de febrero de 1990,Alemania
6264,Rolf Ruessmann,1,,13 de octubre de 1950,Alemania
6265,Karl-Heinz Rummenigge,1,,25 de septiembre de 1955,Alemania
6266,Matthias Sammer,1,,5 de septiembre de 1967,Alemania
6267,Leroy Sané,1,1.83 m,11 de enero de 1996,Alemania
6268,Gunter Sawitzki,1,,22 de noviembre de 1932,Alemania
6269,Hans Schaefer,7,,19 de octubre de 1927,Australia
6270,Nico Schlotterbeck,1,1.91 m,1 de diciembre de 1999,Alemania
6271,Willibald Schmaus,1,,16 de junio de 1911,Alemania
6272,Alfred Schmidt,1,,5 de septiembre de 1935,Alemania
6273,Bernd Schneider,1,1.76 m,17 de noviembre de 1973,Alemania
6274,Karl-Heinz Schnellinger,1,,31 de marzo de 1939,Alemania
6275,Willi Schulz,1,,4 de octubre de 1938,Alemania
6276,Harald Schumacher,1,,6 de marzo de 1954,Alemania
6277,André Schürrle,1,1.84 m,6 de octubre de 1990,Alemania
6278,Hans Schwartz,1,,1 de marzo de 1913,Alemania
6279,Hans-Georg Schwarzenbeck,1,,3 de abril de 1948,Alemania
6280,Bastian Schweinsteiger,1,1.80 m,1 de agosto de 1984,Alemania
6281,Uwe Seeler,1,,5 de noviembre de 1936,Alemania
6282,Klaus-Dieter Sieloff,1,,27 de febrero de 1942,Alemania
6283,Otto Siffling,1,,3 de agosto de 1912,Alemania
6284,Stefan Skoumal,1,,29 de noviembre de 1909,Alemania
6285,Ulrich Stein,1,,23 de octubre de 1954,Alemania
6286,Paul Steiner,1,,23 de enero de 1957,Alemania
6287,Uli Stielike,1,,15 de noviembre de 1954,Alemania
6288,Georg Stollenwerk,1,,19 de diciembre de 1930,Alemania
6289,Josef Streb,1,,16 de abril de 1912,Alemania
6290,Heinz Strehl,1,,20 de julio de 1938,Alemania
6291,Jakob Streitle,1,,11 de diciembre de 1916,Alemania
6292,Josef Stroh,1,,5 de marzo de 1913,Alemania
6293,Thomas Strunz,1,,25 de abril de 1968,Alemania
6294,Hans Sturm,1,,3 de septiembre de 1935,Alemania
6295,Niklas Süle,1,1.95 m,3 de septiembre de 1995,Alemania
6296,Fritz Szepan,1,,2 de septiembre de 1907,Alemania
6297,Horst Szymaniak,1,,29 de agosto de 1934,Alemania
6298,Michael Tarnat,1,,27 de octubre de 1969,Alemania
6299,Serdar Tasci,1,1.86 m,24 de abril de 1987,Alemania
6300,Marc-André ter Stegen,1,1.87 m,30 de abril de 1992,Alemania
6301,Olaf Thon,1,,1 de mayo de 1966,Alemania
6302,Hans Tilkowski,1,,12 de julio de 1935,Alemania
6303,Kevin Trapp,1,1.89 m,8 de julio de 1990,Alemania
6304,Piotr Trochowski,1,1.68 m,22 de marzo de 1984,Alemania
6305,Toni Turek,1,,18 de enero de 1919,Alemania
6306,Rudi Voeller,1,,13 de abril de 1960,Alemania
6307,Berti Vogts,1,,30 de diciembre de 1946,Alemania
6308,Heinz Vollmar,1,,26 de abril de 1936,Alemania
6309,Franz Wagner,1,,23 de septiembre de 1911,Alemania
6310,Martin Wagner,1,,24 de febrero de 1968,Alemania
6311,Fritz Walter,1,,31 de octubre de 1920,Alemania
6312,Ottmar Walter,1,,6 de marzo de 1924,Alemania
6313,Wolfgang Weber,1,,26 de junio de 1944,Alemania
6314,Roman Weidenfeller,1,1.88 m,6 de agosto de 1980,Alemania
6315,Juergen Werner,1,,15 de agosto de 1935,Alemania
6316,Timo Werner,1,1.81 m,6 de marzo de 1996,Alemania
6317,Heinz Wewers,1,,27 de julio de 1927,Alemania
6318,Tim Wiese,1,1.93 m,17 de diciembre de 1981,Alemania
6319,Leo Wilden,1,,3 de julio de 1936,Alemania
6320,Herbert Wimmer,1,,9 de noviembre de 1944,Alemania
6321,Christian Woerns,1,1.84 m,10 de mayo de 1972,Alemania
6322,Horst Wolter,1,,8 de junio de 1942,Alemania
6323,Ronald Worm,1,,7 de octubre de 1953,Alemania
6324,Gerd Zewe,1,,13 de junio de 1950,Alemania
6325,Christian Ziege,1,1.86 m,1 de febrero de 1972,Alemania
6326,Ron-Robert Zieler,1,1.85 m,12 de enero de 1989,Alemania
6327,Paul Zielinski,1,,20 de noviembre de 1911,Alemania
6328,Herbert Zimmermann,1,,1 de julio de 1954,Alemania
6329,Akram Afif,16,1.76 m,18 de noviembre de 1996,Catar
6330,Homam Ahmed,16,1.88 m,25 de agosto de 1999,Catar
6331,Saad Al Sheeb,16,1.88 m,19 de febrero de 1990,Catar
6332,Naif Al-Hadhrami,16,1.80 m,18 de julio de 2001,Catar
6333,Salem Al-Hajri,16,1.83 m,10 de abril de 1996,Catar
6334,Hassan Al-Haydos,16,1.74 m,11 de diciembre de 1990,Catar
6335,Bassam Al-Rawi,16,1.75 m,16 de diciembre de 1997,Catar
6336,Ahmed Alaaeldin,16,1.76 m,31 de enero de 1993,Catar
6337,Almoez Ali,16,1.80 m,19 de agosto de 1996,Catar
6338,Ali Asad,16,1.74 m,19 de enero de 1993,Catar
6339,Meshaal Barsham,16,1.80 m,14 de febrero de 1998,Catar
6340,Karim Boudiaf,16,1.90 m,16 de septiembre de 1990,Catar
6341,Jassem Gaber,16,1.82 m,20 de febrero de 2002,Catar
6342,Abdelkarim Hassan,16,1.85 m,28 de agosto de 1993,Catar
6343,Yousuf Hassan,16,1.86 m,24 de mayo de 1996,Catar
6344,Abdelaziz Hatem,16,1.82 m,1 de enero de 1990,Catar
6345,Musaab Khidir,16,1.76 m,1 de enero de 1993,Catar
6346,Boualem Khoukhi,16,1.85 m,9 de julio de 1990,Catar
6347,Assim Madibo,16,1.68 m,22 de octubre de 1996,Catar
6348,Pedro Miguel,16,1.80 m,6 de agosto de 1990,Catar
6349,Ismaeel Mohammad,16,1.72 m,5 de abril de 1990,Catar
6350,Khalid Muneer,16,1.74 m,24 de febrero de 1998,Catar
6351,Mohammed Muntari,16,1.82 m,20 de diciembre de 1993,Catar
6352,Tarek Salman,16,1.79 m,5 de diciembre de 1997,Catar
6353,Mostafa Tarek,16,1.74 m,28 de marzo de 2001,Catar
6354,Mohammed Waad,16,1.83 m,18 de septiembre de 1999,Catar
6355,Ibrahim Afellay,60,1.84 m,2 de abril de 1986,Paises Bajos
6356,Nathan Aké,60,1.80 m,18 de febrero de 1995,Paises Bajos
6357,Willem Anderiesen,60,,27 de noviembre de 1903,Paises Bajos
6358,Ryan Babel,60,1.85 m,19 de diciembre de 1986,Paises Bajos
6359,Beb Bakhuys,60,,16 de abril de 1909,Paises Bajos
6360,Dick Been,60,,,Paises Bajos
6361,Steven Berghuis,60,1.82 m,19 de diciembre de 1991,Paises Bajos
6362,Dennis Bergkamp,60,,10 de mayo de 1969,Paises Bajos
6363,Steven Bergwijn,60,1.75 m,8 de octubre de 1997,Paises Bajos
6364,Justin Bijlow,60,1.88 m,22 de enero de 1998,Paises Bajos
6365,Daley Blind,60,1.80 m,9 de marzo de 1990,Paises Bajos
6366,Danny Blind,60,,1 de agosto de 1961,Paises Bajos
6367,Winston Bogarde,60,,22 de octubre de 1970,Paises Bajos
6368,Sander Boschker,60,1.85 m,20 de octubre de 1970,Paises Bajos
6369,Johan Boskamp,60,,21 de octubre de 1948,Paises Bajos
6370,John Bosman,60,,1 de febrero de 1965,Paises Bajos
6371,Khalid Boulahrouz,60,1.84 m,28 de diciembre de 1981,Paises Bajos
6372,Edson Braafheid,60,1.74 m,8 de abril de 1983,Paises Bajos
6373,Ernie Brandts,60,,3 de febrero de 1956,Paises Bajos
6374,Bertus Caldenhove,60,,19 de enero de 1914,Paises Bajos
6375,Jasper Cillessen,60,1.88 m,20 de abril de 1989,Paises Bajos
6376,Jordy Clasie,60,1.69 m,27 de junio de 1991,Paises Bajos
6377,Phillip Cocu,60,1.82 m,29 de octubre de 1970,Paises Bajos
6378,Johan Cruyff,60,1.78 m,25 de abril de 1947,Paises Bajos
6379,Edgar Davids,72,1.68 m,13 de marzo de 1973,Sudáfrica
6380,Frank De Boer,60,,15 de mayo de 1970,Paises Bajos
6381,Piet De Boer,60,,10 de octubre de 1919,Paises Bajos
6382,Ronald De Boer,60,,15 de mayo de 1970,Paises Bajos
6383,Tim De Cler,60,1.79 m,8 de noviembre de 1978,Paises Bajos
6384,Ed De Goey,60,,20 de diciembre de 1966,Paises Bajos
6385,Jonathan de Guzmán,6,1.74 m,13 de septiembre de 1987,Argentina
6386,Bertus De Harder,60,,14 de enero de 1920,Paises Bajos
6387,Frenkie de Jong,20,1.81 m,12 de mayo de 1997,Corea del Norte
6388,Luuk De Jong,60,1.88 m,27 de agosto de 1990,Paises Bajos
6389,Nigel De Jong,20,1.74 m,30 de noviembre de 1984,Corea del Norte
6390,Theo De Jong,20,,11 de agosto de 1947,Corea del Norte
6391,Matthijs De Ligt,60,1.87 m,12 de agosto de 1999,Paises Bajos
6392,Marten de Roon,60,1.86 m,29 de marzo de 1991,Paises Bajos
6393,Stefan de Vrij,60,1.90 m,5 de febrero de 1992,Paises Bajos
6394,Arie De Winter,60,,,Paises Bajos
6395,John De Wolf,60,,10 de diciembre de 1962,Paises Bajos
6396,Demy De Zeeuw,60,1.74 m,26 de mayo de 1983,Paises Bajos
6397,Memphis Depay,60,1.78 m,13 de febrero de 1994,Paises Bajos
6398,Pim Doesburg,60,,28 de octubre de 1943,Paises Bajos
6399,Daaf Drok,60,,23 de mayo de 1914,Paises Bajos
6400,Denzel Dumfries,60,1.88 m,18 de abril de 1996,Paises Bajos
6401,Eljero Elia,60,1.77 m,13 de febrero de 1987,Paises Bajos
6402,Leroy Fer,60,1.88 m,5 de enero de 1990,Paises Bajos
6403,Henk Fraeser,60,,7 de julio de 1966,Paises Bajos
6404,Jeremie Frimpong,60,1.71 m,10 de diciembre de 2000,Paises Bajos
6405,Cody Gakpo,60,1.93 m,7 de mayo de 1999,Paises Bajos
6406,Ruud Geels,60,,28 de julio de 1948,Paises Bajos
6407,Hans Gillhaus,60,,5 de noviembre de 1963,Paises Bajos
6408,Alex Graafland,60,,16 de abril de 1909,Paises Bajos
6409,Ruud Gullit,60,,1 de septiembre de 1962,Paises Bajos
6410,Arie Haan,60,,16 de noviembre de 1948,Paises Bajos
6411,Leo Halle,60,,26 de enero de 1906,Paises Bajos
6412,Jimmy Floyd Hasselbaink,60,,27 de marzo de 1972,Paises Bajos
6413,John Heitinga,60,1.82 m,15 de noviembre de 1983,Paises Bajos
6414,Ruud Hesp,60,,31 de octubre de 1965,Paises Bajos
6415,Joop Hiele,60,,25 de diciembre de 1958,Paises Bajos
6416,Frans Hogenbirk,60,,,Paises Bajos
6417,Hugo Hovenkamp,60,,5 de octubre de 1950,Paises Bajos
6418,Klaas Jan Huntelaar,60,1.85 m,12 de agosto de 1983,Paises Bajos
6419,Rinus Israel,60,,19 de marzo de 1942,Paises Bajos
6420,Kew Jaliens,60,1.83 m,15 de septiembre de 1978,Paises Bajos
6421,Daryl Janmaat,60,1.85 m,20 de julio de 1989,Paises Bajos
6422,Wim Jansen,60,,28 de octubre de 1946,Paises Bajos
6423,Vincent Janssen,60,1.84 m,15 de junio de 1994,Paises Bajos
6424,Jan Jongbloed,60,,25 de noviembre de 1940,Paises Bajos
6425,Wim Jonk,60,,12 de octubre de 1966,Paises Bajos
6426,Piet Keizer,60,,14 de junio de 1943,Paises Bajos
6427,Wim Kieft,60,,12 de noviembre de 1962,Paises Bajos
6428,Davy Klaassen,60,1.79 m,21 de febrero de 1993,Paises Bajos
6429,Patrick Kluivert,60,,1 de julio de 1976,Paises Bajos
6430,Erwin Koeman,60,,20 de septiembre de 1961,Paises Bajos
6431,Ronald Koeman,60,,21 de marzo de 1963,Paises Bajos
6432,Terence Kongolo,60,1.83 m,14 de febrero de 1994,Paises Bajos
6433,Teun Koopmeiners,60,1.84 m,28 de febrero de 1998,Paises Bajos
6434,Ruud Krol,60,,24 de marzo de 1949,Paises Bajos
6435,Jan Kromkamp,60,1.84 m,17 de agosto de 1980,Paises Bajos
6436,Tim Krul,60,1.88 m,3 de abril de 1988,Paises Bajos
6437,Dirk Kuyt,60,1.84 m,22 de julio de 1980,Paises Bajos
6438,Denny Landzaat,60,1.78 m,6 de mayo de 1976,Paises Bajos
6439,Noa Lang,60,1.76 m,17 de junio de 1999,Paises Bajos
6440,Wim Langendaal,60,,13 de abril de 1909,Paises Bajos
6441,Jeremain Lens,60,1.78 m,24 de noviembre de 1987,Paises Bajos
6442,Harry Lubse,60,,23 de septiembre de 1951,Paises Bajos
6443,Hedwiges Maduro,60,1.85 m,13 de febrero de 1985,Paises Bajos
6444,Tyrell Malacia,60,1.70 m,17 de agosto de 1999,Paises Bajos
6445,Bruno Martins Indi,60,1.85 m,8 de febrero de 1992,Paises Bajos
6446,Joris Mathijsen,60,1.82 m,5 de abril de 1980,Paises Bajos
6447,Stanley Menzo,60,,15 de octubre de 1963,Paises Bajos
6448,Niek Michel,56,,30 de septiembre de 1912,México
6449,Kees Mijnders,60,,28 de septiembre de 1912,Paises Bajos
6450,Jaap Mol,60,,3 de febrero de 1912,Paises Bajos
6451,Dick Nanninga,60,,17 de enero de 1949,Paises Bajos
6452,Johan Neeskens,60,,15 de septiembre de 1951,Paises Bajos
6453,Andries Noppert,60,2.03 m,7 de abril de 1994,Paises Bajos
6454,Arthur Numan,60,,14 de diciembre de 1969,Paises Bajos
6455,Andre Ooijer,60,1.84 m,11 de julio de 1974,Paises Bajos
6456,Karel Ooms,60,,,Paises Bajos
6457,Toon Oprinsen,60,,25 de noviembre de 1910,Paises Bajos
6458,Marc Overmars,60,,29 de marzo de 1973,Paises Bajos
6459,Bas Paauwe,60,,4 de octubre de 1911,Paises Bajos
6460,Remko Pasveer,60,1.88 m,8 de noviembre de 1983,Paises Bajos
6461,Henk Pellikaan,60,,10 de noviembre de 1910,Paises Bajos
6462,Rene Pijpers,60,,15 de septiembre de 1917,Paises Bajos
6463,Hendrikus Plenter,60,,,Paises Bajos
6464,Jan Poortvliet,60,,21 de septiembre de 1955,Paises Bajos
6465,Piet Punt,60,,6 de febrero de 1909,Paises Bajos
6466,Michael Reiziger,60,,3 de mayo de 1973,Paises Bajos
6467,Rob Rensenbrink,60,,3 de julio de 1947,Paises Bajos
6468,Johnny Rep,60,,25 de noviembre de 1951,Paises Bajos
6469,Frank Rijkaard,60,,30 de septiembre de 1962,Paises Bajos
6470,Wim Rijsbergen,60,,18 de enero de 1952,Paises Bajos
6471,Arjen Robben,60,1.80 m,23 de enero de 1984,Paises Bajos
6472,Bryan Roy,60,,12 de febrero de 1970,Paises Bajos
6473,Graeme Rutjes,60,,26 de marzo de 1960,Paises Bajos
6474,Stijn Schaars,60,1.78 m,11 de enero de 1984,Paises Bajos
6475,Arie Schoemaker,60,,8 de noviembre de 1911,Paises Bajos
6476,Dirk Schoenaker,60,,30 de noviembre de 1952,Paises Bajos
6477,Piet Schrijvers,60,,15 de diciembre de 1946,Paises Bajos
6478,Clarence Seedorf,60,1.76 m,1 de abril de 1976,Paises Bajos
6479,Xavi Simons,60,1.79 m,21 de abril de 2003,Paises Bajos
6480,Kick Smit,60,,3 de noviembre de 1911,Paises Bajos
6481,Wesley Sneijder,60,1.70 m,9 de junio de 1984,Paises Bajos
6482,Theo Snelders,60,,7 de diciembre de 1963,Paises Bajos
6483,Jaap Stam,60,,17 de julio de 1972,Paises Bajos
6484,Maarten Stekelenburg,60,1.97 m,22 de septiembre de 1982,Paises Bajos
6485,Pleun Strik,60,,27 de mayo de 1944,Paises Bajos
6486,Wim Suurbier,60,,16 de enero de 1945,Paises Bajos
6487,Gaston Taument,60,,1 de octubre de 1970,Paises Bajos
6488,Kenneth Taylor,60,1.82 m,16 de mayo de 2002,Paises Bajos
6489,Jurrïen Timber,60,1.79 m,17 de junio de 2001,Paises Bajos
6490,Henk Timmer,60,1.88 m,3 de diciembre de 1971,Paises Bajos
6491,Eddy Treijtel,60,,28 de mayo de 1946,Paises Bajos
6492,Stan Valckx,60,,20 de octubre de 1963,Paises Bajos
6493,Johnny Van 'T Schip,60,,30 de diciembre de 1963,Paises Bajos
6494,Berry Van Aerle,60,,8 de diciembre de 1962,Paises Bajos
6495,Marco Van Basten,60,,31 de octubre de 1964,Paises Bajos
6496,Mark Van Bommel,60,1.87 m,22 de abril de 1977,Paises Bajos
6497,Hans Van Breukelen,60,,4 de octubre de 1956,Paises Bajos
6498,Giovanni Van Bronckhorst,60,1.78 m,5 de febrero de 1975,Paises Bajos
6499,Rene Van De Kerkhof,60,,16 de septiembre de 1951,Paises Bajos
6500,Willy Van De Kerkhof,60,,16 de septiembre de 1951,Paises Bajos
6501,Gejus Van Der Meulen,60,,23 de enero de 1903,Paises Bajos
6502,Edwin Van Der Sar,60,1.95 m,29 de octubre de 1970,Paises Bajos
6503,Rafael Van Der Vaart,60,1.75 m,11 de febrero de 1983,Paises Bajos
6504,Frans Van Der Veen,60,,25 de marzo de 1919,Paises Bajos
6505,Gregory Van Der Wiel,60,1.80 m,3 de febrero de 1988,Paises Bajos
6506,Jan Van Diepenbeek,60,,5 de agosto de 1903,Paises Bajos
6507,Virgil Van Dijk,60,1.95 m,8 de julio de 1991,Paises Bajos
6508,Ulrich Van Gobbel,60,,16 de enero de 1971,Paises Bajos
6509,Wim Van Hanegem,60,,20 de febrero de 1944,Paises Bajos
6510,Puck Van Heel,60,,21 de enero de 1904,Paises Bajos
6511,Pierre Van Hooijdonk,60,1.93 m,29 de noviembre de 1969,Paises Bajos
6512,Cees Van Ierssel,60,,6 de diciembre de 1945,Paises Bajos
6513,Adri Van Kraay,60,,1 de agosto de 1953,Paises Bajos
6514,John Van Loen,60,,4 de febrero de 1965,Paises Bajos
6515,Adriaan Van Male,60,,7 de octubre de 1910,Paises Bajos
6516,Joop Van Nellen,60,,15 de marzo de 1910,Paises Bajos
6517,Ruud Van Nistelrooij,60,1.88 m,1 de julio de 1976,Paises Bajos
6518,Robin Van Persie,60,1.83 m,6 de agosto de 1983,Paises Bajos
6519,Sjef Van Run,60,,12 de enero de 1904,Paises Bajos
6520,Henk Van Spaandonck,60,,25 de junio de 1913,Paises Bajos
6521,Adri Van Tiggelen,60,,16 de junio de 1957,Paises Bajos
6522,Peter Van Vossen,60,,21 de abril de 1968,Paises Bajos
6523,Gerald Vanenburg,60,,5 de marzo de 1964,Paises Bajos
6524,Joël Veltman,60,1.83 m,15 de enero de 1992,Paises Bajos
6525,Jan Vennegoor Of Hesselink,60,1.90 m,7 de noviembre de 1978,Paises Bajos
6526,Leen Vente,60,,14 de mayo de 1911,Paises Bajos
6527,Paul Verhaegh,60,1.78 m,1 de septiembre de 1983,Paises Bajos
6528,Ron Vlaar,60,1.89 m,16 de febrero de 1985,Paises Bajos
6529,Michel Vorm,60,1.82 m,20 de octubre de 1983,Paises Bajos
6530,Harry Vos,60,,4 de septiembre de 1946,Paises Bajos
6531,Manus Vrauwdeunt,60,,29 de abril de 1914,Paises Bajos
6532,Mauk Weber,60,,13 de marzo de 1914,Paises Bajos
6533,Wout Weghorst,60,1.97 m,7 de agosto de 1992,Paises Bajos
6534,Frank Wels,60,,21 de febrero de 1909,Paises Bajos
6535,Georginio Wijnaldum,60,1.73 m,11 de noviembre de 1990,Paises Bajos
6536,Pieter Wildschut,60,,25 de octubre de 1957,Paises Bajos
6537,Aron Winter,60,,1 de marzo de 1967,Paises Bajos
6538,Richard Witschge,60,,20 de septiembre de 1969,Paises Bajos
6539,Rob Witschge,60,,22 de agosto de 1966,Paises Bajos
6540,Jan Wouters,60,,17 de julio de 1960,Paises Bajos
6541,Boudewijn Zenden,60,1.78 m,15 de agosto de 1976,Paises Bajos
6542,Fernand Adams,13,,3 de mayo de 1903,Bélgica
6543,Philippe Albert,13,,10 de agosto de 1967,Bélgica
6544,Toby Alderweireld,13,1.86 m,2 de marzo de 1989,Bélgica
6545,Leopold Anoul,13,,19 de agosto de 1922,Bélgica
6546,Raymond Ausloos,13,,3 de febrero de 1930,Bélgica
6547,Jo Backaert,13,,5 de agosto de 1921,Bélgica
6548,Arnold Badjou,13,,25 de junio de 1909,Bélgica
6549,Marc Baecke,13,,24 de julio de 1956,Bélgica
6550,Michy Batshuayi,13,1.85 m,2 de octubre de 1993,Bélgica
6551,Jacques Beurlet,13,,21 de diciembre de 1944,Bélgica
6552,Gilbert Bodart,13,,2 de septiembre de 1962,Bélgica
6553,Danny Boffin,13,1.73 m,10 de julio de 1965,Bélgica
6554,Vital Borkelmans,13,,1 de junio de 1963,Bélgica
6555,Sammy Bossut,13,1.87 m,11 de agosto de 1985,Bélgica
6556,Desire Bourgeois,13,,13 de diciembre de 1908,Bélgica
6557,Dedryck Boyata,13,1.88 m,29 de noviembre de 1990,Bélgica
6558,Robert Braet,13,,11 de febrero de 1912,Bélgica
6559,Pierre Braine,13,,26 de octubre de 1900,Bélgica
6560,Raymond Braine,13,,28 de abril de 1907,Bélgica
6561,Jean Brichaut,13,,29 de julio de 1911,Bélgica
6562,Hugo Broos,13,,10 de abril de 1952,Bélgica
6563,Fernand Buyle,13,,3 de marzo de 1918,Bélgica
6564,Jean Capelle,13,,26 de octubre de 1913,Bélgica
6565,Yannick Carrasco,13,1.80 m,4 de septiembre de 1993,Bélgica
6566,Louis Carre,13,,7 de enero de 1925,Bélgica
6567,Pierre Carteus,13,,24 de septiembre de 1943,Bélgica
6568,Timothy Castagne,13,1.85 m,5 de diciembre de 1995,Bélgica
6569,Koen Casteels,13,1.97 m,25 de junio de 1992,Bélgica
6570,Artur Ceuleers,13,,28 de febrero de 1916,Bélgica
6571,Jan Ceulemans,13,,28 de febrero de 1957,Bélgica
6572,Nacer Chadli,13,1.87 m,2 de agosto de 1989,Bélgica
6573,Alexis Chantraine,13,,16 de marzo de 1901,Bélgica
6574,Laurent Ciman,13,1.80 m,5 de agosto de 1985,Bélgica
6575,Nico Claesen,13,,1 de octubre de 1962,Bélgica
6576,Jean Claessens,13,,18 de junio de 1908,Bélgica
6577,Philippe Clement,13,1.90 m,22 de marzo de 1974,Bélgica
6578,Leo Clijsters,13,,6 de noviembre de 1956,Bélgica
6579,Ludo Coeck,13,,25 de septiembre de 1955,Bélgica
6580,Rik Coppens,13,,29 de abril de 1930,Bélgica
6581,Thibaut Courtois,13,1.99 m,11 de mayo de 1992,Bélgica
6582,Bertrand Crasson,13,,5 de octubre de 1971,Bélgica
6583,Theo Custers,13,,10 de agosto de 1950,Bélgica
6584,Alex Czerniatynski,13,,28 de julio de 1960,Bélgica
6585,Pierre Dalem,13,,16 de marzo de 1912,Bélgica
6586,Jean De Bie,13,,18 de mayo de 1892,Bélgica
6587,Glen De Boeck,13,1.90 m,22 de agosto de 1971,Bélgica
6588,Kevin De Bruyne,13,1.81 m,28 de junio de 1991,Bélgica
6589,Jean De Clerq,13,,17 de mayo de 1905,Bélgica
6590,Henri De Deken,13,,3 de agosto de 1907,Bélgica
6591,Marc De Grijse,13,,4 de septiembre de 1965,Bélgica
6592,Charles De Ketelaere,13,1.92 m,10 de marzo de 2001,Bélgica
6593,Jean Francois De Sart,13,,18 de diciembre de 1961,Bélgica
6594,Maurits De Schrijver,13,,26 de junio de 1951,Bélgica
6595,Geert De Vlieger,13,1.86 m,16 de octubre de 1971,Bélgica
6596,Francois De Vries,13,,21 de agosto de 1913,Bélgica
6597,Filip De Wilde,13,,5 de julio de 1964,Bélgica
6598,Alphonse De Winter,60,,12 de septiembre de 1908,Paises Bajos
6599,Michel De Wolf,13,,19 de enero de 1958,Bélgica
6600,Zeno Debast,13,1.89 m,24 de octubre de 2003,Bélgica
6601,Eric Deflandre,13,1.79 m,2 de agosto de 1973,Bélgica
6602,Steven Defour,13,1.73 m,15 de abril de 1988,Bélgica
6603,Gerard Delbeke,13,,1 de septiembre de 1903,Bélgica
6604,Mousa Dembélé,13,1.85 m,16 de julio de 1987,Bélgica
6605,Stephane Demol,13,,11 de marzo de 1966,Bélgica
6606,Leander Dendoncker,13,1.88 m,15 de abril de 1995,Bélgica
6607,Philippe Desmet,13,,29 de noviembre de 1958,Bélgica
6608,Johannes Devrindt,13,,14 de abril de 1944,Bélgica
6609,Nicolas Dewalque,13,,20 de septiembre de 1945,Bélgica
6610,Jan Diddens,13,,14 de septiembre de 1906,Bélgica
6611,Henri Dirickx,13,,7 de julio de 1927,Bélgica
6612,Jan Dockx,13,,24 de mayo de 1941,Bélgica
6613,Jeremy Doku,13,1.73 m,27 de mayo de 2002,Bélgica
6614,Marcel Dries,13,,19 de septiembre de 1929,Bélgica
6615,Jacques Duquesne,13,,22 de abril de 1940,Bélgica
6616,Marc Emmers,13,,25 de febrero de 1966,Bélgica
6617,Gaetan Englebert,13,1.78 m,11 de junio de 1976,Bélgica
6618,Wout Faes,13,1.87 m,3 de abril de 1998,Bélgica
6619,Marouane Fellaini,13,1.94 m,22 de noviembre de 1987,Bélgica
6620,Jean Fievez,13,,30 de noviembre de 1910,Bélgica
6621,Charles Geerts,13,,29 de octubre de 1930,Bélgica
6622,Eric Gerets,13,,18 de mayo de 1954,Bélgica
6623,Leopold Gernaey,13,,25 de febrero de 1927,Bélgica
6624,Frans Gommers,13,,5 de abril de 1917,Bélgica
6625,Bart Goor,13,1.83 m,9 de abril de 1973,Bélgica
6626,Laurent Grimmonprez,13,,14 de diciembre de 1902,Bélgica
6627,Georges Grun,13,,25 de enero de 1962,Bélgica
6628,Eden Hazard,13,1.73 m,7 de enero de 1991,Bélgica
6629,Thorgan Hazard,13,1.74 m,29 de marzo de 1993,Bélgica
6630,Auguste Hellemans,13,,14 de septiembre de 1907,Bélgica
6631,Paul Henry,13,,6 de septiembre de 1912,Bélgica
6632,Albert Heremans,13,,13 de abril de 1906,Bélgica
6633,Frederic Herpoel,13,1.83 m,16 de agosto de 1974,Bélgica
6634,Georges Heylens,13,,8 de agosto de 1941,Bélgica
6635,Denis Houf,13,,16 de febrero de 1932,Bélgica
6636,Nikolaas Hoydonckx,13,,29 de diciembre de 1900,Bélgica
6637,Constant Huysmans,13,,11 de octubre de 1928,Bélgica
6638,Henri Isemborghs,13,,30 de enero de 1914,Bélgica
6639,Francois Janssens,13,,25 de septiembre de 1945,Bélgica
6640,Adnan Januzaj,13,1.80 m,5 de febrero de 1995,Bélgica
6641,Leon Jeck,13,,9 de febrero de 1947,Bélgica
6642,Costant Joacim,13,,3 de marzo de 1908,Bélgica
6643,Vincent Kompany,13,1.90 m,10 de abril de 1986,Bélgica
6644,Raoul Lambert,13,,20 de octubre de 1944,Bélgica
6645,Robert Lamoot,13,,18 de marzo de 1911,Bélgica
6646,Francois Ledent,13,,8 de noviembre de 1907,Bélgica
6647,Nicolas Lombaerts,13,1.84 m,20 de marzo de 1985,Bélgica
6648,Romelu Lukaku,13,1.90 m,13 de mayo de 1993,Bélgica
6649,Robert Maertens,13,,24 de enero de 1930,Bélgica
6650,Maurice Martens,13,,5 de junio de 1947,Bélgica
6651,Dirk Medved,13,,15 de septiembre de 1968,Bélgica
6652,Victor Mees,13,,26 de enero de 1927,Bélgica
6653,Walter Meeuws,13,,11 de julio de 1951,Bélgica
6654,Joseph Mermans,13,,16 de febrero de 1922,Bélgica
6655,Dries Mertens,13,1.69 m,6 de mayo de 1987,Bélgica
6656,Thomas Meunier,13,1.90 m,12 de septiembre de 1991,Bélgica
6657,Simon Mignolet,13,1.93 m,6 de marzo de 1988,Bélgica
6658,Luc Millecamps,13,,10 de septiembre de 1951,Bélgica
6659,Marc Millecamps,13,,9 de octubre de 1950,Bélgica
6660,Kevin Mirallas,13,1.82 m,5 de octubre de 1987,Bélgica
6661,Jacques Moeschal,13,,6 de septiembre de 1900,Bélgica
6662,Raymond Mommens,13,,27 de diciembre de 1958,Bélgica
6663,Emile Mpenza,13,1.77 m,4 de julio de 1978,Bélgica
6664,Mbo Mpenza,13,1.75 m,4 de diciembre de 1976,Bélgica
6665,Jacques Munaron,13,,8 de septiembre de 1956,Bélgica
6666,Joseph Nelis,13,,1 de abril de 1917,Bélgica
6667,Luc Nilis,13,,25 de mayo de 1967,Bélgica
6668,Theodore Nouwens,13,,17 de febrero de 1908,Bélgica
6669,Luis Oliveira,13,,24 de marzo de 1969,Bélgica
6670,Amadou Onana,13,1.92 m,16 de agosto de 2001,Bélgica
6671,Lois Openda,13,1.75 m,16 de febrero de 2000,Bélgica
6672,Divock Origi,13,1.85 m,18 de abril de 1995,Bélgica
6673,Jules Pappaert,13,,5 de noviembre de 1905,Bélgica
6674,Robert Paverick,13,,29 de noviembre de 1912,Bélgica
6675,Frans Peeraer,13,,15 de febrero de 1913,Bélgica
6676,Alfonse Peeters,13,,21 de enero de 1943,Bélgica
6677,Jacky Peeters,13,1.84 m,13 de diciembre de 1969,Bélgica
6678,Jean Petit,13,,25 de septiembre de 1949,Bélgica
6679,Jean-Marie Pfaff,13,,4 de diciembre de 1953,Bélgica
6680,Christian Piot,13,,4 de octubre de 1947,Bélgica
6681,Gerard Plessers,13,,30 de marzo de 1959,Bélgica
6682,Pascal Plovie,13,,7 de mayo de 1965,Bélgica
6683,Odilon Polleunis,13,,1 de mayo de 1943,Bélgica
6684,Michel Preudhomme,13,,24 de enero de 1959,Bélgica
6685,Wilfried Puis,13,,18 de febrero de 1943,Bélgica
6686,Georges Putmans,13,,29 de mayo de 1914,Bélgica
6687,Pascal Renier,13,,3 de agosto de 1971,Bélgica
6688,Michel Renquin,13,,3 de noviembre de 1955,Bélgica
6689,Andre Saeys,13,,20 de febrero de 1911,Bélgica
6690,Enzo Scifo,13,,19 de febrero de 1966,Bélgica
6691,Leon Semmeling,13,,4 de enero de 1940,Bélgica
6692,Corneel Seys,13,,12 de febrero de 1912,Bélgica
6693,Charles Simons,13,,27 de junio de 1906,Bélgica
6694,Timmy Simons,13,1.86 m,11 de diciembre de 1976,Bélgica
6695,Philibert Smellinckx,13,,17 de enero de 1911,Bélgica
6696,Rudi Smidts,13,,12 de agosto de 1963,Bélgica
6697,Wesley Sonck,13,1.74 m,9 de agosto de 1978,Bélgica
6698,Lorenzo Staelens,13,,30 de abril de 1964,Bélgica
6699,Branko Strupar,13,1.90 m,9 de febrero de 1970,Bélgica
6700,Emile Stynen,13,,2 de noviembre de 1907,Bélgica
6701,Arthur Theate,13,1.85 m,25 de mayo de 2000,Bélgica
6702,Bernd Thijs,13,1.86 m,28 de junio de 1978,Bélgica
6703,Jean Thissen,13,,21 de abril de 1946,Bélgica
6704,Youri Tielemans,13,1.76 m,7 de mayo de 1997,Bélgica
6705,Jean-Maire Trappeniers,13,,13 de enero de 1942,Bélgica
6706,Leandro Trossard,13,1.72 m,4 de diciembre de 1994,Bélgica
6707,John Van Alphen,13,,17 de junio de 1914,Bélgica
6708,Alfons Van Brandt,13,,24 de junio de 1927,Bélgica
6709,Daniel van Buyten,13,1.97 m,7 de febrero de 1978,Bélgica
6710,Pieter Van Den Bosch,13,,31 de octubre de 1927,Bélgica
6711,Poly Van Den Bosch,34,,30 de abril de 1926,España
6712,Erwin Van Den Daele,13,,5 de marzo de 1945,Bélgica
6713,Francois Van Der Elst,13,,1 de diciembre de 1954,Bélgica
6714,Franky Van Der Elst,13,,30 de abril de 1961,Bélgica
6715,Leo Van Der Elst,13,,7 de enero de 1962,Bélgica
6716,Peter Van Der Heyden,13,1.83 m,16 de julio de 1976,Bélgica
6717,Stephane Van Der Heyden,13,,3 de julio de 1969,Bélgica
6718,Jeff Van Der Linden,13,,2 de noviembre de 1927,Bélgica
6719,Marc Van Der Linden,13,,4 de febrero de 1964,Bélgica
6720,Paul Van Himst,13,,2 de octubre de 1943,Bélgica
6721,Luc Van Hoywegen,13,,1 de enero de 1929,Bélgica
6722,Jos Van Ingelgem,13,,23 de enero de 1919,Bélgica
6723,Nico Van Kerckhoven,13,1.90 m,14 de diciembre de 1970,Bélgica
6724,Robert Van Kerckhoven,13,,1 de enero de 1924,Bélgica
6725,Eric Van Meir,13,1.86 m,28 de febrero de 1968,Bélgica
6726,Wilfried Van Moer,13,,1 de marzo de 1945,Bélgica
6727,Jean Van Steen,13,,2 de junio de 1929,Bélgica
6728,Hans Vanaken,13,1.95 m,24 de agosto de 1992,Bélgica
6729,Philippe Vande Walle,13,,22 de diciembre de 1961,Bélgica
6730,Anthony Vanden Borre,13,1.85 m,24 de octubre de 1987,Bélgica
6731,Erwin Vandenbergh,13,,26 de enero de 1959,Bélgica
6732,Franky Vandendriessche,13,1.85 m,7 de abril de 1971,Bélgica
6733,Rene Vandereycken,13,,22 de julio de 1953,Bélgica
6734,Yves Vanderhaeghe,13,1.80 m,30 de enero de 1970,Bélgica
6735,Guy Vandersmissen,13,,25 de diciembre de 1957,Bélgica
6736,Andre Vandeweyer,13,,21 de junio de 1909,Bélgica
6737,Charles Vandewouwer,13,,7 de septiembre de 1916,Bélgica
6738,Frank Vercauteren,13,,28 de octubre de 1956,Bélgica
6739,Gert Verheyen,13,1.89 m,20 de septiembre de 1970,Bélgica
6740,Jan Verheyen,13,,9 de julio de 1944,Bélgica
6741,Rene Verheyen,13,,20 de marzo de 1952,Bélgica
6742,Dany Verlinden,13,,15 de agosto de 1963,Bélgica
6743,Thomas Vermaelen,13,1.82 m,14 de noviembre de 1985,Bélgica
6744,Sven Vermant,13,1.83 m,4 de abril de 1973,Bélgica
6745,Bruno Versavel,13,,27 de agosto de 1967,Bélgica
6746,Mike Verstraeten,13,,12 de agosto de 1967,Bélgica
6747,Louis Versyp,13,,5 de diciembre de 1908,Bélgica
6748,Jan Vertonghen,13,1.89 m,24 de abril de 1987,Bélgica
6749,Patrick Vervoort,13,,17 de enero de 1965,Bélgica
6750,Daniel Veyt,13,,9 de diciembre de 1956,Bélgica
6751,Gordan Vidovic,13,,23 de junio de 1968,Bélgica
6752,Joseph Vliers,13,,18 de diciembre de 1932,Bélgica
6753,Bernard Voorhoof,13,,11 de mayo de 1910,Bélgica
6754,Johan Walem,13,1.69 m,1 de febrero de 1972,Bélgica
6755,Josip Weber,13,,16 de noviembre de 1964,Bélgica
6756,Felix Welkenhuysen,13,,12 de diciembre de 1908,Bélgica
6757,Marc Wilmots,13,1.84 m,22 de febrero de 1969,Bélgica
6758,Axel Witsel,13,1.86 m,12 de enero de 1989,Bélgica
6759,Kanga Akale,23,1.78 m,7 de marzo de 1981,Costa de Marfil
6760,Jean-Daniel Akpa-Akpro,23,1.80 m,11 de octubre de 1992,Costa de Marfil
6761,Brou Angoua,23,1.78 m,28 de noviembre de 1986,Costa de Marfil
6762,Serge Aurier,23,1.74 m,24 de diciembre de 1992,Costa de Marfil
6763,Souleymane Bamba,23,1.90 m,13 de enero de 1985,Costa de Marfil
6764,Boubacar Barry,23,1.80 m,30 de diciembre de 1979,Costa de Marfil
6765,Arthur Boka,23,1.66 m,2 de abril de 1983,Costa de Marfil
6766,Mathis Bolly,23,1.85 m,14 de noviembre de 1990,Costa de Marfil
6767,Wilfried Bony,23,1.82 m,10 de diciembre de 1988,Costa de Marfil
6768,Guy Demel,23,1.91 m,13 de junio de 1981,Costa de Marfil
6769,Serey Die,23,1.79 m,7 de noviembre de 1984,Costa de Marfil
6770,Aruna Dindane,23,1.74 m,26 de noviembre de 1980,Costa de Marfil
6771,Ismael Diomande,23,1.81 m,28 de agosto de 1992,Costa de Marfil
6772,Constant Djakpa,23,1.77 m,17 de octubre de 1986,Costa de Marfil
6773,Cyrille Domoraud,23,1.80 m,22 de julio de 1971,Costa de Marfil
6774,Seydou Doumbia,23,1.83 m,31 de diciembre de 1987,Costa de Marfil
6775,Didier Drogba,23,1.88 m,11 de marzo de 1978,Costa de Marfil
6776,Emmanuel Eboue,23,1.78 m,4 de junio de 1983,Costa de Marfil
6777,Emerse Fae,23,1.73 m,24 de enero de 1984,Costa de Marfil
6778,Sylvain Gbohouo,23,,29 de octubre de 1988,Costa de Marfil
6779,Gervinho,23,1.79 m,27 de mayo de 1987,Costa de Marfil
6780,Gerard Gnanhouan,23,1.82 m,12 de febrero de 1979,Costa de Marfil
6781,Steve Gohouri,23,1.87 m,8 de febrero de 1981,Costa de Marfil
6782,Jean Jacques Gosso,23,1.77 m,15 de marzo de 1983,Costa de Marfil
6783,Max Gradel,23,1.75 m,30 de noviembre de 1987,Costa de Marfil
6784,Bonaventure Kalou,23,1.82 m,12 de enero de 1978,Costa de Marfil
6785,Salomon Kalou,23,1.75 m,5 de agosto de 1985,Costa de Marfil
6786,Kader Keita,23,1.84 m,6 de agosto de 1981,Costa de Marfil
6787,Arouna Kone,23,1.82 m,11 de noviembre de 1983,Costa de Marfil
6788,Bakary Kone,23,1.63 m,17 de septiembre de 1981,Costa de Marfil
6789,Emmanuel Kone,23,1.77 m,31 de diciembre de 1986,Costa de Marfil
6790,Blaise Kouassi,23,1.82 m,2 de febrero de 1975,Costa de Marfil
6791,Sayouba Mandé,23,1.93 m,15 de junio de 1993,Costa de Marfil
6792,Abdoulaye Meite,23,1.85 m,6 de octubre de 1980,Costa de Marfil
6793,Romaric,23,1.87 m,4 de junio de 1983,Costa de Marfil
6794,Giovanni Sio,23,1.80 m,31 de marzo de 1989,Costa de Marfil
6795,Siaka Tiene,23,1.76 m,22 de febrero de 1982,Costa de Marfil
6796,Ismael Tiote,23,1.75 m,21 de junio de 1986,Costa de Marfil
6797,Jean-Jacques Tizie,23,1.83 m,7 de septiembre de 1972,Costa de Marfil
6798,Kolo Toure,23,1.83 m,19 de marzo de 1981,Costa de Marfil
6799,Yaya Toure,75,1.89 m,13 de mayo de 1983,Togo
6800,Ousmane Viera,23,1.86 m,21 de diciembre de 1986,Costa de Marfil
6801,Didier Ya Konan,23,1.74 m,22 de mayo de 1984,Costa de Marfil
6802,Gilles Yapi Yapo,23,1.71 m,30 de enero de 1982,Costa de Marfil
6803,Daniel Yeboah,23,1.87 m,13 de noviembre de 1984,Costa de Marfil
6804,Aristide Zogbo,23,1.83 m,30 de diciembre de 1981,Costa de Marfil
6805,Didier Zokora,23,1.83 m,14 de diciembre de 1980,Costa de Marfil
6806,Marc Zoro,23,1.82 m,27 de diciembre de 1983,Costa de Marfil
6807,Kabasu Babo,66,,4 de marzo de 1950,RD Congo
6808,Lobilo Boba,66,,10 de abril de 1950,RD Congo
6809,Mbungu Ekofo,66,,24 de noviembre de 1948,RD Congo
6810,Kakoko Etepe,66,,22 de noviembre de 1950,RD Congo
6811,Muepu Ilunga,66,,22 de agosto de 1949,RD Congo
6812,Ntumba Kalala,66,,7 de enero de 1949,RD Congo
6813,Kembo Uba Kembo,66,,27 de diciembre de 1947,RD Congo
6814,Kibonge Mafu,66,,12 de febrero de 1945,RD Congo
6815,Mavuda Mafuila,66,,15 de diciembre de 1949,RD Congo
6816,Mayanga Maku,66,,31 de octubre de 1948,RD Congo
6817,Mana Mambuene,66,,10 de octubre de 1947,RD Congo
6818,Kidumu Mantantu,66,,17 de noviembre de 1946,RD Congo
6819,Kilasu Massamba,66,,22 de diciembre de 1950,RD Congo
6820,Mwape Mialo,66,,30 de diciembre de 1951,RD Congo
6821,Kazadi Muamba,66,,6 de marzo de 1947,RD Congo
6822,Mwanza Nel Mukombo,66,,17 de diciembre de 1945,RD Congo
6823,Ndaye Mulamba,66,,4 de noviembre de 1948,RD Congo
6824,Tubilandu Ndimbi,66,,15 de marzo de 1948,RD Congo
6825,Kafula Ngoye,66,,11 de noviembre de 1945,RD Congo
6826,Kalambay Otepa,66,,12 de noviembre de 1948,RD Congo
6827,Buanga Tshimen,66,,4 de enero de 1949,RD Congo
6828,Tshinabu Wa Munda,66,,8 de mayo de 1946,RD Congo
6829,Djamal Abdoun,5,1.80 m,14 de febrero de 1986,Argelia
6830,Mourad Amara,5,,19 de febrero de 1959,Argelia
6831,Salah Assad,5,,10 de junio de 1958,Argelia
6832,Nadir Belhadj,5,1.80 m,18 de junio de 1982,Argelia
6833,Essaïd Belkalem,5,1.90 m,1 de enero de 1989,Argelia
6834,Habib Bellaid,5,1.89 m,28 de marzo de 1986,Argelia
6835,Lakhdar Belloumi,5,,29 de diciembre de 1958,Argelia
6836,Alim Ben Mabrouk,5,,25 de junio de 1960,Argelia
6837,Ali Bencheikh,5,,9 de enero de 1955,Argelia
6838,Fawzi Benkhalidi,5,,3 de febrero de 1963,Argelia
6839,Tedj Bensaoula,5,,1 de diciembre de 1954,Argelia
6840,Yacine Bentala,5,,24 de septiembre de 1955,Argelia
6841,Nabil Bentaleb,5,1.87 m,24 de noviembre de 1994,Argelia
6842,Ryad Boudebouz,5,1.78 m,19 de febrero de 1990,Argelia
6843,Madjid Bougherra,5,1.90 m,7 de octubre de 1982,Argelia
6844,Abdelmajid Bourebbou,5,,16 de marzo de 1951,Argelia
6845,Yacine Brahimi,5,1.75 m,8 de febrero de 1990,Argelia
6846,Liassine Cadamuro,5,1.86 m,5 de marzo de 1988,Argelia
6847,Mahdi Cerbah,5,,3 de enero de 1953,Argelia
6848,Mohamed Chaib,5,,20 de mayo de 1958,Argelia
6849,Faouzi Chaouchi,5,1.80 m,5 de diciembre de 1984,Argelia
6850,Fathi Chebel,5,,19 de agosto de 1956,Argelia
6851,Mustafa Dahleb,5,,8 de febrero de 1952,Argelia
6852,Abdelmoumene Djabou,5,1.65 m,31 de enero de 1987,Argelia
6853,Rafik Djebbour,5,1.85 m,8 de marzo de 1984,Argelia
6854,Nasser Drid,5,,22 de enero de 1957,Argelia
6855,Larbi El Hadi,5,,27 de mayo de 1961,Argelia
6856,Sofiane Feghouli,5,1.78 m,26 de diciembre de 1989,Argelia
6857,Ali Fergani,5,,21 de septiembre de 1952,Argelia
6858,Lounes Gaouaoui,5,1.88 m,28 de septiembre de 1977,Argelia
6859,Abdelkader Ghezzal,5,1.86 m,5 de diciembre de 1984,Argelia
6860,Nabil Ghilas,5,1.83 m,20 de abril de 1990,Argelia
6861,Faouzi Ghoulam,5,1.86 m,1 de febrero de 1991,Argelia
6862,Adlane Guedioura,5,1.83 m,12 de noviembre de 1985,Argelia
6863,Mahmoud Guendouz,5,,24 de febrero de 1953,Argelia
6864,Rafik Halliche,5,1.87 m,2 de septiembre de 1986,Argelia
6865,Rachid Harkouk,5,,19 de mayo de 1956,Argelia
6866,Abdelkader Horr,5,,10 de noviembre de 1953,Argelia
6867,Mohamed Kaci Said,55,,2 de mayo de 1958,Marruecos
6868,Foued Kadir,5,1.80 m,5 de diciembre de 1983,Argelia
6869,Mustafa Kouici,5,,16 de abril de 1954,Argelia
6870,Noureddine Kourichi,5,,12 de abril de 1954,Argelia
6871,Medhi Lacen,5,1.78 m,15 de marzo de 1984,Argelia
6872,Abdelkader Laifaoui,5,1.77 m,29 de julio de 1981,Argelia
6873,Salah Larbes,5,,16 de septiembre de 1952,Argelia
6874,Rais M'Bolhi,5,1.90 m,25 de abril de 1986,Argelia
6875,Rabah Madjer,5,,15 de febrero de 1958,Argelia
6876,Riyad Mahrez,5,1.79 m,21 de febrero de 1991,Argelia
6877,Aissa Mandi,5,1.86 m,22 de octubre de 1991,Argelia
6878,Faouzi Mansouri,5,,17 de enero de 1956,Argelia
6879,Yazid Mansouri,5,1.75 m,25 de febrero de 1978,Argelia
6880,Karim Maroc,5,,5 de marzo de 1958,Argelia
6881,Karim Matmour,5,1.81 m,25 de junio de 1985,Argelia
6882,Abdellah Medjadi,5,,1 de diciembre de 1957,Argelia
6883,Carl Medjani,5,1.84 m,15 de mayo de 1985,Argelia
6884,Fadil Megharia,5,,23 de mayo de 1961,Argelia
6885,Djamel Menad,5,,22 de julio de 1960,Argelia
6886,Chaabane Merzekane,5,,8 de marzo de 1959,Argelia
6887,Djamel Mesbah,5,1.80 m,9 de octubre de 1984,Argelia
6888,Mehdi Mostefa,5,1.81 m,30 de agosto de 1983,Argelia
6889,Abdelhamid Sadmi,5,,1 de enero de 1961,Argelia
6890,Rafik Saifi,5,1.78 m,7 de febrero de 1975,Argelia
6891,Cédric Si Mohamed,5,1.83 m,9 de enero de 1985,Argelia
6892,Islam Slimani,5,1.86 m,18 de junio de 1988,Argelia
6893,El Arabi Soudani,5,1.77 m,25 de noviembre de 1987,Argelia
6894,Saphir Taïder,5,1.80 m,29 de febrero de 1992,Argelia
6895,Djamel Tlemcani,5,,16 de abril de 1955,Argelia
6896,Hocine Yahi,5,,25 de abril de 1960,Argelia
6897,Anther Yahia,5,1.85 m,21 de marzo de 1982,Argelia
6898,Hassan Yebda,5,1.88 m,14 de mayo de 1984,Argelia
6899,Mohamed Zemmamouche,5,1.86 m,19 de marzo de 1985,Argelia
6900,Karim Ziani,5,1.68 m,17 de agosto de 1982,Argelia
6901,Djamel Zidane,5,,28 de abril de 1955,Argelia
6902,Jean-Paul Abalo,75,1.77 m,26 de junio de 1975,Togo
6903,Emmanuel Adebayor,75,1.90 m,26 de febrero de 1984,Togo
6904,Kossi Agassa,75,1.90 m,2 de julio de 1978,Togo
6905,Kuami Agboh,75,1.77 m,28 de diciembre de 1977,Togo
6906,Eric Akoto,75,1.92 m,20 de julio de 1980,Togo
6907,Ludovic Assemoassa,75,1.84 m,18 de septiembre de 1980,Togo
6908,Franck Atsou,75,1.88 m,1 de agosto de 1978,Togo
6909,Yao Aziawonou,75,1.85 m,30 de noviembre de 1979,Togo
6910,Thomas Dossevi,75,1.83 m,6 de marzo de 1979,Togo
6911,Affo Erassa,75,1.90 m,19 de febrero de 1983,Togo
6912,Richmond Forson,75,1.80 m,23 de mayo de 1980,Togo
6913,Robert Malm,75,1.79 m,21 de agosto de 1973,Togo
6914,Cherif Toure Mamam,75,1.82 m,13 de enero de 1983,Togo
6915,Mohamed Kader,75,1.74 m,8 de abril de 1979,Togo
6916,Dare Nibombe,75,1.96 m,16 de junio de 1980,Togo
6917,Kodjovi Obilale,75,1.93 m,8 de octubre de 1984,Togo
6918,Adekanmi Olufade,75,1.70 m,7 de enero de 1980,Togo
6919,Alaixys Romao,75,1.80 m,18 de enero de 1984,Togo
6920,Moustapha Salifou,75,1.80 m,1 de junio de 1983,Togo
6921,Yao Junior Senaya,75,1.67 m,19 de abril de 1984,Togo
6922,Ouro-Nimini Tchagnirou,75,1.90 m,31 de diciembre de 1977,Togo
6923,Massamasso Tchangai,75,1.83 m,8 de agosto de 1978,Togo
6924,Assimiou Toure,75,1.80 m,1 de enero de 1988,Togo
6925,Jung Hwan Ahn,21,1.77 m,27 de enero de 1976,Corea del Sur
6926,Ik Soo An,21,,6 de mayo de 1965,Corea del Sur
6927,Ji Hoon Baek,21,1.75 m,28 de febrero de 1985,Corea del Sur
6928,Byung Joo Byun,21,,26 de abril de 1961,Corea del Sur
6929,Bum Kun Cha,21,,22 de mayo de 1953,Corea del Sur
6930,Du Ri Cha,21,1.81 m,25 de julio de 1980,Corea del Sur
6931,Byung Duk Cho,21,,26 de mayo de 1958,Corea del Sur
6932,Gue-sung Cho,21,1.88 m,25 de enero de 1998,Corea del Sur
6933,Jae Jin Cho,21,1.85 m,9 de julio de 1981,Corea del Sur
6934,Jin Ho Cho,21,,2 de agosto de 1973,Corea del Sur
6935,Kwang Rae Cho,21,,19 de marzo de 1954,Corea del Sur
6936,Min Kook Cho,21,,5 de julio de 1963,Corea del Sur
6937,Won Hee Cho,21,1.77 m,17 de abril de 1983,Corea del Sur
6938,Yong Hyung Cho,21,1.82 m,3 de noviembre de 1983,Corea del Sur
6939,Young Jeung Cho,21,,18 de agosto de 1954,Corea del Sur
6940,Yu-min Cho,21,1.82 m,17 de noviembre de 1996,Corea del Sur
6941,Chung Min Choi,21,,30 de agosto de 1930,Corea del Sur
6942,Dae Shik Choi,21,,10 de enero de 1965,Corea del Sur
6943,Eun Sung Choi,21,1.84 m,5 de abril de 1971,Corea del Sur
6944,In Young Choi,21,,5 de marzo de 1962,Corea del Sur
6945,Jin Cheul Choi,21,1.87 m,26 de marzo de 1971,Corea del Sur
6946,Kang Hee Choi,21,,12 de abril de 1959,Corea del Sur
6947,Moon Sik Choi,21,,6 de enero de 1971,Corea del Sur
6948,Soon Ho Choi,21,,10 de enero de 1962,Corea del Sur
6949,Sung Yong Choi,21,1.73 m,25 de diciembre de 1975,Corea del Sur
6950,Tae Uk Choi,21,1.73 m,13 de marzo de 1981,Corea del Sur
6951,Yong Soo Choi,21,1.84 m,10 de septiembre de 1973,Corea del Sur
6952,Young Il Choi,21,,25 de abril de 1966,Corea del Sur
6953,Yung Keun Choi,21,,8 de febrero de 1923,Corea del Sur
6954,Yung Kwang Chu,21,,15 de julio de 1931,Corea del Sur
6955,Hae Won Chung,21,,1 de julio de 1959,Corea del Sur
6956,Jong Son Chung,21,,20 de marzo de 1966,Corea del Sur
6957,Jong Soo Chung,21,,27 de marzo de 1961,Corea del Sur
6958,Kyung Ho Chung,21,1.79 m,22 de mayo de 1980,Corea del Sur
6959,Nam Sik Chung,21,,16 de febrero de 1917,Corea del Sur
6960,Yong Hwan Chung,21,,10 de febrero de 1960,Corea del Sur
6961,Il Jang Dae,21,1.84 m,9 de marzo de 1975,Corea del Sur
6962,Yo-han Go,21,1.70 m,10 de marzo de 1988,Corea del Sur
6963,Sang Bum Gu,21,,15 de junio de 1964,Corea del Sur
6964,Dae-Sung Ha,21,1.80 m,2 de marzo de 1985,Corea del Sur
6965,Seok Ju Ha,21,1.74 m,20 de febrero de 1968,Corea del Sur
6966,Chung Wa Han,21,,3 de noviembre de 1922,Corea del Sur
6967,Heung Chul Han,21,,17 de noviembre de 1930,Corea del Sur
6968,Kook-Young Han,21,1.83 m,19 de abril de 1990,Corea del Sur
6969,Chul Hong,20,1.77 m,17 de septiembre de 1990,Corea del Norte
6970,Dook Jong Hong,20,,5 de mayo de 1921,Corea del Norte
6971,Jeong-Ho Hong,21,1.86 m,12 de agosto de 1989,Corea del Sur
6972,Myung Bo Hong,21,1.81 m,12 de febrero de 1969,Corea del Sur
6973,Jung Moo Huh,21,,13 de enero de 1955,Corea del Sur
6974,Bo Kwan Hwang,21,,1 de marzo de 1965,Corea del Sur
6975,Hee-chan Hwang,21,1.77 m,26 de enero de 1996,Corea del Sur
6976,In-beom Hwang,21,1.77 m,20 de septiembre de 1996,Corea del Sur
6977,Seok-Ho Hwang,21,1.82 m,27 de junio de 1989,Corea del Sur
6978,Sun Hong Hwang,21,1.83 m,14 de julio de 1968,Corea del Sur
6979,Ui-jo Hwang,21,1.84 m,28 de agosto de 1992,Corea del Sur
6980,Young Min Hyun,21,1.79 m,25 de diciembre de 1979,Corea del Sur
6981,Hyun-soo Jang,21,1.79 m,1 de enero de 1993,Corea del Sur
6982,Hyung Seok Jang,21,1.82 m,7 de julio de 1972,Corea del Sur
6983,Gi Dong Jeong,21,,13 de mayo de 1961,Corea del Sur
6984,Woo-yeong Jeong,21,1.80 m,20 de septiembre de 1999,Corea del Sur
6985,Dong-Won Ji,21,1.87 m,28 de mayo de 1991,Corea del Sur
6986,Hyeon-woo Jo,21,1.90 m,25 de septiembre de 1991,Corea del Sur
6987,Se-jong Ju,21,1.76 m,30 de octubre de 1990,Corea del Sur
6988,Seung-hyun Jung,21,1.90 m,3 de abril de 1994,Corea del Sur
6989,Sung Ryong Jung,21,1.90 m,4 de enero de 1985,Corea del Sur
6990,Woo-young Jung,21,1.86 m,4 de septiembre de 1989,Corea del Sur
6991,Chang Gi Kang,21,,28 de agosto de 1927,Corea del Sur
6992,Deuk Soo Kang,21,,16 de agosto de 1961,Corea del Sur
6993,Min Soo Kang,20,1.86 m,14 de febrero de 1986,Corea del Norte
6994,Sung-yueng Ki,21,1.87 m,24 de enero de 1989,Corea del Sur
6995,Bo Kyung Kim,21,1.78 m,6 de octubre de 1989,Corea del Sur
6996,Byung Ji Kim,21,1.84 m,8 de abril de 1970,Corea del Sur
6997,Chang-Soo Kim,21,1.78 m,12 de septiembre de 1985,Corea del Sur
6998,Do Heon Kim,21,1.75 m,14 de julio de 1982,Corea del Sur
6999,Do Hoon Kim,21,1.82 m,21 de julio de 1970,Corea del Sur
7000,Do Keun Kim,20,1.80 m,2 de marzo de 1972,Corea del Norte
7001,Dong Jin Kim,21,1.84 m,29 de enero de 1982,Corea del Sur
7002,Hyung Il Kim,21,1.87 m,27 de abril de 1984,Corea del Sur
7003,Jae Sung Kim,20,1.80 m,3 de octubre de 1983,Corea del Norte
7004,Ji Sung Kim,21,,7 de noviembre de 1924,Corea del Sur
7005,Jin Kyu Kim,21,1.84 m,16 de febrero de 1985,Corea del Sur
7006,Jin-hyeon Kim,21,1.92 m,6 de julio de 1987,Corea del Sur
7007,Jin-su Kim,20,1.77 m,13 de junio de 1992,Corea del Norte
7008,Jong Boo Kim,21,,3 de noviembre de 1965,Corea del Sur
7009,Joo Sung Kim,21,,17 de enero de 1966,Corea del Sur
7010,Jung Woo Kim,20,1.83 m,9 de mayo de 1982,Corea del Norte
7011,Min-jae Kim,20,1.89 m,15 de noviembre de 1996,Corea del Norte
7012,Min-woo Kim,21,1.72 m,25 de febrero de 1990,Corea del Sur
7013,Moon-hwan Kim,21,1.73 m,1 de agosto de 1995,Corea del Sur
7014,Nam Il Kim,21,1.80 m,14 de marzo de 1977,Corea del Sur
7015,Pan Keun Kim,21,,5 de marzo de 1966,Corea del Sur
7016,Poong Jo Kim,20,,1 de octubre de 1961,Corea del Norte
7017,Pyung Seok Kim,21,,22 de septiembre de 1958,Corea del Sur
7018,Sam Soo Kim,21,,8 de febrero de 1963,Corea del Sur
7019,Sang Sik Kim,21,1.84 m,17 de diciembre de 1976,Corea del Sur
7020,Seung-gyu Kim,21,1.87 m,30 de septiembre de 1990,Corea del Sur
7021,Shin-Wook Kim,21,1.98 m,14 de abril de 1988,Corea del Sur
7022,Tae Young Kim,21,1.80 m,8 de noviembre de 1970,Corea del Sur
7023,Tae-hwan Kim,21,1.77 m,24 de julio de 1989,Corea del Sur
7024,Yong Dae Kim,20,1.86 m,11 de octubre de 1979,Corea del Norte
7025,Young Chul Kim,20,1.83 m,30 de junio de 1976,Corea del Norte
7026,Young Kwang Kim,20,1.84 m,28 de junio de 1983,Corea del Norte
7027,Young Se Kim,21,,21 de abril de 1960,Corea del Sur
7028,Young-Gwon Kim,20,1.86 m,27 de febrero de 1990,Corea del Norte
7029,Jeong Woon Ko,21,,27 de junio de 1966,Corea del Sur
7030,Jong Soo Ko,21,,30 de octubre de 1978,Corea del Sur
7031,Ja-Cheol Koo,21,1.83 m,27 de febrero de 1989,Corea del Sur
7032,Tae-Hwi Kwak,21,1.88 m,8 de julio de 1981,Corea del Sur
7033,Chang-hoon Kwon,21,1.74 m,30 de junio de 1994,Corea del Sur
7034,Kyung-won Kwon,21,1.87 m,31 de enero de 1992,Corea del Sur
7035,Bum-Young Lee,21,1.99 m,2 de abril de 1989,Corea del Sur
7036,Chun Soo Lee,21,1.75 m,9 de julio de 1981,Corea del Sur
7037,Chung-yong Lee,21,1.80 m,2 de julio de 1988,Corea del Sur
7038,Dong Gook Lee,20,1.85 m,29 de abril de 1979,Corea del Norte
7039,Eul Yong Lee,20,1.76 m,8 de septiembre de 1975,Corea del Norte
7040,Heung Sil Lee,20,,10 de julio de 1961,Corea del Norte
7041,Ho Lee,20,1.82 m,22 de octubre de 1984,Corea del Norte
7042,Jae-sung Lee,21,1.80 m,10 de agosto de 1992,Corea del Sur
7043,Jong Uwa Lee,21,,20 de julio de 1963,Corea del Sur
7044,Jung Soo Lee,21,1.85 m,8 de enero de 1980,Corea del Sur
7045,Kang-in Lee,20,1.73 m,19 de febrero de 2001,Corea del Norte
7046,Keun-Ho Lee,20,1.76 m,11 de abril de 1985,Corea del Norte
7047,Lim Saeng Lee,21,1.82 m,18 de noviembre de 1971,Corea del Sur
7048,Min Sung Lee,20,1.83 m,23 de junio de 1973,Corea del Norte
7049,Sang Hun Lee,21,1.84 m,11 de octubre de 1975,Corea del Sur
7050,Sang Yi Lee,21,,1 de enero de 1922,Corea del Sur
7051,Sang Yoon Lee,20,1.79 m,10 de abril de 1969,Corea del Norte
7052,Seung Yeoul Lee,21,1.83 m,6 de marzo de 1989,Corea del Sur
7053,Seung-woo Lee,20,1.70 m,6 de enero de 1998,Corea del Norte
7054,Tae Ho Lee,20,,29 de enero de 1961,Corea del Norte
7055,Woon Jae Lee,20,1.82 m,26 de abril de 1973,Corea del Norte
7056,Yong Lee,20,1.80 m,24 de diciembre de 1986,Corea del Norte
7057,Young Jin Lee,20,,27 de octubre de 1963,Corea del Norte
7058,Young Pyo Lee,21,1.77 m,23 de abril de 1977,Corea del Sur
7059,Jong Kap Li,21,,18 de marzo de 1920,Corea del Sur
7060,Ki Joo Li,21,,12 de noviembre de 1926,Corea del Sur
7061,Sao Nam Li,20,,1 de enero de 1927,Corea del Norte
7062,Byung Dae Min,21,,20 de febrero de 1918,Corea del Sur
7063,Seon-min Moon,21,1.72 m,9 de junio de 1992,Corea del Sur
7064,Sang-ho Na,21,1.73 m,12 de agosto de 1996,Corea del Sur
7065,Jung Yoon Noh,21,1.72 m,28 de marzo de 1971,Corea del Sur
7066,Soo Jin Noh,21,,10 de febrero de 1962,Corea del Sur
7067,Ban-suk Oh,20,1.89 m,20 de mayo de 1988,Corea del Norte
7068,Beom Seok Oh,20,1.81 m,29 de julio de 1984,Corea del Norte
7069,Yun Kyo Oh,20,,25 de mayo de 1960,Corea del Norte
7070,Seung-ho Paik,21,1.82 m,17 de marzo de 1997,Corea del Sur
7071,Chang Sun Park,21,,2 de febrero de 1954,Corea del Sur
7072,Chu Young Park,21,1.83 m,10 de julio de 1985,Corea del Sur
7073,Chul Woo Park,21,,29 de septiembre de 1965,Corea del Sur
7074,Il Kap Park,21,,21 de marzo de 1926,Corea del Sur
7075,Ji Sung Park,21,1.75 m,25 de febrero de 1981,Corea del Sur
7076,Jong-Woo Park,21,1.80 m,10 de marzo de 1989,Corea del Sur
7077,Joo-Ho Park,21,1.76 m,16 de enero de 1987,Corea del Sur
7078,Jung Bae Park,21,,19 de febrero de 1967,Corea del Sur
7079,Kyu Chong Park,21,,12 de junio de 1924,Corea del Sur
7080,Kyung Hoon Park,21,,19 de enero de 1961,Corea del Sur
7081,Yae Seung Park,21,,1 de abril de 1923,Corea del Sur
7082,Dong Myung Seo,21,1.94 m,4 de mayo de 1974,Corea del Sur
7083,Jung Won Seo,21,1.72 m,17 de diciembre de 1970,Corea del Sur
7084,Ki Hyeon Seol,21,1.84 m,8 de enero de 1979,Corea del Sur
7085,Hong Gi Shin,21,,4 de mayo de 1968,Corea del Sur
7086,Heung-Min Son,21,1.83 m,8 de julio de 1992,Corea del Sur
7087,Jun-ho Son,21,1.78 m,12 de mayo de 1992,Corea del Sur
7088,Bum-keun Song,21,1.96 m,15 de octubre de 1997,Corea del Sur
7089,Chong Gug Song,21,1.75 m,20 de febrero de 1979,Corea del Sur
7090,Min-kyu Song,21,1.79 m,12 de septiembre de 1999,Corea del Sur
7091,Nak Woon Sung,21,,2 de febrero de 1926,Corea del Sur
7092,Sang Kwon Woo,21,,2 de febrero de 1926,Corea del Sur
7093,Ki Hun Yeom,21,1.82 m,30 de marzo de 1983,Corea del Sur
7094,Byung Ok Yoo,21,,2 de marzo de 1964,Corea del Sur
7095,Sang Chul Yoo,21,1.84 m,18 de octubre de 1971,Corea del Sur
7096,Deok Yeo Yoon,21,,25 de marzo de 1961,Corea del Sur
7097,Jong Hwan Yoon,21,1.73 m,16 de febrero de 1973,Corea del Sur
7098,Jong-gyu Yoon,21,1.73 m,20 de marzo de 1998,Corea del Sur
7099,Suk-Young Yun,21,1.82 m,13 de febrero de 1990,Corea del Sur
7100,Young-sun Yun,21,1.85 m,4 de octubre de 1988,Corea del Sur
7101,Kook Chin Yung,21,,2 de enero de 1917,Corea del Sur
7102,Oleksiy Belik,79,1.84 m,15 de febrero de 1981,Ucrania
7103,Dmytro Chigrynskyi,79,1.90 m,7 de noviembre de 1986,Ucrania
7104,Oleg Gusev,79,1.79 m,25 de abril de 1983,Ucrania
7105,Andriy Gusin,79,1.88 m,11 de diciembre de 1972,Ucrania
7106,Oleksandr Iatsenko,79,1.80 m,24 de febrero de 1985,Ucrania
7107,Maksym Kalinichenko,79,1.76 m,26 de enero de 1979,Ucrania
7108,Artem Milevskiy,79,1.90 m,12 de enero de 1985,Ucrania
7109,Sergiy Nazarenko,79,1.76 m,16 de febrero de 1980,Ucrania
7110,Andriy Nesmachnyi,79,1.82 m,28 de febrero de 1979,Ucrania
7111,Andriy Pyatov,79,1.90 m,28 de junio de 1984,Ucrania
7112,Serhiy Rebrov,79,1.75 m,3 de junio de 1974,Ucrania
7113,Ruslan Rotan,79,1.76 m,29 de octubre de 1981,Ucrania
7114,Andriy Rusol,79,1.82 m,16 de enero de 1983,Ucrania
7115,Oleg Shelayev,79,1.81 m,5 de noviembre de 1976,Ucrania
7116,Andriy Shevchenko,79,1.83 m,29 de septiembre de 1976,Ucrania
7117,Oleksandr Shovkovskyi,79,1.91 m,2 de enero de 1975,Ucrania
7118,Bohdan Shust,79,1.89 m,4 de marzo de 1986,Ucrania
7119,Vyacheslav Sviderskyi,79,1.85 m,1 de enero de 1979,Ucrania
7120,Anatoliy Tymoschuk,79,1.81 m,30 de marzo de 1979,Ucrania
7121,Vladyslav Vashchuk,79,1.80 m,2 de enero de 1975,Ucrania
7122,Andriy Vorobey,79,1.78 m,29 de noviembre de 1978,Ucrania
7123,Andriy Voronin,79,1.79 m,21 de julio de 1979,Ucrania
7124,Vladimir Yezerskyi,79,1.83 m,15 de noviembre de 1976,Ucrania
7125,Kári Árnason,49,1.91 m,13 de octubre de 1982,Islandia
7126,Birkir Bjarnason,49,1.82 m,27 de mayo de 1988,Islandia
7127,Jón Dadi Bödvarsson,49,1.90 m,25 de mayo de 1992,Islandia
7128,Hólmar Örn Eyjólfsson,49,1.88 m,6 de agosto de 1990,Islandia
7129,Alfred Finnbogason,49,1.84 m,1 de febrero de 1989,Islandia
7130,Samúel Fridjónsson,49,1.86 m,22 de febrero de 1996,Islandia
7131,Rúrik Gíslason,49,1.84 m,25 de febrero de 1988,Islandia
7132,Albert Gudmundsson,49,1.77 m,15 de junio de 1997,Islandia
7133,Jóhann Berg Gudmundsson,49,1.78 m,27 de octubre de 1990,Islandia
7134,Aron Gunnarsson,49,1.78 m,22 de abril de 1989,Islandia
7135,Hannes Halldorsson,49,1.93 m,27 de abril de 1984,Islandia
7136,Emil Hallfredsson,49,1.85 m,19 de julio de 1984,Islandia
7137,Sverrir Ingi Ingason,49,1.88 m,5 de julio de 1993,Islandia
7138,Hördur Magnússon,49,1.90 m,11 de febrero de 1993,Islandia
7139,Runar Alex Runarsson,49,1.88 m,18 de febrero de 1995,Islandia
7140,Birkir Már Saevarsson,49,1.87 m,11 de noviembre de 1984,Islandia
7141,Frederik Schram,49,1.98 m,19 de enero de 1995,Islandia
7142,Gylfi Sigurdsson,49,1.85 m,8 de septiembre de 1989,Islandia
7143,Ragnar Sigurdsson,49,1.87 m,19 de junio de 1986,Islandia
7144,Björn Sigurðarson,49,1.86 m,26 de febrero de 1991,Islandia
7145,Ari Skúlason,49,1.70 m,14 de mayo de 1987,Islandia
7146,Ólafur Ingi Skúlason,49,1.83 m,1 de abril de 1983,Islandia
7147,Arnór Ingvi Traustason,49,1.84 m,30 de abril de 1993,Islandia
7148,Ali Abdi,78,1.77 m,20 de diciembre de 1993,Túnez
7149,Mohamed Akid,78,,5 de julio de 1949,Túnez
7150,Anis Ayari,78,1.81 m,16 de febrero de 1982,Túnez
7151,Khaled Badra,78,1.85 m,8 de abril de 1973,Túnez
7152,Anice Badri,78,,18 de septiembre de 1990,Túnez
7153,Rami Bedoui,78,1.87 m,19 de enero de 1990,Túnez
7154,Hassen Bejaoui,78,1.88 m,14 de febrero de 1976,Túnez
7155,Faycal Ben Ahmed,78,,7 de marzo de 1973,Túnez
7156,Mohamed Amine Ben Amor,34,1.80 m,3 de mayo de 1992,España
7157,Lamine Ben Aziza,78,,10 de noviembre de 1952,Túnez
7158,Raouf Ben Aziza,78,,23 de septiembre de 1953,Túnez
7159,Mohamed Ben Moussa,78,,5 de abril de 1954,Túnez
7160,Farouk Ben Mustapha,78,1.94 m,1 de julio de 1989,Túnez
7161,Agrebi Ben Rehaiem,78,,20 de marzo de 1951,Túnez
7162,Mohamed Ali Ben Romdhane,78,1.82 m,6 de septiembre de 1999,Túnez
7163,Chaouki Ben Saada,78,1.70 m,1 de julio de 1984,Túnez
7164,Bechir Ben Said,78,1.93 m,29 de noviembre de 1992,Túnez
7165,Mehdi Ben Slimane,78,,1 de enero de 1974,Túnez
7166,Imed Ben Younes,78,,16 de junio de 1974,Túnez
7167,Fakhreddine Ben Youssef,78,1.92 m,23 de junio de 1991,Túnez
7168,Syam Ben Youssef,78,1.89 m,31 de marzo de 1989,Túnez
7169,Slim Benachour,78,1.70 m,8 de septiembre de 1981,Túnez
7170,Yohan Benalouane,78,1.87 m,28 de marzo de 1987,Túnez
7171,Zoubeir Beya,78,1.78 m,15 de mayo de 1971,Túnez
7172,Riadh Bouazizi,78,1.86 m,8 de abril de 1973,Túnez
7173,Mounir Boukadida,78,1.85 m,24 de octubre de 1967,Túnez
7174,Ali Boumnijel,78,1.88 m,13 de abril de 1966,Túnez
7175,Raouf Bouzaiene,78,1.74 m,16 de agosto de 1970,Túnez
7176,Dylan Bronn,78,1.86 m,19 de junio de 1995,Túnez
7177,Ghailene Chaalali,78,1.79 m,28 de febrero de 1994,Túnez
7178,Kamel Chebali,78,,9 de marzo de 1954,Túnez
7179,Adel Chedli,78,1.76 m,16 de septiembre de 1976,Túnez
7180,Ohman Chehaibi,78,,23 de diciembre de 1954,Túnez
7181,Sirajeddine Chihi,78,,16 de abril de 1970,Túnez
7182,Yassine Chikhaoui,78,1.87 m,22 de septiembre de 1986,Túnez
7183,Ferid Chouchane,78,,19 de abril de 1973,Túnez
7184,Clayton,78,1.80 m,21 de marzo de 1974,Túnez
7185,Aymen Dahmen,78,1.88 m,28 de enero de 1997,Túnez
7186,Tarek Dhiab,78,,15 de julio de 1954,Túnez
7187,Mokhtar Douieb,78,,23 de marzo de 1952,Túnez
7188,Mohamed Drager,78,1.80 m,25 de junio de 1996,Túnez
7189,Choukri El Ouaer,78,,15 de agosto de 1966,Túnez
7190,Adel El Sellimi,78,1.76 m,16 de noviembre de 1972,Túnez
7191,Ridha Ellouz,78,,27 de abril de 1953,Túnez
7192,Karim Essediri,78,1.85 m,29 de julio de 1979,Túnez
7193,Hassan Gabsi,78,1.71 m,23 de febrero de 1974,Túnez
7194,Khaled Gasmi,78,,8 de abril de 1953,Túnez
7195,Nader Ghandri,78,1.96 m,18 de febrero de 1995,Túnez
7196,Kais Ghodhbane,78,1.83 m,7 de enero de 1976,Túnez
7197,Nejib Ghommidh,78,,12 de marzo de 1953,Túnez
7198,Haykel Guemamdia,78,1.82 m,22 de diciembre de 1981,Túnez
7199,Oussama Haddadi,78,1.88 m,28 de enero de 1992,Túnez
7200,Karim Haggui,78,1.88 m,20 de enero de 1984,Túnez
7201,Mokhtar Hasni,78,,19 de marzo de 1952,Túnez
7202,Mouez Hassen,78,1.86 m,5 de marzo de 1995,Túnez
7203,Bilel Ifa,78,1.85 m,9 de marzo de 1990,Túnez
7204,Sabri Jaballah,78,,28 de junio de 1973,Túnez
7205,Radhi Jaidi,78,1.92 m,30 de agosto de 1975,Túnez
7206,Ahmed Jaouachi,78,1.79 m,13 de julio de 1975,Túnez
7207,Seifeddine Jaziri,78,1.80 m,12 de febrero de 1993,Túnez
7208,Zied Jaziri,78,1.71 m,12 de julio de 1978,Túnez
7209,Issam Jebali,78,1.82 m,25 de enero de 1991,Túnez
7210,Omar Jebali,78,,24 de diciembre de 1956,Túnez
7211,Riadh Jelassi,78,1.75 m,7 de julio de 1971,Túnez
7212,David Jemmali,78,1.88 m,13 de diciembre de 1974,Túnez
7213,Ali Kaabi,78,,15 de noviembre de 1953,Túnez
7214,Salah Karoui,78,,11 de septiembre de 1951,Túnez
7215,Hamdi Kasraoui,78,1.92 m,18 de enero de 1983,Túnez
7216,Wajdi Kechrida,78,1.77 m,5 de noviembre de 1995,Túnez
7217,Saber Khalifa,55,,14 de octubre de 1986,Marruecos
7218,Ahmed Khalil,78,1.78 m,8 de junio de 1991,Túnez
7219,Saîf-Eddine Khaoui,78,1.80 m,27 de abril de 1995,Túnez
7220,Wahbi Khazri,78,1.82 m,8 de febrero de 1991,Túnez
7221,Taha Yassine Khenissi,78,1.80 m,6 de enero de 1992,Túnez
7222,Khemais Labidi,78,,30 de agosto de 1950,Túnez
7223,Mohsen Labidi,78,,15 de enero de 1954,Túnez
7224,Aissa Laidouni,78,1.83 m,13 de diciembre de 1996,Túnez
7225,Temime Lakhzami,78,,1 de enero de 1949,Túnez
7226,Nejib Liman,78,,12 de junio de 1953,Túnez
7227,Ali Maâloul,78,1.75 m,1 de enero de 1990,Túnez
7228,Hamdi Marzouki,78,1.82 m,23 de enero de 1977,Túnez
7229,Aymen Mathlouthi,78,1.82 m,14 de septiembre de 1984,Túnez
7230,Hannibal Mejbri,78,1.77 m,21 de enero de 2003,Túnez
7231,Mourad Melki,78,1.78 m,9 de mayo de 1975,Túnez
7232,Sofiane Melliti,78,1.78 m,18 de agosto de 1978,Túnez
7233,Yassine Meriah,78,1.83 m,2 de julio de 1993,Túnez
7234,Imed Mhadhebi,78,1.75 m,22 de marzo de 1976,Túnez
7235,Mohamed Mkacher,78,1.80 m,25 de mayo de 1975,Túnez
7236,Emir Mkademi,78,1.78 m,20 de agosto de 1978,Túnez
7237,Jaouhar Mnari,78,1.83 m,8 de noviembre de 1976,Túnez
7238,Youssef Msakni,78,1.75 m,28 de octubre de 1990,Túnez
7239,Mehdi Nafti,78,1.78 m,28 de noviembre de 1978,Túnez
7240,Hamdi Nagguez,78,1.95 m,28 de octubre de 1992,Túnez
7241,Mokhtar Naili,78,,3 de septiembre de 1953,Túnez
7242,Hamed Namouchi,78,1.83 m,14 de febrero de 1984,Túnez
7243,Adel Nefzi,78,1.83 m,16 de marzo de 1974,Túnez
7244,Sadouk Sassi,78,,15 de noviembre de 1945,Túnez
7245,Karim Saidi,78,1.84 m,24 de marzo de 1983,Túnez
7246,Radhouane Salhi,78,,18 de diciembre de 1967,Túnez
7247,Santos,78,1.72 m,20 de marzo de 1979,Túnez
7248,Ferjani Sassi,78,1.86 m,18 de marzo de 1992,Túnez
7249,Ellyes Skhiri,78,1.85 m,10 de mayo de 1995,Túnez
7250,Anis Slimane,78,1.88 m,16 de marzo de 2001,Túnez
7251,Naïm Sliti,78,1.73 m,27 de julio de 1992,Túnez
7252,Skander Souayah,78,,20 de noviembre de 1972,Túnez
7253,Bassem Srarfi,78,1.76 m,25 de junio de 1997,Túnez
7254,Montassar Talbi,78,1.90 m,26 de mayo de 1998,Túnez
7255,Tarek Thabet,78,1.76 m,16 de agosto de 1971,Túnez
7256,Hatem Trabelsi,78,1.80 m,25 de enero de 1977,Túnez
7257,Sami Trabelsi,78,,4 de febrero de 1968,Túnez
7258,Alaeddine Yahia,78,1.86 m,26 de septiembre de 1981,Túnez
7259,Ali Zitouni,78,1.78 m,11 de enero de 1981,Túnez
7260,Warren Barrett,52,,7 de septiembre de 1970,Jamaica
7261,Walter Boyd,52,,1 de enero de 1972,Jamaica
7262,Durrent Brown,52,,7 de agosto de 1964,Jamaica
7263,Deon Burton,52,,25 de octubre de 1976,Jamaica
7264,Peter Cargill,52,,2 de marzo de 1964,Jamaica
7265,Christopher Dawes,52,,31 de mayo de 1974,Jamaica
7266,Linval Dixon,52,,14 de septiembre de 1971,Jamaica
7267,Robert Earle,52,,27 de enero de 1965,Jamaica
7268,Ricardo Gardner,52,,25 de septiembre de 1978,Jamaica
7269,Marcus Gayle,52,,27 de septiembre de 1970,Jamaica
7270,Ian Goodison,52,,21 de noviembre de 1972,Jamaica
7271,Paul Hall,52,,3 de julio de 1972,Jamaica
7272,Aaron Lawrence,52,,11 de agosto de 1970,Jamaica
7273,Onandi Lowe,52,,2 de diciembre de 1973,Jamaica
7274,Stephen Malcolm,52,,2 de mayo de 1970,Jamaica
7275,Darryl Powell,52,,15 de noviembre de 1971,Jamaica
7276,Donovan Ricketts,52,,6 de julio de 1977,Jamaica
7277,Dean Sewell,52,,13 de abril de 1972,Jamaica
7278,Fitzroy Simpson,52,,26 de febrero de 1970,Jamaica
7279,Frank Sinclair,52,,3 de diciembre de 1971,Jamaica
7280,Theodore Whitmore,52,,5 de agosto de 1972,Jamaica
7281,Andrew Williams,52,,23 de septiembre de 1977,Jamaica
7282,Attila Abonyi,7,,16 de agosto de 1946,Australia
7283,John Aloisi,7,1.88 m,5 de febrero de 1976,Australia
7284,Adrian Alston,7,,6 de febrero de 1949,Australia
7285,Daniel Arzani,7,1.71 m,4 de enero de 1999,Australia
7286,Nathaniel Atkinson,7,1.81 m,13 de junio de 1999,Australia
7287,Keanu Baccus,7,1.78 m,7 de junio de 1998,Australia
7288,Michael Beauchamp,7,1.91 m,8 de marzo de 1981,Australia
7289,Aziz Behich,7,1.70 m,16 de diciembre de 1990,Australia
7290,Martin Boyle,7,1.72 m,25 de abril de 1993,Australia
7291,Oliver Bozanic,7,1.77 m,8 de enero de 1989,Australia
7292,Mark Bresciano,7,1.82 m,11 de febrero de 1980,Australia
7293,Branko Buljevic,7,,6 de septiembre de 1947,Australia
7294,Tim Cahill,7,1.80 m,6 de diciembre de 1979,Australia
7295,Ernie Campbell,7,,20 de octubre de 1949,Australia
7296,David Carney,7,1.81 m,30 de noviembre de 1983,Australia
7297,Scott Chipperfield,7,1.80 m,30 de diciembre de 1975,Australia
7298,Ante Covic,7,1.92 m,13 de junio de 1975,Australia
7299,Jason Culina,7,1.75 m,5 de agosto de 1980,Australia
7300,Jason Cummings,61,1.78 m,1 de agosto de 1995,Panamá
7301,Colin Curran,7,,21 de agosto de 1947,Australia
7302,Jason Davidson,7,1.80 m,29 de junio de 1991,Australia
7303,Milos Degenek,7,1.87 m,28 de abril de 1994,Australia
7304,Thomas Deng,7,1.78 m,20 de marzo de 1997,Australia
7305,Cameron Devlin,7,1.71 m,7 de junio de 1998,Australia
7306,Mitchell Duke,7,1.82 m,18 de enero de 1991,Australia
7307,Brett Emerton,7,1.85 m,22 de febrero de 1979,Australia
7308,Adam Federici,7,1.88 m,31 de enero de 1985,Australia
7309,Ivan Franjic,7,1.80 m,10 de septiembre de 1987,Australia
7310,Eugene Galekovic,7,1.86 m,12 de junio de 1981,Australia
7311,Richard Garcia,56,1.80 m,4 de septiembre de 1981,México
7312,Craig Goodwin,7,1.83 m,16 de diciembre de 1991,Australia
7313,Vince Grella,7,1.83 m,5 de octubre de 1979,Australia
7314,Ben Halloran,7,1.80 m,14 de junio de 1992,Australia
7315,Dave Harding,7,,14 de agosto de 1946,Australia
7316,James Holland,7,1.80 m,15 de mayo de 1989,Australia
7317,Brett Holman,7,1.76 m,27 de marzo de 1984,Australia
7318,Ajdin Hrustic,7,1.80 m,5 de julio de 1996,Australia
7319,Jackson Irvine,7,1.89 m,7 de marzo de 1993,Australia
7320,Mile Jedinak,7,1.88 m,3 de agosto de 1984,Australia
7321,Brad Jones,7,1.93 m,19 de marzo de 1982,Australia
7322,Tomi Juric,7,1.91 m,22 de julio de 1991,Australia
7323,Matthew Jurman,7,1.90 m,8 de diciembre de 1989,Australia
7324,Zeljko Kalac,7,2.02 m,16 de diciembre de 1972,Australia
7325,Fran Karacic,7,1.81 m,12 de mayo de 1996,Australia
7326,Joshua Kennedy,7,1.92 m,20 de agosto de 1982,Australia
7327,Harry Kewell,7,1.83 m,22 de septiembre de 1978,Australia
7328,Joel King,7,1.79 m,30 de octubre de 2000,Australia
7329,Robbie Kruse,7,1.79 m,5 de octubre de 1988,Australia
7330,Garang Kuol,7,1.77 m,15 de septiembre de 2004,Australia
7331,Mitchell Langerak,7,1.91 m,22 de agosto de 1988,Australia
7332,Stan Lazaridis,7,1.75 m,16 de agosto de 1972,Australia
7333,Mathew Leckie,7,1.81 m,4 de febrero de 1991,Australia
7334,Massimo Luongo,7,1.76 m,25 de septiembre de 1992,Australia
7335,Awer Mabil,7,1.79 m,15 de septiembre de 1995,Australia
7336,Jimmy Mackay,7,,19 de diciembre de 1943,Australia
7337,Jamie Maclaren,7,1.79 m,29 de julio de 1993,Australia
7338,Allan Maher,7,,21 de julio de 1950,Australia
7339,Gary Manuel,7,,20 de febrero de 1950,Australia
7340,Ryan McGowan,7,1.91 m,15 de agosto de 1989,Australia
7341,Riley McGree,7,1.78 m,2 de noviembre de 1998,Australia
7342,Matt McKay,7,1.71 m,11 de enero de 1983,Australia
7343,James Meredith,7,1.85 m,4 de abril de 1988,Australia
7344,Jimmy Milisavljevic,7,,15 de abril de 1951,Australia
7345,Mark Milligan,7,1.78 m,4 de agosto de 1985,Australia
7346,Craig Moore,7,1.86 m,12 de diciembre de 1975,Australia
7347,Aaron Mooy,7,1.74 m,15 de septiembre de 1990,Australia
7348,Andrew Nabbout,7,1.78 m,17 de noviembre de 1992,Australia
7349,Lucas Neill,7,1.85 m,9 de marzo de 1978,Australia
7350,Tommy Oar,7,1.70 m,10 de diciembre de 1991,Australia
7351,Peter Ollerton,7,,20 de mayo de 1951,Australia
7352,Dimitri Petratos,7,1.76 m,10 de noviembre de 1992,Australia
7353,Tony Popovic,7,1.93 m,4 de julio de 1973,Australia
7354,Andrew Redmayne,7,1.94 m,13 de enero de 1989,Australia
7355,Jack Reilly,7,,27 de agosto de 1945,Australia
7356,Ray Richards,7,,18 de mayo de 1946,Australia
7357,Josh Risdon,7,1.76 m,27 de julio de 1992,Australia
7358,Tom Rogic,7,1.88 m,16 de noviembre de 1992,Australia
7359,Jimmy Rooney,7,,10 de octubre de 1945,Australia
7360,Kye Rowles,7,1.85 m,24 de junio de 1998,Australia
7361,Ivo Rudic,7,,24 de enero de 1942,Australia
7362,Nikita Rukavytsya,7,1.83 m,22 de junio de 1987,Australia
7363,Mathew Ryan,7,1.84 m,8 de abril de 1992,Australia
7364,Trent Sainsbury,7,1.83 m,5 de enero de 1992,Australia
7365,Manfred Schaefer,7,,12 de febrero de 1943,Australia
7366,Mark Schwarzer,7,1.96 m,6 de octubre de 1972,Australia
7367,Josip Skoko,7,1.77 m,10 de diciembre de 1975,Australia
7368,Harry Souttar,7,1.98 m,22 de octubre de 1998,Australia
7369,Matthew Spiranovic,7,1.93 m,27 de junio de 1988,Australia
7370,Mile Sterjovski,7,1.80 m,27 de mayo de 1979,Australia
7371,Adam Taggart,7,1.83 m,2 de junio de 1993,Australia
7372,Archie Thompson,7,1.71 m,23 de octubre de 1978,Australia
7373,Max Tolson,7,,18 de julio de 1945,Australia
7374,James Troisi,7,1.77 m,3 de julio de 1988,Australia
7375,Doug Utjesenovic,7,,8 de octubre de 1946,Australia
7376,Carl Valeri,7,1.80 m,14 de agosto de 1984,Australia
7377,Dario Vidosic,7,1.85 m,8 de abril de 1987,Australia
7378,Mark Viduka,7,1.88 m,9 de octubre de 1975,Australia
7379,Danny Vukovic,7,1.87 m,27 de marzo de 1985,Australia
7380,John Warren,7,,17 de mayo de 1943,Australia
7381,John Watkiss,7,,28 de marzo de 1941,Australia
7382,Alex Wilkinson,7,1.87 m,13 de agosto de 1984,Australia
7383,Luke Wilkshire,7,1.77 m,2 de octubre de 1981,Australia
7384,Harry Williams,7,,7 de mayo de 1951,Australia
7385,Peter Wilson,7,,15 de septiembre de 1947,Australia
7386,Bailey Wright,7,1.84 m,28 de julio de 1992,Australia
7387,Roald Amundsen,58,,1 de junio de 1903,Noruega
7388,Oddmund Andersen,58,,21 de diciembre de 1915,Noruega
7389,Gunnar Andreassen,58,,15 de enero de 1913,Noruega
7390,Hjalmar Andresen,58,,18 de julio de 1914,Noruega
7391,Espen Baardsen,58,,7 de diciembre de 1977,Noruega
7392,Henning Berg,58,,1 de septiembre de 1969,Noruega
7393,Stig Bjornebye,58,,11 de diciembre de 1969,Noruega
7394,Lars Bohinen,58,,8 de septiembre de 1969,Noruega
7395,Rune Bratseth,58,,19 de marzo de 1961,Noruega
7396,Arne Brustad,58,,14 de abril de 1912,Noruega
7397,Knut Brynildsen,58,,23 de julio de 1917,Noruega
7398,Dan Eggen,58,,13 de enero de 1970,Noruega
7399,Nils Eriksen,58,,5 de marzo de 1911,Noruega
7400,Jan Fjortoft,58,,10 de enero de 1967,Noruega
7401,Havard Flo,58,,4 de abril de 1970,Noruega
7402,Jostein Flo,58,,3 de octubre de 1964,Noruega
7403,Tore Andre Flo,58,,15 de junio de 1973,Noruega
7404,Odd Frantzen,58,,20 de enero de 1913,Noruega
7405,Frode Grodas,58,,24 de octubre de 1964,Noruega
7406,Alf Haland,58,,23 de noviembre de 1972,Noruega
7407,Gunnar Halle,58,,11 de agosto de 1965,Noruega
7408,Sverre Hansen,58,,23 de junio de 1913,Noruega
7409,Vegard Heggem,58,,13 de julio de 1975,Noruega
7410,Kristian Henriksen,58,,3 de marzo de 1911,Noruega
7411,Erik Hoftun,58,,3 de marzo de 1969,Noruega
7412,Rolf Holmberg,58,,24 de agosto de 1914,Noruega
7413,Oivind Holmsen,58,,28 de abril de 1912,Noruega
7414,Arne Ileby,58,,2 de diciembre de 1913,Noruega
7415,Magnar Isaksen,58,,13 de octubre de 1910,Noruega
7416,Mini Jakobsen,58,,8 de noviembre de 1965,Noruega
7417,Rolf Johannesen,58,,15 de marzo de 1910,Noruega
7418,Henry Johansen,58,,21 de julio de 1904,Noruega
7419,Erland Johnsen,58,,5 de abril de 1967,Noruega
7420,Ronny Johnsen,58,,10 de junio de 1969,Noruega
7421,Jorgen Juve,58,,22 de noviembre de 1906,Noruega
7422,Anker Kihle,58,,19 de abril de 1917,Noruega
7423,Reidar Kvammen,58,,23 de julio de 1914,Noruega
7424,Oyvind Leonhardsen,58,,17 de agosto de 1970,Noruega
7425,Karl Loken,58,,14 de agosto de 1966,Noruega
7426,Alf Martinsen,58,,29 de diciembre de 1911,Noruega
7427,Thomas Myhre,58,,16 de octubre de 1973,Noruega
7428,Erik Mykland,58,,21 de julio de 1971,Noruega
7429,Roger Nilsen,58,,8 de agosto de 1969,Noruega
7430,Sverre Nordby,58,,13 de marzo de 1910,Noruega
7431,Egil Ostenstad,58,,2 de enero de 1972,Noruega
7432,Kjetil Rekdal,58,,6 de noviembre de 1968,Noruega
7433,Ola By Rise,58,,14 de noviembre de 1960,Noruega
7434,Vidar Riseth,58,,21 de abril de 1972,Noruega
7435,Sigurd Rushfeldt,58,,11 de diciembre de 1972,Noruega
7436,Stale Solbakken,58,,27 de febrero de 1968,Noruega
7437,Ole Gunnar Solskjaer,58,,26 de febrero de 1973,Noruega
7438,Goran Sorloth,58,,16 de julio de 1962,Noruega
7439,Roar Strand,58,,2 de febrero de 1970,Noruega
7440,Erik Thorstvedt,58,,28 de octubre de 1962,Noruega
7441,John Aldridge,46,,18 de septiembre de 1958,Irlanda
7442,Phil Babb,46,,30 de noviembre de 1970,Irlanda
7443,Pat Bonner,46,,24 de mayo de 1960,Irlanda
7444,Gary Breen,46,1.90 m,12 de diciembre de 1973,Irlanda
7445,John Byrne,46,,1 de febrero de 1961,Irlanda
7446,Lee Carsley,46,1.77 m,28 de febrero de 1974,Irlanda
7447,Tony Cascarino,46,,1 de septiembre de 1962,Irlanda
7448,David Connolly,46,1.72 m,6 de junio de 1977,Irlanda
7449,Tommy Coyne,46,,14 de noviembre de 1962,Irlanda
7450,Kenny Cunningham,46,1.83 m,28 de junio de 1971,Irlanda
7451,Damien Duff,46,1.77 m,2 de marzo de 1979,Irlanda
7452,Richard Dunne,46,1.87 m,21 de septiembre de 1979,Irlanda
7453,Steve Finnan,46,1.83 m,20 de abril de 1976,Irlanda
7454,Shay Given,46,1.87 m,20 de abril de 1976,Irlanda
7455,Ian Harte,46,1.77 m,31 de agosto de 1977,Irlanda
7456,Matt Holland,46,1.75 m,11 de abril de 1974,Irlanda
7457,Ray Houghton,46,,9 de enero de 1962,Irlanda
7458,Christopher Hughton,46,,11 de diciembre de 1958,Irlanda
7459,Denis Irwin,46,,31 de octubre de 1965,Irlanda
7460,Robbie Keane,46,1.76 m,8 de julio de 1980,Irlanda
7461,Roy Keane,46,1.79 m,10 de agosto de 1971,Irlanda
7462,David Kelly,46,,25 de noviembre de 1965,Irlanda
7463,Gary Kelly,46,1.73 m,9 de julio de 1974,Irlanda
7464,Alan Kelly Jr.,11,1.89 m,11 de agosto de 1968,Brasil
7465,Alan Kernaghan,46,,25 de abril de 1967,Irlanda
7466,Dean Kiely,46,1.84 m,10 de octubre de 1970,Irlanda
7467,Kevin Kilbane,46,1.85 m,1 de febrero de 1977,Irlanda
7468,Mark Kinsella,46,1.76 m,12 de agosto de 1972,Irlanda
7469,Mick Mc Carthy,46,,7 de febrero de 1959,Irlanda
7470,Jason Mcateer,46,1.77 m,18 de junio de 1971,Irlanda
7471,Eddie Mcgoldrick,46,,30 de abril de 1965,Irlanda
7472,Paul Mcgrath,46,,4 de diciembre de 1959,Irlanda
7473,Alan Mcloughlin,46,,20 de abril de 1967,Irlanda
7474,Kevin Moran,46,,29 de abril de 1956,Irlanda
7475,Chris Morris,46,,24 de diciembre de 1963,Irlanda
7476,Clinton Morrison,46,1.78 m,14 de mayo de 1979,Irlanda
7477,Andy O'Brien,46,1.77 m,29 de junio de 1979,Irlanda
7478,David O'Leary,46,,2 de mayo de 1958,Irlanda
7479,Gerald Peyton,46,,20 de mayo de 1956,Irlanda
7480,Terry Phelan,46,,16 de marzo de 1967,Irlanda
7481,Niall Quinn,46,1.95 m,6 de octubre de 1966,Irlanda
7482,Steven Reid,46,1.80 m,10 de marzo de 1981,Irlanda
7483,Kevin Sheedy,46,,21 de octubre de 1959,Irlanda
7484,John Sheridan,46,,1 de octubre de 1964,Irlanda
7485,Bernard Slaven,46,,13 de noviembre de 1960,Irlanda
7486,Frank Stapleton,46,,10 de julio de 1956,Irlanda
7487,Steve Staunton,46,1.83 m,19 de enero de 1969,Irlanda
7488,Andy Townsend,46,,23 de julio de 1963,Irlanda
7489,Ronnie Whelan,46,,25 de septiembre de 1961,Irlanda
7490,Florian Albert,42,,15 de septiembre de 1941,Hungría
7491,Jozsef Andrusch,42,,31 de marzo de 1956,Hungría
7492,Istvan Avar,42,,27 de mayo de 1905,Hungría
7493,Laszlo Balint,42,,1 de febrero de 1948,Hungría
7494,Istvan Balogh,42,,21 de septiembre de 1916,Hungría
7495,Jozsef Bencsis,42,,6 de agosto de 1933,Hungría
7496,Ferenc Bene,42,,17 de diciembre de 1944,Hungría
7497,Pal Berendy,42,,30 de noviembre de 1932,Hungría
7498,Mihaly Biro,42,,,Hungría
7499,Sandor Biro,42,,19 de agosto de 1911,Hungría
7500,Bela Bodonyi,42,,14 de septiembre de 1956,Hungría
7501,Laszlo Bodor,42,,17 de agosto de 1933,Hungría
7502,Gyorgy Bognar,42,,5 de noviembre de 1961,Hungría
7503,Jozsef Bozsik,42,,28 de noviembre de 1925,Hungría
7504,Laszlo Budai,42,,19 de julio de 1928,Hungría
7505,Dezso Bundzsak,42,,3 de mayo de 1928,Hungría
7506,Gyozo Burcsa,42,,13 de marzo de 1954,Hungría
7507,Jeno Buzanszky,42,,4 de mayo de 1925,Hungría
7508,Karoly Csapo,42,,23 de febrero de 1952,Hungría
7509,Laszlo Cseh,42,,1 de enero de 1910,Hungría
7510,Ferenc Csongradi,42,,29 de marzo de 1956,Hungría
7511,Lajos Csordas,42,,6 de octubre de 1932,Hungría
7512,Jozsef Csuhay,42,,12 de julio de 1957,Hungría
7513,Zoltan Czibor,42,,23 de agosto de 1929,Hungría
7514,Laszlo Dajka,42,,29 de abril de 1959,Hungría
7515,Lajos Detari,42,,24 de abril de 1963,Hungría
7516,Laszlo Disztl,42,,4 de junio de 1962,Hungría
7517,Peter Disztl,42,,30 de marzo de 1960,Hungría
7518,Janos Dudas,42,,1 de enero de 1911,Hungría
7519,Marton Esterhazy,42,,9 de abril de 1956,Hungría
7520,Janos Farkas,42,,27 de marzo de 1942,Hungría
7521,Laszlo Fazekas,42,,15 de octubre de 1947,Hungría
7522,Mate Fenyvesi,42,,20 de septiembre de 1933,Hungría
7523,Zoltan Friedmanszky,42,,22 de octubre de 1934,Hungría
7524,Ferenc Fulop,42,,22 de febrero de 1955,Hungría
7525,Gyula Futo,42,,29 de diciembre de 1908,Hungría
7526,Imre Garaba,42,,29 de julio de 1958,Hungría
7527,Istvan Geczi,42,,13 de junio de 1944,Hungría
7528,Jozsef Gelei,42,,29 de junio de 1938,Hungría
7529,Sandor Geller,42,,12 de julio de 1925,Hungría
7530,Janos Gorocs,42,,8 de mayo de 1939,Hungría
7531,Gyula Grosics,42,,4 de febrero de 1926,Hungría
7532,Sandor Gujdar,42,,8 de noviembre de 1951,Hungría
7533,Geza Gulyas,42,,23 de marzo de 1933,Hungría
7534,Jozsef Hada,42,,2 de marzo de 1911,Hungría
7535,Gyula Hajszan,42,,9 de octubre de 1961,Hungría
7536,Istvan Halasz,42,,12 de octubre de 1951,Hungría
7537,Peter Hannich,42,,30 de marzo de 1957,Hungría
7538,Nandor Hidegkuti,42,,3 de marzo de 1922,Hungría
7539,Kalman Ihasz,42,,6 de diciembre de 1941,Hungría
7540,Istvan Ilku,42,,6 de marzo de 1933,Hungría
7541,Beno Kaposzta,42,,7 de junio de 1942,Hungría
7542,Jozsef Kardos,42,,22 de marzo de 1960,Hungría
7543,Bela Karpati,42,,30 de septiembre de 1929,Hungría
7544,Bela Katzirz,42,,27 de julio de 1953,Hungría
7545,Tibor Kemeny,42,,5 de marzo de 1913,Hungría
7546,Attila Kerekes,42,,4 de abril de 1954,Hungría
7547,Zoltan Kereki,42,,13 de julio de 1953,Hungría
7548,Jozsef Kiprich,42,,6 de septiembre de 1963,Hungría
7549,Imre Kiss,42,,10 de agosto de 1957,Hungría
7550,Laszlo Kiss,42,,12 de marzo de 1956,Hungría
7551,Istvan Kocsis,42,,6 de octubre de 1949,Hungría
7552,Sandor Kocsis,42,,21 de septiembre de 1929,Hungría
7553,Vilmos Kohut,42,,17 de julio de 1906,Hungría
7554,Lajos Koranyi,42,,15 de mayo de 1907,Hungría
7555,Antal Kotasz,42,,9 de septiembre de 1929,Hungría
7556,Imre Kovacs,42,,16 de noviembre de 1921,Hungría
7557,Kalman Kovacs,42,,11 de septiembre de 1965,Hungría
7558,Laszlo Kovacs,42,,24 de abril de 1951,Hungría
7559,Bela Kuharszki,42,,20 de abril de 1940,Hungría
7560,Laszlo Lachos,42,,,Hungría
7561,Mihaly Lantos,42,,29 de septiembre de 1928,Hungría
7562,Gyula Lazar,42,,24 de enero de 1911,Hungría
7563,Gyula Lorant,42,,6 de febrero de 1923,Hungría
7564,Ferenc Machos,42,,30 de junio de 1932,Hungría
7565,Imre Markos,42,,9 de junio de 1908,Hungría
7566,Gyozo Martos,42,,15 de diciembre de 1949,Hungría
7567,Imre Mathesz,42,,25 de marzo de 1937,Hungría
7568,Sandor Matrai,42,,20 de noviembre de 1932,Hungría
7569,Ivan Menczel,42,,14 de diciembre de 1941,Hungría
7570,Ferenc Meszaros,42,,11 de abril de 1950,Hungría
7571,Kalman Meszoly,42,,16 de julio de 1941,Hungría
7572,Dezso Molnar,42,,2 de diciembre de 1939,Hungría
7573,Tivadar Monostori,42,,24 de marzo de 1936,Hungría
7574,Sandor Muller,42,,21 de septiembre de 1948,Hungría
7575,Antal Nagy,42,,17 de octubre de 1956,Hungría
7576,Istvan Nagy,42,,14 de abril de 1939,Hungría
7577,Jozsef Nagy,42,,21 de octubre de 1960,Hungría
7578,Laszlo Nagy,42,,21 de octubre de 1949,Hungría
7579,Tibor Nyilasi,42,,18 de enero de 1955,Hungría
7580,Jozsef Palinkas,42,,1 de enero de 1912,Hungría
7581,Istvan Palotas,42,,5 de marzo de 1908,Hungría
7582,Peter Palotas,42,,27 de junio de 1929,Hungría
7583,Zoltan Peter,42,,23 de marzo de 1958,Hungría
7584,Sandor Pinter,42,,18 de julio de 1950,Hungría
7585,Gyula Polgar,42,,8 de febrero de 1912,Hungría
7586,Gabor Poloskei,42,,11 de octubre de 1961,Hungría
7587,Ferenc Puskas,42,1.70 m,2 de abril de 1927,Hungría
7588,Lajos Puskas,42,,3 de agosto de 1944,Hungría
7589,Laszlo Pusztai,42,,1 de marzo de 1946,Hungría
7590,Tibor Rab,42,,2 de octubre de 1955,Hungría
7591,Gyula Rakosi,42,,9 de octubre de 1938,Hungría
7592,Antal Roth,42,,14 de septiembre de 1960,Hungría
7593,Sandor Sallai,42,,26 de marzo de 1960,Hungría
7594,Karoly Sandor,42,,29 de noviembre de 1928,Hungría
7595,Bela Sarosi,42,,15 de agosto de 1919,Hungría
7596,Gyorgy Sarosi,42,,16 de septiembre de 1912,Hungría
7597,Laszlo Sarosi,42,,27 de febrero de 1932,Hungría
7598,Ferenc Sas,42,,1 de enero de 1915,Hungría
7599,Ferenc Sipos,42,,13 de diciembre de 1932,Hungría
7600,Erno Solymosi,42,,21 de septiembre de 1940,Hungría
7601,Rezso Somlai,42,,1 de enero de 1911,Hungría
7602,Kalman Sovari,42,,21 de diciembre de 1940,Hungría
7603,Laszlo Sternberg,42,,28 de mayo de 1905,Hungría
7604,Antal Szabo,42,,4 de septiembre de 1910,Hungría
7605,Gabor Szabo,42,,14 de octubre de 1902,Hungría
7606,Antal Szalay,42,,12 de marzo de 1912,Hungría
7607,Jozsef Szendrei,42,,25 de abril de 1954,Hungría
7608,Lazar Szentes,42,,12 de diciembre de 1955,Hungría
7609,Antal Szentimihalyi,42,,13 de junio de 1939,Hungría
7610,Gusztav Szepesi,42,,17 de julio de 1939,Hungría
7611,Oszkar Szigeti,42,,1 de enero de 1933,Hungría
7612,Ferenc Szojka,42,,7 de abril de 1931,Hungría
7613,Gyorgy Szucs,42,,23 de abril de 1912,Hungría
7614,Istvan Tamassy,42,,1 de enero de 1911,Hungría
7615,Pal Teleki,42,,5 de marzo de 1906,Hungría
7616,Lajos Tichy,42,,21 de marzo de 1935,Hungría
7617,Pal Titkos,42,,8 de enero de 1908,Hungría
7618,Geza Toldi,42,,11 de febrero de 1909,Hungría
7619,Andras Torocsik,42,,1 de mayo de 1955,Hungría
7620,Peter Torok,42,,18 de abril de 1951,Hungría
7621,Andras Toth,42,,5 de septiembre de 1949,Hungría
7622,Jozsef Toth,42,,2 de diciembre de 1951,Hungría
7623,Mihaly Toth,42,,14 de septiembre de 1926,Hungría
7624,Jozsef Turay,42,,1 de marzo de 1905,Hungría
7625,Jozsef Vago,42,,1 de enero de 1906,Hungría
7626,Bela Varadi,42,,12 de abril de 1953,Hungría
7627,Jozsef Varga,42,,9 de octubre de 1954,Hungría
7628,Zoltan Varga,42,,1 de enero de 1945,Hungría
7629,Pal Varhidi,42,,6 de noviembre de 1931,Hungría
7630,Mihaly Vasas,42,,1 de enero de 1933,Hungría
7631,Jeno Vincze,42,,20 de noviembre de 1908,Hungría
7632,Jozsef Zakarias,42,,25 de marzo de 1924,Hungría
7633,Sandor Zombori,42,,31 de octubre de 1951,Hungría
7634,Gyula Zsengeller,42,,27 de diciembre de 1915,Hungría
7635,Paul Aguilar,56,1.78 m,6 de marzo de 1986,México
7636,Javier Aguirre,56,,1 de diciembre de 1958,México
7637,Juan Manuel Alejandrez,56,,15 de noviembre de 1943,México
7638,Roberto Alvarado,56,1.76 m,7 de septiembre de 1998,México
7639,Edson Álvarez,56,1.80 m,24 de octubre de 1997,México
7640,Kevin Álvarez,56,1.76 m,15 de enero de 1999,México
7641,Rafael Amador,56,,16 de noviembre de 1957,México
7642,Ignacio Ambriz,56,1.77 m,7 de febrero de 1965,México
7643,Efrain Amezcua,56,,3 de agosto de 1907,México
7644,Uriel Antuna,56,1.67 m,21 de agosto de 1997,México
7645,Javier Aquino,56,1.65 m,11 de febrero de 1990,México
7646,Néstor Araujo,56,1.87 m,29 de agosto de 1991,México
7647,Jesus Arellano,56,1.71 m,8 de mayo de 1973,México
7648,Raul Arellano,56,,28 de febrero de 1935,México
7649,Gerardo Arteaga,56,1.75 m,7 de septiembre de 1998,México
7650,Rafael Avalos,56,,1 de enero de 1926,México
7651,Hugo Ayala,56,1.83 m,31 de marzo de 1987,México
7652,Alberto Baeza,56,,6 de diciembre de 1938,México
7653,Tomas Balcazar,56,,21 de diciembre de 1931,México
7654,Pablo Barrera,56,1.72 m,21 de junio de 1987,México
7655,Juan Ignacio Basaguren,56,,21 de julio de 1944,México
7656,Adolfo Bautista,56,1.85 m,15 de mayo de 1979,México
7657,Jaime Belmonte,56,,8 de octubre de 1934,México
7658,Marcelino Bernal,56,,27 de mayo de 1962,México
7659,Carlos Blanco,56,,5 de marzo de 1927,México
7660,Cuauhtemoc Blanco,56,1.78 m,17 de enero de 1973,México
7661,Oscar Bonfiglio,56,,5 de octubre de 1905,México
7662,Jose Borbolla,56,,31 de enero de 1920,México
7663,Jared Borgetti,56,1.82 m,14 de agosto de 1973,México
7664,Enrique Borja,56,,30 de diciembre de 1945,México
7665,Tomas Boy,56,,6 de junio de 1952,México
7666,Omar Bravo,56,1.74 m,4 de marzo de 1980,México
7667,Sergio Bravo,56,,1 de enero de 1927,México
7668,Isaác Brizuela,56,1.75 m,28 de agosto de 1990,México
7669,Melvin Brown,56,1.74 m,28 de enero de 1979,México
7670,Gabriel Caballero,56,1.73 m,5 de febrero de 1971,México
7671,Ignacio Calderon,61,,13 de diciembre de 1943,Panamá
7672,Carlos Calderon De La Barca,56,,2 de octubre de 1934,México
7673,Manuel Camacho,56,,29 de abril de 1929,México
7674,Jorge Campos,56,1.75 m,11 de agosto de 1970,México
7675,Antonio Carbajal,56,,7 de junio de 1929,México
7676,Javier Cardenas,56,,8 de diciembre de 1952,México
7677,Raul Cardenas,56,,30 de octubre de 1928,México
7678,Salvador Carmona,56,1.76 m,22 de agosto de 1975,México
7679,Juan Carreno,56,,14 de agosto de 1907,México
7680,Carlos Carus,56,,10 de julio de 1930,México
7681,Horacio Casarin,56,,25 de mayo de 1918,México
7682,Francisco Castrejon,56,,11 de junio de 1947,México
7683,Israel Castro,56,1.75 m,20 de diciembre de 1980,México
7684,Jesus Castro,56,,,México
7685,Jose Castro,56,1.73 m,11 de agosto de 1980,México
7686,Arturo Chaires,56,,14 de marzo de 1937,México
7687,Adrian Chavez,56,,27 de junio de 1962,México
7688,Juan Chavez,56,,18 de enero de 1967,México
7689,Luis Chávez,56,1.78 m,15 de enero de 1996,México
7690,Ernesto Cisneros,56,,26 de octubre de 1940,México
7691,Rigoberto Cisneros,56,,15 de agosto de 1953,México
7692,Raul Cordoba,56,,,México
7693,Jesús Manuel Corona,56,1.73 m,6 de enero de 1993,México
7694,José de Jesús Corona,56,1.84 m,26 de enero de 1981,México
7695,Ranulfo Cortes,56,,,México
7696,Rodolfo Cota,56,1.88 m,3 de julio de 1987,México
7697,Felix Cruz,56,,4 de abril de 1961,México
7698,Francisco Cruz,56,,24 de mayo de 1966,México
7699,Samuel Cuburu,56,,20 de febrero de 1928,México
7700,Leonardo Cuellar,56,,14 de enero de 1952,México
7701,Duilio Davino,56,1.79 m,21 de marzo de 1976,México
7702,Antonio De La Torre,56,,21 de septiembre de 1951,México
7703,Carlos De Los Cobos,56,,10 de diciembre de 1958,México
7704,Alfredo Del Aguila,56,,3 de enero de 1935,México
7705,Jesus Del Muro,56,,30 de noviembre de 1937,México
7706,Joaquin Del Olmo,56,1.73 m,20 de abril de 1969,México
7707,Isidoro Diaz,56,,14 de marzo de 1940,México
7708,Alejandro Dominguez,56,,9 de noviembre de 1961,México
7709,Giovani dos Santos,78,1.75 m,11 de mayo de 1989,Túnez
7710,Jonathan dos Santos,78,1.73 m,26 de abril de 1990,Túnez
7711,Miguel Espana,56,,4 de abril de 1961,México
7712,Eduardo Espinoza,56,,12 de abril de 1965,México
7713,Marco Fabián,56,1.70 m,21 de julio de 1989,México
7714,Salvador Farfan,56,,22 de junio de 1932,México
7715,Felix Fernandez,56,,11 de enero de 1967,México
7716,Antonio Flores,56,,13 de julio de 1923,México
7717,Francisco Flores,56,,12 de febrero de 1926,México
7718,Ignacio Flores,56,,31 de julio de 1953,México
7719,Luis Flores,56,,8 de agosto de 1962,México
7720,Jose Fonseca,56,1.84 m,2 de octubre de 1979,México
7721,Javier Fragoso,56,,19 de abril de 1942,México
7722,Guillermo Franco,56,1.82 m,3 de noviembre de 1976,México
7723,Rogelio Funes Mori,56,1.86 m,5 de marzo de 1991,México
7724,Francisco Gabriel De Anda,56,1.88 m,5 de junio de 1971,México
7725,Benjamin Galindo,56,,11 de diciembre de 1960,México
7726,Jesús Gallardo,56,1.74 m,15 de agosto de 1994,México
7727,Luis Garcia,56,1.76 m,24 de junio de 1978,México
7728,Rafael Garcia,56,1.75 m,14 de agosto de 1974,México
7729,Alberto Garcia Aspe,56,1.74 m,11 de mayo de 1967,México
7730,Francisco Garza Gutierrez,56,,14 de marzo de 1904,México
7731,Rafael Garza Gutierrez,56,,13 de diciembre de 1896,México
7732,Roberto Gayon,56,,1 de enero de 1905,México
7733,Carlos Gomez,56,,16 de agosto de 1952,México
7734,Gregorio Gomez,61,,26 de junio de 1924,Panamá
7735,Jaime Gomez,61,,29 de diciembre de 1929,Panamá
7736,Juan Gomez,61,,26 de junio de 1924,Panamá
7737,Carlos Gonzalez,56,,12 de abril de 1935,México
7738,Jose Gonzalez,56,,14 de septiembre de 1942,México
7739,Andres Guardado,56,1.67 m,28 de septiembre de 1986,México
7740,Carlos Guevara,56,,,México
7741,Crescencio Gutierrez,56,,26 de octubre de 1933,México
7742,Érick Gutiérrez,56,1.76 m,15 de junio de 1995,México
7743,Manuel Gutierrez,56,,8 de abril de 1920,México
7744,Miguel Gutierrez,56,,19 de noviembre de 1956,México
7745,Raul Gutierrez,56,,16 de octubre de 1966,México
7746,Javier Guzman,56,,9 de enero de 1945,México
7747,Olaf Heredia,56,,19 de octubre de 1957,México
7748,Carlos Hermosillo,56,,24 de agosto de 1964,México
7749,Alfredo Hernandez,56,,18 de junio de 1935,México
7750,Francisco Hernandez,56,,11 de diciembre de 1958,México
7751,Guillermo Hernandez,56,,25 de junio de 1942,México
7752,Hector Hernandez,56,,6 de diciembre de 1935,México
7753,Javier Hernandez,56,1.75 m,1 de junio de 1988,México
7754,Luis Hernandez,56,1.72 m,22 de diciembre de 1968,México
7755,Héctor Herrera,56,1.80 m,19 de abril de 1990,México
7756,Raul Isiordia,56,,22 de diciembre de 1952,México
7757,Francisco Jara,56,,3 de febrero de 1941,México
7758,Antonio Jasso,56,,11 de marzo de 1935,México
7759,Ignacio Jauregui,56,,31 de julio de 1938,México
7760,Raúl Jiménez,56,1.88 m,5 de mayo de 1991,México
7761,Moises Jinich,56,,,México
7762,Efrain Juarez,56,1.75 m,22 de febrero de 1988,México
7763,Jose Lamadrid,56,,3 de julio de 1930,México
7764,Raul Lara,56,,28 de febrero de 1973,México
7765,Pablo Larios,56,,31 de julio de 1960,México
7766,Miguel Layún,56,1.76 m,25 de junio de 1988,México
7767,Hilario Lopez,56,,18 de noviembre de 1907,México
7768,Ligorio Lopez,56,,3 de julio de 1933,México
7769,Narciso Lopez,56,,18 de agosto de 1928,México
7770,Horacio Lopez Salgado,56,,15 de septiembre de 1948,México
7771,Enrique Lopez Zarza,56,,25 de octubre de 1958,México
7772,Hirving Lozano,56,1.76 m,30 de julio de 1995,México
7773,Gerardo Lugo,56,,13 de marzo de 1955,México
7774,Braulio Luna,56,1.82 m,8 de septiembre de 1974,México
7775,Jonny Magallon,56,1.78 m,21 de noviembre de 1981,México
7776,Armando Manzo,56,,16 de octubre de 1958,México
7777,Rafael Marquez,56,1.85 m,13 de febrero de 1979,México
7778,Henry Martin,56,1.80 m,18 de noviembre de 1992,México
7779,Jesus Martinez,56,,7 de junio de 1952,México
7780,Saturnino Martinez,56,,1 de enero de 1928,México
7781,Alberto Medina,56,1.72 m,29 de mayo de 1983,México
7782,Mario Medina,56,,2 de septiembre de 1952,México
7783,Dioniso Mejia,56,,6 de enero de 1907,México
7784,Mario Mendez,56,1.75 m,1 de junio de 1979,México
7785,Guillermo Mendizabal,56,,8 de octubre de 1954,México
7786,Magdaleno Mercado,56,,4 de abril de 1944,México
7787,Sigifredo Mercado,56,1.83 m,21 de diciembre de 1968,México
7788,Luis Michel,56,1.83 m,21 de julio de 1979,México
7789,Alfonso Montemayor,56,,28 de abril de 1922,México
7790,César Montes,56,1.91 m,24 de febrero de 1997,México
7791,Francisco Montes,56,,28 de junio de 1942,México
7792,Ramon Morales,56,1.68 m,10 de octubre de 1975,México
7793,Hector Moreno,56,1.82 m,17 de enero de 1988,México
7794,Antonio Mota,56,,1 de enero de 1943,México
7795,Salvador Mota,56,,1 de enero de 1923,México
7796,Antonio Munguia,56,,27 de junio de 1942,México
7797,Carlos Munoz,56,,8 de septiembre de 1962,México
7798,Elias Munoz,56,,3 de noviembre de 1941,México
7799,Manuel Najera,56,,20 de diciembre de 1952,México
7800,Pedro Najera,56,,3 de febrero de 1929,México
7801,Jose Naranjo,56,,19 de marzo de 1926,México
7802,Jose Navarro,56,,24 de septiembre de 1948,México
7803,Ramiro Navarro,56,,25 de mayo de 1943,México
7804,Manuel Negrete,56,,11 de marzo de 1959,México
7805,Gabriel Nunez,56,,6 de febrero de 1942,México
7806,Guillermo Ochoa,56,1.85 m,13 de julio de 1985,México
7807,Mario Ochoa,56,,1 de enero de 1927,México
7808,Felipe Olivares,56,,5 de febrero de 1910,México
7809,Jaime Ordiales,56,,23 de diciembre de 1962,México
7810,Cristobal Ortega,56,,25 de julio de 1956,México
7811,Guillermo Ortiz,56,,25 de junio de 1940,México
7812,Hector Ortiz,56,,20 de diciembre de 1928,México
7813,Ricardo Osorio,56,1.73 m,30 de marzo de 1980,México
7814,Aaron Padilla,56,,10 de julio de 1942,México
7815,Francisco Palencia,56,1.75 m,28 de abril de 1973,México
7816,Pavel Pardo,56,1.74 m,26 de julio de 1976,México
7817,Ricardo Pelaez Linares,56,,14 de marzo de 1963,México
7818,Carlos Peña,56,1.78 m,29 de marzo de 1990,México
7819,Gustavo Pena,56,,22 de noviembre de 1942,México
7820,Oribe Peralta,56,1.80 m,12 de enero de 1984,México
7821,Luis Perez,56,1.70 m,12 de enero de 1981,México
7822,Mario Perez,61,,30 de diciembre de 1946,Panamá
7823,Oscar Perez,56,1.71 m,1 de febrero de 1973,México
7824,Gonzalo Pineda,56,1.77 m,19 de octubre de 1982,México
7825,Orbelín Pineda,56,1.69 m,24 de marzo de 1996,México
7826,Miguel Ponce,56,1.76 m,12 de abril de 1989,México
7827,Alfonso Portugal,56,,21 de enero de 1934,México
7828,Max Prieto,56,,28 de marzo de 1919,México
7829,Alan Pulido,56,1.75 m,8 de marzo de 1991,México
7830,Hector Pulido,56,,15 de diciembre de 1942,México
7831,Fernando Quirarte,56,,7 de julio de 1961,México
7832,Juan Ramirez,56,,8 de marzo de 1969,México
7833,Ramon Ramirez,56,,5 de diciembre de 1969,México
7834,Eduardo Ramos,56,,8 de noviembre de 1949,México
7835,Victor Rangel,56,,11 de marzo de 1957,México
7836,Luis Regueiro,56,,22 de diciembre de 1943,México
7837,Diego Reyes,56,1.89 m,19 de septiembre de 1992,México
7838,Jose Reyes,56,,12 de octubre de 1955,México
7839,Salvador Reyes,56,,20 de septiembre de 1936,México
7840,Marcos Rivas,56,,19 de septiembre de 1945,México
7841,Jose Roca,56,,24 de mayo de 1928,México
7842,Alberto Rodriguez,56,1.68 m,1 de abril de 1974,México
7843,Carlos Rodríguez,56,1.70 m,3 de enero de 1997,México
7844,Francisco Rodriguez,56,1.91 m,20 de octubre de 1981,México
7845,Hugo Rodriguez,56,,14 de marzo de 1959,México
7846,Ignacio Rodriguez,61,,12 de junio de 1956,Panamá
7847,Joahan Rodriguez,56,1.76 m,15 de agosto de 1975,México
7848,Jorge Rodriguez,56,,18 de abril de 1968,México
7849,Raimundo Rodriguez,56,,15 de abril de 1905,México
7850,Pedro Romero,56,,12 de abril de 1937,México
7851,Jorge Romo,56,,20 de abril de 1923,México
7852,Luis Romo,56,1.83 m,5 de junio de 1995,México
7853,Felipe Rosas,56,,5 de febrero de 1910,México
7854,Manuel Rosas,56,,17 de abril de 1912,México
7855,Jose Ruiz,56,,1 de enero de 1904,México
7856,Rodrigo Ruiz,56,,14 de abril de 1923,México
7857,Felipe Ruvalcaba,56,,16 de febrero de 1941,México
7858,Jaime Salazar,56,,6 de febrero de 1931,México
7859,Carlos Salcedo,56,1.86 m,29 de septiembre de 1993,México
7860,Carlos Salcido,56,1.76 m,2 de abril de 1980,México
7861,Jose Salgado,56,,3 de abril de 1966,México
7862,Luis Salvador,56,,26 de febrero de 1968,México
7863,Alfredo Sanchez,56,,,México
7864,Hugo Sánchez,56,1.75 m,11 de julio de 1958,México
7865,Joel Sanchez,56,,17 de agosto de 1974,México
7866,Jorge Sánchez,56,1.70 m,10 de diciembre de 1997,México
7867,Oswaldo Sanchez,56,1.84 m,21 de septiembre de 1973,México
7868,Carlos Septien,56,,18 de enero de 1923,México
7869,Guillermo Sepulveda,56,,28 de febrero de 1934,México
7870,Raul Servin,56,,29 de abril de 1963,México
7871,Enrique Sesma,56,,22 de abril de 1927,México
7872,Isidoro Sota,56,,4 de febrero de 1902,México
7873,Pedro Soto,56,,22 de octubre de 1952,México
7874,Claudio Suarez,56,1.81 m,17 de diciembre de 1968,México
7875,Alfredo Talavera,56,1.88 m,18 de septiembre de 1982,México
7876,Alfredo Tena,56,,21 de noviembre de 1956,México
7877,Isaac Terrazas,56,,23 de enero de 1973,México
7878,Gerardo Torrado,56,1.73 m,30 de abril de 1979,México
7879,Alfredo Torres,56,,31 de mayo de 1931,México
7880,Jorge Torres,56,1.82 m,16 de enero de 1988,México
7881,Mario Trejo,56,,18 de septiembre de 1961,México
7882,Luis Valdez,56,,1 de julio de 1965,México
7883,Javier Valdivia,56,,4 de diciembre de 1941,México
7884,Jose Vantolra,56,,30 de marzo de 1943,México
7885,Javier Vargas,56,,22 de noviembre de 1941,México
7886,Arturo Vasquez,56,,26 de junio de 1949,México
7887,Johan Vásquez,56,1.82 m,22 de octubre de 1998,México
7888,José Juan Vázquez,56,1.66 m,14 de marzo de 1988,México
7889,Alexis Vega,56,1.75 m,25 de noviembre de 1997,México
7890,Carlos Vela,56,1.79 m,1 de marzo de 1989,México
7891,Mario Velarde,56,,29 de marzo de 1940,México
7892,Guadalupe Velazquez,56,,12 de agosto de 1923,México
7893,Manuel Vidrio,56,1.84 m,23 de agosto de 1972,México
7894,German Villa,56,1.71 m,2 de abril de 1973,México
7895,Jose Villegas,56,,20 de junio de 1934,México
7896,Zague,56,1.92 m,23 de mayo de 1967,México
7897,Felipe Zetter,56,,3 de julio de 1923,México
7898,Zinha,56,1.63 m,23 de mayo de 1976,México
7899,Adam Adam,54,,23 de septiembre de 1957,Kuwait
7900,Abdulaziz Al Anbari,54,,3 de enero de 1954,Kuwait
7901,Abdulaziz Al Balushi,54,,16 de febrero de 1960,Kuwait
7902,Faisal Al Dakhil,54,,13 de agosto de 1957,Kuwait
7903,Nasser Al Ghanem,54,,4 de abril de 1961,Kuwait
7904,Mouayad Al Haddad,54,,1 de enero de 1960,Kuwait
7905,Sami Al Hashash,54,,15 de septiembre de 1959,Kuwait
7906,Saad Al Hutti,54,,24 de mayo de 1954,Kuwait
7907,Walid Al Mubarak,30,,18 de noviembre de 1959,Emiratos Arabes
7908,Jamal Al Qabandi,54,,7 de abril de 1959,Kuwait
7909,Hamud Al Shemmari,54,,26 de septiembre de 1960,Kuwait
7910,Ahmed Al Tarabulsi,54,,22 de marzo de 1947,Kuwait
7911,Jassem Bahman,54,,15 de febrero de 1958,Kuwait
7912,Naim Fajah,54,,1 de octubre de 1957,Kuwait
7913,Yusuf Faraj,54,,20 de septiembre de 1958,Kuwait
7914,Mohamed Karam,54,,1 de enero de 1955,Kuwait
7915,Fathi Matar,54,,23 de mayo de 1955,Kuwait
7916,Abdullah Mayuf,54,,3 de diciembre de 1953,Kuwait
7917,Abdulaziz Mohammed,54,,4 de diciembre de 1962,Kuwait
7918,Mahboud Mubarak,54,,17 de septiembre de 1955,Kuwait
7919,Mubarak Mubarak,30,,1 de enero de 1961,Emiratos Arabes
7920,Jasem Sultan,54,,25 de octubre de 1953,Kuwait
7921,Akwa,3,1.80 m,30 de mayo de 1977,Angola
7922,Andre,3,1.75 m,14 de mayo de 1978,Angola
7923,Andre Titi Buengo,3,1.89 m,11 de febrero de 1980,Angola
7924,Delgado,3,1.78 m,1 de noviembre de 1979,Angola
7925,Edson,3,1.75 m,2 de marzo de 1980,Angola
7926,Figueiredo,3,1.70 m,28 de noviembre de 1972,Angola
7927,Flavio,3,1.75 m,30 de diciembre de 1979,Angola
7928,Jamba,3,1.82 m,10 de julio de 1977,Angola
7929,Joao Ricardo,3,1.80 m,7 de enero de 1970,Angola
7930,Kali,3,1.87 m,11 de octubre de 1978,Angola
7931,Lama,3,1.87 m,1 de febrero de 1981,Angola
7932,Lebo Lebo,3,1.87 m,29 de mayo de 1977,Angola
7933,Loco,3,1.80 m,25 de diciembre de 1984,Angola
7934,Love,3,1.78 m,14 de marzo de 1979,Angola
7935,Mantorras,3,1.78 m,18 de marzo de 1982,Angola
7936,Marco Abreu,3,1.80 m,8 de diciembre de 1974,Angola
7937,Marcos Airosa,3,1.78 m,6 de agosto de 1984,Angola
7938,Mario,3,1.84 m,1 de junio de 1985,Angola
7939,Mateus,3,1.74 m,18 de junio de 1984,Angola
7940,Mendonca,3,1.72 m,9 de octubre de 1982,Angola
7941,Miloy,3,1.82 m,27 de mayo de 1981,Angola
7942,Rui Marques,3,1.85 m,3 de septiembre de 1977,Angola
7943,Ze Kalanga,3,1.75 m,12 de octubre de 1983,Angola
7944,Abdulaziz Mohamed,30,,12 de diciembre de 1965,Emiratos Arabes
7945,Mohamed Abdullah,30,,1 de octubre de 1963,Emiratos Arabes
7946,Abdullah Musa,30,,2 de marzo de 1958,Emiratos Arabes
7947,Hassan Abdulqader,30,,15 de abril de 1962,Emiratos Arabes
7948,Abdulrahman Al Haddad,30,,23 de septiembre de 1966,Emiratos Arabes
7949,Adnan Al Talyani,30,,1 de octubre de 1964,Emiratos Arabes
7950,Eissa Meer,30,,16 de julio de 1967,Emiratos Arabes
7951,Fahad Abdulrahman,30,,10 de octubre de 1962,Emiratos Arabes
7952,Fahad Khamees,30,,24 de enero de 1962,Emiratos Arabes
7953,Hassan Mohamed,30,,23 de agosto de 1962,Emiratos Arabes
7954,Hussain Ghuloum,30,,24 de septiembre de 1969,Emiratos Arabes
7955,Ibrahim Meer,30,,16 de julio de 1967,Emiratos Arabes
7956,Ali Thani Jumaa,30,,18 de agosto de 1968,Emiratos Arabes
7957,Khaleel Ghanim,30,,12 de noviembre de 1964,Emiratos Arabes
7958,Khalid Ismail,30,,7 de julio de 1965,Emiratos Arabes
7959,Mohamed Salim,30,,13 de enero de 1968,Emiratos Arabes
7960,Ghanim Mubarak,30,,3 de septiembre de 1963,Emiratos Arabes
7961,Muhsin Musabah,30,,1 de enero de 1964,Emiratos Arabes
7962,Nasir Khamees,30,,2 de agosto de 1965,Emiratos Arabes
7963,Abdullah Sultan,30,,1 de octubre de 1963,Emiratos Arabes
7964,Yousuf Hussain,30,,8 de julio de 1965,Emiratos Arabes
7965,Zuhair Bakheet,30,,13 de julio de 1967,Emiratos Arabes
7966,Chol Hyok An,20,1.78 m,27 de junio de 1987,Corea del Norte
7967,Se Bok An,20,,29 de octubre de 1946,Corea del Norte
7968,Yong Hak An,20,1.82 m,25 de octubre de 1978,Corea del Norte
7969,Jong Hyok Cha,20,1.78 m,25 de septiembre de 1985,Corea del Norte
7970,Kum Chol Choe,20,1.78 m,9 de febrero de 1987,Corea del Norte
7971,Yung Won Ha,20,,20 de abril de 1942,Corea del Norte
7972,Bong Zin Han,20,,2 de septiembre de 1945,Corea del Norte
7973,Yong Jo Hong,20,1.74 m,22 de mayo de 1982,Corea del Norte
7974,Seung Hwi Im,20,,3 de febrero de 1946,Corea del Norte
7975,Yun Nam Ji,20,1.72 m,20 de noviembre de 1976,Corea del Norte
7976,Tae Se Jong,20,1.81 m,2 de marzo de 1984,Corea del Norte
7977,Bong Chil Kang,20,,7 de noviembre de 1943,Corea del Norte
7978,Ryong Woon Kang,20,,25 de abril de 1942,Corea del Norte
7979,Seung Woon Ke,20,,26 de diciembre de 1943,Corea del Norte
7980,Bong Hwan Kim,20,,4 de julio de 1939,Corea del Norte
7981,Kum Il Kim,20,1.70 m,10 de octubre de 1987,Corea del Norte
7982,Kyong Il Kim,20,1.74 m,11 de diciembre de 1988,Corea del Norte
7983,Myong Gil Kim,20,1.81 m,16 de octubre de 1984,Corea del Norte
7984,Myong Won Kim,20,1.80 m,15 de julio de 1983,Corea del Norte
7985,Seung Il Kim,20,,2 de septiembre de 1945,Corea del Norte
7986,Yong Jun Kim,20,1.82 m,19 de julio de 1983,Corea del Norte
7987,Yung Kil Kim,20,,29 de enero de 1944,Corea del Norte
7988,Chang Myung Lee,20,,2 de enero de 1947,Corea del Norte
7989,Keun Hak Lee,20,,7 de julio de 1940,Corea del Norte
7990,Chi An Li,20,,7 de julio de 1945,Corea del Norte
7991,Dong Woon Li,20,,4 de julio de 1945,Corea del Norte
7992,Zoong Sun Lim,20,,16 de julio de 1943,Corea del Norte
7993,In Guk Mun,20,1.67 m,29 de septiembre de 1978,Corea del Norte
7994,Song Chol Nam,20,1.78 m,7 de mayo de 1982,Corea del Norte
7995,Yoon Kyung Oh,20,,6 de agosto de 1941,Corea del Norte
7996,Chol Jin Pak,20,1.84 m,5 de septiembre de 1985,Corea del Norte
7997,Doo Ik Pak,20,,17 de diciembre de 1943,Corea del Norte
7998,Li Sup Pak,20,,6 de enero de 1944,Corea del Norte
7999,Nam Chol Pak,20,1.83 m,3 de octubre de 1988,Corea del Norte
8000,Seung Zin Pak,20,,11 de enero de 1941,Corea del Norte
8001,Sung Hyok Pak,20,1.75 m,30 de mayo de 1990,Corea del Norte
8002,Chol Myong Ri,20,1.73 m,18 de febrero de 1988,Corea del Norte
8003,Jun Il Ri,20,1.78 m,24 de agosto de 1987,Corea del Norte
8004,Kwang Chon Ri,20,1.83 m,4 de septiembre de 1985,Corea del Norte
8005,Kwang Hyok Ri,20,1.78 m,17 de agosto de 1987,Corea del Norte
8006,Myong Guk Ri,20,1.87 m,9 de septiembre de 1986,Corea del Norte
8007,Chang Kil Ryoo,20,,5 de noviembre de 1940,Corea del Norte
8008,Yung Kyoo Shin,20,,30 de marzo de 1942,Corea del Norte
8009,Seung Kook Yang,20,,19 de agosto de 1944,Corea del Norte
8010,Asmir Avdukic,10,1.90 m,13 de mayo de 1981,Bosnia-Herzegovina
8011,Asmir Begovic,10,1.96 m,20 de junio de 1987,Bosnia-Herzegovina
8012,Muhamed Besic,10,1.80 m,10 de septiembre de 1992,Bosnia-Herzegovina
8013,Ermin Bicakcic,10,1.85 m,24 de enero de 1990,Bosnia-Herzegovina
8014,Edin Dzeko,10,1.93 m,17 de marzo de 1986,Bosnia-Herzegovina
8015,Jasmin Fejzic,10,1.97 m,15 de mayo de 1986,Bosnia-Herzegovina
8016,Anel Hadzic,10,1.86 m,16 de agosto de 1989,Bosnia-Herzegovina
8017,Izet Hajrovic,10,1.77 m,4 de agosto de 1991,Bosnia-Herzegovina
8018,Vedad Ibisevic,10,1.88 m,6 de agosto de 1984,Bosnia-Herzegovina
8019,Senijad Ibricic,10,1.82 m,26 de septiembre de 1985,Bosnia-Herzegovina
8020,Sead Kolasinac,10,1.83 m,20 de junio de 1993,Bosnia-Herzegovina
8021,Senad Lulic,10,1.83 m,18 de junio de 1986,Bosnia-Herzegovina
8022,Haris Medunjanin,10,1.88 m,8 de marzo de 1985,Bosnia-Herzegovina
8023,Zvjezdan Misimovic,10,1.80 m,5 de junio de 1982,Bosnia-Herzegovina
8024,Mensur Mujdza,10,1.84 m,28 de marzo de 1984,Bosnia-Herzegovina
8025,Miralem Pjanic,10,1.80 m,2 de abril de 1990,Bosnia-Herzegovina
8026,Sejad Salihovic,10,1.82 m,8 de octubre de 1984,Bosnia-Herzegovina
8027,Emir Spahic,10,1.83 m,18 de agosto de 1980,Bosnia-Herzegovina
8028,Toni Sunjic,10,1.92 m,15 de diciembre de 1988,Bosnia-Herzegovina
8029,Tino Susic,10,1.86 m,13 de febrero de 1992,Bosnia-Herzegovina
8030,Edin Visca,10,1.72 m,17 de febrero de 1990,Bosnia-Herzegovina
8031,Ognjen Vranjes,10,1.85 m,24 de octubre de 1989,Bosnia-Herzegovina
8032,Avdija Vrsajevic,10,1.79 m,6 de marzo de 1986,Bosnia-Herzegovina
8033,Andre Abegglen,74,,7 de marzo de 1909,Suiza
8034,Paul Aebi,74,,10 de septiembre de 1910,Suiza
8035,Michel Aebischer,74,1.83 m,6 de enero de 1997,Suiza
8036,Georges Aeby,74,,10 de septiembre de 1913,Suiza
8037,Manuel Akanji,74,1.86 m,19 de julio de 1995,Suiza
8038,Toni Allemann,74,,6 de enero de 1936,Suiza
8039,Willy Allemann,74,,10 de junio de 1942,Suiza
8040,Lauro Amado,74,,15 de marzo de 1912,Suiza
8041,Kurt Ambruster,74,,16 de septiembre de 1934,Suiza
8042,Kiki Antenen,74,1.74 m,3 de noviembre de 1929,Suiza
8043,Rene Bader,74,,7 de agosto de 1922,Suiza
8044,Heinz Baeni,74,,18 de noviembre de 1936,Suiza
8045,Erwin Ballabio,74,,20 de octubre de 1918,Suiza
8046,Robert Ballaman,74,,21 de junio de 1926,Suiza
8047,Tranquillo Barnetta,74,1.76 m,22 de mayo de 1985,Suiza
8048,Walter Beerli,74,,23 de julio de 1928,Suiza
8049,Valon Behrami,74,1.84 m,19 de abril de 1985,Suiza
8050,Diego Benaglio,74,1.93 m,8 de septiembre de 1983,Suiza
8051,Fredy Bickel,74,,12 de mayo de 1918,Suiza
8052,Thomas Bickel,74,,6 de octubre de 1963,Suiza
8053,Heinz Bigler,74,,21 de diciembre de 1925,Suiza
8054,Renato Bizzozero,74,,1 de enero de 1912,Suiza
8055,Roger Bocquet,74,,9 de abril de 1921,Suiza
8056,Giuseppe Bossi,74,,29 de agosto de 1911,Suiza
8057,Georges Bregy,74,,17 de enero de 1958,Suiza
8058,Rene Brodmann,74,,25 de octubre de 1933,Suiza
8059,Martin Brunner,74,,23 de abril de 1963,Suiza
8060,Albert Buche,74,,1 de enero de 1911,Suiza
8061,Otto Buehler,74,,,Suiza
8062,Albert Bunjaku,74,1.78 m,29 de noviembre de 1983,Suiza
8063,Roman Bürki,74,1.87 m,14 de noviembre de 1990,Suiza
8064,Ricardo Cabanas,74,1.73 m,17 de enero de 1979,Suiza
8065,Charles Casali,74,,27 de abril de 1923,Suiza
8066,Stephane Chapuisat,74,,28 de junio de 1969,Suiza
8067,Fabio Coltorti,74,1.97 m,3 de diciembre de 1980,Suiza
8068,Eray Cömert,74,1.83 m,4 de febrero de 1998,Suiza
8069,Eugenio Corrodi,74,,2 de julio de 1922,Suiza
8070,David Degen,74,1.83 m,15 de febrero de 1983,Suiza
8071,Philipp Degen,74,1.84 m,15 de febrero de 1983,Suiza
8072,Eren Derdiyok,74,1.90 m,12 de junio de 1988,Suiza
8073,Johan Djourou,74,1.92 m,18 de enero de 1987,Suiza
8074,Josip Drmic,74,1.84 m,8 de agosto de 1992,Suiza
8075,Richard Duerr,74,,1 de diciembre de 1938,Suiza
8076,Blerim Dzemaili,74,1.79 m,12 de abril de 1986,Suiza
8077,Mario Eggimann,74,1.84 m,24 de enero de 1981,Suiza
8078,Oliver Eggimann,74,,28 de enero de 1919,Suiza
8079,Andy Egli,74,,8 de mayo de 1958,Suiza
8080,Walter Eich,74,,27 de mayo de 1925,Suiza
8081,Leo Eichmann,74,,24 de diciembre de 1936,Suiza
8082,Charly Elsener,74,,13 de agosto de 1934,Suiza
8083,Nico Elvedi,74,1.87 m,30 de septiembre de 1996,Suiza
8084,Breel Embolo,74,1.84 m,14 de febrero de 1997,Suiza
8085,Norbert Eschmann,74,,19 de septiembre de 1933,Suiza
8086,Christian Fassnachft,74,1.85 m,11 de noviembre de 1993,Suiza
8087,Jackie Fatton,74,,19 de diciembre de 1925,Suiza
8088,Edimilson Fernandes,74,1.90 m,15 de abril de 1996,Suiza
8089,Gelson Fernandes,74,1.83 m,2 de septiembre de 1986,Suiza
8090,Gilbert Fesselet,74,,16 de abril de 1928,Suiza
8091,Marcel Flueckiger,74,,20 de septiembre de 1929,Suiza
8092,Sebastien Fournier,74,,27 de junio de 1971,Suiza
8093,Alexander Frei,74,1.80 m,15 de julio de 1979,Suiza
8094,Fabian Frei,74,1.83 m,8 de enero de 1989,Suiza
8095,Remo Freuler,74,1.81 m,15 de abril de 1992,Suiza
8096,Ernst Frick,74,,,Suiza
8097,Hans-Peter Friedlaender,74,,6 de noviembre de 1920,Suiza
8098,Alessandro Frigerio,74,,15 de noviembre de 1914,Suiza
8099,Roberto Frigerio,74,,16 de noviembre de 1938,Suiza
8100,Ivo Frosio,74,,27 de abril de 1930,Suiza
8101,Hans-Ruedi Fuhrer,74,,24 de diciembre de 1937,Suiza
8102,Mario Gavranovic,74,1.75 m,24 de noviembre de 1989,Suiza
8103,Alain Geiger,74,,5 de noviembre de 1960,Suiza
8104,Louis Gobet,74,,28 de octubre de 1908,Suiza
8105,Vittore Gottardi,74,,24 de septiembre de 1941,Suiza
8106,Marco Grassi,74,,8 de agosto de 1968,Suiza
8107,Tullio Grassi,74,,5 de febrero de 1910,Suiza
8108,Stephane Grichting,74,1.86 m,30 de marzo de 1979,Suiza
8109,Andre Grobety,74,,22 de junio de 1933,Suiza
8110,Albert Guinchard,74,,10 de noviembre de 1914,Suiza
8111,Daniel Gygax,74,1.79 m,28 de agosto de 1981,Suiza
8112,Ruedi Gyger,74,,16 de abril de 1920,Suiza
8113,Dominique Herr,74,,25 de octubre de 1965,Suiza
8114,Erwin Hochstrasser,74,,,Suiza
8115,Robert Hosp,74,,13 de diciembre de 1939,Suiza
8116,Marc Hottiger,74,,7 de noviembre de 1967,Suiza
8117,Willy Huber,74,,17 de diciembre de 1913,Suiza
8118,Sepp Huegi,74,,23 de enero de 1930,Suiza
8119,Ernst Hufschmid,74,,4 de febrero de 1913,Suiza
8120,Adolphe Hug,74,,23 de septiembre de 1923,Suiza
8121,Benjamin Huggel,74,1.90 m,7 de julio de 1977,Suiza
8122,Gokhan Inler,74,1.83 m,27 de junio de 1984,Suiza
8123,Fernand Jaccard,74,,8 de octubre de 1907,Suiza
8124,Alfred Jaeck,74,,2 de agosto de 1911,Suiza
8125,Willy Jaeggi,74,,28 de julio de 1906,Suiza
8126,Ardon Jashari,74,1.81 m,30 de julio de 2002,Suiza
8127,Fritz Kehl,74,,12 de julio de 1937,Suiza
8128,Willy Kernen,74,,6 de agosto de 1929,Suiza
8129,Leopold Kielholz,74,,9 de junio de 1911,Suiza
8130,Adrian Knup,74,,2 de julio de 1968,Suiza
8131,Gregor Kobel,74,1.94 m,6 de diciembre de 1997,Suiza
8132,Philipp Köhn,74,1.90 m,2 de abril de 1998,Suiza
8133,Fritz Kuenzli,74,,8 de enero de 1946,Suiza
8134,Koebi Kuhn,74,,12 de octubre de 1943,Suiza
8135,Michael Lang,74,1.84 m,8 de febrero de 1991,Suiza
8136,August Lehmann,74,,26 de enero de 1909,Suiza
8137,Stephan Lehmann,74,,15 de agosto de 1963,Suiza
8138,Werner Leimgruber,74,,2 de septiembre de 1934,Suiza
8139,Johnny Leoni,74,1.89 m,30 de junio de 1984,Suiza
8140,Stephan Lichtsteiner,74,1.80 m,16 de enero de 1984,Suiza
8141,Ernst Loertscher,74,,15 de marzo de 1913,Suiza
8142,Edmond Loichot,74,,,Suiza
8143,Gerhard Lusenti,74,,24 de abril de 1921,Suiza
8144,Mauro Lustrinelli,74,1.73 m,26 de febrero de 1976,Suiza
8145,Ludovic Magnin,74,1.86 m,20 de abril de 1979,Suiza
8146,Xavier Margairaz,74,1.85 m,7 de enero de 1984,Suiza
8147,Roger Mathis,74,,4 de abril de 1921,Suiza
8148,Marcel Mauron,74,,25 de marzo de 1929,Suiza
8149,Admir Mehmedi,74,1.78 m,16 de marzo de 1991,Suiza
8150,Eugen Meier,74,,30 de abril de 1930,Suiza
8151,Severino Minelli,74,,6 de septiembre de 1909,Suiza
8152,Fritz Morf,74,,29 de enero de 1928,Suiza
8153,François Moubandje,74,1.82 m,21 de junio de 1990,Suiza
8154,Patrick Mueller,74,1.82 m,17 de diciembre de 1976,Suiza
8155,Yvon Mvogo,74,1.88 m,6 de junio de 1994,Suiza
8156,Andre Neury,74,,3 de septiembre de 1921,Suiza
8157,Blaise Nkufo,74,1.86 m,25 de mayo de 1975,Suiza
8158,Karl Odermatt,74,,17 de diciembre de 1942,Suiza
8159,Christophe Ohrel,74,,7 de abril de 1968,Suiza
8160,Noah Okafor,74,1.85 m,24 de mayo de 2000,Suiza
8161,Jonas Omlin,74,1.90 m,10 de enero de 1994,Suiza
8162,Arnaldo Ortelli,74,,,Suiza
8163,Marco Padalino,74,1.77 m,8 de diciembre de 1983,Suiza
8164,Eugene Parlier,74,,13 de febrero de 1929,Suiza
8165,Marco Pascolo,74,,9 de mayo de 1966,Suiza
8166,Raymond Pasello,74,,12 de enero de 1905,Suiza
8167,Antonio Permunian,74,,16 de agosto de 1930,Suiza
8168,Philippe Pottier,74,,9 de julio de 1938,Suiza
8169,Mario Prosperi,74,,4 de agosto de 1945,Suiza
8170,Rene Quentin,74,,5 de agosto de 1943,Suiza
8171,Yvan Quentin,74,,2 de mayo de 1970,Suiza
8172,Roger Quinche,74,,22 de julio de 1922,Suiza
8173,Oskar Rauch,74,,,Suiza
8174,Gilbert Rey,74,,30 de octubre de 1930,Suiza
8175,Kurt Rey,74,,1 de enero de 1923,Suiza
8176,Fabian Rieder,74,1.81 m,16 de febrero de 2002,Suiza
8177,Ferdinando Riva,74,,3 de julio de 1930,Suiza
8178,Ricardo Rodriguez,74,1.80 m,25 de agosto de 1992,Suiza
8179,Peter Roesch,74,,14 de septiembre de 1930,Suiza
8180,Martin Rueda,74,,9 de enero de 1963,Suiza
8181,Eugen Rupf,74,,,Suiza
8182,Fabian Schär,74,1.86 m,20 de diciembre de 1991,Suiza
8183,Jean-Claude Schindelholz,74,,11 de octubre de 1940,Suiza
8184,Heinz Schneiter,74,,12 de abril de 1935,Suiza
8185,Pirmin Schwegler,74,1.78 m,9 de marzo de 1987,Suiza
8186,Frank Sechehaye,74,,3 de noviembre de 1907,Suiza
8187,Haris Seferovic,74,1.86 m,22 de febrero de 1992,Suiza
8188,Philippe Senderos,74,1.90 m,14 de febrero de 1985,Suiza
8189,Ciriaco Sforza,74,,2 de marzo de 1970,Suiza
8190,Xherdan Shaqiri,74,1.69 m,10 de octubre de 1991,Suiza
8191,Hans Siegenthaler,74,,1 de enero de 1923,Suiza
8192,Felice Soldini,74,,1 de enero de 1915,Suiza
8193,Yann Sommer,74,1.83 m,17 de diciembre de 1988,Suiza
8194,Djibril Sow,74,1.83 m,6 de febrero de 1997,Suiza
8195,Hermann Springer,74,,4 de diciembre de 1908,Suiza
8196,Christoph Spycher,74,1.74 m,30 de marzo de 1978,Suiza
8197,Renato Steffen,74,1.70 m,3 de noviembre de 1991,Suiza
8198,Adolf Stelzer,74,,1 de septiembre de 1908,Suiza
8199,Kurt Stettler,74,,21 de agosto de 1932,Suiza
8200,Xavier Stierli,74,,29 de octubre de 1940,Suiza
8201,Valentin Stocker,74,1.78 m,12 de abril de 1989,Suiza
8202,Marco Streller,74,1.95 m,18 de junio de 1981,Suiza
8203,Georges Stuber,74,,11 de mayo de 1925,Suiza
8204,Juerg Studer,74,,8 de septiembre de 1966,Suiza
8205,Nestor Subiat,74,,23 de abril de 1966,Suiza
8206,Alain Sutter,74,,22 de enero de 1968,Suiza
8207,Patrick Sylvestre,74,,1 de septiembre de 1968,Suiza
8208,Ely Tacchella,74,,25 de mayo de 1936,Suiza
8209,Jean Tamini,74,,9 de diciembre de 1919,Suiza
8210,Rubén Vargas,74,1.79 m,5 de agosto de 1998,Suiza
8211,Sirio Vernati,74,,12 de mayo de 1907,Suiza
8212,Johann Vogel,74,1.75 m,8 de marzo de 1977,Suiza
8213,Steve Von Bergen,74,1.83 m,10 de junio de 1983,Suiza
8214,Willy Von Kaenel,74,,30 de octubre de 1909,Suiza
8215,Marcel Vonlanden,74,,8 de septiembre de 1933,Suiza
8216,Roger Vonlanthen,74,,5 de diciembre de 1930,Suiza
8217,Georges Vuilleumier,74,,21 de septiembre de 1944,Suiza
8218,Fritz Wagner,74,,,Suiza
8219,Eugen Walachek,74,,20 de junio de 1916,Suiza
8220,Hans Weber,74,,8 de septiembre de 1934,Suiza
8221,Max Weiler,74,,25 de septiembre de 1900,Suiza
8222,Walter Weiler,74,,4 de diciembre de 1903,Suiza
8223,Raphael Wicky,74,1.78 m,26 de abril de 1977,Suiza
8224,Silvan Widmer,74,1.83 m,5 de marzo de 1993,Suiza
8225,Marco Woelfli,74,1.85 m,22 de agosto de 1982,Suiza
8226,Rolf Wuethrich,74,,4 de septiembre de 1938,Suiza
8227,Thomas Wyss,74,,29 de agosto de 1966,Suiza
8228,Granit Xhaka,74,1.83 m,27 de septiembre de 1992,Suiza
8229,Hakan Yakin,74,1.80 m,22 de febrero de 1977,Suiza
8230,Denis Zakaria,74,1.89 m,20 de noviembre de 1996,Suiza
8231,Reto Ziegler,74,1.83 m,16 de enero de 1986,Suiza
8232,Steven Zuber,74,1.82 m,17 de agosto de 1991,Suiza
8233,Pascal Zuberbuehler,74,1.97 m,8 de enero de 1971,Suiza
8234,Andre Arendse,72,1.90 m,27 de junio de 1967,Sudáfrica
8235,Brendan Augustine,72,,26 de octubre de 1971,Sudáfrica
8236,Brian Baloyi,72,1.86 m,16 de marzo de 1974,Sudáfrica
8237,Shaun Bartlett,72,,31 de octubre de 1972,Sudáfrica
8238,Matthew Booth,72,1.98 m,14 de marzo de 1977,Sudáfrica
8239,Delron Buckley,72,1.75 m,7 de diciembre de 1977,Sudáfrica
8240,Bradley Carnell,72,1.74 m,21 de enero de 1977,Sudáfrica
8241,Lance Davids,72,1.71 m,11 de abril de 1985,Sudáfrica
8242,Kagisho Dikgacoi,72,1.80 m,24 de noviembre de 1984,Sudáfrica
8243,Paul Evans,72,,28 de diciembre de 1973,Sudáfrica
8244,Mark Fish,72,1.87 m,14 de marzo de 1974,Sudáfrica
8245,Quinton Fortune,72,1.82 m,21 de mayo de 1977,Sudáfrica
8246,Siboniso Gaxa,72,1.78 m,6 de abril de 1984,Sudáfrica
8247,Simon Gopane,72,,26 de diciembre de 1970,Sudáfrica
8248,Pierre Issa,72,1.95 m,11 de septiembre de 1975,Sudáfrica
8249,Willem Jackson,72,,26 de marzo de 1972,Sudáfrica
8250,Moneeb Josephs,72,1.84 m,19 de mayo de 1980,Sudáfrica
8251,Thanduyise Khuboni,72,1.81 m,23 de mayo de 1986,Sudáfrica
8252,Bongani Khumalo,72,1.84 m,6 de enero de 1987,Sudáfrica
8253,Doctor Khumalo,72,,26 de junio de 1967,Sudáfrica
8254,Itumeleng Khune,72,1.80 m,20 de junio de 1987,Sudáfrica
8255,George Koumantarakis,72,1.93 m,27 de marzo de 1974,Sudáfrica
8256,Jacob Lekgetho,72,1.71 m,24 de marzo de 1974,Sudáfrica
8257,Reneilwe Letsholonyane,72,1.73 m,9 de junio de 1982,Sudáfrica
8258,Calvin Marlin,72,1.82 m,20 de abril de 1976,Sudáfrica
8259,Tsepo Masilela,72,1.74 m,5 de mayo de 1985,Sudáfrica
8260,Phil Masinga,72,1.87 m,28 de junio de 1969,Sudáfrica
8261,Benni Mccarthy,72,1.81 m,12 de noviembre de 1977,Sudáfrica
8262,Helman Mkhalele,72,1.75 m,20 de octubre de 1969,Sudáfrica
8263,Thabo Mngomeni,72,1.69 m,24 de junio de 1969,Sudáfrica
8264,Bennett Mnguni,72,1.69 m,18 de marzo de 1974,Sudáfrica
8265,Themba Mnguni,72,,16 de diciembre de 1973,Sudáfrica
8266,Teko Modise,72,1.72 m,22 de diciembre de 1982,Sudáfrica
8267,Aaron Mokoena,72,1.83 m,25 de noviembre de 1980,Sudáfrica
8268,Teboho Mokoena,72,1.79 m,10 de julio de 1974,Sudáfrica
8269,William Mokoena,72,,31 de marzo de 1975,Sudáfrica
8270,Thabang Molefe,72,1.80 m,11 de abril de 1979,Sudáfrica
8271,Surprise Moriri,72,1.73 m,20 de marzo de 1980,Sudáfrica
8272,Lebogang Morula,72,,22 de diciembre de 1968,Sudáfrica
8273,John Moshoeu,72,1.77 m,18 de diciembre de 1965,Sudáfrica
8274,Katlego Mphela,72,1.80 m,29 de noviembre de 1984,Sudáfrica
8275,MacDonald Mukansi,72,1.76 m,26 de mayo de 1975,Sudáfrica
8276,Anele Ngcongca,72,1.77 m,20 de octubre de 1987,Sudáfrica
8277,Siyabonga Nomvethe,72,1.78 m,2 de diciembre de 1977,Sudáfrica
8278,David Nyathi,72,,22 de marzo de 1969,Sudáfrica
8279,Cyril Nzama,72,1.82 m,26 de junio de 1974,Sudáfrica
8280,Bernard Parker,72,1.72 m,16 de marzo de 1986,Sudáfrica
8281,Alfred Phiri,72,,22 de junio de 1974,Sudáfrica
8282,Steven Pienaar,72,1.73 m,17 de marzo de 1982,Sudáfrica
8283,Jabu Pule,72,1.68 m,11 de julio de 1980,Sudáfrica
8284,Lucas Radebe,72,1.85 m,12 de abril de 1969,Sudáfrica
8285,Siyabonga Sangweni,72,1.82 m,29 de septiembre de 1981,Sudáfrica
8286,MacBeth Sibaya,72,1.76 m,25 de noviembre de 1977,Sudáfrica
8287,Jerry Sikhosana,72,,8 de junio de 1969,Sudáfrica
8288,Lucas Thwala,72,1.70 m,19 de octubre de 1981,Sudáfrica
8289,Siphiwe Tshabalala,72,1.70 m,25 de septiembre de 1984,Sudáfrica
8290,Hans Vonk,72,1.96 m,30 de enero de 1970,Sudáfrica
8291,Shu-Aib Walters,72,1.88 m,26 de diciembre de 1981,Sudáfrica
8292,Sibusiso Zuma,72,1.80 m,23 de junio de 1975,Sudáfrica
8293,Nacer Abdellah,55,,3 de marzo de 1966,Marruecos
8294,Zakaria Aboukhlal,55,1.79 m,18 de febrero de 2000,Marruecos
8295,Lahcen Abrami,55,,31 de diciembre de 1969,Marruecos
8296,Nayef Aguerd,55,1.90 m,30 de marzo de 1996,Marruecos
8297,Youssef Aït Bennasser,55,1.84 m,7 de julio de 1996,Marruecos
8298,Ahmed Alaoui,55,,1 de enero de 1949,Marruecos
8299,Selim Amallah,55,1.86 m,15 de noviembre de 1996,Marruecos
8300,Azeddine Amanallah,55,,7 de abril de 1956,Marruecos
8301,Nordin Amrabat,55,1.78 m,31 de marzo de 1987,Marruecos
8302,Sofyan Amrabat,55,1.83 m,21 de agosto de 1996,Marruecos
8303,Gharib Amzine,55,,3 de mayo de 1973,Marruecos
8304,Yahia Attitat-Allal,55,1.76 m,2 de marzo de 1995,Marruecos
8305,Khalil Azmi,55,,23 de agosto de 1964,Marruecos
8306,Rachid Azzouzi,55,,10 de enero de 1971,Marruecos
8307,Ahmed Bahja,55,,21 de diciembre de 1970,Marruecos
8308,Driss Bamous,55,,15 de diciembre de 1942,Marruecos
8309,Salaheddine Bassir,55,,5 de septiembre de 1972,Marruecos
8310,Younès Belhanda,55,1.77 m,25 de febrero de 1990,Marruecos
8311,Allal Ben Kassou,55,,1 de enero de 1941,Marruecos
8312,Driss Ben Zekri,55,,31 de diciembre de 1970,Marruecos
8313,Medhi Benatia,55,1.89 m,17 de abril de 1987,Marruecos
8314,Boujamaa Benkhrif,55,,1 de enero de 1947,Marruecos
8315,Badr Benoun,55,1.88 m,30 de septiembre de 1993,Marruecos
8316,Abdellah Bidar,55,,19 de agosto de 1967,Marruecos
8317,Aziz Bouderbala,55,,26 de diciembre de 1960,Marruecos
8318,Sofiane Boufal,55,1.70 m,17 de septiembre de 1993,Marruecos
8319,Aziz Bouhaddouz,55,1.88 m,30 de marzo de 1987,Marruecos
8320,Yassine Bounou,55,1.90 m,5 de abril de 1991,Marruecos
8321,Mbark Boussoufa,55,1.67 m,17 de agosto de 1984,Marruecos
8322,Khalid Boutaïb,55,1.90 m,24 de abril de 1987,Marruecos
8323,Noureddine Bouyahyaoui,55,,7 de enero de 1955,Marruecos
8324,Abdelmajid Bouyboud,55,,24 de octubre de 1966,Marruecos
8325,Mehdi Carcela-González,55,1.79 m,1 de julio de 1989,Marruecos
8326,Ilias Chair,55,1.64 m,30 de octubre de 1997,Marruecos
8327,Mohammed Chaouch,55,,12 de diciembre de 1966,Marruecos
8328,Walid Cheddira,55,1.87 m,22 de enero de 1998,Marruecos
8329,Said Chiba,55,,28 de septiembre de 1970,Marruecos
8330,Youssef Chippo,55,1.74 m,10 de mayo de 1973,Marruecos
8331,Mustafa Choukri,55,,1 de enero de 1945,Marruecos
8332,Manuel da Costa,55,1.94 m,6 de mayo de 1986,Marruecos
8333,Hadi Dahane,55,,1 de enero de 1946,Marruecos
8334,Rachid Daoudi,55,,21 de febrero de 1966,Marruecos
8335,Achraf Dari,55,1.90 m,6 de mayo de 1999,Marruecos
8336,Said Dghay,55,,14 de enero de 1964,Marruecos
8337,Nabil Dirar,55,1.87 m,25 de febrero de 1986,Marruecos
8338,Abdelmajid Dolmy,55,,19 de abril de 1953,Marruecos
8339,Zakaria El Achraf,55,,17 de junio de 1966,Marruecos
8340,Karim El Ahmadi,55,1.85 m,27 de enero de 1985,Marruecos
8341,Hababi El Arbi,55,,12 de agosto de 1967,Marruecos
8342,Mustafa El Biyaz,55,,12 de diciembre de 1960,Marruecos
8343,Abdelkader El Brazi,55,,5 de noviembre de 1964,Marruecos
8344,Mustapha El Chadili,55,1.70 m,14 de febrero de 1973,Marruecos
8345,Mohamed El Filali,55,,9 de julio de 1945,Marruecos
8346,Mustapha El Hadaoui,55,,28 de julio de 1961,Marruecos
8347,Mohammed El Haddaoui,55,,21 de octubre de 1964,Marruecos
8348,Mustafa El Hadji,55,,16 de noviembre de 1971,Marruecos
8349,Abdelkarim El Hadrioui,55,,6 de marzo de 1972,Marruecos
8350,Ayoub El Kaabi,78,1.82 m,26 de junio de 1993,Túnez
8351,Munir El Kajoui,55,1.90 m,10 de mayo de 1989,Marruecos
8352,Taher El Khalej,55,,16 de junio de 1968,Marruecos
8353,Bilel El Khanouss,55,1.80 m,10 de mayo de 2004,Marruecos
8354,Ali El Khattabi,55,,17 de enero de 1977,Marruecos
8355,Abdelkader El Khyati,55,,1 de enero de 1945,Marruecos
8356,Jawad El-Yamiq,55,1.93 m,29 de febrero de 1992,Marruecos
8357,Youssef En-Nesyri,55,1.88 m,1 de junio de 1997,Marruecos
8358,Abdé Ezzalzouli,55,1.77 m,17 de diciembre de 2001,Marruecos
8359,Jilali Fadili,55,,1 de enero de 1940,Marruecos
8360,Fayçal Fajr,55,1.78 m,1 de agosto de 1988,Marruecos
8361,Ahmed Faras,55,,1 de enero de 1946,Marruecos
8362,Mahjoub Ghazouani,55,,1 de enero de 1948,Marruecos
8363,Abdeljalil Hadda,55,,21 de marzo de 1972,Marruecos
8364,Achraf Hakimi,55,1.81 m,4 de noviembre de 1998,Marruecos
8365,Abderrazak Hamdallah,55,1.79 m,17 de diciembre de 1990,Marruecos
8366,Amine Harit,55,1.80 m,18 de junio de 1997,Marruecos
8367,Mohamed Hazzaz,55,,1 de enero de 1945,Marruecos
8368,Salaheddine Hmied,55,,1 de septiembre de 1961,Marruecos
8369,Abdelfettah Houdani,55,,30 de julio de 1956,Marruecos
8370,Yahya Jabrane,55,1.83 m,18 de junio de 1991,Marruecos
8371,Houmane Jarir,55,,1 de enero de 1945,Marruecos
8372,Fadel Jilal,55,,4 de marzo de 1964,Marruecos
8373,Hassan Kachloul,55,,19 de febrero de 1973,Marruecos
8374,Driss Kanoussi,55,,1 de enero de 1939,Marruecos
8375,Abdelrazzak Khairi,55,,20 de noviembre de 1962,Marruecos
8376,Labid Khalifa,55,,1 de enero de 1955,Marruecos
8377,Abdelkarim Krimau,55,,13 de enero de 1955,Marruecos
8378,Abdelslam Laghrissi,55,,5 de enero de 1962,Marruecos
8379,Abdallah Lamrani,55,,1 de enero de 1946,Marruecos
8380,Abdelmajid Lamriss,55,,12 de febrero de 1959,Marruecos
8381,Mohamed Maaroufi,55,,1 de enero de 1947,Marruecos
8382,Ahmed Masbahi,55,,17 de enero de 1966,Marruecos
8383,Noussair Mazraoui,55,1.83 m,14 de noviembre de 1997,Marruecos
8384,Hamza Mendyl,55,1.79 m,21 de octubre de 1997,Marruecos
8385,Mustafa Merry,55,,21 de abril de 1958,Marruecos
8386,Hassan Nader,55,,8 de julio de 1965,Marruecos
8387,Noureddine Naybet,55,,10 de febrero de 1970,Marruecos
8388,Rachid Neqrouz,55,,10 de abril de 1972,Marruecos
8389,Abderrahim Ouakili,55,,11 de diciembre de 1970,Marruecos
8390,Lahcen Oudani,55,,14 de julio de 1959,Marruecos
8391,Azzedine Ounahi,55,1.82 m,19 de abril de 2000,Marruecos
8392,Abdellah Ouriaghli,55,,1 de enero de 1943,Marruecos
8393,Abdelfettah Rhiati,55,,25 de febrero de 1963,Marruecos
8394,Rachid Rokki,55,,8 de noviembre de 1974,Marruecos
8395,Youssef Rossi,55,,28 de junio de 1973,Marruecos
8396,Abdelilah Saber,55,,21 de abril de 1974,Marruecos
8397,Abdelhamid Sabiri,55,1.86 m,28 de noviembre de 1996,Marruecos
8398,Mohamed Sahil,55,,11 de octubre de 1963,Marruecos
8399,Ghandi Said,55,,1 de enero de 1947,Marruecos
8400,Romain Saïss,55,1.90 m,26 de marzo de 1990,Marruecos
8401,Jamal Salami,55,,6 de octubre de 1970,Marruecos
8402,Mohamed Samadi,55,,21 de marzo de 1970,Marruecos
8403,Kassem Slimani,55,,1 de enero de 1948,Marruecos
8404,Abdel Aziz Soulaymani,55,,30 de abril de 1958,Marruecos
8405,Ahmed Reda Tagnaouti,55,1.86 m,5 de abril de 1996,Marruecos
8406,Mohamed Timoumi,55,,15 de enero de 1960,Marruecos
8407,Smahi Triki,55,,1 de agosto de 1967,Marruecos
8408,Badou Zaki,55,,2 de abril de 1959,Marruecos
8409,Anass Zaroury,55,1.76 m,7 de noviembre de 2000,Marruecos
8410,Hakim Ziyech,55,1.81 m,19 de marzo de 1993,Marruecos
8411,Michael Amir Murillo,61,1.83 m,11 de febrero de 1996,Panamá
8412,Abdiel Arroyo,61,1.87 m,13 de diciembre de 1993,Panamá
8413,Ricardo Ávila,61,,4 de enero de 1997,Panamá
8414,Felipe Baloy,61,1.84 m,24 de febrero de 1981,Panamá
8415,Édgar Joel Bárcenas,61,,23 de octubre de 1993,Panamá
8416,José Calderón,61,1.87 m,14 de agosto de 1985,Panamá
8417,Armando Cooper,61,1.73 m,26 de noviembre de 1987,Panamá
8418,Harold Cummings,61,1.80 m,3 de enero de 1992,Panamá
8419,Erick Davis,61,1.79 m,31 de marzo de 1991,Panamá
8420,Ismael Díaz,61,1.81 m,12 de mayo de 1997,Panamá
8421,Fidel Escobar,61,1.81 m,9 de enero de 1995,Panamá
8422,Aníbal Godoy,61,1.82 m,10 de febrero de 1990,Panamá
8423,Gabriel Enrique Gómez,61,1.83 m,29 de mayo de 1984,Panamá
8424,Adolfo Machado,61,1.83 m,14 de febrero de 1985,Panamá
8425,Luis Ovalle,61,1.77 m,7 de septiembre de 1988,Panamá
8426,Jaime Penedo,61,1.86 m,26 de septiembre de 1981,Panamá
8427,Blas Pérez,61,1.87 m,13 de marzo de 1981,Panamá
8428,Valentín Pimentel,61,1.85 m,30 de mayo de 1991,Panamá
8429,Álex Rodríguez,61,1.97 m,5 de agosto de 1990,Panamá
8430,José Luis Rodríguez,61,1.83 m,14 de marzo de 1997,Panamá
8431,Luis Tejada,61,1.84 m,28 de marzo de 1982,Panamá
8432,Gabriel Torres,61,1.80 m,31 de octubre de 1988,Panamá
8433,Román Torres,61,1.88 m,20 de marzo de 1986,Panamá
8434,Ricardo,65,,,Portugal
